ISO-10303-21;
HEADER;
FILE_DESCRIPTION (( 'STEP AP214' ),
    '1' );
FILE_NAME ('PD15-motor-gear.STEP',
    '2025-03-22T09:03:58',
    ( '' ),
    ( '' ),
    'SwSTEP 2.0',
    'SolidWorks 2023',
    '' );
FILE_SCHEMA (( 'AUTOMOTIVE_DESIGN' ));
ENDSEC;

DATA;
#1 = CARTESIAN_POINT ( 'NONE',  ( 6.969229953101029551, -1.322523984876490033, -15.00000000000000000 ) ) ;
#2 = CARTESIAN_POINT ( 'NONE',  ( 4.532886174746730390, 7.109941355349180370, -14.50704638601669849 ) ) ;
#3 = EDGE_LOOP ( 'NONE', ( #3767, #1672, #1541, #3235 ) ) ;
#4 = VERTEX_POINT ( 'NONE', #3917 ) ;
#5 = CARTESIAN_POINT ( 'NONE',  ( 1.862376391315335278, -5.953531406825176120, -5.000000000000000888 ) ) ;
#6 = EDGE_CURVE ( 'NONE', #2757, #1610, #396, .T. ) ;
#7 = DIRECTION ( 'NONE',  ( 1.000000000000000000, 2.208718528794109349E-15, 0.000000000000000000 ) ) ;
#8 = DIRECTION ( 'NONE',  ( 1.000000000000000000, 0.000000000000000000, 0.000000000000000000 ) ) ;
#9 = VERTEX_POINT ( 'NONE', #2867 ) ;
#10 = CARTESIAN_POINT ( 'NONE',  ( 3.585325031558973752, -7.296096547641658603, -14.81014041400566938 ) ) ;
#11 = CARTESIAN_POINT ( 'NONE',  ( 8.239838897040250743, 2.086876841316385178, -14.43900000000000006 ) ) ;
#12 = EDGE_CURVE ( 'NONE', #791, #1025, #3722, .T. ) ;
#13 = PLANE ( 'NONE',  #1596 ) ;
#14 = LINE ( 'NONE', #2611, #566 ) ;
#15 = EDGE_CURVE ( 'NONE', #218, #2982, #4635, .T. ) ;
#16 = ORIENTED_EDGE ( 'NONE', *, *, #2533, .T. ) ;
#17 = CARTESIAN_POINT ( 'NONE',  ( 0.4254643228622810858, 8.305896412373845905, -14.62314041400569664 ) ) ;
#18 = DIRECTION ( 'NONE',  ( 0.000000000000000000, 0.000000000000000000, 1.000000000000000000 ) ) ;
#19 = VERTEX_POINT ( 'NONE', #1789 ) ;
#20 = VERTEX_POINT ( 'NONE', #3586 ) ;
#21 = CARTESIAN_POINT ( 'NONE',  ( 4.465635348757585277, 4.372710936241579915, -15.00000000000000000 ) ) ;
#22 = AXIS2_PLACEMENT_3D ( 'NONE', #3212, #4574, #548 ) ;
#23 = CARTESIAN_POINT ( 'NONE',  ( 4.532886174746259655, -7.069293181989130481, -14.54126440246398033 ) ) ;
#24 = DIRECTION ( 'NONE',  ( 1.000000000000000000, 0.000000000000000000, 0.000000000000000000 ) ) ;
#25 = ORIENTED_EDGE ( 'NONE', *, *, #268, .T. ) ;
#26 = ORIENTED_EDGE ( 'NONE', *, *, #874, .T. ) ;
#27 = CARTESIAN_POINT ( 'NONE',  ( 1.389122964818612971, -9.903220017974144085, 2.800798336788065779 ) ) ;
#28 = ADVANCED_FACE ( 'NONE', ( #3609 ), #2129, .F. ) ;
#29 = CARTESIAN_POINT ( 'NONE',  ( -3.023005683202877325, -7.546457251832266344, -14.81014041400708869 ) ) ;
#30 = DIRECTION ( 'NONE',  ( 0.000000000000000000, 0.000000000000000000, -1.000000000000000000 ) ) ;
#31 = ORIENTED_EDGE ( 'NONE', *, *, #3138, .F. ) ;
#32 = AXIS2_PLACEMENT_3D ( 'NONE', #3375, #93, #2283 ) ;
#33 = FACE_OUTER_BOUND ( 'NONE', #3177, .T. ) ;
#34 = EDGE_CURVE ( 'NONE', #4439, #2494, #983, .T. ) ;
#35 = FACE_OUTER_BOUND ( 'NONE', #3562, .T. ) ;
#36 = DIRECTION ( 'NONE',  ( -1.000000000000000000, 0.000000000000000000, 0.000000000000000000 ) ) ;
#37 = AXIS2_PLACEMENT_3D ( 'NONE', #1728, #1889, #1535 ) ;
#38 = ADVANCED_FACE ( 'NONE', ( #2822 ), #3988, .T. ) ;
#39 = VERTEX_POINT ( 'NONE', #1081 ) ;
#40 = DIRECTION ( 'NONE',  ( 1.000000000000000000, 0.000000000000000000, 0.000000000000000000 ) ) ;
#41 = DIRECTION ( 'NONE',  ( 1.000000000000000000, 0.000000000000000000, 0.000000000000000000 ) ) ;
#42 = ORIENTED_EDGE ( 'NONE', *, *, #585, .F. ) ;
#43 = VERTEX_POINT ( 'NONE', #4320 ) ;
#44 = DIRECTION ( 'NONE',  ( 0.000000000000000000, 0.000000000000000000, 1.000000000000000000 ) ) ;
#45 = LINE ( 'NONE', #4048, #859 ) ;
#46 = CARTESIAN_POINT ( 'NONE',  ( 1.959434962479250458E-16, -2.149999999999999911, 0.3999999999999990785 ) ) ;
#47 = ORIENTED_EDGE ( 'NONE', *, *, #2800, .F. ) ;
#48 = VECTOR ( 'NONE', #1561, 1000.000000000000000 ) ;
#49 = ORIENTED_EDGE ( 'NONE', *, *, #2089, .F. ) ;
#50 = FACE_OUTER_BOUND ( 'NONE', #3766, .T. ) ;
#51 = AXIS2_PLACEMENT_3D ( 'NONE', #4585, #1321, #3918 ) ;
#52 = CARTESIAN_POINT ( 'NONE',  ( 0.000000000000000000, 0.000000000000000000, -5.000000000000000888 ) ) ;
#53 = DIRECTION ( 'NONE',  ( 0.000000000000000000, 0.000000000000000000, 1.000000000000000000 ) ) ;
#54 = ORIENTED_EDGE ( 'NONE', *, *, #1677, .F. ) ;
#55 = CIRCLE ( 'NONE', #4410, 0.3926990816987240285 ) ;
#56 = ADVANCED_FACE ( 'NONE', ( #3535 ), #3558, .F. ) ;
#57 = VECTOR ( 'NONE', #1790, 1000.000000000000000 ) ;
#58 = CARTESIAN_POINT ( 'NONE',  ( 3.962676671440417131, -7.519786805330449297, -5.000000000000000888 ) ) ;
#59 = CARTESIAN_POINT ( 'NONE',  ( -8.493664740179520223, -0.3281147382110399802, -14.43900000000000006 ) ) ;
#60 = CIRCLE ( 'NONE', #3271, 2.149999999999999911 ) ;
#61 = CIRCLE ( 'NONE', #759, 0.3926990816987240285 ) ;
#62 = FACE_OUTER_BOUND ( 'NONE', #1522, .T. ) ;
#63 = ADVANCED_FACE ( 'NONE', ( #275 ), #708, .F. ) ;
#64 = ORIENTED_EDGE ( 'NONE', *, *, #4042, .T. ) ;
#65 = AXIS2_PLACEMENT_3D ( 'NONE', #2316, #4522, #3769 ) ;
#66 = CIRCLE ( 'NONE', #2750, 3.946090011793463415 ) ;
#67 = CARTESIAN_POINT ( 'NONE',  ( -0.7612021176879769646, 6.586866130225329741, -15.00000000000000000 ) ) ;
#68 = FACE_OUTER_BOUND ( 'NONE', #4465, .T. ) ;
#69 = EDGE_CURVE ( 'NONE', #4404, #1595, #252, .T. ) ;
#70 = CIRCLE ( 'NONE', #4350, 0.3926990816987240285 ) ;
#71 = AXIS2_PLACEMENT_3D ( 'NONE', #2558, #402, #4388 ) ;
#72 = ORIENTED_EDGE ( 'NONE', *, *, #611, .F. ) ;
#73 = ORIENTED_EDGE ( 'NONE', *, *, #1933, .F. ) ;
#74 = CARTESIAN_POINT ( 'NONE',  ( -0.4147357452436849501, -9.991920949646090122, 3.548834814218901457 ) ) ;
#75 = CYLINDRICAL_SURFACE ( 'NONE', #2753, 0.3926990816987240285 ) ;
#76 = ORIENTED_EDGE ( 'NONE', *, *, #3696, .T. ) ;
#77 = ORIENTED_EDGE ( 'NONE', *, *, #3483, .T. ) ;
#78 = CARTESIAN_POINT ( 'NONE',  ( 3.411405546988540038, -6.219449173660800412, -15.00000000000000000 ) ) ;
#79 = CARTESIAN_POINT ( 'NONE',  ( 0.000000000000000000, 0.000000000000000000, 9.000000000000000000 ) ) ;
#80 = ORIENTED_EDGE ( 'NONE', *, *, #2944, .F. ) ;
#81 = FACE_OUTER_BOUND ( 'NONE', #2028, .T. ) ;
#82 = LINE ( 'NONE', #809, #2825 ) ;
#83 = EDGE_CURVE ( 'NONE', #2461, #1629, #2336, .T. ) ;
#84 = CARTESIAN_POINT ( 'NONE',  ( -6.471215300770750467, 1.445547167183711901, -15.00000000000000000 ) ) ;
#85 = VERTEX_POINT ( 'NONE', #2555 ) ;
#86 = CARTESIAN_POINT ( 'NONE',  ( 0.8958154394416970590, -7.036813947251419954, -15.00000000000000000 ) ) ;
#87 = DIRECTION ( 'NONE',  ( 1.000000000000000000, 0.000000000000000000, 0.000000000000000000 ) ) ;
#88 = ADVANCED_FACE ( 'NONE', ( #876 ), #2668, .F. ) ;
#89 = ORIENTED_EDGE ( 'NONE', *, *, #792, .F. ) ;
#90 = VECTOR ( 'NONE', #4473, 1000.000000000000114 ) ;
#91 = VERTEX_POINT ( 'NONE', #1103 ) ;
#92 = DIRECTION ( 'NONE',  ( 1.000000000000000000, 0.000000000000000000, 0.000000000000000000 ) ) ;
#93 = DIRECTION ( 'NONE',  ( 0.000000000000000000, 0.000000000000000000, 1.000000000000000000 ) ) ;
#94 = DIRECTION ( 'NONE',  ( 1.000000000000000000, 2.208718528794109349E-15, 0.000000000000000000 ) ) ;
#95 = ORIENTED_EDGE ( 'NONE', *, *, #507, .T. ) ;
#96 = ORIENTED_EDGE ( 'NONE', *, *, #4441, .T. ) ;
#97 = CARTESIAN_POINT ( 'NONE',  ( -5.404339115359469758, 3.841790312820034803, -5.000000000000000000 ) ) ;
#98 = EDGE_CURVE ( 'NONE', #770, #760, #1648, .T. ) ;
#99 = AXIS2_PLACEMENT_3D ( 'NONE', #3600, #362, #411 ) ;
#100 = ADVANCED_FACE ( 'NONE', ( #120 ), #3768, .F. ) ;
#101 = DIRECTION ( 'NONE',  ( 0.000000000000000000, 0.000000000000000000, 1.000000000000000000 ) ) ;
#102 = CARTESIAN_POINT ( 'NONE',  ( -0.2352398704041575028, -6.552577633207929075, -15.00000000000000000 ) ) ;
#103 = ORIENTED_EDGE ( 'NONE', *, *, #157, .T. ) ;
#104 = CARTESIAN_POINT ( 'NONE',  ( -7.914448380790339854, -0.6238812609826109856, -15.00000000000000000 ) ) ;
#105 = CARTESIAN_POINT ( 'NONE',  ( 0.5615124314548803897, -8.481432885386860576, -5.000000000000000888 ) ) ;
#106 = CARTESIAN_POINT ( 'NONE',  ( -4.629954344567809521, -5.374268191762659796, -15.00000000000000000 ) ) ;
#107 = VERTEX_POINT ( 'NONE', #4119 ) ;
#108 = DIRECTION ( 'NONE',  ( 0.000000000000000000, 0.000000000000000000, 1.000000000000000000 ) ) ;
#109 = AXIS2_PLACEMENT_3D ( 'NONE', #2915, #781, #3986 ) ;
#110 = DIRECTION ( 'NONE',  ( 0.000000000000000000, 0.000000000000000000, 1.000000000000000000 ) ) ;
#111 = VERTEX_POINT ( 'NONE', #4471 ) ;
#112 = VECTOR ( 'NONE', #3824, 1000.000000000000000 ) ;
#113 = VERTEX_POINT ( 'NONE', #148 ) ;
#114 = CARTESIAN_POINT ( 'NONE',  ( -0.2099942783679930314, -9.998319479063068727, 3.589590331869202178 ) ) ;
#115 = EDGE_CURVE ( 'NONE', #1052, #1488, #1659, .T. ) ;
#116 = DIRECTION ( 'NONE',  ( 0.000000000000000000, 0.000000000000000000, 1.000000000000000000 ) ) ;
#117 = CARTESIAN_POINT ( 'NONE',  ( 6.029257564594869834, 2.759399808157179557, -15.00000000000000000 ) ) ;
#118 = VERTEX_POINT ( 'NONE', #2315 ) ;
#119 = ORIENTED_EDGE ( 'NONE', *, *, #1250, .F. ) ;
#120 = FACE_OUTER_BOUND ( 'NONE', #4403, .T. ) ;
#121 = EDGE_CURVE ( 'NONE', #2587, #3378, #1949, .T. ) ;
#122 = DIRECTION ( 'NONE',  ( 1.000000000000000000, 0.000000000000000000, 0.000000000000000000 ) ) ;
#123 = EDGE_CURVE ( 'NONE', #3294, #285, #198, .T. ) ;
#124 = CARTESIAN_POINT ( 'NONE',  ( -5.023920847060117545, -6.391228343355195740, -14.81014041400566050 ) ) ;
#125 = CIRCLE ( 'NONE', #2348, 0.3926990816987240285 ) ;
#126 = ORIENTED_EDGE ( 'NONE', *, *, #4572, .T. ) ;
#127 = AXIS2_PLACEMENT_3D ( 'NONE', #4019, #2212, #3252 ) ;
#128 = DIRECTION ( 'NONE',  ( 1.000000000000000000, 0.000000000000000000, 0.000000000000000000 ) ) ;
#129 = CARTESIAN_POINT ( 'NONE',  ( 4.497521211351299897, 6.542172724213670243, -15.00000000000000000 ) ) ;
#130 = DIRECTION ( 'NONE',  ( 0.000000000000000000, 0.000000000000000000, -1.000000000000000000 ) ) ;
#131 = ORIENTED_EDGE ( 'NONE', *, *, #3839, .F. ) ;
#132 = DIRECTION ( 'NONE',  ( -0.3090169943749452308, 0.9510565162951544194, 0.000000000000000000 ) ) ;
#133 = CIRCLE ( 'NONE', #4723, 3.946090011793466523 ) ;
#134 = AXIS2_PLACEMENT_3D ( 'NONE', #3611, #1771, #3941 ) ;
#135 = CYLINDRICAL_SURFACE ( 'NONE', #4043, 3.946090011793464747 ) ;
#136 = ORIENTED_EDGE ( 'NONE', *, *, #3788, .F. ) ;
#137 = AXIS2_PLACEMENT_3D ( 'NONE', #3030, #3431, #2625 ) ;
#138 = CIRCLE ( 'NONE', #4651, 1.074999999999999956 ) ;
#139 = ORIENTED_EDGE ( 'NONE', *, *, #2490, .T. ) ;
#140 = CARTESIAN_POINT ( 'NONE',  ( -7.630896283213330022, -2.803034485918741048, -14.81014041400708336 ) ) ;
#141 = CARTESIAN_POINT ( 'NONE',  ( 1.983727081235760137, 6.327010427417840255, -5.000000000000000000 ) ) ;
#142 = AXIS2_PLACEMENT_3D ( 'NONE', #3909, #1661, #1690 ) ;
#143 = VECTOR ( 'NONE', #2519, 1000.000000000000000 ) ;
#144 = LINE ( 'NONE', #2735, #1154 ) ;
#145 = EDGE_CURVE ( 'NONE', #714, #4018, #2882, .T. ) ;
#146 = ORIENTED_EDGE ( 'NONE', *, *, #3134, .F. ) ;
#147 = ORIENTED_EDGE ( 'NONE', *, *, #855, .F. ) ;
#148 = CARTESIAN_POINT ( 'NONE',  ( 4.530988068736630403, -7.191672067118070721, -14.43900000000000006 ) ) ;
#149 = FACE_OUTER_BOUND ( 'NONE', #4592, .T. ) ;
#150 = LINE ( 'NONE', #439, #410 ) ;
#151 = EDGE_LOOP ( 'NONE', ( #321, #1603, #3965, #4667, #2275 ) ) ;
#152 = EDGE_CURVE ( 'NONE', #718, #635, #3074, .T. ) ;
#153 = CARTESIAN_POINT ( 'NONE',  ( -6.541967359745210153, 2.742608045966909991, -15.00000000000000000 ) ) ;
#154 = CARTESIAN_POINT ( 'NONE',  ( -1.132258180102180045, -6.458297209747799528, -15.00000000000000000 ) ) ;
#155 = CARTESIAN_POINT ( 'NONE',  ( -8.493664740175329797, 0.3281147382137464819, -14.43900000000409989 ) ) ;
#156 = ORIENTED_EDGE ( 'NONE', *, *, #1513, .F. ) ;
#157 = EDGE_CURVE ( 'NONE', #537, #4227, #4521, .T. ) ;
#158 = CARTESIAN_POINT ( 'NONE',  ( 4.385651846219070116, 4.973157142624549998, -5.000000000000000000 ) ) ;
#159 = DIRECTION ( 'NONE',  ( 0.000000000000000000, 0.000000000000000000, -1.000000000000000000 ) ) ;
#160 = ADVANCED_FACE ( 'NONE', ( #2714 ), #898, .F. ) ;
#161 = ORIENTED_EDGE ( 'NONE', *, *, #3367, .T. ) ;
#162 = VERTEX_POINT ( 'NONE', #170 ) ;
#163 = B_SPLINE_CURVE_WITH_KNOTS ( 'NONE', 3,
 ( #104, #2609, #1221, #4478 ),
 .UNSPECIFIED., .F., .F.,
 ( 4, 4 ),
 ( 0.000000000000000000, 1.000000000000000000 ),
 .UNSPECIFIED. ) ;
#164 = B_SPLINE_CURVE_WITH_KNOTS ( 'NONE', 3,
 ( #4434, #1174, #1216, #4076 ),
 .UNSPECIFIED., .F., .F.,
 ( 4, 4 ),
 ( 0.000000000000000000, 1.000000000000000000 ),
 .UNSPECIFIED. ) ;
#165 = CARTESIAN_POINT ( 'NONE',  ( 0.000000000000000000, 0.000000000000000000, 6.999999999999999112 ) ) ;
#166 = CARTESIAN_POINT ( 'NONE',  ( 4.532886174746259655, -7.069293181989130481, -14.54126440246398033 ) ) ;
#167 = CARTESIAN_POINT ( 'NONE',  ( 0.000000000000000000, -10.00000000000000000, 3.599999999999999201 ) ) ;
#168 = ORIENTED_EDGE ( 'NONE', *, *, #4575, .F. ) ;
#169 = VERTEX_POINT ( 'NONE', #4386 ) ;
#170 = CARTESIAN_POINT ( 'NONE',  ( 8.376276677047611585, 1.444987553423326077, -14.43900000000000006 ) ) ;
#171 = VECTOR ( 'NONE', #1908, 1000.000000000000000 ) ;
#172 = LINE ( 'NONE', #4214, #3742 ) ;
#173 = CARTESIAN_POINT ( 'NONE',  ( 6.237650794268060572, -0.06851717849924819637, -15.00000000000000000 ) ) ;
#174 = ORIENTED_EDGE ( 'NONE', *, *, #2843, .F. ) ;
#175 = EDGE_CURVE ( 'NONE', #4404, #460, #125, .T. ) ;
#176 = VECTOR ( 'NONE', #774, 1000.000000000000114 ) ;
#177 = CARTESIAN_POINT ( 'NONE',  ( 0.000000000000000000, 0.000000000000000000, -15.00000000000000000 ) ) ;
#178 = CARTESIAN_POINT ( 'NONE',  ( -5.557078755425679084, 3.480012520356949857, -15.00000000000000000 ) ) ;
#179 = CARTESIAN_POINT ( 'NONE',  ( -3.178163014310035006, -5.367705458522690876, -15.00000000000000000 ) ) ;
#180 = AXIS2_PLACEMENT_3D ( 'NONE', #1827, #2526, #389 ) ;
#181 = ORIENTED_EDGE ( 'NONE', *, *, #3696, .F. ) ;
#182 = CARTESIAN_POINT ( 'NONE',  ( 6.904627332918099825, 1.626455416940325138, -15.00000000000000000 ) ) ;
#183 = DIRECTION ( 'NONE',  ( 0.000000000000000000, 0.000000000000000000, 1.000000000000000000 ) ) ;
#184 = ORIENTED_EDGE ( 'NONE', *, *, #3165, .F. ) ;
#185 = CARTESIAN_POINT ( 'NONE',  ( 0.000000000000000000, 0.000000000000000000, -3.000000000000000888 ) ) ;
#186 = DIRECTION ( 'NONE',  ( -1.000000000000000000, 0.000000000000000000, -0.000000000000000000 ) ) ;
#187 = AXIS2_PLACEMENT_3D ( 'NONE', #1187, #474, #2687 ) ;
#188 = PLANE ( 'NONE',  #1725 ) ;
#189 = VECTOR ( 'NONE', #2343, 1000.000000000000000 ) ;
#190 = ORIENTED_EDGE ( 'NONE', *, *, #3554, .T. ) ;
#191 = ORIENTED_EDGE ( 'NONE', *, *, #4391, .T. ) ;
#192 = LINE ( 'NONE', #3183, #431 ) ;
#193 = CARTESIAN_POINT ( 'NONE',  ( -6.087097636196789452, -1.363900437125062037, -5.000000000000000000 ) ) ;
#194 = CARTESIAN_POINT ( 'NONE',  ( 2.149999999999999911, 0.000000000000000000, -5.000000000000000888 ) ) ;
#195 = DIRECTION ( 'NONE',  ( 1.000000000000000000, 0.000000000000000000, 0.000000000000000000 ) ) ;
#196 = ORIENTED_EDGE ( 'NONE', *, *, #4482, .T. ) ;
#197 = CARTESIAN_POINT ( 'NONE',  ( 1.214147014145556147, -8.412838226665328989, -14.43900000000000006 ) ) ;
#198 = CIRCLE ( 'NONE', #979, 0.3926990816987240285 ) ;
#199 = CARTESIAN_POINT ( 'NONE',  ( 6.678658115146498098, -5.257901271513936159, -5.000000000000000888 ) ) ;
#200 = CARTESIAN_POINT ( 'NONE',  ( 6.969229953101029551, -1.322523984876490033, -5.000000000000000000 ) ) ;
#201 = EDGE_CURVE ( 'NONE', #2494, #9, #276, .T. ) ;
#202 = VECTOR ( 'NONE', #1825, 1000.000000000000000 ) ;
#203 = VERTEX_POINT ( 'NONE', #1841 ) ;
#204 = DIRECTION ( 'NONE',  ( 0.000000000000000000, 0.000000000000000000, 1.000000000000000000 ) ) ;
#205 = DIRECTION ( 'NONE',  ( 1.000000000000000000, 0.000000000000000000, 0.000000000000000000 ) ) ;
#206 = VECTOR ( 'NONE', #1846, 1000.000000000000000 ) ;
#207 = ADVANCED_FACE ( 'NONE', ( #2939 ), #2580, .T. ) ;
#208 = ORIENTED_EDGE ( 'NONE', *, *, #1452, .T. ) ;
#209 = CONICAL_SURFACE ( 'NONE', #1747, 8.500000000000000000, 0.7853981633974476129 ) ;
#210 = CIRCLE ( 'NONE', #991, 3.946090011793464747 ) ;
#211 = CARTESIAN_POINT ( 'NONE',  ( 7.064380123508779974, -4.727000472876450310, -14.43900000000000006 ) ) ;
#212 = EDGE_CURVE ( 'NONE', #3495, #1030, #4169, .T. ) ;
#213 = DIRECTION ( 'NONE',  ( -1.000000000000000000, 0.000000000000000000, 0.000000000000000000 ) ) ;
#214 = DIRECTION ( 'NONE',  ( 0.000000000000000000, 0.000000000000000000, 1.000000000000000000 ) ) ;
#215 = AXIS2_PLACEMENT_3D ( 'NONE', #2697, #509, #4458 ) ;
#216 = VECTOR ( 'NONE', #2102, 1000.000000000000000 ) ;
#217 = VERTEX_POINT ( 'NONE', #1330 ) ;
#218 = VERTEX_POINT ( 'NONE', #3118 ) ;
#219 = FACE_OUTER_BOUND ( 'NONE', #1329, .T. ) ;
#220 = CIRCLE ( 'NONE', #1150, 7.939000000000000057 ) ;
#221 = FACE_OUTER_BOUND ( 'NONE', #4636, .T. ) ;
#222 = DIRECTION ( 'NONE',  ( -0.000000000000000000, -0.000000000000000000, -1.000000000000000000 ) ) ;
#223 = AXIS2_PLACEMENT_3D ( 'NONE', #4468, #1946, #498 ) ;
#224 = ORIENTED_EDGE ( 'NONE', *, *, #175, .F. ) ;
#225 = B_SPLINE_CURVE_WITH_KNOTS ( 'NONE', 3,
 ( #345, #1860, #1428, #1457 ),
 .UNSPECIFIED., .F., .F.,
 ( 4, 4 ),
 ( 0.000000000000000000, 1.000000000000000000 ),
 .UNSPECIFIED. ) ;
#226 = CYLINDRICAL_SURFACE ( 'NONE', #1675, 0.3926990816987240285 ) ;
#227 = FACE_OUTER_BOUND ( 'NONE', #2364, .T. ) ;
#228 = DIRECTION ( 'NONE',  ( 1.000000000000000000, 1.758422611539355371E-15, 0.000000000000000000 ) ) ;
#229 = ORIENTED_EDGE ( 'NONE', *, *, #3303, .F. ) ;
#230 = DIRECTION ( 'NONE',  ( 1.000000000000000000, 0.000000000000000000, 0.000000000000000000 ) ) ;
#231 = ADVANCED_FACE ( 'NONE', ( #949, #4258 ), #263, .F. ) ;
#232 = LINE ( 'NONE', #561, #587 ) ;
#233 = ORIENTED_EDGE ( 'NONE', *, *, #2727, .T. ) ;
#234 = CARTESIAN_POINT ( 'NONE',  ( 5.726245996640177971, 2.474487587551114753, -5.000000000000000888 ) ) ;
#235 = ADVANCED_FACE ( 'NONE', ( #1707 ), #3161, .F. ) ;
#236 = CARTESIAN_POINT ( 'NONE',  ( -5.026920358780640363, 4.209712952485149984, -15.00000000000000000 ) ) ;
#237 = CARTESIAN_POINT ( 'NONE',  ( -0.6249184492353510034, -6.601190120977240561, -5.000000000000000000 ) ) ;
#238 = VERTEX_POINT ( 'NONE', #569 ) ;
#239 = ORIENTED_EDGE ( 'NONE', *, *, #4575, .T. ) ;
#240 = DIRECTION ( 'NONE',  ( -0.000000000000000000, -0.000000000000000000, -1.000000000000000000 ) ) ;
#241 = EDGE_CURVE ( 'NONE', #1999, #4265, #1281, .T. ) ;
#242 = CARTESIAN_POINT ( 'NONE',  ( 6.084994458946489715, 2.634212693780230374, -15.00000000000000000 ) ) ;
#243 = DIRECTION ( 'NONE',  ( -1.000000000000000000, 0.000000000000000000, 0.000000000000000000 ) ) ;
#244 = DIRECTION ( 'NONE',  ( -0.2079116908177534306, 0.9781476007338067991, 0.000000000000000000 ) ) ;
#245 = ORIENTED_EDGE ( 'NONE', *, *, #2034, .F. ) ;
#246 = AXIS2_PLACEMENT_3D ( 'NONE', #795, #4068, #1585 ) ;
#247 = EDGE_CURVE ( 'NONE', #1065, #2724, #3499, .T. ) ;
#248 = DIRECTION ( 'NONE',  ( 1.000000000000000000, -1.758422611539354977E-15, 0.000000000000000000 ) ) ;
#249 = CARTESIAN_POINT ( 'NONE',  ( -0.8267045338838847623, -1.995098842211721291, 0.6138776381882199429 ) ) ;
#250 = CARTESIAN_POINT ( 'NONE',  ( 2.301019120997975342, 5.811007744341909032, -15.00000000000000000 ) ) ;
#251 = VERTEX_POINT ( 'NONE', #619 ) ;
#252 = LINE ( 'NONE', #1718, #3648 ) ;
#253 = FACE_OUTER_BOUND ( 'NONE', #1664, .T. ) ;
#254 = CARTESIAN_POINT ( 'NONE',  ( 1.592456809767610615, -6.360478971340859822, -5.000000000000000888 ) ) ;
#255 = ORIENTED_EDGE ( 'NONE', *, *, #3407, .T. ) ;
#256 = DIRECTION ( 'NONE',  ( 0.000000000000000000, 0.000000000000000000, 1.000000000000000000 ) ) ;
#257 = DIRECTION ( 'NONE',  ( 1.000000000000000000, 0.000000000000000000, 0.000000000000000000 ) ) ;
#258 = DIRECTION ( 'NONE',  ( 0.000000000000000000, 0.000000000000000000, -1.000000000000000000 ) ) ;
#259 = ORIENTED_EDGE ( 'NONE', *, *, #864, .T. ) ;
#260 = EDGE_CURVE ( 'NONE', #238, #2390, #4617, .T. ) ;
#261 = AXIS2_PLACEMENT_3D ( 'NONE', #1359, #1408, #1716 ) ;
#262 = ORIENTED_EDGE ( 'NONE', *, *, #4536, .F. ) ;
#263 = CYLINDRICAL_SURFACE ( 'NONE', #3333, 2.149999999999999911 ) ;
#264 = LINE ( 'NONE', #2786, #2936 ) ;
#265 = CIRCLE ( 'NONE', #1045, 0.3926990816987240285 ) ;
#266 = LINE ( 'NONE', #2459, #4270 ) ;
#267 = DIRECTION ( 'NONE',  ( 0.000000000000000000, 0.000000000000000000, 1.000000000000000000 ) ) ;
#268 = EDGE_CURVE ( 'NONE', #885, #4409, #192, .T. ) ;
#269 = ORIENTED_EDGE ( 'NONE', *, *, #2877, .F. ) ;
#270 = CARTESIAN_POINT ( 'NONE',  ( 1.447748701012486094, 7.805878854985949467, -15.00000000000000000 ) ) ;
#271 = ADVANCED_FACE ( 'NONE', ( #3836 ), #597, .F. ) ;
#272 = DIRECTION ( 'NONE',  ( 1.000000000000000000, 0.000000000000000000, 0.000000000000000000 ) ) ;
#273 = DIRECTION ( 'NONE',  ( 1.000000000000000000, -2.657364479955413026E-15, 0.000000000000000000 ) ) ;
#274 = EDGE_LOOP ( 'NONE', ( #1964, #49, #4104, #3756 ) ) ;
#275 = FACE_OUTER_BOUND ( 'NONE', #2191, .T. ) ;
#276 = CIRCLE ( 'NONE', #1508, 8.500000000000001776 ) ;
#277 = B_SPLINE_CURVE_WITH_KNOTS ( 'NONE', 3,
 ( #1265, #2273, #4479, #2722 ),
 .UNSPECIFIED., .F., .F.,
 ( 4, 4 ),
 ( 0.000000000000000000, 1.000000000000000000 ),
 .UNSPECIFIED. ) ;
#278 = CARTESIAN_POINT ( 'NONE',  ( -6.415585563879099951, 3.026466207034244960, -15.00000000000000000 ) ) ;
#279 = FACE_OUTER_BOUND ( 'NONE', #2262, .T. ) ;
#280 = EDGE_LOOP ( 'NONE', ( #2092, #3077, #1252, #1195 ) ) ;
#281 = LINE ( 'NONE', #589, #2353 ) ;
#282 = CIRCLE ( 'NONE', #287, 0.3926990816987240285 ) ;
#283 = CARTESIAN_POINT ( 'NONE',  ( -1.074999999999999956, 0.000000000000000000, -5.000000000000000888 ) ) ;
#284 = CYLINDRICAL_SURFACE ( 'NONE', #4390, 0.3926990816987240285 ) ;
#285 = VERTEX_POINT ( 'NONE', #1658 ) ;
#286 = AXIS2_PLACEMENT_3D ( 'NONE', #1296, #2421, #4586 ) ;
#287 = AXIS2_PLACEMENT_3D ( 'NONE', #1720, #4607, #230 ) ;
#288 = EDGE_LOOP ( 'NONE', ( #1546, #1226, #1339, #751, #1706 ) ) ;
#289 = CARTESIAN_POINT ( 'NONE',  ( 1.983727081235760137, 6.327010427417840255, -15.00000000000000000 ) ) ;
#290 = LINE ( 'NONE', #193, #4082 ) ;
#291 = CIRCLE ( 'NONE', #1828, 3.946090011793464303 ) ;
#292 = ADVANCED_FACE ( 'NONE', ( #219 ), #1280, .T. ) ;
#293 = LINE ( 'NONE', #3234, #3668 ) ;
#294 = VERTEX_POINT ( 'NONE', #1687 ) ;
#295 = ORIENTED_EDGE ( 'NONE', *, *, #1855, .T. ) ;
#296 = AXIS2_PLACEMENT_3D ( 'NONE', #4262, #4193, #2002 ) ;
#297 = CARTESIAN_POINT ( 'NONE',  ( 1.432027958140388968, -1.604637006829885637, 2.721053165608810609 ) ) ;
#298 = EDGE_CURVE ( 'NONE', #714, #9, #3188, .T. ) ;
#299 = CARTESIAN_POINT ( 'NONE',  ( -5.759433774845720500, -5.464123314234989870, -15.00000000000000000 ) ) ;
#300 = VECTOR ( 'NONE', #3390, 1000.000000000000000 ) ;
#301 = CARTESIAN_POINT ( 'NONE',  ( 4.385651846218999950, -4.973157142624609506, -5.000000000000000000 ) ) ;
#302 = ORIENTED_EDGE ( 'NONE', *, *, #307, .F. ) ;
#303 = VERTEX_POINT ( 'NONE', #1350 ) ;
#304 = CARTESIAN_POINT ( 'NONE',  ( 5.538652443235259959, -2.895829607045985021, -15.00000000000000000 ) ) ;
#305 = ADVANCED_FACE ( 'NONE', ( #3143 ), #3546, .T. ) ;
#306 = DIRECTION ( 'NONE',  ( 1.000000000000000000, 0.000000000000000000, 0.000000000000000000 ) ) ;
#307 = EDGE_CURVE ( 'NONE', #3617, #39, #1379, .T. ) ;
#308 = VERTEX_POINT ( 'NONE', #2385 ) ;
#309 = CARTESIAN_POINT ( 'NONE',  ( -7.483963737787810544, 2.649152274120374795, -15.00000000000000000 ) ) ;
#310 = EDGE_CURVE ( 'NONE', #4735, #3713, #2457, .T. ) ;
#311 = CARTESIAN_POINT ( 'NONE',  ( -2.863138239108716121, -5.776310017815849740, -5.000000000000000888 ) ) ;
#312 = ORIENTED_EDGE ( 'NONE', *, *, #2814, .F. ) ;
#313 = ORIENTED_EDGE ( 'NONE', *, *, #804, .F. ) ;
#314 = CARTESIAN_POINT ( 'NONE',  ( 5.670509102288570524, 2.599674701928095022, -5.000000000000000000 ) ) ;
#315 = CARTESIAN_POINT ( 'NONE',  ( 1.992703809495070200, -5.911185461699400179, -15.00000000000000000 ) ) ;
#316 = VERTEX_POINT ( 'NONE', #1021 ) ;
#317 = VERTEX_POINT ( 'NONE', #547 ) ;
#318 = CARTESIAN_POINT ( 'NONE',  ( 0.000000000000000000, -2.149999999999999911, 3.599999999999999201 ) ) ;
#319 = DIRECTION ( 'NONE',  ( 1.000000000000000000, 0.000000000000000000, 0.000000000000000000 ) ) ;
#320 = CARTESIAN_POINT ( 'NONE',  ( 6.036215036775489651, 5.156726580865579557, -15.00000000000000000 ) ) ;
#321 = ORIENTED_EDGE ( 'NONE', *, *, #98, .T. ) ;
#322 = EDGE_CURVE ( 'NONE', #3002, #3088, #4570, .T. ) ;
#323 = DIRECTION ( 'NONE',  ( 0.000000000000000000, 0.000000000000000000, 1.000000000000000000 ) ) ;
#324 = CARTESIAN_POINT ( 'NONE',  ( 4.173803058223395368, -4.635477910895279940, -5.000000000000000000 ) ) ;
#325 = DIRECTION ( 'NONE',  ( 0.000000000000000000, 0.000000000000000000, -1.000000000000000000 ) ) ;
#326 = AXIS2_PLACEMENT_3D ( 'NONE', #4401, #3254, #4020 ) ;
#327 = CIRCLE ( 'NONE', #3010, 8.500000000000000000 ) ;
#328 = EDGE_CURVE ( 'NONE', #805, #4686, #1972, .T. ) ;
#329 = ORIENTED_EDGE ( 'NONE', *, *, #932, .F. ) ;
#330 = DIRECTION ( 'NONE',  ( 1.000000000000000000, 0.000000000000000000, 0.000000000000000000 ) ) ;
#331 = FACE_OUTER_BOUND ( 'NONE', #1450, .T. ) ;
#332 = AXIS2_PLACEMENT_3D ( 'NONE', #3885, #222, #3550 ) ;
#333 = EDGE_CURVE ( 'NONE', #1052, #3780, #4212, .T. ) ;
#334 = ORIENTED_EDGE ( 'NONE', *, *, #2528, .F. ) ;
#335 = AXIS2_PLACEMENT_3D ( 'NONE', #1, #1874, #4332 ) ;
#336 = ORIENTED_EDGE ( 'NONE', *, *, #1764, .T. ) ;
#337 = DIRECTION ( 'NONE',  ( 0.000000000000000000, 0.000000000000000000, 1.000000000000000000 ) ) ;
#338 = CARTESIAN_POINT ( 'NONE',  ( 4.497521211351210191, -6.542172724213719981, -15.00000000000000000 ) ) ;
#339 = CARTESIAN_POINT ( 'NONE',  ( -6.471215300770770007, -1.445547167183623971, -15.00000000000000000 ) ) ;
#340 = ORIENTED_EDGE ( 'NONE', *, *, #4359, .F. ) ;
#341 = VERTEX_POINT ( 'NONE', #3619 ) ;
#342 = VECTOR ( 'NONE', #1100, 1000.000000000000114 ) ;
#343 = CARTESIAN_POINT ( 'NONE',  ( 0.9962424259295761253, -1.912520223556015475, 3.268022787807769003 ) ) ;
#344 = CARTESIAN_POINT ( 'NONE',  ( -5.831073800043498956, 5.664464560121985848, -14.81014041400568182 ) ) ;
#345 = CARTESIAN_POINT ( 'NONE',  ( -3.039045389419424925, 7.334297793316590486, -15.00000000000000000 ) ) ;
#346 = CONICAL_SURFACE ( 'NONE', #1577, 8.500000000000000000, 0.7853981633974476129 ) ;
#347 = ORIENTED_EDGE ( 'NONE', *, *, #1092, .T. ) ;
#348 = VERTEX_POINT ( 'NONE', #4307 ) ;
#349 = DIRECTION ( 'NONE',  ( 0.000000000000000000, 0.000000000000000000, -1.000000000000000000 ) ) ;
#350 = CARTESIAN_POINT ( 'NONE',  ( 10.00000000000000000, 1.224646799147353256E-15, 6.999999999999999112 ) ) ;
#351 = EDGE_CURVE ( 'NONE', #2830, #4687, #3800, .T. ) ;
#352 = ORIENTED_EDGE ( 'NONE', *, *, #4245, .F. ) ;
#353 = FACE_OUTER_BOUND ( 'NONE', #3829, .T. ) ;
#354 = DIRECTION ( 'NONE',  ( 0.000000000000000000, -1.000000000000000000, 0.000000000000000000 ) ) ;
#355 = EDGE_CURVE ( 'NONE', #519, #3294, #434, .T. ) ;
#356 = AXIS2_PLACEMENT_3D ( 'NONE', #4699, #4679, #689 ) ;
#357 = ORIENTED_EDGE ( 'NONE', *, *, #4047, .T. ) ;
#358 = ORIENTED_EDGE ( 'NONE', *, *, #3587, .T. ) ;
#359 = CARTESIAN_POINT ( 'NONE',  ( 3.881970767689260082, -4.898244885548910688, -15.00000000000000000 ) ) ;
#360 = EDGE_CURVE ( 'NONE', #1389, #2072, #2187, .T. ) ;
#361 = VECTOR ( 'NONE', #4398, 1000.000000000000000 ) ;
#362 = DIRECTION ( 'NONE',  ( -0.6691306063588672304, -0.7431448254773862505, 0.000000000000000000 ) ) ;
#363 = DIRECTION ( 'NONE',  ( 0.000000000000000000, 0.000000000000000000, -1.000000000000000000 ) ) ;
#364 = AXIS2_PLACEMENT_3D ( 'NONE', #1085, #405, #4421 ) ;
#365 = VERTEX_POINT ( 'NONE', #4046 ) ;
#366 = ORIENTED_EDGE ( 'NONE', *, *, #1126, .T. ) ;
#367 = AXIS2_PLACEMENT_3D ( 'NONE', #764, #3315, #1813 ) ;
#368 = AXIS2_PLACEMENT_3D ( 'NONE', #464, #3408, #3079 ) ;
#369 = CARTESIAN_POINT ( 'NONE',  ( -2.339275608533275097, -6.696792176639159599, -15.00000000000000000 ) ) ;
#370 = ADVANCED_FACE ( 'NONE', ( #3671 ), #2496, .T. ) ;
#371 = CARTESIAN_POINT ( 'NONE',  ( 1.214147014148392989, 8.412838226664922203, -5.000000000000000888 ) ) ;
#372 = DIRECTION ( 'NONE',  ( 0.000000000000000000, 0.000000000000000000, 1.000000000000000000 ) ) ;
#373 = CIRCLE ( 'NONE', #3053, 3.946090011793464747 ) ;
#374 = ORIENTED_EDGE ( 'NONE', *, *, #894, .F. ) ;
#375 = CARTESIAN_POINT ( 'NONE',  ( -3.178163014309964840, 5.367705458522730844, -5.000000000000000000 ) ) ;
#376 = DIRECTION ( 'NONE',  ( 1.000000000000000000, 0.000000000000000000, 0.000000000000000000 ) ) ;
#377 = CIRCLE ( 'NONE', #1000, 0.3926990816987240285 ) ;
#378 = CIRCLE ( 'NONE', #2221, 3.946090011793464747 ) ;
#379 = CARTESIAN_POINT ( 'NONE',  ( -6.415585563879139919, -3.026466207034154809, -15.00000000000000000 ) ) ;
#380 = CYLINDRICAL_SURFACE ( 'NONE', #968, 0.3926990816987240285 ) ;
#381 = AXIS2_PLACEMENT_3D ( 'NONE', #3422, #1684, #3140 ) ;
#382 = EDGE_LOOP ( 'NONE', ( #3654, #2297, #2405, #2510 ) ) ;
#383 = FACE_OUTER_BOUND ( 'NONE', #2730, .T. ) ;
#384 = DIRECTION ( 'NONE',  ( 1.000000000000000000, 0.000000000000000000, 0.000000000000000000 ) ) ;
#385 = VERTEX_POINT ( 'NONE', #4356 ) ;
#386 = ORIENTED_EDGE ( 'NONE', *, *, #4606, .T. ) ;
#387 = CARTESIAN_POINT ( 'NONE',  ( 3.962676671440511722, 7.519786805330400448, -5.000000000000000888 ) ) ;
#388 = EDGE_CURVE ( 'NONE', #3812, #1777, #2278, .T. ) ;
#389 = DIRECTION ( 'NONE',  ( 1.000000000000000000, 0.000000000000000000, 0.000000000000000000 ) ) ;
#390 = DIRECTION ( 'NONE',  ( 0.000000000000000000, 0.000000000000000000, 1.000000000000000000 ) ) ;
#391 = EDGE_LOOP ( 'NONE', ( #3739, #1053, #4065, #2875, #1354, #4683, #2689, #890, #625, #3377, #1251, #778, #926, #2988, #2039, #2945, #3037, #3697, #1955, #347, #459, #1717, #2784, #1922, #463, #3669, #4138, #4123, #1041, #603, #3691, #2116, #2441, #4154, #3014, #4361, #1087, #2938, #1256, #1368, #3797, #4430, #1948, #3073, #4108, #3391, #4179, #1861, #4139, #948, #1817, #3348, #2168, #1788, #2774, #4605, #4504, #3109, #3862, #2561, #1896, #2043, #3373, #3575, #3662, #2006, #4312, #4116, #3305, #1550, #2880, #2174, #3855, #1061, #2949, #3545, #3948, #573, #1377, #1036, #3598, #2481, #1909, #919, #2601, #1399, #731, #2240, #3538, #1736, #4355, #3068, #4093, #1582, #3825, #156, #2997, #3436, #1165, #64, #626 ) ) ;
#392 = ORIENTED_EDGE ( 'NONE', *, *, #1220, .T. ) ;
#393 = EDGE_CURVE ( 'NONE', #1774, #1988, #4323, .T. ) ;
#394 = CARTESIAN_POINT ( 'NONE',  ( 3.962676671442949772, 7.519786805329119694, -14.43900000000000006 ) ) ;
#395 = CARTESIAN_POINT ( 'NONE',  ( -5.323792341258370087, 3.952653436445065616, -15.00000000000000000 ) ) ;
#396 = B_SPLINE_CURVE_WITH_KNOTS ( 'NONE', 3,
 ( #1032, #3966, #4658, #1363 ),
 .UNSPECIFIED., .F., .F.,
 ( 4, 4 ),
 ( 0.000000000000000000, 1.000000000000000000 ),
 .UNSPECIFIED. ) ;
#397 = EDGE_CURVE ( 'NONE', #2016, #1203, #607, .T. ) ;
#398 = CARTESIAN_POINT ( 'NONE',  ( -5.000000000000000000, 0.000000000000000000, -5.000000000000000888 ) ) ;
#399 = EDGE_LOOP ( 'NONE', ( #1467, #1019 ) ) ;
#400 = DIRECTION ( 'NONE',  ( 0.000000000000000000, 0.000000000000000000, 1.000000000000000000 ) ) ;
#401 = LINE ( 'NONE', #324, #57 ) ;
#402 = DIRECTION ( 'NONE',  ( 0.000000000000000000, 0.000000000000000000, 1.000000000000000000 ) ) ;
#403 = DIRECTION ( 'NONE',  ( -0.2079116908177534306, 0.9781476007338067991, 0.000000000000000000 ) ) ;
#404 = EDGE_LOOP ( 'NONE', ( #4133, #766, #1782, #4426 ) ) ;
#405 = DIRECTION ( 'NONE',  ( 0.000000000000000000, 0.000000000000000000, 1.000000000000000000 ) ) ;
#406 = CARTESIAN_POINT ( 'NONE',  ( -2.339275608533189832, 6.696792176639190686, -5.000000000000000000 ) ) ;
#407 = ORIENTED_EDGE ( 'NONE', *, *, #2944, .T. ) ;
#408 = ORIENTED_EDGE ( 'NONE', *, *, #1744, .F. ) ;
#409 = LINE ( 'NONE', #1543, #1512 ) ;
#410 = VECTOR ( 'NONE', #4263, 1000.000000000000000 ) ;
#411 = DIRECTION ( 'NONE',  ( -0.7431448254773861395, 0.6691306063588671194, 0.000000000000000000 ) ) ;
#412 = CARTESIAN_POINT ( 'NONE',  ( 0.000000000000000000, 0.000000000000000000, -14.43900000000000006 ) ) ;
#413 = EDGE_CURVE ( 'NONE', #2594, #838, #4554, .T. ) ;
#414 = VERTEX_POINT ( 'NONE', #3599 ) ;
#415 = ORIENTED_EDGE ( 'NONE', *, *, #2268, .F. ) ;
#416 = CARTESIAN_POINT ( 'NONE',  ( 2.114054499415494615, 6.284664482292059873, -5.000000000000000000 ) ) ;
#417 = FACE_OUTER_BOUND ( 'NONE', #391, .T. ) ;
#418 = EDGE_CURVE ( 'NONE', #1769, #4643, #3997, .T. ) ;
#419 = DIRECTION ( 'NONE',  ( 1.000000000000000000, 0.000000000000000000, 0.000000000000000000 ) ) ;
#420 = ORIENTED_EDGE ( 'NONE', *, *, #2967, .T. ) ;
#421 = EDGE_CURVE ( 'NONE', #285, #782, #720, .T. ) ;
#422 = FACE_OUTER_BOUND ( 'NONE', #1108, .T. ) ;
#423 = DIRECTION ( 'NONE',  ( 1.000000000000000000, 0.000000000000000000, 0.000000000000000000 ) ) ;
#424 = CYLINDRICAL_SURFACE ( 'NONE', #37, 3.946090011793464747 ) ;
#425 = EDGE_LOOP ( 'NONE', ( #3270, #415, #1241, #4061 ) ) ;
#426 = CARTESIAN_POINT ( 'NONE',  ( 0.000000000000000000, 0.000000000000000000, -5.000000000000000888 ) ) ;
#427 = DIRECTION ( 'NONE',  ( 0.000000000000000000, 0.000000000000000000, -1.000000000000000000 ) ) ;
#428 = ORIENTED_EDGE ( 'NONE', *, *, #736, .F. ) ;
#429 = VERTEX_POINT ( 'NONE', #387 ) ;
#430 = CARTESIAN_POINT ( 'NONE',  ( 7.871210902642038931, 1.035258386167028144, -15.00000000000000000 ) ) ;
#431 = VECTOR ( 'NONE', #2023, 1000.000000000000000 ) ;
#432 = CYLINDRICAL_SURFACE ( 'NONE', #451, 3.946090011793465635 ) ;
#433 = ORIENTED_EDGE ( 'NONE', *, *, #393, .F. ) ;
#434 = CIRCLE ( 'NONE', #1211, 3.946090011793464303 ) ;
#435 = EDGE_LOOP ( 'NONE', ( #1877, #3278, #3142, #2694 ) ) ;
#436 = EDGE_CURVE ( 'NONE', #4278, #2356, #3406, .T. ) ;
#437 = AXIS2_PLACEMENT_3D ( 'NONE', #1392, #204, #2012 ) ;
#438 = CARTESIAN_POINT ( 'NONE',  ( -7.892805129294790945, 3.154936955151064648, -5.000000000000000888 ) ) ;
#439 = CARTESIAN_POINT ( 'NONE',  ( 3.962676671438609688, 7.519786805326790002, -15.00000000000000000 ) ) ;
#440 = ORIENTED_EDGE ( 'NONE', *, *, #1481, .F. ) ;
#441 = EDGE_CURVE ( 'NONE', #3094, #2100, #1115, .T. ) ;
#442 = FACE_OUTER_BOUND ( 'NONE', #4257, .T. ) ;
#443 = DIRECTION ( 'NONE',  ( 1.000000000000000000, 0.000000000000000000, 0.000000000000000000 ) ) ;
#444 = VECTOR ( 'NONE', #3936, 1000.000000000000000 ) ;
#445 = DIRECTION ( 'NONE',  ( 0.5000000000000012212, 0.8660254037844379305, 0.000000000000000000 ) ) ;
#446 = ORIENTED_EDGE ( 'NONE', *, *, #4475, .T. ) ;
#447 = CIRCLE ( 'NONE', #3056, 7.939000000000000057 ) ;
#448 = CIRCLE ( 'NONE', #1075, 1.074999999999999956 ) ;
#449 = DIRECTION ( 'NONE',  ( 0.2079116908177665313, 0.9781476007338041345, 0.000000000000000000 ) ) ;
#450 = CARTESIAN_POINT ( 'NONE',  ( 3.411405546988540038, -6.219449173660800412, -15.00000000000000000 ) ) ;
#451 = AXIS2_PLACEMENT_3D ( 'NONE', #4090, #2312, #1545 ) ;
#452 = AXIS2_PLACEMENT_3D ( 'NONE', #2488, #962, #2086 ) ;
#453 = EDGE_LOOP ( 'NONE', ( #2801, #725 ) ) ;
#454 = EDGE_LOOP ( 'NONE', ( #3334, #3999, #3567, #1118 ) ) ;
#455 = CARTESIAN_POINT ( 'NONE',  ( -0.2106800808988892049, -9.998308514146270198, 0.4104769218699551581 ) ) ;
#456 = EDGE_CURVE ( 'NONE', #3136, #4404, #2856, .T. ) ;
#457 = CARTESIAN_POINT ( 'NONE',  ( -6.976452998247889781, -3.789040058278374978, -15.00000000000000000 ) ) ;
#458 = CARTESIAN_POINT ( 'NONE',  ( 4.712107964534079763, -4.559347537358720004, -15.00000000000000000 ) ) ;
#459 = ORIENTED_EDGE ( 'NONE', *, *, #3078, .F. ) ;
#460 = VERTEX_POINT ( 'NONE', #3299 ) ;
#461 = FACE_OUTER_BOUND ( 'NONE', #3151, .T. ) ;
#462 = FACE_OUTER_BOUND ( 'NONE', #2821, .T. ) ;
#463 = ORIENTED_EDGE ( 'NONE', *, *, #1247, .T. ) ;
#464 = CARTESIAN_POINT ( 'NONE',  ( -6.182989888687189683, -0.9127628587929980108, -15.00000000000000000 ) ) ;
#465 = DIRECTION ( 'NONE',  ( 1.000000000000000000, 0.000000000000000000, 0.000000000000000000 ) ) ;
#466 = CARTESIAN_POINT ( 'NONE',  ( -5.927207807671618589, -6.092471387267786476, -5.000000000000000888 ) ) ;
#467 = ORIENTED_EDGE ( 'NONE', *, *, #557, .F. ) ;
#468 = CARTESIAN_POINT ( 'NONE',  ( -6.019696428570050273, 1.680998187941030064, -15.00000000000000000 ) ) ;
#469 = DIRECTION ( 'NONE',  ( -0.3090169943749576098, -0.9510565162951502005, 0.000000000000000000 ) ) ;
#470 = EDGE_CURVE ( 'NONE', #2658, #1306, #1779, .T. ) ;
#471 = EDGE_LOOP ( 'NONE', ( #334, #2549, #2247, #1892 ) ) ;
#472 = VERTEX_POINT ( 'NONE', #4688 ) ;
#473 = CARTESIAN_POINT ( 'NONE',  ( -1.397883527193560349, -9.902147149593695019, 1.193785172684981521 ) ) ;
#474 = DIRECTION ( 'NONE',  ( 0.000000000000000000, 0.000000000000000000, 1.000000000000000000 ) ) ;
#475 = DIRECTION ( 'NONE',  ( 1.000000000000000000, 0.000000000000000000, 0.000000000000000000 ) ) ;
#476 = ORIENTED_EDGE ( 'NONE', *, *, #3610, .F. ) ;
#477 = ORIENTED_EDGE ( 'NONE', *, *, #1708, .F. ) ;
#478 = CARTESIAN_POINT ( 'NONE',  ( 5.858102655693469885, 2.178332682433330003, -15.00000000000000000 ) ) ;
#479 = DIRECTION ( 'NONE',  ( 0.000000000000000000, 0.000000000000000000, 1.000000000000000000 ) ) ;
#480 = DIRECTION ( 'NONE',  ( 0.000000000000000000, 0.000000000000000000, 1.000000000000000000 ) ) ;
#481 = ORIENTED_EDGE ( 'NONE', *, *, #741, .F. ) ;
#482 = DIRECTION ( 'NONE',  ( 0.000000000000000000, 0.000000000000000000, -1.000000000000000000 ) ) ;
#483 = CYLINDRICAL_SURFACE ( 'NONE', #834, 0.3926990816987240285 ) ;
#484 = DIRECTION ( 'NONE',  ( 1.000000000000000000, 0.000000000000000000, 0.000000000000000000 ) ) ;
#485 = VECTOR ( 'NONE', #3122, 1000.000000000000000 ) ;
#486 = AXIS2_PLACEMENT_3D ( 'NONE', #2865, #372, #1079 ) ;
#487 = ORIENTED_EDGE ( 'NONE', *, *, #4242, .T. ) ;
#488 = CARTESIAN_POINT ( 'NONE',  ( 0.000000000000000000, 0.000000000000000000, -14.43900000000000006 ) ) ;
#489 = EDGE_CURVE ( 'NONE', #1947, #838, #3949, .T. ) ;
#490 = AXIS2_PLACEMENT_3D ( 'NONE', #4317, #2508, #3288 ) ;
#491 = LINE ( 'NONE', #1249, #3820 ) ;
#492 = EDGE_LOOP ( 'NONE', ( #2973, #2122 ) ) ;
#493 = VERTEX_POINT ( 'NONE', #3692 ) ;
#494 = CARTESIAN_POINT ( 'NONE',  ( 1.959435459911271464E-16, -10.00000000000000000, 0.3999999999999989675 ) ) ;
#495 = CARTESIAN_POINT ( 'NONE',  ( 1.992703809495075307, -5.911185461699406396, -5.000000000000000888 ) ) ;
#496 = EDGE_CURVE ( 'NONE', #545, #2016, #1434, .T. ) ;
#497 = CARTESIAN_POINT ( 'NONE',  ( 4.532258254890200178, -7.150734793171920067, -14.47295908838066048 ) ) ;
#498 = DIRECTION ( 'NONE',  ( 1.000000000000000000, 0.000000000000000000, 0.000000000000000000 ) ) ;
#499 = ORIENTED_EDGE ( 'NONE', *, *, #3347, .F. ) ;
#500 = EDGE_CURVE ( 'NONE', #2427, #2579, #1204, .T. ) ;
#501 = EDGE_LOOP ( 'NONE', ( #2812, #3174, #3050, #960 ) ) ;
#502 = DIRECTION ( 'NONE',  ( 1.000000000000000000, 0.000000000000000000, 0.000000000000000000 ) ) ;
#503 = CYLINDRICAL_SURFACE ( 'NONE', #1604, 8.500000000000000000 ) ;
#504 = DIRECTION ( 'NONE',  ( 0.000000000000000000, 0.000000000000000000, -1.000000000000000000 ) ) ;
#505 = EDGE_CURVE ( 'NONE', #3465, #2087, #3642, .T. ) ;
#506 = EDGE_LOOP ( 'NONE', ( #3786, #80, #1795, #1686, #1084 ) ) ;
#507 = EDGE_CURVE ( 'NONE', #1630, #1554, #409, .T. ) ;
#508 = CARTESIAN_POINT ( 'NONE',  ( 4.712107964534156146, 4.559347537358660496, -5.000000000000000000 ) ) ;
#509 = DIRECTION ( 'NONE',  ( 0.000000000000000000, 0.000000000000000000, -1.000000000000000000 ) ) ;
#510 = DIRECTION ( 'NONE',  ( 0.000000000000000000, 0.000000000000000000, 1.000000000000000000 ) ) ;
#511 = CONICAL_SURFACE ( 'NONE', #3340, 8.500000000000000000, 0.7853981633974476129 ) ;
#512 = ORIENTED_EDGE ( 'NONE', *, *, #1653, .T. ) ;
#513 = DIRECTION ( 'NONE',  ( 0.000000000000000000, 0.000000000000000000, 1.000000000000000000 ) ) ;
#514 = CIRCLE ( 'NONE', #3125, 4.500000000000000000 ) ;
#515 = CARTESIAN_POINT ( 'NONE',  ( 1.959435459911271464E-16, -10.00000000000000000, 0.3999999999999989675 ) ) ;
#516 = VERTEX_POINT ( 'NONE', #1923 ) ;
#517 = CIRCLE ( 'NONE', #1074, 8.500000000000000000 ) ;
#518 = AXIS2_PLACEMENT_3D ( 'NONE', #4626, #3126, #1006 ) ;
#519 = VERTEX_POINT ( 'NONE', #1966 ) ;
#520 = CARTESIAN_POINT ( 'NONE',  ( 6.980385132885272625, 4.521411118186581923, -14.62314041400846776 ) ) ;
#521 = LINE ( 'NONE', #4183, #4490 ) ;
#522 = AXIS2_PLACEMENT_3D ( 'NONE', #3396, #4137, #2239 ) ;
#523 = AXIS2_PLACEMENT_3D ( 'NONE', #2925, #18, #41 ) ;
#524 = CARTESIAN_POINT ( 'NONE',  ( 6.541271189478329084, 0.4509796686607169813, -15.00000000000000000 ) ) ;
#525 = EDGE_LOOP ( 'NONE', ( #3834, #245, #4044, #1547 ) ) ;
#526 = ADVANCED_FACE ( 'NONE', ( #3374 ), #2618, .T. ) ;
#527 = EDGE_LOOP ( 'NONE', ( #2226, #208, #3256, #3597, #4497, #850, #4374, #366, #2449, #3141, #2328, #1342, #3311, #1237, #1542, #2219, #3104, #2163, #4455, #4463, #2763, #1650, #1805, #4443, #1523, #1965, #3131, #2655, #1246, #1479, #1231, #4360, #3251, #4431, #4351, #1026, #989, #3009, #3702, #1730, #386, #2033, #512, #1559, #407, #3681, #2044, #4498, #3854, #4197, #3214, #1419, #119, #2993, #4283, #1184, #3585, #420, #139, #707, #2806, #1626, #190, #4004, #1355, #1713, #3387, #4209, #2231, #4609, #3649, #3954, #2567, #1468, #2359, #866, #1696, #4657, #4641, #1414, #4671, #3462, #4249, #2105, #2932, #392, #1729, #4587, #1119, #2888, #2633, #3618, #3925, #800, #2303, #3677, #3933, #1872 ) ) ;
#528 = DIRECTION ( 'NONE',  ( 0.000000000000000000, 0.000000000000000000, -1.000000000000000000 ) ) ;
#529 = LINE ( 'NONE', #951, #3276 ) ;
#530 = CARTESIAN_POINT ( 'NONE',  ( 1.606814403260190094, -6.696792176639159599, -15.00000000000000000 ) ) ;
#531 = EDGE_CURVE ( 'NONE', #3477, #635, #3040, .T. ) ;
#532 = VERTEX_POINT ( 'NONE', #4112 ) ;
#533 = CARTESIAN_POINT ( 'NONE',  ( 0.000000000000000000, 0.000000000000000000, -15.00000000000000000 ) ) ;
#534 = EDGE_CURVE ( 'NONE', #3711, #1947, #4711, .T. ) ;
#535 = CARTESIAN_POINT ( 'NONE',  ( 5.646151920303509542, -4.294205901284565030, -15.00000000000000000 ) ) ;
#536 = CARTESIAN_POINT ( 'NONE',  ( 0.000000000000000000, 0.000000000000000000, -14.43900000000000006 ) ) ;
#537 = VERTEX_POINT ( 'NONE', #4066 ) ;
#538 = PLANE ( 'NONE',  #4719 ) ;
#539 = DIRECTION ( 'NONE',  ( -1.000000000000000000, 0.000000000000000000, 0.000000000000000000 ) ) ;
#540 = ORIENTED_EDGE ( 'NONE', *, *, #792, .T. ) ;
#541 = VERTEX_POINT ( 'NONE', #2258 ) ;
#542 = DIRECTION ( 'NONE',  ( 0.000000000000000000, 0.000000000000000000, 1.000000000000000000 ) ) ;
#543 = LINE ( 'NONE', #3852, #3664 ) ;
#544 = CARTESIAN_POINT ( 'NONE',  ( 3.962676671438515097, -7.519786805326839740, -15.00000000000000000 ) ) ;
#545 = VERTEX_POINT ( 'NONE', #430 ) ;
#546 = ORIENTED_EDGE ( 'NONE', *, *, #3329, .T. ) ;
#547 = CARTESIAN_POINT ( 'NONE',  ( -2.149999999999999911, 2.632990618166809235E-16, -5.000000000000000888 ) ) ;
#548 = DIRECTION ( 'NONE',  ( 1.000000000000000000, 0.000000000000000000, 0.000000000000000000 ) ) ;
#549 = EDGE_CURVE ( 'NONE', #493, #4265, #2309, .T. ) ;
#550 = FACE_OUTER_BOUND ( 'NONE', #4077, .T. ) ;
#551 = CARTESIAN_POINT ( 'NONE',  ( 3.680498208442175123, 6.064088453133590129, -15.00000000000000000 ) ) ;
#552 = EDGE_LOOP ( 'NONE', ( #2323, #2616, #2314, #2134 ) ) ;
#553 = DIRECTION ( 'NONE',  ( 0.000000000000000000, 0.000000000000000000, 1.000000000000000000 ) ) ;
#554 = EDGE_CURVE ( 'NONE', #1464, #873, #2040, .T. ) ;
#555 = CARTESIAN_POINT ( 'NONE',  ( 2.114054499415415123, -6.284664482292090071, -15.00000000000000000 ) ) ;
#556 = CARTESIAN_POINT ( 'NONE',  ( -6.471215300770750467, 1.445547167183711901, -5.000000000000000000 ) ) ;
#557 = EDGE_CURVE ( 'NONE', #849, #1947, #1090, .T. ) ;
#558 = ORIENTED_EDGE ( 'NONE', *, *, #1787, .F. ) ;
#559 = APPLICATION_CONTEXT ( 'automotive_design' ) ;
#560 = DIRECTION ( 'NONE',  ( 1.000000000000000000, 0.000000000000000000, 0.000000000000000000 ) ) ;
#561 = CARTESIAN_POINT ( 'NONE',  ( -0.5838702176987630166, -6.210642285936850193, -5.000000000000000000 ) ) ;
#562 = VERTEX_POINT ( 'NONE', #309 ) ;
#563 = DIRECTION ( 'NONE',  ( 0.000000000000000000, 0.000000000000000000, 1.000000000000000000 ) ) ;
#564 = CARTESIAN_POINT ( 'NONE',  ( -4.629954344567729585, 5.374268191762720193, -15.00000000000000000 ) ) ;
#565 = CARTESIAN_POINT ( 'NONE',  ( -5.439534267938642920, -6.531574614740405238, -5.000000000000000888 ) ) ;
#566 = VECTOR ( 'NONE', #403, 1000.000000000000227 ) ;
#567 = EDGE_LOOP ( 'NONE', ( #1088, #3603, #3328, #1485, #3392 ) ) ;
#568 = ORIENTED_EDGE ( 'NONE', *, *, #3759, .T. ) ;
#569 = CARTESIAN_POINT ( 'NONE',  ( -10.00000000000000000, 0.000000000000000000, 6.999999999999999112 ) ) ;
#570 = DIRECTION ( 'NONE',  ( 0.000000000000000000, 0.000000000000000000, 1.000000000000000000 ) ) ;
#571 = CARTESIAN_POINT ( 'NONE',  ( 6.630349875966790485, 0.06851717849924808534, -15.00000000000000000 ) ) ;
#572 = LINE ( 'NONE', #3840, #953 ) ;
#573 = ORIENTED_EDGE ( 'NONE', *, *, #2003, .F. ) ;
#574 = ORIENTED_EDGE ( 'NONE', *, *, #123, .F. ) ;
#575 = ADVANCED_FACE ( 'NONE', ( #3491 ), #3110, .T. ) ;
#576 = CARTESIAN_POINT ( 'NONE',  ( 5.646151920303509542, 4.294205901284565030, -15.00000000000000000 ) ) ;
#577 = AXIS2_PLACEMENT_3D ( 'NONE', #4030, #2227, #3312 ) ;
#578 = LINE ( 'NONE', #2841, #1905 ) ;
#579 = LINE ( 'NONE', #3192, #4611 ) ;
#580 = AXIS2_PLACEMENT_3D ( 'NONE', #2739, #3525, #644 ) ;
#581 = ORIENTED_EDGE ( 'NONE', *, *, #2560, .T. ) ;
#582 = FACE_OUTER_BOUND ( 'NONE', #4616, .T. ) ;
#583 = DIRECTION ( 'NONE',  ( 0.000000000000000000, 0.000000000000000000, 1.000000000000000000 ) ) ;
#584 = AXIS2_PLACEMENT_3D ( 'NONE', #488, #513, #3442 ) ;
#585 = EDGE_CURVE ( 'NONE', #4631, #3003, #2851, .T. ) ;
#586 = ORIENTED_EDGE ( 'NONE', *, *, #1866, .T. ) ;
#587 = VECTOR ( 'NONE', #2756, 1000.000000000000000 ) ;
#588 = AXIS2_PLACEMENT_3D ( 'NONE', #3291, #3657, #2868 ) ;
#589 = CARTESIAN_POINT ( 'NONE',  ( -2.778738016340065453, 5.598313588621709691, -15.00000000000000000 ) ) ;
#590 = CYLINDRICAL_SURFACE ( 'NONE', #3435, 8.500000000000000000 ) ;
#591 = CARTESIAN_POINT ( 'NONE',  ( -5.557078755425679084, 3.480012520356949857, -15.00000000000000000 ) ) ;
#592 = CIRCLE ( 'NONE', #3349, 0.3926990816987240285 ) ;
#593 = VECTOR ( 'NONE', #3626, 1000.000000000000000 ) ;
#594 = ORIENTED_EDGE ( 'NONE', *, *, #4447, .T. ) ;
#595 = EDGE_LOOP ( 'NONE', ( #3975, #2659 ) ) ;
#596 = EDGE_CURVE ( 'NONE', #2339, #4737, #942, .T. ) ;
#597 = PLANE ( 'NONE',  #3108 ) ;
#598 = AXIS2_PLACEMENT_3D ( 'NONE', #1311, #1003, #2743 ) ;
#599 = VECTOR ( 'NONE', #3464, 1000.000000000000000 ) ;
#600 = LINE ( 'NONE', #3185, #3308 ) ;
#601 = CARTESIAN_POINT ( 'NONE',  ( -8.500000000000000000, 1.040949779275249943E-15, -14.43900000000000006 ) ) ;
#602 = CARTESIAN_POINT ( 'NONE',  ( 0.000000000000000000, -10.00099999999999945, 3.599999999999999201 ) ) ;
#603 = ORIENTED_EDGE ( 'NONE', *, *, #3581, .T. ) ;
#604 = DIRECTION ( 'NONE',  ( 0.000000000000000000, 0.000000000000000000, -1.000000000000000000 ) ) ;
#605 = DIRECTION ( 'NONE',  ( 0.000000000000000000, 0.000000000000000000, 1.000000000000000000 ) ) ;
#606 = CARTESIAN_POINT ( 'NONE',  ( 6.630349875966790485, 0.06851717849924808534, -5.000000000000000000 ) ) ;
#607 = B_SPLINE_CURVE_WITH_KNOTS ( 'NONE', 3,
 ( #745, #2142, #1444, #2905 ),
 .UNSPECIFIED., .F., .F.,
 ( 4, 4 ),
 ( 0.000000000000000000, 1.000000000000000000 ),
 .UNSPECIFIED. ) ;
#608 = CARTESIAN_POINT ( 'NONE',  ( -2.312631089366765202, 8.179348228583069869, -15.00000000000000000 ) ) ;
#609 = FACE_OUTER_BOUND ( 'NONE', #3019, .T. ) ;
#610 = DIRECTION ( 'NONE',  ( 1.000000000000000000, 0.000000000000000000, 0.000000000000000000 ) ) ;
#611 = EDGE_CURVE ( 'NONE', #2627, #2016, #2586, .T. ) ;
#612 = EDGE_LOOP ( 'NONE', ( #2835, #2209, #131, #2981 ) ) ;
#613 = CARTESIAN_POINT ( 'NONE',  ( 6.904627332918070515, -1.626455416940420173, -15.00000000000000000 ) ) ;
#614 = CARTESIAN_POINT ( 'NONE',  ( 1.447748701012486094, 7.805878854985949467, -15.00000000000000000 ) ) ;
#615 = EDGE_CURVE ( 'NONE', #828, #2895, #4251, .T. ) ;
#616 = DIRECTION ( 'NONE',  ( 0.000000000000000000, 0.000000000000000000, 1.000000000000000000 ) ) ;
#617 = ORIENTED_EDGE ( 'NONE', *, *, #3928, .T. ) ;
#618 = ORIENTED_EDGE ( 'NONE', *, *, #4124, .T. ) ;
#619 = CARTESIAN_POINT ( 'NONE',  ( 6.237650794268060572, 0.06851717849924800208, -15.00000000000000000 ) ) ;
#620 = ADVANCED_FACE ( 'NONE', ( #2400 ), #2137, .T. ) ;
#621 = SURFACE_SIDE_STYLE ('',( #1022 ) ) ;
#622 = EDGE_CURVE ( 'NONE', #4686, #1464, #3137, .T. ) ;
#623 = DIRECTION ( 'NONE',  ( -0.000000000000000000, -0.000000000000000000, -1.000000000000000000 ) ) ;
#624 = FACE_OUTER_BOUND ( 'NONE', #1183, .T. ) ;
#625 = ORIENTED_EDGE ( 'NONE', *, *, #3066, .F. ) ;
#626 = ORIENTED_EDGE ( 'NONE', *, *, #333, .F. ) ;
#627 = DIRECTION ( 'NONE',  ( 0.000000000000000000, 0.000000000000000000, 1.000000000000000000 ) ) ;
#628 = CYLINDRICAL_SURFACE ( 'NONE', #2443, 0.3926990816987240285 ) ;
#629 = DIRECTION ( 'NONE',  ( 1.000000000000000000, 0.000000000000000000, 0.000000000000000000 ) ) ;
#630 = ORIENTED_EDGE ( 'NONE', *, *, #4441, .F. ) ;
#631 = DIRECTION ( 'NONE',  ( 0.000000000000000000, 0.000000000000000000, -1.000000000000000000 ) ) ;
#632 = AXIS2_PLACEMENT_3D ( 'NONE', #4619, #570, #3162 ) ;
#633 = CARTESIAN_POINT ( 'NONE',  ( -4.931093259559646391, 3.952653436445065616, -5.000000000000000888 ) ) ;
#634 = CARTESIAN_POINT ( 'NONE',  ( 0.000000000000000000, 0.000000000000000000, 9.000000000000000000 ) ) ;
#635 = VERTEX_POINT ( 'NONE', #1681 ) ;
#636 = EDGE_CURVE ( 'NONE', #2426, #118, #1362, .T. ) ;
#637 = DIRECTION ( 'NONE',  ( 0.9135454576426058626, 0.4067366430757889950, 0.000000000000000000 ) ) ;
#638 = CIRCLE ( 'NONE', #1794, 0.3926990816987240285 ) ;
#639 = CARTESIAN_POINT ( 'NONE',  ( -7.630896283214371856, 2.803034485919984053, -14.81014041400568537 ) ) ;
#640 = FACE_OUTER_BOUND ( 'NONE', #2902, .T. ) ;
#641 = CIRCLE ( 'NONE', #1875, 3.946090011793465635 ) ;
#642 = ORIENTED_EDGE ( 'NONE', *, *, #4210, .F. ) ;
#643 = ORIENTED_EDGE ( 'NONE', *, *, #3021, .F. ) ;
#644 = DIRECTION ( 'NONE',  ( 1.000000000000000000, 0.000000000000000000, 0.000000000000000000 ) ) ;
#645 = ADVANCED_FACE ( 'NONE', ( #4589 ), #4279, .F. ) ;
#646 = CARTESIAN_POINT ( 'NONE',  ( -7.892805129293771316, 3.154936955153629707, -14.43900000000000006 ) ) ;
#647 = AXIS2_PLACEMENT_3D ( 'NONE', #3440, #1198, #2302 ) ;
#648 = CARTESIAN_POINT ( 'NONE',  ( -7.483963737787850512, -2.649152274120269990, -15.00000000000000000 ) ) ;
#649 = ADVANCED_FACE ( 'NONE', ( #2831 ), #3563, .F. ) ;
#650 = ORIENTED_EDGE ( 'NONE', *, *, #3196, .F. ) ;
#651 = VERTEX_POINT ( 'NONE', #1037 ) ;
#652 = CARTESIAN_POINT ( 'NONE',  ( 5.792318625829840251, -3.072565112851030289, -15.00000000000000000 ) ) ;
#653 = AXIS2_PLACEMENT_3D ( 'NONE', #165, #4539, #3741 ) ;
#654 = CARTESIAN_POINT ( 'NONE',  ( 3.416927169439189615, 7.166053985196339404, -15.00000000000000000 ) ) ;
#655 = APPLICATION_CONTEXT ( 'automotive_design' ) ;
#656 = EDGE_CURVE ( 'NONE', #2587, #3495, #281, .T. ) ;
#657 = CARTESIAN_POINT ( 'NONE',  ( 0.000000000000000000, 0.000000000000000000, -23.00000000000000000 ) ) ;
#658 = ORIENTED_EDGE ( 'NONE', *, *, #4736, .T. ) ;
#659 = CARTESIAN_POINT ( 'NONE',  ( 0.000000000000000000, 0.000000000000000000, -3.000000000000000888 ) ) ;
#660 = ADVANCED_FACE ( 'NONE', ( #3519 ), #902, .T. ) ;
#661 = AXIS2_PLACEMENT_3D ( 'NONE', #97, #528, #851 ) ;
#662 = DIRECTION ( 'NONE',  ( 0.000000000000000000, 0.000000000000000000, 1.000000000000000000 ) ) ;
#663 = DIRECTION ( 'NONE',  ( 0.6691306063588571273, -0.7431448254773952433, 0.000000000000000000 ) ) ;
#664 = AXIS2_PLACEMENT_3D ( 'NONE', #3851, #563, #1726 ) ;
#665 = VERTEX_POINT ( 'NONE', #234 ) ;
#666 = DIRECTION ( 'NONE',  ( 0.000000000000000000, 0.000000000000000000, 1.000000000000000000 ) ) ;
#667 = CONICAL_SURFACE ( 'NONE', #584, 8.500000000000000000, 0.7853981633974476129 ) ;
#668 = CARTESIAN_POINT ( 'NONE',  ( 0.000000000000000000, 0.000000000000000000, -23.00000000000000000 ) ) ;
#669 = ORIENTED_EDGE ( 'NONE', *, *, #930, .F. ) ;
#670 = AXIS2_PLACEMENT_3D ( 'NONE', #3969, #3684, #3990 ) ;
#671 = AXIS2_PLACEMENT_3D ( 'NONE', #3967, #1411, #4412 ) ;
#672 = ORIENTED_EDGE ( 'NONE', *, *, #4545, .T. ) ;
#673 = CARTESIAN_POINT ( 'NONE',  ( 0.000000000000000000, 0.000000000000000000, -15.00000000000000000 ) ) ;
#674 = CIRCLE ( 'NONE', #1068, 4.000000000000000000 ) ;
#675 = AXIS2_PLACEMENT_3D ( 'NONE', #2721, #3889, #4581 ) ;
#676 = CYLINDRICAL_SURFACE ( 'NONE', #1375, 0.3926990816987240285 ) ;
#677 = EDGE_CURVE ( 'NONE', #2072, #85, #2962, .T. ) ;
#678 = ORIENTED_EDGE ( 'NONE', *, *, #2115, .T. ) ;
#679 = ORIENTED_EDGE ( 'NONE', *, *, #1063, .T. ) ;
#680 = CIRCLE ( 'NONE', #2369, 7.939000000000000057 ) ;
#681 = VECTOR ( 'NONE', #3667, 1000.000000000000000 ) ;
#682 = CARTESIAN_POINT ( 'NONE',  ( 0.4308928912354217933, -2.109100348638545785, 3.544676211854060455 ) ) ;
#683 = CARTESIAN_POINT ( 'NONE',  ( -0.8208046249637995784, -1.989308458519233325, 3.377187484270261830 ) ) ;
#684 = AXIS2_PLACEMENT_3D ( 'NONE', #2042, #3522, #1703 ) ;
#685 = EDGE_CURVE ( 'NONE', #3425, #3041, #3724, .T. ) ;
#686 = VECTOR ( 'NONE', #1746, 1000.000000000000000 ) ;
#687 = CARTESIAN_POINT ( 'NONE',  ( -2.863138239108636185, 5.776310017815889708, -5.000000000000000888 ) ) ;
#688 = EDGE_LOOP ( 'NONE', ( #3995, #2196 ) ) ;
#689 = DIRECTION ( 'NONE',  ( 1.000000000000000000, 0.000000000000000000, 0.000000000000000000 ) ) ;
#690 = EDGE_CURVE ( 'NONE', #3812, #3996, #992, .T. ) ;
#691 = CARTESIAN_POINT ( 'NONE',  ( 5.828789400926299713, -4.042826974954945030, -15.00000000000000000 ) ) ;
#692 = CARTESIAN_POINT ( 'NONE',  ( -4.860865375652130282, 5.166354965501350094, -15.00000000000000000 ) ) ;
#693 = ORIENTED_EDGE ( 'NONE', *, *, #456, .F. ) ;
#694 = DIRECTION ( 'NONE',  ( -0.8660254037844379305, 0.5000000000000011102, 0.000000000000000000 ) ) ;
#695 = PLANE ( 'NONE',  #1227 ) ;
#696 = ORIENTED_EDGE ( 'NONE', *, *, #1193, .F. ) ;
#697 = ORIENTED_EDGE ( 'NONE', *, *, #1024, .T. ) ;
#698 = DIRECTION ( 'NONE',  ( 0.5877852522924796874, 0.8090169943749425663, 0.000000000000000000 ) ) ;
#699 = DIRECTION ( 'NONE',  ( 1.000000000000000000, 0.000000000000000000, 0.000000000000000000 ) ) ;
#700 = DIRECTION ( 'NONE',  ( 0.000000000000000000, 0.000000000000000000, 1.000000000000000000 ) ) ;
#701 = EDGE_LOOP ( 'NONE', ( #1474, #4205, #1096, #678 ) ) ;
#702 = VERTEX_POINT ( 'NONE', #2160 ) ;
#703 = ADVANCED_FACE ( 'NONE', ( #383 ), #1109, .T. ) ;
#704 = DIRECTION ( 'NONE',  ( 1.000000000000000000, 0.000000000000000000, 0.000000000000000000 ) ) ;
#705 = CARTESIAN_POINT ( 'NONE',  ( -1.600008838617414053, -1.436130814557396773, 2.220658458783822731 ) ) ;
#706 = CARTESIAN_POINT ( 'NONE',  ( 6.242947214097776865, 5.207032791947878714, -14.81014041400568004 ) ) ;
#707 = ORIENTED_EDGE ( 'NONE', *, *, #2903, .F. ) ;
#708 = CYLINDRICAL_SURFACE ( 'NONE', #2046, 2.149999999999999911 ) ;
#709 = EDGE_CURVE ( 'NONE', #2427, #532, #2889, .T. ) ;
#710 = DIRECTION ( 'NONE',  ( 0.000000000000000000, 0.000000000000000000, -1.000000000000000000 ) ) ;
#711 = FACE_OUTER_BOUND ( 'NONE', #4371, .T. ) ;
#712 = ADVANCED_FACE ( 'NONE', ( #353 ), #511, .T. ) ;
#713 = AXIS2_PLACEMENT_3D ( 'NONE', #1571, #2338, #3770 ) ;
#714 = VERTEX_POINT ( 'NONE', #4733 ) ;
#715 = FACE_OUTER_BOUND ( 'NONE', #567, .T. ) ;
#716 = FACE_OUTER_BOUND ( 'NONE', #3835, .T. ) ;
#717 = AXIS2_PLACEMENT_3D ( 'NONE', #2788, #1638, #3164 ) ;
#718 = VERTEX_POINT ( 'NONE', #3274 ) ;
#719 = EDGE_LOOP ( 'NONE', ( #1645, #558 ) ) ;
#720 = LINE ( 'NONE', #359, #202 ) ;
#721 = EDGE_CURVE ( 'NONE', #4630, #1320, #3295, .T. ) ;
#722 = DIRECTION ( 'NONE',  ( 0.000000000000000000, 0.000000000000000000, 1.000000000000000000 ) ) ;
#723 = DIRECTION ( 'NONE',  ( 0.000000000000000000, 0.000000000000000000, 1.000000000000000000 ) ) ;
#724 = ORIENTED_EDGE ( 'NONE', *, *, #3389, .F. ) ;
#725 = ORIENTED_EDGE ( 'NONE', *, *, #1334, .F. ) ;
#726 = CIRCLE ( 'NONE', #3397, 8.500000000000000000 ) ;
#727 = CARTESIAN_POINT ( 'NONE',  ( -4.500000000000000000, 5.510910596163088569E-16, -23.00000000000000000 ) ) ;
#728 = CARTESIAN_POINT ( 'NONE',  ( -1.852352712115530098, -7.719877617547980186, -15.00000000000000000 ) ) ;
#729 = DIRECTION ( 'NONE',  ( -0.8660254037844379305, 0.5000000000000011102, 0.000000000000000000 ) ) ;
#730 = CIRCLE ( 'NONE', #3636, 0.3926990816987240285 ) ;
#731 = ORIENTED_EDGE ( 'NONE', *, *, #3960, .F. ) ;
#732 = DIRECTION ( 'NONE',  ( 0.000000000000000000, 0.000000000000000000, 1.000000000000000000 ) ) ;
#733 = CARTESIAN_POINT ( 'NONE',  ( 4.224721244881484594, 4.589630969700020380, -15.00000000000000000 ) ) ;
#734 = DIRECTION ( 'NONE',  ( 1.000000000000000000, -1.340797241298758229E-14, 0.000000000000000000 ) ) ;
#735 = CARTESIAN_POINT ( 'NONE',  ( -4.815542768727910428, 3.984099376590944708, -15.00000000000000000 ) ) ;
#736 = EDGE_CURVE ( 'NONE', #3608, #3544, #2946, .T. ) ;
#737 = ORIENTED_EDGE ( 'NONE', *, *, #152, .F. ) ;
#738 = LINE ( 'NONE', #4352, #1748 ) ;
#739 = LINE ( 'NONE', #1181, #4196 ) ;
#740 = AXIS2_PLACEMENT_3D ( 'NONE', #1213, #3027, #502 ) ;
#741 = EDGE_CURVE ( 'NONE', #665, #1285, #4704, .T. ) ;
#742 = EDGE_LOOP ( 'NONE', ( #1699, #1257, #2866, #903 ) ) ;
#743 = EDGE_LOOP ( 'NONE', ( #2192, #2011, #1190, #2645 ) ) ;
#744 = AXIS2_PLACEMENT_3D ( 'NONE', #185, #4467, #2379 ) ;
#745 = CARTESIAN_POINT ( 'NONE',  ( 7.611786486961230835, 2.255754303312869968, -15.00000000000000000 ) ) ;
#746 = VECTOR ( 'NONE', #1300, 1000.000000000000000 ) ;
#747 = EDGE_CURVE ( 'NONE', #969, #4023, #738, .T. ) ;
#748 = DIRECTION ( 'NONE',  ( 0.000000000000000000, 0.000000000000000000, 1.000000000000000000 ) ) ;
#749 = FACE_OUTER_BOUND ( 'NONE', #4435, .T. ) ;
#750 = CIRCLE ( 'NONE', #1976, 3.946090011793462971 ) ;
#751 = ORIENTED_EDGE ( 'NONE', *, *, #3224, .T. ) ;
#752 = VERTEX_POINT ( 'NONE', #1415 ) ;
#753 = CIRCLE ( 'NONE', #1369, 8.500000000000001776 ) ;
#754 = AXIS2_PLACEMENT_3D ( 'NONE', #4457, #482, #1196 ) ;
#755 = CARTESIAN_POINT ( 'NONE',  ( 1.959434962479250458E-16, -2.149999999999999911, 0.3999999999999990785 ) ) ;
#756 = LINE ( 'NONE', #2125, #3663 ) ;
#757 = DIRECTION ( 'NONE',  ( 1.000000000000000000, 0.000000000000000000, 0.000000000000000000 ) ) ;
#758 = CIRCLE ( 'NONE', #2896, 0.3926990816987240285 ) ;
#759 = AXIS2_PLACEMENT_3D ( 'NONE', #4168, #1693, #3842 ) ;
#760 = VERTEX_POINT ( 'NONE', #1437 ) ;
#761 = DIRECTION ( 'NONE',  ( -0.000000000000000000, -0.000000000000000000, -1.000000000000000000 ) ) ;
#762 = FACE_OUTER_BOUND ( 'NONE', #3, .T. ) ;
#763 = AXIS2_PLACEMENT_3D ( 'NONE', #1702, #2803, #4639 ) ;
#764 = CARTESIAN_POINT ( 'NONE',  ( 4.385651846219070116, 4.973157142624549998, -15.00000000000000000 ) ) ;
#765 = DIRECTION ( 'NONE',  ( 1.000000000000000000, 0.000000000000000000, 0.000000000000000000 ) ) ;
#766 = ORIENTED_EDGE ( 'NONE', *, *, #1734, .F. ) ;
#767 = CYLINDRICAL_SURFACE ( 'NONE', #3496, 1.599999999999999867 ) ;
#768 = ADVANCED_FACE ( 'NONE', ( #715 ), #905, .T. ) ;
#769 = CARTESIAN_POINT ( 'NONE',  ( 1.983727081235675094, -6.327010427417870453, -5.000000000000000000 ) ) ;
#770 = VERTEX_POINT ( 'NONE', #3973 ) ;
#771 = ORIENTED_EDGE ( 'NONE', *, *, #2560, .F. ) ;
#772 = CARTESIAN_POINT ( 'NONE',  ( 7.821107107922423474, -2.217625762118897725, -14.81014041400712422 ) ) ;
#773 = EDGE_CURVE ( 'NONE', #1495, #3058, #2589, .T. ) ;
#774 = DIRECTION ( 'NONE',  ( 0.9945218953682742891, 0.1045284632676436315, 0.000000000000000000 ) ) ;
#775 = DIRECTION ( 'NONE',  ( 0.000000000000000000, 0.000000000000000000, 1.000000000000000000 ) ) ;
#776 = ORIENTED_EDGE ( 'NONE', *, *, #2585, .F. ) ;
#777 = EDGE_CURVE ( 'NONE', #3262, #2718, #3419, .T. ) ;
#778 = ORIENTED_EDGE ( 'NONE', *, *, #1518, .F. ) ;
#779 = CARTESIAN_POINT ( 'NONE',  ( 0.5867961629528900547, 7.069293181989119823, -15.00000000000000000 ) ) ;
#780 = DIRECTION ( 'NONE',  ( -0.000000000000000000, -0.000000000000000000, -1.000000000000000000 ) ) ;
#781 = DIRECTION ( 'NONE',  ( 0.000000000000000000, 0.000000000000000000, 1.000000000000000000 ) ) ;
#782 = VERTEX_POINT ( 'NONE', #4372 ) ;
#783 = CIRCLE ( 'NONE', #2397, 3.946090011793464747 ) ;
#784 = DIRECTION ( 'NONE',  ( 0.4999999999999921729, -0.8660254037844430375, 0.000000000000000000 ) ) ;
#785 = FACE_OUTER_BOUND ( 'NONE', #3382, .T. ) ;
#786 = AXIS2_PLACEMENT_3D ( 'NONE', #1619, #4523, #3790 ) ;
#787 = DIRECTION ( 'NONE',  ( 0.000000000000000000, 0.000000000000000000, 1.000000000000000000 ) ) ;
#788 = ORIENTED_EDGE ( 'NONE', *, *, #2713, .F. ) ;
#789 = DIRECTION ( 'NONE',  ( 0.000000000000000000, 0.000000000000000000, 1.000000000000000000 ) ) ;
#790 = CARTESIAN_POINT ( 'NONE',  ( 5.792318625829840251, -3.072565112851030289, -15.00000000000000000 ) ) ;
#791 = VERTEX_POINT ( 'NONE', #2898 ) ;
#792 = EDGE_CURVE ( 'NONE', #2685, #793, #1939, .T. ) ;
#793 = VERTEX_POINT ( 'NONE', #3665 ) ;
#794 = CARTESIAN_POINT ( 'NONE',  ( -1.589589573837232317, -9.872873672165219716, 1.789844300363214957 ) ) ;
#795 = CARTESIAN_POINT ( 'NONE',  ( 0.000000000000000000, 0.000000000000000000, 0.000000000000000000 ) ) ;
#796 = CYLINDRICAL_SURFACE ( 'NONE', #4118, 0.3926990816987240285 ) ;
#797 = ORIENTED_EDGE ( 'NONE', *, *, #3833, .T. ) ;
#798 = ADVANCED_FACE ( 'NONE', ( #1134 ), #767, .F. ) ;
#799 = VECTOR ( 'NONE', #244, 1000.000000000000227 ) ;
#800 = ORIENTED_EDGE ( 'NONE', *, *, #2202, .T. ) ;
#801 = CARTESIAN_POINT ( 'NONE',  ( -3.374512555159320026, 5.707792839316649491, -15.00000000000000000 ) ) ;
#802 = DIRECTION ( 'NONE',  ( 0.000000000000000000, 0.000000000000000000, -1.000000000000000000 ) ) ;
#803 = CARTESIAN_POINT ( 'NONE',  ( -7.091903755430659650, -0.1553607205271115010, -5.000000000000000000 ) ) ;
#804 = EDGE_CURVE ( 'NONE', #3094, #1285, #1796, .T. ) ;
#805 = VERTEX_POINT ( 'NONE', #1058 ) ;
#806 = VECTOR ( 'NONE', #2437, 1000.000000000000227 ) ;
#807 = CARTESIAN_POINT ( 'NONE',  ( 4.532886174746354691, 7.069293181989119823, -5.000000000000000888 ) ) ;
#808 = EDGE_CURVE ( 'NONE', #782, #3608, #2052, .T. ) ;
#809 = CARTESIAN_POINT ( 'NONE',  ( -5.557078755425729710, -3.480012520356874806, -15.00000000000000000 ) ) ;
#810 = CARTESIAN_POINT ( 'NONE',  ( 0.5615124314547229600, 8.481432885382780285, -15.00000000000000000 ) ) ;
#811 = VECTOR ( 'NONE', #4518, 1000.000000000000000 ) ;
#812 = ADVANCED_FACE ( 'NONE', ( #3319 ), #1161, .T. ) ;
#813 = VERTEX_POINT ( 'NONE', #1248 ) ;
#814 = CARTESIAN_POINT ( 'NONE',  ( 7.064380123510312970, -4.727000472874151704, -5.000000000000000888 ) ) ;
#815 = CARTESIAN_POINT ( 'NONE',  ( -7.892805129291041055, -3.154936955149449496, -15.00000000000000000 ) ) ;
#816 = VERTEX_POINT ( 'NONE', #2324 ) ;
#817 = ORIENTED_EDGE ( 'NONE', *, *, #1975, .F. ) ;
#818 = CARTESIAN_POINT ( 'NONE',  ( -1.398087017566513657, -9.902114334457406741, 2.805464963579992421 ) ) ;
#819 = CARTESIAN_POINT ( 'NONE',  ( 8.215922710922592742, 1.291336172830249929, -14.62314041400568954 ) ) ;
#820 = AXIS2_PLACEMENT_3D ( 'NONE', #4294, #2176, #2084 ) ;
#821 = DIRECTION ( 'NONE',  ( 0.000000000000000000, 0.000000000000000000, 1.000000000000000000 ) ) ;
#822 = ORIENTED_EDGE ( 'NONE', *, *, #4054, .T. ) ;
#823 = ORIENTED_EDGE ( 'NONE', *, *, #260, .F. ) ;
#824 = EDGE_CURVE ( 'NONE', #4188, #3209, #987, .T. ) ;
#825 = AXIS2_PLACEMENT_3D ( 'NONE', #3615, #4015, #2206 ) ;
#826 = CARTESIAN_POINT ( 'NONE',  ( 0.000000000000000000, 0.000000000000000000, -15.00000000000000000 ) ) ;
#827 = DIRECTION ( 'NONE',  ( 1.000000000000000000, -1.779029126518331824E-15, 0.000000000000000000 ) ) ;
#828 = VERTEX_POINT ( 'NONE', #3777 ) ;
#829 = AXIS2_PLACEMENT_3D ( 'NONE', #3153, #583, #1341 ) ;
#830 = AXIS2_PLACEMENT_3D ( 'NONE', #3989, #1504, #3588 ) ;
#831 = PLANE ( 'NONE',  #368 ) ;
#832 = ADVANCED_FACE ( 'NONE', ( #3064 ), #1555, .F. ) ;
#833 = LINE ( 'NONE', #857, #3506 ) ;
#834 = AXIS2_PLACEMENT_3D ( 'NONE', #2652, #3753, #465 ) ;
#835 = AXIS2_PLACEMENT_3D ( 'NONE', #141, #2760, #893 ) ;
#836 = CYLINDRICAL_SURFACE ( 'NONE', #647, 0.3926990816987240285 ) ;
#837 = ADVANCED_FACE ( 'NONE', ( #3015 ), #667, .T. ) ;
#838 = VERTEX_POINT ( 'NONE', #814 ) ;
#839 = AXIS2_PLACEMENT_3D ( 'NONE', #1733, #2716, #4165 ) ;
#840 = VECTOR ( 'NONE', #110, 1000.000000000000000 ) ;
#841 = CYLINDRICAL_SURFACE ( 'NONE', #1666, 3.946090011793464747 ) ;
#842 = CARTESIAN_POINT ( 'NONE',  ( -2.339275608533189832, 6.696792176639190686, -15.00000000000000000 ) ) ;
#843 = VECTOR ( 'NONE', #214, 1000.000000000000000 ) ;
#844 = ORIENTED_EDGE ( 'NONE', *, *, #3281, .F. ) ;
#845 = VERTEX_POINT ( 'NONE', #2345 ) ;
#846 = DIRECTION ( 'NONE',  ( 1.000000000000000000, 0.000000000000000000, 0.000000000000000000 ) ) ;
#847 = FACE_OUTER_BOUND ( 'NONE', #3916, .T. ) ;
#848 = DIRECTION ( 'NONE',  ( 0.000000000000000000, 0.000000000000000000, -1.000000000000000000 ) ) ;
#849 = VERTEX_POINT ( 'NONE', #4440 ) ;
#850 = ORIENTED_EDGE ( 'NONE', *, *, #2585, .T. ) ;
#851 = DIRECTION ( 'NONE',  ( 1.000000000000000000, 1.104359264397054674E-15, 0.000000000000000000 ) ) ;
#852 = PLANE ( 'NONE',  #65 ) ;
#853 = CARTESIAN_POINT ( 'NONE',  ( -5.026920358780699871, -4.209712952485085147, -15.00000000000000000 ) ) ;
#854 = ORIENTED_EDGE ( 'NONE', *, *, #1250, .T. ) ;
#855 = EDGE_CURVE ( 'NONE', #3209, #1435, #3388, .T. ) ;
#856 = DIRECTION ( 'NONE',  ( 0.000000000000000000, 0.000000000000000000, 1.000000000000000000 ) ) ;
#857 = CARTESIAN_POINT ( 'NONE',  ( 4.173803058223460205, 4.635477910895219544, -5.000000000000000000 ) ) ;
#858 = LINE ( 'NONE', #2274, #1960 ) ;
#859 = VECTOR ( 'NONE', #2878, 1000.000000000000114 ) ;
#860 = EDGE_CURVE ( 'NONE', #111, #3576, #1627, .T. ) ;
#861 = ORIENTED_EDGE ( 'NONE', *, *, #4677, .T. ) ;
#862 = CARTESIAN_POINT ( 'NONE',  ( -6.499706345634449711, -1.311507339667445704, -5.000000000000000000 ) ) ;
#863 = CARTESIAN_POINT ( 'NONE',  ( 4.122884871565370091, -4.681324852090479105, -15.00000000000000000 ) ) ;
#864 = EDGE_CURVE ( 'NONE', #20, #3939, #1214, .T. ) ;
#865 = ORIENTED_EDGE ( 'NONE', *, *, #2680, .F. ) ;
#866 = ORIENTED_EDGE ( 'NONE', *, *, #2261, .T. ) ;
#867 = CARTESIAN_POINT ( 'NONE',  ( -0.8019957264137265174, -9.968170109520778865, 3.388426043505090579 ) ) ;
#868 = CARTESIAN_POINT ( 'NONE',  ( 1.606814403260275137, 6.696792176639190686, -15.00000000000000000 ) ) ;
#869 = APPLICATION_PROTOCOL_DEFINITION ( 'draft international standard', 'automotive_design', 1998, #655 ) ;
#870 = CIRCLE ( 'NONE', #4524, 3.946090011793464747 ) ;
#871 = CYLINDRICAL_SURFACE ( 'NONE', #2676, 8.500000000000000000 ) ;
#872 = EDGE_LOOP ( 'NONE', ( #3236, #2158, #3631, #168 ) ) ;
#873 = VERTEX_POINT ( 'NONE', #4484 ) ;
#874 = EDGE_CURVE ( 'NONE', #3425, #1927, #1962, .T. ) ;
#875 = AXIS2_PLACEMENT_3D ( 'NONE', #242, #973, #1732 ) ;
#876 = FACE_OUTER_BOUND ( 'NONE', #1010, .T. ) ;
#877 = FACE_OUTER_BOUND ( 'NONE', #3089, .T. ) ;
#878 = CARTESIAN_POINT ( 'NONE',  ( -6.415585563879099951, 3.026466207034244960, -15.00000000000000000 ) ) ;
#879 = EDGE_LOOP ( 'NONE', ( #1665, #4525, #1449, #3363 ) ) ;
#880 = CIRCLE ( 'NONE', #180, 7.939000000000000057 ) ;
#881 = AXIS2_PLACEMENT_3D ( 'NONE', #657, #2842, #2126 ) ;
#882 = DIRECTION ( 'NONE',  ( 0.000000000000000000, 0.000000000000000000, -1.000000000000000000 ) ) ;
#883 = LINE ( 'NONE', #154, #3423 ) ;
#884 = CYLINDRICAL_SURFACE ( 'NONE', #3402, 0.3926990816987240285 ) ;
#885 = VERTEX_POINT ( 'NONE', #3038 ) ;
#886 = DIRECTION ( 'NONE',  ( 0.000000000000000000, 0.000000000000000000, -1.000000000000000000 ) ) ;
#887 = CIRCLE ( 'NONE', #1498, 0.3926990816987240285 ) ;
#888 = DIRECTION ( 'NONE',  ( 1.000000000000000000, 0.000000000000000000, 0.000000000000000000 ) ) ;
#889 = EDGE_CURVE ( 'NONE', #2627, #1263, #1228, .T. ) ;
#890 = ORIENTED_EDGE ( 'NONE', *, *, #677, .T. ) ;
#891 = EDGE_LOOP ( 'NONE', ( #2344, #4703, #4488, #77 ) ) ;
#892 = DIRECTION ( 'NONE',  ( 0.000000000000000000, 0.000000000000000000, -1.000000000000000000 ) ) ;
#893 = DIRECTION ( 'NONE',  ( 1.000000000000000000, 0.000000000000000000, 0.000000000000000000 ) ) ;
#894 = EDGE_CURVE ( 'NONE', #1073, #2904, #1820, .T. ) ;
#895 = CARTESIAN_POINT ( 'NONE',  ( 4.000000000000000000, 4.898587196589412829E-16, 9.000000000000000000 ) ) ;
#896 = ORIENTED_EDGE ( 'NONE', *, *, #388, .F. ) ;
#897 = VERTEX_POINT ( 'NONE', #2656 ) ;
#898 = CYLINDRICAL_SURFACE ( 'NONE', #1132, 1.074999999999999956 ) ;
#899 = EDGE_CURVE ( 'NONE', #1389, #2704, #4511, .T. ) ;
#900 = DIRECTION ( 'NONE',  ( -1.000000000000000000, 0.000000000000000000, 0.000000000000000000 ) ) ;
#901 = CARTESIAN_POINT ( 'NONE',  ( -5.439534267940760337, -6.531574614738640427, -14.43900000000000006 ) ) ;
#902 = CONICAL_SURFACE ( 'NONE', #1895, 8.500000000000000000, 0.7853981633974476129 ) ;
#903 = ORIENTED_EDGE ( 'NONE', *, *, #2417, .F. ) ;
#904 = AXIS2_PLACEMENT_3D ( 'NONE', #3673, #1116, #1801 ) ;
#905 = CONICAL_SURFACE ( 'NONE', #2358, 8.500000000000000000, 0.7853981633974476129 ) ;
#906 = LINE ( 'NONE', #1356, #3584 ) ;
#907 = CYLINDRICAL_SURFACE ( 'NONE', #3052, 8.500000000000000000 ) ;
#908 = CARTESIAN_POINT ( 'NONE',  ( -7.914448380790329196, 0.6238812609827169009, -15.00000000000000000 ) ) ;
#909 = AXIS2_PLACEMENT_3D ( 'NONE', #1035, #3176, #205 ) ;
#910 = AXIS2_PLACEMENT_3D ( 'NONE', #4321, #2557, #2581 ) ;
#911 = VERTEX_POINT ( 'NONE', #1991 ) ;
#912 = FACE_OUTER_BOUND ( 'NONE', #2795, .T. ) ;
#913 = CIRCLE ( 'NONE', #4646, 8.500000000000000000 ) ;
#914 = AXIS2_PLACEMENT_3D ( 'NONE', #182, #1646, #3105 ) ;
#915 = FACE_OUTER_BOUND ( 'NONE', #1723, .T. ) ;
#916 = ORIENTED_EDGE ( 'NONE', *, *, #2029, .T. ) ;
#917 = CIRCLE ( 'NONE', #598, 3.946090011793464303 ) ;
#918 = CIRCLE ( 'NONE', #3590, 0.3926990816987240285 ) ;
#919 = ORIENTED_EDGE ( 'NONE', *, *, #2034, .T. ) ;
#920 = ADVANCED_FACE ( 'NONE', ( #2682 ), #1180, .F. ) ;
#921 = CARTESIAN_POINT ( 'NONE',  ( -4.000000000000000000, 0.000000000000000000, 9.000000000000000000 ) ) ;
#922 = PLANE ( 'NONE',  #3507 ) ;
#923 = AXIS2_PLACEMENT_3D ( 'NONE', #2260, #3694, #2980 ) ;
#924 = AXIS2_PLACEMENT_3D ( 'NONE', #2183, #1821, #384 ) ;
#925 = DIRECTION ( 'NONE',  ( 0.000000000000000000, 0.000000000000000000, 1.000000000000000000 ) ) ;
#926 = ORIENTED_EDGE ( 'NONE', *, *, #824, .T. ) ;
#927 = B_SPLINE_CURVE_WITH_KNOTS ( 'NONE', 3,
 ( #155, #1602, #3410, #908 ),
 .UNSPECIFIED., .F., .F.,
 ( 4, 4 ),
 ( 0.000000000000000000, 1.000000000000000000 ),
 .UNSPECIFIED. ) ;
#928 = ORIENTED_EDGE ( 'NONE', *, *, #889, .F. ) ;
#929 = DIRECTION ( 'NONE',  ( 0.8090169943749505599, 0.5877852522924688072, 0.000000000000000000 ) ) ;
#930 = EDGE_CURVE ( 'NONE', #348, #1065, #3655, .T. ) ;
#931 = DIRECTION ( 'NONE',  ( 0.000000000000000000, 0.000000000000000000, 1.000000000000000000 ) ) ;
#932 = EDGE_CURVE ( 'NONE', #760, #4028, #750, .T. ) ;
#933 = FACE_OUTER_BOUND ( 'NONE', #1940, .T. ) ;
#934 = ORIENTED_EDGE ( 'NONE', *, *, #3646, .F. ) ;
#935 = CARTESIAN_POINT ( 'NONE',  ( 4.224721244881419757, -4.589630969700080776, -5.000000000000000000 ) ) ;
#936 = CARTESIAN_POINT ( 'NONE',  ( -5.404339115359519496, -3.841790312819965081, -15.00000000000000000 ) ) ;
#937 = CARTESIAN_POINT ( 'NONE',  ( 10.00000000000000000, 1.224646799147353256E-15, -3.000000000000000888 ) ) ;
#938 = EDGE_LOOP ( 'NONE', ( #3123, #3416, #2154, #2289, #1395 ) ) ;
#939 = DIRECTION ( 'NONE',  ( 0.000000000000000000, 0.000000000000000000, 1.000000000000000000 ) ) ;
#940 = DIRECTION ( 'NONE',  ( -1.000000000000000000, 0.000000000000000000, 0.000000000000000000 ) ) ;
#941 = VERTEX_POINT ( 'NONE', #4533 ) ;
#942 = LINE ( 'NONE', #3921, #3336 ) ;
#943 = CARTESIAN_POINT ( 'NONE',  ( 1.599867386014350190, -9.871191638557677450, 1.787557125290758719 ) ) ;
#944 = CARTESIAN_POINT ( 'NONE',  ( -8.493664740175329797, 0.3281147382137464819, -14.43900000000409989 ) ) ;
#945 = ADVANCED_FACE ( 'NONE', ( #912 ), #841, .T. ) ;
#946 = CIRCLE ( 'NONE', #3005, 3.946090011793464747 ) ;
#947 = ORIENTED_EDGE ( 'NONE', *, *, #436, .F. ) ;
#948 = ORIENTED_EDGE ( 'NONE', *, *, #4595, .T. ) ;
#949 = FACE_BOUND ( 'NONE', #1903, .T. ) ;
#950 = VECTOR ( 'NONE', #748, 1000.000000000000000 ) ;
#951 = CARTESIAN_POINT ( 'NONE',  ( -8.500000000000000000, 1.040949779275249943E-15, -15.00000000000000000 ) ) ;
#952 = CYLINDRICAL_SURFACE ( 'NONE', #3775, 3.946090011793464747 ) ;
#953 = VECTOR ( 'NONE', #2027, 1000.000000000000000 ) ;
#954 = ORIENTED_EDGE ( 'NONE', *, *, #2614, .F. ) ;
#955 = CIRCLE ( 'NONE', #1031, 3.946090011793464747 ) ;
#956 = CARTESIAN_POINT ( 'NONE',  ( -5.557078755425679972, 3.480012520356947192, -5.000000000000000888 ) ) ;
#957 = CARTESIAN_POINT ( 'NONE',  ( 6.084994458946449747, -2.634212693780309866, -15.00000000000000000 ) ) ;
#958 = FACE_OUTER_BOUND ( 'NONE', #471, .T. ) ;
#959 = CONICAL_SURFACE ( 'NONE', #2179, 8.500000000000000000, 0.7853981633974476129 ) ;
#960 = ORIENTED_EDGE ( 'NONE', *, *, #1866, .F. ) ;
#961 = CARTESIAN_POINT ( 'NONE',  ( -5.086638884589742560, 3.610967584008704989, -5.000000000000000888 ) ) ;
#962 = DIRECTION ( 'NONE',  ( 0.000000000000000000, 0.000000000000000000, -1.000000000000000000 ) ) ;
#963 = EDGE_CURVE ( 'NONE', #2494, #3098, #3116, .T. ) ;
#964 = ORIENTED_EDGE ( 'NONE', *, *, #2649, .T. ) ;
#965 = CARTESIAN_POINT ( 'NONE',  ( 6.980385132886684829, -4.521411118189556433, -14.62314041400568243 ) ) ;
#966 = DIRECTION ( 'NONE',  ( 0.000000000000000000, 0.000000000000000000, -1.000000000000000000 ) ) ;
#967 = DIRECTION ( 'NONE',  ( 1.000000000000000000, 0.000000000000000000, 0.000000000000000000 ) ) ;
#968 = AXIS2_PLACEMENT_3D ( 'NONE', #3661, #2203, #2965 ) ;
#969 = VERTEX_POINT ( 'NONE', #3175 ) ;
#970 = ORIENTED_EDGE ( 'NONE', *, *, #307, .T. ) ;
#971 = CARTESIAN_POINT ( 'NONE',  ( 4.530988068736880869, 7.191672067113089817, -15.00000000000000000 ) ) ;
#972 = AXIS2_PLACEMENT_3D ( 'NONE', #2018, #2311, #2640 ) ;
#973 = DIRECTION ( 'NONE',  ( 0.000000000000000000, 0.000000000000000000, 1.000000000000000000 ) ) ;
#974 = B_SPLINE_CURVE_WITH_KNOTS ( 'NONE', 3,
 ( #2330, #819, #1275, #3783 ),
 .UNSPECIFIED., .F., .F.,
 ( 4, 4 ),
 ( 0.000000000000000000, 1.000000000000000000 ),
 .UNSPECIFIED. ) ;
#975 = CARTESIAN_POINT ( 'NONE',  ( 0.000000000000000000, 0.000000000000000000, -3.000000000000000888 ) ) ;
#976 = DIRECTION ( 'NONE',  ( 1.000000000000000000, 0.000000000000000000, 0.000000000000000000 ) ) ;
#977 = ORIENTED_EDGE ( 'NONE', *, *, #889, .T. ) ;
#978 = CARTESIAN_POINT ( 'NONE',  ( 3.680498208442089858, -6.064088453133640755, -5.000000000000000000 ) ) ;
#979 = AXIS2_PLACEMENT_3D ( 'NONE', #1591, #4367, #1238 ) ;
#980 = DIRECTION ( 'NONE',  ( 1.000000000000000000, 0.000000000000000000, 0.000000000000000000 ) ) ;
#981 = FACE_OUTER_BOUND ( 'NONE', #2752, .T. ) ;
#982 = VECTOR ( 'NONE', #1851, 1000.000000000000000 ) ;
#983 = LINE ( 'NONE', #608, #4474 ) ;
#984 = EDGE_CURVE ( 'NONE', #2211, #2782, #282, .T. ) ;
#985 = DIRECTION ( 'NONE',  ( 0.000000000000000000, 0.000000000000000000, 1.000000000000000000 ) ) ;
#986 = CARTESIAN_POINT ( 'NONE',  ( -3.255837320807359880, 5.776310017815889708, -15.00000000000000000 ) ) ;
#987 = CIRCLE ( 'NONE', #3729, 0.3926990816987240285 ) ;
#988 = ADVANCED_FACE ( 'NONE', ( #609 ), #4633, .F. ) ;
#989 = ORIENTED_EDGE ( 'NONE', *, *, #3353, .T. ) ;
#990 = CIRCLE ( 'NONE', #367, 0.3926990816987240285 ) ;
#991 = AXIS2_PLACEMENT_3D ( 'NONE', #4556, #1292, #3485 ) ;
#992 = LINE ( 'NONE', #1396, #1899 ) ;
#993 = CARTESIAN_POINT ( 'NONE',  ( 0.000000000000000000, 0.000000000000000000, -5.000000000000000888 ) ) ;
#994 = DIRECTION ( 'NONE',  ( 0.000000000000000000, 0.000000000000000000, -1.000000000000000000 ) ) ;
#995 = CIRCLE ( 'NONE', #1674, 0.3926990816987240285 ) ;
#996 = CIRCLE ( 'NONE', #2062, 3.946090011793464747 ) ;
#997 = ORIENTED_EDGE ( 'NONE', *, *, #4135, .T. ) ;
#998 = ORIENTED_EDGE ( 'NONE', *, *, #4588, .F. ) ;
#999 = DIRECTION ( 'NONE',  ( 1.000000000000000000, 0.000000000000000000, 0.000000000000000000 ) ) ;
#1000 = AXIS2_PLACEMENT_3D ( 'NONE', #571, #3503, #1448 ) ;
#1001 = AXIS2_PLACEMENT_3D ( 'NONE', #993, #1753, #4665 ) ;
#1002 = CARTESIAN_POINT ( 'NONE',  ( -0.2352398704040684907, 6.552577633207929075, -15.00000000000000000 ) ) ;
#1003 = DIRECTION ( 'NONE',  ( 0.000000000000000000, 0.000000000000000000, -1.000000000000000000 ) ) ;
#1004 = DIRECTION ( 'NONE',  ( 1.000000000000000000, 0.000000000000000000, 0.000000000000000000 ) ) ;
#1005 = ORIENTED_EDGE ( 'NONE', *, *, #4450, .F. ) ;
#1006 = DIRECTION ( 'NONE',  ( 1.000000000000000000, 0.000000000000000000, 0.000000000000000000 ) ) ;
#1007 = LINE ( 'NONE', #3170, #4414 ) ;
#1008 = DIRECTION ( 'NONE',  ( 1.000000000000000000, 0.000000000000000000, 0.000000000000000000 ) ) ;
#1009 = ADVANCED_FACE ( 'NONE', ( #3133 ), #2775, .F. ) ;
#1010 = EDGE_LOOP ( 'NONE', ( #2455, #4013, #4569, #428 ) ) ;
#1011 = ORIENTED_EDGE ( 'NONE', *, *, #3581, .F. ) ;
#1012 = DIRECTION ( 'NONE',  ( 0.000000000000000000, 0.000000000000000000, -1.000000000000000000 ) ) ;
#1013 = DIRECTION ( 'NONE',  ( 0.000000000000000000, 0.000000000000000000, -1.000000000000000000 ) ) ;
#1014 = ORIENTED_EDGE ( 'NONE', *, *, #4198, .F. ) ;
#1015 = DIRECTION ( 'NONE',  ( 0.9510565162951502005, -0.3090169943749575543, 0.000000000000000000 ) ) ;
#1016 = ADVANCED_FACE ( 'NONE', ( #253 ), #4247, .T. ) ;
#1017 = DIRECTION ( 'NONE',  ( 1.000000000000000000, 0.000000000000000000, 0.000000000000000000 ) ) ;
#1018 = DIRECTION ( 'NONE',  ( -0.000000000000000000, -0.000000000000000000, -1.000000000000000000 ) ) ;
#1019 = ORIENTED_EDGE ( 'NONE', *, *, #2145, .T. ) ;
#1020 = ORIENTED_EDGE ( 'NONE', *, *, #1220, .F. ) ;
#1021 = CARTESIAN_POINT ( 'NONE',  ( 7.064380123506980524, 4.727000472871790038, -14.43900000000408035 ) ) ;
#1022 = SURFACE_STYLE_FILL_AREA ( #2408 ) ;
#1023 = FACE_OUTER_BOUND ( 'NONE', #3675, .T. ) ;
#1024 = EDGE_CURVE ( 'NONE', #3939, #20, #1059, .T. ) ;
#1025 = VERTEX_POINT ( 'NONE', #633 ) ;
#1026 = ORIENTED_EDGE ( 'NONE', *, *, #3979, .T. ) ;
#1027 = DIRECTION ( 'NONE',  ( 0.000000000000000000, 0.000000000000000000, -1.000000000000000000 ) ) ;
#1028 = DIRECTION ( 'NONE',  ( 0.4999999999999921174, -0.8660254037844432595, 0.000000000000000000 ) ) ;
#1029 = FACE_OUTER_BOUND ( 'NONE', #274, .T. ) ;
#1030 = VERTEX_POINT ( 'NONE', #3897 ) ;
#1031 = AXIS2_PLACEMENT_3D ( 'NONE', #1709, #3882, #2858 ) ;
#1032 = CARTESIAN_POINT ( 'NONE',  ( 3.416927169439189615, 7.166053985196339404, -15.00000000000000000 ) ) ;
#1033 = AXIS2_PLACEMENT_3D ( 'NONE', #3504, #4548, #1353 ) ;
#1034 = DIRECTION ( 'NONE',  ( -0.3090169943749576098, -0.9510565162951503115, 0.000000000000000000 ) ) ;
#1035 = CARTESIAN_POINT ( 'NONE',  ( 0.000000000000000000, 0.000000000000000000, -5.000000000000000888 ) ) ;
#1036 = ORIENTED_EDGE ( 'NONE', *, *, #554, .F. ) ;
#1037 = CARTESIAN_POINT ( 'NONE',  ( 0.2068215526979305108, -7.936305553929969392, -15.00000000000000000 ) ) ;
#1038 = EDGE_CURVE ( 'NONE', #3229, #2718, #4295, .T. ) ;
#1039 = DIRECTION ( 'NONE',  ( 0.000000000000000000, 0.000000000000000000, 1.000000000000000000 ) ) ;
#1040 = ORIENTED_EDGE ( 'NONE', *, *, #1649, .F. ) ;
#1041 = ORIENTED_EDGE ( 'NONE', *, *, #388, .T. ) ;
#1042 = CARTESIAN_POINT ( 'NONE',  ( 1.992703809495070200, -5.911185461699400179, -5.000000000000000000 ) ) ;
#1043 = ADVANCED_FACE ( 'NONE', ( #4225 ), #3152, .T. ) ;
#1044 = CARTESIAN_POINT ( 'NONE',  ( 1.983727081235675094, -6.327010427417870453, -15.00000000000000000 ) ) ;
#1045 = AXIS2_PLACEMENT_3D ( 'NONE', #1245, #130, #3366 ) ;
#1046 = CARTESIAN_POINT ( 'NONE',  ( 0.5867961629528900547, 7.069293181989119823, -5.000000000000000000 ) ) ;
#1047 = ORIENTED_EDGE ( 'NONE', *, *, #507, .F. ) ;
#1048 = EDGE_LOOP ( 'NONE', ( #4335, #1429, #3534, #1011 ) ) ;
#1049 = CARTESIAN_POINT ( 'NONE',  ( 1.383878330584326521, -1.646940594115603673, 2.809251415615268144 ) ) ;
#1050 = CARTESIAN_POINT ( 'NONE',  ( -1.271497723261852952, -1.735180056718086172, 2.976387201335870980 ) ) ;
#1051 = LINE ( 'NONE', #4003, #4615 ) ;
#1052 = VERTEX_POINT ( 'NONE', #961 ) ;
#1053 = ORIENTED_EDGE ( 'NONE', *, *, #4148, .F. ) ;
#1054 = CARTESIAN_POINT ( 'NONE',  ( 6.457175140144524761, -5.241547892804820918, -14.62314041400846065 ) ) ;
#1055 = CYLINDRICAL_SURFACE ( 'NONE', #2819, 0.3926990816987240285 ) ;
#1056 = AXIS2_PLACEMENT_3D ( 'NONE', #4664, #1701, #3155 ) ;
#1057 = ORIENTED_EDGE ( 'NONE', *, *, #3313, .T. ) ;
#1058 = CARTESIAN_POINT ( 'NONE',  ( 1.592456809767689885, 6.360478971340839394, -15.00000000000000000 ) ) ;
#1059 = CIRCLE ( 'NONE', #1517, 5.000000000000000000 ) ;
#1060 = CARTESIAN_POINT ( 'NONE',  ( 5.726245996640159319, -2.474487587551220003, -5.000000000000000000 ) ) ;
#1061 = ORIENTED_EDGE ( 'NONE', *, *, #930, .T. ) ;
#1062 = AXIS2_PLACEMENT_3D ( 'NONE', #3591, #4248, #2445 ) ;
#1063 = EDGE_CURVE ( 'NONE', #1030, #4018, #2796, .T. ) ;
#1064 = AXIS2_PLACEMENT_3D ( 'NONE', #4276, #2442, #1673 ) ;
#1065 = VERTEX_POINT ( 'NONE', #2419 ) ;
#1066 = DIRECTION ( 'NONE',  ( 0.000000000000000000, 0.000000000000000000, 1.000000000000000000 ) ) ;
#1067 = DIRECTION ( 'NONE',  ( 1.000000000000000000, 0.000000000000000000, 0.000000000000000000 ) ) ;
#1068 = AXIS2_PLACEMENT_3D ( 'NONE', #2171, #2532, #1123 ) ;
#1069 = AXIS2_PLACEMENT_3D ( 'NONE', #779, #3698, #1276 ) ;
#1070 = DIRECTION ( 'NONE',  ( 0.000000000000000000, 0.000000000000000000, 1.000000000000000000 ) ) ;
#1071 = ORIENTED_EDGE ( 'NONE', *, *, #2115, .F. ) ;
#1072 = EDGE_CURVE ( 'NONE', #1768, #4087, #4486, .T. ) ;
#1073 = VERTEX_POINT ( 'NONE', #3870 ) ;
#1074 = AXIS2_PLACEMENT_3D ( 'NONE', #1928, #479, #3789 ) ;
#1075 = AXIS2_PLACEMENT_3D ( 'NONE', #668, #4280, #213 ) ;
#1076 = CARTESIAN_POINT ( 'NONE',  ( 0.5348955201525551484, -2.084857776713338939, 3.511613679885928541 ) ) ;
#1077 = ADVANCED_FACE ( 'NONE', ( #582 ), #538, .F. ) ;
#1078 = CARTESIAN_POINT ( 'NONE',  ( -0.6249184492352619635, 6.601190120977250331, -5.000000000000000000 ) ) ;
#1079 = DIRECTION ( 'NONE',  ( 1.000000000000000000, 0.000000000000000000, 0.000000000000000000 ) ) ;
#1080 = ORIENTED_EDGE ( 'NONE', *, *, #3478, .F. ) ;
#1081 = CARTESIAN_POINT ( 'NONE',  ( 4.530988068739055130, 7.191672067116545719, -5.000000000000000888 ) ) ;
#1082 = FACE_OUTER_BOUND ( 'NONE', #1424, .T. ) ;
#1083 = CARTESIAN_POINT ( 'NONE',  ( 0.8958154394416970590, -7.036813947251419954, -5.000000000000000000 ) ) ;
#1084 = ORIENTED_EDGE ( 'NONE', *, *, #1563, .F. ) ;
#1085 = CARTESIAN_POINT ( 'NONE',  ( -2.339275608533275097, -6.696792176639159599, -15.00000000000000000 ) ) ;
#1086 = DIRECTION ( 'NONE',  ( 0.000000000000000000, 0.000000000000000000, 1.000000000000000000 ) ) ;
#1087 = ORIENTED_EDGE ( 'NONE', *, *, #1460, .F. ) ;
#1088 = ORIENTED_EDGE ( 'NONE', *, *, #3165, .T. ) ;
#1089 = DIRECTION ( 'NONE',  ( 0.000000000000000000, 0.000000000000000000, 1.000000000000000000 ) ) ;
#1090 = B_SPLINE_CURVE_WITH_KNOTS ( 'NONE', 3,
 ( #2471, #3901, #965, #211 ),
 .UNSPECIFIED., .F., .F.,
 ( 4, 4 ),
 ( 0.000000000000000000, 1.000000000000000000 ),
 .UNSPECIFIED. ) ;
#1091 = CARTESIAN_POINT ( 'NONE',  ( 4.712107964534140159, 4.559347537358659608, -15.00000000000000000 ) ) ;
#1092 = EDGE_CURVE ( 'NONE', #2148, #3018, #2820, .T. ) ;
#1093 = PLANE ( 'NONE',  #1678 ) ;
#1094 = B_SPLINE_CURVE_WITH_KNOTS ( 'NONE', 3,
 ( #1934, #1987, #2698, #1553 ),
 .UNSPECIFIED., .F., .F.,
 ( 4, 4 ),
 ( 0.000000000000000000, 1.000000000000000000 ),
 .UNSPECIFIED. ) ;
#1095 = ORIENTED_EDGE ( 'NONE', *, *, #1622, .T. ) ;
#1096 = ORIENTED_EDGE ( 'NONE', *, *, #1858, .T. ) ;
#1097 = CARTESIAN_POINT ( 'NONE',  ( 1.208210392162116786, -1.780354119958910131, 3.053718576602369339 ) ) ;
#1098 = ADVANCED_FACE ( 'NONE', ( #2035 ), #4203, .T. ) ;
#1099 = CARTESIAN_POINT ( 'NONE',  ( -1.990033307880531011, -7.882090322240538072, -14.81014041400566938 ) ) ;
#1100 = DIRECTION ( 'NONE',  ( -0.9510565162951543083, -0.3090169943749450643, 0.000000000000000000 ) ) ;
#1101 = AXIS2_PLACEMENT_3D ( 'NONE', #2673, #2693, #1262 ) ;
#1102 = ORIENTED_EDGE ( 'NONE', *, *, #3066, .T. ) ;
#1103 = CARTESIAN_POINT ( 'NONE',  ( 1.447748701012383954, -7.805878854985969895, -15.00000000000000000 ) ) ;
#1104 = B_SPLINE_CURVE_WITH_KNOTS ( 'NONE', 3,
 ( #3283, #3998, #2, #1117 ),
 .UNSPECIFIED., .F., .F.,
 ( 4, 4 ),
 ( 2.593643580360110174E-07, 0.0001595253263164169908 ),
 .UNSPECIFIED. ) ;
#1105 = CARTESIAN_POINT ( 'NONE',  ( -1.132258180102180045, -6.458297209747799528, -15.00000000000000000 ) ) ;
#1106 = DIRECTION ( 'NONE',  ( 1.000000000000000000, 0.000000000000000000, 0.000000000000000000 ) ) ;
#1107 = DIRECTION ( 'NONE',  ( 0.000000000000000000, 0.000000000000000000, 1.000000000000000000 ) ) ;
#1108 = EDGE_LOOP ( 'NONE', ( #4366, #4513, #3444, #3158 ) ) ;
#1109 = CYLINDRICAL_SURFACE ( 'NONE', #364, 3.946090011793464747 ) ;
#1110 = MECHANICAL_DESIGN_GEOMETRIC_PRESENTATION_REPRESENTATION (  '', ( #4527 ), #2101 ) ;
#1111 = EDGE_CURVE ( 'NONE', #2718, #1630, #1671, .T. ) ;
#1112 = DIRECTION ( 'NONE',  ( 1.000000000000000000, 0.000000000000000000, 0.000000000000000000 ) ) ;
#1113 = VERTEX_POINT ( 'NONE', #3463 ) ;
#1114 = EDGE_LOOP ( 'NONE', ( #4717, #4050, #4022, #1935 ) ) ;
#1115 = LINE ( 'NONE', #314, #2885 ) ;
#1116 = DIRECTION ( 'NONE',  ( 0.000000000000000000, 0.000000000000000000, 1.000000000000000000 ) ) ;
#1117 = CARTESIAN_POINT ( 'NONE',  ( 4.532886174746360908, 7.069293181989119823, -14.54126440246391994 ) ) ;
#1118 = ORIENTED_EDGE ( 'NONE', *, *, #3048, .T. ) ;
#1119 = ORIENTED_EDGE ( 'NONE', *, *, #2366, .T. ) ;
#1120 = AXIS2_PLACEMENT_3D ( 'NONE', #3628, #3607, #2553 ) ;
#1121 = AXIS2_PLACEMENT_3D ( 'NONE', #4629, #4201, #1008 ) ;
#1122 = DIRECTION ( 'NONE',  ( -1.000000000000000000, 0.000000000000000000, 0.000000000000000000 ) ) ;
#1123 = DIRECTION ( 'NONE',  ( 1.000000000000000000, 0.000000000000000000, 0.000000000000000000 ) ) ;
#1124 = LINE ( 'NONE', #3239, #4237 ) ;
#1125 = ORIENTED_EDGE ( 'NONE', *, *, #4067, .T. ) ;
#1126 = EDGE_CURVE ( 'NONE', #1988, #3576, #1982, .T. ) ;
#1127 = DIRECTION ( 'NONE',  ( 1.000000000000000000, 0.000000000000000000, 0.000000000000000000 ) ) ;
#1128 = CARTESIAN_POINT ( 'NONE',  ( 1.862376391315335056, -5.953531406825179673, -15.00000000000000000 ) ) ;
#1129 = DIRECTION ( 'NONE',  ( 0.000000000000000000, 0.000000000000000000, 1.000000000000000000 ) ) ;
#1130 = CARTESIAN_POINT ( 'NONE',  ( -3.255837320807440260, -5.776310017815849740, -5.000000000000000000 ) ) ;
#1131 = EDGE_CURVE ( 'NONE', #4, #885, #210, .T. ) ;
#1132 = AXIS2_PLACEMENT_3D ( 'NONE', #2360, #761, #3451 ) ;
#1133 = ORIENTED_EDGE ( 'NONE', *, *, #333, .T. ) ;
#1134 = FACE_OUTER_BOUND ( 'NONE', #4202, .T. ) ;
#1135 = DIRECTION ( 'NONE',  ( 1.000000000000000000, 0.000000000000000000, -0.000000000000000000 ) ) ;
#1136 = ORIENTED_EDGE ( 'NONE', *, *, #4191, .F. ) ;
#1137 = EDGE_LOOP ( 'NONE', ( #1930, #3946, #302, #4232 ) ) ;
#1138 = AXIS2_PLACEMENT_3D ( 'NONE', #4136, #892, #4446 ) ;
#1139 = DIRECTION ( 'NONE',  ( 0.000000000000000000, 0.000000000000000000, -1.000000000000000000 ) ) ;
#1140 = VECTOR ( 'NONE', #4285, 1000.000000000000000 ) ;
#1141 = CARTESIAN_POINT ( 'NONE',  ( -4.931093259559700570, -3.952653436444991009, -15.00000000000000000 ) ) ;
#1142 = CARTESIAN_POINT ( 'NONE',  ( 0.000000000000000000, 0.000000000000000000, -5.000000000000000888 ) ) ;
#1143 = AXIS2_PLACEMENT_3D ( 'NONE', #2776, #4204, #2468 ) ;
#1144 = VERTEX_POINT ( 'NONE', #1105 ) ;
#1145 = ORIENTED_EDGE ( 'NONE', *, *, #83, .T. ) ;
#1146 = VECTOR ( 'NONE', #882, 1000.000000000000000 ) ;
#1147 = FACE_OUTER_BOUND ( 'NONE', #1572, .T. ) ;
#1148 = DIRECTION ( 'NONE',  ( 1.000000000000000000, 0.000000000000000000, 0.000000000000000000 ) ) ;
#1149 = CARTESIAN_POINT ( 'NONE',  ( -1.852352712115530098, -7.719877617547980186, -15.00000000000000000 ) ) ;
#1150 = AXIS2_PLACEMENT_3D ( 'NONE', #1637, #4622, #3884 ) ;
#1151 = AXIS2_PLACEMENT_3D ( 'NONE', #1525, #1652, #1302 ) ;
#1152 = ORIENTED_EDGE ( 'NONE', *, *, #2996, .F. ) ;
#1153 = CARTESIAN_POINT ( 'NONE',  ( 0.000000000000000000, -2.149999999999999911, 3.599999999999999201 ) ) ;
#1154 = VECTOR ( 'NONE', #4184, 1000.000000000000000 ) ;
#1155 = AXIS2_PLACEMENT_3D ( 'NONE', #1894, #3346, #1112 ) ;
#1156 = DIRECTION ( 'NONE',  ( 0.000000000000000000, 0.000000000000000000, -1.000000000000000000 ) ) ;
#1157 = EDGE_CURVE ( 'NONE', #1435, #1404, #4415, .T. ) ;
#1158 = DIRECTION ( 'NONE',  ( 0.5877852522924796874, 0.8090169943749425663, 0.000000000000000000 ) ) ;
#1159 = B_SPLINE_CURVE_WITH_KNOTS ( 'NONE', 3,
 ( #1406, #2863, #3959, #1426, #2884, #4339, #3091, #3831, #1254, #4563, #943, #2985, #3447, #3807, #4073, #1880, #27, #4540, #1612, #3421, #4053, #1171, #2266, #3718 ),
 .UNSPECIFIED., .F., .F.,
 ( 4, 2, 2, 2, 2, 2, 2, 2, 2, 2, 2, 4 ),
 ( 0.005010384296457736503, 0.005636527171741897296, 0.006262670047026058090, 0.006575741484668138487, 0.006888812922310218016, 0.007514955797594377943, 0.007828027235236458339, 0.008141098672878537001, 0.008454170110520617398, 0.008767241548162697795, 0.009393384423446858589, 0.01001952729873101765 ),
 .UNSPECIFIED. ) ;
#1160 = ORIENTED_EDGE ( 'NONE', *, *, #2202, .F. ) ;
#1161 = CYLINDRICAL_SURFACE ( 'NONE', #4029, 3.946090011793464747 ) ;
#1162 = DIRECTION ( 'NONE',  ( 0.000000000000000000, 0.000000000000000000, 1.000000000000000000 ) ) ;
#1163 = EDGE_CURVE ( 'NONE', #3711, #519, #2570, .T. ) ;
#1164 = EDGE_LOOP ( 'NONE', ( #2638, #2521 ) ) ;
#1165 = ORIENTED_EDGE ( 'NONE', *, *, #12, .T. ) ;
#1166 = CARTESIAN_POINT ( 'NONE',  ( 0.000000000000000000, -10.00000000000000000, 3.599999999999999201 ) ) ;
#1167 = CARTESIAN_POINT ( 'NONE',  ( -5.323792341258430483, -3.952653436444991009, -5.000000000000000000 ) ) ;
#1168 = ORIENTED_EDGE ( 'NONE', *, *, #4464, .T. ) ;
#1169 = ORIENTED_EDGE ( 'NONE', *, *, #2089, .T. ) ;
#1170 = EDGE_CURVE ( 'NONE', #472, #19, #4338, .T. ) ;
#1171 = CARTESIAN_POINT ( 'NONE',  ( 0.4220761390956574433, -9.992947538708630617, 3.557325439187053462 ) ) ;
#1172 = ADVANCED_FACE ( 'NONE', ( #33 ), #2487, .F. ) ;
#1173 = DIRECTION ( 'NONE',  ( 0.000000000000000000, 0.000000000000000000, 1.000000000000000000 ) ) ;
#1174 = CARTESIAN_POINT ( 'NONE',  ( -5.226291285958002852, 6.469529696773389738, -14.62314041400569664 ) ) ;
#1175 = ORIENTED_EDGE ( 'NONE', *, *, #2877, .T. ) ;
#1176 = CARTESIAN_POINT ( 'NONE',  ( 4.000000000000000000, 4.898587196589412829E-16, 6.999999999999999112 ) ) ;
#1177 = CARTESIAN_POINT ( 'NONE',  ( 0.5867961629527920220, -7.069293181989130481, -15.00000000000000000 ) ) ;
#1178 = CARTESIAN_POINT ( 'NONE',  ( 4.041821550212634229, -5.162876135651649712, -15.00000000000000000 ) ) ;
#1179 = ORIENTED_EDGE ( 'NONE', *, *, #260, .T. ) ;
#1180 = CYLINDRICAL_SURFACE ( 'NONE', #4256, 0.3926990816987240285 ) ;
#1181 = CARTESIAN_POINT ( 'NONE',  ( 6.237650794268060572, -0.3926990816987240285, -15.00000000000000000 ) ) ;
#1182 = VECTOR ( 'NONE', #4596, 1000.000000000000000 ) ;
#1183 = EDGE_LOOP ( 'NONE', ( #540, #3026, #3412, #2777 ) ) ;
#1184 = ORIENTED_EDGE ( 'NONE', *, *, #899, .T. ) ;
#1185 = DIRECTION ( 'NONE',  ( 1.000000000000000000, 0.000000000000000000, 0.000000000000000000 ) ) ;
#1186 = EDGE_CURVE ( 'NONE', #2554, #911, #3660, .T. ) ;
#1187 = CARTESIAN_POINT ( 'NONE',  ( -5.323792341258370087, 3.952653436445065616, -15.00000000000000000 ) ) ;
#1188 = DIRECTION ( 'NONE',  ( 0.000000000000000000, 0.000000000000000000, -1.000000000000000000 ) ) ;
#1189 = EDGE_LOOP ( 'NONE', ( #336, #3219, #3736, #1425 ) ) ;
#1190 = ORIENTED_EDGE ( 'NONE', *, *, #2828, .T. ) ;
#1191 = ADVANCED_FACE ( 'NONE', ( #1082 ), #1432, .T. ) ;
#1192 = DIRECTION ( 'NONE',  ( 0.000000000000000000, 0.000000000000000000, 1.000000000000000000 ) ) ;
#1193 = EDGE_CURVE ( 'NONE', #4444, #3641, #2130, .T. ) ;
#1194 = CARTESIAN_POINT ( 'NONE',  ( -3.059487779957997144, 5.436222637021975501, -5.000000000000000888 ) ) ;
#1195 = ORIENTED_EDGE ( 'NONE', *, *, #83, .F. ) ;
#1196 = DIRECTION ( 'NONE',  ( -0.8090169943749426773, 0.5877852522924796874, 0.000000000000000000 ) ) ;
#1197 = DIRECTION ( 'NONE',  ( 1.000000000000000000, 0.000000000000000000, 0.000000000000000000 ) ) ;
#1198 = DIRECTION ( 'NONE',  ( 0.000000000000000000, 0.000000000000000000, 1.000000000000000000 ) ) ;
#1199 = ORIENTED_EDGE ( 'NONE', *, *, #1518, .T. ) ;
#1200 = DIRECTION ( 'NONE',  ( 1.000000000000000000, 0.000000000000000000, 0.000000000000000000 ) ) ;
#1201 = CARTESIAN_POINT ( 'NONE',  ( 6.084994458946449747, -2.634212693780309866, -5.000000000000000000 ) ) ;
#1202 = ORIENTED_EDGE ( 'NONE', *, *, #2967, .F. ) ;
#1203 = VERTEX_POINT ( 'NONE', #11 ) ;
#1204 = LINE ( 'NONE', #4088, #4172 ) ;
#1205 = DIRECTION ( 'NONE',  ( 1.000000000000000000, 3.571795929689314353E-15, 0.000000000000000000 ) ) ;
#1206 = SHAPE_DEFINITION_REPRESENTATION ( #4618, #1315 ) ;
#1207 = DIRECTION ( 'NONE',  ( -0.1045284632676571762, -0.9945218953682729568, 0.000000000000000000 ) ) ;
#1208 = EDGE_CURVE ( 'NONE', #1595, #1279, #2538, .T. ) ;
#1209 = B_SPLINE_CURVE_WITH_KNOTS ( 'NONE', 3,
 ( #166, #2624, #497, #1969 ),
 .UNSPECIFIED., .F., .F.,
 ( 4, 4 ),
 ( 0.0006999228709516739115, 0.0008591888329101239966 ),
 .UNSPECIFIED. ) ;
#1210 = ORIENTED_EDGE ( 'NONE', *, *, #3587, .F. ) ;
#1211 = AXIS2_PLACEMENT_3D ( 'NONE', #4330, #1139, #2595 ) ;
#1212 = VERTEX_POINT ( 'NONE', #2177 ) ;
#1213 = CARTESIAN_POINT ( 'NONE',  ( 4.385651846218999950, -4.973157142624609506, -15.00000000000000000 ) ) ;
#1214 = CIRCLE ( 'NONE', #4177, 5.000000000000000000 ) ;
#1215 = FACE_BOUND ( 'NONE', #3327, .T. ) ;
#1216 = CARTESIAN_POINT ( 'NONE',  ( -5.023920847059990535, 6.391228343355246366, -14.81014041400569781 ) ) ;
#1217 = ORIENTED_EDGE ( 'NONE', *, *, #1063, .F. ) ;
#1218 = AXIS2_PLACEMENT_3D ( 'NONE', #3516, #3898, #2109 ) ;
#1219 = CIRCLE ( 'NONE', #754, 3.946090011793466079 ) ;
#1220 = EDGE_CURVE ( 'NONE', #4694, #2757, #2058, .T. ) ;
#1221 = CARTESIAN_POINT ( 'NONE',  ( -8.304868974610601029, -0.4450690032612114599, -14.62314041400568065 ) ) ;
#1222 = FACE_OUTER_BOUND ( 'NONE', #879, .T. ) ;
#1223 = VECTOR ( 'NONE', #3679, 1000.000000000000000 ) ;
#1224 = AXIS2_PLACEMENT_3D ( 'NONE', #1475, #4695, #2933 ) ;
#1225 = CARTESIAN_POINT ( 'NONE',  ( -0.7201538861514836798, -6.196318295184900293, -5.000000000000000888 ) ) ;
#1226 = ORIENTED_EDGE ( 'NONE', *, *, #4359, .T. ) ;
#1227 = AXIS2_PLACEMENT_3D ( 'NONE', #4041, #1847, #1135 ) ;
#1228 = LINE ( 'NONE', #2725, #3263 ) ;
#1229 = LINE ( 'NONE', #863, #2984 ) ;
#1230 = CIRCLE ( 'NONE', #4578, 8.500000000000000000 ) ;
#1231 = ORIENTED_EDGE ( 'NONE', *, *, #3281, .T. ) ;
#1232 = EDGE_LOOP ( 'NONE', ( #3241, #2071, #239, #3828 ) ) ;
#1233 = CARTESIAN_POINT ( 'NONE',  ( -1.600039360044322345, -9.871163763604984709, 1.896058965117878969 ) ) ;
#1234 = CARTESIAN_POINT ( 'NONE',  ( -2.880075745088639838, 5.890396857461869473, -15.00000000000000000 ) ) ;
#1235 = FACE_OUTER_BOUND ( 'NONE', #743, .T. ) ;
#1236 = ORIENTED_EDGE ( 'NONE', *, *, #3138, .T. ) ;
#1237 = ORIENTED_EDGE ( 'NONE', *, *, #355, .T. ) ;
#1238 = DIRECTION ( 'NONE',  ( 1.000000000000000000, 0.000000000000000000, 0.000000000000000000 ) ) ;
#1239 = CARTESIAN_POINT ( 'NONE',  ( 0.000000000000000000, 0.000000000000000000, -15.00000000000000000 ) ) ;
#1240 = CARTESIAN_POINT ( 'NONE',  ( -0.7201538861514790169, -6.196318295184919833, -15.00000000000000000 ) ) ;
#1241 = ORIENTED_EDGE ( 'NONE', *, *, #874, .F. ) ;
#1242 = EDGE_CURVE ( 'NONE', #3160, #2395, #2365, .T. ) ;
#1243 = DIRECTION ( 'NONE',  ( 1.000000000000000000, 0.000000000000000000, 0.000000000000000000 ) ) ;
#1244 = DIRECTION ( 'NONE',  ( 0.000000000000000000, 0.000000000000000000, 1.000000000000000000 ) ) ;
#1245 = CARTESIAN_POINT ( 'NONE',  ( -3.374512555159320026, 5.707792839316649491, -5.000000000000000000 ) ) ;
#1246 = ORIENTED_EDGE ( 'NONE', *, *, #2793, .T. ) ;
#1247 = EDGE_CURVE ( 'NONE', #3713, #3455, #3502, .T. ) ;
#1248 = CARTESIAN_POINT ( 'NONE',  ( -5.759433774845649445, 5.464123314235069806, -15.00000000000000000 ) ) ;
#1249 = CARTESIAN_POINT ( 'NONE',  ( -3.059487779958000253, 5.436222637021980830, -15.00000000000000000 ) ) ;
#1250 = EDGE_CURVE ( 'NONE', #1502, #4709, #3120, .T. ) ;
#1251 = ORIENTED_EDGE ( 'NONE', *, *, #1294, .T. ) ;
#1252 = ORIENTED_EDGE ( 'NONE', *, *, #4236, .F. ) ;
#1253 = CARTESIAN_POINT ( 'NONE',  ( 5.792318625829880219, 3.072565112850955238, -15.00000000000000000 ) ) ;
#1254 = CARTESIAN_POINT ( 'NONE',  ( 1.437184413467759381, -9.896270002694679491, 1.289002193623670189 ) ) ;
#1255 = CARTESIAN_POINT ( 'NONE',  ( -5.439534267936030787, -6.531574614737269968, -15.00000000000000000 ) ) ;
#1256 = ORIENTED_EDGE ( 'NONE', *, *, #3947, .F. ) ;
#1257 = ORIENTED_EDGE ( 'NONE', *, *, #2671, .F. ) ;
#1258 = DIRECTION ( 'NONE',  ( 0.000000000000000000, 0.000000000000000000, -1.000000000000000000 ) ) ;
#1259 = CIRCLE ( 'NONE', #2630, 7.939000000000000057 ) ;
#1260 = B_SPLINE_CURVE_WITH_KNOTS ( 'NONE', 3,
 ( #3044, #520, #2731, #3830 ),
 .UNSPECIFIED., .F., .F.,
 ( 4, 4 ),
 ( 0.000000000000000000, 1.000000000000000000 ),
 .UNSPECIFIED. ) ;
#1261 = LINE ( 'NONE', #4055, #4347 ) ;
#1262 = DIRECTION ( 'NONE',  ( 1.000000000000000000, 0.000000000000000000, 0.000000000000000000 ) ) ;
#1263 = VERTEX_POINT ( 'NONE', #4680 ) ;
#1264 = FACE_OUTER_BOUND ( 'NONE', #4344, .T. ) ;
#1265 = CARTESIAN_POINT ( 'NONE',  ( 0.5615124314546109385, -8.481432885382790943, -14.43900000000409989 ) ) ;
#1266 = FACE_OUTER_BOUND ( 'NONE', #1871, .T. ) ;
#1267 = EDGE_CURVE ( 'NONE', #2849, #3205, #1902, .T. ) ;
#1268 = ORIENTED_EDGE ( 'NONE', *, *, #1186, .F. ) ;
#1269 = CARTESIAN_POINT ( 'NONE',  ( 0.000000000000000000, 0.000000000000000000, -5.000000000000000888 ) ) ;
#1270 = AXIS2_PLACEMENT_3D ( 'NONE', #2780, #3092, #967 ) ;
#1271 = CARTESIAN_POINT ( 'NONE',  ( 6.237650794268060572, 0.000000000000000000, -5.000000000000000000 ) ) ;
#1272 = EDGE_CURVE ( 'NONE', #3781, #3785, #401, .T. ) ;
#1273 = VERTEX_POINT ( 'NONE', #1863 ) ;
#1274 = ORIENTED_EDGE ( 'NONE', *, *, #2237, .T. ) ;
#1275 = CARTESIAN_POINT ( 'NONE',  ( 8.046926530262769717, 1.155228908478633354, -14.81014041400569070 ) ) ;
#1276 = DIRECTION ( 'NONE',  ( -0.6691306063588672304, -0.7431448254773861395, 0.000000000000000000 ) ) ;
#1277 = CARTESIAN_POINT ( 'NONE',  ( 4.497521211351210191, -6.542172724213719981, -15.00000000000000000 ) ) ;
#1278 = ORIENTED_EDGE ( 'NONE', *, *, #145, .F. ) ;
#1279 = VERTEX_POINT ( 'NONE', #1128 ) ;
#1280 = CYLINDRICAL_SURFACE ( 'NONE', #580, 8.500000000000000000 ) ;
#1281 = CIRCLE ( 'NONE', #4097, 4.500000000000000000 ) ;
#1282 = DIRECTION ( 'NONE',  ( -0.5877852522924688072, 0.8090169943749505599, 0.000000000000000000 ) ) ;
#1283 = DIRECTION ( 'NONE',  ( 0.000000000000000000, 0.000000000000000000, 1.000000000000000000 ) ) ;
#1284 = VECTOR ( 'NONE', #1015, 1000.000000000000227 ) ;
#1285 = VERTEX_POINT ( 'NONE', #3314 ) ;
#1286 = VECTOR ( 'NONE', #3732, 1000.000000000000000 ) ;
#1287 = DIRECTION ( 'NONE',  ( 1.000000000000000000, 0.000000000000000000, 0.000000000000000000 ) ) ;
#1288 = LINE ( 'NONE', #1337, #3737 ) ;
#1289 = FACE_OUTER_BOUND ( 'NONE', #4289, .T. ) ;
#1290 = CIRCLE ( 'NONE', #3957, 3.946090011793464747 ) ;
#1291 = ORIENTED_EDGE ( 'NONE', *, *, #2872, .T. ) ;
#1292 = DIRECTION ( 'NONE',  ( 0.000000000000000000, 0.000000000000000000, -1.000000000000000000 ) ) ;
#1293 = AXIS2_PLACEMENT_3D ( 'NONE', #3509, #1028, #3101 ) ;
#1294 = EDGE_CURVE ( 'NONE', #1578, #4072, #2894, .T. ) ;
#1295 = AXIS2_PLACEMENT_3D ( 'NONE', #3208, #2424, #1397 ) ;
#1296 = CARTESIAN_POINT ( 'NONE',  ( 3.881970767689260082, -4.898244885548910688, -15.00000000000000000 ) ) ;
#1297 = VECTOR ( 'NONE', #802, 1000.000000000000000 ) ;
#1298 = VECTOR ( 'NONE', #1776, 1000.000000000000000 ) ;
#1299 = ORIENTED_EDGE ( 'NONE', *, *, #152, .T. ) ;
#1300 = DIRECTION ( 'NONE',  ( 0.000000000000000000, 0.000000000000000000, 1.000000000000000000 ) ) ;
#1301 = EDGE_CURVE ( 'NONE', #3576, #4444, #3734, .T. ) ;
#1302 = DIRECTION ( 'NONE',  ( 0.000000000000000000, 0.000000000000000000, -1.000000000000000000 ) ) ;
#1303 = AXIS2_PLACEMENT_3D ( 'NONE', #117, #1900, #2641 ) ;
#1304 = AXIS2_PLACEMENT_3D ( 'NONE', #379, #1505, #4729 ) ;
#1305 = DIRECTION ( 'NONE',  ( 0.000000000000000000, 0.000000000000000000, 1.000000000000000000 ) ) ;
#1306 = VERTEX_POINT ( 'NONE', #733 ) ;
#1307 = EDGE_LOOP ( 'NONE', ( #2745, #72, #977, #3497, #3750 ) ) ;
#1308 = DIRECTION ( 'NONE',  ( 0.000000000000000000, 0.000000000000000000, 1.000000000000000000 ) ) ;
#1309 = ADVANCED_FACE ( 'NONE', ( #762 ), #2228, .F. ) ;
#1310 = DIRECTION ( 'NONE',  ( 1.000000000000000000, 0.000000000000000000, 0.000000000000000000 ) ) ;
#1311 = CARTESIAN_POINT ( 'NONE',  ( -7.091903755430659650, 0.1553607205272069802, -15.00000000000000000 ) ) ;
#1312 = LINE ( 'NONE', #4215, #799 ) ;
#1313 = EDGE_CURVE ( 'NONE', #3246, #4544, #2299, .T. ) ;
#1314 = VERTEX_POINT ( 'NONE', #1176 ) ;
#1315 = ADVANCED_BREP_SHAPE_REPRESENTATION ( 'PD15-motor-gear', ( #4601, #246 ), #4070 ) ;
#1316 = ADVANCED_FACE ( 'NONE', ( #81 ), #1621, .T. ) ;
#1317 = DIRECTION ( 'NONE',  ( 1.000000000000000000, 1.758422611539354977E-15, 0.000000000000000000 ) ) ;
#1318 = FACE_OUTER_BOUND ( 'NONE', #3746, .T. ) ;
#1319 = CARTESIAN_POINT ( 'NONE',  ( -2.936742409108090257, -7.976562168157201427, -15.00000000000000000 ) ) ;
#1320 = VERTEX_POINT ( 'NONE', #508 ) ;
#1321 = DIRECTION ( 'NONE',  ( 0.000000000000000000, 0.000000000000000000, 1.000000000000000000 ) ) ;
#1322 = PLANE ( 'NONE',  #1218 ) ;
#1323 = VERTEX_POINT ( 'NONE', #58 ) ;
#1324 = CARTESIAN_POINT ( 'NONE',  ( 1.862376391315414992, 5.953531406825149475, -5.000000000000000000 ) ) ;
#1325 = CYLINDRICAL_SURFACE ( 'NONE', #3892, 3.946090011793464747 ) ;
#1326 = CARTESIAN_POINT ( 'NONE',  ( -5.086638884589819831, -3.610967584008660136, -15.00000000000000000 ) ) ;
#1327 = EDGE_LOOP ( 'NONE', ( #2623, #4568, #2968, #3900 ) ) ;
#1328 = EDGE_CURVE ( 'NONE', #1763, #813, #1219, .T. ) ;
#1329 = EDGE_LOOP ( 'NONE', ( #2862, #1560, #3802, #2529 ) ) ;
#1330 = CARTESIAN_POINT ( 'NONE',  ( -6.087097636196774353, 1.363900437125147080, -5.000000000000000888 ) ) ;
#1331 = VECTOR ( 'NONE', #480, 1000.000000000000000 ) ;
#1332 = DIRECTION ( 'NONE',  ( 1.000000000000000000, 0.000000000000000000, -0.000000000000000000 ) ) ;
#1333 = CARTESIAN_POINT ( 'NONE',  ( -3.374512555159399962, -5.707792839316599753, -5.000000000000000000 ) ) ;
#1334 = EDGE_CURVE ( 'NONE', #3972, #3088, #1370, .T. ) ;
#1335 = ORIENTED_EDGE ( 'NONE', *, *, #2857, .T. ) ;
#1336 = CARTESIAN_POINT ( 'NONE',  ( 7.871210902642038931, -1.035258386167028144, -15.00000000000000000 ) ) ;
#1337 = CARTESIAN_POINT ( 'NONE',  ( 6.541271189478329084, 0.4509796686607169813, -15.00000000000000000 ) ) ;
#1338 = CYLINDRICAL_SURFACE ( 'NONE', #881, 4.500000000000000000 ) ;
#1339 = ORIENTED_EDGE ( 'NONE', *, *, #3869, .T. ) ;
#1340 = DIRECTION ( 'NONE',  ( 1.000000000000000000, 0.000000000000000000, 0.000000000000000000 ) ) ;
#1341 = DIRECTION ( 'NONE',  ( 1.000000000000000000, 0.000000000000000000, -0.000000000000000000 ) ) ;
#1342 = ORIENTED_EDGE ( 'NONE', *, *, #2156, .T. ) ;
#1343 = VECTOR ( 'NONE', #2706, 1000.000000000000000 ) ;
#1344 = CARTESIAN_POINT ( 'NONE',  ( 0.000000000000000000, 0.000000000000000000, -14.43900000000000006 ) ) ;
#1345 = DIRECTION ( 'NONE',  ( 0.000000000000000000, 0.000000000000000000, 1.000000000000000000 ) ) ;
#1346 = FACE_OUTER_BOUND ( 'NONE', #2953, .T. ) ;
#1347 = AXIS2_PLACEMENT_3D ( 'NONE', #237, #994, #2454 ) ;
#1348 = EDGE_LOOP ( 'NONE', ( #3708, #2186, #3082, #1741 ) ) ;
#1349 = EDGE_LOOP ( 'NONE', ( #4593, #4425, #1685, #1291 ) ) ;
#1350 = CARTESIAN_POINT ( 'NONE',  ( -3.039045389419529730, -7.334297793316550518, -15.00000000000000000 ) ) ;
#1351 = ADVANCED_FACE ( 'NONE', ( #2272 ), #3752, .T. ) ;
#1352 = CARTESIAN_POINT ( 'NONE',  ( -2.312631089370634996, -8.179348228586221126, -14.43900000000000006 ) ) ;
#1353 = DIRECTION ( 'NONE',  ( 1.000000000000000000, 0.000000000000000000, 0.000000000000000000 ) ) ;
#1354 = ORIENTED_EDGE ( 'NONE', *, *, #3872, .T. ) ;
#1355 = ORIENTED_EDGE ( 'NONE', *, *, #3646, .T. ) ;
#1356 = CARTESIAN_POINT ( 'NONE',  ( -4.500000000000000000, 5.510910596163088569E-16, -23.00000000000000000 ) ) ;
#1357 = ADVANCED_FACE ( 'NONE', ( #3383 ), #4106, .T. ) ;
#1358 = CARTESIAN_POINT ( 'NONE',  ( 4.122884871565430487, 4.681324852090419597, -15.00000000000000000 ) ) ;
#1359 = CARTESIAN_POINT ( 'NONE',  ( 5.538652443235259959, -2.895829607045985021, -15.00000000000000000 ) ) ;
#1360 = VERTEX_POINT ( 'NONE', #1983 ) ;
#1361 = EDGE_CURVE ( 'NONE', #702, #3215, #2439, .T. ) ;
#1362 = CIRCLE ( 'NONE', #4025, 0.3926990816987240285 ) ;
#1363 = CARTESIAN_POINT ( 'NONE',  ( 3.962676671442949772, 7.519786805329119694, -14.43900000000000006 ) ) ;
#1364 = CARTESIAN_POINT ( 'NONE',  ( -6.078516219072040094, -1.445547167183623971, -15.00000000000000000 ) ) ;
#1365 = CYLINDRICAL_SURFACE ( 'NONE', #3803, 4.000000000000000000 ) ;
#1366 = VECTOR ( 'NONE', #1775, 1000.000000000000114 ) ;
#1367 = ADVANCED_FACE ( 'NONE', ( #422 ), #831, .F. ) ;
#1368 = ORIENTED_EDGE ( 'NONE', *, *, #2853, .F. ) ;
#1369 = AXIS2_PLACEMENT_3D ( 'NONE', #1623, #3384, #4529 ) ;
#1370 = CIRCLE ( 'NONE', #2742, 2.149999999999999911 ) ;
#1371 = DIRECTION ( 'NONE',  ( 0.000000000000000000, 0.000000000000000000, 1.000000000000000000 ) ) ;
#1372 = EDGE_CURVE ( 'NONE', #4709, #2470, #163, .T. ) ;
#1373 = DIRECTION ( 'NONE',  ( 0.000000000000000000, 0.000000000000000000, -1.000000000000000000 ) ) ;
#1374 = DIRECTION ( 'NONE',  ( 0.000000000000000000, 0.000000000000000000, 1.000000000000000000 ) ) ;
#1375 = AXIS2_PLACEMENT_3D ( 'NONE', #339, #1070, #2499 ) ;
#1376 = CIRCLE ( 'NONE', #3964, 8.500000000000001776 ) ;
#1377 = ORIENTED_EDGE ( 'NONE', *, *, #1683, .T. ) ;
#1378 = VERTEX_POINT ( 'NONE', #1153 ) ;
#1379 = LINE ( 'NONE', #971, #3569 ) ;
#1380 = VECTOR ( 'NONE', #723, 1000.000000000000000 ) ;
#1381 = VECTOR ( 'NONE', #2683, 1000.000000000000000 ) ;
#1382 = FILL_AREA_STYLE_COLOUR ( '', #3623 ) ;
#1383 = DIRECTION ( 'NONE',  ( 0.000000000000000000, 0.000000000000000000, -1.000000000000000000 ) ) ;
#1384 = ORIENTED_EDGE ( 'NONE', *, *, #690, .T. ) ;
#1385 = ORIENTED_EDGE ( 'NONE', *, *, #2677, .F. ) ;
#1386 = CARTESIAN_POINT ( 'NONE',  ( 0.4375931288322645329, -2.114726805047545621, 0.4466336309181201947 ) ) ;
#1387 = DIRECTION ( 'NONE',  ( 0.000000000000000000, 0.000000000000000000, -1.000000000000000000 ) ) ;
#1388 = DIRECTION ( 'NONE',  ( 0.000000000000000000, 0.000000000000000000, 1.000000000000000000 ) ) ;
#1389 = VERTEX_POINT ( 'NONE', #3060 ) ;
#1390 = ADVANCED_FACE ( 'NONE', ( #442 ), #4125, .T. ) ;
#1391 = DIRECTION ( 'NONE',  ( 1.000000000000000000, 0.000000000000000000, 0.000000000000000000 ) ) ;
#1392 = CARTESIAN_POINT ( 'NONE',  ( 0.5867961629528900547, 7.069293181989119823, -15.00000000000000000 ) ) ;
#1393 = FACE_OUTER_BOUND ( 'NONE', #404, .T. ) ;
#1394 = EDGE_CURVE ( 'NONE', #2855, #3731, #4561, .T. ) ;
#1395 = ORIENTED_EDGE ( 'NONE', *, *, #3751, .F. ) ;
#1396 = CARTESIAN_POINT ( 'NONE',  ( -3.118825397134055155, -5.401964047772310096, -5.000000000000000000 ) ) ;
#1397 = DIRECTION ( 'NONE',  ( 1.000000000000000000, 0.000000000000000000, 0.000000000000000000 ) ) ;
#1398 = EDGE_CURVE ( 'NONE', #3058, #1113, #1598, .T. ) ;
#1399 = ORIENTED_EDGE ( 'NONE', *, *, #2768, .T. ) ;
#1400 = ORIENTED_EDGE ( 'NONE', *, *, #4558, .F. ) ;
#1401 = CARTESIAN_POINT ( 'NONE',  ( -7.189126830893276754, 3.795264921417077275, -14.81014041400709580 ) ) ;
#1402 = DIRECTION ( 'NONE',  ( 0.000000000000000000, 0.000000000000000000, 1.000000000000000000 ) ) ;
#1403 = CARTESIAN_POINT ( 'NONE',  ( -1.132258180102089229, 6.458297209747821732, -5.000000000000000888 ) ) ;
#1404 = VERTEX_POINT ( 'NONE', #4144 ) ;
#1405 = ORIENTED_EDGE ( 'NONE', *, *, #3186, .T. ) ;
#1406 = CARTESIAN_POINT ( 'NONE',  ( 1.959435459911271464E-16, -10.00000000000000000, 0.3999999999999989675 ) ) ;
#1407 = CARTESIAN_POINT ( 'NONE',  ( -1.990033307879369939, 7.882090322239346136, -14.81014041400710290 ) ) ;
#1408 = DIRECTION ( 'NONE',  ( -0.9135454576426006446, 0.4067366430758008744, 0.000000000000000000 ) ) ;
#1409 = EDGE_LOOP ( 'NONE', ( #2406, #4037, #1071, #2114 ) ) ;
#1410 = ORIENTED_EDGE ( 'NONE', *, *, #2503, .F. ) ;
#1411 = DIRECTION ( 'NONE',  ( 0.000000000000000000, 0.000000000000000000, 1.000000000000000000 ) ) ;
#1412 = DIRECTION ( 'NONE',  ( 0.000000000000000000, 0.000000000000000000, -1.000000000000000000 ) ) ;
#1413 = ADVANCED_FACE ( 'NONE', ( #3437 ), #4058, .T. ) ;
#1414 = ORIENTED_EDGE ( 'NONE', *, *, #3993, .F. ) ;
#1415 = CARTESIAN_POINT ( 'NONE',  ( 4.712107964534076210, -4.559347537358723557, -5.000000000000000888 ) ) ;
#1416 = DIRECTION ( 'NONE',  ( 0.2079116908177665313, 0.9781476007338041345, 0.000000000000000000 ) ) ;
#1417 = EDGE_CURVE ( 'NONE', #460, #4028, #2989, .T. ) ;
#1418 = VERTEX_POINT ( 'NONE', #807 ) ;
#1419 = ORIENTED_EDGE ( 'NONE', *, *, #4153, .T. ) ;
#1420 = DIRECTION ( 'NONE',  ( 1.000000000000000000, 0.000000000000000000, 0.000000000000000000 ) ) ;
#1421 = EDGE_CURVE ( 'NONE', #2704, #3322, #61, .T. ) ;
#1422 = VECTOR ( 'NONE', #3114, 1000.000000000000000 ) ;
#1423 = CARTESIAN_POINT ( 'NONE',  ( 1.992703809495149914, 5.911185461699369981, -15.00000000000000000 ) ) ;
#1424 = EDGE_LOOP ( 'NONE', ( #3557, #255, #861, #4392, #329 ) ) ;
#1425 = ORIENTED_EDGE ( 'NONE', *, *, #2903, .T. ) ;
#1426 = CARTESIAN_POINT ( 'NONE',  ( 0.8049487033312435758, -9.969417387201835012, 0.6016051058647905458 ) ) ;
#1427 = CARTESIAN_POINT ( 'NONE',  ( -6.471215300770770007, -1.445547167183623971, -15.00000000000000000 ) ) ;
#1428 = CARTESIAN_POINT ( 'NONE',  ( -2.989631424964460660, 7.760865869603636114, -14.62314041400568065 ) ) ;
#1429 = ORIENTED_EDGE ( 'NONE', *, *, #636, .F. ) ;
#1430 = ORIENTED_EDGE ( 'NONE', *, *, #596, .F. ) ;
#1431 = AXIS2_PLACEMENT_3D ( 'NONE', #3682, #400, #1862 ) ;
#1432 = CYLINDRICAL_SURFACE ( 'NONE', #3958, 3.946090011793464747 ) ;
#1433 = CARTESIAN_POINT ( 'NONE',  ( -2.043761957265944673, -6.792810382441619943, -15.00000000000000000 ) ) ;
#1434 = CIRCLE ( 'NONE', #4100, 7.939000000000000057 ) ;
#1435 = VERTEX_POINT ( 'NONE', #3457 ) ;
#1436 = EDGE_CURVE ( 'NONE', #1568, #1999, #906, .T. ) ;
#1437 = CARTESIAN_POINT ( 'NONE',  ( 3.416927169439095024, -7.166053985196390030, -15.00000000000000000 ) ) ;
#1438 = AXIS2_PLACEMENT_3D ( 'NONE', #2541, #3637, #330 ) ;
#1439 = CARTESIAN_POINT ( 'NONE',  ( 7.064380123508779974, -4.727000472876450310, -14.43900000000000006 ) ) ;
#1440 = ORIENTED_EDGE ( 'NONE', *, *, #2649, .F. ) ;
#1441 = CIRCLE ( 'NONE', #1670, 3.946090011793466079 ) ;
#1442 = AXIS2_PLACEMENT_3D ( 'NONE', #4436, #2341, #1551 ) ;
#1443 = ORIENTED_EDGE ( 'NONE', *, *, #1313, .T. ) ;
#1444 = CARTESIAN_POINT ( 'NONE',  ( 8.030852612925377443, 2.162022528232126817, -14.62314041400568243 ) ) ;
#1445 = CARTESIAN_POINT ( 'NONE',  ( 4.520812613887390086, -6.714972451424050526, -14.84440871154357922 ) ) ;
#1446 = CIRCLE ( 'NONE', #4033, 8.500000000000000000 ) ;
#1447 = AXIS2_PLACEMENT_3D ( 'NONE', #564, #2041, #1017 ) ;
#1448 = DIRECTION ( 'NONE',  ( 1.000000000000000000, 0.000000000000000000, 0.000000000000000000 ) ) ;
#1449 = ORIENTED_EDGE ( 'NONE', *, *, #4091, .T. ) ;
#1450 = EDGE_LOOP ( 'NONE', ( #630, #3063 ) ) ;
#1451 = AXIS2_PLACEMENT_3D ( 'NONE', #3645, #1761, #4691 ) ;
#1452 = EDGE_CURVE ( 'NONE', #545, #3357, #3888, .T. ) ;
#1453 = CIRCLE ( 'NONE', #4655, 4.500000000000000000 ) ;
#1454 = CARTESIAN_POINT ( 'NONE',  ( -8.500000000000001776, 1.040949779275250140E-15, -5.000000000000000888 ) ) ;
#1455 = CARTESIAN_POINT ( 'NONE',  ( -0.6249184492352619635, 6.601190120977250331, -15.00000000000000000 ) ) ;
#1456 = CIRCLE ( 'NONE', #223, 3.946090011793464747 ) ;
#1457 = CARTESIAN_POINT ( 'NONE',  ( -2.936742409106805507, 7.976562168162020683, -14.43900000000000006 ) ) ;
#1458 = ORIENTED_EDGE ( 'NONE', *, *, #2765, .T. ) ;
#1459 = DIRECTION ( 'NONE',  ( -0.000000000000000000, -0.000000000000000000, 1.000000000000000000 ) ) ;
#1460 = EDGE_CURVE ( 'NONE', #2579, #414, #4186, .T. ) ;
#1461 = DIRECTION ( 'NONE',  ( 0.000000000000000000, 0.000000000000000000, 1.000000000000000000 ) ) ;
#1462 = LINE ( 'NONE', #3292, #3659 ) ;
#1463 = DIRECTION ( 'NONE',  ( 0.000000000000000000, 0.000000000000000000, 1.000000000000000000 ) ) ;
#1464 = VERTEX_POINT ( 'NONE', #4528 ) ;
#1465 = DIRECTION ( 'NONE',  ( 0.000000000000000000, 0.000000000000000000, -1.000000000000000000 ) ) ;
#1466 = CARTESIAN_POINT ( 'NONE',  ( 6.084994458946489715, 2.634212693780230374, -5.000000000000000000 ) ) ;
#1467 = ORIENTED_EDGE ( 'NONE', *, *, #15, .T. ) ;
#1468 = ORIENTED_EDGE ( 'NONE', *, *, #2180, .F. ) ;
#1469 = CARTESIAN_POINT ( 'NONE',  ( -7.405849455745648235, 3.784485294184542603, -14.62314041400845532 ) ) ;
#1470 = DIRECTION ( 'NONE',  ( 1.000000000000000000, 0.000000000000000000, 0.000000000000000000 ) ) ;
#1471 = FACE_OUTER_BOUND ( 'NONE', #3484, .T. ) ;
#1472 = EDGE_CURVE ( 'NONE', #702, #813, #2826, .T. ) ;
#1473 = ORIENTED_EDGE ( 'NONE', *, *, #2304, .F. ) ;
#1474 = ORIENTED_EDGE ( 'NONE', *, *, #899, .F. ) ;
#1475 = CARTESIAN_POINT ( 'NONE',  ( 0.000000000000000000, 0.000000000000000000, -15.00000000000000000 ) ) ;
#1476 = CARTESIAN_POINT ( 'NONE',  ( -0.2212607043418725605, -2.150000000000000355, 3.600000000000000533 ) ) ;
#1477 = ADVANCED_FACE ( 'NONE', ( #1264 ), #226, .F. ) ;
#1478 = DIRECTION ( 'NONE',  ( 1.000000000000000000, 0.000000000000000000, 0.000000000000000000 ) ) ;
#1479 = ORIENTED_EDGE ( 'NONE', *, *, #3196, .T. ) ;
#1480 = CARTESIAN_POINT ( 'NONE',  ( 0.000000000000000000, 0.000000000000000000, -5.000000000000000888 ) ) ;
#1481 = EDGE_CURVE ( 'NONE', #3987, #718, #2298, .T. ) ;
#1482 = CARTESIAN_POINT ( 'NONE',  ( 0.000000000000000000, 0.000000000000000000, -5.000000000000000888 ) ) ;
#1483 = DIRECTION ( 'NONE',  ( 0.000000000000000000, 0.000000000000000000, 1.000000000000000000 ) ) ;
#1484 = DIRECTION ( 'NONE',  ( 0.000000000000000000, 0.000000000000000000, 1.000000000000000000 ) ) ;
#1485 = ORIENTED_EDGE ( 'NONE', *, *, #6, .T. ) ;
#1486 = DIRECTION ( 'NONE',  ( 0.000000000000000000, 0.000000000000000000, 1.000000000000000000 ) ) ;
#1487 = DIRECTION ( 'NONE',  ( 0.000000000000000000, 0.000000000000000000, 1.000000000000000000 ) ) ;
#1488 = VERTEX_POINT ( 'NONE', #956 ) ;
#1489 = EDGE_LOOP ( 'NONE', ( #3943, #3449, #1587, #3886 ) ) ;
#1490 = DIRECTION ( 'NONE',  ( 0.7431448254773862505, -0.6691306063588672304, 0.000000000000000000 ) ) ;
#1491 = CIRCLE ( 'NONE', #2711, 3.946090011793464747 ) ;
#1492 = CARTESIAN_POINT ( 'NONE',  ( 4.532886174746259655, -7.069293181989130481, -14.54126440246398033 ) ) ;
#1493 = VECTOR ( 'NONE', #3446, 1000.000000000000000 ) ;
#1494 = CYLINDRICAL_SURFACE ( 'NONE', #1303, 0.3926990816987240285 ) ;
#1495 = VERTEX_POINT ( 'NONE', #2816 ) ;
#1496 = ORIENTED_EDGE ( 'NONE', *, *, #1540, .T. ) ;
#1497 = EDGE_CURVE ( 'NONE', #2543, #1314, #2136, .T. ) ;
#1498 = AXIS2_PLACEMENT_3D ( 'NONE', #4459, #2751, #4508 ) ;
#1499 = LINE ( 'NONE', #3070, #4724 ) ;
#1500 = CARTESIAN_POINT ( 'NONE',  ( -3.039045389419529730, -7.334297793316550518, -15.00000000000000000 ) ) ;
#1501 = DIRECTION ( 'NONE',  ( 1.000000000000000000, 0.000000000000000000, 0.000000000000000000 ) ) ;
#1502 = VERTEX_POINT ( 'NONE', #4268 ) ;
#1503 = EDGE_CURVE ( 'NONE', #760, #3358, #4567, .T. ) ;
#1504 = DIRECTION ( 'NONE',  ( 0.000000000000000000, 0.000000000000000000, 1.000000000000000000 ) ) ;
#1505 = DIRECTION ( 'NONE',  ( 0.000000000000000000, 0.000000000000000000, -1.000000000000000000 ) ) ;
#1506 = FACE_OUTER_BOUND ( 'NONE', #1232, .T. ) ;
#1507 = EDGE_CURVE ( 'NONE', #516, #1854, #4161, .T. ) ;
#1508 = AXIS2_PLACEMENT_3D ( 'NONE', #1480, #732, #1127 ) ;
#1509 = EDGE_LOOP ( 'NONE', ( #3240, #4520, #340, #2205 ) ) ;
#1510 = CARTESIAN_POINT ( 'NONE',  ( 0.2068215526980385077, 7.936305553929969392, -15.00000000000000000 ) ) ;
#1511 = DIRECTION ( 'NONE',  ( 0.000000000000000000, 0.000000000000000000, -1.000000000000000000 ) ) ;
#1512 = VECTOR ( 'NONE', #2999, 1000.000000000000000 ) ;
#1513 = EDGE_CURVE ( 'NONE', #3003, #3530, #373, .T. ) ;
#1514 = EDGE_LOOP ( 'NONE', ( #2674, #1810, #2540, #822, #954 ) ) ;
#1515 = ORIENTED_EDGE ( 'NONE', *, *, #3817, .T. ) ;
#1516 = CARTESIAN_POINT ( 'NONE',  ( 0.000000000000000000, 0.000000000000000000, -5.000000000000000888 ) ) ;
#1517 = AXIS2_PLACEMENT_3D ( 'NONE', #2107, #3560, #1340 ) ;
#1518 = EDGE_CURVE ( 'NONE', #4188, #4072, #996, .T. ) ;
#1519 = FACE_OUTER_BOUND ( 'NONE', #2466, .T. ) ;
#1520 = CIRCLE ( 'NONE', #670, 0.3926990816987240285 ) ;
#1521 = AXIS2_PLACEMENT_3D ( 'NONE', #2199, #2675, #3364 ) ;
#1522 = EDGE_LOOP ( 'NONE', ( #2575, #1152, #1179, #4732 ) ) ;
#1523 = ORIENTED_EDGE ( 'NONE', *, *, #2677, .T. ) ;
#1524 = CIRCLE ( 'NONE', #3273, 3.946090011793464747 ) ;
#1525 = CARTESIAN_POINT ( 'NONE',  ( -3.458912777927970250, -5.205614506922949580, -15.00000000000000000 ) ) ;
#1526 = CARTESIAN_POINT ( 'NONE',  ( -1.132258180102184930, -6.458297209747803969, -5.000000000000000000 ) ) ;
#1527 = LINE ( 'NONE', #3404, #3232 ) ;
#1528 = AXIS2_PLACEMENT_3D ( 'NONE', #4576, #623, #900 ) ;
#1529 = CIRCLE ( 'NONE', #1295, 0.3926990816987240285 ) ;
#1530 = VERTEX_POINT ( 'NONE', #4602 ) ;
#1531 = DIRECTION ( 'NONE',  ( 0.000000000000000000, 0.000000000000000000, 1.000000000000000000 ) ) ;
#1532 = CIRCLE ( 'NONE', #3132, 8.500000000000001776 ) ;
#1533 = CIRCLE ( 'NONE', #1001, 8.500000000000001776 ) ;
#1534 = DIRECTION ( 'NONE',  ( 0.000000000000000000, 0.000000000000000000, -1.000000000000000000 ) ) ;
#1535 = DIRECTION ( 'NONE',  ( 1.000000000000000000, 0.000000000000000000, 0.000000000000000000 ) ) ;
#1536 = ADVANCED_FACE ( 'NONE', ( #3865 ), #2748, .T. ) ;
#1537 = EDGE_LOOP ( 'NONE', ( #1202, #3920, #2022, #3368 ) ) ;
#1538 = DIRECTION ( 'NONE',  ( 0.000000000000000000, 0.000000000000000000, -1.000000000000000000 ) ) ;
#1539 = PLANE ( 'NONE',  #1605 ) ;
#1540 = EDGE_CURVE ( 'NONE', #91, #532, #1607, .T. ) ;
#1541 = ORIENTED_EDGE ( 'NONE', *, *, #1787, .T. ) ;
#1542 = ORIENTED_EDGE ( 'NONE', *, *, #123, .T. ) ;
#1543 = CARTESIAN_POINT ( 'NONE',  ( -6.304564774301719687, -1.801131433982100072, -15.00000000000000000 ) ) ;
#1544 = EDGE_CURVE ( 'NONE', #2643, #1389, #2670, .T. ) ;
#1545 = DIRECTION ( 'NONE',  ( 1.000000000000000000, 0.000000000000000000, 0.000000000000000000 ) ) ;
#1546 = ORIENTED_EDGE ( 'NONE', *, *, #1163, .F. ) ;
#1547 = ORIENTED_EDGE ( 'NONE', *, *, #4012, .T. ) ;
#1548 = CARTESIAN_POINT ( 'NONE',  ( 0.000000000000000000, 0.000000000000000000, -15.00000000000000000 ) ) ;
#1549 = CARTESIAN_POINT ( 'NONE',  ( 1.592456809767694770, 6.360478971340839394, -15.00000000000000000 ) ) ;
#1550 = ORIENTED_EDGE ( 'NONE', *, *, #3347, .T. ) ;
#1551 = DIRECTION ( 'NONE',  ( 1.000000000000000000, 0.000000000000000000, 0.000000000000000000 ) ) ;
#1552 = CARTESIAN_POINT ( 'NONE',  ( -4.931093259559649944, 3.952653436445065616, -15.00000000000000000 ) ) ;
#1553 = CARTESIAN_POINT ( 'NONE',  ( -5.759433774845720500, -5.464123314234989870, -15.00000000000000000 ) ) ;
#1554 = VERTEX_POINT ( 'NONE', #2462 ) ;
#1555 = CYLINDRICAL_SURFACE ( 'NONE', #2815, 0.3926990816987240285 ) ;
#1556 = EDGE_CURVE ( 'NONE', #285, #3781, #3913, .T. ) ;
#1557 = CARTESIAN_POINT ( 'NONE',  ( 1.959434878635765230E-16, -10.00099999999999945, 0.3999999999999990785 ) ) ;
#1558 = CIRCLE ( 'NONE', #4145, 3.946090011793465635 ) ;
#1559 = ORIENTED_EDGE ( 'NONE', *, *, #1186, .T. ) ;
#1560 = ORIENTED_EDGE ( 'NONE', *, *, #2291, .F. ) ;
#1561 = DIRECTION ( 'NONE',  ( -0.000000000000000000, -0.000000000000000000, 1.000000000000000000 ) ) ;
#1562 = CYLINDRICAL_SURFACE ( 'NONE', #187, 0.3926990816987240285 ) ;
#1563 = EDGE_CURVE ( 'NONE', #4162, #19, #3552, .T. ) ;
#1564 = CIRCLE ( 'NONE', #3386, 3.946090011793466523 ) ;
#1565 = DIRECTION ( 'NONE',  ( 0.000000000000000000, 0.000000000000000000, 1.000000000000000000 ) ) ;
#1566 = ORIENTED_EDGE ( 'NONE', *, *, #2453, .F. ) ;
#1567 = EDGE_CURVE ( 'NONE', #1378, #3289, #3085, .T. ) ;
#1568 = VERTEX_POINT ( 'NONE', #727 ) ;
#1569 = CARTESIAN_POINT ( 'NONE',  ( 2.114054499415415123, -6.284664482292090071, -5.000000000000000000 ) ) ;
#1570 = DIRECTION ( 'NONE',  ( 0.000000000000000000, 0.000000000000000000, 1.000000000000000000 ) ) ;
#1571 = CARTESIAN_POINT ( 'NONE',  ( 0.000000000000000000, -10.00099999999999945, 1.999999999999999112 ) ) ;
#1572 = EDGE_LOOP ( 'NONE', ( #1169, #2927 ) ) ;
#1573 = EDGE_CURVE ( 'NONE', #1323, #3695, #1376, .T. ) ;
#1574 = CARTESIAN_POINT ( 'NONE',  ( 0.000000000000000000, 0.000000000000000000, 9.000000000000000000 ) ) ;
#1575 = DIRECTION ( 'NONE',  ( 1.000000000000000000, 0.000000000000000000, 0.000000000000000000 ) ) ;
#1576 = LINE ( 'NONE', #3013, #3712 ) ;
#1577 = AXIS2_PLACEMENT_3D ( 'NONE', #536, #4553, #484 ) ;
#1578 = VERTEX_POINT ( 'NONE', #1454 ) ;
#1579 = DIRECTION ( 'NONE',  ( 0.000000000000000000, 0.000000000000000000, 1.000000000000000000 ) ) ;
#1580 = LINE ( 'NONE', #4152, #840 ) ;
#1581 = EDGE_LOOP ( 'NONE', ( #3197, #4255, #229, #174 ) ) ;
#1582 = ORIENTED_EDGE ( 'NONE', *, *, #4091, .F. ) ;
#1583 = CARTESIAN_POINT ( 'NONE',  ( -1.278944190769897293, -9.918986190069858822, 2.983731950985190728 ) ) ;
#1584 = FACE_OUTER_BOUND ( 'NONE', #1048, .T. ) ;
#1585 = DIRECTION ( 'NONE',  ( 1.000000000000000000, 0.000000000000000000, 0.000000000000000000 ) ) ;
#1586 = CARTESIAN_POINT ( 'NONE',  ( -0.5838702176987640158, -6.210642285936850193, -15.00000000000000000 ) ) ;
#1587 = ORIENTED_EDGE ( 'NONE', *, *, #2781, .T. ) ;
#1588 = EDGE_CURVE ( 'NONE', #4614, #2612, #1986, .T. ) ;
#1589 = AXIS2_PLACEMENT_3D ( 'NONE', #613, #2759, #637 ) ;
#1590 = ORIENTED_EDGE ( 'NONE', *, *, #1625, .F. ) ;
#1591 = CARTESIAN_POINT ( 'NONE',  ( 4.487488219535054945, -4.881463260234210289, -15.00000000000000000 ) ) ;
#1592 = VECTOR ( 'NONE', #3757, 1000.000000000000000 ) ;
#1593 = LINE ( 'NONE', #3054, #3887 ) ;
#1594 = CARTESIAN_POINT ( 'NONE',  ( -8.493664740179408312, -0.3281147382137918900, -5.000000000000000888 ) ) ;
#1595 = VERTEX_POINT ( 'NONE', #5 ) ;
#1596 = AXIS2_PLACEMENT_3D ( 'NONE', #4322, #2610, #4059 ) ;
#1597 = AXIS2_PLACEMENT_3D ( 'NONE', #2319, #3704, #128 ) ;
#1598 = LINE ( 'NONE', #2696, #4267 ) ;
#1599 = EDGE_CURVE ( 'NONE', #107, #838, #1524, .T. ) ;
#1600 = DIRECTION ( 'NONE',  ( 0.000000000000000000, 0.000000000000000000, 1.000000000000000000 ) ) ;
#1601 = CIRCLE ( 'NONE', #2897, 0.3926990816987240285 ) ;
#1602 = CARTESIAN_POINT ( 'NONE',  ( -8.304868974607716225, 0.4450690032627750981, -14.62314041400845888 ) ) ;
#1603 = ORIENTED_EDGE ( 'NONE', *, *, #1503, .T. ) ;
#1604 = AXIS2_PLACEMENT_3D ( 'NONE', #1239, #2692, #4453 ) ;
#1605 = AXIS2_PLACEMENT_3D ( 'NONE', #4442, #2701, #3065 ) ;
#1606 = DIRECTION ( 'NONE',  ( 1.000000000000000000, 0.000000000000000000, 0.000000000000000000 ) ) ;
#1607 = B_SPLINE_CURVE_WITH_KNOTS ( 'NONE', 3,
 ( #2030, #3480, #3148, #197 ),
 .UNSPECIFIED., .F., .F.,
 ( 4, 4 ),
 ( 0.000000000000000000, 1.000000000000000000 ),
 .UNSPECIFIED. ) ;
#1608 = DIRECTION ( 'NONE',  ( 0.000000000000000000, 0.000000000000000000, -1.000000000000000000 ) ) ;
#1609 = ORIENTED_EDGE ( 'NONE', *, *, #1832, .F. ) ;
#1610 = VERTEX_POINT ( 'NONE', #394 ) ;
#1611 = DIRECTION ( 'NONE',  ( 0.000000000000000000, 0.000000000000000000, -1.000000000000000000 ) ) ;
#1612 = CARTESIAN_POINT ( 'NONE',  ( 1.205708299974155739, -9.927323463892694377, 3.056933702811547970 ) ) ;
#1613 = CYLINDRICAL_SURFACE ( 'NONE', #3479, 8.500000000000000000 ) ;
#1614 = ORIENTED_EDGE ( 'NONE', *, *, #3960, .T. ) ;
#1615 = EDGE_LOOP ( 'NONE', ( #2334, #3324, #3791, #25, #1160 ) ) ;
#1616 = DIRECTION ( 'NONE',  ( 1.000000000000000000, 2.208718528794109349E-15, 0.000000000000000000 ) ) ;
#1617 = ADVANCED_FACE ( 'NONE', ( #1836 ), #2840, .T. ) ;
#1618 = CYLINDRICAL_SURFACE ( 'NONE', #3354, 3.946090011793464747 ) ;
#1619 = CARTESIAN_POINT ( 'NONE',  ( -3.255837320807440260, -5.776310017815849740, -15.00000000000000000 ) ) ;
#1620 = ORIENTED_EDGE ( 'NONE', *, *, #4712, .T. ) ;
#1621 = CYLINDRICAL_SURFACE ( 'NONE', #1442, 3.946090011793464747 ) ;
#1622 = EDGE_CURVE ( 'NONE', #4375, #294, #138, .T. ) ;
#1623 = CARTESIAN_POINT ( 'NONE',  ( 0.000000000000000000, 0.000000000000000000, -5.000000000000000888 ) ) ;
#1624 = CARTESIAN_POINT ( 'NONE',  ( -5.006092110488669533, 3.721830707633755342, -15.00000000000000000 ) ) ;
#1625 = EDGE_CURVE ( 'NONE', #3003, #2738, #4342, .T. ) ;
#1626 = ORIENTED_EDGE ( 'NONE', *, *, #4705, .T. ) ;
#1627 = LINE ( 'NONE', #2276, #1592 ) ;
#1628 = LINE ( 'NONE', #4107, #599 ) ;
#1629 = VERTEX_POINT ( 'NONE', #2482 ) ;
#1630 = VERTEX_POINT ( 'NONE', #3935 ) ;
#1631 = CARTESIAN_POINT ( 'NONE',  ( 0.000000000000000000, 0.000000000000000000, -23.00000000000000000 ) ) ;
#1632 = DIRECTION ( 'NONE',  ( 0.000000000000000000, 0.000000000000000000, 1.000000000000000000 ) ) ;
#1633 = DIRECTION ( 'NONE',  ( 1.000000000000000000, 0.000000000000000000, 0.000000000000000000 ) ) ;
#1634 = ORIENTED_EDGE ( 'NONE', *, *, #2814, .T. ) ;
#1635 = ORIENTED_EDGE ( 'NONE', *, *, #2768, .F. ) ;
#1636 = DIRECTION ( 'NONE',  ( 0.000000000000000000, 0.000000000000000000, -1.000000000000000000 ) ) ;
#1637 = CARTESIAN_POINT ( 'NONE',  ( 0.000000000000000000, 0.000000000000000000, -15.00000000000000000 ) ) ;
#1638 = DIRECTION ( 'NONE',  ( 0.000000000000000000, 0.000000000000000000, -1.000000000000000000 ) ) ;
#1639 = VERTEX_POINT ( 'NONE', #652 ) ;
#1640 = EDGE_CURVE ( 'NONE', #2087, #3465, #1159, .T. ) ;
#1641 = DIRECTION ( 'NONE',  ( 0.000000000000000000, 0.000000000000000000, 1.000000000000000000 ) ) ;
#1642 = CARTESIAN_POINT ( 'NONE',  ( -0.4318632340472690623, -2.108899914332873937, 0.4555970579224144501 ) ) ;
#1643 = DIRECTION ( 'NONE',  ( 1.000000000000000000, 0.000000000000000000, 0.000000000000000000 ) ) ;
#1644 = EDGE_CURVE ( 'NONE', #317, #3972, #543, .T. ) ;
#1645 = ORIENTED_EDGE ( 'NONE', *, *, #1622, .F. ) ;
#1646 = DIRECTION ( 'NONE',  ( 0.000000000000000000, 0.000000000000000000, -1.000000000000000000 ) ) ;
#1647 = CARTESIAN_POINT ( 'NONE',  ( 0.000000000000000000, 0.000000000000000000, -3.000000000000000888 ) ) ;
#1648 = B_SPLINE_CURVE_WITH_KNOTS ( 'NONE', 3,
 ( #3787, #3290, #10, #2197 ),
 .UNSPECIFIED., .F., .F.,
 ( 4, 4 ),
 ( 0.000000000000000000, 1.000000000000000000 ),
 .UNSPECIFIED. ) ;
#1649 = EDGE_CURVE ( 'NONE', #3215, #2587, #2292, .T. ) ;
#1650 = ORIENTED_EDGE ( 'NONE', *, *, #3955, .T. ) ;
#1651 = CARTESIAN_POINT ( 'NONE',  ( -7.892805129291041055, -3.154936955149449496, -14.43900000000409989 ) ) ;
#1652 = DIRECTION ( 'NONE',  ( 0.5000000000000012212, 0.8660254037844380415, 0.000000000000000000 ) ) ;
#1653 = EDGE_CURVE ( 'NONE', #2895, #2554, #1499, .T. ) ;
#1654 = LINE ( 'NONE', #1326, #811 ) ;
#1655 = ORIENTED_EDGE ( 'NONE', *, *, #721, .F. ) ;
#1656 = ORIENTED_EDGE ( 'NONE', *, *, #4345, .F. ) ;
#1657 = EDGE_CURVE ( 'NONE', #4580, #2724, #1829, .T. ) ;
#1658 = CARTESIAN_POINT ( 'NONE',  ( 4.224721244881419757, -4.589630969700080776, -15.00000000000000000 ) ) ;
#1659 = CIRCLE ( 'NONE', #661, 0.3926990816987240285 ) ;
#1660 = DIRECTION ( 'NONE',  ( 0.000000000000000000, 0.000000000000000000, 1.000000000000000000 ) ) ;
#1661 = DIRECTION ( 'NONE',  ( 0.000000000000000000, 0.000000000000000000, -1.000000000000000000 ) ) ;
#1662 = DIRECTION ( 'NONE',  ( 0.000000000000000000, 0.000000000000000000, -1.000000000000000000 ) ) ;
#1663 = VECTOR ( 'NONE', #337, 1000.000000000000000 ) ;
#1664 = EDGE_LOOP ( 'NONE', ( #3372, #2500, #2870, #2805, #2666 ) ) ;
#1665 = ORIENTED_EDGE ( 'NONE', *, *, #656, .F. ) ;
#1666 = AXIS2_PLACEMENT_3D ( 'NONE', #86, #2375, #3343 ) ;
#1667 = CARTESIAN_POINT ( 'NONE',  ( 0.000000000000000000, 0.000000000000000000, -15.00000000000000000 ) ) ;
#1668 = DIRECTION ( 'NONE',  ( 0.000000000000000000, 0.000000000000000000, 1.000000000000000000 ) ) ;
#1669 = DIRECTION ( 'NONE',  ( 1.000000000000000000, 0.000000000000000000, 0.000000000000000000 ) ) ;
#1670 = AXIS2_PLACEMENT_3D ( 'NONE', #450, #3370, #4462 ) ;
#1671 = CIRCLE ( 'NONE', #1751, 0.3926990816987240285 ) ;
#1672 = ORIENTED_EDGE ( 'NONE', *, *, #4531, .T. ) ;
#1673 = DIRECTION ( 'NONE',  ( 1.000000000000000000, 0.000000000000000000, 0.000000000000000000 ) ) ;
#1674 = AXIS2_PLACEMENT_3D ( 'NONE', #1078, #4383, #7 ) ;
#1675 = AXIS2_PLACEMENT_3D ( 'NONE', #2435, #2053, #2391 ) ;
#1676 = DIRECTION ( 'NONE',  ( 0.000000000000000000, 0.000000000000000000, 1.000000000000000000 ) ) ;
#1677 = EDGE_CURVE ( 'NONE', #4418, #2543, #521, .T. ) ;
#1678 = AXIS2_PLACEMENT_3D ( 'NONE', #3302, #1853, #4670 ) ;
#1679 = CONICAL_SURFACE ( 'NONE', #3511, 8.500000000000000000, 0.7853981633974476129 ) ;
#1680 = ORIENTED_EDGE ( 'NONE', *, *, #4099, .T. ) ;
#1681 = CARTESIAN_POINT ( 'NONE',  ( 8.376276677048076991, -1.444987553420609139, -5.000000000000000888 ) ) ;
#1682 = CARTESIAN_POINT ( 'NONE',  ( -2.936742409106805507, 7.976562168162020683, -14.43900000000000006 ) ) ;
#1683 = EDGE_CURVE ( 'NONE', #385, #873, #1601, .T. ) ;
#1684 = DIRECTION ( 'NONE',  ( 0.000000000000000000, 0.000000000000000000, -1.000000000000000000 ) ) ;
#1685 = ORIENTED_EDGE ( 'NONE', *, *, #2068, .F. ) ;
#1686 = ORIENTED_EDGE ( 'NONE', *, *, #2333, .T. ) ;
#1687 = CARTESIAN_POINT ( 'NONE',  ( 1.074999999999999956, 1.316495309083404618E-16, -23.00000000000000000 ) ) ;
#1688 = EDGE_CURVE ( 'NONE', #4715, #113, #1209, .T. ) ;
#1689 = CARTESIAN_POINT ( 'NONE',  ( 0.000000000000000000, 0.000000000000000000, -14.43900000000000006 ) ) ;
#1690 = DIRECTION ( 'NONE',  ( -0.4999999999999921729, 0.8660254037844431485, 0.000000000000000000 ) ) ;
#1691 = FACE_OUTER_BOUND ( 'NONE', #938, .T. ) ;
#1692 = VERTEX_POINT ( 'NONE', #3330 ) ;
#1693 = DIRECTION ( 'NONE',  ( 0.000000000000000000, 0.000000000000000000, 1.000000000000000000 ) ) ;
#1694 = DIRECTION ( 'NONE',  ( 0.000000000000000000, 0.000000000000000000, -1.000000000000000000 ) ) ;
#1695 = DIRECTION ( 'NONE',  ( 0.000000000000000000, 0.000000000000000000, -1.000000000000000000 ) ) ;
#1696 = ORIENTED_EDGE ( 'NONE', *, *, #4623, .T. ) ;
#1697 = DIRECTION ( 'NONE',  ( 0.000000000000000000, 0.000000000000000000, 1.000000000000000000 ) ) ;
#1698 = FACE_OUTER_BOUND ( 'NONE', #1878, .T. ) ;
#1699 = ORIENTED_EDGE ( 'NONE', *, *, #4705, .F. ) ;
#1700 = ADVANCED_FACE ( 'NONE', ( #50 ), #2354, .F. ) ;
#1701 = DIRECTION ( 'NONE',  ( 0.000000000000000000, 0.000000000000000000, -1.000000000000000000 ) ) ;
#1702 = CARTESIAN_POINT ( 'NONE',  ( 6.029257564594829866, -2.759399808157259937, -15.00000000000000000 ) ) ;
#1703 = DIRECTION ( 'NONE',  ( 1.000000000000000000, 0.000000000000000000, 0.000000000000000000 ) ) ;
#1704 = VECTOR ( 'NONE', #4166, 1000.000000000000000 ) ;
#1705 = ORIENTED_EDGE ( 'NONE', *, *, #2734, .F. ) ;
#1706 = ORIENTED_EDGE ( 'NONE', *, *, #355, .F. ) ;
#1707 = FACE_OUTER_BOUND ( 'NONE', #2502, .T. ) ;
#1708 = EDGE_CURVE ( 'NONE', #1464, #1971, #3350, .T. ) ;
#1709 = CARTESIAN_POINT ( 'NONE',  ( -2.043761957265849638, 6.792810382441650141, -5.000000000000000000 ) ) ;
#1710 = DIRECTION ( 'NONE',  ( 1.000000000000000000, 0.000000000000000000, 0.000000000000000000 ) ) ;
#1711 = ADVANCED_FACE ( 'NONE', ( #2733, #1147 ), #922, .T. ) ;
#1712 = CARTESIAN_POINT ( 'NONE',  ( 5.698377549464350267, -2.537081144739695038, -5.000000000000000000 ) ) ;
#1713 = ORIENTED_EDGE ( 'NONE', *, *, #1328, .T. ) ;
#1714 = CARTESIAN_POINT ( 'NONE',  ( -6.415585563879099951, 3.026466207034244960, -5.000000000000000000 ) ) ;
#1715 = CARTESIAN_POINT ( 'NONE',  ( -0.9972532601362272819, -1.911944932661163943, 0.7328693155808382320 ) ) ;
#1716 = DIRECTION ( 'NONE',  ( 0.000000000000000000, 0.000000000000000000, 1.000000000000000000 ) ) ;
#1717 = ORIENTED_EDGE ( 'NONE', *, *, #3303, .T. ) ;
#1718 = CARTESIAN_POINT ( 'NONE',  ( 1.927540100405204848, -5.932358434262289926, -5.000000000000000000 ) ) ;
#1719 = ADVANCED_FACE ( 'NONE', ( #2956 ), #4405, .F. ) ;
#1720 = CARTESIAN_POINT ( 'NONE',  ( -5.323792341258430483, -3.952653436444991009, -5.000000000000000000 ) ) ;
#1721 = DIRECTION ( 'NONE',  ( 1.000000000000000000, 0.000000000000000000, 0.000000000000000000 ) ) ;
#1722 = B_SPLINE_CURVE_WITH_KNOTS ( 'NONE', 3,
 ( #1859, #3307, #29, #1500 ),
 .UNSPECIFIED., .F., .F.,
 ( 4, 4 ),
 ( 0.000000000000000000, 1.000000000000000000 ),
 .UNSPECIFIED. ) ;
#1723 = EDGE_LOOP ( 'NONE', ( #4329, #146, #2948, #617, #2307 ) ) ;
#1724 = AXIS2_PLACEMENT_3D ( 'NONE', #1786, #53, #8 ) ;
#1725 = AXIS2_PLACEMENT_3D ( 'NONE', #3448, #2355, #616 ) ;
#1726 = DIRECTION ( 'NONE',  ( 1.000000000000000000, 0.000000000000000000, 0.000000000000000000 ) ) ;
#1727 = CARTESIAN_POINT ( 'NONE',  ( 4.000000000000000000, 4.898587196589412829E-16, 9.000000000000000000 ) ) ;
#1728 = CARTESIAN_POINT ( 'NONE',  ( -2.339275608533275097, -6.696792176639159599, -15.00000000000000000 ) ) ;
#1729 = ORIENTED_EDGE ( 'NONE', *, *, #4075, .F. ) ;
#1730 = ORIENTED_EDGE ( 'NONE', *, *, #2389, .T. ) ;
#1731 = CARTESIAN_POINT ( 'NONE',  ( 4.041821550212704395, 5.162876135651590204, -15.00000000000000000 ) ) ;
#1732 = DIRECTION ( 'NONE',  ( 1.000000000000000000, 0.000000000000000000, 0.000000000000000000 ) ) ;
#1733 = CARTESIAN_POINT ( 'NONE',  ( -6.471215300770750467, 1.445547167183711901, -15.00000000000000000 ) ) ;
#1734 = EDGE_CURVE ( 'NONE', #4735, #4336, #4420, .T. ) ;
#1735 = DIRECTION ( 'NONE',  ( 1.000000000000000000, 0.000000000000000000, 0.000000000000000000 ) ) ;
#1736 = ORIENTED_EDGE ( 'NONE', *, *, #201, .T. ) ;
#1737 = CARTESIAN_POINT ( 'NONE',  ( -7.625892554961580139, -3.754432412510865014, -15.00000000000000000 ) ) ;
#1738 = CARTESIAN_POINT ( 'NONE',  ( -2.339275608533275097, -6.696792176639159599, -15.00000000000000000 ) ) ;
#1739 = ADVANCED_FACE ( 'NONE', ( #2243 ), #4327, .T. ) ;
#1740 = DIRECTION ( 'NONE',  ( 0.000000000000000000, 0.000000000000000000, -1.000000000000000000 ) ) ;
#1741 = ORIENTED_EDGE ( 'NONE', *, *, #441, .F. ) ;
#1742 = AXIS2_PLACEMENT_3D ( 'NONE', #2423, #2450, #3875 ) ;
#1743 = DIRECTION ( 'NONE',  ( 1.000000000000000000, 0.000000000000000000, 0.000000000000000000 ) ) ;
#1744 = EDGE_CURVE ( 'NONE', #4187, #537, #918, .T. ) ;
#1745 = DIRECTION ( 'NONE',  ( 0.000000000000000000, 0.000000000000000000, 1.000000000000000000 ) ) ;
#1746 = DIRECTION ( 'NONE',  ( 0.000000000000000000, 0.000000000000000000, -1.000000000000000000 ) ) ;
#1747 = AXIS2_PLACEMENT_3D ( 'NONE', #2847, #4297, #3486 ) ;
#1748 = VECTOR ( 'NONE', #2924, 1000.000000000000000 ) ;
#1749 = VERTEX_POINT ( 'NONE', #2090 ) ;
#1750 = CIRCLE ( 'NONE', #3583, 3.946090011793464747 ) ;
#1751 = AXIS2_PLACEMENT_3D ( 'NONE', #4660, #2396, #560 ) ;
#1752 = DIRECTION ( 'NONE',  ( 0.8660254037844431485, 0.4999999999999921174, 0.000000000000000000 ) ) ;
#1753 = DIRECTION ( 'NONE',  ( 0.000000000000000000, 0.000000000000000000, 1.000000000000000000 ) ) ;
#1754 = AXIS2_PLACEMENT_3D ( 'NONE', #2930, #1780, #4333 ) ;
#1755 = AXIS2_PLACEMENT_3D ( 'NONE', #1857, #1632, #3113 ) ;
#1756 = ORIENTED_EDGE ( 'NONE', *, *, #3955, .F. ) ;
#1757 = ORIENTED_EDGE ( 'NONE', *, *, #3000, .T. ) ;
#1758 = CARTESIAN_POINT ( 'NONE',  ( -5.046365497539220257, 3.666399145821240158, -5.000000000000000000 ) ) ;
#1759 = AXIS2_PLACEMENT_3D ( 'NONE', #3784, #4429, #3356 ) ;
#1760 = CYLINDRICAL_SURFACE ( 'NONE', #3542, 3.946090011793464747 ) ;
#1761 = DIRECTION ( 'NONE',  ( -0.000000000000000000, -0.000000000000000000, -1.000000000000000000 ) ) ;
#1762 = VERTEX_POINT ( 'NONE', #2472 ) ;
#1763 = VERTEX_POINT ( 'NONE', #236 ) ;
#1764 = EDGE_CURVE ( 'NONE', #562, #4537, #2572, .T. ) ;
#1765 = CARTESIAN_POINT ( 'NONE',  ( 0.1108640216441006549, -2.149999999999999467, 3.599999999999998757 ) ) ;
#1766 = CARTESIAN_POINT ( 'NONE',  ( -2.312631089366765202, 8.179348228583069869, -14.43900000000409989 ) ) ;
#1767 = CARTESIAN_POINT ( 'NONE',  ( -5.323792341258370087, 3.952653436445065616, -15.00000000000000000 ) ) ;
#1768 = VERTEX_POINT ( 'NONE', #283 ) ;
#1769 = VERTEX_POINT ( 'NONE', #2138 ) ;
#1770 = EDGE_CURVE ( 'NONE', #4409, #3094, #1529, .T. ) ;
#1771 = DIRECTION ( 'NONE',  ( 0.000000000000000000, 0.000000000000000000, 1.000000000000000000 ) ) ;
#1772 = CARTESIAN_POINT ( 'NONE',  ( -4.931093259559705899, -3.952653436444991009, -5.000000000000000888 ) ) ;
#1773 = EDGE_CURVE ( 'NONE', #3713, #2782, #378, .T. ) ;
#1774 = VERTEX_POINT ( 'NONE', #3541 ) ;
#1775 = DIRECTION ( 'NONE',  ( 0.4067366430757889395, -0.9135454576426058626, 0.000000000000000000 ) ) ;
#1776 = DIRECTION ( 'NONE',  ( -0.000000000000000000, -0.000000000000000000, -1.000000000000000000 ) ) ;
#1777 = VERTEX_POINT ( 'NONE', #311 ) ;
#1778 = ORIENTED_EDGE ( 'NONE', *, *, #2727, .F. ) ;
#1779 = LINE ( 'NONE', #21, #1816 ) ;
#1780 = DIRECTION ( 'NONE',  ( 0.000000000000000000, 0.000000000000000000, 1.000000000000000000 ) ) ;
#1781 = VERTEX_POINT ( 'NONE', #3564 ) ;
#1782 = ORIENTED_EDGE ( 'NONE', *, *, #3719, .T. ) ;
#1783 = CARTESIAN_POINT ( 'NONE',  ( 1.431853187797829552, -1.604800674254241999, 1.278540909456352015 ) ) ;
#1784 = DIRECTION ( 'NONE',  ( 1.000000000000000000, 0.000000000000000000, 0.000000000000000000 ) ) ;
#1785 = CIRCLE ( 'NONE', #22, 3.946090011793463859 ) ;
#1786 = CARTESIAN_POINT ( 'NONE',  ( 0.000000000000000000, 0.000000000000000000, -15.00000000000000000 ) ) ;
#1787 = EDGE_CURVE ( 'NONE', #294, #4375, #448, .T. ) ;
#1788 = ORIENTED_EDGE ( 'NONE', *, *, #3399, .T. ) ;
#1789 = CARTESIAN_POINT ( 'NONE',  ( -7.625892554965243875, -3.754432412512672013, -5.000000000000000888 ) ) ;
#1790 = DIRECTION ( 'NONE',  ( -0.7431448254773956874, -0.6691306063588566833, 0.000000000000000000 ) ) ;
#1791 = DIRECTION ( 'NONE',  ( 0.1045284632676432846, -0.9945218953682744001, 0.000000000000000000 ) ) ;
#1792 = CIRCLE ( 'NONE', #3016, 0.3926990816987240285 ) ;
#1793 = PRODUCT_RELATED_PRODUCT_CATEGORY ( 'part', '', ( #1883 ) ) ;
#1794 = AXIS2_PLACEMENT_3D ( 'NONE', #606, #4222, #273 ) ;
#1795 = ORIENTED_EDGE ( 'NONE', *, *, #2511, .T. ) ;
#1796 = LINE ( 'NONE', #3992, #1366 ) ;
#1797 = FACE_BOUND ( 'NONE', #1164, .T. ) ;
#1798 = VERTEX_POINT ( 'NONE', #1682 ) ;
#1799 = ORIENTED_EDGE ( 'NONE', *, *, #3894, .T. ) ;
#1800 = CARTESIAN_POINT ( 'NONE',  ( -2.339275608533189832, 6.696792176639190686, -15.00000000000000000 ) ) ;
#1801 = DIRECTION ( 'NONE',  ( 1.000000000000000000, 0.000000000000000000, 0.000000000000000000 ) ) ;
#1802 = VECTOR ( 'NONE', #1158, 1000.000000000000114 ) ;
#1803 = DIRECTION ( 'NONE',  ( 0.000000000000000000, 0.000000000000000000, -1.000000000000000000 ) ) ;
#1804 = ADVANCED_FACE ( 'NONE', ( #3877 ), #590, .T. ) ;
#1805 = ORIENTED_EDGE ( 'NONE', *, *, #4692, .T. ) ;
#1806 = ORIENTED_EDGE ( 'NONE', *, *, #6, .F. ) ;
#1807 = CARTESIAN_POINT ( 'NONE',  ( 1.588554193222714295, -1.449142267755339608, 1.780716037075386282 ) ) ;
#1808 = CARTESIAN_POINT ( 'NONE',  ( -1.383369969311343262, -1.647374826048944474, 2.810139466511849093 ) ) ;
#1809 = CARTESIAN_POINT ( 'NONE',  ( 6.457175140147802139, 5.241547892805223263, -14.62314041400567888 ) ) ;
#1810 = ORIENTED_EDGE ( 'NONE', *, *, #2490, .F. ) ;
#1811 = CARTESIAN_POINT ( 'NONE',  ( 0.000000000000000000, 0.000000000000000000, -11.08111831820430915 ) ) ;
#1812 = DIRECTION ( 'NONE',  ( 0.000000000000000000, 0.000000000000000000, 1.000000000000000000 ) ) ;
#1813 = DIRECTION ( 'NONE',  ( 1.000000000000000000, 0.000000000000000000, 0.000000000000000000 ) ) ;
#1814 = CARTESIAN_POINT ( 'NONE',  ( -5.323792341258370087, 3.952653436445065616, -15.00000000000000000 ) ) ;
#1815 = CIRCLE ( 'NONE', #744, 10.00000000000000000 ) ;
#1816 = VECTOR ( 'NONE', #1490, 999.9999999999998863 ) ;
#1817 = ORIENTED_EDGE ( 'NONE', *, *, #3869, .F. ) ;
#1818 = DIRECTION ( 'NONE',  ( 0.000000000000000000, 0.000000000000000000, 1.000000000000000000 ) ) ;
#1819 = ADVANCED_FACE ( 'NONE', ( #4302 ), #2069, .F. ) ;
#1820 = CIRCLE ( 'NONE', #4481, 8.500000000000001776 ) ;
#1821 = DIRECTION ( 'NONE',  ( 0.000000000000000000, 0.000000000000000000, 1.000000000000000000 ) ) ;
#1822 = VERTEX_POINT ( 'NONE', #1727 ) ;
#1823 = AXIS2_PLACEMENT_3D ( 'NONE', #4634, #3135, #663 ) ;
#1824 = ORIENTED_EDGE ( 'NONE', *, *, #4428, .T. ) ;
#1825 = DIRECTION ( 'NONE',  ( -0.7431448254773956874, -0.6691306063588566833, 0.000000000000000000 ) ) ;
#1826 = ADVANCED_FACE ( 'NONE', ( #3156 ), #1325, .T. ) ;
#1827 = CARTESIAN_POINT ( 'NONE',  ( 0.000000000000000000, 0.000000000000000000, -15.00000000000000000 ) ) ;
#1828 = AXIS2_PLACEMENT_3D ( 'NONE', #1958, #3409, #3439 ) ;
#1829 = CIRCLE ( 'NONE', #1069, 3.946090011793463415 ) ;
#1830 = CARTESIAN_POINT ( 'NONE',  ( -5.026920358780650133, 4.209712952485149984, -15.00000000000000000 ) ) ;
#1831 = VERTEX_POINT ( 'NONE', #4253 ) ;
#1832 = EDGE_CURVE ( 'NONE', #2579, #203, #1533, .T. ) ;
#1833 = ORIENTED_EDGE ( 'NONE', *, *, #1092, .F. ) ;
#1834 = CIRCLE ( 'NONE', #2446, 3.946090011793463859 ) ;
#1835 = CONICAL_SURFACE ( 'NONE', #3743, 8.500000000000000000, 0.7853981633974476129 ) ;
#1836 = FACE_OUTER_BOUND ( 'NONE', #2762, .T. ) ;
#1837 = DIRECTION ( 'NONE',  ( -0.000000000000000000, -0.000000000000000000, -1.000000000000000000 ) ) ;
#1838 = VECTOR ( 'NONE', #4115, 1000.000000000000000 ) ;
#1839 = FACE_OUTER_BOUND ( 'NONE', #4017, .T. ) ;
#1840 = EDGE_LOOP ( 'NONE', ( #440, #776, #2252, #446, #737 ) ) ;
#1841 = CARTESIAN_POINT ( 'NONE',  ( 1.214147014145558368, -8.412838226665330765, -5.000000000000000888 ) ) ;
#1842 = DIRECTION ( 'NONE',  ( -0.4067366430758008189, -0.9135454576426006446, 0.000000000000000000 ) ) ;
#1843 = DIRECTION ( 'NONE',  ( 1.000000000000000000, 0.000000000000000000, 0.000000000000000000 ) ) ;
#1844 = DIRECTION ( 'NONE',  ( 0.000000000000000000, 0.000000000000000000, -1.000000000000000000 ) ) ;
#1845 = ORIENTED_EDGE ( 'NONE', *, *, #1328, .F. ) ;
#1846 = DIRECTION ( 'NONE',  ( 0.000000000000000000, 0.000000000000000000, 1.000000000000000000 ) ) ;
#1847 = DIRECTION ( 'NONE',  ( 0.000000000000000000, 0.000000000000000000, 1.000000000000000000 ) ) ;
#1848 = ORIENTED_EDGE ( 'NONE', *, *, #3719, .F. ) ;
#1849 = ADVANCED_FACE ( 'NONE', ( #2451 ), #2852, .T. ) ;
#1850 = ORIENTED_EDGE ( 'NONE', *, *, #3666, .F. ) ;
#1851 = DIRECTION ( 'NONE',  ( 0.000000000000000000, 0.000000000000000000, 1.000000000000000000 ) ) ;
#1852 = CARTESIAN_POINT ( 'NONE',  ( 4.532886174746620256, -6.890733991732280295, -14.69157721615070145 ) ) ;
#1853 = DIRECTION ( 'NONE',  ( -1.000000000000000000, 0.000000000000000000, 0.000000000000000000 ) ) ;
#1854 = VERTEX_POINT ( 'NONE', #614 ) ;
#1855 = EDGE_CURVE ( 'NONE', #1768, #4375, #2493, .T. ) ;
#1856 = ORIENTED_EDGE ( 'NONE', *, *, #1208, .T. ) ;
#1857 = CARTESIAN_POINT ( 'NONE',  ( -6.499706345634449711, -1.311507339667445704, -15.00000000000000000 ) ) ;
#1858 = EDGE_CURVE ( 'NONE', #2072, #217, #3227, .T. ) ;
#1859 = CARTESIAN_POINT ( 'NONE',  ( -2.936742409108090257, -7.976562168157201427, -14.43900000000408035 ) ) ;
#1860 = CARTESIAN_POINT ( 'NONE',  ( -3.023005683202655280, 7.546457251833879276, -14.81014041400568182 ) ) ;
#1861 = ORIENTED_EDGE ( 'NONE', *, *, #3844, .T. ) ;
#1862 = DIRECTION ( 'NONE',  ( 1.000000000000000000, 0.000000000000000000, 0.000000000000000000 ) ) ;
#1863 = CARTESIAN_POINT ( 'NONE',  ( 6.541271189478329084, -0.4509796686607169813, -15.00000000000000000 ) ) ;
#1864 = CARTESIAN_POINT ( 'NONE',  ( -5.086638884589770093, 3.610967584008729858, -5.000000000000000000 ) ) ;
#1865 = DIRECTION ( 'NONE',  ( 1.000000000000000000, 0.000000000000000000, 0.000000000000000000 ) ) ;
#1866 = EDGE_CURVE ( 'NONE', #4444, #941, #2873, .T. ) ;
#1867 = VECTOR ( 'NONE', #2648, 1000.000000000000000 ) ;
#1868 = ORIENTED_EDGE ( 'NONE', *, *, #3031, .T. ) ;
#1869 = DIRECTION ( 'NONE',  ( 0.000000000000000000, 0.000000000000000000, 1.000000000000000000 ) ) ;
#1870 = CARTESIAN_POINT ( 'NONE',  ( 6.084994458946489715, 2.634212693780230374, -15.00000000000000000 ) ) ;
#1871 = EDGE_LOOP ( 'NONE', ( #4086, #4178, #224, #693 ) ) ;
#1872 = ORIENTED_EDGE ( 'NONE', *, *, #611, .T. ) ;
#1873 = CARTESIAN_POINT ( 'NONE',  ( 0.000000000000000000, 0.000000000000000000, -15.00000000000000000 ) ) ;
#1874 = DIRECTION ( 'NONE',  ( 0.000000000000000000, 0.000000000000000000, 1.000000000000000000 ) ) ;
#1875 = AXIS2_PLACEMENT_3D ( 'NONE', #4515, #1611, #1205 ) ;
#1876 = DIRECTION ( 'NONE',  ( 1.000000000000000000, 0.000000000000000000, 0.000000000000000000 ) ) ;
#1877 = ORIENTED_EDGE ( 'NONE', *, *, #2793, .F. ) ;
#1878 = EDGE_LOOP ( 'NONE', ( #1680, #3115 ) ) ;
#1879 = CIRCLE ( 'NONE', #1347, 0.3926990816987240285 ) ;
#1880 = CARTESIAN_POINT ( 'NONE',  ( 1.438189209366445453, -9.896123147562562394, 2.708929231035463570 ) ) ;
#1881 = ADVANCED_FACE ( 'NONE', ( #1797, #331 ), #695, .T. ) ;
#1882 = PLANE ( 'NONE',  #2900 ) ;
#1883 = PRODUCT ( 'PD15-motor-gear', 'PD15-motor-gear', '', ( #3045 ) ) ;
#1884 = CARTESIAN_POINT ( 'NONE',  ( -2.149999999999999911, 2.632990618166809235E-16, 9.000000000000000000 ) ) ;
#1885 = ORIENTED_EDGE ( 'NONE', *, *, #1038, .F. ) ;
#1886 = CARTESIAN_POINT ( 'NONE',  ( 3.680498208442089858, -6.064088453133640755, -15.00000000000000000 ) ) ;
#1887 = ADVANCED_FACE ( 'NONE', ( #2947 ), #4016, .F. ) ;
#1888 = CARTESIAN_POINT ( 'NONE',  ( -6.976452998247889781, -3.789040058278374978, -15.00000000000000000 ) ) ;
#1889 = DIRECTION ( 'NONE',  ( 0.000000000000000000, 0.000000000000000000, 1.000000000000000000 ) ) ;
#1890 = EDGE_CURVE ( 'NONE', #2746, #3146, #4348, .T. ) ;
#1891 = AXIS2_PLACEMENT_3D ( 'NONE', #2073, #3095, #3907 ) ;
#1892 = ORIENTED_EDGE ( 'NONE', *, *, #4042, .F. ) ;
#1893 = CARTESIAN_POINT ( 'NONE',  ( -5.404339115359469758, 3.841790312820034803, -15.00000000000000000 ) ) ;
#1894 = CARTESIAN_POINT ( 'NONE',  ( 5.828789400926360109, 4.042826974954864205, -5.000000000000000000 ) ) ;
#1895 = AXIS2_PLACEMENT_3D ( 'NONE', #3206, #666, #2492 ) ;
#1896 = ORIENTED_EDGE ( 'NONE', *, *, #2029, .F. ) ;
#1897 = ORIENTED_EDGE ( 'NONE', *, *, #585, .T. ) ;
#1898 = CARTESIAN_POINT ( 'NONE',  ( 4.500000000000000000, 0.000000000000000000, -23.00000000000000000 ) ) ;
#1899 = VECTOR ( 'NONE', #694, 1000.000000000000114 ) ;
#1900 = DIRECTION ( 'NONE',  ( 0.000000000000000000, 0.000000000000000000, 1.000000000000000000 ) ) ;
#1901 = CIRCLE ( 'NONE', #2525, 3.946090011793464747 ) ;
#1902 = CIRCLE ( 'NONE', #4261, 3.946090011793463859 ) ;
#1903 = EDGE_LOOP ( 'NONE', ( #2000, #788 ) ) ;
#1904 = ORIENTED_EDGE ( 'NONE', *, *, #2503, .T. ) ;
#1905 = VECTOR ( 'NONE', #2463, 1000.000000000000000 ) ;
#1906 = AXIS2_PLACEMENT_3D ( 'NONE', #1667, #627, #3508 ) ;
#1907 = CARTESIAN_POINT ( 'NONE',  ( 0.000000000000000000, 0.000000000000000000, -3.000000000000000888 ) ) ;
#1908 = DIRECTION ( 'NONE',  ( 0.000000000000000000, 0.000000000000000000, -1.000000000000000000 ) ) ;
#1909 = ORIENTED_EDGE ( 'NONE', *, *, #1890, .F. ) ;
#1910 = EDGE_CURVE ( 'NONE', #1285, #2627, #4271, .T. ) ;
#1911 = CARTESIAN_POINT ( 'NONE',  ( 0.000000000000000000, 0.000000000000000000, -15.00000000000000000 ) ) ;
#1912 = CIRCLE ( 'NONE', #3747, 0.3926990816987240285 ) ;
#1913 = CIRCLE ( 'NONE', #909, 8.500000000000001776 ) ;
#1914 = DIRECTION ( 'NONE',  ( 1.000000000000000000, 0.000000000000000000, 0.000000000000000000 ) ) ;
#1915 = DIRECTION ( 'NONE',  ( 1.000000000000000000, 0.000000000000000000, 0.000000000000000000 ) ) ;
#1916 = EDGE_CURVE ( 'NONE', #1263, #665, #2901, .T. ) ;
#1917 = ORIENTED_EDGE ( 'NONE', *, *, #3894, .F. ) ;
#1918 = DIRECTION ( 'NONE',  ( 0.000000000000000000, 0.000000000000000000, -1.000000000000000000 ) ) ;
#1919 = DIRECTION ( 'NONE',  ( 0.000000000000000000, 0.000000000000000000, 1.000000000000000000 ) ) ;
#1920 = EDGE_CURVE ( 'NONE', #2279, #1595, #2065, .T. ) ;
#1921 = ORIENTED_EDGE ( 'NONE', *, *, #12, .F. ) ;
#1922 = ORIENTED_EDGE ( 'NONE', *, *, #1773, .F. ) ;
#1923 = CARTESIAN_POINT ( 'NONE',  ( 1.214147014147806125, 8.412838226660879215, -14.43900000000409989 ) ) ;
#1924 = CARTESIAN_POINT ( 'NONE',  ( -7.189126830894889686, -3.795264921417032866, -14.81014041400569781 ) ) ;
#1925 = DIRECTION ( 'NONE',  ( 1.000000000000000000, 0.000000000000000000, 0.000000000000000000 ) ) ;
#1926 = ORIENTED_EDGE ( 'NONE', *, *, #4391, .F. ) ;
#1927 = VERTEX_POINT ( 'NONE', #2564 ) ;
#1928 = CARTESIAN_POINT ( 'NONE',  ( 0.000000000000000000, 0.000000000000000000, -14.43900000000000006 ) ) ;
#1929 = DIRECTION ( 'NONE',  ( 0.000000000000000000, 0.000000000000000000, 1.000000000000000000 ) ) ;
#1930 = ORIENTED_EDGE ( 'NONE', *, *, #4216, .T. ) ;
#1931 = DIRECTION ( 'NONE',  ( 1.000000000000000000, 0.000000000000000000, 0.000000000000000000 ) ) ;
#1932 = DIRECTION ( 'NONE',  ( 1.000000000000000000, -1.758422611539354977E-15, 0.000000000000000000 ) ) ;
#1933 = EDGE_CURVE ( 'NONE', #251, #4227, #739, .T. ) ;
#1934 = CARTESIAN_POINT ( 'NONE',  ( -5.927207807668770201, -6.092471387264859040, -14.43900000000409989 ) ) ;
#1935 = ORIENTED_EDGE ( 'NONE', *, *, #549, .F. ) ;
#1936 = DIRECTION ( 'NONE',  ( 1.000000000000000000, 0.000000000000000000, 0.000000000000000000 ) ) ;
#1937 = CARTESIAN_POINT ( 'NONE',  ( 0.5867961629527920220, -7.069293181989130481, -5.000000000000000000 ) ) ;
#1938 = ADVANCED_FACE ( 'NONE', ( #3321 ), #3994, .T. ) ;
#1939 = B_SPLINE_CURVE_WITH_KNOTS ( 'NONE', 3,
 ( #1510, #4040, #17, #4393 ),
 .UNSPECIFIED., .F., .F.,
 ( 4, 4 ),
 ( 0.000000000000000000, 1.000000000000000000 ),
 .UNSPECIFIED. ) ;
#1940 = EDGE_LOOP ( 'NONE', ( #2486, #1845, #1405, #3298, #3614 ) ) ;
#1941 = ORIENTED_EDGE ( 'NONE', *, *, #4531, .F. ) ;
#1942 = CARTESIAN_POINT ( 'NONE',  ( -0.9762377889165766431, -9.952613452384644788, 0.7280687305549743416 ) ) ;
#1943 = B_SPLINE_CURVE_WITH_KNOTS ( 'NONE', 3,
 ( #320, #706, #1809, #3261 ),
 .UNSPECIFIED., .F., .F.,
 ( 4, 4 ),
 ( 0.000000000000000000, 1.000000000000000000 ),
 .UNSPECIFIED. ) ;
#1944 = LINE ( 'NONE', #4113, #1343 ) ;
#1945 = EDGE_CURVE ( 'NONE', #4630, #3630, #66, .T. ) ;
#1946 = DIRECTION ( 'NONE',  ( 0.000000000000000000, 0.000000000000000000, -1.000000000000000000 ) ) ;
#1947 = VERTEX_POINT ( 'NONE', #1439 ) ;
#1948 = ORIENTED_EDGE ( 'NONE', *, *, #175, .T. ) ;
#1949 = LINE ( 'NONE', #375, #3184 ) ;
#1950 = AXIS2_PLACEMENT_3D ( 'NONE', #3097, #267, #1735 ) ;
#1951 = ADVANCED_FACE ( 'NONE', ( #716 ), #2590, .T. ) ;
#1952 = DIRECTION ( 'NONE',  ( 1.000000000000000000, 0.000000000000000000, 0.000000000000000000 ) ) ;
#1953 = B_SPLINE_CURVE_WITH_KNOTS ( 'NONE', 3,
 ( #2008, #2436, #3890, #1642, #3532, #249, #1715, #4316, #2606, #4363, #2914, #705, #3606, #3238, #1808, #1050, #2506, #3287, #3961, #683, #3217, #4002, #1476, #2957 ),
 .UNSPECIFIED., .F., .F.,
 ( 4, 2, 2, 2, 2, 2, 2, 2, 2, 2, 2, 4 ),
 ( 0.005234912077192692761, 0.005561404476448517618, 0.005887896875704342475, 0.006540881674215991322, 0.007193866472727640168, 0.007846851271239289882, 0.008499836069750939596, 0.008826328469006763586, 0.009152820868262589310, 0.009479313267518415034, 0.009805805666774240759, 0.01045879046528589047 ),
 .UNSPECIFIED. ) ;
#1954 = DIRECTION ( 'NONE',  ( 0.000000000000000000, 0.000000000000000000, -1.000000000000000000 ) ) ;
#1955 = ORIENTED_EDGE ( 'NONE', *, *, #2333, .F. ) ;
#1956 = VECTOR ( 'NONE', #1107, 1000.000000000000000 ) ;
#1957 = DIRECTION ( 'NONE',  ( 0.000000000000000000, 0.000000000000000000, 1.000000000000000000 ) ) ;
#1958 = CARTESIAN_POINT ( 'NONE',  ( -4.629954344567729585, 5.374268191762720193, -15.00000000000000000 ) ) ;
#1959 = DIRECTION ( 'NONE',  ( 0.000000000000000000, 0.000000000000000000, 1.000000000000000000 ) ) ;
#1960 = VECTOR ( 'NONE', #2321, 1000.000000000000000 ) ;
#1961 = ORIENTED_EDGE ( 'NONE', *, *, #3407, .F. ) ;
#1962 = LINE ( 'NONE', #4461, #1286 ) ;
#1963 = CARTESIAN_POINT ( 'NONE',  ( 5.670509102288576742, 2.599674701928097242, -5.000000000000000888 ) ) ;
#1964 = ORIENTED_EDGE ( 'NONE', *, *, #1436, .F. ) ;
#1965 = ORIENTED_EDGE ( 'NONE', *, *, #3367, .F. ) ;
#1966 = CARTESIAN_POINT ( 'NONE',  ( 6.036215036775419485, -5.156726580865659493, -15.00000000000000000 ) ) ;
#1967 = EDGE_CURVE ( 'NONE', #1639, #107, #3249, .T. ) ;
#1968 = CARTESIAN_POINT ( 'NONE',  ( -1.074999999999999956, 0.000000000000000000, -23.00000000000000000 ) ) ;
#1969 = CARTESIAN_POINT ( 'NONE',  ( 4.530988068736630403, -7.191672067118070721, -14.43900000000000006 ) ) ;
#1970 = CARTESIAN_POINT ( 'NONE',  ( -6.078516219072019666, 1.445547167183711901, -15.00000000000000000 ) ) ;
#1971 = VERTEX_POINT ( 'NONE', #2233 ) ;
#1972 = CIRCLE ( 'NONE', #4638, 0.3926990816987240285 ) ;
#1973 = VERTEX_POINT ( 'NONE', #2899 ) ;
#1974 = DIRECTION ( 'NONE',  ( -0.9510565162951543083, -0.3090169943749450643, 0.000000000000000000 ) ) ;
#1975 = EDGE_CURVE ( 'NONE', #1774, #3477, #2615, .T. ) ;
#1976 = AXIS2_PLACEMENT_3D ( 'NONE', #3369, #4130, #132 ) ;
#1977 = DIRECTION ( 'NONE',  ( 1.000000000000000000, 0.000000000000000000, 0.000000000000000000 ) ) ;
#1978 = EDGE_CURVE ( 'NONE', #4491, #714, #3275, .T. ) ;
#1979 = CARTESIAN_POINT ( 'NONE',  ( -3.118825397133980104, 5.401964047772350064, -5.000000000000000000 ) ) ;
#1980 = ORIENTED_EDGE ( 'NONE', *, *, #456, .T. ) ;
#1981 = CIRCLE ( 'NONE', #4566, 3.946090011793462971 ) ;
#1982 = CIRCLE ( 'NONE', #914, 3.946090011793466523 ) ;
#1983 = CARTESIAN_POINT ( 'NONE',  ( -7.892805129291041055, -3.154936955149449496, -14.43900000000409989 ) ) ;
#1984 = CARTESIAN_POINT ( 'NONE',  ( -5.086638884589819831, -3.610967584008660136, -15.00000000000000000 ) ) ;
#1985 = CIRCLE ( 'NONE', #4573, 0.3926990816987240285 ) ;
#1986 = CIRCLE ( 'NONE', #4039, 3.946090011793462971 ) ;
#1987 = CARTESIAN_POINT ( 'NONE',  ( -5.887792739465245617, -5.873911112722748129, -14.62314041400843756 ) ) ;
#1988 = VERTEX_POINT ( 'NONE', #2995 ) ;
#1989 = AXIS2_PLACEMENT_3D ( 'NONE', #3744, #775, #3326 ) ;
#1990 = AXIS2_PLACEMENT_3D ( 'NONE', #3616, #1487, #3638 ) ;
#1991 = CARTESIAN_POINT ( 'NONE',  ( -5.557078755425729710, -3.480012520356874806, -15.00000000000000000 ) ) ;
#1992 = DIRECTION ( 'NONE',  ( 0.000000000000000000, 0.000000000000000000, -1.000000000000000000 ) ) ;
#1993 = ORIENTED_EDGE ( 'NONE', *, *, #2680, .T. ) ;
#1994 = ORIENTED_EDGE ( 'NONE', *, *, #3498, .T. ) ;
#1995 = CARTESIAN_POINT ( 'NONE',  ( -5.927207807669569561, 6.092471387269789318, -14.43900000000000006 ) ) ;
#1996 = DIRECTION ( 'NONE',  ( 1.000000000000000000, 0.000000000000000000, 0.000000000000000000 ) ) ;
#1997 = CARTESIAN_POINT ( 'NONE',  ( -2.880075745088722439, -5.890396857461828617, -5.000000000000000888 ) ) ;
#1998 = ADVANCED_FACE ( 'NONE', ( #4734 ), #1835, .T. ) ;
#1999 = VERTEX_POINT ( 'NONE', #3710 ) ;
#2000 = ORIENTED_EDGE ( 'NONE', *, *, #1567, .F. ) ;
#2001 = DIRECTION ( 'NONE',  ( 0.000000000000000000, 0.000000000000000000, 1.000000000000000000 ) ) ;
#2002 = DIRECTION ( 'NONE',  ( 1.000000000000000000, 0.000000000000000000, -0.000000000000000000 ) ) ;
#2003 = EDGE_CURVE ( 'NONE', #385, #429, #3593, .T. ) ;
#2004 = CARTESIAN_POINT ( 'NONE',  ( 0.000000000000000000, 0.000000000000000000, -15.00000000000000000 ) ) ;
#2005 = ORIENTED_EDGE ( 'NONE', *, *, #470, .F. ) ;
#2006 = ORIENTED_EDGE ( 'NONE', *, *, #1916, .T. ) ;
#2007 = CARTESIAN_POINT ( 'NONE',  ( -6.541967359745210153, 2.742608045966909991, -5.000000000000000000 ) ) ;
#2008 = CARTESIAN_POINT ( 'NONE',  ( 1.959434962479250458E-16, -2.149999999999999911, 0.3999999999999990785 ) ) ;
#2009 = ADVANCED_FACE ( 'NONE', ( #68 ), #1539, .F. ) ;
#2010 = DIRECTION ( 'NONE',  ( 0.000000000000000000, 0.000000000000000000, 1.000000000000000000 ) ) ;
#2011 = ORIENTED_EDGE ( 'NONE', *, *, #3483, .F. ) ;
#2012 = DIRECTION ( 'NONE',  ( 1.000000000000000000, 0.000000000000000000, 0.000000000000000000 ) ) ;
#2013 = CONICAL_SURFACE ( 'NONE', #4296, 8.500000000000000000, 0.7853981633974476129 ) ;
#2014 = CARTESIAN_POINT ( 'NONE',  ( 6.904627332918099825, 1.626455416940325138, -15.00000000000000000 ) ) ;
#2015 = EDGE_CURVE ( 'NONE', #4278, #1073, #1580, .T. ) ;
#2016 = VERTEX_POINT ( 'NONE', #3039 ) ;
#2017 = EDGE_LOOP ( 'NONE', ( #1941, #3647, #295, #1095 ) ) ;
#2018 = CARTESIAN_POINT ( 'NONE',  ( 0.000000000000000000, 0.000000000000000000, -5.000000000000000888 ) ) ;
#2019 = DIRECTION ( 'NONE',  ( 0.000000000000000000, 0.000000000000000000, 1.000000000000000000 ) ) ;
#2020 = DIRECTION ( 'NONE',  ( 0.000000000000000000, 0.000000000000000000, 1.000000000000000000 ) ) ;
#2021 = ORIENTED_EDGE ( 'NONE', *, *, #4564, .F. ) ;
#2022 = ORIENTED_EDGE ( 'NONE', *, *, #3872, .F. ) ;
#2023 = DIRECTION ( 'NONE',  ( 0.000000000000000000, 0.000000000000000000, -1.000000000000000000 ) ) ;
#2024 = CARTESIAN_POINT ( 'NONE',  ( -0.5838702176986789727, 6.210642285936860851, -15.00000000000000000 ) ) ;
#2025 = CYLINDRICAL_SURFACE ( 'NONE', #1528, 4.000000000000000000 ) ;
#2026 = AXIS2_PLACEMENT_3D ( 'NONE', #2388, #3529, #1004 ) ;
#2027 = DIRECTION ( 'NONE',  ( 0.000000000000000000, 0.000000000000000000, 1.000000000000000000 ) ) ;
#2028 = EDGE_LOOP ( 'NONE', ( #1778, #844, #1904, #4380, #2650 ) ) ;
#2029 = EDGE_CURVE ( 'NONE', #1749, #537, #3827, .T. ) ;
#2030 = CARTESIAN_POINT ( 'NONE',  ( 1.447748701012383954, -7.805878854985969895, -15.00000000000000000 ) ) ;
#2031 = CARTESIAN_POINT ( 'NONE',  ( 0.000000000000000000, 0.000000000000000000, -14.43900000000000006 ) ) ;
#2032 = CYLINDRICAL_SURFACE ( 'NONE', #2642, 3.946090011793463859 ) ;
#2033 = ORIENTED_EDGE ( 'NONE', *, *, #615, .T. ) ;
#2034 = EDGE_CURVE ( 'NONE', #2746, #541, #3355, .T. ) ;
#2035 = FACE_OUTER_BOUND ( 'NONE', #3033, .T. ) ;
#2036 = CIRCLE ( 'NONE', #1270, 8.500000000000000000 ) ;
#2037 = PLANE ( 'NONE',  #829 ) ;
#2038 = EDGE_CURVE ( 'NONE', #1973, #805, #2143, .T. ) ;
#2039 = ORIENTED_EDGE ( 'NONE', *, *, #777, .T. ) ;
#2040 = LINE ( 'NONE', #4300, #1284 ) ;
#2041 = DIRECTION ( 'NONE',  ( 0.000000000000000000, 0.000000000000000000, 1.000000000000000000 ) ) ;
#2042 = CARTESIAN_POINT ( 'NONE',  ( 0.000000000000000000, 0.000000000000000000, -15.00000000000000000 ) ) ;
#2043 = ORIENTED_EDGE ( 'NONE', *, *, #3839, .T. ) ;
#2044 = ORIENTED_EDGE ( 'NONE', *, *, #3021, .T. ) ;
#2045 = CARTESIAN_POINT ( 'NONE',  ( 0.000000000000000000, 0.000000000000000000, -15.00000000000000000 ) ) ;
#2046 = AXIS2_PLACEMENT_3D ( 'NONE', #1811, #1459, #1743 ) ;
#2047 = CARTESIAN_POINT ( 'NONE',  ( 4.487488219535054945, -4.881463260234210289, -5.000000000000000000 ) ) ;
#2048 = CARTESIAN_POINT ( 'NONE',  ( -5.046365497539270883, -3.666399145821169991, -5.000000000000000000 ) ) ;
#2049 = CARTESIAN_POINT ( 'NONE',  ( -3.059487779958075304, -5.436222637021930204, -5.000000000000000000 ) ) ;
#2050 = AXIS2_PLACEMENT_3D ( 'NONE', #1873, #44, #92 ) ;
#2051 = ORIENTED_EDGE ( 'NONE', *, *, #554, .T. ) ;
#2052 = CIRCLE ( 'NONE', #2661, 0.3926990816987240285 ) ;
#2053 = DIRECTION ( 'NONE',  ( 0.000000000000000000, 0.000000000000000000, 1.000000000000000000 ) ) ;
#2054 = LINE ( 'NONE', #2792, #4266 ) ;
#2055 = CARTESIAN_POINT ( 'NONE',  ( 0.000000000000000000, 0.000000000000000000, -14.43900000000000006 ) ) ;
#2056 = VECTOR ( 'NONE', #2157, 1000.000000000000000 ) ;
#2057 = EDGE_CURVE ( 'NONE', #3785, #782, #1229, .T. ) ;
#2058 = CIRCLE ( 'NONE', #2133, 3.946090011793464303 ) ;
#2059 = ORIENTED_EDGE ( 'NONE', *, *, #15, .F. ) ;
#2060 = DIRECTION ( 'NONE',  ( -0.9510565162951503115, 0.3090169943749576098, 0.000000000000000000 ) ) ;
#2061 = AXIS2_PLACEMENT_3D ( 'NONE', #395, #4407, #1148 ) ;
#2062 = AXIS2_PLACEMENT_3D ( 'NONE', #1714, #3168, #1287 ) ;
#2063 = CARTESIAN_POINT ( 'NONE',  ( 0.000000000000000000, 0.000000000000000000, -5.000000000000000888 ) ) ;
#2064 = CIRCLE ( 'NONE', #142, 3.946090011793463415 ) ;
#2065 = CIRCLE ( 'NONE', #4495, 0.3926990816987240285 ) ;
#2066 = ORIENTED_EDGE ( 'NONE', *, *, #3549, .F. ) ;
#2067 = DIRECTION ( 'NONE',  ( 1.000000000000000000, 0.000000000000000000, 0.000000000000000000 ) ) ;
#2068 = EDGE_CURVE ( 'NONE', #1360, #472, #2635, .T. ) ;
#2069 = CYLINDRICAL_SURFACE ( 'NONE', #763, 0.3926990816987240285 ) ;
#2070 = DIRECTION ( 'NONE',  ( 0.000000000000000000, 0.000000000000000000, 1.000000000000000000 ) ) ;
#2071 = ORIENTED_EDGE ( 'NONE', *, *, #1588, .F. ) ;
#2072 = VERTEX_POINT ( 'NONE', #4131 ) ;
#2073 = CARTESIAN_POINT ( 'NONE',  ( 4.487488219535119782, 4.881463260234149892, -15.00000000000000000 ) ) ;
#2074 = ADVANCED_FACE ( 'NONE', ( #915 ), #135, .T. ) ;
#2075 = CARTESIAN_POINT ( 'NONE',  ( -7.405849455748903409, -3.784485294184274817, -14.62314041400569664 ) ) ;
#2076 = DIRECTION ( 'NONE',  ( 0.000000000000000000, 0.000000000000000000, 1.000000000000000000 ) ) ;
#2077 = FACE_OUTER_BOUND ( 'NONE', #1840, .T. ) ;
#2078 = ADVANCED_FACE ( 'NONE', ( #2726 ), #1679, .T. ) ;
#2079 = ORIENTED_EDGE ( 'NONE', *, *, #489, .F. ) ;
#2080 = CARTESIAN_POINT ( 'NONE',  ( 8.376276677047611585, -1.444987553423326077, -14.43900000000000006 ) ) ;
#2081 = UNCERTAINTY_MEASURE_WITH_UNIT (LENGTH_MEASURE( 1.000000000000000082E-05 ), #2978, 'distance_accuracy_value', 'NONE');
#2082 = DIRECTION ( 'NONE',  ( 1.000000000000000000, 0.000000000000000000, 0.000000000000000000 ) ) ;
#2083 = DIRECTION ( 'NONE',  ( 0.000000000000000000, 0.000000000000000000, 1.000000000000000000 ) ) ;
#2084 = DIRECTION ( 'NONE',  ( 1.000000000000000000, 0.000000000000000000, 0.000000000000000000 ) ) ;
#2085 = CARTESIAN_POINT ( 'NONE',  ( -2.863138239108634853, 5.776310017815889708, -15.00000000000000000 ) ) ;
#2086 = DIRECTION ( 'NONE',  ( -0.5000000000000012212, -0.8660254037844379305, 0.000000000000000000 ) ) ;
#2087 = VERTEX_POINT ( 'NONE', #515 ) ;
#2088 = CARTESIAN_POINT ( 'NONE',  ( -5.323792341258430483, -3.952653436444991009, -15.00000000000000000 ) ) ;
#2089 = EDGE_CURVE ( 'NONE', #493, #1568, #1453, .T. ) ;
#2090 = CARTESIAN_POINT ( 'NONE',  ( 6.237650794268065901, 0.06851717849924800208, -5.000000000000000888 ) ) ;
#2091 = DIRECTION ( 'NONE',  ( 1.000000000000000000, 0.000000000000000000, 0.000000000000000000 ) ) ;
#2092 = ORIENTED_EDGE ( 'NONE', *, *, #3353, .F. ) ;
#2093 = ORIENTED_EDGE ( 'NONE', *, *, #4182, .F. ) ;
#2094 = CARTESIAN_POINT ( 'NONE',  ( -5.277188226350579825, -3.348698915051464997, -15.00000000000000000 ) ) ;
#2095 = EDGE_CURVE ( 'NONE', #3544, #897, #2604, .T. ) ;
#2096 = PRESENTATION_STYLE_ASSIGNMENT (( #3119 ) ) ;
#2097 = DIRECTION ( 'NONE',  ( 0.9781476007338067991, 0.2079116908177534861, 0.000000000000000000 ) ) ;
#2098 = DIRECTION ( 'NONE',  ( -0.4067366430758008189, -0.9135454576426006446, 0.000000000000000000 ) ) ;
#2099 = EDGE_CURVE ( 'NONE', #4098, #3495, #491, .T. ) ;
#2100 = VERTEX_POINT ( 'NONE', #1963 ) ;
#2101 =( GEOMETRIC_REPRESENTATION_CONTEXT ( 3 ) GLOBAL_UNCERTAINTY_ASSIGNED_CONTEXT ( ( #3793 ) ) GLOBAL_UNIT_ASSIGNED_CONTEXT ( ( #4213, #3858, #3500 ) ) REPRESENTATION_CONTEXT ( 'NONE', 'WORKASPACE' ) );
#2102 = DIRECTION ( 'NONE',  ( 0.000000000000000000, 0.000000000000000000, 1.000000000000000000 ) ) ;
#2103 = CARTESIAN_POINT ( 'NONE',  ( 0.000000000000000000, 0.000000000000000000, 9.000000000000000000 ) ) ;
#2104 = DIRECTION ( 'NONE',  ( 0.000000000000000000, 0.000000000000000000, 1.000000000000000000 ) ) ;
#2105 = ORIENTED_EDGE ( 'NONE', *, *, #3899, .T. ) ;
#2106 = ORIENTED_EDGE ( 'NONE', *, *, #721, .T. ) ;
#2107 = CARTESIAN_POINT ( 'NONE',  ( 0.000000000000000000, 0.000000000000000000, -5.000000000000000888 ) ) ;
#2108 = CIRCLE ( 'NONE', #2715, 4.500000000000000000 ) ;
#2109 = DIRECTION ( 'NONE',  ( 1.000000000000000000, 0.000000000000000000, -0.000000000000000000 ) ) ;
#2110 = ORIENTED_EDGE ( 'NONE', *, *, #1460, .T. ) ;
#2111 = DIRECTION ( 'NONE',  ( 1.000000000000000000, 0.000000000000000000, 0.000000000000000000 ) ) ;
#2112 = DIRECTION ( 'NONE',  ( 1.000000000000000000, 0.000000000000000000, 0.000000000000000000 ) ) ;
#2113 = CARTESIAN_POINT ( 'NONE',  ( -7.091903755430659650, -0.1553607205271115010, -15.00000000000000000 ) ) ;
#2114 = ORIENTED_EDGE ( 'NONE', *, *, #2991, .F. ) ;
#2115 = EDGE_CURVE ( 'NONE', #217, #2704, #1628, .T. ) ;
#2116 = ORIENTED_EDGE ( 'NONE', *, *, #2291, .T. ) ;
#2117 = DIRECTION ( 'NONE',  ( 0.000000000000000000, 0.000000000000000000, -1.000000000000000000 ) ) ;
#2118 = CARTESIAN_POINT ( 'NONE',  ( -7.625892554966460679, -3.754432412510199768, -14.43900000000000006 ) ) ;
#2119 = LINE ( 'NONE', #1830, #4650 ) ;
#2120 = ORIENTED_EDGE ( 'NONE', *, *, #2637, .T. ) ;
#2121 = EDGE_CURVE ( 'NONE', #2087, #3289, #3086, .T. ) ;
#2122 = ORIENTED_EDGE ( 'NONE', *, *, #864, .F. ) ;
#2123 = CARTESIAN_POINT ( 'NONE',  ( 1.207595113379596574, -1.780771876539814835, 0.9455788526858194265 ) ) ;
#2124 = ADVANCED_FACE ( 'NONE', ( #3017 ), #4176, .T. ) ;
#2125 = CARTESIAN_POINT ( 'NONE',  ( -1.042559886965515936, -6.162432059024300024, -15.00000000000000000 ) ) ;
#2126 = DIRECTION ( 'NONE',  ( 1.000000000000000000, 0.000000000000000000, 0.000000000000000000 ) ) ;
#2127 = ORIENTED_EDGE ( 'NONE', *, *, #2996, .T. ) ;
#2128 = AXIS2_PLACEMENT_3D ( 'NONE', #3847, #2846, #3826 ) ;
#2129 = CYLINDRICAL_SURFACE ( 'NONE', #820, 0.3926990816987240285 ) ;
#2130 = LINE ( 'NONE', #304, #3578 ) ;
#2131 = DIRECTION ( 'NONE',  ( 0.000000000000000000, 0.000000000000000000, 1.000000000000000000 ) ) ;
#2132 = AXIS2_PLACEMENT_3D ( 'NONE', #1647, #3106, #4557 ) ;
#2133 = AXIS2_PLACEMENT_3D ( 'NONE', #3632, #349, #3683 ) ;
#2134 = ORIENTED_EDGE ( 'NONE', *, *, #984, .F. ) ;
#2135 = AXIS2_PLACEMENT_3D ( 'NONE', #936, #1668, #3914 ) ;
#2136 = CIRCLE ( 'NONE', #675, 4.000000000000000000 ) ;
#2137 = CYLINDRICAL_SURFACE ( 'NONE', #664, 3.946090011793463859 ) ;
#2138 = CARTESIAN_POINT ( 'NONE',  ( -0.7201538861513949730, 6.196318295184929603, -15.00000000000000000 ) ) ;
#2139 = AXIS2_PLACEMENT_3D ( 'NONE', #3096, #3187, #3859 ) ;
#2140 = ORIENTED_EDGE ( 'NONE', *, *, #2740, .F. ) ;
#2141 = ORIENTED_EDGE ( 'NONE', *, *, #4095, .T. ) ;
#2142 = CARTESIAN_POINT ( 'NONE',  ( 7.821107107924045287, 2.217625762118502930, -14.81014041400568360 ) ) ;
#2143 = CIRCLE ( 'NONE', #4424, 3.946090011793463859 ) ;
#2144 = LINE ( 'NONE', #1141, #950 ) ;
#2145 = EDGE_CURVE ( 'NONE', #2982, #218, #2893, .T. ) ;
#2146 = CYLINDRICAL_SURFACE ( 'NONE', #1754, 0.3926990816987240285 ) ;
#2147 = ORIENTED_EDGE ( 'NONE', *, *, #4501, .T. ) ;
#2148 = VERTEX_POINT ( 'NONE', #4085 ) ;
#2149 = DIRECTION ( 'NONE',  ( 1.000000000000000000, 0.000000000000000000, 0.000000000000000000 ) ) ;
#2150 = EDGE_CURVE ( 'NONE', #941, #111, #3047, .T. ) ;
#2151 = CARTESIAN_POINT ( 'NONE',  ( -2.143059873459364884, -8.035933640958102586, -14.62314041400567000 ) ) ;
#2152 = FACE_OUTER_BOUND ( 'NONE', #1114, .T. ) ;
#2153 = ORIENTED_EDGE ( 'NONE', *, *, #1640, .T. ) ;
#2154 = ORIENTED_EDGE ( 'NONE', *, *, #1978, .T. ) ;
#2155 = CARTESIAN_POINT ( 'NONE',  ( 5.646151920303509542, 4.294205901284565030, -5.000000000000000000 ) ) ;
#2156 = EDGE_CURVE ( 'NONE', #1639, #849, #1441, .T. ) ;
#2157 = DIRECTION ( 'NONE',  ( 0.000000000000000000, 0.000000000000000000, 1.000000000000000000 ) ) ;
#2158 = ORIENTED_EDGE ( 'NONE', *, *, #1208, .F. ) ;
#2159 = B_SPLINE_CURVE_WITH_KNOTS ( 'NONE', 3,
 ( #3823, #2631, #4079, #129 ),
 .UNSPECIFIED., .F., .F.,
 ( 4, 4 ),
 ( 0.0001595253263164169908, 0.0008591484299373251159 ),
 .UNSPECIFIED. ) ;
#2160 = CARTESIAN_POINT ( 'NONE',  ( -4.832165513222490105, 6.299039407149580327, -15.00000000000000000 ) ) ;
#2161 = ADVANCED_FACE ( 'NONE', ( #2657, #1698 ), #1322, .T. ) ;
#2162 = DIRECTION ( 'NONE',  ( 1.000000000000000000, 2.208718528794109349E-15, 0.000000000000000000 ) ) ;
#2163 = ORIENTED_EDGE ( 'NONE', *, *, #2304, .T. ) ;
#2164 = ORIENTED_EDGE ( 'NONE', *, *, #4464, .F. ) ;
#2165 = CARTESIAN_POINT ( 'NONE',  ( -6.115588681060450504, 1.229860609608968147, -5.000000000000000000 ) ) ;
#2166 = CARTESIAN_POINT ( 'NONE',  ( 0.000000000000000000, 0.000000000000000000, -14.43900000000000006 ) ) ;
#2167 = CARTESIAN_POINT ( 'NONE',  ( 4.487488219535119782, 4.881463260234149892, -15.00000000000000000 ) ) ;
#2168 = ORIENTED_EDGE ( 'NONE', *, *, #1599, .F. ) ;
#2169 = ORIENTED_EDGE ( 'NONE', *, *, #500, .F. ) ;
#2170 = CARTESIAN_POINT ( 'NONE',  ( 1.544848613574202112, -1.495644477194804978, 2.430010800981150076 ) ) ;
#2171 = CARTESIAN_POINT ( 'NONE',  ( 0.000000000000000000, 0.000000000000000000, 6.999999999999999112 ) ) ;
#2172 = AXIS2_PLACEMENT_3D ( 'NONE', #1333, #3860, #195 ) ;
#2173 = FACE_OUTER_BOUND ( 'NONE', #3405, .T. ) ;
#2174 = ORIENTED_EDGE ( 'NONE', *, *, #2453, .T. ) ;
#2175 = EDGE_CURVE ( 'NONE', #3351, #845, #232, .T. ) ;
#2176 = DIRECTION ( 'NONE',  ( 0.000000000000000000, 0.000000000000000000, 1.000000000000000000 ) ) ;
#2177 = CARTESIAN_POINT ( 'NONE',  ( 6.769631445549959992, 4.147265495651474509, -15.00000000000000000 ) ) ;
#2178 = CYLINDRICAL_SURFACE ( 'NONE', #3344, 0.3926990816987240285 ) ;
#2179 = AXIS2_PLACEMENT_3D ( 'NONE', #2055, #2083, #2773 ) ;
#2180 = EDGE_CURVE ( 'NONE', #1530, #1762, #4180, .T. ) ;
#2181 = ORIENTED_EDGE ( 'NONE', *, *, #2242, .F. ) ;
#2182 = CARTESIAN_POINT ( 'NONE',  ( 5.726245996640190405, 2.474487587551144951, -15.00000000000000000 ) ) ;
#2183 = CARTESIAN_POINT ( 'NONE',  ( -3.255837320807440260, -5.776310017815849740, -15.00000000000000000 ) ) ;
#2184 = ADVANCED_FACE ( 'NONE', ( #3223 ), #2798, .F. ) ;
#2185 = ORIENTED_EDGE ( 'NONE', *, *, #1126, .F. ) ;
#2186 = ORIENTED_EDGE ( 'NONE', *, *, #268, .F. ) ;
#2187 = LINE ( 'NONE', #2165, #1663 ) ;
#2188 = CARTESIAN_POINT ( 'NONE',  ( 1.592456809767609949, -6.360478971340859822, -15.00000000000000000 ) ) ;
#2189 = AXIS2_PLACEMENT_3D ( 'NONE', #3460, #3102, #445 ) ;
#2190 = CARTESIAN_POINT ( 'NONE',  ( 4.532886174746350250, 7.069293181989119823, -15.00000000000000000 ) ) ;
#2191 = EDGE_LOOP ( 'NONE', ( #2710, #2241, #4240, #2120 ) ) ;
#2192 = ORIENTED_EDGE ( 'NONE', *, *, #3984, .T. ) ;
#2193 = DIRECTION ( 'NONE',  ( 0.000000000000000000, 0.000000000000000000, 1.000000000000000000 ) ) ;
#2194 = CARTESIAN_POINT ( 'NONE',  ( 4.041821550212704395, 5.162876135651590204, -15.00000000000000000 ) ) ;
#2195 = CYLINDRICAL_SURFACE ( 'NONE', #4620, 4.500000000000000000 ) ;
#2196 = ORIENTED_EDGE ( 'NONE', *, *, #2765, .F. ) ;
#2197 = CARTESIAN_POINT ( 'NONE',  ( 3.416927169439095024, -7.166053985196390030, -15.00000000000000000 ) ) ;
#2198 = AXIS2_PLACEMENT_3D ( 'NONE', #2917, #323, #2536 ) ;
#2199 = CARTESIAN_POINT ( 'NONE',  ( 0.000000000000000000, 0.000000000000000000, 9.001000000000001222 ) ) ;
#2200 = DIRECTION ( 'NONE',  ( 0.000000000000000000, 0.000000000000000000, -1.000000000000000000 ) ) ;
#2201 = CIRCLE ( 'NONE', #904, 0.3926990816987240285 ) ;
#2202 = EDGE_CURVE ( 'NONE', #1212, #4409, #4485, .T. ) ;
#2203 = DIRECTION ( 'NONE',  ( 0.000000000000000000, 0.000000000000000000, 1.000000000000000000 ) ) ;
#2204 = AXIS2_PLACEMENT_3D ( 'NONE', #3211, #1089, #2545 ) ;
#2205 = ORIENTED_EDGE ( 'NONE', *, *, #534, .T. ) ;
#2206 = DIRECTION ( 'NONE',  ( 1.000000000000000000, 3.313077793191164220E-15, 0.000000000000000000 ) ) ;
#2207 = AXIS2_PLACEMENT_3D ( 'NONE', #2562, #4326, #2588 ) ;
#2208 = DIRECTION ( 'NONE',  ( 0.6691306063588672304, 0.7431448254773861395, 0.000000000000000000 ) ) ;
#2209 = ORIENTED_EDGE ( 'NONE', *, *, #2596, .F. ) ;
#2210 = AXIS2_PLACEMENT_3D ( 'NONE', #1911, #856, #1243 ) ;
#2211 = VERTEX_POINT ( 'NONE', #1772 ) ;
#2212 = DIRECTION ( 'NONE',  ( 0.000000000000000000, 0.000000000000000000, -1.000000000000000000 ) ) ;
#2213 = ADVANCED_FACE ( 'NONE', ( #3919, #4226 ), #2037, .F. ) ;
#2214 = CARTESIAN_POINT ( 'NONE',  ( -5.927207807668770201, -6.092471387264859040, -14.43900000000409989 ) ) ;
#2215 = AXIS2_PLACEMENT_3D ( 'NONE', #1427, #2886, #3260 ) ;
#2216 = AXIS2_PLACEMENT_3D ( 'NONE', #1886, #3337, #3725 ) ;
#2217 = CYLINDRICAL_SURFACE ( 'NONE', #2906, 0.3926990816987240285 ) ;
#2218 = ORIENTED_EDGE ( 'NONE', *, *, #1677, .T. ) ;
#2219 = ORIENTED_EDGE ( 'NONE', *, *, #421, .T. ) ;
#2220 = VECTOR ( 'NONE', #1383, 1000.000000000000000 ) ;
#2221 = AXIS2_PLACEMENT_3D ( 'NONE', #3520, #1373, #2112 ) ;
#2222 = CARTESIAN_POINT ( 'NONE',  ( 0.8206094302161838216, -1.989404893705966959, 0.6226681626288614879 ) ) ;
#2223 = ADVANCED_FACE ( 'NONE', ( #279 ), #1365, .T. ) ;
#2224 = CARTESIAN_POINT ( 'NONE',  ( 4.532886174746259655, -7.069293181989130481, -15.00000000000000000 ) ) ;
#2225 = CARTESIAN_POINT ( 'NONE',  ( 0.000000000000000000, 0.000000000000000000, -14.43900000000000006 ) ) ;
#2226 = ORIENTED_EDGE ( 'NONE', *, *, #496, .F. ) ;
#2227 = DIRECTION ( 'NONE',  ( 0.000000000000000000, 0.000000000000000000, 1.000000000000000000 ) ) ;
#2228 = CYLINDRICAL_SURFACE ( 'NONE', #1521, 1.074999999999999956 ) ;
#2229 = DIRECTION ( 'NONE',  ( 0.000000000000000000, 0.000000000000000000, 1.000000000000000000 ) ) ;
#2230 = CYLINDRICAL_SURFACE ( 'NONE', #2566, 10.00000000000000000 ) ;
#2231 = ORIENTED_EDGE ( 'NONE', *, *, #1649, .T. ) ;
#2232 = DIRECTION ( 'NONE',  ( -0.000000000000000000, 1.000000000000000000, -0.000000000000000000 ) ) ;
#2233 = CARTESIAN_POINT ( 'NONE',  ( 1.592456809767691217, 6.360478971340839394, -5.000000000000000888 ) ) ;
#2234 = EDGE_LOOP ( 'NONE', ( #181, #26, #1102, #1799, #2916 ) ) ;
#2235 = ORIENTED_EDGE ( 'NONE', *, *, #1967, .F. ) ;
#2236 = CARTESIAN_POINT ( 'NONE',  ( 7.611786486961200637, -2.255754303312975217, -15.00000000000000000 ) ) ;
#2237 = EDGE_CURVE ( 'NONE', #3868, #3641, #2398, .T. ) ;
#2238 = CARTESIAN_POINT ( 'NONE',  ( 2.450271114960499652, 6.081758207873339650, -15.00000000000000000 ) ) ;
#2239 = DIRECTION ( 'NONE',  ( 1.000000000000000000, 0.000000000000000000, 0.000000000000000000 ) ) ;
#2240 = ORIENTED_EDGE ( 'NONE', *, *, #2331, .T. ) ;
#2241 = ORIENTED_EDGE ( 'NONE', *, *, #4281, .T. ) ;
#2242 = EDGE_CURVE ( 'NONE', #1030, #4491, #55, .T. ) ;
#2243 = FACE_OUTER_BOUND ( 'NONE', #1514, .T. ) ;
#2244 = FACE_OUTER_BOUND ( 'NONE', #701, .T. ) ;
#2245 = EDGE_CURVE ( 'NONE', #2461, #4687, #2361, .T. ) ;
#2246 = CARTESIAN_POINT ( 'NONE',  ( 0.000000000000000000, 0.000000000000000000, -23.00000000000000000 ) ) ;
#2247 = ORIENTED_EDGE ( 'NONE', *, *, #4423, .F. ) ;
#2248 = DIRECTION ( 'NONE',  ( 0.000000000000000000, 0.000000000000000000, -1.000000000000000000 ) ) ;
#2249 = DIRECTION ( 'NONE',  ( 0.000000000000000000, 0.000000000000000000, 1.000000000000000000 ) ) ;
#2250 = CARTESIAN_POINT ( 'NONE',  ( 4.530988068736730767, 7.191672067118010325, -14.43900000000000006 ) ) ;
#2251 = CIRCLE ( 'NONE', #2172, 0.3926990816987240285 ) ;
#2252 = ORIENTED_EDGE ( 'NONE', *, *, #4536, .T. ) ;
#2253 = DIRECTION ( 'NONE',  ( 1.000000000000000000, 0.000000000000000000, 0.000000000000000000 ) ) ;
#2254 = DIRECTION ( 'NONE',  ( 1.000000000000000000, 0.000000000000000000, 0.000000000000000000 ) ) ;
#2255 = ORIENTED_EDGE ( 'NONE', *, *, #741, .T. ) ;
#2256 = EDGE_LOOP ( 'NONE', ( #2890, #2703, #1125, #4470 ) ) ;
#2257 = CONICAL_SURFACE ( 'NONE', #1950, 8.500000000000000000, 0.7853981633974476129 ) ;
#2258 = CARTESIAN_POINT ( 'NONE',  ( 0.5615124314549919671, 8.481432885386851694, -5.000000000000000888 ) ) ;
#2259 =( NAMED_UNIT ( * ) SI_UNIT ( $, .STERADIAN. ) SOLID_ANGLE_UNIT ( ) );
#2260 = CARTESIAN_POINT ( 'NONE',  ( 0.000000000000000000, 0.000000000000000000, -14.43900000000000006 ) ) ;
#2261 = EDGE_CURVE ( 'NONE', #43, #1769, #4718, .T. ) ;
#2262 = EDGE_LOOP ( 'NONE', ( #2602, #4559, #2218, #2530 ) ) ;
#2263 = EDGE_LOOP ( 'NONE', ( #1014, #1897, #4451, #1175, #3117 ) ) ;
#2264 = CIRCLE ( 'NONE', #109, 7.939000000000000057 ) ;
#2265 = CIRCLE ( 'NONE', #2189, 3.946090011793455421 ) ;
#2266 = CARTESIAN_POINT ( 'NONE',  ( 0.2117453346199826003, -10.00000000000000000, 3.599999999999998757 ) ) ;
#2267 = FACE_OUTER_BOUND ( 'NONE', #891, .T. ) ;
#2268 = EDGE_CURVE ( 'NONE', #1927, #1578, #3360, .T. ) ;
#2269 = DIRECTION ( 'NONE',  ( -0.9781476007338067991, -0.2079116908177534861, 0.000000000000000000 ) ) ;
#2270 = ORIENTED_EDGE ( 'NONE', *, *, #3779, .F. ) ;
#2271 = ADVANCED_FACE ( 'NONE', ( #1393 ), #209, .T. ) ;
#2272 = FACE_OUTER_BOUND ( 'NONE', #1615, .T. ) ;
#2273 = CARTESIAN_POINT ( 'NONE',  ( 0.4254643228603921523, -8.305896412371128079, -14.62314041400849085 ) ) ;
#2274 = CARTESIAN_POINT ( 'NONE',  ( -2.936742409107980123, 7.976562168157241395, -15.00000000000000000 ) ) ;
#2275 = ORIENTED_EDGE ( 'NONE', *, *, #2383, .F. ) ;
#2276 = CARTESIAN_POINT ( 'NONE',  ( 6.159178538882830622, -2.248584257262705055, -15.00000000000000000 ) ) ;
#2277 = DIRECTION ( 'NONE',  ( 0.000000000000000000, 0.000000000000000000, -1.000000000000000000 ) ) ;
#2278 = CIRCLE ( 'NONE', #127, 0.3926990816987240285 ) ;
#2279 = VERTEX_POINT ( 'NONE', #254 ) ;
#2280 = ORIENTED_EDGE ( 'NONE', *, *, #2614, .T. ) ;
#2281 = CARTESIAN_POINT ( 'NONE',  ( -0.5158452565802407186, -9.987157199818414099, 0.4818157488507325281 ) ) ;
#2282 = AXIS2_PLACEMENT_3D ( 'NONE', #1344, #2802, #4250 ) ;
#2283 = DIRECTION ( 'NONE',  ( 1.000000000000000000, 0.000000000000000000, 0.000000000000000000 ) ) ;
#2284 = CARTESIAN_POINT ( 'NONE',  ( 0.000000000000000000, 0.000000000000000000, -15.00000000000000000 ) ) ;
#2285 = CIRCLE ( 'NONE', #1304, 3.946090011793464747 ) ;
#2286 = B_SPLINE_CURVE_WITH_KNOTS ( 'NONE', 3,
 ( #457, #1924, #2075, #2118 ),
 .UNSPECIFIED., .F., .F.,
 ( 4, 4 ),
 ( 0.000000000000000000, 1.000000000000000000 ),
 .UNSPECIFIED. ) ;
#2287 = VECTOR ( 'NONE', #985, 1000.000000000000000 ) ;
#2288 = EDGE_LOOP ( 'NONE', ( #3976, #2465, #896, #1656 ) ) ;
#2289 = ORIENTED_EDGE ( 'NONE', *, *, #298, .T. ) ;
#2290 = CIRCLE ( 'NONE', #2061, 0.3926990816987240285 ) ;
#2291 = EDGE_CURVE ( 'NONE', #169, #1113, #1913, .T. ) ;
#2292 = CIRCLE ( 'NONE', #3738, 0.3926990816987240285 ) ;
#2293 = CYLINDRICAL_SURFACE ( 'NONE', #3434, 8.500000000000000000 ) ;
#2294 = LINE ( 'NONE', #1979, #90 ) ;
#2295 = CIRCLE ( 'NONE', #2139, 3.946090011793464747 ) ;
#2296 = AXIS2_PLACEMENT_3D ( 'NONE', #1466, #4063, #2162 ) ;
#2297 = ORIENTED_EDGE ( 'NONE', *, *, #3329, .F. ) ;
#2298 = B_SPLINE_CURVE_WITH_KNOTS ( 'NONE', 3,
 ( #1336, #2790, #4199, #2080 ),
 .UNSPECIFIED., .F., .F.,
 ( 4, 4 ),
 ( 0.000000000000000000, 1.000000000000000000 ),
 .UNSPECIFIED. ) ;
#2299 = LINE ( 'NONE', #3011, #1146 ) ;
#2300 = CONICAL_SURFACE ( 'NONE', #923, 8.500000000000000000, 0.7853981633974476129 ) ;
#2301 = DIRECTION ( 'NONE',  ( 0.000000000000000000, 0.000000000000000000, -1.000000000000000000 ) ) ;
#2302 = DIRECTION ( 'NONE',  ( 1.000000000000000000, 0.000000000000000000, 0.000000000000000000 ) ) ;
#2303 = ORIENTED_EDGE ( 'NONE', *, *, #1770, .T. ) ;
#2304 = EDGE_CURVE ( 'NONE', #3608, #3358, #3501, .T. ) ;
#2305 = DIRECTION ( 'NONE',  ( 1.000000000000000000, -8.792113057696774883E-16, 0.000000000000000000 ) ) ;
#2306 = DIRECTION ( 'NONE',  ( 1.000000000000000000, 0.000000000000000000, 0.000000000000000000 ) ) ;
#2307 = ORIENTED_EDGE ( 'NONE', *, *, #1890, .T. ) ;
#2308 = ORIENTED_EDGE ( 'NONE', *, *, #1975, .T. ) ;
#2309 = LINE ( 'NONE', #1898, #48 ) ;
#2310 = ADVANCED_FACE ( 'NONE', ( #2827 ), #4277, .F. ) ;
#2311 = DIRECTION ( 'NONE',  ( -0.000000000000000000, -0.000000000000000000, -1.000000000000000000 ) ) ;
#2312 = DIRECTION ( 'NONE',  ( 0.000000000000000000, 0.000000000000000000, 1.000000000000000000 ) ) ;
#2313 = EDGE_LOOP ( 'NONE', ( #3284, #2335, #669, #3821 ) ) ;
#2314 = ORIENTED_EDGE ( 'NONE', *, *, #4124, .F. ) ;
#2315 = CARTESIAN_POINT ( 'NONE',  ( -2.863138239108714789, -5.776310017815849740, -15.00000000000000000 ) ) ;
#2316 = CARTESIAN_POINT ( 'NONE',  ( -6.019696428570050273, 1.680998187941030064, -15.00000000000000000 ) ) ;
#2317 = CARTESIAN_POINT ( 'NONE',  ( 1.074999999999999956, 1.316495309083404618E-16, -5.000000000000000888 ) ) ;
#2318 = ORIENTED_EDGE ( 'NONE', *, *, #3399, .F. ) ;
#2319 = CARTESIAN_POINT ( 'NONE',  ( -0.7612021176880670037, -6.586866130225319083, -5.000000000000000000 ) ) ;
#2320 = PLANE ( 'NONE',  #1293 ) ;
#2321 = DIRECTION ( 'NONE',  ( 0.000000000000000000, 0.000000000000000000, 1.000000000000000000 ) ) ;
#2322 = EDGE_CURVE ( 'NONE', #39, #1418, #3577, .T. ) ;
#2323 = ORIENTED_EDGE ( 'NONE', *, *, #4716, .F. ) ;
#2324 = CARTESIAN_POINT ( 'NONE',  ( -3.178163014310035006, -5.367705458522690876, -15.00000000000000000 ) ) ;
#2325 = DIRECTION ( 'NONE',  ( 1.000000000000000000, -1.758422611539354977E-15, 0.000000000000000000 ) ) ;
#2326 = ADVANCED_FACE ( 'NONE', ( #35 ), #2178, .F. ) ;
#2327 = VERTEX_POINT ( 'NONE', #350 ) ;
#2328 = ORIENTED_EDGE ( 'NONE', *, *, #3666, .T. ) ;
#2329 = CARTESIAN_POINT ( 'NONE',  ( -0.1045115296959498868, -9.999999999999998224, 0.3999999999999990230 ) ) ;
#2330 = CARTESIAN_POINT ( 'NONE',  ( 8.376276677047611585, 1.444987553423326077, -14.43900000000000006 ) ) ;
#2331 = EDGE_CURVE ( 'NONE', #4643, #3098, #1520, .T. ) ;
#2332 = FACE_OUTER_BOUND ( 'NONE', #2485, .T. ) ;
#2333 = EDGE_CURVE ( 'NONE', #2148, #19, #1290, .T. ) ;
#2334 = ORIENTED_EDGE ( 'NONE', *, *, #4482, .F. ) ;
#2335 = ORIENTED_EDGE ( 'NONE', *, *, #247, .F. ) ;
#2336 = LINE ( 'NONE', #4140, #3796 ) ;
#2337 = PLANE ( 'NONE',  #4038 ) ;
#2338 = DIRECTION ( 'NONE',  ( -0.000000000000000000, 1.000000000000000000, -0.000000000000000000 ) ) ;
#2339 = VERTEX_POINT ( 'NONE', #2942 ) ;
#2340 = AXIS2_PLACEMENT_3D ( 'NONE', #2632, #4080, #2091 ) ;
#2341 = DIRECTION ( 'NONE',  ( 0.000000000000000000, 0.000000000000000000, 1.000000000000000000 ) ) ;
#2342 = CARTESIAN_POINT ( 'NONE',  ( 0.000000000000000000, 0.000000000000000000, -14.43900000000000006 ) ) ;
#2343 = DIRECTION ( 'NONE',  ( 0.000000000000000000, 0.000000000000000000, 1.000000000000000000 ) ) ;
#2344 = ORIENTED_EDGE ( 'NONE', *, *, #3751, .T. ) ;
#2345 = CARTESIAN_POINT ( 'NONE',  ( -0.5838702176987624615, -6.210642285936844864, -5.000000000000000888 ) ) ;
#2346 = EDGE_CURVE ( 'NONE', #1554, #3229, #4579, .T. ) ;
#2347 = CARTESIAN_POINT ( 'NONE',  ( 0.000000000000000000, 0.000000000000000000, -14.43900000000000006 ) ) ;
#2348 = AXIS2_PLACEMENT_3D ( 'NONE', #1569, #1636, #4006 ) ;
#2349 = ORIENTED_EDGE ( 'NONE', *, *, #1910, .F. ) ;
#2350 = EDGE_LOOP ( 'NONE', ( #433, #2308, #672, #4000, #2185 ) ) ;
#2351 = CYLINDRICAL_SURFACE ( 'NONE', #32, 0.3926990816987240285 ) ;
#2352 = EDGE_CURVE ( 'NONE', #1502, #2643, #2285, .T. ) ;
#2353 = VECTOR ( 'NONE', #1752, 1000.000000000000114 ) ;
#2354 = CYLINDRICAL_SURFACE ( 'NONE', #1755, 0.3926990816987240285 ) ;
#2355 = DIRECTION ( 'NONE',  ( -0.3090169943749451753, 0.9510565162951544194, 0.000000000000000000 ) ) ;
#2356 = VERTEX_POINT ( 'NONE', #3705 ) ;
#2357 = EDGE_CURVE ( 'NONE', #169, #3513, #1901, .T. ) ;
#2358 = AXIS2_PLACEMENT_3D ( 'NONE', #2871, #1486, #3709 ) ;
#2359 = ORIENTED_EDGE ( 'NONE', *, *, #2447, .T. ) ;
#2360 = CARTESIAN_POINT ( 'NONE',  ( 0.000000000000000000, 0.000000000000000000, 9.001000000000001222 ) ) ;
#2361 = CIRCLE ( 'NONE', #452, 3.946090011793455421 ) ;
#2362 = DIRECTION ( 'NONE',  ( 0.000000000000000000, 0.000000000000000000, 1.000000000000000000 ) ) ;
#2363 = LINE ( 'NONE', #530, #1331 ) ;
#2364 = EDGE_LOOP ( 'NONE', ( #2181, #679, #1278, #3717 ) ) ;
#2365 = CIRCLE ( 'NONE', #134, 7.939000000000000057 ) ;
#2366 = EDGE_CURVE ( 'NONE', #2724, #2658, #990, .T. ) ;
#2367 = DIRECTION ( 'NONE',  ( 1.000000000000000000, 0.000000000000000000, 0.000000000000000000 ) ) ;
#2368 = DIRECTION ( 'NONE',  ( 0.000000000000000000, 0.000000000000000000, 1.000000000000000000 ) ) ;
#2369 = AXIS2_PLACEMENT_3D ( 'NONE', #3720, #3380, #1977 ) ;
#2370 = AXIS2_PLACEMENT_3D ( 'NONE', #4207, #2401, #2605 ) ;
#2371 = CARTESIAN_POINT ( 'NONE',  ( 5.000000000000000000, 6.123233995736766282E-16, -3.000000000000000888 ) ) ;
#2372 = ORIENTED_EDGE ( 'NONE', *, *, #4428, .F. ) ;
#2373 = CIRCLE ( 'NONE', #684, 7.939000000000000057 ) ;
#2374 = VECTOR ( 'NONE', #4535, 1000.000000000000000 ) ;
#2375 = DIRECTION ( 'NONE',  ( 0.000000000000000000, 0.000000000000000000, 1.000000000000000000 ) ) ;
#2376 = CARTESIAN_POINT ( 'NONE',  ( -2.339275608533189832, 6.696792176639190686, -15.00000000000000000 ) ) ;
#2377 = EDGE_LOOP ( 'NONE', ( #3210, #499, #1005, #4313 ) ) ;
#2378 = ORIENTED_EDGE ( 'NONE', *, *, #1334, .T. ) ;
#2379 = DIRECTION ( 'NONE',  ( 1.000000000000000000, 0.000000000000000000, 0.000000000000000000 ) ) ;
#2380 = CARTESIAN_POINT ( 'NONE',  ( 0.000000000000000000, 0.000000000000000000, -23.00000000000000000 ) ) ;
#2381 = DIRECTION ( 'NONE',  ( 0.000000000000000000, 0.000000000000000000, 1.000000000000000000 ) ) ;
#2382 = EDGE_LOOP ( 'NONE', ( #1926, #2384, #1620, #95, #643 ) ) ;
#2383 = EDGE_CURVE ( 'NONE', #770, #113, #4560, .T. ) ;
#2384 = ORIENTED_EDGE ( 'NONE', *, *, #2068, .T. ) ;
#2385 = CARTESIAN_POINT ( 'NONE',  ( -5.006092110488724600, -3.721830707633687396, -5.000000000000000888 ) ) ;
#2386 = FACE_OUTER_BOUND ( 'NONE', #4600, .T. ) ;
#2387 = DIRECTION ( 'NONE',  ( -0.000000000000000000, -0.000000000000000000, -1.000000000000000000 ) ) ;
#2388 = CARTESIAN_POINT ( 'NONE',  ( 5.646151920303509542, -4.294205901284565030, -15.00000000000000000 ) ) ;
#2389 = EDGE_CURVE ( 'NONE', #2830, #3551, #3971, .T. ) ;
#2390 = VERTEX_POINT ( 'NONE', #3266 ) ;
#2391 = DIRECTION ( 'NONE',  ( 1.000000000000000000, 0.000000000000000000, 0.000000000000000000 ) ) ;
#2392 = EDGE_CURVE ( 'NONE', #845, #3731, #1462, .T. ) ;
#2393 = CARTESIAN_POINT ( 'NONE',  ( -6.492092665173069932, 0.9188820722217749815, -15.00000000000000000 ) ) ;
#2394 = DIRECTION ( 'NONE',  ( 0.000000000000000000, 0.000000000000000000, -1.000000000000000000 ) ) ;
#2395 = VERTEX_POINT ( 'NONE', #1888 ) ;
#2396 = DIRECTION ( 'NONE',  ( 0.000000000000000000, 0.000000000000000000, -1.000000000000000000 ) ) ;
#2397 = AXIS2_PLACEMENT_3D ( 'NONE', #2937, #4384, #2578 ) ;
#2398 = LINE ( 'NONE', #3848, #686 ) ;
#2399 = ORIENTED_EDGE ( 'NONE', *, *, #3103, .F. ) ;
#2400 = FACE_OUTER_BOUND ( 'NONE', #2684, .T. ) ;
#2401 = DIRECTION ( 'NONE',  ( 0.000000000000000000, 0.000000000000000000, 1.000000000000000000 ) ) ;
#2402 = CIRCLE ( 'NONE', #632, 0.3926990816987240285 ) ;
#2403 = VECTOR ( 'NONE', #4122, 1000.000000000000000 ) ;
#2404 = CARTESIAN_POINT ( 'NONE',  ( 8.239838897039540200, -2.086876841319163400, -5.000000000000000888 ) ) ;
#2405 = ORIENTED_EDGE ( 'NONE', *, *, #393, .T. ) ;
#2406 = ORIENTED_EDGE ( 'NONE', *, *, #3539, .F. ) ;
#2407 = CARTESIAN_POINT ( 'NONE',  ( 0.000000000000000000, 0.000000000000000000, -11.08111831820430915 ) ) ;
#2408 = FILL_AREA_STYLE ('',( #1382 ) ) ;
#2409 = ADVANCED_FACE ( 'NONE', ( #3612 ), #4681, .F. ) ;
#2410 = CARTESIAN_POINT ( 'NONE',  ( 2.450271114960495211, 6.081758207873339650, -15.00000000000000000 ) ) ;
#2411 = LINE ( 'NONE', #1712, #4689 ) ;
#2412 = ORIENTED_EDGE ( 'NONE', *, *, #1945, .F. ) ;
#2413 = DIRECTION ( 'NONE',  ( 1.000000000000000000, 0.000000000000000000, 0.000000000000000000 ) ) ;
#2414 = PRODUCT_DEFINITION ( 'UNKNOWN', '', #2628, #2791 ) ;
#2415 = DIRECTION ( 'NONE',  ( 0.000000000000000000, 0.000000000000000000, 1.000000000000000000 ) ) ;
#2416 = CARTESIAN_POINT ( 'NONE',  ( 5.670509102288519010, -2.599674701928128329, -5.000000000000000888 ) ) ;
#2417 = EDGE_CURVE ( 'NONE', #2422, #1052, #4008, .T. ) ;
#2418 = ORIENTED_EDGE ( 'NONE', *, *, #1540, .F. ) ;
#2419 = CARTESIAN_POINT ( 'NONE',  ( 4.041821550212704395, 5.162876135651589316, -5.000000000000000888 ) ) ;
#2420 = CIRCLE ( 'NONE', #4318, 3.946090011793466967 ) ;
#2421 = DIRECTION ( 'NONE',  ( -0.6691306063588572384, 0.7431448254773952433, 0.000000000000000000 ) ) ;
#2422 = VERTEX_POINT ( 'NONE', #2920 ) ;
#2423 = CARTESIAN_POINT ( 'NONE',  ( -1.042559886965515936, -6.162432059024300024, -15.00000000000000000 ) ) ;
#2424 = DIRECTION ( 'NONE',  ( 0.000000000000000000, 0.000000000000000000, 1.000000000000000000 ) ) ;
#2425 = DIRECTION ( 'NONE',  ( 1.000000000000000000, 0.000000000000000000, 0.000000000000000000 ) ) ;
#2426 = VERTEX_POINT ( 'NONE', #2964 ) ;
#2427 = VERTEX_POINT ( 'NONE', #4413 ) ;
#2428 = DIRECTION ( 'NONE',  ( 0.000000000000000000, 0.000000000000000000, 1.000000000000000000 ) ) ;
#2429 = LINE ( 'NONE', #2766, #3620 ) ;
#2430 = DIRECTION ( 'NONE',  ( 0.000000000000000000, 0.000000000000000000, -1.000000000000000000 ) ) ;
#2431 = DIRECTION ( 'NONE',  ( -0.000000000000000000, 1.000000000000000000, -0.000000000000000000 ) ) ;
#2432 = AXIS2_PLACEMENT_3D ( 'NONE', #1800, #1066, #3977 ) ;
#2433 = ORIENTED_EDGE ( 'NONE', *, *, #1038, .T. ) ;
#2434 = ADVANCED_FACE ( 'NONE', ( #711 ), #13, .F. ) ;
#2435 = CARTESIAN_POINT ( 'NONE',  ( 2.114054499415494615, 6.284664482292059873, -15.00000000000000000 ) ) ;
#2436 = CARTESIAN_POINT ( 'NONE',  ( -0.1091728451443223225, -2.150000000000001688, 0.3999999999999975242 ) ) ;
#2437 = DIRECTION ( 'NONE',  ( 0.9510565162951502005, -0.3090169943749575543, 0.000000000000000000 ) ) ;
#2438 = AXIS2_PLACEMENT_3D ( 'NONE', #2869, #1129, #1106 ) ;
#2439 = CIRCLE ( 'NONE', #3194, 3.946090011793464303 ) ;
#2440 = ADVANCED_FACE ( 'NONE', ( #785 ), #1055, .F. ) ;
#2441 = ORIENTED_EDGE ( 'NONE', *, *, #3438, .F. ) ;
#2442 = DIRECTION ( 'NONE',  ( -0.000000000000000000, -0.000000000000000000, -1.000000000000000000 ) ) ;
#2443 = AXIS2_PLACEMENT_3D ( 'NONE', #4653, #3481, #2082 ) ;
#2444 = AXIS2_PLACEMENT_3D ( 'NONE', #978, #4219, #1317 ) ;
#2445 = DIRECTION ( 'NONE',  ( -0.9135454576426058626, -0.4067366430757889395, 0.000000000000000000 ) ) ;
#2446 = AXIS2_PLACEMENT_3D ( 'NONE', #2859, #1803, #3255 ) ;
#2447 = EDGE_CURVE ( 'NONE', #1530, #43, #133, .T. ) ;
#2448 = VECTOR ( 'NONE', #3688, 1000.000000000000000 ) ;
#2449 = ORIENTED_EDGE ( 'NONE', *, *, #1301, .T. ) ;
#2450 = DIRECTION ( 'NONE',  ( 0.1045284632676570097, 0.9945218953682730678, 0.000000000000000000 ) ) ;
#2451 = FACE_OUTER_BOUND ( 'NONE', #3846, .T. ) ;
#2452 = CIRCLE ( 'NONE', #381, 0.3926990816987240285 ) ;
#2453 = EDGE_CURVE ( 'NONE', #1320, #2681, #592, .T. ) ;
#2454 = DIRECTION ( 'NONE',  ( 1.000000000000000000, -2.208718528794109349E-15, 0.000000000000000000 ) ) ;
#2455 = ORIENTED_EDGE ( 'NONE', *, *, #808, .F. ) ;
#2456 = ORIENTED_EDGE ( 'NONE', *, *, #2528, .T. ) ;
#2457 = LINE ( 'NONE', #2836, #1140 ) ;
#2458 = CARTESIAN_POINT ( 'NONE',  ( -4.860865375652130282, 5.166354965501350094, -15.00000000000000000 ) ) ;
#2459 = CARTESIAN_POINT ( 'NONE',  ( -1.132258180102092116, 6.458297209747819956, -15.00000000000000000 ) ) ;
#2460 = CARTESIAN_POINT ( 'NONE',  ( -7.625892554961530401, 3.754432412510970263, -14.43900000000409989 ) ) ;
#2461 = VERTEX_POINT ( 'NONE', #4126 ) ;
#2462 = CARTESIAN_POINT ( 'NONE',  ( -6.304564774301719687, -1.801131433982100072, -15.00000000000000000 ) ) ;
#2463 = DIRECTION ( 'NONE',  ( 0.000000000000000000, 0.000000000000000000, 1.000000000000000000 ) ) ;
#2464 = DIRECTION ( 'NONE',  ( 1.000000000000000000, 0.000000000000000000, 0.000000000000000000 ) ) ;
#2465 = ORIENTED_EDGE ( 'NONE', *, *, #3147, .T. ) ;
#2466 = EDGE_LOOP ( 'NONE', ( #4264, #136, #2093, #964 ) ) ;
#2467 = DIRECTION ( 'NONE',  ( 1.000000000000000000, 1.104359264397054674E-15, 0.000000000000000000 ) ) ;
#2468 = DIRECTION ( 'NONE',  ( 1.000000000000000000, 0.000000000000000000, 0.000000000000000000 ) ) ;
#2469 = ADVANCED_FACE ( 'NONE', ( #4507 ), #483, .F. ) ;
#2470 = VERTEX_POINT ( 'NONE', #59 ) ;
#2471 = CARTESIAN_POINT ( 'NONE',  ( 6.769631445549899595, -4.147265495651565104, -15.00000000000000000 ) ) ;
#2472 = CARTESIAN_POINT ( 'NONE',  ( -3.039045389419424925, 7.334297793316590486, -15.00000000000000000 ) ) ;
#2473 = ADVANCED_FACE ( 'NONE', ( #3773 ), #907, .T. ) ;
#2474 = DIRECTION ( 'NONE',  ( 0.1045284632676571762, 0.9945218953682729568, 0.000000000000000000 ) ) ;
#2475 = ORIENTED_EDGE ( 'NONE', *, *, #2596, .T. ) ;
#2476 = ORIENTED_EDGE ( 'NONE', *, *, #2003, .T. ) ;
#2477 = DIRECTION ( 'NONE',  ( 1.000000000000000000, 0.000000000000000000, 0.000000000000000000 ) ) ;
#2478 = CARTESIAN_POINT ( 'NONE',  ( -6.115588681060469156, -1.229860609608884214, -5.000000000000000888 ) ) ;
#2479 = ORIENTED_EDGE ( 'NONE', *, *, #496, .T. ) ;
#2480 = VECTOR ( 'NONE', #2987, 1000.000000000000000 ) ;
#2481 = ORIENTED_EDGE ( 'NONE', *, *, #4067, .F. ) ;
#2482 = CARTESIAN_POINT ( 'NONE',  ( -3.661195444389659492, -5.439417188801110470, -5.000000000000000888 ) ) ;
#2483 = CARTESIAN_POINT ( 'NONE',  ( 6.159178538882869702, 2.248584257262620234, -15.00000000000000000 ) ) ;
#2484 = CARTESIAN_POINT ( 'NONE',  ( 4.122884871565367426, -4.681324852090477329, -5.000000000000000888 ) ) ;
#2485 = EDGE_LOOP ( 'NONE', ( #3297, #2667, #2911, #1994 ) ) ;
#2486 = ORIENTED_EDGE ( 'NONE', *, *, #2781, .F. ) ;
#2487 = CYLINDRICAL_SURFACE ( 'NONE', #588, 0.3926990816987240285 ) ;
#2488 = CARTESIAN_POINT ( 'NONE',  ( -6.541967359745250121, -2.742608045966819841, -15.00000000000000000 ) ) ;
#2489 = ORIENTED_EDGE ( 'NONE', *, *, #2156, .F. ) ;
#2490 = EDGE_CURVE ( 'NONE', #969, #562, #291, .T. ) ;
#2491 = CIRCLE ( 'NONE', #3099, 0.3926990816987240285 ) ;
#2492 = DIRECTION ( 'NONE',  ( 1.000000000000000000, 0.000000000000000000, 0.000000000000000000 ) ) ;
#2493 = LINE ( 'NONE', #3945, #1298 ) ;
#2494 = VERTEX_POINT ( 'NONE', #4437 ) ;
#2495 = EDGE_LOOP ( 'NONE', ( #1848, #4584, #3318, #618, #3341 ) ) ;
#2496 = CYLINDRICAL_SURFACE ( 'NONE', #2432, 3.946090011793464747 ) ;
#2497 = ADVANCED_FACE ( 'NONE', ( #2990 ), #3727, .T. ) ;
#2498 = CARTESIAN_POINT ( 'NONE',  ( -0.7201538861514006351, 6.196318295184933156, -5.000000000000000888 ) ) ;
#2499 = DIRECTION ( 'NONE',  ( 1.000000000000000000, 0.000000000000000000, 0.000000000000000000 ) ) ;
#2500 = ORIENTED_EDGE ( 'NONE', *, *, #3103, .T. ) ;
#2501 = VECTOR ( 'NONE', #240, 1000.000000000000000 ) ;
#2502 = EDGE_LOOP ( 'NONE', ( #3173, #865, #1566, #1655 ) ) ;
#2503 = EDGE_CURVE ( 'NONE', #1144, #2855, #883, .T. ) ;
#2504 = CARTESIAN_POINT ( 'NONE',  ( 1.544859171205110959, -1.495636278693457832, 1.569883710672509203 ) ) ;
#2505 = AXIS2_PLACEMENT_3D ( 'NONE', #1516, #2660, #1185 ) ;
#2506 = CARTESIAN_POINT ( 'NONE',  ( -1.208547081224680575, -1.780120245114558131, 3.053321627019859097 ) ) ;
#2507 = EDGE_CURVE ( 'NONE', #341, #4580, #2159, .T. ) ;
#2508 = DIRECTION ( 'NONE',  ( 0.000000000000000000, 0.000000000000000000, -1.000000000000000000 ) ) ;
#2509 = ORIENTED_EDGE ( 'NONE', *, *, #3707, .T. ) ;
#2510 = ORIENTED_EDGE ( 'NONE', *, *, #4659, .T. ) ;
#2511 = EDGE_CURVE ( 'NONE', #911, #2148, #82, .T. ) ;
#2512 = CARTESIAN_POINT ( 'NONE',  ( 6.242947214096151498, -5.207032791947596273, -14.81014041400710113 ) ) ;
#2513 = CARTESIAN_POINT ( 'NONE',  ( -0.6249184492352619635, 6.601190120977250331, -15.00000000000000000 ) ) ;
#2514 = AXIS2_PLACEMENT_3D ( 'NONE', #1433, #1156, #2892 ) ;
#2515 = AXIS2_PLACEMENT_3D ( 'NONE', #2755, #939, #2824 ) ;
#2516 = EDGE_LOOP ( 'NONE', ( #357, #2021, #196, #3931 ) ) ;
#2517 = AXIS2_PLACEMENT_3D ( 'NONE', #957, #2415, #980 ) ;
#2518 = DIRECTION ( 'NONE',  ( 0.000000000000000000, 0.000000000000000000, 1.000000000000000000 ) ) ;
#2519 = DIRECTION ( 'NONE',  ( 0.000000000000000000, 0.000000000000000000, 1.000000000000000000 ) ) ;
#2520 = CIRCLE ( 'NONE', #3128, 10.00000000000000000 ) ;
#2521 = ORIENTED_EDGE ( 'NONE', *, *, #3272, .T. ) ;
#2522 = VERTEX_POINT ( 'NONE', #4102 ) ;
#2523 = CARTESIAN_POINT ( 'NONE',  ( 8.239838897035580700, -2.086876841318160203, -14.43900000000409989 ) ) ;
#2524 = CIRCLE ( 'NONE', #2603, 3.946090011793464747 ) ;
#2525 = AXIS2_PLACEMENT_3D ( 'NONE', #1083, #1412, #4369 ) ;
#2526 = DIRECTION ( 'NONE',  ( 0.000000000000000000, 0.000000000000000000, 1.000000000000000000 ) ) ;
#2527 = DIRECTION ( 'NONE',  ( 0.000000000000000000, 0.000000000000000000, 1.000000000000000000 ) ) ;
#2528 = EDGE_CURVE ( 'NONE', #2522, #1025, #3061, .T. ) ;
#2529 = ORIENTED_EDGE ( 'NONE', *, *, #773, .T. ) ;
#2530 = ORIENTED_EDGE ( 'NONE', *, *, #1497, .T. ) ;
#2531 = CARTESIAN_POINT ( 'NONE',  ( 1.600003546818567601, -1.436136710134591876, 1.890868794793377550 ) ) ;
#2532 = DIRECTION ( 'NONE',  ( 0.000000000000000000, 0.000000000000000000, 1.000000000000000000 ) ) ;
#2533 = EDGE_CURVE ( 'NONE', #4278, #4537, #913, .T. ) ;
#2534 = CYLINDRICAL_SURFACE ( 'NONE', #1724, 8.500000000000000000 ) ;
#2535 = EDGE_LOOP ( 'NONE', ( #2005, #2931, #3490, #1993 ) ) ;
#2536 = DIRECTION ( 'NONE',  ( 1.000000000000000000, 0.000000000000000000, 0.000000000000000000 ) ) ;
#2537 = EDGE_CURVE ( 'NONE', #348, #2681, #833, .T. ) ;
#2538 = LINE ( 'NONE', #2963, #3345 ) ;
#2539 = DIRECTION ( 'NONE',  ( 1.000000000000000000, 0.000000000000000000, 0.000000000000000000 ) ) ;
#2540 = ORIENTED_EDGE ( 'NONE', *, *, #747, .T. ) ;
#2541 = CARTESIAN_POINT ( 'NONE',  ( 0.000000000000000000, 0.000000000000000000, -14.43900000000000006 ) ) ;
#2542 = DIRECTION ( 'NONE',  ( 1.000000000000000000, 0.000000000000000000, 0.000000000000000000 ) ) ;
#2543 = VERTEX_POINT ( 'NONE', #2678 ) ;
#2544 = ORIENTED_EDGE ( 'NONE', *, *, #3031, .F. ) ;
#2545 = DIRECTION ( 'NONE',  ( 1.000000000000000000, 0.000000000000000000, 0.000000000000000000 ) ) ;
#2546 = DIRECTION ( 'NONE',  ( 0.000000000000000000, 0.000000000000000000, -1.000000000000000000 ) ) ;
#2547 = LINE ( 'NONE', #1423, #2220 ) ;
#2548 = ORIENTED_EDGE ( 'NONE', *, *, #4274, .T. ) ;
#2549 = ORIENTED_EDGE ( 'NONE', *, *, #2823, .F. ) ;
#2550 = EDGE_CURVE ( 'NONE', #897, #3695, #3193, .T. ) ;
#2551 = CARTESIAN_POINT ( 'NONE',  ( 1.066239224112258466, -1.868841446216854107, 0.8028267332060393668 ) ) ;
#2552 = CARTESIAN_POINT ( 'NONE',  ( -5.759433774845649445, 5.464123314235069806, -15.00000000000000000 ) ) ;
#2553 = DIRECTION ( 'NONE',  ( 1.000000000000000000, 0.000000000000000000, 0.000000000000000000 ) ) ;
#2554 = VERTEX_POINT ( 'NONE', #1984 ) ;
#2555 = CARTESIAN_POINT ( 'NONE',  ( -6.492092665173069932, 0.9188820722217774239, -5.000000000000000888 ) ) ;
#2556 = EDGE_CURVE ( 'NONE', #39, #429, #753, .T. ) ;
#2557 = DIRECTION ( 'NONE',  ( 0.000000000000000000, 0.000000000000000000, 1.000000000000000000 ) ) ;
#2558 = CARTESIAN_POINT ( 'NONE',  ( -6.471215300770770007, -1.445547167183623971, -15.00000000000000000 ) ) ;
#2559 = DIRECTION ( 'NONE',  ( 0.8090169943749425663, -0.5877852522924797984, 0.000000000000000000 ) ) ;
#2560 = EDGE_CURVE ( 'NONE', #2427, #651, #277, .T. ) ;
#2561 = ORIENTED_EDGE ( 'NONE', *, *, #1744, .T. ) ;
#2562 = CARTESIAN_POINT ( 'NONE',  ( 0.000000000000000000, 0.000000000000000000, -14.43900000000000006 ) ) ;
#2563 = AXIS2_PLACEMENT_3D ( 'NONE', #3867, #1388, #2464 ) ;
#2564 = CARTESIAN_POINT ( 'NONE',  ( -8.493664740179402983, 0.3281147382139185664, -5.000000000000000888 ) ) ;
#2565 = ORIENTED_EDGE ( 'NONE', *, *, #4423, .T. ) ;
#2566 = AXIS2_PLACEMENT_3D ( 'NONE', #3316, #1018, #36 ) ;
#2567 = ORIENTED_EDGE ( 'NONE', *, *, #2961, .T. ) ;
#2568 = DIRECTION ( 'NONE',  ( 0.000000000000000000, 0.000000000000000000, 1.000000000000000000 ) ) ;
#2569 = EDGE_CURVE ( 'NONE', #1320, #4737, #1750, .T. ) ;
#2570 = B_SPLINE_CURVE_WITH_KNOTS ( 'NONE', 3,
 ( #4346, #1054, #2512, #4701 ),
 .UNSPECIFIED., .F., .F.,
 ( 4, 4 ),
 ( 0.000000000000000000, 1.000000000000000000 ),
 .UNSPECIFIED. ) ;
#2571 = CARTESIAN_POINT ( 'NONE',  ( -7.914448380790339854, -0.6238812609826109856, -15.00000000000000000 ) ) ;
#2572 = B_SPLINE_CURVE_WITH_KNOTS ( 'NONE', 3,
 ( #3493, #639, #3179, #3923 ),
 .UNSPECIFIED., .F., .F.,
 ( 4, 4 ),
 ( 0.000000000000000000, 1.000000000000000000 ),
 .UNSPECIFIED. ) ;
#2573 = CARTESIAN_POINT ( 'NONE',  ( -0.7612021176880670037, -6.586866130225319083, -15.00000000000000000 ) ) ;
#2574 = ORIENTED_EDGE ( 'NONE', *, *, #1111, .F. ) ;
#2575 = ORIENTED_EDGE ( 'NONE', *, *, #2934, .F. ) ;
#2576 = CARTESIAN_POINT ( 'NONE',  ( 0.000000000000000000, 0.000000000000000000, -5.000000000000000888 ) ) ;
#2577 = CARTESIAN_POINT ( 'NONE',  ( -5.927207807669569561, 6.092471387269789318, -14.43900000000000006 ) ) ;
#2578 = DIRECTION ( 'NONE',  ( 1.000000000000000000, 1.758422611539354977E-15, 0.000000000000000000 ) ) ;
#2579 = VERTEX_POINT ( 'NONE', #105 ) ;
#2580 = CYLINDRICAL_SURFACE ( 'NONE', #577, 8.500000000000000000 ) ;
#2581 = DIRECTION ( 'NONE',  ( 1.000000000000000000, 0.000000000000000000, 0.000000000000000000 ) ) ;
#2582 = CARTESIAN_POINT ( 'NONE',  ( -7.091903755430659650, 0.1553607205272069802, -5.000000000000000000 ) ) ;
#2583 = LINE ( 'NONE', #735, #1802 ) ;
#2584 = CIRCLE ( 'NONE', #1138, 3.946090011793463859 ) ;
#2585 = EDGE_CURVE ( 'NONE', #1273, #3987, #3809, .T. ) ;
#2586 = CIRCLE ( 'NONE', #1589, 3.946090011793464747 ) ;
#2587 = VERTEX_POINT ( 'NONE', #3035 ) ;
#2588 = DIRECTION ( 'NONE',  ( 1.000000000000000000, 0.000000000000000000, 0.000000000000000000 ) ) ;
#2589 = CIRCLE ( 'NONE', #2207, 8.500000000000000000 ) ;
#2590 = CYLINDRICAL_SURFACE ( 'NONE', #1990, 3.946090011793464747 ) ;
#2591 = ADVANCED_FACE ( 'NONE', ( #1222 ), #2320, .F. ) ;
#2592 = ORIENTED_EDGE ( 'NONE', *, *, #2245, .F. ) ;
#2593 = VECTOR ( 'NONE', #3338, 1000.000000000000000 ) ;
#2594 = VERTEX_POINT ( 'NONE', #199 ) ;
#2595 = DIRECTION ( 'NONE',  ( -0.6691306063588572384, 0.7431448254773951323, 0.000000000000000000 ) ) ;
#2596 = EDGE_CURVE ( 'NONE', #3205, #3357, #1288, .T. ) ;
#2597 = DIRECTION ( 'NONE',  ( 0.000000000000000000, 0.000000000000000000, 1.000000000000000000 ) ) ;
#2598 = AXIS2_PLACEMENT_3D ( 'NONE', #3403, #4074, #3075 ) ;
#2599 = AXIS2_PLACEMENT_3D ( 'NONE', #2576, #4290, #2149 ) ;
#2600 = CARTESIAN_POINT ( 'NONE',  ( -4.860865375652200449, -5.166354965501279928, -15.00000000000000000 ) ) ;
#2601 = ORIENTED_EDGE ( 'NONE', *, *, #3833, .F. ) ;
#2602 = ORIENTED_EDGE ( 'NONE', *, *, #3489, .F. ) ;
#2603 = AXIS2_PLACEMENT_3D ( 'NONE', #3832, #2804, #4254 ) ;
#2604 = CIRCLE ( 'NONE', #4114, 3.946090011793464747 ) ;
#2605 = DIRECTION ( 'NONE',  ( 1.000000000000000000, 0.000000000000000000, 0.000000000000000000 ) ) ;
#2606 = CARTESIAN_POINT ( 'NONE',  ( -1.392433475925085373, -1.641849679869717304, 1.185825482982141743 ) ) ;
#2607 = DIRECTION ( 'NONE',  ( 0.9945218953682742891, 0.1045284632676436315, 0.000000000000000000 ) ) ;
#2608 = ORIENTED_EDGE ( 'NONE', *, *, #736, .T. ) ;
#2609 = CARTESIAN_POINT ( 'NONE',  ( -8.111267474501094199, -0.5430657156664746577, -14.81014041400568004 ) ) ;
#2610 = DIRECTION ( 'NONE',  ( 0.8090169943749426773, -0.5877852522924796874, 0.000000000000000000 ) ) ;
#2611 = CARTESIAN_POINT ( 'NONE',  ( -6.101343158628629304, -1.296880523366974014, -5.000000000000000000 ) ) ;
#2612 = VERTEX_POINT ( 'NONE', #4627 ) ;
#2613 = CARTESIAN_POINT ( 'NONE',  ( 0.000000000000000000, -10.00099999999999945, 1.999999999999999112 ) ) ;
#2614 = EDGE_CURVE ( 'NONE', #4537, #2904, #578, .T. ) ;
#2615 = LINE ( 'NONE', #2971, #2448 ) ;
#2616 = ORIENTED_EDGE ( 'NONE', *, *, #4606, .F. ) ;
#2617 = VERTEX_POINT ( 'NONE', #2749 ) ;
#2618 = CYLINDRICAL_SURFACE ( 'NONE', #2050, 8.500000000000000000 ) ;
#2619 = EDGE_CURVE ( 'NONE', #4028, #3136, #758, .T. ) ;
#2620 = DIRECTION ( 'NONE',  ( 1.000000000000000000, 0.000000000000000000, 0.000000000000000000 ) ) ;
#2621 = ORIENTED_EDGE ( 'NONE', *, *, #3371, .T. ) ;
#2622 = ADVANCED_FACE ( 'NONE', ( #1318 ), #4200, .F. ) ;
#2623 = ORIENTED_EDGE ( 'NONE', *, *, #1653, .F. ) ;
#2624 = CARTESIAN_POINT ( 'NONE',  ( 4.532886174746630026, -7.109941355349209680, -14.50704638601671981 ) ) ;
#2625 = DIRECTION ( 'NONE',  ( -1.000000000000000000, 0.000000000000000000, 0.000000000000000000 ) ) ;
#2626 = CARTESIAN_POINT ( 'NONE',  ( 6.541271189478347736, -0.4509796686607169813, -5.000000000000000000 ) ) ;
#2627 = VERTEX_POINT ( 'NONE', #2483 ) ;
#2628 = PRODUCT_DEFINITION_FORMATION_WITH_SPECIFIED_SOURCE ( 'ANY', '', #1883, .NOT_KNOWN. ) ;
#2629 = CARTESIAN_POINT ( 'NONE',  ( 2.450271114960420160, -6.081758207873379618, -15.00000000000000000 ) ) ;
#2630 = AXIS2_PLACEMENT_3D ( 'NONE', #2004, #3454, #3433 ) ;
#2631 = CARTESIAN_POINT ( 'NONE',  ( 4.532886174746720620, 6.890733991732250097, -14.69157721615066059 ) ) ;
#2632 = CARTESIAN_POINT ( 'NONE',  ( 0.000000000000000000, 0.000000000000000000, -14.43900000000000006 ) ) ;
#2633 = ORIENTED_EDGE ( 'NONE', *, *, #3203, .T. ) ;
#2634 = CARTESIAN_POINT ( 'NONE',  ( -4.860865375652130282, 5.166354965501350094, -5.000000000000000000 ) ) ;
#2635 = LINE ( 'NONE', #815, #1381 ) ;
#2636 = ORIENTED_EDGE ( 'NONE', *, *, #4662, .F. ) ;
#2637 = EDGE_CURVE ( 'NONE', #3088, #3972, #60, .T. ) ;
#2638 = ORIENTED_EDGE ( 'NONE', *, *, #1072, .T. ) ;
#2639 = CARTESIAN_POINT ( 'NONE',  ( -1.599920937752542960, -9.871182958457287882, 2.209694450652993858 ) ) ;
#2640 = DIRECTION ( 'NONE',  ( 1.000000000000000000, 0.000000000000000000, 0.000000000000000000 ) ) ;
#2641 = DIRECTION ( 'NONE',  ( 1.000000000000000000, 0.000000000000000000, 0.000000000000000000 ) ) ;
#2642 = AXIS2_PLACEMENT_3D ( 'NONE', #3482, #4292, #419 ) ;
#2643 = VERTEX_POINT ( 'NONE', #2393 ) ;
#2644 = EDGE_CURVE ( 'NONE', #251, #1749, #2054, .T. ) ;
#2645 = ORIENTED_EDGE ( 'NONE', *, *, #2180, .T. ) ;
#2646 = AXIS2_PLACEMENT_3D ( 'NONE', #1130, #2921, #3924 ) ;
#2647 = DIRECTION ( 'NONE',  ( 0.000000000000000000, 0.000000000000000000, 1.000000000000000000 ) ) ;
#2648 = DIRECTION ( 'NONE',  ( 0.000000000000000000, 0.000000000000000000, -1.000000000000000000 ) ) ;
#2649 = EDGE_CURVE ( 'NONE', #162, #1203, #1446, .T. ) ;
#2650 = ORIENTED_EDGE ( 'NONE', *, *, #1398, .F. ) ;
#2651 = CARTESIAN_POINT ( 'NONE',  ( 3.411405546988625304, 6.219449173660749786, -15.00000000000000000 ) ) ;
#2652 = CARTESIAN_POINT ( 'NONE',  ( -6.471215300770750467, 1.445547167183711901, -15.00000000000000000 ) ) ;
#2653 = CYLINDRICAL_SURFACE ( 'NONE', #3556, 3.946090011793464747 ) ;
#2654 = ADVANCED_FACE ( 'NONE', ( #227 ), #628, .F. ) ;
#2655 = ORIENTED_EDGE ( 'NONE', *, *, #4558, .T. ) ;
#2656 = CARTESIAN_POINT ( 'NONE',  ( 4.532886174746256991, -7.069293181989130481, -5.000000000000000888 ) ) ;
#2657 = FACE_BOUND ( 'NONE', #453, .T. ) ;
#2658 = VERTEX_POINT ( 'NONE', #1358 ) ;
#2659 = ORIENTED_EDGE ( 'NONE', *, *, #1640, .F. ) ;
#2660 = DIRECTION ( 'NONE',  ( 0.000000000000000000, 0.000000000000000000, 1.000000000000000000 ) ) ;
#2661 = AXIS2_PLACEMENT_3D ( 'NONE', #3687, #1869, #2253 ) ;
#2662 = CARTESIAN_POINT ( 'NONE',  ( 5.726245996640159319, -2.474487587551220003, -15.00000000000000000 ) ) ;
#2663 = CARTESIAN_POINT ( 'NONE',  ( 6.630349875966790485, 0.06851717849924808534, -15.00000000000000000 ) ) ;
#2664 = AXIS2_PLACEMENT_3D ( 'NONE', #4032, #2229, #2539 ) ;
#2665 = AXIS2_PLACEMENT_3D ( 'NONE', #4387, #2918, #3222 ) ;
#2666 = ORIENTED_EDGE ( 'NONE', *, *, #1657, .F. ) ;
#2667 = ORIENTED_EDGE ( 'NONE', *, *, #1294, .F. ) ;
#2668 = CYLINDRICAL_SURFACE ( 'NONE', #740, 0.3926990816987240285 ) ;
#2669 = CIRCLE ( 'NONE', #4109, 0.3926990816987240285 ) ;
#2670 = CIRCLE ( 'NONE', #518, 0.3926990816987240285 ) ;
#2671 = EDGE_CURVE ( 'NONE', #1488, #3400, #4582, .T. ) ;
#2672 = DIRECTION ( 'NONE',  ( 1.000000000000000000, 0.000000000000000000, 0.000000000000000000 ) ) ;
#2673 = CARTESIAN_POINT ( 'NONE',  ( 0.000000000000000000, 0.000000000000000000, -15.00000000000000000 ) ) ;
#2674 = ORIENTED_EDGE ( 'NONE', *, *, #1764, .F. ) ;
#2675 = DIRECTION ( 'NONE',  ( -0.000000000000000000, -0.000000000000000000, -1.000000000000000000 ) ) ;
#2676 = AXIS2_PLACEMENT_3D ( 'NONE', #2284, #3376, #24 ) ;
#2677 = EDGE_CURVE ( 'NONE', #2612, #91, #1981, .T. ) ;
#2678 = CARTESIAN_POINT ( 'NONE',  ( -4.000000000000000000, 0.000000000000000000, 6.999999999999999112 ) ) ;
#2679 = DIRECTION ( 'NONE',  ( 0.000000000000000000, 0.000000000000000000, 1.000000000000000000 ) ) ;
#2680 = EDGE_CURVE ( 'NONE', #2681, #1306, #1007, .T. ) ;
#2681 = VERTEX_POINT ( 'NONE', #4269 ) ;
#2682 = FACE_OUTER_BOUND ( 'NONE', #4064, .T. ) ;
#2683 = DIRECTION ( 'NONE',  ( 0.000000000000000000, 0.000000000000000000, 1.000000000000000000 ) ) ;
#2684 = EDGE_LOOP ( 'NONE', ( #1806, #1020, #3771, #2476, #2736 ) ) ;
#2685 = VERTEX_POINT ( 'NONE', #3149 ) ;
#2686 = CARTESIAN_POINT ( 'NONE',  ( -1.056876631104430198, -9.944276592730224351, 0.7941315970854208039 ) ) ;
#2687 = DIRECTION ( 'NONE',  ( 1.000000000000000000, 0.000000000000000000, 0.000000000000000000 ) ) ;
#2688 = CYLINDRICAL_SURFACE ( 'NONE', #522, 8.500000000000000000 ) ;
#2689 = ORIENTED_EDGE ( 'NONE', *, *, #1858, .F. ) ;
#2690 = ORIENTED_EDGE ( 'NONE', *, *, #4047, .F. ) ;
#2691 = CARTESIAN_POINT ( 'NONE',  ( 6.237650794268060572, -0.06851717849924808534, -15.00000000000000000 ) ) ;
#2692 = DIRECTION ( 'NONE',  ( 0.000000000000000000, 0.000000000000000000, 1.000000000000000000 ) ) ;
#2693 = DIRECTION ( 'NONE',  ( 0.000000000000000000, 0.000000000000000000, 1.000000000000000000 ) ) ;
#2694 = ORIENTED_EDGE ( 'NONE', *, *, #3814, .T. ) ;
#2695 = EDGE_CURVE ( 'NONE', #218, #3939, #2772, .T. ) ;
#2696 = CARTESIAN_POINT ( 'NONE',  ( -2.312631089366874892, -8.179348228583041447, -15.00000000000000000 ) ) ;
#2697 = CARTESIAN_POINT ( 'NONE',  ( 0.5867961629527920220, -7.069293181989130481, -5.000000000000000000 ) ) ;
#2698 = CARTESIAN_POINT ( 'NONE',  ( -5.831073800043052202, -5.664464560120428871, -14.81014041400707804 ) ) ;
#2699 = ORIENTED_EDGE ( 'NONE', *, *, #1372, .F. ) ;
#2700 = DIRECTION ( 'NONE',  ( 1.000000000000000000, 1.104359264397054674E-15, 0.000000000000000000 ) ) ;
#2701 = DIRECTION ( 'NONE',  ( 0.1045284632676435482, -0.9945218953682744001, 0.000000000000000000 ) ) ;
#2702 = ADVANCED_FACE ( 'NONE', ( #2817 ), #4221, .F. ) ;
#2703 = ORIENTED_EDGE ( 'NONE', *, *, #4417, .T. ) ;
#2704 = VERTEX_POINT ( 'NONE', #4552 ) ;
#2705 = AXIS2_PLACEMENT_3D ( 'NONE', #4310, #722, #1470 ) ;
#2706 = DIRECTION ( 'NONE',  ( 0.000000000000000000, 0.000000000000000000, -1.000000000000000000 ) ) ;
#2707 = DIRECTION ( 'NONE',  ( 0.000000000000000000, 0.000000000000000000, -1.000000000000000000 ) ) ;
#2708 = CARTESIAN_POINT ( 'NONE',  ( 6.630349875966790485, -0.06851717849924808534, -15.00000000000000000 ) ) ;
#2709 = CONICAL_SURFACE ( 'NONE', #4305, 8.500000000000000000, 0.7853981633974476129 ) ;
#2710 = ORIENTED_EDGE ( 'NONE', *, *, #1644, .F. ) ;
#2711 = AXIS2_PLACEMENT_3D ( 'NONE', #2794, #1740, #4656 ) ;
#2712 = EDGE_LOOP ( 'NONE', ( #2839, #2059, #2960, #697 ) ) ;
#2713 = EDGE_CURVE ( 'NONE', #3289, #1378, #1953, .T. ) ;
#2714 = FACE_OUTER_BOUND ( 'NONE', #2017, .T. ) ;
#2715 = AXIS2_PLACEMENT_3D ( 'NONE', #1631, #4181, #3763 ) ;
#2716 = DIRECTION ( 'NONE',  ( 0.000000000000000000, 0.000000000000000000, 1.000000000000000000 ) ) ;
#2717 = DIRECTION ( 'NONE',  ( 0.000000000000000000, 0.000000000000000000, 1.000000000000000000 ) ) ;
#2718 = VERTEX_POINT ( 'NONE', #4340 ) ;
#2719 = VECTOR ( 'NONE', #729, 1000.000000000000114 ) ;
#2720 = CIRCLE ( 'NONE', #4011, 8.500000000000000000 ) ;
#2721 = CARTESIAN_POINT ( 'NONE',  ( 0.000000000000000000, 0.000000000000000000, 6.999999999999999112 ) ) ;
#2722 = CARTESIAN_POINT ( 'NONE',  ( 0.2068215526979305108, -7.936305553929969392, -15.00000000000000000 ) ) ;
#2723 = CARTESIAN_POINT ( 'NONE',  ( 4.530988068736628627, -7.191672067118073386, -5.000000000000000888 ) ) ;
#2724 = VERTEX_POINT ( 'NONE', #2194 ) ;
#2725 = CARTESIAN_POINT ( 'NONE',  ( 6.159178538882869702, 2.248584257262620234, -15.00000000000000000 ) ) ;
#2726 = FACE_OUTER_BOUND ( 'NONE', #454, .T. ) ;
#2727 = EDGE_CURVE ( 'NONE', #3982, #3058, #3487, .T. ) ;
#2728 = AXIS2_PLACEMENT_3D ( 'NONE', #659, #2845, #3264 ) ;
#2729 = ORIENTED_EDGE ( 'NONE', *, *, #1394, .F. ) ;
#2730 = EDGE_LOOP ( 'NONE', ( #1385, #997, #2998, #2544, #2418 ) ) ;
#2731 = CARTESIAN_POINT ( 'NONE',  ( 6.881359251485787532, 4.328334005873313295, -14.81014041400711001 ) ) ;
#2732 = AXIS2_PLACEMENT_3D ( 'NONE', #4637, #1371, #2778 ) ;
#2733 = FACE_BOUND ( 'NONE', #719, .T. ) ;
#2734 = EDGE_CURVE ( 'NONE', #4265, #1999, #514, .T. ) ;
#2735 = CARTESIAN_POINT ( 'NONE',  ( -2.880075745088719774, -5.890396857461829505, -15.00000000000000000 ) ) ;
#2736 = ORIENTED_EDGE ( 'NONE', *, *, #4216, .F. ) ;
#2737 = VECTOR ( 'NONE', #1538, 1000.000000000000000 ) ;
#2738 = VERTEX_POINT ( 'NONE', #3652 ) ;
#2739 = CARTESIAN_POINT ( 'NONE',  ( 0.000000000000000000, 0.000000000000000000, -15.00000000000000000 ) ) ;
#2740 = EDGE_CURVE ( 'NONE', #4544, #4543, #2669, .T. ) ;
#2741 = AXIS2_PLACEMENT_3D ( 'NONE', #4608, #3561, #306 ) ;
#2742 = AXIS2_PLACEMENT_3D ( 'NONE', #1574, #3772, #1931 ) ;
#2743 = DIRECTION ( 'NONE',  ( -0.8090169943749503378, -0.5877852522924691403, 0.000000000000000000 ) ) ;
#2744 = CARTESIAN_POINT ( 'NONE',  ( -2.043761957265849638, 6.792810382441650141, -15.00000000000000000 ) ) ;
#2745 = ORIENTED_EDGE ( 'NONE', *, *, #397, .F. ) ;
#2746 = VERTEX_POINT ( 'NONE', #371 ) ;
#2747 = VECTOR ( 'NONE', #4078, 1000.000000000000000 ) ;
#2748 = CYLINDRICAL_SURFACE ( 'NONE', #1906, 8.500000000000000000 ) ;
#2749 = CARTESIAN_POINT ( 'NONE',  ( -6.078516219072025883, 1.445547167183711901, -5.000000000000000888 ) ) ;
#2750 = AXIS2_PLACEMENT_3D ( 'NONE', #3974, #1511, #2208 ) ;
#2751 = DIRECTION ( 'NONE',  ( 0.000000000000000000, 0.000000000000000000, 1.000000000000000000 ) ) ;
#2752 = EDGE_LOOP ( 'NONE', ( #696, #586, #3624, #1274 ) ) ;
#2753 = AXIS2_PLACEMENT_3D ( 'NONE', #2663, #821, #2620 ) ;
#2754 = AXIS2_PLACEMENT_3D ( 'NONE', #2014, #1919, #87 ) ;
#2755 = CARTESIAN_POINT ( 'NONE',  ( 0.000000000000000000, 0.000000000000000000, -15.00000000000000000 ) ) ;
#2756 = DIRECTION ( 'NONE',  ( 0.000000000000000000, 0.000000000000000000, 1.000000000000000000 ) ) ;
#2757 = VERTEX_POINT ( 'NONE', #654 ) ;
#2758 = EDGE_CURVE ( 'NONE', #3229, #365, #3963, .T. ) ;
#2759 = DIRECTION ( 'NONE',  ( 0.000000000000000000, 0.000000000000000000, -1.000000000000000000 ) ) ;
#2760 = DIRECTION ( 'NONE',  ( 0.000000000000000000, 0.000000000000000000, -1.000000000000000000 ) ) ;
#2761 = FACE_OUTER_BOUND ( 'NONE', #3450, .T. ) ;
#2762 = EDGE_LOOP ( 'NONE', ( #358, #3850, #1961, #4150 ) ) ;
#2763 = ORIENTED_EDGE ( 'NONE', *, *, #2619, .T. ) ;
#2764 = DIRECTION ( 'NONE',  ( 1.000000000000000000, 0.000000000000000000, 0.000000000000000000 ) ) ;
#2765 = EDGE_CURVE ( 'NONE', #1314, #2543, #674, .T. ) ;
#2766 = CARTESIAN_POINT ( 'NONE',  ( 1.592456809767609949, -6.360478971340859822, -15.00000000000000000 ) ) ;
#2767 = CARTESIAN_POINT ( 'NONE',  ( -4.629954344567809521, -5.374268191762659796, -15.00000000000000000 ) ) ;
#2768 = EDGE_CURVE ( 'NONE', #3761, #3246, #995, .T. ) ;
#2769 = CARTESIAN_POINT ( 'NONE',  ( 4.500000000000000000, 0.000000000000000000, -15.00000000000000000 ) ) ;
#2770 = EDGE_LOOP ( 'NONE', ( #1885, #3093, #1047, #2574 ) ) ;
#2771 = DIRECTION ( 'NONE',  ( -0.000000000000000000, -0.000000000000000000, 1.000000000000000000 ) ) ;
#2772 = LINE ( 'NONE', #4243, #444 ) ;
#2773 = DIRECTION ( 'NONE',  ( 1.000000000000000000, 0.000000000000000000, 0.000000000000000000 ) ) ;
#2774 = ORIENTED_EDGE ( 'NONE', *, *, #4325, .F. ) ;
#2775 = CYLINDRICAL_SURFACE ( 'NONE', #51, 0.3926990816987240285 ) ;
#2776 = CARTESIAN_POINT ( 'NONE',  ( 0.000000000000000000, 0.000000000000000000, -15.00000000000000000 ) ) ;
#2777 = ORIENTED_EDGE ( 'NONE', *, *, #3993, .T. ) ;
#2778 = DIRECTION ( 'NONE',  ( 1.000000000000000000, 0.000000000000000000, 0.000000000000000000 ) ) ;
#2779 = DIRECTION ( 'NONE',  ( 0.000000000000000000, 0.000000000000000000, 1.000000000000000000 ) ) ;
#2780 = CARTESIAN_POINT ( 'NONE',  ( 0.000000000000000000, 0.000000000000000000, -14.43900000000000006 ) ) ;
#2781 = EDGE_CURVE ( 'NONE', #813, #4385, #4571, .T. ) ;
#2782 = VERTEX_POINT ( 'NONE', #4026 ) ;
#2783 = CIRCLE ( 'NONE', #4452, 0.3926990816987240285 ) ;
#2784 = ORIENTED_EDGE ( 'NONE', *, *, #984, .T. ) ;
#2785 = CARTESIAN_POINT ( 'NONE',  ( 0.8958154394417949806, 7.036813947251400414, -5.000000000000000000 ) ) ;
#2786 = CARTESIAN_POINT ( 'NONE',  ( 1.074999999999999956, 1.316495309083404618E-16, 9.001000000000001222 ) ) ;
#2787 = CARTESIAN_POINT ( 'NONE',  ( -5.439534267938541667, 6.531574614740488727, -5.000000000000000888 ) ) ;
#2788 = CARTESIAN_POINT ( 'NONE',  ( -3.255837320807359880, 5.776310017815889708, -5.000000000000000000 ) ) ;
#2789 = ORIENTED_EDGE ( 'NONE', *, *, #1567, .T. ) ;
#2790 = CARTESIAN_POINT ( 'NONE',  ( 8.046926530262766164, -1.155228908478590277, -14.81014041400570136 ) ) ;
#2791 = PRODUCT_DEFINITION_CONTEXT ( 'detailed design', #559, 'design' ) ;
#2792 = CARTESIAN_POINT ( 'NONE',  ( 6.237650794268060572, 0.06851717849924808534, -5.000000000000000000 ) ) ;
#2793 = EDGE_CURVE ( 'NONE', #3351, #4211, #756, .T. ) ;
#2794 = CARTESIAN_POINT ( 'NONE',  ( 3.680498208442175123, 6.064088453133590129, -5.000000000000000000 ) ) ;
#2795 = EDGE_LOOP ( 'NONE', ( #312, #1515, #3257, #4549, #2270 ) ) ;
#2796 = LINE ( 'NONE', #2085, #2287 ) ;
#2797 = CONICAL_SURFACE ( 'NONE', #3323, 8.500000000000000000, 0.7853981633974476129 ) ;
#2798 = CYLINDRICAL_SURFACE ( 'NONE', #2741, 0.3926990816987240285 ) ;
#2799 = B_SPLINE_CURVE_WITH_KNOTS ( 'NONE', 3,
 ( #1651, #3420, #140, #4493 ),
 .UNSPECIFIED., .F., .F.,
 ( 4, 4 ),
 ( 0.000000000000000000, 1.000000000000000000 ),
 .UNSPECIFIED. ) ;
#2800 = EDGE_CURVE ( 'NONE', #4715, #897, #3580, .T. ) ;
#2801 = ORIENTED_EDGE ( 'NONE', *, *, #2637, .F. ) ;
#2802 = DIRECTION ( 'NONE',  ( 0.000000000000000000, 0.000000000000000000, 1.000000000000000000 ) ) ;
#2803 = DIRECTION ( 'NONE',  ( 0.000000000000000000, 0.000000000000000000, 1.000000000000000000 ) ) ;
#2804 = DIRECTION ( 'NONE',  ( 0.000000000000000000, 0.000000000000000000, -1.000000000000000000 ) ) ;
#2805 = ORIENTED_EDGE ( 'NONE', *, *, #247, .T. ) ;
#2806 = ORIENTED_EDGE ( 'NONE', *, *, #3610, .T. ) ;
#2807 = CARTESIAN_POINT ( 'NONE',  ( -6.541967359745210153, 2.742608045966909991, -15.00000000000000000 ) ) ;
#2808 = CARTESIAN_POINT ( 'NONE',  ( 6.541271189478329084, -0.4509796686607169813, -15.00000000000000000 ) ) ;
#2809 = CIRCLE ( 'NONE', #326, 3.946090011793464747 ) ;
#2810 = FACE_BOUND ( 'NONE', #688, .T. ) ;
#2811 = DIRECTION ( 'NONE',  ( -0.1045284632676435066, 0.9945218953682744001, 0.000000000000000000 ) ) ;
#2812 = ORIENTED_EDGE ( 'NONE', *, *, #1301, .F. ) ;
#2813 = EDGE_LOOP ( 'NONE', ( #96, #3441, #2378, #3398 ) ) ;
#2814 = EDGE_CURVE ( 'NONE', #1495, #303, #1722, .T. ) ;
#2815 = AXIS2_PLACEMENT_3D ( 'NONE', #1893, #108, #1200 ) ;
#2816 = CARTESIAN_POINT ( 'NONE',  ( -2.936742409108090257, -7.976562168157201427, -14.43900000000408035 ) ) ;
#2817 = FACE_OUTER_BOUND ( 'NONE', #501, .T. ) ;
#2818 = CYLINDRICAL_SURFACE ( 'NONE', #2563, 3.946090011793464747 ) ;
#2819 = AXIS2_PLACEMENT_3D ( 'NONE', #2513, #2249, #423 ) ;
#2820 = CIRCLE ( 'NONE', #2970, 0.3926990816987240285 ) ;
#2821 = EDGE_LOOP ( 'NONE', ( #3523, #2838, #4304, #3154 ) ) ;
#2822 = FACE_OUTER_BOUND ( 'NONE', #2495, .T. ) ;
#2823 = EDGE_CURVE ( 'NONE', #3723, #2522, #2290, .T. ) ;
#2824 = DIRECTION ( 'NONE',  ( 1.000000000000000000, 0.000000000000000000, 0.000000000000000000 ) ) ;
#2825 = VECTOR ( 'NONE', #1600, 1000.000000000000000 ) ;
#2826 = CIRCLE ( 'NONE', #4110, 7.939000000000000057 ) ;
#2827 = FACE_OUTER_BOUND ( 'NONE', #3861, .T. ) ;
#2828 = EDGE_CURVE ( 'NONE', #4439, #1530, #3432, .T. ) ;
#2829 = AXIS2_PLACEMENT_3D ( 'NONE', #4512, #183, #3758 ) ;
#2830 = VERTEX_POINT ( 'NONE', #299 ) ;
#2831 = FACE_OUTER_BOUND ( 'NONE', #435, .T. ) ;
#2832 = CARTESIAN_POINT ( 'NONE',  ( 6.969229953101049979, 1.322523984876393888, -15.00000000000000000 ) ) ;
#2833 = LINE ( 'NONE', #3269, #1956 ) ;
#2834 = ORIENTED_EDGE ( 'NONE', *, *, #3814, .F. ) ;
#2835 = ORIENTED_EDGE ( 'NONE', *, *, #3083, .F. ) ;
#2836 = CARTESIAN_POINT ( 'NONE',  ( -5.927207807668770201, -6.092471387264859040, -15.00000000000000000 ) ) ;
#2837 = DIRECTION ( 'NONE',  ( 0.000000000000000000, 0.000000000000000000, 1.000000000000000000 ) ) ;
#2838 = ORIENTED_EDGE ( 'NONE', *, *, #2121, .T. ) ;
#2839 = ORIENTED_EDGE ( 'NONE', *, *, #3759, .F. ) ;
#2840 = CYLINDRICAL_SURFACE ( 'NONE', #1224, 8.500000000000000000 ) ;
#2841 = CARTESIAN_POINT ( 'NONE',  ( -7.892805129291001087, 3.154936955149554745, -15.00000000000000000 ) ) ;
#2842 = DIRECTION ( 'NONE',  ( -0.000000000000000000, -0.000000000000000000, 1.000000000000000000 ) ) ;
#2843 = EDGE_CURVE ( 'NONE', #2895, #308, #1593, .T. ) ;
#2844 = ORIENTED_EDGE ( 'NONE', *, *, #709, .F. ) ;
#2845 = DIRECTION ( 'NONE',  ( 0.000000000000000000, 0.000000000000000000, 1.000000000000000000 ) ) ;
#2846 = DIRECTION ( 'NONE',  ( 0.000000000000000000, 0.000000000000000000, 1.000000000000000000 ) ) ;
#2847 = CARTESIAN_POINT ( 'NONE',  ( 0.000000000000000000, 0.000000000000000000, -14.43900000000000006 ) ) ;
#2848 = ADVANCED_FACE ( 'NONE', ( #461 ), #3007, .T. ) ;
#2849 = VERTEX_POINT ( 'NONE', #4094 ) ;
#2850 = CIRCLE ( 'NONE', #3379, 4.000000000000000000 ) ;
#2851 = LINE ( 'NONE', #4206, #3112 ) ;
#2852 = CYLINDRICAL_SURFACE ( 'NONE', #4192, 3.946090011793464747 ) ;
#2853 = EDGE_CURVE ( 'NONE', #2279, #4217, #3429, .T. ) ;
#2854 = ORIENTED_EDGE ( 'NONE', *, *, #121, .F. ) ;
#2855 = VERTEX_POINT ( 'NONE', #1526 ) ;
#2856 = LINE ( 'NONE', #1042, #982 ) ;
#2857 = EDGE_CURVE ( 'NONE', #303, #3982, #447, .T. ) ;
#2858 = DIRECTION ( 'NONE',  ( 1.000000000000000000, 0.000000000000000000, 0.000000000000000000 ) ) ;
#2859 = CARTESIAN_POINT ( 'NONE',  ( -2.339275608533189832, 6.696792176639190686, -15.00000000000000000 ) ) ;
#2860 = ADVANCED_FACE ( 'NONE', ( #149 ), #2293, .T. ) ;
#2861 = ORIENTED_EDGE ( 'NONE', *, *, #1916, .F. ) ;
#2862 = ORIENTED_EDGE ( 'NONE', *, *, #1398, .T. ) ;
#2863 = CARTESIAN_POINT ( 'NONE',  ( 0.2089712751189400919, -9.999999999999998224, 0.3999999999999989120 ) ) ;
#2864 = CARTESIAN_POINT ( 'NONE',  ( -1.852352712115429956, 7.719877617548010384, -15.00000000000000000 ) ) ;
#2865 = CARTESIAN_POINT ( 'NONE',  ( 0.000000000000000000, 0.000000000000000000, 9.000000000000000000 ) ) ;
#2866 = ORIENTED_EDGE ( 'NONE', *, *, #115, .F. ) ;
#2867 = CARTESIAN_POINT ( 'NONE',  ( -2.936742409109390106, 7.976562168161069444, -5.000000000000000888 ) ) ;
#2868 = DIRECTION ( 'NONE',  ( 1.000000000000000000, 0.000000000000000000, 0.000000000000000000 ) ) ;
#2869 = CARTESIAN_POINT ( 'NONE',  ( 0.000000000000000000, 0.000000000000000000, -14.43900000000000006 ) ) ;
#2870 = ORIENTED_EDGE ( 'NONE', *, *, #3111, .T. ) ;
#2871 = CARTESIAN_POINT ( 'NONE',  ( 0.000000000000000000, 0.000000000000000000, -14.43900000000000006 ) ) ;
#2872 = EDGE_CURVE ( 'NONE', #1360, #4162, #517, .T. ) ;
#2873 = LINE ( 'NONE', #1060, #143 ) ;
#2874 = ORIENTED_EDGE ( 'NONE', *, *, #1157, .F. ) ;
#2875 = ORIENTED_EDGE ( 'NONE', *, *, #4054, .F. ) ;
#2876 = CARTESIAN_POINT ( 'NONE',  ( 0.000000000000000000, 0.000000000000000000, -15.00000000000000000 ) ) ;
#2877 = EDGE_CURVE ( 'NONE', #3530, #3215, #4121, .T. ) ;
#2878 = DIRECTION ( 'NONE',  ( 0.4067366430757889395, -0.9135454576426058626, 0.000000000000000000 ) ) ;
#2879 = FACE_OUTER_BOUND ( 'NONE', #3230, .T. ) ;
#2880 = ORIENTED_EDGE ( 'NONE', *, *, #2569, .F. ) ;
#2881 = ADVANCED_FACE ( 'NONE', ( #2267 ), #503, .T. ) ;
#2882 = CIRCLE ( 'NONE', #4551, 0.3926990816987240285 ) ;
#2883 = ORIENTED_EDGE ( 'NONE', *, *, #824, .F. ) ;
#2884 = CARTESIAN_POINT ( 'NONE',  ( 0.9830880839733165955, -9.952667740852888301, 0.7205339548150171414 ) ) ;
#2885 = VECTOR ( 'NONE', #2568, 1000.000000000000000 ) ;
#2886 = DIRECTION ( 'NONE',  ( 0.000000000000000000, 0.000000000000000000, 1.000000000000000000 ) ) ;
#2887 = CARTESIAN_POINT ( 'NONE',  ( -3.458912777927970250, -5.205614506922949580, -15.00000000000000000 ) ) ;
#2888 = ORIENTED_EDGE ( 'NONE', *, *, #470, .T. ) ;
#2889 = CIRCLE ( 'NONE', #1438, 8.500000000000000000 ) ;
#2890 = ORIENTED_EDGE ( 'NONE', *, *, #2038, .F. ) ;
#2891 = DIRECTION ( 'NONE',  ( 0.000000000000000000, 0.000000000000000000, -1.000000000000000000 ) ) ;
#2892 = DIRECTION ( 'NONE',  ( 0.8090169943749502268, 0.5877852522924692513, 0.000000000000000000 ) ) ;
#2893 = CIRCLE ( 'NONE', #2132, 5.000000000000000000 ) ;
#2894 = CIRCLE ( 'NONE', #3268, 8.500000000000001776 ) ;
#2895 = VERTEX_POINT ( 'NONE', #4141 ) ;
#2896 = AXIS2_PLACEMENT_3D ( 'NONE', #555, #3843, #272 ) ;
#2897 = AXIS2_PLACEMENT_3D ( 'NONE', #416, #2707, #1996 ) ;
#2898 = CARTESIAN_POINT ( 'NONE',  ( -5.026920358780639475, 4.209712952485150872, -5.000000000000000888 ) ) ;
#2899 = CARTESIAN_POINT ( 'NONE',  ( 1.606814403260275137, 6.696792176639190686, -15.00000000000000000 ) ) ;
#2900 = AXIS2_PLACEMENT_3D ( 'NONE', #52, #1173, #1332 ) ;
#2901 = CIRCLE ( 'NONE', #2296, 0.3926990816987240285 ) ;
#2902 = EDGE_LOOP ( 'NONE', ( #4045, #2592, #1145, #1057, #4343 ) ) ;
#2903 = EDGE_CURVE ( 'NONE', #2356, #562, #680, .T. ) ;
#2904 = VERTEX_POINT ( 'NONE', #438 ) ;
#2905 = CARTESIAN_POINT ( 'NONE',  ( 8.239838897040250743, 2.086876841316385178, -14.43900000000000006 ) ) ;
#2906 = AXIS2_PLACEMENT_3D ( 'NONE', #3674, #390, #4287 ) ;
#2907 = CARTESIAN_POINT ( 'NONE',  ( -0.2614642168846414982, 6.244528522097479772, -15.00000000000000000 ) ) ;
#2908 = FACE_OUTER_BOUND ( 'NONE', #3285, .T. ) ;
#2909 = ORIENTED_EDGE ( 'NONE', *, *, #3489, .T. ) ;
#2910 = EDGE_CURVE ( 'NONE', #2390, #3874, #3589, .T. ) ;
#2911 = ORIENTED_EDGE ( 'NONE', *, *, #3028, .F. ) ;
#2912 = DIRECTION ( 'NONE',  ( 0.3090169943749451198, -0.9510565162951544194, 0.000000000000000000 ) ) ;
#2913 = ADVANCED_FACE ( 'NONE', ( #877 ), #1618, .T. ) ;
#2914 = CARTESIAN_POINT ( 'NONE',  ( -1.599991158816203685, -1.436150511570816635, 1.779213381753602219 ) ) ;
#2915 = CARTESIAN_POINT ( 'NONE',  ( 0.000000000000000000, 0.000000000000000000, -15.00000000000000000 ) ) ;
#2916 = ORIENTED_EDGE ( 'NONE', *, *, #2352, .F. ) ;
#2917 = CARTESIAN_POINT ( 'NONE',  ( -5.323792341258430483, -3.952653436444991009, -15.00000000000000000 ) ) ;
#2918 = DIRECTION ( 'NONE',  ( 0.000000000000000000, 0.000000000000000000, 1.000000000000000000 ) ) ;
#2919 = ADVANCED_FACE ( 'NONE', ( #1215, #4472 ), #2337, .F. ) ;
#2920 = CARTESIAN_POINT ( 'NONE',  ( -5.086638884589770093, 3.610967584008729858, -15.00000000000000000 ) ) ;
#2921 = DIRECTION ( 'NONE',  ( 0.000000000000000000, 0.000000000000000000, -1.000000000000000000 ) ) ;
#2922 = ADVANCED_FACE ( 'NONE', ( #2244 ), #852, .F. ) ;
#2923 = ORIENTED_EDGE ( 'NONE', *, *, #4623, .F. ) ;
#2924 = DIRECTION ( 'NONE',  ( 0.000000000000000000, 0.000000000000000000, 1.000000000000000000 ) ) ;
#2925 = CARTESIAN_POINT ( 'NONE',  ( -7.091903755430659650, 0.1553607205272069802, -15.00000000000000000 ) ) ;
#2926 = EDGE_LOOP ( 'NONE', ( #89, #3801, #126, #797, #4532 ) ) ;
#2927 = ORIENTED_EDGE ( 'NONE', *, *, #4381, .T. ) ;
#2928 = CARTESIAN_POINT ( 'NONE',  ( -0.7201538861513949730, 6.196318295184929603, -5.000000000000000000 ) ) ;
#2929 = DIRECTION ( 'NONE',  ( 0.000000000000000000, 0.000000000000000000, 1.000000000000000000 ) ) ;
#2930 = CARTESIAN_POINT ( 'NONE',  ( -0.6249184492353510034, -6.601190120977240561, -15.00000000000000000 ) ) ;
#2931 = ORIENTED_EDGE ( 'NONE', *, *, #4195, .T. ) ;
#2932 = ORIENTED_EDGE ( 'NONE', *, *, #3389, .T. ) ;
#2933 = DIRECTION ( 'NONE',  ( 1.000000000000000000, 0.000000000000000000, 0.000000000000000000 ) ) ;
#2934 = EDGE_CURVE ( 'NONE', #2327, #3874, #1261, .T. ) ;
#2935 = CARTESIAN_POINT ( 'NONE',  ( 0.000000000000000000, 0.000000000000000000, -15.00000000000000000 ) ) ;
#2936 = VECTOR ( 'NONE', #3527, 1000.000000000000000 ) ;
#2937 = CARTESIAN_POINT ( 'NONE',  ( -4.629954344567729585, 5.374268191762720193, -5.000000000000000000 ) ) ;
#2938 = ORIENTED_EDGE ( 'NONE', *, *, #1832, .T. ) ;
#2939 = FACE_OUTER_BOUND ( 'NONE', #2377, .T. ) ;
#2940 = DIRECTION ( 'NONE',  ( 1.000000000000000000, 0.000000000000000000, 0.000000000000000000 ) ) ;
#2941 = ADVANCED_FACE ( 'NONE', ( #3700, #417 ), #1882, .T. ) ;
#2942 = CARTESIAN_POINT ( 'NONE',  ( 6.678658115148280672, 5.257901271511680186, -14.43900000000000006 ) ) ;
#2943 = CARTESIAN_POINT ( 'NONE',  ( -5.026920358780699871, -4.209712952485085147, -15.00000000000000000 ) ) ;
#2944 = EDGE_CURVE ( 'NONE', #911, #2395, #917, .T. ) ;
#2945 = ORIENTED_EDGE ( 'NONE', *, *, #1111, .T. ) ;
#2946 = LINE ( 'NONE', #2969, #3574 ) ;
#2947 = FACE_OUTER_BOUND ( 'NONE', #2288, .T. ) ;
#2948 = ORIENTED_EDGE ( 'NONE', *, *, #1507, .F. ) ;
#2949 = ORIENTED_EDGE ( 'NONE', *, *, #3111, .F. ) ;
#2950 = CARTESIAN_POINT ( 'NONE',  ( 7.064380123506919240, -4.727000472871879744, -15.00000000000000000 ) ) ;
#2951 = FACE_OUTER_BOUND ( 'NONE', #3926, .T. ) ;
#2952 = FACE_OUTER_BOUND ( 'NONE', #1307, .T. ) ;
#2953 = EDGE_LOOP ( 'NONE', ( #1756, #1980, #4726, #1856 ) ) ;
#2954 = ORIENTED_EDGE ( 'NONE', *, *, #2550, .T. ) ;
#2955 = CIRCLE ( 'NONE', #653, 10.00000000000000000 ) ;
#2956 = FACE_OUTER_BOUND ( 'NONE', #4319, .T. ) ;
#2957 = CARTESIAN_POINT ( 'NONE',  ( 0.000000000000000000, -2.149999999999999911, 3.599999999999999201 ) ) ;
#2958 = CARTESIAN_POINT ( 'NONE',  ( 7.871210902642038931, -1.035258386167028144, -15.00000000000000000 ) ) ;
#2959 = CLOSED_SHELL ( 'NONE', ( #1309, #4157, #231, #3006, #3107, #2848, #4034, #3458, #1536, #1617, #2860, #292, #575, #1043, #3253, #1804, #4005, #1390, #2881, #2473, #526, #207, #3228, #660, #3244, #4337, #768, #3849, #4628, #2078, #3521, #4052, #712, #2271, #1357, #3764, #1998, #837, #4509, #3309, #235, #2409, #1477, #1172, #2440, #920, #28, #988, #3864, #832, #2469, #3207, #1700, #3342, #2622, #2184, #3559, #4364, #1009, #3169, #645, #3676, #88, #2326, #1819, #2702, #2434, #2922, #1367, #271, #1719, #649, #2310, #3461, #100, #1077, #4632, #2009, #2591, #3902, #3526, #3220, #3087, #4252, #1826, #1739, #3672, #1098, #3726, #1938, #38, #3604, #945, #1316, #1413, #1951, #4682, #3629, #1191, #3335, #1351, #620, #2074, #1849, #3911, #812, #4526, #4220, #305, #2913, #2124, #4303, #3922, #2919, #1016, #370, #703, #2497, #1887, #56, #3159, #3755, #4399, #2654, #2941, #3804, #1711, #2972, #3613, #3004, #2213, #2223, #2161, #63, #1881, #798, #160 ) ) ;
#2960 = ORIENTED_EDGE ( 'NONE', *, *, #2695, .T. ) ;
#2961 = EDGE_CURVE ( 'NONE', #4491, #1762, #2064, .T. ) ;
#2962 = CIRCLE ( 'NONE', #1056, 0.3926990816987240285 ) ;
#2963 = CARTESIAN_POINT ( 'NONE',  ( 1.862376391315335056, -5.953531406825179673, -15.00000000000000000 ) ) ;
#2964 = CARTESIAN_POINT ( 'NONE',  ( -2.880075745088719774, -5.890396857461829505, -15.00000000000000000 ) ) ;
#2965 = DIRECTION ( 'NONE',  ( 1.000000000000000000, 0.000000000000000000, 0.000000000000000000 ) ) ;
#2966 = CIRCLE ( 'NONE', #3571, 8.500000000000000000 ) ;
#2967 = EDGE_CURVE ( 'NONE', #3322, #969, #2979, .T. ) ;
#2968 = ORIENTED_EDGE ( 'NONE', *, *, #3078, .T. ) ;
#2969 = CARTESIAN_POINT ( 'NONE',  ( 4.041821550212634229, -5.162876135651649712, -15.00000000000000000 ) ) ;
#2970 = AXIS2_PLACEMENT_3D ( 'NONE', #3515, #1012, #2467 ) ;
#2971 = CARTESIAN_POINT ( 'NONE',  ( 8.239838897035580700, -2.086876841318160203, -15.00000000000000000 ) ) ;
#2972 = ADVANCED_FACE ( 'NONE', ( #4648 ), #4238, .T. ) ;
#2973 = ORIENTED_EDGE ( 'NONE', *, *, #1024, .F. ) ;
#2974 = AXIS2_PLACEMENT_3D ( 'NONE', #1177, #2368, #1914 ) ;
#2975 = AXIS2_PLACEMENT_3D ( 'NONE', #1482, #1812, #2940 ) ;
#2976 = ORIENTED_EDGE ( 'NONE', *, *, #2910, .F. ) ;
#2977 = CARTESIAN_POINT ( 'NONE',  ( 0.000000000000000000, 0.000000000000000000, -14.43900000000000006 ) ) ;
#2978 =( LENGTH_UNIT ( ) NAMED_UNIT ( * ) SI_UNIT ( .MILLI., .METRE. ) );
#2979 = CIRCLE ( 'NONE', #839, 0.3926990816987240285 ) ;
#2980 = DIRECTION ( 'NONE',  ( 1.000000000000000000, 0.000000000000000000, 0.000000000000000000 ) ) ;
#2981 = ORIENTED_EDGE ( 'NONE', *, *, #2644, .F. ) ;
#2982 = VERTEX_POINT ( 'NONE', #3121 ) ;
#2983 = CIRCLE ( 'NONE', #1759, 1.074999999999999956 ) ;
#2984 = VECTOR ( 'NONE', #4487, 1000.000000000000000 ) ;
#2985 = CARTESIAN_POINT ( 'NONE',  ( 1.600065837180448369, -9.871159471975865074, 2.104719738587382150 ) ) ;
#2986 = DIRECTION ( 'NONE',  ( 1.000000000000000000, 0.000000000000000000, 0.000000000000000000 ) ) ;
#2987 = DIRECTION ( 'NONE',  ( 0.000000000000000000, 0.000000000000000000, 1.000000000000000000 ) ) ;
#2988 = ORIENTED_EDGE ( 'NONE', *, *, #3573, .F. ) ;
#2989 = LINE ( 'NONE', #2629, #2747 ) ;
#2990 = FACE_OUTER_BOUND ( 'NONE', #3072, .T. ) ;
#2991 = EDGE_CURVE ( 'NONE', #2617, #217, #1985, .T. ) ;
#2992 = CARTESIAN_POINT ( 'NONE',  ( 6.036215036775489651, 5.156726580865579557, -15.00000000000000000 ) ) ;
#2993 = ORIENTED_EDGE ( 'NONE', *, *, #2352, .T. ) ;
#2994 = DIRECTION ( 'NONE',  ( 0.000000000000000000, 0.000000000000000000, 1.000000000000000000 ) ) ;
#2995 = CARTESIAN_POINT ( 'NONE',  ( 7.611786486961200637, -2.255754303312975217, -15.00000000000000000 ) ) ;
#2996 = EDGE_CURVE ( 'NONE', #238, #2327, #2520, .T. ) ;
#2997 = ORIENTED_EDGE ( 'NONE', *, *, #1625, .T. ) ;
#2998 = ORIENTED_EDGE ( 'NONE', *, *, #3947, .T. ) ;
#2999 = DIRECTION ( 'NONE',  ( 0.000000000000000000, 0.000000000000000000, -1.000000000000000000 ) ) ;
#3000 = EDGE_CURVE ( 'NONE', #3098, #43, #266, .T. ) ;
#3001 = DIRECTION ( 'NONE',  ( 0.000000000000000000, 0.000000000000000000, 1.000000000000000000 ) ) ;
#3002 = VERTEX_POINT ( 'NONE', #194 ) ;
#3003 = VERTEX_POINT ( 'NONE', #2787 ) ;
#3004 = ADVANCED_FACE ( 'NONE', ( #2810, #221 ), #3838, .T. ) ;
#3005 = AXIS2_PLACEMENT_3D ( 'NONE', #4027, #30, #1501 ) ;
#3006 = ADVANCED_FACE ( 'NONE', ( #550 ), #2025, .T. ) ;
#3007 = CYLINDRICAL_SURFACE ( 'NONE', #137, 5.000000000000000000 ) ;
#3008 = CARTESIAN_POINT ( 'NONE',  ( -7.625892554966460679, -3.754432412510199768, -14.43900000000000006 ) ) ;
#3009 = ORIENTED_EDGE ( 'NONE', *, *, #2245, .T. ) ;
#3010 = AXIS2_PLACEMENT_3D ( 'NONE', #1689, #1660, #1310 ) ;
#3011 = CARTESIAN_POINT ( 'NONE',  ( -0.5838702176986789727, 6.210642285936860851, -15.00000000000000000 ) ) ;
#3012 = DIRECTION ( 'NONE',  ( 0.7431448254773862505, -0.6691306063588672304, 0.000000000000000000 ) ) ;
#3013 = CARTESIAN_POINT ( 'NONE',  ( -6.492092665173079702, -0.9188820722216890502, -15.00000000000000000 ) ) ;
#3014 = ORIENTED_EDGE ( 'NONE', *, *, #2392, .F. ) ;
#3015 = FACE_OUTER_BOUND ( 'NONE', #1489, .T. ) ;
#3016 = AXIS2_PLACEMENT_3D ( 'NONE', #1044, #2929, #699 ) ;
#3017 = FACE_OUTER_BOUND ( 'NONE', #2350, .T. ) ;
#3018 = VERTEX_POINT ( 'NONE', #3475 ) ;
#3019 = EDGE_LOOP ( 'NONE', ( #1040, #269, #3182, #2854 ) ) ;
#3020 = DIRECTION ( 'NONE',  ( 0.000000000000000000, 0.000000000000000000, 1.000000000000000000 ) ) ;
#3021 = EDGE_CURVE ( 'NONE', #3160, #1554, #4494, .T. ) ;
#3022 = AXIS2_PLACEMENT_3D ( 'NONE', #200, #3150, #228 ) ;
#3023 = CARTESIAN_POINT ( 'NONE',  ( 7.064380123506980524, 4.727000472871790038, -15.00000000000000000 ) ) ;
#3024 = CARTESIAN_POINT ( 'NONE',  ( -0.5838702176986739767, 6.210642285936756046, -5.000000000000000888 ) ) ;
#3025 = ORIENTED_EDGE ( 'NONE', *, *, #2644, .T. ) ;
#3026 = ORIENTED_EDGE ( 'NONE', *, *, #4012, .F. ) ;
#3027 = DIRECTION ( 'NONE',  ( 0.000000000000000000, 0.000000000000000000, 1.000000000000000000 ) ) ;
#3028 = EDGE_CURVE ( 'NONE', #3041, #1578, #529, .T. ) ;
#3029 = AXIS2_PLACEMENT_3D ( 'NONE', #106, #2010, #4171 ) ;
#3030 = CARTESIAN_POINT ( 'NONE',  ( 0.000000000000000000, 0.000000000000000000, -3.000000000000000888 ) ) ;
#3031 = EDGE_CURVE ( 'NONE', #532, #203, #172, .T. ) ;
#3032 = LINE ( 'NONE', #3721, #2403 ) ;
#3033 = EDGE_LOOP ( 'NONE', ( #2699, #3776, #2509, #1199, #642 ) ) ;
#3034 = DIRECTION ( 'NONE',  ( 1.000000000000000000, 0.000000000000000000, 0.000000000000000000 ) ) ;
#3035 = CARTESIAN_POINT ( 'NONE',  ( -3.178163014309964840, 5.367705458522730844, -15.00000000000000000 ) ) ;
#3036 = CARTESIAN_POINT ( 'NONE',  ( 6.678658115143289997, -5.257901271511410179, -14.43900000000409989 ) ) ;
#3037 = ORIENTED_EDGE ( 'NONE', *, *, #4712, .F. ) ;
#3038 = CARTESIAN_POINT ( 'NONE',  ( 5.792318625829885548, 3.072565112850949909, -5.000000000000000888 ) ) ;
#3039 = CARTESIAN_POINT ( 'NONE',  ( 7.611786486961230835, 2.255754303312869968, -15.00000000000000000 ) ) ;
#3040 = CIRCLE ( 'NONE', #2505, 8.500000000000001776 ) ;
#3041 = VERTEX_POINT ( 'NONE', #601 ) ;
#3042 = ORIENTED_EDGE ( 'NONE', *, *, #1267, .T. ) ;
#3043 = CARTESIAN_POINT ( 'NONE',  ( -1.557752724820036905, -9.878255010358389043, 2.420508697363916717 ) ) ;
#3044 = CARTESIAN_POINT ( 'NONE',  ( 7.064380123506980524, 4.727000472871790038, -14.43900000000408035 ) ) ;
#3045 = PRODUCT_CONTEXT ( 'NONE', #655, 'mechanical' ) ;
#3046 = CARTESIAN_POINT ( 'NONE',  ( -6.471215300770770007, -1.445547167183623971, -15.00000000000000000 ) ) ;
#3047 = CIRCLE ( 'NONE', #3883, 0.3926990816987240285 ) ;
#3048 = EDGE_CURVE ( 'NONE', #519, #849, #220, .T. ) ;
#3049 = EDGE_LOOP ( 'NONE', ( #2399, #184, #970, #4092 ) ) ;
#3050 = ORIENTED_EDGE ( 'NONE', *, *, #2150, .F. ) ;
#3051 = DIRECTION ( 'NONE',  ( 0.000000000000000000, 0.000000000000000000, 1.000000000000000000 ) ) ;
#3052 = AXIS2_PLACEMENT_3D ( 'NONE', #3080, #4146, #1197 ) ;
#3053 = AXIS2_PLACEMENT_3D ( 'NONE', #2007, #4241, #248 ) ;
#3054 = CARTESIAN_POINT ( 'NONE',  ( -5.006092110488720159, -3.721830707633684732, -5.000000000000000000 ) ) ;
#3055 = CARTESIAN_POINT ( 'NONE',  ( -6.492092665173079702, -0.9188820722216874959, -5.000000000000000888 ) ) ;
#3056 = AXIS2_PLACEMENT_3D ( 'NONE', #826, #2647, #122 ) ;
#3057 = VECTOR ( 'NONE', #1416, 1000.000000000000114 ) ;
#3058 = VERTEX_POINT ( 'NONE', #1352 ) ;
#3059 = EDGE_CURVE ( 'NONE', #4694, #385, #3548, .T. ) ;
#3060 = CARTESIAN_POINT ( 'NONE',  ( -6.115588681060450504, 1.229860609608968147, -15.00000000000000000 ) ) ;
#3061 = LINE ( 'NONE', #1552, #2593 ) ;
#3062 = CARTESIAN_POINT ( 'NONE',  ( -6.415585563879139919, -3.026466207034154809, -15.00000000000000000 ) ) ;
#3063 = ORIENTED_EDGE ( 'NONE', *, *, #4281, .F. ) ;
#3064 = FACE_OUTER_BOUND ( 'NONE', #742, .T. ) ;
#3065 = DIRECTION ( 'NONE',  ( 0.000000000000000000, 0.000000000000000000, -1.000000000000000000 ) ) ;
#3066 = EDGE_CURVE ( 'NONE', #1927, #85, #2295, .T. ) ;
#3067 = ORIENTED_EDGE ( 'NONE', *, *, #34, .T. ) ;
#3068 = ORIENTED_EDGE ( 'NONE', *, *, #145, .T. ) ;
#3069 = LINE ( 'NONE', #868, #3857 ) ;
#3070 = CARTESIAN_POINT ( 'NONE',  ( -5.277188226350579825, -3.348698915051464997, -15.00000000000000000 ) ) ;
#3071 = CARTESIAN_POINT ( 'NONE',  ( 0.000000000000000000, 0.000000000000000000, -15.00000000000000000 ) ) ;
#3072 = EDGE_LOOP ( 'NONE', ( #3195, #3635, #2954, #1210 ) ) ;
#3073 = ORIENTED_EDGE ( 'NONE', *, *, #4677, .F. ) ;
#3074 = LINE ( 'NONE', #3401, #4400 ) ;
#3075 = DIRECTION ( 'NONE',  ( 1.000000000000000000, 2.307929677645403387E-14, 0.000000000000000000 ) ) ;
#3076 = CARTESIAN_POINT ( 'NONE',  ( -5.226291285958121868, -6.469529696773341776, -14.62314041400565934 ) ) ;
#3077 = ORIENTED_EDGE ( 'NONE', *, *, #3730, .F. ) ;
#3078 = EDGE_CURVE ( 'NONE', #308, #3018, #4547, .T. ) ;
#3079 = DIRECTION ( 'NONE',  ( 0.000000000000000000, 0.000000000000000000, -1.000000000000000000 ) ) ;
#3080 = CARTESIAN_POINT ( 'NONE',  ( 0.000000000000000000, 0.000000000000000000, -15.00000000000000000 ) ) ;
#3081 = LINE ( 'NONE', #810, #189 ) ;
#3082 = ORIENTED_EDGE ( 'NONE', *, *, #3639, .F. ) ;
#3083 = EDGE_CURVE ( 'NONE', #3357, #251, #377, .T. ) ;
#3084 = DIRECTION ( 'NONE',  ( 1.000000000000000000, -2.208718528794109349E-15, 0.000000000000000000 ) ) ;
#3085 = B_SPLINE_CURVE_WITH_KNOTS ( 'NONE', 3,
 ( #318, #1765, #3216, #682, #1076, #4001, #343, #1097, #3983, #1049, #297, #3286, #2170, #4652, #3258, #2531, #1807, #2504, #3605, #1783, #4024, #3650, #2123, #2551, #4674, #2222, #3190, #1386, #4720, #755 ),
 .UNSPECIFIED., .F., .F.,
 ( 4, 2, 2, 2, 2, 2, 2, 2, 2, 2, 2, 2, 2, 2, 4 ),
 ( 0.000000000000000000, 0.0003271820048245432976, 0.0006543640096490865952, 0.001308728019298173190, 0.001635910024122716380, 0.001963092028947260002, 0.002290274033771803192, 0.002617456038596346381, 0.002944638043420889570, 0.003271820048245432759, 0.003599002053069976382, 0.003926184057894520005, 0.004253366062719063194, 0.004580548067543606383, 0.005234912077192692761 ),
 .UNSPECIFIED. ) ;
#3086 = LINE ( 'NONE', #1557, #2374 ) ;
#3087 = ADVANCED_FACE ( 'NONE', ( #1023 ), #1093, .F. ) ;
#3088 = VERTEX_POINT ( 'NONE', #3952 ) ;
#3089 = EDGE_LOOP ( 'NONE', ( #467, #2489, #3879, #3124, #2079 ) ) ;
#3090 = DIRECTION ( 'NONE',  ( 0.000000000000000000, 0.000000000000000000, 1.000000000000000000 ) ) ;
#3091 = CARTESIAN_POINT ( 'NONE',  ( 1.271961401720214990, -9.918948490093512760, 1.023782800820636885 ) ) ;
#3092 = DIRECTION ( 'NONE',  ( 0.000000000000000000, 0.000000000000000000, 1.000000000000000000 ) ) ;
#3093 = ORIENTED_EDGE ( 'NONE', *, *, #2346, .F. ) ;
#3094 = VERTEX_POINT ( 'NONE', #3213 ) ;
#3095 = DIRECTION ( 'NONE',  ( 0.000000000000000000, 0.000000000000000000, 1.000000000000000000 ) ) ;
#3096 = CARTESIAN_POINT ( 'NONE',  ( -6.415585563879139919, -3.026466207034154809, -5.000000000000000000 ) ) ;
#3097 = CARTESIAN_POINT ( 'NONE',  ( 0.000000000000000000, 0.000000000000000000, -14.43900000000000006 ) ) ;
#3098 = VERTEX_POINT ( 'NONE', #1403 ) ;
#3099 = AXIS2_PLACEMENT_3D ( 'NONE', #1814, #2679, #4103 ) ;
#3100 = CARTESIAN_POINT ( 'NONE',  ( 1.214147014147806125, 8.412838226660879215, -14.43900000000409989 ) ) ;
#3101 = DIRECTION ( 'NONE',  ( 0.000000000000000000, 0.000000000000000000, -1.000000000000000000 ) ) ;
#3102 = DIRECTION ( 'NONE',  ( 0.000000000000000000, 0.000000000000000000, -1.000000000000000000 ) ) ;
#3103 = EDGE_CURVE ( 'NONE', #341, #1418, #3980, .T. ) ;
#3104 = ORIENTED_EDGE ( 'NONE', *, *, #808, .T. ) ;
#3105 = DIRECTION ( 'NONE',  ( -0.9135454576426006446, 0.4067366430758008744, 0.000000000000000000 ) ) ;
#3106 = DIRECTION ( 'NONE',  ( 0.000000000000000000, 0.000000000000000000, 1.000000000000000000 ) ) ;
#3107 = ADVANCED_FACE ( 'NONE', ( #2908 ), #3601, .T. ) ;
#3108 = AXIS2_PLACEMENT_3D ( 'NONE', #2094, #929, #4234 ) ;
#3109 = ORIENTED_EDGE ( 'NONE', *, *, #531, .T. ) ;
#3110 = CYLINDRICAL_SURFACE ( 'NONE', #2732, 8.500000000000000000 ) ;
#3111 = EDGE_CURVE ( 'NONE', #1418, #1065, #4728, .T. ) ;
#3112 = VECTOR ( 'NONE', #3540, 1000.000000000000000 ) ;
#3113 = DIRECTION ( 'NONE',  ( 1.000000000000000000, 0.000000000000000000, 0.000000000000000000 ) ) ;
#3114 = DIRECTION ( 'NONE',  ( -0.000000000000000000, -0.000000000000000000, -1.000000000000000000 ) ) ;
#3115 = ORIENTED_EDGE ( 'NONE', *, *, #3932, .T. ) ;
#3116 = CIRCLE ( 'NONE', #4411, 3.946090011793464747 ) ;
#3117 = ORIENTED_EDGE ( 'NONE', *, *, #1361, .F. ) ;
#3118 = CARTESIAN_POINT ( 'NONE',  ( -5.000000000000000000, 0.000000000000000000, -3.000000000000000888 ) ) ;
#3119 = SURFACE_STYLE_USAGE ( .BOTH. , #621 ) ;
#3120 = CIRCLE ( 'NONE', #2665, 7.939000000000000057 ) ;
#3121 = CARTESIAN_POINT ( 'NONE',  ( 5.000000000000000000, 6.123233995736766282E-16, -3.000000000000000888 ) ) ;
#3122 = DIRECTION ( 'NONE',  ( 0.000000000000000000, 0.000000000000000000, 1.000000000000000000 ) ) ;
#3123 = ORIENTED_EDGE ( 'NONE', *, *, #3984, .F. ) ;
#3124 = ORIENTED_EDGE ( 'NONE', *, *, #1599, .T. ) ;
#3125 = AXIS2_PLACEMENT_3D ( 'NONE', #2935, #1837, #319 ) ;
#3126 = DIRECTION ( 'NONE',  ( 0.000000000000000000, 0.000000000000000000, 1.000000000000000000 ) ) ;
#3127 = DIRECTION ( 'NONE',  ( 0.000000000000000000, 0.000000000000000000, -1.000000000000000000 ) ) ;
#3128 = AXIS2_PLACEMENT_3D ( 'NONE', #3816, #2362, #4597 ) ;
#3129 = AXIS2_PLACEMENT_3D ( 'NONE', #1870, #1162, #3296 ) ;
#3130 = CARTESIAN_POINT ( 'NONE',  ( 4.224721244881417981, -4.589630969700079000, -5.000000000000000888 ) ) ;
#3131 = ORIENTED_EDGE ( 'NONE', *, *, #3549, .T. ) ;
#3132 = AXIS2_PLACEMENT_3D ( 'NONE', #1142, #4049, #1876 ) ;
#3133 = FACE_OUTER_BOUND ( 'NONE', #3221, .T. ) ;
#3134 = EDGE_CURVE ( 'NONE', #1854, #1973, #1834, .T. ) ;
#3135 = DIRECTION ( 'NONE',  ( 0.000000000000000000, 0.000000000000000000, -1.000000000000000000 ) ) ;
#3136 = VERTEX_POINT ( 'NONE', #315 ) ;
#3137 = LINE ( 'NONE', #1324, #746 ) ;
#3138 = EDGE_CURVE ( 'NONE', #873, #4538, #2547, .T. ) ;
#3139 = DIRECTION ( 'NONE',  ( 1.000000000000000000, -8.972919023226069598E-16, 0.000000000000000000 ) ) ;
#3140 = DIRECTION ( 'NONE',  ( 1.000000000000000000, 0.000000000000000000, 0.000000000000000000 ) ) ;
#3141 = ORIENTED_EDGE ( 'NONE', *, *, #1193, .T. ) ;
#3142 = ORIENTED_EDGE ( 'NONE', *, *, #2392, .T. ) ;
#3143 = FACE_OUTER_BOUND ( 'NONE', #2263, .T. ) ;
#3144 = CARTESIAN_POINT ( 'NONE',  ( -6.471215300770750467, 1.445547167183711901, -5.000000000000000000 ) ) ;
#3145 = LINE ( 'NONE', #4577, #1493 ) ;
#3146 = VERTEX_POINT ( 'NONE', #4311 ) ;
#3147 = EDGE_CURVE ( 'NONE', #118, #1777, #293, .T. ) ;
#3148 = CARTESIAN_POINT ( 'NONE',  ( 1.310726060248280422, -8.212851654455951333, -14.62314041400566822 ) ) ;
#3149 = CARTESIAN_POINT ( 'NONE',  ( 0.2068215526980385077, 7.936305553929969392, -15.00000000000000000 ) ) ;
#3150 = DIRECTION ( 'NONE',  ( 0.000000000000000000, 0.000000000000000000, -1.000000000000000000 ) ) ;
#3151 = EDGE_LOOP ( 'NONE', ( #3225, #568, #259, #3625 ) ) ;
#3152 = CYLINDRICAL_SURFACE ( 'NONE', #2515, 8.500000000000000000 ) ;
#3153 = CARTESIAN_POINT ( 'NONE',  ( 0.000000000000000000, 0.000000000000000000, -3.000000000000000888 ) ) ;
#3154 = ORIENTED_EDGE ( 'NONE', *, *, #4274, .F. ) ;
#3155 = DIRECTION ( 'NONE',  ( 1.000000000000000000, 0.000000000000000000, 0.000000000000000000 ) ) ;
#3156 = FACE_OUTER_BOUND ( 'NONE', #3189, .T. ) ;
#3157 = DIRECTION ( 'NONE',  ( 0.000000000000000000, 0.000000000000000000, 1.000000000000000000 ) ) ;
#3158 = ORIENTED_EDGE ( 'NONE', *, *, #855, .T. ) ;
#3159 = ADVANCED_FACE ( 'NONE', ( #1471 ), #676, .F. ) ;
#3160 = VERTEX_POINT ( 'NONE', #648 ) ;
#3161 = CYLINDRICAL_SURFACE ( 'NONE', #1891, 0.3926990816987240285 ) ;
#3162 = DIRECTION ( 'NONE',  ( 1.000000000000000000, 0.000000000000000000, 0.000000000000000000 ) ) ;
#3163 = DIRECTION ( 'NONE',  ( 0.000000000000000000, 0.000000000000000000, -1.000000000000000000 ) ) ;
#3164 = DIRECTION ( 'NONE',  ( 1.000000000000000000, 0.000000000000000000, 0.000000000000000000 ) ) ;
#3165 = EDGE_CURVE ( 'NONE', #3617, #341, #1104, .T. ) ;
#3166 = ORIENTED_EDGE ( 'NONE', *, *, #531, .F. ) ;
#3167 = CIRCLE ( 'NONE', #490, 3.946090011793464747 ) ;
#3168 = DIRECTION ( 'NONE',  ( 0.000000000000000000, 0.000000000000000000, -1.000000000000000000 ) ) ;
#3169 = ADVANCED_FACE ( 'NONE', ( #2879 ), #2146, .F. ) ;
#3170 = CARTESIAN_POINT ( 'NONE',  ( 4.224721244881484594, 4.589630969700020380, -15.00000000000000000 ) ) ;
#3171 = FACE_OUTER_BOUND ( 'NONE', #3049, .T. ) ;
#3172 = CIRCLE ( 'NONE', #1121, 8.500000000000001776 ) ;
#3173 = ORIENTED_EDGE ( 'NONE', *, *, #3203, .F. ) ;
#3174 = ORIENTED_EDGE ( 'NONE', *, *, #860, .F. ) ;
#3175 = CARTESIAN_POINT ( 'NONE',  ( -6.304564774301699259, 1.801131433982190222, -15.00000000000000000 ) ) ;
#3176 = DIRECTION ( 'NONE',  ( 0.000000000000000000, 0.000000000000000000, 1.000000000000000000 ) ) ;
#3177 = EDGE_LOOP ( 'NONE', ( #4155, #1136, #477, #4725 ) ) ;
#3178 = CARTESIAN_POINT ( 'NONE',  ( 1.983727081235675094, -6.327010427417870453, -15.00000000000000000 ) ) ;
#3179 = CARTESIAN_POINT ( 'NONE',  ( -7.767901200396027939, 2.971303761650687214, -14.62314041400568598 ) ) ;
#3180 = DIRECTION ( 'NONE',  ( 1.000000000000000000, 0.000000000000000000, 0.000000000000000000 ) ) ;
#3181 = ORIENTED_EDGE ( 'NONE', *, *, #1544, .F. ) ;
#3182 = ORIENTED_EDGE ( 'NONE', *, *, #3699, .F. ) ;
#3183 = CARTESIAN_POINT ( 'NONE',  ( 5.792318625829880219, 3.072565112850955238, -15.00000000000000000 ) ) ;
#3184 = VECTOR ( 'NONE', #2001, 1000.000000000000000 ) ;
#3185 = CARTESIAN_POINT ( 'NONE',  ( -0.2352398704040684907, 6.552577633207929075, -15.00000000000000000 ) ) ;
#3186 = EDGE_CURVE ( 'NONE', #1763, #791, #2119, .T. ) ;
#3187 = DIRECTION ( 'NONE',  ( 0.000000000000000000, 0.000000000000000000, -1.000000000000000000 ) ) ;
#3188 = CIRCLE ( 'NONE', #4331, 3.946090011793464747 ) ;
#3189 = EDGE_LOOP ( 'NONE', ( #947, #3841, #4510, #4328, #476 ) ) ;
#3190 = CARTESIAN_POINT ( 'NONE',  ( 0.7281346618913403512, -2.025483699206028998, 0.5713892692891014979 ) ) ;
#3191 = DIRECTION ( 'NONE',  ( 0.000000000000000000, 0.000000000000000000, 1.000000000000000000 ) ) ;
#3192 = CARTESIAN_POINT ( 'NONE',  ( -0.7201538861514790169, -6.196318295184919833, -15.00000000000000000 ) ) ;
#3193 = CIRCLE ( 'NONE', #215, 3.946090011793464747 ) ;
#3194 = AXIS2_PLACEMENT_3D ( 'NONE', #153, #2248, #784 ) ;
#3195 = ORIENTED_EDGE ( 'NONE', *, *, #1688, .F. ) ;
#3196 = EDGE_CURVE ( 'NONE', #4211, #1144, #4419, .T. ) ;
#3197 = ORIENTED_EDGE ( 'NONE', *, *, #615, .F. ) ;
#3198 = DIRECTION ( 'NONE',  ( 1.000000000000000000, 0.000000000000000000, 0.000000000000000000 ) ) ;
#3199 = AXIS2_PLACEMENT_3D ( 'NONE', #2767, #2430, #2097 ) ;
#3200 = AXIS2_PLACEMENT_3D ( 'NONE', #576, #604, #3822 ) ;
#3201 = DIRECTION ( 'NONE',  ( -0.000000000000000000, -0.000000000000000000, -1.000000000000000000 ) ) ;
#3202 = CIRCLE ( 'NONE', #3819, 0.3926990816987240285 ) ;
#3203 = EDGE_CURVE ( 'NONE', #1306, #4630, #70, .T. ) ;
#3204 = VECTOR ( 'NONE', #4373, 1000.000000000000000 ) ;
#3205 = VERTEX_POINT ( 'NONE', #4021 ) ;
#3206 = CARTESIAN_POINT ( 'NONE',  ( 0.000000000000000000, 0.000000000000000000, -14.43900000000000006 ) ) ;
#3207 = ADVANCED_FACE ( 'NONE', ( #749 ), #2217, .F. ) ;
#3208 = CARTESIAN_POINT ( 'NONE',  ( 6.029257564594869834, 2.759399808157179557, -15.00000000000000000 ) ) ;
#3209 = VERTEX_POINT ( 'NONE', #2478 ) ;
#3210 = ORIENTED_EDGE ( 'NONE', *, *, #596, .T. ) ;
#3211 = CARTESIAN_POINT ( 'NONE',  ( 0.000000000000000000, 0.000000000000000000, -5.000000000000000888 ) ) ;
#3212 = CARTESIAN_POINT ( 'NONE',  ( 6.904627332918099825, 1.626455416940325138, -5.000000000000000000 ) ) ;
#3213 = CARTESIAN_POINT ( 'NONE',  ( 5.670509102288570524, 2.599674701928095022, -15.00000000000000000 ) ) ;
#3214 = ORIENTED_EDGE ( 'NONE', *, *, #1157, .T. ) ;
#3215 = VERTEX_POINT ( 'NONE', #3930 ) ;
#3216 = CARTESIAN_POINT ( 'NONE',  ( 0.2191308951174071040, -2.141484208475397555, 3.588607860357639900 ) ) ;
#3217 = CARTESIAN_POINT ( 'NONE',  ( -0.7309333169814279385, -2.024472293311183169, 3.427179259994528771 ) ) ;
#3218 = DIRECTION ( 'NONE',  ( 0.000000000000000000, 0.000000000000000000, 1.000000000000000000 ) ) ;
#3219 = ORIENTED_EDGE ( 'NONE', *, *, #2533, .F. ) ;
#3220 = ADVANCED_FACE ( 'NONE', ( #3572 ), #75, .F. ) ;
#3221 = EDGE_LOOP ( 'NONE', ( #650, #2834, #2729, #1410 ) ) ;
#3222 = DIRECTION ( 'NONE',  ( 1.000000000000000000, 0.000000000000000000, 0.000000000000000000 ) ) ;
#3223 = FACE_OUTER_BOUND ( 'NONE', #552, .T. ) ;
#3224 = EDGE_CURVE ( 'NONE', #752, #3294, #4448, .T. ) ;
#3225 = ORIENTED_EDGE ( 'NONE', *, *, #2145, .F. ) ;
#3226 = CARTESIAN_POINT ( 'NONE',  ( 4.712107964534140159, 4.559347537358659608, -15.00000000000000000 ) ) ;
#3227 = LINE ( 'NONE', #4685, #3057 ) ;
#3228 = ADVANCED_FACE ( 'NONE', ( #1519 ), #871, .T. ) ;
#3229 = VERTEX_POINT ( 'NONE', #4496 ) ;
#3230 = EDGE_LOOP ( 'NONE', ( #1400, #3686, #4051, #3505 ) ) ;
#3231 = DIRECTION ( 'NONE',  ( 0.000000000000000000, 0.000000000000000000, 1.000000000000000000 ) ) ;
#3232 = VECTOR ( 'NONE', #1929, 1000.000000000000000 ) ;
#3233 = CARTESIAN_POINT ( 'NONE',  ( -5.439534267940669743, 6.531574614738720364, -14.43900000000000006 ) ) ;
#3234 = CARTESIAN_POINT ( 'NONE',  ( -2.863138239108714789, -5.776310017815849740, -15.00000000000000000 ) ) ;
#3235 = ORIENTED_EDGE ( 'NONE', *, *, #1855, .F. ) ;
#3236 = ORIENTED_EDGE ( 'NONE', *, *, #4692, .F. ) ;
#3237 = CARTESIAN_POINT ( 'NONE',  ( 0.000000000000000000, 0.000000000000000000, -5.000000000000000888 ) ) ;
#3238 = CARTESIAN_POINT ( 'NONE',  ( -1.432579118542124608, -1.604138830592159781, 2.719929221436122813 ) ) ;
#3239 = CARTESIAN_POINT ( 'NONE',  ( -0.6520120519250369728, 6.203480290560899668, -5.000000000000000000 ) ) ;
#3240 = ORIENTED_EDGE ( 'NONE', *, *, #489, .T. ) ;
#3241 = ORIENTED_EDGE ( 'NONE', *, *, #4135, .F. ) ;
#3242 = CARTESIAN_POINT ( 'NONE',  ( 6.084994458946449747, -2.634212693780309866, -15.00000000000000000 ) ) ;
#3243 = CARTESIAN_POINT ( 'NONE',  ( 4.487488219535119782, 4.881463260234149892, -5.000000000000000000 ) ) ;
#3244 = ADVANCED_FACE ( 'NONE', ( #1235 ), #2300, .T. ) ;
#3245 = CIRCLE ( 'NONE', #486, 4.000000000000000000 ) ;
#3246 = VERTEX_POINT ( 'NONE', #3024 ) ;
#3247 = CIRCLE ( 'NONE', #2646, 0.3926990816987240285 ) ;
#3248 = CARTESIAN_POINT ( 'NONE',  ( 0.000000000000000000, 0.000000000000000000, -14.43900000000000006 ) ) ;
#3249 = LINE ( 'NONE', #790, #681 ) ;
#3250 = EDGE_LOOP ( 'NONE', ( #3981, #3456, #408, #262 ) ) ;
#3251 = ORIENTED_EDGE ( 'NONE', *, *, #3779, .T. ) ;
#3252 = DIRECTION ( 'NONE',  ( 1.000000000000000000, 0.000000000000000000, 0.000000000000000000 ) ) ;
#3253 = ADVANCED_FACE ( 'NONE', ( #2332 ), #2688, .T. ) ;
#3254 = DIRECTION ( 'NONE',  ( 0.000000000000000000, 0.000000000000000000, -1.000000000000000000 ) ) ;
#3255 = DIRECTION ( 'NONE',  ( -0.3090169943749576098, -0.9510565162951502005, 0.000000000000000000 ) ) ;
#3256 = ORIENTED_EDGE ( 'NONE', *, *, #3083, .T. ) ;
#3257 = ORIENTED_EDGE ( 'NONE', *, *, #2357, .T. ) ;
#3258 = CARTESIAN_POINT ( 'NONE',  ( 1.599996451492185390, -1.436144615016406112, 2.109235182035188227 ) ) ;
#3259 = AXIS2_PLACEMENT_3D ( 'NONE', #2876, #3280, #3643 ) ;
#3260 = DIRECTION ( 'NONE',  ( 1.000000000000000000, 0.000000000000000000, 0.000000000000000000 ) ) ;
#3261 = CARTESIAN_POINT ( 'NONE',  ( 6.678658115148280672, 5.257901271511680186, -14.43900000000000006 ) ) ;
#3262 = VERTEX_POINT ( 'NONE', #4402 ) ;
#3263 = VECTOR ( 'NONE', #2994, 1000.000000000000000 ) ;
#3264 = DIRECTION ( 'NONE',  ( 1.000000000000000000, 0.000000000000000000, 0.000000000000000000 ) ) ;
#3265 = DIRECTION ( 'NONE',  ( 1.000000000000000000, 0.000000000000000000, 0.000000000000000000 ) ) ;
#3266 = CARTESIAN_POINT ( 'NONE',  ( -10.00000000000000000, 0.000000000000000000, -3.000000000000000888 ) ) ;
#3267 = AXIS2_PLACEMENT_3D ( 'NONE', #4661, #1676, #3942 ) ;
#3268 = AXIS2_PLACEMENT_3D ( 'NONE', #4727, #4031, #4368 ) ;
#3269 = CARTESIAN_POINT ( 'NONE',  ( 4.530988068736780505, -7.191672067113150213, -15.00000000000000000 ) ) ;
#3270 = ORIENTED_EDGE ( 'NONE', *, *, #3028, .T. ) ;
#3271 = AXIS2_PLACEMENT_3D ( 'NONE', #2103, #3459, #3866 ) ;
#3272 = EDGE_CURVE ( 'NONE', #4087, #1768, #2983, .T. ) ;
#3273 = AXIS2_PLACEMENT_3D ( 'NONE', #4362, #3678, #4315 ) ;
#3274 = CARTESIAN_POINT ( 'NONE',  ( 8.376276677047611585, -1.444987553423326077, -14.43900000000000006 ) ) ;
#3275 = LINE ( 'NONE', #4422, #3204 ) ;
#3276 = VECTOR ( 'NONE', #3453, 1000.000000000000000 ) ;
#3277 = AXIS2_PLACEMENT_3D ( 'NONE', #406, #4394, #4706 ) ;
#3278 = ORIENTED_EDGE ( 'NONE', *, *, #2175, .T. ) ;
#3279 = EDGE_LOOP ( 'NONE', ( #2621, #4143, #4288, #4057 ) ) ;
#3280 = DIRECTION ( 'NONE',  ( 0.000000000000000000, 0.000000000000000000, 1.000000000000000000 ) ) ;
#3281 = EDGE_CURVE ( 'NONE', #1144, #3982, #3514, .T. ) ;
#3282 = CARTESIAN_POINT ( 'NONE',  ( 5.828789400926299713, -4.042826974954945030, -5.000000000000000000 ) ) ;
#3283 = CARTESIAN_POINT ( 'NONE',  ( 4.530988068736730767, 7.191672067118010325, -14.43900000000000006 ) ) ;
#3284 = ORIENTED_EDGE ( 'NONE', *, *, #2366, .F. ) ;
#3285 = EDGE_LOOP ( 'NONE', ( #2372, #3640, #1168, #823 ) ) ;
#3286 = CARTESIAN_POINT ( 'NONE',  ( 1.512701253223196041, -1.528822721927131090, 2.531372429682980041 ) ) ;
#3287 = CARTESIAN_POINT ( 'NONE',  ( -1.067450400060761417, -1.868144474609372496, 3.196086176199095963 ) ) ;
#3288 = DIRECTION ( 'NONE',  ( 1.000000000000000000, 0.000000000000000000, 0.000000000000000000 ) ) ;
#3289 = VERTEX_POINT ( 'NONE', #46 ) ;
#3290 = CARTESIAN_POINT ( 'NONE',  ( 3.766993424044029481, -7.414762008744641975, -14.62314041400566822 ) ) ;
#3291 = CARTESIAN_POINT ( 'NONE',  ( 1.983727081235760137, 6.327010427417840255, -15.00000000000000000 ) ) ;
#3292 = CARTESIAN_POINT ( 'NONE',  ( -0.6520120519251210167, -6.203480290560889898, -5.000000000000000000 ) ) ;
#3293 = FACE_BOUND ( 'NONE', #595, .T. ) ;
#3294 = VERTEX_POINT ( 'NONE', #3715 ) ;
#3295 = LINE ( 'NONE', #3226, #206 ) ;
#3296 = DIRECTION ( 'NONE',  ( 1.000000000000000000, 0.000000000000000000, 0.000000000000000000 ) ) ;
#3297 = ORIENTED_EDGE ( 'NONE', *, *, #4210, .T. ) ;
#3298 = ORIENTED_EDGE ( 'NONE', *, *, #4598, .T. ) ;
#3299 = CARTESIAN_POINT ( 'NONE',  ( 2.450271114960416163, -6.081758207873381394, -5.000000000000000888 ) ) ;
#3300 = PLANE ( 'NONE',  #99 ) ;
#3301 = CIRCLE ( 'NONE', #786, 0.3926990816987240285 ) ;
#3302 = CARTESIAN_POINT ( 'NONE',  ( 6.237650794268060572, -0.3926990816987240285, -15.00000000000000000 ) ) ;
#3303 = EDGE_CURVE ( 'NONE', #308, #2211, #1912, .T. ) ;
#3304 = ORIENTED_EDGE ( 'NONE', *, *, #3554, .F. ) ;
#3305 = ORIENTED_EDGE ( 'NONE', *, *, #1131, .F. ) ;
#3306 = DIRECTION ( 'NONE',  ( 1.000000000000000000, 0.000000000000000000, 0.000000000000000000 ) ) ;
#3307 = CARTESIAN_POINT ( 'NONE',  ( -2.989631424965061512, -7.760865869600421796, -14.62314041400844644 ) ) ;
#3308 = VECTOR ( 'NONE', #3473, 1000.000000000000000 ) ;
#3309 = ADVANCED_FACE ( 'NONE', ( #4069 ), #1494, .F. ) ;
#3310 = CARTESIAN_POINT ( 'NONE',  ( 0.000000000000000000, 0.000000000000000000, -14.43900000000000006 ) ) ;
#3311 = ORIENTED_EDGE ( 'NONE', *, *, #3048, .F. ) ;
#3312 = DIRECTION ( 'NONE',  ( 1.000000000000000000, 0.000000000000000000, 0.000000000000000000 ) ) ;
#3313 = EDGE_CURVE ( 'NONE', #1629, #3455, #1456, .T. ) ;
#3314 = CARTESIAN_POINT ( 'NONE',  ( 5.726245996640190405, 2.474487587551144951, -15.00000000000000000 ) ) ;
#3315 = DIRECTION ( 'NONE',  ( 0.000000000000000000, 0.000000000000000000, 1.000000000000000000 ) ) ;
#3316 = CARTESIAN_POINT ( 'NONE',  ( 0.000000000000000000, 0.000000000000000000, 6.999999999999999112 ) ) ;
#3317 = CIRCLE ( 'NONE', #4456, 0.3926990816987240285 ) ;
#3318 = ORIENTED_EDGE ( 'NONE', *, *, #1773, .T. ) ;
#3319 = FACE_OUTER_BOUND ( 'NONE', #2926, .T. ) ;
#3320 = AXIS2_PLACEMENT_3D ( 'NONE', #1767, #3218, #1669 ) ;
#3321 = FACE_OUTER_BOUND ( 'NONE', #506, .T. ) ;
#3322 = VERTEX_POINT ( 'NONE', #1970 ) ;
#3323 = AXIS2_PLACEMENT_3D ( 'NONE', #3808, #1484, #765 ) ;
#3324 = ORIENTED_EDGE ( 'NONE', *, *, #4450, .T. ) ;
#3325 = CARTESIAN_POINT ( 'NONE',  ( -0.8030909492393369931, -9.968079036622167877, 0.6122340608191084721 ) ) ;
#3326 = DIRECTION ( 'NONE',  ( 1.000000000000000000, 0.000000000000000000, 0.000000000000000000 ) ) ;
#3327 = EDGE_LOOP ( 'NONE', ( #1705, #4167 ) ) ;
#3328 = ORIENTED_EDGE ( 'NONE', *, *, #4075, .T. ) ;
#3329 = EDGE_CURVE ( 'NONE', #1774, #718, #1230, .T. ) ;
#3330 = CARTESIAN_POINT ( 'NONE',  ( 8.239838897039566845, 2.086876841319059039, -5.000000000000000888 ) ) ;
#3331 = DIRECTION ( 'NONE',  ( 0.000000000000000000, 0.000000000000000000, 1.000000000000000000 ) ) ;
#3332 = DIRECTION ( 'NONE',  ( -0.000000000000000000, -0.000000000000000000, 1.000000000000000000 ) ) ;
#3333 = AXIS2_PLACEMENT_3D ( 'NONE', #2407, #3856, #2477 ) ;
#3334 = ORIENTED_EDGE ( 'NONE', *, *, #557, .T. ) ;
#3335 = ADVANCED_FACE ( 'NONE', ( #2952 ), #432, .T. ) ;
#3336 = VECTOR ( 'NONE', #256, 1000.000000000000000 ) ;
#3337 = DIRECTION ( 'NONE',  ( 0.000000000000000000, 0.000000000000000000, 1.000000000000000000 ) ) ;
#3338 = DIRECTION ( 'NONE',  ( 0.000000000000000000, 0.000000000000000000, 1.000000000000000000 ) ) ;
#3339 = CARTESIAN_POINT ( 'NONE',  ( -6.078516219072019666, 1.445547167183711901, -15.00000000000000000 ) ) ;
#3340 = AXIS2_PLACEMENT_3D ( 'NONE', #3248, #1818, #40 ) ;
#3341 = ORIENTED_EDGE ( 'NONE', *, *, #2389, .F. ) ;
#3342 = ADVANCED_FACE ( 'NONE', ( #3765 ), #796, .F. ) ;
#3343 = DIRECTION ( 'NONE',  ( 1.000000000000000000, 0.000000000000000000, 0.000000000000000000 ) ) ;
#3344 = AXIS2_PLACEMENT_3D ( 'NONE', #3633, #1483, #1843 ) ;
#3345 = VECTOR ( 'NONE', #710, 1000.000000000000000 ) ;
#3346 = DIRECTION ( 'NONE',  ( 0.000000000000000000, 0.000000000000000000, -1.000000000000000000 ) ) ;
#3347 = EDGE_CURVE ( 'NONE', #4, #4737, #1532, .T. ) ;
#3348 = ORIENTED_EDGE ( 'NONE', *, *, #413, .T. ) ;
#3349 = AXIS2_PLACEMENT_3D ( 'NONE', #3243, #4702, #443 ) ;
#3350 = CIRCLE ( 'NONE', #835, 0.3926990816987240285 ) ;
#3351 = VERTEX_POINT ( 'NONE', #1586 ) ;
#3352 = CARTESIAN_POINT ( 'NONE',  ( -0.5164557391075935699, -9.987126148731702457, 3.517981837614441165 ) ) ;
#3353 = EDGE_CURVE ( 'NONE', #816, #2461, #4731, .T. ) ;
#3354 = AXIS2_PLACEMENT_3D ( 'NONE', #78, #1570, #2672 ) ;
#3355 = CIRCLE ( 'NONE', #2829, 8.500000000000001776 ) ;
#3356 = DIRECTION ( 'NONE',  ( 1.000000000000000000, 0.000000000000000000, 0.000000000000000000 ) ) ;
#3357 = VERTEX_POINT ( 'NONE', #524 ) ;
#3358 = VERTEX_POINT ( 'NONE', #1277 ) ;
#3359 = VECTOR ( 'NONE', #2381, 1000.000000000000000 ) ;
#3360 = CIRCLE ( 'NONE', #3733, 8.500000000000001776 ) ;
#3361 = CARTESIAN_POINT ( 'NONE',  ( -3.661195444389584885, 5.439417188801161096, -15.00000000000000000 ) ) ;
#3362 = CARTESIAN_POINT ( 'NONE',  ( -4.832165513222579811, -6.299039407149510161, -15.00000000000000000 ) ) ;
#3363 = ORIENTED_EDGE ( 'NONE', *, *, #2099, .T. ) ;
#3364 = DIRECTION ( 'NONE',  ( -1.000000000000000000, 0.000000000000000000, 0.000000000000000000 ) ) ;
#3365 = DIRECTION ( 'NONE',  ( 0.000000000000000000, 0.000000000000000000, 1.000000000000000000 ) ) ;
#3366 = DIRECTION ( 'NONE',  ( 1.000000000000000000, 0.000000000000000000, 0.000000000000000000 ) ) ;
#3367 = EDGE_CURVE ( 'NONE', #651, #91, #2373, .T. ) ;
#3368 = ORIENTED_EDGE ( 'NONE', *, *, #747, .F. ) ;
#3369 = CARTESIAN_POINT ( 'NONE',  ( 5.828789400926299713, -4.042826974954945030, -15.00000000000000000 ) ) ;
#3370 = DIRECTION ( 'NONE',  ( 0.000000000000000000, 0.000000000000000000, -1.000000000000000000 ) ) ;
#3371 = EDGE_CURVE ( 'NONE', #4336, #3455, #3878, .T. ) ;
#3372 = ORIENTED_EDGE ( 'NONE', *, *, #2507, .F. ) ;
#3373 = ORIENTED_EDGE ( 'NONE', *, *, #1267, .F. ) ;
#3374 = FACE_OUTER_BOUND ( 'NONE', #1137, .T. ) ;
#3375 = CARTESIAN_POINT ( 'NONE',  ( -3.255837320807440260, -5.776310017815849740, -15.00000000000000000 ) ) ;
#3376 = DIRECTION ( 'NONE',  ( 0.000000000000000000, 0.000000000000000000, 1.000000000000000000 ) ) ;
#3377 = ORIENTED_EDGE ( 'NONE', *, *, #2268, .T. ) ;
#3378 = VERTEX_POINT ( 'NONE', #3853 ) ;
#3379 = AXIS2_PLACEMENT_3D ( 'NONE', #79, #2717, #3749 ) ;
#3380 = DIRECTION ( 'NONE',  ( 0.000000000000000000, 0.000000000000000000, 1.000000000000000000 ) ) ;
#3381 = LINE ( 'NONE', #853, #1704 ) ;
#3382 = EDGE_LOOP ( 'NONE', ( #2140, #3811, #1635, #4299 ) ) ;
#3383 = FACE_OUTER_BOUND ( 'NONE', #4306, .T. ) ;
#3384 = DIRECTION ( 'NONE',  ( 0.000000000000000000, 0.000000000000000000, 1.000000000000000000 ) ) ;
#3385 = FACE_OUTER_BOUND ( 'NONE', #2382, .T. ) ;
#3386 = AXIS2_PLACEMENT_3D ( 'NONE', #551, #1662, #2811 ) ;
#3387 = ORIENTED_EDGE ( 'NONE', *, *, #1472, .F. ) ;
#3388 = LINE ( 'NONE', #3798, #2737 ) ;
#3389 = EDGE_CURVE ( 'NONE', #4538, #4694, #3592, .T. ) ;
#3390 = DIRECTION ( 'NONE',  ( 0.000000000000000000, -1.000000000000000000, 0.000000000000000000 ) ) ;
#3391 = ORIENTED_EDGE ( 'NONE', *, *, #2550, .F. ) ;
#3392 = ORIENTED_EDGE ( 'NONE', *, *, #3634, .F. ) ;
#3393 = CARTESIAN_POINT ( 'NONE',  ( -0.7094423807183508623, -9.975274270468048599, 0.5620600646707545334 ) ) ;
#3394 = LINE ( 'NONE', #3023, #4700 ) ;
#3395 = EDGE_CURVE ( 'NONE', #3513, #2426, #144, .T. ) ;
#3396 = CARTESIAN_POINT ( 'NONE',  ( 0.000000000000000000, 0.000000000000000000, -15.00000000000000000 ) ) ;
#3397 = AXIS2_PLACEMENT_3D ( 'NONE', #2225, #4722, #757 ) ;
#3398 = ORIENTED_EDGE ( 'NONE', *, *, #322, .F. ) ;
#3399 = EDGE_CURVE ( 'NONE', #107, #3868, #2452, .T. ) ;
#3400 = VERTEX_POINT ( 'NONE', #591 ) ;
#3401 = CARTESIAN_POINT ( 'NONE',  ( 8.376276677044049990, -1.444987553419917914, -15.00000000000000000 ) ) ;
#3402 = AXIS2_PLACEMENT_3D ( 'NONE', #84, #510, #1643 ) ;
#3403 = CARTESIAN_POINT ( 'NONE',  ( -2.339275608533275097, -6.696792176639159599, -5.000000000000000000 ) ) ;
#3404 = CARTESIAN_POINT ( 'NONE',  ( 8.376276677044049990, 1.444987553419919912, -15.00000000000000000 ) ) ;
#3405 = EDGE_LOOP ( 'NONE', ( #1496, #2844, #581, #161 ) ) ;
#3406 = B_SPLINE_CURVE_WITH_KNOTS ( 'NONE', 3,
 ( #4738, #1469, #1401, #4376 ),
 .UNSPECIFIED., .F., .F.,
 ( 4, 4 ),
 ( 0.000000000000000000, 1.000000000000000000 ),
 .UNSPECIFIED. ) ;
#3407 = EDGE_CURVE ( 'NONE', #770, #1323, #4565, .T. ) ;
#3408 = DIRECTION ( 'NONE',  ( 0.9781476007338069101, 0.2079116908177534584, 0.000000000000000000 ) ) ;
#3409 = DIRECTION ( 'NONE',  ( 0.000000000000000000, 0.000000000000000000, -1.000000000000000000 ) ) ;
#3410 = CARTESIAN_POINT ( 'NONE',  ( -8.111267474499619823, 0.5430657156671676589, -14.81014041400709935 ) ) ;
#3411 = AXIS2_PLACEMENT_3D ( 'NONE', #478, #3428, #3656 ) ;
#3412 = ORIENTED_EDGE ( 'NONE', *, *, #1507, .T. ) ;
#3413 = DIRECTION ( 'NONE',  ( 0.000000000000000000, 0.000000000000000000, 1.000000000000000000 ) ) ;
#3414 = DIRECTION ( 'NONE',  ( 0.000000000000000000, 0.000000000000000000, 1.000000000000000000 ) ) ;
#3415 = AXIS2_PLACEMENT_3D ( 'NONE', #2807, #3472, #999 ) ;
#3416 = ORIENTED_EDGE ( 'NONE', *, *, #2961, .F. ) ;
#3417 = ORIENTED_EDGE ( 'NONE', *, *, #4345, .T. ) ;
#3418 = B_SPLINE_CURVE_WITH_KNOTS ( 'NONE', 3,
 ( #338, #1445, #1852, #23 ),
 .UNSPECIFIED., .F., .F.,
 ( 4, 4 ),
 ( 2.997673308346420128E-07, 0.0006999228709516739115 ),
 .UNSPECIFIED. ) ;
#3419 = CIRCLE ( 'NONE', #825, 0.3926990816987240285 ) ;
#3420 = CARTESIAN_POINT ( 'NONE',  ( -7.767901200394046413, -2.971303761648088848, -14.62314041400844467 ) ) ;
#3421 = CARTESIAN_POINT ( 'NONE',  ( 0.9849813563882920953, -9.952474384447906885, 3.277958197528180406 ) ) ;
#3422 = CARTESIAN_POINT ( 'NONE',  ( 6.029257564594829866, -2.759399808157259937, -5.000000000000000000 ) ) ;
#3423 = VECTOR ( 'NONE', #3365, 1000.000000000000000 ) ;
#3424 = AXIS2_PLACEMENT_3D ( 'NONE', #3242, #1461, #4007 ) ;
#3425 = VERTEX_POINT ( 'NONE', #944 ) ;
#3426 = EDGE_CURVE ( 'NONE', #1203, #1692, #4591, .T. ) ;
#3427 = ORIENTED_EDGE ( 'NONE', *, *, #2099, .F. ) ;
#3428 = DIRECTION ( 'NONE',  ( -0.9135454576426058626, -0.4067366430757889395, 0.000000000000000000 ) ) ;
#3429 = CIRCLE ( 'NONE', #2598, 3.946090011793464747 ) ;
#3430 = AXIS2_PLACEMENT_3D ( 'NONE', #533, #553, #2413 ) ;
#3431 = DIRECTION ( 'NONE',  ( -0.000000000000000000, -0.000000000000000000, -1.000000000000000000 ) ) ;
#3432 = B_SPLINE_CURVE_WITH_KNOTS ( 'NONE', 3,
 ( #1766, #4675, #1407, #2864 ),
 .UNSPECIFIED., .F., .F.,
 ( 4, 4 ),
 ( 0.000000000000000000, 1.000000000000000000 ),
 .UNSPECIFIED. ) ;
#3433 = DIRECTION ( 'NONE',  ( 1.000000000000000000, 0.000000000000000000, 0.000000000000000000 ) ) ;
#3434 = AXIS2_PLACEMENT_3D ( 'NONE', #4502, #3748, #1952 ) ;
#3435 = AXIS2_PLACEMENT_3D ( 'NONE', #4590, #1345, #257 ) ;
#3436 = ORIENTED_EDGE ( 'NONE', *, *, #4598, .F. ) ;
#3437 = FACE_OUTER_BOUND ( 'NONE', #4514, .T. ) ;
#3438 = EDGE_CURVE ( 'NONE', #2855, #1113, #2524, .T. ) ;
#3439 = DIRECTION ( 'NONE',  ( -0.9781476007338041345, 0.2079116908177665035, 0.000000000000000000 ) ) ;
#3440 = CARTESIAN_POINT ( 'NONE',  ( 2.114054499415415123, -6.284664482292090071, -15.00000000000000000 ) ) ;
#3441 = ORIENTED_EDGE ( 'NONE', *, *, #1644, .T. ) ;
#3442 = DIRECTION ( 'NONE',  ( 1.000000000000000000, 0.000000000000000000, 0.000000000000000000 ) ) ;
#3443 = DIRECTION ( 'NONE',  ( 0.000000000000000000, 0.000000000000000000, -1.000000000000000000 ) ) ;
#3444 = ORIENTED_EDGE ( 'NONE', *, *, #3573, .T. ) ;
#3445 = ORIENTED_EDGE ( 'NONE', *, *, #677, .F. ) ;
#3446 = DIRECTION ( 'NONE',  ( 0.000000000000000000, 0.000000000000000000, 1.000000000000000000 ) ) ;
#3447 = CARTESIAN_POINT ( 'NONE',  ( 1.589755443951256675, -9.872846609701966258, 2.208747978284855140 ) ) ;
#3448 = CARTESIAN_POINT ( 'NONE',  ( 1.554061079812509849, -6.053709124182629964, -15.00000000000000000 ) ) ;
#3449 = ORIENTED_EDGE ( 'NONE', *, *, #1472, .T. ) ;
#3450 = EDGE_LOOP ( 'NONE', ( #1299, #3166, #817, #546 ) ) ;
#3451 = DIRECTION ( 'NONE',  ( -1.000000000000000000, 0.000000000000000000, 0.000000000000000000 ) ) ;
#3452 = EDGE_CURVE ( 'NONE', #4227, #1273, #3202, .T. ) ;
#3453 = DIRECTION ( 'NONE',  ( 0.000000000000000000, 0.000000000000000000, 1.000000000000000000 ) ) ;
#3454 = DIRECTION ( 'NONE',  ( 0.000000000000000000, 0.000000000000000000, 1.000000000000000000 ) ) ;
#3455 = VERTEX_POINT ( 'NONE', #565 ) ;
#3456 = ORIENTED_EDGE ( 'NONE', *, *, #157, .F. ) ;
#3457 = CARTESIAN_POINT ( 'NONE',  ( -6.115588681060470044, -1.229860609608885991, -15.00000000000000000 ) ) ;
#3458 = ADVANCED_FACE ( 'NONE', ( #2761 ), #1613, .T. ) ;
#3459 = DIRECTION ( 'NONE',  ( 0.000000000000000000, 0.000000000000000000, 1.000000000000000000 ) ) ;
#3460 = CARTESIAN_POINT ( 'NONE',  ( 0.8958154394416970590, -7.036813947251419954, -15.00000000000000000 ) ) ;
#3461 = ADVANCED_FACE ( 'NONE', ( #1346 ), #188, .F. ) ;
#3462 = ORIENTED_EDGE ( 'NONE', *, *, #2038, .T. ) ;
#3463 = CARTESIAN_POINT ( 'NONE',  ( -2.312631089367980675, -8.179348228586963643, -5.000000000000000888 ) ) ;
#3464 = DIRECTION ( 'NONE',  ( 0.000000000000000000, 0.000000000000000000, -1.000000000000000000 ) ) ;
#3465 = VERTEX_POINT ( 'NONE', #167 ) ;
#3466 = AXIS2_PLACEMENT_3D ( 'NONE', #3282, #2546, #4357 ) ;
#3467 = DIRECTION ( 'NONE',  ( 1.000000000000000000, 0.000000000000000000, 0.000000000000000000 ) ) ;
#3468 = DIRECTION ( 'NONE',  ( 0.000000000000000000, 0.000000000000000000, -1.000000000000000000 ) ) ;
#3469 = DIRECTION ( 'NONE',  ( 1.000000000000000000, 0.000000000000000000, 0.000000000000000000 ) ) ;
#3470 = EDGE_LOOP ( 'NONE', ( #2976, #2164 ) ) ;
#3471 = ORIENTED_EDGE ( 'NONE', *, *, #3498, .F. ) ;
#3472 = DIRECTION ( 'NONE',  ( 0.000000000000000000, 0.000000000000000000, 1.000000000000000000 ) ) ;
#3473 = DIRECTION ( 'NONE',  ( 0.000000000000000000, 0.000000000000000000, 1.000000000000000000 ) ) ;
#3474 = AXIS2_PLACEMENT_3D ( 'NONE', #556, #1695, #4244 ) ;
#3475 = CARTESIAN_POINT ( 'NONE',  ( -5.086638884589820719, -3.610967584008660136, -5.000000000000000888 ) ) ;
#3476 = LINE ( 'NONE', #2049, #485 ) ;
#3477 = VERTEX_POINT ( 'NONE', #2404 ) ;
#3478 = EDGE_CURVE ( 'NONE', #3018, #2554, #1654, .T. ) ;
#3479 = AXIS2_PLACEMENT_3D ( 'NONE', #3071, #2020, #3469 ) ;
#3480 = CARTESIAN_POINT ( 'NONE',  ( 1.387949069116650280, -8.010067277867904068, -14.81014041400566761 ) ) ;
#3481 = DIRECTION ( 'NONE',  ( 0.000000000000000000, 0.000000000000000000, 1.000000000000000000 ) ) ;
#3482 = CARTESIAN_POINT ( 'NONE',  ( 5.646151920303509542, 4.294205901284565030, -15.00000000000000000 ) ) ;
#3483 = EDGE_CURVE ( 'NONE', #4439, #1798, #2036, .T. ) ;
#3484 = EDGE_LOOP ( 'NONE', ( #4396, #2433, #3905, #998 ) ) ;
#3485 = DIRECTION ( 'NONE',  ( 1.000000000000000000, 0.000000000000000000, 0.000000000000000000 ) ) ;
#3486 = DIRECTION ( 'NONE',  ( 1.000000000000000000, 0.000000000000000000, 0.000000000000000000 ) ) ;
#3487 = B_SPLINE_CURVE_WITH_KNOTS ( 'NONE', 3,
 ( #728, #1099, #2151, #3985 ),
 .UNSPECIFIED., .F., .F.,
 ( 4, 4 ),
 ( 0.000000000000000000, 1.000000000000000000 ),
 .UNSPECIFIED. ) ;
#3488 = VECTOR ( 'NONE', #1258, 1000.000000000000000 ) ;
#3489 = EDGE_CURVE ( 'NONE', #1822, #1314, #4159, .T. ) ;
#3490 = ORIENTED_EDGE ( 'NONE', *, *, #2537, .T. ) ;
#3491 = FACE_OUTER_BOUND ( 'NONE', #3279, .T. ) ;
#3492 = VECTOR ( 'NONE', #3568, 1000.000000000000000 ) ;
#3493 = CARTESIAN_POINT ( 'NONE',  ( -7.483963737787810544, 2.649152274120374795, -15.00000000000000000 ) ) ;
#3494 = CARTESIAN_POINT ( 'NONE',  ( -3.059487779958000253, 5.436222637021980830, -15.00000000000000000 ) ) ;
#3495 = VERTEX_POINT ( 'NONE', #3494 ) ;
#3496 = AXIS2_PLACEMENT_3D ( 'NONE', #2613, #2232, #789 ) ;
#3497 = ORIENTED_EDGE ( 'NONE', *, *, #4395, .T. ) ;
#3498 = EDGE_CURVE ( 'NONE', #3041, #2470, #2720, .T. ) ;
#3499 = LINE ( 'NONE', #1731, #4707 ) ;
#3500 =( NAMED_UNIT ( * ) SI_UNIT ( $, .STERADIAN. ) SOLID_ANGLE_UNIT ( ) );
#3501 = CIRCLE ( 'NONE', #1823, 3.946090011793464303 ) ;
#3502 = CIRCLE ( 'NONE', #2975, 8.500000000000001776 ) ;
#3503 = DIRECTION ( 'NONE',  ( 0.000000000000000000, 0.000000000000000000, 1.000000000000000000 ) ) ;
#3504 = CARTESIAN_POINT ( 'NONE',  ( 0.8958154394417949806, 7.036813947251400414, -15.00000000000000000 ) ) ;
#3505 = ORIENTED_EDGE ( 'NONE', *, *, #2175, .F. ) ;
#3506 = VECTOR ( 'NONE', #3012, 999.9999999999998863 ) ;
#3507 = AXIS2_PLACEMENT_3D ( 'NONE', #2380, #3468, #186 ) ;
#3508 = DIRECTION ( 'NONE',  ( 1.000000000000000000, 0.000000000000000000, 0.000000000000000000 ) ) ;
#3509 = CARTESIAN_POINT ( 'NONE',  ( -2.778738016340065453, 5.598313588621709691, -15.00000000000000000 ) ) ;
#3510 = VECTOR ( 'NONE', #1282, 1000.000000000000114 ) ;
#3511 = AXIS2_PLACEMENT_3D ( 'NONE', #2347, #3799, #2306 ) ;
#3512 = FACE_OUTER_BOUND ( 'NONE', #2516, .T. ) ;
#3513 = VERTEX_POINT ( 'NONE', #1997 ) ;
#3514 = CIRCLE ( 'NONE', #3970, 3.946090011793464747 ) ;
#3515 = CARTESIAN_POINT ( 'NONE',  ( -5.404339115359519496, -3.841790312819965081, -5.000000000000000000 ) ) ;
#3516 = CARTESIAN_POINT ( 'NONE',  ( 0.000000000000000000, 0.000000000000000000, 9.000000000000000000 ) ) ;
#3517 = EDGE_CURVE ( 'NONE', #845, #414, #1879, .T. ) ;
#3518 = ORIENTED_EDGE ( 'NONE', *, *, #2511, .F. ) ;
#3519 = FACE_OUTER_BOUND ( 'NONE', #382, .T. ) ;
#3520 = CARTESIAN_POINT ( 'NONE',  ( -2.043761957265944673, -6.792810382441619943, -5.000000000000000000 ) ) ;
#3521 = ADVANCED_FACE ( 'NONE', ( #3904 ), #2797, .T. ) ;
#3522 = DIRECTION ( 'NONE',  ( 0.000000000000000000, 0.000000000000000000, 1.000000000000000000 ) ) ;
#3523 = ORIENTED_EDGE ( 'NONE', *, *, #505, .T. ) ;
#3524 = ORIENTED_EDGE ( 'NONE', *, *, #2447, .F. ) ;
#3525 = DIRECTION ( 'NONE',  ( 0.000000000000000000, 0.000000000000000000, 1.000000000000000000 ) ) ;
#3526 = ADVANCED_FACE ( 'NONE', ( #4010 ), #284, .F. ) ;
#3527 = DIRECTION ( 'NONE',  ( -0.000000000000000000, -0.000000000000000000, -1.000000000000000000 ) ) ;
#3528 = DIRECTION ( 'NONE',  ( 0.000000000000000000, 0.000000000000000000, -1.000000000000000000 ) ) ;
#3529 = DIRECTION ( 'NONE',  ( 0.000000000000000000, 0.000000000000000000, 1.000000000000000000 ) ) ;
#3530 = VERTEX_POINT ( 'NONE', #4640 ) ;
#3531 = CARTESIAN_POINT ( 'NONE',  ( 1.310726060249541636, 8.212851654452917316, -14.62314041400844822 ) ) ;
#3532 = CARTESIAN_POINT ( 'NONE',  ( -0.5351397867080378568, -2.084817822452853076, 0.4884381237449281765 ) ) ;
#3533 = CYLINDRICAL_SURFACE ( 'NONE', #3320, 0.3926990816987240285 ) ;
#3534 = ORIENTED_EDGE ( 'NONE', *, *, #3395, .F. ) ;
#3535 = FACE_OUTER_BOUND ( 'NONE', #1581, .T. ) ;
#3536 = CARTESIAN_POINT ( 'NONE',  ( 2.301019120997975342, 5.811007744341909032, -15.00000000000000000 ) ) ;
#3537 = DIRECTION ( 'NONE',  ( 0.000000000000000000, 0.000000000000000000, 1.000000000000000000 ) ) ;
#3538 = ORIENTED_EDGE ( 'NONE', *, *, #963, .F. ) ;
#3539 = EDGE_CURVE ( 'NONE', #3322, #2617, #3706, .T. ) ;
#3540 = DIRECTION ( 'NONE',  ( 0.000000000000000000, 0.000000000000000000, 1.000000000000000000 ) ) ;
#3541 = CARTESIAN_POINT ( 'NONE',  ( 8.239838897035580700, -2.086876841318160203, -14.43900000000409989 ) ) ;
#3542 = AXIS2_PLACEMENT_3D ( 'NONE', #2458, #3547, #4286 ) ;
#3543 = CARTESIAN_POINT ( 'NONE',  ( 6.029257564594869834, 2.759399808157179557, -5.000000000000000000 ) ) ;
#3544 = VERTEX_POINT ( 'NONE', #4438 ) ;
#3545 = ORIENTED_EDGE ( 'NONE', *, *, #2322, .F. ) ;
#3546 = CYLINDRICAL_SURFACE ( 'NONE', #3415, 3.946090011793464747 ) ;
#3547 = DIRECTION ( 'NONE',  ( 0.000000000000000000, 0.000000000000000000, 1.000000000000000000 ) ) ;
#3548 = LINE ( 'NONE', #2410, #4190 ) ;
#3549 = EDGE_CURVE ( 'NONE', #651, #1781, #4160, .T. ) ;
#3550 = DIRECTION ( 'NONE',  ( 1.000000000000000000, 0.000000000000000000, 0.000000000000000000 ) ) ;
#3551 = VERTEX_POINT ( 'NONE', #2943 ) ;
#3552 = LINE ( 'NONE', #1737, #593 ) ;
#3553 = DIRECTION ( 'NONE',  ( 1.000000000000000000, 0.000000000000000000, 0.000000000000000000 ) ) ;
#3554 = EDGE_CURVE ( 'NONE', #2422, #3723, #2583, .T. ) ;
#3555 = LINE ( 'NONE', #1319, #4229 ) ;
#3556 = AXIS2_PLACEMENT_3D ( 'NONE', #3062, #1959, #1915 ) ;
#3557 = ORIENTED_EDGE ( 'NONE', *, *, #98, .F. ) ;
#3558 = CYLINDRICAL_SURFACE ( 'NONE', #2198, 0.3926990816987240285 ) ;
#3559 = ADVANCED_FACE ( 'NONE', ( #4370 ), #380, .F. ) ;
#3560 = DIRECTION ( 'NONE',  ( 0.000000000000000000, 0.000000000000000000, 1.000000000000000000 ) ) ;
#3561 = DIRECTION ( 'NONE',  ( 0.000000000000000000, 0.000000000000000000, 1.000000000000000000 ) ) ;
#3562 = EDGE_LOOP ( 'NONE', ( #574, #4284, #3716, #3895 ) ) ;
#3563 = PLANE ( 'NONE',  #1742 ) ;
#3564 = CARTESIAN_POINT ( 'NONE',  ( -0.2352398704041575028, -6.552577633207929075, -15.00000000000000000 ) ) ;
#3565 = CARTESIAN_POINT ( 'NONE',  ( 5.670509102288540326, -2.599674701928169629, -15.00000000000000000 ) ) ;
#3566 = ORIENTED_EDGE ( 'NONE', *, *, #2417, .T. ) ;
#3567 = ORIENTED_EDGE ( 'NONE', *, *, #1163, .T. ) ;
#3568 = DIRECTION ( 'NONE',  ( -0.000000000000000000, -0.000000000000000000, 1.000000000000000000 ) ) ;
#3569 = VECTOR ( 'NONE', #2428, 1000.000000000000000 ) ;
#3570 = FACE_OUTER_BOUND ( 'NONE', #4483, .T. ) ;
#3571 = AXIS2_PLACEMENT_3D ( 'NONE', #3806, #542, #3467 ) ;
#3572 = FACE_OUTER_BOUND ( 'NONE', #612, .T. ) ;
#3573 = EDGE_CURVE ( 'NONE', #3262, #3209, #14, .T. ) ;
#3574 = VECTOR ( 'NONE', #4684, 1000.000000000000000 ) ;
#3575 = ORIENTED_EDGE ( 'NONE', *, *, #3788, .T. ) ;
#3576 = VERTEX_POINT ( 'NONE', #4389 ) ;
#3577 = CIRCLE ( 'NONE', #4260, 3.946090011793464747 ) ;
#3578 = VECTOR ( 'NONE', #1842, 1000.000000000000227 ) ;
#3579 = CARTESIAN_POINT ( 'NONE',  ( 0.000000000000000000, 0.000000000000000000, -23.00000000000000000 ) ) ;
#3580 = LINE ( 'NONE', #2224, #1223 ) ;
#3581 = EDGE_CURVE ( 'NONE', #1777, #3513, #3247, .T. ) ;
#3582 = CARTESIAN_POINT ( 'NONE',  ( -5.006092110488669533, 3.721830707633755342, -5.000000000000000888 ) ) ;
#3583 = AXIS2_PLACEMENT_3D ( 'NONE', #4170, #2301, #1932 ) ;
#3584 = VECTOR ( 'NONE', #2771, 1000.000000000000000 ) ;
#3585 = ORIENTED_EDGE ( 'NONE', *, *, #1421, .T. ) ;
#3586 = CARTESIAN_POINT ( 'NONE',  ( 5.000000000000000000, 6.123233995736766282E-16, -5.000000000000000888 ) ) ;
#3587 = EDGE_CURVE ( 'NONE', #113, #3695, #2833, .T. ) ;
#3588 = DIRECTION ( 'NONE',  ( 1.000000000000000000, 0.000000000000000000, 0.000000000000000000 ) ) ;
#3589 = CIRCLE ( 'NONE', #3815, 10.00000000000000000 ) ;
#3590 = AXIS2_PLACEMENT_3D ( 'NONE', #4230, #966, #3139 ) ;
#3591 = CARTESIAN_POINT ( 'NONE',  ( 3.411405546988625304, 6.219449173660749786, -15.00000000000000000 ) ) ;
#3592 = CIRCLE ( 'NONE', #4499, 0.3926990816987240285 ) ;
#3593 = CIRCLE ( 'NONE', #1155, 3.946090011793463859 ) ;
#3594 = EDGE_LOOP ( 'NONE', ( #1850, #4625, #2318, #2235 ) ) ;
#3595 = DIRECTION ( 'NONE',  ( 1.000000000000000000, 0.000000000000000000, 0.000000000000000000 ) ) ;
#3596 = DIRECTION ( 'NONE',  ( 1.000000000000000000, 0.000000000000000000, 0.000000000000000000 ) ) ;
#3597 = ORIENTED_EDGE ( 'NONE', *, *, #1933, .T. ) ;
#3598 = ORIENTED_EDGE ( 'NONE', *, *, #1708, .T. ) ;
#3599 = CARTESIAN_POINT ( 'NONE',  ( -0.2352398704041575306, -6.552577633207929075, -5.000000000000000888 ) ) ;
#3600 = CARTESIAN_POINT ( 'NONE',  ( 4.465635348757585277, 4.372710936241579915, -15.00000000000000000 ) ) ;
#3601 = CYLINDRICAL_SURFACE ( 'NONE', #1451, 10.00000000000000000 ) ;
#3602 = ORIENTED_EDGE ( 'NONE', *, *, #1452, .F. ) ;
#3603 = ORIENTED_EDGE ( 'NONE', *, *, #2507, .T. ) ;
#3604 = ADVANCED_FACE ( 'NONE', ( #640 ), #4282, .T. ) ;
#3605 = CARTESIAN_POINT ( 'NONE',  ( 1.512852346291208683, -1.528681305509706156, 1.468977826210565052 ) ) ;
#3606 = CARTESIAN_POINT ( 'NONE',  ( -1.553170074094921027, -1.490751486909212220, 2.435874729685251872 ) ) ;
#3607 = DIRECTION ( 'NONE',  ( 0.000000000000000000, 0.000000000000000000, -1.000000000000000000 ) ) ;
#3608 = VERTEX_POINT ( 'NONE', #1178 ) ;
#3609 = FACE_OUTER_BOUND ( 'NONE', #4233, .T. ) ;
#3610 = EDGE_CURVE ( 'NONE', #2356, #3400, #2420, .T. ) ;
#3611 = CARTESIAN_POINT ( 'NONE',  ( 0.000000000000000000, 0.000000000000000000, -15.00000000000000000 ) ) ;
#3612 = FACE_OUTER_BOUND ( 'NONE', #2313, .T. ) ;
#3613 = ADVANCED_FACE ( 'NONE', ( #62, #3293 ), #2230, .T. ) ;
#3614 = ORIENTED_EDGE ( 'NONE', *, *, #4242, .F. ) ;
#3615 = CARTESIAN_POINT ( 'NONE',  ( -6.471215300770770007, -1.445547167183623971, -5.000000000000000000 ) ) ;
#3616 = CARTESIAN_POINT ( 'NONE',  ( 0.5867961629527920220, -7.069293181989130481, -15.00000000000000000 ) ) ;
#3617 = VERTEX_POINT ( 'NONE', #2250 ) ;
#3618 = ORIENTED_EDGE ( 'NONE', *, *, #1945, .T. ) ;
#3619 = CARTESIAN_POINT ( 'NONE',  ( 4.532886174746360908, 7.069293181989119823, -14.54126440246391994 ) ) ;
#3620 = VECTOR ( 'NONE', #3929, 1000.000000000000000 ) ;
#3621 = CARTESIAN_POINT ( 'NONE',  ( 1.862376391315414992, 5.953531406825149475, -15.00000000000000000 ) ) ;
#3622 = DIRECTION ( 'NONE',  ( 0.000000000000000000, 0.000000000000000000, 1.000000000000000000 ) ) ;
#3623 = COLOUR_RGB ( '',0.7921568627450980005, 0.8196078431372548767, 0.9333333333333333481 ) ;
#3624 = ORIENTED_EDGE ( 'NONE', *, *, #4325, .T. ) ;
#3625 = ORIENTED_EDGE ( 'NONE', *, *, #2695, .F. ) ;
#3626 = DIRECTION ( 'NONE',  ( 0.000000000000000000, 0.000000000000000000, 1.000000000000000000 ) ) ;
#3627 = CARTESIAN_POINT ( 'NONE',  ( -5.887792739465997016, 5.873911112725925143, -14.62314041400568243 ) ) ;
#3628 = CARTESIAN_POINT ( 'NONE',  ( -5.323792341258370087, 3.952653436445065616, -5.000000000000000000 ) ) ;
#3629 = ADVANCED_FACE ( 'NONE', ( #1506 ), #424, .T. ) ;
#3630 = VERTEX_POINT ( 'NONE', #2992 ) ;
#3631 = ORIENTED_EDGE ( 'NONE', *, *, #1920, .F. ) ;
#3632 = CARTESIAN_POINT ( 'NONE',  ( 5.828789400926360109, 4.042826974954864205, -15.00000000000000000 ) ) ;
#3633 = CARTESIAN_POINT ( 'NONE',  ( 4.487488219535054945, -4.881463260234210289, -15.00000000000000000 ) ) ;
#3634 = EDGE_CURVE ( 'NONE', #3617, #1610, #3863, .T. ) ;
#3635 = ORIENTED_EDGE ( 'NONE', *, *, #2800, .T. ) ;
#3636 = AXIS2_PLACEMENT_3D ( 'NONE', #3543, #258, #3180 ) ;
#3637 = DIRECTION ( 'NONE',  ( 0.000000000000000000, 0.000000000000000000, 1.000000000000000000 ) ) ;
#3638 = DIRECTION ( 'NONE',  ( 1.000000000000000000, 0.000000000000000000, 0.000000000000000000 ) ) ;
#3639 = EDGE_CURVE ( 'NONE', #2100, #885, #730, .T. ) ;
#3640 = ORIENTED_EDGE ( 'NONE', *, *, #2934, .T. ) ;
#3641 = VERTEX_POINT ( 'NONE', #3565 ) ;
#3642 = B_SPLINE_CURVE_WITH_KNOTS ( 'NONE', 3,
 ( #1166, #3714, #114, #74, #3352, #4134, #867, #4427, #4492, #1583, #818, #3043, #2639, #1233, #794, #3762, #4466, #473, #3782, #2686, #1942, #3325, #3393, #2281, #3740, #455, #2329, #494 ),
 .UNSPECIFIED., .F., .F.,
 ( 4, 2, 2, 2, 2, 2, 2, 2, 2, 2, 2, 2, 2, 4 ),
 ( 0.000000000000000000, 0.0003131490185286090193, 0.0006262980370572180386, 0.0009394470555858270037, 0.001252596074114436077, 0.001878894111171652490, 0.002505192148228869552, 0.002818341166757477867, 0.003131490185286086615, 0.003757788222343302377, 0.004070937240871911125, 0.004384086259400519006, 0.004697235277929127754, 0.005010384296457736503 ),
 .UNSPECIFIED. ) ;
#3643 = DIRECTION ( 'NONE',  ( 1.000000000000000000, 0.000000000000000000, 0.000000000000000000 ) ) ;
#3644 = LINE ( 'NONE', #2907, #176 ) ;
#3645 = CARTESIAN_POINT ( 'NONE',  ( 0.000000000000000000, 0.000000000000000000, 6.999999999999999112 ) ) ;
#3646 = EDGE_CURVE ( 'NONE', #2522, #1763, #2491, .T. ) ;
#3647 = ORIENTED_EDGE ( 'NONE', *, *, #1072, .F. ) ;
#3648 = VECTOR ( 'NONE', #1974, 1000.000000000000114 ) ;
#3649 = ORIENTED_EDGE ( 'NONE', *, *, #212, .T. ) ;
#3650 = CARTESIAN_POINT ( 'NONE',  ( 1.271780701585637274, -1.734970201059360839, 1.023987268288524488 ) ) ;
#3651 = AXIS2_PLACEMENT_3D ( 'NONE', #2977, #4445, #846 ) ;
#3652 = CARTESIAN_POINT ( 'NONE',  ( -5.927207807671536877, 6.092471387267866412, -5.000000000000000888 ) ) ;
#3653 = DIRECTION ( 'NONE',  ( 0.000000000000000000, 0.000000000000000000, 1.000000000000000000 ) ) ;
#3654 = ORIENTED_EDGE ( 'NONE', *, *, #1481, .T. ) ;
#3655 = CIRCLE ( 'NONE', #3953, 0.3926990816987240285 ) ;
#3656 = DIRECTION ( 'NONE',  ( -0.4067366430757889395, 0.9135454576426058626, 0.000000000000000000 ) ) ;
#3657 = DIRECTION ( 'NONE',  ( 0.000000000000000000, 0.000000000000000000, 1.000000000000000000 ) ) ;
#3658 = DIRECTION ( 'NONE',  ( -0.9945218953682730678, 0.1045284632676570097, 0.000000000000000000 ) ) ;
#3659 = VECTOR ( 'NONE', #3658, 999.9999999999998863 ) ;
#3660 = CIRCLE ( 'NONE', #910, 0.3926990816987240285 ) ;
#3661 = CARTESIAN_POINT ( 'NONE',  ( -3.374512555159399962, -5.707792839316599753, -15.00000000000000000 ) ) ;
#3662 = ORIENTED_EDGE ( 'NONE', *, *, #4395, .F. ) ;
#3663 = VECTOR ( 'NONE', #4721, 999.9999999999998863 ) ;
#3664 = VECTOR ( 'NONE', #4432, 1000.000000000000000 ) ;
#3665 = CARTESIAN_POINT ( 'NONE',  ( 0.5615124314577421005, 8.481432885386670506, -14.43900000000000006 ) ) ;
#3666 = EDGE_CURVE ( 'NONE', #3641, #1639, #887, .T. ) ;
#3667 = DIRECTION ( 'NONE',  ( 0.000000000000000000, 0.000000000000000000, 1.000000000000000000 ) ) ;
#3668 = VECTOR ( 'NONE', #2837, 1000.000000000000000 ) ;
#3669 = ORIENTED_EDGE ( 'NONE', *, *, #3313, .F. ) ;
#3670 = ORIENTED_EDGE ( 'NONE', *, *, #3186, .F. ) ;
#3671 = FACE_OUTER_BOUND ( 'NONE', #2256, .T. ) ;
#3672 = ADVANCED_FACE ( 'NONE', ( #4127 ), #2653, .T. ) ;
#3673 = CARTESIAN_POINT ( 'NONE',  ( -5.404339115359469758, 3.841790312820034803, -15.00000000000000000 ) ) ;
#3674 = CARTESIAN_POINT ( 'NONE',  ( -6.499706345634430171, 1.311507339667533856, -15.00000000000000000 ) ) ;
#3675 = EDGE_LOOP ( 'NONE', ( #73, #3025, #916, #103 ) ) ;
#3676 = ADVANCED_FACE ( 'NONE', ( #1266 ), #836, .F. ) ;
#3677 = ORIENTED_EDGE ( 'NONE', *, *, #804, .T. ) ;
#3678 = DIRECTION ( 'NONE',  ( 0.000000000000000000, 0.000000000000000000, -1.000000000000000000 ) ) ;
#3679 = DIRECTION ( 'NONE',  ( 0.000000000000000000, 0.000000000000000000, 1.000000000000000000 ) ) ;
#3680 = CARTESIAN_POINT ( 'NONE',  ( -6.304564774301700147, 1.801131433982187779, -5.000000000000000888 ) ) ;
#3681 = ORIENTED_EDGE ( 'NONE', *, *, #1242, .F. ) ;
#3682 = CARTESIAN_POINT ( 'NONE',  ( -3.255837320807359880, 5.776310017815889708, -15.00000000000000000 ) ) ;
#3683 = DIRECTION ( 'NONE',  ( 0.3090169943749576653, 0.9510565162951500895, 0.000000000000000000 ) ) ;
#3684 = DIRECTION ( 'NONE',  ( 0.000000000000000000, 0.000000000000000000, -1.000000000000000000 ) ) ;
#3685 = DIRECTION ( 'NONE',  ( 0.000000000000000000, 0.000000000000000000, -1.000000000000000000 ) ) ;
#3686 = ORIENTED_EDGE ( 'NONE', *, *, #4095, .F. ) ;
#3687 = CARTESIAN_POINT ( 'NONE',  ( 4.385651846218999950, -4.973157142624609506, -15.00000000000000000 ) ) ;
#3688 = DIRECTION ( 'NONE',  ( 0.000000000000000000, 0.000000000000000000, 1.000000000000000000 ) ) ;
#3689 = ORIENTED_EDGE ( 'NONE', *, *, #2828, .F. ) ;
#3690 = EDGE_CURVE ( 'NONE', #793, #541, #3081, .T. ) ;
#3691 = ORIENTED_EDGE ( 'NONE', *, *, #2357, .F. ) ;
#3692 = CARTESIAN_POINT ( 'NONE',  ( 4.500000000000000000, 0.000000000000000000, -23.00000000000000000 ) ) ;
#3693 = CARTESIAN_POINT ( 'NONE',  ( 6.678658115146566487, 5.257901271513848229, -5.000000000000000888 ) ) ;
#3694 = DIRECTION ( 'NONE',  ( 0.000000000000000000, 0.000000000000000000, 1.000000000000000000 ) ) ;
#3695 = VERTEX_POINT ( 'NONE', #2723 ) ;
#3696 = EDGE_CURVE ( 'NONE', #3425, #1502, #927, .T. ) ;
#3697 = ORIENTED_EDGE ( 'NONE', *, *, #1170, .T. ) ;
#3698 = DIRECTION ( 'NONE',  ( 0.000000000000000000, 0.000000000000000000, -1.000000000000000000 ) ) ;
#3699 = EDGE_CURVE ( 'NONE', #3378, #3530, #265, .T. ) ;
#3700 = FACE_BOUND ( 'NONE', #492, .T. ) ;
#3701 = DIRECTION ( 'NONE',  ( 1.000000000000000000, 0.000000000000000000, 0.000000000000000000 ) ) ;
#3702 = ORIENTED_EDGE ( 'NONE', *, *, #351, .F. ) ;
#3703 = VECTOR ( 'NONE', #2431, 1000.000000000000000 ) ;
#3704 = DIRECTION ( 'NONE',  ( 0.000000000000000000, 0.000000000000000000, -1.000000000000000000 ) ) ;
#3705 = CARTESIAN_POINT ( 'NONE',  ( -6.976452998247830273, 3.789040058278469569, -15.00000000000000000 ) ) ;
#3706 = LINE ( 'NONE', #3339, #3938 ) ;
#3707 = EDGE_CURVE ( 'NONE', #1404, #4188, #1576, .T. ) ;
#3708 = ORIENTED_EDGE ( 'NONE', *, *, #1770, .F. ) ;
#3709 = DIRECTION ( 'NONE',  ( 1.000000000000000000, 0.000000000000000000, 0.000000000000000000 ) ) ;
#3710 = CARTESIAN_POINT ( 'NONE',  ( -4.500000000000000000, 5.510910596163088569E-16, -15.00000000000000000 ) ) ;
#3711 = VERTEX_POINT ( 'NONE', #3036 ) ;
#3712 = VECTOR ( 'NONE', #3754, 1000.000000000000000 ) ;
#3713 = VERTEX_POINT ( 'NONE', #466 ) ;
#3714 = CARTESIAN_POINT ( 'NONE',  ( -0.1058989031603483760, -10.00000000000000178, 3.599999999999999645 ) ) ;
#3715 = CARTESIAN_POINT ( 'NONE',  ( 4.712107964534079763, -4.559347537358720004, -15.00000000000000000 ) ) ;
#3716 = ORIENTED_EDGE ( 'NONE', *, *, #4595, .F. ) ;
#3717 = ORIENTED_EDGE ( 'NONE', *, *, #1978, .F. ) ;
#3718 = CARTESIAN_POINT ( 'NONE',  ( 0.000000000000000000, -10.00000000000000000, 3.599999999999999201 ) ) ;
#3719 = EDGE_CURVE ( 'NONE', #4735, #2830, #1094, .T. ) ;
#3720 = CARTESIAN_POINT ( 'NONE',  ( 0.000000000000000000, 0.000000000000000000, -15.00000000000000000 ) ) ;
#3721 = CARTESIAN_POINT ( 'NONE',  ( -8.493664740175329797, -0.3281147382136340163, -15.00000000000000000 ) ) ;
#3722 = CIRCLE ( 'NONE', #3873, 0.3926990816987240285 ) ;
#3723 = VERTEX_POINT ( 'NONE', #1624 ) ;
#3724 = CIRCLE ( 'NONE', #2282, 8.500000000000000000 ) ;
#3725 = DIRECTION ( 'NONE',  ( 1.000000000000000000, 0.000000000000000000, 0.000000000000000000 ) ) ;
#3726 = ADVANCED_FACE ( 'NONE', ( #3385 ), #4530, .T. ) ;
#3727 = CYLINDRICAL_SURFACE ( 'NONE', #2974, 3.946090011793464747 ) ;
#3728 = CARTESIAN_POINT ( 'NONE',  ( -0.2352398704040704613, 6.552577633207903318, -5.000000000000000000 ) ) ;
#3729 = AXIS2_PLACEMENT_3D ( 'NONE', #862, #886, #2700 ) ;
#3730 = EDGE_CURVE ( 'NONE', #3996, #816, #3795, .T. ) ;
#3731 = VERTEX_POINT ( 'NONE', #1225 ) ;
#3732 = DIRECTION ( 'NONE',  ( 0.000000000000000000, 0.000000000000000000, 1.000000000000000000 ) ) ;
#3733 = AXIS2_PLACEMENT_3D ( 'NONE', #2063, #3537, #1721 ) ;
#3734 = CIRCLE ( 'NONE', #3424, 0.3926990816987240285 ) ;
#3735 = DIRECTION ( 'NONE',  ( 1.000000000000000000, 1.104359264397054674E-15, 0.000000000000000000 ) ) ;
#3736 = ORIENTED_EDGE ( 'NONE', *, *, #436, .T. ) ;
#3737 = VECTOR ( 'NONE', #4291, 1000.000000000000000 ) ;
#3738 = AXIS2_PLACEMENT_3D ( 'NONE', #801, #2019, #3306 ) ;
#3739 = ORIENTED_EDGE ( 'NONE', *, *, #115, .T. ) ;
#3740 = CARTESIAN_POINT ( 'NONE',  ( -0.4160954659793075217, -9.991867883620601631, 0.4515058038252006689 ) ) ;
#3741 = DIRECTION ( 'NONE',  ( 1.000000000000000000, 0.000000000000000000, 0.000000000000000000 ) ) ;
#3742 = VECTOR ( 'NONE', #931, 1000.000000000000000 ) ;
#3743 = AXIS2_PLACEMENT_3D ( 'NONE', #4353, #1086, #2254 ) ;
#3744 = CARTESIAN_POINT ( 'NONE',  ( -3.374512555159399962, -5.707792839316599753, -15.00000000000000000 ) ) ;
#3745 = ORIENTED_EDGE ( 'NONE', *, *, #1242, .T. ) ;
#3746 = EDGE_LOOP ( 'NONE', ( #1268, #1080, #1833, #3518 ) ) ;
#3747 = AXIS2_PLACEMENT_3D ( 'NONE', #1167, #848, #94 ) ;
#3748 = DIRECTION ( 'NONE',  ( 0.000000000000000000, 0.000000000000000000, 1.000000000000000000 ) ) ;
#3749 = DIRECTION ( 'NONE',  ( 1.000000000000000000, 0.000000000000000000, 0.000000000000000000 ) ) ;
#3750 = ORIENTED_EDGE ( 'NONE', *, *, #3426, .F. ) ;
#3751 = EDGE_CURVE ( 'NONE', #1798, #9, #858, .T. ) ;
#3752 = CYLINDRICAL_SURFACE ( 'NONE', #4647, 3.946090011793464747 ) ;
#3753 = DIRECTION ( 'NONE',  ( 0.000000000000000000, 0.000000000000000000, 1.000000000000000000 ) ) ;
#3754 = DIRECTION ( 'NONE',  ( 0.000000000000000000, 0.000000000000000000, 1.000000000000000000 ) ) ;
#3755 = ADVANCED_FACE ( 'NONE', ( #4147 ), #884, .F. ) ;
#3756 = ORIENTED_EDGE ( 'NONE', *, *, #2734, .T. ) ;
#3757 = DIRECTION ( 'NONE',  ( 0.000000000000000000, 0.000000000000000000, -1.000000000000000000 ) ) ;
#3758 = DIRECTION ( 'NONE',  ( 1.000000000000000000, 0.000000000000000000, 0.000000000000000000 ) ) ;
#3759 = EDGE_CURVE ( 'NONE', #2982, #20, #3774, .T. ) ;
#3760 = ORIENTED_EDGE ( 'NONE', *, *, #212, .F. ) ;
#3761 = VERTEX_POINT ( 'NONE', #3728 ) ;
#3762 = CARTESIAN_POINT ( 'NONE',  ( -1.548651404570859258, -9.879377935219698870, 1.584501193187554557 ) ) ;
#3763 = DIRECTION ( 'NONE',  ( -1.000000000000000000, 0.000000000000000000, 0.000000000000000000 ) ) ;
#3764 = ADVANCED_FACE ( 'NONE', ( #1289 ), #346, .T. ) ;
#3765 = FACE_OUTER_BOUND ( 'NONE', #2770, .T. ) ;
#3766 = EDGE_LOOP ( 'NONE', ( #2874, #147, #2883, #3880 ) ) ;
#3767 = ORIENTED_EDGE ( 'NONE', *, *, #3272, .F. ) ;
#3768 = PLANE ( 'NONE',  #3411 ) ;
#3769 = DIRECTION ( 'NONE',  ( 0.000000000000000000, 0.000000000000000000, -1.000000000000000000 ) ) ;
#3770 = DIRECTION ( 'NONE',  ( 0.000000000000000000, 0.000000000000000000, 1.000000000000000000 ) ) ;
#3771 = ORIENTED_EDGE ( 'NONE', *, *, #3059, .T. ) ;
#3772 = DIRECTION ( 'NONE',  ( 0.000000000000000000, 0.000000000000000000, 1.000000000000000000 ) ) ;
#3773 = FACE_OUTER_BOUND ( 'NONE', #525, .T. ) ;
#3774 = LINE ( 'NONE', #2371, #112 ) ;
#3775 = AXIS2_PLACEMENT_3D ( 'NONE', #2744, #1283, #976 ) ;
#3776 = ORIENTED_EDGE ( 'NONE', *, *, #4153, .F. ) ;
#3777 = CARTESIAN_POINT ( 'NONE',  ( -4.931093259559700570, -3.952653436444991009, -15.00000000000000000 ) ) ;
#3778 = CARTESIAN_POINT ( 'NONE',  ( 0.000000000000000000, 0.000000000000000000, -23.00000000000000000 ) ) ;
#3779 = EDGE_CURVE ( 'NONE', #303, #2426, #2265, .T. ) ;
#3780 = VERTEX_POINT ( 'NONE', #3582 ) ;
#3781 = VERTEX_POINT ( 'NONE', #3130 ) ;
#3782 = CARTESIAN_POINT ( 'NONE',  ( -1.280435229102553585, -9.918819803205446206, 1.017700199448907883 ) ) ;
#3783 = CARTESIAN_POINT ( 'NONE',  ( 7.871210902642038931, 1.035258386167028144, -15.00000000000000000 ) ) ;
#3784 = CARTESIAN_POINT ( 'NONE',  ( 0.000000000000000000, 0.000000000000000000, -5.000000000000000888 ) ) ;
#3785 = VERTEX_POINT ( 'NONE', #2484 ) ;
#3786 = ORIENTED_EDGE ( 'NONE', *, *, #4506, .F. ) ;
#3787 = CARTESIAN_POINT ( 'NONE',  ( 3.962676671442850296, -7.519786805329170321, -14.43900000000000006 ) ) ;
#3788 = EDGE_CURVE ( 'NONE', #2849, #1692, #3172, .T. ) ;
#3789 = DIRECTION ( 'NONE',  ( 1.000000000000000000, 0.000000000000000000, 0.000000000000000000 ) ) ;
#3790 = DIRECTION ( 'NONE',  ( 1.000000000000000000, 0.000000000000000000, 0.000000000000000000 ) ) ;
#3791 = ORIENTED_EDGE ( 'NONE', *, *, #1131, .T. ) ;
#3792 = DIRECTION ( 'NONE',  ( 0.000000000000000000, 0.000000000000000000, 1.000000000000000000 ) ) ;
#3793 = UNCERTAINTY_MEASURE_WITH_UNIT (LENGTH_MEASURE( 1.000000000000000082E-05 ), #4213, 'distance_accuracy_value', 'NONE');
#3794 = DIRECTION ( 'NONE',  ( 1.000000000000000000, 0.000000000000000000, 0.000000000000000000 ) ) ;
#3795 = LINE ( 'NONE', #179, #4014 ) ;
#3796 = VECTOR ( 'NONE', #4164, 1000.000000000000000 ) ;
#3797 = ORIENTED_EDGE ( 'NONE', *, *, #1920, .T. ) ;
#3798 = CARTESIAN_POINT ( 'NONE',  ( -6.115588681060470044, -1.229860609608885991, -15.00000000000000000 ) ) ;
#3799 = DIRECTION ( 'NONE',  ( 0.000000000000000000, 0.000000000000000000, 1.000000000000000000 ) ) ;
#3800 = CIRCLE ( 'NONE', #3259, 7.939000000000000057 ) ;
#3801 = ORIENTED_EDGE ( 'NONE', *, *, #4298, .F. ) ;
#3802 = ORIENTED_EDGE ( 'NONE', *, *, #3817, .F. ) ;
#3803 = AXIS2_PLACEMENT_3D ( 'NONE', #634, #3201, #940 ) ;
#3804 = ADVANCED_FACE ( 'NONE', ( #1029 ), #1338, .T. ) ;
#3805 = VECTOR ( 'NONE', #1465, 1000.000000000000000 ) ;
#3806 = CARTESIAN_POINT ( 'NONE',  ( 0.000000000000000000, 0.000000000000000000, -14.43900000000000006 ) ) ;
#3807 = CARTESIAN_POINT ( 'NONE',  ( 1.549152878736560712, -9.879298958356226734, 2.413549813581023162 ) ) ;
#3808 = CARTESIAN_POINT ( 'NONE',  ( 0.000000000000000000, 0.000000000000000000, -14.43900000000000006 ) ) ;
#3809 = CIRCLE ( 'NONE', #4489, 3.946090011793463859 ) ;
#3810 = AXIS2_PLACEMENT_3D ( 'NONE', #4505, #3792, #3034 ) ;
#3811 = ORIENTED_EDGE ( 'NONE', *, *, #1313, .F. ) ;
#3812 = VERTEX_POINT ( 'NONE', #3893 ) ;
#3813 = CARTESIAN_POINT ( 'NONE',  ( -3.255837320807359880, 5.776310017815889708, -5.000000000000000000 ) ) ;
#3814 = EDGE_CURVE ( 'NONE', #3731, #4211, #579, .T. ) ;
#3815 = AXIS2_PLACEMENT_3D ( 'NONE', #1907, #101, #2986 ) ;
#3816 = CARTESIAN_POINT ( 'NONE',  ( 0.000000000000000000, 0.000000000000000000, 6.999999999999999112 ) ) ;
#3817 = EDGE_CURVE ( 'NONE', #1495, #169, #3555, .T. ) ;
#3818 = CYLINDRICAL_SURFACE ( 'NONE', #713, 1.599999999999999867 ) ;
#3819 = AXIS2_PLACEMENT_3D ( 'NONE', #2708, #1305, #2425 ) ;
#3820 = VECTOR ( 'NONE', #159, 1000.000000000000000 ) ;
#3821 = ORIENTED_EDGE ( 'NONE', *, *, #4195, .F. ) ;
#3822 = DIRECTION ( 'NONE',  ( -1.000000000000000000, 0.000000000000000000, 0.000000000000000000 ) ) ;
#3823 = CARTESIAN_POINT ( 'NONE',  ( 4.532886174746360908, 7.069293181989119823, -14.54126440246391994 ) ) ;
#3824 = DIRECTION ( 'NONE',  ( -0.000000000000000000, -0.000000000000000000, -1.000000000000000000 ) ) ;
#3825 = ORIENTED_EDGE ( 'NONE', *, *, #3699, .T. ) ;
#3826 = DIRECTION ( 'NONE',  ( 1.000000000000000000, 0.000000000000000000, 0.000000000000000000 ) ) ;
#3827 = LINE ( 'NONE', #1271, #300 ) ;
#3828 = ORIENTED_EDGE ( 'NONE', *, *, #2853, .T. ) ;
#3829 = EDGE_LOOP ( 'NONE', ( #233, #4293, #1634, #1335 ) ) ;
#3830 = CARTESIAN_POINT ( 'NONE',  ( 6.769631445549959992, 4.147265495651474509, -15.00000000000000000 ) ) ;
#3831 = CARTESIAN_POINT ( 'NONE',  ( 1.387967880134723941, -9.903381751720409909, 1.197235407386463724 ) ) ;
#3832 = CARTESIAN_POINT ( 'NONE',  ( -4.860865375652200449, -5.166354965501279928, -5.000000000000000000 ) ) ;
#3833 = EDGE_CURVE ( 'NONE', #3761, #541, #1491, .T. ) ;
#3834 = ORIENTED_EDGE ( 'NONE', *, *, #3690, .T. ) ;
#3835 = EDGE_LOOP ( 'NONE', ( #47, #2636, #1473, #2608, #4663 ) ) ;
#3836 = FACE_OUTER_BOUND ( 'NONE', #1327, .T. ) ;
#3837 = LINE ( 'NONE', #2808, #1182 ) ;
#3838 = PLANE ( 'NONE',  #296 ) ;
#3839 = EDGE_CURVE ( 'NONE', #1749, #3205, #638, .T. ) ;
#3840 = CARTESIAN_POINT ( 'NONE',  ( -5.927207807668690265, 6.092471387264939864, -15.00000000000000000 ) ) ;
#3841 = ORIENTED_EDGE ( 'NONE', *, *, #2015, .T. ) ;
#3842 = DIRECTION ( 'NONE',  ( 1.000000000000000000, 0.000000000000000000, 0.000000000000000000 ) ) ;
#3843 = DIRECTION ( 'NONE',  ( 0.000000000000000000, 0.000000000000000000, 1.000000000000000000 ) ) ;
#3844 = EDGE_CURVE ( 'NONE', #3544, #3785, #3317, .T. ) ;
#3845 = PLANE ( 'NONE',  #261 ) ;
#3846 = EDGE_LOOP ( 'NONE', ( #2690, #2412, #2106, #4649, #1430 ) ) ;
#3847 = CARTESIAN_POINT ( 'NONE',  ( -3.374512555159320026, 5.707792839316649491, -15.00000000000000000 ) ) ;
#3848 = CARTESIAN_POINT ( 'NONE',  ( 5.670509102288540326, -2.599674701928169629, -15.00000000000000000 ) ) ;
#3849 = ADVANCED_FACE ( 'NONE', ( #3512 ), #959, .T. ) ;
#3850 = ORIENTED_EDGE ( 'NONE', *, *, #1573, .F. ) ;
#3851 = CARTESIAN_POINT ( 'NONE',  ( 5.828789400926360109, 4.042826974954864205, -15.00000000000000000 ) ) ;
#3852 = CARTESIAN_POINT ( 'NONE',  ( -2.149999999999999911, 2.632990618166809235E-16, -11.08111831820430915 ) ) ;
#3853 = CARTESIAN_POINT ( 'NONE',  ( -3.178163014309965728, 5.367705458522732620, -5.000000000000000888 ) ) ;
#3854 = ORIENTED_EDGE ( 'NONE', *, *, #2758, .T. ) ;
#3855 = ORIENTED_EDGE ( 'NONE', *, *, #2537, .F. ) ;
#3856 = DIRECTION ( 'NONE',  ( -0.000000000000000000, -0.000000000000000000, 1.000000000000000000 ) ) ;
#3857 = VECTOR ( 'NONE', #3090, 1000.000000000000000 ) ;
#3858 =( NAMED_UNIT ( * ) PLANE_ANGLE_UNIT ( ) SI_UNIT ( $, .RADIAN. ) );
#3859 = DIRECTION ( 'NONE',  ( 1.000000000000000000, 5.275267834618064930E-15, 0.000000000000000000 ) ) ;
#3860 = DIRECTION ( 'NONE',  ( 0.000000000000000000, 0.000000000000000000, -1.000000000000000000 ) ) ;
#3861 = EDGE_LOOP ( 'NONE', ( #4246, #4379, #4666, #4071 ) ) ;
#3862 = ORIENTED_EDGE ( 'NONE', *, *, #4475, .F. ) ;
#3863 = CIRCLE ( 'NONE', #2340, 8.500000000000000000 ) ;
#3864 = ADVANCED_FACE ( 'NONE', ( #958 ), #3533, .F. ) ;
#3865 = FACE_OUTER_BOUND ( 'NONE', #1509, .T. ) ;
#3866 = DIRECTION ( 'NONE',  ( 1.000000000000000000, 0.000000000000000000, 0.000000000000000000 ) ) ;
#3867 = CARTESIAN_POINT ( 'NONE',  ( 0.5867961629528900547, 7.069293181989119823, -15.00000000000000000 ) ) ;
#3868 = VERTEX_POINT ( 'NONE', #2416 ) ;
#3869 = EDGE_CURVE ( 'NONE', #2594, #752, #3934, .T. ) ;
#3870 = CARTESIAN_POINT ( 'NONE',  ( -7.625892554965187919, 3.754432412512783923, -5.000000000000000888 ) ) ;
#3871 = CARTESIAN_POINT ( 'NONE',  ( 0.5867961629528900547, 7.069293181989119823, -5.000000000000000000 ) ) ;
#3872 = EDGE_CURVE ( 'NONE', #4023, #2617, #4084, .T. ) ;
#3873 = AXIS2_PLACEMENT_3D ( 'NONE', #4275, #631, #1391 ) ;
#3874 = VERTEX_POINT ( 'NONE', #937 ) ;
#3875 = DIRECTION ( 'NONE',  ( 0.000000000000000000, 0.000000000000000000, -1.000000000000000000 ) ) ;
#3876 = VECTOR ( 'NONE', #4668, 1000.000000000000000 ) ;
#3877 = FACE_OUTER_BOUND ( 'NONE', #425, .T. ) ;
#3878 = LINE ( 'NONE', #1255, #843 ) ;
#3879 = ORIENTED_EDGE ( 'NONE', *, *, #1967, .T. ) ;
#3880 = ORIENTED_EDGE ( 'NONE', *, *, #3707, .F. ) ;
#3881 = DIRECTION ( 'NONE',  ( 0.000000000000000000, 0.000000000000000000, -1.000000000000000000 ) ) ;
#3882 = DIRECTION ( 'NONE',  ( 0.000000000000000000, 0.000000000000000000, -1.000000000000000000 ) ) ;
#3883 = AXIS2_PLACEMENT_3D ( 'NONE', #1201, #2277, #3735 ) ;
#3884 = DIRECTION ( 'NONE',  ( 1.000000000000000000, 0.000000000000000000, 0.000000000000000000 ) ) ;
#3885 = CARTESIAN_POINT ( 'NONE',  ( 0.000000000000000000, 0.000000000000000000, -5.000000000000000888 ) ) ;
#3886 = ORIENTED_EDGE ( 'NONE', *, *, #4501, .F. ) ;
#3887 = VECTOR ( 'NONE', #1192, 1000.000000000000000 ) ;
#3888 = CIRCLE ( 'NONE', #3200, 3.946090011793464747 ) ;
#3889 = DIRECTION ( 'NONE',  ( 0.000000000000000000, 0.000000000000000000, 1.000000000000000000 ) ) ;
#3890 = CARTESIAN_POINT ( 'NONE',  ( -0.2201930102709850068, -2.141373330323970592, 0.4115412065000016995 ) ) ;
#3891 = AXIS2_PLACEMENT_3D ( 'NONE', #1046, #363, #4358 ) ;
#3892 = AXIS2_PLACEMENT_3D ( 'NONE', #4612, #2779, #3596 ) ;
#3893 = CARTESIAN_POINT ( 'NONE',  ( -3.059487779958077969, -5.436222637021934645, -5.000000000000000888 ) ) ;
#3894 = EDGE_CURVE ( 'NONE', #85, #2643, #4676, .T. ) ;
#3895 = ORIENTED_EDGE ( 'NONE', *, *, #1556, .F. ) ;
#3896 = AXIS2_PLACEMENT_3D ( 'NONE', #2573, #700, #4714 ) ;
#3897 = CARTESIAN_POINT ( 'NONE',  ( -2.863138239108634853, 5.776310017815889708, -15.00000000000000000 ) ) ;
#3898 = DIRECTION ( 'NONE',  ( 0.000000000000000000, 0.000000000000000000, 1.000000000000000000 ) ) ;
#3899 = EDGE_CURVE ( 'NONE', #4686, #4538, #3937, .T. ) ;
#3900 = ORIENTED_EDGE ( 'NONE', *, *, #3478, .T. ) ;
#3901 = CARTESIAN_POINT ( 'NONE',  ( 6.881359251486566464, -4.328334005874769019, -14.81014041400568360 ) ) ;
#3902 = ADVANCED_FACE ( 'NONE', ( #981 ), #3845, .F. ) ;
#3903 = DIRECTION ( 'NONE',  ( 1.000000000000000000, 0.000000000000000000, 0.000000000000000000 ) ) ;
#3904 = FACE_OUTER_BOUND ( 'NONE', #151, .T. ) ;
#3905 = ORIENTED_EDGE ( 'NONE', *, *, #777, .F. ) ;
#3906 = EDGE_LOOP ( 'NONE', ( #4693, #3956, #3042, #2475, #3602 ) ) ;
#3907 = DIRECTION ( 'NONE',  ( 1.000000000000000000, 0.000000000000000000, 0.000000000000000000 ) ) ;
#3908 = DIRECTION ( 'NONE',  ( 1.000000000000000000, -2.208718528794109349E-15, 0.000000000000000000 ) ) ;
#3909 = CARTESIAN_POINT ( 'NONE',  ( 0.8958154394417949806, 7.036813947251400414, -15.00000000000000000 ) ) ;
#3910 = CYLINDRICAL_SURFACE ( 'NONE', #2026, 3.946090011793463859 ) ;
#3911 = ADVANCED_FACE ( 'NONE', ( #3171 ), #2818, .T. ) ;
#3912 = ORIENTED_EDGE ( 'NONE', *, *, #2331, .F. ) ;
#3913 = LINE ( 'NONE', #935, #216 ) ;
#3914 = DIRECTION ( 'NONE',  ( 1.000000000000000000, 0.000000000000000000, 0.000000000000000000 ) ) ;
#3915 = FACE_OUTER_BOUND ( 'NONE', #3906, .T. ) ;
#3916 = EDGE_LOOP ( 'NONE', ( #934, #2456, #1921, #3670 ) ) ;
#3917 = CARTESIAN_POINT ( 'NONE',  ( 7.064380123510373366, 4.727000472874061110, -5.000000000000000888 ) ) ;
#3918 = DIRECTION ( 'NONE',  ( 1.000000000000000000, 0.000000000000000000, 0.000000000000000000 ) ) ;
#3919 = FACE_BOUND ( 'NONE', #399, .T. ) ;
#3920 = ORIENTED_EDGE ( 'NONE', *, *, #3539, .T. ) ;
#3921 = CARTESIAN_POINT ( 'NONE',  ( 6.678658115143360163, 5.257901271511320473, -15.00000000000000000 ) ) ;
#3922 = ADVANCED_FACE ( 'NONE', ( #3915 ), #2032, .T. ) ;
#3923 = CARTESIAN_POINT ( 'NONE',  ( -7.892805129293771316, 3.154936955153629707, -14.43900000000000006 ) ) ;
#3924 = DIRECTION ( 'NONE',  ( 1.000000000000000000, 0.000000000000000000, 0.000000000000000000 ) ) ;
#3925 = ORIENTED_EDGE ( 'NONE', *, *, #4175, .F. ) ;
#3926 = EDGE_LOOP ( 'NONE', ( #594, #2479, #4397, #1440 ) ) ;
#3927 = CARTESIAN_POINT ( 'NONE',  ( 2.149999999999999911, 0.000000000000000000, -11.08111831820430915 ) ) ;
#3928 = EDGE_CURVE ( 'NONE', #516, #2746, #1051, .T. ) ;
#3929 = DIRECTION ( 'NONE',  ( 0.000000000000000000, 0.000000000000000000, 1.000000000000000000 ) ) ;
#3930 = CARTESIAN_POINT ( 'NONE',  ( -3.661195444389584885, 5.439417188801161096, -15.00000000000000000 ) ) ;
#3931 = ORIENTED_EDGE ( 'NONE', *, *, #4175, .T. ) ;
#3932 = EDGE_CURVE ( 'NONE', #1822, #4418, #3245, .T. ) ;
#3933 = ORIENTED_EDGE ( 'NONE', *, *, #1910, .T. ) ;
#3934 = CIRCLE ( 'NONE', #3022, 3.946090011793463859 ) ;
#3935 = CARTESIAN_POINT ( 'NONE',  ( -6.304564774301719687, -1.801131433982099406, -5.000000000000000888 ) ) ;
#3936 = DIRECTION ( 'NONE',  ( -0.000000000000000000, -0.000000000000000000, -1.000000000000000000 ) ) ;
#3937 = LINE ( 'NONE', #250, #806 ) ;
#3938 = VECTOR ( 'NONE', #1374, 1000.000000000000000 ) ;
#3939 = VERTEX_POINT ( 'NONE', #398 ) ;
#3940 = DIRECTION ( 'NONE',  ( 0.000000000000000000, 0.000000000000000000, 1.000000000000000000 ) ) ;
#3941 = DIRECTION ( 'NONE',  ( 1.000000000000000000, 0.000000000000000000, 0.000000000000000000 ) ) ;
#3942 = DIRECTION ( 'NONE',  ( 1.000000000000000000, 0.000000000000000000, 0.000000000000000000 ) ) ;
#3943 = ORIENTED_EDGE ( 'NONE', *, *, #4198, .T. ) ;
#3944 = CARTESIAN_POINT ( 'NONE',  ( -3.255837320807440260, -5.776310017815849740, -15.00000000000000000 ) ) ;
#3945 = CARTESIAN_POINT ( 'NONE',  ( -1.074999999999999956, 0.000000000000000000, 9.001000000000001222 ) ) ;
#3946 = ORIENTED_EDGE ( 'NONE', *, *, #2556, .F. ) ;
#3947 = EDGE_CURVE ( 'NONE', #4217, #203, #3167, .T. ) ;
#3948 = ORIENTED_EDGE ( 'NONE', *, *, #2556, .T. ) ;
#3949 = LINE ( 'NONE', #2950, #361 ) ;
#3950 = AXIS2_PLACEMENT_3D ( 'NONE', #2088, #4562, #2111 ) ;
#3951 = FACE_OUTER_BOUND ( 'NONE', #2535, .T. ) ;
#3952 = CARTESIAN_POINT ( 'NONE',  ( 2.149999999999999911, 0.000000000000000000, 9.000000000000000000 ) ) ;
#3953 = AXIS2_PLACEMENT_3D ( 'NONE', #158, #1918, #3084 ) ;
#3954 = ORIENTED_EDGE ( 'NONE', *, *, #2242, .T. ) ;
#3955 = EDGE_CURVE ( 'NONE', #3136, #1279, #3962, .T. ) ;
#3956 = ORIENTED_EDGE ( 'NONE', *, *, #4182, .T. ) ;
#3957 = AXIS2_PLACEMENT_3D ( 'NONE', #2582, #2200, #4349 ) ;
#3958 = AXIS2_PLACEMENT_3D ( 'NONE', #691, #662, #376 ) ;
#3959 = CARTESIAN_POINT ( 'NONE',  ( 0.4197949155256257558, -9.993047467321252597, 0.4420452754213595736 ) ) ;
#3960 = EDGE_CURVE ( 'NONE', #4643, #3246, #1124, .T. ) ;
#3961 = CARTESIAN_POINT ( 'NONE',  ( -0.9887447009659762198, -1.911400609974224007, 3.262041804182540083 ) ) ;
#3962 = LINE ( 'NONE', #4408, #342 ) ;
#3963 = CIRCLE ( 'NONE', #2215, 0.3926990816987240285 ) ;
#3964 = AXIS2_PLACEMENT_3D ( 'NONE', #3237, #2193, #704 ) ;
#3965 = ORIENTED_EDGE ( 'NONE', *, *, #4662, .T. ) ;
#3966 = CARTESIAN_POINT ( 'NONE',  ( 3.585325031559044362, 7.296096547641603536, -14.81014041400568892 ) ) ;
#3967 = CARTESIAN_POINT ( 'NONE',  ( 0.000000000000000000, 0.000000000000000000, -5.000000000000000888 ) ) ;
#3968 = AXIS2_PLACEMENT_3D ( 'NONE', #975, #2387, #243 ) ;
#3969 = CARTESIAN_POINT ( 'NONE',  ( -0.7612021176879769646, 6.586866130225329741, -5.000000000000000000 ) ) ;
#3970 = AXIS2_PLACEMENT_3D ( 'NONE', #2600, #1188, #1207 ) ;
#3971 = CIRCLE ( 'NONE', #2514, 3.946090011793464303 ) ;
#3972 = VERTEX_POINT ( 'NONE', #1884 ) ;
#3973 = CARTESIAN_POINT ( 'NONE',  ( 3.962676671442850296, -7.519786805329170321, -14.43900000000000006 ) ) ;
#3974 = CARTESIAN_POINT ( 'NONE',  ( 6.969229953101049979, 1.322523984876393888, -15.00000000000000000 ) ) ;
#3975 = ORIENTED_EDGE ( 'NONE', *, *, #505, .F. ) ;
#3976 = ORIENTED_EDGE ( 'NONE', *, *, #4120, .F. ) ;
#3977 = DIRECTION ( 'NONE',  ( 1.000000000000000000, 0.000000000000000000, 0.000000000000000000 ) ) ;
#3978 = CARTESIAN_POINT ( 'NONE',  ( -4.832165513222579811, -6.299039407149510161, -15.00000000000000000 ) ) ;
#3979 = EDGE_CURVE ( 'NONE', #1831, #816, #4697, .T. ) ;
#3980 = LINE ( 'NONE', #2190, #1380 ) ;
#3981 = ORIENTED_EDGE ( 'NONE', *, *, #3452, .F. ) ;
#3982 = VERTEX_POINT ( 'NONE', #1149 ) ;
#3983 = CARTESIAN_POINT ( 'NONE',  ( 1.272303000345371249, -1.734582840258397374, 2.975321568944492512 ) ) ;
#3984 = EDGE_CURVE ( 'NONE', #1762, #1798, #225, .T. ) ;
#3985 = CARTESIAN_POINT ( 'NONE',  ( -2.312631089370634996, -8.179348228586221126, -14.43900000000000006 ) ) ;
#3986 = DIRECTION ( 'NONE',  ( 1.000000000000000000, 0.000000000000000000, 0.000000000000000000 ) ) ;
#3987 = VERTEX_POINT ( 'NONE', #2958 ) ;
#3988 = CYLINDRICAL_SURFACE ( 'NONE', #356, 3.946090011793464747 ) ;
#3989 = CARTESIAN_POINT ( 'NONE',  ( -6.499706345634449711, -1.311507339667445704, -15.00000000000000000 ) ) ;
#3990 = DIRECTION ( 'NONE',  ( 1.000000000000000000, 0.000000000000000000, 0.000000000000000000 ) ) ;
#3991 = ORIENTED_EDGE ( 'NONE', *, *, #3730, .T. ) ;
#3992 = CARTESIAN_POINT ( 'NONE',  ( 5.858102655693469885, 2.178332682433330003, -15.00000000000000000 ) ) ;
#3993 = EDGE_CURVE ( 'NONE', #1854, #2685, #2264, .T. ) ;
#3994 = CYLINDRICAL_SURFACE ( 'NONE', #523, 3.946090011793464747 ) ;
#3995 = ORIENTED_EDGE ( 'NONE', *, *, #1497, .F. ) ;
#3996 = VERTEX_POINT ( 'NONE', #4341 ) ;
#3997 = LINE ( 'NONE', #2928, #3876 ) ;
#3998 = CARTESIAN_POINT ( 'NONE',  ( 4.532258254890299654, 7.150734793171870329, -14.47295908838064094 ) ) ;
#3999 = ORIENTED_EDGE ( 'NONE', *, *, #534, .F. ) ;
#4000 = ORIENTED_EDGE ( 'NONE', *, *, #860, .T. ) ;
#4001 = CARTESIAN_POINT ( 'NONE',  ( 0.8251504999246707106, -1.995647092769536446, 3.386896964905572016 ) ) ;
#4002 = CARTESIAN_POINT ( 'NONE',  ( -0.4406980812811374659, -2.114069895293811285, 3.552482469235367812 ) ) ;
#4003 = CARTESIAN_POINT ( 'NONE',  ( 1.214147014147806125, 8.412838226660879215, -15.00000000000000000 ) ) ;
#4004 = ORIENTED_EDGE ( 'NONE', *, *, #2823, .T. ) ;
#4005 = ADVANCED_FACE ( 'NONE', ( #1839 ), #2534, .T. ) ;
#4006 = DIRECTION ( 'NONE',  ( 1.000000000000000000, 2.208718528794109349E-15, 0.000000000000000000 ) ) ;
#4007 = DIRECTION ( 'NONE',  ( 1.000000000000000000, 0.000000000000000000, 0.000000000000000000 ) ) ;
#4008 = LINE ( 'NONE', #1864, #2056 ) ;
#4009 = CIRCLE ( 'NONE', #1120, 0.3926990816987240285 ) ;
#4010 = FACE_OUTER_BOUND ( 'NONE', #3250, .T. ) ;
#4011 = AXIS2_PLACEMENT_3D ( 'NONE', #4231, #2070, #1633 ) ;
#4012 = EDGE_CURVE ( 'NONE', #516, #793, #726, .T. ) ;
#4013 = ORIENTED_EDGE ( 'NONE', *, *, #2057, .F. ) ;
#4014 = VECTOR ( 'NONE', #4480, 1000.000000000000000 ) ;
#4015 = DIRECTION ( 'NONE',  ( 0.000000000000000000, 0.000000000000000000, -1.000000000000000000 ) ) ;
#4016 = CYLINDRICAL_SURFACE ( 'NONE', #924, 0.3926990816987240285 ) ;
#4017 = EDGE_LOOP ( 'NONE', ( #2280, #374, #4132, #16 ) ) ;
#4018 = VERTEX_POINT ( 'NONE', #687 ) ;
#4019 = CARTESIAN_POINT ( 'NONE',  ( -3.255837320807440260, -5.776310017815849740, -5.000000000000000000 ) ) ;
#4020 = DIRECTION ( 'NONE',  ( 1.000000000000000000, 0.000000000000000000, 0.000000000000000000 ) ) ;
#4021 = CARTESIAN_POINT ( 'NONE',  ( 6.541271189478328196, 0.4509796686607177030, -5.000000000000000888 ) ) ;
#4022 = ORIENTED_EDGE ( 'NONE', *, *, #241, .T. ) ;
#4023 = VERTEX_POINT ( 'NONE', #3680 ) ;
#4024 = CARTESIAN_POINT ( 'NONE',  ( 1.383546533992602745, -1.647223949487946371, 1.190169157375685849 ) ) ;
#4025 = AXIS2_PLACEMENT_3D ( 'NONE', #3944, #4610, #3595 ) ;
#4026 = CARTESIAN_POINT ( 'NONE',  ( -5.026920358780703424, -4.209712952485081594, -5.000000000000000888 ) ) ;
#4027 = CARTESIAN_POINT ( 'NONE',  ( -2.339275608533189832, 6.696792176639190686, -5.000000000000000000 ) ) ;
#4028 = VERTEX_POINT ( 'NONE', #4365 ) ;
#4029 = AXIS2_PLACEMENT_3D ( 'NONE', #4062, #2518, #1936 ) ;
#4030 = CARTESIAN_POINT ( 'NONE',  ( 0.000000000000000000, 0.000000000000000000, -15.00000000000000000 ) ) ;
#4031 = DIRECTION ( 'NONE',  ( 0.000000000000000000, 0.000000000000000000, 1.000000000000000000 ) ) ;
#4032 = CARTESIAN_POINT ( 'NONE',  ( 4.385651846219070116, 4.973157142624549998, -15.00000000000000000 ) ) ;
#4033 = AXIS2_PLACEMENT_3D ( 'NONE', #2031, #605, #3553 ) ;
#4034 = ADVANCED_FACE ( 'NONE', ( #2152 ), #2195, .T. ) ;
#4035 = AXIS2_PLACEMENT_3D ( 'NONE', #278, #1745, #3198 ) ;
#4036 = CARTESIAN_POINT ( 'NONE',  ( -6.541967359745250121, -2.742608045966819841, -15.00000000000000000 ) ) ;
#4037 = ORIENTED_EDGE ( 'NONE', *, *, #1421, .F. ) ;
#4038 = AXIS2_PLACEMENT_3D ( 'NONE', #1548, #3331, #4433 ) ;
#4039 = AXIS2_PLACEMENT_3D ( 'NONE', #369, #1027, #2912 ) ;
#4040 = CARTESIAN_POINT ( 'NONE',  ( 0.3077675794083939431, 8.123598927291801886, -14.81014041400569958 ) ) ;
#4041 = CARTESIAN_POINT ( 'NONE',  ( 0.000000000000000000, 0.000000000000000000, -5.000000000000000888 ) ) ;
#4042 = EDGE_CURVE ( 'NONE', #1025, #3780, #4009, .T. ) ;
#4043 = AXIS2_PLACEMENT_3D ( 'NONE', #842, #3414, #888 ) ;
#4044 = ORIENTED_EDGE ( 'NONE', *, *, #3928, .F. ) ;
#4045 = ORIENTED_EDGE ( 'NONE', *, *, #4129, .F. ) ;
#4046 = CARTESIAN_POINT ( 'NONE',  ( -6.087097636196789452, -1.363900437125062037, -15.00000000000000000 ) ) ;
#4047 = EDGE_CURVE ( 'NONE', #3630, #2339, #1943, .T. ) ;
#4048 = CARTESIAN_POINT ( 'NONE',  ( 5.698377549464379577, 2.537081144739619987, -5.000000000000000000 ) ) ;
#4049 = DIRECTION ( 'NONE',  ( 0.000000000000000000, 0.000000000000000000, 1.000000000000000000 ) ) ;
#4050 = ORIENTED_EDGE ( 'NONE', *, *, #1436, .T. ) ;
#4051 = ORIENTED_EDGE ( 'NONE', *, *, #3517, .F. ) ;
#4052 = ADVANCED_FACE ( 'NONE', ( #2173 ), #2013, .T. ) ;
#4053 = CARTESIAN_POINT ( 'NONE',  ( 0.8068281258846764503, -9.969261615278140809, 3.397297092967156651 ) ) ;
#4054 = EDGE_CURVE ( 'NONE', #4023, #2904, #783, .T. ) ;
#4055 = CARTESIAN_POINT ( 'NONE',  ( 10.00000000000000000, 1.224646799147353256E-15, 6.999999999999999112 ) ) ;
#4056 = DIRECTION ( 'NONE',  ( 0.000000000000000000, 0.000000000000000000, 1.000000000000000000 ) ) ;
#4057 = ORIENTED_EDGE ( 'NONE', *, *, #1734, .T. ) ;
#4058 = CYLINDRICAL_SURFACE ( 'NONE', #2216, 3.946090011793464747 ) ;
#4059 = DIRECTION ( 'NONE',  ( 0.000000000000000000, 0.000000000000000000, -1.000000000000000000 ) ) ;
#4060 = CARTESIAN_POINT ( 'NONE',  ( 6.630349875966790485, -0.06851717849924808534, -15.00000000000000000 ) ) ;
#4061 = ORIENTED_EDGE ( 'NONE', *, *, #685, .T. ) ;
#4062 = CARTESIAN_POINT ( 'NONE',  ( 3.680498208442175123, 6.064088453133590129, -15.00000000000000000 ) ) ;
#4063 = DIRECTION ( 'NONE',  ( 0.000000000000000000, 0.000000000000000000, -1.000000000000000000 ) ) ;
#4064 = EDGE_LOOP ( 'NONE', ( #4519, #4173, #3912, #4469 ) ) ;
#4065 = ORIENTED_EDGE ( 'NONE', *, *, #894, .T. ) ;
#4066 = CARTESIAN_POINT ( 'NONE',  ( 6.237650794268055243, -0.06851717849924808534, -5.000000000000000888 ) ) ;
#4067 = EDGE_CURVE ( 'NONE', #3146, #1971, #946, .T. ) ;
#4068 = DIRECTION ( 'NONE',  ( 0.000000000000000000, 0.000000000000000000, 1.000000000000000000 ) ) ;
#4069 = FACE_OUTER_BOUND ( 'NONE', #1348, .T. ) ;
#4070 =( GEOMETRIC_REPRESENTATION_CONTEXT ( 3 ) GLOBAL_UNCERTAINTY_ASSIGNED_CONTEXT ( ( #2081 ) ) GLOBAL_UNIT_ASSIGNED_CONTEXT ( ( #2978, #4690, #2259 ) ) REPRESENTATION_CONTEXT ( 'NONE', 'WORKASPACE' ) );
#4071 = ORIENTED_EDGE ( 'NONE', *, *, #2057, .T. ) ;
#4072 = VERTEX_POINT ( 'NONE', #1594 ) ;
#4073 = CARTESIAN_POINT ( 'NONE',  ( 1.518331122473633332, -9.884144482765801598, 2.515402230381838855 ) ) ;
#4074 = DIRECTION ( 'NONE',  ( 0.000000000000000000, 0.000000000000000000, -1.000000000000000000 ) ) ;
#4075 = EDGE_CURVE ( 'NONE', #4580, #2757, #4218, .T. ) ;
#4076 = CARTESIAN_POINT ( 'NONE',  ( -4.832165513222490105, 6.299039407149580327, -15.00000000000000000 ) ) ;
#4077 = EDGE_LOOP ( 'NONE', ( #4476, #2909, #1458, #54 ) ) ;
#4078 = DIRECTION ( 'NONE',  ( 0.000000000000000000, 0.000000000000000000, -1.000000000000000000 ) ) ;
#4079 = CARTESIAN_POINT ( 'NONE',  ( 4.520812613887479792, 6.714972451424010558, -14.84440871154355968 ) ) ;
#4080 = DIRECTION ( 'NONE',  ( 0.000000000000000000, 0.000000000000000000, 1.000000000000000000 ) ) ;
#4081 = ORIENTED_EDGE ( 'NONE', *, *, #1683, .F. ) ;
#4082 = VECTOR ( 'NONE', #1402, 1000.000000000000000 ) ;
#4083 = DIRECTION ( 'NONE',  ( 0.000000000000000000, 0.000000000000000000, -1.000000000000000000 ) ) ;
#4084 = CIRCLE ( 'NONE', #3474, 0.3926990816987240285 ) ;
#4085 = CARTESIAN_POINT ( 'NONE',  ( -5.557078755425728822, -3.480012520356875694, -5.000000000000000888 ) ) ;
#4086 = ORIENTED_EDGE ( 'NONE', *, *, #2619, .F. ) ;
#4087 = VERTEX_POINT ( 'NONE', #2317 ) ;
#4088 = CARTESIAN_POINT ( 'NONE',  ( 0.5615124314546109385, -8.481432885382790943, -15.00000000000000000 ) ) ;
#4089 = CIRCLE ( 'NONE', #972, 2.149999999999999911 ) ;
#4090 = CARTESIAN_POINT ( 'NONE',  ( 6.904627332918070515, -1.626455416940420173, -15.00000000000000000 ) ) ;
#4091 = EDGE_CURVE ( 'NONE', #3378, #4098, #2294, .T. ) ;
#4092 = ORIENTED_EDGE ( 'NONE', *, *, #2322, .T. ) ;
#4093 = ORIENTED_EDGE ( 'NONE', *, *, #4245, .T. ) ;
#4094 = CARTESIAN_POINT ( 'NONE',  ( 8.376276677048075214, 1.444987553420614468, -5.000000000000000888 ) ) ;
#4095 = EDGE_CURVE ( 'NONE', #414, #1781, #4142, .T. ) ;
#4096 = CARTESIAN_POINT ( 'NONE',  ( 4.122884871565430487, 4.681324852090419597, -5.000000000000000000 ) ) ;
#4097 = AXIS2_PLACEMENT_3D ( 'NONE', #2045, #4644, #4546 ) ;
#4098 = VERTEX_POINT ( 'NONE', #1194 ) ;
#4099 = EDGE_CURVE ( 'NONE', #4418, #1822, #2850, .T. ) ;
#4100 = AXIS2_PLACEMENT_3D ( 'NONE', #673, #3231, #1420 ) ;
#4101 = DIRECTION ( 'NONE',  ( 1.000000000000000000, 0.000000000000000000, 0.000000000000000000 ) ) ;
#4102 = CARTESIAN_POINT ( 'NONE',  ( -4.931093259559649944, 3.952653436445065616, -15.00000000000000000 ) ) ;
#4103 = DIRECTION ( 'NONE',  ( 1.000000000000000000, 0.000000000000000000, 0.000000000000000000 ) ) ;
#4104 = ORIENTED_EDGE ( 'NONE', *, *, #549, .T. ) ;
#4105 = DIRECTION ( 'NONE',  ( 1.000000000000000000, 0.000000000000000000, 0.000000000000000000 ) ) ;
#4106 = CONICAL_SURFACE ( 'NONE', #3810, 8.500000000000000000, 0.7853981633974476129 ) ;
#4107 = CARTESIAN_POINT ( 'NONE',  ( -6.087097636196769024, 1.363900437125145970, -15.00000000000000000 ) ) ;
#4108 = ORIENTED_EDGE ( 'NONE', *, *, #1573, .T. ) ;
#4109 = AXIS2_PLACEMENT_3D ( 'NONE', #1455, #4696, #1784 ) ;
#4110 = AXIS2_PLACEMENT_3D ( 'NONE', #177, #1641, #2367 ) ;
#4111 = ORIENTED_EDGE ( 'NONE', *, *, #441, .T. ) ;
#4112 = CARTESIAN_POINT ( 'NONE',  ( 1.214147014145556147, -8.412838226665328989, -14.43900000000000006 ) ) ;
#4113 = CARTESIAN_POINT ( 'NONE',  ( -5.006092110488669533, 3.721830707633755342, -15.00000000000000000 ) ) ;
#4114 = AXIS2_PLACEMENT_3D ( 'NONE', #1937, #1608, #2325 ) ;
#4115 = DIRECTION ( 'NONE',  ( 0.000000000000000000, 0.000000000000000000, -1.000000000000000000 ) ) ;
#4116 = ORIENTED_EDGE ( 'NONE', *, *, #3639, .T. ) ;
#4117 = ORIENTED_EDGE ( 'NONE', *, *, #418, .T. ) ;
#4118 = AXIS2_PLACEMENT_3D ( 'NONE', #3046, #3001, #475 ) ;
#4119 = CARTESIAN_POINT ( 'NONE',  ( 5.792318625829869561, -3.072565112851045388, -5.000000000000000000 ) ) ;
#4120 = EDGE_CURVE ( 'NONE', #118, #1831, #3301, .T. ) ;
#4121 = LINE ( 'NONE', #3361, #1297 ) ;
#4122 = DIRECTION ( 'NONE',  ( 0.000000000000000000, 0.000000000000000000, 1.000000000000000000 ) ) ;
#4123 = ORIENTED_EDGE ( 'NONE', *, *, #690, .F. ) ;
#4124 = EDGE_CURVE ( 'NONE', #2782, #3551, #3381, .T. ) ;
#4125 = CYLINDRICAL_SURFACE ( 'NONE', #2210, 8.500000000000000000 ) ;
#4126 = CARTESIAN_POINT ( 'NONE',  ( -3.661195444389659936, -5.439417188801110470, -15.00000000000000000 ) ) ;
#4127 = FACE_OUTER_BOUND ( 'NONE', #2234, .T. ) ;
#4128 = ORIENTED_EDGE ( 'NONE', *, *, #3899, .F. ) ;
#4129 = EDGE_CURVE ( 'NONE', #4687, #4336, #4673, .T. ) ;
#4130 = DIRECTION ( 'NONE',  ( 0.000000000000000000, 0.000000000000000000, -1.000000000000000000 ) ) ;
#4131 = CARTESIAN_POINT ( 'NONE',  ( -6.115588681060454945, 1.229860609608969035, -5.000000000000000888 ) ) ;
#4132 = ORIENTED_EDGE ( 'NONE', *, *, #2015, .F. ) ;
#4133 = ORIENTED_EDGE ( 'NONE', *, *, #4129, .T. ) ;
#4134 = CARTESIAN_POINT ( 'NONE',  ( -0.7101547461982510301, -9.975224081572797274, 3.437593693028939246 ) ) ;
#4135 = EDGE_CURVE ( 'NONE', #2612, #4217, #2363, .T. ) ;
#4136 = CARTESIAN_POINT ( 'NONE',  ( 5.646151920303509542, -4.294205901284565030, -5.000000000000000000 ) ) ;
#4137 = DIRECTION ( 'NONE',  ( 0.000000000000000000, 0.000000000000000000, 1.000000000000000000 ) ) ;
#4138 = ORIENTED_EDGE ( 'NONE', *, *, #4236, .T. ) ;
#4139 = ORIENTED_EDGE ( 'NONE', *, *, #1272, .F. ) ;
#4140 = CARTESIAN_POINT ( 'NONE',  ( -3.661195444389659936, -5.439417188801110470, -15.00000000000000000 ) ) ;
#4141 = CARTESIAN_POINT ( 'NONE',  ( -5.006092110488720159, -3.721830707633684732, -15.00000000000000000 ) ) ;
#4142 = LINE ( 'NONE', #102, #171 ) ;
#4143 = ORIENTED_EDGE ( 'NONE', *, *, #1247, .F. ) ;
#4144 = CARTESIAN_POINT ( 'NONE',  ( -6.492092665173079702, -0.9188820722216880510, -15.00000000000000000 ) ) ;
#4145 = AXIS2_PLACEMENT_3D ( 'NONE', #878, #1954, #2269 ) ;
#4146 = DIRECTION ( 'NONE',  ( 0.000000000000000000, 0.000000000000000000, 1.000000000000000000 ) ) ;
#4147 = FACE_OUTER_BOUND ( 'NONE', #1537, .T. ) ;
#4148 = EDGE_CURVE ( 'NONE', #1073, #1488, #870, .T. ) ;
#4149 = PRESENTATION_LAYER_ASSIGNMENT (  '', '', ( #4527 ) ) ;
#4150 = ORIENTED_EDGE ( 'NONE', *, *, #2383, .T. ) ;
#4151 = DIRECTION ( 'NONE',  ( 0.000000000000000000, 0.000000000000000000, 1.000000000000000000 ) ) ;
#4152 = CARTESIAN_POINT ( 'NONE',  ( -7.625892554961530401, 3.754432412510970263, -15.00000000000000000 ) ) ;
#4153 = EDGE_CURVE ( 'NONE', #1404, #4709, #1558, .T. ) ;
#4154 = ORIENTED_EDGE ( 'NONE', *, *, #1394, .T. ) ;
#4155 = ORIENTED_EDGE ( 'NONE', *, *, #328, .F. ) ;
#4156 = CARTESIAN_POINT ( 'NONE',  ( -2.312631089366765202, 8.179348228583069869, -14.43900000000409989 ) ) ;
#4157 = ADVANCED_FACE ( 'NONE', ( #462 ), #3818, .F. ) ;
#4158 = DIRECTION ( 'NONE',  ( -0.000000000000000000, -0.000000000000000000, -1.000000000000000000 ) ) ;
#4159 = LINE ( 'NONE', #895, #1422 ) ;
#4160 = CIRCLE ( 'NONE', #4542, 3.946090011793464747 ) ;
#4161 = B_SPLINE_CURVE_WITH_KNOTS ( 'NONE', 3,
 ( #3100, #3531, #4550, #270 ),
 .UNSPECIFIED., .F., .F.,
 ( 4, 4 ),
 ( 0.000000000000000000, 1.000000000000000000 ),
 .UNSPECIFIED. ) ;
#4162 = VERTEX_POINT ( 'NONE', #3008 ) ;
#4163 = ORIENTED_EDGE ( 'NONE', *, *, #360, .F. ) ;
#4164 = DIRECTION ( 'NONE',  ( 0.000000000000000000, 0.000000000000000000, 1.000000000000000000 ) ) ;
#4165 = DIRECTION ( 'NONE',  ( 1.000000000000000000, 0.000000000000000000, 0.000000000000000000 ) ) ;
#4166 = DIRECTION ( 'NONE',  ( 0.000000000000000000, 0.000000000000000000, -1.000000000000000000 ) ) ;
#4167 = ORIENTED_EDGE ( 'NONE', *, *, #241, .F. ) ;
#4168 = CARTESIAN_POINT ( 'NONE',  ( -6.471215300770750467, 1.445547167183711901, -15.00000000000000000 ) ) ;
#4169 = CIRCLE ( 'NONE', #1431, 0.3926990816987240285 ) ;
#4170 = CARTESIAN_POINT ( 'NONE',  ( 6.969229953101049979, 1.322523984876393888, -5.000000000000000000 ) ) ;
#4171 = DIRECTION ( 'NONE',  ( 1.000000000000000000, 0.000000000000000000, 0.000000000000000000 ) ) ;
#4172 = VECTOR ( 'NONE', #3020, 1000.000000000000000 ) ;
#4173 = ORIENTED_EDGE ( 'NONE', *, *, #3000, .F. ) ;
#4174 = DIRECTION ( 'NONE',  ( 1.000000000000000000, 0.000000000000000000, 0.000000000000000000 ) ) ;
#4175 = EDGE_CURVE ( 'NONE', #1212, #3630, #1259, .T. ) ;
#4176 = CYLINDRICAL_SURFACE ( 'NONE', #2754, 3.946090011793463859 ) ;
#4177 = AXIS2_PLACEMENT_3D ( 'NONE', #426, #4151, #1606 ) ;
#4178 = ORIENTED_EDGE ( 'NONE', *, *, #1417, .F. ) ;
#4179 = ORIENTED_EDGE ( 'NONE', *, *, #2095, .F. ) ;
#4180 = CIRCLE ( 'NONE', #1143, 7.939000000000000057 ) ;
#4181 = DIRECTION ( 'NONE',  ( 0.000000000000000000, 0.000000000000000000, -1.000000000000000000 ) ) ;
#4182 = EDGE_CURVE ( 'NONE', #162, #2849, #1527, .T. ) ;
#4183 = CARTESIAN_POINT ( 'NONE',  ( -4.000000000000000000, 0.000000000000000000, 9.000000000000000000 ) ) ;
#4184 = DIRECTION ( 'NONE',  ( 0.000000000000000000, 0.000000000000000000, -1.000000000000000000 ) ) ;
#4185 = VECTOR ( 'NONE', #3127, 1000.000000000000000 ) ;
#4186 = CIRCLE ( 'NONE', #2444, 3.946090011793464747 ) ;
#4187 = VERTEX_POINT ( 'NONE', #2626 ) ;
#4188 = VERTEX_POINT ( 'NONE', #3055 ) ;
#4189 = DIRECTION ( 'NONE',  ( 1.000000000000000000, 0.000000000000000000, 0.000000000000000000 ) ) ;
#4190 = VECTOR ( 'NONE', #2076, 1000.000000000000000 ) ;
#4191 = EDGE_CURVE ( 'NONE', #1971, #805, #4503, .T. ) ;
#4192 = AXIS2_PLACEMENT_3D ( 'NONE', #2832, #1039, #3903 ) ;
#4193 = DIRECTION ( 'NONE',  ( 0.000000000000000000, 0.000000000000000000, 1.000000000000000000 ) ) ;
#4194 = CARTESIAN_POINT ( 'NONE',  ( 1.606814403260189872, -6.696792176639159599, -5.000000000000000888 ) ) ;
#4195 = EDGE_CURVE ( 'NONE', #2658, #348, #4454, .T. ) ;
#4196 = VECTOR ( 'NONE', #354, 1000.000000000000000 ) ;
#4197 = ORIENTED_EDGE ( 'NONE', *, *, #4309, .T. ) ;
#4198 = EDGE_CURVE ( 'NONE', #4631, #702, #164, .T. ) ;
#4199 = CARTESIAN_POINT ( 'NONE',  ( 8.215922710922589189, -1.291336172830204632, -14.62314041400569842 ) ) ;
#4200 = CYLINDRICAL_SURFACE ( 'NONE', #2135, 0.3926990816987240285 ) ;
#4201 = DIRECTION ( 'NONE',  ( 0.000000000000000000, 0.000000000000000000, 1.000000000000000000 ) ) ;
#4202 = EDGE_LOOP ( 'NONE', ( #4223, #2153, #2548, #2789 ) ) ;
#4203 = CYLINDRICAL_SURFACE ( 'NONE', #4035, 3.946090011793464747 ) ;
#4204 = DIRECTION ( 'NONE',  ( 0.000000000000000000, 0.000000000000000000, 1.000000000000000000 ) ) ;
#4205 = ORIENTED_EDGE ( 'NONE', *, *, #360, .T. ) ;
#4206 = CARTESIAN_POINT ( 'NONE',  ( -5.439534267935940193, 6.531574614737340134, -15.00000000000000000 ) ) ;
#4207 = CARTESIAN_POINT ( 'NONE',  ( 0.000000000000000000, 0.000000000000000000, -14.43900000000000006 ) ) ;
#4208 = CARTESIAN_POINT ( 'NONE',  ( 8.239838897035610898, 2.086876841318055398, -15.00000000000000000 ) ) ;
#4209 = ORIENTED_EDGE ( 'NONE', *, *, #1361, .T. ) ;
#4210 = EDGE_CURVE ( 'NONE', #2470, #4072, #3032, .T. ) ;
#4211 = VERTEX_POINT ( 'NONE', #1240 ) ;
#4212 = LINE ( 'NONE', #1758, #4477 ) ;
#4213 =( LENGTH_UNIT ( ) NAMED_UNIT ( * ) SI_UNIT ( .MILLI., .METRE. ) );
#4214 = CARTESIAN_POINT ( 'NONE',  ( 1.214147014147699988, -8.412838226660898755, -15.00000000000000000 ) ) ;
#4215 = CARTESIAN_POINT ( 'NONE',  ( -6.182989888687189683, -0.9127628587929980108, -15.00000000000000000 ) ) ;
#4216 = EDGE_CURVE ( 'NONE', #1610, #429, #150, .T. ) ;
#4217 = VERTEX_POINT ( 'NONE', #4194 ) ;
#4218 = CIRCLE ( 'NONE', #1101, 7.939000000000000057 ) ;
#4219 = DIRECTION ( 'NONE',  ( 0.000000000000000000, 0.000000000000000000, -1.000000000000000000 ) ) ;
#4220 = ADVANCED_FACE ( 'NONE', ( #1691 ), #4599, .T. ) ;
#4221 = CYLINDRICAL_SURFACE ( 'NONE', #2517, 0.3926990816987240285 ) ;
#4222 = DIRECTION ( 'NONE',  ( 0.000000000000000000, 0.000000000000000000, -1.000000000000000000 ) ) ;
#4223 = ORIENTED_EDGE ( 'NONE', *, *, #2121, .F. ) ;
#4224 = CIRCLE ( 'NONE', #717, 0.3926990816987240285 ) ;
#4225 = FACE_OUTER_BOUND ( 'NONE', #1349, .T. ) ;
#4226 = FACE_OUTER_BOUND ( 'NONE', #3470, .T. ) ;
#4227 = VERTEX_POINT ( 'NONE', #173 ) ;
#4228 = DIRECTION ( 'NONE',  ( 0.000000000000000000, 0.000000000000000000, 1.000000000000000000 ) ) ;
#4229 = VECTOR ( 'NONE', #2104, 1000.000000000000000 ) ;
#4230 = CARTESIAN_POINT ( 'NONE',  ( 6.630349875966790485, -0.06851717849924808534, -5.000000000000000000 ) ) ;
#4231 = CARTESIAN_POINT ( 'NONE',  ( 0.000000000000000000, 0.000000000000000000, -14.43900000000000006 ) ) ;
#4232 = ORIENTED_EDGE ( 'NONE', *, *, #3634, .T. ) ;
#4233 = EDGE_LOOP ( 'NONE', ( #1217, #3760, #3427, #352 ) ) ;
#4234 = DIRECTION ( 'NONE',  ( 0.000000000000000000, 0.000000000000000000, -1.000000000000000000 ) ) ;
#4235 = CYLINDRICAL_SURFACE ( 'NONE', #875, 0.3926990816987240285 ) ;
#4236 = EDGE_CURVE ( 'NONE', #1629, #3996, #2251, .T. ) ;
#4237 = VECTOR ( 'NONE', #2607, 1000.000000000000114 ) ;
#4238 = CYLINDRICAL_SURFACE ( 'NONE', #3968, 5.000000000000000000 ) ;
#4239 = LINE ( 'NONE', #602, #3703 ) ;
#4240 = ORIENTED_EDGE ( 'NONE', *, *, #322, .T. ) ;
#4241 = DIRECTION ( 'NONE',  ( 0.000000000000000000, 0.000000000000000000, -1.000000000000000000 ) ) ;
#4242 = EDGE_CURVE ( 'NONE', #4385, #2738, #572, .T. ) ;
#4243 = CARTESIAN_POINT ( 'NONE',  ( -5.000000000000000000, 0.000000000000000000, -3.000000000000000888 ) ) ;
#4244 = DIRECTION ( 'NONE',  ( 1.000000000000000000, 1.656538896595582110E-15, 0.000000000000000000 ) ) ;
#4245 = EDGE_CURVE ( 'NONE', #4018, #4098, #4224, .T. ) ;
#4246 = ORIENTED_EDGE ( 'NONE', *, *, #421, .F. ) ;
#4247 = CYLINDRICAL_SURFACE ( 'NONE', #437, 3.946090011793464747 ) ;
#4248 = DIRECTION ( 'NONE',  ( 0.000000000000000000, 0.000000000000000000, -1.000000000000000000 ) ) ;
#4249 = ORIENTED_EDGE ( 'NONE', *, *, #328, .T. ) ;
#4250 = DIRECTION ( 'NONE',  ( 1.000000000000000000, 0.000000000000000000, 0.000000000000000000 ) ) ;
#4251 = CIRCLE ( 'NONE', #3950, 0.3926990816987240285 ) ;
#4252 = ADVANCED_FACE ( 'NONE', ( #933 ), #952, .T. ) ;
#4253 = CARTESIAN_POINT ( 'NONE',  ( -3.059487779958075304, -5.436222637021930204, -15.00000000000000000 ) ) ;
#4254 = DIRECTION ( 'NONE',  ( 1.000000000000000000, 0.000000000000000000, 0.000000000000000000 ) ) ;
#4255 = ORIENTED_EDGE ( 'NONE', *, *, #4716, .T. ) ;
#4256 = AXIS2_PLACEMENT_3D ( 'NONE', #67, #3413, #4105 ) ;
#4257 = EDGE_LOOP ( 'NONE', ( #487, #1590, #42, #2147 ) ) ;
#4258 = FACE_OUTER_BOUND ( 'NONE', #2813, .T. ) ;
#4259 = CARTESIAN_POINT ( 'NONE',  ( 1.992703809495149914, 5.911185461699369981, -15.00000000000000000 ) ) ;
#4260 = AXIS2_PLACEMENT_3D ( 'NONE', #3871, #1013, #734 ) ;
#4261 = AXIS2_PLACEMENT_3D ( 'NONE', #2155, #2891, #3265 ) ;
#4262 = CARTESIAN_POINT ( 'NONE',  ( 0.000000000000000000, 0.000000000000000000, 6.999999999999999112 ) ) ;
#4263 = DIRECTION ( 'NONE',  ( 0.000000000000000000, 0.000000000000000000, 1.000000000000000000 ) ) ;
#4264 = ORIENTED_EDGE ( 'NONE', *, *, #3426, .T. ) ;
#4265 = VERTEX_POINT ( 'NONE', #2769 ) ;
#4266 = VECTOR ( 'NONE', #3191, 1000.000000000000000 ) ;
#4267 = VECTOR ( 'NONE', #1531, 1000.000000000000000 ) ;
#4268 = CARTESIAN_POINT ( 'NONE',  ( -7.914448380790329196, 0.6238812609827169009, -15.00000000000000000 ) ) ;
#4269 = CARTESIAN_POINT ( 'NONE',  ( 4.224721244881480153, 4.589630969699983964, -5.000000000000000888 ) ) ;
#4270 = VECTOR ( 'NONE', #3528, 1000.000000000000000 ) ;
#4271 = CIRCLE ( 'NONE', #3129, 0.3926990816987240285 ) ;
#4272 = DIRECTION ( 'NONE',  ( 0.000000000000000000, 0.000000000000000000, -1.000000000000000000 ) ) ;
#4273 = ORIENTED_EDGE ( 'NONE', *, *, #4506, .T. ) ;
#4274 = EDGE_CURVE ( 'NONE', #3465, #1378, #4239, .T. ) ;
#4275 = CARTESIAN_POINT ( 'NONE',  ( -5.323792341258370087, 3.952653436445065616, -5.000000000000000000 ) ) ;
#4276 = CARTESIAN_POINT ( 'NONE',  ( 0.000000000000000000, 0.000000000000000000, -5.000000000000000888 ) ) ;
#4277 = PLANE ( 'NONE',  #286 ) ;
#4278 = VERTEX_POINT ( 'NONE', #2460 ) ;
#4279 = CYLINDRICAL_SURFACE ( 'NONE', #4406, 0.3926990816987240285 ) ;
#4280 = DIRECTION ( 'NONE',  ( 0.000000000000000000, 0.000000000000000000, -1.000000000000000000 ) ) ;
#4281 = EDGE_CURVE ( 'NONE', #317, #3002, #4308, .T. ) ;
#4282 = CYLINDRICAL_SURFACE ( 'NONE', #4621, 3.946090011793464747 ) ;
#4283 = ORIENTED_EDGE ( 'NONE', *, *, #1544, .T. ) ;
#4284 = ORIENTED_EDGE ( 'NONE', *, *, #3224, .F. ) ;
#4285 = DIRECTION ( 'NONE',  ( 0.000000000000000000, 0.000000000000000000, 1.000000000000000000 ) ) ;
#4286 = DIRECTION ( 'NONE',  ( 1.000000000000000000, 0.000000000000000000, 0.000000000000000000 ) ) ;
#4287 = DIRECTION ( 'NONE',  ( 1.000000000000000000, 0.000000000000000000, 0.000000000000000000 ) ) ;
#4288 = ORIENTED_EDGE ( 'NONE', *, *, #310, .F. ) ;
#4289 = EDGE_LOOP ( 'NONE', ( #4460, #3471, #4324, #76, #854 ) ) ;
#4290 = DIRECTION ( 'NONE',  ( 0.000000000000000000, 0.000000000000000000, 1.000000000000000000 ) ) ;
#4291 = DIRECTION ( 'NONE',  ( 0.000000000000000000, 0.000000000000000000, -1.000000000000000000 ) ) ;
#4292 = DIRECTION ( 'NONE',  ( 0.000000000000000000, 0.000000000000000000, 1.000000000000000000 ) ) ;
#4293 = ORIENTED_EDGE ( 'NONE', *, *, #773, .F. ) ;
#4294 = CARTESIAN_POINT ( 'NONE',  ( -3.255837320807359880, 5.776310017815889708, -15.00000000000000000 ) ) ;
#4295 = LINE ( 'NONE', #1364, #4334 ) ;
#4296 = AXIS2_PLACEMENT_3D ( 'NONE', #3310, #3653, #1478 ) ;
#4297 = DIRECTION ( 'NONE',  ( 0.000000000000000000, 0.000000000000000000, 1.000000000000000000 ) ) ;
#4298 = EDGE_CURVE ( 'NONE', #4543, #2685, #1564, .T. ) ;
#4299 = ORIENTED_EDGE ( 'NONE', *, *, #4572, .F. ) ;
#4300 = CARTESIAN_POINT ( 'NONE',  ( 1.927540100405279899, 5.932358434262259728, -5.000000000000000000 ) ) ;
#4301 = CIRCLE ( 'NONE', #2705, 0.3926990816987240285 ) ;
#4302 = FACE_OUTER_BOUND ( 'NONE', #3594, .T. ) ;
#4303 = ADVANCED_FACE ( 'NONE', ( #2077 ), #3910, .T. ) ;
#4304 = ORIENTED_EDGE ( 'NONE', *, *, #2713, .T. ) ;
#4305 = AXIS2_PLACEMENT_3D ( 'NONE', #2166, #2597, #1067 ) ;
#4306 = EDGE_LOOP ( 'NONE', ( #4273, #4449, #191, #3745 ) ) ;
#4307 = CARTESIAN_POINT ( 'NONE',  ( 4.122884871565433151, 4.681324852090422262, -5.000000000000000888 ) ) ;
#4308 = CIRCLE ( 'NONE', #332, 2.149999999999999911 ) ;
#4309 = EDGE_CURVE ( 'NONE', #365, #1435, #1312, .T. ) ;
#4310 = CARTESIAN_POINT ( 'NONE',  ( -5.323792341258430483, -3.952653436444991009, -15.00000000000000000 ) ) ;
#4311 = CARTESIAN_POINT ( 'NONE',  ( 1.606814403260274915, 6.696792176639190686, -5.000000000000000888 ) ) ;
#4312 = ORIENTED_EDGE ( 'NONE', *, *, #4736, .F. ) ;
#4313 = ORIENTED_EDGE ( 'NONE', *, *, #4564, .T. ) ;
#4314 = VECTOR ( 'NONE', #2394, 1000.000000000000000 ) ;
#4315 = DIRECTION ( 'NONE',  ( 1.000000000000000000, 3.516845223078709953E-15, 0.000000000000000000 ) ) ;
#4316 = CARTESIAN_POINT ( 'NONE',  ( -1.278883051075960564, -1.736233173295476329, 1.017863360871029244 ) ) ;
#4317 = CARTESIAN_POINT ( 'NONE',  ( -2.339275608533275097, -6.696792176639159599, -5.000000000000000000 ) ) ;
#4318 = AXIS2_PLACEMENT_3D ( 'NONE', #2113, #1844, #2559 ) ;
#4319 = EDGE_LOOP ( 'NONE', ( #4708, #3417, #1384, #3991 ) ) ;
#4320 = CARTESIAN_POINT ( 'NONE',  ( -1.132258180102093892, 6.458297209747819956, -15.00000000000000000 ) ) ;
#4321 = CARTESIAN_POINT ( 'NONE',  ( -5.404339115359519496, -3.841790312819965081, -15.00000000000000000 ) ) ;
#4322 = CARTESIAN_POINT ( 'NONE',  ( -4.815542768727910428, 3.984099376590944708, -15.00000000000000000 ) ) ;
#4323 = B_SPLINE_CURVE_WITH_KNOTS ( 'NONE', 3,
 ( #2523, #4710, #772, #2236 ),
 .UNSPECIFIED., .F., .F.,
 ( 4, 4 ),
 ( 0.000000000000000000, 1.000000000000000000 ),
 .UNSPECIFIED. ) ;
#4324 = ORIENTED_EDGE ( 'NONE', *, *, #685, .F. ) ;
#4325 = EDGE_CURVE ( 'NONE', #941, #3868, #2411, .T. ) ;
#4326 = DIRECTION ( 'NONE',  ( 0.000000000000000000, 0.000000000000000000, 1.000000000000000000 ) ) ;
#4327 = CYLINDRICAL_SURFACE ( 'NONE', #1447, 3.946090011793464747 ) ;
#4328 = ORIENTED_EDGE ( 'NONE', *, *, #2671, .T. ) ;
#4329 = ORIENTED_EDGE ( 'NONE', *, *, #4417, .F. ) ;
#4330 = CARTESIAN_POINT ( 'NONE',  ( 6.969229953101029551, -1.322523984876490033, -15.00000000000000000 ) ) ;
#4331 = AXIS2_PLACEMENT_3D ( 'NONE', #2785, #2117, #4189 ) ;
#4332 = DIRECTION ( 'NONE',  ( 1.000000000000000000, 0.000000000000000000, 0.000000000000000000 ) ) ;
#4333 = DIRECTION ( 'NONE',  ( 1.000000000000000000, 0.000000000000000000, 0.000000000000000000 ) ) ;
#4334 = VECTOR ( 'NONE', #1697, 1000.000000000000000 ) ;
#4335 = ORIENTED_EDGE ( 'NONE', *, *, #3147, .F. ) ;
#4336 = VERTEX_POINT ( 'NONE', #4624 ) ;
#4337 = ADVANCED_FACE ( 'NONE', ( #624 ), #2257, .T. ) ;
#4338 = CIRCLE ( 'NONE', #671, 8.500000000000001776 ) ;
#4339 = CARTESIAN_POINT ( 'NONE',  ( 1.204435257223943623, -9.927479541470832558, 0.9416004551381358390 ) ) ;
#4340 = CARTESIAN_POINT ( 'NONE',  ( -6.078516219072046312, -1.445547167183623971, -5.000000000000000888 ) ) ;
#4341 = CARTESIAN_POINT ( 'NONE',  ( -3.178163014310039891, -5.367705458522685547, -5.000000000000000888 ) ) ;
#4342 = CIRCLE ( 'NONE', #2599, 8.500000000000001776 ) ;
#4343 = ORIENTED_EDGE ( 'NONE', *, *, #3371, .F. ) ;
#4344 = EDGE_LOOP ( 'NONE', ( #724, #31, #4081, #4555 ) ) ;
#4345 = EDGE_CURVE ( 'NONE', #1831, #3812, #3476, .T. ) ;
#4346 = CARTESIAN_POINT ( 'NONE',  ( 6.678658115143289997, -5.257901271511410179, -14.43900000000409989 ) ) ;
#4347 = VECTOR ( 'NONE', #780, 1000.000000000000000 ) ;
#4348 = CIRCLE ( 'NONE', #3277, 3.946090011793464747 ) ;
#4349 = DIRECTION ( 'NONE',  ( 1.000000000000000000, -8.860801440960031369E-16, 0.000000000000000000 ) ) ;
#4350 = AXIS2_PLACEMENT_3D ( 'NONE', #2167, #3622, #4378 ) ;
#4351 = ORIENTED_EDGE ( 'NONE', *, *, #4120, .T. ) ;
#4352 = CARTESIAN_POINT ( 'NONE',  ( -6.304564774301699259, 1.801131433982190222, -15.00000000000000000 ) ) ;
#4353 = CARTESIAN_POINT ( 'NONE',  ( 0.000000000000000000, 0.000000000000000000, -14.43900000000000006 ) ) ;
#4354 = ORIENTED_EDGE ( 'NONE', *, *, #709, .T. ) ;
#4355 = ORIENTED_EDGE ( 'NONE', *, *, #298, .F. ) ;
#4356 = CARTESIAN_POINT ( 'NONE',  ( 2.450271114960484997, 6.081758207873343203, -5.000000000000000000 ) ) ;
#4357 = DIRECTION ( 'NONE',  ( 1.000000000000000000, -1.758422611539354977E-15, 0.000000000000000000 ) ) ;
#4358 = DIRECTION ( 'NONE',  ( 1.000000000000000000, 0.000000000000000000, 0.000000000000000000 ) ) ;
#4359 = EDGE_CURVE ( 'NONE', #3711, #2594, #3145, .T. ) ;
#4360 = ORIENTED_EDGE ( 'NONE', *, *, #2857, .F. ) ;
#4361 = ORIENTED_EDGE ( 'NONE', *, *, #3517, .T. ) ;
#4362 = CARTESIAN_POINT ( 'NONE',  ( 3.411405546988540038, -6.219449173660800412, -5.000000000000000000 ) ) ;
#4363 = CARTESIAN_POINT ( 'NONE',  ( -1.552358063795882925, -1.491551473444013620, 1.561895479587375624 ) ) ;
#4364 = ADVANCED_FACE ( 'NONE', ( #1584 ), #2351, .F. ) ;
#4365 = CARTESIAN_POINT ( 'NONE',  ( 2.450271114960420160, -6.081758207873379618, -15.00000000000000000 ) ) ;
#4366 = ORIENTED_EDGE ( 'NONE', *, *, #4309, .F. ) ;
#4367 = DIRECTION ( 'NONE',  ( 0.000000000000000000, 0.000000000000000000, 1.000000000000000000 ) ) ;
#4368 = DIRECTION ( 'NONE',  ( 1.000000000000000000, 0.000000000000000000, 0.000000000000000000 ) ) ;
#4369 = DIRECTION ( 'NONE',  ( 1.000000000000000000, 3.516845223078709953E-15, 0.000000000000000000 ) ) ;
#4370 = FACE_OUTER_BOUND ( 'NONE', #280, .T. ) ;
#4371 = EDGE_LOOP ( 'NONE', ( #3304, #3566, #1133, #2565 ) ) ;
#4372 = CARTESIAN_POINT ( 'NONE',  ( 4.122884871565370091, -4.681324852090479105, -15.00000000000000000 ) ) ;
#4373 = DIRECTION ( 'NONE',  ( 0.000000000000000000, 0.000000000000000000, 1.000000000000000000 ) ) ;
#4374 = ORIENTED_EDGE ( 'NONE', *, *, #4659, .F. ) ;
#4375 = VERTEX_POINT ( 'NONE', #1968 ) ;
#4376 = CARTESIAN_POINT ( 'NONE',  ( -6.976452998247830273, 3.789040058278469569, -15.00000000000000000 ) ) ;
#4377 = FACE_OUTER_BOUND ( 'NONE', #288, .T. ) ;
#4378 = DIRECTION ( 'NONE',  ( 1.000000000000000000, 0.000000000000000000, 0.000000000000000000 ) ) ;
#4379 = ORIENTED_EDGE ( 'NONE', *, *, #1556, .T. ) ;
#4380 = ORIENTED_EDGE ( 'NONE', *, *, #3438, .T. ) ;
#4381 = EDGE_CURVE ( 'NONE', #1568, #493, #2108, .T. ) ;
#4382 = DIRECTION ( 'NONE',  ( 0.000000000000000000, 0.000000000000000000, -1.000000000000000000 ) ) ;
#4383 = DIRECTION ( 'NONE',  ( 0.000000000000000000, 0.000000000000000000, -1.000000000000000000 ) ) ;
#4384 = DIRECTION ( 'NONE',  ( 0.000000000000000000, 0.000000000000000000, -1.000000000000000000 ) ) ;
#4385 = VERTEX_POINT ( 'NONE', #1995 ) ;
#4386 = CARTESIAN_POINT ( 'NONE',  ( -2.936742409109499352, -7.976562168161027699, -5.000000000000000888 ) ) ;
#4387 = CARTESIAN_POINT ( 'NONE',  ( 0.000000000000000000, 0.000000000000000000, -15.00000000000000000 ) ) ;
#4388 = DIRECTION ( 'NONE',  ( 1.000000000000000000, 0.000000000000000000, 0.000000000000000000 ) ) ;
#4389 = CARTESIAN_POINT ( 'NONE',  ( 6.159178538882830622, -2.248584257262705055, -15.00000000000000000 ) ) ;
#4390 = AXIS2_PLACEMENT_3D ( 'NONE', #4060, #1463, #4730 ) ;
#4391 = EDGE_CURVE ( 'NONE', #1360, #3160, #2799, .T. ) ;
#4392 = ORIENTED_EDGE ( 'NONE', *, *, #1417, .T. ) ;
#4393 = CARTESIAN_POINT ( 'NONE',  ( 0.5615124314577421005, 8.481432885386670506, -14.43900000000000006 ) ) ;
#4394 = DIRECTION ( 'NONE',  ( 0.000000000000000000, 0.000000000000000000, -1.000000000000000000 ) ) ;
#4395 = EDGE_CURVE ( 'NONE', #1263, #1692, #641, .T. ) ;
#4396 = ORIENTED_EDGE ( 'NONE', *, *, #2758, .F. ) ;
#4397 = ORIENTED_EDGE ( 'NONE', *, *, #397, .T. ) ;
#4398 = DIRECTION ( 'NONE',  ( 0.000000000000000000, 0.000000000000000000, 1.000000000000000000 ) ) ;
#4399 = ADVANCED_FACE ( 'NONE', ( #847 ), #1562, .F. ) ;
#4400 = VECTOR ( 'NONE', #3051, 1000.000000000000000 ) ;
#4401 = CARTESIAN_POINT ( 'NONE',  ( -4.629954344567809521, -5.374268191762659796, -5.000000000000000000 ) ) ;
#4402 = CARTESIAN_POINT ( 'NONE',  ( -6.087097636196793893, -1.363900437125064702, -5.000000000000000888 ) ) ;
#4403 = EDGE_LOOP ( 'NONE', ( #313, #4111, #658, #2255 ) ) ;
#4404 = VERTEX_POINT ( 'NONE', #495 ) ;
#4405 = PLANE ( 'NONE',  #1151 ) ;
#4406 = AXIS2_PLACEMENT_3D ( 'NONE', #3178, #4228, #2067 ) ;
#4407 = DIRECTION ( 'NONE',  ( 0.000000000000000000, 0.000000000000000000, 1.000000000000000000 ) ) ;
#4408 = CARTESIAN_POINT ( 'NONE',  ( 1.554061079812509849, -6.053709124182629964, -15.00000000000000000 ) ) ;
#4409 = VERTEX_POINT ( 'NONE', #1253 ) ;
#4410 = AXIS2_PLACEMENT_3D ( 'NONE', #986, #2131, #610 ) ;
#4411 = AXIS2_PLACEMENT_3D ( 'NONE', #2634, #4083, #2305 ) ;
#4412 = DIRECTION ( 'NONE',  ( 1.000000000000000000, 0.000000000000000000, 0.000000000000000000 ) ) ;
#4413 = CARTESIAN_POINT ( 'NONE',  ( 0.5615124314546109385, -8.481432885382790943, -14.43900000000409989 ) ) ;
#4414 = VECTOR ( 'NONE', #1387, 1000.000000000000000 ) ;
#4415 = CIRCLE ( 'NONE', #830, 0.3926990816987240285 ) ;
#4416 = CARTESIAN_POINT ( 'NONE',  ( 3.680498208442089858, -6.064088453133640755, -15.00000000000000000 ) ) ;
#4417 = EDGE_CURVE ( 'NONE', #1973, #3146, #3069, .T. ) ;
#4418 = VERTEX_POINT ( 'NONE', #921 ) ;
#4419 = CIRCLE ( 'NONE', #3896, 0.3926990816987240285 ) ;
#4420 = CIRCLE ( 'NONE', #2370, 8.500000000000000000 ) ;
#4421 = DIRECTION ( 'NONE',  ( 1.000000000000000000, 0.000000000000000000, 0.000000000000000000 ) ) ;
#4422 = CARTESIAN_POINT ( 'NONE',  ( -2.880075745088639838, 5.890396857461869473, -15.00000000000000000 ) ) ;
#4423 = EDGE_CURVE ( 'NONE', #3780, #3723, #1944, .T. ) ;
#4424 = AXIS2_PLACEMENT_3D ( 'NONE', #2376, #3443, #469 ) ;
#4425 = ORIENTED_EDGE ( 'NONE', *, *, #1170, .F. ) ;
#4426 = ORIENTED_EDGE ( 'NONE', *, *, #351, .T. ) ;
#4427 = CARTESIAN_POINT ( 'NONE',  ( -0.9758039894418253368, -9.952658893568033349, 3.272293440075244586 ) ) ;
#4428 = EDGE_CURVE ( 'NONE', #2327, #238, #2955, .T. ) ;
#4429 = DIRECTION ( 'NONE',  ( -0.000000000000000000, -0.000000000000000000, -1.000000000000000000 ) ) ;
#4430 = ORIENTED_EDGE ( 'NONE', *, *, #69, .F. ) ;
#4431 = ORIENTED_EDGE ( 'NONE', *, *, #636, .T. ) ;
#4432 = DIRECTION ( 'NONE',  ( -0.000000000000000000, -0.000000000000000000, 1.000000000000000000 ) ) ;
#4433 = DIRECTION ( 'NONE',  ( 1.000000000000000000, 0.000000000000000000, 0.000000000000000000 ) ) ;
#4434 = CARTESIAN_POINT ( 'NONE',  ( -5.439534267940669743, 6.531574614738720364, -14.43900000000000006 ) ) ;
#4435 = EDGE_LOOP ( 'NONE', ( #3181, #1917, #3445, #4163 ) ) ;
#4436 = CARTESIAN_POINT ( 'NONE',  ( -4.860865375652200449, -5.166354965501279928, -15.00000000000000000 ) ) ;
#4437 = CARTESIAN_POINT ( 'NONE',  ( -2.312631089367899406, 8.179348228586986735, -5.000000000000000888 ) ) ;
#4438 = CARTESIAN_POINT ( 'NONE',  ( 4.041821550212633340, -5.162876135651647935, -5.000000000000000888 ) ) ;
#4439 = VERTEX_POINT ( 'NONE', #4156 ) ;
#4440 = CARTESIAN_POINT ( 'NONE',  ( 6.769631445549899595, -4.147265495651565104, -15.00000000000000000 ) ) ;
#4441 = EDGE_CURVE ( 'NONE', #3002, #317, #4089, .T. ) ;
#4442 = CARTESIAN_POINT ( 'NONE',  ( -0.2614642168846414982, 6.244528522097479772, -15.00000000000000000 ) ) ;
#4443 = ORIENTED_EDGE ( 'NONE', *, *, #1588, .T. ) ;
#4444 = VERTEX_POINT ( 'NONE', #2662 ) ;
#4445 = DIRECTION ( 'NONE',  ( 0.000000000000000000, 0.000000000000000000, 1.000000000000000000 ) ) ;
#4446 = DIRECTION ( 'NONE',  ( 1.000000000000000000, 1.758422611539355371E-15, 0.000000000000000000 ) ) ;
#4447 = EDGE_CURVE ( 'NONE', #162, #545, #974, .T. ) ;
#4448 = LINE ( 'NONE', #458, #1838 ) ;
#4449 = ORIENTED_EDGE ( 'NONE', *, *, #2872, .F. ) ;
#4450 = EDGE_CURVE ( 'NONE', #316, #4, #3394, .T. ) ;
#4451 = ORIENTED_EDGE ( 'NONE', *, *, #1513, .T. ) ;
#4452 = AXIS2_PLACEMENT_3D ( 'NONE', #2047, #4645, #3908 ) ;
#4453 = DIRECTION ( 'NONE',  ( 1.000000000000000000, 0.000000000000000000, 0.000000000000000000 ) ) ;
#4454 = LINE ( 'NONE', #4096, #2480 ) ;
#4455 = ORIENTED_EDGE ( 'NONE', *, *, #1503, .F. ) ;
#4456 = AXIS2_PLACEMENT_3D ( 'NONE', #301, #4272, #629 ) ;
#4457 = CARTESIAN_POINT ( 'NONE',  ( -2.043761957265849638, 6.792810382441650141, -15.00000000000000000 ) ) ;
#4458 = DIRECTION ( 'NONE',  ( 1.000000000000000000, 0.000000000000000000, 0.000000000000000000 ) ) ;
#4459 = CARTESIAN_POINT ( 'NONE',  ( 6.029257564594829866, -2.759399808157259937, -15.00000000000000000 ) ) ;
#4460 = ORIENTED_EDGE ( 'NONE', *, *, #1372, .T. ) ;
#4461 = CARTESIAN_POINT ( 'NONE',  ( -8.493664740175329797, 0.3281147382137464819, -15.00000000000000000 ) ) ;
#4462 = DIRECTION ( 'NONE',  ( 0.9135454576426005335, -0.4067366430758009854, 0.000000000000000000 ) ) ;
#4463 = ORIENTED_EDGE ( 'NONE', *, *, #932, .T. ) ;
#4464 = EDGE_CURVE ( 'NONE', #3874, #2390, #1815, .T. ) ;
#4465 = EDGE_LOOP ( 'NONE', ( #2923, #4117, #1614, #1443 ) ) ;
#4466 = CARTESIAN_POINT ( 'NONE',  ( -1.518373651634472132, -9.884138333004733212, 1.484678129837649019 ) ) ;
#4467 = DIRECTION ( 'NONE',  ( 0.000000000000000000, 0.000000000000000000, 1.000000000000000000 ) ) ;
#4468 = CARTESIAN_POINT ( 'NONE',  ( -6.541967359745250121, -2.742608045966819841, -5.000000000000000000 ) ) ;
#4469 = ORIENTED_EDGE ( 'NONE', *, *, #418, .F. ) ;
#4470 = ORIENTED_EDGE ( 'NONE', *, *, #4191, .T. ) ;
#4471 = CARTESIAN_POINT ( 'NONE',  ( 6.159178538882831511, -2.248584257262702835, -5.000000000000000888 ) ) ;
#4472 = FACE_OUTER_BOUND ( 'NONE', #527, .T. ) ;
#4473 = DIRECTION ( 'NONE',  ( 0.8660254037844431485, 0.4999999999999921174, 0.000000000000000000 ) ) ;
#4474 = VECTOR ( 'NONE', #3940, 1000.000000000000000 ) ;
#4475 = EDGE_CURVE ( 'NONE', #4187, #635, #2584, .T. ) ;
#4476 = ORIENTED_EDGE ( 'NONE', *, *, #3932, .F. ) ;
#4477 = VECTOR ( 'NONE', #698, 1000.000000000000114 ) ;
#4478 = CARTESIAN_POINT ( 'NONE',  ( -8.493664740179520223, -0.3281147382110399802, -14.43900000000000006 ) ) ;
#4479 = CARTESIAN_POINT ( 'NONE',  ( 0.3077675794075220850, -8.123598927290393235, -14.81014041400712955 ) ) ;
#4480 = DIRECTION ( 'NONE',  ( 0.000000000000000000, 0.000000000000000000, -1.000000000000000000 ) ) ;
#4481 = AXIS2_PLACEMENT_3D ( 'NONE', #1269, #1579, #4174 ) ;
#4482 = EDGE_CURVE ( 'NONE', #316, #1212, #1260, .T. ) ;
#4483 = EDGE_LOOP ( 'NONE', ( #2349, #481, #2861, #928 ) ) ;
#4484 = CARTESIAN_POINT ( 'NONE',  ( 1.992703809495139478, 5.911185461699383303, -5.000000000000000888 ) ) ;
#4485 = CIRCLE ( 'NONE', #1062, 3.946090011793465635 ) ;
#4486 = CIRCLE ( 'NONE', #1064, 1.074999999999999956 ) ;
#4487 = DIRECTION ( 'NONE',  ( 0.000000000000000000, 0.000000000000000000, -1.000000000000000000 ) ) ;
#4488 = ORIENTED_EDGE ( 'NONE', *, *, #34, .F. ) ;
#4489 = AXIS2_PLACEMENT_3D ( 'NONE', #535, #1534, #1575 ) ;
#4490 = VECTOR ( 'NONE', #4158, 1000.000000000000000 ) ;
#4491 = VERTEX_POINT ( 'NONE', #1234 ) ;
#4492 = CARTESIAN_POINT ( 'NONE',  ( -1.057961325601662006, -9.944154773232684263, 3.204813069382330681 ) ) ;
#4493 = CARTESIAN_POINT ( 'NONE',  ( -7.483963737787850512, -2.649152274120269990, -15.00000000000000000 ) ) ;
#4494 = CIRCLE ( 'NONE', #3199, 3.946090011793465635 ) ;
#4495 = AXIS2_PLACEMENT_3D ( 'NONE', #769, #427, #2542 ) ;
#4496 = CARTESIAN_POINT ( 'NONE',  ( -6.078516219072040094, -1.445547167183623971, -15.00000000000000000 ) ) ;
#4497 = ORIENTED_EDGE ( 'NONE', *, *, #3452, .T. ) ;
#4498 = ORIENTED_EDGE ( 'NONE', *, *, #2346, .T. ) ;
#4499 = AXIS2_PLACEMENT_3D ( 'NONE', #4613, #925, #4541 ) ;
#4500 = DIRECTION ( 'NONE',  ( 0.000000000000000000, 0.000000000000000000, -1.000000000000000000 ) ) ;
#4501 = EDGE_CURVE ( 'NONE', #4631, #4385, #2966, .T. ) ;
#4502 = CARTESIAN_POINT ( 'NONE',  ( 0.000000000000000000, 0.000000000000000000, -15.00000000000000000 ) ) ;
#4503 = LINE ( 'NONE', #1549, #1867 ) ;
#4504 = ORIENTED_EDGE ( 'NONE', *, *, #4545, .F. ) ;
#4505 = CARTESIAN_POINT ( 'NONE',  ( 0.000000000000000000, 0.000000000000000000, -14.43900000000000006 ) ) ;
#4506 = EDGE_CURVE ( 'NONE', #2395, #4162, #2286, .T. ) ;
#4507 = FACE_OUTER_BOUND ( 'NONE', #1409, .T. ) ;
#4508 = DIRECTION ( 'NONE',  ( 1.000000000000000000, 0.000000000000000000, 0.000000000000000000 ) ) ;
#4509 = ADVANCED_FACE ( 'NONE', ( #3570 ), #4235, .F. ) ;
#4510 = ORIENTED_EDGE ( 'NONE', *, *, #4148, .T. ) ;
#4511 = LINE ( 'NONE', #468, #4642 ) ;
#4512 = CARTESIAN_POINT ( 'NONE',  ( 0.000000000000000000, 0.000000000000000000, -5.000000000000000888 ) ) ;
#4513 = ORIENTED_EDGE ( 'NONE', *, *, #4588, .T. ) ;
#4514 = EDGE_LOOP ( 'NONE', ( #771, #4698, #2110, #2141, #2066 ) ) ;
#4515 = CARTESIAN_POINT ( 'NONE',  ( 6.904627332918070515, -1.626455416940420173, -5.000000000000000000 ) ) ;
#4516 = DIRECTION ( 'NONE',  ( -0.5877852522924688072, 0.8090169943749505599, 0.000000000000000000 ) ) ;
#4517 = APPLICATION_PROTOCOL_DEFINITION ( 'draft international standard', 'automotive_design', 1998, #559 ) ;
#4518 = DIRECTION ( 'NONE',  ( 0.000000000000000000, 0.000000000000000000, -1.000000000000000000 ) ) ;
#4519 = ORIENTED_EDGE ( 'NONE', *, *, #2261, .F. ) ;
#4520 = ORIENTED_EDGE ( 'NONE', *, *, #413, .F. ) ;
#4521 = LINE ( 'NONE', #2691, #3488 ) ;
#4522 = DIRECTION ( 'NONE',  ( 0.9781476007338041345, -0.2079116908177665313, 0.000000000000000000 ) ) ;
#4523 = DIRECTION ( 'NONE',  ( 0.000000000000000000, 0.000000000000000000, 1.000000000000000000 ) ) ;
#4524 = AXIS2_PLACEMENT_3D ( 'NONE', #803, #504, #827 ) ;
#4525 = ORIENTED_EDGE ( 'NONE', *, *, #121, .T. ) ;
#4526 = ADVANCED_FACE ( 'NONE', ( #2386 ), #1760, .T. ) ;
#4527 = STYLED_ITEM ( 'NONE', ( #2096 ), #4601 ) ;
#4528 = CARTESIAN_POINT ( 'NONE',  ( 1.862376391315414104, 5.953531406825146810, -5.000000000000000888 ) ) ;
#4529 = DIRECTION ( 'NONE',  ( 1.000000000000000000, 0.000000000000000000, 0.000000000000000000 ) ) ;
#4530 = CYLINDRICAL_SURFACE ( 'NONE', #3029, 3.946090011793464747 ) ;
#4531 = EDGE_CURVE ( 'NONE', #4087, #294, #264, .T. ) ;
#4532 = ORIENTED_EDGE ( 'NONE', *, *, #3690, .F. ) ;
#4533 = CARTESIAN_POINT ( 'NONE',  ( 5.726245996640160207, -2.474487587551220447, -5.000000000000000888 ) ) ;
#4534 = CIRCLE ( 'NONE', #3466, 3.946090011793464747 ) ;
#4535 = DIRECTION ( 'NONE',  ( -0.000000000000000000, 1.000000000000000000, -0.000000000000000000 ) ) ;
#4536 = EDGE_CURVE ( 'NONE', #1273, #4187, #3837, .T. ) ;
#4537 = VERTEX_POINT ( 'NONE', #646 ) ;
#4538 = VERTEX_POINT ( 'NONE', #4259 ) ;
#4539 = DIRECTION ( 'NONE',  ( 0.000000000000000000, 0.000000000000000000, 1.000000000000000000 ) ) ;
#4540 = CARTESIAN_POINT ( 'NONE',  ( 1.273044105611098598, -9.918809809697888724, 2.974832956335505596 ) ) ;
#4541 = DIRECTION ( 'NONE',  ( 1.000000000000000000, 0.000000000000000000, 0.000000000000000000 ) ) ;
#4542 = AXIS2_PLACEMENT_3D ( 'NONE', #4416, #3685, #2474 ) ;
#4543 = VERTEX_POINT ( 'NONE', #1002 ) ;
#4544 = VERTEX_POINT ( 'NONE', #2024 ) ;
#4545 = EDGE_CURVE ( 'NONE', #3477, #111, #1785, .T. ) ;
#4546 = DIRECTION ( 'NONE',  ( 1.000000000000000000, 0.000000000000000000, 0.000000000000000000 ) ) ;
#4547 = LINE ( 'NONE', #2048, #3510 ) ;
#4548 = DIRECTION ( 'NONE',  ( 0.000000000000000000, 0.000000000000000000, 1.000000000000000000 ) ) ;
#4549 = ORIENTED_EDGE ( 'NONE', *, *, #3395, .T. ) ;
#4550 = CARTESIAN_POINT ( 'NONE',  ( 1.387949069117208500, 8.010067277866356861, -14.81014041400708869 ) ) ;
#4551 = AXIS2_PLACEMENT_3D ( 'NONE', #3813, #4500, #1616 ) ;
#4552 = CARTESIAN_POINT ( 'NONE',  ( -6.087097636196769024, 1.363900437125145970, -15.00000000000000000 ) ) ;
#4553 = DIRECTION ( 'NONE',  ( 0.000000000000000000, 0.000000000000000000, 1.000000000000000000 ) ) ;
#4554 = CIRCLE ( 'NONE', #2204, 8.500000000000001776 ) ;
#4555 = ORIENTED_EDGE ( 'NONE', *, *, #3059, .F. ) ;
#4556 = CARTESIAN_POINT ( 'NONE',  ( 3.411405546988625304, 6.219449173660749786, -5.000000000000000000 ) ) ;
#4557 = DIRECTION ( 'NONE',  ( 1.000000000000000000, 0.000000000000000000, 0.000000000000000000 ) ) ;
#4558 = EDGE_CURVE ( 'NONE', #1781, #3351, #2402, .T. ) ;
#4559 = ORIENTED_EDGE ( 'NONE', *, *, #4099, .F. ) ;
#4560 = CIRCLE ( 'NONE', #2438, 8.500000000000000000 ) ;
#4561 = CIRCLE ( 'NONE', #1597, 0.3926990816987240285 ) ;
#4562 = DIRECTION ( 'NONE',  ( 0.000000000000000000, 0.000000000000000000, 1.000000000000000000 ) ) ;
#4563 = CARTESIAN_POINT ( 'NONE',  ( 1.558036014125159907, -9.878216427922916765, 1.579772139625053029 ) ) ;
#4564 = EDGE_CURVE ( 'NONE', #316, #2339, #327, .T. ) ;
#4565 = LINE ( 'NONE', #544, #4654 ) ;
#4566 = AXIS2_PLACEMENT_3D ( 'NONE', #1738, #1694, #4603 ) ;
#4567 = CIRCLE ( 'NONE', #3430, 7.939000000000000057 ) ;
#4568 = ORIENTED_EDGE ( 'NONE', *, *, #2843, .T. ) ;
#4569 = ORIENTED_EDGE ( 'NONE', *, *, #3844, .F. ) ;
#4570 = LINE ( 'NONE', #3927, #3492 ) ;
#4571 = B_SPLINE_CURVE_WITH_KNOTS ( 'NONE', 3,
 ( #2552, #344, #3627, #2577 ),
 .UNSPECIFIED., .F., .F.,
 ( 4, 4 ),
 ( 0.000000000000000000, 1.000000000000000000 ),
 .UNSPECIFIED. ) ;
#4572 = EDGE_CURVE ( 'NONE', #4543, #3761, #600, .T. ) ;
#4573 = AXIS2_PLACEMENT_3D ( 'NONE', #3144, #3163, #1710 ) ;
#4574 = DIRECTION ( 'NONE',  ( 0.000000000000000000, 0.000000000000000000, -1.000000000000000000 ) ) ;
#4575 = EDGE_CURVE ( 'NONE', #4614, #2279, #2429, .T. ) ;
#4576 = CARTESIAN_POINT ( 'NONE',  ( 0.000000000000000000, 0.000000000000000000, 9.000000000000000000 ) ) ;
#4577 = CARTESIAN_POINT ( 'NONE',  ( 6.678658115143289997, -5.257901271511410179, -15.00000000000000000 ) ) ;
#4578 = AXIS2_PLACEMENT_3D ( 'NONE', #412, #1565, #1925 ) ;
#4579 = CIRCLE ( 'NONE', #71, 0.3926990816987240285 ) ;
#4580 = VERTEX_POINT ( 'NONE', #4669 ) ;
#4581 = DIRECTION ( 'NONE',  ( 1.000000000000000000, 0.000000000000000000, 0.000000000000000000 ) ) ;
#4582 = LINE ( 'NONE', #178, #4185 ) ;
#4583 = DIRECTION ( 'NONE',  ( 0.000000000000000000, 0.000000000000000000, -1.000000000000000000 ) ) ;
#4584 = ORIENTED_EDGE ( 'NONE', *, *, #310, .T. ) ;
#4585 = CARTESIAN_POINT ( 'NONE',  ( -0.7612021176880670037, -6.586866130225319083, -15.00000000000000000 ) ) ;
#4586 = DIRECTION ( 'NONE',  ( 0.000000000000000000, 0.000000000000000000, 1.000000000000000000 ) ) ;
#4587 = ORIENTED_EDGE ( 'NONE', *, *, #1657, .T. ) ;
#4588 = EDGE_CURVE ( 'NONE', #365, #3262, #290, .T. ) ;
#4589 = FACE_OUTER_BOUND ( 'NONE', #872, .T. ) ;
#4590 = CARTESIAN_POINT ( 'NONE',  ( 0.000000000000000000, 0.000000000000000000, -15.00000000000000000 ) ) ;
#4591 = LINE ( 'NONE', #4208, #3359 ) ;
#4592 = EDGE_LOOP ( 'NONE', ( #1868, #1609, #2169, #4354 ) ) ;
#4593 = ORIENTED_EDGE ( 'NONE', *, *, #1563, .T. ) ;
#4594 = CARTESIAN_POINT ( 'NONE',  ( -10.00000000000000000, 0.000000000000000000, 6.999999999999999112 ) ) ;
#4595 = EDGE_CURVE ( 'NONE', #3781, #752, #2783, .T. ) ;
#4596 = DIRECTION ( 'NONE',  ( 0.000000000000000000, 0.000000000000000000, 1.000000000000000000 ) ) ;
#4597 = DIRECTION ( 'NONE',  ( 1.000000000000000000, 0.000000000000000000, 0.000000000000000000 ) ) ;
#4598 = EDGE_CURVE ( 'NONE', #791, #2738, #955, .T. ) ;
#4599 = CYLINDRICAL_SURFACE ( 'NONE', #1033, 3.946090011793464747 ) ;
#4600 = EDGE_LOOP ( 'NONE', ( #3689, #3067, #4672, #1757, #3524 ) ) ;
#4601 = MANIFOLD_SOLID_BREP ( 'Cut-Extrude4', #2959 ) ;
#4602 = CARTESIAN_POINT ( 'NONE',  ( -1.852352712115429956, 7.719877617548010384, -15.00000000000000000 ) ) ;
#4603 = DIRECTION ( 'NONE',  ( 0.3090169943749451198, -0.9510565162951544194, 0.000000000000000000 ) ) ;
#4604 = CARTESIAN_POINT ( 'NONE',  ( -6.492092665173069932, 0.9188820722217760917, -15.00000000000000000 ) ) ;
#4605 = ORIENTED_EDGE ( 'NONE', *, *, #2150, .T. ) ;
#4606 = EDGE_CURVE ( 'NONE', #3551, #828, #4301, .T. ) ;
#4607 = DIRECTION ( 'NONE',  ( 0.000000000000000000, 0.000000000000000000, -1.000000000000000000 ) ) ;
#4608 = CARTESIAN_POINT ( 'NONE',  ( -5.323792341258430483, -3.952653436444991009, -15.00000000000000000 ) ) ;
#4609 = ORIENTED_EDGE ( 'NONE', *, *, #656, .T. ) ;
#4610 = DIRECTION ( 'NONE',  ( 0.000000000000000000, 0.000000000000000000, 1.000000000000000000 ) ) ;
#4611 = VECTOR ( 'NONE', #4583, 1000.000000000000000 ) ;
#4612 = CARTESIAN_POINT ( 'NONE',  ( -7.091903755430659650, -0.1553607205271115010, -15.00000000000000000 ) ) ;
#4613 = CARTESIAN_POINT ( 'NONE',  ( 2.114054499415494615, 6.284664482292059873, -15.00000000000000000 ) ) ;
#4614 = VERTEX_POINT ( 'NONE', #2188 ) ;
#4615 = VECTOR ( 'NONE', #4056, 1000.000000000000000 ) ;
#4616 = EDGE_LOOP ( 'NONE', ( #4128, #4678, #2051, #1236 ) ) ;
#4617 = LINE ( 'NONE', #4594, #2501 ) ;
#4618 = PRODUCT_DEFINITION_SHAPE ( 'NONE', 'NONE',  #2414 ) ;
#4619 = CARTESIAN_POINT ( 'NONE',  ( -0.6249184492353510034, -6.601190120977240561, -15.00000000000000000 ) ) ;
#4620 = AXIS2_PLACEMENT_3D ( 'NONE', #2246, #3332, #3701 ) ;
#4621 = AXIS2_PLACEMENT_3D ( 'NONE', #4036, #787, #1865 ) ;
#4622 = DIRECTION ( 'NONE',  ( 0.000000000000000000, 0.000000000000000000, 1.000000000000000000 ) ) ;
#4623 = EDGE_CURVE ( 'NONE', #1769, #4544, #3644, .T. ) ;
#4624 = CARTESIAN_POINT ( 'NONE',  ( -5.439534267940760337, -6.531574614738640427, -14.43900000000000006 ) ) ;
#4625 = ORIENTED_EDGE ( 'NONE', *, *, #2237, .F. ) ;
#4626 = CARTESIAN_POINT ( 'NONE',  ( -6.499706345634430171, 1.311507339667533856, -15.00000000000000000 ) ) ;
#4627 = CARTESIAN_POINT ( 'NONE',  ( 1.606814403260190094, -6.696792176639159599, -15.00000000000000000 ) ) ;
#4628 = ADVANCED_FACE ( 'NONE', ( #2951 ), #2709, .T. ) ;
#4629 = CARTESIAN_POINT ( 'NONE',  ( 0.000000000000000000, 0.000000000000000000, -5.000000000000000888 ) ) ;
#4630 = VERTEX_POINT ( 'NONE', #1091 ) ;
#4631 = VERTEX_POINT ( 'NONE', #3233 ) ;
#4632 = ADVANCED_FACE ( 'NONE', ( #3951 ), #3300, .F. ) ;
#4633 = CYLINDRICAL_SURFACE ( 'NONE', #2128, 0.3926990816987240285 ) ;
#4634 = CARTESIAN_POINT ( 'NONE',  ( 0.5867961629527920220, -7.069293181989130481, -15.00000000000000000 ) ) ;
#4635 = CIRCLE ( 'NONE', #2728, 5.000000000000000000 ) ;
#4636 = EDGE_LOOP ( 'NONE', ( #2127, #1824 ) ) ;
#4637 = CARTESIAN_POINT ( 'NONE',  ( 0.000000000000000000, 0.000000000000000000, -15.00000000000000000 ) ) ;
#4638 = AXIS2_PLACEMENT_3D ( 'NONE', #289, #1308, #2764 ) ;
#4639 = DIRECTION ( 'NONE',  ( 1.000000000000000000, 0.000000000000000000, 0.000000000000000000 ) ) ;
#4640 = CARTESIAN_POINT ( 'NONE',  ( -3.661195444389582665, 5.439417188801161984, -5.000000000000000888 ) ) ;
#4641 = ORIENTED_EDGE ( 'NONE', *, *, #4298, .T. ) ;
#4642 = VECTOR ( 'NONE', #449, 1000.000000000000114 ) ;
#4643 = VERTEX_POINT ( 'NONE', #2498 ) ;
#4644 = DIRECTION ( 'NONE',  ( -0.000000000000000000, -0.000000000000000000, -1.000000000000000000 ) ) ;
#4645 = DIRECTION ( 'NONE',  ( 0.000000000000000000, 0.000000000000000000, -1.000000000000000000 ) ) ;
#4646 = AXIS2_PLACEMENT_3D ( 'NONE', #2342, #1244, #3794 ) ;
#4647 = AXIS2_PLACEMENT_3D ( 'NONE', #2651, #1957, #4101 ) ;
#4648 = FACE_OUTER_BOUND ( 'NONE', #2712, .T. ) ;
#4649 = ORIENTED_EDGE ( 'NONE', *, *, #2569, .T. ) ;
#4650 = VECTOR ( 'NONE', #2527, 1000.000000000000000 ) ;
#4651 = AXIS2_PLACEMENT_3D ( 'NONE', #3579, #4382, #1122 ) ;
#4652 = CARTESIAN_POINT ( 'NONE',  ( 1.588372517080292923, -1.449338603642871703, 2.220316306265784245 ) ) ;
#4653 = CARTESIAN_POINT ( 'NONE',  ( -3.255837320807359880, 5.776310017815889708, -15.00000000000000000 ) ) ;
#4654 = VECTOR ( 'NONE', #3157, 1000.000000000000000 ) ;
#4655 = AXIS2_PLACEMENT_3D ( 'NONE', #3778, #1992, #539 ) ;
#4656 = DIRECTION ( 'NONE',  ( 1.000000000000000000, -2.637633917309032465E-15, 0.000000000000000000 ) ) ;
#4657 = ORIENTED_EDGE ( 'NONE', *, *, #2740, .T. ) ;
#4658 = CARTESIAN_POINT ( 'NONE',  ( 3.766993424044100536, 7.414762008744583355, -14.62314041400568776 ) ) ;
#4659 = EDGE_CURVE ( 'NONE', #1988, #3987, #880, .T. ) ;
#4660 = CARTESIAN_POINT ( 'NONE',  ( -6.471215300770770007, -1.445547167183623971, -5.000000000000000000 ) ) ;
#4661 = CARTESIAN_POINT ( 'NONE',  ( -0.7612021176879769646, 6.586866130225329741, -15.00000000000000000 ) ) ;
#4662 = EDGE_CURVE ( 'NONE', #3358, #4715, #3418, .T. ) ;
#4663 = ORIENTED_EDGE ( 'NONE', *, *, #2095, .T. ) ;
#4664 = CARTESIAN_POINT ( 'NONE',  ( -6.499706345634430171, 1.311507339667533856, -5.000000000000000000 ) ) ;
#4665 = DIRECTION ( 'NONE',  ( 1.000000000000000000, 0.000000000000000000, 0.000000000000000000 ) ) ;
#4666 = ORIENTED_EDGE ( 'NONE', *, *, #1272, .T. ) ;
#4667 = ORIENTED_EDGE ( 'NONE', *, *, #1688, .T. ) ;
#4668 = DIRECTION ( 'NONE',  ( 0.000000000000000000, 0.000000000000000000, 1.000000000000000000 ) ) ;
#4669 = CARTESIAN_POINT ( 'NONE',  ( 4.497521211351299897, 6.542172724213670243, -15.00000000000000000 ) ) ;
#4670 = DIRECTION ( 'NONE',  ( 0.000000000000000000, 0.000000000000000000, 1.000000000000000000 ) ) ;
#4671 = ORIENTED_EDGE ( 'NONE', *, *, #3134, .T. ) ;
#4672 = ORIENTED_EDGE ( 'NONE', *, *, #963, .T. ) ;
#4673 = B_SPLINE_CURVE_WITH_KNOTS ( 'NONE', 3,
 ( #3362, #124, #3076, #901 ),
 .UNSPECIFIED., .F., .F.,
 ( 4, 4 ),
 ( 0.000000000000000000, 1.000000000000000000 ),
 .UNSPECIFIED. ) ;
#4674 = CARTESIAN_POINT ( 'NONE',  ( 0.9891641362474853372, -1.911200141173798217, 0.7382563101970145425 ) ) ;
#4675 = CARTESIAN_POINT ( 'NONE',  ( -2.143059873456953479, 8.035933640955837731, -14.62314041400846243 ) ) ;
#4676 = LINE ( 'NONE', #4604, #4314 ) ;
#4677 = EDGE_CURVE ( 'NONE', #1323, #460, #4534, .T. ) ;
#4678 = ORIENTED_EDGE ( 'NONE', *, *, #622, .T. ) ;
#4679 = DIRECTION ( 'NONE',  ( 0.000000000000000000, 0.000000000000000000, 1.000000000000000000 ) ) ;
#4680 = CARTESIAN_POINT ( 'NONE',  ( 6.159178538882776444, 2.248584257262585151, -5.000000000000000000 ) ) ;
#4681 = CYLINDRICAL_SURFACE ( 'NONE', #2664, 0.3926990816987240285 ) ;
#4682 = ADVANCED_FACE ( 'NONE', ( #4377 ), #4713, .T. ) ;
#4683 = ORIENTED_EDGE ( 'NONE', *, *, #2991, .T. ) ;
#4684 = DIRECTION ( 'NONE',  ( 0.000000000000000000, 0.000000000000000000, 1.000000000000000000 ) ) ;
#4685 = CARTESIAN_POINT ( 'NONE',  ( -6.101343158628609764, 1.296880523367055948, -5.000000000000000000 ) ) ;
#4686 = VERTEX_POINT ( 'NONE', #3621 ) ;
#4687 = VERTEX_POINT ( 'NONE', #3978 ) ;
#4688 = CARTESIAN_POINT ( 'NONE',  ( -7.892805129294830913, -3.154936955150964728, -5.000000000000000888 ) ) ;
#4689 = VECTOR ( 'NONE', #2098, 1000.000000000000227 ) ;
#4690 =( NAMED_UNIT ( * ) PLANE_ANGLE_UNIT ( ) SI_UNIT ( $, .RADIAN. ) );
#4691 = DIRECTION ( 'NONE',  ( -1.000000000000000000, 0.000000000000000000, 0.000000000000000000 ) ) ;
#4692 = EDGE_CURVE ( 'NONE', #1279, #4614, #1792, .T. ) ;
#4693 = ORIENTED_EDGE ( 'NONE', *, *, #4447, .F. ) ;
#4694 = VERTEX_POINT ( 'NONE', #2238 ) ;
#4695 = DIRECTION ( 'NONE',  ( 0.000000000000000000, 0.000000000000000000, 1.000000000000000000 ) ) ;
#4696 = DIRECTION ( 'NONE',  ( 0.000000000000000000, 0.000000000000000000, 1.000000000000000000 ) ) ;
#4697 = LINE ( 'NONE', #2887, #2719 ) ;
#4698 = ORIENTED_EDGE ( 'NONE', *, *, #500, .T. ) ;
#4699 = CARTESIAN_POINT ( 'NONE',  ( -2.043761957265944673, -6.792810382441619943, -15.00000000000000000 ) ) ;
#4700 = VECTOR ( 'NONE', #116, 1000.000000000000000 ) ;
#4701 = CARTESIAN_POINT ( 'NONE',  ( 6.036215036775419485, -5.156726580865659493, -15.00000000000000000 ) ) ;
#4702 = DIRECTION ( 'NONE',  ( 0.000000000000000000, 0.000000000000000000, -1.000000000000000000 ) ) ;
#4703 = ORIENTED_EDGE ( 'NONE', *, *, #201, .F. ) ;
#4704 = LINE ( 'NONE', #2182, #3805 ) ;
#4705 = EDGE_CURVE ( 'NONE', #3400, #2422, #2201, .T. ) ;
#4706 = DIRECTION ( 'NONE',  ( 1.000000000000000000, 1.758422611539354977E-15, 0.000000000000000000 ) ) ;
#4707 = VECTOR ( 'NONE', #3881, 1000.000000000000000 ) ;
#4708 = ORIENTED_EDGE ( 'NONE', *, *, #3979, .F. ) ;
#4709 = VERTEX_POINT ( 'NONE', #2571 ) ;
#4710 = CARTESIAN_POINT ( 'NONE',  ( 8.030852612922201317, -2.162022528233083829, -14.62314041400848552 ) ) ;
#4711 = CIRCLE ( 'NONE', #3651, 8.500000000000000000 ) ;
#4712 = EDGE_CURVE ( 'NONE', #472, #1630, #2809, .T. ) ;
#4713 = CYLINDRICAL_SURFACE ( 'NONE', #335, 3.946090011793463859 ) ;
#4714 = DIRECTION ( 'NONE',  ( 1.000000000000000000, 0.000000000000000000, 0.000000000000000000 ) ) ;
#4715 = VERTEX_POINT ( 'NONE', #1492 ) ;
#4716 = EDGE_CURVE ( 'NONE', #828, #2211, #2144, .T. ) ;
#4717 = ORIENTED_EDGE ( 'NONE', *, *, #4381, .F. ) ;
#4718 = CIRCLE ( 'NONE', #3267, 0.3926990816987240285 ) ;
#4719 = AXIS2_PLACEMENT_3D ( 'NONE', #3536, #1034, #2060 ) ;
#4720 = CARTESIAN_POINT ( 'NONE',  ( 0.2188068722465482674, -2.150000000000000799, 0.3999999999999977462 ) ) ;
#4721 = DIRECTION ( 'NONE',  ( -0.9945218953682730678, 0.1045284632676570097, 0.000000000000000000 ) ) ;
#4722 = DIRECTION ( 'NONE',  ( 0.000000000000000000, 0.000000000000000000, 1.000000000000000000 ) ) ;
#4723 = AXIS2_PLACEMENT_3D ( 'NONE', #692, #325, #1791 ) ;
#4724 = VECTOR ( 'NONE', #4516, 1000.000000000000114 ) ;
#4725 = ORIENTED_EDGE ( 'NONE', *, *, #622, .F. ) ;
#4726 = ORIENTED_EDGE ( 'NONE', *, *, #69, .T. ) ;
#4727 = CARTESIAN_POINT ( 'NONE',  ( 0.000000000000000000, 0.000000000000000000, -5.000000000000000888 ) ) ;
#4728 = CIRCLE ( 'NONE', #3891, 3.946090011793464747 ) ;
#4729 = DIRECTION ( 'NONE',  ( 0.9781476007338041345, -0.2079116908177664758, 0.000000000000000000 ) ) ;
#4730 = DIRECTION ( 'NONE',  ( 1.000000000000000000, 0.000000000000000000, 0.000000000000000000 ) ) ;
#4731 = CIRCLE ( 'NONE', #1989, 0.3926990816987240285 ) ;
#4732 = ORIENTED_EDGE ( 'NONE', *, *, #2910, .T. ) ;
#4733 = CARTESIAN_POINT ( 'NONE',  ( -2.880075745088639838, 5.890396857461869473, -5.000000000000000000 ) ) ;
#4734 = FACE_OUTER_BOUND ( 'NONE', #1189, .T. ) ;
#4735 = VERTEX_POINT ( 'NONE', #2214 ) ;
#4736 = EDGE_CURVE ( 'NONE', #2100, #665, #45, .T. ) ;
#4737 = VERTEX_POINT ( 'NONE', #3693 ) ;
#4738 = CARTESIAN_POINT ( 'NONE',  ( -7.625892554961530401, 3.754432412510970263, -14.43900000000409989 ) ) ;
ENDSEC;
END-ISO-10303-21;
