ISO-10303-21;
HEADER;
FILE_DESCRIPTION (( 'STEP AP214' ),
    '1' );
FILE_NAME ('gear mounts.STEP',
    '2025-03-22T09:01:32',
    ( '' ),
    ( '' ),
    'SwSTEP 2.0',
    'SolidWorks 2023',
    '' );
FILE_SCHEMA (( 'AUTOMOTIVE_DESIGN' ));
ENDSEC;

DATA;
#1 = LINE ( 'NONE', #1441, #692 ) ;
#2 = ADVANCED_FACE ( 'NONE', ( #1439 ), #40, .F. ) ;
#3 = LINE ( 'NONE', #926, #1777 ) ;
#4 = EDGE_LOOP ( 'NONE', ( #114, #1876 ) ) ;
#5 = DIRECTION ( 'NONE',  ( 1.000000000000000000, 0.000000000000000000, 0.000000000000000000 ) ) ;
#6 = DIRECTION ( 'NONE',  ( -0.000000000000000000, -0.000000000000000000, -1.000000000000000000 ) ) ;
#7 = CYLINDRICAL_SURFACE ( 'NONE', #1607, 2.200000000000007283 ) ;
#8 = EDGE_LOOP ( 'NONE', ( #1542, #728 ) ) ;
#9 = ADVANCED_FACE ( 'NONE', ( #1105 ), #1415, .F. ) ;
#10 = EDGE_LOOP ( 'NONE', ( #425, #789, #1518, #1106 ) ) ;
#11 = DIRECTION ( 'NONE',  ( -1.000000000000000000, 0.000000000000000000, 0.000000000000000000 ) ) ;
#12 = DIRECTION ( 'NONE',  ( -1.000000000000000000, 0.000000000000000000, 0.000000000000000000 ) ) ;
#13 = AXIS2_PLACEMENT_3D ( 'NONE', #1706, #480, #2081 ) ;
#14 = ORIENTED_EDGE ( 'NONE', *, *, #682, .F. ) ;
#15 = CARTESIAN_POINT ( 'NONE',  ( 136.3000000000000114, 43.99999999999999289, 7.001000000000000334 ) ) ;
#16 = DIRECTION ( 'NONE',  ( 1.000000000000000000, 0.000000000000000000, 0.000000000000000000 ) ) ;
#17 = DIRECTION ( 'NONE',  ( -1.000000000000000000, 0.000000000000000000, 0.000000000000000000 ) ) ;
#18 = VECTOR ( 'NONE', #1655, 1000.000000000000000 ) ;
#19 = AXIS2_PLACEMENT_3D ( 'NONE', #2121, #215, #751 ) ;
#20 = ORIENTED_EDGE ( 'NONE', *, *, #1045, .F. ) ;
#21 = ADVANCED_FACE ( 'NONE', ( #1151, #1818 ), #1828, .T. ) ;
#22 = ORIENTED_EDGE ( 'NONE', *, *, #1185, .T. ) ;
#23 = DIRECTION ( 'NONE',  ( 0.000000000000000000, 0.000000000000000000, 1.000000000000000000 ) ) ;
#24 = CIRCLE ( 'NONE', #241, 6.600000000000000533 ) ;
#25 = CARTESIAN_POINT ( 'NONE',  ( 47.50000000000000000, 44.00000000000000000, 5.250000000000000000 ) ) ;
#26 = ORIENTED_EDGE ( 'NONE', *, *, #1432, .T. ) ;
#27 = DIRECTION ( 'NONE',  ( -0.7071067811865512365, 0.000000000000000000, -0.7071067811865439090 ) ) ;
#28 = DIRECTION ( 'NONE',  ( 0.000000000000000000, 0.000000000000000000, 1.000000000000000000 ) ) ;
#29 = DIRECTION ( 'NONE',  ( 0.000000000000000000, 1.000000000000000000, 0.000000000000000000 ) ) ;
#30 = EDGE_CURVE ( 'NONE', #1590, #2157, #2196, .T. ) ;
#31 = ORIENTED_EDGE ( 'NONE', *, *, #1330, .T. ) ;
#32 = VERTEX_POINT ( 'NONE', #265 ) ;
#33 = CARTESIAN_POINT ( 'NONE',  ( 40.89999999999999858, 44.00000000000000000, 5.250000000000000000 ) ) ;
#34 = ADVANCED_FACE ( 'NONE', ( #802 ), #1129, .F. ) ;
#35 = CARTESIAN_POINT ( 'NONE',  ( 47.50000000000000000, 44.00000000000000000, 5.250000000000000000 ) ) ;
#36 = EDGE_LOOP ( 'NONE', ( #1325, #1650 ) ) ;
#37 = DIRECTION ( 'NONE',  ( -0.000000000000000000, -0.000000000000000000, 1.000000000000000000 ) ) ;
#38 = CARTESIAN_POINT ( 'NONE',  ( 138.5000000000000000, 43.99999999999999289, 5.250000000000000000 ) ) ;
#39 = FACE_BOUND ( 'NONE', #422, .T. ) ;
#40 = CYLINDRICAL_SURFACE ( 'NONE', #2023, 6.600000000000022737 ) ;
#41 = VECTOR ( 'NONE', #108, 1000.000000000000000 ) ;
#42 = ORIENTED_EDGE ( 'NONE', *, *, #554, .F. ) ;
#43 = CYLINDRICAL_SURFACE ( 'NONE', #832, 6.599999999999994316 ) ;
#44 = FACE_OUTER_BOUND ( 'NONE', #1768, .T. ) ;
#45 = ORIENTED_EDGE ( 'NONE', *, *, #75, .F. ) ;
#46 = DIRECTION ( 'NONE',  ( 1.000000000000000000, 0.000000000000000000, 0.000000000000000000 ) ) ;
#47 = FACE_OUTER_BOUND ( 'NONE', #1001, .T. ) ;
#48 = FACE_OUTER_BOUND ( 'NONE', #1931, .T. ) ;
#49 = EDGE_CURVE ( 'NONE', #1616, #1044, #1911, .T. ) ;
#50 = VECTOR ( 'NONE', #973, 1000.000000000000000 ) ;
#51 = DIRECTION ( 'NONE',  ( -0.000000000000000000, -0.000000000000000000, 1.000000000000000000 ) ) ;
#52 = AXIS2_PLACEMENT_3D ( 'NONE', #856, #343, #659 ) ;
#53 = ORIENTED_EDGE ( 'NONE', *, *, #1513, .T. ) ;
#54 = AXIS2_PLACEMENT_3D ( 'NONE', #1421, #2108, #212 ) ;
#55 = CARTESIAN_POINT ( 'NONE',  ( 10.00000000000000000, 44.00000000000000000, 0.5000000000000707212 ) ) ;
#56 = VECTOR ( 'NONE', #354, 1000.000000000000000 ) ;
#57 = ORIENTED_EDGE ( 'NONE', *, *, #1330, .F. ) ;
#58 = EDGE_CURVE ( 'NONE', #198, #560, #647, .T. ) ;
#59 = CARTESIAN_POINT ( 'NONE',  ( 10.00000000000000000, 44.00000000000000000, -37.64999999999999858 ) ) ;
#60 = VECTOR ( 'NONE', #671, 1000.000000000000000 ) ;
#61 = DIRECTION ( 'NONE',  ( -0.000000000000000000, -0.000000000000000000, 1.000000000000000000 ) ) ;
#62 = PLANE ( 'NONE',  #657 ) ;
#63 = ORIENTED_EDGE ( 'NONE', *, *, #1929, .F. ) ;
#64 = CARTESIAN_POINT ( 'NONE',  ( 93.00000000000000000, 43.99999999999999289, 0.000000000000000000 ) ) ;
#65 = ORIENTED_EDGE ( 'NONE', *, *, #545, .T. ) ;
#66 = ORIENTED_EDGE ( 'NONE', *, *, #584, .F. ) ;
#67 = DIRECTION ( 'NONE',  ( -0.000000000000000000, -0.000000000000000000, 1.000000000000000000 ) ) ;
#68 = EDGE_CURVE ( 'NONE', #1038, #942, #228, .T. ) ;
#69 = DIRECTION ( 'NONE',  ( 1.000000000000000000, 0.000000000000000000, 0.000000000000000000 ) ) ;
#70 = ORIENTED_EDGE ( 'NONE', *, *, #282, .T. ) ;
#71 = CARTESIAN_POINT ( 'NONE',  ( 150.0000000000000000, 65.00000000000000000, 7.000000000000000000 ) ) ;
#72 = ORIENTED_EDGE ( 'NONE', *, *, #510, .F. ) ;
#73 = DIRECTION ( 'NONE',  ( 1.000000000000000000, 0.000000000000000000, 0.000000000000000000 ) ) ;
#74 = CARTESIAN_POINT ( 'NONE',  ( 10.00000000000000000, 44.00000000000000000, -32.39999999999999858 ) ) ;
#75 = EDGE_CURVE ( 'NONE', #658, #1695, #822, .T. ) ;
#76 = ORIENTED_EDGE ( 'NONE', *, *, #1182, .F. ) ;
#77 = DIRECTION ( 'NONE',  ( 0.000000000000000000, 0.000000000000000000, 1.000000000000000000 ) ) ;
#78 = EDGE_CURVE ( 'NONE', #590, #32, #1656, .T. ) ;
#79 = VECTOR ( 'NONE', #85, 1000.000000000000000 ) ;
#80 = DIRECTION ( 'NONE',  ( -1.000000000000000000, 0.000000000000000000, 0.000000000000000000 ) ) ;
#81 = EDGE_LOOP ( 'NONE', ( #1725, #409, #715, #2178 ) ) ;
#82 = DIRECTION ( 'NONE',  ( -0.000000000000000000, -0.000000000000000000, -1.000000000000000000 ) ) ;
#83 = ORIENTED_EDGE ( 'NONE', *, *, #1494, .F. ) ;
#84 = CARTESIAN_POINT ( 'NONE',  ( 93.00000000000000000, 43.99999999999999289, -37.64999999999999858 ) ) ;
#85 = DIRECTION ( 'NONE',  ( -0.000000000000000000, -0.000000000000000000, -1.000000000000000000 ) ) ;
#86 = AXIS2_PLACEMENT_3D ( 'NONE', #839, #696, #153 ) ;
#87 = VERTEX_POINT ( 'NONE', #781 ) ;
#88 = EDGE_CURVE ( 'NONE', #210, #440, #2051, .T. ) ;
#89 = VECTOR ( 'NONE', #2223, 1000.000000000000000 ) ;
#90 = FACE_BOUND ( 'NONE', #36, .T. ) ;
#91 = CIRCLE ( 'NONE', #975, 6.600000000000022737 ) ;
#92 = AXIS2_PLACEMENT_3D ( 'NONE', #1400, #890, #1061 ) ;
#93 = ORIENTED_EDGE ( 'NONE', *, *, #1144, .F. ) ;
#94 = DIRECTION ( 'NONE',  ( 0.000000000000000000, 0.000000000000000000, 1.000000000000000000 ) ) ;
#95 = AXIS2_PLACEMENT_3D ( 'NONE', #201, #878, #915 ) ;
#96 = EDGE_LOOP ( 'NONE', ( #1484, #1784, #279, #1763 ) ) ;
#97 = DIRECTION ( 'NONE',  ( -1.000000000000000000, 0.000000000000000000, 0.000000000000000000 ) ) ;
#98 = ADVANCED_FACE ( 'NONE', ( #1162 ), #1372, .F. ) ;
#99 = CARTESIAN_POINT ( 'NONE',  ( 10.00000000000000000, 44.00000000000000000, 7.000000000000000000 ) ) ;
#100 = EDGE_LOOP ( 'NONE', ( #798, #887, #1502, #800 ) ) ;
#101 = DIRECTION ( 'NONE',  ( -1.000000000000000000, 0.000000000000000000, -0.000000000000000000 ) ) ;
#102 = ADVANCED_FACE ( 'NONE', ( #964, #1338 ), #2020, .T. ) ;
#103 = ORIENTED_EDGE ( 'NONE', *, *, #2006, .T. ) ;
#104 = LINE ( 'NONE', #807, #1776 ) ;
#105 =( NAMED_UNIT ( * ) SI_UNIT ( $, .STERADIAN. ) SOLID_ANGLE_UNIT ( ) );
#106 = ORIENTED_EDGE ( 'NONE', *, *, #1707, .F. ) ;
#107 = DIRECTION ( 'NONE',  ( -0.000000000000000000, -0.000000000000000000, 1.000000000000000000 ) ) ;
#108 = DIRECTION ( 'NONE',  ( -0.000000000000000000, -0.000000000000000000, -1.000000000000000000 ) ) ;
#109 = EDGE_CURVE ( 'NONE', #1785, #1912, #1665, .T. ) ;
#110 = VERTEX_POINT ( 'NONE', #986 ) ;
#111 = FACE_OUTER_BOUND ( 'NONE', #96, .T. ) ;
#112 = EDGE_LOOP ( 'NONE', ( #567, #233, #840, #2219 ) ) ;
#113 = DIRECTION ( 'NONE',  ( 1.000000000000000000, 0.000000000000000000, 0.000000000000000000 ) ) ;
#114 = ORIENTED_EDGE ( 'NONE', *, *, #922, .T. ) ;
#115 = CARTESIAN_POINT ( 'NONE',  ( 12.20000000000000107, 44.00000000000000000, -37.64999999999999858 ) ) ;
#116 = CARTESIAN_POINT ( 'NONE',  ( 0.000000000000000000, 0.000000000000000000, 7.000000000000000000 ) ) ;
#117 = LINE ( 'NONE', #1975, #1850 ) ;
#118 = EDGE_CURVE ( 'NONE', #931, #2127, #446, .T. ) ;
#119 = ORIENTED_EDGE ( 'NONE', *, *, #731, .T. ) ;
#120 = DIRECTION ( 'NONE',  ( -0.000000000000000000, -0.000000000000000000, 1.000000000000000000 ) ) ;
#121 = AXIS2_PLACEMENT_3D ( 'NONE', #1150, #2031, #644 ) ;
#122 = AXIS2_PLACEMENT_3D ( 'NONE', #1723, #2228, #1699 ) ;
#123 = ORIENTED_EDGE ( 'NONE', *, *, #1696, .F. ) ;
#124 = FACE_OUTER_BOUND ( 'NONE', #1016, .T. ) ;
#125 = VECTOR ( 'NONE', #1589, 1000.000000000000000 ) ;
#126 = EDGE_CURVE ( 'NONE', #806, #1290, #961, .T. ) ;
#127 = VERTEX_POINT ( 'NONE', #791 ) ;
#128 = CYLINDRICAL_SURFACE ( 'NONE', #824, 6.600000000000022737 ) ;
#129 = AXIS2_PLACEMENT_3D ( 'NONE', #1386, #120, #827 ) ;
#130 = DIRECTION ( 'NONE',  ( -1.000000000000000000, 0.000000000000000000, 0.000000000000000000 ) ) ;
#131 = DIRECTION ( 'NONE',  ( -0.000000000000000000, -0.000000000000000000, -1.000000000000000000 ) ) ;
#132 = DIRECTION ( 'NONE',  ( 1.000000000000000000, 0.000000000000000000, 0.000000000000000000 ) ) ;
#133 = ORIENTED_EDGE ( 'NONE', *, *, #78, .F. ) ;
#134 = CARTESIAN_POINT ( 'NONE',  ( 150.0000000000000000, 65.00000000000000000, -39.39999999999999858 ) ) ;
#135 = EDGE_CURVE ( 'NONE', #942, #1598, #2180, .T. ) ;
#136 = ORIENTED_EDGE ( 'NONE', *, *, #2063, .T. ) ;
#137 = FACE_OUTER_BOUND ( 'NONE', #1708, .T. ) ;
#138 = ORIENTED_EDGE ( 'NONE', *, *, #1868, .T. ) ;
#139 = CARTESIAN_POINT ( 'NONE',  ( 93.00000000000000000, 43.99999999999999289, -32.39999999999999858 ) ) ;
#140 = CARTESIAN_POINT ( 'NONE',  ( 150.0000000000000000, 8.000000000000000000, 0.000000000000000000 ) ) ;
#141 = LINE ( 'NONE', #162, #1134 ) ;
#142 = CYLINDRICAL_SURFACE ( 'NONE', #86, 2.200000000000007283 ) ;
#143 = ORIENTED_EDGE ( 'NONE', *, *, #2082, .F. ) ;
#144 = CYLINDRICAL_SURFACE ( 'NONE', #129, 2.199999999999993516 ) ;
#145 = EDGE_CURVE ( 'NONE', #127, #1197, #1622, .T. ) ;
#146 = PLANE ( 'NONE',  #865 ) ;
#147 = ORIENTED_EDGE ( 'NONE', *, *, #49, .T. ) ;
#148 = FACE_BOUND ( 'NONE', #1473, .T. ) ;
#149 = DIRECTION ( 'NONE',  ( -0.000000000000000000, -0.000000000000000000, -1.000000000000000000 ) ) ;
#150 = FACE_OUTER_BOUND ( 'NONE', #1906, .T. ) ;
#151 = CONICAL_SURFACE ( 'NONE', #1444, 6.599999999999994316, 0.7853981633974534970 ) ;
#152 = CIRCLE ( 'NONE', #260, 1.500000000000001332 ) ;
#153 = DIRECTION ( 'NONE',  ( 1.000000000000000000, 0.000000000000000000, 0.000000000000000000 ) ) ;
#154 = EDGE_LOOP ( 'NONE', ( #2174, #948 ) ) ;
#155 = FACE_OUTER_BOUND ( 'NONE', #1802, .T. ) ;
#156 = AXIS2_PLACEMENT_3D ( 'NONE', #1793, #1630, #1360 ) ;
#157 = CARTESIAN_POINT ( 'NONE',  ( 95.19999999999998863, 43.99999999999999289, -0.001000000000000132727 ) ) ;
#158 = AXIS2_PLACEMENT_3D ( 'NONE', #2230, #702, #1187 ) ;
#159 = VERTEX_POINT ( 'NONE', #287 ) ;
#160 = CARTESIAN_POINT ( 'NONE',  ( 60.00002264833061361, 4.052132500626951739, 7.000000000000000000 ) ) ;
#161 = CARTESIAN_POINT ( 'NONE',  ( 12.20000000000000107, 44.00000000000000000, -0.001000000000000132727 ) ) ;
#162 = CARTESIAN_POINT ( 'NONE',  ( 49.70000000000000284, 44.00000000000000000, -0.001000000000000132727 ) ) ;
#163 = CIRCLE ( 'NONE', #755, 2.600000000000004974 ) ;
#164 = EDGE_CURVE ( 'NONE', #493, #449, #660, .T. ) ;
#165 = AXIS2_PLACEMENT_3D ( 'NONE', #340, #2119, #1957 ) ;
#166 = DIRECTION ( 'NONE',  ( 1.000000000000000000, 0.000000000000000000, 0.000000000000000000 ) ) ;
#167 = ORIENTED_EDGE ( 'NONE', *, *, #135, .T. ) ;
#168 = AXIS2_PLACEMENT_3D ( 'NONE', #2044, #426, #774 ) ;
#169 = CIRCLE ( 'NONE', #833, 6.600000000000001421 ) ;
#170 = CARTESIAN_POINT ( 'NONE',  ( 93.00000000000000000, 43.99999999999999289, -32.89999999999993463 ) ) ;
#171 = DIRECTION ( 'NONE',  ( -1.000000000000000000, 0.000000000000000000, 0.000000000000000000 ) ) ;
#172 = ORIENTED_EDGE ( 'NONE', *, *, #471, .F. ) ;
#173 = DIRECTION ( 'NONE',  ( 1.000000000000000000, 0.000000000000000000, 0.000000000000000000 ) ) ;
#174 = CARTESIAN_POINT ( 'NONE',  ( 47.50000000000000000, 44.00000000000000000, -37.64999999999999858 ) ) ;
#175 = CARTESIAN_POINT ( 'NONE',  ( 89.99997735166940060, 3.999999999999997335, -39.39999999999999858 ) ) ;
#176 = EDGE_CURVE ( 'NONE', #542, #732, #2162, .T. ) ;
#177 = DIRECTION ( 'NONE',  ( 1.000000000000000000, 0.000000000000000000, 0.000000000000000000 ) ) ;
#178 = ORIENTED_EDGE ( 'NONE', *, *, #2231, .F. ) ;
#179 = ORIENTED_EDGE ( 'NONE', *, *, #1173, .F. ) ;
#180 = DIRECTION ( 'NONE',  ( -0.000000000000000000, -0.000000000000000000, 1.000000000000000000 ) ) ;
#181 = CARTESIAN_POINT ( 'NONE',  ( 88.49997735166940060, 3.999999999999997335, 0.000000000000000000 ) ) ;
#182 = ORIENTED_EDGE ( 'NONE', *, *, #682, .T. ) ;
#183 = CARTESIAN_POINT ( 'NONE',  ( 138.5000000000000000, 43.99999999999999289, 0.5000000000000628386 ) ) ;
#184 = CARTESIAN_POINT ( 'NONE',  ( 145.5999999999999943, 43.99999999999999289, -32.39999999999999858 ) ) ;
#185 = DIRECTION ( 'NONE',  ( -0.000000000000000000, -0.000000000000000000, 1.000000000000000000 ) ) ;
#186 = ORIENTED_EDGE ( 'NONE', *, *, #282, .F. ) ;
#187 = CIRCLE ( 'NONE', #1482, 6.600000000000001421 ) ;
#188 = EDGE_LOOP ( 'NONE', ( #1362, #2159, #1826, #1115 ) ) ;
#189 = DIRECTION ( 'NONE',  ( 1.000000000000000000, 0.000000000000000000, 0.000000000000000000 ) ) ;
#190 = DIRECTION ( 'NONE',  ( -0.000000000000000000, -0.000000000000000000, 1.000000000000000000 ) ) ;
#191 = ORIENTED_EDGE ( 'NONE', *, *, #1240, .T. ) ;
#192 = CARTESIAN_POINT ( 'NONE',  ( 150.0000000000000000, 0.000000000000000000, 7.000000000000000000 ) ) ;
#193 = LINE ( 'NONE', #1436, #299 ) ;
#194 = DIRECTION ( 'NONE',  ( 1.000000000000000000, 0.000000000000000000, 0.000000000000000000 ) ) ;
#195 = CIRCLE ( 'NONE', #1488, 2.200000000000000622 ) ;
#196 = EDGE_CURVE ( 'NONE', #1183, #1044, #1053, .T. ) ;
#197 = CIRCLE ( 'NONE', #19, 7.100000000000078693 ) ;
#198 = VERTEX_POINT ( 'NONE', #1539 ) ;
#199 = VECTOR ( 'NONE', #980, 1000.000000000000000 ) ;
#200 = EDGE_LOOP ( 'NONE', ( #2224, #1985 ) ) ;
#201 = CARTESIAN_POINT ( 'NONE',  ( 47.50000000000000000, 44.00000000000000000, -32.39999999999999858 ) ) ;
#202 = AXIS2_PLACEMENT_3D ( 'NONE', #1229, #23, #698 ) ;
#203 = AXIS2_PLACEMENT_3D ( 'NONE', #1225, #1582, #1703 ) ;
#204 = DIRECTION ( 'NONE',  ( -1.000000000000000000, 0.000000000000000000, 0.000000000000000000 ) ) ;
#205 = VERTEX_POINT ( 'NONE', #1581 ) ;
#206 = DIRECTION ( 'NONE',  ( -0.000000000000000000, -0.000000000000000000, 1.000000000000000000 ) ) ;
#207 = DIRECTION ( 'NONE',  ( -1.000000000000000000, -0.000000000000000000, -0.000000000000000000 ) ) ;
#208 = CARTESIAN_POINT ( 'NONE',  ( 136.3000000000000114, 43.99999999999999289, 7.000000000000000000 ) ) ;
#209 = VERTEX_POINT ( 'NONE', #1381 ) ;
#210 = VERTEX_POINT ( 'NONE', #1224 ) ;
#211 = LINE ( 'NONE', #1966, #1744 ) ;
#212 = DIRECTION ( 'NONE',  ( 1.000000000000000000, 0.000000000000000000, 0.000000000000000000 ) ) ;
#213 = EDGE_CURVE ( 'NONE', #676, #905, #323, .T. ) ;
#214 = ORIENTED_EDGE ( 'NONE', *, *, #1295, .F. ) ;
#215 = DIRECTION ( 'NONE',  ( -0.000000000000000000, -0.000000000000000000, 1.000000000000000000 ) ) ;
#216 = DIRECTION ( 'NONE',  ( -1.000000000000000000, 0.000000000000000000, 0.000000000000000000 ) ) ;
#217 = DIRECTION ( 'NONE',  ( -0.000000000000000000, -0.000000000000000000, 1.000000000000000000 ) ) ;
#218 = ORIENTED_EDGE ( 'NONE', *, *, #477, .T. ) ;
#219 = ORIENTED_EDGE ( 'NONE', *, *, #49, .F. ) ;
#220 = DIRECTION ( 'NONE',  ( -0.000000000000000000, -0.000000000000000000, 1.000000000000000000 ) ) ;
#221 = ADVANCED_FACE ( 'NONE', ( #1370 ), #1717, .F. ) ;
#222 = DIRECTION ( 'NONE',  ( -0.000000000000000000, -0.000000000000000000, 1.000000000000000000 ) ) ;
#223 = AXIS2_PLACEMENT_3D ( 'NONE', #1201, #1227, #300 ) ;
#224 = ORIENTED_EDGE ( 'NONE', *, *, #1285, .F. ) ;
#225 = DIRECTION ( 'NONE',  ( -0.000000000000000000, -0.000000000000000000, -1.000000000000000000 ) ) ;
#226 = CARTESIAN_POINT ( 'NONE',  ( 93.00000000000000000, 43.99999999999999289, 0.5000000000000768274 ) ) ;
#227 = FACE_BOUND ( 'NONE', #4, .T. ) ;
#228 = CIRCLE ( 'NONE', #532, 6.599999999999994316 ) ;
#229 = ORIENTED_EDGE ( 'NONE', *, *, #196, .F. ) ;
#230 = VECTOR ( 'NONE', #683, 1000.000000000000114 ) ;
#231 = EDGE_CURVE ( 'NONE', #1213, #1237, #187, .T. ) ;
#232 = CIRCLE ( 'NONE', #122, 7.099999999999924150 ) ;
#233 = ORIENTED_EDGE ( 'NONE', *, *, #760, .T. ) ;
#234 = CARTESIAN_POINT ( 'NONE',  ( 93.00000000000000000, 43.99999999999999289, 7.001000000000000334 ) ) ;
#235 = AXIS2_PLACEMENT_3D ( 'NONE', #2050, #699, #1536 ) ;
#236 = AXIS2_PLACEMENT_3D ( 'NONE', #1745, #1230, #171 ) ;
#237 = CARTESIAN_POINT ( 'NONE',  ( 93.00000000000000000, 43.99999999999999289, 0.000000000000000000 ) ) ;
#238 = AXIS2_PLACEMENT_3D ( 'NONE', #234, #1133, #616 ) ;
#239 = ORIENTED_EDGE ( 'NONE', *, *, #985, .T. ) ;
#240 = DIRECTION ( 'NONE',  ( 1.000000000000000000, 0.000000000000000000, 0.000000000000000000 ) ) ;
#241 = AXIS2_PLACEMENT_3D ( 'NONE', #713, #1413, #1573 ) ;
#242 = CARTESIAN_POINT ( 'NONE',  ( 0.000000000000000000, 65.00000000000000000, -39.39999999999999858 ) ) ;
#243 = PRODUCT_CONTEXT ( 'NONE', #1999, 'mechanical' ) ;
#244 = ORIENTED_EDGE ( 'NONE', *, *, #68, .T. ) ;
#245 = DIRECTION ( 'NONE',  ( -1.000000000000000000, 0.000000000000000000, 0.000000000000000000 ) ) ;
#246 = DIRECTION ( 'NONE',  ( -0.000000000000000000, -0.000000000000000000, -1.000000000000000000 ) ) ;
#247 = VERTEX_POINT ( 'NONE', #490 ) ;
#248 = SURFACE_STYLE_FILL_AREA ( #1108 ) ;
#249 = CARTESIAN_POINT ( 'NONE',  ( 0.000000000000000000, 0.000000000000000000, 0.000000000000000000 ) ) ;
#250 = ORIENTED_EDGE ( 'NONE', *, *, #805, .F. ) ;
#251 = DIRECTION ( 'NONE',  ( -1.000000000000000000, 0.000000000000000000, 0.000000000000000000 ) ) ;
#252 = CARTESIAN_POINT ( 'NONE',  ( 47.50000000000000000, 44.00000000000000000, -32.89999999999997016 ) ) ;
#253 = ADVANCED_FACE ( 'NONE', ( #1558 ), #1199, .F. ) ;
#254 = ORIENTED_EDGE ( 'NONE', *, *, #1707, .T. ) ;
#255 = DIRECTION ( 'NONE',  ( -1.000000000000000000, 0.000000000000000000, 0.000000000000000000 ) ) ;
#256 = DIRECTION ( 'NONE',  ( -0.7071067811865517916, 8.659560562354985860E-17, 0.7071067811865431318 ) ) ;
#257 = ORIENTED_EDGE ( 'NONE', *, *, #999, .F. ) ;
#258 = FACE_OUTER_BOUND ( 'NONE', #1283, .T. ) ;
#259 = EDGE_CURVE ( 'NONE', #794, #1467, #1882, .T. ) ;
#260 = AXIS2_PLACEMENT_3D ( 'NONE', #2256, #1914, #345 ) ;
#261 = ORIENTED_EDGE ( 'NONE', *, *, #2173, .T. ) ;
#262 = CARTESIAN_POINT ( 'NONE',  ( 138.5000000000000000, 43.99999999999999289, -0.001000000000000132727 ) ) ;
#263 = ORIENTED_EDGE ( 'NONE', *, *, #782, .F. ) ;
#264 = LINE ( 'NONE', #1664, #1417 ) ;
#265 = CARTESIAN_POINT ( 'NONE',  ( 40.40000000000001990, 44.00000000000000000, -32.39999999999999858 ) ) ;
#266 = EDGE_LOOP ( 'NONE', ( #14, #601, #1625, #1700 ) ) ;
#267 = AXIS2_PLACEMENT_3D ( 'NONE', #139, #1870, #1735 ) ;
#268 = DIRECTION ( 'NONE',  ( 0.000000000000000000, 0.000000000000000000, 1.000000000000000000 ) ) ;
#269 = AXIS2_PLACEMENT_3D ( 'NONE', #1459, #587, #1291 ) ;
#270 = AXIS2_PLACEMENT_3D ( 'NONE', #990, #1690, #113 ) ;
#271 = ORIENTED_EDGE ( 'NONE', *, *, #2149, .F. ) ;
#272 = LINE ( 'NONE', #1326, #1385 ) ;
#273 = ADVANCED_FACE ( 'NONE', ( #1393 ), #1018, .F. ) ;
#274 = AXIS2_PLACEMENT_3D ( 'NONE', #1599, #1117, #412 ) ;
#275 = VECTOR ( 'NONE', #1728, 1000.000000000000000 ) ;
#276 = ORIENTED_EDGE ( 'NONE', *, *, #1475, .T. ) ;
#277 = DIRECTION ( 'NONE',  ( 1.000000000000000000, 0.000000000000000000, 0.000000000000000000 ) ) ;
#278 = DIRECTION ( 'NONE',  ( 0.000000000000000000, 0.000000000000000000, -1.000000000000000000 ) ) ;
#279 = ORIENTED_EDGE ( 'NONE', *, *, #1288, .T. ) ;
#280 = ADVANCED_FACE ( 'NONE', ( #858 ), #2016, .F. ) ;
#281 = CARTESIAN_POINT ( 'NONE',  ( 49.70000000000000284, 44.00000000000000000, 5.250000000000000000 ) ) ;
#282 = EDGE_CURVE ( 'NONE', #971, #1887, #744, .T. ) ;
#283 = VERTEX_POINT ( 'NONE', #1027 ) ;
#284 = DIRECTION ( 'NONE',  ( -1.000000000000000000, 0.000000000000000000, 0.000000000000000000 ) ) ;
#285 = ORIENTED_EDGE ( 'NONE', *, *, #1743, .F. ) ;
#286 = DIRECTION ( 'NONE',  ( -1.000000000000000000, 0.000000000000000000, 0.000000000000000000 ) ) ;
#287 = CARTESIAN_POINT ( 'NONE',  ( 150.0000000000000000, 8.000000000000000000, -32.39999999999999858 ) ) ;
#288 = DIRECTION ( 'NONE',  ( 1.000000000000000000, 0.000000000000000000, 0.000000000000000000 ) ) ;
#289 = VERTEX_POINT ( 'NONE', #514 ) ;
#290 = DIRECTION ( 'NONE',  ( -0.000000000000000000, -0.000000000000000000, 1.000000000000000000 ) ) ;
#291 = EDGE_CURVE ( 'NONE', #32, #1154, #1767, .T. ) ;
#292 = UNCERTAINTY_MEASURE_WITH_UNIT (LENGTH_MEASURE( 1.000000000000000082E-05 ), #451, 'distance_accuracy_value', 'NONE');
#293 = VERTEX_POINT ( 'NONE', #1234 ) ;
#294 = DIRECTION ( 'NONE',  ( 0.000000000000000000, 0.000000000000000000, -1.000000000000000000 ) ) ;
#295 = ORIENTED_EDGE ( 'NONE', *, *, #864, .T. ) ;
#296 = CARTESIAN_POINT ( 'NONE',  ( 138.5000000000000000, 43.99999999999999289, -37.64999999999999858 ) ) ;
#297 = LINE ( 'NONE', #161, #1077 ) ;
#298 = FACE_OUTER_BOUND ( 'NONE', #981, .T. ) ;
#299 = VECTOR ( 'NONE', #360, 1000.000000000000000 ) ;
#300 = DIRECTION ( 'NONE',  ( 1.000000000000000000, 0.000000000000000000, 0.000000000000000000 ) ) ;
#301 = EDGE_LOOP ( 'NONE', ( #1547, #1059, #1451, #1071 ) ) ;
#302 = CIRCLE ( 'NONE', #1000, 6.599999999999999645 ) ;
#303 = EDGE_CURVE ( 'NONE', #2169, #1197, #297, .T. ) ;
#304 = LINE ( 'NONE', #685, #1131 ) ;
#305 = AXIS2_PLACEMENT_3D ( 'NONE', #1345, #1515, #468 ) ;
#306 = VECTOR ( 'NONE', #1089, 1000.000000000000000 ) ;
#307 = AXIS2_PLACEMENT_3D ( 'NONE', #441, #82, #623 ) ;
#308 = VERTEX_POINT ( 'NONE', #1572 ) ;
#309 = CARTESIAN_POINT ( 'NONE',  ( 93.00000000000000000, 43.99999999999999289, -0.001000000000000132727 ) ) ;
#310 = CIRCLE ( 'NONE', #1885, 6.599999999999994316 ) ;
#311 = EDGE_LOOP ( 'NONE', ( #776, #103, #2030, #1062 ) ) ;
#312 = PLANE ( 'NONE',  #1522 ) ;
#313 = DIRECTION ( 'NONE',  ( 1.000000000000000000, 0.000000000000000000, 0.000000000000000000 ) ) ;
#314 = CARTESIAN_POINT ( 'NONE',  ( 47.50000000000000000, 44.00000000000000000, -32.39999999999999858 ) ) ;
#315 = VECTOR ( 'NONE', #361, 1000.000000000000000 ) ;
#316 = CARTESIAN_POINT ( 'NONE',  ( 47.50000000000000000, 44.00000000000000000, -0.001000000000000132727 ) ) ;
#317 = EDGE_CURVE ( 'NONE', #1183, #1964, #152, .T. ) ;
#318 = ORIENTED_EDGE ( 'NONE', *, *, #118, .T. ) ;
#319 = LINE ( 'NONE', #1181, #910 ) ;
#320 = LINE ( 'NONE', #677, #793 ) ;
#321 = ORIENTED_EDGE ( 'NONE', *, *, #1449, .F. ) ;
#322 = CARTESIAN_POINT ( 'NONE',  ( 89.99997735166940060, 3.999999999999997335, -39.39999999999999858 ) ) ;
#323 = LINE ( 'NONE', #2243, #605 ) ;
#324 = LINE ( 'NONE', #874, #275 ) ;
#325 = CARTESIAN_POINT ( 'NONE',  ( 61.50002264833061361, 4.052132500626951739, -39.39999999999999858 ) ) ;
#326 = ORIENTED_EDGE ( 'NONE', *, *, #1842, .F. ) ;
#327 = DIRECTION ( 'NONE',  ( 1.000000000000000000, 0.000000000000000000, 0.000000000000000000 ) ) ;
#328 = DIRECTION ( 'NONE',  ( -1.000000000000000000, 0.000000000000000000, 0.000000000000000000 ) ) ;
#329 = EDGE_CURVE ( 'NONE', #1529, #1025, #1549, .T. ) ;
#330 = EDGE_LOOP ( 'NONE', ( #622, #1327 ) ) ;
#331 = DIRECTION ( 'NONE',  ( 0.000000000000000000, 0.000000000000000000, 1.000000000000000000 ) ) ;
#332 = DIRECTION ( 'NONE',  ( 1.000000000000000000, 0.000000000000000000, 0.000000000000000000 ) ) ;
#333 = CARTESIAN_POINT ( 'NONE',  ( 0.000000000000000000, 8.000000000000000000, -16.19999999999999929 ) ) ;
#334 = AXIS2_PLACEMENT_3D ( 'NONE', #1736, #1895, #130 ) ;
#335 = CONICAL_SURFACE ( 'NONE', #2236, 6.600000000000022737, 0.7853981633974543852 ) ;
#336 = CARTESIAN_POINT ( 'NONE',  ( 47.50000000000000000, 44.00000000000000000, 7.000000000000000000 ) ) ;
#337 = ORIENTED_EDGE ( 'NONE', *, *, #388, .T. ) ;
#338 = FACE_OUTER_BOUND ( 'NONE', #484, .T. ) ;
#339 = AXIS2_PLACEMENT_3D ( 'NONE', #1506, #820, #1329 ) ;
#340 = CARTESIAN_POINT ( 'NONE',  ( 10.00000000000000000, 44.00000000000000000, 5.250000000000000000 ) ) ;
#341 = AXIS2_PLACEMENT_3D ( 'NONE', #192, #1411, #928 ) ;
#342 = ORIENTED_EDGE ( 'NONE', *, *, #1773, .T. ) ;
#343 = DIRECTION ( 'NONE',  ( 0.000000000000000000, 0.000000000000000000, 1.000000000000000000 ) ) ;
#344 = ADVANCED_FACE ( 'NONE', ( #2043 ), #335, .F. ) ;
#345 = DIRECTION ( 'NONE',  ( 1.000000000000000000, 0.000000000000000000, 0.000000000000000000 ) ) ;
#346 = DIRECTION ( 'NONE',  ( 1.000000000000000000, 0.000000000000000000, 0.000000000000000000 ) ) ;
#347 = AXIS2_PLACEMENT_3D ( 'NONE', #2184, #777, #1335 ) ;
#348 = AXIS2_PLACEMENT_3D ( 'NONE', #1649, #268, #69 ) ;
#349 = LINE ( 'NONE', #1561, #1085 ) ;
#350 = ORIENTED_EDGE ( 'NONE', *, *, #1095, .F. ) ;
#351 = CIRCLE ( 'NONE', #869, 2.200000000000007283 ) ;
#352 = VECTOR ( 'NONE', #2244, 1000.000000000000000 ) ;
#353 = EDGE_LOOP ( 'NONE', ( #257, #386, #595, #771 ) ) ;
#354 = DIRECTION ( 'NONE',  ( -0.000000000000000000, -0.000000000000000000, 1.000000000000000000 ) ) ;
#355 = EDGE_CURVE ( 'NONE', #2241, #1165, #1426, .T. ) ;
#356 = DIRECTION ( 'NONE',  ( 1.000000000000000000, 0.000000000000000000, 0.000000000000000000 ) ) ;
#357 = EDGE_CURVE ( 'NONE', #247, #110, #967, .T. ) ;
#358 = ORIENTED_EDGE ( 'NONE', *, *, #1560, .F. ) ;
#359 = CARTESIAN_POINT ( 'NONE',  ( 86.40000000000000568, 43.99999999999999289, 5.250000000000000000 ) ) ;
#360 = DIRECTION ( 'NONE',  ( -1.000000000000000000, -0.000000000000000000, 0.000000000000000000 ) ) ;
#361 = DIRECTION ( 'NONE',  ( -0.000000000000000000, -1.000000000000000000, -0.000000000000000000 ) ) ;
#362 = ORIENTED_EDGE ( 'NONE', *, *, #1281, .F. ) ;
#363 = EDGE_LOOP ( 'NONE', ( #897, #809, #1661, #786 ) ) ;
#364 = LINE ( 'NONE', #1069, #872 ) ;
#365 = CARTESIAN_POINT ( 'NONE',  ( 54.10000000000000142, 44.00000000000000000, -37.64999999999999858 ) ) ;
#366 = EDGE_CURVE ( 'NONE', #710, #1598, #525, .T. ) ;
#367 = VECTOR ( 'NONE', #256, 1000.000000000000114 ) ;
#368 = AXIS2_PLACEMENT_3D ( 'NONE', #435, #1516, #1526 ) ;
#369 = VERTEX_POINT ( 'NONE', #396 ) ;
#370 = FACE_OUTER_BOUND ( 'NONE', #2163, .T. ) ;
#371 = CARTESIAN_POINT ( 'NONE',  ( 7.799999999999999822, 44.00000000000000000, -39.39999999999999858 ) ) ;
#372 = CARTESIAN_POINT ( 'NONE',  ( 0.000000000000000000, 65.00000000000000000, 0.000000000000000000 ) ) ;
#373 = ORIENTED_EDGE ( 'NONE', *, *, #746, .T. ) ;
#374 = ORIENTED_EDGE ( 'NONE', *, *, #1332, .F. ) ;
#375 = CARTESIAN_POINT ( 'NONE',  ( 47.50000000000000000, 44.00000000000000000, -37.64999999999999858 ) ) ;
#376 = EDGE_CURVE ( 'NONE', #1044, #1616, #415, .T. ) ;
#377 = VECTOR ( 'NONE', #1003, 1000.000000000000000 ) ;
#378 = DIRECTION ( 'NONE',  ( -0.000000000000000000, -0.000000000000000000, -1.000000000000000000 ) ) ;
#379 = ORIENTED_EDGE ( 'NONE', *, *, #2253, .F. ) ;
#380 = CARTESIAN_POINT ( 'NONE',  ( 2.899999999999923528, 44.00000000000000000, 0.000000000000000000 ) ) ;
#381 = CARTESIAN_POINT ( 'NONE',  ( 10.00000000000000000, 44.00000000000000000, 7.001000000000000334 ) ) ;
#382 = DIRECTION ( 'NONE',  ( -0.000000000000000000, -0.000000000000000000, -1.000000000000000000 ) ) ;
#383 = CIRCLE ( 'NONE', #1163, 2.600000000000004974 ) ;
#384 = EDGE_CURVE ( 'NONE', #1647, #803, #1155, .T. ) ;
#385 = CIRCLE ( 'NONE', #1740, 2.200000000000000622 ) ;
#386 = ORIENTED_EDGE ( 'NONE', *, *, #1645, .T. ) ;
#387 = VECTOR ( 'NONE', #958, 1000.000000000000000 ) ;
#388 = EDGE_CURVE ( 'NONE', #962, #571, #1040, .T. ) ;
#389 = EDGE_LOOP ( 'NONE', ( #463, #1537 ) ) ;
#390 = DIRECTION ( 'NONE',  ( 1.000000000000000000, 0.000000000000000000, 0.000000000000000000 ) ) ;
#391 = CIRCLE ( 'NONE', #544, 2.600000000000004974 ) ;
#392 = EDGE_CURVE ( 'NONE', #209, #590, #452, .T. ) ;
#393 = DIRECTION ( 'NONE',  ( -1.000000000000000000, 0.000000000000000000, 0.000000000000000000 ) ) ;
#394 = EDGE_LOOP ( 'NONE', ( #1252, #2181 ) ) ;
#395 = PLANE ( 'NONE',  #341 ) ;
#396 = CARTESIAN_POINT ( 'NONE',  ( 90.80000000000001137, 43.99999999999999289, 7.000000000000000000 ) ) ;
#397 = CARTESIAN_POINT ( 'NONE',  ( 60.00002264833061361, 4.052132500626951739, 7.000000000000000000 ) ) ;
#398 = DIRECTION ( 'NONE',  ( 1.000000000000000000, 0.000000000000000000, 0.000000000000000000 ) ) ;
#399 = EDGE_CURVE ( 'NONE', #527, #2004, #1308, .T. ) ;
#400 = ORIENTED_EDGE ( 'NONE', *, *, #591, .T. ) ;
#401 = DIRECTION ( 'NONE',  ( -0.7071067811865517916, 0.000000000000000000, -0.7071067811865432429 ) ) ;
#402 = LINE ( 'NONE', #628, #2246 ) ;
#404 = VERTEX_POINT ( 'NONE', #1627 ) ;
#403 = AXIS2_PLACEMENT_3D ( 'NONE', #1873, #1395, #1236 ) ;
#405 = DIRECTION ( 'NONE',  ( -0.000000000000000000, -0.000000000000000000, 1.000000000000000000 ) ) ;
#406 = DIRECTION ( 'NONE',  ( -0.000000000000000000, -0.000000000000000000, -1.000000000000000000 ) ) ;
#407 = DIRECTION ( 'NONE',  ( 0.000000000000000000, 0.000000000000000000, 1.000000000000000000 ) ) ;
#408 = EDGE_CURVE ( 'NONE', #983, #1839, #193, .T. ) ;
#409 = ORIENTED_EDGE ( 'NONE', *, *, #2211, .F. ) ;
#410 = VECTOR ( 'NONE', #149, 1000.000000000000000 ) ;
#411 = ORIENTED_EDGE ( 'NONE', *, *, #1015, .T. ) ;
#412 = DIRECTION ( 'NONE',  ( -1.000000000000000000, 0.000000000000000000, 0.000000000000000000 ) ) ;
#413 = AXIS2_PLACEMENT_3D ( 'NONE', #951, #1980, #1652 ) ;
#414 = CARTESIAN_POINT ( 'NONE',  ( 0.000000000000000000, 65.00000000000000000, 0.000000000000000000 ) ) ;
#415 = CIRCLE ( 'NONE', #857, 1.500000000000001332 ) ;
#416 = EDGE_CURVE ( 'NONE', #1126, #1545, #1592, .T. ) ;
#417 = CIRCLE ( 'NONE', #223, 2.199999999999993516 ) ;
#418 = ORIENTED_EDGE ( 'NONE', *, *, #2082, .T. ) ;
#419 = DIRECTION ( 'NONE',  ( 0.000000000000000000, 1.000000000000000000, 0.000000000000000000 ) ) ;
#420 = CARTESIAN_POINT ( 'NONE',  ( 16.60000000000000142, 44.00000000000000000, -32.89999999999993463 ) ) ;
#421 = DIRECTION ( 'NONE',  ( 1.000000000000000000, 0.000000000000000000, 0.000000000000000000 ) ) ;
#422 = EDGE_LOOP ( 'NONE', ( #1414, #457 ) ) ;
#423 = CARTESIAN_POINT ( 'NONE',  ( 89.99997735166940060, 3.999999999999997335, 0.000000000000000000 ) ) ;
#424 = DIRECTION ( 'NONE',  ( -1.000000000000000000, 0.000000000000000000, -0.000000000000000000 ) ) ;
#425 = ORIENTED_EDGE ( 'NONE', *, *, #126, .F. ) ;
#426 = DIRECTION ( 'NONE',  ( -0.000000000000000000, -0.000000000000000000, 1.000000000000000000 ) ) ;
#427 = CIRCLE ( 'NONE', #1921, 6.600000000000022737 ) ;
#428 = CARTESIAN_POINT ( 'NONE',  ( 16.60000000000000142, 44.00000000000000000, 5.250000000000000000 ) ) ;
#429 = ADVANCED_FACE ( 'NONE', ( #588 ), #1593, .F. ) ;
#430 = VECTOR ( 'NONE', #661, 1000.000000000000000 ) ;
#431 = ORIENTED_EDGE ( 'NONE', *, *, #731, .F. ) ;
#432 = CYLINDRICAL_SURFACE ( 'NONE', #826, 2.200000000000007283 ) ;
#433 = ORIENTED_EDGE ( 'NONE', *, *, #714, .F. ) ;
#434 = FACE_OUTER_BOUND ( 'NONE', #1508, .T. ) ;
#435 = CARTESIAN_POINT ( 'NONE',  ( 93.00000000000000000, 43.99999999999999289, -32.39999999999999858 ) ) ;
#436 = ORIENTED_EDGE ( 'NONE', *, *, #1465, .F. ) ;
#437 = CARTESIAN_POINT ( 'NONE',  ( 93.00000000000000000, 43.99999999999999289, 7.000000000000000000 ) ) ;
#438 = EDGE_CURVE ( 'NONE', #976, #2027, #1268, .T. ) ;
#439 = PLANE ( 'NONE',  #943 ) ;
#440 = VERTEX_POINT ( 'NONE', #1412 ) ;
#441 = CARTESIAN_POINT ( 'NONE',  ( 47.50000000000000000, 44.00000000000000000, 5.250000000000000000 ) ) ;
#442 = EDGE_LOOP ( 'NONE', ( #63, #1391, #239, #45 ) ) ;
#443 = CARTESIAN_POINT ( 'NONE',  ( 150.0000000000000000, 0.000000000000000000, 7.000000000000000000 ) ) ;
#444 = EDGE_CURVE ( 'NONE', #1080, #205, #1936, .T. ) ;
#445 = DIRECTION ( 'NONE',  ( 0.000000000000000000, 0.000000000000000000, 1.000000000000000000 ) ) ;
#446 = CIRCLE ( 'NONE', #812, 2.200000000000007283 ) ;
#447 = ORIENTED_EDGE ( 'NONE', *, *, #1623, .F. ) ;
#448 = LINE ( 'NONE', #1967, #387 ) ;
#449 = VERTEX_POINT ( 'NONE', #371 ) ;
#450 = PLANE ( 'NONE',  #2205 ) ;
#451 =( LENGTH_UNIT ( ) NAMED_UNIT ( * ) SI_UNIT ( .MILLI., .METRE. ) );
#452 = CIRCLE ( 'NONE', #2197, 6.600000000000001421 ) ;
#453 = ORIENTED_EDGE ( 'NONE', *, *, #534, .T. ) ;
#454 = CARTESIAN_POINT ( 'NONE',  ( 47.50000000000000000, 44.00000000000000000, 0.000000000000000000 ) ) ;
#455 = CARTESIAN_POINT ( 'NONE',  ( 138.5000000000000000, 43.99999999999999289, 5.250000000000000000 ) ) ;
#456 = ADVANCED_FACE ( 'NONE', ( #47 ), #1245, .F. ) ;
#457 = ORIENTED_EDGE ( 'NONE', *, *, #88, .T. ) ;
#458 = AXIS2_PLACEMENT_3D ( 'NONE', #381, #406, #723 ) ;
#459 = EDGE_CURVE ( 'NONE', #732, #542, #351, .T. ) ;
#460 = AXIS2_PLACEMENT_3D ( 'NONE', #1557, #513, #2042 ) ;
#461 = CARTESIAN_POINT ( 'NONE',  ( 10.00000000000000000, 44.00000000000000000, -37.64999999999999858 ) ) ;
#462 = VECTOR ( 'NONE', #749, 1000.000000000000000 ) ;
#463 = ORIENTED_EDGE ( 'NONE', *, *, #674, .T. ) ;
#464 = CARTESIAN_POINT ( 'NONE',  ( 150.0000000000000000, 65.00000000000000000, 7.000000000000000000 ) ) ;
#465 = AXIS2_PLACEMENT_3D ( 'NONE', #557, #862, #11 ) ;
#466 = AXIS2_PLACEMENT_3D ( 'NONE', #598, #1343, #421 ) ;
#467 = ORIENTED_EDGE ( 'NONE', *, *, #1696, .T. ) ;
#468 = DIRECTION ( 'NONE',  ( 0.000000000000000000, -0.000000000000000000, 1.000000000000000000 ) ) ;
#469 = DIRECTION ( 'NONE',  ( 0.000000000000000000, 0.000000000000000000, 1.000000000000000000 ) ) ;
#470 = ORIENTED_EDGE ( 'NONE', *, *, #618, .F. ) ;
#471 = EDGE_CURVE ( 'NONE', #1025, #1912, #1710, .T. ) ;
#472 = FACE_OUTER_BOUND ( 'NONE', #2131, .T. ) ;
#473 = EDGE_LOOP ( 'NONE', ( #1898, #400 ) ) ;
#474 = DIRECTION ( 'NONE',  ( 0.7071067811865517916, 0.000000000000000000, 0.7071067811865431318 ) ) ;
#475 = ORIENTED_EDGE ( 'NONE', *, *, #1072, .T. ) ;
#476 = LINE ( 'NONE', #711, #2064 ) ;
#477 = EDGE_CURVE ( 'NONE', #816, #610, #1278, .T. ) ;
#478 = CARTESIAN_POINT ( 'NONE',  ( 138.5000000000000000, 43.99999999999999289, 0.5000000000000628386 ) ) ;
#479 = CARTESIAN_POINT ( 'NONE',  ( 138.5000000000000000, 43.99999999999999289, 7.001000000000000334 ) ) ;
#480 = DIRECTION ( 'NONE',  ( -0.000000000000000000, -0.000000000000000000, -1.000000000000000000 ) ) ;
#481 = EDGE_LOOP ( 'NONE', ( #2052, #1111, #952, #750 ) ) ;
#482 = DIRECTION ( 'NONE',  ( 0.000000000000000000, 0.000000000000000000, -1.000000000000000000 ) ) ;
#483 = ADVANCED_FACE ( 'NONE', ( #1292 ), #151, .F. ) ;
#484 = EDGE_LOOP ( 'NONE', ( #1620, #1396, #26, #684 ) ) ;
#485 = LINE ( 'NONE', #464, #904 ) ;
#486 = VECTOR ( 'NONE', #1871, 1000.000000000000000 ) ;
#487 = EDGE_CURVE ( 'NONE', #1165, #1271, #853, .T. ) ;
#488 = VERTEX_POINT ( 'NONE', #242 ) ;
#489 = FACE_OUTER_BOUND ( 'NONE', #481, .T. ) ;
#490 = CARTESIAN_POINT ( 'NONE',  ( 92.59997735166939492, 3.999999999999997335, 0.000000000000000000 ) ) ;
#491 = FACE_OUTER_BOUND ( 'NONE', #1666, .T. ) ;
#492 = CARTESIAN_POINT ( 'NONE',  ( 136.3000000000000114, 43.99999999999999289, 5.250000000000000000 ) ) ;
#493 = VERTEX_POINT ( 'NONE', #1469 ) ;
#494 = DIRECTION ( 'NONE',  ( -1.000000000000000000, 0.000000000000000000, 0.000000000000000000 ) ) ;
#495 = CIRCLE ( 'NONE', #2101, 6.600000000000022737 ) ;
#496 = VECTOR ( 'NONE', #27, 1000.000000000000000 ) ;
#497 = ORIENTED_EDGE ( 'NONE', *, *, #772, .F. ) ;
#498 = CYLINDRICAL_SURFACE ( 'NONE', #1884, 2.199999999999993516 ) ;
#499 = EDGE_CURVE ( 'NONE', #1598, #710, #1408, .T. ) ;
#500 = CIRCLE ( 'NONE', #54, 2.600000000000004974 ) ;
#501 = ORIENTED_EDGE ( 'NONE', *, *, #1173, .T. ) ;
#502 = CARTESIAN_POINT ( 'NONE',  ( 93.00000000000000000, 43.99999999999999289, 7.001000000000000334 ) ) ;
#503 = CIRCLE ( 'NONE', #1388, 6.599999999999994316 ) ;
#504 = DIRECTION ( 'NONE',  ( 1.000000000000000000, 0.000000000000000000, 0.000000000000000000 ) ) ;
#505 = LINE ( 'NONE', #1200, #1995 ) ;
#506 = AXIS2_PLACEMENT_3D ( 'NONE', #1619, #575, #743 ) ;
#507 = DIRECTION ( 'NONE',  ( -1.000000000000000000, 0.000000000000000000, 0.000000000000000000 ) ) ;
#508 = ORIENTED_EDGE ( 'NONE', *, *, #1719, .F. ) ;
#509 = DIRECTION ( 'NONE',  ( -0.7071067811865512365, 0.000000000000000000, -0.7071067811865439090 ) ) ;
#510 = EDGE_CURVE ( 'NONE', #737, #1514, #2093, .T. ) ;
#511 = CARTESIAN_POINT ( 'NONE',  ( 93.00000000000000000, 43.99999999999999289, -37.64999999999999858 ) ) ;
#512 = ORIENTED_EDGE ( 'NONE', *, *, #1501, .F. ) ;
#513 = DIRECTION ( 'NONE',  ( 0.000000000000000000, 0.000000000000000000, 1.000000000000000000 ) ) ;
#514 = CARTESIAN_POINT ( 'NONE',  ( 150.0000000000000000, 65.00000000000000000, -39.39999999999999858 ) ) ;
#515 = DIRECTION ( 'NONE',  ( 0.7071067811865517916, 8.659560562354985860E-17, -0.7071067811865432429 ) ) ;
#516 = DIRECTION ( 'NONE',  ( -0.000000000000000000, -0.000000000000000000, 1.000000000000000000 ) ) ;
#517 = ORIENTED_EDGE ( 'NONE', *, *, #889, .T. ) ;
#518 = FACE_BOUND ( 'NONE', #1321, .T. ) ;
#519 = LINE ( 'NONE', #365, #689 ) ;
#520 = AXIS2_PLACEMENT_3D ( 'NONE', #455, #278, #645 ) ;
#521 = VERTEX_POINT ( 'NONE', #1813 ) ;
#522 = FACE_BOUND ( 'NONE', #1901, .T. ) ;
#523 = DIRECTION ( 'NONE',  ( -1.000000000000000000, 0.000000000000000000, 0.000000000000000000 ) ) ;
#524 = CARTESIAN_POINT ( 'NONE',  ( 85.90000000000006253, 43.99999999999999289, -32.39999999999999858 ) ) ;
#525 = CIRCLE ( 'NONE', #1801, 6.599999999999994316 ) ;
#526 = CARTESIAN_POINT ( 'NONE',  ( 2.900000000000076295, 44.00000000000000000, -32.39999999999999858 ) ) ;
#527 = VERTEX_POINT ( 'NONE', #420 ) ;
#528 = EDGE_CURVE ( 'NONE', #2191, #758, #1694, .T. ) ;
#529 = CLOSED_SHELL ( 'NONE', ( #1765, #1140, #1231, #1792, #344, #483, #1256, #1584, #9, #98, #949, #1485, #2, #34, #253, #273, #977, #1909, #823, #688, #1262, #221, #1194, #564, #429, #572, #1890, #2056, #1037, #868, #1083, #1369, #1107, #1688, #637, #1988, #1204, #1416, #939, #1157, #1603, #1523, #2038, #1544, #531, #21, #1056, #1679, #1852, #102, #838, #788, #2147, #898, #1840, #1824, #1815, #1226, #1878, #720, #1008, #795, #2109, #1974, #2165, #1348, #456, #280, #1830, #934, #1244, #2090, #1615, #652, #896, #1907 ) ) ;
#530 = FACE_OUTER_BOUND ( 'NONE', #200, .T. ) ;
#531 = ADVANCED_FACE ( 'NONE', ( #2091 ), #705, .F. ) ;
#532 = AXIS2_PLACEMENT_3D ( 'NONE', #1673, #2168, #1483 ) ;
#533 = CARTESIAN_POINT ( 'NONE',  ( 3.399999999999999467, 44.00000000000000000, 0.5000000000000707212 ) ) ;
#534 = EDGE_CURVE ( 'NONE', #697, #1101, #417, .T. ) ;
#535 = AXIS2_PLACEMENT_3D ( 'NONE', #1024, #843, #1892 ) ;
#536 = ORIENTED_EDGE ( 'NONE', *, *, #1517, .F. ) ;
#537 = FACE_OUTER_BOUND ( 'NONE', #707, .T. ) ;
#538 = CARTESIAN_POINT ( 'NONE',  ( 138.5000000000000000, 43.99999999999999289, -32.39999999999999858 ) ) ;
#539 = CARTESIAN_POINT ( 'NONE',  ( 0.000000000000000000, 0.000000000000000000, -39.39999999999999858 ) ) ;
#540 = AXIS2_PLACEMENT_3D ( 'NONE', #1667, #2151, #80 ) ;
#541 = VECTOR ( 'NONE', #1487, 1000.000000000000000 ) ;
#542 = VERTEX_POINT ( 'NONE', #492 ) ;
#543 = AXIS2_PLACEMENT_3D ( 'NONE', #920, #1074, #574 ) ;
#544 = AXIS2_PLACEMENT_3D ( 'NONE', #1220, #1899, #327 ) ;
#545 = EDGE_CURVE ( 'NONE', #2004, #560, #1886, .T. ) ;
#546 = CIRCLE ( 'NONE', #727, 2.199999999999993516 ) ;
#547 = ORIENTED_EDGE ( 'NONE', *, *, #1399, .T. ) ;
#548 = DIRECTION ( 'NONE',  ( 0.000000000000000000, 0.000000000000000000, 1.000000000000000000 ) ) ;
#549 = DIRECTION ( 'NONE',  ( 0.000000000000000000, 0.000000000000000000, -1.000000000000000000 ) ) ;
#550 = VERTEX_POINT ( 'NONE', #860 ) ;
#551 = DIRECTION ( 'NONE',  ( -0.000000000000000000, -0.000000000000000000, 1.000000000000000000 ) ) ;
#552 = DIRECTION ( 'NONE',  ( 1.000000000000000000, 0.000000000000000000, 0.000000000000000000 ) ) ;
#553 = FACE_BOUND ( 'NONE', #1934, .T. ) ;
#554 = EDGE_CURVE ( 'NONE', #2004, #527, #302, .T. ) ;
#555 = ORIENTED_EDGE ( 'NONE', *, *, #2215, .T. ) ;
#556 = ORIENTED_EDGE ( 'NONE', *, *, #1595, .T. ) ;
#557 = CARTESIAN_POINT ( 'NONE',  ( 93.00000000000000000, 43.99999999999999289, 0.5000000000000768274 ) ) ;
#558 = DIRECTION ( 'NONE',  ( -0.000000000000000000, -0.000000000000000000, 1.000000000000000000 ) ) ;
#559 = EDGE_CURVE ( 'NONE', #159, #1467, #885, .T. ) ;
#560 = VERTEX_POINT ( 'NONE', #662 ) ;
#561 = DIRECTION ( 'NONE',  ( -1.000000000000000000, 0.000000000000000000, 0.000000000000000000 ) ) ;
#562 = DIRECTION ( 'NONE',  ( 0.000000000000000000, 0.000000000000000000, -1.000000000000000000 ) ) ;
#563 = CARTESIAN_POINT ( 'NONE',  ( 49.70000000000000284, 44.00000000000000000, -37.64999999999999858 ) ) ;
#564 = ADVANCED_FACE ( 'NONE', ( #1190 ), #142, .F. ) ;
#565 = ORIENTED_EDGE ( 'NONE', *, *, #1378, .F. ) ;
#566 = VECTOR ( 'NONE', #2145, 1000.000000000000000 ) ;
#567 = ORIENTED_EDGE ( 'NONE', *, *, #1100, .T. ) ;
#568 = EDGE_LOOP ( 'NONE', ( #599, #167, #1261, #955 ) ) ;
#569 = CARTESIAN_POINT ( 'NONE',  ( 0.000000000000000000, 65.00000000000000000, -32.39999999999999858 ) ) ;
#570 = DIRECTION ( 'NONE',  ( 0.000000000000000000, 1.000000000000000000, 0.000000000000000000 ) ) ;
#571 = VERTEX_POINT ( 'NONE', #1057 ) ;
#572 = ADVANCED_FACE ( 'NONE', ( #1905 ), #1373, .F. ) ;
#573 = FACE_OUTER_BOUND ( 'NONE', #1851, .T. ) ;
#574 = DIRECTION ( 'NONE',  ( -1.000000000000000000, 0.000000000000000000, 0.000000000000000000 ) ) ;
#575 = DIRECTION ( 'NONE',  ( 0.000000000000000000, 0.000000000000000000, -1.000000000000000000 ) ) ;
#576 = VECTOR ( 'NONE', #2156, 1000.000000000000000 ) ;
#577 = VECTOR ( 'NONE', #1546, 1000.000000000000000 ) ;
#578 = ORIENTED_EDGE ( 'NONE', *, *, #1861, .F. ) ;
#579 = CIRCLE ( 'NONE', #1641, 6.600000000000000533 ) ;
#580 = ORIENTED_EDGE ( 'NONE', *, *, #1429, .T. ) ;
#581 = CYLINDRICAL_SURFACE ( 'NONE', #1167, 6.599999999999994316 ) ;
#582 = CIRCLE ( 'NONE', #2107, 2.199999999999993516 ) ;
#583 = AXIS2_PLACEMENT_3D ( 'NONE', #1791, #724, #194 ) ;
#584 = EDGE_CURVE ( 'NONE', #1978, #449, #646, .T. ) ;
#585 = CARTESIAN_POINT ( 'NONE',  ( 10.00000000000000000, 44.00000000000000000, 5.250000000000000000 ) ) ;
#586 = ORIENTED_EDGE ( 'NONE', *, *, #487, .T. ) ;
#587 = DIRECTION ( 'NONE',  ( -0.000000000000000000, -0.000000000000000000, -1.000000000000000000 ) ) ;
#588 = FACE_OUTER_BOUND ( 'NONE', #1276, .T. ) ;
#589 = CARTESIAN_POINT ( 'NONE',  ( 0.000000000000000000, 0.000000000000000000, -39.39999999999999858 ) ) ;
#590 = VERTEX_POINT ( 'NONE', #2045 ) ;
#591 = EDGE_CURVE ( 'NONE', #2193, #676, #719, .T. ) ;
#592 = EDGE_LOOP ( 'NONE', ( #2120, #1344 ) ) ;
#593 = DIRECTION ( 'NONE',  ( -0.000000000000000000, -0.000000000000000000, 1.000000000000000000 ) ) ;
#594 = LINE ( 'NONE', #414, #1672 ) ;
#595 = ORIENTED_EDGE ( 'NONE', *, *, #1838, .T. ) ;
#596 = DIRECTION ( 'NONE',  ( -0.000000000000000000, -0.000000000000000000, 1.000000000000000000 ) ) ;
#597 = DIRECTION ( 'NONE',  ( -1.000000000000000000, 0.000000000000000000, 0.000000000000000000 ) ) ;
#598 = CARTESIAN_POINT ( 'NONE',  ( 0.000000000000000000, 0.000000000000000000, 0.000000000000000000 ) ) ;
#599 = ORIENTED_EDGE ( 'NONE', *, *, #768, .F. ) ;
#600 = LINE ( 'NONE', #611, #1202 ) ;
#601 = ORIENTED_EDGE ( 'NONE', *, *, #2017, .F. ) ;
#602 = ORIENTED_EDGE ( 'NONE', *, *, #665, .T. ) ;
#603 = EDGE_CURVE ( 'NONE', #1406, #293, #1312, .T. ) ;
#604 = DIRECTION ( 'NONE',  ( -0.000000000000000000, -0.000000000000000000, -1.000000000000000000 ) ) ;
#605 = VECTOR ( 'NONE', #2221, 1000.000000000000000 ) ;
#606 = APPLICATION_CONTEXT ( 'automotive_design' ) ;
#607 = DIRECTION ( 'NONE',  ( -0.000000000000000000, -0.000000000000000000, 1.000000000000000000 ) ) ;
#608 = ORIENTED_EDGE ( 'NONE', *, *, #329, .F. ) ;
#609 = FACE_OUTER_BOUND ( 'NONE', #615, .T. ) ;
#610 = VERTEX_POINT ( 'NONE', #1541 ) ;
#611 = CARTESIAN_POINT ( 'NONE',  ( 40.89999999999999858, 44.00000000000000000, -37.64999999999999858 ) ) ;
#612 = CARTESIAN_POINT ( 'NONE',  ( 89.99997735166940060, 3.999999999999997335, -39.39999999999999858 ) ) ;
#613 = VECTOR ( 'NONE', #2179, 1000.000000000000000 ) ;
#614 = AXIS2_PLACEMENT_3D ( 'NONE', #765, #1812, #240 ) ;
#615 = EDGE_LOOP ( 'NONE', ( #608, #1093, #1968, #2206 ) ) ;
#616 = DIRECTION ( 'NONE',  ( -1.000000000000000000, 0.000000000000000000, 0.000000000000000000 ) ) ;
#617 = AXIS2_PLACEMENT_3D ( 'NONE', #1933, #558, #356 ) ;
#618 = EDGE_CURVE ( 'NONE', #1964, #1616, #1916, .T. ) ;
#619 = AXIS2_PLACEMENT_3D ( 'NONE', #1986, #994, #956 ) ;
#620 = FACE_BOUND ( 'NONE', #1358, .T. ) ;
#621 = AXIS2_PLACEMENT_3D ( 'NONE', #1640, #407, #2134 ) ;
#622 = ORIENTED_EDGE ( 'NONE', *, *, #459, .T. ) ;
#623 = DIRECTION ( 'NONE',  ( -1.000000000000000000, 0.000000000000000000, 0.000000000000000000 ) ) ;
#624 = ORIENTED_EDGE ( 'NONE', *, *, #259, .F. ) ;
#625 = CARTESIAN_POINT ( 'NONE',  ( 136.3000000000000114, 43.99999999999999289, -37.64999999999999858 ) ) ;
#626 = DIRECTION ( 'NONE',  ( -1.000000000000000000, 0.000000000000000000, 0.000000000000000000 ) ) ;
#627 = ORIENTED_EDGE ( 'NONE', *, *, #1015, .F. ) ;
#628 = CARTESIAN_POINT ( 'NONE',  ( 0.000000000000000000, 65.00000000000000000, 7.000000000000000000 ) ) ;
#629 = EDGE_LOOP ( 'NONE', ( #1992, #1175, #1472, #1418 ) ) ;
#630 = CARTESIAN_POINT ( 'NONE',  ( 99.59999999999999432, 43.99999999999999289, -37.64999999999999858 ) ) ;
#631 = EDGE_CURVE ( 'NONE', #440, #550, #349, .T. ) ;
#632 = ORIENTED_EDGE ( 'NONE', *, *, #477, .F. ) ;
#633 = DIRECTION ( 'NONE',  ( -0.000000000000000000, -0.000000000000000000, 1.000000000000000000 ) ) ;
#634 = CARTESIAN_POINT ( 'NONE',  ( 60.00002264833061361, 4.052132500626951739, 0.000000000000000000 ) ) ;
#635 = EDGE_CURVE ( 'NONE', #2157, #1535, #1738, .T. ) ;
#636 = ORIENTED_EDGE ( 'NONE', *, *, #2063, .F. ) ;
#637 = ADVANCED_FACE ( 'NONE', ( #1752 ), #1583, .F. ) ;
#638 = AXIS2_PLACEMENT_3D ( 'NONE', #99, #469, #1177 ) ;
#639 = FACE_BOUND ( 'NONE', #1510, .T. ) ;
#640 = ORIENTED_EDGE ( 'NONE', *, *, #231, .F. ) ;
#641 = FACE_OUTER_BOUND ( 'NONE', #673, .T. ) ;
#642 = EDGE_CURVE ( 'NONE', #527, #198, #849, .T. ) ;
#643 = ORIENTED_EDGE ( 'NONE', *, *, #1020, .T. ) ;
#644 = DIRECTION ( 'NONE',  ( -1.000000000000000000, 0.000000000000000000, 0.000000000000000000 ) ) ;
#645 = DIRECTION ( 'NONE',  ( -1.000000000000000000, 0.000000000000000000, -0.000000000000000000 ) ) ;
#646 = CIRCLE ( 'NONE', #1006, 2.200000000000000622 ) ;
#647 = CIRCLE ( 'NONE', #2199, 7.099999999999924150 ) ;
#648 = ORIENTED_EDGE ( 'NONE', *, *, #145, .T. ) ;
#649 = AXIS2_PLACEMENT_3D ( 'NONE', #502, #2207, #835 ) ;
#650 = CARTESIAN_POINT ( 'NONE',  ( 0.000000000000000000, 8.000000000000000000, -32.39999999999999858 ) ) ;
#651 = CIRCLE ( 'NONE', #1564, 7.100000000000076916 ) ;
#652 = ADVANCED_FACE ( 'NONE', ( #2247, #2070 ), #1217, .T. ) ;
#653 = AXIS2_PLACEMENT_3D ( 'NONE', #249, #1156, #1476 ) ;
#654 = ORIENTED_EDGE ( 'NONE', *, *, #408, .F. ) ;
#655 = FACE_OUTER_BOUND ( 'NONE', #668, .T. ) ;
#656 =( GEOMETRIC_REPRESENTATION_CONTEXT ( 3 ) GLOBAL_UNCERTAINTY_ASSIGNED_CONTEXT ( ( #1855 ) ) GLOBAL_UNIT_ASSIGNED_CONTEXT ( ( #1821, #1648, #759 ) ) REPRESENTATION_CONTEXT ( 'NONE', 'WORKASPACE' ) );
#657 = AXIS2_PLACEMENT_3D ( 'NONE', #539, #1628, #1928 ) ;
#658 = VERTEX_POINT ( 'NONE', #1684 ) ;
#659 = DIRECTION ( 'NONE',  ( -1.000000000000000000, 0.000000000000000000, 0.000000000000000000 ) ) ;
#660 = LINE ( 'NONE', #1727, #410 ) ;
#661 = DIRECTION ( 'NONE',  ( -0.7071067811865616726, 8.659560562355106654E-17, 0.7071067811865334729 ) ) ;
#662 = CARTESIAN_POINT ( 'NONE',  ( 2.900000000000076295, 44.00000000000000000, -32.39999999999999858 ) ) ;
#663 = ORIENTED_EDGE ( 'NONE', *, *, #1677, .F. ) ;
#664 = CARTESIAN_POINT ( 'NONE',  ( 90.80000000000001137, 43.99999999999999289, -37.64999999999999858 ) ) ;
#665 = EDGE_CURVE ( 'NONE', #1213, #590, #600, .T. ) ;
#666 = VERTEX_POINT ( 'NONE', #443 ) ;
#667 = CARTESIAN_POINT ( 'NONE',  ( 3.399999999999999467, 44.00000000000000000, 5.250000000000000000 ) ) ;
#668 = EDGE_LOOP ( 'NONE', ( #143, #1007, #22, #580 ) ) ;
#669 = DIRECTION ( 'NONE',  ( -1.000000000000000000, 0.000000000000000000, 0.000000000000000000 ) ) ;
#670 = CARTESIAN_POINT ( 'NONE',  ( 138.5000000000000000, 43.99999999999999289, 5.250000000000000000 ) ) ;
#671 = DIRECTION ( 'NONE',  ( -0.000000000000000000, -0.000000000000000000, 1.000000000000000000 ) ) ;
#672 = CARTESIAN_POINT ( 'NONE',  ( 138.5000000000000000, 43.99999999999999289, 5.250000000000000000 ) ) ;
#673 = EDGE_LOOP ( 'NONE', ( #1356, #2198, #1612, #318 ) ) ;
#674 = EDGE_CURVE ( 'NONE', #1424, #2137, #2240, .T. ) ;
#675 = FACE_BOUND ( 'NONE', #726, .T. ) ;
#676 = VERTEX_POINT ( 'NONE', #1176 ) ;
#677 = CARTESIAN_POINT ( 'NONE',  ( 54.59999999999998010, 44.00000000000000000, -32.39999999999999858 ) ) ;
#678 = VERTEX_POINT ( 'NONE', #1493 ) ;
#679 = CARTESIAN_POINT ( 'NONE',  ( 54.10000000000000142, 44.00000000000000000, 0.5000000000000707212 ) ) ;
#680 = DIRECTION ( 'NONE',  ( -0.000000000000000000, -0.000000000000000000, 1.000000000000000000 ) ) ;
#681 = LINE ( 'NONE', #1382, #2177 ) ;
#682 = EDGE_CURVE ( 'NONE', #210, #1440, #963, .T. ) ;
#683 = DIRECTION ( 'NONE',  ( 0.7071067811865370256, 0.000000000000000000, 0.7071067811865578978 ) ) ;
#684 = ORIENTED_EDGE ( 'NONE', *, *, #392, .T. ) ;
#685 = CARTESIAN_POINT ( 'NONE',  ( 16.60000000000000142, 44.00000000000000000, 0.5000000000000707212 ) ) ;
#686 = AXIS2_PLACEMENT_3D ( 'NONE', #992, #1671, #2008 ) ;
#687 = FACE_OUTER_BOUND ( 'NONE', #1428, .T. ) ;
#688 = ADVANCED_FACE ( 'NONE', ( #1983 ), #2186, .F. ) ;
#689 = VECTOR ( 'NONE', #1910, 1000.000000000000000 ) ;
#690 = ORIENTED_EDGE ( 'NONE', *, *, #2036, .F. ) ;
#691 = CARTESIAN_POINT ( 'NONE',  ( 138.5000000000000000, 43.99999999999999289, 5.250000000000000000 ) ) ;
#692 = VECTOR ( 'NONE', #1407, 1000.000000000000000 ) ;
#693 = DIRECTION ( 'NONE',  ( -0.000000000000000000, -0.000000000000000000, 1.000000000000000000 ) ) ;
#694 = CARTESIAN_POINT ( 'NONE',  ( 12.20000000000000107, 44.00000000000000000, -39.39999999999999858 ) ) ;
#695 = CIRCLE ( 'NONE', #1135, 6.600000000000001421 ) ;
#696 = DIRECTION ( 'NONE',  ( -0.000000000000000000, -0.000000000000000000, 1.000000000000000000 ) ) ;
#697 = VERTEX_POINT ( 'NONE', #2194 ) ;
#698 = DIRECTION ( 'NONE',  ( 1.000000000000000000, 0.000000000000000000, 0.000000000000000000 ) ) ;
#699 = DIRECTION ( 'NONE',  ( -0.000000000000000000, -0.000000000000000000, 1.000000000000000000 ) ) ;
#700 = ORIENTED_EDGE ( 'NONE', *, *, #135, .F. ) ;
#701 = EDGE_CURVE ( 'NONE', #1839, #1596, #1337, .T. ) ;
#702 = DIRECTION ( 'NONE',  ( -0.000000000000000000, -0.000000000000000000, 1.000000000000000000 ) ) ;
#703 = CARTESIAN_POINT ( 'NONE',  ( 47.50000000000000000, 44.00000000000000000, -37.64999999999999858 ) ) ;
#704 = CARTESIAN_POINT ( 'NONE',  ( 61.50002264833061361, 4.052132500626951739, -39.39999999999999858 ) ) ;
#705 = CYLINDRICAL_SURFACE ( 'NONE', #13, 6.600000000000000533 ) ;
#706 = EDGE_CURVE ( 'NONE', #1535, #289, #264, .T. ) ;
#707 = EDGE_LOOP ( 'NONE', ( #1972, #31, #1096, #1303 ) ) ;
#708 = CYLINDRICAL_SURFACE ( 'NONE', #1709, 2.600000000000004974 ) ;
#709 = CARTESIAN_POINT ( 'NONE',  ( 87.39997735166939208, 3.999999999999997335, 7.000000000000000000 ) ) ;
#710 = VERTEX_POINT ( 'NONE', #1304 ) ;
#711 = CARTESIAN_POINT ( 'NONE',  ( 136.3000000000000114, 43.99999999999999289, -0.001000000000000132727 ) ) ;
#712 = CARTESIAN_POINT ( 'NONE',  ( 54.10000000000000142, 44.00000000000000000, 5.250000000000000000 ) ) ;
#713 = CARTESIAN_POINT ( 'NONE',  ( 10.00000000000000000, 44.00000000000000000, -37.64999999999999858 ) ) ;
#714 = EDGE_CURVE ( 'NONE', #550, #1440, #1597, .T. ) ;
#715 = ORIENTED_EDGE ( 'NONE', *, *, #1955, .T. ) ;
#716 = ORIENTED_EDGE ( 'NONE', *, *, #2253, .T. ) ;
#717 = CARTESIAN_POINT ( 'NONE',  ( 10.00000000000000000, 44.00000000000000000, -37.64999999999999858 ) ) ;
#718 = DIRECTION ( 'NONE',  ( -0.000000000000000000, -0.000000000000000000, -1.000000000000000000 ) ) ;
#719 = CIRCLE ( 'NONE', #2136, 6.600000000000022737 ) ;
#720 = ADVANCED_FACE ( 'NONE', ( #1481, #434 ), #1860, .T. ) ;
#721 = ORIENTED_EDGE ( 'NONE', *, *, #922, .F. ) ;
#722 = CARTESIAN_POINT ( 'NONE',  ( 49.70000000000000284, 44.00000000000000000, -39.39999999999999858 ) ) ;
#723 = DIRECTION ( 'NONE',  ( -1.000000000000000000, 0.000000000000000000, 0.000000000000000000 ) ) ;
#724 = DIRECTION ( 'NONE',  ( -0.000000000000000000, -0.000000000000000000, 1.000000000000000000 ) ) ;
#725 = VECTOR ( 'NONE', #1323, 1000.000000000000000 ) ;
#726 = EDGE_LOOP ( 'NONE', ( #1930, #1686 ) ) ;
#727 = AXIS2_PLACEMENT_3D ( 'NONE', #437, #77, #784 ) ;
#728 = ORIENTED_EDGE ( 'NONE', *, *, #291, .T. ) ;
#729 = DIRECTION ( 'NONE',  ( -0.000000000000000000, -0.000000000000000000, 1.000000000000000000 ) ) ;
#730 = LINE ( 'NONE', #1624, #1530 ) ;
#731 = EDGE_CURVE ( 'NONE', #1940, #521, #2202, .T. ) ;
#732 = VERTEX_POINT ( 'NONE', #2019 ) ;
#733 = CARTESIAN_POINT ( 'NONE',  ( 54.10000000000000142, 44.00000000000000000, 0.5000000000000707212 ) ) ;
#734 = CARTESIAN_POINT ( 'NONE',  ( 10.00000000000000000, 44.00000000000000000, -32.89999999999993463 ) ) ;
#735 = CARTESIAN_POINT ( 'NONE',  ( 145.1000000000000227, 43.99999999999999289, 5.250000000000000000 ) ) ;
#736 = EDGE_LOOP ( 'NONE', ( #321, #2135, #1445, #1859 ) ) ;
#737 = VERTEX_POINT ( 'NONE', #625 ) ;
#738 = DIRECTION ( 'NONE',  ( -1.000000000000000000, 0.000000000000000000, 0.000000000000000000 ) ) ;
#739 = CYLINDRICAL_SURFACE ( 'NONE', #2140, 2.200000000000000622 ) ;
#740 = ORIENTED_EDGE ( 'NONE', *, *, #355, .F. ) ;
#741 = CYLINDRICAL_SURFACE ( 'NONE', #1315, 6.600000000000022737 ) ;
#742 = DIRECTION ( 'NONE',  ( -1.000000000000000000, 0.000000000000000000, 0.000000000000000000 ) ) ;
#743 = DIRECTION ( 'NONE',  ( -1.000000000000000000, 0.000000000000000000, 0.000000000000000000 ) ) ;
#744 = CIRCLE ( 'NONE', #334, 2.199999999999993516 ) ;
#745 = CARTESIAN_POINT ( 'NONE',  ( 138.5000000000000000, 43.99999999999999289, -37.64999999999999858 ) ) ;
#746 = EDGE_CURVE ( 'NONE', #995, #678, #940, .T. ) ;
#747 = ORIENTED_EDGE ( 'NONE', *, *, #1311, .F. ) ;
#748 = SURFACE_SIDE_STYLE ('',( #248 ) ) ;
#749 = DIRECTION ( 'NONE',  ( -0.000000000000000000, -0.000000000000000000, -1.000000000000000000 ) ) ;
#750 = ORIENTED_EDGE ( 'NONE', *, *, #2211, .T. ) ;
#751 = DIRECTION ( 'NONE',  ( -1.000000000000000000, 0.000000000000000000, 0.000000000000000000 ) ) ;
#752 = CARTESIAN_POINT ( 'NONE',  ( 93.00000000000000000, 43.99999999999999289, 0.5000000000000768274 ) ) ;
#753 = CARTESIAN_POINT ( 'NONE',  ( 92.59997735166939492, 3.999999999999997335, 7.000000000000000000 ) ) ;
#754 = VECTOR ( 'NONE', #633, 1000.000000000000000 ) ;
#755 = AXIS2_PLACEMENT_3D ( 'NONE', #1425, #1749, #46 ) ;
#756 = ORIENTED_EDGE ( 'NONE', *, *, #499, .F. ) ;
#757 = AXIS2_PLACEMENT_3D ( 'NONE', #933, #1333, #968 ) ;
#758 = VERTEX_POINT ( 'NONE', #1471 ) ;
#759 =( NAMED_UNIT ( * ) SI_UNIT ( $, .STERADIAN. ) SOLID_ANGLE_UNIT ( ) );
#760 = EDGE_CURVE ( 'NONE', #1463, #2227, #1836, .T. ) ;
#761 = STYLED_ITEM ( 'NONE', ( #945 ), #1858 ) ;
#762 = VECTOR ( 'NONE', #29, 1000.000000000000000 ) ;
#763 = DIRECTION ( 'NONE',  ( 0.000000000000000000, 0.000000000000000000, -1.000000000000000000 ) ) ;
#764 = ORIENTED_EDGE ( 'NONE', *, *, #392, .F. ) ;
#765 = CARTESIAN_POINT ( 'NONE',  ( 89.99997735166940060, 3.999999999999997335, -39.39999999999999858 ) ) ;
#766 = DIRECTION ( 'NONE',  ( 1.000000000000000000, 0.000000000000000000, 0.000000000000000000 ) ) ;
#767 = FACE_OUTER_BOUND ( 'NONE', #188, .T. ) ;
#768 = EDGE_CURVE ( 'NONE', #942, #1038, #1843, .T. ) ;
#769 = ORIENTED_EDGE ( 'NONE', *, *, #1944, .T. ) ;
#770 = CARTESIAN_POINT ( 'NONE',  ( 47.50000000000000000, 44.00000000000000000, -39.39999999999999858 ) ) ;
#771 = ORIENTED_EDGE ( 'NONE', *, *, #399, .T. ) ;
#772 = EDGE_CURVE ( 'NONE', #666, #1535, #1817, .T. ) ;
#773 = EDGE_LOOP ( 'NONE', ( #654, #1336, #2018, #1925 ) ) ;
#774 = DIRECTION ( 'NONE',  ( 1.000000000000000000, 0.000000000000000000, 0.000000000000000000 ) ) ;
#775 = FACE_BOUND ( 'NONE', #1067, .T. ) ;
#776 = ORIENTED_EDGE ( 'NONE', *, *, #844, .F. ) ;
#777 = DIRECTION ( 'NONE',  ( 0.000000000000000000, 0.000000000000000000, 1.000000000000000000 ) ) ;
#778 = CARTESIAN_POINT ( 'NONE',  ( 57.40002264833060508, 4.052132500626951739, 0.000000000000000000 ) ) ;
#779 = ORIENTED_EDGE ( 'NONE', *, *, #1031, .F. ) ;
#780 = DIRECTION ( 'NONE',  ( 1.000000000000000000, 0.000000000000000000, 0.000000000000000000 ) ) ;
#781 = CARTESIAN_POINT ( 'NONE',  ( 62.60002264833061503, 4.052132500626951739, 0.000000000000000000 ) ) ;
#782 = EDGE_CURVE ( 'NONE', #2127, #931, #1241, .T. ) ;
#783 = ORIENTED_EDGE ( 'NONE', *, *, #329, .T. ) ;
#784 = DIRECTION ( 'NONE',  ( 1.000000000000000000, 0.000000000000000000, 0.000000000000000000 ) ) ;
#785 = CARTESIAN_POINT ( 'NONE',  ( 10.00000000000000000, 44.00000000000000000, -32.39999999999999858 ) ) ;
#786 = ORIENTED_EDGE ( 'NONE', *, *, #408, .T. ) ;
#787 = LINE ( 'NONE', #1798, #1954 ) ;
#788 = ADVANCED_FACE ( 'NONE', ( #1847 ), #984, .T. ) ;
#789 = ORIENTED_EDGE ( 'NONE', *, *, #1653, .T. ) ;
#790 = DIRECTION ( 'NONE',  ( 0.000000000000000000, 0.000000000000000000, 1.000000000000000000 ) ) ;
#791 = CARTESIAN_POINT ( 'NONE',  ( 7.799999999999999822, 44.00000000000000000, 7.000000000000000000 ) ) ;
#792 = AXIS2_PLACEMENT_3D ( 'NONE', #1017, #1548, #669 ) ;
#793 = VECTOR ( 'NONE', #474, 1000.000000000000114 ) ;
#794 = VERTEX_POINT ( 'NONE', #2066 ) ;
#795 = ADVANCED_FACE ( 'NONE', ( #1692, #1368 ), #312, .T. ) ;
#796 = DIRECTION ( 'NONE',  ( 0.000000000000000000, 0.000000000000000000, -1.000000000000000000 ) ) ;
#797 = CIRCLE ( 'NONE', #2214, 7.100000000000078693 ) ;
#798 = ORIENTED_EDGE ( 'NONE', *, *, #1130, .T. ) ;
#799 = DIRECTION ( 'NONE',  ( 1.000000000000000000, 0.000000000000000000, 0.000000000000000000 ) ) ;
#800 = ORIENTED_EDGE ( 'NONE', *, *, #1579, .F. ) ;
#801 = CARTESIAN_POINT ( 'NONE',  ( 138.5000000000000000, 43.99999999999999289, 7.000000000000000000 ) ) ;
#802 = FACE_OUTER_BOUND ( 'NONE', #2166, .T. ) ;
#803 = VERTEX_POINT ( 'NONE', #1881 ) ;
#804 = LINE ( 'NONE', #134, #1128 ) ;
#805 = EDGE_CURVE ( 'NONE', #976, #816, #1806, .T. ) ;
#806 = VERTEX_POINT ( 'NONE', #2220 ) ;
#807 = CARTESIAN_POINT ( 'NONE',  ( 150.0000000000000000, 0.000000000000000000, 0.000000000000000000 ) ) ;
#808 = DIRECTION ( 'NONE',  ( 1.000000000000000000, 0.000000000000000000, 0.000000000000000000 ) ) ;
#809 = ORIENTED_EDGE ( 'NONE', *, *, #1465, .T. ) ;
#810 = DIRECTION ( 'NONE',  ( 0.000000000000000000, 1.000000000000000000, 0.000000000000000000 ) ) ;
#811 = CARTESIAN_POINT ( 'NONE',  ( 99.59999999999999432, 43.99999999999999289, 5.250000000000000000 ) ) ;
#812 = AXIS2_PLACEMENT_3D ( 'NONE', #2209, #445, #1837 ) ;
#813 = EDGE_LOOP ( 'NONE', ( #1734, #1973 ) ) ;
#814 = EDGE_CURVE ( 'NONE', #293, #1406, #1879, .T. ) ;
#815 = CARTESIAN_POINT ( 'NONE',  ( 16.60000000000000497, 44.00000000000000000, 5.250000000000000000 ) ) ;
#816 = VERTEX_POINT ( 'NONE', #1002 ) ;
#817 = DIRECTION ( 'NONE',  ( -1.000000000000000000, 0.000000000000000000, 0.000000000000000000 ) ) ;
#818 = ORIENTED_EDGE ( 'NONE', *, *, #1677, .T. ) ;
#819 = FACE_OUTER_BOUND ( 'NONE', #363, .T. ) ;
#820 = DIRECTION ( 'NONE',  ( -0.000000000000000000, -0.000000000000000000, 1.000000000000000000 ) ) ;
#821 = DIRECTION ( 'NONE',  ( -0.000000000000000000, -0.000000000000000000, -1.000000000000000000 ) ) ;
#822 = CIRCLE ( 'NONE', #1310, 2.200000000000007283 ) ;
#823 = ADVANCED_FACE ( 'NONE', ( #2242 ), #2053, .F. ) ;
#824 = AXIS2_PLACEMENT_3D ( 'NONE', #691, #1392, #2078 ) ;
#825 = ORIENTED_EDGE ( 'NONE', *, *, #1977, .T. ) ;
#826 = AXIS2_PLACEMENT_3D ( 'NONE', #262, #960, #970 ) ;
#827 = DIRECTION ( 'NONE',  ( 1.000000000000000000, 0.000000000000000000, 0.000000000000000000 ) ) ;
#828 = CONICAL_SURFACE ( 'NONE', #2208, 6.600000000000000533, 0.7853981633974534970 ) ;
#829 = VECTOR ( 'NONE', #290, 1000.000000000000000 ) ;
#830 = EDGE_LOOP ( 'NONE', ( #508, #969 ) ) ;
#831 = DIRECTION ( 'NONE',  ( 1.000000000000000000, 0.000000000000000000, 0.000000000000000000 ) ) ;
#832 = AXIS2_PLACEMENT_3D ( 'NONE', #2160, #604, #1307 ) ;
#833 = AXIS2_PLACEMENT_3D ( 'NONE', #921, #2114, #1437 ) ;
#834 = ORIENTED_EDGE ( 'NONE', *, *, #674, .F. ) ;
#835 = DIRECTION ( 'NONE',  ( -1.000000000000000000, 0.000000000000000000, 0.000000000000000000 ) ) ;
#836 = DIRECTION ( 'NONE',  ( 0.000000000000000000, 0.000000000000000000, -1.000000000000000000 ) ) ;
#837 = CARTESIAN_POINT ( 'NONE',  ( 10.00000000000000000, 44.00000000000000000, -37.64999999999999858 ) ) ;
#838 = ADVANCED_FACE ( 'NONE', ( #489 ), #128, .F. ) ;
#839 = CARTESIAN_POINT ( 'NONE',  ( 138.5000000000000000, 43.99999999999999289, -0.001000000000000132727 ) ) ;
#840 = ORIENTED_EDGE ( 'NONE', *, *, #1809, .T. ) ;
#841 = FACE_BOUND ( 'NONE', #1477, .T. ) ;
#842 = ORIENTED_EDGE ( 'NONE', *, *, #376, .T. ) ;
#843 = DIRECTION ( 'NONE',  ( -0.000000000000000000, -0.000000000000000000, 1.000000000000000000 ) ) ;
#844 = EDGE_CURVE ( 'NONE', #1365, #905, #495, .T. ) ;
#845 = ORIENTED_EDGE ( 'NONE', *, *, #1182, .T. ) ;
#846 = FACE_OUTER_BOUND ( 'NONE', #301, .T. ) ;
#847 = DIRECTION ( 'NONE',  ( -0.000000000000000000, -0.000000000000000000, 1.000000000000000000 ) ) ;
#848 = CARTESIAN_POINT ( 'NONE',  ( 89.99997735166940060, 3.999999999999997335, 0.000000000000000000 ) ) ;
#849 = LINE ( 'NONE', #2234, #230 ) ;
#850 = ORIENTED_EDGE ( 'NONE', *, *, #78, .T. ) ;
#851 = CARTESIAN_POINT ( 'NONE',  ( 0.000000000000000000, 0.000000000000000000, 7.000000000000000000 ) ) ;
#852 = EDGE_CURVE ( 'NONE', #1025, #2137, #1571, .T. ) ;
#853 = CIRCLE ( 'NONE', #1731, 7.099999999999995204 ) ;
#854 = DIRECTION ( 'NONE',  ( -0.000000000000000000, -0.000000000000000000, -1.000000000000000000 ) ) ;
#855 = ORIENTED_EDGE ( 'NONE', *, *, #1623, .T. ) ;
#856 = CARTESIAN_POINT ( 'NONE',  ( 0.000000000000000000, 0.000000000000000000, -32.39999999999999858 ) ) ;
#857 = AXIS2_PLACEMENT_3D ( 'NONE', #1760, #28, #552 ) ;
#858 = FACE_OUTER_BOUND ( 'NONE', #1203, .T. ) ;
#859 = LINE ( 'NONE', #1216, #352 ) ;
#860 = CARTESIAN_POINT ( 'NONE',  ( 91.49997735166940060, 3.999999999999997335, 0.000000000000000000 ) ) ;
#861 = ORIENTED_EDGE ( 'NONE', *, *, #2149, .T. ) ;
#862 = DIRECTION ( 'NONE',  ( 0.000000000000000000, 0.000000000000000000, -1.000000000000000000 ) ) ;
#863 = AXIS2_PLACEMENT_3D ( 'NONE', #423, #1317, #780 ) ;
#864 = EDGE_CURVE ( 'NONE', #610, #2027, #1635, .T. ) ;
#865 = AXIS2_PLACEMENT_3D ( 'NONE', #1013, #2204, #817 ) ;
#866 = CARTESIAN_POINT ( 'NONE',  ( 150.0000000000000000, 65.00000000000000000, 0.000000000000000000 ) ) ;
#867 = VECTOR ( 'NONE', #1049, 1000.000000000000000 ) ;
#868 = ADVANCED_FACE ( 'NONE', ( #846 ), #1525, .F. ) ;
#869 = AXIS2_PLACEMENT_3D ( 'NONE', #38, #1113, #1770 ) ;
#870 = ORIENTED_EDGE ( 'NONE', *, *, #196, .T. ) ;
#871 = DIRECTION ( 'NONE',  ( 0.000000000000000000, 0.000000000000000000, 1.000000000000000000 ) ) ;
#872 = VECTOR ( 'NONE', #1764, 1000.000000000000000 ) ;
#873 = DIRECTION ( 'NONE',  ( -0.000000000000000000, -0.000000000000000000, 1.000000000000000000 ) ) ;
#874 = CARTESIAN_POINT ( 'NONE',  ( 86.40000000000000568, 43.99999999999999289, 0.5000000000000768274 ) ) ;
#875 = AXIS2_PLACEMENT_3D ( 'NONE', #908, #1427, #1609 ) ;
#876 = CARTESIAN_POINT ( 'NONE',  ( 10.00000000000000000, 44.00000000000000000, -32.89999999999993463 ) ) ;
#877 = ORIENTED_EDGE ( 'NONE', *, *, #1494, .T. ) ;
#878 = DIRECTION ( 'NONE',  ( -0.000000000000000000, -0.000000000000000000, -1.000000000000000000 ) ) ;
#879 = DIRECTION ( 'NONE',  ( -0.000000000000000000, -0.000000000000000000, 1.000000000000000000 ) ) ;
#880 = EDGE_CURVE ( 'NONE', #2191, #995, #1538, .T. ) ;
#881 = ORIENTED_EDGE ( 'NONE', *, *, #1757, .F. ) ;
#882 = FACE_OUTER_BOUND ( 'NONE', #442, .T. ) ;
#883 = CARTESIAN_POINT ( 'NONE',  ( 10.00000000000000000, 44.00000000000000000, -37.64999999999999858 ) ) ;
#884 = DIRECTION ( 'NONE',  ( 0.000000000000000000, 0.000000000000000000, -1.000000000000000000 ) ) ;
#885 = LINE ( 'NONE', #1029, #899 ) ;
#886 = VERTEX_POINT ( 'NONE', #1233 ) ;
#887 = ORIENTED_EDGE ( 'NONE', *, *, #880, .T. ) ;
#888 = FACE_OUTER_BOUND ( 'NONE', #353, .T. ) ;
#889 = EDGE_CURVE ( 'NONE', #2155, #1748, #383, .T. ) ;
#890 = DIRECTION ( 'NONE',  ( -0.000000000000000000, -0.000000000000000000, 1.000000000000000000 ) ) ;
#891 = VERTEX_POINT ( 'NONE', #115 ) ;
#892 = DIRECTION ( 'NONE',  ( 0.000000000000000000, 0.000000000000000000, -1.000000000000000000 ) ) ;
#893 = DIRECTION ( 'NONE',  ( -0.000000000000000000, -0.000000000000000000, -1.000000000000000000 ) ) ;
#894 = DIRECTION ( 'NONE',  ( 0.000000000000000000, 0.000000000000000000, 1.000000000000000000 ) ) ;
#895 = AXIS2_PLACEMENT_3D ( 'NONE', #670, #847, #1702 ) ;
#896 = ADVANCED_FACE ( 'NONE', ( #1214 ), #1402, .F. ) ;
#897 = ORIENTED_EDGE ( 'NONE', *, *, #701, .T. ) ;
#898 = ADVANCED_FACE ( 'NONE', ( #1726, #2087, #148, #522, #819 ), #1913, .T. ) ;
#899 = VECTOR ( 'NONE', #2258, 1000.000000000000000 ) ;
#900 = ORIENTED_EDGE ( 'NONE', *, *, #2000, .F. ) ;
#901 = CYLINDRICAL_SURFACE ( 'NONE', #274, 6.599999999999994316 ) ;
#902 = PLANE ( 'NONE',  #1566 ) ;
#903 = VECTOR ( 'NONE', #1716, 1000.000000000000000 ) ;
#904 = VECTOR ( 'NONE', #854, 1000.000000000000000 ) ;
#905 = VERTEX_POINT ( 'NONE', #1359 ) ;
#906 = DIRECTION ( 'NONE',  ( 1.000000000000000000, 0.000000000000000000, 0.000000000000000000 ) ) ;
#907 = CARTESIAN_POINT ( 'NONE',  ( 93.00000000000000000, 43.99999999999999289, -37.64999999999999858 ) ) ;
#908 = CARTESIAN_POINT ( 'NONE',  ( 47.50000000000000000, 44.00000000000000000, -37.64999999999999858 ) ) ;
#909 = CONICAL_SURFACE ( 'NONE', #1207, 7.099999999999924150, 0.7853981633974335130 ) ;
#910 = VECTOR ( 'NONE', #1722, 1000.000000000000000 ) ;
#911 = ORIENTED_EDGE ( 'NONE', *, *, #259, .T. ) ;
#912 = EDGE_CURVE ( 'NONE', #542, #2127, #476, .T. ) ;
#913 = CIRCLE ( 'NONE', #506, 6.600000000000022737 ) ;
#914 = ORIENTED_EDGE ( 'NONE', *, *, #2118, .F. ) ;
#915 = DIRECTION ( 'NONE',  ( 1.000000000000000000, 0.000000000000000000, 0.000000000000000000 ) ) ;
#916 = CARTESIAN_POINT ( 'NONE',  ( 10.00000000000000000, 44.00000000000000000, 5.250000000000000000 ) ) ;
#917 = PRODUCT_DEFINITION ( 'UNKNOWN', '', #1137, #1209 ) ;
#918 = EDGE_LOOP ( 'NONE', ( #2152, #1410, #1632, #1306 ) ) ;
#919 = CARTESIAN_POINT ( 'NONE',  ( 3.399999999999999467, 44.00000000000000000, -37.64999999999999858 ) ) ;
#920 = CARTESIAN_POINT ( 'NONE',  ( 10.00000000000000000, 44.00000000000000000, 0.5000000000000707212 ) ) ;
#921 = CARTESIAN_POINT ( 'NONE',  ( 47.50000000000000000, 44.00000000000000000, 5.250000000000000000 ) ) ;
#922 = EDGE_CURVE ( 'NONE', #449, #1978, #195, .T. ) ;
#923 = ORIENTED_EDGE ( 'NONE', *, *, #303, .T. ) ;
#924 = EDGE_LOOP ( 'NONE', ( #433, #447 ) ) ;
#925 = LINE ( 'NONE', #2138, #1390 ) ;
#926 = CARTESIAN_POINT ( 'NONE',  ( 12.20000000000000107, 44.00000000000000000, 7.001000000000000334 ) ) ;
#927 = ORIENTED_EDGE ( 'NONE', *, *, #642, .F. ) ;
#928 = DIRECTION ( 'NONE',  ( 0.000000000000000000, 0.000000000000000000, 1.000000000000000000 ) ) ;
#929 = CARTESIAN_POINT ( 'NONE',  ( 100.0999999999999375, 43.99999999999999289, -32.39999999999999858 ) ) ;
#930 = FACE_BOUND ( 'NONE', #1251, .T. ) ;
#931 = VERTEX_POINT ( 'NONE', #1935 ) ;
#932 = ORIENTED_EDGE ( 'NONE', *, *, #471, .T. ) ;
#933 = CARTESIAN_POINT ( 'NONE',  ( 47.50000000000000000, 44.00000000000000000, -39.39999999999999858 ) ) ;
#934 = ADVANCED_FACE ( 'NONE', ( #1267 ), #1347, .F. ) ;
#935 = ORIENTED_EDGE ( 'NONE', *, *, #635, .F. ) ;
#936 = CYLINDRICAL_SURFACE ( 'NONE', #614, 1.500000000000001332 ) ;
#937 = DIRECTION ( 'NONE',  ( -1.000000000000000000, 0.000000000000000000, 0.000000000000000000 ) ) ;
#938 = DIRECTION ( 'NONE',  ( -0.000000000000000000, -0.000000000000000000, -1.000000000000000000 ) ) ;
#939 = ADVANCED_FACE ( 'NONE', ( #370 ), #395, .F. ) ;
#940 = CIRCLE ( 'NONE', #2026, 2.200000000000000622 ) ;
#941 = CIRCLE ( 'NONE', #1600, 2.199999999999993516 ) ;
#942 = VERTEX_POINT ( 'NONE', #2132 ) ;
#943 = AXIS2_PLACEMENT_3D ( 'NONE', #585, #796, #1500 ) ;
#944 = ORIENTED_EDGE ( 'NONE', *, *, #1033, .F. ) ;
#945 = PRESENTATION_STYLE_ASSIGNMENT (( #1287 ) ) ;
#946 = VECTOR ( 'NONE', #185, 1000.000000000000000 ) ;
#947 = FACE_OUTER_BOUND ( 'NONE', #1078, .T. ) ;
#948 = ORIENTED_EDGE ( 'NONE', *, *, #1254, .T. ) ;
#949 = ADVANCED_FACE ( 'NONE', ( #1945 ), #2139, .F. ) ;
#950 = DIRECTION ( 'NONE',  ( -0.000000000000000000, -0.000000000000000000, 1.000000000000000000 ) ) ;
#951 = CARTESIAN_POINT ( 'NONE',  ( 138.5000000000000000, 43.99999999999999289, -37.64999999999999858 ) ) ;
#952 = ORIENTED_EDGE ( 'NONE', *, *, #213, .T. ) ;
#953 = CARTESIAN_POINT ( 'NONE',  ( 0.000000000000000000, 0.000000000000000000, -32.39999999999999858 ) ) ;
#954 = CARTESIAN_POINT ( 'NONE',  ( 138.5000000000000000, 43.99999999999999289, -39.39999999999999858 ) ) ;
#955 = ORIENTED_EDGE ( 'NONE', *, *, #2096, .F. ) ;
#956 = DIRECTION ( 'NONE',  ( 1.000000000000000000, 0.000000000000000000, 0.000000000000000000 ) ) ;
#957 = EDGE_CURVE ( 'NONE', #1126, #816, #1277, .T. ) ;
#958 = DIRECTION ( 'NONE',  ( 1.000000000000000000, 0.000000000000000000, 0.000000000000000000 ) ) ;
#959 = ORIENTED_EDGE ( 'NONE', *, *, #2126, .T. ) ;
#960 = DIRECTION ( 'NONE',  ( -0.000000000000000000, -0.000000000000000000, 1.000000000000000000 ) ) ;
#961 = CIRCLE ( 'NONE', #2013, 6.600000000000000533 ) ;
#962 = VERTEX_POINT ( 'NONE', #380 ) ;
#963 = LINE ( 'NONE', #1997, #754 ) ;
#964 = FACE_OUTER_BOUND ( 'NONE', #473, .T. ) ;
#965 = ORIENTED_EDGE ( 'NONE', *, *, #1185, .F. ) ;
#966 = AXIS2_PLACEMENT_3D ( 'NONE', #1927, #2113, #1799 ) ;
#967 = CIRCLE ( 'NONE', #966, 2.600000000000004974 ) ;
#968 = DIRECTION ( 'NONE',  ( 1.000000000000000000, 0.000000000000000000, 0.000000000000000000 ) ) ;
#969 = ORIENTED_EDGE ( 'NONE', *, *, #145, .F. ) ;
#970 = DIRECTION ( 'NONE',  ( 1.000000000000000000, 0.000000000000000000, 0.000000000000000000 ) ) ;
#971 = VERTEX_POINT ( 'NONE', #1969 ) ;
#972 = DIRECTION ( 'NONE',  ( 0.000000000000000000, 0.000000000000000000, -1.000000000000000000 ) ) ;
#973 = DIRECTION ( 'NONE',  ( -0.000000000000000000, -0.000000000000000000, -1.000000000000000000 ) ) ;
#974 = AXIS2_PLACEMENT_3D ( 'NONE', #316, #1021, #1720 ) ;
#975 = AXIS2_PLACEMENT_3D ( 'NONE', #1681, #2153, #1651 ) ;
#976 = VERTEX_POINT ( 'NONE', #1247 ) ;
#977 = ADVANCED_FACE ( 'NONE', ( #573 ), #741, .F. ) ;
#978 = AXIS2_PLACEMENT_3D ( 'NONE', #1243, #378, #204 ) ;
#979 = AXIS2_PLACEMENT_3D ( 'NONE', #2190, #1889, #1168 ) ;
#980 = DIRECTION ( 'NONE',  ( -0.000000000000000000, -0.000000000000000000, -1.000000000000000000 ) ) ;
#981 = EDGE_LOOP ( 'NONE', ( #133, #764, #845, #1434 ) ) ;
#982 = FACE_OUTER_BOUND ( 'NONE', #2097, .T. ) ;
#983 = VERTEX_POINT ( 'NONE', #1088 ) ;
#984 = PLANE ( 'NONE',  #305 ) ;
#985 = EDGE_CURVE ( 'NONE', #737, #1695, #1926, .T. ) ;
#986 = CARTESIAN_POINT ( 'NONE',  ( 87.39997735166939208, 3.999999999999997335, 0.000000000000000000 ) ) ;
#987 = EDGE_LOOP ( 'NONE', ( #1030, #1823 ) ) ;
#988 = CARTESIAN_POINT ( 'NONE',  ( 61.50002264833061361, 4.052132500626951739, 0.000000000000000000 ) ) ;
#989 = ORIENTED_EDGE ( 'NONE', *, *, #164, .T. ) ;
#990 = CARTESIAN_POINT ( 'NONE',  ( 10.00000000000000000, 44.00000000000000000, -0.001000000000000132727 ) ) ;
#991 = ORIENTED_EDGE ( 'NONE', *, *, #1180, .T. ) ;
#992 = CARTESIAN_POINT ( 'NONE',  ( 60.00002264833061361, 4.052132500626951739, 0.000000000000000000 ) ) ;
#993 = DIRECTION ( 'NONE',  ( 0.000000000000000000, 0.000000000000000000, -1.000000000000000000 ) ) ;
#994 = DIRECTION ( 'NONE',  ( 0.000000000000000000, 0.000000000000000000, 1.000000000000000000 ) ) ;
#995 = VERTEX_POINT ( 'NONE', #722 ) ;
#996 = FACE_BOUND ( 'NONE', #830, .T. ) ;
#997 = ORIENTED_EDGE ( 'NONE', *, *, #438, .F. ) ;
#998 = CARTESIAN_POINT ( 'NONE',  ( 54.10000000000000142, 44.00000000000000000, -37.64999999999999858 ) ) ;
#999 = EDGE_CURVE ( 'NONE', #886, #2004, #1780, .T. ) ;
#1000 = AXIS2_PLACEMENT_3D ( 'NONE', #876, #1574, #132 ) ;
#1001 = EDGE_LOOP ( 'NONE', ( #1058, #2111, #643, #179 ) ) ;
#1002 = CARTESIAN_POINT ( 'NONE',  ( 99.59999999999999432, 43.99999999999999289, -32.89999999999993463 ) ) ;
#1003 = DIRECTION ( 'NONE',  ( -0.000000000000000000, -0.000000000000000000, -1.000000000000000000 ) ) ;
#1004 = DIRECTION ( 'NONE',  ( -0.000000000000000000, -0.000000000000000000, 1.000000000000000000 ) ) ;
#1005 = DIRECTION ( 'NONE',  ( 0.000000000000000000, 0.000000000000000000, -1.000000000000000000 ) ) ;
#1006 = AXIS2_PLACEMENT_3D ( 'NONE', #1383, #516, #166 ) ;
#1007 = ORIENTED_EDGE ( 'NONE', *, *, #357, .F. ) ;
#1008 = ADVANCED_FACE ( 'NONE', ( #537 ), #1626, .F. ) ;
#1009 = AXIS2_PLACEMENT_3D ( 'NONE', #1833, #596, #799 ) ;
#1010 = FACE_BOUND ( 'NONE', #1210, .T. ) ;
#1011 = CIRCLE ( 'NONE', #95, 7.099999999999980993 ) ;
#1012 = ORIENTED_EDGE ( 'NONE', *, *, #1218, .F. ) ;
#1013 = CARTESIAN_POINT ( 'NONE',  ( 47.50000000000000000, 44.00000000000000000, -37.64999999999999858 ) ) ;
#1014 = AXIS2_PLACEMENT_3D ( 'NONE', #175, #1054, #1872 ) ;
#1015 = EDGE_CURVE ( 'NONE', #87, #2248, #163, .T. ) ;
#1016 = EDGE_LOOP ( 'NONE', ( #350, #818, #648, #1452 ) ) ;
#1017 = CARTESIAN_POINT ( 'NONE',  ( 47.50000000000000000, 44.00000000000000000, 5.250000000000000000 ) ) ;
#1018 = CYLINDRICAL_SURFACE ( 'NONE', #1076, 6.599999999999999645 ) ;
#1019 = DIRECTION ( 'NONE',  ( -0.000000000000000000, -0.000000000000000000, 1.000000000000000000 ) ) ;
#1020 = EDGE_CURVE ( 'NONE', #1290, #962, #1102, .T. ) ;
#1021 = DIRECTION ( 'NONE',  ( -0.000000000000000000, -0.000000000000000000, 1.000000000000000000 ) ) ;
#1022 = ORIENTED_EDGE ( 'NONE', *, *, #126, .T. ) ;
#1023 = CARTESIAN_POINT ( 'NONE',  ( 7.799999999999999822, 44.00000000000000000, 5.250000000000000000 ) ) ;
#1024 = CARTESIAN_POINT ( 'NONE',  ( 89.99997735166940060, 3.999999999999997335, 0.000000000000000000 ) ) ;
#1025 = VERTEX_POINT ( 'NONE', #733 ) ;
#1026 = DIRECTION ( 'NONE',  ( 1.000000000000000000, 0.000000000000000000, 0.000000000000000000 ) ) ;
#1027 = CARTESIAN_POINT ( 'NONE',  ( 16.60000000000000497, 44.00000000000000000, -37.64999999999999858 ) ) ;
#1028 = DIRECTION ( 'NONE',  ( -1.000000000000000000, 0.000000000000000000, 0.000000000000000000 ) ) ;
#1029 = CARTESIAN_POINT ( 'NONE',  ( 150.0000000000000000, 8.000000000000000000, -16.19999999999999929 ) ) ;
#1030 = ORIENTED_EDGE ( 'NONE', *, *, #1443, .T. ) ;
#1031 = EDGE_CURVE ( 'NONE', #404, #1698, #1275, .T. ) ;
#1032 = DIRECTION ( 'NONE',  ( 0.000000000000000000, 0.000000000000000000, 1.000000000000000000 ) ) ;
#1033 = EDGE_CURVE ( 'NONE', #2137, #1424, #197, .T. ) ;
#1034 = AXIS2_PLACEMENT_3D ( 'NONE', #2154, #1300, #597 ) ;
#1035 = AXIS2_PLACEMENT_3D ( 'NONE', #2079, #1750, #1215 ) ;
#1036 = DIRECTION ( 'NONE',  ( 1.000000000000000000, 0.000000000000000000, 0.000000000000000000 ) ) ;
#1037 = ADVANCED_FACE ( 'NONE', ( #882 ), #1580, .F. ) ;
#1038 = VERTEX_POINT ( 'NONE', #359 ) ;
#1039 = DIRECTION ( 'NONE',  ( -1.000000000000000000, 0.000000000000000000, 0.000000000000000000 ) ) ;
#1040 = CIRCLE ( 'NONE', #1450, 7.100000000000076916 ) ;
#1041 = DIRECTION ( 'NONE',  ( -0.000000000000000000, -0.000000000000000000, 1.000000000000000000 ) ) ;
#1042 = CARTESIAN_POINT ( 'NONE',  ( 87.39997735166939208, 3.999999999999997335, 0.000000000000000000 ) ) ;
#1043 = DIRECTION ( 'NONE',  ( 0.000000000000000000, 0.000000000000000000, 1.000000000000000000 ) ) ;
#1044 = VERTEX_POINT ( 'NONE', #1063 ) ;
#1045 = EDGE_CURVE ( 'NONE', #1101, #697, #1456, .T. ) ;
#1046 = CARTESIAN_POINT ( 'NONE',  ( 16.60000000000000142, 44.00000000000000000, -37.64999999999999858 ) ) ;
#1047 = AXIS2_PLACEMENT_3D ( 'NONE', #322, #1894, #1026 ) ;
#1048 = AXIS2_PLACEMENT_3D ( 'NONE', #1617, #37, #906 ) ;
#1049 = DIRECTION ( 'NONE',  ( -0.000000000000000000, -0.000000000000000000, 1.000000000000000000 ) ) ;
#1050 = CIRCLE ( 'NONE', #2104, 7.100000000000078693 ) ;
#1051 = ORIENTED_EDGE ( 'NONE', *, *, #1100, .F. ) ;
#1052 = DIRECTION ( 'NONE',  ( 1.000000000000000000, 0.000000000000000000, 0.000000000000000000 ) ) ;
#1053 = LINE ( 'NONE', #1403, #1193 ) ;
#1054 = DIRECTION ( 'NONE',  ( 0.000000000000000000, 0.000000000000000000, 1.000000000000000000 ) ) ;
#1055 = CIRCLE ( 'NONE', #1853, 6.600000000000022737 ) ;
#1056 = ADVANCED_FACE ( 'NONE', ( #609 ), #1122, .F. ) ;
#1057 = CARTESIAN_POINT ( 'NONE',  ( 17.10000000000007603, 44.00000000000000000, 0.000000000000000000 ) ) ;
#1058 = ORIENTED_EDGE ( 'NONE', *, *, #1653, .F. ) ;
#1059 = ORIENTED_EDGE ( 'NONE', *, *, #1031, .T. ) ;
#1060 = CARTESIAN_POINT ( 'NONE',  ( 60.00002264833061361, 4.052132500626951739, -39.39999999999999858 ) ) ;
#1061 = DIRECTION ( 'NONE',  ( -1.000000000000000000, 0.000000000000000000, 0.000000000000000000 ) ) ;
#1062 = ORIENTED_EDGE ( 'NONE', *, *, #1955, .F. ) ;
#1063 = CARTESIAN_POINT ( 'NONE',  ( 58.50002264833061361, 4.052132500626951739, 0.000000000000000000 ) ) ;
#1064 = DIRECTION ( 'NONE',  ( -1.000000000000000000, 0.000000000000000000, 0.000000000000000000 ) ) ;
#1065 = CARTESIAN_POINT ( 'NONE',  ( 62.60002264833061503, 4.052132500626951739, 7.000000000000000000 ) ) ;
#1066 = EDGE_CURVE ( 'NONE', #1887, #971, #941, .T. ) ;
#1067 = EDGE_LOOP ( 'NONE', ( #2007, #547 ) ) ;
#1068 = ORIENTED_EDGE ( 'NONE', *, *, #631, .F. ) ;
#1069 = CARTESIAN_POINT ( 'NONE',  ( 0.000000000000000000, 0.000000000000000000, 7.000000000000000000 ) ) ;
#1070 = CARTESIAN_POINT ( 'NONE',  ( 10.00000000000000000, 44.00000000000000000, 5.250000000000000000 ) ) ;
#1071 = ORIENTED_EDGE ( 'NONE', *, *, #534, .F. ) ;
#1072 = EDGE_CURVE ( 'NONE', #493, #891, #1205, .T. ) ;
#1073 = DIRECTION ( 'NONE',  ( -1.000000000000000000, 0.000000000000000000, 0.000000000000000000 ) ) ;
#1074 = DIRECTION ( 'NONE',  ( 0.000000000000000000, 0.000000000000000000, -1.000000000000000000 ) ) ;
#1075 = DIRECTION ( 'NONE',  ( -0.000000000000000000, -0.000000000000000000, 1.000000000000000000 ) ) ;
#1076 = AXIS2_PLACEMENT_3D ( 'NONE', #883, #2067, #504 ) ;
#1077 = VECTOR ( 'NONE', #873, 1000.000000000000000 ) ;
#1078 = EDGE_LOOP ( 'NONE', ( #42, #65, #1730, #927 ) ) ;
#1079 = VECTOR ( 'NONE', #1897, 1000.000000000000114 ) ;
#1080 = VERTEX_POINT ( 'NONE', #71 ) ;
#1081 = CARTESIAN_POINT ( 'NONE',  ( 95.19999999999998863, 43.99999999999999289, 7.000000000000000000 ) ) ;
#1082 = AXIS2_PLACEMENT_3D ( 'NONE', #1862, #2187, #424 ) ;
#1083 = ADVANCED_FACE ( 'NONE', ( #1314 ), #1662, .F. ) ;
#1084 = CARTESIAN_POINT ( 'NONE',  ( 145.1000000000000227, 43.99999999999999289, 0.5000000000000628386 ) ) ;
#1085 = VECTOR ( 'NONE', #1361, 1000.000000000000000 ) ;
#1086 = VECTOR ( 'NONE', #1769, 1000.000000000000000 ) ;
#1087 = ORIENTED_EDGE ( 'NONE', *, *, #706, .T. ) ;
#1088 = CARTESIAN_POINT ( 'NONE',  ( 150.0000000000000000, 65.00000000000000000, -32.39999999999999858 ) ) ;
#1089 = DIRECTION ( 'NONE',  ( -0.7071067811865512365, 8.659560562354978464E-17, 0.7071067811865439090 ) ) ;
#1090 = CARTESIAN_POINT ( 'NONE',  ( 138.5000000000000000, 43.99999999999999289, 0.5000000000000628386 ) ) ;
#1091 = CIRCLE ( 'NONE', #92, 7.100000000000078693 ) ;
#1092 = CIRCLE ( 'NONE', #202, 2.200000000000000622 ) ;
#1093 = ORIENTED_EDGE ( 'NONE', *, *, #1443, .F. ) ;
#1094 = AXIS2_PLACEMENT_3D ( 'NONE', #397, #894, #1293 ) ;
#1095 = EDGE_CURVE ( 'NONE', #1621, #2169, #385, .T. ) ;
#1096 = ORIENTED_EDGE ( 'NONE', *, *, #1352, .T. ) ;
#1097 = CYLINDRICAL_SURFACE ( 'NONE', #1531, 1.500000000000001332 ) ;
#1098 = DIRECTION ( 'NONE',  ( -0.000000000000000000, -0.000000000000000000, 1.000000000000000000 ) ) ;
#1099 = ADVANCED_BREP_SHAPE_REPRESENTATION ( 'gear mounts', ( #1858, #466 ), #2144 ) ;
#1100 = EDGE_CURVE ( 'NONE', #2103, #1463, #91, .T. ) ;
#1101 = VERTEX_POINT ( 'NONE', #1993 ) ;
#1102 = LINE ( 'NONE', #1606, #496 ) ;
#1103 = CARTESIAN_POINT ( 'NONE',  ( 10.00000000000000000, 44.00000000000000000, 0.000000000000000000 ) ) ;
#1104 = CARTESIAN_POINT ( 'NONE',  ( 54.60000000000007958, 44.00000000000000000, 0.000000000000000000 ) ) ;
#1105 = FACE_OUTER_BOUND ( 'NONE', #1158, .T. ) ;
#1106 = ORIENTED_EDGE ( 'NONE', *, *, #1020, .F. ) ;
#1107 = ADVANCED_FACE ( 'NONE', ( #641 ), #432, .F. ) ;
#1108 = FILL_AREA_STYLE ('',( #1486 ) ) ;
#1109 = CARTESIAN_POINT ( 'NONE',  ( 45.29999999999999716, 44.00000000000000000, 7.001000000000000334 ) ) ;
#1110 = EDGE_CURVE ( 'NONE', #803, #1406, #272, .T. ) ;
#1111 = ORIENTED_EDGE ( 'NONE', *, *, #2124, .F. ) ;
#1112 = DIRECTION ( 'NONE',  ( -0.000000000000000000, -0.000000000000000000, 1.000000000000000000 ) ) ;
#1113 = DIRECTION ( 'NONE',  ( -0.000000000000000000, -0.000000000000000000, 1.000000000000000000 ) ) ;
#1114 = LINE ( 'NONE', #2123, #762 ) ;
#1115 = ORIENTED_EDGE ( 'NONE', *, *, #1254, .F. ) ;
#1116 = ORIENTED_EDGE ( 'NONE', *, *, #1324, .T. ) ;
#1117 = DIRECTION ( 'NONE',  ( -0.000000000000000000, -0.000000000000000000, -1.000000000000000000 ) ) ;
#1118 = EDGE_CURVE ( 'NONE', #1698, #1101, #787, .T. ) ;
#1119 = CARTESIAN_POINT ( 'NONE',  ( 145.6000000000000796, 43.99999999999999289, 0.000000000000000000 ) ) ;
#1120 = VECTOR ( 'NONE', #1405, 1000.000000000000000 ) ;
#1121 = VERTEX_POINT ( 'NONE', #2005 ) ;
#1122 = CYLINDRICAL_SURFACE ( 'NONE', #307, 6.600000000000001421 ) ;
#1123 = CARTESIAN_POINT ( 'NONE',  ( 47.50000000000000000, 44.00000000000000000, -37.64999999999999858 ) ) ;
#1124 = DIRECTION ( 'NONE',  ( -0.000000000000000000, -0.000000000000000000, 1.000000000000000000 ) ) ;
#1125 = VECTOR ( 'NONE', #1521, 1000.000000000000000 ) ;
#1126 = VERTEX_POINT ( 'NONE', #630 ) ;
#1127 = CARTESIAN_POINT ( 'NONE',  ( 93.00000000000000000, 43.99999999999999289, 5.250000000000000000 ) ) ;
#1128 = VECTOR ( 'NONE', #1875, 1000.000000000000000 ) ;
#1129 = CYLINDRICAL_SURFACE ( 'NONE', #339, 6.599999999999994316 ) ;
#1130 = EDGE_CURVE ( 'NONE', #758, #2191, #2029, .T. ) ;
#1131 = VECTOR ( 'NONE', #2037, 1000.000000000000000 ) ;
#1132 = ORIENTED_EDGE ( 'NONE', *, *, #864, .F. ) ;
#1133 = DIRECTION ( 'NONE',  ( -0.000000000000000000, -0.000000000000000000, -1.000000000000000000 ) ) ;
#1134 = VECTOR ( 'NONE', #1019, 1000.000000000000000 ) ;
#1135 = AXIS2_PLACEMENT_3D ( 'NONE', #252, #1124, #808 ) ;
#1136 = DIRECTION ( 'NONE',  ( -0.000000000000000000, -0.000000000000000000, 1.000000000000000000 ) ) ;
#1137 = PRODUCT_DEFINITION_FORMATION_WITH_SPECIFIED_SOURCE ( 'ANY', '', #1397, .NOT_KNOWN. ) ;
#1138 = ORIENTED_EDGE ( 'NONE', *, *, #68, .F. ) ;
#1139 = DIRECTION ( 'NONE',  ( -1.000000000000000000, 0.000000000000000000, 0.000000000000000000 ) ) ;
#1140 = ADVANCED_FACE ( 'NONE', ( #2175 ), #936, .F. ) ;
#1141 = EDGE_LOOP ( 'NONE', ( #72, #536 ) ) ;
#1142 = CARTESIAN_POINT ( 'NONE',  ( 131.8999999999999773, 43.99999999999999289, -37.64999999999999858 ) ) ;
#1143 = DIRECTION ( 'NONE',  ( 1.000000000000000000, 0.000000000000000000, 0.000000000000000000 ) ) ;
#1144 = EDGE_CURVE ( 'NONE', #369, #1816, #2245, .T. ) ;
#1145 = ORIENTED_EDGE ( 'NONE', *, *, #1507, .F. ) ;
#1146 = LINE ( 'NONE', #2161, #1705 ) ;
#1147 = ORIENTED_EDGE ( 'NONE', *, *, #528, .F. ) ;
#1148 = DIRECTION ( 'NONE',  ( -0.000000000000000000, -0.000000000000000000, -1.000000000000000000 ) ) ;
#1149 = ORIENTED_EDGE ( 'NONE', *, *, #1724, .F. ) ;
#1150 = CARTESIAN_POINT ( 'NONE',  ( 10.00000000000000000, 44.00000000000000000, 5.250000000000000000 ) ) ;
#1151 = FACE_OUTER_BOUND ( 'NONE', #987, .T. ) ;
#1152 = AXIS2_PLACEMENT_3D ( 'NONE', #1970, #1460, #742 ) ;
#1153 = AXIS2_PLACEMENT_3D ( 'NONE', #2088, #693, #2232 ) ;
#1154 = VERTEX_POINT ( 'NONE', #1468 ) ;
#1155 = CIRCLE ( 'NONE', #2130, 2.200000000000000622 ) ;
#1156 = DIRECTION ( 'NONE',  ( 0.000000000000000000, 0.000000000000000000, -1.000000000000000000 ) ) ;
#1157 = ADVANCED_FACE ( 'NONE', ( #982 ), #450, .F. ) ;
#1158 = EDGE_LOOP ( 'NONE', ( #1918, #769, #1668, #740 ) ) ;
#1159 = CARTESIAN_POINT ( 'NONE',  ( 10.00000000000000000, 44.00000000000000000, 0.000000000000000000 ) ) ;
#1160 = ORIENTED_EDGE ( 'NONE', *, *, #109, .F. ) ;
#1161 = DIRECTION ( 'NONE',  ( -0.000000000000000000, -0.000000000000000000, 1.000000000000000000 ) ) ;
#1162 = FACE_OUTER_BOUND ( 'NONE', #1774, .T. ) ;
#1163 = AXIS2_PLACEMENT_3D ( 'NONE', #160, #871, #2255 ) ;
#1164 = AXIS2_PLACEMENT_3D ( 'NONE', #1258, #1960, #1052 ) ;
#1165 = VERTEX_POINT ( 'NONE', #1299 ) ;
#1166 = AXIS2_PLACEMENT_3D ( 'NONE', #916, #1098, #12 ) ;
#1167 = AXIS2_PLACEMENT_3D ( 'NONE', #1863, #220, #288 ) ;
#1168 = DIRECTION ( 'NONE',  ( -1.000000000000000000, 0.000000000000000000, -0.000000000000000000 ) ) ;
#1169 = CIRCLE ( 'NONE', #203, 7.099999999999939249 ) ;
#1170 = ORIENTED_EDGE ( 'NONE', *, *, #1560, .T. ) ;
#1171 = CARTESIAN_POINT ( 'NONE',  ( 0.000000000000000000, 0.000000000000000000, 7.000000000000000000 ) ) ;
#1172 = CARTESIAN_POINT ( 'NONE',  ( 0.000000000000000000, 0.000000000000000000, 7.000000000000000000 ) ) ;
#1173 = EDGE_CURVE ( 'NONE', #571, #962, #651, .T. ) ;
#1174 = PRODUCT_DEFINITION_SHAPE ( 'NONE', 'NONE',  #917 ) ;
#1175 = ORIENTED_EDGE ( 'NONE', *, *, #999, .T. ) ;
#1176 = CARTESIAN_POINT ( 'NONE',  ( 131.8999999999999773, 43.99999999999999289, 5.250000000000000000 ) ) ;
#1177 = DIRECTION ( 'NONE',  ( 1.000000000000000000, 0.000000000000000000, 0.000000000000000000 ) ) ;
#1178 = CARTESIAN_POINT ( 'NONE',  ( 100.1000000000000796, 43.99999999999999289, 0.000000000000000000 ) ) ;
#1179 = ORIENTED_EDGE ( 'NONE', *, *, #2118, .T. ) ;
#1180 = EDGE_CURVE ( 'NONE', #1467, #1191, #104, .T. ) ;
#1181 = CARTESIAN_POINT ( 'NONE',  ( 99.59999999999999432, 43.99999999999999289, 0.5000000000000768274 ) ) ;
#1182 = EDGE_CURVE ( 'NONE', #209, #1154, #320, .T. ) ;
#1183 = VERTEX_POINT ( 'NONE', #1714 ) ;
#1184 = LINE ( 'NONE', #2062, #577 ) ;
#1185 = EDGE_CURVE ( 'NONE', #247, #2116, #1184, .T. ) ;
#1186 = ORIENTED_EDGE ( 'NONE', *, *, #706, .F. ) ;
#1187 = DIRECTION ( 'NONE',  ( 1.000000000000000000, 0.000000000000000000, 0.000000000000000000 ) ) ;
#1188 = DIRECTION ( 'NONE',  ( -1.000000000000000000, 0.000000000000000000, 0.000000000000000000 ) ) ;
#1189 = CARTESIAN_POINT ( 'NONE',  ( 62.60002264833061503, 4.052132500626951739, 0.000000000000000000 ) ) ;
#1190 = FACE_OUTER_BOUND ( 'NONE', #2259, .T. ) ;
#1191 = VERTEX_POINT ( 'NONE', #866 ) ;
#1192 = CARTESIAN_POINT ( 'NONE',  ( 93.00000000000000000, 43.99999999999999289, -37.64999999999999858 ) ) ;
#1193 = VECTOR ( 'NONE', #680, 1000.000000000000000 ) ;
#1194 = ADVANCED_FACE ( 'NONE', ( #687 ), #498, .F. ) ;
#1195 = ORIENTED_EDGE ( 'NONE', *, *, #416, .T. ) ;
#1196 = CYLINDRICAL_SURFACE ( 'NONE', #535, 2.600000000000004974 ) ;
#1197 = VERTEX_POINT ( 'NONE', #1389 ) ;
#1198 = DIRECTION ( 'NONE',  ( -1.000000000000000000, 0.000000000000000000, 0.000000000000000000 ) ) ;
#1199 = CYLINDRICAL_SURFACE ( 'NONE', #1553, 6.600000000000001421 ) ;
#1200 = CARTESIAN_POINT ( 'NONE',  ( 145.1000000000000227, 43.99999999999999289, 0.5000000000000628386 ) ) ;
#1201 = CARTESIAN_POINT ( 'NONE',  ( 93.00000000000000000, 43.99999999999999289, -39.39999999999999858 ) ) ;
#1202 = VECTOR ( 'NONE', #107, 1000.000000000000000 ) ;
#1203 = EDGE_LOOP ( 'NONE', ( #1552, #1145, #467, #944 ) ) ;
#1204 = ADVANCED_FACE ( 'NONE', ( #1377 ), #2238, .F. ) ;
#1205 = CIRCLE ( 'NONE', #1636, 2.200000000000000622 ) ;
#1206 = CARTESIAN_POINT ( 'NONE',  ( 7.799999999999999822, 44.00000000000000000, -0.001000000000000132727 ) ) ;
#1207 = AXIS2_PLACEMENT_3D ( 'NONE', #785, #1136, #1659 ) ;
#1208 = AXIS2_PLACEMENT_3D ( 'NONE', #1775, #548, #738 ) ;
#1209 = PRODUCT_DEFINITION_CONTEXT ( 'detailed design', #606, 'design' ) ;
#1210 = EDGE_LOOP ( 'NONE', ( #2185, #70 ) ) ;
#1211 = DIRECTION ( 'NONE',  ( -0.000000000000000000, -0.000000000000000000, 1.000000000000000000 ) ) ;
#1212 = CONICAL_SURFACE ( 'NONE', #583, 7.099999999999939249, 0.7853981633974534970 ) ;
#1213 = VERTEX_POINT ( 'NONE', #2028 ) ;
#1214 = FACE_OUTER_BOUND ( 'NONE', #266, .T. ) ;
#1215 = DIRECTION ( 'NONE',  ( -1.000000000000000000, 0.000000000000000000, 0.000000000000000000 ) ) ;
#1216 = CARTESIAN_POINT ( 'NONE',  ( 145.1000000000000227, 43.99999999999999289, 5.250000000000000000 ) ) ;
#1217 = PLANE ( 'NONE',  #686 ) ;
#1218 = EDGE_CURVE ( 'NONE', #308, #1290, #2076, .T. ) ;
#1219 = ORIENTED_EDGE ( 'NONE', *, *, #366, .T. ) ;
#1220 = CARTESIAN_POINT ( 'NONE',  ( 89.99997735166940060, 3.999999999999997335, 7.000000000000000000 ) ) ;
#1221 = DIRECTION ( 'NONE',  ( -0.000000000000000000, -0.000000000000000000, -1.000000000000000000 ) ) ;
#1222 = ORIENTED_EDGE ( 'NONE', *, *, #2000, .T. ) ;
#1223 = CARTESIAN_POINT ( 'NONE',  ( 138.5000000000000000, 43.99999999999999289, 0.5000000000000628386 ) ) ;
#1224 = CARTESIAN_POINT ( 'NONE',  ( 88.49997735166940060, 3.999999999999997335, -39.39999999999999858 ) ) ;
#1225 = CARTESIAN_POINT ( 'NONE',  ( 93.00000000000000000, 43.99999999999999289, -32.39999999999999858 ) ) ;
#1226 = ADVANCED_FACE ( 'NONE', ( #1366, #1568 ), #146, .T. ) ;
#1227 = DIRECTION ( 'NONE',  ( -0.000000000000000000, -0.000000000000000000, 1.000000000000000000 ) ) ;
#1228 = ORIENTED_EDGE ( 'NONE', *, *, #1449, .T. ) ;
#1229 = CARTESIAN_POINT ( 'NONE',  ( 10.00000000000000000, 44.00000000000000000, 7.000000000000000000 ) ) ;
#1230 = DIRECTION ( 'NONE',  ( 0.000000000000000000, 0.000000000000000000, -1.000000000000000000 ) ) ;
#1231 = ADVANCED_FACE ( 'NONE', ( #137 ), #2252, .F. ) ;
#1232 = ORIENTED_EDGE ( 'NONE', *, *, #384, .F. ) ;
#1233 = CARTESIAN_POINT ( 'NONE',  ( 3.399999999999999467, 44.00000000000000000, -37.64999999999999858 ) ) ;
#1234 = CARTESIAN_POINT ( 'NONE',  ( 49.70000000000000284, 44.00000000000000000, 7.000000000000000000 ) ) ;
#1235 = FACE_OUTER_BOUND ( 'NONE', #2217, .T. ) ;
#1236 = DIRECTION ( 'NONE',  ( -1.000000000000000000, 0.000000000000000000, 0.000000000000000000 ) ) ;
#1237 = VERTEX_POINT ( 'NONE', #998 ) ;
#1238 = AXIS2_PLACEMENT_3D ( 'NONE', #336, #1043, #2057 ) ;
#1239 = DIRECTION ( 'NONE',  ( 1.000000000000000000, 0.000000000000000000, 0.000000000000000000 ) ) ;
#1240 = EDGE_CURVE ( 'NONE', #1080, #1191, #485, .T. ) ;
#1241 = CIRCLE ( 'NONE', #1917, 2.200000000000007283 ) ;
#1242 = AXIS2_PLACEMENT_3D ( 'NONE', #1789, #1435, #173 ) ;
#1243 = CARTESIAN_POINT ( 'NONE',  ( 138.5000000000000000, 43.99999999999999289, -37.64999999999999858 ) ) ;
#1244 = ADVANCED_FACE ( 'NONE', ( #655 ), #1196, .F. ) ;
#1245 = CONICAL_SURFACE ( 'NONE', #543, 6.600000000000000533, 0.7853981633974534970 ) ;
#1246 = ORIENTED_EDGE ( 'NONE', *, *, #880, .F. ) ;
#1247 = CARTESIAN_POINT ( 'NONE',  ( 86.40000000000000568, 43.99999999999999289, -32.89999999999993463 ) ) ;
#1248 = DIRECTION ( 'NONE',  ( -0.000000000000000000, -0.000000000000000000, -1.000000000000000000 ) ) ;
#1249 = FACE_BOUND ( 'NONE', #1996, .T. ) ;
#1250 = VECTOR ( 'NONE', #2257, 1000.000000000000000 ) ;
#1251 = EDGE_LOOP ( 'NONE', ( #2083, #453 ) ) ;
#1252 = ORIENTED_EDGE ( 'NONE', *, *, #1743, .T. ) ;
#1253 = FACE_OUTER_BOUND ( 'NONE', #1952, .T. ) ;
#1254 = EDGE_CURVE ( 'NONE', #560, #198, #232, .T. ) ;
#1255 = LINE ( 'NONE', #428, #462 ) ;
#1256 = ADVANCED_FACE ( 'NONE', ( #1357 ), #1704, .F. ) ;
#1257 = ORIENTED_EDGE ( 'NONE', *, *, #1868, .F. ) ;
#1258 = CARTESIAN_POINT ( 'NONE',  ( 138.5000000000000000, 43.99999999999999289, -37.64999999999999858 ) ) ;
#1259 = CARTESIAN_POINT ( 'NONE',  ( 85.90000000000006253, 43.99999999999999289, -32.39999999999999858 ) ) ;
#1260 = CARTESIAN_POINT ( 'NONE',  ( 138.5000000000000000, 43.99999999999999289, -32.39999999999999858 ) ) ;
#1261 = ORIENTED_EDGE ( 'NONE', *, *, #499, .T. ) ;
#1262 = ADVANCED_FACE ( 'NONE', ( #124 ), #1900, .F. ) ;
#1263 = ORIENTED_EDGE ( 'NONE', *, *, #1534, .T. ) ;
#1264 = FACE_OUTER_BOUND ( 'NONE', #1866, .T. ) ;
#1265 = DIRECTION ( 'NONE',  ( -0.000000000000000000, -0.000000000000000000, 1.000000000000000000 ) ) ;
#1266 = ORIENTED_EDGE ( 'NONE', *, *, #2231, .T. ) ;
#1267 = FACE_OUTER_BOUND ( 'NONE', #81, .T. ) ;
#1268 = LINE ( 'NONE', #1259, #306 ) ;
#1269 = CARTESIAN_POINT ( 'NONE',  ( 0.000000000000000000, 0.000000000000000000, 0.000000000000000000 ) ) ;
#1270 = ORIENTED_EDGE ( 'NONE', *, *, #782, .T. ) ;
#1271 = VERTEX_POINT ( 'NONE', #2040 ) ;
#1272 = CYLINDRICAL_SURFACE ( 'NONE', #1423, 6.599999999999999645 ) ;
#1273 = DIRECTION ( 'NONE',  ( 0.000000000000000000, -0.000000000000000000, 1.000000000000000000 ) ) ;
#1274 = AXIS2_PLACEMENT_3D ( 'NONE', #84, #790, #255 ) ;
#1275 = CIRCLE ( 'NONE', #1242, 2.199999999999993516 ) ;
#1276 = EDGE_LOOP ( 'NONE', ( #475, #1779, #721, #2035 ) ) ;
#1277 = LINE ( 'NONE', #2098, #1808 ) ;
#1278 = LINE ( 'NONE', #929, #566 ) ;
#1279 = FACE_BOUND ( 'NONE', #394, .T. ) ;
#1280 = VECTOR ( 'NONE', #1265, 1000.000000000000000 ) ;
#1281 = EDGE_CURVE ( 'NONE', #1545, #1126, #310, .T. ) ;
#1282 = PRESENTATION_LAYER_ASSIGNMENT (  '', '', ( #761 ) ) ;
#1283 = EDGE_LOOP ( 'NONE', ( #1116, #2235 ) ) ;
#1284 = CIRCLE ( 'NONE', #1014, 1.500000000000001332 ) ;
#1285 = EDGE_CURVE ( 'NONE', #2241, #2227, #427, .T. ) ;
#1286 = EDGE_LOOP ( 'NONE', ( #1457, #779 ) ) ;
#1287 = SURFACE_STYLE_USAGE ( .BOTH. , #748 ) ;
#1288 = EDGE_CURVE ( 'NONE', #1887, #1816, #1733, .T. ) ;
#1289 = FACE_OUTER_BOUND ( 'NONE', #1316, .T. ) ;
#1290 = VERTEX_POINT ( 'NONE', #533 ) ;
#1291 = DIRECTION ( 'NONE',  ( -1.000000000000000000, 0.000000000000000000, 0.000000000000000000 ) ) ;
#1292 = FACE_OUTER_BOUND ( 'NONE', #2150, .T. ) ;
#1293 = DIRECTION ( 'NONE',  ( 1.000000000000000000, 0.000000000000000000, 0.000000000000000000 ) ) ;
#1294 = ORIENTED_EDGE ( 'NONE', *, *, #2072, .T. ) ;
#1295 = EDGE_CURVE ( 'NONE', #891, #1978, #3, .T. ) ;
#1296 = ORIENTED_EDGE ( 'NONE', *, *, #1363, .F. ) ;
#1297 = CARTESIAN_POINT ( 'NONE',  ( 0.000000000000000000, 65.00000000000000000, -39.39999999999999858 ) ) ;
#1298 = EDGE_LOOP ( 'NONE', ( #337, #501 ) ) ;
#1299 = CARTESIAN_POINT ( 'NONE',  ( 145.5999999999999943, 43.99999999999999289, -32.39999999999999858 ) ) ;
#1300 = DIRECTION ( 'NONE',  ( 0.000000000000000000, 0.000000000000000000, -1.000000000000000000 ) ) ;
#1301 = LINE ( 'NONE', #1172, #2110 ) ;
#1302 = EDGE_CURVE ( 'NONE', #488, #1839, #1409, .T. ) ;
#1303 = ORIENTED_EDGE ( 'NONE', *, *, #1285, .T. ) ;
#1304 = CARTESIAN_POINT ( 'NONE',  ( 86.40000000000000568, 43.99999999999999289, 0.5000000000000768274 ) ) ;
#1305 = ORIENTED_EDGE ( 'NONE', *, *, #559, .T. ) ;
#1306 = ORIENTED_EDGE ( 'NONE', *, *, #1747, .T. ) ;
#1307 = DIRECTION ( 'NONE',  ( -1.000000000000000000, 0.000000000000000000, 0.000000000000000000 ) ) ;
#1308 = CIRCLE ( 'NONE', #2021, 6.599999999999999645 ) ;
#1309 = CARTESIAN_POINT ( 'NONE',  ( 150.0000000000000000, 8.000000000000000000, 0.000000000000000000 ) ) ;
#1310 = AXIS2_PLACEMENT_3D ( 'NONE', #954, #1496, #1143 ) ;
#1311 = EDGE_CURVE ( 'NONE', #159, #983, #1442, .T. ) ;
#1312 = CIRCLE ( 'NONE', #1238, 2.200000000000000622 ) ;
#1313 = ORIENTED_EDGE ( 'NONE', *, *, #912, .T. ) ;
#1314 = FACE_OUTER_BOUND ( 'NONE', #1856, .T. ) ;
#1315 = AXIS2_PLACEMENT_3D ( 'NONE', #1591, #2143, #1073 ) ;
#1316 = EDGE_LOOP ( 'NONE', ( #624, #271, #512, #1401 ) ) ;
#1317 = DIRECTION ( 'NONE',  ( 0.000000000000000000, 0.000000000000000000, 1.000000000000000000 ) ) ;
#1318 = CIRCLE ( 'NONE', #1922, 1.500000000000001332 ) ;
#1319 = DIRECTION ( 'NONE',  ( 1.000000000000000000, 0.000000000000000000, 0.000000000000000000 ) ) ;
#1320 = AXIS2_PLACEMENT_3D ( 'NONE', #2084, #1953, #390 ) ;
#1321 = EDGE_LOOP ( 'NONE', ( #1739, #2065 ) ) ;
#1322 = AXIS2_PLACEMENT_3D ( 'NONE', #848, #1550, #2233 ) ;
#1323 = DIRECTION ( 'NONE',  ( -0.000000000000000000, -0.000000000000000000, -1.000000000000000000 ) ) ;
#1324 = EDGE_CURVE ( 'NONE', #308, #1585, #579, .T. ) ;
#1325 = ORIENTED_EDGE ( 'NONE', *, *, #1378, .T. ) ;
#1326 = CARTESIAN_POINT ( 'NONE',  ( 45.29999999999999716, 44.00000000000000000, -0.001000000000000132727 ) ) ;
#1327 = ORIENTED_EDGE ( 'NONE', *, *, #176, .T. ) ;
#1328 = DIRECTION ( 'NONE',  ( -0.000000000000000000, -0.000000000000000000, 1.000000000000000000 ) ) ;
#1329 = DIRECTION ( 'NONE',  ( 1.000000000000000000, 0.000000000000000000, 0.000000000000000000 ) ) ;
#1330 = EDGE_CURVE ( 'NONE', #1463, #2103, #2172, .T. ) ;
#1331 = EDGE_LOOP ( 'NONE', ( #1384, #1232, #2061, #2125 ) ) ;
#1332 = EDGE_CURVE ( 'NONE', #1585, #308, #1601, .T. ) ;
#1333 = DIRECTION ( 'NONE',  ( -0.000000000000000000, -0.000000000000000000, 1.000000000000000000 ) ) ;
#1334 = ORIENTED_EDGE ( 'NONE', *, *, #317, .F. ) ;
#1335 = DIRECTION ( 'NONE',  ( 1.000000000000000000, 0.000000000000000000, 0.000000000000000000 ) ) ;
#1336 = ORIENTED_EDGE ( 'NONE', *, *, #1595, .F. ) ;
#1337 = LINE ( 'NONE', #953, #613 ) ;
#1338 = FACE_BOUND ( 'NONE', #330, .T. ) ;
#1339 = ORIENTED_EDGE ( 'NONE', *, *, #805, .T. ) ;
#1340 = DIRECTION ( 'NONE',  ( 1.000000000000000000, 0.000000000000000000, 0.000000000000000000 ) ) ;
#1341 = ORIENTED_EDGE ( 'NONE', *, *, #2096, .T. ) ;
#1342 = CARTESIAN_POINT ( 'NONE',  ( 47.50000000000000000, 44.00000000000000000, 7.001000000000000334 ) ) ;
#1343 = DIRECTION ( 'NONE',  ( 0.000000000000000000, 0.000000000000000000, 1.000000000000000000 ) ) ;
#1344 = ORIENTED_EDGE ( 'NONE', *, *, #1363, .T. ) ;
#1345 = CARTESIAN_POINT ( 'NONE',  ( 0.000000000000000000, 65.00000000000000000, -39.39999999999999858 ) ) ;
#1346 = CARTESIAN_POINT ( 'NONE',  ( 40.89999999999999858, 44.00000000000000000, 5.250000000000000000 ) ) ;
#1347 = CONICAL_SURFACE ( 'NONE', #2201, 6.600000000000022737, 0.7853981633974543852 ) ;
#1348 = ADVANCED_FACE ( 'NONE', ( #1923 ), #1848, .F. ) ;
#1349 = VECTOR ( 'NONE', #206, 1000.000000000000000 ) ;
#1350 = ORIENTED_EDGE ( 'NONE', *, *, #852, .T. ) ;
#1351 = CIRCLE ( 'NONE', #1462, 6.600000000000001421 ) ;
#1352 = EDGE_CURVE ( 'NONE', #2103, #2241, #730, .T. ) ;
#1353 = AXIS2_PLACEMENT_3D ( 'NONE', #461, #1697, #2200 ) ;
#1354 = CARTESIAN_POINT ( 'NONE',  ( 99.59999999999999432, 43.99999999999999289, 0.5000000000000768274 ) ) ;
#1355 = CIRCLE ( 'NONE', #621, 2.600000000000004974 ) ;
#1356 = ORIENTED_EDGE ( 'NONE', *, *, #912, .F. ) ;
#1357 = FACE_OUTER_BOUND ( 'NONE', #2046, .T. ) ;
#1358 = EDGE_LOOP ( 'NONE', ( #877, #119 ) ) ;
#1359 = CARTESIAN_POINT ( 'NONE',  ( 131.8999999999999773, 43.99999999999999289, 0.5000000000000628386 ) ) ;
#1360 = DIRECTION ( 'NONE',  ( 1.000000000000000000, 0.000000000000000000, 0.000000000000000000 ) ) ;
#1361 = DIRECTION ( 'NONE',  ( -0.000000000000000000, -0.000000000000000000, 1.000000000000000000 ) ) ;
#1362 = ORIENTED_EDGE ( 'NONE', *, *, #545, .F. ) ;
#1363 = EDGE_CURVE ( 'NONE', #803, #1647, #2032, .T. ) ;
#1364 = CARTESIAN_POINT ( 'NONE',  ( 89.99997735166940060, 3.999999999999997335, 0.000000000000000000 ) ) ;
#1365 = VERTEX_POINT ( 'NONE', #1084 ) ;
#1366 = FACE_BOUND ( 'NONE', #1754, .T. ) ;
#1367 = ORIENTED_EDGE ( 'NONE', *, *, #591, .F. ) ;
#1368 = FACE_OUTER_BOUND ( 'NONE', #1663, .T. ) ;
#1369 = ADVANCED_FACE ( 'NONE', ( #44 ), #739, .F. ) ;
#1370 = FACE_OUTER_BOUND ( 'NONE', #1874, .T. ) ;
#1371 = FACE_OUTER_BOUND ( 'NONE', #1844, .T. ) ;
#1372 = CONICAL_SURFACE ( 'NONE', #368, 7.099999999999939249, 0.7853981633974534970 ) ;
#1373 = CYLINDRICAL_SURFACE ( 'NONE', #403, 2.200000000000000622 ) ;
#1374 = ORIENTED_EDGE ( 'NONE', *, *, #1919, .F. ) ;
#1375 = FACE_OUTER_BOUND ( 'NONE', #2039, .T. ) ;
#1376 = ORIENTED_EDGE ( 'NONE', *, *, #1944, .F. ) ;
#1377 = FACE_OUTER_BOUND ( 'NONE', #1753, .T. ) ;
#1378 = EDGE_CURVE ( 'NONE', #2169, #1621, #1420, .T. ) ;
#1379 = VERTEX_POINT ( 'NONE', #709 ) ;
#1380 = CARTESIAN_POINT ( 'NONE',  ( 49.70000000000000284, 44.00000000000000000, 7.001000000000000334 ) ) ;
#1381 = CARTESIAN_POINT ( 'NONE',  ( 54.10000000000000142, 44.00000000000000000, -32.89999999999997016 ) ) ;
#1382 = CARTESIAN_POINT ( 'NONE',  ( 86.40000000000000568, 43.99999999999999289, 5.250000000000000000 ) ) ;
#1383 = CARTESIAN_POINT ( 'NONE',  ( 10.00000000000000000, 44.00000000000000000, -39.39999999999999858 ) ) ;
#1384 = ORIENTED_EDGE ( 'NONE', *, *, #1110, .F. ) ;
#1385 = VECTOR ( 'NONE', #1112, 1000.000000000000000 ) ;
#1386 = CARTESIAN_POINT ( 'NONE',  ( 93.00000000000000000, 43.99999999999999289, -0.001000000000000132727 ) ) ;
#1387 = CIRCLE ( 'NONE', #236, 6.600000000000000533 ) ;
#1388 = AXIS2_PLACEMENT_3D ( 'NONE', #170, #1398, #189 ) ;
#1389 = CARTESIAN_POINT ( 'NONE',  ( 12.20000000000000107, 44.00000000000000000, 7.000000000000000000 ) ) ;
#1390 = VECTOR ( 'NONE', #401, 1000.000000000000000 ) ;
#1391 = ORIENTED_EDGE ( 'NONE', *, *, #1517, .T. ) ;
#1392 = DIRECTION ( 'NONE',  ( -0.000000000000000000, -0.000000000000000000, -1.000000000000000000 ) ) ;
#1393 = FACE_OUTER_BOUND ( 'NONE', #629, .T. ) ;
#1394 = CARTESIAN_POINT ( 'NONE',  ( 3.399999999999999467, 44.00000000000000000, -32.89999999999993463 ) ) ;
#1395 = DIRECTION ( 'NONE',  ( -0.000000000000000000, -0.000000000000000000, -1.000000000000000000 ) ) ;
#1396 = ORIENTED_EDGE ( 'NONE', *, *, #231, .T. ) ;
#1397 = PRODUCT ( 'gear mounts', 'gear mounts', '', ( #243 ) ) ;
#1398 = DIRECTION ( 'NONE',  ( -0.000000000000000000, -0.000000000000000000, 1.000000000000000000 ) ) ;
#1399 = EDGE_CURVE ( 'NONE', #1524, #1121, #1091, .T. ) ;
#1400 = CARTESIAN_POINT ( 'NONE',  ( 138.5000000000000000, 43.99999999999999289, 0.000000000000000000 ) ) ;
#1401 = ORIENTED_EDGE ( 'NONE', *, *, #1180, .F. ) ;
#1402 = CYLINDRICAL_SURFACE ( 'NONE', #1047, 1.500000000000001332 ) ;
#1403 = CARTESIAN_POINT ( 'NONE',  ( 58.50002264833061361, 4.052132500626951739, -39.39999999999999858 ) ) ;
#1404 = DIRECTION ( 'NONE',  ( -0.000000000000000000, -0.000000000000000000, 1.000000000000000000 ) ) ;
#1405 = DIRECTION ( 'NONE',  ( 1.000000000000000000, 0.000000000000000000, 0.000000000000000000 ) ) ;
#1406 = VERTEX_POINT ( 'NONE', #2085 ) ;
#1407 = DIRECTION ( 'NONE',  ( -0.000000000000000000, -1.000000000000000000, 0.000000000000000000 ) ) ;
#1408 = CIRCLE ( 'NONE', #1034, 6.599999999999994316 ) ;
#1409 = LINE ( 'NONE', #1778, #867 ) ;
#1410 = ORIENTED_EDGE ( 'NONE', *, *, #1281, .T. ) ;
#1411 = DIRECTION ( 'NONE',  ( -1.000000000000000000, 0.000000000000000000, 0.000000000000000000 ) ) ;
#1412 = CARTESIAN_POINT ( 'NONE',  ( 91.49997735166940060, 3.999999999999997335, -39.39999999999999858 ) ) ;
#1413 = DIRECTION ( 'NONE',  ( -0.000000000000000000, -0.000000000000000000, -1.000000000000000000 ) ) ;
#1414 = ORIENTED_EDGE ( 'NONE', *, *, #2017, .T. ) ;
#1415 = CONICAL_SURFACE ( 'NONE', #156, 7.099999999999995204, 0.7853981633974682630 ) ;
#1416 = ADVANCED_FACE ( 'NONE', ( #2095 ), #902, .F. ) ;
#1417 = VECTOR ( 'NONE', #810, 1000.000000000000000 ) ;
#1418 = ORIENTED_EDGE ( 'NONE', *, *, #1838, .F. ) ;
#1419 = DIRECTION ( 'NONE',  ( 1.000000000000000000, 0.000000000000000000, 0.000000000000000000 ) ) ;
#1420 = CIRCLE ( 'NONE', #1166, 2.200000000000000622 ) ;
#1421 = CARTESIAN_POINT ( 'NONE',  ( 89.99997735166940060, 3.999999999999997335, 7.000000000000000000 ) ) ;
#1422 = PRODUCT_RELATED_PRODUCT_CATEGORY ( 'part', '', ( #1397 ) ) ;
#1423 = AXIS2_PLACEMENT_3D ( 'NONE', #717, #1741, #1419 ) ;
#1424 = VERTEX_POINT ( 'NONE', #1787 ) ;
#1425 = CARTESIAN_POINT ( 'NONE',  ( 60.00002264833061361, 4.052132500626951739, 0.000000000000000000 ) ) ;
#1426 = LINE ( 'NONE', #184, #1629 ) ;
#1427 = DIRECTION ( 'NONE',  ( -0.000000000000000000, -0.000000000000000000, -1.000000000000000000 ) ) ;
#1428 = EDGE_LOOP ( 'NONE', ( #186, #1504, #1797, #1675 ) ) ;
#1429 = EDGE_CURVE ( 'NONE', #2116, #1379, #500, .T. ) ;
#1430 = ORIENTED_EDGE ( 'NONE', *, *, #366, .F. ) ;
#1431 = CARTESIAN_POINT ( 'NONE',  ( 140.7000000000000171, 43.99999999999999289, -0.001000000000000132727 ) ) ;
#1432 = EDGE_CURVE ( 'NONE', #1237, #209, #519, .T. ) ;
#1433 = CARTESIAN_POINT ( 'NONE',  ( 10.00000000000000000, 44.00000000000000000, 7.001000000000000334 ) ) ;
#1434 = ORIENTED_EDGE ( 'NONE', *, *, #291, .F. ) ;
#1435 = DIRECTION ( 'NONE',  ( 0.000000000000000000, 0.000000000000000000, 1.000000000000000000 ) ) ;
#1436 = CARTESIAN_POINT ( 'NONE',  ( 0.000000000000000000, 65.00000000000000000, -32.39999999999999858 ) ) ;
#1437 = DIRECTION ( 'NONE',  ( -1.000000000000000000, 0.000000000000000000, 0.000000000000000000 ) ) ;
#1438 = EDGE_CURVE ( 'NONE', #1290, #806, #1387, .T. ) ;
#1439 = FACE_OUTER_BOUND ( 'NONE', #112, .T. ) ;
#1440 = VERTEX_POINT ( 'NONE', #181 ) ;
#1441 = CARTESIAN_POINT ( 'NONE',  ( 0.000000000000000000, 0.000000000000000000, -39.39999999999999858 ) ) ;
#1442 = LINE ( 'NONE', #1942, #125 ) ;
#1443 = EDGE_CURVE ( 'NONE', #1785, #1529, #1351, .T. ) ;
#1444 = AXIS2_PLACEMENT_3D ( 'NONE', #226, #2099, #937 ) ;
#1445 = ORIENTED_EDGE ( 'NONE', *, *, #1218, .T. ) ;
#1446 = DIRECTION ( 'NONE',  ( -0.000000000000000000, -0.000000000000000000, 1.000000000000000000 ) ) ;
#1447 = DIRECTION ( 'NONE',  ( -1.000000000000000000, 0.000000000000000000, 0.000000000000000000 ) ) ;
#1448 = LINE ( 'NONE', #1269, #315 ) ;
#1449 = EDGE_CURVE ( 'NONE', #1585, #806, #1255, .T. ) ;
#1450 = AXIS2_PLACEMENT_3D ( 'NONE', #1103, #1962, #1790 ) ;
#1451 = ORIENTED_EDGE ( 'NONE', *, *, #1118, .T. ) ;
#1452 = ORIENTED_EDGE ( 'NONE', *, *, #303, .F. ) ;
#1453 = DIRECTION ( 'NONE',  ( 1.000000000000000000, 0.000000000000000000, 0.000000000000000000 ) ) ;
#1454 = CARTESIAN_POINT ( 'NONE',  ( 140.7000000000000171, 43.99999999999999289, -37.64999999999999858 ) ) ;
#1455 = AXIS2_PLACEMENT_3D ( 'NONE', #64, #1161, #286 ) ;
#1456 = CIRCLE ( 'NONE', #1009, 2.199999999999993516 ) ;
#1457 = ORIENTED_EDGE ( 'NONE', *, *, #1631, .F. ) ;
#1458 = EDGE_CURVE ( 'NONE', #289, #488, #1466, .T. ) ;
#1459 = CARTESIAN_POINT ( 'NONE',  ( 138.5000000000000000, 43.99999999999999289, 7.001000000000000334 ) ) ;
#1460 = DIRECTION ( 'NONE',  ( 0.000000000000000000, 0.000000000000000000, -1.000000000000000000 ) ) ;
#1461 = CARTESIAN_POINT ( 'NONE',  ( 145.1000000000000227, 43.99999999999999289, -37.64999999999999858 ) ) ;
#1462 = AXIS2_PLACEMENT_3D ( 'NONE', #25, #549, #1756 ) ;
#1463 = VERTEX_POINT ( 'NONE', #1796 ) ;
#1464 = ORIENTED_EDGE ( 'NONE', *, *, #1842, .T. ) ;
#1465 = EDGE_CURVE ( 'NONE', #1596, #159, #448, .T. ) ;
#1466 = LINE ( 'NONE', #1297, #541 ) ;
#1467 = VERTEX_POINT ( 'NONE', #1309 ) ;
#1468 = CARTESIAN_POINT ( 'NONE',  ( 54.59999999999998010, 44.00000000000000000, -32.39999999999999858 ) ) ;
#1469 = CARTESIAN_POINT ( 'NONE',  ( 7.799999999999999822, 44.00000000000000000, -37.64999999999999858 ) ) ;
#1470 = ORIENTED_EDGE ( 'NONE', *, *, #438, .T. ) ;
#1471 = CARTESIAN_POINT ( 'NONE',  ( 45.29999999999999716, 44.00000000000000000, -37.64999999999999858 ) ) ;
#1472 = ORIENTED_EDGE ( 'NONE', *, *, #554, .T. ) ;
#1473 = EDGE_LOOP ( 'NONE', ( #295, #1965 ) ) ;
#1474 = FACE_OUTER_BOUND ( 'NONE', #568, .T. ) ;
#1475 = EDGE_CURVE ( 'NONE', #678, #995, #1742, .T. ) ;
#1476 = DIRECTION ( 'NONE',  ( -1.000000000000000000, 0.000000000000000000, -0.000000000000000000 ) ) ;
#1477 = EDGE_LOOP ( 'NONE', ( #2203, #263 ) ) ;
#1478 = CARTESIAN_POINT ( 'NONE',  ( 0.000000000000000000, 65.00000000000000000, 7.000000000000000000 ) ) ;
#1479 = APPLICATION_PROTOCOL_DEFINITION ( 'draft international standard', 'automotive_design', 1998, #606 ) ;
#1480 = ORIENTED_EDGE ( 'NONE', *, *, #559, .F. ) ;
#1481 = FACE_BOUND ( 'NONE', #1286, .T. ) ;
#1482 = AXIS2_PLACEMENT_3D ( 'NONE', #703, #2054, #523 ) ;
#1483 = DIRECTION ( 'NONE',  ( -1.000000000000000000, 0.000000000000000000, 0.000000000000000000 ) ) ;
#1484 = ORIENTED_EDGE ( 'NONE', *, *, #2158, .F. ) ;
#1485 = ADVANCED_FACE ( 'NONE', ( #947 ), #909, .F. ) ;
#1486 = FILL_AREA_STYLE_COLOUR ( '', #1497 ) ;
#1487 = DIRECTION ( 'NONE',  ( -1.000000000000000000, -0.000000000000000000, 0.000000000000000000 ) ) ;
#1488 = AXIS2_PLACEMENT_3D ( 'NONE', #2112, #1759, #5 ) ;
#1489 = ORIENTED_EDGE ( 'NONE', *, *, #635, .T. ) ;
#1490 = CARTESIAN_POINT ( 'NONE',  ( 47.50000000000000000, 44.00000000000000000, -37.64999999999999858 ) ) ;
#1491 = AXIS2_PLACEMENT_3D ( 'NONE', #1490, #94, #1845 ) ;
#1492 = ORIENTED_EDGE ( 'NONE', *, *, #957, .F. ) ;
#1493 = CARTESIAN_POINT ( 'NONE',  ( 45.29999999999999716, 44.00000000000000000, -39.39999999999999858 ) ) ;
#1494 = EDGE_CURVE ( 'NONE', #521, #1940, #1050, .T. ) ;
#1495 = AXIS2_PLACEMENT_3D ( 'NONE', #1509, #2237, #1340 ) ;
#1496 = DIRECTION ( 'NONE',  ( -0.000000000000000000, -0.000000000000000000, 1.000000000000000000 ) ) ;
#1497 = COLOUR_RGB ( '',0.7921568627450980005, 0.8196078431372548767, 0.9333333333333333481 ) ;
#1498 = ORIENTED_EDGE ( 'NONE', *, *, #1579, .T. ) ;
#1499 = AXIS2_PLACEMENT_3D ( 'NONE', #1751, #2080, #884 ) ;
#1500 = DIRECTION ( 'NONE',  ( -1.000000000000000000, 0.000000000000000000, -0.000000000000000000 ) ) ;
#1501 = EDGE_CURVE ( 'NONE', #1191, #2188, #594, .T. ) ;
#1502 = ORIENTED_EDGE ( 'NONE', *, *, #1475, .F. ) ;
#1503 = CARTESIAN_POINT ( 'NONE',  ( 10.00000000000000000, 44.00000000000000000, 5.250000000000000000 ) ) ;
#1504 = ORIENTED_EDGE ( 'NONE', *, *, #2158, .T. ) ;
#1505 = DIRECTION ( 'NONE',  ( -0.000000000000000000, -0.000000000000000000, 1.000000000000000000 ) ) ;
#1506 = CARTESIAN_POINT ( 'NONE',  ( 93.00000000000000000, 43.99999999999999289, -37.64999999999999858 ) ) ;
#1507 = EDGE_CURVE ( 'NONE', #1912, #1025, #1956, .T. ) ;
#1508 = EDGE_LOOP ( 'NONE', ( #2014, #362 ) ) ;
#1509 = CARTESIAN_POINT ( 'NONE',  ( 60.00002264833061361, 4.052132500626951739, 0.000000000000000000 ) ) ;
#1510 = EDGE_LOOP ( 'NONE', ( #1715, #106 ) ) ;
#1511 = DIRECTION ( 'NONE',  ( -1.000000000000000000, 0.000000000000000000, 0.000000000000000000 ) ) ;
#1512 = SHAPE_DEFINITION_REPRESENTATION ( #1174, #1099 ) ;
#1513 = EDGE_CURVE ( 'NONE', #1545, #976, #1146, .T. ) ;
#1514 = VERTEX_POINT ( 'NONE', #1454 ) ;
#1515 = DIRECTION ( 'NONE',  ( 0.000000000000000000, 1.000000000000000000, 0.000000000000000000 ) ) ;
#1516 = DIRECTION ( 'NONE',  ( -0.000000000000000000, -0.000000000000000000, 1.000000000000000000 ) ) ;
#1517 = EDGE_CURVE ( 'NONE', #1514, #737, #1810, .T. ) ;
#1518 = ORIENTED_EDGE ( 'NONE', *, *, #388, .F. ) ;
#1519 = CYLINDRICAL_SURFACE ( 'NONE', #1495, 2.600000000000004974 ) ;
#1520 = ORIENTED_EDGE ( 'NONE', *, *, #1130, .F. ) ;
#1521 = DIRECTION ( 'NONE',  ( -0.000000000000000000, -0.000000000000000000, -1.000000000000000000 ) ) ;
#1522 = AXIS2_PLACEMENT_3D ( 'NONE', #296, #331, #1039 ) ;
#1523 = ADVANCED_FACE ( 'NONE', ( #1822, #1976, #620, #775, #1289 ), #2141, .T. ) ;
#1524 = VERTEX_POINT ( 'NONE', #1119 ) ;
#1525 = CYLINDRICAL_SURFACE ( 'NONE', #649, 2.199999999999993516 ) ;
#1526 = DIRECTION ( 'NONE',  ( 1.000000000000000000, 0.000000000000000000, 0.000000000000000000 ) ) ;
#1527 = LINE ( 'NONE', #2210, #430 ) ;
#1528 = AXIS2_PLACEMENT_3D ( 'NONE', #1342, #1148, #2192 ) ;
#1529 = VERTEX_POINT ( 'NONE', #2003 ) ;
#1530 = VECTOR ( 'NONE', #190, 1000.000000000000000 ) ;
#1531 = AXIS2_PLACEMENT_3D ( 'NONE', #1795, #67, #1453 ) ;
#1532 = CARTESIAN_POINT ( 'NONE',  ( 136.3000000000000114, 43.99999999999999289, -39.39999999999999858 ) ) ;
#1533 = CIRCLE ( 'NONE', #875, 6.600000000000001421 ) ;
#1534 = EDGE_CURVE ( 'NONE', #404, #697, #1831, .T. ) ;
#1535 = VERTEX_POINT ( 'NONE', #1807 ) ;
#1536 = DIRECTION ( 'NONE',  ( 1.000000000000000000, 0.000000000000000000, 0.000000000000000000 ) ) ;
#1537 = ORIENTED_EDGE ( 'NONE', *, *, #1033, .T. ) ;
#1538 = LINE ( 'NONE', #1380, #1562 ) ;
#1539 = CARTESIAN_POINT ( 'NONE',  ( 17.09999999999992326, 44.00000000000000000, -32.39999999999999858 ) ) ;
#1540 = DIRECTION ( 'NONE',  ( 1.000000000000000000, 0.000000000000000000, 0.000000000000000000 ) ) ;
#1541 = CARTESIAN_POINT ( 'NONE',  ( 100.0999999999999375, 43.99999999999999289, -32.39999999999999858 ) ) ;
#1542 = ORIENTED_EDGE ( 'NONE', *, *, #1724, .T. ) ;
#1543 = DIRECTION ( 'NONE',  ( 1.000000000000000000, 0.000000000000000000, 0.000000000000000000 ) ) ;
#1544 = ADVANCED_FACE ( 'NONE', ( #258, #90 ), #439, .T. ) ;
#1545 = VERTEX_POINT ( 'NONE', #2182 ) ;
#1546 = DIRECTION ( 'NONE',  ( -0.000000000000000000, -0.000000000000000000, 1.000000000000000000 ) ) ;
#1547 = ORIENTED_EDGE ( 'NONE', *, *, #1534, .F. ) ;
#1548 = DIRECTION ( 'NONE',  ( -0.000000000000000000, -0.000000000000000000, -1.000000000000000000 ) ) ;
#1549 = LINE ( 'NONE', #712, #377 ) ;
#1550 = DIRECTION ( 'NONE',  ( 0.000000000000000000, 0.000000000000000000, 1.000000000000000000 ) ) ;
#1551 = DIRECTION ( 'NONE',  ( 0.000000000000000000, 0.000000000000000000, 1.000000000000000000 ) ) ;
#1552 = ORIENTED_EDGE ( 'NONE', *, *, #852, .F. ) ;
#1553 = AXIS2_PLACEMENT_3D ( 'NONE', #174, #1041, #313 ) ;
#1554 = FACE_OUTER_BOUND ( 'NONE', #2213, .T. ) ;
#1555 = DIRECTION ( 'NONE',  ( 0.000000000000000000, 0.000000000000000000, -1.000000000000000000 ) ) ;
#1556 = EDGE_LOOP ( 'NONE', ( #1334, #870, #842, #470 ) ) ;
#1557 = CARTESIAN_POINT ( 'NONE',  ( 47.50000000000000000, 44.00000000000000000, 7.000000000000000000 ) ) ;
#1558 = FACE_OUTER_BOUND ( 'NONE', #2086, .T. ) ;
#1559 = DIRECTION ( 'NONE',  ( 1.000000000000000000, 0.000000000000000000, 0.000000000000000000 ) ) ;
#1560 = EDGE_CURVE ( 'NONE', #205, #2188, #402, .T. ) ;
#1561 = CARTESIAN_POINT ( 'NONE',  ( 91.49997735166940060, 3.999999999999997335, -39.39999999999999858 ) ) ;
#1562 = VECTOR ( 'NONE', #1701, 1000.000000000000000 ) ;
#1563 = ORIENTED_EDGE ( 'NONE', *, *, #2225, .F. ) ;
#1564 = AXIS2_PLACEMENT_3D ( 'NONE', #1159, #1979, #1139 ) ;
#1565 = CARTESIAN_POINT ( 'NONE',  ( 60.00002264833061361, 4.052132500626951739, -39.39999999999999858 ) ) ;
#1566 = AXIS2_PLACEMENT_3D ( 'NONE', #1614, #570, #1273 ) ;
#1567 = CIRCLE ( 'NONE', #168, 2.200000000000007283 ) ;
#1568 = FACE_OUTER_BOUND ( 'NONE', #1788, .T. ) ;
#1569 = VECTOR ( 'NONE', #2055, 1000.000000000000000 ) ;
#1570 = EDGE_LOOP ( 'NONE', ( #1939, #182, #855, #1068 ) ) ;
#1571 = LINE ( 'NONE', #679, #903 ) ;
#1572 = CARTESIAN_POINT ( 'NONE',  ( 3.399999999999999467, 44.00000000000000000, 5.250000000000000000 ) ) ;
#1573 = DIRECTION ( 'NONE',  ( -1.000000000000000000, 0.000000000000000000, 0.000000000000000000 ) ) ;
#1574 = DIRECTION ( 'NONE',  ( -0.000000000000000000, -0.000000000000000000, 1.000000000000000000 ) ) ;
#1575 = ORIENTED_EDGE ( 'NONE', *, *, #2195, .T. ) ;
#1576 = DIRECTION ( 'NONE',  ( -0.000000000000000000, -0.000000000000000000, 1.000000000000000000 ) ) ;
#1577 = DIRECTION ( 'NONE',  ( -0.000000000000000000, -0.000000000000000000, -1.000000000000000000 ) ) ;
#1578 = ORIENTED_EDGE ( 'NONE', *, *, #1938, .F. ) ;
#1579 = EDGE_CURVE ( 'NONE', #758, #678, #1841, .T. ) ;
#1580 = CYLINDRICAL_SURFACE ( 'NONE', #269, 2.200000000000007283 ) ;
#1581 = CARTESIAN_POINT ( 'NONE',  ( 0.000000000000000000, 65.00000000000000000, 7.000000000000000000 ) ) ;
#1582 = DIRECTION ( 'NONE',  ( -0.000000000000000000, -0.000000000000000000, -1.000000000000000000 ) ) ;
#1583 = CYLINDRICAL_SURFACE ( 'NONE', #974, 2.200000000000000622 ) ;
#1584 = ADVANCED_FACE ( 'NONE', ( #1634 ), #828, .F. ) ;
#1585 = VERTEX_POINT ( 'NONE', #815 ) ;
#1586 = AXIS2_PLACEMENT_3D ( 'NONE', #612, #1998, #1849 ) ;
#1587 = ORIENTED_EDGE ( 'NONE', *, *, #1302, .F. ) ;
#1588 = CYLINDRICAL_SURFACE ( 'NONE', #1674, 1.500000000000001332 ) ;
#1589 = DIRECTION ( 'NONE',  ( 0.000000000000000000, 1.000000000000000000, 0.000000000000000000 ) ) ;
#1590 = VERTEX_POINT ( 'NONE', #2060 ) ;
#1591 = CARTESIAN_POINT ( 'NONE',  ( 138.5000000000000000, 43.99999999999999289, 5.250000000000000000 ) ) ;
#1592 = CIRCLE ( 'NONE', #2239, 6.599999999999994316 ) ;
#1593 = CYLINDRICAL_SURFACE ( 'NONE', #458, 2.200000000000000622 ) ;
#1594 = DIRECTION ( 'NONE',  ( 0.000000000000000000, 0.000000000000000000, -1.000000000000000000 ) ) ;
#1595 = EDGE_CURVE ( 'NONE', #289, #983, #804, .T. ) ;
#1596 = VERTEX_POINT ( 'NONE', #650 ) ;
#1597 = CIRCLE ( 'NONE', #863, 1.500000000000001332 ) ;
#1598 = VERTEX_POINT ( 'NONE', #1354 ) ;
#1599 = CARTESIAN_POINT ( 'NONE',  ( 93.00000000000000000, 43.99999999999999289, 5.250000000000000000 ) ) ;
#1600 = AXIS2_PLACEMENT_3D ( 'NONE', #1669, #950, #1511 ) ;
#1601 = CIRCLE ( 'NONE', #165, 6.600000000000000533 ) ;
#1602 = DIRECTION ( 'NONE',  ( 0.000000000000000000, 0.000000000000000000, -1.000000000000000000 ) ) ;
#1603 = ADVANCED_FACE ( 'NONE', ( #675, #639, #996, #2024, #1854, #841, #472 ), #1712, .F. ) ;
#1604 = MECHANICAL_DESIGN_GEOMETRIC_PRESENTATION_REPRESENTATION (  '', ( #761 ), #656 ) ;
#1605 = ORIENTED_EDGE ( 'NONE', *, *, #444, .F. ) ;
#1606 = CARTESIAN_POINT ( 'NONE',  ( 3.399999999999999467, 44.00000000000000000, 0.5000000000000707212 ) ) ;
#1607 = AXIS2_PLACEMENT_3D ( 'NONE', #479, #131, #1028 ) ;
#1608 = DIRECTION ( 'NONE',  ( 0.7071067811865616726, 0.000000000000000000, 0.7071067811865334729 ) ) ;
#1609 = DIRECTION ( 'NONE',  ( -1.000000000000000000, 0.000000000000000000, 0.000000000000000000 ) ) ;
#1610 = EDGE_LOOP ( 'NONE', ( #1982, #1489, #497, #326 ) ) ;
#1611 = EDGE_LOOP ( 'NONE', ( #1376, #224, #1637, #914 ) ) ;
#1612 = ORIENTED_EDGE ( 'NONE', *, *, #1757, .T. ) ;
#1613 = DIRECTION ( 'NONE',  ( 1.000000000000000000, 0.000000000000000000, 0.000000000000000000 ) ) ;
#1614 = CARTESIAN_POINT ( 'NONE',  ( 0.000000000000000000, 0.000000000000000000, 7.000000000000000000 ) ) ;
#1615 = ADVANCED_FACE ( 'NONE', ( #1375 ), #1519, .F. ) ;
#1616 = VERTEX_POINT ( 'NONE', #988 ) ;
#1617 = CARTESIAN_POINT ( 'NONE',  ( 47.50000000000000000, 44.00000000000000000, -32.39999999999999858 ) ) ;
#1618 = DIRECTION ( 'NONE',  ( -0.000000000000000000, -0.000000000000000000, 1.000000000000000000 ) ) ;
#1619 = CARTESIAN_POINT ( 'NONE',  ( 138.5000000000000000, 43.99999999999999289, 5.250000000000000000 ) ) ;
#1620 = ORIENTED_EDGE ( 'NONE', *, *, #665, .F. ) ;
#1621 = VERTEX_POINT ( 'NONE', #1023 ) ;
#1622 = CIRCLE ( 'NONE', #638, 2.200000000000000622 ) ;
#1623 = EDGE_CURVE ( 'NONE', #1440, #550, #1318, .T. ) ;
#1624 = CARTESIAN_POINT ( 'NONE',  ( 145.1000000000000227, 43.99999999999999289, -37.64999999999999858 ) ) ;
#1625 = ORIENTED_EDGE ( 'NONE', *, *, #631, .T. ) ;
#1626 = CYLINDRICAL_SURFACE ( 'NONE', #1164, 6.600000000000022737 ) ;
#1627 = CARTESIAN_POINT ( 'NONE',  ( 95.19999999999998863, 43.99999999999999289, -37.64999999999999858 ) ) ;
#1628 = DIRECTION ( 'NONE',  ( 0.000000000000000000, 0.000000000000000000, 1.000000000000000000 ) ) ;
#1629 = VECTOR ( 'NONE', #1608, 1000.000000000000000 ) ;
#1630 = DIRECTION ( 'NONE',  ( -0.000000000000000000, -0.000000000000000000, 1.000000000000000000 ) ) ;
#1631 = EDGE_CURVE ( 'NONE', #1698, #404, #582, .T. ) ;
#1632 = ORIENTED_EDGE ( 'NONE', *, *, #957, .T. ) ;
#1633 = FACE_OUTER_BOUND ( 'NONE', #1644, .T. ) ;
#1634 = FACE_OUTER_BOUND ( 'NONE', #10, .T. ) ;
#1635 = CIRCLE ( 'NONE', #267, 7.099999999999939249 ) ;
#1636 = AXIS2_PLACEMENT_3D ( 'NONE', #59, #2015, #1825 ) ;
#1637 = ORIENTED_EDGE ( 'NONE', *, *, #355, .T. ) ;
#1638 = DIRECTION ( 'NONE',  ( 0.000000000000000000, -1.000000000000000000, 0.000000000000000000 ) ) ;
#1639 = CARTESIAN_POINT ( 'NONE',  ( 47.50000000000000000, 44.00000000000000000, 5.250000000000000000 ) ) ;
#1640 = CARTESIAN_POINT ( 'NONE',  ( 89.99997735166940060, 3.999999999999997335, 0.000000000000000000 ) ) ;
#1641 = AXIS2_PLACEMENT_3D ( 'NONE', #1070, #1602, #1766 ) ;
#1642 = AXIS2_PLACEMENT_3D ( 'NONE', #375, #2117, #1239 ) ;
#1643 = ORIENTED_EDGE ( 'NONE', *, *, #376, .F. ) ;
#1644 = EDGE_LOOP ( 'NONE', ( #229, #285, #1869, #147 ) ) ;
#1645 = EDGE_CURVE ( 'NONE', #886, #283, #2073, .T. ) ;
#1646 = CIRCLE ( 'NONE', #1819, 2.200000000000000622 ) ;
#1647 = VERTEX_POINT ( 'NONE', #281 ) ;
#1648 =( NAMED_UNIT ( * ) PLANE_ANGLE_UNIT ( ) SI_UNIT ( $, .RADIAN. ) );
#1649 = CARTESIAN_POINT ( 'NONE',  ( 138.5000000000000000, 43.99999999999999289, -37.64999999999999858 ) ) ;
#1650 = ORIENTED_EDGE ( 'NONE', *, *, #1095, .T. ) ;
#1651 = DIRECTION ( 'NONE',  ( -1.000000000000000000, 0.000000000000000000, 0.000000000000000000 ) ) ;
#1652 = DIRECTION ( 'NONE',  ( 1.000000000000000000, 0.000000000000000000, 0.000000000000000000 ) ) ;
#1653 = EDGE_CURVE ( 'NONE', #806, #571, #304, .T. ) ;
#1654 = ORIENTED_EDGE ( 'NONE', *, *, #844, .T. ) ;
#1655 = DIRECTION ( 'NONE',  ( -0.000000000000000000, -0.000000000000000000, -1.000000000000000000 ) ) ;
#1656 = LINE ( 'NONE', #2009, #367 ) ;
#1657 = ORIENTED_EDGE ( 'NONE', *, *, #1747, .F. ) ;
#1658 = FACE_OUTER_BOUND ( 'NONE', #918, .T. ) ;
#1659 = DIRECTION ( 'NONE',  ( 1.000000000000000000, 0.000000000000000000, 0.000000000000000000 ) ) ;
#1660 = EDGE_CURVE ( 'NONE', #1598, #1940, #319, .T. ) ;
#1661 = ORIENTED_EDGE ( 'NONE', *, *, #1311, .T. ) ;
#1662 = CYLINDRICAL_SURFACE ( 'NONE', #1528, 2.200000000000000622 ) ;
#1663 = EDGE_LOOP ( 'NONE', ( #1051, #57 ) ) ;
#1664 = CARTESIAN_POINT ( 'NONE',  ( 150.0000000000000000, 0.000000000000000000, -39.39999999999999858 ) ) ;
#1665 = LINE ( 'NONE', #1346, #79 ) ;
#1666 = EDGE_LOOP ( 'NONE', ( #1680, #959 ) ) ;
#1667 = CARTESIAN_POINT ( 'NONE',  ( 47.50000000000000000, 44.00000000000000000, 0.5000000000000707212 ) ) ;
#1668 = ORIENTED_EDGE ( 'NONE', *, *, #487, .F. ) ;
#1669 = CARTESIAN_POINT ( 'NONE',  ( 93.00000000000000000, 43.99999999999999289, 5.250000000000000000 ) ) ;
#1670 = ORIENTED_EDGE ( 'NONE', *, *, #176, .F. ) ;
#1671 = DIRECTION ( 'NONE',  ( 0.000000000000000000, 0.000000000000000000, 1.000000000000000000 ) ) ;
#1672 = VECTOR ( 'NONE', #1678, 1000.000000000000000 ) ;
#1673 = CARTESIAN_POINT ( 'NONE',  ( 93.00000000000000000, 43.99999999999999289, 5.250000000000000000 ) ) ;
#1674 = AXIS2_PLACEMENT_3D ( 'NONE', #1565, #1576, #1941 ) ;
#1675 = ORIENTED_EDGE ( 'NONE', *, *, #1288, .F. ) ;
#1676 = AXIS2_PLACEMENT_3D ( 'NONE', #1260, #938, #2146 ) ;
#1677 = EDGE_CURVE ( 'NONE', #1621, #127, #1865, .T. ) ;
#1678 = DIRECTION ( 'NONE',  ( -1.000000000000000000, -0.000000000000000000, -0.000000000000000000 ) ) ;
#1679 = ADVANCED_FACE ( 'NONE', ( #1554, #1010 ), #1687, .T. ) ;
#1680 = ORIENTED_EDGE ( 'NONE', *, *, #357, .T. ) ;
#1681 = CARTESIAN_POINT ( 'NONE',  ( 138.5000000000000000, 43.99999999999999289, -37.64999999999999858 ) ) ;
#1682 = APPLICATION_PROTOCOL_DEFINITION ( 'draft international standard', 'automotive_design', 1998, #1999 ) ;
#1683 = ORIENTED_EDGE ( 'NONE', *, *, #1458, .F. ) ;
#1684 = CARTESIAN_POINT ( 'NONE',  ( 140.7000000000000171, 43.99999999999999289, -39.39999999999999858 ) ) ;
#1685 = CARTESIAN_POINT ( 'NONE',  ( 10.00000000000000000, 44.00000000000000000, 0.5000000000000707212 ) ) ;
#1686 = ORIENTED_EDGE ( 'NONE', *, *, #2173, .F. ) ;
#1687 = PLANE ( 'NONE',  #979 ) ;
#1688 = ADVANCED_FACE ( 'NONE', ( #111 ), #144, .F. ) ;
#1689 = ORIENTED_EDGE ( 'NONE', *, *, #603, .T. ) ;
#1690 = DIRECTION ( 'NONE',  ( -0.000000000000000000, -0.000000000000000000, 1.000000000000000000 ) ) ;
#1691 = ORIENTED_EDGE ( 'NONE', *, *, #772, .T. ) ;
#1692 = FACE_BOUND ( 'NONE', #1141, .T. ) ;
#1693 = DIRECTION ( 'NONE',  ( 0.000000000000000000, 0.000000000000000000, 1.000000000000000000 ) ) ;
#1694 = CIRCLE ( 'NONE', #1948, 2.200000000000000622 ) ;
#1695 = VERTEX_POINT ( 'NONE', #1532 ) ;
#1696 = EDGE_CURVE ( 'NONE', #1912, #1424, #2216, .T. ) ;
#1697 = DIRECTION ( 'NONE',  ( -0.000000000000000000, -0.000000000000000000, -1.000000000000000000 ) ) ;
#1698 = VERTEX_POINT ( 'NONE', #664 ) ;
#1699 = DIRECTION ( 'NONE',  ( 1.000000000000000000, 0.000000000000000000, 0.000000000000000000 ) ) ;
#1700 = ORIENTED_EDGE ( 'NONE', *, *, #714, .T. ) ;
#1701 = DIRECTION ( 'NONE',  ( -0.000000000000000000, -0.000000000000000000, -1.000000000000000000 ) ) ;
#1702 = DIRECTION ( 'NONE',  ( -1.000000000000000000, 0.000000000000000000, 0.000000000000000000 ) ) ;
#1703 = DIRECTION ( 'NONE',  ( 1.000000000000000000, 0.000000000000000000, 0.000000000000000000 ) ) ;
#1704 = CONICAL_SURFACE ( 'NONE', #1990, 6.600000000000001421, 0.7853981633974534970 ) ;
#1705 = VECTOR ( 'NONE', #607, 1000.000000000000000 ) ;
#1706 = CARTESIAN_POINT ( 'NONE',  ( 10.00000000000000000, 44.00000000000000000, 5.250000000000000000 ) ) ;
#1707 = EDGE_CURVE ( 'NONE', #1379, #2116, #391, .T. ) ;
#1708 = EDGE_LOOP ( 'NONE', ( #1374, #138, #261, #1804 ) ) ;
#1709 = AXIS2_PLACEMENT_3D ( 'NONE', #2128, #729, #2094 ) ;
#1710 = CIRCLE ( 'NONE', #1152, 6.600000000000001421 ) ;
#1711 = CONICAL_SURFACE ( 'NONE', #1961, 7.099999999999980993, 0.7853981633974543852 ) ;
#1712 = PLANE ( 'NONE',  #1991 ) ;
#1713 = EDGE_LOOP ( 'NONE', ( #997, #1657, #218, #2022 ) ) ;
#1714 = CARTESIAN_POINT ( 'NONE',  ( 58.50002264833061361, 4.052132500626951739, -39.39999999999999858 ) ) ;
#1715 = ORIENTED_EDGE ( 'NONE', *, *, #1429, .F. ) ;
#1716 = DIRECTION ( 'NONE',  ( 0.7071067811865512365, 8.659560562354978464E-17, -0.7071067811865439090 ) ) ;
#1717 = CYLINDRICAL_SURFACE ( 'NONE', #1153, 2.200000000000000622 ) ;
#1718 = PLANE ( 'NONE',  #1499 ) ;
#1719 = EDGE_CURVE ( 'NONE', #1197, #127, #1092, .T. ) ;
#1720 = DIRECTION ( 'NONE',  ( 1.000000000000000000, 0.000000000000000000, 0.000000000000000000 ) ) ;
#1721 = EDGE_LOOP ( 'NONE', ( #411, #2011 ) ) ;
#1722 = DIRECTION ( 'NONE',  ( 0.7071067811865512365, 8.659560562354978464E-17, -0.7071067811865439090 ) ) ;
#1723 = CARTESIAN_POINT ( 'NONE',  ( 10.00000000000000000, 44.00000000000000000, -32.39999999999999858 ) ) ;
#1724 = EDGE_CURVE ( 'NONE', #1154, #32, #1011, .T. ) ;
#1725 = ORIENTED_EDGE ( 'NONE', *, *, #2006, .F. ) ;
#1726 = FACE_BOUND ( 'NONE', #154, .T. ) ;
#1727 = CARTESIAN_POINT ( 'NONE',  ( 7.799999999999999822, 44.00000000000000000, 7.001000000000000334 ) ) ;
#1728 = DIRECTION ( 'NONE',  ( -0.7071067811865512365, 0.000000000000000000, -0.7071067811865439090 ) ) ;
#1729 = CARTESIAN_POINT ( 'NONE',  ( 0.000000000000000000, 0.000000000000000000, -39.39999999999999858 ) ) ;
#1730 = ORIENTED_EDGE ( 'NONE', *, *, #58, .F. ) ;
#1731 = AXIS2_PLACEMENT_3D ( 'NONE', #538, #1248, #766 ) ;
#1732 = LINE ( 'NONE', #1431, #1888 ) ;
#1733 = LINE ( 'NONE', #157, #1280 ) ;
#1734 = ORIENTED_EDGE ( 'NONE', *, *, #814, .F. ) ;
#1735 = DIRECTION ( 'NONE',  ( 1.000000000000000000, 0.000000000000000000, 0.000000000000000000 ) ) ;
#1736 = CARTESIAN_POINT ( 'NONE',  ( 93.00000000000000000, 43.99999999999999289, 5.250000000000000000 ) ) ;
#1737 = FACE_BOUND ( 'NONE', #924, .T. ) ;
#1738 = LINE ( 'NONE', #1729, #1120 ) ;
#1739 = ORIENTED_EDGE ( 'NONE', *, *, #1072, .F. ) ;
#1740 = AXIS2_PLACEMENT_3D ( 'NONE', #1503, #405, #251 ) ;
#1741 = DIRECTION ( 'NONE',  ( -0.000000000000000000, -0.000000000000000000, 1.000000000000000000 ) ) ;
#1742 = CIRCLE ( 'NONE', #757, 2.200000000000000622 ) ;
#1743 = EDGE_CURVE ( 'NONE', #1964, #1183, #2212, .T. ) ;
#1744 = VECTOR ( 'NONE', #821, 1000.000000000000000 ) ;
#1745 = CARTESIAN_POINT ( 'NONE',  ( 10.00000000000000000, 44.00000000000000000, 0.5000000000000707212 ) ) ;
#1746 = AXIS2_PLACEMENT_3D ( 'NONE', #1783, #217, #2100 ) ;
#1747 = EDGE_CURVE ( 'NONE', #816, #976, #503, .T. ) ;
#1748 = VERTEX_POINT ( 'NONE', #2106 ) ;
#1749 = DIRECTION ( 'NONE',  ( 0.000000000000000000, 0.000000000000000000, 1.000000000000000000 ) ) ;
#1750 = DIRECTION ( 'NONE',  ( 0.000000000000000000, 0.000000000000000000, -1.000000000000000000 ) ) ;
#1751 = CARTESIAN_POINT ( 'NONE',  ( 150.0000000000000000, 8.000000000000000000, -16.19999999999999929 ) ) ;
#1752 = FACE_OUTER_BOUND ( 'NONE', #1331, .T. ) ;
#1753 = EDGE_LOOP ( 'NONE', ( #861, #900, #1880, #1587, #342, #1864, #178, #1170 ) ) ;
#1754 = EDGE_LOOP ( 'NONE', ( #1520, #1147 ) ) ;
#1755 = CYLINDRICAL_SURFACE ( 'NONE', #1642, 6.600000000000001421 ) ;
#1756 = DIRECTION ( 'NONE',  ( -1.000000000000000000, 0.000000000000000000, 0.000000000000000000 ) ) ;
#1757 = EDGE_CURVE ( 'NONE', #732, #931, #1732, .T. ) ;
#1758 = ORIENTED_EDGE ( 'NONE', *, *, #213, .F. ) ;
#1759 = DIRECTION ( 'NONE',  ( -0.000000000000000000, -0.000000000000000000, 1.000000000000000000 ) ) ;
#1760 = CARTESIAN_POINT ( 'NONE',  ( 60.00002264833061361, 4.052132500626951739, 0.000000000000000000 ) ) ;
#1761 = LINE ( 'NONE', #1963, #946 ) ;
#1762 = ORIENTED_EDGE ( 'NONE', *, *, #1773, .F. ) ;
#1763 = ORIENTED_EDGE ( 'NONE', *, *, #1938, .T. ) ;
#1764 = DIRECTION ( 'NONE',  ( 1.000000000000000000, 0.000000000000000000, 0.000000000000000000 ) ) ;
#1765 = ADVANCED_FACE ( 'NONE', ( #1908 ), #1588, .F. ) ;
#1766 = DIRECTION ( 'NONE',  ( -1.000000000000000000, 0.000000000000000000, 0.000000000000000000 ) ) ;
#1767 = CIRCLE ( 'NONE', #2059, 7.099999999999980993 ) ;
#1768 = EDGE_LOOP ( 'NONE', ( #214, #1294, #989, #66 ) ) ;
#1769 = DIRECTION ( 'NONE',  ( -0.000000000000000000, -0.000000000000000000, -1.000000000000000000 ) ) ;
#1770 = DIRECTION ( 'NONE',  ( -1.000000000000000000, 0.000000000000000000, 0.000000000000000000 ) ) ;
#1771 = CARTESIAN_POINT ( 'NONE',  ( 138.5000000000000000, 43.99999999999999289, 0.000000000000000000 ) ) ;
#1772 = ORIENTED_EDGE ( 'NONE', *, *, #2126, .F. ) ;
#1773 = EDGE_CURVE ( 'NONE', #488, #2157, #1, .T. ) ;
#1774 = EDGE_LOOP ( 'NONE', ( #250, #1470, #1132, #632 ) ) ;
#1775 = CARTESIAN_POINT ( 'NONE',  ( 10.00000000000000000, 44.00000000000000000, -37.64999999999999858 ) ) ;
#1776 = VECTOR ( 'NONE', #419, 1000.000000000000000 ) ;
#1777 = VECTOR ( 'NONE', #718, 1000.000000000000000 ) ;
#1778 = CARTESIAN_POINT ( 'NONE',  ( 0.000000000000000000, 65.00000000000000000, -39.39999999999999858 ) ) ;
#1779 = ORIENTED_EDGE ( 'NONE', *, *, #1295, .T. ) ;
#1780 = LINE ( 'NONE', #919, #1349 ) ;
#1781 = CIRCLE ( 'NONE', #1094, 2.600000000000004974 ) ;
#1782 = CARTESIAN_POINT ( 'NONE',  ( 0.000000000000000000, 65.00000000000000000, 7.000000000000000000 ) ) ;
#1783 = CARTESIAN_POINT ( 'NONE',  ( 10.00000000000000000, 44.00000000000000000, -32.39999999999999858 ) ) ;
#1784 = ORIENTED_EDGE ( 'NONE', *, *, #1066, .F. ) ;
#1785 = VERTEX_POINT ( 'NONE', #33 ) ;
#1786 = CARTESIAN_POINT ( 'NONE',  ( 40.89999999999999858, 44.00000000000000000, 0.5000000000000707212 ) ) ;
#1787 = CARTESIAN_POINT ( 'NONE',  ( 40.39999999999992042, 44.00000000000000000, 0.000000000000000000 ) ) ;
#1788 = EDGE_LOOP ( 'NONE', ( #1829, #640 ) ) ;
#1789 = CARTESIAN_POINT ( 'NONE',  ( 93.00000000000000000, 43.99999999999999289, -37.64999999999999858 ) ) ;
#1790 = DIRECTION ( 'NONE',  ( -1.000000000000000000, 0.000000000000000000, 0.000000000000000000 ) ) ;
#1791 = CARTESIAN_POINT ( 'NONE',  ( 93.00000000000000000, 43.99999999999999289, -32.39999999999999858 ) ) ;
#1792 = ADVANCED_FACE ( 'NONE', ( #1253 ), #708, .F. ) ;
#1793 = CARTESIAN_POINT ( 'NONE',  ( 138.5000000000000000, 43.99999999999999289, -32.39999999999999858 ) ) ;
#1794 = ORIENTED_EDGE ( 'NONE', *, *, #1110, .T. ) ;
#1795 = CARTESIAN_POINT ( 'NONE',  ( 60.00002264833061361, 4.052132500626951739, -39.39999999999999858 ) ) ;
#1796 = CARTESIAN_POINT ( 'NONE',  ( 131.8999999999999773, 43.99999999999999289, -37.64999999999999858 ) ) ;
#1797 = ORIENTED_EDGE ( 'NONE', *, *, #1144, .T. ) ;
#1798 = CARTESIAN_POINT ( 'NONE',  ( 90.80000000000001137, 43.99999999999999289, 7.001000000000000334 ) ) ;
#1799 = DIRECTION ( 'NONE',  ( 1.000000000000000000, 0.000000000000000000, 0.000000000000000000 ) ) ;
#1800 = FACE_OUTER_BOUND ( 'NONE', #1713, .T. ) ;
#1801 = AXIS2_PLACEMENT_3D ( 'NONE', #752, #562, #1064 ) ;
#1802 = EDGE_LOOP ( 'NONE', ( #2049, #1430, #136, #431 ) ) ;
#1803 = AXIS2_PLACEMENT_3D ( 'NONE', #634, #1693, #1319 ) ;
#1804 = ORIENTED_EDGE ( 'NONE', *, *, #2010, .F. ) ;
#1805 = CYLINDRICAL_SURFACE ( 'NONE', #238, 2.199999999999993516 ) ;
#1806 = CIRCLE ( 'NONE', #158, 6.599999999999994316 ) ;
#1807 = CARTESIAN_POINT ( 'NONE',  ( 150.0000000000000000, 0.000000000000000000, -39.39999999999999858 ) ) ;
#1808 = VECTOR ( 'NONE', #551, 1000.000000000000000 ) ;
#1809 = EDGE_CURVE ( 'NONE', #2227, #2241, #2034, .T. ) ;
#1810 = CIRCLE ( 'NONE', #348, 2.200000000000007283 ) ;
#1811 = ORIENTED_EDGE ( 'NONE', *, *, #1929, .T. ) ;
#1812 = DIRECTION ( 'NONE',  ( -0.000000000000000000, -0.000000000000000000, 1.000000000000000000 ) ) ;
#1813 = CARTESIAN_POINT ( 'NONE',  ( 85.89999999999992042, 43.99999999999999289, 0.000000000000000000 ) ) ;
#1814 =( NAMED_UNIT ( * ) PLANE_ANGLE_UNIT ( ) SI_UNIT ( $, .RADIAN. ) );
#1815 = ADVANCED_FACE ( 'NONE', ( #338 ), #1755, .F. ) ;
#1816 = VERTEX_POINT ( 'NONE', #1081 ) ;
#1817 = LINE ( 'NONE', #1827, #18 ) ;
#1818 = FACE_BOUND ( 'NONE', #592, .T. ) ;
#1819 = AXIS2_PLACEMENT_3D ( 'NONE', #837, #1904, #1540 ) ;
#1820 = ORIENTED_EDGE ( 'NONE', *, *, #2010, .T. ) ;
#1821 =( LENGTH_UNIT ( ) NAMED_UNIT ( * ) SI_UNIT ( .MILLI., .METRE. ) );
#1822 = FACE_BOUND ( 'NONE', #1298, .T. ) ;
#1823 = ORIENTED_EDGE ( 'NONE', *, *, #2225, .T. ) ;
#1824 = ADVANCED_FACE ( 'NONE', ( #518, #530 ), #1920, .T. ) ;
#1825 = DIRECTION ( 'NONE',  ( 1.000000000000000000, 0.000000000000000000, 0.000000000000000000 ) ) ;
#1826 = ORIENTED_EDGE ( 'NONE', *, *, #642, .T. ) ;
#1827 = CARTESIAN_POINT ( 'NONE',  ( 150.0000000000000000, 0.000000000000000000, 7.000000000000000000 ) ) ;
#1828 = PLANE ( 'NONE',  #1082 ) ;
#1829 = ORIENTED_EDGE ( 'NONE', *, *, #2215, .F. ) ;
#1830 = ADVANCED_FACE ( 'NONE', ( #155 ), #2249, .F. ) ;
#1831 = LINE ( 'NONE', #1989, #725 ) ;
#1832 = ORIENTED_EDGE ( 'NONE', *, *, #1861, .T. ) ;
#1833 = CARTESIAN_POINT ( 'NONE',  ( 93.00000000000000000, 43.99999999999999289, -39.39999999999999858 ) ) ;
#1834 = CARTESIAN_POINT ( 'NONE',  ( 145.1000000000000227, 43.99999999999999289, -32.89999999999996305 ) ) ;
#1835 = ORIENTED_EDGE ( 'NONE', *, *, #1631, .T. ) ;
#1836 = LINE ( 'NONE', #1142, #576 ) ;
#1837 = DIRECTION ( 'NONE',  ( 1.000000000000000000, 0.000000000000000000, 0.000000000000000000 ) ) ;
#1838 = EDGE_CURVE ( 'NONE', #283, #527, #1932, .T. ) ;
#1839 = VERTEX_POINT ( 'NONE', #569 ) ;
#1840 = ADVANCED_FACE ( 'NONE', ( #888 ), #1272, .F. ) ;
#1841 = LINE ( 'NONE', #1109, #199 ) ;
#1842 = EDGE_CURVE ( 'NONE', #1590, #666, #364, .T. ) ;
#1843 = CIRCLE ( 'NONE', #1951, 6.599999999999994316 ) ;
#1844 = EDGE_LOOP ( 'NONE', ( #2041, #1811, #578, #1891 ) ) ;
#1845 = DIRECTION ( 'NONE',  ( 1.000000000000000000, 0.000000000000000000, 0.000000000000000000 ) ) ;
#1846 = ORIENTED_EDGE ( 'NONE', *, *, #1240, .F. ) ;
#1847 = FACE_OUTER_BOUND ( 'NONE', #773, .T. ) ;
#1848 = CONICAL_SURFACE ( 'NONE', #617, 7.099999999999995204, 0.7853981633974682630 ) ;
#1849 = DIRECTION ( 'NONE',  ( 1.000000000000000000, 0.000000000000000000, 0.000000000000000000 ) ) ;
#1850 = VECTOR ( 'NONE', #593, 1000.000000000000000 ) ;
#1851 = EDGE_LOOP ( 'NONE', ( #1367, #825, #1654, #1758 ) ) ;
#1852 = ADVANCED_FACE ( 'NONE', ( #1264 ), #901, .F. ) ;
#1853 = AXIS2_PLACEMENT_3D ( 'NONE', #1090, #1594, #17 ) ;
#1854 = FACE_BOUND ( 'NONE', #1943, .T. ) ;
#1855 = UNCERTAINTY_MEASURE_WITH_UNIT (LENGTH_MEASURE( 1.000000000000000082E-05 ), #1821, 'distance_accuracy_value', 'NONE');
#1856 = EDGE_LOOP ( 'NONE', ( #1246, #1959, #1498, #2148 ) ) ;
#1857 = CARTESIAN_POINT ( 'NONE',  ( 47.50000000000000000, 44.00000000000000000, 0.5000000000000707212 ) ) ;
#1858 = MANIFOLD_SOLID_BREP ( 'Cut-Extrude4', #529 ) ;
#1859 = ORIENTED_EDGE ( 'NONE', *, *, #1438, .T. ) ;
#1860 = PLANE ( 'NONE',  #1274 ) ;
#1861 = EDGE_CURVE ( 'NONE', #1695, #658, #1567, .T. ) ;
#1862 = CARTESIAN_POINT ( 'NONE',  ( 47.50000000000000000, 44.00000000000000000, 5.250000000000000000 ) ) ;
#1863 = CARTESIAN_POINT ( 'NONE',  ( 93.00000000000000000, 43.99999999999999289, -37.64999999999999858 ) ) ;
#1864 = ORIENTED_EDGE ( 'NONE', *, *, #30, .F. ) ;
#1865 = LINE ( 'NONE', #1206, #829 ) ;
#1866 = EDGE_LOOP ( 'NONE', ( #700, #1138, #1341, #1219 ) ) ;
#1867 = DIRECTION ( 'NONE',  ( 1.000000000000000000, 0.000000000000000000, 0.000000000000000000 ) ) ;
#1868 = EDGE_CURVE ( 'NONE', #2248, #1748, #117, .T. ) ;
#1869 = ORIENTED_EDGE ( 'NONE', *, *, #618, .T. ) ;
#1870 = DIRECTION ( 'NONE',  ( -0.000000000000000000, -0.000000000000000000, -1.000000000000000000 ) ) ;
#1871 = DIRECTION ( 'NONE',  ( 1.000000000000000000, -0.000000000000000000, -0.000000000000000000 ) ) ;
#1872 = DIRECTION ( 'NONE',  ( 1.000000000000000000, 0.000000000000000000, 0.000000000000000000 ) ) ;
#1873 = CARTESIAN_POINT ( 'NONE',  ( 47.50000000000000000, 44.00000000000000000, 7.001000000000000334 ) ) ;
#1874 = EDGE_LOOP ( 'NONE', ( #1296, #1794, #1689, #690 ) ) ;
#1875 = DIRECTION ( 'NONE',  ( -0.000000000000000000, -0.000000000000000000, 1.000000000000000000 ) ) ;
#1876 = ORIENTED_EDGE ( 'NONE', *, *, #584, .T. ) ;
#1877 = DIRECTION ( 'NONE',  ( -0.000000000000000000, -0.000000000000000000, 1.000000000000000000 ) ) ;
#1878 = ADVANCED_FACE ( 'NONE', ( #1658 ), #581, .F. ) ;
#1879 = CIRCLE ( 'NONE', #460, 2.200000000000000622 ) ;
#1880 = ORIENTED_EDGE ( 'NONE', *, *, #701, .F. ) ;
#1881 = CARTESIAN_POINT ( 'NONE',  ( 45.29999999999999716, 44.00000000000000000, 5.250000000000000000 ) ) ;
#1882 = LINE ( 'NONE', #140, #486 ) ;
#1883 = PLANE ( 'NONE',  #1322 ) ;
#1884 = AXIS2_PLACEMENT_3D ( 'NONE', #309, #1211, #1867 ) ;
#1885 = AXIS2_PLACEMENT_3D ( 'NONE', #511, #1221, #328 ) ;
#1886 = LINE ( 'NONE', #526, #1079 ) ;
#1887 = VERTEX_POINT ( 'NONE', #2002 ) ;
#1888 = VECTOR ( 'NONE', #180, 1000.000000000000000 ) ;
#1889 = DIRECTION ( 'NONE',  ( 0.000000000000000000, 0.000000000000000000, -1.000000000000000000 ) ) ;
#1890 = ADVANCED_FACE ( 'NONE', ( #2170 ), #1805, .F. ) ;
#1891 = ORIENTED_EDGE ( 'NONE', *, *, #985, .F. ) ;
#1892 = DIRECTION ( 'NONE',  ( 1.000000000000000000, 0.000000000000000000, 0.000000000000000000 ) ) ;
#1893 = ORIENTED_EDGE ( 'NONE', *, *, #1501, .T. ) ;
#1894 = DIRECTION ( 'NONE',  ( -0.000000000000000000, -0.000000000000000000, 1.000000000000000000 ) ) ;
#1895 = DIRECTION ( 'NONE',  ( -0.000000000000000000, -0.000000000000000000, 1.000000000000000000 ) ) ;
#1896 = LINE ( 'NONE', #1189, #1250 ) ;
#1897 = DIRECTION ( 'NONE',  ( -0.7071067811865370256, 8.659560562354804668E-17, 0.7071067811865578978 ) ) ;
#1898 = ORIENTED_EDGE ( 'NONE', *, *, #2124, .T. ) ;
#1899 = DIRECTION ( 'NONE',  ( 0.000000000000000000, 0.000000000000000000, 1.000000000000000000 ) ) ;
#1900 = CYLINDRICAL_SURFACE ( 'NONE', #270, 2.200000000000000622 ) ;
#1901 = EDGE_LOOP ( 'NONE', ( #586, #1179 ) ) ;
#1902 = DIRECTION ( 'NONE',  ( 0.000000000000000000, 0.000000000000000000, -1.000000000000000000 ) ) ;
#1903 = CARTESIAN_POINT ( 'NONE',  ( 47.50000000000000000, 44.00000000000000000, -32.39999999999999858 ) ) ;
#1904 = DIRECTION ( 'NONE',  ( 0.000000000000000000, 0.000000000000000000, 1.000000000000000000 ) ) ;
#1905 = FACE_OUTER_BOUND ( 'NONE', #100, .T. ) ;
#1906 = EDGE_LOOP ( 'NONE', ( #663, #565, #923, #1984 ) ) ;
#1907 = ADVANCED_FACE ( 'NONE', ( #1633 ), #1097, .F. ) ;
#1908 = FACE_OUTER_BOUND ( 'NONE', #1556, .T. ) ;
#1909 = ADVANCED_FACE ( 'NONE', ( #1474 ), #43, .F. ) ;
#1910 = DIRECTION ( 'NONE',  ( -0.000000000000000000, -0.000000000000000000, 1.000000000000000000 ) ) ;
#1911 = CIRCLE ( 'NONE', #1803, 1.500000000000001332 ) ;
#1912 = VERTEX_POINT ( 'NONE', #1786 ) ;
#1913 = PLANE ( 'NONE',  #52 ) ;
#1914 = DIRECTION ( 'NONE',  ( 0.000000000000000000, 0.000000000000000000, 1.000000000000000000 ) ) ;
#1915 = CYLINDRICAL_SURFACE ( 'NONE', #2250, 2.200000000000000622 ) ;
#1916 = LINE ( 'NONE', #325, #89 ) ;
#1917 = AXIS2_PLACEMENT_3D ( 'NONE', #801, #2167, #73 ) ;
#1918 = ORIENTED_EDGE ( 'NONE', *, *, #1809, .F. ) ;
#1919 = EDGE_CURVE ( 'NONE', #2248, #87, #1994, .T. ) ;
#1920 = PLANE ( 'NONE',  #1208 ) ;
#1921 = AXIS2_PLACEMENT_3D ( 'NONE', #2218, #1877, #1036 ) ;
#1922 = AXIS2_PLACEMENT_3D ( 'NONE', #1364, #2048, #1543 ) ;
#1923 = FACE_OUTER_BOUND ( 'NONE', #1611, .T. ) ;
#1924 = CONICAL_SURFACE ( 'NONE', #1746, 7.099999999999924150, 0.7853981633974335130 ) ;
#1925 = ORIENTED_EDGE ( 'NONE', *, *, #1302, .T. ) ;
#1926 = LINE ( 'NONE', #15, #1086 ) ;
#1927 = CARTESIAN_POINT ( 'NONE',  ( 89.99997735166940060, 3.999999999999997335, 0.000000000000000000 ) ) ;
#1928 = DIRECTION ( 'NONE',  ( -1.000000000000000000, 0.000000000000000000, 0.000000000000000000 ) ) ;
#1929 = EDGE_CURVE ( 'NONE', #1514, #658, #211, .T. ) ;
#1930 = ORIENTED_EDGE ( 'NONE', *, *, #889, .F. ) ;
#1931 = EDGE_LOOP ( 'NONE', ( #1762, #1683, #1186, #935 ) ) ;
#1932 = LINE ( 'NONE', #1046, #56 ) ;
#1933 = CARTESIAN_POINT ( 'NONE',  ( 138.5000000000000000, 43.99999999999999289, -32.39999999999999858 ) ) ;
#1934 = EDGE_LOOP ( 'NONE', ( #276, #373 ) ) ;
#1935 = CARTESIAN_POINT ( 'NONE',  ( 140.7000000000000171, 43.99999999999999289, 7.000000000000000000 ) ) ;
#1936 = LINE ( 'NONE', #1782, #1950 ) ;
#1937 = CARTESIAN_POINT ( 'NONE',  ( 12.20000000000000107, 44.00000000000000000, 5.250000000000000000 ) ) ;
#1938 = EDGE_CURVE ( 'NONE', #1816, #369, #546, .T. ) ;
#1939 = ORIENTED_EDGE ( 'NONE', *, *, #88, .F. ) ;
#1940 = VERTEX_POINT ( 'NONE', #1178 ) ;
#1941 = DIRECTION ( 'NONE',  ( 1.000000000000000000, 0.000000000000000000, 0.000000000000000000 ) ) ;
#1942 = CARTESIAN_POINT ( 'NONE',  ( 150.0000000000000000, 0.000000000000000000, -32.39999999999999858 ) ) ;
#1943 = EDGE_LOOP ( 'NONE', ( #1578, #93 ) ) ;
#1944 = EDGE_CURVE ( 'NONE', #2227, #1271, #1527, .T. ) ;
#1945 = FACE_OUTER_BOUND ( 'NONE', #2254, .T. ) ;
#1946 = DIRECTION ( 'NONE',  ( 1.000000000000000000, 0.000000000000000000, 0.000000000000000000 ) ) ;
#1947 = CARTESIAN_POINT ( 'NONE',  ( 131.8999999999999773, 43.99999999999999289, -32.89999999999996305 ) ) ;
#1948 = AXIS2_PLACEMENT_3D ( 'NONE', #1123, #1551, #177 ) ;
#1949 = ORIENTED_EDGE ( 'NONE', *, *, #444, .T. ) ;
#1950 = VECTOR ( 'NONE', #207, 1000.000000000000000 ) ;
#1951 = AXIS2_PLACEMENT_3D ( 'NONE', #1127, #972, #97 ) ;
#1952 = EDGE_LOOP ( 'NONE', ( #1772, #418, #254, #965 ) ) ;
#1953 = DIRECTION ( 'NONE',  ( -0.000000000000000000, -0.000000000000000000, 1.000000000000000000 ) ) ;
#1954 = VECTOR ( 'NONE', #225, 1000.000000000000000 ) ;
#1955 = EDGE_CURVE ( 'NONE', #905, #1121, #925, .T. ) ;
#1956 = CIRCLE ( 'NONE', #540, 6.600000000000001421 ) ;
#1957 = DIRECTION ( 'NONE',  ( -1.000000000000000000, 0.000000000000000000, 0.000000000000000000 ) ) ;
#1958 = AXIS2_PLACEMENT_3D ( 'NONE', #1060, #2251, #1613 ) ;
#1959 = ORIENTED_EDGE ( 'NONE', *, *, #528, .T. ) ;
#1960 = DIRECTION ( 'NONE',  ( -0.000000000000000000, -0.000000000000000000, 1.000000000000000000 ) ) ;
#1961 = AXIS2_PLACEMENT_3D ( 'NONE', #314, #1404, #1559 ) ;
#1962 = DIRECTION ( 'NONE',  ( -0.000000000000000000, -0.000000000000000000, 1.000000000000000000 ) ) ;
#1963 = CARTESIAN_POINT ( 'NONE',  ( 90.80000000000001137, 43.99999999999999289, -0.001000000000000132727 ) ) ;
#1964 = VERTEX_POINT ( 'NONE', #704 ) ;
#1965 = ORIENTED_EDGE ( 'NONE', *, *, #2047, .T. ) ;
#1966 = CARTESIAN_POINT ( 'NONE',  ( 140.7000000000000171, 43.99999999999999289, 7.001000000000000334 ) ) ;
#1967 = CARTESIAN_POINT ( 'NONE',  ( 150.0000000000000000, 8.000000000000000000, -32.39999999999999858 ) ) ;
#1968 = ORIENTED_EDGE ( 'NONE', *, *, #109, .T. ) ;
#1969 = CARTESIAN_POINT ( 'NONE',  ( 90.80000000000001137, 43.99999999999999289, 5.250000000000000000 ) ) ;
#1970 = CARTESIAN_POINT ( 'NONE',  ( 47.50000000000000000, 44.00000000000000000, 0.5000000000000707212 ) ) ;
#1971 = DIRECTION ( 'NONE',  ( -1.000000000000000000, 0.000000000000000000, 0.000000000000000000 ) ) ;
#1972 = ORIENTED_EDGE ( 'NONE', *, *, #760, .F. ) ;
#1973 = ORIENTED_EDGE ( 'NONE', *, *, #603, .F. ) ;
#1974 = ADVANCED_FACE ( 'NONE', ( #298 ), #1711, .F. ) ;
#1975 = CARTESIAN_POINT ( 'NONE',  ( 57.40002264833060508, 4.052132500626951739, 0.000000000000000000 ) ) ;
#1976 = FACE_BOUND ( 'NONE', #389, .T. ) ;
#1977 = EDGE_CURVE ( 'NONE', #2193, #1365, #859, .T. ) ;
#1978 = VERTEX_POINT ( 'NONE', #694 ) ;
#1979 = DIRECTION ( 'NONE',  ( -0.000000000000000000, -0.000000000000000000, 1.000000000000000000 ) ) ;
#1980 = DIRECTION ( 'NONE',  ( 0.000000000000000000, 0.000000000000000000, 1.000000000000000000 ) ) ;
#1981 = DIRECTION ( 'NONE',  ( -0.000000000000000000, -1.000000000000000000, -0.000000000000000000 ) ) ;
#1982 = ORIENTED_EDGE ( 'NONE', *, *, #30, .T. ) ;
#1983 = FACE_OUTER_BOUND ( 'NONE', #2183, .T. ) ;
#1984 = ORIENTED_EDGE ( 'NONE', *, *, #1719, .T. ) ;
#1985 = ORIENTED_EDGE ( 'NONE', *, *, #1645, .F. ) ;
#1986 = CARTESIAN_POINT ( 'NONE',  ( 60.00002264833061361, 4.052132500626951739, 0.000000000000000000 ) ) ;
#1987 = AXIS2_PLACEMENT_3D ( 'NONE', #454, #1505, #245 ) ;
#1988 = ADVANCED_FACE ( 'NONE', ( #150 ), #1915, .F. ) ;
#1989 = CARTESIAN_POINT ( 'NONE',  ( 95.19999999999998863, 43.99999999999999289, 7.001000000000000334 ) ) ;
#1990 = AXIS2_PLACEMENT_3D ( 'NONE', #1857, #1555, #284 ) ;
#1991 = AXIS2_PLACEMENT_3D ( 'NONE', #851, #482, #101 ) ;
#1992 = ORIENTED_EDGE ( 'NONE', *, *, #2025, .T. ) ;
#1993 = CARTESIAN_POINT ( 'NONE',  ( 90.80000000000001137, 43.99999999999999289, -39.39999999999999858 ) ) ;
#1994 = CIRCLE ( 'NONE', #619, 2.600000000000004974 ) ;
#1995 = VECTOR ( 'NONE', #515, 1000.000000000000000 ) ;
#1996 = EDGE_LOOP ( 'NONE', ( #1832, #2105 ) ) ;
#1997 = CARTESIAN_POINT ( 'NONE',  ( 88.49997735166940060, 3.999999999999997335, -39.39999999999999858 ) ) ;
#1998 = DIRECTION ( 'NONE',  ( 0.000000000000000000, 0.000000000000000000, 1.000000000000000000 ) ) ;
#1999 = APPLICATION_CONTEXT ( 'automotive_design' ) ;
#2000 = EDGE_CURVE ( 'NONE', #1596, #794, #2089, .T. ) ;
#2001 = EDGE_LOOP ( 'NONE', ( #1563, #783, #932, #1160 ) ) ;
#2002 = CARTESIAN_POINT ( 'NONE',  ( 95.19999999999998863, 43.99999999999999289, 5.250000000000000000 ) ) ;
#2003 = CARTESIAN_POINT ( 'NONE',  ( 54.10000000000000142, 44.00000000000000000, 5.250000000000000000 ) ) ;
#2004 = VERTEX_POINT ( 'NONE', #1394 ) ;
#2005 = CARTESIAN_POINT ( 'NONE',  ( 131.3999999999999204, 43.99999999999999289, 0.000000000000000000 ) ) ;
#2006 = EDGE_CURVE ( 'NONE', #1365, #1524, #505, .T. ) ;
#2007 = ORIENTED_EDGE ( 'NONE', *, *, #2189, .T. ) ;
#2008 = DIRECTION ( 'NONE',  ( 1.000000000000000000, 0.000000000000000000, -0.000000000000000000 ) ) ;
#2009 = CARTESIAN_POINT ( 'NONE',  ( 40.40000000000001990, 44.00000000000000000, -32.39999999999999858 ) ) ;
#2010 = EDGE_CURVE ( 'NONE', #87, #2155, #1896, .T. ) ;
#2011 = ORIENTED_EDGE ( 'NONE', *, *, #1919, .T. ) ;
#2012 = DIRECTION ( 'NONE',  ( -0.000000000000000000, -0.000000000000000000, -1.000000000000000000 ) ) ;
#2013 = AXIS2_PLACEMENT_3D ( 'NONE', #1685, #993, #626 ) ;
#2014 = ORIENTED_EDGE ( 'NONE', *, *, #416, .F. ) ;
#2015 = DIRECTION ( 'NONE',  ( 0.000000000000000000, 0.000000000000000000, 1.000000000000000000 ) ) ;
#2016 = CONICAL_SURFACE ( 'NONE', #1035, 6.600000000000001421, 0.7853981633974534970 ) ;
#2017 = EDGE_CURVE ( 'NONE', #440, #210, #1284, .T. ) ;
#2018 = ORIENTED_EDGE ( 'NONE', *, *, #1458, .T. ) ;
#2019 = CARTESIAN_POINT ( 'NONE',  ( 140.7000000000000171, 43.99999999999999289, 5.250000000000000000 ) ) ;
#2020 = PLANE ( 'NONE',  #520 ) ;
#2021 = AXIS2_PLACEMENT_3D ( 'NONE', #734, #2133, #1946 ) ;
#2022 = ORIENTED_EDGE ( 'NONE', *, *, #2047, .F. ) ;
#2023 = AXIS2_PLACEMENT_3D ( 'NONE', #745, #51, #398 ) ;
#2024 = FACE_BOUND ( 'NONE', #813, .T. ) ;
#2025 = EDGE_CURVE ( 'NONE', #283, #886, #24, .T. ) ;
#2026 = AXIS2_PLACEMENT_3D ( 'NONE', #770, #1328, #277 ) ;
#2027 = VERTEX_POINT ( 'NONE', #524 ) ;
#2028 = CARTESIAN_POINT ( 'NONE',  ( 40.89999999999999858, 44.00000000000000000, -37.64999999999999858 ) ) ;
#2029 = CIRCLE ( 'NONE', #1491, 2.200000000000000622 ) ;
#2030 = ORIENTED_EDGE ( 'NONE', *, *, #2189, .F. ) ;
#2031 = DIRECTION ( 'NONE',  ( -0.000000000000000000, -0.000000000000000000, -1.000000000000000000 ) ) ;
#2032 = CIRCLE ( 'NONE', #2069, 2.200000000000000622 ) ;
#2033 = DIRECTION ( 'NONE',  ( 1.000000000000000000, 0.000000000000000000, 0.000000000000000000 ) ) ;
#2034 = CIRCLE ( 'NONE', #1320, 6.600000000000022737 ) ;
#2035 = ORIENTED_EDGE ( 'NONE', *, *, #164, .F. ) ;
#2036 = EDGE_CURVE ( 'NONE', #1647, #293, #141, .T. ) ;
#2037 = DIRECTION ( 'NONE',  ( 0.7071067811865512365, 8.659560562354978464E-17, -0.7071067811865439090 ) ) ;
#2038 = ADVANCED_FACE ( 'NONE', ( #1235 ), #1718, .F. ) ;
#2039 = EDGE_LOOP ( 'NONE', ( #1257, #627, #1820, #517 ) ) ;
#2040 = CARTESIAN_POINT ( 'NONE',  ( 131.4000000000000057, 43.99999999999999289, -32.39999999999999858 ) ) ;
#2041 = ORIENTED_EDGE ( 'NONE', *, *, #510, .T. ) ;
#2042 = DIRECTION ( 'NONE',  ( 1.000000000000000000, 0.000000000000000000, 0.000000000000000000 ) ) ;
#2043 = FACE_OUTER_BOUND ( 'NONE', #311, .T. ) ;
#2044 = CARTESIAN_POINT ( 'NONE',  ( 138.5000000000000000, 43.99999999999999289, -39.39999999999999858 ) ) ;
#2045 = CARTESIAN_POINT ( 'NONE',  ( 40.89999999999999858, 44.00000000000000000, -32.89999999999997016 ) ) ;
#2046 = EDGE_LOOP ( 'NONE', ( #172, #1350, #834, #123 ) ) ;
#2047 = EDGE_CURVE ( 'NONE', #2027, #610, #1169, .T. ) ;
#2048 = DIRECTION ( 'NONE',  ( 0.000000000000000000, 0.000000000000000000, 1.000000000000000000 ) ) ;
#2049 = ORIENTED_EDGE ( 'NONE', *, *, #1660, .F. ) ;
#2050 = CARTESIAN_POINT ( 'NONE',  ( 60.00002264833061361, 4.052132500626951739, 0.000000000000000000 ) ) ;
#2051 = CIRCLE ( 'NONE', #1586, 1.500000000000001332 ) ;
#2052 = ORIENTED_EDGE ( 'NONE', *, *, #1977, .F. ) ;
#2053 = CYLINDRICAL_SURFACE ( 'NONE', #792, 6.600000000000001421 ) ;
#2054 = DIRECTION ( 'NONE',  ( -0.000000000000000000, -0.000000000000000000, -1.000000000000000000 ) ) ;
#2055 = DIRECTION ( 'NONE',  ( -0.000000000000000000, -0.000000000000000000, 1.000000000000000000 ) ) ;
#2056 = ADVANCED_FACE ( 'NONE', ( #1371 ), #7, .F. ) ;
#2057 = DIRECTION ( 'NONE',  ( 1.000000000000000000, 0.000000000000000000, 0.000000000000000000 ) ) ;
#2058 = ORIENTED_EDGE ( 'NONE', *, *, #1118, .F. ) ;
#2059 = AXIS2_PLACEMENT_3D ( 'NONE', #1903, #6, #332 ) ;
#2060 = CARTESIAN_POINT ( 'NONE',  ( 0.000000000000000000, 0.000000000000000000, 7.000000000000000000 ) ) ;
#2061 = ORIENTED_EDGE ( 'NONE', *, *, #2036, .T. ) ;
#2062 = CARTESIAN_POINT ( 'NONE',  ( 92.59997735166939492, 3.999999999999997335, 0.000000000000000000 ) ) ;
#2063 = EDGE_CURVE ( 'NONE', #710, #521, #324, .T. ) ;
#2064 = VECTOR ( 'NONE', #1446, 1000.000000000000000 ) ;
#2065 = ORIENTED_EDGE ( 'NONE', *, *, #2072, .F. ) ;
#2066 = CARTESIAN_POINT ( 'NONE',  ( 0.000000000000000000, 8.000000000000000000, 0.000000000000000000 ) ) ;
#2067 = DIRECTION ( 'NONE',  ( -0.000000000000000000, -0.000000000000000000, 1.000000000000000000 ) ) ;
#2068 = CARTESIAN_POINT ( 'NONE',  ( 10.00000000000000000, 44.00000000000000000, -0.001000000000000132727 ) ) ;
#2069 = AXIS2_PLACEMENT_3D ( 'NONE', #35, #879, #2129 ) ;
#2070 = FACE_OUTER_BOUND ( 'NONE', #1721, .T. ) ;
#2071 = EDGE_LOOP ( 'NONE', ( #1835, #1263, #20, #2058 ) ) ;
#2072 = EDGE_CURVE ( 'NONE', #891, #493, #1646, .T. ) ;
#2073 = CIRCLE ( 'NONE', #1353, 6.600000000000000533 ) ;
#2074 = CIRCLE ( 'NONE', #1676, 7.099999999999995204 ) ;
#2075 = CARTESIAN_POINT ( 'NONE',  ( 40.89999999999999858, 44.00000000000000000, 0.5000000000000707212 ) ) ;
#2076 = LINE ( 'NONE', #667, #1125 ) ;
#2077 = ORIENTED_EDGE ( 'NONE', *, *, #1660, .T. ) ;
#2078 = DIRECTION ( 'NONE',  ( -1.000000000000000000, 0.000000000000000000, 0.000000000000000000 ) ) ;
#2079 = CARTESIAN_POINT ( 'NONE',  ( 47.50000000000000000, 44.00000000000000000, 0.5000000000000707212 ) ) ;
#2080 = DIRECTION ( 'NONE',  ( 0.000000000000000000, -1.000000000000000000, -0.000000000000000000 ) ) ;
#2081 = DIRECTION ( 'NONE',  ( -1.000000000000000000, 0.000000000000000000, 0.000000000000000000 ) ) ;
#2082 = EDGE_CURVE ( 'NONE', #110, #1379, #2222, .T. ) ;
#2083 = ORIENTED_EDGE ( 'NONE', *, *, #1045, .T. ) ;
#2084 = CARTESIAN_POINT ( 'NONE',  ( 138.5000000000000000, 43.99999999999999289, -32.89999999999996305 ) ) ;
#2085 = CARTESIAN_POINT ( 'NONE',  ( 45.29999999999999716, 44.00000000000000000, 7.000000000000000000 ) ) ;
#2086 = EDGE_LOOP ( 'NONE', ( #555, #602, #716, #2229 ) ) ;
#2087 = FACE_BOUND ( 'NONE', #8, .T. ) ;
#2088 = CARTESIAN_POINT ( 'NONE',  ( 47.50000000000000000, 44.00000000000000000, -0.001000000000000132727 ) ) ;
#2089 = LINE ( 'NONE', #333, #60 ) ;
#2090 = ADVANCED_FACE ( 'NONE', ( #1737, #491 ), #1883, .T. ) ;
#2091 = FACE_OUTER_BOUND ( 'NONE', #736, .T. ) ;
#2092 = ORIENTED_EDGE ( 'NONE', *, *, #2195, .F. ) ;
#2093 = CIRCLE ( 'NONE', #413, 2.200000000000007283 ) ;
#2094 = DIRECTION ( 'NONE',  ( 1.000000000000000000, 0.000000000000000000, 0.000000000000000000 ) ) ;
#2095 = FACE_OUTER_BOUND ( 'NONE', #1610, .T. ) ;
#2096 = EDGE_CURVE ( 'NONE', #1038, #710, #681, .T. ) ;
#2097 = EDGE_LOOP ( 'NONE', ( #1893, #358, #1605, #191 ) ) ;
#2098 = CARTESIAN_POINT ( 'NONE',  ( 99.59999999999999432, 43.99999999999999289, -37.64999999999999858 ) ) ;
#2099 = DIRECTION ( 'NONE',  ( 0.000000000000000000, 0.000000000000000000, -1.000000000000000000 ) ) ;
#2100 = DIRECTION ( 'NONE',  ( 1.000000000000000000, 0.000000000000000000, 0.000000000000000000 ) ) ;
#2101 = AXIS2_PLACEMENT_3D ( 'NONE', #1223, #1902, #1198 ) ;
#2102 = AXIS2_PLACEMENT_3D ( 'NONE', #1171, #831, #294 ) ;
#2103 = VERTEX_POINT ( 'NONE', #1461 ) ;
#2104 = AXIS2_PLACEMENT_3D ( 'NONE', #237, #222, #2171 ) ;
#2105 = ORIENTED_EDGE ( 'NONE', *, *, #75, .T. ) ;
#2106 = CARTESIAN_POINT ( 'NONE',  ( 57.40002264833060508, 4.052132500626951739, 7.000000000000000000 ) ) ;
#2107 = AXIS2_PLACEMENT_3D ( 'NONE', #1192, #1032, #2226 ) ;
#2108 = DIRECTION ( 'NONE',  ( 0.000000000000000000, 0.000000000000000000, 1.000000000000000000 ) ) ;
#2109 = ADVANCED_FACE ( 'NONE', ( #767 ), #1924, .F. ) ;
#2110 = VECTOR ( 'NONE', #1981, 1000.000000000000000 ) ;
#2111 = ORIENTED_EDGE ( 'NONE', *, *, #1438, .F. ) ;
#2112 = CARTESIAN_POINT ( 'NONE',  ( 10.00000000000000000, 44.00000000000000000, -39.39999999999999858 ) ) ;
#2113 = DIRECTION ( 'NONE',  ( 0.000000000000000000, 0.000000000000000000, 1.000000000000000000 ) ) ;
#2114 = DIRECTION ( 'NONE',  ( 0.000000000000000000, 0.000000000000000000, -1.000000000000000000 ) ) ;
#2115 = ORIENTED_EDGE ( 'NONE', *, *, #768, .T. ) ;
#2116 = VERTEX_POINT ( 'NONE', #753 ) ;
#2117 = DIRECTION ( 'NONE',  ( -0.000000000000000000, -0.000000000000000000, 1.000000000000000000 ) ) ;
#2118 = EDGE_CURVE ( 'NONE', #1271, #1165, #2074, .T. ) ;
#2119 = DIRECTION ( 'NONE',  ( 0.000000000000000000, 0.000000000000000000, -1.000000000000000000 ) ) ;
#2120 = ORIENTED_EDGE ( 'NONE', *, *, #384, .T. ) ;
#2121 = CARTESIAN_POINT ( 'NONE',  ( 47.50000000000000000, 44.00000000000000000, 0.000000000000000000 ) ) ;
#2122 = CARTESIAN_POINT ( 'NONE',  ( 47.50000000000000000, 44.00000000000000000, -32.89999999999997016 ) ) ;
#2123 = CARTESIAN_POINT ( 'NONE',  ( 150.0000000000000000, 0.000000000000000000, 7.000000000000000000 ) ) ;
#2124 = EDGE_CURVE ( 'NONE', #676, #2193, #913, .T. ) ;
#2125 = ORIENTED_EDGE ( 'NONE', *, *, #814, .T. ) ;
#2126 = EDGE_CURVE ( 'NONE', #110, #247, #1355, .T. ) ;
#2127 = VERTEX_POINT ( 'NONE', #208 ) ;
#2128 = CARTESIAN_POINT ( 'NONE',  ( 89.99997735166940060, 3.999999999999997335, 0.000000000000000000 ) ) ;
#2129 = DIRECTION ( 'NONE',  ( -1.000000000000000000, 0.000000000000000000, 0.000000000000000000 ) ) ;
#2130 = AXIS2_PLACEMENT_3D ( 'NONE', #1639, #61, #216 ) ;
#2131 = EDGE_LOOP ( 'NONE', ( #1266, #1464, #1575, #1949 ) ) ;
#2132 = CARTESIAN_POINT ( 'NONE',  ( 99.59999999999999432, 43.99999999999999289, 5.250000000000000000 ) ) ;
#2133 = DIRECTION ( 'NONE',  ( -0.000000000000000000, -0.000000000000000000, 1.000000000000000000 ) ) ;
#2134 = DIRECTION ( 'NONE',  ( 1.000000000000000000, 0.000000000000000000, 0.000000000000000000 ) ) ;
#2135 = ORIENTED_EDGE ( 'NONE', *, *, #1324, .F. ) ;
#2136 = AXIS2_PLACEMENT_3D ( 'NONE', #672, #1005, #507 ) ;
#2137 = VERTEX_POINT ( 'NONE', #1104 ) ;
#2138 = CARTESIAN_POINT ( 'NONE',  ( 131.8999999999999773, 43.99999999999999289, 0.5000000000000628386 ) ) ;
#2139 = CONICAL_SURFACE ( 'NONE', #1048, 7.099999999999980993, 0.7853981633974543852 ) ;
#2140 = AXIS2_PLACEMENT_3D ( 'NONE', #1433, #1577, #393 ) ;
#2141 = PLANE ( 'NONE',  #653 ) ;
#2142 = EDGE_LOOP ( 'NONE', ( #219, #1643 ) ) ;
#2143 = DIRECTION ( 'NONE',  ( -0.000000000000000000, -0.000000000000000000, -1.000000000000000000 ) ) ;
#2144 =( GEOMETRIC_REPRESENTATION_CONTEXT ( 3 ) GLOBAL_UNCERTAINTY_ASSIGNED_CONTEXT ( ( #292 ) ) GLOBAL_UNIT_ASSIGNED_CONTEXT ( ( #451, #1814, #105 ) ) REPRESENTATION_CONTEXT ( 'NONE', 'WORKASPACE' ) );
#2145 = DIRECTION ( 'NONE',  ( 0.7071067811865512365, 0.000000000000000000, 0.7071067811865439090 ) ) ;
#2146 = DIRECTION ( 'NONE',  ( 1.000000000000000000, 0.000000000000000000, 0.000000000000000000 ) ) ;
#2147 = ADVANCED_FACE ( 'NONE', ( #1279, #39, #227, #553, #930, #1249, #48 ), #62, .F. ) ;
#2148 = ORIENTED_EDGE ( 'NONE', *, *, #746, .F. ) ;
#2149 = EDGE_CURVE ( 'NONE', #2188, #794, #1448, .T. ) ;
#2150 = EDGE_LOOP ( 'NONE', ( #756, #2077, #83, #636 ) ) ;
#2151 = DIRECTION ( 'NONE',  ( 0.000000000000000000, 0.000000000000000000, -1.000000000000000000 ) ) ;
#2152 = ORIENTED_EDGE ( 'NONE', *, *, #1513, .F. ) ;
#2153 = DIRECTION ( 'NONE',  ( -0.000000000000000000, -0.000000000000000000, -1.000000000000000000 ) ) ;
#2154 = CARTESIAN_POINT ( 'NONE',  ( 93.00000000000000000, 43.99999999999999289, 0.5000000000000768274 ) ) ;
#2155 = VERTEX_POINT ( 'NONE', #1065 ) ;
#2156 = DIRECTION ( 'NONE',  ( -0.000000000000000000, -0.000000000000000000, 1.000000000000000000 ) ) ;
#2157 = VERTEX_POINT ( 'NONE', #589 ) ;
#2158 = EDGE_CURVE ( 'NONE', #971, #369, #1761, .T. ) ;
#2159 = ORIENTED_EDGE ( 'NONE', *, *, #399, .F. ) ;
#2160 = CARTESIAN_POINT ( 'NONE',  ( 93.00000000000000000, 43.99999999999999289, 5.250000000000000000 ) ) ;
#2161 = CARTESIAN_POINT ( 'NONE',  ( 86.40000000000000568, 43.99999999999999289, -37.64999999999999858 ) ) ;
#2162 = CIRCLE ( 'NONE', #895, 2.200000000000007283 ) ;
#2163 = EDGE_LOOP ( 'NONE', ( #1691, #1087, #556, #747, #1305, #991, #1846, #2092 ) ) ;
#2164 = DIRECTION ( 'NONE',  ( 0.000000000000000000, -0.000000000000000000, -1.000000000000000000 ) ) ;
#2165 = ADVANCED_FACE ( 'NONE', ( #1800 ), #1212, .F. ) ;
#2166 = EDGE_LOOP ( 'NONE', ( #1195, #53, #1339, #1492 ) ) ;
#2167 = DIRECTION ( 'NONE',  ( 0.000000000000000000, 0.000000000000000000, 1.000000000000000000 ) ) ;
#2168 = DIRECTION ( 'NONE',  ( 0.000000000000000000, 0.000000000000000000, -1.000000000000000000 ) ) ;
#2169 = VERTEX_POINT ( 'NONE', #1937 ) ;
#2170 = FACE_OUTER_BOUND ( 'NONE', #2071, .T. ) ;
#2171 = DIRECTION ( 'NONE',  ( -1.000000000000000000, 0.000000000000000000, 0.000000000000000000 ) ) ;
#2172 = CIRCLE ( 'NONE', #978, 6.600000000000022737 ) ;
#2173 = EDGE_CURVE ( 'NONE', #1748, #2155, #1781, .T. ) ;
#2174 = ORIENTED_EDGE ( 'NONE', *, *, #58, .T. ) ;
#2175 = FACE_OUTER_BOUND ( 'NONE', #1570, .T. ) ;
#2176 = VECTOR ( 'NONE', #509, 1000.000000000000000 ) ;
#2177 = VECTOR ( 'NONE', #382, 1000.000000000000000 ) ;
#2178 = ORIENTED_EDGE ( 'NONE', *, *, #1399, .F. ) ;
#2179 = DIRECTION ( 'NONE',  ( -0.000000000000000000, -1.000000000000000000, 0.000000000000000000 ) ) ;
#2180 = LINE ( 'NONE', #811, #41 ) ;
#2181 = ORIENTED_EDGE ( 'NONE', *, *, #317, .T. ) ;
#2182 = CARTESIAN_POINT ( 'NONE',  ( 86.40000000000000568, 43.99999999999999289, -37.64999999999999858 ) ) ;
#2183 = EDGE_LOOP ( 'NONE', ( #374, #1228, #1022, #1012 ) ) ;
#2184 = CARTESIAN_POINT ( 'NONE',  ( 93.00000000000000000, 43.99999999999999289, 7.000000000000000000 ) ) ;
#2185 = ORIENTED_EDGE ( 'NONE', *, *, #1066, .T. ) ;
#2186 = CYLINDRICAL_SURFACE ( 'NONE', #121, 6.600000000000000533 ) ;
#2187 = DIRECTION ( 'NONE',  ( 0.000000000000000000, 0.000000000000000000, -1.000000000000000000 ) ) ;
#2188 = VERTEX_POINT ( 'NONE', #372 ) ;
#2189 = EDGE_CURVE ( 'NONE', #1121, #1524, #797, .T. ) ;
#2190 = CARTESIAN_POINT ( 'NONE',  ( 93.00000000000000000, 43.99999999999999289, 5.250000000000000000 ) ) ;
#2191 = VERTEX_POINT ( 'NONE', #563 ) ;
#2192 = DIRECTION ( 'NONE',  ( -1.000000000000000000, 0.000000000000000000, 0.000000000000000000 ) ) ;
#2193 = VERTEX_POINT ( 'NONE', #735 ) ;
#2194 = CARTESIAN_POINT ( 'NONE',  ( 95.19999999999998863, 43.99999999999999289, -39.39999999999999858 ) ) ;
#2195 = EDGE_CURVE ( 'NONE', #666, #1080, #1114, .T. ) ;
#2196 = LINE ( 'NONE', #116, #50 ) ;
#2197 = AXIS2_PLACEMENT_3D ( 'NONE', #2122, #1618, #16 ) ;
#2198 = ORIENTED_EDGE ( 'NONE', *, *, #459, .F. ) ;
#2199 = AXIS2_PLACEMENT_3D ( 'NONE', #74, #246, #2033 ) ;
#2200 = DIRECTION ( 'NONE',  ( -1.000000000000000000, 0.000000000000000000, 0.000000000000000000 ) ) ;
#2201 = AXIS2_PLACEMENT_3D ( 'NONE', #183, #892, #561 ) ;
#2202 = CIRCLE ( 'NONE', #1455, 7.100000000000078693 ) ;
#2203 = ORIENTED_EDGE ( 'NONE', *, *, #118, .F. ) ;
#2204 = DIRECTION ( 'NONE',  ( 0.000000000000000000, 0.000000000000000000, 1.000000000000000000 ) ) ;
#2205 = AXIS2_PLACEMENT_3D ( 'NONE', #1478, #1638, #2164 ) ;
#2206 = ORIENTED_EDGE ( 'NONE', *, *, #1507, .T. ) ;
#2207 = DIRECTION ( 'NONE',  ( -0.000000000000000000, -0.000000000000000000, -1.000000000000000000 ) ) ;
#2208 = AXIS2_PLACEMENT_3D ( 'NONE', #55, #763, #494 ) ;
#2209 = CARTESIAN_POINT ( 'NONE',  ( 138.5000000000000000, 43.99999999999999289, 7.000000000000000000 ) ) ;
#2210 = CARTESIAN_POINT ( 'NONE',  ( 131.4000000000000057, 43.99999999999999289, -32.39999999999999858 ) ) ;
#2211 = EDGE_CURVE ( 'NONE', #905, #1365, #1055, .T. ) ;
#2212 = CIRCLE ( 'NONE', #1958, 1.500000000000001332 ) ;
#2213 = EDGE_LOOP ( 'NONE', ( #244, #2115 ) ) ;
#2214 = AXIS2_PLACEMENT_3D ( 'NONE', #1771, #1075, #1971 ) ;
#2215 = EDGE_CURVE ( 'NONE', #1237, #1213, #1533, .T. ) ;
#2216 = LINE ( 'NONE', #2075, #2176 ) ;
#2217 = EDGE_LOOP ( 'NONE', ( #911, #1480, #436, #1222 ) ) ;
#2218 = CARTESIAN_POINT ( 'NONE',  ( 138.5000000000000000, 43.99999999999999289, -32.89999999999996305 ) ) ;
#2219 = ORIENTED_EDGE ( 'NONE', *, *, #1352, .F. ) ;
#2220 = CARTESIAN_POINT ( 'NONE',  ( 16.60000000000000497, 44.00000000000000000, 0.5000000000000707212 ) ) ;
#2221 = DIRECTION ( 'NONE',  ( -0.000000000000000000, -0.000000000000000000, -1.000000000000000000 ) ) ;
#2222 = LINE ( 'NONE', #1042, #1569 ) ;
#2223 = DIRECTION ( 'NONE',  ( -0.000000000000000000, -0.000000000000000000, 1.000000000000000000 ) ) ;
#2224 = ORIENTED_EDGE ( 'NONE', *, *, #2025, .F. ) ;
#2225 = EDGE_CURVE ( 'NONE', #1529, #1785, #169, .T. ) ;
#2226 = DIRECTION ( 'NONE',  ( 1.000000000000000000, 0.000000000000000000, 0.000000000000000000 ) ) ;
#2227 = VERTEX_POINT ( 'NONE', #1947 ) ;
#2228 = DIRECTION ( 'NONE',  ( -0.000000000000000000, -0.000000000000000000, -1.000000000000000000 ) ) ;
#2229 = ORIENTED_EDGE ( 'NONE', *, *, #1432, .F. ) ;
#2230 = CARTESIAN_POINT ( 'NONE',  ( 93.00000000000000000, 43.99999999999999289, -32.89999999999993463 ) ) ;
#2231 = EDGE_CURVE ( 'NONE', #205, #1590, #1301, .T. ) ;
#2232 = DIRECTION ( 'NONE',  ( 1.000000000000000000, 0.000000000000000000, 0.000000000000000000 ) ) ;
#2233 = DIRECTION ( 'NONE',  ( 1.000000000000000000, 0.000000000000000000, -0.000000000000000000 ) ) ;
#2234 = CARTESIAN_POINT ( 'NONE',  ( 17.09999999999992326, 44.00000000000000000, -32.39999999999999858 ) ) ;
#2235 = ORIENTED_EDGE ( 'NONE', *, *, #1332, .T. ) ;
#2236 = AXIS2_PLACEMENT_3D ( 'NONE', #478, #836, #1188 ) ;
#2237 = DIRECTION ( 'NONE',  ( -0.000000000000000000, -0.000000000000000000, 1.000000000000000000 ) ) ;
#2238 = PLANE ( 'NONE',  #2102 ) ;
#2239 = AXIS2_PLACEMENT_3D ( 'NONE', #907, #893, #1447 ) ;
#2240 = CIRCLE ( 'NONE', #1987, 7.100000000000078693 ) ;
#2241 = VERTEX_POINT ( 'NONE', #1834 ) ;
#2242 = FACE_OUTER_BOUND ( 'NONE', #2001, .T. ) ;
#2243 = CARTESIAN_POINT ( 'NONE',  ( 131.8999999999999773, 43.99999999999999289, 5.250000000000000000 ) ) ;
#2244 = DIRECTION ( 'NONE',  ( -0.000000000000000000, -0.000000000000000000, -1.000000000000000000 ) ) ;
#2245 = CIRCLE ( 'NONE', #347, 2.199999999999993516 ) ;
#2246 = VECTOR ( 'NONE', #2012, 1000.000000000000000 ) ;
#2247 = FACE_BOUND ( 'NONE', #2142, .T. ) ;
#2248 = VERTEX_POINT ( 'NONE', #778 ) ;
#2249 = CONICAL_SURFACE ( 'NONE', #465, 6.599999999999994316, 0.7853981633974534970 ) ;
#2250 = AXIS2_PLACEMENT_3D ( 'NONE', #2068, #1004, #346 ) ;
#2251 = DIRECTION ( 'NONE',  ( 0.000000000000000000, 0.000000000000000000, 1.000000000000000000 ) ) ;
#2252 = CYLINDRICAL_SURFACE ( 'NONE', #235, 2.600000000000004974 ) ;
#2253 = EDGE_CURVE ( 'NONE', #590, #209, #695, .T. ) ;
#2254 = EDGE_LOOP ( 'NONE', ( #379, #850, #1149, #76 ) ) ;
#2255 = DIRECTION ( 'NONE',  ( 1.000000000000000000, 0.000000000000000000, 0.000000000000000000 ) ) ;
#2256 = CARTESIAN_POINT ( 'NONE',  ( 60.00002264833061361, 4.052132500626951739, -39.39999999999999858 ) ) ;
#2257 = DIRECTION ( 'NONE',  ( -0.000000000000000000, -0.000000000000000000, 1.000000000000000000 ) ) ;
#2258 = DIRECTION ( 'NONE',  ( -0.000000000000000000, -0.000000000000000000, 1.000000000000000000 ) ) ;
#2259 = EDGE_LOOP ( 'NONE', ( #1670, #1313, #1270, #881 ) ) ;
ENDSEC;
END-ISO-10303-21;
