ISO-10303-21;
HEADER;
/* Generated by software containing ST-Developer
 * from STEP Tools, Inc. (www.steptools.com) 
 */

FILE_DESCRIPTION(
/* description */ ('',
'CAx-IF Rec.Pracs.---Representation and Presentation of Product Manufa
cturing Information (PMI)---4.0---2014-10-13'),
/* implementation_level */ '2;1');

FILE_NAME(
/* name */ 'FC-280.step',
/* time_stamp */ '2025-03-17T02:45:33-07:00',
/* author */ (''),
/* organization */ (''),
/* preprocessor_version */ 'ST-DEVELOPER v20',
/* originating_system */ 'Autodesk Translation Framework v13.20.0.188',

/* authorisation */ '');

FILE_SCHEMA (('AP242_MANAGED_MODEL_BASED_3D_ENGINEERING_MIM_LF { 1 0 10303 442 1 1 4 }'));
ENDSEC;

DATA;
#10=MECHANICAL_DESIGN_GEOMETRIC_PRESENTATION_REPRESENTATION('',(#120,#121,
#122,#123),#5653);
#11=ITEM_DEFINED_TRANSFORMATION($,$,#3407,#3471);
#12=ITEM_DEFINED_TRANSFORMATION($,$,#3182,#3472);
#13=ITEM_DEFINED_TRANSFORMATION($,$,#3272,#3473);
#14=ITEM_DEFINED_TRANSFORMATION($,$,#3406,#3474);
#15=(
REPRESENTATION_RELATIONSHIP($,$,#5676,#5675)
REPRESENTATION_RELATIONSHIP_WITH_TRANSFORMATION(#11)
SHAPE_REPRESENTATION_RELATIONSHIP()
);
#16=(
REPRESENTATION_RELATIONSHIP($,$,#5673,#5672)
REPRESENTATION_RELATIONSHIP_WITH_TRANSFORMATION(#12)
SHAPE_REPRESENTATION_RELATIONSHIP()
);
#17=(
REPRESENTATION_RELATIONSHIP($,$,#5674,#5672)
REPRESENTATION_RELATIONSHIP_WITH_TRANSFORMATION(#13)
SHAPE_REPRESENTATION_RELATIONSHIP()
);
#18=(
REPRESENTATION_RELATIONSHIP($,$,#5675,#5672)
REPRESENTATION_RELATIONSHIP_WITH_TRANSFORMATION(#14)
SHAPE_REPRESENTATION_RELATIONSHIP()
);
#19=CONTEXT_DEPENDENT_SHAPE_REPRESENTATION(#15,#5668);
#20=CONTEXT_DEPENDENT_SHAPE_REPRESENTATION(#16,#5669);
#21=CONTEXT_DEPENDENT_SHAPE_REPRESENTATION(#17,#5670);
#22=CONTEXT_DEPENDENT_SHAPE_REPRESENTATION(#18,#5671);
#23=NEXT_ASSEMBLY_USAGE_OCCURRENCE('Washer:1','Washer:1','Washer:1',#5681,
#5682,'Washer:1');
#24=NEXT_ASSEMBLY_USAGE_OCCURRENCE('Cap:1','Cap:1','Cap:1',#5678,#5679,
'Cap:1');
#25=NEXT_ASSEMBLY_USAGE_OCCURRENCE('Shaft:1','Shaft:1','Shaft:1',#5678,
#5680,'Shaft:1');
#26=NEXT_ASSEMBLY_USAGE_OCCURRENCE('Case:1','Case:1','Case:1',#5678,#5681,
'Case:1');
#27=(
BOUNDED_CURVE()
B_SPLINE_CURVE(2,(#4933,#4934,#4935),.UNSPECIFIED.,.F.,.F.)
B_SPLINE_CURVE_WITH_KNOTS((3,3),(0.,0.00842335231677396),.UNSPECIFIED.)
CURVE()
GEOMETRIC_REPRESENTATION_ITEM()
RATIONAL_B_SPLINE_CURVE((1.,1.00501901176218,1.0083326385485))
REPRESENTATION_ITEM('')
);
#28=(
BOUNDED_CURVE()
B_SPLINE_CURVE(2,(#4939,#4940,#4941),.UNSPECIFIED.,.F.,.F.)
B_SPLINE_CURVE_WITH_KNOTS((3,3),(0.0311907172704375,0.0495804817720405),
 .UNSPECIFIED.)
CURVE()
GEOMETRIC_REPRESENTATION_ITEM()
RATIONAL_B_SPLINE_CURVE((1.01378650016751,1.01095744792159,1.))
REPRESENTATION_ITEM('')
);
#29=(
BOUNDED_CURVE()
B_SPLINE_CURVE(2,(#4947,#4948,#4949),.UNSPECIFIED.,.F.,.F.)
B_SPLINE_CURVE_WITH_KNOTS((3,3),(-0.727861481005225,-0.68157132011985),
 .UNSPECIFIED.)
CURVE()
GEOMETRIC_REPRESENTATION_ITEM()
RATIONAL_B_SPLINE_CURVE((4.79758739703124,4.74293140084568,4.67986749754279))
REPRESENTATION_ITEM('')
);
#30=(
BOUNDED_CURVE()
B_SPLINE_CURVE(2,(#4950,#4951,#4952),.UNSPECIFIED.,.F.,.F.)
B_SPLINE_CURVE_WITH_KNOTS((3,3),(-0.68157132011985,-0.634219573134459),
 .UNSPECIFIED.)
CURVE()
GEOMETRIC_REPRESENTATION_ITEM()
RATIONAL_B_SPLINE_CURVE((4.67986749754279,4.61535733088979,4.54204919300106))
REPRESENTATION_ITEM('')
);
#31=(
BOUNDED_CURVE()
B_SPLINE_CURVE(2,(#4953,#4954,#4955),.UNSPECIFIED.,.F.,.F.)
B_SPLINE_CURVE_WITH_KNOTS((3,3),(0.0411571294552706,0.0495804817720447),
 .UNSPECIFIED.)
CURVE()
GEOMETRIC_REPRESENTATION_ITEM()
RATIONAL_B_SPLINE_CURVE((1.0083326385485,1.00501901176218,1.))
REPRESENTATION_ITEM('')
);
#32=(
BOUNDED_CURVE()
B_SPLINE_CURVE(2,(#4958,#4959,#4960),.UNSPECIFIED.,.F.,.F.)
B_SPLINE_CURVE_WITH_KNOTS((3,3),(0.,0.00842335231677346),.UNSPECIFIED.)
CURVE()
GEOMETRIC_REPRESENTATION_ITEM()
RATIONAL_B_SPLINE_CURVE((1.,1.00501901176221,1.00833263854855))
REPRESENTATION_ITEM('')
);
#33=(
BOUNDED_CURVE()
B_SPLINE_CURVE(2,(#4963,#4964,#4965),.UNSPECIFIED.,.F.,.F.)
B_SPLINE_CURVE_WITH_KNOTS((3,3),(0.0311907172704376,0.0495804817720413),
 .UNSPECIFIED.)
CURVE()
GEOMETRIC_REPRESENTATION_ITEM()
RATIONAL_B_SPLINE_CURVE((1.01378650016751,1.01095744792158,1.))
REPRESENTATION_ITEM('')
);
#34=(
BOUNDED_CURVE()
B_SPLINE_CURVE(2,(#4969,#4970,#4971),.UNSPECIFIED.,.F.,.F.)
B_SPLINE_CURVE_WITH_KNOTS((3,3),(0.,0.0183897645016026),.UNSPECIFIED.)
CURVE()
GEOMETRIC_REPRESENTATION_ITEM()
RATIONAL_B_SPLINE_CURVE((1.,1.01095744792169,1.01378650016764))
REPRESENTATION_ITEM('')
);
#35=(
BOUNDED_CURVE()
B_SPLINE_CURVE(2,(#4972,#4973,#4974),.UNSPECIFIED.,.F.,.F.)
B_SPLINE_CURVE_WITH_KNOTS((3,3),(0.0411571294552707,0.049580481772045),
 .UNSPECIFIED.)
CURVE()
GEOMETRIC_REPRESENTATION_ITEM()
RATIONAL_B_SPLINE_CURVE((1.0083326385485,1.00501901176218,1.))
REPRESENTATION_ITEM('')
);
#36=(
BOUNDED_CURVE()
B_SPLINE_CURVE(2,(#4977,#4978,#4979),.UNSPECIFIED.,.F.,.F.)
B_SPLINE_CURVE_WITH_KNOTS((3,3),(0.,0.00842335231677247),.UNSPECIFIED.)
CURVE()
GEOMETRIC_REPRESENTATION_ITEM()
RATIONAL_B_SPLINE_CURVE((1.,1.00501901176223,1.00833263854859))
REPRESENTATION_ITEM('')
);
#37=(
BOUNDED_CURVE()
B_SPLINE_CURVE(2,(#4982,#4983,#4984),.UNSPECIFIED.,.F.,.F.)
B_SPLINE_CURVE_WITH_KNOTS((3,3),(0.0311907172704386,0.0495804817720414),
 .UNSPECIFIED.)
CURVE()
GEOMETRIC_REPRESENTATION_ITEM()
RATIONAL_B_SPLINE_CURVE((1.01378650016753,1.0109574479216,1.))
REPRESENTATION_ITEM('')
);
#38=(
BOUNDED_CURVE()
B_SPLINE_CURVE(2,(#4988,#4989,#4990),.UNSPECIFIED.,.F.,.F.)
B_SPLINE_CURVE_WITH_KNOTS((3,3),(0.,0.0183897645016048),.UNSPECIFIED.)
CURVE()
GEOMETRIC_REPRESENTATION_ITEM()
RATIONAL_B_SPLINE_CURVE((1.,1.01095744792148,1.01378650016737))
REPRESENTATION_ITEM('')
);
#39=(
BOUNDED_CURVE()
B_SPLINE_CURVE(2,(#4991,#4992,#4993),.UNSPECIFIED.,.F.,.F.)
B_SPLINE_CURVE_WITH_KNOTS((3,3),(0.0411571294552714,0.049580481772045),
 .UNSPECIFIED.)
CURVE()
GEOMETRIC_REPRESENTATION_ITEM()
RATIONAL_B_SPLINE_CURVE((1.00833263854857,1.00501901176222,1.))
REPRESENTATION_ITEM('')
);
#40=(
BOUNDED_CURVE()
B_SPLINE_CURVE(2,(#4996,#4997,#4998),.UNSPECIFIED.,.F.,.F.)
B_SPLINE_CURVE_WITH_KNOTS((3,3),(0.,0.00842335231677454),.UNSPECIFIED.)
CURVE()
GEOMETRIC_REPRESENTATION_ITEM()
RATIONAL_B_SPLINE_CURVE((1.,1.00501901176217,1.00833263854849))
REPRESENTATION_ITEM('')
);
#41=(
BOUNDED_CURVE()
B_SPLINE_CURVE(2,(#5001,#5002,#5003),.UNSPECIFIED.,.F.,.F.)
B_SPLINE_CURVE_WITH_KNOTS((3,3),(0.0311907172704374,0.0495804817720405),
 .UNSPECIFIED.)
CURVE()
GEOMETRIC_REPRESENTATION_ITEM()
RATIONAL_B_SPLINE_CURVE((1.01378650016752,1.0109574479216,1.))
REPRESENTATION_ITEM('')
);
#42=(
BOUNDED_CURVE()
B_SPLINE_CURVE(2,(#5007,#5008,#5009),.UNSPECIFIED.,.F.,.F.)
B_SPLINE_CURVE_WITH_KNOTS((3,3),(0.,0.0183897645016028),.UNSPECIFIED.)
CURVE()
GEOMETRIC_REPRESENTATION_ITEM()
RATIONAL_B_SPLINE_CURVE((1.,1.01095744792169,1.01378650016764))
REPRESENTATION_ITEM('')
);
#43=(
BOUNDED_CURVE()
B_SPLINE_CURVE(2,(#5010,#5011,#5012),.UNSPECIFIED.,.F.,.F.)
B_SPLINE_CURVE_WITH_KNOTS((3,3),(0.0411571294552717,0.0495804817720455),
 .UNSPECIFIED.)
CURVE()
GEOMETRIC_REPRESENTATION_ITEM()
RATIONAL_B_SPLINE_CURVE((1.00833263854855,1.00501901176221,1.))
REPRESENTATION_ITEM('')
);
#44=(
BOUNDED_CURVE()
B_SPLINE_CURVE(2,(#5015,#5016,#5017),.UNSPECIFIED.,.F.,.F.)
B_SPLINE_CURVE_WITH_KNOTS((3,3),(0.,0.00842335231677345),.UNSPECIFIED.)
CURVE()
GEOMETRIC_REPRESENTATION_ITEM()
RATIONAL_B_SPLINE_CURVE((1.,1.00501901176221,1.00833263854855))
REPRESENTATION_ITEM('')
);
#45=(
BOUNDED_CURVE()
B_SPLINE_CURVE(2,(#5020,#5021,#5022),.UNSPECIFIED.,.F.,.F.)
B_SPLINE_CURVE_WITH_KNOTS((3,3),(0.0311907172704375,0.0495804817720407),
 .UNSPECIFIED.)
CURVE()
GEOMETRIC_REPRESENTATION_ITEM()
RATIONAL_B_SPLINE_CURVE((1.01378650016753,1.0109574479216,1.))
REPRESENTATION_ITEM('')
);
#46=(
BOUNDED_CURVE()
B_SPLINE_CURVE(2,(#5026,#5027,#5028),.UNSPECIFIED.,.F.,.F.)
B_SPLINE_CURVE_WITH_KNOTS((3,3),(0.,0.0183897645016012),.UNSPECIFIED.)
CURVE()
GEOMETRIC_REPRESENTATION_ITEM()
RATIONAL_B_SPLINE_CURVE((1.,1.01095744792182,1.0137865001678))
REPRESENTATION_ITEM('')
);
#47=(
BOUNDED_CURVE()
B_SPLINE_CURVE(2,(#5029,#5030,#5031),.UNSPECIFIED.,.F.,.F.)
B_SPLINE_CURVE_WITH_KNOTS((3,3),(0.0411571294552703,0.0495804817720442),
 .UNSPECIFIED.)
CURVE()
GEOMETRIC_REPRESENTATION_ITEM()
RATIONAL_B_SPLINE_CURVE((1.00833263854854,1.0050190117622,1.))
REPRESENTATION_ITEM('')
);
#48=(
BOUNDED_CURVE()
B_SPLINE_CURVE(2,(#5034,#5035,#5036),.UNSPECIFIED.,.F.,.F.)
B_SPLINE_CURVE_WITH_KNOTS((3,3),(0.,0.00842335231677334),.UNSPECIFIED.)
CURVE()
GEOMETRIC_REPRESENTATION_ITEM()
RATIONAL_B_SPLINE_CURVE((1.,1.00501901176221,1.00833263854856))
REPRESENTATION_ITEM('')
);
#49=(
BOUNDED_CURVE()
B_SPLINE_CURVE(2,(#5039,#5040,#5041),.UNSPECIFIED.,.F.,.F.)
B_SPLINE_CURVE_WITH_KNOTS((3,3),(0.0311907172704375,0.0495804817720409),
 .UNSPECIFIED.)
CURVE()
GEOMETRIC_REPRESENTATION_ITEM()
RATIONAL_B_SPLINE_CURVE((1.01378650016752,1.01095744792159,1.))
REPRESENTATION_ITEM('')
);
#50=(
BOUNDED_CURVE()
B_SPLINE_CURVE(2,(#5045,#5046,#5047),.UNSPECIFIED.,.F.,.F.)
B_SPLINE_CURVE_WITH_KNOTS((3,3),(0.,0.0183897645016026),.UNSPECIFIED.)
CURVE()
GEOMETRIC_REPRESENTATION_ITEM()
RATIONAL_B_SPLINE_CURVE((1.,1.01095744792168,1.01378650016763))
REPRESENTATION_ITEM('')
);
#51=(
BOUNDED_CURVE()
B_SPLINE_CURVE(2,(#5048,#5049,#5050),.UNSPECIFIED.,.F.,.F.)
B_SPLINE_CURVE_WITH_KNOTS((3,3),(0.0411571294552721,0.0495804817720454),
 .UNSPECIFIED.)
CURVE()
GEOMETRIC_REPRESENTATION_ITEM()
RATIONAL_B_SPLINE_CURVE((1.00833263854855,1.00501901176221,1.))
REPRESENTATION_ITEM('')
);
#52=(
BOUNDED_CURVE()
B_SPLINE_CURVE(2,(#5053,#5054,#5055),.UNSPECIFIED.,.F.,.F.)
B_SPLINE_CURVE_WITH_KNOTS((3,3),(0.,0.00842335231677246),.UNSPECIFIED.)
CURVE()
GEOMETRIC_REPRESENTATION_ITEM()
RATIONAL_B_SPLINE_CURVE((1.,1.00501901176224,1.0083326385486))
REPRESENTATION_ITEM('')
);
#53=(
BOUNDED_CURVE()
B_SPLINE_CURVE(2,(#5058,#5059,#5060),.UNSPECIFIED.,.F.,.F.)
B_SPLINE_CURVE_WITH_KNOTS((3,3),(0.0311907172704381,0.0495804817720415),
 .UNSPECIFIED.)
CURVE()
GEOMETRIC_REPRESENTATION_ITEM()
RATIONAL_B_SPLINE_CURVE((1.0137865001675,1.01095744792158,1.))
REPRESENTATION_ITEM('')
);
#54=(
BOUNDED_CURVE()
B_SPLINE_CURVE(2,(#5064,#5065,#5066),.UNSPECIFIED.,.F.,.F.)
B_SPLINE_CURVE_WITH_KNOTS((3,3),(0.,0.0183897645016026),.UNSPECIFIED.)
CURVE()
GEOMETRIC_REPRESENTATION_ITEM()
RATIONAL_B_SPLINE_CURVE((1.,1.01095744792171,1.01378650016766))
REPRESENTATION_ITEM('')
);
#55=(
BOUNDED_CURVE()
B_SPLINE_CURVE(2,(#5067,#5068,#5069),.UNSPECIFIED.,.F.,.F.)
B_SPLINE_CURVE_WITH_KNOTS((3,3),(0.041157129455271,0.0495804817720453),
 .UNSPECIFIED.)
CURVE()
GEOMETRIC_REPRESENTATION_ITEM()
RATIONAL_B_SPLINE_CURVE((1.00833263854851,1.00501901176218,1.))
REPRESENTATION_ITEM('')
);
#56=(
BOUNDED_CURVE()
B_SPLINE_CURVE(2,(#5072,#5073,#5074),.UNSPECIFIED.,.F.,.F.)
B_SPLINE_CURVE_WITH_KNOTS((3,3),(0.,0.00842335231677307),.UNSPECIFIED.)
CURVE()
GEOMETRIC_REPRESENTATION_ITEM()
RATIONAL_B_SPLINE_CURVE((1.,1.00501901176223,1.00833263854859))
REPRESENTATION_ITEM('')
);
#57=(
BOUNDED_CURVE()
B_SPLINE_CURVE(2,(#5077,#5078,#5079),.UNSPECIFIED.,.F.,.F.)
B_SPLINE_CURVE_WITH_KNOTS((3,3),(0.0311907172704374,0.04958048177204),
 .UNSPECIFIED.)
CURVE()
GEOMETRIC_REPRESENTATION_ITEM()
RATIONAL_B_SPLINE_CURVE((1.01378650016766,1.0109574479217,1.))
REPRESENTATION_ITEM('')
);
#58=(
BOUNDED_CURVE()
B_SPLINE_CURVE(2,(#5083,#5084,#5085),.UNSPECIFIED.,.F.,.F.)
B_SPLINE_CURVE_WITH_KNOTS((3,3),(0.,0.018389764501601),.UNSPECIFIED.)
CURVE()
GEOMETRIC_REPRESENTATION_ITEM()
RATIONAL_B_SPLINE_CURVE((1.,1.01095744792182,1.01378650016781))
REPRESENTATION_ITEM('')
);
#59=(
BOUNDED_CURVE()
B_SPLINE_CURVE(2,(#5086,#5087,#5088),.UNSPECIFIED.,.F.,.F.)
B_SPLINE_CURVE_WITH_KNOTS((3,3),(0.0411571294552712,0.0495804817720446),
 .UNSPECIFIED.)
CURVE()
GEOMETRIC_REPRESENTATION_ITEM()
RATIONAL_B_SPLINE_CURVE((1.00833263854857,1.00501901176222,1.))
REPRESENTATION_ITEM('')
);
#60=(
BOUNDED_CURVE()
B_SPLINE_CURVE(2,(#5091,#5092,#5093),.UNSPECIFIED.,.F.,.F.)
B_SPLINE_CURVE_WITH_KNOTS((3,3),(0.,0.00842335231677243),.UNSPECIFIED.)
CURVE()
GEOMETRIC_REPRESENTATION_ITEM()
RATIONAL_B_SPLINE_CURVE((1.,1.00501901176223,1.00833263854858))
REPRESENTATION_ITEM('')
);
#61=(
BOUNDED_CURVE()
B_SPLINE_CURVE(2,(#5096,#5097,#5098),.UNSPECIFIED.,.F.,.F.)
B_SPLINE_CURVE_WITH_KNOTS((3,3),(0.0311907172704387,0.049580481772042),
 .UNSPECIFIED.)
CURVE()
GEOMETRIC_REPRESENTATION_ITEM()
RATIONAL_B_SPLINE_CURVE((1.01378650016751,1.01095744792158,1.))
REPRESENTATION_ITEM('')
);
#62=(
BOUNDED_CURVE()
B_SPLINE_CURVE(2,(#5102,#5103,#5104),.UNSPECIFIED.,.F.,.F.)
B_SPLINE_CURVE_WITH_KNOTS((3,3),(0.,0.0183897645016016),.UNSPECIFIED.)
CURVE()
GEOMETRIC_REPRESENTATION_ITEM()
RATIONAL_B_SPLINE_CURVE((1.,1.01095744792182,1.0137865001678))
REPRESENTATION_ITEM('')
);
#63=(
BOUNDED_CURVE()
B_SPLINE_CURVE(2,(#5105,#5106,#5107),.UNSPECIFIED.,.F.,.F.)
B_SPLINE_CURVE_WITH_KNOTS((3,3),(0.0411571294552712,0.0495804817720445),
 .UNSPECIFIED.)
CURVE()
GEOMETRIC_REPRESENTATION_ITEM()
RATIONAL_B_SPLINE_CURVE((1.00833263854855,1.00501901176221,1.))
REPRESENTATION_ITEM('')
);
#64=(
BOUNDED_CURVE()
B_SPLINE_CURVE(2,(#5110,#5111,#5112),.UNSPECIFIED.,.F.,.F.)
B_SPLINE_CURVE_WITH_KNOTS((3,3),(0.,0.00842335231677408),.UNSPECIFIED.)
CURVE()
GEOMETRIC_REPRESENTATION_ITEM()
RATIONAL_B_SPLINE_CURVE((1.,1.00501901176218,1.00833263854851))
REPRESENTATION_ITEM('')
);
#65=(
BOUNDED_CURVE()
B_SPLINE_CURVE(2,(#5115,#5116,#5117),.UNSPECIFIED.,.F.,.F.)
B_SPLINE_CURVE_WITH_KNOTS((3,3),(0.0311907172704383,0.0495804817720404),
 .UNSPECIFIED.)
CURVE()
GEOMETRIC_REPRESENTATION_ITEM()
RATIONAL_B_SPLINE_CURVE((1.01378650016767,1.01095744792171,1.))
REPRESENTATION_ITEM('')
);
#66=(
BOUNDED_CURVE()
B_SPLINE_CURVE(2,(#5121,#5122,#5123),.UNSPECIFIED.,.F.,.F.)
B_SPLINE_CURVE_WITH_KNOTS((3,3),(0.,0.0183897645016026),.UNSPECIFIED.)
CURVE()
GEOMETRIC_REPRESENTATION_ITEM()
RATIONAL_B_SPLINE_CURVE((1.,1.01095744792169,1.01378650016764))
REPRESENTATION_ITEM('')
);
#67=(
BOUNDED_CURVE()
B_SPLINE_CURVE(2,(#5124,#5125,#5126),.UNSPECIFIED.,.F.,.F.)
B_SPLINE_CURVE_WITH_KNOTS((3,3),(0.0411571294552708,0.0495804817720449),
 .UNSPECIFIED.)
CURVE()
GEOMETRIC_REPRESENTATION_ITEM()
RATIONAL_B_SPLINE_CURVE((1.00833263854851,1.00501901176218,1.))
REPRESENTATION_ITEM('')
);
#68=(
BOUNDED_CURVE()
B_SPLINE_CURVE(2,(#5129,#5130,#5131),.UNSPECIFIED.,.F.,.F.)
B_SPLINE_CURVE_WITH_KNOTS((3,3),(0.,0.00842335231677346),.UNSPECIFIED.)
CURVE()
GEOMETRIC_REPRESENTATION_ITEM()
RATIONAL_B_SPLINE_CURVE((1.,1.00501901176221,1.00833263854856))
REPRESENTATION_ITEM('')
);
#69=(
BOUNDED_CURVE()
B_SPLINE_CURVE(2,(#5134,#5135,#5136),.UNSPECIFIED.,.F.,.F.)
B_SPLINE_CURVE_WITH_KNOTS((3,3),(0.0311907172704377,0.0495804817720409),
 .UNSPECIFIED.)
CURVE()
GEOMETRIC_REPRESENTATION_ITEM()
RATIONAL_B_SPLINE_CURVE((1.01378650016751,1.01095744792158,1.))
REPRESENTATION_ITEM('')
);
#70=(
BOUNDED_CURVE()
B_SPLINE_CURVE(2,(#5139,#5140,#5141),.UNSPECIFIED.,.F.,.F.)
B_SPLINE_CURVE_WITH_KNOTS((3,3),(0.0411571294552714,0.0495804817720452),
 .UNSPECIFIED.)
CURVE()
GEOMETRIC_REPRESENTATION_ITEM()
RATIONAL_B_SPLINE_CURVE((1.00833263854854,1.0050190117622,1.))
REPRESENTATION_ITEM('')
);
#71=(
BOUNDED_CURVE()
B_SPLINE_CURVE(2,(#5145,#5146,#5147),.UNSPECIFIED.,.F.,.F.)
B_SPLINE_CURVE_WITH_KNOTS((3,3),(0.0411571294552706,0.049580481772045),
 .UNSPECIFIED.)
CURVE()
GEOMETRIC_REPRESENTATION_ITEM()
RATIONAL_B_SPLINE_CURVE((1.00833263854849,1.00501901176217,1.))
REPRESENTATION_ITEM('')
);
#72=(
BOUNDED_CURVE()
B_SPLINE_CURVE(2,(#5148,#5149,#5150),.UNSPECIFIED.,.F.,.F.)
B_SPLINE_CURVE_WITH_KNOTS((3,3),(0.,0.0084233523167741),.UNSPECIFIED.)
CURVE()
GEOMETRIC_REPRESENTATION_ITEM()
RATIONAL_B_SPLINE_CURVE((1.,1.00501901176219,1.00833263854851))
REPRESENTATION_ITEM('')
);
#73=(
BOUNDED_CURVE()
B_SPLINE_CURVE(2,(#5154,#5155,#5156),.UNSPECIFIED.,.F.,.F.)
B_SPLINE_CURVE_WITH_KNOTS((3,3),(0.0411571294552709,0.0495804817720452),
 .UNSPECIFIED.)
CURVE()
GEOMETRIC_REPRESENTATION_ITEM()
RATIONAL_B_SPLINE_CURVE((1.00833263854851,1.00501901176218,1.))
REPRESENTATION_ITEM('')
);
#74=(
BOUNDED_CURVE()
B_SPLINE_CURVE(2,(#5157,#5158,#5159),.UNSPECIFIED.,.F.,.F.)
B_SPLINE_CURVE_WITH_KNOTS((3,3),(0.,0.00842335231677427),.UNSPECIFIED.)
CURVE()
GEOMETRIC_REPRESENTATION_ITEM()
RATIONAL_B_SPLINE_CURVE((1.,1.00501901176219,1.00833263854851))
REPRESENTATION_ITEM('')
);
#75=(
BOUNDED_CURVE()
B_SPLINE_CURVE(2,(#5163,#5164,#5165),.UNSPECIFIED.,.F.,.F.)
B_SPLINE_CURVE_WITH_KNOTS((3,3),(0.0411571294552702,0.0495804817720449),
 .UNSPECIFIED.)
CURVE()
GEOMETRIC_REPRESENTATION_ITEM()
RATIONAL_B_SPLINE_CURVE((1.0083326385485,1.00501901176218,1.))
REPRESENTATION_ITEM('')
);
#76=(
BOUNDED_CURVE()
B_SPLINE_CURVE(2,(#5166,#5167,#5168),.UNSPECIFIED.,.F.,.F.)
B_SPLINE_CURVE_WITH_KNOTS((3,3),(0.,0.00842335231677394),.UNSPECIFIED.)
CURVE()
GEOMETRIC_REPRESENTATION_ITEM()
RATIONAL_B_SPLINE_CURVE((1.,1.00501901176221,1.00833263854855))
REPRESENTATION_ITEM('')
);
#77=(
BOUNDED_CURVE()
B_SPLINE_CURVE(2,(#5172,#5173,#5174),.UNSPECIFIED.,.F.,.F.)
B_SPLINE_CURVE_WITH_KNOTS((3,3),(0.041157129455272,0.0495804817720451),
 .UNSPECIFIED.)
CURVE()
GEOMETRIC_REPRESENTATION_ITEM()
RATIONAL_B_SPLINE_CURVE((1.00833263854856,1.00501901176221,1.))
REPRESENTATION_ITEM('')
);
#78=(
BOUNDED_CURVE()
B_SPLINE_CURVE(2,(#5175,#5176,#5177),.UNSPECIFIED.,.F.,.F.)
B_SPLINE_CURVE_WITH_KNOTS((3,3),(0.,0.00842335231677333),.UNSPECIFIED.)
CURVE()
GEOMETRIC_REPRESENTATION_ITEM()
RATIONAL_B_SPLINE_CURVE((1.,1.00501901176221,1.00833263854856))
REPRESENTATION_ITEM('')
);
#79=(
BOUNDED_CURVE()
B_SPLINE_CURVE(2,(#5181,#5182,#5183),.UNSPECIFIED.,.F.,.F.)
B_SPLINE_CURVE_WITH_KNOTS((3,3),(0.0411571294552717,0.049580481772045),
 .UNSPECIFIED.)
CURVE()
GEOMETRIC_REPRESENTATION_ITEM()
RATIONAL_B_SPLINE_CURVE((1.00833263854856,1.00501901176221,1.))
REPRESENTATION_ITEM('')
);
#80=(
BOUNDED_CURVE()
B_SPLINE_CURVE(2,(#5184,#5185,#5186),.UNSPECIFIED.,.F.,.F.)
B_SPLINE_CURVE_WITH_KNOTS((3,3),(0.,0.00842335231677368),.UNSPECIFIED.)
CURVE()
GEOMETRIC_REPRESENTATION_ITEM()
RATIONAL_B_SPLINE_CURVE((1.,1.00501901176221,1.00833263854855))
REPRESENTATION_ITEM('')
);
#81=(
BOUNDED_CURVE()
B_SPLINE_CURVE(2,(#5190,#5191,#5192),.UNSPECIFIED.,.F.,.F.)
B_SPLINE_CURVE_WITH_KNOTS((3,3),(0.0411571294552709,0.0495804817720451),
 .UNSPECIFIED.)
CURVE()
GEOMETRIC_REPRESENTATION_ITEM()
RATIONAL_B_SPLINE_CURVE((1.0083326385485,1.00501901176218,1.))
REPRESENTATION_ITEM('')
);
#82=(
BOUNDED_CURVE()
B_SPLINE_CURVE(2,(#5193,#5194,#5195),.UNSPECIFIED.,.F.,.F.)
B_SPLINE_CURVE_WITH_KNOTS((3,3),(0.,0.00842335231677468),.UNSPECIFIED.)
CURVE()
GEOMETRIC_REPRESENTATION_ITEM()
RATIONAL_B_SPLINE_CURVE((1.,1.00501901176218,1.0083326385485))
REPRESENTATION_ITEM('')
);
#83=(
BOUNDED_CURVE()
B_SPLINE_CURVE(2,(#5199,#5200,#5201),.UNSPECIFIED.,.F.,.F.)
B_SPLINE_CURVE_WITH_KNOTS((3,3),(0.0411571294552718,0.0495804817720447),
 .UNSPECIFIED.)
CURVE()
GEOMETRIC_REPRESENTATION_ITEM()
RATIONAL_B_SPLINE_CURVE((1.0083326385486,1.00501901176224,1.))
REPRESENTATION_ITEM('')
);
#84=(
BOUNDED_CURVE()
B_SPLINE_CURVE(2,(#5202,#5203,#5204),.UNSPECIFIED.,.F.,.F.)
B_SPLINE_CURVE_WITH_KNOTS((3,3),(0.,0.00842335231677362),.UNSPECIFIED.)
CURVE()
GEOMETRIC_REPRESENTATION_ITEM()
RATIONAL_B_SPLINE_CURVE((1.,1.00501901176221,1.00833263854855))
REPRESENTATION_ITEM('')
);
#85=(
BOUNDED_CURVE()
B_SPLINE_CURVE(2,(#5208,#5209,#5210),.UNSPECIFIED.,.F.,.F.)
B_SPLINE_CURVE_WITH_KNOTS((3,3),(0.041157129455271,0.0495804817720446),
 .UNSPECIFIED.)
CURVE()
GEOMETRIC_REPRESENTATION_ITEM()
RATIONAL_B_SPLINE_CURVE((1.00833263854855,1.00501901176221,1.))
REPRESENTATION_ITEM('')
);
#86=(
BOUNDED_CURVE()
B_SPLINE_CURVE(2,(#5211,#5212,#5213),.UNSPECIFIED.,.F.,.F.)
B_SPLINE_CURVE_WITH_KNOTS((3,3),(0.,0.00842335231677355),.UNSPECIFIED.)
CURVE()
GEOMETRIC_REPRESENTATION_ITEM()
RATIONAL_B_SPLINE_CURVE((1.,1.00501901176221,1.00833263854855))
REPRESENTATION_ITEM('')
);
#87=(
BOUNDED_CURVE()
B_SPLINE_CURVE(2,(#5217,#5218,#5219),.UNSPECIFIED.,.F.,.F.)
B_SPLINE_CURVE_WITH_KNOTS((3,3),(0.0411571294552718,0.0495804817720452),
 .UNSPECIFIED.)
CURVE()
GEOMETRIC_REPRESENTATION_ITEM()
RATIONAL_B_SPLINE_CURVE((1.00833263854855,1.00501901176221,1.))
REPRESENTATION_ITEM('')
);
#88=(
BOUNDED_CURVE()
B_SPLINE_CURVE(2,(#5220,#5221,#5222),.UNSPECIFIED.,.F.,.F.)
B_SPLINE_CURVE_WITH_KNOTS((3,3),(0.,0.00842335231677428),.UNSPECIFIED.)
CURVE()
GEOMETRIC_REPRESENTATION_ITEM()
RATIONAL_B_SPLINE_CURVE((1.,1.00501901176218,1.00833263854851))
REPRESENTATION_ITEM('')
);
#89=(
BOUNDED_CURVE()
B_SPLINE_CURVE(2,(#5225,#5226,#5227),.UNSPECIFIED.,.F.,.F.)
B_SPLINE_CURVE_WITH_KNOTS((3,3),(0.0411571294552714,0.0495804817720445),
 .UNSPECIFIED.)
CURVE()
GEOMETRIC_REPRESENTATION_ITEM()
RATIONAL_B_SPLINE_CURVE((1.0083326385486,1.00501901176224,1.))
REPRESENTATION_ITEM('')
);
#90=(
BOUNDED_CURVE()
B_SPLINE_CURVE(2,(#5228,#5229,#5230),.UNSPECIFIED.,.F.,.F.)
B_SPLINE_CURVE_WITH_KNOTS((3,3),(0.,0.00842335231677353),.UNSPECIFIED.)
CURVE()
GEOMETRIC_REPRESENTATION_ITEM()
RATIONAL_B_SPLINE_CURVE((1.,1.0050190117622,1.00833263854855))
REPRESENTATION_ITEM('')
);
#91=(
BOUNDED_CURVE()
B_SPLINE_CURVE(2,(#5236,#5237,#5238),.UNSPECIFIED.,.F.,.F.)
B_SPLINE_CURVE_WITH_KNOTS((3,3),(0.,0.0183897645016049),.UNSPECIFIED.)
CURVE()
GEOMETRIC_REPRESENTATION_ITEM()
RATIONAL_B_SPLINE_CURVE((1.,1.01095744792147,1.01378650016737))
REPRESENTATION_ITEM('')
);
#92=(
BOUNDED_CURVE()
B_SPLINE_CURVE(2,(#5240,#5241,#5242),.UNSPECIFIED.,.F.,.F.)
B_SPLINE_CURVE_WITH_KNOTS((3,3),(0.031190717270438,0.0495804817720412),
 .UNSPECIFIED.)
CURVE()
GEOMETRIC_REPRESENTATION_ITEM()
RATIONAL_B_SPLINE_CURVE((1.01378650016752,1.01095744792159,1.))
REPRESENTATION_ITEM('')
);
#93=(
BOUNDED_CURVE()
B_SPLINE_CURVE(2,(#5244,#5245,#5246),.UNSPECIFIED.,.F.,.F.)
B_SPLINE_CURVE_WITH_KNOTS((3,3),(0.,0.0183897645016024),.UNSPECIFIED.)
CURVE()
GEOMETRIC_REPRESENTATION_ITEM()
RATIONAL_B_SPLINE_CURVE((1.,1.01095744792169,1.01378650016764))
REPRESENTATION_ITEM('')
);
#94=(
BOUNDED_CURVE()
B_SPLINE_CURVE(2,(#5248,#5249,#5250),.UNSPECIFIED.,.F.,.F.)
B_SPLINE_CURVE_WITH_KNOTS((3,3),(0.0311907172704384,0.0495804817720416),
 .UNSPECIFIED.)
CURVE()
GEOMETRIC_REPRESENTATION_ITEM()
RATIONAL_B_SPLINE_CURVE((1.01378650016753,1.0109574479216,1.))
REPRESENTATION_ITEM('')
);
#95=(
BOUNDED_CURVE()
B_SPLINE_CURVE(2,(#5252,#5253,#5254),.UNSPECIFIED.,.F.,.F.)
B_SPLINE_CURVE_WITH_KNOTS((3,3),(0.,0.0183897645016025),.UNSPECIFIED.)
CURVE()
GEOMETRIC_REPRESENTATION_ITEM()
RATIONAL_B_SPLINE_CURVE((1.,1.0109574479217,1.01378650016766))
REPRESENTATION_ITEM('')
);
#96=(
BOUNDED_CURVE()
B_SPLINE_CURVE(2,(#5256,#5257,#5258),.UNSPECIFIED.,.F.,.F.)
B_SPLINE_CURVE_WITH_KNOTS((3,3),(0.0311907172704374,0.0495804817720407),
 .UNSPECIFIED.)
CURVE()
GEOMETRIC_REPRESENTATION_ITEM()
RATIONAL_B_SPLINE_CURVE((1.01378650016751,1.01095744792159,1.))
REPRESENTATION_ITEM('')
);
#97=(
BOUNDED_CURVE()
B_SPLINE_CURVE(2,(#5260,#5261,#5262),.UNSPECIFIED.,.F.,.F.)
B_SPLINE_CURVE_WITH_KNOTS((3,3),(0.,0.0183897645016049),.UNSPECIFIED.)
CURVE()
GEOMETRIC_REPRESENTATION_ITEM()
RATIONAL_B_SPLINE_CURVE((1.,1.01095744792148,1.01378650016738))
REPRESENTATION_ITEM('')
);
#98=(
BOUNDED_CURVE()
B_SPLINE_CURVE(2,(#5264,#5265,#5266),.UNSPECIFIED.,.F.,.F.)
B_SPLINE_CURVE_WITH_KNOTS((3,3),(0.0311907172704376,0.0495804817720408),
 .UNSPECIFIED.)
CURVE()
GEOMETRIC_REPRESENTATION_ITEM()
RATIONAL_B_SPLINE_CURVE((1.0137865001675,1.01095744792157,1.))
REPRESENTATION_ITEM('')
);
#99=(
BOUNDED_CURVE()
B_SPLINE_CURVE(2,(#5268,#5269,#5270),.UNSPECIFIED.,.F.,.F.)
B_SPLINE_CURVE_WITH_KNOTS((3,3),(0.,0.0183897645016025),.UNSPECIFIED.)
CURVE()
GEOMETRIC_REPRESENTATION_ITEM()
RATIONAL_B_SPLINE_CURVE((1.,1.01095744792169,1.01378650016764))
REPRESENTATION_ITEM('')
);
#100=(
BOUNDED_CURVE()
B_SPLINE_CURVE(2,(#5272,#5273,#5274),.UNSPECIFIED.,.F.,.F.)
B_SPLINE_CURVE_WITH_KNOTS((3,3),(0.0311907172704379,0.049580481772041),
 .UNSPECIFIED.)
CURVE()
GEOMETRIC_REPRESENTATION_ITEM()
RATIONAL_B_SPLINE_CURVE((1.01378650016751,1.01095744792159,1.))
REPRESENTATION_ITEM('')
);
#101=(
BOUNDED_CURVE()
B_SPLINE_CURVE(2,(#5276,#5277,#5278),.UNSPECIFIED.,.F.,.F.)
B_SPLINE_CURVE_WITH_KNOTS((3,3),(0.,0.0183897645016038),.UNSPECIFIED.)
CURVE()
GEOMETRIC_REPRESENTATION_ITEM()
RATIONAL_B_SPLINE_CURVE((1.,1.01095744792162,1.01378650016755))
REPRESENTATION_ITEM('')
);
#102=(
BOUNDED_CURVE()
B_SPLINE_CURVE(2,(#5280,#5281,#5282),.UNSPECIFIED.,.F.,.F.)
B_SPLINE_CURVE_WITH_KNOTS((3,3),(0.0311907172704371,0.0495804817720408),
 .UNSPECIFIED.)
CURVE()
GEOMETRIC_REPRESENTATION_ITEM()
RATIONAL_B_SPLINE_CURVE((1.01378650016749,1.01095744792157,1.))
REPRESENTATION_ITEM('')
);
#103=(
BOUNDED_CURVE()
B_SPLINE_CURVE(2,(#5284,#5285,#5286),.UNSPECIFIED.,.F.,.F.)
B_SPLINE_CURVE_WITH_KNOTS((3,3),(0.,0.0183897645016044),.UNSPECIFIED.)
CURVE()
GEOMETRIC_REPRESENTATION_ITEM()
RATIONAL_B_SPLINE_CURVE((1.,1.01095744792147,1.01378650016737))
REPRESENTATION_ITEM('')
);
#104=(
BOUNDED_CURVE()
B_SPLINE_CURVE(2,(#5288,#5289,#5290),.UNSPECIFIED.,.F.,.F.)
B_SPLINE_CURVE_WITH_KNOTS((3,3),(0.031190717270438,0.0495804817720401),
 .UNSPECIFIED.)
CURVE()
GEOMETRIC_REPRESENTATION_ITEM()
RATIONAL_B_SPLINE_CURVE((1.01378650016767,1.01095744792172,1.))
REPRESENTATION_ITEM('')
);
#105=(
BOUNDED_CURVE()
B_SPLINE_CURVE(2,(#5292,#5293,#5294),.UNSPECIFIED.,.F.,.F.)
B_SPLINE_CURVE_WITH_KNOTS((3,3),(0.,0.0183897645016054),.UNSPECIFIED.)
CURVE()
GEOMETRIC_REPRESENTATION_ITEM()
RATIONAL_B_SPLINE_CURVE((1.,1.01095744792146,1.01378650016735))
REPRESENTATION_ITEM('')
);
#106=(
BOUNDED_CURVE()
B_SPLINE_CURVE(2,(#5296,#5297,#5298),.UNSPECIFIED.,.F.,.F.)
B_SPLINE_CURVE_WITH_KNOTS((3,3),(0.0311907172704385,0.0495804817720406),
 .UNSPECIFIED.)
CURVE()
GEOMETRIC_REPRESENTATION_ITEM()
RATIONAL_B_SPLINE_CURVE((1.01378650016767,1.01095744792172,1.))
REPRESENTATION_ITEM('')
);
#107=(
BOUNDED_CURVE()
B_SPLINE_CURVE(2,(#5300,#5301,#5302),.UNSPECIFIED.,.F.,.F.)
B_SPLINE_CURVE_WITH_KNOTS((3,3),(0.,0.018389764501604),.UNSPECIFIED.)
CURVE()
GEOMETRIC_REPRESENTATION_ITEM()
RATIONAL_B_SPLINE_CURVE((1.,1.0109574479216,1.01378650016753))
REPRESENTATION_ITEM('')
);
#108=(
BOUNDED_CURVE()
B_SPLINE_CURVE(2,(#5304,#5305,#5306),.UNSPECIFIED.,.F.,.F.)
B_SPLINE_CURVE_WITH_KNOTS((3,3),(0.0311907172704372,0.0495804817720405),
 .UNSPECIFIED.)
CURVE()
GEOMETRIC_REPRESENTATION_ITEM()
RATIONAL_B_SPLINE_CURVE((1.0137865001675,1.01095744792158,1.))
REPRESENTATION_ITEM('')
);
#109=(
BOUNDED_CURVE()
B_SPLINE_CURVE(2,(#5308,#5309,#5310),.UNSPECIFIED.,.F.,.F.)
B_SPLINE_CURVE_WITH_KNOTS((3,3),(0.,0.018389764501605),.UNSPECIFIED.)
CURVE()
GEOMETRIC_REPRESENTATION_ITEM()
RATIONAL_B_SPLINE_CURVE((1.,1.01095744792148,1.01378650016737))
REPRESENTATION_ITEM('')
);
#110=(
BOUNDED_CURVE()
B_SPLINE_CURVE(2,(#5312,#5313,#5314),.UNSPECIFIED.,.F.,.F.)
B_SPLINE_CURVE_WITH_KNOTS((3,3),(0.0311907172704372,0.0495804817720407),
 .UNSPECIFIED.)
CURVE()
GEOMETRIC_REPRESENTATION_ITEM()
RATIONAL_B_SPLINE_CURVE((1.0137865001675,1.01095744792158,1.))
REPRESENTATION_ITEM('')
);
#111=(
BOUNDED_CURVE()
B_SPLINE_CURVE(2,(#5315,#5316,#5317),.UNSPECIFIED.,.F.,.F.)
B_SPLINE_CURVE_WITH_KNOTS((3,3),(0.,0.0183897645016018),.UNSPECIFIED.)
CURVE()
GEOMETRIC_REPRESENTATION_ITEM()
RATIONAL_B_SPLINE_CURVE((1.,1.01095744792182,1.0137865001678))
REPRESENTATION_ITEM('')
);
#112=SHAPE_REPRESENTATION_RELATIONSHIP('SRR','None',#5673,#116);
#113=SHAPE_REPRESENTATION_RELATIONSHIP('SRR','None',#5674,#117);
#114=SHAPE_REPRESENTATION_RELATIONSHIP('SRR','None',#5676,#118);
#115=SHAPE_REPRESENTATION_RELATIONSHIP('SRR','None',#5675,#119);
#116=ADVANCED_BREP_SHAPE_REPRESENTATION('',(#124),#5649);
#117=ADVANCED_BREP_SHAPE_REPRESENTATION('',(#125),#5650);
#118=ADVANCED_BREP_SHAPE_REPRESENTATION('',(#126),#5652);
#119=ADVANCED_BREP_SHAPE_REPRESENTATION('',(#127),#5651);
#120=STYLED_ITEM('',(#5702),#124);
#121=STYLED_ITEM('',(#5703),#125);
#122=STYLED_ITEM('',(#5703),#126);
#123=STYLED_ITEM('',(#5703),#127);
#124=MANIFOLD_SOLID_BREP('Body1',#3143);
#125=MANIFOLD_SOLID_BREP('Body1',#3144);
#126=MANIFOLD_SOLID_BREP('Body1',#3145);
#127=MANIFOLD_SOLID_BREP('Body1',#3146);
#128=TOROIDAL_SURFACE('',#3238,9.125,2.99999999999999);
#129=TOROIDAL_SURFACE('',#3242,9.125,2.99999999999999);
#130=TOROIDAL_SURFACE('',#3261,9.125,2.99999999999999);
#131=TOROIDAL_SURFACE('',#3268,9.125,2.99999999999999);
#132=TOROIDAL_SURFACE('',#3428,3.5,1.);
#133=TOROIDAL_SURFACE('',#3434,9.125,2.5);
#134=TOROIDAL_SURFACE('',#3437,9.125,2.5);
#135=TOROIDAL_SURFACE('',#3446,3.5,0.499999999999999);
#136=TOROIDAL_SURFACE('',#3458,9.125,2.99999999999999);
#137=TOROIDAL_SURFACE('',#3461,9.125,2.99999999999999);
#138=B_SPLINE_CURVE_WITH_KNOTS('',3,(#4495,#4496,#4497,#4498,#4499,#4500,
#4501,#4502,#4503,#4504,#4505,#4506),.UNSPECIFIED.,.F.,.F.,(4,2,2,2,2,4),
(-3.26124457978797,-3.15949676279344,-3.04657072260815,-2.91221411858954,
-2.82240416495488,-2.73259421132021),.UNSPECIFIED.);
#139=B_SPLINE_CURVE_WITH_KNOTS('',3,(#4543,#4544,#4545,#4546,#4547,#4548,
#4549,#4550,#4551,#4552,#4553,#4554,#4555,#4556),.UNSPECIFIED.,.F.,.F.,
(4,2,2,2,2,2,4),(-0.644590353168448,-0.624215243930816,-0.596595255379829,
-0.54218397771928,-0.485932532663687,-0.427780153161051,-0.36383445956416),
 .UNSPECIFIED.);
#140=B_SPLINE_CURVE_WITH_KNOTS('',3,(#4557,#4558,#4559,#4560,#4561,#4562,
#4563,#4564),.UNSPECIFIED.,.F.,.F.,(4,2,2,4),(1.50551484736153,1.56867967403974,
1.67985975249423,1.79060139396763),.UNSPECIFIED.);
#141=B_SPLINE_CURVE_WITH_KNOTS('',3,(#4570,#4571,#4572,#4573,#4574,#4575,
#4576,#4577),.UNSPECIFIED.,.F.,.F.,(4,2,2,4),(-1.79060095896336,-1.67985931748996,
-1.56867923903546,-1.50551441235725),.UNSPECIFIED.);
#142=B_SPLINE_CURVE_WITH_KNOTS('',3,(#4581,#4582,#4583,#4584,#4585,#4586,
#4587,#4588,#4589,#4590,#4591,#4592,#4593,#4594),.UNSPECIFIED.,.F.,.F.,
(4,2,2,2,2,2,4),(-0.925346246772735,-0.86140055317585,-0.803248173673216,
-0.746996728617621,-0.692585450957066,-0.664965462406079,-0.644590353168448),
 .UNSPECIFIED.);
#143=B_SPLINE_CURVE_WITH_KNOTS('',3,(#4597,#4598,#4599,#4600,#4601,#4602,
#4603,#4604,#4605,#4606),.UNSPECIFIED.,.F.,.F.,(4,2,2,2,4),(1.93784856258698,
2.34800295803487,2.49969802689388,2.60663285166958,2.695103719708),
 .UNSPECIFIED.);
#144=B_SPLINE_CURVE_WITH_KNOTS('',3,(#4645,#4646,#4647,#4648,#4649,#4650,
#4651,#4652,#4653,#4654,#4655,#4656),.UNSPECIFIED.,.F.,.F.,(4,2,2,2,2,4),
(2.73259421132021,2.82240416495487,2.91221411858954,3.04657072260815,3.15949676279344,
3.26124457978797),.UNSPECIFIED.);
#145=B_SPLINE_CURVE_WITH_KNOTS('',3,(#4684,#4685,#4686,#4687,#4688,#4689,
#4690,#4691),.UNSPECIFIED.,.F.,.F.,(4,2,2,4),(-1.79060139396763,-1.67985975249423,
-1.56867967403974,-1.50551484736152),.UNSPECIFIED.);
#146=B_SPLINE_CURVE_WITH_KNOTS('',3,(#4692,#4693,#4694,#4695,#4696,#4697,
#4698,#4699,#4700,#4701,#4702,#4703,#4704,#4705),.UNSPECIFIED.,.F.,.F.,
(4,2,2,2,2,2,4),(-0.92534624629997,-0.861400552734871,-0.803248173261144,
-0.746996728233513,-0.692585450600012,-0.664965462062751,-0.64459035283524),
 .UNSPECIFIED.);
#147=B_SPLINE_CURVE_WITH_KNOTS('',3,(#4714,#4715,#4716,#4717,#4718,#4719,
#4720,#4721),.UNSPECIFIED.,.F.,.F.,(4,2,2,4),(1.50551441235725,1.56867923903547,
1.67985931748996,1.79060095896336),.UNSPECIFIED.);
#148=B_SPLINE_CURVE_WITH_KNOTS('',3,(#4725,#4726,#4727,#4728,#4729,#4730,
#4731,#4732,#4733,#4734,#4735,#4736,#4737,#4738),.UNSPECIFIED.,.F.,.F.,
(4,2,2,2,2,2,4),(-0.64459035283524,-0.624215243607727,-0.596595255070449,
-0.542183977436905,-0.485932532409235,-0.427780152935474,-0.363834459370337),
 .UNSPECIFIED.);
#149=B_SPLINE_CURVE_WITH_KNOTS('',3,(#4741,#4742,#4743,#4744,#4745,#4746,
#4747,#4748,#4749,#4750),.UNSPECIFIED.,.F.,.F.,(4,2,2,2,4),(-2.695103719708,
-2.60663285166958,-2.49969802689388,-2.34800295803487,-1.93784856258698),
 .UNSPECIFIED.);
#150=B_SPLINE_CURVE_WITH_KNOTS('',3,(#5418,#5419,#5420,#5421,#5422,#5423,
#5424,#5425),.UNSPECIFIED.,.F.,.F.,(4,2,2,4),(0.605477068816194,0.6871302059984,
0.780854637626391,0.858101112131246),.UNSPECIFIED.);
#151=B_SPLINE_CURVE_WITH_KNOTS('',3,(#5426,#5427,#5428,#5429,#5430,#5431,
#5432,#5433),.UNSPECIFIED.,.F.,.F.,(4,2,2,4),(-0.00102369113964292,0.,0.168770215083189,
0.236699528872484),.UNSPECIFIED.);
#152=B_SPLINE_CURVE_WITH_KNOTS('',3,(#5435,#5436,#5437,#5438,#5439,#5440,
#5441,#5442),.UNSPECIFIED.,.F.,.F.,(4,2,2,4),(1.32032209349092,1.45583955493766,
1.79253235865577,1.79457459957946),.UNSPECIFIED.);
#153=B_SPLINE_CURVE_WITH_KNOTS('',3,(#5443,#5444,#5445,#5446,#5447,#5448,
#5449,#5450),.UNSPECIFIED.,.F.,.F.,(4,2,2,4),(2.57430333639373,2.65154981089859,
2.74527424252658,2.82692737970878),.UNSPECIFIED.);
#154=B_SPLINE_CURVE_WITH_KNOTS('',3,(#5454,#5455,#5456,#5457,#5458,#5459,
#5460,#5461),.UNSPECIFIED.,.F.,.F.,(4,2,2,4),(-1.79457460177899,-1.7925323608526,
-1.45583955669005,-1.32032209506268),.UNSPECIFIED.);
#155=B_SPLINE_CURVE_WITH_KNOTS('',3,(#5467,#5468,#5469,#5470,#5471,#5472,
#5473,#5474),.UNSPECIFIED.,.F.,.F.,(4,2,2,4),(0.605477068816197,0.687130205998398,
0.780854637626389,0.858101112131245),.UNSPECIFIED.);
#156=B_SPLINE_CURVE_WITH_KNOTS('',3,(#5475,#5476,#5477,#5478,#5479,#5480,
#5481,#5482),.UNSPECIFIED.,.F.,.F.,(4,2,2,4),(-0.00102369113963749,1.17679303801577E-15,
0.168770215081084,0.236699528868798),.UNSPECIFIED.);
#157=B_SPLINE_CURVE_WITH_KNOTS('',3,(#5483,#5484,#5485,#5486,#5487,#5488,
#5489,#5490),.UNSPECIFIED.,.F.,.F.,(4,2,2,4),(2.57430333639374,2.65154981089859,
2.74527424252658,2.82692737970879),.UNSPECIFIED.);
#158=B_SPLINE_CURVE_WITH_KNOTS('',3,(#5538,#5539,#5540,#5541,#5542,#5543,
#5544,#5545),.UNSPECIFIED.,.F.,.F.,(4,2,2,4),(2.69510371970799,2.78357458774642,
2.89050941252211,2.92481211239738),.UNSPECIFIED.);
#159=B_SPLINE_CURVE_WITH_KNOTS('',3,(#5546,#5547,#5548,#5549,#5550,#5551,
#5552,#5553,#5554,#5555),.UNSPECIFIED.,.F.,.F.,(4,2,2,2,4),(2.02866624577056,
2.22809821012405,2.57567966081361,2.91642928318582,2.91944696587619),
 .UNSPECIFIED.);
#160=B_SPLINE_CURVE_WITH_KNOTS('',3,(#5557,#5558,#5559,#5560,#5561,#5562,
#5563,#5564,#5565,#5566),.UNSPECIFIED.,.F.,.F.,(4,2,2,2,4),(-0.00102718286649311,
0.,0.115987070091044,0.234299612316867,0.302183852563103),.UNSPECIFIED.);
#161=B_SPLINE_CURVE_WITH_KNOTS('',3,(#5567,#5568,#5569,#5570,#5571,#5572,
#5573,#5574),.UNSPECIFIED.,.F.,.F.,(4,2,2,4),(0.668659513879944,0.702962213755218,
0.809897038530909,0.898367906569334),.UNSPECIFIED.);
#162=B_SPLINE_CURVE_WITH_KNOTS('',3,(#5577,#5578,#5579,#5580,#5581,#5582,
#5583,#5584,#5585,#5586),.UNSPECIFIED.,.F.,.F.,(4,2,2,2,4),(-2.91944698320965,
-2.91642930050031,-2.57567967597228,-2.22809822308603,-2.02866625747218),
 .UNSPECIFIED.);
#163=B_SPLINE_CURVE_WITH_KNOTS('',3,(#5592,#5593,#5594,#5595,#5596,#5597,
#5598,#5599),.UNSPECIFIED.,.F.,.F.,(4,2,2,4),(2.695103719708,2.78357458774643,
2.89050941252212,2.92481211239739),.UNSPECIFIED.);
#164=B_SPLINE_CURVE_WITH_KNOTS('',3,(#5601,#5602,#5603,#5604,#5605,#5606,
#5607,#5608,#5609,#5610),.UNSPECIFIED.,.F.,.F.,(4,2,2,2,4),(-0.00102718286574412,
1.04885718166248E-15,0.11598707005783,0.234299612243499,0.302183852466716),
 .UNSPECIFIED.);
#165=B_SPLINE_CURVE_WITH_KNOTS('',3,(#5611,#5612,#5613,#5614,#5615,#5616,
#5617,#5618),.UNSPECIFIED.,.F.,.F.,(4,2,2,4),(0.668659513879945,0.702962213755216,
0.809897038530907,0.898367906569331),.UNSPECIFIED.);
#166=CONICAL_SURFACE('',#3214,4.,0.78539816339745);
#167=CONICAL_SURFACE('',#3360,0.95,0.785398163397448);
#168=CONICAL_SURFACE('',#3361,0.95,0.785398163397448);
#169=CONICAL_SURFACE('',#3362,0.95,0.785398163397448);
#170=CONICAL_SURFACE('',#3363,0.95,0.785398163397448);
#171=CONICAL_SURFACE('',#3364,0.95,0.785398163397448);
#172=CONICAL_SURFACE('',#3365,0.95,0.785398163397448);
#173=CONICAL_SURFACE('',#3366,0.95,0.785398163397448);
#174=CONICAL_SURFACE('',#3367,0.95,0.785398163397448);
#175=CONICAL_SURFACE('',#3368,0.95,0.785398163397448);
#176=CONICAL_SURFACE('',#3369,0.95,0.785398163397448);
#177=CONICAL_SURFACE('',#3370,0.95,0.785398163397448);
#178=CONICAL_SURFACE('',#3371,0.95,0.785398163397448);
#179=CONICAL_SURFACE('',#3372,0.95,0.785398163397448);
#180=CONICAL_SURFACE('',#3373,0.95,0.785398163397448);
#181=CONICAL_SURFACE('',#3374,0.95,0.785398163397448);
#182=CONICAL_SURFACE('',#3375,0.95,0.785398163397448);
#183=CONICAL_SURFACE('',#3376,0.95,0.785398163397448);
#184=CONICAL_SURFACE('',#3377,0.95,0.785398163397448);
#185=CONICAL_SURFACE('',#3378,0.95,0.785398163397448);
#186=CONICAL_SURFACE('',#3379,0.95,0.785398163397448);
#187=CONICAL_SURFACE('',#3380,0.95,0.785398163397448);
#188=CONICAL_SURFACE('',#3381,0.95,0.785398163397459);
#189=FACE_BOUND('',#423,.T.);
#190=FACE_BOUND('',#424,.T.);
#191=FACE_BOUND('',#425,.T.);
#192=FACE_BOUND('',#568,.T.);
#193=FACE_BOUND('',#570,.T.);
#194=FACE_BOUND('',#575,.T.);
#195=FACE_BOUND('',#578,.T.);
#196=FACE_BOUND('',#579,.T.);
#197=FACE_BOUND('',#580,.T.);
#198=FACE_BOUND('',#581,.T.);
#199=FACE_BOUND('',#593,.T.);
#200=FACE_BOUND('',#594,.T.);
#201=FACE_BOUND('',#595,.T.);
#202=FACE_BOUND('',#596,.T.);
#203=FACE_BOUND('',#599,.T.);
#204=FACE_BOUND('',#609,.T.);
#205=CYLINDRICAL_SURFACE('',#3190,11.625);
#206=CYLINDRICAL_SURFACE('',#3195,11.625);
#207=CYLINDRICAL_SURFACE('',#3217,4.24999999999999);
#208=CYLINDRICAL_SURFACE('',#3236,12.125);
#209=CYLINDRICAL_SURFACE('',#3241,1.5);
#210=CYLINDRICAL_SURFACE('',#3244,12.125);
#211=CYLINDRICAL_SURFACE('',#3263,12.125);
#212=CYLINDRICAL_SURFACE('',#3266,1.5);
#213=CYLINDRICAL_SURFACE('',#3271,12.125);
#214=CYLINDRICAL_SURFACE('',#3273,1.);
#215=CYLINDRICAL_SURFACE('',#3408,1.);
#216=CYLINDRICAL_SURFACE('',#3411,2.5);
#217=CYLINDRICAL_SURFACE('',#3416,1.);
#218=CYLINDRICAL_SURFACE('',#3419,1.);
#219=CYLINDRICAL_SURFACE('',#3422,1.);
#220=CYLINDRICAL_SURFACE('',#3436,0.499999999999999);
#221=CYLINDRICAL_SURFACE('',#3439,0.499999999999999);
#222=CYLINDRICAL_SURFACE('',#3441,11.625);
#223=CYLINDRICAL_SURFACE('',#3444,11.625);
#224=CYLINDRICAL_SURFACE('',#3450,2.99999999999999);
#225=CYLINDRICAL_SURFACE('',#3455,2.5);
#226=CYLINDRICAL_SURFACE('',#3460,1.);
#227=CYLINDRICAL_SURFACE('',#3463,1.);
#228=CYLINDRICAL_SURFACE('',#3465,12.125);
#229=CYLINDRICAL_SURFACE('',#3468,12.125);
#230=FACE_OUTER_BOUND('',#412,.T.);
#231=FACE_OUTER_BOUND('',#413,.T.);
#232=FACE_OUTER_BOUND('',#414,.T.);
#233=FACE_OUTER_BOUND('',#415,.T.);
#234=FACE_OUTER_BOUND('',#416,.T.);
#235=FACE_OUTER_BOUND('',#417,.T.);
#236=FACE_OUTER_BOUND('',#418,.T.);
#237=FACE_OUTER_BOUND('',#419,.T.);
#238=FACE_OUTER_BOUND('',#420,.T.);
#239=FACE_OUTER_BOUND('',#421,.T.);
#240=FACE_OUTER_BOUND('',#422,.T.);
#241=FACE_OUTER_BOUND('',#426,.T.);
#242=FACE_OUTER_BOUND('',#427,.T.);
#243=FACE_OUTER_BOUND('',#428,.T.);
#244=FACE_OUTER_BOUND('',#429,.T.);
#245=FACE_OUTER_BOUND('',#430,.T.);
#246=FACE_OUTER_BOUND('',#431,.T.);
#247=FACE_OUTER_BOUND('',#432,.T.);
#248=FACE_OUTER_BOUND('',#433,.T.);
#249=FACE_OUTER_BOUND('',#434,.T.);
#250=FACE_OUTER_BOUND('',#435,.T.);
#251=FACE_OUTER_BOUND('',#436,.T.);
#252=FACE_OUTER_BOUND('',#437,.T.);
#253=FACE_OUTER_BOUND('',#438,.T.);
#254=FACE_OUTER_BOUND('',#439,.T.);
#255=FACE_OUTER_BOUND('',#440,.T.);
#256=FACE_OUTER_BOUND('',#441,.T.);
#257=FACE_OUTER_BOUND('',#442,.T.);
#258=FACE_OUTER_BOUND('',#443,.T.);
#259=FACE_OUTER_BOUND('',#444,.T.);
#260=FACE_OUTER_BOUND('',#445,.T.);
#261=FACE_OUTER_BOUND('',#446,.T.);
#262=FACE_OUTER_BOUND('',#447,.T.);
#263=FACE_OUTER_BOUND('',#448,.T.);
#264=FACE_OUTER_BOUND('',#449,.T.);
#265=FACE_OUTER_BOUND('',#450,.T.);
#266=FACE_OUTER_BOUND('',#451,.T.);
#267=FACE_OUTER_BOUND('',#452,.T.);
#268=FACE_OUTER_BOUND('',#453,.T.);
#269=FACE_OUTER_BOUND('',#454,.T.);
#270=FACE_OUTER_BOUND('',#455,.T.);
#271=FACE_OUTER_BOUND('',#456,.T.);
#272=FACE_OUTER_BOUND('',#457,.T.);
#273=FACE_OUTER_BOUND('',#458,.T.);
#274=FACE_OUTER_BOUND('',#459,.T.);
#275=FACE_OUTER_BOUND('',#460,.T.);
#276=FACE_OUTER_BOUND('',#461,.T.);
#277=FACE_OUTER_BOUND('',#462,.T.);
#278=FACE_OUTER_BOUND('',#463,.T.);
#279=FACE_OUTER_BOUND('',#464,.T.);
#280=FACE_OUTER_BOUND('',#465,.T.);
#281=FACE_OUTER_BOUND('',#466,.T.);
#282=FACE_OUTER_BOUND('',#467,.T.);
#283=FACE_OUTER_BOUND('',#468,.T.);
#284=FACE_OUTER_BOUND('',#469,.T.);
#285=FACE_OUTER_BOUND('',#470,.T.);
#286=FACE_OUTER_BOUND('',#471,.T.);
#287=FACE_OUTER_BOUND('',#472,.T.);
#288=FACE_OUTER_BOUND('',#473,.T.);
#289=FACE_OUTER_BOUND('',#474,.T.);
#290=FACE_OUTER_BOUND('',#475,.T.);
#291=FACE_OUTER_BOUND('',#476,.T.);
#292=FACE_OUTER_BOUND('',#477,.T.);
#293=FACE_OUTER_BOUND('',#478,.T.);
#294=FACE_OUTER_BOUND('',#479,.T.);
#295=FACE_OUTER_BOUND('',#480,.T.);
#296=FACE_OUTER_BOUND('',#481,.T.);
#297=FACE_OUTER_BOUND('',#482,.T.);
#298=FACE_OUTER_BOUND('',#483,.T.);
#299=FACE_OUTER_BOUND('',#484,.T.);
#300=FACE_OUTER_BOUND('',#485,.T.);
#301=FACE_OUTER_BOUND('',#486,.T.);
#302=FACE_OUTER_BOUND('',#487,.T.);
#303=FACE_OUTER_BOUND('',#488,.T.);
#304=FACE_OUTER_BOUND('',#489,.T.);
#305=FACE_OUTER_BOUND('',#490,.T.);
#306=FACE_OUTER_BOUND('',#491,.T.);
#307=FACE_OUTER_BOUND('',#492,.T.);
#308=FACE_OUTER_BOUND('',#493,.T.);
#309=FACE_OUTER_BOUND('',#494,.T.);
#310=FACE_OUTER_BOUND('',#495,.T.);
#311=FACE_OUTER_BOUND('',#496,.T.);
#312=FACE_OUTER_BOUND('',#497,.T.);
#313=FACE_OUTER_BOUND('',#498,.T.);
#314=FACE_OUTER_BOUND('',#499,.T.);
#315=FACE_OUTER_BOUND('',#500,.T.);
#316=FACE_OUTER_BOUND('',#501,.T.);
#317=FACE_OUTER_BOUND('',#502,.T.);
#318=FACE_OUTER_BOUND('',#503,.T.);
#319=FACE_OUTER_BOUND('',#504,.T.);
#320=FACE_OUTER_BOUND('',#505,.T.);
#321=FACE_OUTER_BOUND('',#506,.T.);
#322=FACE_OUTER_BOUND('',#507,.T.);
#323=FACE_OUTER_BOUND('',#508,.T.);
#324=FACE_OUTER_BOUND('',#509,.T.);
#325=FACE_OUTER_BOUND('',#510,.T.);
#326=FACE_OUTER_BOUND('',#511,.T.);
#327=FACE_OUTER_BOUND('',#512,.T.);
#328=FACE_OUTER_BOUND('',#513,.T.);
#329=FACE_OUTER_BOUND('',#514,.T.);
#330=FACE_OUTER_BOUND('',#515,.T.);
#331=FACE_OUTER_BOUND('',#516,.T.);
#332=FACE_OUTER_BOUND('',#517,.T.);
#333=FACE_OUTER_BOUND('',#518,.T.);
#334=FACE_OUTER_BOUND('',#519,.T.);
#335=FACE_OUTER_BOUND('',#520,.T.);
#336=FACE_OUTER_BOUND('',#521,.T.);
#337=FACE_OUTER_BOUND('',#522,.T.);
#338=FACE_OUTER_BOUND('',#523,.T.);
#339=FACE_OUTER_BOUND('',#524,.T.);
#340=FACE_OUTER_BOUND('',#525,.T.);
#341=FACE_OUTER_BOUND('',#526,.T.);
#342=FACE_OUTER_BOUND('',#527,.T.);
#343=FACE_OUTER_BOUND('',#528,.T.);
#344=FACE_OUTER_BOUND('',#529,.T.);
#345=FACE_OUTER_BOUND('',#530,.T.);
#346=FACE_OUTER_BOUND('',#531,.T.);
#347=FACE_OUTER_BOUND('',#532,.T.);
#348=FACE_OUTER_BOUND('',#533,.T.);
#349=FACE_OUTER_BOUND('',#534,.T.);
#350=FACE_OUTER_BOUND('',#535,.T.);
#351=FACE_OUTER_BOUND('',#536,.T.);
#352=FACE_OUTER_BOUND('',#537,.T.);
#353=FACE_OUTER_BOUND('',#538,.T.);
#354=FACE_OUTER_BOUND('',#539,.T.);
#355=FACE_OUTER_BOUND('',#540,.T.);
#356=FACE_OUTER_BOUND('',#541,.T.);
#357=FACE_OUTER_BOUND('',#542,.T.);
#358=FACE_OUTER_BOUND('',#543,.T.);
#359=FACE_OUTER_BOUND('',#544,.T.);
#360=FACE_OUTER_BOUND('',#545,.T.);
#361=FACE_OUTER_BOUND('',#546,.T.);
#362=FACE_OUTER_BOUND('',#547,.T.);
#363=FACE_OUTER_BOUND('',#548,.T.);
#364=FACE_OUTER_BOUND('',#549,.T.);
#365=FACE_OUTER_BOUND('',#550,.T.);
#366=FACE_OUTER_BOUND('',#551,.T.);
#367=FACE_OUTER_BOUND('',#552,.T.);
#368=FACE_OUTER_BOUND('',#553,.T.);
#369=FACE_OUTER_BOUND('',#554,.T.);
#370=FACE_OUTER_BOUND('',#555,.T.);
#371=FACE_OUTER_BOUND('',#556,.T.);
#372=FACE_OUTER_BOUND('',#557,.T.);
#373=FACE_OUTER_BOUND('',#558,.T.);
#374=FACE_OUTER_BOUND('',#559,.T.);
#375=FACE_OUTER_BOUND('',#560,.T.);
#376=FACE_OUTER_BOUND('',#561,.T.);
#377=FACE_OUTER_BOUND('',#562,.T.);
#378=FACE_OUTER_BOUND('',#563,.T.);
#379=FACE_OUTER_BOUND('',#564,.T.);
#380=FACE_OUTER_BOUND('',#565,.T.);
#381=FACE_OUTER_BOUND('',#566,.T.);
#382=FACE_OUTER_BOUND('',#567,.T.);
#383=FACE_OUTER_BOUND('',#569,.T.);
#384=FACE_OUTER_BOUND('',#571,.T.);
#385=FACE_OUTER_BOUND('',#572,.T.);
#386=FACE_OUTER_BOUND('',#573,.T.);
#387=FACE_OUTER_BOUND('',#574,.T.);
#388=FACE_OUTER_BOUND('',#576,.T.);
#389=FACE_OUTER_BOUND('',#577,.T.);
#390=FACE_OUTER_BOUND('',#582,.T.);
#391=FACE_OUTER_BOUND('',#583,.T.);
#392=FACE_OUTER_BOUND('',#584,.T.);
#393=FACE_OUTER_BOUND('',#585,.T.);
#394=FACE_OUTER_BOUND('',#586,.T.);
#395=FACE_OUTER_BOUND('',#587,.T.);
#396=FACE_OUTER_BOUND('',#588,.T.);
#397=FACE_OUTER_BOUND('',#589,.T.);
#398=FACE_OUTER_BOUND('',#590,.T.);
#399=FACE_OUTER_BOUND('',#591,.T.);
#400=FACE_OUTER_BOUND('',#592,.T.);
#401=FACE_OUTER_BOUND('',#597,.T.);
#402=FACE_OUTER_BOUND('',#598,.T.);
#403=FACE_OUTER_BOUND('',#600,.T.);
#404=FACE_OUTER_BOUND('',#601,.T.);
#405=FACE_OUTER_BOUND('',#602,.T.);
#406=FACE_OUTER_BOUND('',#603,.T.);
#407=FACE_OUTER_BOUND('',#604,.T.);
#408=FACE_OUTER_BOUND('',#605,.T.);
#409=FACE_OUTER_BOUND('',#606,.T.);
#410=FACE_OUTER_BOUND('',#607,.T.);
#411=FACE_OUTER_BOUND('',#608,.T.);
#412=EDGE_LOOP('',(#1929,#1930,#1931,#1932));
#413=EDGE_LOOP('',(#1933,#1934,#1935,#1936));
#414=EDGE_LOOP('',(#1937,#1938,#1939,#1940));
#415=EDGE_LOOP('',(#1941,#1942,#1943,#1944,#1945,#1946));
#416=EDGE_LOOP('',(#1947,#1948,#1949,#1950));
#417=EDGE_LOOP('',(#1951,#1952,#1953,#1954,#1955,#1956));
#418=EDGE_LOOP('',(#1957,#1958,#1959,#1960));
#419=EDGE_LOOP('',(#1961,#1962,#1963,#1964,#1965,#1966,#1967,#1968));
#420=EDGE_LOOP('',(#1969,#1970,#1971,#1972,#1973,#1974,#1975,#1976));
#421=EDGE_LOOP('',(#1977,#1978,#1979,#1980));
#422=EDGE_LOOP('',(#1981,#1982,#1983,#1984,#1985,#1986,#1987,#1988,#1989,
#1990,#1991,#1992,#1993,#1994,#1995,#1996,#1997,#1998));
#423=EDGE_LOOP('',(#1999,#2000,#2001,#2002,#2003,#2004,#2005,#2006));
#424=EDGE_LOOP('',(#2007,#2008,#2009,#2010,#2011,#2012,#2013,#2014));
#425=EDGE_LOOP('',(#2015));
#426=EDGE_LOOP('',(#2016,#2017,#2018,#2019,#2020));
#427=EDGE_LOOP('',(#2021,#2022,#2023,#2024));
#428=EDGE_LOOP('',(#2025,#2026,#2027,#2028));
#429=EDGE_LOOP('',(#2029));
#430=EDGE_LOOP('',(#2030,#2031,#2032,#2033));
#431=EDGE_LOOP('',(#2034,#2035,#2036,#2037));
#432=EDGE_LOOP('',(#2038,#2039,#2040,#2041));
#433=EDGE_LOOP('',(#2042,#2043,#2044,#2045));
#434=EDGE_LOOP('',(#2046,#2047,#2048,#2049));
#435=EDGE_LOOP('',(#2050,#2051,#2052,#2053));
#436=EDGE_LOOP('',(#2054,#2055,#2056,#2057));
#437=EDGE_LOOP('',(#2058,#2059,#2060,#2061));
#438=EDGE_LOOP('',(#2062,#2063,#2064,#2065,#2066,#2067,#2068,#2069));
#439=EDGE_LOOP('',(#2070,#2071,#2072,#2073,#2074));
#440=EDGE_LOOP('',(#2075,#2076,#2077,#2078));
#441=EDGE_LOOP('',(#2079,#2080,#2081,#2082,#2083));
#442=EDGE_LOOP('',(#2084,#2085,#2086,#2087));
#443=EDGE_LOOP('',(#2088,#2089,#2090,#2091));
#444=EDGE_LOOP('',(#2092,#2093,#2094,#2095));
#445=EDGE_LOOP('',(#2096,#2097,#2098,#2099,#2100,#2101,#2102,#2103));
#446=EDGE_LOOP('',(#2104,#2105,#2106,#2107,#2108,#2109));
#447=EDGE_LOOP('',(#2110,#2111,#2112,#2113,#2114));
#448=EDGE_LOOP('',(#2115,#2116,#2117,#2118,#2119));
#449=EDGE_LOOP('',(#2120,#2121,#2122,#2123,#2124));
#450=EDGE_LOOP('',(#2125,#2126,#2127,#2128,#2129));
#451=EDGE_LOOP('',(#2130,#2131,#2132,#2133,#2134));
#452=EDGE_LOOP('',(#2135,#2136,#2137,#2138));
#453=EDGE_LOOP('',(#2139,#2140,#2141,#2142));
#454=EDGE_LOOP('',(#2143,#2144,#2145,#2146));
#455=EDGE_LOOP('',(#2147,#2148,#2149,#2150));
#456=EDGE_LOOP('',(#2151,#2152,#2153,#2154));
#457=EDGE_LOOP('',(#2155,#2156,#2157,#2158));
#458=EDGE_LOOP('',(#2159,#2160,#2161,#2162));
#459=EDGE_LOOP('',(#2163,#2164,#2165,#2166));
#460=EDGE_LOOP('',(#2167,#2168,#2169,#2170));
#461=EDGE_LOOP('',(#2171,#2172,#2173,#2174,#2175,#2176,#2177,#2178));
#462=EDGE_LOOP('',(#2179,#2180,#2181,#2182,#2183));
#463=EDGE_LOOP('',(#2184,#2185,#2186,#2187));
#464=EDGE_LOOP('',(#2188,#2189,#2190,#2191));
#465=EDGE_LOOP('',(#2192,#2193,#2194,#2195));
#466=EDGE_LOOP('',(#2196,#2197,#2198,#2199));
#467=EDGE_LOOP('',(#2200,#2201,#2202,#2203,#2204,#2205,#2206,#2207));
#468=EDGE_LOOP('',(#2208,#2209,#2210,#2211,#2212));
#469=EDGE_LOOP('',(#2213,#2214,#2215,#2216,#2217,#2218));
#470=EDGE_LOOP('',(#2219,#2220,#2221,#2222,#2223));
#471=EDGE_LOOP('',(#2224,#2225,#2226,#2227,#2228));
#472=EDGE_LOOP('',(#2229,#2230,#2231,#2232,#2233));
#473=EDGE_LOOP('',(#2234,#2235,#2236,#2237,#2238,#2239));
#474=EDGE_LOOP('',(#2240,#2241,#2242,#2243,#2244));
#475=EDGE_LOOP('',(#2245,#2246,#2247,#2248,#2249,#2250,#2251,#2252));
#476=EDGE_LOOP('',(#2253,#2254,#2255,#2256));
#477=EDGE_LOOP('',(#2257,#2258,#2259,#2260,#2261,#2262,#2263,#2264,#2265,
#2266,#2267,#2268,#2269,#2270,#2271,#2272,#2273,#2274,#2275,#2276,#2277,
#2278,#2279,#2280,#2281,#2282,#2283,#2284,#2285,#2286,#2287,#2288,#2289,
#2290,#2291,#2292,#2293,#2294,#2295,#2296,#2297,#2298,#2299,#2300,#2301,
#2302));
#478=EDGE_LOOP('',(#2303,#2304,#2305,#2306));
#479=EDGE_LOOP('',(#2307,#2308,#2309));
#480=EDGE_LOOP('',(#2310,#2311,#2312));
#481=EDGE_LOOP('',(#2313,#2314,#2315));
#482=EDGE_LOOP('',(#2316,#2317,#2318));
#483=EDGE_LOOP('',(#2319,#2320,#2321));
#484=EDGE_LOOP('',(#2322,#2323,#2324));
#485=EDGE_LOOP('',(#2325,#2326,#2327));
#486=EDGE_LOOP('',(#2328,#2329,#2330));
#487=EDGE_LOOP('',(#2331,#2332,#2333));
#488=EDGE_LOOP('',(#2334,#2335,#2336));
#489=EDGE_LOOP('',(#2337,#2338,#2339));
#490=EDGE_LOOP('',(#2340,#2341,#2342));
#491=EDGE_LOOP('',(#2343,#2344,#2345));
#492=EDGE_LOOP('',(#2346,#2347,#2348));
#493=EDGE_LOOP('',(#2349,#2350,#2351));
#494=EDGE_LOOP('',(#2352,#2353,#2354));
#495=EDGE_LOOP('',(#2355,#2356,#2357));
#496=EDGE_LOOP('',(#2358,#2359,#2360));
#497=EDGE_LOOP('',(#2361,#2362,#2363));
#498=EDGE_LOOP('',(#2364,#2365,#2366));
#499=EDGE_LOOP('',(#2367,#2368,#2369,#2370,#2371));
#500=EDGE_LOOP('',(#2372,#2373,#2374,#2375,#2376,#2377));
#501=EDGE_LOOP('',(#2378,#2379,#2380,#2381,#2382));
#502=EDGE_LOOP('',(#2383,#2384,#2385,#2386,#2387));
#503=EDGE_LOOP('',(#2388,#2389,#2390,#2391,#2392));
#504=EDGE_LOOP('',(#2393,#2394,#2395,#2396,#2397));
#505=EDGE_LOOP('',(#2398,#2399,#2400,#2401,#2402));
#506=EDGE_LOOP('',(#2403,#2404,#2405,#2406,#2407));
#507=EDGE_LOOP('',(#2408,#2409,#2410,#2411,#2412));
#508=EDGE_LOOP('',(#2413,#2414,#2415,#2416,#2417));
#509=EDGE_LOOP('',(#2418,#2419,#2420,#2421,#2422));
#510=EDGE_LOOP('',(#2423,#2424,#2425,#2426,#2427));
#511=EDGE_LOOP('',(#2428,#2429,#2430,#2431,#2432));
#512=EDGE_LOOP('',(#2433,#2434,#2435,#2436,#2437));
#513=EDGE_LOOP('',(#2438,#2439,#2440,#2441,#2442));
#514=EDGE_LOOP('',(#2443,#2444,#2445,#2446,#2447));
#515=EDGE_LOOP('',(#2448,#2449,#2450,#2451,#2452));
#516=EDGE_LOOP('',(#2453,#2454,#2455,#2456,#2457));
#517=EDGE_LOOP('',(#2458,#2459,#2460,#2461,#2462));
#518=EDGE_LOOP('',(#2463,#2464,#2465,#2466,#2467));
#519=EDGE_LOOP('',(#2468,#2469,#2470,#2471,#2472));
#520=EDGE_LOOP('',(#2473,#2474,#2475));
#521=EDGE_LOOP('',(#2476,#2477,#2478));
#522=EDGE_LOOP('',(#2479,#2480,#2481));
#523=EDGE_LOOP('',(#2482,#2483,#2484));
#524=EDGE_LOOP('',(#2485,#2486,#2487));
#525=EDGE_LOOP('',(#2488,#2489,#2490));
#526=EDGE_LOOP('',(#2491,#2492,#2493));
#527=EDGE_LOOP('',(#2494,#2495,#2496));
#528=EDGE_LOOP('',(#2497,#2498,#2499));
#529=EDGE_LOOP('',(#2500,#2501,#2502));
#530=EDGE_LOOP('',(#2503,#2504,#2505));
#531=EDGE_LOOP('',(#2506,#2507,#2508));
#532=EDGE_LOOP('',(#2509,#2510,#2511));
#533=EDGE_LOOP('',(#2512,#2513,#2514));
#534=EDGE_LOOP('',(#2515,#2516,#2517));
#535=EDGE_LOOP('',(#2518,#2519,#2520));
#536=EDGE_LOOP('',(#2521,#2522,#2523));
#537=EDGE_LOOP('',(#2524,#2525,#2526));
#538=EDGE_LOOP('',(#2527,#2528,#2529));
#539=EDGE_LOOP('',(#2530,#2531,#2532));
#540=EDGE_LOOP('',(#2533,#2534,#2535));
#541=EDGE_LOOP('',(#2536,#2537,#2538,#2539,#2540,#2541,#2542,#2543,#2544,
#2545,#2546,#2547,#2548,#2549,#2550,#2551,#2552,#2553,#2554,#2555,#2556,
#2557,#2558,#2559,#2560,#2561,#2562,#2563,#2564,#2565,#2566,#2567,#2568,
#2569,#2570,#2571,#2572,#2573,#2574,#2575,#2576,#2577,#2578,#2579,#2580,
#2581));
#542=EDGE_LOOP('',(#2582,#2583,#2584,#2585,#2586));
#543=EDGE_LOOP('',(#2587,#2588,#2589,#2590,#2591));
#544=EDGE_LOOP('',(#2592,#2593,#2594,#2595,#2596));
#545=EDGE_LOOP('',(#2597,#2598,#2599,#2600,#2601));
#546=EDGE_LOOP('',(#2602,#2603,#2604,#2605,#2606));
#547=EDGE_LOOP('',(#2607,#2608,#2609,#2610,#2611));
#548=EDGE_LOOP('',(#2612,#2613,#2614,#2615,#2616));
#549=EDGE_LOOP('',(#2617,#2618,#2619,#2620,#2621));
#550=EDGE_LOOP('',(#2622,#2623,#2624,#2625,#2626));
#551=EDGE_LOOP('',(#2627,#2628,#2629,#2630,#2631));
#552=EDGE_LOOP('',(#2632,#2633,#2634,#2635,#2636));
#553=EDGE_LOOP('',(#2637,#2638,#2639,#2640,#2641));
#554=EDGE_LOOP('',(#2642,#2643,#2644,#2645,#2646));
#555=EDGE_LOOP('',(#2647,#2648,#2649,#2650,#2651));
#556=EDGE_LOOP('',(#2652,#2653,#2654,#2655,#2656));
#557=EDGE_LOOP('',(#2657,#2658,#2659,#2660,#2661));
#558=EDGE_LOOP('',(#2662,#2663,#2664,#2665,#2666));
#559=EDGE_LOOP('',(#2667,#2668,#2669,#2670,#2671));
#560=EDGE_LOOP('',(#2672));
#561=EDGE_LOOP('',(#2673,#2674,#2675,#2676,#2677));
#562=EDGE_LOOP('',(#2678,#2679,#2680,#2681,#2682));
#563=EDGE_LOOP('',(#2683,#2684,#2685,#2686,#2687));
#564=EDGE_LOOP('',(#2688));
#565=EDGE_LOOP('',(#2689,#2690,#2691,#2692));
#566=EDGE_LOOP('',(#2693,#2694,#2695,#2696));
#567=EDGE_LOOP('',(#2697));
#568=EDGE_LOOP('',(#2698));
#569=EDGE_LOOP('',(#2699));
#570=EDGE_LOOP('',(#2700));
#571=EDGE_LOOP('',(#2701,#2702,#2703,#2704));
#572=EDGE_LOOP('',(#2705,#2706,#2707,#2708));
#573=EDGE_LOOP('',(#2709,#2710,#2711,#2712));
#574=EDGE_LOOP('',(#2713));
#575=EDGE_LOOP('',(#2714));
#576=EDGE_LOOP('',(#2715,#2716,#2717,#2718));
#577=EDGE_LOOP('',(#2719,#2720,#2721,#2722));
#578=EDGE_LOOP('',(#2723));
#579=EDGE_LOOP('',(#2724));
#580=EDGE_LOOP('',(#2725));
#581=EDGE_LOOP('',(#2726));
#582=EDGE_LOOP('',(#2727,#2728,#2729,#2730,#2731,#2732));
#583=EDGE_LOOP('',(#2733,#2734,#2735,#2736));
#584=EDGE_LOOP('',(#2737,#2738,#2739,#2740,#2741,#2742));
#585=EDGE_LOOP('',(#2743,#2744,#2745,#2746));
#586=EDGE_LOOP('',(#2747,#2748,#2749,#2750,#2751,#2752));
#587=EDGE_LOOP('',(#2753,#2754,#2755,#2756));
#588=EDGE_LOOP('',(#2757,#2758,#2759,#2760,#2761,#2762));
#589=EDGE_LOOP('',(#2763,#2764,#2765,#2766));
#590=EDGE_LOOP('',(#2767,#2768,#2769,#2770));
#591=EDGE_LOOP('',(#2771,#2772,#2773,#2774));
#592=EDGE_LOOP('',(#2775,#2776,#2777,#2778));
#593=EDGE_LOOP('',(#2779));
#594=EDGE_LOOP('',(#2780));
#595=EDGE_LOOP('',(#2781));
#596=EDGE_LOOP('',(#2782));
#597=EDGE_LOOP('',(#2783,#2784,#2785,#2786));
#598=EDGE_LOOP('',(#2787));
#599=EDGE_LOOP('',(#2788));
#600=EDGE_LOOP('',(#2789,#2790,#2791,#2792,#2793,#2794));
#601=EDGE_LOOP('',(#2795,#2796,#2797,#2798));
#602=EDGE_LOOP('',(#2799,#2800,#2801,#2802,#2803,#2804));
#603=EDGE_LOOP('',(#2805,#2806,#2807,#2808));
#604=EDGE_LOOP('',(#2809,#2810,#2811,#2812,#2813,#2814));
#605=EDGE_LOOP('',(#2815,#2816,#2817,#2818));
#606=EDGE_LOOP('',(#2819,#2820,#2821,#2822,#2823,#2824));
#607=EDGE_LOOP('',(#2825,#2826,#2827,#2828));
#608=EDGE_LOOP('',(#2829,#2830,#2831,#2832));
#609=EDGE_LOOP('',(#2833,#2834,#2835,#2836));
#610=CIRCLE('',#3184,11.625);
#611=CIRCLE('',#3185,1.5);
#612=CIRCLE('',#3187,1.5);
#613=CIRCLE('',#3188,11.625);
#614=CIRCLE('',#3191,11.625);
#615=CIRCLE('',#3192,11.625);
#616=CIRCLE('',#3193,11.625);
#617=CIRCLE('',#3196,11.625);
#618=CIRCLE('',#3197,11.625);
#619=CIRCLE('',#3198,11.625);
#620=CIRCLE('',#3201,12.125);
#621=CIRCLE('',#3202,12.125);
#622=CIRCLE('',#3204,12.125);
#623=CIRCLE('',#3205,12.125);
#624=CIRCLE('',#3208,9.125);
#625=CIRCLE('',#3209,9.125);
#626=CIRCLE('',#3210,9.125);
#627=CIRCLE('',#3211,9.125);
#628=CIRCLE('',#3212,4.24999999999999);
#629=CIRCLE('',#3215,4.24999999999999);
#630=CIRCLE('',#3216,3.75000000000001);
#631=CIRCLE('',#3235,12.125);
#632=CIRCLE('',#3237,12.125);
#633=CIRCLE('',#3243,12.125);
#634=CIRCLE('',#3260,12.125);
#635=CIRCLE('',#3262,12.125);
#636=CIRCLE('',#3269,12.125);
#637=CIRCLE('',#3274,1.);
#638=CIRCLE('',#3275,1.);
#639=CIRCLE('',#3276,1.);
#640=CIRCLE('',#3277,1.);
#641=CIRCLE('',#3278,1.);
#642=CIRCLE('',#3279,1.);
#643=CIRCLE('',#3280,1.);
#644=CIRCLE('',#3281,1.);
#645=CIRCLE('',#3282,1.);
#646=CIRCLE('',#3283,1.);
#647=CIRCLE('',#3284,1.);
#648=CIRCLE('',#3285,1.);
#649=CIRCLE('',#3286,1.);
#650=CIRCLE('',#3287,1.);
#651=CIRCLE('',#3288,1.);
#652=CIRCLE('',#3289,1.);
#653=CIRCLE('',#3290,1.);
#654=CIRCLE('',#3291,1.);
#655=CIRCLE('',#3292,1.);
#656=CIRCLE('',#3293,1.);
#657=CIRCLE('',#3294,1.);
#658=CIRCLE('',#3295,1.);
#659=CIRCLE('',#3296,1.);
#660=CIRCLE('',#3297,1.);
#661=CIRCLE('',#3298,1.);
#662=CIRCLE('',#3299,1.);
#663=CIRCLE('',#3300,1.);
#664=CIRCLE('',#3301,1.);
#665=CIRCLE('',#3302,1.);
#666=CIRCLE('',#3303,1.);
#667=CIRCLE('',#3304,1.);
#668=CIRCLE('',#3305,1.);
#669=CIRCLE('',#3306,1.);
#670=CIRCLE('',#3307,1.);
#671=CIRCLE('',#3308,1.);
#672=CIRCLE('',#3309,1.);
#673=CIRCLE('',#3310,1.);
#674=CIRCLE('',#3311,1.);
#675=CIRCLE('',#3312,1.);
#676=CIRCLE('',#3313,1.);
#677=CIRCLE('',#3314,1.);
#678=CIRCLE('',#3315,1.);
#679=CIRCLE('',#3316,1.);
#680=CIRCLE('',#3317,1.);
#681=CIRCLE('',#3382,0.849999999999999);
#682=CIRCLE('',#3409,1.);
#683=CIRCLE('',#3410,1.);
#684=CIRCLE('',#3412,2.5);
#685=CIRCLE('',#3413,2.5);
#686=CIRCLE('',#3417,1.);
#687=CIRCLE('',#3418,1.);
#688=CIRCLE('',#3420,1.);
#689=CIRCLE('',#3421,1.);
#690=CIRCLE('',#3423,1.);
#691=CIRCLE('',#3424,1.);
#692=CIRCLE('',#3426,2.63397459621556);
#693=CIRCLE('',#3427,2.5);
#694=CIRCLE('',#3429,1.);
#695=CIRCLE('',#3430,3.5);
#696=CIRCLE('',#3432,9.125);
#697=CIRCLE('',#3433,9.125);
#698=CIRCLE('',#3435,11.625);
#699=CIRCLE('',#3438,11.625);
#700=CIRCLE('',#3442,11.625);
#701=CIRCLE('',#3445,11.625);
#702=CIRCLE('',#3447,3.5);
#703=CIRCLE('',#3448,0.499999999999999);
#704=CIRCLE('',#3449,2.99999999999999);
#705=CIRCLE('',#3451,2.99999999999999);
#706=CIRCLE('',#3453,9.125);
#707=CIRCLE('',#3454,9.125);
#708=CIRCLE('',#3456,2.5);
#709=CIRCLE('',#3459,12.125);
#710=CIRCLE('',#3462,12.125);
#711=CIRCLE('',#3466,12.125);
#712=CIRCLE('',#3469,12.125);
#713=LINE('',#4306,#951);
#714=LINE('',#4310,#952);
#715=LINE('',#4315,#953);
#716=LINE('',#4319,#954);
#717=LINE('',#4324,#955);
#718=LINE('',#4326,#956);
#719=LINE('',#4328,#957);
#720=LINE('',#4329,#958);
#721=LINE('',#4336,#959);
#722=LINE('',#4339,#960);
#723=LINE('',#4341,#961);
#724=LINE('',#4342,#962);
#725=LINE('',#4350,#963);
#726=LINE('',#4354,#964);
#727=LINE('',#4357,#965);
#728=LINE('',#4360,#966);
#729=LINE('',#4364,#967);
#730=LINE('',#4367,#968);
#731=LINE('',#4371,#969);
#732=LINE('',#4373,#970);
#733=LINE('',#4375,#971);
#734=LINE('',#4376,#972);
#735=LINE('',#4379,#973);
#736=LINE('',#4381,#974);
#737=LINE('',#4383,#975);
#738=LINE('',#4385,#976);
#739=LINE('',#4387,#977);
#740=LINE('',#4389,#978);
#741=LINE('',#4395,#979);
#742=LINE('',#4401,#980);
#743=LINE('',#4403,#981);
#744=LINE('',#4405,#982);
#745=LINE('',#4407,#983);
#746=LINE('',#4409,#984);
#747=LINE('',#4410,#985);
#748=LINE('',#4413,#986);
#749=LINE('',#4415,#987);
#750=LINE('',#4417,#988);
#751=LINE('',#4419,#989);
#752=LINE('',#4421,#990);
#753=LINE('',#4423,#991);
#754=LINE('',#4425,#992);
#755=LINE('',#4426,#993);
#756=LINE('',#4429,#994);
#757=LINE('',#4431,#995);
#758=LINE('',#4433,#996);
#759=LINE('',#4435,#997);
#760=LINE('',#4437,#998);
#761=LINE('',#4439,#999);
#762=LINE('',#4441,#1000);
#763=LINE('',#4442,#1001);
#764=LINE('',#4447,#1002);
#765=LINE('',#4449,#1003);
#766=LINE('',#4450,#1004);
#767=LINE('',#4455,#1005);
#768=LINE('',#4458,#1006);
#769=LINE('',#4462,#1007);
#770=LINE('',#4464,#1008);
#771=LINE('',#4465,#1009);
#772=LINE('',#4468,#1010);
#773=LINE('',#4469,#1011);
#774=LINE('',#4472,#1012);
#775=LINE('',#4473,#1013);
#776=LINE('',#4476,#1014);
#777=LINE('',#4477,#1015);
#778=LINE('',#4480,#1016);
#779=LINE('',#4481,#1017);
#780=LINE('',#4484,#1018);
#781=LINE('',#4485,#1019);
#782=LINE('',#4488,#1020);
#783=LINE('',#4489,#1021);
#784=LINE('',#4491,#1022);
#785=LINE('',#4508,#1023);
#786=LINE('',#4510,#1024);
#787=LINE('',#4511,#1025);
#788=LINE('',#4514,#1026);
#789=LINE('',#4516,#1027);
#790=LINE('',#4517,#1028);
#791=LINE('',#4520,#1029);
#792=LINE('',#4521,#1030);
#793=LINE('',#4524,#1031);
#794=LINE('',#4525,#1032);
#795=LINE('',#4528,#1033);
#796=LINE('',#4529,#1034);
#797=LINE('',#4531,#1035);
#798=LINE('',#4535,#1036);
#799=LINE('',#4539,#1037);
#800=LINE('',#4540,#1038);
#801=LINE('',#4566,#1039);
#802=LINE('',#4578,#1040);
#803=LINE('',#4579,#1041);
#804=LINE('',#4609,#1042);
#805=LINE('',#4612,#1043);
#806=LINE('',#4614,#1044);
#807=LINE('',#4615,#1045);
#808=LINE('',#4618,#1046);
#809=LINE('',#4619,#1047);
#810=LINE('',#4622,#1048);
#811=LINE('',#4623,#1049);
#812=LINE('',#4626,#1050);
#813=LINE('',#4627,#1051);
#814=LINE('',#4630,#1052);
#815=LINE('',#4631,#1053);
#816=LINE('',#4634,#1054);
#817=LINE('',#4635,#1055);
#818=LINE('',#4638,#1056);
#819=LINE('',#4639,#1057);
#820=LINE('',#4641,#1058);
#821=LINE('',#4658,#1059);
#822=LINE('',#4660,#1060);
#823=LINE('',#4661,#1061);
#824=LINE('',#4664,#1062);
#825=LINE('',#4665,#1063);
#826=LINE('',#4668,#1064);
#827=LINE('',#4669,#1065);
#828=LINE('',#4672,#1066);
#829=LINE('',#4673,#1067);
#830=LINE('',#4675,#1068);
#831=LINE('',#4678,#1069);
#832=LINE('',#4707,#1070);
#833=LINE('',#4708,#1071);
#834=LINE('',#4710,#1072);
#835=LINE('',#4722,#1073);
#836=LINE('',#4723,#1074);
#837=LINE('',#4751,#1075);
#838=LINE('',#4845,#1076);
#839=LINE('',#4849,#1077);
#840=LINE('',#4850,#1078);
#841=LINE('',#4853,#1079);
#842=LINE('',#4854,#1080);
#843=LINE('',#4857,#1081);
#844=LINE('',#4858,#1082);
#845=LINE('',#4861,#1083);
#846=LINE('',#4862,#1084);
#847=LINE('',#4865,#1085);
#848=LINE('',#4866,#1086);
#849=LINE('',#4869,#1087);
#850=LINE('',#4870,#1088);
#851=LINE('',#4873,#1089);
#852=LINE('',#4874,#1090);
#853=LINE('',#4877,#1091);
#854=LINE('',#4878,#1092);
#855=LINE('',#4881,#1093);
#856=LINE('',#4882,#1094);
#857=LINE('',#4885,#1095);
#858=LINE('',#4886,#1096);
#859=LINE('',#4889,#1097);
#860=LINE('',#4890,#1098);
#861=LINE('',#4893,#1099);
#862=LINE('',#4894,#1100);
#863=LINE('',#4897,#1101);
#864=LINE('',#4898,#1102);
#865=LINE('',#4901,#1103);
#866=LINE('',#4902,#1104);
#867=LINE('',#4905,#1105);
#868=LINE('',#4906,#1106);
#869=LINE('',#4909,#1107);
#870=LINE('',#4910,#1108);
#871=LINE('',#4913,#1109);
#872=LINE('',#4914,#1110);
#873=LINE('',#4917,#1111);
#874=LINE('',#4918,#1112);
#875=LINE('',#4921,#1113);
#876=LINE('',#4922,#1114);
#877=LINE('',#4925,#1115);
#878=LINE('',#4926,#1116);
#879=LINE('',#4929,#1117);
#880=LINE('',#4930,#1118);
#881=LINE('',#4937,#1119);
#882=LINE('',#4942,#1120);
#883=LINE('',#4945,#1121);
#884=LINE('',#4962,#1122);
#885=LINE('',#4968,#1123);
#886=LINE('',#4981,#1124);
#887=LINE('',#4987,#1125);
#888=LINE('',#5000,#1126);
#889=LINE('',#5006,#1127);
#890=LINE('',#5019,#1128);
#891=LINE('',#5025,#1129);
#892=LINE('',#5038,#1130);
#893=LINE('',#5044,#1131);
#894=LINE('',#5057,#1132);
#895=LINE('',#5063,#1133);
#896=LINE('',#5076,#1134);
#897=LINE('',#5082,#1135);
#898=LINE('',#5095,#1136);
#899=LINE('',#5101,#1137);
#900=LINE('',#5114,#1138);
#901=LINE('',#5120,#1139);
#902=LINE('',#5133,#1140);
#903=LINE('',#5233,#1141);
#904=LINE('',#5319,#1142);
#905=LINE('',#5321,#1143);
#906=LINE('',#5323,#1144);
#907=LINE('',#5325,#1145);
#908=LINE('',#5327,#1146);
#909=LINE('',#5329,#1147);
#910=LINE('',#5331,#1148);
#911=LINE('',#5333,#1149);
#912=LINE('',#5335,#1150);
#913=LINE('',#5337,#1151);
#914=LINE('',#5339,#1152);
#915=LINE('',#5341,#1153);
#916=LINE('',#5343,#1154);
#917=LINE('',#5345,#1155);
#918=LINE('',#5347,#1156);
#919=LINE('',#5349,#1157);
#920=LINE('',#5351,#1158);
#921=LINE('',#5353,#1159);
#922=LINE('',#5354,#1160);
#923=LINE('',#5357,#1161);
#924=LINE('',#5367,#1162);
#925=LINE('',#5373,#1163);
#926=LINE('',#5381,#1164);
#927=LINE('',#5387,#1165);
#928=LINE('',#5393,#1166);
#929=LINE('',#5409,#1167);
#930=LINE('',#5412,#1168);
#931=LINE('',#5453,#1169);
#932=LINE('',#5492,#1170);
#933=LINE('',#5495,#1171);
#934=LINE('',#5497,#1172);
#935=LINE('',#5498,#1173);
#936=LINE('',#5502,#1174);
#937=LINE('',#5505,#1175);
#938=LINE('',#5506,#1176);
#939=LINE('',#5518,#1177);
#940=LINE('',#5524,#1178);
#941=LINE('',#5527,#1179);
#942=LINE('',#5530,#1180);
#943=LINE('',#5587,#1181);
#944=LINE('',#5620,#1182);
#945=LINE('',#5623,#1183);
#946=LINE('',#5625,#1184);
#947=LINE('',#5626,#1185);
#948=LINE('',#5629,#1186);
#949=LINE('',#5633,#1187);
#950=LINE('',#5634,#1188);
#951=VECTOR('',#3481,10.);
#952=VECTOR('',#3484,10.);
#953=VECTOR('',#3489,10.);
#954=VECTOR('',#3492,10.);
#955=VECTOR('',#3497,10.);
#956=VECTOR('',#3498,10.);
#957=VECTOR('',#3499,10.);
#958=VECTOR('',#3500,10.);
#959=VECTOR('',#3509,10.);
#960=VECTOR('',#3512,10.);
#961=VECTOR('',#3513,10.);
#962=VECTOR('',#3514,10.);
#963=VECTOR('',#3527,10.);
#964=VECTOR('',#3530,10.);
#965=VECTOR('',#3533,10.);
#966=VECTOR('',#3536,10.);
#967=VECTOR('',#3539,10.);
#968=VECTOR('',#3542,10.);
#969=VECTOR('',#3545,10.);
#970=VECTOR('',#3546,10.);
#971=VECTOR('',#3547,10.);
#972=VECTOR('',#3548,10.);
#973=VECTOR('',#3551,10.);
#974=VECTOR('',#3552,10.);
#975=VECTOR('',#3553,10.);
#976=VECTOR('',#3554,10.);
#977=VECTOR('',#3555,10.);
#978=VECTOR('',#3556,10.);
#979=VECTOR('',#3561,10.);
#980=VECTOR('',#3566,10.);
#981=VECTOR('',#3567,10.);
#982=VECTOR('',#3568,10.);
#983=VECTOR('',#3569,10.);
#984=VECTOR('',#3570,10.);
#985=VECTOR('',#3571,10.);
#986=VECTOR('',#3572,10.);
#987=VECTOR('',#3573,10.);
#988=VECTOR('',#3574,10.);
#989=VECTOR('',#3575,10.);
#990=VECTOR('',#3576,10.);
#991=VECTOR('',#3577,10.);
#992=VECTOR('',#3578,10.);
#993=VECTOR('',#3579,10.);
#994=VECTOR('',#3580,10.);
#995=VECTOR('',#3581,10.);
#996=VECTOR('',#3582,10.);
#997=VECTOR('',#3583,10.);
#998=VECTOR('',#3584,10.);
#999=VECTOR('',#3585,10.);
#1000=VECTOR('',#3586,10.);
#1001=VECTOR('',#3587,10.);
#1002=VECTOR('',#3592,10.);
#1003=VECTOR('',#3593,10.);
#1004=VECTOR('',#3594,10.);
#1005=VECTOR('',#3599,4.);
#1006=VECTOR('',#3604,4.24999999999999);
#1007=VECTOR('',#3609,10.);
#1008=VECTOR('',#3610,10.);
#1009=VECTOR('',#3611,10.);
#1010=VECTOR('',#3614,10.);
#1011=VECTOR('',#3615,10.);
#1012=VECTOR('',#3618,10.);
#1013=VECTOR('',#3619,10.);
#1014=VECTOR('',#3622,10.);
#1015=VECTOR('',#3623,10.);
#1016=VECTOR('',#3626,10.);
#1017=VECTOR('',#3627,10.);
#1018=VECTOR('',#3630,10.);
#1019=VECTOR('',#3631,10.);
#1020=VECTOR('',#3634,10.);
#1021=VECTOR('',#3635,10.);
#1022=VECTOR('',#3638,10.);
#1023=VECTOR('',#3643,10.);
#1024=VECTOR('',#3644,10.);
#1025=VECTOR('',#3645,10.);
#1026=VECTOR('',#3648,10.);
#1027=VECTOR('',#3649,10.);
#1028=VECTOR('',#3650,10.);
#1029=VECTOR('',#3653,10.);
#1030=VECTOR('',#3654,10.);
#1031=VECTOR('',#3657,10.);
#1032=VECTOR('',#3658,10.);
#1033=VECTOR('',#3661,10.);
#1034=VECTOR('',#3662,10.);
#1035=VECTOR('',#3665,10.);
#1036=VECTOR('',#3670,10.);
#1037=VECTOR('',#3675,10.);
#1038=VECTOR('',#3676,10.);
#1039=VECTOR('',#3681,10.);
#1040=VECTOR('',#3684,10.);
#1041=VECTOR('',#3685,10.);
#1042=VECTOR('',#3694,10.);
#1043=VECTOR('',#3697,10.);
#1044=VECTOR('',#3698,10.);
#1045=VECTOR('',#3699,10.);
#1046=VECTOR('',#3702,10.);
#1047=VECTOR('',#3703,10.);
#1048=VECTOR('',#3706,10.);
#1049=VECTOR('',#3707,10.);
#1050=VECTOR('',#3710,10.);
#1051=VECTOR('',#3711,10.);
#1052=VECTOR('',#3714,10.);
#1053=VECTOR('',#3715,10.);
#1054=VECTOR('',#3718,10.);
#1055=VECTOR('',#3719,10.);
#1056=VECTOR('',#3722,10.);
#1057=VECTOR('',#3723,10.);
#1058=VECTOR('',#3726,10.);
#1059=VECTOR('',#3731,10.);
#1060=VECTOR('',#3732,10.);
#1061=VECTOR('',#3733,10.);
#1062=VECTOR('',#3736,10.);
#1063=VECTOR('',#3737,10.);
#1064=VECTOR('',#3740,10.);
#1065=VECTOR('',#3741,10.);
#1066=VECTOR('',#3744,10.);
#1067=VECTOR('',#3745,10.);
#1068=VECTOR('',#3748,10.);
#1069=VECTOR('',#3751,10.);
#1070=VECTOR('',#3760,10.);
#1071=VECTOR('',#3761,10.);
#1072=VECTOR('',#3764,10.);
#1073=VECTOR('',#3767,10.);
#1074=VECTOR('',#3768,10.);
#1075=VECTOR('',#3773,10.);
#1076=VECTOR('',#3872,1.);
#1077=VECTOR('',#3877,10.);
#1078=VECTOR('',#3878,10.);
#1079=VECTOR('',#3881,10.);
#1080=VECTOR('',#3882,10.);
#1081=VECTOR('',#3885,10.);
#1082=VECTOR('',#3886,10.);
#1083=VECTOR('',#3889,10.);
#1084=VECTOR('',#3890,10.);
#1085=VECTOR('',#3893,10.);
#1086=VECTOR('',#3894,10.);
#1087=VECTOR('',#3897,10.);
#1088=VECTOR('',#3898,10.);
#1089=VECTOR('',#3901,10.);
#1090=VECTOR('',#3902,10.);
#1091=VECTOR('',#3905,10.);
#1092=VECTOR('',#3906,10.);
#1093=VECTOR('',#3909,10.);
#1094=VECTOR('',#3910,10.);
#1095=VECTOR('',#3913,10.);
#1096=VECTOR('',#3914,10.);
#1097=VECTOR('',#3917,10.);
#1098=VECTOR('',#3918,10.);
#1099=VECTOR('',#3921,10.);
#1100=VECTOR('',#3922,10.);
#1101=VECTOR('',#3925,10.);
#1102=VECTOR('',#3926,10.);
#1103=VECTOR('',#3929,10.);
#1104=VECTOR('',#3930,10.);
#1105=VECTOR('',#3933,10.);
#1106=VECTOR('',#3934,10.);
#1107=VECTOR('',#3937,10.);
#1108=VECTOR('',#3938,10.);
#1109=VECTOR('',#3941,10.);
#1110=VECTOR('',#3942,10.);
#1111=VECTOR('',#3945,10.);
#1112=VECTOR('',#3946,10.);
#1113=VECTOR('',#3949,10.);
#1114=VECTOR('',#3950,10.);
#1115=VECTOR('',#3953,10.);
#1116=VECTOR('',#3954,10.);
#1117=VECTOR('',#3957,10.);
#1118=VECTOR('',#3958,10.);
#1119=VECTOR('',#3961,10.);
#1120=VECTOR('',#3962,10.);
#1121=VECTOR('',#3965,10.);
#1122=VECTOR('',#3968,10.);
#1123=VECTOR('',#3971,10.);
#1124=VECTOR('',#3974,10.);
#1125=VECTOR('',#3977,10.);
#1126=VECTOR('',#3980,10.);
#1127=VECTOR('',#3983,10.);
#1128=VECTOR('',#3986,10.);
#1129=VECTOR('',#3989,10.);
#1130=VECTOR('',#3992,10.);
#1131=VECTOR('',#3995,10.);
#1132=VECTOR('',#3998,10.);
#1133=VECTOR('',#4001,10.);
#1134=VECTOR('',#4004,10.);
#1135=VECTOR('',#4007,10.);
#1136=VECTOR('',#4010,10.);
#1137=VECTOR('',#4013,10.);
#1138=VECTOR('',#4016,10.);
#1139=VECTOR('',#4019,10.);
#1140=VECTOR('',#4022,10.);
#1141=VECTOR('',#4067,0.95);
#1142=VECTOR('',#4072,10.);
#1143=VECTOR('',#4075,10.);
#1144=VECTOR('',#4078,10.);
#1145=VECTOR('',#4081,10.);
#1146=VECTOR('',#4084,10.);
#1147=VECTOR('',#4087,10.);
#1148=VECTOR('',#4090,10.);
#1149=VECTOR('',#4093,10.);
#1150=VECTOR('',#4096,10.);
#1151=VECTOR('',#4099,10.);
#1152=VECTOR('',#4102,10.);
#1153=VECTOR('',#4105,10.);
#1154=VECTOR('',#4108,10.);
#1155=VECTOR('',#4111,10.);
#1156=VECTOR('',#4114,10.);
#1157=VECTOR('',#4117,10.);
#1158=VECTOR('',#4120,10.);
#1159=VECTOR('',#4123,10.);
#1160=VECTOR('',#4124,10.);
#1161=VECTOR('',#4129,10.);
#1162=VECTOR('',#4144,1.);
#1163=VECTOR('',#4151,2.5);
#1164=VECTOR('',#4162,1.);
#1165=VECTOR('',#4169,1.);
#1166=VECTOR('',#4176,1.);
#1167=VECTOR('',#4195,10.);
#1168=VECTOR('',#4198,10.);
#1169=VECTOR('',#4205,10.);
#1170=VECTOR('',#4212,10.);
#1171=VECTOR('',#4215,10.);
#1172=VECTOR('',#4216,10.);
#1173=VECTOR('',#4217,10.);
#1174=VECTOR('',#4222,10.);
#1175=VECTOR('',#4225,10.);
#1176=VECTOR('',#4226,10.);
#1177=VECTOR('',#4243,2.99999999999999);
#1178=VECTOR('',#4248,10.);
#1179=VECTOR('',#4251,10.);
#1180=VECTOR('',#4254,2.5);
#1181=VECTOR('',#4265,10.);
#1182=VECTOR('',#4272,10.);
#1183=VECTOR('',#4275,10.);
#1184=VECTOR('',#4276,10.);
#1185=VECTOR('',#4277,10.);
#1186=VECTOR('',#4280,10.);
#1187=VECTOR('',#4285,10.);
#1188=VECTOR('',#4286,10.);
#1189=VERTEX_POINT('',#4304);
#1190=VERTEX_POINT('',#4305);
#1191=VERTEX_POINT('',#4307);
#1192=VERTEX_POINT('',#4309);
#1193=VERTEX_POINT('',#4313);
#1194=VERTEX_POINT('',#4314);
#1195=VERTEX_POINT('',#4316);
#1196=VERTEX_POINT('',#4318);
#1197=VERTEX_POINT('',#4322);
#1198=VERTEX_POINT('',#4323);
#1199=VERTEX_POINT('',#4325);
#1200=VERTEX_POINT('',#4327);
#1201=VERTEX_POINT('',#4331);
#1202=VERTEX_POINT('',#4334);
#1203=VERTEX_POINT('',#4338);
#1204=VERTEX_POINT('',#4340);
#1205=VERTEX_POINT('',#4349);
#1206=VERTEX_POINT('',#4351);
#1207=VERTEX_POINT('',#4353);
#1208=VERTEX_POINT('',#4355);
#1209=VERTEX_POINT('',#4359);
#1210=VERTEX_POINT('',#4361);
#1211=VERTEX_POINT('',#4363);
#1212=VERTEX_POINT('',#4365);
#1213=VERTEX_POINT('',#4369);
#1214=VERTEX_POINT('',#4370);
#1215=VERTEX_POINT('',#4372);
#1216=VERTEX_POINT('',#4374);
#1217=VERTEX_POINT('',#4378);
#1218=VERTEX_POINT('',#4380);
#1219=VERTEX_POINT('',#4382);
#1220=VERTEX_POINT('',#4384);
#1221=VERTEX_POINT('',#4386);
#1222=VERTEX_POINT('',#4388);
#1223=VERTEX_POINT('',#4390);
#1224=VERTEX_POINT('',#4392);
#1225=VERTEX_POINT('',#4394);
#1226=VERTEX_POINT('',#4396);
#1227=VERTEX_POINT('',#4398);
#1228=VERTEX_POINT('',#4400);
#1229=VERTEX_POINT('',#4402);
#1230=VERTEX_POINT('',#4404);
#1231=VERTEX_POINT('',#4406);
#1232=VERTEX_POINT('',#4408);
#1233=VERTEX_POINT('',#4411);
#1234=VERTEX_POINT('',#4412);
#1235=VERTEX_POINT('',#4414);
#1236=VERTEX_POINT('',#4416);
#1237=VERTEX_POINT('',#4418);
#1238=VERTEX_POINT('',#4420);
#1239=VERTEX_POINT('',#4422);
#1240=VERTEX_POINT('',#4424);
#1241=VERTEX_POINT('',#4427);
#1242=VERTEX_POINT('',#4428);
#1243=VERTEX_POINT('',#4430);
#1244=VERTEX_POINT('',#4432);
#1245=VERTEX_POINT('',#4434);
#1246=VERTEX_POINT('',#4436);
#1247=VERTEX_POINT('',#4438);
#1248=VERTEX_POINT('',#4440);
#1249=VERTEX_POINT('',#4443);
#1250=VERTEX_POINT('',#4446);
#1251=VERTEX_POINT('',#4448);
#1252=VERTEX_POINT('',#4452);
#1253=VERTEX_POINT('',#4454);
#1254=VERTEX_POINT('',#4461);
#1255=VERTEX_POINT('',#4463);
#1256=VERTEX_POINT('',#4467);
#1257=VERTEX_POINT('',#4471);
#1258=VERTEX_POINT('',#4475);
#1259=VERTEX_POINT('',#4479);
#1260=VERTEX_POINT('',#4483);
#1261=VERTEX_POINT('',#4487);
#1262=VERTEX_POINT('',#4494);
#1263=VERTEX_POINT('',#4507);
#1264=VERTEX_POINT('',#4509);
#1265=VERTEX_POINT('',#4513);
#1266=VERTEX_POINT('',#4515);
#1267=VERTEX_POINT('',#4519);
#1268=VERTEX_POINT('',#4523);
#1269=VERTEX_POINT('',#4527);
#1270=VERTEX_POINT('',#4533);
#1271=VERTEX_POINT('',#4537);
#1272=VERTEX_POINT('',#4542);
#1273=VERTEX_POINT('',#4568);
#1274=VERTEX_POINT('',#4569);
#1275=VERTEX_POINT('',#4596);
#1276=VERTEX_POINT('',#4611);
#1277=VERTEX_POINT('',#4613);
#1278=VERTEX_POINT('',#4617);
#1279=VERTEX_POINT('',#4621);
#1280=VERTEX_POINT('',#4625);
#1281=VERTEX_POINT('',#4629);
#1282=VERTEX_POINT('',#4633);
#1283=VERTEX_POINT('',#4637);
#1284=VERTEX_POINT('',#4644);
#1285=VERTEX_POINT('',#4657);
#1286=VERTEX_POINT('',#4659);
#1287=VERTEX_POINT('',#4663);
#1288=VERTEX_POINT('',#4667);
#1289=VERTEX_POINT('',#4671);
#1290=VERTEX_POINT('',#4677);
#1291=VERTEX_POINT('',#4681);
#1292=VERTEX_POINT('',#4683);
#1293=VERTEX_POINT('',#4712);
#1294=VERTEX_POINT('',#4713);
#1295=VERTEX_POINT('',#4740);
#1296=VERTEX_POINT('',#4758);
#1297=VERTEX_POINT('',#4759);
#1298=VERTEX_POINT('',#4761);
#1299=VERTEX_POINT('',#4763);
#1300=VERTEX_POINT('',#4765);
#1301=VERTEX_POINT('',#4767);
#1302=VERTEX_POINT('',#4769);
#1303=VERTEX_POINT('',#4771);
#1304=VERTEX_POINT('',#4773);
#1305=VERTEX_POINT('',#4775);
#1306=VERTEX_POINT('',#4777);
#1307=VERTEX_POINT('',#4779);
#1308=VERTEX_POINT('',#4781);
#1309=VERTEX_POINT('',#4783);
#1310=VERTEX_POINT('',#4785);
#1311=VERTEX_POINT('',#4787);
#1312=VERTEX_POINT('',#4789);
#1313=VERTEX_POINT('',#4791);
#1314=VERTEX_POINT('',#4793);
#1315=VERTEX_POINT('',#4795);
#1316=VERTEX_POINT('',#4797);
#1317=VERTEX_POINT('',#4799);
#1318=VERTEX_POINT('',#4801);
#1319=VERTEX_POINT('',#4803);
#1320=VERTEX_POINT('',#4805);
#1321=VERTEX_POINT('',#4807);
#1322=VERTEX_POINT('',#4809);
#1323=VERTEX_POINT('',#4811);
#1324=VERTEX_POINT('',#4813);
#1325=VERTEX_POINT('',#4815);
#1326=VERTEX_POINT('',#4817);
#1327=VERTEX_POINT('',#4819);
#1328=VERTEX_POINT('',#4821);
#1329=VERTEX_POINT('',#4823);
#1330=VERTEX_POINT('',#4825);
#1331=VERTEX_POINT('',#4827);
#1332=VERTEX_POINT('',#4829);
#1333=VERTEX_POINT('',#4831);
#1334=VERTEX_POINT('',#4833);
#1335=VERTEX_POINT('',#4835);
#1336=VERTEX_POINT('',#4837);
#1337=VERTEX_POINT('',#4839);
#1338=VERTEX_POINT('',#4841);
#1339=VERTEX_POINT('',#4844);
#1340=VERTEX_POINT('',#4848);
#1341=VERTEX_POINT('',#4852);
#1342=VERTEX_POINT('',#4856);
#1343=VERTEX_POINT('',#4860);
#1344=VERTEX_POINT('',#4864);
#1345=VERTEX_POINT('',#4868);
#1346=VERTEX_POINT('',#4872);
#1347=VERTEX_POINT('',#4876);
#1348=VERTEX_POINT('',#4880);
#1349=VERTEX_POINT('',#4884);
#1350=VERTEX_POINT('',#4888);
#1351=VERTEX_POINT('',#4892);
#1352=VERTEX_POINT('',#4896);
#1353=VERTEX_POINT('',#4900);
#1354=VERTEX_POINT('',#4904);
#1355=VERTEX_POINT('',#4908);
#1356=VERTEX_POINT('',#4912);
#1357=VERTEX_POINT('',#4916);
#1358=VERTEX_POINT('',#4920);
#1359=VERTEX_POINT('',#4924);
#1360=VERTEX_POINT('',#4928);
#1361=VERTEX_POINT('',#4932);
#1362=VERTEX_POINT('',#4936);
#1363=VERTEX_POINT('',#4938);
#1364=VERTEX_POINT('',#4944);
#1365=VERTEX_POINT('',#4946);
#1366=VERTEX_POINT('',#4957);
#1367=VERTEX_POINT('',#4961);
#1368=VERTEX_POINT('',#4967);
#1369=VERTEX_POINT('',#4976);
#1370=VERTEX_POINT('',#4980);
#1371=VERTEX_POINT('',#4986);
#1372=VERTEX_POINT('',#4995);
#1373=VERTEX_POINT('',#4999);
#1374=VERTEX_POINT('',#5005);
#1375=VERTEX_POINT('',#5014);
#1376=VERTEX_POINT('',#5018);
#1377=VERTEX_POINT('',#5024);
#1378=VERTEX_POINT('',#5033);
#1379=VERTEX_POINT('',#5037);
#1380=VERTEX_POINT('',#5043);
#1381=VERTEX_POINT('',#5052);
#1382=VERTEX_POINT('',#5056);
#1383=VERTEX_POINT('',#5062);
#1384=VERTEX_POINT('',#5071);
#1385=VERTEX_POINT('',#5075);
#1386=VERTEX_POINT('',#5081);
#1387=VERTEX_POINT('',#5090);
#1388=VERTEX_POINT('',#5094);
#1389=VERTEX_POINT('',#5100);
#1390=VERTEX_POINT('',#5109);
#1391=VERTEX_POINT('',#5113);
#1392=VERTEX_POINT('',#5119);
#1393=VERTEX_POINT('',#5128);
#1394=VERTEX_POINT('',#5132);
#1395=VERTEX_POINT('',#5144);
#1396=VERTEX_POINT('',#5153);
#1397=VERTEX_POINT('',#5162);
#1398=VERTEX_POINT('',#5171);
#1399=VERTEX_POINT('',#5180);
#1400=VERTEX_POINT('',#5189);
#1401=VERTEX_POINT('',#5198);
#1402=VERTEX_POINT('',#5207);
#1403=VERTEX_POINT('',#5216);
#1404=VERTEX_POINT('',#5224);
#1405=VERTEX_POINT('',#5232);
#1406=VERTEX_POINT('',#5235);
#1407=VERTEX_POINT('',#5239);
#1408=VERTEX_POINT('',#5243);
#1409=VERTEX_POINT('',#5247);
#1410=VERTEX_POINT('',#5251);
#1411=VERTEX_POINT('',#5255);
#1412=VERTEX_POINT('',#5259);
#1413=VERTEX_POINT('',#5263);
#1414=VERTEX_POINT('',#5267);
#1415=VERTEX_POINT('',#5271);
#1416=VERTEX_POINT('',#5275);
#1417=VERTEX_POINT('',#5279);
#1418=VERTEX_POINT('',#5283);
#1419=VERTEX_POINT('',#5287);
#1420=VERTEX_POINT('',#5291);
#1421=VERTEX_POINT('',#5295);
#1422=VERTEX_POINT('',#5299);
#1423=VERTEX_POINT('',#5303);
#1424=VERTEX_POINT('',#5307);
#1425=VERTEX_POINT('',#5311);
#1426=VERTEX_POINT('',#5364);
#1427=VERTEX_POINT('',#5366);
#1428=VERTEX_POINT('',#5370);
#1429=VERTEX_POINT('',#5372);
#1430=VERTEX_POINT('',#5378);
#1431=VERTEX_POINT('',#5380);
#1432=VERTEX_POINT('',#5384);
#1433=VERTEX_POINT('',#5386);
#1434=VERTEX_POINT('',#5390);
#1435=VERTEX_POINT('',#5392);
#1436=VERTEX_POINT('',#5396);
#1437=VERTEX_POINT('',#5398);
#1438=VERTEX_POINT('',#5401);
#1439=VERTEX_POINT('',#5405);
#1440=VERTEX_POINT('',#5406);
#1441=VERTEX_POINT('',#5408);
#1442=VERTEX_POINT('',#5410);
#1443=VERTEX_POINT('',#5414);
#1444=VERTEX_POINT('',#5415);
#1445=VERTEX_POINT('',#5417);
#1446=VERTEX_POINT('',#5434);
#1447=VERTEX_POINT('',#5452);
#1448=VERTEX_POINT('',#5463);
#1449=VERTEX_POINT('',#5464);
#1450=VERTEX_POINT('',#5466);
#1451=VERTEX_POINT('',#5494);
#1452=VERTEX_POINT('',#5496);
#1453=VERTEX_POINT('',#5500);
#1454=VERTEX_POINT('',#5504);
#1455=VERTEX_POINT('',#5510);
#1456=VERTEX_POINT('',#5512);
#1457=VERTEX_POINT('',#5516);
#1458=VERTEX_POINT('',#5520);
#1459=VERTEX_POINT('',#5521);
#1460=VERTEX_POINT('',#5523);
#1461=VERTEX_POINT('',#5525);
#1462=VERTEX_POINT('',#5529);
#1463=VERTEX_POINT('',#5534);
#1464=VERTEX_POINT('',#5535);
#1465=VERTEX_POINT('',#5537);
#1466=VERTEX_POINT('',#5556);
#1467=VERTEX_POINT('',#5576);
#1468=VERTEX_POINT('',#5589);
#1469=VERTEX_POINT('',#5590);
#1470=VERTEX_POINT('',#5600);
#1471=VERTEX_POINT('',#5622);
#1472=VERTEX_POINT('',#5624);
#1473=VERTEX_POINT('',#5628);
#1474=VERTEX_POINT('',#5632);
#1475=EDGE_CURVE('',#1189,#1190,#713,.T.);
#1476=EDGE_CURVE('',#1191,#1190,#610,.T.);
#1477=EDGE_CURVE('',#1191,#1192,#714,.T.);
#1478=EDGE_CURVE('',#1192,#1189,#611,.T.);
#1479=EDGE_CURVE('',#1193,#1194,#715,.T.);
#1480=EDGE_CURVE('',#1194,#1195,#612,.T.);
#1481=EDGE_CURVE('',#1195,#1196,#716,.T.);
#1482=EDGE_CURVE('',#1193,#1196,#613,.T.);
#1483=EDGE_CURVE('',#1197,#1198,#717,.T.);
#1484=EDGE_CURVE('',#1197,#1199,#718,.T.);
#1485=EDGE_CURVE('',#1200,#1199,#719,.T.);
#1486=EDGE_CURVE('',#1198,#1200,#720,.T.);
#1487=EDGE_CURVE('',#1191,#1201,#614,.T.);
#1488=EDGE_CURVE('',#1198,#1190,#615,.T.);
#1489=EDGE_CURVE('',#1202,#1200,#616,.T.);
#1490=EDGE_CURVE('',#1201,#1202,#721,.T.);
#1491=EDGE_CURVE('',#1201,#1203,#722,.T.);
#1492=EDGE_CURVE('',#1204,#1202,#723,.T.);
#1493=EDGE_CURVE('',#1203,#1204,#724,.T.);
#1494=EDGE_CURVE('',#1193,#1197,#617,.T.);
#1495=EDGE_CURVE('',#1203,#1196,#618,.T.);
#1496=EDGE_CURVE('',#1199,#1204,#619,.T.);
#1497=EDGE_CURVE('',#1196,#1205,#725,.T.);
#1498=EDGE_CURVE('',#1206,#1205,#620,.T.);
#1499=EDGE_CURVE('',#1207,#1206,#726,.T.);
#1500=EDGE_CURVE('',#1208,#1207,#621,.T.);
#1501=EDGE_CURVE('',#1208,#1191,#727,.T.);
#1502=EDGE_CURVE('',#1190,#1209,#728,.T.);
#1503=EDGE_CURVE('',#1210,#1209,#622,.T.);
#1504=EDGE_CURVE('',#1211,#1210,#729,.T.);
#1505=EDGE_CURVE('',#1212,#1211,#623,.T.);
#1506=EDGE_CURVE('',#1212,#1193,#730,.T.);
#1507=EDGE_CURVE('',#1213,#1214,#731,.T.);
#1508=EDGE_CURVE('',#1214,#1215,#732,.T.);
#1509=EDGE_CURVE('',#1215,#1216,#733,.T.);
#1510=EDGE_CURVE('',#1216,#1213,#734,.T.);
#1511=EDGE_CURVE('',#1214,#1217,#735,.T.);
#1512=EDGE_CURVE('',#1217,#1218,#736,.T.);
#1513=EDGE_CURVE('',#1218,#1219,#737,.T.);
#1514=EDGE_CURVE('',#1219,#1220,#738,.T.);
#1515=EDGE_CURVE('',#1220,#1221,#739,.T.);
#1516=EDGE_CURVE('',#1221,#1222,#740,.T.);
#1517=EDGE_CURVE('',#1223,#1222,#624,.T.);
#1518=EDGE_CURVE('',#1224,#1223,#625,.T.);
#1519=EDGE_CURVE('',#1224,#1225,#741,.T.);
#1520=EDGE_CURVE('',#1226,#1225,#626,.T.);
#1521=EDGE_CURVE('',#1227,#1226,#627,.T.);
#1522=EDGE_CURVE('',#1227,#1228,#742,.T.);
#1523=EDGE_CURVE('',#1228,#1229,#743,.T.);
#1524=EDGE_CURVE('',#1229,#1230,#744,.T.);
#1525=EDGE_CURVE('',#1230,#1231,#745,.T.);
#1526=EDGE_CURVE('',#1231,#1232,#746,.T.);
#1527=EDGE_CURVE('',#1232,#1215,#747,.T.);
#1528=EDGE_CURVE('',#1233,#1234,#748,.T.);
#1529=EDGE_CURVE('',#1234,#1235,#749,.T.);
#1530=EDGE_CURVE('',#1235,#1236,#750,.T.);
#1531=EDGE_CURVE('',#1236,#1237,#751,.T.);
#1532=EDGE_CURVE('',#1237,#1238,#752,.T.);
#1533=EDGE_CURVE('',#1238,#1239,#753,.T.);
#1534=EDGE_CURVE('',#1239,#1240,#754,.T.);
#1535=EDGE_CURVE('',#1240,#1233,#755,.T.);
#1536=EDGE_CURVE('',#1241,#1242,#756,.T.);
#1537=EDGE_CURVE('',#1242,#1243,#757,.T.);
#1538=EDGE_CURVE('',#1243,#1244,#758,.T.);
#1539=EDGE_CURVE('',#1244,#1245,#759,.T.);
#1540=EDGE_CURVE('',#1245,#1246,#760,.T.);
#1541=EDGE_CURVE('',#1246,#1247,#761,.T.);
#1542=EDGE_CURVE('',#1247,#1248,#762,.T.);
#1543=EDGE_CURVE('',#1248,#1241,#763,.T.);
#1544=EDGE_CURVE('',#1249,#1249,#628,.T.);
#1545=EDGE_CURVE('',#1250,#1213,#764,.T.);
#1546=EDGE_CURVE('',#1250,#1251,#765,.T.);
#1547=EDGE_CURVE('',#1217,#1251,#766,.T.);
#1548=EDGE_CURVE('',#1252,#1252,#629,.T.);
#1549=EDGE_CURVE('',#1252,#1253,#767,.T.);
#1550=EDGE_CURVE('',#1253,#1253,#630,.T.);
#1551=EDGE_CURVE('',#1252,#1249,#768,.T.);
#1552=EDGE_CURVE('',#1241,#1254,#769,.T.);
#1553=EDGE_CURVE('',#1255,#1254,#770,.T.);
#1554=EDGE_CURVE('',#1242,#1255,#771,.T.);
#1555=EDGE_CURVE('',#1256,#1255,#772,.T.);
#1556=EDGE_CURVE('',#1243,#1256,#773,.T.);
#1557=EDGE_CURVE('',#1257,#1256,#774,.T.);
#1558=EDGE_CURVE('',#1244,#1257,#775,.T.);
#1559=EDGE_CURVE('',#1258,#1257,#776,.T.);
#1560=EDGE_CURVE('',#1245,#1258,#777,.T.);
#1561=EDGE_CURVE('',#1259,#1258,#778,.T.);
#1562=EDGE_CURVE('',#1246,#1259,#779,.T.);
#1563=EDGE_CURVE('',#1260,#1259,#780,.T.);
#1564=EDGE_CURVE('',#1247,#1260,#781,.T.);
#1565=EDGE_CURVE('',#1261,#1260,#782,.T.);
#1566=EDGE_CURVE('',#1248,#1261,#783,.T.);
#1567=EDGE_CURVE('',#1254,#1261,#784,.T.);
#1568=EDGE_CURVE('',#1262,#1227,#138,.T.);
#1569=EDGE_CURVE('',#1263,#1262,#785,.T.);
#1570=EDGE_CURVE('',#1264,#1263,#786,.T.);
#1571=EDGE_CURVE('',#1228,#1264,#787,.T.);
#1572=EDGE_CURVE('',#1231,#1265,#788,.T.);
#1573=EDGE_CURVE('',#1266,#1265,#789,.T.);
#1574=EDGE_CURVE('',#1232,#1266,#790,.T.);
#1575=EDGE_CURVE('',#1267,#1266,#791,.T.);
#1576=EDGE_CURVE('',#1216,#1267,#792,.T.);
#1577=EDGE_CURVE('',#1268,#1264,#793,.T.);
#1578=EDGE_CURVE('',#1229,#1268,#794,.T.);
#1579=EDGE_CURVE('',#1269,#1268,#795,.T.);
#1580=EDGE_CURVE('',#1230,#1269,#796,.T.);
#1581=EDGE_CURVE('',#1265,#1269,#797,.T.);
#1582=EDGE_CURVE('',#1270,#1263,#631,.T.);
#1583=EDGE_CURVE('',#1267,#1270,#798,.T.);
#1584=EDGE_CURVE('',#1271,#1262,#632,.T.);
#1585=EDGE_CURVE('',#1271,#1212,#799,.T.);
#1586=EDGE_CURVE('',#1211,#1270,#800,.T.);
#1587=EDGE_CURVE('',#1226,#1272,#139,.T.);
#1588=EDGE_CURVE('',#1272,#1271,#140,.T.);
#1589=EDGE_CURVE('',#1272,#1194,#801,.T.);
#1590=EDGE_CURVE('',#1273,#1274,#141,.T.);
#1591=EDGE_CURVE('',#1205,#1273,#802,.T.);
#1592=EDGE_CURVE('',#1274,#1195,#803,.T.);
#1593=EDGE_CURVE('',#1274,#1226,#142,.T.);
#1594=EDGE_CURVE('',#1225,#1275,#143,.T.);
#1595=EDGE_CURVE('',#1275,#1273,#633,.T.);
#1596=EDGE_CURVE('',#1206,#1275,#804,.T.);
#1597=EDGE_CURVE('',#1233,#1276,#805,.T.);
#1598=EDGE_CURVE('',#1276,#1277,#806,.T.);
#1599=EDGE_CURVE('',#1234,#1277,#807,.T.);
#1600=EDGE_CURVE('',#1240,#1278,#808,.T.);
#1601=EDGE_CURVE('',#1278,#1276,#809,.T.);
#1602=EDGE_CURVE('',#1239,#1279,#810,.T.);
#1603=EDGE_CURVE('',#1279,#1278,#811,.T.);
#1604=EDGE_CURVE('',#1238,#1280,#812,.T.);
#1605=EDGE_CURVE('',#1280,#1279,#813,.T.);
#1606=EDGE_CURVE('',#1237,#1281,#814,.T.);
#1607=EDGE_CURVE('',#1281,#1280,#815,.T.);
#1608=EDGE_CURVE('',#1236,#1282,#816,.T.);
#1609=EDGE_CURVE('',#1282,#1281,#817,.T.);
#1610=EDGE_CURVE('',#1235,#1283,#818,.T.);
#1611=EDGE_CURVE('',#1283,#1282,#819,.T.);
#1612=EDGE_CURVE('',#1277,#1283,#820,.T.);
#1613=EDGE_CURVE('',#1222,#1284,#144,.T.);
#1614=EDGE_CURVE('',#1221,#1285,#821,.T.);
#1615=EDGE_CURVE('',#1285,#1286,#822,.T.);
#1616=EDGE_CURVE('',#1284,#1286,#823,.T.);
#1617=EDGE_CURVE('',#1251,#1287,#824,.T.);
#1618=EDGE_CURVE('',#1218,#1287,#825,.T.);
#1619=EDGE_CURVE('',#1220,#1288,#826,.T.);
#1620=EDGE_CURVE('',#1288,#1285,#827,.T.);
#1621=EDGE_CURVE('',#1219,#1289,#828,.T.);
#1622=EDGE_CURVE('',#1289,#1288,#829,.T.);
#1623=EDGE_CURVE('',#1287,#1289,#830,.T.);
#1624=EDGE_CURVE('',#1290,#1250,#831,.T.);
#1625=EDGE_CURVE('',#1286,#1290,#634,.T.);
#1626=EDGE_CURVE('',#1284,#1291,#635,.T.);
#1627=EDGE_CURVE('',#1291,#1292,#145,.T.);
#1628=EDGE_CURVE('',#1292,#1223,#146,.T.);
#1629=EDGE_CURVE('',#1210,#1290,#832,.T.);
#1630=EDGE_CURVE('',#1209,#1291,#833,.T.);
#1631=EDGE_CURVE('',#1292,#1189,#834,.T.);
#1632=EDGE_CURVE('',#1293,#1294,#147,.T.);
#1633=EDGE_CURVE('',#1293,#1192,#835,.T.);
#1634=EDGE_CURVE('',#1294,#1208,#836,.T.);
#1635=EDGE_CURVE('',#1223,#1293,#148,.T.);
#1636=EDGE_CURVE('',#1295,#1224,#149,.T.);
#1637=EDGE_CURVE('',#1207,#1295,#837,.T.);
#1638=EDGE_CURVE('',#1294,#1295,#636,.T.);
#1639=EDGE_CURVE('',#1296,#1297,#637,.T.);
#1640=EDGE_CURVE('',#1298,#1296,#638,.T.);
#1641=EDGE_CURVE('',#1299,#1298,#639,.T.);
#1642=EDGE_CURVE('',#1300,#1299,#640,.T.);
#1643=EDGE_CURVE('',#1301,#1300,#641,.T.);
#1644=EDGE_CURVE('',#1302,#1301,#642,.T.);
#1645=EDGE_CURVE('',#1303,#1302,#643,.T.);
#1646=EDGE_CURVE('',#1304,#1303,#644,.T.);
#1647=EDGE_CURVE('',#1305,#1304,#645,.T.);
#1648=EDGE_CURVE('',#1306,#1305,#646,.T.);
#1649=EDGE_CURVE('',#1307,#1306,#647,.T.);
#1650=EDGE_CURVE('',#1308,#1307,#648,.T.);
#1651=EDGE_CURVE('',#1309,#1308,#649,.T.);
#1652=EDGE_CURVE('',#1310,#1309,#650,.T.);
#1653=EDGE_CURVE('',#1311,#1310,#651,.T.);
#1654=EDGE_CURVE('',#1312,#1311,#652,.T.);
#1655=EDGE_CURVE('',#1313,#1312,#653,.T.);
#1656=EDGE_CURVE('',#1314,#1313,#654,.T.);
#1657=EDGE_CURVE('',#1315,#1314,#655,.T.);
#1658=EDGE_CURVE('',#1316,#1315,#656,.T.);
#1659=EDGE_CURVE('',#1317,#1316,#657,.T.);
#1660=EDGE_CURVE('',#1318,#1317,#658,.T.);
#1661=EDGE_CURVE('',#1319,#1318,#659,.T.);
#1662=EDGE_CURVE('',#1320,#1319,#660,.T.);
#1663=EDGE_CURVE('',#1321,#1320,#661,.T.);
#1664=EDGE_CURVE('',#1322,#1321,#662,.T.);
#1665=EDGE_CURVE('',#1323,#1322,#663,.T.);
#1666=EDGE_CURVE('',#1324,#1323,#664,.T.);
#1667=EDGE_CURVE('',#1325,#1324,#665,.T.);
#1668=EDGE_CURVE('',#1326,#1325,#666,.T.);
#1669=EDGE_CURVE('',#1327,#1326,#667,.T.);
#1670=EDGE_CURVE('',#1328,#1327,#668,.T.);
#1671=EDGE_CURVE('',#1329,#1328,#669,.T.);
#1672=EDGE_CURVE('',#1330,#1329,#670,.T.);
#1673=EDGE_CURVE('',#1331,#1330,#671,.T.);
#1674=EDGE_CURVE('',#1332,#1331,#672,.T.);
#1675=EDGE_CURVE('',#1333,#1332,#673,.T.);
#1676=EDGE_CURVE('',#1334,#1333,#674,.T.);
#1677=EDGE_CURVE('',#1335,#1334,#675,.T.);
#1678=EDGE_CURVE('',#1336,#1335,#676,.T.);
#1679=EDGE_CURVE('',#1337,#1336,#677,.T.);
#1680=EDGE_CURVE('',#1338,#1337,#678,.T.);
#1681=EDGE_CURVE('',#1297,#1338,#679,.T.);
#1682=EDGE_CURVE('',#1297,#1339,#838,.T.);
#1683=EDGE_CURVE('',#1339,#1339,#680,.T.);
#1684=EDGE_CURVE('',#1340,#1338,#839,.T.);
#1685=EDGE_CURVE('',#1296,#1340,#840,.T.);
#1686=EDGE_CURVE('',#1299,#1341,#841,.T.);
#1687=EDGE_CURVE('',#1341,#1298,#842,.T.);
#1688=EDGE_CURVE('',#1342,#1336,#843,.T.);
#1689=EDGE_CURVE('',#1337,#1342,#844,.T.);
#1690=EDGE_CURVE('',#1301,#1343,#845,.T.);
#1691=EDGE_CURVE('',#1343,#1300,#846,.T.);
#1692=EDGE_CURVE('',#1344,#1334,#847,.T.);
#1693=EDGE_CURVE('',#1335,#1344,#848,.T.);
#1694=EDGE_CURVE('',#1303,#1345,#849,.T.);
#1695=EDGE_CURVE('',#1345,#1302,#850,.T.);
#1696=EDGE_CURVE('',#1346,#1332,#851,.T.);
#1697=EDGE_CURVE('',#1333,#1346,#852,.T.);
#1698=EDGE_CURVE('',#1305,#1347,#853,.T.);
#1699=EDGE_CURVE('',#1347,#1304,#854,.T.);
#1700=EDGE_CURVE('',#1348,#1330,#855,.T.);
#1701=EDGE_CURVE('',#1331,#1348,#856,.T.);
#1702=EDGE_CURVE('',#1307,#1349,#857,.T.);
#1703=EDGE_CURVE('',#1349,#1306,#858,.T.);
#1704=EDGE_CURVE('',#1350,#1328,#859,.T.);
#1705=EDGE_CURVE('',#1329,#1350,#860,.T.);
#1706=EDGE_CURVE('',#1309,#1351,#861,.T.);
#1707=EDGE_CURVE('',#1351,#1308,#862,.T.);
#1708=EDGE_CURVE('',#1352,#1326,#863,.T.);
#1709=EDGE_CURVE('',#1327,#1352,#864,.T.);
#1710=EDGE_CURVE('',#1311,#1353,#865,.T.);
#1711=EDGE_CURVE('',#1353,#1310,#866,.T.);
#1712=EDGE_CURVE('',#1354,#1324,#867,.T.);
#1713=EDGE_CURVE('',#1325,#1354,#868,.T.);
#1714=EDGE_CURVE('',#1313,#1355,#869,.T.);
#1715=EDGE_CURVE('',#1355,#1312,#870,.T.);
#1716=EDGE_CURVE('',#1356,#1322,#871,.T.);
#1717=EDGE_CURVE('',#1323,#1356,#872,.T.);
#1718=EDGE_CURVE('',#1315,#1357,#873,.T.);
#1719=EDGE_CURVE('',#1357,#1314,#874,.T.);
#1720=EDGE_CURVE('',#1358,#1320,#875,.T.);
#1721=EDGE_CURVE('',#1321,#1358,#876,.T.);
#1722=EDGE_CURVE('',#1317,#1359,#877,.T.);
#1723=EDGE_CURVE('',#1359,#1316,#878,.T.);
#1724=EDGE_CURVE('',#1319,#1360,#879,.T.);
#1725=EDGE_CURVE('',#1360,#1318,#880,.T.);
#1726=EDGE_CURVE('',#1361,#1318,#27,.T.);
#1727=EDGE_CURVE('',#1362,#1361,#881,.T.);
#1728=EDGE_CURVE('',#1363,#1362,#28,.T.);
#1729=EDGE_CURVE('',#1360,#1363,#882,.T.);
#1730=EDGE_CURVE('',#1359,#1364,#883,.T.);
#1731=EDGE_CURVE('',#1365,#1364,#29,.F.);
#1732=EDGE_CURVE('',#1362,#1365,#30,.F.);
#1733=EDGE_CURVE('',#1317,#1361,#31,.T.);
#1734=EDGE_CURVE('',#1366,#1316,#32,.T.);
#1735=EDGE_CURVE('',#1367,#1366,#884,.T.);
#1736=EDGE_CURVE('',#1364,#1367,#33,.T.);
#1737=EDGE_CURVE('',#1357,#1368,#885,.T.);
#1738=EDGE_CURVE('',#1367,#1368,#34,.T.);
#1739=EDGE_CURVE('',#1315,#1366,#35,.T.);
#1740=EDGE_CURVE('',#1369,#1314,#36,.T.);
#1741=EDGE_CURVE('',#1370,#1369,#886,.T.);
#1742=EDGE_CURVE('',#1368,#1370,#37,.T.);
#1743=EDGE_CURVE('',#1355,#1371,#887,.T.);
#1744=EDGE_CURVE('',#1370,#1371,#38,.T.);
#1745=EDGE_CURVE('',#1313,#1369,#39,.T.);
#1746=EDGE_CURVE('',#1372,#1312,#40,.T.);
#1747=EDGE_CURVE('',#1373,#1372,#888,.T.);
#1748=EDGE_CURVE('',#1371,#1373,#41,.T.);
#1749=EDGE_CURVE('',#1353,#1374,#889,.T.);
#1750=EDGE_CURVE('',#1373,#1374,#42,.T.);
#1751=EDGE_CURVE('',#1311,#1372,#43,.T.);
#1752=EDGE_CURVE('',#1375,#1310,#44,.T.);
#1753=EDGE_CURVE('',#1376,#1375,#890,.T.);
#1754=EDGE_CURVE('',#1374,#1376,#45,.T.);
#1755=EDGE_CURVE('',#1351,#1377,#891,.T.);
#1756=EDGE_CURVE('',#1376,#1377,#46,.T.);
#1757=EDGE_CURVE('',#1309,#1375,#47,.T.);
#1758=EDGE_CURVE('',#1378,#1308,#48,.T.);
#1759=EDGE_CURVE('',#1379,#1378,#892,.T.);
#1760=EDGE_CURVE('',#1377,#1379,#49,.T.);
#1761=EDGE_CURVE('',#1349,#1380,#893,.T.);
#1762=EDGE_CURVE('',#1379,#1380,#50,.T.);
#1763=EDGE_CURVE('',#1307,#1378,#51,.T.);
#1764=EDGE_CURVE('',#1381,#1306,#52,.T.);
#1765=EDGE_CURVE('',#1382,#1381,#894,.T.);
#1766=EDGE_CURVE('',#1380,#1382,#53,.T.);
#1767=EDGE_CURVE('',#1347,#1383,#895,.T.);
#1768=EDGE_CURVE('',#1382,#1383,#54,.T.);
#1769=EDGE_CURVE('',#1305,#1381,#55,.T.);
#1770=EDGE_CURVE('',#1384,#1304,#56,.T.);
#1771=EDGE_CURVE('',#1385,#1384,#896,.T.);
#1772=EDGE_CURVE('',#1383,#1385,#57,.T.);
#1773=EDGE_CURVE('',#1345,#1386,#897,.T.);
#1774=EDGE_CURVE('',#1385,#1386,#58,.T.);
#1775=EDGE_CURVE('',#1303,#1384,#59,.T.);
#1776=EDGE_CURVE('',#1387,#1302,#60,.T.);
#1777=EDGE_CURVE('',#1388,#1387,#898,.T.);
#1778=EDGE_CURVE('',#1386,#1388,#61,.T.);
#1779=EDGE_CURVE('',#1343,#1389,#899,.T.);
#1780=EDGE_CURVE('',#1388,#1389,#62,.T.);
#1781=EDGE_CURVE('',#1301,#1387,#63,.T.);
#1782=EDGE_CURVE('',#1390,#1300,#64,.T.);
#1783=EDGE_CURVE('',#1391,#1390,#900,.T.);
#1784=EDGE_CURVE('',#1389,#1391,#65,.T.);
#1785=EDGE_CURVE('',#1341,#1392,#901,.T.);
#1786=EDGE_CURVE('',#1391,#1392,#66,.T.);
#1787=EDGE_CURVE('',#1299,#1390,#67,.T.);
#1788=EDGE_CURVE('',#1393,#1298,#68,.T.);
#1789=EDGE_CURVE('',#1394,#1393,#902,.T.);
#1790=EDGE_CURVE('',#1392,#1394,#69,.T.);
#1791=EDGE_CURVE('',#1296,#1393,#70,.T.);
#1792=EDGE_CURVE('',#1337,#1395,#71,.T.);
#1793=EDGE_CURVE('',#1395,#1338,#72,.T.);
#1794=EDGE_CURVE('',#1335,#1396,#73,.T.);
#1795=EDGE_CURVE('',#1396,#1336,#74,.T.);
#1796=EDGE_CURVE('',#1333,#1397,#75,.T.);
#1797=EDGE_CURVE('',#1397,#1334,#76,.T.);
#1798=EDGE_CURVE('',#1331,#1398,#77,.T.);
#1799=EDGE_CURVE('',#1398,#1332,#78,.T.);
#1800=EDGE_CURVE('',#1329,#1399,#79,.T.);
#1801=EDGE_CURVE('',#1399,#1330,#80,.T.);
#1802=EDGE_CURVE('',#1327,#1400,#81,.T.);
#1803=EDGE_CURVE('',#1400,#1328,#82,.T.);
#1804=EDGE_CURVE('',#1325,#1401,#83,.T.);
#1805=EDGE_CURVE('',#1401,#1326,#84,.T.);
#1806=EDGE_CURVE('',#1323,#1402,#85,.T.);
#1807=EDGE_CURVE('',#1402,#1324,#86,.T.);
#1808=EDGE_CURVE('',#1321,#1403,#87,.T.);
#1809=EDGE_CURVE('',#1403,#1322,#88,.T.);
#1810=EDGE_CURVE('',#1319,#1404,#89,.T.);
#1811=EDGE_CURVE('',#1404,#1320,#90,.T.);
#1812=EDGE_CURVE('',#1365,#1405,#903,.T.);
#1813=EDGE_CURVE('',#1405,#1405,#681,.T.);
#1814=EDGE_CURVE('',#1394,#1406,#91,.T.);
#1815=EDGE_CURVE('',#1406,#1407,#92,.T.);
#1816=EDGE_CURVE('',#1407,#1408,#93,.T.);
#1817=EDGE_CURVE('',#1408,#1409,#94,.T.);
#1818=EDGE_CURVE('',#1409,#1410,#95,.T.);
#1819=EDGE_CURVE('',#1410,#1411,#96,.T.);
#1820=EDGE_CURVE('',#1411,#1412,#97,.T.);
#1821=EDGE_CURVE('',#1412,#1413,#98,.T.);
#1822=EDGE_CURVE('',#1413,#1414,#99,.T.);
#1823=EDGE_CURVE('',#1414,#1415,#100,.T.);
#1824=EDGE_CURVE('',#1415,#1416,#101,.T.);
#1825=EDGE_CURVE('',#1416,#1417,#102,.T.);
#1826=EDGE_CURVE('',#1417,#1418,#103,.T.);
#1827=EDGE_CURVE('',#1418,#1419,#104,.T.);
#1828=EDGE_CURVE('',#1419,#1420,#105,.T.);
#1829=EDGE_CURVE('',#1420,#1421,#106,.T.);
#1830=EDGE_CURVE('',#1421,#1422,#107,.T.);
#1831=EDGE_CURVE('',#1422,#1423,#108,.T.);
#1832=EDGE_CURVE('',#1423,#1424,#109,.T.);
#1833=EDGE_CURVE('',#1424,#1425,#110,.T.);
#1834=EDGE_CURVE('',#1425,#1363,#111,.T.);
#1835=EDGE_CURVE('',#1425,#1404,#904,.T.);
#1836=EDGE_CURVE('',#1358,#1424,#905,.T.);
#1837=EDGE_CURVE('',#1423,#1403,#906,.T.);
#1838=EDGE_CURVE('',#1356,#1422,#907,.T.);
#1839=EDGE_CURVE('',#1421,#1402,#908,.T.);
#1840=EDGE_CURVE('',#1354,#1420,#909,.T.);
#1841=EDGE_CURVE('',#1419,#1401,#910,.T.);
#1842=EDGE_CURVE('',#1418,#1352,#911,.T.);
#1843=EDGE_CURVE('',#1417,#1400,#912,.T.);
#1844=EDGE_CURVE('',#1416,#1350,#913,.T.);
#1845=EDGE_CURVE('',#1415,#1399,#914,.T.);
#1846=EDGE_CURVE('',#1348,#1414,#915,.T.);
#1847=EDGE_CURVE('',#1413,#1398,#916,.T.);
#1848=EDGE_CURVE('',#1346,#1412,#917,.T.);
#1849=EDGE_CURVE('',#1411,#1397,#918,.T.);
#1850=EDGE_CURVE('',#1344,#1410,#919,.T.);
#1851=EDGE_CURVE('',#1409,#1396,#920,.T.);
#1852=EDGE_CURVE('',#1342,#1408,#921,.T.);
#1853=EDGE_CURVE('',#1407,#1395,#922,.T.);
#1854=EDGE_CURVE('',#1340,#1406,#923,.T.);
#1855=EDGE_CURVE('',#1426,#1426,#682,.T.);
#1856=EDGE_CURVE('',#1426,#1427,#924,.T.);
#1857=EDGE_CURVE('',#1427,#1427,#683,.T.);
#1858=EDGE_CURVE('',#1428,#1428,#684,.T.);
#1859=EDGE_CURVE('',#1428,#1429,#925,.T.);
#1860=EDGE_CURVE('',#1429,#1429,#685,.T.);
#1861=EDGE_CURVE('',#1430,#1430,#686,.T.);
#1862=EDGE_CURVE('',#1430,#1431,#926,.T.);
#1863=EDGE_CURVE('',#1431,#1431,#687,.T.);
#1864=EDGE_CURVE('',#1432,#1432,#688,.T.);
#1865=EDGE_CURVE('',#1432,#1433,#927,.T.);
#1866=EDGE_CURVE('',#1433,#1433,#689,.T.);
#1867=EDGE_CURVE('',#1434,#1434,#690,.T.);
#1868=EDGE_CURVE('',#1434,#1435,#928,.T.);
#1869=EDGE_CURVE('',#1435,#1435,#691,.T.);
#1870=EDGE_CURVE('',#1436,#1436,#692,.T.);
#1871=EDGE_CURVE('',#1437,#1437,#693,.T.);
#1872=EDGE_CURVE('',#1436,#1438,#694,.T.);
#1873=EDGE_CURVE('',#1438,#1438,#695,.T.);
#1874=EDGE_CURVE('',#1439,#1440,#696,.T.);
#1875=EDGE_CURVE('',#1440,#1441,#929,.T.);
#1876=EDGE_CURVE('',#1441,#1442,#697,.T.);
#1877=EDGE_CURVE('',#1442,#1439,#930,.T.);
#1878=EDGE_CURVE('',#1443,#1444,#698,.T.);
#1879=EDGE_CURVE('',#1445,#1443,#150,.T.);
#1880=EDGE_CURVE('',#1440,#1445,#151,.T.);
#1881=EDGE_CURVE('',#1446,#1439,#152,.T.);
#1882=EDGE_CURVE('',#1444,#1446,#153,.T.);
#1883=EDGE_CURVE('',#1447,#1445,#931,.T.);
#1884=EDGE_CURVE('',#1441,#1447,#154,.T.);
#1885=EDGE_CURVE('',#1448,#1449,#699,.T.);
#1886=EDGE_CURVE('',#1450,#1448,#155,.T.);
#1887=EDGE_CURVE('',#1442,#1450,#156,.T.);
#1888=EDGE_CURVE('',#1449,#1447,#157,.T.);
#1889=EDGE_CURVE('',#1446,#1450,#932,.T.);
#1890=EDGE_CURVE('',#1443,#1451,#933,.F.);
#1891=EDGE_CURVE('',#1452,#1451,#934,.T.);
#1892=EDGE_CURVE('',#1449,#1452,#935,.T.);
#1893=EDGE_CURVE('',#1453,#1452,#700,.T.);
#1894=EDGE_CURVE('',#1448,#1453,#936,.T.);
#1895=EDGE_CURVE('',#1454,#1453,#937,.T.);
#1896=EDGE_CURVE('',#1444,#1454,#938,.T.);
#1897=EDGE_CURVE('',#1451,#1454,#701,.T.);
#1898=EDGE_CURVE('',#1455,#1455,#702,.T.);
#1899=EDGE_CURVE('',#1455,#1456,#703,.T.);
#1900=EDGE_CURVE('',#1456,#1456,#704,.T.);
#1901=EDGE_CURVE('',#1457,#1457,#705,.T.);
#1902=EDGE_CURVE('',#1457,#1456,#939,.T.);
#1903=EDGE_CURVE('',#1458,#1459,#706,.T.);
#1904=EDGE_CURVE('',#1460,#1458,#940,.T.);
#1905=EDGE_CURVE('',#1461,#1460,#707,.T.);
#1906=EDGE_CURVE('',#1459,#1461,#941,.T.);
#1907=EDGE_CURVE('',#1437,#1462,#942,.T.);
#1908=EDGE_CURVE('',#1462,#1462,#708,.T.);
#1909=EDGE_CURVE('',#1463,#1464,#709,.T.);
#1910=EDGE_CURVE('',#1464,#1465,#158,.T.);
#1911=EDGE_CURVE('',#1465,#1458,#159,.T.);
#1912=EDGE_CURVE('',#1459,#1466,#160,.T.);
#1913=EDGE_CURVE('',#1466,#1463,#161,.T.);
#1914=EDGE_CURVE('',#1461,#1467,#162,.T.);
#1915=EDGE_CURVE('',#1467,#1466,#943,.T.);
#1916=EDGE_CURVE('',#1468,#1469,#710,.T.);
#1917=EDGE_CURVE('',#1469,#1467,#163,.T.);
#1918=EDGE_CURVE('',#1460,#1470,#164,.T.);
#1919=EDGE_CURVE('',#1470,#1468,#165,.T.);
#1920=EDGE_CURVE('',#1465,#1470,#944,.T.);
#1921=EDGE_CURVE('',#1469,#1471,#945,.T.);
#1922=EDGE_CURVE('',#1472,#1471,#946,.T.);
#1923=EDGE_CURVE('',#1463,#1472,#947,.T.);
#1924=EDGE_CURVE('',#1468,#1473,#948,.T.);
#1925=EDGE_CURVE('',#1471,#1473,#711,.T.);
#1926=EDGE_CURVE('',#1464,#1474,#949,.T.);
#1927=EDGE_CURVE('',#1473,#1474,#950,.T.);
#1928=EDGE_CURVE('',#1474,#1472,#712,.T.);
#1929=ORIENTED_EDGE('',*,*,#1475,.T.);
#1930=ORIENTED_EDGE('',*,*,#1476,.F.);
#1931=ORIENTED_EDGE('',*,*,#1477,.T.);
#1932=ORIENTED_EDGE('',*,*,#1478,.T.);
#1933=ORIENTED_EDGE('',*,*,#1479,.T.);
#1934=ORIENTED_EDGE('',*,*,#1480,.T.);
#1935=ORIENTED_EDGE('',*,*,#1481,.T.);
#1936=ORIENTED_EDGE('',*,*,#1482,.F.);
#1937=ORIENTED_EDGE('',*,*,#1483,.F.);
#1938=ORIENTED_EDGE('',*,*,#1484,.T.);
#1939=ORIENTED_EDGE('',*,*,#1485,.F.);
#1940=ORIENTED_EDGE('',*,*,#1486,.F.);
#1941=ORIENTED_EDGE('',*,*,#1487,.F.);
#1942=ORIENTED_EDGE('',*,*,#1476,.T.);
#1943=ORIENTED_EDGE('',*,*,#1488,.F.);
#1944=ORIENTED_EDGE('',*,*,#1486,.T.);
#1945=ORIENTED_EDGE('',*,*,#1489,.F.);
#1946=ORIENTED_EDGE('',*,*,#1490,.F.);
#1947=ORIENTED_EDGE('',*,*,#1491,.F.);
#1948=ORIENTED_EDGE('',*,*,#1490,.T.);
#1949=ORIENTED_EDGE('',*,*,#1492,.F.);
#1950=ORIENTED_EDGE('',*,*,#1493,.F.);
#1951=ORIENTED_EDGE('',*,*,#1494,.F.);
#1952=ORIENTED_EDGE('',*,*,#1482,.T.);
#1953=ORIENTED_EDGE('',*,*,#1495,.F.);
#1954=ORIENTED_EDGE('',*,*,#1493,.T.);
#1955=ORIENTED_EDGE('',*,*,#1496,.F.);
#1956=ORIENTED_EDGE('',*,*,#1484,.F.);
#1957=ORIENTED_EDGE('',*,*,#1496,.T.);
#1958=ORIENTED_EDGE('',*,*,#1492,.T.);
#1959=ORIENTED_EDGE('',*,*,#1489,.T.);
#1960=ORIENTED_EDGE('',*,*,#1485,.T.);
#1961=ORIENTED_EDGE('',*,*,#1495,.T.);
#1962=ORIENTED_EDGE('',*,*,#1497,.T.);
#1963=ORIENTED_EDGE('',*,*,#1498,.F.);
#1964=ORIENTED_EDGE('',*,*,#1499,.F.);
#1965=ORIENTED_EDGE('',*,*,#1500,.F.);
#1966=ORIENTED_EDGE('',*,*,#1501,.T.);
#1967=ORIENTED_EDGE('',*,*,#1487,.T.);
#1968=ORIENTED_EDGE('',*,*,#1491,.T.);
#1969=ORIENTED_EDGE('',*,*,#1494,.T.);
#1970=ORIENTED_EDGE('',*,*,#1483,.T.);
#1971=ORIENTED_EDGE('',*,*,#1488,.T.);
#1972=ORIENTED_EDGE('',*,*,#1502,.T.);
#1973=ORIENTED_EDGE('',*,*,#1503,.F.);
#1974=ORIENTED_EDGE('',*,*,#1504,.F.);
#1975=ORIENTED_EDGE('',*,*,#1505,.F.);
#1976=ORIENTED_EDGE('',*,*,#1506,.T.);
#1977=ORIENTED_EDGE('',*,*,#1507,.T.);
#1978=ORIENTED_EDGE('',*,*,#1508,.T.);
#1979=ORIENTED_EDGE('',*,*,#1509,.T.);
#1980=ORIENTED_EDGE('',*,*,#1510,.T.);
#1981=ORIENTED_EDGE('',*,*,#1508,.F.);
#1982=ORIENTED_EDGE('',*,*,#1511,.T.);
#1983=ORIENTED_EDGE('',*,*,#1512,.T.);
#1984=ORIENTED_EDGE('',*,*,#1513,.T.);
#1985=ORIENTED_EDGE('',*,*,#1514,.T.);
#1986=ORIENTED_EDGE('',*,*,#1515,.T.);
#1987=ORIENTED_EDGE('',*,*,#1516,.T.);
#1988=ORIENTED_EDGE('',*,*,#1517,.F.);
#1989=ORIENTED_EDGE('',*,*,#1518,.F.);
#1990=ORIENTED_EDGE('',*,*,#1519,.T.);
#1991=ORIENTED_EDGE('',*,*,#1520,.F.);
#1992=ORIENTED_EDGE('',*,*,#1521,.F.);
#1993=ORIENTED_EDGE('',*,*,#1522,.T.);
#1994=ORIENTED_EDGE('',*,*,#1523,.T.);
#1995=ORIENTED_EDGE('',*,*,#1524,.T.);
#1996=ORIENTED_EDGE('',*,*,#1525,.T.);
#1997=ORIENTED_EDGE('',*,*,#1526,.T.);
#1998=ORIENTED_EDGE('',*,*,#1527,.T.);
#1999=ORIENTED_EDGE('',*,*,#1528,.T.);
#2000=ORIENTED_EDGE('',*,*,#1529,.T.);
#2001=ORIENTED_EDGE('',*,*,#1530,.T.);
#2002=ORIENTED_EDGE('',*,*,#1531,.T.);
#2003=ORIENTED_EDGE('',*,*,#1532,.T.);
#2004=ORIENTED_EDGE('',*,*,#1533,.T.);
#2005=ORIENTED_EDGE('',*,*,#1534,.T.);
#2006=ORIENTED_EDGE('',*,*,#1535,.T.);
#2007=ORIENTED_EDGE('',*,*,#1536,.T.);
#2008=ORIENTED_EDGE('',*,*,#1537,.T.);
#2009=ORIENTED_EDGE('',*,*,#1538,.T.);
#2010=ORIENTED_EDGE('',*,*,#1539,.T.);
#2011=ORIENTED_EDGE('',*,*,#1540,.T.);
#2012=ORIENTED_EDGE('',*,*,#1541,.T.);
#2013=ORIENTED_EDGE('',*,*,#1542,.T.);
#2014=ORIENTED_EDGE('',*,*,#1543,.T.);
#2015=ORIENTED_EDGE('',*,*,#1544,.T.);
#2016=ORIENTED_EDGE('',*,*,#1507,.F.);
#2017=ORIENTED_EDGE('',*,*,#1545,.F.);
#2018=ORIENTED_EDGE('',*,*,#1546,.T.);
#2019=ORIENTED_EDGE('',*,*,#1547,.F.);
#2020=ORIENTED_EDGE('',*,*,#1511,.F.);
#2021=ORIENTED_EDGE('',*,*,#1548,.T.);
#2022=ORIENTED_EDGE('',*,*,#1549,.T.);
#2023=ORIENTED_EDGE('',*,*,#1550,.T.);
#2024=ORIENTED_EDGE('',*,*,#1549,.F.);
#2025=ORIENTED_EDGE('',*,*,#1548,.F.);
#2026=ORIENTED_EDGE('',*,*,#1551,.T.);
#2027=ORIENTED_EDGE('',*,*,#1544,.F.);
#2028=ORIENTED_EDGE('',*,*,#1551,.F.);
#2029=ORIENTED_EDGE('',*,*,#1550,.F.);
#2030=ORIENTED_EDGE('',*,*,#1536,.F.);
#2031=ORIENTED_EDGE('',*,*,#1552,.T.);
#2032=ORIENTED_EDGE('',*,*,#1553,.F.);
#2033=ORIENTED_EDGE('',*,*,#1554,.F.);
#2034=ORIENTED_EDGE('',*,*,#1537,.F.);
#2035=ORIENTED_EDGE('',*,*,#1554,.T.);
#2036=ORIENTED_EDGE('',*,*,#1555,.F.);
#2037=ORIENTED_EDGE('',*,*,#1556,.F.);
#2038=ORIENTED_EDGE('',*,*,#1538,.F.);
#2039=ORIENTED_EDGE('',*,*,#1556,.T.);
#2040=ORIENTED_EDGE('',*,*,#1557,.F.);
#2041=ORIENTED_EDGE('',*,*,#1558,.F.);
#2042=ORIENTED_EDGE('',*,*,#1539,.F.);
#2043=ORIENTED_EDGE('',*,*,#1558,.T.);
#2044=ORIENTED_EDGE('',*,*,#1559,.F.);
#2045=ORIENTED_EDGE('',*,*,#1560,.F.);
#2046=ORIENTED_EDGE('',*,*,#1540,.F.);
#2047=ORIENTED_EDGE('',*,*,#1560,.T.);
#2048=ORIENTED_EDGE('',*,*,#1561,.F.);
#2049=ORIENTED_EDGE('',*,*,#1562,.F.);
#2050=ORIENTED_EDGE('',*,*,#1541,.F.);
#2051=ORIENTED_EDGE('',*,*,#1562,.T.);
#2052=ORIENTED_EDGE('',*,*,#1563,.F.);
#2053=ORIENTED_EDGE('',*,*,#1564,.F.);
#2054=ORIENTED_EDGE('',*,*,#1542,.F.);
#2055=ORIENTED_EDGE('',*,*,#1564,.T.);
#2056=ORIENTED_EDGE('',*,*,#1565,.F.);
#2057=ORIENTED_EDGE('',*,*,#1566,.F.);
#2058=ORIENTED_EDGE('',*,*,#1543,.F.);
#2059=ORIENTED_EDGE('',*,*,#1566,.T.);
#2060=ORIENTED_EDGE('',*,*,#1567,.F.);
#2061=ORIENTED_EDGE('',*,*,#1552,.F.);
#2062=ORIENTED_EDGE('',*,*,#1567,.T.);
#2063=ORIENTED_EDGE('',*,*,#1565,.T.);
#2064=ORIENTED_EDGE('',*,*,#1563,.T.);
#2065=ORIENTED_EDGE('',*,*,#1561,.T.);
#2066=ORIENTED_EDGE('',*,*,#1559,.T.);
#2067=ORIENTED_EDGE('',*,*,#1557,.T.);
#2068=ORIENTED_EDGE('',*,*,#1555,.T.);
#2069=ORIENTED_EDGE('',*,*,#1553,.T.);
#2070=ORIENTED_EDGE('',*,*,#1568,.F.);
#2071=ORIENTED_EDGE('',*,*,#1569,.F.);
#2072=ORIENTED_EDGE('',*,*,#1570,.F.);
#2073=ORIENTED_EDGE('',*,*,#1571,.F.);
#2074=ORIENTED_EDGE('',*,*,#1522,.F.);
#2075=ORIENTED_EDGE('',*,*,#1526,.F.);
#2076=ORIENTED_EDGE('',*,*,#1572,.T.);
#2077=ORIENTED_EDGE('',*,*,#1573,.F.);
#2078=ORIENTED_EDGE('',*,*,#1574,.F.);
#2079=ORIENTED_EDGE('',*,*,#1509,.F.);
#2080=ORIENTED_EDGE('',*,*,#1527,.F.);
#2081=ORIENTED_EDGE('',*,*,#1574,.T.);
#2082=ORIENTED_EDGE('',*,*,#1575,.F.);
#2083=ORIENTED_EDGE('',*,*,#1576,.F.);
#2084=ORIENTED_EDGE('',*,*,#1523,.F.);
#2085=ORIENTED_EDGE('',*,*,#1571,.T.);
#2086=ORIENTED_EDGE('',*,*,#1577,.F.);
#2087=ORIENTED_EDGE('',*,*,#1578,.F.);
#2088=ORIENTED_EDGE('',*,*,#1524,.F.);
#2089=ORIENTED_EDGE('',*,*,#1578,.T.);
#2090=ORIENTED_EDGE('',*,*,#1579,.F.);
#2091=ORIENTED_EDGE('',*,*,#1580,.F.);
#2092=ORIENTED_EDGE('',*,*,#1525,.F.);
#2093=ORIENTED_EDGE('',*,*,#1580,.T.);
#2094=ORIENTED_EDGE('',*,*,#1581,.F.);
#2095=ORIENTED_EDGE('',*,*,#1572,.F.);
#2096=ORIENTED_EDGE('',*,*,#1581,.T.);
#2097=ORIENTED_EDGE('',*,*,#1579,.T.);
#2098=ORIENTED_EDGE('',*,*,#1577,.T.);
#2099=ORIENTED_EDGE('',*,*,#1570,.T.);
#2100=ORIENTED_EDGE('',*,*,#1582,.F.);
#2101=ORIENTED_EDGE('',*,*,#1583,.F.);
#2102=ORIENTED_EDGE('',*,*,#1575,.T.);
#2103=ORIENTED_EDGE('',*,*,#1573,.T.);
#2104=ORIENTED_EDGE('',*,*,#1582,.T.);
#2105=ORIENTED_EDGE('',*,*,#1569,.T.);
#2106=ORIENTED_EDGE('',*,*,#1584,.F.);
#2107=ORIENTED_EDGE('',*,*,#1585,.T.);
#2108=ORIENTED_EDGE('',*,*,#1505,.T.);
#2109=ORIENTED_EDGE('',*,*,#1586,.T.);
#2110=ORIENTED_EDGE('',*,*,#1568,.T.);
#2111=ORIENTED_EDGE('',*,*,#1521,.T.);
#2112=ORIENTED_EDGE('',*,*,#1587,.T.);
#2113=ORIENTED_EDGE('',*,*,#1588,.T.);
#2114=ORIENTED_EDGE('',*,*,#1584,.T.);
#2115=ORIENTED_EDGE('',*,*,#1588,.F.);
#2116=ORIENTED_EDGE('',*,*,#1589,.T.);
#2117=ORIENTED_EDGE('',*,*,#1479,.F.);
#2118=ORIENTED_EDGE('',*,*,#1506,.F.);
#2119=ORIENTED_EDGE('',*,*,#1585,.F.);
#2120=ORIENTED_EDGE('',*,*,#1590,.F.);
#2121=ORIENTED_EDGE('',*,*,#1591,.F.);
#2122=ORIENTED_EDGE('',*,*,#1497,.F.);
#2123=ORIENTED_EDGE('',*,*,#1481,.F.);
#2124=ORIENTED_EDGE('',*,*,#1592,.F.);
#2125=ORIENTED_EDGE('',*,*,#1587,.F.);
#2126=ORIENTED_EDGE('',*,*,#1593,.F.);
#2127=ORIENTED_EDGE('',*,*,#1592,.T.);
#2128=ORIENTED_EDGE('',*,*,#1480,.F.);
#2129=ORIENTED_EDGE('',*,*,#1589,.F.);
#2130=ORIENTED_EDGE('',*,*,#1593,.T.);
#2131=ORIENTED_EDGE('',*,*,#1520,.T.);
#2132=ORIENTED_EDGE('',*,*,#1594,.T.);
#2133=ORIENTED_EDGE('',*,*,#1595,.T.);
#2134=ORIENTED_EDGE('',*,*,#1590,.T.);
#2135=ORIENTED_EDGE('',*,*,#1591,.T.);
#2136=ORIENTED_EDGE('',*,*,#1595,.F.);
#2137=ORIENTED_EDGE('',*,*,#1596,.F.);
#2138=ORIENTED_EDGE('',*,*,#1498,.T.);
#2139=ORIENTED_EDGE('',*,*,#1528,.F.);
#2140=ORIENTED_EDGE('',*,*,#1597,.T.);
#2141=ORIENTED_EDGE('',*,*,#1598,.T.);
#2142=ORIENTED_EDGE('',*,*,#1599,.F.);
#2143=ORIENTED_EDGE('',*,*,#1535,.F.);
#2144=ORIENTED_EDGE('',*,*,#1600,.T.);
#2145=ORIENTED_EDGE('',*,*,#1601,.T.);
#2146=ORIENTED_EDGE('',*,*,#1597,.F.);
#2147=ORIENTED_EDGE('',*,*,#1534,.F.);
#2148=ORIENTED_EDGE('',*,*,#1602,.T.);
#2149=ORIENTED_EDGE('',*,*,#1603,.T.);
#2150=ORIENTED_EDGE('',*,*,#1600,.F.);
#2151=ORIENTED_EDGE('',*,*,#1533,.F.);
#2152=ORIENTED_EDGE('',*,*,#1604,.T.);
#2153=ORIENTED_EDGE('',*,*,#1605,.T.);
#2154=ORIENTED_EDGE('',*,*,#1602,.F.);
#2155=ORIENTED_EDGE('',*,*,#1532,.F.);
#2156=ORIENTED_EDGE('',*,*,#1606,.T.);
#2157=ORIENTED_EDGE('',*,*,#1607,.T.);
#2158=ORIENTED_EDGE('',*,*,#1604,.F.);
#2159=ORIENTED_EDGE('',*,*,#1531,.F.);
#2160=ORIENTED_EDGE('',*,*,#1608,.T.);
#2161=ORIENTED_EDGE('',*,*,#1609,.T.);
#2162=ORIENTED_EDGE('',*,*,#1606,.F.);
#2163=ORIENTED_EDGE('',*,*,#1530,.F.);
#2164=ORIENTED_EDGE('',*,*,#1610,.T.);
#2165=ORIENTED_EDGE('',*,*,#1611,.T.);
#2166=ORIENTED_EDGE('',*,*,#1608,.F.);
#2167=ORIENTED_EDGE('',*,*,#1529,.F.);
#2168=ORIENTED_EDGE('',*,*,#1599,.T.);
#2169=ORIENTED_EDGE('',*,*,#1612,.T.);
#2170=ORIENTED_EDGE('',*,*,#1610,.F.);
#2171=ORIENTED_EDGE('',*,*,#1612,.F.);
#2172=ORIENTED_EDGE('',*,*,#1598,.F.);
#2173=ORIENTED_EDGE('',*,*,#1601,.F.);
#2174=ORIENTED_EDGE('',*,*,#1603,.F.);
#2175=ORIENTED_EDGE('',*,*,#1605,.F.);
#2176=ORIENTED_EDGE('',*,*,#1607,.F.);
#2177=ORIENTED_EDGE('',*,*,#1609,.F.);
#2178=ORIENTED_EDGE('',*,*,#1611,.F.);
#2179=ORIENTED_EDGE('',*,*,#1613,.F.);
#2180=ORIENTED_EDGE('',*,*,#1516,.F.);
#2181=ORIENTED_EDGE('',*,*,#1614,.T.);
#2182=ORIENTED_EDGE('',*,*,#1615,.T.);
#2183=ORIENTED_EDGE('',*,*,#1616,.F.);
#2184=ORIENTED_EDGE('',*,*,#1512,.F.);
#2185=ORIENTED_EDGE('',*,*,#1547,.T.);
#2186=ORIENTED_EDGE('',*,*,#1617,.T.);
#2187=ORIENTED_EDGE('',*,*,#1618,.F.);
#2188=ORIENTED_EDGE('',*,*,#1515,.F.);
#2189=ORIENTED_EDGE('',*,*,#1619,.T.);
#2190=ORIENTED_EDGE('',*,*,#1620,.T.);
#2191=ORIENTED_EDGE('',*,*,#1614,.F.);
#2192=ORIENTED_EDGE('',*,*,#1514,.F.);
#2193=ORIENTED_EDGE('',*,*,#1621,.T.);
#2194=ORIENTED_EDGE('',*,*,#1622,.T.);
#2195=ORIENTED_EDGE('',*,*,#1619,.F.);
#2196=ORIENTED_EDGE('',*,*,#1513,.F.);
#2197=ORIENTED_EDGE('',*,*,#1618,.T.);
#2198=ORIENTED_EDGE('',*,*,#1623,.T.);
#2199=ORIENTED_EDGE('',*,*,#1621,.F.);
#2200=ORIENTED_EDGE('',*,*,#1623,.F.);
#2201=ORIENTED_EDGE('',*,*,#1617,.F.);
#2202=ORIENTED_EDGE('',*,*,#1546,.F.);
#2203=ORIENTED_EDGE('',*,*,#1624,.F.);
#2204=ORIENTED_EDGE('',*,*,#1625,.F.);
#2205=ORIENTED_EDGE('',*,*,#1615,.F.);
#2206=ORIENTED_EDGE('',*,*,#1620,.F.);
#2207=ORIENTED_EDGE('',*,*,#1622,.F.);
#2208=ORIENTED_EDGE('',*,*,#1613,.T.);
#2209=ORIENTED_EDGE('',*,*,#1626,.T.);
#2210=ORIENTED_EDGE('',*,*,#1627,.T.);
#2211=ORIENTED_EDGE('',*,*,#1628,.T.);
#2212=ORIENTED_EDGE('',*,*,#1517,.T.);
#2213=ORIENTED_EDGE('',*,*,#1616,.T.);
#2214=ORIENTED_EDGE('',*,*,#1625,.T.);
#2215=ORIENTED_EDGE('',*,*,#1629,.F.);
#2216=ORIENTED_EDGE('',*,*,#1503,.T.);
#2217=ORIENTED_EDGE('',*,*,#1630,.T.);
#2218=ORIENTED_EDGE('',*,*,#1626,.F.);
#2219=ORIENTED_EDGE('',*,*,#1627,.F.);
#2220=ORIENTED_EDGE('',*,*,#1630,.F.);
#2221=ORIENTED_EDGE('',*,*,#1502,.F.);
#2222=ORIENTED_EDGE('',*,*,#1475,.F.);
#2223=ORIENTED_EDGE('',*,*,#1631,.F.);
#2224=ORIENTED_EDGE('',*,*,#1632,.F.);
#2225=ORIENTED_EDGE('',*,*,#1633,.T.);
#2226=ORIENTED_EDGE('',*,*,#1477,.F.);
#2227=ORIENTED_EDGE('',*,*,#1501,.F.);
#2228=ORIENTED_EDGE('',*,*,#1634,.F.);
#2229=ORIENTED_EDGE('',*,*,#1635,.F.);
#2230=ORIENTED_EDGE('',*,*,#1628,.F.);
#2231=ORIENTED_EDGE('',*,*,#1631,.T.);
#2232=ORIENTED_EDGE('',*,*,#1478,.F.);
#2233=ORIENTED_EDGE('',*,*,#1633,.F.);
#2234=ORIENTED_EDGE('',*,*,#1594,.F.);
#2235=ORIENTED_EDGE('',*,*,#1519,.F.);
#2236=ORIENTED_EDGE('',*,*,#1636,.F.);
#2237=ORIENTED_EDGE('',*,*,#1637,.F.);
#2238=ORIENTED_EDGE('',*,*,#1499,.T.);
#2239=ORIENTED_EDGE('',*,*,#1596,.T.);
#2240=ORIENTED_EDGE('',*,*,#1632,.T.);
#2241=ORIENTED_EDGE('',*,*,#1638,.T.);
#2242=ORIENTED_EDGE('',*,*,#1636,.T.);
#2243=ORIENTED_EDGE('',*,*,#1518,.T.);
#2244=ORIENTED_EDGE('',*,*,#1635,.T.);
#2245=ORIENTED_EDGE('',*,*,#1510,.F.);
#2246=ORIENTED_EDGE('',*,*,#1576,.T.);
#2247=ORIENTED_EDGE('',*,*,#1583,.T.);
#2248=ORIENTED_EDGE('',*,*,#1586,.F.);
#2249=ORIENTED_EDGE('',*,*,#1504,.T.);
#2250=ORIENTED_EDGE('',*,*,#1629,.T.);
#2251=ORIENTED_EDGE('',*,*,#1624,.T.);
#2252=ORIENTED_EDGE('',*,*,#1545,.T.);
#2253=ORIENTED_EDGE('',*,*,#1634,.T.);
#2254=ORIENTED_EDGE('',*,*,#1500,.T.);
#2255=ORIENTED_EDGE('',*,*,#1637,.T.);
#2256=ORIENTED_EDGE('',*,*,#1638,.F.);
#2257=ORIENTED_EDGE('',*,*,#1639,.F.);
#2258=ORIENTED_EDGE('',*,*,#1640,.F.);
#2259=ORIENTED_EDGE('',*,*,#1641,.F.);
#2260=ORIENTED_EDGE('',*,*,#1642,.F.);
#2261=ORIENTED_EDGE('',*,*,#1643,.F.);
#2262=ORIENTED_EDGE('',*,*,#1644,.F.);
#2263=ORIENTED_EDGE('',*,*,#1645,.F.);
#2264=ORIENTED_EDGE('',*,*,#1646,.F.);
#2265=ORIENTED_EDGE('',*,*,#1647,.F.);
#2266=ORIENTED_EDGE('',*,*,#1648,.F.);
#2267=ORIENTED_EDGE('',*,*,#1649,.F.);
#2268=ORIENTED_EDGE('',*,*,#1650,.F.);
#2269=ORIENTED_EDGE('',*,*,#1651,.F.);
#2270=ORIENTED_EDGE('',*,*,#1652,.F.);
#2271=ORIENTED_EDGE('',*,*,#1653,.F.);
#2272=ORIENTED_EDGE('',*,*,#1654,.F.);
#2273=ORIENTED_EDGE('',*,*,#1655,.F.);
#2274=ORIENTED_EDGE('',*,*,#1656,.F.);
#2275=ORIENTED_EDGE('',*,*,#1657,.F.);
#2276=ORIENTED_EDGE('',*,*,#1658,.F.);
#2277=ORIENTED_EDGE('',*,*,#1659,.F.);
#2278=ORIENTED_EDGE('',*,*,#1660,.F.);
#2279=ORIENTED_EDGE('',*,*,#1661,.F.);
#2280=ORIENTED_EDGE('',*,*,#1662,.F.);
#2281=ORIENTED_EDGE('',*,*,#1663,.F.);
#2282=ORIENTED_EDGE('',*,*,#1664,.F.);
#2283=ORIENTED_EDGE('',*,*,#1665,.F.);
#2284=ORIENTED_EDGE('',*,*,#1666,.F.);
#2285=ORIENTED_EDGE('',*,*,#1667,.F.);
#2286=ORIENTED_EDGE('',*,*,#1668,.F.);
#2287=ORIENTED_EDGE('',*,*,#1669,.F.);
#2288=ORIENTED_EDGE('',*,*,#1670,.F.);
#2289=ORIENTED_EDGE('',*,*,#1671,.F.);
#2290=ORIENTED_EDGE('',*,*,#1672,.F.);
#2291=ORIENTED_EDGE('',*,*,#1673,.F.);
#2292=ORIENTED_EDGE('',*,*,#1674,.F.);
#2293=ORIENTED_EDGE('',*,*,#1675,.F.);
#2294=ORIENTED_EDGE('',*,*,#1676,.F.);
#2295=ORIENTED_EDGE('',*,*,#1677,.F.);
#2296=ORIENTED_EDGE('',*,*,#1678,.F.);
#2297=ORIENTED_EDGE('',*,*,#1679,.F.);
#2298=ORIENTED_EDGE('',*,*,#1680,.F.);
#2299=ORIENTED_EDGE('',*,*,#1681,.F.);
#2300=ORIENTED_EDGE('',*,*,#1682,.T.);
#2301=ORIENTED_EDGE('',*,*,#1683,.F.);
#2302=ORIENTED_EDGE('',*,*,#1682,.F.);
#2303=ORIENTED_EDGE('',*,*,#1684,.F.);
#2304=ORIENTED_EDGE('',*,*,#1685,.F.);
#2305=ORIENTED_EDGE('',*,*,#1639,.T.);
#2306=ORIENTED_EDGE('',*,*,#1681,.T.);
#2307=ORIENTED_EDGE('',*,*,#1686,.F.);
#2308=ORIENTED_EDGE('',*,*,#1641,.T.);
#2309=ORIENTED_EDGE('',*,*,#1687,.F.);
#2310=ORIENTED_EDGE('',*,*,#1688,.F.);
#2311=ORIENTED_EDGE('',*,*,#1689,.F.);
#2312=ORIENTED_EDGE('',*,*,#1679,.T.);
#2313=ORIENTED_EDGE('',*,*,#1690,.F.);
#2314=ORIENTED_EDGE('',*,*,#1643,.T.);
#2315=ORIENTED_EDGE('',*,*,#1691,.F.);
#2316=ORIENTED_EDGE('',*,*,#1692,.F.);
#2317=ORIENTED_EDGE('',*,*,#1693,.F.);
#2318=ORIENTED_EDGE('',*,*,#1677,.T.);
#2319=ORIENTED_EDGE('',*,*,#1694,.F.);
#2320=ORIENTED_EDGE('',*,*,#1645,.T.);
#2321=ORIENTED_EDGE('',*,*,#1695,.F.);
#2322=ORIENTED_EDGE('',*,*,#1696,.F.);
#2323=ORIENTED_EDGE('',*,*,#1697,.F.);
#2324=ORIENTED_EDGE('',*,*,#1675,.T.);
#2325=ORIENTED_EDGE('',*,*,#1698,.F.);
#2326=ORIENTED_EDGE('',*,*,#1647,.T.);
#2327=ORIENTED_EDGE('',*,*,#1699,.F.);
#2328=ORIENTED_EDGE('',*,*,#1700,.F.);
#2329=ORIENTED_EDGE('',*,*,#1701,.F.);
#2330=ORIENTED_EDGE('',*,*,#1673,.T.);
#2331=ORIENTED_EDGE('',*,*,#1702,.F.);
#2332=ORIENTED_EDGE('',*,*,#1649,.T.);
#2333=ORIENTED_EDGE('',*,*,#1703,.F.);
#2334=ORIENTED_EDGE('',*,*,#1704,.F.);
#2335=ORIENTED_EDGE('',*,*,#1705,.F.);
#2336=ORIENTED_EDGE('',*,*,#1671,.T.);
#2337=ORIENTED_EDGE('',*,*,#1706,.F.);
#2338=ORIENTED_EDGE('',*,*,#1651,.T.);
#2339=ORIENTED_EDGE('',*,*,#1707,.F.);
#2340=ORIENTED_EDGE('',*,*,#1708,.F.);
#2341=ORIENTED_EDGE('',*,*,#1709,.F.);
#2342=ORIENTED_EDGE('',*,*,#1669,.T.);
#2343=ORIENTED_EDGE('',*,*,#1710,.F.);
#2344=ORIENTED_EDGE('',*,*,#1653,.T.);
#2345=ORIENTED_EDGE('',*,*,#1711,.F.);
#2346=ORIENTED_EDGE('',*,*,#1712,.F.);
#2347=ORIENTED_EDGE('',*,*,#1713,.F.);
#2348=ORIENTED_EDGE('',*,*,#1667,.T.);
#2349=ORIENTED_EDGE('',*,*,#1714,.F.);
#2350=ORIENTED_EDGE('',*,*,#1655,.T.);
#2351=ORIENTED_EDGE('',*,*,#1715,.F.);
#2352=ORIENTED_EDGE('',*,*,#1716,.F.);
#2353=ORIENTED_EDGE('',*,*,#1717,.F.);
#2354=ORIENTED_EDGE('',*,*,#1665,.T.);
#2355=ORIENTED_EDGE('',*,*,#1718,.F.);
#2356=ORIENTED_EDGE('',*,*,#1657,.T.);
#2357=ORIENTED_EDGE('',*,*,#1719,.F.);
#2358=ORIENTED_EDGE('',*,*,#1720,.F.);
#2359=ORIENTED_EDGE('',*,*,#1721,.F.);
#2360=ORIENTED_EDGE('',*,*,#1663,.T.);
#2361=ORIENTED_EDGE('',*,*,#1722,.F.);
#2362=ORIENTED_EDGE('',*,*,#1659,.T.);
#2363=ORIENTED_EDGE('',*,*,#1723,.F.);
#2364=ORIENTED_EDGE('',*,*,#1724,.F.);
#2365=ORIENTED_EDGE('',*,*,#1661,.T.);
#2366=ORIENTED_EDGE('',*,*,#1725,.F.);
#2367=ORIENTED_EDGE('',*,*,#1725,.T.);
#2368=ORIENTED_EDGE('',*,*,#1726,.F.);
#2369=ORIENTED_EDGE('',*,*,#1727,.F.);
#2370=ORIENTED_EDGE('',*,*,#1728,.F.);
#2371=ORIENTED_EDGE('',*,*,#1729,.F.);
#2372=ORIENTED_EDGE('',*,*,#1722,.T.);
#2373=ORIENTED_EDGE('',*,*,#1730,.T.);
#2374=ORIENTED_EDGE('',*,*,#1731,.F.);
#2375=ORIENTED_EDGE('',*,*,#1732,.F.);
#2376=ORIENTED_EDGE('',*,*,#1727,.T.);
#2377=ORIENTED_EDGE('',*,*,#1733,.F.);
#2378=ORIENTED_EDGE('',*,*,#1723,.T.);
#2379=ORIENTED_EDGE('',*,*,#1734,.F.);
#2380=ORIENTED_EDGE('',*,*,#1735,.F.);
#2381=ORIENTED_EDGE('',*,*,#1736,.F.);
#2382=ORIENTED_EDGE('',*,*,#1730,.F.);
#2383=ORIENTED_EDGE('',*,*,#1718,.T.);
#2384=ORIENTED_EDGE('',*,*,#1737,.T.);
#2385=ORIENTED_EDGE('',*,*,#1738,.F.);
#2386=ORIENTED_EDGE('',*,*,#1735,.T.);
#2387=ORIENTED_EDGE('',*,*,#1739,.F.);
#2388=ORIENTED_EDGE('',*,*,#1719,.T.);
#2389=ORIENTED_EDGE('',*,*,#1740,.F.);
#2390=ORIENTED_EDGE('',*,*,#1741,.F.);
#2391=ORIENTED_EDGE('',*,*,#1742,.F.);
#2392=ORIENTED_EDGE('',*,*,#1737,.F.);
#2393=ORIENTED_EDGE('',*,*,#1714,.T.);
#2394=ORIENTED_EDGE('',*,*,#1743,.T.);
#2395=ORIENTED_EDGE('',*,*,#1744,.F.);
#2396=ORIENTED_EDGE('',*,*,#1741,.T.);
#2397=ORIENTED_EDGE('',*,*,#1745,.F.);
#2398=ORIENTED_EDGE('',*,*,#1715,.T.);
#2399=ORIENTED_EDGE('',*,*,#1746,.F.);
#2400=ORIENTED_EDGE('',*,*,#1747,.F.);
#2401=ORIENTED_EDGE('',*,*,#1748,.F.);
#2402=ORIENTED_EDGE('',*,*,#1743,.F.);
#2403=ORIENTED_EDGE('',*,*,#1710,.T.);
#2404=ORIENTED_EDGE('',*,*,#1749,.T.);
#2405=ORIENTED_EDGE('',*,*,#1750,.F.);
#2406=ORIENTED_EDGE('',*,*,#1747,.T.);
#2407=ORIENTED_EDGE('',*,*,#1751,.F.);
#2408=ORIENTED_EDGE('',*,*,#1711,.T.);
#2409=ORIENTED_EDGE('',*,*,#1752,.F.);
#2410=ORIENTED_EDGE('',*,*,#1753,.F.);
#2411=ORIENTED_EDGE('',*,*,#1754,.F.);
#2412=ORIENTED_EDGE('',*,*,#1749,.F.);
#2413=ORIENTED_EDGE('',*,*,#1706,.T.);
#2414=ORIENTED_EDGE('',*,*,#1755,.T.);
#2415=ORIENTED_EDGE('',*,*,#1756,.F.);
#2416=ORIENTED_EDGE('',*,*,#1753,.T.);
#2417=ORIENTED_EDGE('',*,*,#1757,.F.);
#2418=ORIENTED_EDGE('',*,*,#1707,.T.);
#2419=ORIENTED_EDGE('',*,*,#1758,.F.);
#2420=ORIENTED_EDGE('',*,*,#1759,.F.);
#2421=ORIENTED_EDGE('',*,*,#1760,.F.);
#2422=ORIENTED_EDGE('',*,*,#1755,.F.);
#2423=ORIENTED_EDGE('',*,*,#1702,.T.);
#2424=ORIENTED_EDGE('',*,*,#1761,.T.);
#2425=ORIENTED_EDGE('',*,*,#1762,.F.);
#2426=ORIENTED_EDGE('',*,*,#1759,.T.);
#2427=ORIENTED_EDGE('',*,*,#1763,.F.);
#2428=ORIENTED_EDGE('',*,*,#1703,.T.);
#2429=ORIENTED_EDGE('',*,*,#1764,.F.);
#2430=ORIENTED_EDGE('',*,*,#1765,.F.);
#2431=ORIENTED_EDGE('',*,*,#1766,.F.);
#2432=ORIENTED_EDGE('',*,*,#1761,.F.);
#2433=ORIENTED_EDGE('',*,*,#1698,.T.);
#2434=ORIENTED_EDGE('',*,*,#1767,.T.);
#2435=ORIENTED_EDGE('',*,*,#1768,.F.);
#2436=ORIENTED_EDGE('',*,*,#1765,.T.);
#2437=ORIENTED_EDGE('',*,*,#1769,.F.);
#2438=ORIENTED_EDGE('',*,*,#1699,.T.);
#2439=ORIENTED_EDGE('',*,*,#1770,.F.);
#2440=ORIENTED_EDGE('',*,*,#1771,.F.);
#2441=ORIENTED_EDGE('',*,*,#1772,.F.);
#2442=ORIENTED_EDGE('',*,*,#1767,.F.);
#2443=ORIENTED_EDGE('',*,*,#1694,.T.);
#2444=ORIENTED_EDGE('',*,*,#1773,.T.);
#2445=ORIENTED_EDGE('',*,*,#1774,.F.);
#2446=ORIENTED_EDGE('',*,*,#1771,.T.);
#2447=ORIENTED_EDGE('',*,*,#1775,.F.);
#2448=ORIENTED_EDGE('',*,*,#1695,.T.);
#2449=ORIENTED_EDGE('',*,*,#1776,.F.);
#2450=ORIENTED_EDGE('',*,*,#1777,.F.);
#2451=ORIENTED_EDGE('',*,*,#1778,.F.);
#2452=ORIENTED_EDGE('',*,*,#1773,.F.);
#2453=ORIENTED_EDGE('',*,*,#1690,.T.);
#2454=ORIENTED_EDGE('',*,*,#1779,.T.);
#2455=ORIENTED_EDGE('',*,*,#1780,.F.);
#2456=ORIENTED_EDGE('',*,*,#1777,.T.);
#2457=ORIENTED_EDGE('',*,*,#1781,.F.);
#2458=ORIENTED_EDGE('',*,*,#1691,.T.);
#2459=ORIENTED_EDGE('',*,*,#1782,.F.);
#2460=ORIENTED_EDGE('',*,*,#1783,.F.);
#2461=ORIENTED_EDGE('',*,*,#1784,.F.);
#2462=ORIENTED_EDGE('',*,*,#1779,.F.);
#2463=ORIENTED_EDGE('',*,*,#1686,.T.);
#2464=ORIENTED_EDGE('',*,*,#1785,.T.);
#2465=ORIENTED_EDGE('',*,*,#1786,.F.);
#2466=ORIENTED_EDGE('',*,*,#1783,.T.);
#2467=ORIENTED_EDGE('',*,*,#1787,.F.);
#2468=ORIENTED_EDGE('',*,*,#1687,.T.);
#2469=ORIENTED_EDGE('',*,*,#1788,.F.);
#2470=ORIENTED_EDGE('',*,*,#1789,.F.);
#2471=ORIENTED_EDGE('',*,*,#1790,.F.);
#2472=ORIENTED_EDGE('',*,*,#1785,.F.);
#2473=ORIENTED_EDGE('',*,*,#1642,.T.);
#2474=ORIENTED_EDGE('',*,*,#1787,.T.);
#2475=ORIENTED_EDGE('',*,*,#1782,.T.);
#2476=ORIENTED_EDGE('',*,*,#1640,.T.);
#2477=ORIENTED_EDGE('',*,*,#1791,.T.);
#2478=ORIENTED_EDGE('',*,*,#1788,.T.);
#2479=ORIENTED_EDGE('',*,*,#1644,.T.);
#2480=ORIENTED_EDGE('',*,*,#1781,.T.);
#2481=ORIENTED_EDGE('',*,*,#1776,.T.);
#2482=ORIENTED_EDGE('',*,*,#1680,.T.);
#2483=ORIENTED_EDGE('',*,*,#1792,.T.);
#2484=ORIENTED_EDGE('',*,*,#1793,.T.);
#2485=ORIENTED_EDGE('',*,*,#1646,.T.);
#2486=ORIENTED_EDGE('',*,*,#1775,.T.);
#2487=ORIENTED_EDGE('',*,*,#1770,.T.);
#2488=ORIENTED_EDGE('',*,*,#1678,.T.);
#2489=ORIENTED_EDGE('',*,*,#1794,.T.);
#2490=ORIENTED_EDGE('',*,*,#1795,.T.);
#2491=ORIENTED_EDGE('',*,*,#1648,.T.);
#2492=ORIENTED_EDGE('',*,*,#1769,.T.);
#2493=ORIENTED_EDGE('',*,*,#1764,.T.);
#2494=ORIENTED_EDGE('',*,*,#1676,.T.);
#2495=ORIENTED_EDGE('',*,*,#1796,.T.);
#2496=ORIENTED_EDGE('',*,*,#1797,.T.);
#2497=ORIENTED_EDGE('',*,*,#1650,.T.);
#2498=ORIENTED_EDGE('',*,*,#1763,.T.);
#2499=ORIENTED_EDGE('',*,*,#1758,.T.);
#2500=ORIENTED_EDGE('',*,*,#1674,.T.);
#2501=ORIENTED_EDGE('',*,*,#1798,.T.);
#2502=ORIENTED_EDGE('',*,*,#1799,.T.);
#2503=ORIENTED_EDGE('',*,*,#1652,.T.);
#2504=ORIENTED_EDGE('',*,*,#1757,.T.);
#2505=ORIENTED_EDGE('',*,*,#1752,.T.);
#2506=ORIENTED_EDGE('',*,*,#1672,.T.);
#2507=ORIENTED_EDGE('',*,*,#1800,.T.);
#2508=ORIENTED_EDGE('',*,*,#1801,.T.);
#2509=ORIENTED_EDGE('',*,*,#1654,.T.);
#2510=ORIENTED_EDGE('',*,*,#1751,.T.);
#2511=ORIENTED_EDGE('',*,*,#1746,.T.);
#2512=ORIENTED_EDGE('',*,*,#1670,.T.);
#2513=ORIENTED_EDGE('',*,*,#1802,.T.);
#2514=ORIENTED_EDGE('',*,*,#1803,.T.);
#2515=ORIENTED_EDGE('',*,*,#1656,.T.);
#2516=ORIENTED_EDGE('',*,*,#1745,.T.);
#2517=ORIENTED_EDGE('',*,*,#1740,.T.);
#2518=ORIENTED_EDGE('',*,*,#1668,.T.);
#2519=ORIENTED_EDGE('',*,*,#1804,.T.);
#2520=ORIENTED_EDGE('',*,*,#1805,.T.);
#2521=ORIENTED_EDGE('',*,*,#1658,.T.);
#2522=ORIENTED_EDGE('',*,*,#1739,.T.);
#2523=ORIENTED_EDGE('',*,*,#1734,.T.);
#2524=ORIENTED_EDGE('',*,*,#1666,.T.);
#2525=ORIENTED_EDGE('',*,*,#1806,.T.);
#2526=ORIENTED_EDGE('',*,*,#1807,.T.);
#2527=ORIENTED_EDGE('',*,*,#1660,.T.);
#2528=ORIENTED_EDGE('',*,*,#1733,.T.);
#2529=ORIENTED_EDGE('',*,*,#1726,.T.);
#2530=ORIENTED_EDGE('',*,*,#1664,.T.);
#2531=ORIENTED_EDGE('',*,*,#1808,.T.);
#2532=ORIENTED_EDGE('',*,*,#1809,.T.);
#2533=ORIENTED_EDGE('',*,*,#1662,.T.);
#2534=ORIENTED_EDGE('',*,*,#1810,.T.);
#2535=ORIENTED_EDGE('',*,*,#1811,.T.);
#2536=ORIENTED_EDGE('',*,*,#1732,.T.);
#2537=ORIENTED_EDGE('',*,*,#1812,.T.);
#2538=ORIENTED_EDGE('',*,*,#1813,.T.);
#2539=ORIENTED_EDGE('',*,*,#1812,.F.);
#2540=ORIENTED_EDGE('',*,*,#1731,.T.);
#2541=ORIENTED_EDGE('',*,*,#1736,.T.);
#2542=ORIENTED_EDGE('',*,*,#1738,.T.);
#2543=ORIENTED_EDGE('',*,*,#1742,.T.);
#2544=ORIENTED_EDGE('',*,*,#1744,.T.);
#2545=ORIENTED_EDGE('',*,*,#1748,.T.);
#2546=ORIENTED_EDGE('',*,*,#1750,.T.);
#2547=ORIENTED_EDGE('',*,*,#1754,.T.);
#2548=ORIENTED_EDGE('',*,*,#1756,.T.);
#2549=ORIENTED_EDGE('',*,*,#1760,.T.);
#2550=ORIENTED_EDGE('',*,*,#1762,.T.);
#2551=ORIENTED_EDGE('',*,*,#1766,.T.);
#2552=ORIENTED_EDGE('',*,*,#1768,.T.);
#2553=ORIENTED_EDGE('',*,*,#1772,.T.);
#2554=ORIENTED_EDGE('',*,*,#1774,.T.);
#2555=ORIENTED_EDGE('',*,*,#1778,.T.);
#2556=ORIENTED_EDGE('',*,*,#1780,.T.);
#2557=ORIENTED_EDGE('',*,*,#1784,.T.);
#2558=ORIENTED_EDGE('',*,*,#1786,.T.);
#2559=ORIENTED_EDGE('',*,*,#1790,.T.);
#2560=ORIENTED_EDGE('',*,*,#1814,.T.);
#2561=ORIENTED_EDGE('',*,*,#1815,.T.);
#2562=ORIENTED_EDGE('',*,*,#1816,.T.);
#2563=ORIENTED_EDGE('',*,*,#1817,.T.);
#2564=ORIENTED_EDGE('',*,*,#1818,.T.);
#2565=ORIENTED_EDGE('',*,*,#1819,.T.);
#2566=ORIENTED_EDGE('',*,*,#1820,.T.);
#2567=ORIENTED_EDGE('',*,*,#1821,.T.);
#2568=ORIENTED_EDGE('',*,*,#1822,.T.);
#2569=ORIENTED_EDGE('',*,*,#1823,.T.);
#2570=ORIENTED_EDGE('',*,*,#1824,.T.);
#2571=ORIENTED_EDGE('',*,*,#1825,.T.);
#2572=ORIENTED_EDGE('',*,*,#1826,.T.);
#2573=ORIENTED_EDGE('',*,*,#1827,.T.);
#2574=ORIENTED_EDGE('',*,*,#1828,.T.);
#2575=ORIENTED_EDGE('',*,*,#1829,.T.);
#2576=ORIENTED_EDGE('',*,*,#1830,.T.);
#2577=ORIENTED_EDGE('',*,*,#1831,.T.);
#2578=ORIENTED_EDGE('',*,*,#1832,.T.);
#2579=ORIENTED_EDGE('',*,*,#1833,.T.);
#2580=ORIENTED_EDGE('',*,*,#1834,.T.);
#2581=ORIENTED_EDGE('',*,*,#1728,.T.);
#2582=ORIENTED_EDGE('',*,*,#1724,.T.);
#2583=ORIENTED_EDGE('',*,*,#1729,.T.);
#2584=ORIENTED_EDGE('',*,*,#1834,.F.);
#2585=ORIENTED_EDGE('',*,*,#1835,.T.);
#2586=ORIENTED_EDGE('',*,*,#1810,.F.);
#2587=ORIENTED_EDGE('',*,*,#1720,.T.);
#2588=ORIENTED_EDGE('',*,*,#1811,.F.);
#2589=ORIENTED_EDGE('',*,*,#1835,.F.);
#2590=ORIENTED_EDGE('',*,*,#1833,.F.);
#2591=ORIENTED_EDGE('',*,*,#1836,.F.);
#2592=ORIENTED_EDGE('',*,*,#1721,.T.);
#2593=ORIENTED_EDGE('',*,*,#1836,.T.);
#2594=ORIENTED_EDGE('',*,*,#1832,.F.);
#2595=ORIENTED_EDGE('',*,*,#1837,.T.);
#2596=ORIENTED_EDGE('',*,*,#1808,.F.);
#2597=ORIENTED_EDGE('',*,*,#1716,.T.);
#2598=ORIENTED_EDGE('',*,*,#1809,.F.);
#2599=ORIENTED_EDGE('',*,*,#1837,.F.);
#2600=ORIENTED_EDGE('',*,*,#1831,.F.);
#2601=ORIENTED_EDGE('',*,*,#1838,.F.);
#2602=ORIENTED_EDGE('',*,*,#1717,.T.);
#2603=ORIENTED_EDGE('',*,*,#1838,.T.);
#2604=ORIENTED_EDGE('',*,*,#1830,.F.);
#2605=ORIENTED_EDGE('',*,*,#1839,.T.);
#2606=ORIENTED_EDGE('',*,*,#1806,.F.);
#2607=ORIENTED_EDGE('',*,*,#1712,.T.);
#2608=ORIENTED_EDGE('',*,*,#1807,.F.);
#2609=ORIENTED_EDGE('',*,*,#1839,.F.);
#2610=ORIENTED_EDGE('',*,*,#1829,.F.);
#2611=ORIENTED_EDGE('',*,*,#1840,.F.);
#2612=ORIENTED_EDGE('',*,*,#1713,.T.);
#2613=ORIENTED_EDGE('',*,*,#1840,.T.);
#2614=ORIENTED_EDGE('',*,*,#1828,.F.);
#2615=ORIENTED_EDGE('',*,*,#1841,.T.);
#2616=ORIENTED_EDGE('',*,*,#1804,.F.);
#2617=ORIENTED_EDGE('',*,*,#1708,.T.);
#2618=ORIENTED_EDGE('',*,*,#1805,.F.);
#2619=ORIENTED_EDGE('',*,*,#1841,.F.);
#2620=ORIENTED_EDGE('',*,*,#1827,.F.);
#2621=ORIENTED_EDGE('',*,*,#1842,.T.);
#2622=ORIENTED_EDGE('',*,*,#1709,.T.);
#2623=ORIENTED_EDGE('',*,*,#1842,.F.);
#2624=ORIENTED_EDGE('',*,*,#1826,.F.);
#2625=ORIENTED_EDGE('',*,*,#1843,.T.);
#2626=ORIENTED_EDGE('',*,*,#1802,.F.);
#2627=ORIENTED_EDGE('',*,*,#1704,.T.);
#2628=ORIENTED_EDGE('',*,*,#1803,.F.);
#2629=ORIENTED_EDGE('',*,*,#1843,.F.);
#2630=ORIENTED_EDGE('',*,*,#1825,.F.);
#2631=ORIENTED_EDGE('',*,*,#1844,.T.);
#2632=ORIENTED_EDGE('',*,*,#1705,.T.);
#2633=ORIENTED_EDGE('',*,*,#1844,.F.);
#2634=ORIENTED_EDGE('',*,*,#1824,.F.);
#2635=ORIENTED_EDGE('',*,*,#1845,.T.);
#2636=ORIENTED_EDGE('',*,*,#1800,.F.);
#2637=ORIENTED_EDGE('',*,*,#1700,.T.);
#2638=ORIENTED_EDGE('',*,*,#1801,.F.);
#2639=ORIENTED_EDGE('',*,*,#1845,.F.);
#2640=ORIENTED_EDGE('',*,*,#1823,.F.);
#2641=ORIENTED_EDGE('',*,*,#1846,.F.);
#2642=ORIENTED_EDGE('',*,*,#1701,.T.);
#2643=ORIENTED_EDGE('',*,*,#1846,.T.);
#2644=ORIENTED_EDGE('',*,*,#1822,.F.);
#2645=ORIENTED_EDGE('',*,*,#1847,.T.);
#2646=ORIENTED_EDGE('',*,*,#1798,.F.);
#2647=ORIENTED_EDGE('',*,*,#1696,.T.);
#2648=ORIENTED_EDGE('',*,*,#1799,.F.);
#2649=ORIENTED_EDGE('',*,*,#1847,.F.);
#2650=ORIENTED_EDGE('',*,*,#1821,.F.);
#2651=ORIENTED_EDGE('',*,*,#1848,.F.);
#2652=ORIENTED_EDGE('',*,*,#1697,.T.);
#2653=ORIENTED_EDGE('',*,*,#1848,.T.);
#2654=ORIENTED_EDGE('',*,*,#1820,.F.);
#2655=ORIENTED_EDGE('',*,*,#1849,.T.);
#2656=ORIENTED_EDGE('',*,*,#1796,.F.);
#2657=ORIENTED_EDGE('',*,*,#1692,.T.);
#2658=ORIENTED_EDGE('',*,*,#1797,.F.);
#2659=ORIENTED_EDGE('',*,*,#1849,.F.);
#2660=ORIENTED_EDGE('',*,*,#1819,.F.);
#2661=ORIENTED_EDGE('',*,*,#1850,.F.);
#2662=ORIENTED_EDGE('',*,*,#1693,.T.);
#2663=ORIENTED_EDGE('',*,*,#1850,.T.);
#2664=ORIENTED_EDGE('',*,*,#1818,.F.);
#2665=ORIENTED_EDGE('',*,*,#1851,.T.);
#2666=ORIENTED_EDGE('',*,*,#1794,.F.);
#2667=ORIENTED_EDGE('',*,*,#1689,.T.);
#2668=ORIENTED_EDGE('',*,*,#1852,.T.);
#2669=ORIENTED_EDGE('',*,*,#1816,.F.);
#2670=ORIENTED_EDGE('',*,*,#1853,.T.);
#2671=ORIENTED_EDGE('',*,*,#1792,.F.);
#2672=ORIENTED_EDGE('',*,*,#1813,.F.);
#2673=ORIENTED_EDGE('',*,*,#1685,.T.);
#2674=ORIENTED_EDGE('',*,*,#1854,.T.);
#2675=ORIENTED_EDGE('',*,*,#1814,.F.);
#2676=ORIENTED_EDGE('',*,*,#1789,.T.);
#2677=ORIENTED_EDGE('',*,*,#1791,.F.);
#2678=ORIENTED_EDGE('',*,*,#1684,.T.);
#2679=ORIENTED_EDGE('',*,*,#1793,.F.);
#2680=ORIENTED_EDGE('',*,*,#1853,.F.);
#2681=ORIENTED_EDGE('',*,*,#1815,.F.);
#2682=ORIENTED_EDGE('',*,*,#1854,.F.);
#2683=ORIENTED_EDGE('',*,*,#1688,.T.);
#2684=ORIENTED_EDGE('',*,*,#1795,.F.);
#2685=ORIENTED_EDGE('',*,*,#1851,.F.);
#2686=ORIENTED_EDGE('',*,*,#1817,.F.);
#2687=ORIENTED_EDGE('',*,*,#1852,.F.);
#2688=ORIENTED_EDGE('',*,*,#1683,.T.);
#2689=ORIENTED_EDGE('',*,*,#1855,.F.);
#2690=ORIENTED_EDGE('',*,*,#1856,.T.);
#2691=ORIENTED_EDGE('',*,*,#1857,.F.);
#2692=ORIENTED_EDGE('',*,*,#1856,.F.);
#2693=ORIENTED_EDGE('',*,*,#1858,.F.);
#2694=ORIENTED_EDGE('',*,*,#1859,.T.);
#2695=ORIENTED_EDGE('',*,*,#1860,.T.);
#2696=ORIENTED_EDGE('',*,*,#1859,.F.);
#2697=ORIENTED_EDGE('',*,*,#1860,.F.);
#2698=ORIENTED_EDGE('',*,*,#1855,.T.);
#2699=ORIENTED_EDGE('',*,*,#1858,.T.);
#2700=ORIENTED_EDGE('',*,*,#1857,.T.);
#2701=ORIENTED_EDGE('',*,*,#1861,.F.);
#2702=ORIENTED_EDGE('',*,*,#1862,.T.);
#2703=ORIENTED_EDGE('',*,*,#1863,.F.);
#2704=ORIENTED_EDGE('',*,*,#1862,.F.);
#2705=ORIENTED_EDGE('',*,*,#1864,.F.);
#2706=ORIENTED_EDGE('',*,*,#1865,.T.);
#2707=ORIENTED_EDGE('',*,*,#1866,.F.);
#2708=ORIENTED_EDGE('',*,*,#1865,.F.);
#2709=ORIENTED_EDGE('',*,*,#1867,.F.);
#2710=ORIENTED_EDGE('',*,*,#1868,.T.);
#2711=ORIENTED_EDGE('',*,*,#1869,.F.);
#2712=ORIENTED_EDGE('',*,*,#1868,.F.);
#2713=ORIENTED_EDGE('',*,*,#1870,.T.);
#2714=ORIENTED_EDGE('',*,*,#1871,.T.);
#2715=ORIENTED_EDGE('',*,*,#1870,.F.);
#2716=ORIENTED_EDGE('',*,*,#1872,.T.);
#2717=ORIENTED_EDGE('',*,*,#1873,.F.);
#2718=ORIENTED_EDGE('',*,*,#1872,.F.);
#2719=ORIENTED_EDGE('',*,*,#1874,.T.);
#2720=ORIENTED_EDGE('',*,*,#1875,.T.);
#2721=ORIENTED_EDGE('',*,*,#1876,.T.);
#2722=ORIENTED_EDGE('',*,*,#1877,.T.);
#2723=ORIENTED_EDGE('',*,*,#1863,.T.);
#2724=ORIENTED_EDGE('',*,*,#1866,.T.);
#2725=ORIENTED_EDGE('',*,*,#1869,.T.);
#2726=ORIENTED_EDGE('',*,*,#1873,.T.);
#2727=ORIENTED_EDGE('',*,*,#1878,.F.);
#2728=ORIENTED_EDGE('',*,*,#1879,.F.);
#2729=ORIENTED_EDGE('',*,*,#1880,.F.);
#2730=ORIENTED_EDGE('',*,*,#1874,.F.);
#2731=ORIENTED_EDGE('',*,*,#1881,.F.);
#2732=ORIENTED_EDGE('',*,*,#1882,.F.);
#2733=ORIENTED_EDGE('',*,*,#1875,.F.);
#2734=ORIENTED_EDGE('',*,*,#1880,.T.);
#2735=ORIENTED_EDGE('',*,*,#1883,.F.);
#2736=ORIENTED_EDGE('',*,*,#1884,.F.);
#2737=ORIENTED_EDGE('',*,*,#1885,.F.);
#2738=ORIENTED_EDGE('',*,*,#1886,.F.);
#2739=ORIENTED_EDGE('',*,*,#1887,.F.);
#2740=ORIENTED_EDGE('',*,*,#1876,.F.);
#2741=ORIENTED_EDGE('',*,*,#1884,.T.);
#2742=ORIENTED_EDGE('',*,*,#1888,.F.);
#2743=ORIENTED_EDGE('',*,*,#1889,.F.);
#2744=ORIENTED_EDGE('',*,*,#1881,.T.);
#2745=ORIENTED_EDGE('',*,*,#1877,.F.);
#2746=ORIENTED_EDGE('',*,*,#1887,.T.);
#2747=ORIENTED_EDGE('',*,*,#1879,.T.);
#2748=ORIENTED_EDGE('',*,*,#1890,.T.);
#2749=ORIENTED_EDGE('',*,*,#1891,.F.);
#2750=ORIENTED_EDGE('',*,*,#1892,.F.);
#2751=ORIENTED_EDGE('',*,*,#1888,.T.);
#2752=ORIENTED_EDGE('',*,*,#1883,.T.);
#2753=ORIENTED_EDGE('',*,*,#1885,.T.);
#2754=ORIENTED_EDGE('',*,*,#1892,.T.);
#2755=ORIENTED_EDGE('',*,*,#1893,.F.);
#2756=ORIENTED_EDGE('',*,*,#1894,.F.);
#2757=ORIENTED_EDGE('',*,*,#1882,.T.);
#2758=ORIENTED_EDGE('',*,*,#1889,.T.);
#2759=ORIENTED_EDGE('',*,*,#1886,.T.);
#2760=ORIENTED_EDGE('',*,*,#1894,.T.);
#2761=ORIENTED_EDGE('',*,*,#1895,.F.);
#2762=ORIENTED_EDGE('',*,*,#1896,.F.);
#2763=ORIENTED_EDGE('',*,*,#1878,.T.);
#2764=ORIENTED_EDGE('',*,*,#1896,.T.);
#2765=ORIENTED_EDGE('',*,*,#1897,.F.);
#2766=ORIENTED_EDGE('',*,*,#1890,.F.);
#2767=ORIENTED_EDGE('',*,*,#1898,.T.);
#2768=ORIENTED_EDGE('',*,*,#1899,.T.);
#2769=ORIENTED_EDGE('',*,*,#1900,.T.);
#2770=ORIENTED_EDGE('',*,*,#1899,.F.);
#2771=ORIENTED_EDGE('',*,*,#1901,.F.);
#2772=ORIENTED_EDGE('',*,*,#1902,.T.);
#2773=ORIENTED_EDGE('',*,*,#1900,.F.);
#2774=ORIENTED_EDGE('',*,*,#1902,.F.);
#2775=ORIENTED_EDGE('',*,*,#1903,.F.);
#2776=ORIENTED_EDGE('',*,*,#1904,.F.);
#2777=ORIENTED_EDGE('',*,*,#1905,.F.);
#2778=ORIENTED_EDGE('',*,*,#1906,.F.);
#2779=ORIENTED_EDGE('',*,*,#1861,.T.);
#2780=ORIENTED_EDGE('',*,*,#1864,.T.);
#2781=ORIENTED_EDGE('',*,*,#1867,.T.);
#2782=ORIENTED_EDGE('',*,*,#1898,.F.);
#2783=ORIENTED_EDGE('',*,*,#1871,.F.);
#2784=ORIENTED_EDGE('',*,*,#1907,.T.);
#2785=ORIENTED_EDGE('',*,*,#1908,.F.);
#2786=ORIENTED_EDGE('',*,*,#1907,.F.);
#2787=ORIENTED_EDGE('',*,*,#1901,.T.);
#2788=ORIENTED_EDGE('',*,*,#1908,.T.);
#2789=ORIENTED_EDGE('',*,*,#1909,.T.);
#2790=ORIENTED_EDGE('',*,*,#1910,.T.);
#2791=ORIENTED_EDGE('',*,*,#1911,.T.);
#2792=ORIENTED_EDGE('',*,*,#1903,.T.);
#2793=ORIENTED_EDGE('',*,*,#1912,.T.);
#2794=ORIENTED_EDGE('',*,*,#1913,.T.);
#2795=ORIENTED_EDGE('',*,*,#1906,.T.);
#2796=ORIENTED_EDGE('',*,*,#1914,.T.);
#2797=ORIENTED_EDGE('',*,*,#1915,.T.);
#2798=ORIENTED_EDGE('',*,*,#1912,.F.);
#2799=ORIENTED_EDGE('',*,*,#1916,.T.);
#2800=ORIENTED_EDGE('',*,*,#1917,.T.);
#2801=ORIENTED_EDGE('',*,*,#1914,.F.);
#2802=ORIENTED_EDGE('',*,*,#1905,.T.);
#2803=ORIENTED_EDGE('',*,*,#1918,.T.);
#2804=ORIENTED_EDGE('',*,*,#1919,.T.);
#2805=ORIENTED_EDGE('',*,*,#1920,.T.);
#2806=ORIENTED_EDGE('',*,*,#1918,.F.);
#2807=ORIENTED_EDGE('',*,*,#1904,.T.);
#2808=ORIENTED_EDGE('',*,*,#1911,.F.);
#2809=ORIENTED_EDGE('',*,*,#1913,.F.);
#2810=ORIENTED_EDGE('',*,*,#1915,.F.);
#2811=ORIENTED_EDGE('',*,*,#1917,.F.);
#2812=ORIENTED_EDGE('',*,*,#1921,.T.);
#2813=ORIENTED_EDGE('',*,*,#1922,.F.);
#2814=ORIENTED_EDGE('',*,*,#1923,.F.);
#2815=ORIENTED_EDGE('',*,*,#1916,.F.);
#2816=ORIENTED_EDGE('',*,*,#1924,.T.);
#2817=ORIENTED_EDGE('',*,*,#1925,.F.);
#2818=ORIENTED_EDGE('',*,*,#1921,.F.);
#2819=ORIENTED_EDGE('',*,*,#1910,.F.);
#2820=ORIENTED_EDGE('',*,*,#1926,.T.);
#2821=ORIENTED_EDGE('',*,*,#1927,.F.);
#2822=ORIENTED_EDGE('',*,*,#1924,.F.);
#2823=ORIENTED_EDGE('',*,*,#1919,.F.);
#2824=ORIENTED_EDGE('',*,*,#1920,.F.);
#2825=ORIENTED_EDGE('',*,*,#1909,.F.);
#2826=ORIENTED_EDGE('',*,*,#1923,.T.);
#2827=ORIENTED_EDGE('',*,*,#1928,.F.);
#2828=ORIENTED_EDGE('',*,*,#1926,.F.);
#2829=ORIENTED_EDGE('',*,*,#1928,.T.);
#2830=ORIENTED_EDGE('',*,*,#1922,.T.);
#2831=ORIENTED_EDGE('',*,*,#1925,.T.);
#2832=ORIENTED_EDGE('',*,*,#1927,.T.);
#2833=ORIENTED_EDGE('',*,*,#1891,.T.);
#2834=ORIENTED_EDGE('',*,*,#1897,.T.);
#2835=ORIENTED_EDGE('',*,*,#1895,.T.);
#2836=ORIENTED_EDGE('',*,*,#1893,.T.);
#2837=PLANE('',#3183);
#2838=PLANE('',#3186);
#2839=PLANE('',#3189);
#2840=PLANE('',#3194);
#2841=PLANE('',#3199);
#2842=PLANE('',#3200);
#2843=PLANE('',#3203);
#2844=PLANE('',#3206);
#2845=PLANE('',#3207);
#2846=PLANE('',#3213);
#2847=PLANE('',#3218);
#2848=PLANE('',#3219);
#2849=PLANE('',#3220);
#2850=PLANE('',#3221);
#2851=PLANE('',#3222);
#2852=PLANE('',#3223);
#2853=PLANE('',#3224);
#2854=PLANE('',#3225);
#2855=PLANE('',#3226);
#2856=PLANE('',#3227);
#2857=PLANE('',#3228);
#2858=PLANE('',#3229);
#2859=PLANE('',#3230);
#2860=PLANE('',#3231);
#2861=PLANE('',#3232);
#2862=PLANE('',#3233);
#2863=PLANE('',#3234);
#2864=PLANE('',#3239);
#2865=PLANE('',#3240);
#2866=PLANE('',#3245);
#2867=PLANE('',#3246);
#2868=PLANE('',#3247);
#2869=PLANE('',#3248);
#2870=PLANE('',#3249);
#2871=PLANE('',#3250);
#2872=PLANE('',#3251);
#2873=PLANE('',#3252);
#2874=PLANE('',#3253);
#2875=PLANE('',#3254);
#2876=PLANE('',#3255);
#2877=PLANE('',#3256);
#2878=PLANE('',#3257);
#2879=PLANE('',#3258);
#2880=PLANE('',#3259);
#2881=PLANE('',#3264);
#2882=PLANE('',#3265);
#2883=PLANE('',#3267);
#2884=PLANE('',#3270);
#2885=PLANE('',#3318);
#2886=PLANE('',#3319);
#2887=PLANE('',#3320);
#2888=PLANE('',#3321);
#2889=PLANE('',#3322);
#2890=PLANE('',#3323);
#2891=PLANE('',#3324);
#2892=PLANE('',#3325);
#2893=PLANE('',#3326);
#2894=PLANE('',#3327);
#2895=PLANE('',#3328);
#2896=PLANE('',#3329);
#2897=PLANE('',#3330);
#2898=PLANE('',#3331);
#2899=PLANE('',#3332);
#2900=PLANE('',#3333);
#2901=PLANE('',#3334);
#2902=PLANE('',#3335);
#2903=PLANE('',#3336);
#2904=PLANE('',#3337);
#2905=PLANE('',#3338);
#2906=PLANE('',#3339);
#2907=PLANE('',#3340);
#2908=PLANE('',#3341);
#2909=PLANE('',#3342);
#2910=PLANE('',#3343);
#2911=PLANE('',#3344);
#2912=PLANE('',#3345);
#2913=PLANE('',#3346);
#2914=PLANE('',#3347);
#2915=PLANE('',#3348);
#2916=PLANE('',#3349);
#2917=PLANE('',#3350);
#2918=PLANE('',#3351);
#2919=PLANE('',#3352);
#2920=PLANE('',#3353);
#2921=PLANE('',#3354);
#2922=PLANE('',#3355);
#2923=PLANE('',#3356);
#2924=PLANE('',#3357);
#2925=PLANE('',#3358);
#2926=PLANE('',#3359);
#2927=PLANE('',#3383);
#2928=PLANE('',#3384);
#2929=PLANE('',#3385);
#2930=PLANE('',#3386);
#2931=PLANE('',#3387);
#2932=PLANE('',#3388);
#2933=PLANE('',#3389);
#2934=PLANE('',#3390);
#2935=PLANE('',#3391);
#2936=PLANE('',#3392);
#2937=PLANE('',#3393);
#2938=PLANE('',#3394);
#2939=PLANE('',#3395);
#2940=PLANE('',#3396);
#2941=PLANE('',#3397);
#2942=PLANE('',#3398);
#2943=PLANE('',#3399);
#2944=PLANE('',#3400);
#2945=PLANE('',#3401);
#2946=PLANE('',#3402);
#2947=PLANE('',#3403);
#2948=PLANE('',#3404);
#2949=PLANE('',#3405);
#2950=PLANE('',#3414);
#2951=PLANE('',#3415);
#2952=PLANE('',#3425);
#2953=PLANE('',#3431);
#2954=PLANE('',#3440);
#2955=PLANE('',#3443);
#2956=PLANE('',#3452);
#2957=PLANE('',#3457);
#2958=PLANE('',#3464);
#2959=PLANE('',#3467);
#2960=PLANE('',#3470);
#2961=ADVANCED_FACE('',(#230),#2837,.F.);
#2962=ADVANCED_FACE('',(#231),#2838,.F.);
#2963=ADVANCED_FACE('',(#232),#2839,.T.);
#2964=ADVANCED_FACE('',(#233),#205,.T.);
#2965=ADVANCED_FACE('',(#234),#2840,.T.);
#2966=ADVANCED_FACE('',(#235),#206,.T.);
#2967=ADVANCED_FACE('',(#236),#2841,.T.);
#2968=ADVANCED_FACE('',(#237),#2842,.F.);
#2969=ADVANCED_FACE('',(#238),#2843,.F.);
#2970=ADVANCED_FACE('',(#239),#2844,.T.);
#2971=ADVANCED_FACE('',(#240,#189,#190,#191),#2845,.T.);
#2972=ADVANCED_FACE('',(#241),#2846,.F.);
#2973=ADVANCED_FACE('',(#242),#166,.T.);
#2974=ADVANCED_FACE('',(#243),#207,.T.);
#2975=ADVANCED_FACE('',(#244),#2847,.T.);
#2976=ADVANCED_FACE('',(#245),#2848,.T.);
#2977=ADVANCED_FACE('',(#246),#2849,.T.);
#2978=ADVANCED_FACE('',(#247),#2850,.T.);
#2979=ADVANCED_FACE('',(#248),#2851,.T.);
#2980=ADVANCED_FACE('',(#249),#2852,.T.);
#2981=ADVANCED_FACE('',(#250),#2853,.T.);
#2982=ADVANCED_FACE('',(#251),#2854,.T.);
#2983=ADVANCED_FACE('',(#252),#2855,.T.);
#2984=ADVANCED_FACE('',(#253),#2856,.T.);
#2985=ADVANCED_FACE('',(#254),#2857,.T.);
#2986=ADVANCED_FACE('',(#255),#2858,.T.);
#2987=ADVANCED_FACE('',(#256),#2859,.T.);
#2988=ADVANCED_FACE('',(#257),#2860,.T.);
#2989=ADVANCED_FACE('',(#258),#2861,.T.);
#2990=ADVANCED_FACE('',(#259),#2862,.T.);
#2991=ADVANCED_FACE('',(#260),#2863,.F.);
#2992=ADVANCED_FACE('',(#261),#208,.T.);
#2993=ADVANCED_FACE('',(#262),#128,.T.);
#2994=ADVANCED_FACE('',(#263),#2864,.T.);
#2995=ADVANCED_FACE('',(#264),#2865,.T.);
#2996=ADVANCED_FACE('',(#265),#209,.F.);
#2997=ADVANCED_FACE('',(#266),#129,.T.);
#2998=ADVANCED_FACE('',(#267),#210,.T.);
#2999=ADVANCED_FACE('',(#268),#2866,.F.);
#3000=ADVANCED_FACE('',(#269),#2867,.F.);
#3001=ADVANCED_FACE('',(#270),#2868,.F.);
#3002=ADVANCED_FACE('',(#271),#2869,.F.);
#3003=ADVANCED_FACE('',(#272),#2870,.F.);
#3004=ADVANCED_FACE('',(#273),#2871,.F.);
#3005=ADVANCED_FACE('',(#274),#2872,.F.);
#3006=ADVANCED_FACE('',(#275),#2873,.F.);
#3007=ADVANCED_FACE('',(#276),#2874,.F.);
#3008=ADVANCED_FACE('',(#277),#2875,.F.);
#3009=ADVANCED_FACE('',(#278),#2876,.F.);
#3010=ADVANCED_FACE('',(#279),#2877,.F.);
#3011=ADVANCED_FACE('',(#280),#2878,.F.);
#3012=ADVANCED_FACE('',(#281),#2879,.F.);
#3013=ADVANCED_FACE('',(#282),#2880,.T.);
#3014=ADVANCED_FACE('',(#283),#130,.T.);
#3015=ADVANCED_FACE('',(#284),#211,.T.);
#3016=ADVANCED_FACE('',(#285),#2881,.F.);
#3017=ADVANCED_FACE('',(#286),#2882,.F.);
#3018=ADVANCED_FACE('',(#287),#212,.F.);
#3019=ADVANCED_FACE('',(#288),#2883,.T.);
#3020=ADVANCED_FACE('',(#289),#131,.T.);
#3021=ADVANCED_FACE('',(#290),#2884,.T.);
#3022=ADVANCED_FACE('',(#291),#213,.T.);
#3023=ADVANCED_FACE('',(#292),#214,.T.);
#3024=ADVANCED_FACE('',(#293),#2885,.T.);
#3025=ADVANCED_FACE('',(#294),#2886,.T.);
#3026=ADVANCED_FACE('',(#295),#2887,.T.);
#3027=ADVANCED_FACE('',(#296),#2888,.T.);
#3028=ADVANCED_FACE('',(#297),#2889,.T.);
#3029=ADVANCED_FACE('',(#298),#2890,.T.);
#3030=ADVANCED_FACE('',(#299),#2891,.T.);
#3031=ADVANCED_FACE('',(#300),#2892,.T.);
#3032=ADVANCED_FACE('',(#301),#2893,.T.);
#3033=ADVANCED_FACE('',(#302),#2894,.T.);
#3034=ADVANCED_FACE('',(#303),#2895,.T.);
#3035=ADVANCED_FACE('',(#304),#2896,.T.);
#3036=ADVANCED_FACE('',(#305),#2897,.T.);
#3037=ADVANCED_FACE('',(#306),#2898,.T.);
#3038=ADVANCED_FACE('',(#307),#2899,.T.);
#3039=ADVANCED_FACE('',(#308),#2900,.T.);
#3040=ADVANCED_FACE('',(#309),#2901,.T.);
#3041=ADVANCED_FACE('',(#310),#2902,.T.);
#3042=ADVANCED_FACE('',(#311),#2903,.T.);
#3043=ADVANCED_FACE('',(#312),#2904,.T.);
#3044=ADVANCED_FACE('',(#313),#2905,.T.);
#3045=ADVANCED_FACE('',(#314),#2906,.F.);
#3046=ADVANCED_FACE('',(#315),#2907,.F.);
#3047=ADVANCED_FACE('',(#316),#2908,.F.);
#3048=ADVANCED_FACE('',(#317),#2909,.F.);
#3049=ADVANCED_FACE('',(#318),#2910,.F.);
#3050=ADVANCED_FACE('',(#319),#2911,.F.);
#3051=ADVANCED_FACE('',(#320),#2912,.F.);
#3052=ADVANCED_FACE('',(#321),#2913,.F.);
#3053=ADVANCED_FACE('',(#322),#2914,.F.);
#3054=ADVANCED_FACE('',(#323),#2915,.F.);
#3055=ADVANCED_FACE('',(#324),#2916,.F.);
#3056=ADVANCED_FACE('',(#325),#2917,.F.);
#3057=ADVANCED_FACE('',(#326),#2918,.F.);
#3058=ADVANCED_FACE('',(#327),#2919,.F.);
#3059=ADVANCED_FACE('',(#328),#2920,.F.);
#3060=ADVANCED_FACE('',(#329),#2921,.F.);
#3061=ADVANCED_FACE('',(#330),#2922,.F.);
#3062=ADVANCED_FACE('',(#331),#2923,.F.);
#3063=ADVANCED_FACE('',(#332),#2924,.F.);
#3064=ADVANCED_FACE('',(#333),#2925,.F.);
#3065=ADVANCED_FACE('',(#334),#2926,.F.);
#3066=ADVANCED_FACE('',(#335),#167,.T.);
#3067=ADVANCED_FACE('',(#336),#168,.T.);
#3068=ADVANCED_FACE('',(#337),#169,.T.);
#3069=ADVANCED_FACE('',(#338),#170,.T.);
#3070=ADVANCED_FACE('',(#339),#171,.T.);
#3071=ADVANCED_FACE('',(#340),#172,.T.);
#3072=ADVANCED_FACE('',(#341),#173,.T.);
#3073=ADVANCED_FACE('',(#342),#174,.T.);
#3074=ADVANCED_FACE('',(#343),#175,.T.);
#3075=ADVANCED_FACE('',(#344),#176,.T.);
#3076=ADVANCED_FACE('',(#345),#177,.T.);
#3077=ADVANCED_FACE('',(#346),#178,.T.);
#3078=ADVANCED_FACE('',(#347),#179,.T.);
#3079=ADVANCED_FACE('',(#348),#180,.T.);
#3080=ADVANCED_FACE('',(#349),#181,.T.);
#3081=ADVANCED_FACE('',(#350),#182,.T.);
#3082=ADVANCED_FACE('',(#351),#183,.T.);
#3083=ADVANCED_FACE('',(#352),#184,.T.);
#3084=ADVANCED_FACE('',(#353),#185,.T.);
#3085=ADVANCED_FACE('',(#354),#186,.T.);
#3086=ADVANCED_FACE('',(#355),#187,.T.);
#3087=ADVANCED_FACE('',(#356),#188,.T.);
#3088=ADVANCED_FACE('',(#357),#2927,.F.);
#3089=ADVANCED_FACE('',(#358),#2928,.F.);
#3090=ADVANCED_FACE('',(#359),#2929,.F.);
#3091=ADVANCED_FACE('',(#360),#2930,.F.);
#3092=ADVANCED_FACE('',(#361),#2931,.F.);
#3093=ADVANCED_FACE('',(#362),#2932,.F.);
#3094=ADVANCED_FACE('',(#363),#2933,.F.);
#3095=ADVANCED_FACE('',(#364),#2934,.F.);
#3096=ADVANCED_FACE('',(#365),#2935,.F.);
#3097=ADVANCED_FACE('',(#366),#2936,.F.);
#3098=ADVANCED_FACE('',(#367),#2937,.F.);
#3099=ADVANCED_FACE('',(#368),#2938,.F.);
#3100=ADVANCED_FACE('',(#369),#2939,.F.);
#3101=ADVANCED_FACE('',(#370),#2940,.F.);
#3102=ADVANCED_FACE('',(#371),#2941,.F.);
#3103=ADVANCED_FACE('',(#372),#2942,.F.);
#3104=ADVANCED_FACE('',(#373),#2943,.F.);
#3105=ADVANCED_FACE('',(#374),#2944,.F.);
#3106=ADVANCED_FACE('',(#375),#2945,.F.);
#3107=ADVANCED_FACE('',(#376),#2946,.F.);
#3108=ADVANCED_FACE('',(#377),#2947,.F.);
#3109=ADVANCED_FACE('',(#378),#2948,.F.);
#3110=ADVANCED_FACE('',(#379),#2949,.T.);
#3111=ADVANCED_FACE('',(#380),#215,.F.);
#3112=ADVANCED_FACE('',(#381),#216,.T.);
#3113=ADVANCED_FACE('',(#382,#192),#2950,.T.);
#3114=ADVANCED_FACE('',(#383,#193),#2951,.F.);
#3115=ADVANCED_FACE('',(#384),#217,.F.);
#3116=ADVANCED_FACE('',(#385),#218,.F.);
#3117=ADVANCED_FACE('',(#386),#219,.F.);
#3118=ADVANCED_FACE('',(#387,#194),#2952,.T.);
#3119=ADVANCED_FACE('',(#388),#132,.T.);
#3120=ADVANCED_FACE('',(#389,#195,#196,#197,#198),#2953,.T.);
#3121=ADVANCED_FACE('',(#390),#133,.F.);
#3122=ADVANCED_FACE('',(#391),#220,.F.);
#3123=ADVANCED_FACE('',(#392),#134,.F.);
#3124=ADVANCED_FACE('',(#393),#221,.F.);
#3125=ADVANCED_FACE('',(#394),#2954,.F.);
#3126=ADVANCED_FACE('',(#395),#222,.F.);
#3127=ADVANCED_FACE('',(#396),#2955,.F.);
#3128=ADVANCED_FACE('',(#397),#223,.F.);
#3129=ADVANCED_FACE('',(#398),#135,.F.);
#3130=ADVANCED_FACE('',(#399),#224,.T.);
#3131=ADVANCED_FACE('',(#400,#199,#200,#201,#202),#2956,.F.);
#3132=ADVANCED_FACE('',(#401),#225,.F.);
#3133=ADVANCED_FACE('',(#402,#203),#2957,.T.);
#3134=ADVANCED_FACE('',(#403),#136,.T.);
#3135=ADVANCED_FACE('',(#404),#226,.T.);
#3136=ADVANCED_FACE('',(#405),#137,.T.);
#3137=ADVANCED_FACE('',(#406),#227,.T.);
#3138=ADVANCED_FACE('',(#407),#2958,.T.);
#3139=ADVANCED_FACE('',(#408),#228,.T.);
#3140=ADVANCED_FACE('',(#409),#2959,.T.);
#3141=ADVANCED_FACE('',(#410),#229,.T.);
#3142=ADVANCED_FACE('',(#411,#204),#2960,.T.);
#3143=CLOSED_SHELL('',(#2961,#2962,#2963,#2964,#2965,#2966,#2967,#2968,
#2969,#2970,#2971,#2972,#2973,#2974,#2975,#2976,#2977,#2978,#2979,#2980,
#2981,#2982,#2983,#2984,#2985,#2986,#2987,#2988,#2989,#2990,#2991,#2992,
#2993,#2994,#2995,#2996,#2997,#2998,#2999,#3000,#3001,#3002,#3003,#3004,
#3005,#3006,#3007,#3008,#3009,#3010,#3011,#3012,#3013,#3014,#3015,#3016,
#3017,#3018,#3019,#3020,#3021,#3022));
#3144=CLOSED_SHELL('',(#3023,#3024,#3025,#3026,#3027,#3028,#3029,#3030,
#3031,#3032,#3033,#3034,#3035,#3036,#3037,#3038,#3039,#3040,#3041,#3042,
#3043,#3044,#3045,#3046,#3047,#3048,#3049,#3050,#3051,#3052,#3053,#3054,
#3055,#3056,#3057,#3058,#3059,#3060,#3061,#3062,#3063,#3064,#3065,#3066,
#3067,#3068,#3069,#3070,#3071,#3072,#3073,#3074,#3075,#3076,#3077,#3078,
#3079,#3080,#3081,#3082,#3083,#3084,#3085,#3086,#3087,#3088,#3089,#3090,
#3091,#3092,#3093,#3094,#3095,#3096,#3097,#3098,#3099,#3100,#3101,#3102,
#3103,#3104,#3105,#3106,#3107,#3108,#3109,#3110));
#3145=CLOSED_SHELL('',(#3111,#3112,#3113,#3114));
#3146=CLOSED_SHELL('',(#3115,#3116,#3117,#3118,#3119,#3120,#3121,#3122,
#3123,#3124,#3125,#3126,#3127,#3128,#3129,#3130,#3131,#3132,#3133,#3134,
#3135,#3136,#3137,#3138,#3139,#3140,#3141,#3142));
#3147=DERIVED_UNIT_ELEMENT(#3153,1.);
#3148=DERIVED_UNIT_ELEMENT(#5655,-3.);
#3149=DERIVED_UNIT_ELEMENT(#3153,1.);
#3150=DERIVED_UNIT_ELEMENT(#5655,-3.);
#3151=DERIVED_UNIT_ELEMENT(#3153,1.);
#3152=DERIVED_UNIT_ELEMENT(#5655,-3.);
#3153=(
MASS_UNIT()
NAMED_UNIT(*)
SI_UNIT(.KILO.,.GRAM.)
);
#3154=DERIVED_UNIT((#3147,#3148));
#3155=DERIVED_UNIT((#3149,#3150));
#3156=DERIVED_UNIT((#3151,#3152));
#3157=MEASURE_REPRESENTATION_ITEM('density measure',
POSITIVE_RATIO_MEASURE(1130.),#3154);
#3158=MEASURE_REPRESENTATION_ITEM('density measure',
POSITIVE_RATIO_MEASURE(7850.),#3155);
#3159=MEASURE_REPRESENTATION_ITEM('density measure',
POSITIVE_RATIO_MEASURE(7850.),#3156);
#3160=PROPERTY_DEFINITION_REPRESENTATION(#3175,#3166);
#3161=PROPERTY_DEFINITION_REPRESENTATION(#3176,#3167);
#3162=PROPERTY_DEFINITION_REPRESENTATION(#3177,#3168);
#3163=PROPERTY_DEFINITION_REPRESENTATION(#3178,#3169);
#3164=PROPERTY_DEFINITION_REPRESENTATION(#3179,#3170);
#3165=PROPERTY_DEFINITION_REPRESENTATION(#3180,#3171);
#3166=REPRESENTATION('material name',(#3172),#5649);
#3167=REPRESENTATION('density',(#3157),#5649);
#3168=REPRESENTATION('material name',(#3173),#5650);
#3169=REPRESENTATION('density',(#3158),#5650);
#3170=REPRESENTATION('material name',(#3174),#5652);
#3171=REPRESENTATION('density',(#3159),#5652);
#3172=DESCRIPTIVE_REPRESENTATION_ITEM('Nylon 6/6','Nylon 6/6');
#3173=DESCRIPTIVE_REPRESENTATION_ITEM('Steel','Steel');
#3174=DESCRIPTIVE_REPRESENTATION_ITEM('Steel','Steel');
#3175=PROPERTY_DEFINITION('material property','material name',#5679);
#3176=PROPERTY_DEFINITION('material property','density of part',#5679);
#3177=PROPERTY_DEFINITION('material property','material name',#5680);
#3178=PROPERTY_DEFINITION('material property','density of part',#5680);
#3179=PROPERTY_DEFINITION('material property','material name',#5682);
#3180=PROPERTY_DEFINITION('material property','density of part',#5682);
#3181=AXIS2_PLACEMENT_3D('',#4301,#3475,#3476);
#3182=AXIS2_PLACEMENT_3D('',#4302,#3477,#3478);
#3183=AXIS2_PLACEMENT_3D('',#4303,#3479,#3480);
#3184=AXIS2_PLACEMENT_3D('',#4308,#3482,#3483);
#3185=AXIS2_PLACEMENT_3D('',#4311,#3485,#3486);
#3186=AXIS2_PLACEMENT_3D('',#4312,#3487,#3488);
#3187=AXIS2_PLACEMENT_3D('',#4317,#3490,#3491);
#3188=AXIS2_PLACEMENT_3D('',#4320,#3493,#3494);
#3189=AXIS2_PLACEMENT_3D('',#4321,#3495,#3496);
#3190=AXIS2_PLACEMENT_3D('',#4330,#3501,#3502);
#3191=AXIS2_PLACEMENT_3D('',#4332,#3503,#3504);
#3192=AXIS2_PLACEMENT_3D('',#4333,#3505,#3506);
#3193=AXIS2_PLACEMENT_3D('',#4335,#3507,#3508);
#3194=AXIS2_PLACEMENT_3D('',#4337,#3510,#3511);
#3195=AXIS2_PLACEMENT_3D('',#4343,#3515,#3516);
#3196=AXIS2_PLACEMENT_3D('',#4344,#3517,#3518);
#3197=AXIS2_PLACEMENT_3D('',#4345,#3519,#3520);
#3198=AXIS2_PLACEMENT_3D('',#4346,#3521,#3522);
#3199=AXIS2_PLACEMENT_3D('',#4347,#3523,#3524);
#3200=AXIS2_PLACEMENT_3D('',#4348,#3525,#3526);
#3201=AXIS2_PLACEMENT_3D('',#4352,#3528,#3529);
#3202=AXIS2_PLACEMENT_3D('',#4356,#3531,#3532);
#3203=AXIS2_PLACEMENT_3D('',#4358,#3534,#3535);
#3204=AXIS2_PLACEMENT_3D('',#4362,#3537,#3538);
#3205=AXIS2_PLACEMENT_3D('',#4366,#3540,#3541);
#3206=AXIS2_PLACEMENT_3D('',#4368,#3543,#3544);
#3207=AXIS2_PLACEMENT_3D('',#4377,#3549,#3550);
#3208=AXIS2_PLACEMENT_3D('',#4391,#3557,#3558);
#3209=AXIS2_PLACEMENT_3D('',#4393,#3559,#3560);
#3210=AXIS2_PLACEMENT_3D('',#4397,#3562,#3563);
#3211=AXIS2_PLACEMENT_3D('',#4399,#3564,#3565);
#3212=AXIS2_PLACEMENT_3D('',#4444,#3588,#3589);
#3213=AXIS2_PLACEMENT_3D('',#4445,#3590,#3591);
#3214=AXIS2_PLACEMENT_3D('',#4451,#3595,#3596);
#3215=AXIS2_PLACEMENT_3D('',#4453,#3597,#3598);
#3216=AXIS2_PLACEMENT_3D('',#4456,#3600,#3601);
#3217=AXIS2_PLACEMENT_3D('',#4457,#3602,#3603);
#3218=AXIS2_PLACEMENT_3D('',#4459,#3605,#3606);
#3219=AXIS2_PLACEMENT_3D('',#4460,#3607,#3608);
#3220=AXIS2_PLACEMENT_3D('',#4466,#3612,#3613);
#3221=AXIS2_PLACEMENT_3D('',#4470,#3616,#3617);
#3222=AXIS2_PLACEMENT_3D('',#4474,#3620,#3621);
#3223=AXIS2_PLACEMENT_3D('',#4478,#3624,#3625);
#3224=AXIS2_PLACEMENT_3D('',#4482,#3628,#3629);
#3225=AXIS2_PLACEMENT_3D('',#4486,#3632,#3633);
#3226=AXIS2_PLACEMENT_3D('',#4490,#3636,#3637);
#3227=AXIS2_PLACEMENT_3D('',#4492,#3639,#3640);
#3228=AXIS2_PLACEMENT_3D('',#4493,#3641,#3642);
#3229=AXIS2_PLACEMENT_3D('',#4512,#3646,#3647);
#3230=AXIS2_PLACEMENT_3D('',#4518,#3651,#3652);
#3231=AXIS2_PLACEMENT_3D('',#4522,#3655,#3656);
#3232=AXIS2_PLACEMENT_3D('',#4526,#3659,#3660);
#3233=AXIS2_PLACEMENT_3D('',#4530,#3663,#3664);
#3234=AXIS2_PLACEMENT_3D('',#4532,#3666,#3667);
#3235=AXIS2_PLACEMENT_3D('',#4534,#3668,#3669);
#3236=AXIS2_PLACEMENT_3D('',#4536,#3671,#3672);
#3237=AXIS2_PLACEMENT_3D('',#4538,#3673,#3674);
#3238=AXIS2_PLACEMENT_3D('',#4541,#3677,#3678);
#3239=AXIS2_PLACEMENT_3D('',#4565,#3679,#3680);
#3240=AXIS2_PLACEMENT_3D('',#4567,#3682,#3683);
#3241=AXIS2_PLACEMENT_3D('',#4580,#3686,#3687);
#3242=AXIS2_PLACEMENT_3D('',#4595,#3688,#3689);
#3243=AXIS2_PLACEMENT_3D('',#4607,#3690,#3691);
#3244=AXIS2_PLACEMENT_3D('',#4608,#3692,#3693);
#3245=AXIS2_PLACEMENT_3D('',#4610,#3695,#3696);
#3246=AXIS2_PLACEMENT_3D('',#4616,#3700,#3701);
#3247=AXIS2_PLACEMENT_3D('',#4620,#3704,#3705);
#3248=AXIS2_PLACEMENT_3D('',#4624,#3708,#3709);
#3249=AXIS2_PLACEMENT_3D('',#4628,#3712,#3713);
#3250=AXIS2_PLACEMENT_3D('',#4632,#3716,#3717);
#3251=AXIS2_PLACEMENT_3D('',#4636,#3720,#3721);
#3252=AXIS2_PLACEMENT_3D('',#4640,#3724,#3725);
#3253=AXIS2_PLACEMENT_3D('',#4642,#3727,#3728);
#3254=AXIS2_PLACEMENT_3D('',#4643,#3729,#3730);
#3255=AXIS2_PLACEMENT_3D('',#4662,#3734,#3735);
#3256=AXIS2_PLACEMENT_3D('',#4666,#3738,#3739);
#3257=AXIS2_PLACEMENT_3D('',#4670,#3742,#3743);
#3258=AXIS2_PLACEMENT_3D('',#4674,#3746,#3747);
#3259=AXIS2_PLACEMENT_3D('',#4676,#3749,#3750);
#3260=AXIS2_PLACEMENT_3D('',#4679,#3752,#3753);
#3261=AXIS2_PLACEMENT_3D('',#4680,#3754,#3755);
#3262=AXIS2_PLACEMENT_3D('',#4682,#3756,#3757);
#3263=AXIS2_PLACEMENT_3D('',#4706,#3758,#3759);
#3264=AXIS2_PLACEMENT_3D('',#4709,#3762,#3763);
#3265=AXIS2_PLACEMENT_3D('',#4711,#3765,#3766);
#3266=AXIS2_PLACEMENT_3D('',#4724,#3769,#3770);
#3267=AXIS2_PLACEMENT_3D('',#4739,#3771,#3772);
#3268=AXIS2_PLACEMENT_3D('',#4752,#3774,#3775);
#3269=AXIS2_PLACEMENT_3D('',#4753,#3776,#3777);
#3270=AXIS2_PLACEMENT_3D('',#4754,#3778,#3779);
#3271=AXIS2_PLACEMENT_3D('',#4755,#3780,#3781);
#3272=AXIS2_PLACEMENT_3D('',#4756,#3782,#3783);
#3273=AXIS2_PLACEMENT_3D('',#4757,#3784,#3785);
#3274=AXIS2_PLACEMENT_3D('',#4760,#3786,#3787);
#3275=AXIS2_PLACEMENT_3D('',#4762,#3788,#3789);
#3276=AXIS2_PLACEMENT_3D('',#4764,#3790,#3791);
#3277=AXIS2_PLACEMENT_3D('',#4766,#3792,#3793);
#3278=AXIS2_PLACEMENT_3D('',#4768,#3794,#3795);
#3279=AXIS2_PLACEMENT_3D('',#4770,#3796,#3797);
#3280=AXIS2_PLACEMENT_3D('',#4772,#3798,#3799);
#3281=AXIS2_PLACEMENT_3D('',#4774,#3800,#3801);
#3282=AXIS2_PLACEMENT_3D('',#4776,#3802,#3803);
#3283=AXIS2_PLACEMENT_3D('',#4778,#3804,#3805);
#3284=AXIS2_PLACEMENT_3D('',#4780,#3806,#3807);
#3285=AXIS2_PLACEMENT_3D('',#4782,#3808,#3809);
#3286=AXIS2_PLACEMENT_3D('',#4784,#3810,#3811);
#3287=AXIS2_PLACEMENT_3D('',#4786,#3812,#3813);
#3288=AXIS2_PLACEMENT_3D('',#4788,#3814,#3815);
#3289=AXIS2_PLACEMENT_3D('',#4790,#3816,#3817);
#3290=AXIS2_PLACEMENT_3D('',#4792,#3818,#3819);
#3291=AXIS2_PLACEMENT_3D('',#4794,#3820,#3821);
#3292=AXIS2_PLACEMENT_3D('',#4796,#3822,#3823);
#3293=AXIS2_PLACEMENT_3D('',#4798,#3824,#3825);
#3294=AXIS2_PLACEMENT_3D('',#4800,#3826,#3827);
#3295=AXIS2_PLACEMENT_3D('',#4802,#3828,#3829);
#3296=AXIS2_PLACEMENT_3D('',#4804,#3830,#3831);
#3297=AXIS2_PLACEMENT_3D('',#4806,#3832,#3833);
#3298=AXIS2_PLACEMENT_3D('',#4808,#3834,#3835);
#3299=AXIS2_PLACEMENT_3D('',#4810,#3836,#3837);
#3300=AXIS2_PLACEMENT_3D('',#4812,#3838,#3839);
#3301=AXIS2_PLACEMENT_3D('',#4814,#3840,#3841);
#3302=AXIS2_PLACEMENT_3D('',#4816,#3842,#3843);
#3303=AXIS2_PLACEMENT_3D('',#4818,#3844,#3845);
#3304=AXIS2_PLACEMENT_3D('',#4820,#3846,#3847);
#3305=AXIS2_PLACEMENT_3D('',#4822,#3848,#3849);
#3306=AXIS2_PLACEMENT_3D('',#4824,#3850,#3851);
#3307=AXIS2_PLACEMENT_3D('',#4826,#3852,#3853);
#3308=AXIS2_PLACEMENT_3D('',#4828,#3854,#3855);
#3309=AXIS2_PLACEMENT_3D('',#4830,#3856,#3857);
#3310=AXIS2_PLACEMENT_3D('',#4832,#3858,#3859);
#3311=AXIS2_PLACEMENT_3D('',#4834,#3860,#3861);
#3312=AXIS2_PLACEMENT_3D('',#4836,#3862,#3863);
#3313=AXIS2_PLACEMENT_3D('',#4838,#3864,#3865);
#3314=AXIS2_PLACEMENT_3D('',#4840,#3866,#3867);
#3315=AXIS2_PLACEMENT_3D('',#4842,#3868,#3869);
#3316=AXIS2_PLACEMENT_3D('',#4843,#3870,#3871);
#3317=AXIS2_PLACEMENT_3D('',#4846,#3873,#3874);
#3318=AXIS2_PLACEMENT_3D('',#4847,#3875,#3876);
#3319=AXIS2_PLACEMENT_3D('',#4851,#3879,#3880);
#3320=AXIS2_PLACEMENT_3D('',#4855,#3883,#3884);
#3321=AXIS2_PLACEMENT_3D('',#4859,#3887,#3888);
#3322=AXIS2_PLACEMENT_3D('',#4863,#3891,#3892);
#3323=AXIS2_PLACEMENT_3D('',#4867,#3895,#3896);
#3324=AXIS2_PLACEMENT_3D('',#4871,#3899,#3900);
#3325=AXIS2_PLACEMENT_3D('',#4875,#3903,#3904);
#3326=AXIS2_PLACEMENT_3D('',#4879,#3907,#3908);
#3327=AXIS2_PLACEMENT_3D('',#4883,#3911,#3912);
#3328=AXIS2_PLACEMENT_3D('',#4887,#3915,#3916);
#3329=AXIS2_PLACEMENT_3D('',#4891,#3919,#3920);
#3330=AXIS2_PLACEMENT_3D('',#4895,#3923,#3924);
#3331=AXIS2_PLACEMENT_3D('',#4899,#3927,#3928);
#3332=AXIS2_PLACEMENT_3D('',#4903,#3931,#3932);
#3333=AXIS2_PLACEMENT_3D('',#4907,#3935,#3936);
#3334=AXIS2_PLACEMENT_3D('',#4911,#3939,#3940);
#3335=AXIS2_PLACEMENT_3D('',#4915,#3943,#3944);
#3336=AXIS2_PLACEMENT_3D('',#4919,#3947,#3948);
#3337=AXIS2_PLACEMENT_3D('',#4923,#3951,#3952);
#3338=AXIS2_PLACEMENT_3D('',#4927,#3955,#3956);
#3339=AXIS2_PLACEMENT_3D('',#4931,#3959,#3960);
#3340=AXIS2_PLACEMENT_3D('',#4943,#3963,#3964);
#3341=AXIS2_PLACEMENT_3D('',#4956,#3966,#3967);
#3342=AXIS2_PLACEMENT_3D('',#4966,#3969,#3970);
#3343=AXIS2_PLACEMENT_3D('',#4975,#3972,#3973);
#3344=AXIS2_PLACEMENT_3D('',#4985,#3975,#3976);
#3345=AXIS2_PLACEMENT_3D('',#4994,#3978,#3979);
#3346=AXIS2_PLACEMENT_3D('',#5004,#3981,#3982);
#3347=AXIS2_PLACEMENT_3D('',#5013,#3984,#3985);
#3348=AXIS2_PLACEMENT_3D('',#5023,#3987,#3988);
#3349=AXIS2_PLACEMENT_3D('',#5032,#3990,#3991);
#3350=AXIS2_PLACEMENT_3D('',#5042,#3993,#3994);
#3351=AXIS2_PLACEMENT_3D('',#5051,#3996,#3997);
#3352=AXIS2_PLACEMENT_3D('',#5061,#3999,#4000);
#3353=AXIS2_PLACEMENT_3D('',#5070,#4002,#4003);
#3354=AXIS2_PLACEMENT_3D('',#5080,#4005,#4006);
#3355=AXIS2_PLACEMENT_3D('',#5089,#4008,#4009);
#3356=AXIS2_PLACEMENT_3D('',#5099,#4011,#4012);
#3357=AXIS2_PLACEMENT_3D('',#5108,#4014,#4015);
#3358=AXIS2_PLACEMENT_3D('',#5118,#4017,#4018);
#3359=AXIS2_PLACEMENT_3D('',#5127,#4020,#4021);
#3360=AXIS2_PLACEMENT_3D('',#5137,#4023,#4024);
#3361=AXIS2_PLACEMENT_3D('',#5138,#4025,#4026);
#3362=AXIS2_PLACEMENT_3D('',#5142,#4027,#4028);
#3363=AXIS2_PLACEMENT_3D('',#5143,#4029,#4030);
#3364=AXIS2_PLACEMENT_3D('',#5151,#4031,#4032);
#3365=AXIS2_PLACEMENT_3D('',#5152,#4033,#4034);
#3366=AXIS2_PLACEMENT_3D('',#5160,#4035,#4036);
#3367=AXIS2_PLACEMENT_3D('',#5161,#4037,#4038);
#3368=AXIS2_PLACEMENT_3D('',#5169,#4039,#4040);
#3369=AXIS2_PLACEMENT_3D('',#5170,#4041,#4042);
#3370=AXIS2_PLACEMENT_3D('',#5178,#4043,#4044);
#3371=AXIS2_PLACEMENT_3D('',#5179,#4045,#4046);
#3372=AXIS2_PLACEMENT_3D('',#5187,#4047,#4048);
#3373=AXIS2_PLACEMENT_3D('',#5188,#4049,#4050);
#3374=AXIS2_PLACEMENT_3D('',#5196,#4051,#4052);
#3375=AXIS2_PLACEMENT_3D('',#5197,#4053,#4054);
#3376=AXIS2_PLACEMENT_3D('',#5205,#4055,#4056);
#3377=AXIS2_PLACEMENT_3D('',#5206,#4057,#4058);
#3378=AXIS2_PLACEMENT_3D('',#5214,#4059,#4060);
#3379=AXIS2_PLACEMENT_3D('',#5215,#4061,#4062);
#3380=AXIS2_PLACEMENT_3D('',#5223,#4063,#4064);
#3381=AXIS2_PLACEMENT_3D('',#5231,#4065,#4066);
#3382=AXIS2_PLACEMENT_3D('',#5234,#4068,#4069);
#3383=AXIS2_PLACEMENT_3D('',#5318,#4070,#4071);
#3384=AXIS2_PLACEMENT_3D('',#5320,#4073,#4074);
#3385=AXIS2_PLACEMENT_3D('',#5322,#4076,#4077);
#3386=AXIS2_PLACEMENT_3D('',#5324,#4079,#4080);
#3387=AXIS2_PLACEMENT_3D('',#5326,#4082,#4083);
#3388=AXIS2_PLACEMENT_3D('',#5328,#4085,#4086);
#3389=AXIS2_PLACEMENT_3D('',#5330,#4088,#4089);
#3390=AXIS2_PLACEMENT_3D('',#5332,#4091,#4092);
#3391=AXIS2_PLACEMENT_3D('',#5334,#4094,#4095);
#3392=AXIS2_PLACEMENT_3D('',#5336,#4097,#4098);
#3393=AXIS2_PLACEMENT_3D('',#5338,#4100,#4101);
#3394=AXIS2_PLACEMENT_3D('',#5340,#4103,#4104);
#3395=AXIS2_PLACEMENT_3D('',#5342,#4106,#4107);
#3396=AXIS2_PLACEMENT_3D('',#5344,#4109,#4110);
#3397=AXIS2_PLACEMENT_3D('',#5346,#4112,#4113);
#3398=AXIS2_PLACEMENT_3D('',#5348,#4115,#4116);
#3399=AXIS2_PLACEMENT_3D('',#5350,#4118,#4119);
#3400=AXIS2_PLACEMENT_3D('',#5352,#4121,#4122);
#3401=AXIS2_PLACEMENT_3D('',#5355,#4125,#4126);
#3402=AXIS2_PLACEMENT_3D('',#5356,#4127,#4128);
#3403=AXIS2_PLACEMENT_3D('',#5358,#4130,#4131);
#3404=AXIS2_PLACEMENT_3D('',#5359,#4132,#4133);
#3405=AXIS2_PLACEMENT_3D('',#5360,#4134,#4135);
#3406=AXIS2_PLACEMENT_3D('',#5361,#4136,#4137);
#3407=AXIS2_PLACEMENT_3D('',#5362,#4138,#4139);
#3408=AXIS2_PLACEMENT_3D('',#5363,#4140,#4141);
#3409=AXIS2_PLACEMENT_3D('',#5365,#4142,#4143);
#3410=AXIS2_PLACEMENT_3D('',#5368,#4145,#4146);
#3411=AXIS2_PLACEMENT_3D('',#5369,#4147,#4148);
#3412=AXIS2_PLACEMENT_3D('',#5371,#4149,#4150);
#3413=AXIS2_PLACEMENT_3D('',#5374,#4152,#4153);
#3414=AXIS2_PLACEMENT_3D('',#5375,#4154,#4155);
#3415=AXIS2_PLACEMENT_3D('',#5376,#4156,#4157);
#3416=AXIS2_PLACEMENT_3D('',#5377,#4158,#4159);
#3417=AXIS2_PLACEMENT_3D('',#5379,#4160,#4161);
#3418=AXIS2_PLACEMENT_3D('',#5382,#4163,#4164);
#3419=AXIS2_PLACEMENT_3D('',#5383,#4165,#4166);
#3420=AXIS2_PLACEMENT_3D('',#5385,#4167,#4168);
#3421=AXIS2_PLACEMENT_3D('',#5388,#4170,#4171);
#3422=AXIS2_PLACEMENT_3D('',#5389,#4172,#4173);
#3423=AXIS2_PLACEMENT_3D('',#5391,#4174,#4175);
#3424=AXIS2_PLACEMENT_3D('',#5394,#4177,#4178);
#3425=AXIS2_PLACEMENT_3D('',#5395,#4179,#4180);
#3426=AXIS2_PLACEMENT_3D('',#5397,#4181,#4182);
#3427=AXIS2_PLACEMENT_3D('',#5399,#4183,#4184);
#3428=AXIS2_PLACEMENT_3D('',#5400,#4185,#4186);
#3429=AXIS2_PLACEMENT_3D('',#5402,#4187,#4188);
#3430=AXIS2_PLACEMENT_3D('',#5403,#4189,#4190);
#3431=AXIS2_PLACEMENT_3D('',#5404,#4191,#4192);
#3432=AXIS2_PLACEMENT_3D('',#5407,#4193,#4194);
#3433=AXIS2_PLACEMENT_3D('',#5411,#4196,#4197);
#3434=AXIS2_PLACEMENT_3D('',#5413,#4199,#4200);
#3435=AXIS2_PLACEMENT_3D('',#5416,#4201,#4202);
#3436=AXIS2_PLACEMENT_3D('',#5451,#4203,#4204);
#3437=AXIS2_PLACEMENT_3D('',#5462,#4206,#4207);
#3438=AXIS2_PLACEMENT_3D('',#5465,#4208,#4209);
#3439=AXIS2_PLACEMENT_3D('',#5491,#4210,#4211);
#3440=AXIS2_PLACEMENT_3D('',#5493,#4213,#4214);
#3441=AXIS2_PLACEMENT_3D('',#5499,#4218,#4219);
#3442=AXIS2_PLACEMENT_3D('',#5501,#4220,#4221);
#3443=AXIS2_PLACEMENT_3D('',#5503,#4223,#4224);
#3444=AXIS2_PLACEMENT_3D('',#5507,#4227,#4228);
#3445=AXIS2_PLACEMENT_3D('',#5508,#4229,#4230);
#3446=AXIS2_PLACEMENT_3D('',#5509,#4231,#4232);
#3447=AXIS2_PLACEMENT_3D('',#5511,#4233,#4234);
#3448=AXIS2_PLACEMENT_3D('',#5513,#4235,#4236);
#3449=AXIS2_PLACEMENT_3D('',#5514,#4237,#4238);
#3450=AXIS2_PLACEMENT_3D('',#5515,#4239,#4240);
#3451=AXIS2_PLACEMENT_3D('',#5517,#4241,#4242);
#3452=AXIS2_PLACEMENT_3D('',#5519,#4244,#4245);
#3453=AXIS2_PLACEMENT_3D('',#5522,#4246,#4247);
#3454=AXIS2_PLACEMENT_3D('',#5526,#4249,#4250);
#3455=AXIS2_PLACEMENT_3D('',#5528,#4252,#4253);
#3456=AXIS2_PLACEMENT_3D('',#5531,#4255,#4256);
#3457=AXIS2_PLACEMENT_3D('',#5532,#4257,#4258);
#3458=AXIS2_PLACEMENT_3D('',#5533,#4259,#4260);
#3459=AXIS2_PLACEMENT_3D('',#5536,#4261,#4262);
#3460=AXIS2_PLACEMENT_3D('',#5575,#4263,#4264);
#3461=AXIS2_PLACEMENT_3D('',#5588,#4266,#4267);
#3462=AXIS2_PLACEMENT_3D('',#5591,#4268,#4269);
#3463=AXIS2_PLACEMENT_3D('',#5619,#4270,#4271);
#3464=AXIS2_PLACEMENT_3D('',#5621,#4273,#4274);
#3465=AXIS2_PLACEMENT_3D('',#5627,#4278,#4279);
#3466=AXIS2_PLACEMENT_3D('',#5630,#4281,#4282);
#3467=AXIS2_PLACEMENT_3D('',#5631,#4283,#4284);
#3468=AXIS2_PLACEMENT_3D('',#5635,#4287,#4288);
#3469=AXIS2_PLACEMENT_3D('',#5636,#4289,#4290);
#3470=AXIS2_PLACEMENT_3D('',#5637,#4291,#4292);
#3471=AXIS2_PLACEMENT_3D('',#5638,#4293,#4294);
#3472=AXIS2_PLACEMENT_3D('',#5639,#4295,#4296);
#3473=AXIS2_PLACEMENT_3D('',#5640,#4297,#4298);
#3474=AXIS2_PLACEMENT_3D('',#5641,#4299,#4300);
#3475=DIRECTION('axis',(0.,0.,1.));
#3476=DIRECTION('refdir',(1.,0.,0.));
#3477=DIRECTION('axis',(0.,0.,1.));
#3478=DIRECTION('refdir',(1.,0.,0.));
#3479=DIRECTION('center_axis',(0.,0.,-1.));
#3480=DIRECTION('ref_axis',(1.,0.,0.));
#3481=DIRECTION('',(-1.,0.,0.));
#3482=DIRECTION('center_axis',(0.,0.,-1.));
#3483=DIRECTION('ref_axis',(-0.682181588196211,-0.731182795698925,0.));
#3484=DIRECTION('',(1.,7.89150313752311E-16,0.));
#3485=DIRECTION('center_axis',(0.,0.,1.));
#3486=DIRECTION('ref_axis',(0.,-1.,0.));
#3487=DIRECTION('center_axis',(0.,0.,-1.));
#3488=DIRECTION('ref_axis',(1.,0.,0.));
#3489=DIRECTION('',(-1.,-3.70074341541719E-16,0.));
#3490=DIRECTION('center_axis',(0.,0.,1.));
#3491=DIRECTION('ref_axis',(3.70074341541719E-16,-1.,0.));
#3492=DIRECTION('',(1.,-4.19075972210592E-16,0.));
#3493=DIRECTION('center_axis',(0.,0.,-1.));
#3494=DIRECTION('ref_axis',(0.68218158819621,0.731182795698925,0.));
#3495=DIRECTION('center_axis',(-1.42238524255206E-16,1.,0.));
#3496=DIRECTION('ref_axis',(1.,1.42238524255206E-16,0.));
#3497=DIRECTION('',(-1.,-1.42238524255206E-16,0.));
#3498=DIRECTION('',(0.,0.,-1.));
#3499=DIRECTION('',(1.,1.42238524255206E-16,0.));
#3500=DIRECTION('',(0.,0.,-1.));
#3501=DIRECTION('center_axis',(0.,0.,-1.));
#3502=DIRECTION('ref_axis',(-0.682181588196211,-0.731182795698925,0.));
#3503=DIRECTION('center_axis',(0.,0.,1.));
#3504=DIRECTION('ref_axis',(-0.682181588196211,-0.731182795698925,0.));
#3505=DIRECTION('center_axis',(0.,0.,1.));
#3506=DIRECTION('ref_axis',(-0.682181588196211,-0.731182795698925,0.));
#3507=DIRECTION('center_axis',(0.,0.,-1.));
#3508=DIRECTION('ref_axis',(-0.682181588196211,-0.731182795698925,0.));
#3509=DIRECTION('',(0.,0.,-1.));
#3510=DIRECTION('center_axis',(2.22247694148759E-17,-1.,0.));
#3511=DIRECTION('ref_axis',(-1.,-2.22247694148759E-17,0.));
#3512=DIRECTION('',(1.,2.22247694148759E-17,0.));
#3513=DIRECTION('',(-1.,-2.22247694148759E-17,0.));
#3514=DIRECTION('',(0.,0.,-1.));
#3515=DIRECTION('center_axis',(0.,0.,-1.));
#3516=DIRECTION('ref_axis',(0.68218158819621,0.731182795698925,0.));
#3517=DIRECTION('center_axis',(0.,0.,1.));
#3518=DIRECTION('ref_axis',(0.68218158819621,0.731182795698925,0.));
#3519=DIRECTION('center_axis',(0.,0.,1.));
#3520=DIRECTION('ref_axis',(0.68218158819621,0.731182795698925,0.));
#3521=DIRECTION('center_axis',(0.,0.,-1.));
#3522=DIRECTION('ref_axis',(0.68218158819621,0.731182795698925,0.));
#3523=DIRECTION('center_axis',(0.,0.,-1.));
#3524=DIRECTION('ref_axis',(1.,0.,0.));
#3525=DIRECTION('center_axis',(0.,0.,1.));
#3526=DIRECTION('ref_axis',(1.,0.,0.));
#3527=DIRECTION('',(1.,-4.19075972210592E-16,0.));
#3528=DIRECTION('center_axis',(0.,0.,1.));
#3529=DIRECTION('ref_axis',(0.670103092783505,-0.742268041237113,0.));
#3530=DIRECTION('',(1.,0.,0.));
#3531=DIRECTION('center_axis',(0.,0.,1.));
#3532=DIRECTION('ref_axis',(-0.670103092783505,0.742268041237114,0.));
#3533=DIRECTION('',(1.,7.89150313752311E-16,0.));
#3534=DIRECTION('center_axis',(0.,0.,1.));
#3535=DIRECTION('ref_axis',(1.,0.,0.));
#3536=DIRECTION('',(-1.,0.,0.));
#3537=DIRECTION('center_axis',(0.,0.,1.));
#3538=DIRECTION('ref_axis',(-0.670103092783505,0.742268041237114,0.));
#3539=DIRECTION('',(-1.,0.,0.));
#3540=DIRECTION('center_axis',(0.,0.,1.));
#3541=DIRECTION('ref_axis',(0.670103092783505,-0.742268041237113,0.));
#3542=DIRECTION('',(-1.,-3.70074341541719E-16,0.));
#3543=DIRECTION('center_axis',(0.,0.707106781186543,0.707106781186552));
#3544=DIRECTION('ref_axis',(1.,0.,0.));
#3545=DIRECTION('',(0.,-0.707106781186552,0.707106781186543));
#3546=DIRECTION('',(1.,0.,0.));
#3547=DIRECTION('',(-3.48277682070846E-16,0.707106781186552,-0.707106781186543));
#3548=DIRECTION('',(-1.,0.,0.));
#3549=DIRECTION('center_axis',(0.,0.,1.));
#3550=DIRECTION('ref_axis',(1.,0.,0.));
#3551=DIRECTION('',(0.,-1.,0.));
#3552=DIRECTION('',(-1.,0.,0.));
#3553=DIRECTION('',(0.,-1.,0.));
#3554=DIRECTION('',(-1.,0.,0.));
#3555=DIRECTION('',(0.,1.,0.));
#3556=DIRECTION('',(-1.,0.,0.));
#3557=DIRECTION('center_axis',(0.,0.,-1.));
#3558=DIRECTION('ref_axis',(-1.,-1.83129571072191E-16,0.));
#3559=DIRECTION('center_axis',(0.,0.,-1.));
#3560=DIRECTION('ref_axis',(-1.,-1.83129571072191E-16,0.));
#3561=DIRECTION('',(1.,0.,0.));
#3562=DIRECTION('center_axis',(0.,0.,-1.));
#3563=DIRECTION('ref_axis',(1.,3.66259142144382E-16,0.));
#3564=DIRECTION('center_axis',(0.,0.,-1.));
#3565=DIRECTION('ref_axis',(1.,3.66259142144382E-16,0.));
#3566=DIRECTION('',(-1.,-3.70074341541719E-16,0.));
#3567=DIRECTION('',(3.70074341541719E-16,-1.,0.));
#3568=DIRECTION('',(-1.,-3.70074341541719E-16,0.));
#3569=DIRECTION('',(-3.70074341541719E-16,1.,0.));
#3570=DIRECTION('',(-1.,-3.70074341541719E-16,0.));
#3571=DIRECTION('',(-3.70074341541719E-16,1.,0.));
#3572=DIRECTION('',(-5.55111512312578E-16,1.,0.));
#3573=DIRECTION('',(1.,0.,0.));
#3574=DIRECTION('',(0.,-1.,0.));
#3575=DIRECTION('',(-1.,0.,0.));
#3576=DIRECTION('',(0.,-1.,0.));
#3577=DIRECTION('',(-1.,0.,0.));
#3578=DIRECTION('',(0.,1.,0.));
#3579=DIRECTION('',(-1.,0.,0.));
#3580=DIRECTION('',(-1.8503717077086E-16,-1.,0.));
#3581=DIRECTION('',(-1.,-3.70074341541719E-16,0.));
#3582=DIRECTION('',(3.70074341541719E-16,-1.,0.));
#3583=DIRECTION('',(-1.,-3.70074341541719E-16,0.));
#3584=DIRECTION('',(-3.70074341541719E-16,1.,0.));
#3585=DIRECTION('',(-1.,-3.70074341541719E-16,0.));
#3586=DIRECTION('',(-3.70074341541719E-16,1.,0.));
#3587=DIRECTION('',(1.,3.70074341541719E-16,0.));
#3588=DIRECTION('center_axis',(0.,0.,-1.));
#3589=DIRECTION('ref_axis',(-1.,0.,0.));
#3590=DIRECTION('center_axis',(1.,0.,0.));
#3591=DIRECTION('ref_axis',(0.,-1.,0.));
#3592=DIRECTION('',(0.,0.,1.));
#3593=DIRECTION('',(0.,-1.,0.));
#3594=DIRECTION('',(0.,0.,-1.));
#3595=DIRECTION('center_axis',(0.,0.,-1.));
#3596=DIRECTION('ref_axis',(-1.,0.,0.));
#3597=DIRECTION('center_axis',(0.,0.,1.));
#3598=DIRECTION('ref_axis',(-1.,0.,0.));
#3599=DIRECTION('',(-0.707106781186549,8.65956056235495E-17,0.707106781186546));
#3600=DIRECTION('center_axis',(0.,0.,-1.));
#3601=DIRECTION('ref_axis',(-1.,0.,0.));
#3602=DIRECTION('center_axis',(0.,0.,1.));
#3603=DIRECTION('ref_axis',(-1.,0.,0.));
#3604=DIRECTION('',(0.,0.,-1.));
#3605=DIRECTION('center_axis',(0.,0.,1.));
#3606=DIRECTION('ref_axis',(-1.,0.,0.));
#3607=DIRECTION('center_axis',(-1.,1.8503717077086E-16,1.22464679914735E-16));
#3608=DIRECTION('ref_axis',(1.8503717077086E-16,1.,-4.5321035781563E-32));
#3609=DIRECTION('',(-1.22464679914735E-16,-2.26605178907815E-32,-1.));
#3610=DIRECTION('',(1.8503717077086E-16,1.,-4.5321035781563E-32));
#3611=DIRECTION('',(-1.22464679914735E-16,-2.26605178907815E-32,-1.));
#3612=DIRECTION('center_axis',(-3.70074341541719E-16,1.,2.26605178907815E-32));
#3613=DIRECTION('ref_axis',(1.,3.70074341541719E-16,-1.22464679914735E-16));
#3614=DIRECTION('',(1.,3.70074341541719E-16,-1.22464679914735E-16));
#3615=DIRECTION('',(-1.22464679914735E-16,-2.26605178907815E-32,-1.));
#3616=DIRECTION('center_axis',(-1.,-3.70074341541719E-16,1.22464679914735E-16));
#3617=DIRECTION('ref_axis',(-3.70074341541719E-16,1.,2.26605178907815E-32));
#3618=DIRECTION('',(-3.70074341541719E-16,1.,2.26605178907815E-32));
#3619=DIRECTION('',(-1.22464679914735E-16,-2.26605178907815E-32,-1.));
#3620=DIRECTION('center_axis',(-3.70074341541719E-16,1.,2.26605178907815E-32));
#3621=DIRECTION('ref_axis',(1.,3.70074341541719E-16,-1.22464679914735E-16));
#3622=DIRECTION('',(1.,3.70074341541719E-16,-1.22464679914735E-16));
#3623=DIRECTION('',(-1.22464679914735E-16,-2.26605178907815E-32,-1.));
#3624=DIRECTION('center_axis',(1.,3.70074341541719E-16,-1.22464679914735E-16));
#3625=DIRECTION('ref_axis',(3.70074341541719E-16,-1.,-2.26605178907815E-32));
#3626=DIRECTION('',(3.70074341541719E-16,-1.,-2.26605178907815E-32));
#3627=DIRECTION('',(-1.22464679914735E-16,-2.26605178907815E-32,-1.));
#3628=DIRECTION('center_axis',(-3.70074341541719E-16,1.,2.26605178907815E-32));
#3629=DIRECTION('ref_axis',(1.,3.70074341541719E-16,-1.22464679914735E-16));
#3630=DIRECTION('',(1.,3.70074341541719E-16,-1.22464679914735E-16));
#3631=DIRECTION('',(-1.22464679914735E-16,-2.26605178907815E-32,-1.));
#3632=DIRECTION('center_axis',(1.,3.70074341541719E-16,-1.22464679914735E-16));
#3633=DIRECTION('ref_axis',(3.70074341541719E-16,-1.,-2.26605178907815E-32));
#3634=DIRECTION('',(3.70074341541719E-16,-1.,-2.26605178907815E-32));
#3635=DIRECTION('',(-1.22464679914735E-16,-2.26605178907815E-32,-1.));
#3636=DIRECTION('center_axis',(3.70074341541719E-16,-1.,-2.26605178907815E-32));
#3637=DIRECTION('ref_axis',(-1.,-3.70074341541719E-16,1.22464679914735E-16));
#3638=DIRECTION('',(-1.,-3.70074341541719E-16,1.22464679914735E-16));
#3639=DIRECTION('center_axis',(1.22464679914735E-16,2.26605178907815E-32,
1.));
#3640=DIRECTION('ref_axis',(1.,3.70074341541719E-16,-1.22464679914735E-16));
#3641=DIRECTION('center_axis',(-3.70074341541719E-16,1.,2.26605178907815E-32));
#3642=DIRECTION('ref_axis',(1.,3.70074341541719E-16,-1.22464679914735E-16));
#3643=DIRECTION('',(0.,0.,1.));
#3644=DIRECTION('',(1.,3.70074341541719E-16,-1.22464679914735E-16));
#3645=DIRECTION('',(-1.22464679914735E-16,-2.26605178907815E-32,-1.));
#3646=DIRECTION('center_axis',(-3.70074341541719E-16,1.,2.26605178907815E-32));
#3647=DIRECTION('ref_axis',(1.,3.70074341541719E-16,-1.22464679914735E-16));
#3648=DIRECTION('',(-1.22464679914735E-16,-2.26605178907815E-32,-1.));
#3649=DIRECTION('',(1.,3.70074341541719E-16,-1.22464679914735E-16));
#3650=DIRECTION('',(-1.22464679914735E-16,-2.26605178907815E-32,-1.));
#3651=DIRECTION('center_axis',(1.,3.70074341541719E-16,-1.22464679914735E-16));
#3652=DIRECTION('ref_axis',(3.70074341541719E-16,-1.,-2.26605178907815E-32));
#3653=DIRECTION('',(3.70074341541719E-16,-1.,-2.26605178907815E-32));
#3654=DIRECTION('',(-1.22464679914735E-16,0.,-1.));
#3655=DIRECTION('center_axis',(-1.,-3.70074341541719E-16,1.22464679914735E-16));
#3656=DIRECTION('ref_axis',(-3.70074341541719E-16,1.,2.26605178907815E-32));
#3657=DIRECTION('',(-3.70074341541719E-16,1.,2.26605178907815E-32));
#3658=DIRECTION('',(-1.22464679914735E-16,-2.26605178907815E-32,-1.));
#3659=DIRECTION('center_axis',(-3.70074341541719E-16,1.,2.26605178907815E-32));
#3660=DIRECTION('ref_axis',(1.,3.70074341541719E-16,-1.22464679914735E-16));
#3661=DIRECTION('',(1.,3.70074341541719E-16,-1.22464679914735E-16));
#3662=DIRECTION('',(-1.22464679914735E-16,-2.26605178907815E-32,-1.));
#3663=DIRECTION('center_axis',(1.,3.70074341541719E-16,-1.22464679914735E-16));
#3664=DIRECTION('ref_axis',(3.70074341541719E-16,-1.,-2.26605178907815E-32));
#3665=DIRECTION('',(3.70074341541719E-16,-1.,-2.26605178907815E-32));
#3666=DIRECTION('center_axis',(-1.22464679914735E-16,-2.26605178907815E-32,
-1.));
#3667=DIRECTION('ref_axis',(1.,3.70074341541719E-16,-1.22464679914735E-16));
#3668=DIRECTION('center_axis',(-1.22464679914735E-16,-2.26605178907815E-32,
-1.));
#3669=DIRECTION('ref_axis',(0.670103092783505,-0.742268041237113,-8.20639607676059E-17));
#3670=DIRECTION('',(1.,0.,-1.22464679914735E-16));
#3671=DIRECTION('center_axis',(0.,0.,1.));
#3672=DIRECTION('ref_axis',(0.670103092783505,-0.742268041237113,0.));
#3673=DIRECTION('center_axis',(0.,0.,1.));
#3674=DIRECTION('ref_axis',(1.,3.66259142144382E-16,0.));
#3675=DIRECTION('',(0.,0.,-1.));
#3676=DIRECTION('',(0.,0.,1.));
#3677=DIRECTION('center_axis',(0.,0.,1.));
#3678=DIRECTION('ref_axis',(1.,0.,0.));
#3679=DIRECTION('center_axis',(3.70074341541719E-16,-1.,-2.26605178907815E-32));
#3680=DIRECTION('ref_axis',(-1.,-3.70074341541719E-16,1.22464679914735E-16));
#3681=DIRECTION('',(-1.22464679914735E-16,-2.26605178907815E-32,-1.));
#3682=DIRECTION('center_axis',(4.19075972210592E-16,1.,-7.39825226875081E-32));
#3683=DIRECTION('ref_axis',(1.,-4.19075972210592E-16,-1.22464679914735E-16));
#3684=DIRECTION('',(0.,0.,1.));
#3685=DIRECTION('',(-1.22464679914735E-16,-2.26605178907815E-32,-1.));
#3686=DIRECTION('center_axis',(1.22464679914735E-16,2.26605178907815E-32,
1.));
#3687=DIRECTION('ref_axis',(3.70074341541719E-16,-1.,-2.26605178907814E-32));
#3688=DIRECTION('center_axis',(0.,0.,1.));
#3689=DIRECTION('ref_axis',(1.,0.,0.));
#3690=DIRECTION('center_axis',(0.,0.,1.));
#3691=DIRECTION('ref_axis',(1.,3.66259142144382E-16,0.));
#3692=DIRECTION('center_axis',(0.,0.,1.));
#3693=DIRECTION('ref_axis',(0.670103092783505,-0.742268041237113,0.));
#3694=DIRECTION('',(0.,0.,1.));
#3695=DIRECTION('center_axis',(-1.,-5.55111512312578E-16,0.));
#3696=DIRECTION('ref_axis',(-5.55111512312578E-16,1.,0.));
#3697=DIRECTION('',(0.,0.,-1.));
#3698=DIRECTION('',(-5.55111512312578E-16,1.,0.));
#3699=DIRECTION('',(0.,0.,-1.));
#3700=DIRECTION('center_axis',(0.,-1.,0.));
#3701=DIRECTION('ref_axis',(-1.,0.,0.));
#3702=DIRECTION('',(0.,0.,-1.));
#3703=DIRECTION('',(-1.,0.,0.));
#3704=DIRECTION('center_axis',(-1.,0.,0.));
#3705=DIRECTION('ref_axis',(0.,1.,0.));
#3706=DIRECTION('',(0.,0.,-1.));
#3707=DIRECTION('',(0.,1.,0.));
#3708=DIRECTION('center_axis',(0.,-1.,0.));
#3709=DIRECTION('ref_axis',(-1.,0.,0.));
#3710=DIRECTION('',(0.,0.,-1.));
#3711=DIRECTION('',(-1.,0.,0.));
#3712=DIRECTION('center_axis',(1.,0.,0.));
#3713=DIRECTION('ref_axis',(0.,-1.,0.));
#3714=DIRECTION('',(0.,0.,-1.));
#3715=DIRECTION('',(0.,-1.,0.));
#3716=DIRECTION('center_axis',(0.,-1.,0.));
#3717=DIRECTION('ref_axis',(-1.,0.,0.));
#3718=DIRECTION('',(0.,0.,-1.));
#3719=DIRECTION('',(-1.,0.,0.));
#3720=DIRECTION('center_axis',(1.,0.,0.));
#3721=DIRECTION('ref_axis',(0.,-1.,0.));
#3722=DIRECTION('',(0.,0.,-1.));
#3723=DIRECTION('',(0.,-1.,0.));
#3724=DIRECTION('center_axis',(0.,1.,0.));
#3725=DIRECTION('ref_axis',(1.,0.,0.));
#3726=DIRECTION('',(1.,0.,0.));
#3727=DIRECTION('center_axis',(0.,0.,-1.));
#3728=DIRECTION('ref_axis',(-1.,0.,0.));
#3729=DIRECTION('center_axis',(0.,-1.,0.));
#3730=DIRECTION('ref_axis',(-1.,0.,0.));
#3731=DIRECTION('',(0.,0.,-1.));
#3732=DIRECTION('',(-1.,0.,0.));
#3733=DIRECTION('',(0.,0.,-1.));
#3734=DIRECTION('center_axis',(0.,-1.,0.));
#3735=DIRECTION('ref_axis',(-1.,0.,0.));
#3736=DIRECTION('',(-1.,0.,0.));
#3737=DIRECTION('',(0.,0.,-1.));
#3738=DIRECTION('center_axis',(-1.,0.,0.));
#3739=DIRECTION('ref_axis',(0.,1.,0.));
#3740=DIRECTION('',(0.,0.,-1.));
#3741=DIRECTION('',(0.,1.,0.));
#3742=DIRECTION('center_axis',(0.,-1.,0.));
#3743=DIRECTION('ref_axis',(-1.,0.,0.));
#3744=DIRECTION('',(0.,0.,-1.));
#3745=DIRECTION('',(-1.,0.,0.));
#3746=DIRECTION('center_axis',(1.,0.,0.));
#3747=DIRECTION('ref_axis',(0.,-1.,0.));
#3748=DIRECTION('',(0.,-1.,0.));
#3749=DIRECTION('center_axis',(0.,0.,1.));
#3750=DIRECTION('ref_axis',(-1.,0.,0.));
#3751=DIRECTION('',(1.,0.,0.));
#3752=DIRECTION('center_axis',(0.,0.,-1.));
#3753=DIRECTION('ref_axis',(-0.670103092783505,0.742268041237114,0.));
#3754=DIRECTION('center_axis',(0.,0.,1.));
#3755=DIRECTION('ref_axis',(1.,0.,0.));
#3756=DIRECTION('center_axis',(0.,0.,1.));
#3757=DIRECTION('ref_axis',(-1.,-1.83129571072191E-16,0.));
#3758=DIRECTION('center_axis',(0.,0.,1.));
#3759=DIRECTION('ref_axis',(-0.670103092783505,0.742268041237114,0.));
#3760=DIRECTION('',(0.,0.,1.));
#3761=DIRECTION('',(0.,0.,1.));
#3762=DIRECTION('center_axis',(0.,1.,0.));
#3763=DIRECTION('ref_axis',(1.,0.,0.));
#3764=DIRECTION('',(0.,0.,-1.));
#3765=DIRECTION('center_axis',(7.89150313752311E-16,-1.,0.));
#3766=DIRECTION('ref_axis',(-1.,-7.89150313752311E-16,0.));
#3767=DIRECTION('',(0.,0.,-1.));
#3768=DIRECTION('',(0.,0.,-1.));
#3769=DIRECTION('center_axis',(0.,0.,-1.));
#3770=DIRECTION('ref_axis',(0.,-1.,0.));
#3771=DIRECTION('center_axis',(0.,-1.,0.));
#3772=DIRECTION('ref_axis',(1.,0.,0.));
#3773=DIRECTION('',(0.,0.,1.));
#3774=DIRECTION('center_axis',(0.,0.,1.));
#3775=DIRECTION('ref_axis',(1.,0.,0.));
#3776=DIRECTION('center_axis',(0.,0.,1.));
#3777=DIRECTION('ref_axis',(-1.,-1.83129571072191E-16,0.));
#3778=DIRECTION('center_axis',(0.,1.,0.));
#3779=DIRECTION('ref_axis',(-1.,0.,0.));
#3780=DIRECTION('center_axis',(0.,0.,1.));
#3781=DIRECTION('ref_axis',(-0.670103092783505,0.742268041237114,0.));
#3782=DIRECTION('axis',(0.,0.,1.));
#3783=DIRECTION('refdir',(1.,0.,0.));
#3784=DIRECTION('center_axis',(0.,0.,1.));
#3785=DIRECTION('ref_axis',(1.,0.,0.));
#3786=DIRECTION('center_axis',(0.,0.,1.));
#3787=DIRECTION('ref_axis',(1.,0.,0.));
#3788=DIRECTION('center_axis',(0.,0.,1.));
#3789=DIRECTION('ref_axis',(1.,0.,0.));
#3790=DIRECTION('center_axis',(0.,0.,1.));
#3791=DIRECTION('ref_axis',(1.,0.,0.));
#3792=DIRECTION('center_axis',(0.,0.,1.));
#3793=DIRECTION('ref_axis',(1.,0.,0.));
#3794=DIRECTION('center_axis',(0.,0.,1.));
#3795=DIRECTION('ref_axis',(1.,0.,0.));
#3796=DIRECTION('center_axis',(0.,0.,1.));
#3797=DIRECTION('ref_axis',(1.,0.,0.));
#3798=DIRECTION('center_axis',(0.,0.,1.));
#3799=DIRECTION('ref_axis',(1.,0.,0.));
#3800=DIRECTION('center_axis',(0.,0.,1.));
#3801=DIRECTION('ref_axis',(1.,0.,0.));
#3802=DIRECTION('center_axis',(0.,0.,1.));
#3803=DIRECTION('ref_axis',(1.,0.,0.));
#3804=DIRECTION('center_axis',(0.,0.,1.));
#3805=DIRECTION('ref_axis',(1.,0.,0.));
#3806=DIRECTION('center_axis',(0.,0.,1.));
#3807=DIRECTION('ref_axis',(1.,0.,0.));
#3808=DIRECTION('center_axis',(0.,0.,1.));
#3809=DIRECTION('ref_axis',(1.,0.,0.));
#3810=DIRECTION('center_axis',(0.,0.,1.));
#3811=DIRECTION('ref_axis',(1.,0.,0.));
#3812=DIRECTION('center_axis',(0.,0.,1.));
#3813=DIRECTION('ref_axis',(1.,0.,0.));
#3814=DIRECTION('center_axis',(0.,0.,1.));
#3815=DIRECTION('ref_axis',(1.,0.,0.));
#3816=DIRECTION('center_axis',(0.,0.,1.));
#3817=DIRECTION('ref_axis',(1.,0.,0.));
#3818=DIRECTION('center_axis',(0.,0.,1.));
#3819=DIRECTION('ref_axis',(1.,0.,0.));
#3820=DIRECTION('center_axis',(0.,0.,1.));
#3821=DIRECTION('ref_axis',(1.,0.,0.));
#3822=DIRECTION('center_axis',(0.,0.,1.));
#3823=DIRECTION('ref_axis',(1.,0.,0.));
#3824=DIRECTION('center_axis',(0.,0.,1.));
#3825=DIRECTION('ref_axis',(1.,0.,0.));
#3826=DIRECTION('center_axis',(0.,0.,1.));
#3827=DIRECTION('ref_axis',(1.,0.,0.));
#3828=DIRECTION('center_axis',(0.,0.,1.));
#3829=DIRECTION('ref_axis',(1.,0.,0.));
#3830=DIRECTION('center_axis',(0.,0.,1.));
#3831=DIRECTION('ref_axis',(1.,0.,0.));
#3832=DIRECTION('center_axis',(0.,0.,1.));
#3833=DIRECTION('ref_axis',(1.,0.,0.));
#3834=DIRECTION('center_axis',(0.,0.,1.));
#3835=DIRECTION('ref_axis',(1.,0.,0.));
#3836=DIRECTION('center_axis',(0.,0.,1.));
#3837=DIRECTION('ref_axis',(1.,0.,0.));
#3838=DIRECTION('center_axis',(0.,0.,1.));
#3839=DIRECTION('ref_axis',(1.,0.,0.));
#3840=DIRECTION('center_axis',(0.,0.,1.));
#3841=DIRECTION('ref_axis',(1.,0.,0.));
#3842=DIRECTION('center_axis',(0.,0.,1.));
#3843=DIRECTION('ref_axis',(1.,0.,0.));
#3844=DIRECTION('center_axis',(0.,0.,1.));
#3845=DIRECTION('ref_axis',(1.,0.,0.));
#3846=DIRECTION('center_axis',(0.,0.,1.));
#3847=DIRECTION('ref_axis',(1.,0.,0.));
#3848=DIRECTION('center_axis',(0.,0.,1.));
#3849=DIRECTION('ref_axis',(1.,0.,0.));
#3850=DIRECTION('center_axis',(0.,0.,1.));
#3851=DIRECTION('ref_axis',(1.,0.,0.));
#3852=DIRECTION('center_axis',(0.,0.,1.));
#3853=DIRECTION('ref_axis',(1.,0.,0.));
#3854=DIRECTION('center_axis',(0.,0.,1.));
#3855=DIRECTION('ref_axis',(1.,0.,0.));
#3856=DIRECTION('center_axis',(0.,0.,1.));
#3857=DIRECTION('ref_axis',(1.,0.,0.));
#3858=DIRECTION('center_axis',(0.,0.,1.));
#3859=DIRECTION('ref_axis',(1.,0.,0.));
#3860=DIRECTION('center_axis',(0.,0.,1.));
#3861=DIRECTION('ref_axis',(1.,0.,0.));
#3862=DIRECTION('center_axis',(0.,0.,1.));
#3863=DIRECTION('ref_axis',(1.,0.,0.));
#3864=DIRECTION('center_axis',(0.,0.,1.));
#3865=DIRECTION('ref_axis',(1.,0.,0.));
#3866=DIRECTION('center_axis',(0.,0.,1.));
#3867=DIRECTION('ref_axis',(1.,0.,0.));
#3868=DIRECTION('center_axis',(0.,0.,1.));
#3869=DIRECTION('ref_axis',(1.,0.,0.));
#3870=DIRECTION('center_axis',(0.,0.,1.));
#3871=DIRECTION('ref_axis',(1.,0.,0.));
#3872=DIRECTION('',(0.,0.,-1.));
#3873=DIRECTION('center_axis',(0.,0.,-1.));
#3874=DIRECTION('ref_axis',(1.,0.,0.));
#3875=DIRECTION('center_axis',(0.,0.,1.));
#3876=DIRECTION('ref_axis',(-1.,0.,0.));
#3877=DIRECTION('',(-0.555009391974184,-0.831844080835133,0.));
#3878=DIRECTION('',(0.424830468715616,-0.905272927271588,0.));
#3879=DIRECTION('center_axis',(0.,0.,1.));
#3880=DIRECTION('ref_axis',(-1.,0.,0.));
#3881=DIRECTION('',(0.139122563406616,-0.990275170016482,0.));
#3882=DIRECTION('',(-0.775542229055669,-0.631295692169181,0.));
#3883=DIRECTION('center_axis',(0.,0.,1.));
#3884=DIRECTION('ref_axis',(-1.,0.,0.));
#3885=DIRECTION('',(-0.285161534797193,-0.958479472431261,0.));
#3886=DIRECTION('',(0.672790322541429,-0.739833212213807,0.));
#3887=DIRECTION('center_axis',(0.,0.,1.));
#3888=DIRECTION('ref_axis',(-1.,0.,0.));
#3889=DIRECTION('',(-0.158946992190376,-0.987287118154406,0.));
#3890=DIRECTION('',(-0.927164735674543,-0.374653910858482,0.));
#3891=DIRECTION('center_axis',(0.,0.,1.));
#3892=DIRECTION('ref_axis',(-1.,0.,0.));
#3893=DIRECTION('',(0.010024176157312,-0.999949756683988,0.));
#3894=DIRECTION('',(0.860969803717736,-0.508656069546253,0.));
#3895=DIRECTION('center_axis',(0.,0.,1.));
#3896=DIRECTION('ref_axis',(-1.,0.,0.));
#3897=DIRECTION('',(-0.442893410003866,-0.896574273206156,0.));
#3898=DIRECTION('',(-0.996404586733308,-0.0847224854264011,0.));
#3899=DIRECTION('center_axis',(0.,0.,1.));
#3900=DIRECTION('ref_axis',(-1.,0.,0.));
#3901=DIRECTION('',(0.304319195069867,-0.952570116848113,0.));
#3902=DIRECTION('',(0.972648339529971,-0.23228260289912,0.));
#3903=DIRECTION('center_axis',(0.,0.,1.));
#3904=DIRECTION('ref_axis',(-1.,0.,0.));
#3905=DIRECTION('',(-0.687486804732796,-0.726196869532147,0.));
#3906=DIRECTION('',(-0.977109517611311,0.212736904634319,0.));
#3907=DIRECTION('center_axis',(0.,0.,1.));
#3908=DIRECTION('ref_axis',(-1.,0.,0.));
#3909=DIRECTION('',(0.571574118017674,-0.820550441845179,0.));
#3910=DIRECTION('',(0.997902801978034,0.0647301923710131,0.));
#3911=DIRECTION('center_axis',(0.,0.,1.));
#3912=DIRECTION('ref_axis',(-1.,0.,0.));
#3913=DIRECTION('',(-0.870993979875067,-0.491293687137735,0.));
#3914=DIRECTION('',(-0.870993979875058,0.491293687137752,0.));
#3915=DIRECTION('center_axis',(0.,0.,1.));
#3916=DIRECTION('ref_axis',(-1.,0.,0.));
#3917=DIRECTION('',(0.788042172267908,-0.615621259157997,0.));
#3918=DIRECTION('',(0.934489221246032,0.355991425985211,0.));
#3919=DIRECTION('center_axis',(0.,0.,1.));
#3920=DIRECTION('ref_axis',(-1.,0.,0.));
#3921=DIRECTION('',(-0.977109517611315,-0.212736904634301,0.));
#3922=DIRECTION('',(-0.687486804732782,0.72619686953216,0.));
#3923=DIRECTION('center_axis',(0.,0.,1.));
#3924=DIRECTION('ref_axis',(-1.,0.,0.));
#3925=DIRECTION('',(0.934489221246025,-0.355991425985229,0.));
#3926=DIRECTION('',(0.788042172267919,0.615621259157982,0.));
#3927=DIRECTION('center_axis',(0.,0.,1.));
#3928=DIRECTION('ref_axis',(-1.,0.,0.));
#3929=DIRECTION('',(-0.996404586733306,0.0847224854264202,0.));
#3930=DIRECTION('',(-0.442893410003849,0.896574273206165,0.));
#3931=DIRECTION('center_axis',(0.,0.,1.));
#3932=DIRECTION('ref_axis',(-1.,0.,0.));
#3933=DIRECTION('',(0.997902801978033,-0.0647301923710321,0.));
#3934=DIRECTION('',(0.57157411801769,0.820550441845168,0.));
#3935=DIRECTION('center_axis',(0.,0.,1.));
#3936=DIRECTION('ref_axis',(-1.,0.,0.));
#3937=DIRECTION('',(-0.927164735674536,0.3746539108585,0.));
#3938=DIRECTION('',(-0.158946992190357,0.987287118154409,0.));
#3939=DIRECTION('center_axis',(0.,0.,1.));
#3940=DIRECTION('ref_axis',(-1.,0.,0.));
#3941=DIRECTION('',(0.972648339529975,0.232282602899102,0.));
#3942=DIRECTION('',(0.304319195069885,0.952570116848108,0.));
#3943=DIRECTION('center_axis',(0.,0.,1.));
#3944=DIRECTION('ref_axis',(-1.,0.,0.));
#3945=DIRECTION('',(-0.775542229055657,0.631295692169195,0.));
#3946=DIRECTION('',(0.139122563406635,0.990275170016479,0.));
#3947=DIRECTION('center_axis',(0.,0.,1.));
#3948=DIRECTION('ref_axis',(-1.,0.,0.));
#3949=DIRECTION('',(0.860969803717746,0.508656069546236,0.));
#3950=DIRECTION('',(0.0100241761573307,0.999949756683988,0.));
#3951=DIRECTION('center_axis',(0.,0.,1.));
#3952=DIRECTION('ref_axis',(-1.,0.,0.));
#3953=DIRECTION('',(-0.555009391974168,0.831844080835143,0.));
#3954=DIRECTION('',(0.424830468715633,0.90527292727158,0.));
#3955=DIRECTION('center_axis',(0.,0.,1.));
#3956=DIRECTION('ref_axis',(-1.,0.,0.));
#3957=DIRECTION('',(-0.285161534797174,0.958479472431267,0.));
#3958=DIRECTION('',(0.672790322541444,0.739833212213794,0.));
#3959=DIRECTION('center_axis',(-0.739833212213794,0.672790322541444,0.));
#3960=DIRECTION('ref_axis',(0.672790322541444,0.739833212213794,0.));
#3961=DIRECTION('',(0.,0.,-1.));
#3962=DIRECTION('',(0.,0.,1.));
#3963=DIRECTION('center_axis',(-0.831844080835143,-0.555009391974168,0.));
#3964=DIRECTION('ref_axis',(-0.555009391974168,0.831844080835143,0.));
#3965=DIRECTION('',(0.,0.,1.));
#3966=DIRECTION('center_axis',(-0.90527292727158,0.424830468715633,0.));
#3967=DIRECTION('ref_axis',(0.424830468715633,0.90527292727158,0.));
#3968=DIRECTION('',(0.,0.,-1.));
#3969=DIRECTION('center_axis',(-0.631295692169195,-0.775542229055657,0.));
#3970=DIRECTION('ref_axis',(-0.775542229055657,0.631295692169195,0.));
#3971=DIRECTION('',(0.,0.,1.));
#3972=DIRECTION('center_axis',(-0.990275170016479,0.139122563406635,0.));
#3973=DIRECTION('ref_axis',(0.139122563406635,0.990275170016479,0.));
#3974=DIRECTION('',(0.,0.,-1.));
#3975=DIRECTION('center_axis',(-0.3746539108585,-0.927164735674535,0.));
#3976=DIRECTION('ref_axis',(-0.927164735674535,0.3746539108585,0.));
#3977=DIRECTION('',(0.,0.,1.));
#3978=DIRECTION('center_axis',(-0.987287118154409,-0.158946992190357,0.));
#3979=DIRECTION('ref_axis',(-0.158946992190357,0.987287118154409,0.));
#3980=DIRECTION('',(0.,0.,-1.));
#3981=DIRECTION('center_axis',(-0.0847224854264202,-0.996404586733306,0.));
#3982=DIRECTION('ref_axis',(-0.996404586733306,0.0847224854264202,0.));
#3983=DIRECTION('',(0.,0.,1.));
#3984=DIRECTION('center_axis',(-0.896574273206165,-0.442893410003849,0.));
#3985=DIRECTION('ref_axis',(-0.442893410003849,0.896574273206165,0.));
#3986=DIRECTION('',(0.,0.,-1.));
#3987=DIRECTION('center_axis',(0.212736904634301,-0.977109517611315,0.));
#3988=DIRECTION('ref_axis',(-0.977109517611315,-0.212736904634301,0.));
#3989=DIRECTION('',(0.,0.,1.));
#3990=DIRECTION('center_axis',(-0.72619686953216,-0.687486804732782,0.));
#3991=DIRECTION('ref_axis',(-0.687486804732782,0.72619686953216,0.));
#3992=DIRECTION('',(0.,0.,-1.));
#3993=DIRECTION('center_axis',(0.491293687137735,-0.870993979875067,0.));
#3994=DIRECTION('ref_axis',(-0.870993979875067,-0.491293687137735,0.));
#3995=DIRECTION('',(0.,0.,1.));
#3996=DIRECTION('center_axis',(-0.491293687137752,-0.870993979875058,0.));
#3997=DIRECTION('ref_axis',(-0.870993979875058,0.491293687137752,0.));
#3998=DIRECTION('',(0.,0.,-1.));
#3999=DIRECTION('center_axis',(0.726196869532147,-0.687486804732796,0.));
#4000=DIRECTION('ref_axis',(-0.687486804732796,-0.726196869532147,0.));
#4001=DIRECTION('',(0.,0.,1.));
#4002=DIRECTION('center_axis',(-0.212736904634319,-0.977109517611311,0.));
#4003=DIRECTION('ref_axis',(-0.977109517611311,0.212736904634319,0.));
#4004=DIRECTION('',(0.,0.,-1.));
#4005=DIRECTION('center_axis',(0.896574273206156,-0.442893410003866,0.));
#4006=DIRECTION('ref_axis',(-0.442893410003866,-0.896574273206156,0.));
#4007=DIRECTION('',(0.,0.,1.));
#4008=DIRECTION('center_axis',(0.0847224854264011,-0.996404586733307,0.));
#4009=DIRECTION('ref_axis',(-0.996404586733307,-0.0847224854264011,0.));
#4010=DIRECTION('',(0.,0.,-1.));
#4011=DIRECTION('center_axis',(0.987287118154406,-0.158946992190376,0.));
#4012=DIRECTION('ref_axis',(-0.158946992190376,-0.987287118154406,0.));
#4013=DIRECTION('',(0.,0.,1.));
#4014=DIRECTION('center_axis',(0.374653910858482,-0.927164735674543,0.));
#4015=DIRECTION('ref_axis',(-0.927164735674543,-0.374653910858482,0.));
#4016=DIRECTION('',(0.,0.,-1.));
#4017=DIRECTION('center_axis',(0.990275170016482,0.139122563406616,0.));
#4018=DIRECTION('ref_axis',(0.139122563406616,-0.990275170016482,0.));
#4019=DIRECTION('',(0.,0.,1.));
#4020=DIRECTION('center_axis',(0.631295692169181,-0.775542229055669,0.));
#4021=DIRECTION('ref_axis',(-0.775542229055669,-0.631295692169181,0.));
#4022=DIRECTION('',(0.,0.,-1.));
#4023=DIRECTION('center_axis',(0.,0.,1.));
#4024=DIRECTION('ref_axis',(-1.,0.,0.));
#4025=DIRECTION('center_axis',(0.,0.,1.));
#4026=DIRECTION('ref_axis',(-1.,0.,0.));
#4027=DIRECTION('center_axis',(0.,0.,1.));
#4028=DIRECTION('ref_axis',(-1.,0.,0.));
#4029=DIRECTION('center_axis',(0.,0.,1.));
#4030=DIRECTION('ref_axis',(-1.,0.,0.));
#4031=DIRECTION('center_axis',(0.,0.,1.));
#4032=DIRECTION('ref_axis',(-1.,0.,0.));
#4033=DIRECTION('center_axis',(0.,0.,1.));
#4034=DIRECTION('ref_axis',(-1.,0.,0.));
#4035=DIRECTION('center_axis',(0.,0.,1.));
#4036=DIRECTION('ref_axis',(-1.,0.,0.));
#4037=DIRECTION('center_axis',(0.,0.,1.));
#4038=DIRECTION('ref_axis',(-1.,0.,0.));
#4039=DIRECTION('center_axis',(0.,0.,1.));
#4040=DIRECTION('ref_axis',(-1.,0.,0.));
#4041=DIRECTION('center_axis',(0.,0.,1.));
#4042=DIRECTION('ref_axis',(-1.,0.,0.));
#4043=DIRECTION('center_axis',(0.,0.,1.));
#4044=DIRECTION('ref_axis',(-1.,0.,0.));
#4045=DIRECTION('center_axis',(0.,0.,1.));
#4046=DIRECTION('ref_axis',(-1.,0.,0.));
#4047=DIRECTION('center_axis',(0.,0.,1.));
#4048=DIRECTION('ref_axis',(-1.,0.,0.));
#4049=DIRECTION('center_axis',(0.,0.,1.));
#4050=DIRECTION('ref_axis',(-1.,0.,0.));
#4051=DIRECTION('center_axis',(0.,0.,1.));
#4052=DIRECTION('ref_axis',(-1.,0.,0.));
#4053=DIRECTION('center_axis',(0.,0.,1.));
#4054=DIRECTION('ref_axis',(-1.,0.,0.));
#4055=DIRECTION('center_axis',(0.,0.,1.));
#4056=DIRECTION('ref_axis',(-1.,0.,0.));
#4057=DIRECTION('center_axis',(0.,0.,1.));
#4058=DIRECTION('ref_axis',(-1.,0.,0.));
#4059=DIRECTION('center_axis',(0.,0.,1.));
#4060=DIRECTION('ref_axis',(-1.,0.,0.));
#4061=DIRECTION('center_axis',(0.,0.,1.));
#4062=DIRECTION('ref_axis',(-1.,0.,0.));
#4063=DIRECTION('center_axis',(0.,0.,1.));
#4064=DIRECTION('ref_axis',(-1.,0.,0.));
#4065=DIRECTION('center_axis',(0.,0.,-1.));
#4066=DIRECTION('ref_axis',(-1.,0.,0.));
#4067=DIRECTION('',(-0.707106781186555,8.65956056235503E-17,0.70710678118654));
#4068=DIRECTION('center_axis',(0.,0.,-1.));
#4069=DIRECTION('ref_axis',(-1.,0.,0.));
#4070=DIRECTION('center_axis',(-0.958479472431267,-0.285161534797175,0.));
#4071=DIRECTION('ref_axis',(-0.285161534797175,0.958479472431267,0.));
#4072=DIRECTION('',(0.,0.,-1.));
#4073=DIRECTION('center_axis',(-0.508656069546236,0.860969803717746,0.));
#4074=DIRECTION('ref_axis',(0.860969803717746,0.508656069546236,0.));
#4075=DIRECTION('',(0.,0.,1.));
#4076=DIRECTION('center_axis',(-0.999949756683988,0.0100241761573307,0.));
#4077=DIRECTION('ref_axis',(0.0100241761573307,0.999949756683988,0.));
#4078=DIRECTION('',(0.,0.,-1.));
#4079=DIRECTION('center_axis',(-0.232282602899102,0.972648339529975,0.));
#4080=DIRECTION('ref_axis',(0.972648339529975,0.232282602899102,0.));
#4081=DIRECTION('',(0.,0.,1.));
#4082=DIRECTION('center_axis',(-0.952570116848108,0.304319195069885,0.));
#4083=DIRECTION('ref_axis',(0.304319195069885,0.952570116848108,0.));
#4084=DIRECTION('',(0.,0.,-1.));
#4085=DIRECTION('center_axis',(0.0647301923710321,0.997902801978033,0.));
#4086=DIRECTION('ref_axis',(0.997902801978033,-0.0647301923710321,0.));
#4087=DIRECTION('',(0.,0.,1.));
#4088=DIRECTION('center_axis',(-0.820550441845168,0.57157411801769,0.));
#4089=DIRECTION('ref_axis',(0.57157411801769,0.820550441845168,0.));
#4090=DIRECTION('',(0.,0.,-1.));
#4091=DIRECTION('center_axis',(0.355991425985229,0.934489221246026,0.));
#4092=DIRECTION('ref_axis',(0.934489221246026,-0.355991425985229,0.));
#4093=DIRECTION('',(0.,0.,-1.));
#4094=DIRECTION('center_axis',(-0.615621259157982,0.788042172267919,0.));
#4095=DIRECTION('ref_axis',(0.788042172267919,0.615621259157982,0.));
#4096=DIRECTION('',(0.,0.,-1.));
#4097=DIRECTION('center_axis',(0.615621259157997,0.788042172267908,0.));
#4098=DIRECTION('ref_axis',(0.788042172267908,-0.615621259157997,0.));
#4099=DIRECTION('',(0.,0.,-1.));
#4100=DIRECTION('center_axis',(-0.355991425985211,0.934489221246032,0.));
#4101=DIRECTION('ref_axis',(0.934489221246032,0.355991425985211,0.));
#4102=DIRECTION('',(0.,0.,-1.));
#4103=DIRECTION('center_axis',(0.820550441845179,0.571574118017674,0.));
#4104=DIRECTION('ref_axis',(0.571574118017674,-0.820550441845179,0.));
#4105=DIRECTION('',(0.,0.,1.));
#4106=DIRECTION('center_axis',(-0.0647301923710131,0.997902801978034,0.));
#4107=DIRECTION('ref_axis',(0.997902801978034,0.0647301923710131,0.));
#4108=DIRECTION('',(0.,0.,-1.));
#4109=DIRECTION('center_axis',(0.952570116848113,0.304319195069867,0.));
#4110=DIRECTION('ref_axis',(0.304319195069867,-0.952570116848113,0.));
#4111=DIRECTION('',(0.,0.,1.));
#4112=DIRECTION('center_axis',(0.23228260289912,0.972648339529971,0.));
#4113=DIRECTION('ref_axis',(0.972648339529971,-0.23228260289912,0.));
#4114=DIRECTION('',(0.,0.,-1.));
#4115=DIRECTION('center_axis',(0.999949756683988,0.010024176157312,0.));
#4116=DIRECTION('ref_axis',(0.010024176157312,-0.999949756683988,0.));
#4117=DIRECTION('',(0.,0.,1.));
#4118=DIRECTION('center_axis',(0.508656069546253,0.860969803717736,0.));
#4119=DIRECTION('ref_axis',(0.860969803717736,-0.508656069546253,0.));
#4120=DIRECTION('',(0.,0.,-1.));
#4121=DIRECTION('center_axis',(0.739833212213807,0.672790322541429,0.));
#4122=DIRECTION('ref_axis',(0.672790322541429,-0.739833212213807,0.));
#4123=DIRECTION('',(0.,0.,1.));
#4124=DIRECTION('',(0.,0.,-1.));
#4125=DIRECTION('center_axis',(0.,0.,-1.));
#4126=DIRECTION('ref_axis',(0.955572805786141,0.294755174410904,0.));
#4127=DIRECTION('center_axis',(0.905272927271588,0.424830468715616,0.));
#4128=DIRECTION('ref_axis',(0.424830468715616,-0.905272927271588,0.));
#4129=DIRECTION('',(0.,0.,1.));
#4130=DIRECTION('center_axis',(0.831844080835133,-0.555009391974184,0.));
#4131=DIRECTION('ref_axis',(-0.555009391974184,-0.831844080835133,0.));
#4132=DIRECTION('center_axis',(0.958479472431262,-0.285161534797193,0.));
#4133=DIRECTION('ref_axis',(-0.285161534797193,-0.958479472431262,0.));
#4134=DIRECTION('center_axis',(0.,0.,-1.));
#4135=DIRECTION('ref_axis',(1.,0.,0.));
#4136=DIRECTION('axis',(0.,0.,1.));
#4137=DIRECTION('refdir',(1.,0.,0.));
#4138=DIRECTION('axis',(0.,0.,1.));
#4139=DIRECTION('refdir',(1.,0.,0.));
#4140=DIRECTION('center_axis',(0.,0.,1.));
#4141=DIRECTION('ref_axis',(1.,0.,0.));
#4142=DIRECTION('center_axis',(0.,0.,1.));
#4143=DIRECTION('ref_axis',(1.,0.,0.));
#4144=DIRECTION('',(0.,0.,1.));
#4145=DIRECTION('center_axis',(0.,0.,-1.));
#4146=DIRECTION('ref_axis',(1.,0.,0.));
#4147=DIRECTION('center_axis',(0.,0.,1.));
#4148=DIRECTION('ref_axis',(-1.,0.,0.));
#4149=DIRECTION('center_axis',(0.,0.,1.));
#4150=DIRECTION('ref_axis',(-1.,0.,0.));
#4151=DIRECTION('',(0.,0.,-1.));
#4152=DIRECTION('center_axis',(0.,0.,1.));
#4153=DIRECTION('ref_axis',(-1.,0.,0.));
#4154=DIRECTION('center_axis',(0.,0.,-1.));
#4155=DIRECTION('ref_axis',(1.,0.,0.));
#4156=DIRECTION('center_axis',(0.,0.,-1.));
#4157=DIRECTION('ref_axis',(1.,0.,0.));
#4158=DIRECTION('center_axis',(0.,0.,1.));
#4159=DIRECTION('ref_axis',(1.,0.,0.));
#4160=DIRECTION('center_axis',(0.,0.,1.));
#4161=DIRECTION('ref_axis',(1.,0.,0.));
#4162=DIRECTION('',(0.,0.,1.));
#4163=DIRECTION('center_axis',(0.,0.,-1.));
#4164=DIRECTION('ref_axis',(1.,0.,0.));
#4165=DIRECTION('center_axis',(0.,0.,1.));
#4166=DIRECTION('ref_axis',(1.,0.,0.));
#4167=DIRECTION('center_axis',(0.,0.,1.));
#4168=DIRECTION('ref_axis',(1.,0.,0.));
#4169=DIRECTION('',(0.,0.,1.));
#4170=DIRECTION('center_axis',(0.,0.,-1.));
#4171=DIRECTION('ref_axis',(1.,0.,0.));
#4172=DIRECTION('center_axis',(0.,0.,1.));
#4173=DIRECTION('ref_axis',(1.,0.,0.));
#4174=DIRECTION('center_axis',(0.,0.,1.));
#4175=DIRECTION('ref_axis',(1.,0.,0.));
#4176=DIRECTION('',(0.,0.,1.));
#4177=DIRECTION('center_axis',(0.,0.,-1.));
#4178=DIRECTION('ref_axis',(1.,0.,0.));
#4179=DIRECTION('center_axis',(0.,0.,1.));
#4180=DIRECTION('ref_axis',(1.,0.,0.));
#4181=DIRECTION('center_axis',(0.,0.,1.));
#4182=DIRECTION('ref_axis',(1.,0.,0.));
#4183=DIRECTION('center_axis',(0.,0.,-1.));
#4184=DIRECTION('ref_axis',(1.,0.,0.));
#4185=DIRECTION('center_axis',(0.,0.,1.));
#4186=DIRECTION('ref_axis',(1.,0.,0.));
#4187=DIRECTION('center_axis',(0.,-1.,0.));
#4188=DIRECTION('ref_axis',(-1.,0.,0.));
#4189=DIRECTION('center_axis',(0.,0.,-1.));
#4190=DIRECTION('ref_axis',(1.,0.,0.));
#4191=DIRECTION('center_axis',(0.,0.,1.));
#4192=DIRECTION('ref_axis',(1.,0.,0.));
#4193=DIRECTION('center_axis',(0.,0.,1.));
#4194=DIRECTION('ref_axis',(-1.,-1.83129571072191E-16,0.));
#4195=DIRECTION('',(1.,0.,0.));
#4196=DIRECTION('center_axis',(0.,0.,1.));
#4197=DIRECTION('ref_axis',(1.,3.66259142144382E-16,0.));
#4198=DIRECTION('',(-1.,0.,0.));
#4199=DIRECTION('center_axis',(0.,0.,1.));
#4200=DIRECTION('ref_axis',(-1.,-4.58414668232323E-16,0.));
#4201=DIRECTION('center_axis',(0.,0.,-1.));
#4202=DIRECTION('ref_axis',(-1.,-1.83129571072191E-16,0.));
#4203=DIRECTION('center_axis',(1.,0.,0.));
#4204=DIRECTION('ref_axis',(0.,-0.707106781186548,-0.707106781186547));
#4205=DIRECTION('',(-1.,0.,0.));
#4206=DIRECTION('center_axis',(0.,0.,1.));
#4207=DIRECTION('ref_axis',(1.,0.,0.));
#4208=DIRECTION('center_axis',(0.,0.,-1.));
#4209=DIRECTION('ref_axis',(1.,3.66259142144382E-16,0.));
#4210=DIRECTION('center_axis',(1.,0.,0.));
#4211=DIRECTION('ref_axis',(0.,0.707106781186548,-0.707106781186547));
#4212=DIRECTION('',(1.,0.,0.));
#4213=DIRECTION('center_axis',(0.,-1.,0.));
#4214=DIRECTION('ref_axis',(1.,0.,0.));
#4215=DIRECTION('',(0.,0.,-1.));
#4216=DIRECTION('',(-1.,0.,0.));
#4217=DIRECTION('',(0.,0.,1.));
#4218=DIRECTION('center_axis',(0.,0.,1.));
#4219=DIRECTION('ref_axis',(0.670103092783505,-0.742268041237113,0.));
#4220=DIRECTION('center_axis',(0.,0.,-1.));
#4221=DIRECTION('ref_axis',(0.670103092783505,-0.742268041237113,0.));
#4222=DIRECTION('',(0.,0.,1.));
#4223=DIRECTION('center_axis',(0.,1.,0.));
#4224=DIRECTION('ref_axis',(-1.,0.,0.));
#4225=DIRECTION('',(1.,0.,0.));
#4226=DIRECTION('',(0.,0.,1.));
#4227=DIRECTION('center_axis',(0.,0.,1.));
#4228=DIRECTION('ref_axis',(-0.670103092783505,0.742268041237114,0.));
#4229=DIRECTION('center_axis',(0.,0.,-1.));
#4230=DIRECTION('ref_axis',(-0.670103092783505,0.742268041237114,0.));
#4231=DIRECTION('center_axis',(0.,0.,1.));
#4232=DIRECTION('ref_axis',(1.,0.,0.));
#4233=DIRECTION('center_axis',(0.,0.,-1.));
#4234=DIRECTION('ref_axis',(1.,0.,0.));
#4235=DIRECTION('center_axis',(0.,1.,0.));
#4236=DIRECTION('ref_axis',(-1.,0.,0.));
#4237=DIRECTION('center_axis',(0.,0.,1.));
#4238=DIRECTION('ref_axis',(1.,0.,0.));
#4239=DIRECTION('center_axis',(0.,0.,-1.));
#4240=DIRECTION('ref_axis',(1.,0.,0.));
#4241=DIRECTION('center_axis',(0.,0.,-1.));
#4242=DIRECTION('ref_axis',(1.,0.,0.));
#4243=DIRECTION('',(0.,0.,1.));
#4244=DIRECTION('center_axis',(0.,0.,1.));
#4245=DIRECTION('ref_axis',(1.,0.,0.));
#4246=DIRECTION('center_axis',(0.,0.,1.));
#4247=DIRECTION('ref_axis',(-1.,-1.83129571072191E-16,0.));
#4248=DIRECTION('',(-1.,0.,0.));
#4249=DIRECTION('center_axis',(0.,0.,1.));
#4250=DIRECTION('ref_axis',(1.,3.66259142144382E-16,0.));
#4251=DIRECTION('',(1.,0.,0.));
#4252=DIRECTION('center_axis',(0.,0.,-1.));
#4253=DIRECTION('ref_axis',(1.,0.,0.));
#4254=DIRECTION('',(0.,0.,-1.));
#4255=DIRECTION('center_axis',(0.,0.,1.));
#4256=DIRECTION('ref_axis',(1.,0.,0.));
#4257=DIRECTION('center_axis',(0.,0.,-1.));
#4258=DIRECTION('ref_axis',(1.,0.,0.));
#4259=DIRECTION('center_axis',(0.,0.,1.));
#4260=DIRECTION('ref_axis',(-1.,-1.02552559800427E-15,0.));
#4261=DIRECTION('center_axis',(0.,0.,-1.));
#4262=DIRECTION('ref_axis',(-1.,-1.83129571072191E-16,0.));
#4263=DIRECTION('center_axis',(1.,0.,0.));
#4264=DIRECTION('ref_axis',(0.,-0.707106781186548,-0.707106781186547));
#4265=DIRECTION('',(-1.,0.,0.));
#4266=DIRECTION('center_axis',(0.,0.,1.));
#4267=DIRECTION('ref_axis',(1.,0.,0.));
#4268=DIRECTION('center_axis',(0.,0.,-1.));
#4269=DIRECTION('ref_axis',(1.,3.66259142144382E-16,0.));
#4270=DIRECTION('center_axis',(1.,0.,0.));
#4271=DIRECTION('ref_axis',(0.,0.707106781186548,-0.707106781186547));
#4272=DIRECTION('',(1.,0.,0.));
#4273=DIRECTION('center_axis',(0.,-1.,0.));
#4274=DIRECTION('ref_axis',(1.,0.,0.));
#4275=DIRECTION('',(0.,0.,1.));
#4276=DIRECTION('',(1.,0.,0.));
#4277=DIRECTION('',(0.,0.,1.));
#4278=DIRECTION('center_axis',(0.,0.,1.));
#4279=DIRECTION('ref_axis',(0.670103092783505,-0.742268041237113,0.));
#4280=DIRECTION('',(0.,0.,1.));
#4281=DIRECTION('center_axis',(0.,0.,1.));
#4282=DIRECTION('ref_axis',(0.670103092783505,-0.742268041237113,0.));
#4283=DIRECTION('center_axis',(0.,1.,0.));
#4284=DIRECTION('ref_axis',(-1.,0.,0.));
#4285=DIRECTION('',(0.,0.,1.));
#4286=DIRECTION('',(-1.,0.,0.));
#4287=DIRECTION('center_axis',(0.,0.,1.));
#4288=DIRECTION('ref_axis',(-0.670103092783505,0.742268041237114,0.));
#4289=DIRECTION('center_axis',(0.,0.,1.));
#4290=DIRECTION('ref_axis',(-0.670103092783505,0.742268041237114,0.));
#4291=DIRECTION('center_axis',(0.,0.,1.));
#4292=DIRECTION('ref_axis',(1.,0.,0.));
#4293=DIRECTION('',(0.,0.,1.));
#4294=DIRECTION('',(1.,0.,0.));
#4295=DIRECTION('',(0.,0.,1.));
#4296=DIRECTION('',(1.,0.,0.));
#4297=DIRECTION('',(0.,0.,1.));
#4298=DIRECTION('',(1.,0.,0.));
#4299=DIRECTION('',(0.,0.,1.));
#4300=DIRECTION('',(1.,0.,0.));
#4301=CARTESIAN_POINT('',(0.,0.,0.));
#4302=CARTESIAN_POINT('',(0.,0.,0.));
#4303=CARTESIAN_POINT('Origin',(8.,8.99999999999999,25.));
#4304=CARTESIAN_POINT('',(-2.5,10.5,25.));
#4305=CARTESIAN_POINT('',(-3.40281961170454,10.5,25.));
#4306=CARTESIAN_POINT('',(2.04657062458343,10.5,25.));
#4307=CARTESIAN_POINT('',(-3.40281961170454,7.5,25.));
#4308=CARTESIAN_POINT('Origin',(8.12499999999999,8.99999999999999,25.));
#4309=CARTESIAN_POINT('',(-2.5,7.5,25.));
#4310=CARTESIAN_POINT('',(2.75,7.5,25.));
#4311=CARTESIAN_POINT('Origin',(-2.5,8.99999999999999,25.));
#4312=CARTESIAN_POINT('Origin',(8.,8.99999999999999,25.));
#4313=CARTESIAN_POINT('',(19.4028196117046,10.5,25.));
#4314=CARTESIAN_POINT('',(18.5,10.5,25.));
#4315=CARTESIAN_POINT('',(13.9534293754166,10.5,25.));
#4316=CARTESIAN_POINT('',(18.5,7.5,25.));
#4317=CARTESIAN_POINT('Origin',(18.5,8.99999999999999,25.));
#4318=CARTESIAN_POINT('',(19.4028196117046,7.5,25.));
#4319=CARTESIAN_POINT('',(13.25,7.5,25.));
#4320=CARTESIAN_POINT('Origin',(7.875,8.99999999999999,25.));
#4321=CARTESIAN_POINT('Origin',(0.194639037219046,17.5,25.));
#4322=CARTESIAN_POINT('',(15.8053609627809,17.5,25.));
#4323=CARTESIAN_POINT('',(0.194639037219046,17.5,25.));
#4324=CARTESIAN_POINT('',(4.09731951860952,17.5,25.));
#4325=CARTESIAN_POINT('',(15.8053609627809,17.5,23.));
#4326=CARTESIAN_POINT('',(15.8053609627809,17.5,25.));
#4327=CARTESIAN_POINT('',(0.194639037219046,17.5,23.));
#4328=CARTESIAN_POINT('',(0.194639037219046,17.5,23.));
#4329=CARTESIAN_POINT('',(0.194639037219046,17.5,25.));
#4330=CARTESIAN_POINT('Origin',(8.12499999999999,8.99999999999999,25.));
#4331=CARTESIAN_POINT('',(0.194639037219051,0.500000000000001,25.));
#4332=CARTESIAN_POINT('Origin',(8.12499999999999,8.99999999999999,25.));
#4333=CARTESIAN_POINT('Origin',(8.12499999999999,8.99999999999999,25.));
#4334=CARTESIAN_POINT('',(0.194639037219051,0.500000000000001,23.));
#4335=CARTESIAN_POINT('Origin',(8.12499999999999,8.99999999999999,23.));
#4336=CARTESIAN_POINT('',(0.194639037219051,0.500000000000001,25.));
#4337=CARTESIAN_POINT('Origin',(15.8053609627809,0.500000000000001,25.));
#4338=CARTESIAN_POINT('',(15.8053609627809,0.500000000000001,25.));
#4339=CARTESIAN_POINT('',(11.9026804813905,0.500000000000001,25.));
#4340=CARTESIAN_POINT('',(15.8053609627809,0.500000000000001,23.));
#4341=CARTESIAN_POINT('',(15.8053609627809,0.500000000000001,23.));
#4342=CARTESIAN_POINT('',(15.8053609627809,0.500000000000001,25.));
#4343=CARTESIAN_POINT('Origin',(7.875,8.99999999999999,25.));
#4344=CARTESIAN_POINT('Origin',(7.875,8.99999999999999,25.));
#4345=CARTESIAN_POINT('Origin',(7.875,8.99999999999999,25.));
#4346=CARTESIAN_POINT('Origin',(7.875,8.99999999999999,23.));
#4347=CARTESIAN_POINT('Origin',(8.,8.99999999999999,23.));
#4348=CARTESIAN_POINT('Origin',(8.,8.99999999999999,25.));
#4349=CARTESIAN_POINT('',(19.9068587508331,7.5,25.));
#4350=CARTESIAN_POINT('',(13.25,7.5,25.));
#4351=CARTESIAN_POINT('',(16.,0.,25.));
#4352=CARTESIAN_POINT('Origin',(7.875,8.99999999999999,25.));
#4353=CARTESIAN_POINT('',(0.,0.,25.));
#4354=CARTESIAN_POINT('',(0.,0.,25.));
#4355=CARTESIAN_POINT('',(-3.90685875083314,7.5,25.));
#4356=CARTESIAN_POINT('Origin',(8.12499999999999,8.99999999999999,25.));
#4357=CARTESIAN_POINT('',(2.75,7.5,25.));
#4358=CARTESIAN_POINT('Origin',(8.,8.99999999999999,25.));
#4359=CARTESIAN_POINT('',(-3.90685875083314,10.5,25.));
#4360=CARTESIAN_POINT('',(2.04657062458343,10.5,25.));
#4361=CARTESIAN_POINT('',(-1.11022302462516E-15,18.,25.));
#4362=CARTESIAN_POINT('Origin',(8.12499999999999,8.99999999999999,25.));
#4363=CARTESIAN_POINT('',(16.,18.,25.));
#4364=CARTESIAN_POINT('',(0.,18.,25.));
#4365=CARTESIAN_POINT('',(19.9068587508331,10.5,25.));
#4366=CARTESIAN_POINT('Origin',(7.875,8.99999999999999,25.));
#4367=CARTESIAN_POINT('',(13.9534293754166,10.5,25.));
#4368=CARTESIAN_POINT('Origin',(12.,17.75,30.7499999999999));
#4369=CARTESIAN_POINT('',(6.66280787136769,18.,30.4999999999999));
#4370=CARTESIAN_POINT('',(6.66280787136769,17.5,31.));
#4371=CARTESIAN_POINT('',(6.66280787136769,17.75,30.7499999999999));
#4372=CARTESIAN_POINT('',(9.33719212863232,17.5,31.));
#4373=CARTESIAN_POINT('',(12.,17.5,31.));
#4374=CARTESIAN_POINT('',(9.33719212863229,18.,30.4999999999999));
#4375=CARTESIAN_POINT('',(9.33719212863232,17.75,30.7499999999999));
#4376=CARTESIAN_POINT('',(12.,18.,30.4999999999999));
#4377=CARTESIAN_POINT('Origin',(8.,8.99999999999999,31.));
#4378=CARTESIAN_POINT('',(6.66280787136769,16.,31.));
#4379=CARTESIAN_POINT('',(6.66280787136769,13.5,31.));
#4380=CARTESIAN_POINT('',(3.75000000000001,16.,31.));
#4381=CARTESIAN_POINT('',(7.33140393568383,16.,31.));
#4382=CARTESIAN_POINT('',(3.75000000000001,15.25,31.));
#4383=CARTESIAN_POINT('',(3.75000000000001,12.5,31.));
#4384=CARTESIAN_POINT('',(2.99999999999999,15.25,31.));
#4385=CARTESIAN_POINT('',(5.875,15.25,31.));
#4386=CARTESIAN_POINT('',(2.99999999999999,16.,31.));
#4387=CARTESIAN_POINT('',(2.99999999999999,12.125,31.));
#4388=CARTESIAN_POINT('',(2.27131526301596,16.,31.));
#4389=CARTESIAN_POINT('',(5.5,16.,31.));
#4390=CARTESIAN_POINT('',(-1.,8.99999999999999,31.));
#4391=CARTESIAN_POINT('Origin',(8.12499999999999,8.99999999999999,31.));
#4392=CARTESIAN_POINT('',(6.61980067765098,0.,31.));
#4393=CARTESIAN_POINT('Origin',(8.12499999999999,8.99999999999999,31.));
#4394=CARTESIAN_POINT('',(9.38019932234905,0.,31.));
#4395=CARTESIAN_POINT('',(0.,0.,31.));
#4396=CARTESIAN_POINT('',(17.,8.99999999999999,31.));
#4397=CARTESIAN_POINT('Origin',(7.875,8.99999999999999,31.));
#4398=CARTESIAN_POINT('',(13.728684736984,16.,31.));
#4399=CARTESIAN_POINT('Origin',(7.875,8.99999999999999,31.));
#4400=CARTESIAN_POINT('',(13.,16.,31.));
#4401=CARTESIAN_POINT('',(10.5,16.,31.));
#4402=CARTESIAN_POINT('',(13.,15.25,31.));
#4403=CARTESIAN_POINT('',(13.,12.125,31.));
#4404=CARTESIAN_POINT('',(12.25,15.25,31.));
#4405=CARTESIAN_POINT('',(10.125,15.25,31.));
#4406=CARTESIAN_POINT('',(12.25,16.,31.));
#4407=CARTESIAN_POINT('',(12.25,12.5,31.));
#4408=CARTESIAN_POINT('',(9.33719212863232,16.,31.));
#4409=CARTESIAN_POINT('',(8.66859606431615,16.,31.));
#4410=CARTESIAN_POINT('',(9.33719212863232,13.5,31.));
#4411=CARTESIAN_POINT('',(3.00000000000001,12.,31.));
#4412=CARTESIAN_POINT('',(2.99999999999999,14.,31.));
#4413=CARTESIAN_POINT('',(3.00000000000001,10.5,31.));
#4414=CARTESIAN_POINT('',(4.50000000000001,14.,31.));
#4415=CARTESIAN_POINT('',(5.5,14.,31.));
#4416=CARTESIAN_POINT('',(4.50000000000001,12.,31.));
#4417=CARTESIAN_POINT('',(4.50000000000001,11.5,31.));
#4418=CARTESIAN_POINT('',(4.,12.,31.));
#4419=CARTESIAN_POINT('',(6.24999999999999,12.,31.));
#4420=CARTESIAN_POINT('',(4.,11.75,31.));
#4421=CARTESIAN_POINT('',(4.,10.5,31.));
#4422=CARTESIAN_POINT('',(3.25000000000001,11.75,31.));
#4423=CARTESIAN_POINT('',(6.,11.75,31.));
#4424=CARTESIAN_POINT('',(3.25000000000001,12.,31.));
#4425=CARTESIAN_POINT('',(3.25000000000001,10.375,31.));
#4426=CARTESIAN_POINT('',(5.625,12.,31.));
#4427=CARTESIAN_POINT('',(13.,14.,31.));
#4428=CARTESIAN_POINT('',(13.,12.,31.));
#4429=CARTESIAN_POINT('',(13.,10.5,31.));
#4430=CARTESIAN_POINT('',(12.75,12.,31.));
#4431=CARTESIAN_POINT('',(10.375,12.,31.));
#4432=CARTESIAN_POINT('',(12.75,11.75,31.));
#4433=CARTESIAN_POINT('',(12.75,10.375,31.));
#4434=CARTESIAN_POINT('',(12.,11.75,31.));
#4435=CARTESIAN_POINT('',(10.,11.75,31.));
#4436=CARTESIAN_POINT('',(12.,12.,31.));
#4437=CARTESIAN_POINT('',(12.,10.5,31.));
#4438=CARTESIAN_POINT('',(11.5,12.,31.));
#4439=CARTESIAN_POINT('',(9.74999999999999,12.,31.));
#4440=CARTESIAN_POINT('',(11.5,14.,31.));
#4441=CARTESIAN_POINT('',(11.5,11.5,31.));
#4442=CARTESIAN_POINT('',(10.5,14.,31.));
#4443=CARTESIAN_POINT('',(12.25,8.99999999999999,31.));
#4444=CARTESIAN_POINT('Origin',(8.,8.99999999999999,31.));
#4445=CARTESIAN_POINT('Origin',(6.66280787136769,18.,31.));
#4446=CARTESIAN_POINT('',(6.66280787136769,18.,25.9999999999999));
#4447=CARTESIAN_POINT('',(6.66280787136769,18.,28.));
#4448=CARTESIAN_POINT('',(6.66280787136769,16.,25.9999999999999));
#4449=CARTESIAN_POINT('',(6.66280787136769,16.,25.9999999999999));
#4450=CARTESIAN_POINT('',(6.66280787136769,16.,31.));
#4451=CARTESIAN_POINT('Origin',(8.,8.99999999999999,32.7500000000001));
#4452=CARTESIAN_POINT('',(12.25,8.99999999999999,32.5));
#4453=CARTESIAN_POINT('Origin',(8.,8.99999999999999,32.5));
#4454=CARTESIAN_POINT('',(11.75,8.99999999999999,33.0000000000001));
#4455=CARTESIAN_POINT('',(12.,8.99999999999999,32.7500000000001));
#4456=CARTESIAN_POINT('Origin',(8.,8.99999999999999,33.0000000000001));
#4457=CARTESIAN_POINT('Origin',(8.,8.99999999999999,31.));
#4458=CARTESIAN_POINT('',(12.25,8.99999999999999,31.));
#4459=CARTESIAN_POINT('Origin',(8.,8.99999999999999,33.0000000000001));
#4460=CARTESIAN_POINT('Origin',(13.,12.,31.));
#4461=CARTESIAN_POINT('',(13.,14.,25.9999999999999));
#4462=CARTESIAN_POINT('',(13.,14.,31.));
#4463=CARTESIAN_POINT('',(13.,12.,25.9999999999999));
#4464=CARTESIAN_POINT('',(13.,14.,25.9999999999999));
#4465=CARTESIAN_POINT('',(13.,12.,31.));
#4466=CARTESIAN_POINT('Origin',(12.75,12.,31.));
#4467=CARTESIAN_POINT('',(12.75,12.,25.9999999999999));
#4468=CARTESIAN_POINT('',(13.,12.,25.9999999999999));
#4469=CARTESIAN_POINT('',(12.75,12.,31.));
#4470=CARTESIAN_POINT('Origin',(12.75,11.75,31.));
#4471=CARTESIAN_POINT('',(12.75,11.75,25.9999999999999));
#4472=CARTESIAN_POINT('',(12.75,12.,25.9999999999999));
#4473=CARTESIAN_POINT('',(12.75,11.75,31.));
#4474=CARTESIAN_POINT('Origin',(12.,11.75,31.));
#4475=CARTESIAN_POINT('',(12.,11.75,25.9999999999999));
#4476=CARTESIAN_POINT('',(12.75,11.75,25.9999999999999));
#4477=CARTESIAN_POINT('',(12.,11.75,31.));
#4478=CARTESIAN_POINT('Origin',(12.,12.,31.));
#4479=CARTESIAN_POINT('',(12.,12.,25.9999999999999));
#4480=CARTESIAN_POINT('',(12.,11.75,25.9999999999999));
#4481=CARTESIAN_POINT('',(12.,12.,31.));
#4482=CARTESIAN_POINT('Origin',(11.5,12.,31.));
#4483=CARTESIAN_POINT('',(11.5,12.,25.9999999999999));
#4484=CARTESIAN_POINT('',(12.,12.,25.9999999999999));
#4485=CARTESIAN_POINT('',(11.5,12.,31.));
#4486=CARTESIAN_POINT('Origin',(11.5,14.,31.));
#4487=CARTESIAN_POINT('',(11.5,14.,25.9999999999999));
#4488=CARTESIAN_POINT('',(11.5,12.,25.9999999999999));
#4489=CARTESIAN_POINT('',(11.5,14.,31.));
#4490=CARTESIAN_POINT('Origin',(13.,14.,31.));
#4491=CARTESIAN_POINT('',(11.5,14.,25.9999999999999));
#4492=CARTESIAN_POINT('Origin',(12.25,12.875,25.9999999999999));
#4493=CARTESIAN_POINT('Origin',(13.,16.,31.));
#4494=CARTESIAN_POINT('',(17.7752840868331,16.,28.));
#4495=CARTESIAN_POINT('Ctrl Pts',(17.775284086833,16.,28.));
#4496=CARTESIAN_POINT('Ctrl Pts',(17.775284086833,16.,28.3391593899818));
#4497=CARTESIAN_POINT('Ctrl Pts',(17.6858499262541,16.,28.7362027416853));
#4498=CARTESIAN_POINT('Ctrl Pts',(17.3876050347857,16.,29.3866672217185));
#4499=CARTESIAN_POINT('Ctrl Pts',(17.111934426389,16.,29.7444972994049));
#4500=CARTESIAN_POINT('Ctrl Pts',(16.4948496677044,16.,30.2909737112004));
#4501=CARTESIAN_POINT('Ctrl Pts',(16.0250787812905,16.,30.5520148324295));
#4502=CARTESIAN_POINT('Ctrl Pts',(15.3213830101591,16.,30.8033169773197));
#4503=CARTESIAN_POINT('Ctrl Pts',(15.0031422421565,16.,30.8824878537192));
#4504=CARTESIAN_POINT('Ctrl Pts',(14.3564275265764,16.,30.9805077014345));
#4505=CARTESIAN_POINT('Ctrl Pts',(14.0280512490996,16.,31.));
#4506=CARTESIAN_POINT('Ctrl Pts',(13.728684736984,16.,31.));
#4507=CARTESIAN_POINT('',(17.7752840868331,16.,25.9999999999999));
#4508=CARTESIAN_POINT('',(17.7752840868331,16.,25.));
#4509=CARTESIAN_POINT('',(13.,16.,25.9999999999999));
#4510=CARTESIAN_POINT('',(17.7752840868331,16.,25.9999999999999));
#4511=CARTESIAN_POINT('',(13.,16.,31.));
#4512=CARTESIAN_POINT('Origin',(9.33719212863232,16.,31.));
#4513=CARTESIAN_POINT('',(12.25,16.,25.9999999999999));
#4514=CARTESIAN_POINT('',(12.25,16.,31.));
#4515=CARTESIAN_POINT('',(9.33719212863232,16.,25.9999999999999));
#4516=CARTESIAN_POINT('',(17.7752840868331,16.,25.9999999999999));
#4517=CARTESIAN_POINT('',(9.33719212863232,16.,31.));
#4518=CARTESIAN_POINT('Origin',(9.33719212863232,18.,31.));
#4519=CARTESIAN_POINT('',(9.33719212863232,18.,25.9999999999999));
#4520=CARTESIAN_POINT('',(9.33719212863232,16.,25.9999999999999));
#4521=CARTESIAN_POINT('',(9.33719212863229,18.,28.));
#4522=CARTESIAN_POINT('Origin',(13.,15.25,31.));
#4523=CARTESIAN_POINT('',(13.,15.25,25.9999999999999));
#4524=CARTESIAN_POINT('',(13.,16.,25.9999999999999));
#4525=CARTESIAN_POINT('',(13.,15.25,31.));
#4526=CARTESIAN_POINT('Origin',(12.25,15.25,31.));
#4527=CARTESIAN_POINT('',(12.25,15.25,25.9999999999999));
#4528=CARTESIAN_POINT('',(13.,15.25,25.9999999999999));
#4529=CARTESIAN_POINT('',(12.25,15.25,31.));
#4530=CARTESIAN_POINT('Origin',(12.25,16.,31.));
#4531=CARTESIAN_POINT('',(12.25,15.25,25.9999999999999));
#4532=CARTESIAN_POINT('Origin',(13.5562381077327,16.625,25.9999999999999));
#4533=CARTESIAN_POINT('',(16.,18.,25.9999999999999));
#4534=CARTESIAN_POINT('Origin',(7.875,8.99999999999999,25.9999999999999));
#4535=CARTESIAN_POINT('',(14.7781190538663,18.,25.9999999999999));
#4536=CARTESIAN_POINT('Origin',(7.875,8.99999999999999,25.));
#4537=CARTESIAN_POINT('',(19.9068587508331,10.5,28.));
#4538=CARTESIAN_POINT('Origin',(7.875,8.99999999999999,28.));
#4539=CARTESIAN_POINT('',(19.9068587508331,10.5,25.));
#4540=CARTESIAN_POINT('',(16.,18.,25.));
#4541=CARTESIAN_POINT('Origin',(7.875,8.99999999999999,28.));
#4542=CARTESIAN_POINT('',(18.5,10.5,30.5343281909718));
#4543=CARTESIAN_POINT('Ctrl Pts',(17.,8.99999999999999,31.));
#4544=CARTESIAN_POINT('Ctrl Pts',(17.,9.0592777839789,31.));
#4545=CARTESIAN_POINT('Ctrl Pts',(17.0035138556735,9.11850274337979,31.0000082773326));
#4546=CARTESIAN_POINT('Ctrl Pts',(17.0200239801721,9.25715299333405,30.9999299193864));
#4547=CARTESIAN_POINT('Ctrl Pts',(17.0359210082287,9.33604596259001,30.9998184059683));
#4548=CARTESIAN_POINT('Ctrl Pts',(17.1016601361596,9.56541451393069,30.998112113004));
#4549=CARTESIAN_POINT('Ctrl Pts',(17.1690438893606,9.70955063542368,30.9953135667184));
#4550=CARTESIAN_POINT('Ctrl Pts',(17.3488482007358,9.97543269105688,30.975273763237));
#4551=CARTESIAN_POINT('Ctrl Pts',(17.4609260404578,10.0936708556033,30.9575098193059));
#4552=CARTESIAN_POINT('Ctrl Pts',(17.720316540826,10.2921520432774,30.8938712141596));
#4553=CARTESIAN_POINT('Ctrl Pts',(17.8640952825988,10.3676645614858,30.8480671205303));
#4554=CARTESIAN_POINT('Ctrl Pts',(18.1773664581753,10.475124798401,30.7182909024579));
#4555=CARTESIAN_POINT('Ctrl Pts',(18.3418759877371,10.5,30.6335077212338));
#4556=CARTESIAN_POINT('Ctrl Pts',(18.5000000000001,10.5,30.5343281909719));
#4557=CARTESIAN_POINT('Ctrl Pts',(18.5,10.5,30.5343281909719));
#4558=CARTESIAN_POINT('Ctrl Pts',(18.6942225591241,10.5,30.4125067047566));
#4559=CARTESIAN_POINT('Ctrl Pts',(18.8759059905153,10.5,30.2655487103131));
#4560=CARTESIAN_POINT('Ctrl Pts',(19.2878529932627,10.5,29.8556284474814));
#4561=CARTESIAN_POINT('Ctrl Pts',(19.5359087753011,10.5,29.4865153394512));
#4562=CARTESIAN_POINT('Ctrl Pts',(19.8200149924704,10.5,28.8035090848949));
#4563=CARTESIAN_POINT('Ctrl Pts',(19.9068587508331,10.5,28.3691388049113));
#4564=CARTESIAN_POINT('Ctrl Pts',(19.9068587508331,10.5,28.));
#4565=CARTESIAN_POINT('Origin',(19.9068587508331,10.5,31.));
#4566=CARTESIAN_POINT('',(18.5,10.5,31.));
#4567=CARTESIAN_POINT('Origin',(18.5,7.5,31.));
#4568=CARTESIAN_POINT('',(19.9068587508331,7.5,28.));
#4569=CARTESIAN_POINT('',(18.5,7.5,30.5343281909718));
#4570=CARTESIAN_POINT('Ctrl Pts',(19.9068587508331,7.5,28.));
#4571=CARTESIAN_POINT('Ctrl Pts',(19.9068587508331,7.5,28.3691388049113));
#4572=CARTESIAN_POINT('Ctrl Pts',(19.8200149924704,7.5,28.8035090848949));
#4573=CARTESIAN_POINT('Ctrl Pts',(19.5359087753011,7.5,29.4865153394512));
#4574=CARTESIAN_POINT('Ctrl Pts',(19.2878529932627,7.5,29.8556284474814));
#4575=CARTESIAN_POINT('Ctrl Pts',(18.8759059905153,7.5,30.2655487103131));
#4576=CARTESIAN_POINT('Ctrl Pts',(18.6942225591241,7.5,30.4125067047566));
#4577=CARTESIAN_POINT('Ctrl Pts',(18.5,7.5,30.5343281909719));
#4578=CARTESIAN_POINT('',(19.9068587508331,7.5,25.));
#4579=CARTESIAN_POINT('',(18.5,7.5,31.));
#4580=CARTESIAN_POINT('Origin',(18.5,8.99999999999999,31.));
#4581=CARTESIAN_POINT('Ctrl Pts',(18.5000000000001,7.49999999999999,30.5343281909718));
#4582=CARTESIAN_POINT('Ctrl Pts',(18.3418759877371,7.49999999999999,30.6335077212338));
#4583=CARTESIAN_POINT('Ctrl Pts',(18.1773664581753,7.52487520159902,30.7182909024579));
#4584=CARTESIAN_POINT('Ctrl Pts',(17.8640952825988,7.63233543851419,30.8480671205303));
#4585=CARTESIAN_POINT('Ctrl Pts',(17.720316540826,7.7078479567226,30.8938712141596));
#4586=CARTESIAN_POINT('Ctrl Pts',(17.4609260404578,7.90632914439673,30.9575098193059));
#4587=CARTESIAN_POINT('Ctrl Pts',(17.3488482007358,8.02456730894313,30.975273763237));
#4588=CARTESIAN_POINT('Ctrl Pts',(17.1690438893606,8.2904493645763,30.9953135667184));
#4589=CARTESIAN_POINT('Ctrl Pts',(17.1016601361596,8.43458548606928,30.998112113004));
#4590=CARTESIAN_POINT('Ctrl Pts',(17.0359210082287,8.66395403740997,30.9998184059683));
#4591=CARTESIAN_POINT('Ctrl Pts',(17.0200239801721,8.74284700666593,30.9999299193864));
#4592=CARTESIAN_POINT('Ctrl Pts',(17.0035138556735,8.88149725662019,31.0000082773326));
#4593=CARTESIAN_POINT('Ctrl Pts',(17.,8.94072221602109,31.));
#4594=CARTESIAN_POINT('Ctrl Pts',(17.,8.99999999999999,31.));
#4595=CARTESIAN_POINT('Origin',(7.875,8.99999999999999,28.));
#4596=CARTESIAN_POINT('',(16.,0.,28.));
#4597=CARTESIAN_POINT('Ctrl Pts',(9.38019932234908,0.,31.));
#4598=CARTESIAN_POINT('Ctrl Pts',(10.7473806405087,-4.77534825495563E-18,
31.));
#4599=CARTESIAN_POINT('Ctrl Pts',(12.3879183800988,0.,30.9838143685957));
#4600=CARTESIAN_POINT('Ctrl Pts',(14.1622252302403,0.,30.3843702864973));
#4601=CARTESIAN_POINT('Ctrl Pts',(14.7044845229254,0.,30.1120888839833));
#4602=CARTESIAN_POINT('Ctrl Pts',(15.3631937660778,0.,29.5559253004318));
#4603=CARTESIAN_POINT('Ctrl Pts',(15.6359314987852,0.,29.226418036241));
#4604=CARTESIAN_POINT('Ctrl Pts',(15.9173604979329,0.,28.6390020427799));
#4605=CARTESIAN_POINT('Ctrl Pts',(16.,0.,28.2949028934614));
#4606=CARTESIAN_POINT('Ctrl Pts',(16.,0.,28.));
#4607=CARTESIAN_POINT('Origin',(7.875,8.99999999999999,28.));
#4608=CARTESIAN_POINT('Origin',(7.875,8.99999999999999,25.));
#4609=CARTESIAN_POINT('',(16.,0.,25.));
#4610=CARTESIAN_POINT('Origin',(3.00000000000001,12.,31.));
#4611=CARTESIAN_POINT('',(3.00000000000001,12.,25.9999999999999));
#4612=CARTESIAN_POINT('',(3.00000000000001,12.,31.));
#4613=CARTESIAN_POINT('',(2.99999999999999,14.,25.9999999999999));
#4614=CARTESIAN_POINT('',(2.99999999999999,14.,25.9999999999999));
#4615=CARTESIAN_POINT('',(2.99999999999999,14.,31.));
#4616=CARTESIAN_POINT('Origin',(3.25000000000001,12.,31.));
#4617=CARTESIAN_POINT('',(3.25000000000001,12.,25.9999999999999));
#4618=CARTESIAN_POINT('',(3.25000000000001,12.,31.));
#4619=CARTESIAN_POINT('',(3.00000000000001,12.,25.9999999999999));
#4620=CARTESIAN_POINT('Origin',(3.25000000000001,11.75,31.));
#4621=CARTESIAN_POINT('',(3.25000000000001,11.75,25.9999999999999));
#4622=CARTESIAN_POINT('',(3.25000000000001,11.75,31.));
#4623=CARTESIAN_POINT('',(3.25000000000001,12.,25.9999999999999));
#4624=CARTESIAN_POINT('Origin',(4.,11.75,31.));
#4625=CARTESIAN_POINT('',(4.,11.75,25.9999999999999));
#4626=CARTESIAN_POINT('',(4.,11.75,31.));
#4627=CARTESIAN_POINT('',(3.25000000000001,11.75,25.9999999999999));
#4628=CARTESIAN_POINT('Origin',(4.,12.,31.));
#4629=CARTESIAN_POINT('',(4.,12.,25.9999999999999));
#4630=CARTESIAN_POINT('',(4.,12.,31.));
#4631=CARTESIAN_POINT('',(4.,11.75,25.9999999999999));
#4632=CARTESIAN_POINT('Origin',(4.50000000000001,12.,31.));
#4633=CARTESIAN_POINT('',(4.50000000000001,12.,25.9999999999999));
#4634=CARTESIAN_POINT('',(4.50000000000001,12.,31.));
#4635=CARTESIAN_POINT('',(4.,12.,25.9999999999999));
#4636=CARTESIAN_POINT('Origin',(4.50000000000001,14.,31.));
#4637=CARTESIAN_POINT('',(4.50000000000001,14.,25.9999999999999));
#4638=CARTESIAN_POINT('',(4.50000000000001,14.,31.));
#4639=CARTESIAN_POINT('',(4.50000000000001,12.,25.9999999999999));
#4640=CARTESIAN_POINT('Origin',(2.99999999999999,14.,31.));
#4641=CARTESIAN_POINT('',(4.50000000000001,14.,25.9999999999999));
#4642=CARTESIAN_POINT('Origin',(3.75000000000001,12.875,25.9999999999999));
#4643=CARTESIAN_POINT('Origin',(2.99999999999999,16.,31.));
#4644=CARTESIAN_POINT('',(-1.77528408683306,16.,28.));
#4645=CARTESIAN_POINT('Ctrl Pts',(2.27131526301596,16.,31.));
#4646=CARTESIAN_POINT('Ctrl Pts',(1.97194875090041,16.,31.));
#4647=CARTESIAN_POINT('Ctrl Pts',(1.6435724734236,16.,30.9805077014345));
#4648=CARTESIAN_POINT('Ctrl Pts',(0.996857757843479,16.,30.8824878537192));
#4649=CARTESIAN_POINT('Ctrl Pts',(0.678616989840884,16.,30.8033169773197));
#4650=CARTESIAN_POINT('Ctrl Pts',(-0.0250787812905302,16.,30.5520148324295));
#4651=CARTESIAN_POINT('Ctrl Pts',(-0.494849667704424,16.,30.2909737112004));
#4652=CARTESIAN_POINT('Ctrl Pts',(-1.11193442638906,16.,29.7444972994049));
#4653=CARTESIAN_POINT('Ctrl Pts',(-1.38760503478568,16.,29.3866672217185));
#4654=CARTESIAN_POINT('Ctrl Pts',(-1.68584992625408,16.,28.7362027416853));
#4655=CARTESIAN_POINT('Ctrl Pts',(-1.77528408683305,16.,28.3391593899818));
#4656=CARTESIAN_POINT('Ctrl Pts',(-1.77528408683305,16.,28.));
#4657=CARTESIAN_POINT('',(2.99999999999999,16.,25.9999999999999));
#4658=CARTESIAN_POINT('',(2.99999999999999,16.,31.));
#4659=CARTESIAN_POINT('',(-1.77528408683306,16.,25.9999999999999));
#4660=CARTESIAN_POINT('',(-1.77528408683306,16.,25.9999999999999));
#4661=CARTESIAN_POINT('',(-1.77528408683306,16.,25.));
#4662=CARTESIAN_POINT('Origin',(6.66280787136769,16.,31.));
#4663=CARTESIAN_POINT('',(3.75000000000001,16.,25.9999999999999));
#4664=CARTESIAN_POINT('',(-1.77528408683306,16.,25.9999999999999));
#4665=CARTESIAN_POINT('',(3.75000000000001,16.,31.));
#4666=CARTESIAN_POINT('Origin',(2.99999999999999,15.25,31.));
#4667=CARTESIAN_POINT('',(2.99999999999999,15.25,25.9999999999999));
#4668=CARTESIAN_POINT('',(2.99999999999999,15.25,31.));
#4669=CARTESIAN_POINT('',(2.99999999999999,16.,25.9999999999999));
#4670=CARTESIAN_POINT('Origin',(3.75000000000001,15.25,31.));
#4671=CARTESIAN_POINT('',(3.75000000000001,15.25,25.9999999999999));
#4672=CARTESIAN_POINT('',(3.75000000000001,15.25,31.));
#4673=CARTESIAN_POINT('',(2.99999999999999,15.25,25.9999999999999));
#4674=CARTESIAN_POINT('Origin',(3.75000000000001,16.,31.));
#4675=CARTESIAN_POINT('',(3.75000000000001,15.25,25.9999999999999));
#4676=CARTESIAN_POINT('Origin',(2.44376189226732,16.625,25.9999999999999));
#4677=CARTESIAN_POINT('',(0.,18.,25.9999999999999));
#4678=CARTESIAN_POINT('',(9.22188094613366,18.,25.9999999999999));
#4679=CARTESIAN_POINT('Origin',(8.12499999999999,8.99999999999999,25.9999999999999));
#4680=CARTESIAN_POINT('Origin',(8.12499999999999,8.99999999999999,28.));
#4681=CARTESIAN_POINT('',(-3.90685875083314,10.5,28.));
#4682=CARTESIAN_POINT('Origin',(8.12499999999999,8.99999999999999,28.));
#4683=CARTESIAN_POINT('',(-2.5,10.5,30.5343281909718));
#4684=CARTESIAN_POINT('Ctrl Pts',(-3.90685875083314,10.5,28.));
#4685=CARTESIAN_POINT('Ctrl Pts',(-3.90685875083314,10.5,28.3691388049113));
#4686=CARTESIAN_POINT('Ctrl Pts',(-3.82001499247041,10.5,28.8035090848949));
#4687=CARTESIAN_POINT('Ctrl Pts',(-3.5359087753011,10.5,29.4865153394512));
#4688=CARTESIAN_POINT('Ctrl Pts',(-3.28785299326274,10.5,29.8556284474814));
#4689=CARTESIAN_POINT('Ctrl Pts',(-2.87590599051531,10.5,30.2655487103131));
#4690=CARTESIAN_POINT('Ctrl Pts',(-2.69422255912413,10.5,30.4125067047566));
#4691=CARTESIAN_POINT('Ctrl Pts',(-2.50000000000005,10.5,30.5343281909719));
#4692=CARTESIAN_POINT('Ctrl Pts',(-2.50000000000005,10.5,30.5343281909719));
#4693=CARTESIAN_POINT('Ctrl Pts',(-2.34187598773712,10.5,30.6335077212338));
#4694=CARTESIAN_POINT('Ctrl Pts',(-2.17736645817532,10.475124798401,30.7182909024579));
#4695=CARTESIAN_POINT('Ctrl Pts',(-1.86409528259875,10.3676645614858,30.8480671205303));
#4696=CARTESIAN_POINT('Ctrl Pts',(-1.72031654082599,10.2921520432774,30.8938712141596));
#4697=CARTESIAN_POINT('Ctrl Pts',(-1.46092604045778,10.0936708556033,30.9575098193059));
#4698=CARTESIAN_POINT('Ctrl Pts',(-1.34884820073581,9.97543269105688,30.975273763237));
#4699=CARTESIAN_POINT('Ctrl Pts',(-1.16904388936056,9.70955063542369,30.9953135667184));
#4700=CARTESIAN_POINT('Ctrl Pts',(-1.10166013615961,9.56541451393071,30.998112113004));
#4701=CARTESIAN_POINT('Ctrl Pts',(-1.03592100822865,9.33604596259,30.9998184059683));
#4702=CARTESIAN_POINT('Ctrl Pts',(-1.02002398017204,9.25715299333403,30.9999299193864));
#4703=CARTESIAN_POINT('Ctrl Pts',(-1.00351385567345,9.1185027433798,31.0000082773326));
#4704=CARTESIAN_POINT('Ctrl Pts',(-1.,9.05927778397891,31.));
#4705=CARTESIAN_POINT('Ctrl Pts',(-1.,8.99999999999999,31.));
#4706=CARTESIAN_POINT('Origin',(8.12499999999999,8.99999999999999,25.));
#4707=CARTESIAN_POINT('',(-1.11022302462516E-15,18.,25.));
#4708=CARTESIAN_POINT('',(-3.90685875083314,10.5,25.));
#4709=CARTESIAN_POINT('Origin',(-3.90685875083314,10.5,31.));
#4710=CARTESIAN_POINT('',(-2.5,10.5,31.));
#4711=CARTESIAN_POINT('Origin',(-2.5,7.5,31.));
#4712=CARTESIAN_POINT('',(-2.5,7.5,30.5343281909718));
#4713=CARTESIAN_POINT('',(-3.90685875083314,7.5,28.));
#4714=CARTESIAN_POINT('Ctrl Pts',(-2.50000000000004,7.5,30.5343281909719));
#4715=CARTESIAN_POINT('Ctrl Pts',(-2.69422255912412,7.5,30.4125067047566));
#4716=CARTESIAN_POINT('Ctrl Pts',(-2.87590599051531,7.5,30.2655487103131));
#4717=CARTESIAN_POINT('Ctrl Pts',(-3.28785299326274,7.5,29.8556284474814));
#4718=CARTESIAN_POINT('Ctrl Pts',(-3.5359087753011,7.5,29.4865153394512));
#4719=CARTESIAN_POINT('Ctrl Pts',(-3.82001499247041,7.5,28.8035090848949));
#4720=CARTESIAN_POINT('Ctrl Pts',(-3.90685875083314,7.5,28.3691388049113));
#4721=CARTESIAN_POINT('Ctrl Pts',(-3.90685875083314,7.5,28.));
#4722=CARTESIAN_POINT('',(-2.5,7.5,31.));
#4723=CARTESIAN_POINT('',(-3.90685875083314,7.5,25.));
#4724=CARTESIAN_POINT('Origin',(-2.5,8.99999999999999,31.));
#4725=CARTESIAN_POINT('Ctrl Pts',(-1.,8.99999999999999,31.));
#4726=CARTESIAN_POINT('Ctrl Pts',(-1.,8.94072221602107,31.));
#4727=CARTESIAN_POINT('Ctrl Pts',(-1.00351385567346,8.88149725662018,31.0000082773326));
#4728=CARTESIAN_POINT('Ctrl Pts',(-1.02002398017204,8.74284700666593,30.9999299193864));
#4729=CARTESIAN_POINT('Ctrl Pts',(-1.03592100822865,8.66395403740997,30.9998184059683));
#4730=CARTESIAN_POINT('Ctrl Pts',(-1.10166013615961,8.43458548606928,30.998112113004));
#4731=CARTESIAN_POINT('Ctrl Pts',(-1.16904388936056,8.2904493645763,30.9953135667184));
#4732=CARTESIAN_POINT('Ctrl Pts',(-1.34884820073579,8.02456730894314,30.9752737632371));
#4733=CARTESIAN_POINT('Ctrl Pts',(-1.46092604045777,7.90632914439672,30.9575098193059));
#4734=CARTESIAN_POINT('Ctrl Pts',(-1.72031654082599,7.7078479567226,30.8938712141596));
#4735=CARTESIAN_POINT('Ctrl Pts',(-1.86409528259875,7.63233543851418,30.8480671205303));
#4736=CARTESIAN_POINT('Ctrl Pts',(-2.17736645817532,7.52487520159902,30.7182909024579));
#4737=CARTESIAN_POINT('Ctrl Pts',(-2.34187598773712,7.49999999999999,30.6335077212338));
#4738=CARTESIAN_POINT('Ctrl Pts',(-2.50000000000004,7.49999999999999,30.5343281909719));
#4739=CARTESIAN_POINT('Origin',(0.,0.,25.));
#4740=CARTESIAN_POINT('',(0.,0.,28.));
#4741=CARTESIAN_POINT('Ctrl Pts',(-4.44089209850063E-15,0.,28.));
#4742=CARTESIAN_POINT('Ctrl Pts',(-5.10389326275825E-15,-1.96795129910584E-19,
28.2949028934614));
#4743=CARTESIAN_POINT('Ctrl Pts',(0.0826395020670861,0.,28.6390020427799));
#4744=CARTESIAN_POINT('Ctrl Pts',(0.364068501214739,0.,29.226418036241));
#4745=CARTESIAN_POINT('Ctrl Pts',(0.636806233922203,0.,29.5559253004318));
#4746=CARTESIAN_POINT('Ctrl Pts',(1.29551547707462,0.,30.1120888839833));
#4747=CARTESIAN_POINT('Ctrl Pts',(1.8377747697597,0.,30.3843702864973));
#4748=CARTESIAN_POINT('Ctrl Pts',(3.61208161990114,0.,30.9838143685957));
#4749=CARTESIAN_POINT('Ctrl Pts',(5.25261935949129,0.,31.));
#4750=CARTESIAN_POINT('Ctrl Pts',(6.6198006776509,0.,31.));
#4751=CARTESIAN_POINT('',(0.,0.,25.));
#4752=CARTESIAN_POINT('Origin',(8.12499999999999,8.99999999999999,28.));
#4753=CARTESIAN_POINT('Origin',(8.12499999999999,8.99999999999999,28.));
#4754=CARTESIAN_POINT('Origin',(16.,18.,25.));
#4755=CARTESIAN_POINT('Origin',(8.12499999999999,8.99999999999999,25.));
#4756=CARTESIAN_POINT('',(0.,0.,0.));
#4757=CARTESIAN_POINT('Origin',(8.12499999999999,8.99999999999999,37.0000000000001));
#4758=CARTESIAN_POINT('',(7.13737446713105,9.15683050349129,37.15));
#4759=CARTESIAN_POINT('',(7.12499999999999,8.99999999999999,37.15));
#4760=CARTESIAN_POINT('Origin',(8.12499999999999,8.99999999999999,37.15));
#4761=CARTESIAN_POINT('',(7.16713393647704,9.28721525786602,37.15));
#4762=CARTESIAN_POINT('Origin',(8.12499999999999,8.99999999999999,37.15));
#4763=CARTESIAN_POINT('',(7.22747850089991,9.44097070044748,37.15));
#4764=CARTESIAN_POINT('Origin',(8.12499999999999,8.99999999999999,37.15));
#4765=CARTESIAN_POINT('',(7.2943474215378,9.55679106843963,37.15));
#4766=CARTESIAN_POINT('Origin',(8.12499999999999,8.99999999999999,37.15));
#4767=CARTESIAN_POINT('',(7.39733125857205,9.68592871550085,37.15));
#4768=CARTESIAN_POINT('Origin',(8.12499999999999,8.99999999999999,37.15));
#4769=CARTESIAN_POINT('',(7.49536803345376,9.77689354914499,37.15));
#4770=CARTESIAN_POINT('Origin',(8.12499999999999,8.99999999999999,37.15));
#4771=CARTESIAN_POINT('',(7.63184057724174,9.86993895403341,37.15));
#4772=CARTESIAN_POINT('Origin',(8.12499999999999,8.99999999999999,37.15));
#4773=CARTESIAN_POINT('',(7.75233420869168,9.92796562866766,37.15));
#4774=CARTESIAN_POINT('Origin',(8.12499999999999,8.99999999999999,37.15));
#4775=CARTESIAN_POINT('',(7.91016927481795,9.97665129883586,37.15));
#4776=CARTESIAN_POINT('Origin',(8.12499999999999,8.99999999999999,37.15));
#4777=CARTESIAN_POINT('',(8.04241337490428,9.99658388977311,37.15));
#4778=CARTESIAN_POINT('Origin',(8.12499999999999,8.99999999999999,37.15));
#4779=CARTESIAN_POINT('',(8.20758662509572,9.99658388977311,37.15));
#4780=CARTESIAN_POINT('Origin',(8.12499999999999,8.99999999999999,37.15));
#4781=CARTESIAN_POINT('',(8.33983072518203,9.97665129883586,37.15));
#4782=CARTESIAN_POINT('Origin',(8.12499999999999,8.99999999999999,37.15));
#4783=CARTESIAN_POINT('',(8.49766579130829,9.92796562866766,37.15));
#4784=CARTESIAN_POINT('Origin',(8.12499999999999,8.99999999999999,37.15));
#4785=CARTESIAN_POINT('',(8.61815942275826,9.86993895403341,37.15));
#4786=CARTESIAN_POINT('Origin',(8.12499999999999,8.99999999999999,37.15));
#4787=CARTESIAN_POINT('',(8.75463196654623,9.77689354914499,37.15));
#4788=CARTESIAN_POINT('Origin',(8.12499999999999,8.99999999999999,37.15));
#4789=CARTESIAN_POINT('',(8.85266874142794,9.68592871550085,37.15));
#4790=CARTESIAN_POINT('Origin',(8.12499999999999,8.99999999999999,37.15));
#4791=CARTESIAN_POINT('',(8.95565257846217,9.55679106843963,37.15));
#4792=CARTESIAN_POINT('Origin',(8.12499999999999,8.99999999999999,37.15));
#4793=CARTESIAN_POINT('',(9.02252149910008,9.44097070044748,37.15));
#4794=CARTESIAN_POINT('Origin',(8.12499999999999,8.99999999999999,37.15));
#4795=CARTESIAN_POINT('',(9.08286606352296,9.28721525786604,37.15));
#4796=CARTESIAN_POINT('Origin',(8.12499999999999,8.99999999999999,37.15));
#4797=CARTESIAN_POINT('',(9.11262553286895,9.15683050349132,37.15));
#4798=CARTESIAN_POINT('Origin',(8.12499999999999,8.99999999999999,37.15));
#4799=CARTESIAN_POINT('',(9.12496894531372,8.99211911120762,37.15));
#4800=CARTESIAN_POINT('Origin',(8.12499999999999,8.99999999999999,37.15));
#4801=CARTESIAN_POINT('',(9.11497470391914,8.85875522806059,37.15));
#4802=CARTESIAN_POINT('Origin',(8.12499999999999,8.99999999999999,37.15));
#4803=CARTESIAN_POINT('',(9.07822019802195,8.69772321610316,37.15));
#4804=CARTESIAN_POINT('Origin',(8.12499999999999,8.99999999999999,37.15));
#4805=CARTESIAN_POINT('',(9.02936027809367,8.57323017045916,37.15));
#4806=CARTESIAN_POINT('Origin',(8.12499999999999,8.99999999999999,37.15));
#4807=CARTESIAN_POINT('',(8.94677365299796,8.43018593976773,37.15));
#4808=CARTESIAN_POINT('Origin',(8.12499999999999,8.99999999999999,37.15));
#4809=CARTESIAN_POINT('',(8.86338947283991,8.32562548506099,37.15));
#4810=CARTESIAN_POINT('Origin',(8.12499999999999,8.99999999999999,37.15));
#4811=CARTESIAN_POINT('',(8.74230891261083,8.21327914327175,37.15));
#4812=CARTESIAN_POINT('Origin',(8.12499999999999,8.99999999999999,37.15));
#4813=CARTESIAN_POINT('',(8.63180952255544,8.13794193475897,37.15));
#4814=CARTESIAN_POINT('Origin',(8.12499999999999,8.99999999999999,37.15));
#4815=CARTESIAN_POINT('',(8.4829935663227,8.06627594736369,37.15));
#4816=CARTESIAN_POINT('Origin',(8.12499999999999,8.99999999999999,37.15));
#4817=CARTESIAN_POINT('',(8.355197322095,8.02685602663311,37.15));
#4818=CARTESIAN_POINT('Origin',(8.12499999999999,8.99999999999999,37.15));
#4819=CARTESIAN_POINT('',(8.1918689206379,8.00223823111289,37.15));
#4820=CARTESIAN_POINT('Origin',(8.12499999999999,8.99999999999999,37.15));
#4821=CARTESIAN_POINT('',(8.0581310793621,8.00223823111289,37.15));
#4822=CARTESIAN_POINT('Origin',(8.12499999999999,8.99999999999999,37.15));
#4823=CARTESIAN_POINT('',(7.894802677905,8.02685602663311,37.15));
#4824=CARTESIAN_POINT('Origin',(8.12499999999999,8.99999999999999,37.15));
#4825=CARTESIAN_POINT('',(7.7670064336773,8.06627594736369,37.15));
#4826=CARTESIAN_POINT('Origin',(8.12499999999999,8.99999999999999,37.15));
#4827=CARTESIAN_POINT('',(7.61819047744453,8.13794193475897,37.15));
#4828=CARTESIAN_POINT('Origin',(8.12499999999999,8.99999999999999,37.15));
#4829=CARTESIAN_POINT('',(7.50769108738917,8.21327914327175,37.15));
#4830=CARTESIAN_POINT('Origin',(8.12499999999999,8.99999999999999,37.15));
#4831=CARTESIAN_POINT('',(7.38661052716009,8.32562548506099,37.15));
#4832=CARTESIAN_POINT('Origin',(8.12499999999999,8.99999999999999,37.15));
#4833=CARTESIAN_POINT('',(7.30322634700204,8.43018593976773,37.15));
#4834=CARTESIAN_POINT('Origin',(8.12499999999999,8.99999999999999,37.15));
#4835=CARTESIAN_POINT('',(7.2206397219063,8.57323017045916,37.15));
#4836=CARTESIAN_POINT('Origin',(8.12499999999999,8.99999999999999,37.15));
#4837=CARTESIAN_POINT('',(7.17177980197805,8.69772321610316,37.15));
#4838=CARTESIAN_POINT('Origin',(8.12499999999999,8.99999999999999,37.15));
#4839=CARTESIAN_POINT('',(7.13502529608086,8.85875522806059,37.15));
#4840=CARTESIAN_POINT('Origin',(8.12499999999999,8.99999999999999,37.15));
#4841=CARTESIAN_POINT('',(7.12503105468628,8.99211911120762,37.15));
#4842=CARTESIAN_POINT('Origin',(8.12499999999999,8.99999999999999,37.15));
#4843=CARTESIAN_POINT('Origin',(8.12499999999999,8.99999999999999,37.15));
#4844=CARTESIAN_POINT('',(7.125,8.99999999999999,-2.5));
#4845=CARTESIAN_POINT('',(7.12499999999999,8.99999999999999,37.0000000000001));
#4846=CARTESIAN_POINT('Origin',(8.12499999999999,8.99999999999999,-2.5));
#4847=CARTESIAN_POINT('Origin',(8.12499999999999,9.00111911555645,37.15));
#4848=CARTESIAN_POINT('',(7.17765639267788,9.0709935889071,37.15));
#4849=CARTESIAN_POINT('',(7.30743422005283,9.26550366222587,37.15));
#4850=CARTESIAN_POINT('',(7.25644058147239,8.90311204917582,37.15));
#4851=CARTESIAN_POINT('Origin',(8.12499999999999,9.00111911555645,37.15));
#4852=CARTESIAN_POINT('',(7.240669938788,9.34707397314807,37.15));
#4853=CARTESIAN_POINT('',(7.26646339742295,9.16347599299594,37.15));
#4854=CARTESIAN_POINT('',(7.42192792189082,9.49461898052106,37.15));
#4855=CARTESIAN_POINT('Origin',(8.12499999999999,9.00111911555645,37.15));
#4856=CARTESIAN_POINT('',(7.19881848342725,8.78860511274151,37.15));
#4857=CARTESIAN_POINT('',(7.26551800196958,9.01279425308029,37.15));
#4858=CARTESIAN_POINT('',(7.32364874656102,8.65133563745107,37.15));
#4859=CARTESIAN_POINT('Origin',(8.12499999999999,9.00111911555645,37.15));
#4860=CARTESIAN_POINT('',(7.38226009165537,9.59231531176581,37.15));
#4861=CARTESIAN_POINT('',(7.35279089887546,9.40926966860469,37.15));
#4862=CARTESIAN_POINT('',(7.59882179919085,9.67982477750418,37.15));
#4863=CARTESIAN_POINT('Origin',(8.12499999999999,9.00111911555645,37.15));
#4864=CARTESIAN_POINT('',(7.30227586640478,8.52499999999999,37.15));
#4865=CARTESIAN_POINT('',(7.29993097071005,8.75891227793561,37.15));
#4866=CARTESIAN_POINT('',(7.46213253176869,8.4305575901226,37.15));
#4867=CARTESIAN_POINT('Origin',(8.12499999999999,9.00111911555645,37.15));
#4868=CARTESIAN_POINT('',(7.58984594483955,9.7849268356002,37.15));
#4869=CARTESIAN_POINT('',(7.50770985427437,9.61865408455193,37.15));
#4870=CARTESIAN_POINT('',(7.82241864108322,9.8047020726178,37.15));
#4871=CARTESIAN_POINT('Origin',(8.12499999999999,9.00111911555645,37.15));
#4872=CARTESIAN_POINT('',(7.47883589911762,8.30360072176166,37.15));
#4873=CARTESIAN_POINT('',(7.40765639428235,8.52640450915523,37.15));
#4874=CARTESIAN_POINT('',(7.65957838743105,8.2604367806602,37.15));
#4875=CARTESIAN_POINT('Origin',(8.12499999999999,9.00111911555645,37.15));
#4876=CARTESIAN_POINT('',(7.84498258430962,9.90779416549683,37.15));
#4877=CARTESIAN_POINT('',(7.71742027381393,9.77304925124605,37.15));
#4878=CARTESIAN_POINT('',(8.07288894595187,9.85817424772061,37.15));
#4879=CARTESIAN_POINT('Origin',(8.12499999999999,9.00111911555645,37.15));
#4880=CARTESIAN_POINT('',(7.71281044783832,8.1440795754927,37.15));
#4881=CARTESIAN_POINT('',(7.5791629031626,8.3359436721658,37.15));
#4882=CARTESIAN_POINT('',(7.89841169678265,8.15611882873927,37.15));
#4883=CARTESIAN_POINT('Origin',(8.12499999999999,9.00111911555645,37.15));
#4884=CARTESIAN_POINT('',(8.12499999999999,9.95,37.15));
#4885=CARTESIAN_POINT('',(7.96327367923999,9.8587764987253,37.15));
#4886=CARTESIAN_POINT('',(8.32801963330786,9.83548455383872,37.15));
#4887=CARTESIAN_POINT('Origin',(8.12499999999999,9.00111911555645,37.15));
#4888=CARTESIAN_POINT('',(7.98340984713262,8.06061071508613,37.15));
#4889=CARTESIAN_POINT('',(7.79923731717613,8.20448692981692,37.15));
#4890=CARTESIAN_POINT('',(8.15736902185988,8.12688004518261,37.15));
#4891=CARTESIAN_POINT('Origin',(8.12499999999999,9.00111911555645,37.15));
#4892=CARTESIAN_POINT('',(8.40501741569035,9.90779416549683,37.15));
#4893=CARTESIAN_POINT('',(8.22343524185708,9.86825997930602,37.15));
#4894=CARTESIAN_POINT('',(8.56517307144022,9.73862068457652,37.15));
#4895=CARTESIAN_POINT('Origin',(8.12499999999999,9.00111911555645,37.15));
#4896=CARTESIAN_POINT('',(8.26659015286737,8.06061071508613,37.15));
#4897=CARTESIAN_POINT('',(8.04832739352628,8.14375738940914,37.15));
#4898=CARTESIAN_POINT('',(8.4134020667091,8.17530068783029,37.15));
#4899=CARTESIAN_POINT('Origin',(8.12499999999999,9.00111911555645,37.15));
#4900=CARTESIAN_POINT('',(8.66015405516042,9.7849268356002,37.15));
#4901=CARTESIAN_POINT('',(8.4748203146097,9.80068542939022,37.15));
#4902=CARTESIAN_POINT('',(8.76328746192673,9.57614802533532,37.15));
#4903=CARTESIAN_POINT('Origin',(8.12499999999999,9.00111911555645,37.15));
#4904=CARTESIAN_POINT('',(8.53718955216168,8.1440795754927,37.15));
#4905=CARTESIAN_POINT('',(8.30427831802043,8.15918764910614,37.15));
#4906=CARTESIAN_POINT('',(8.6437391039179,8.29704185810131,37.15));
#4907=CARTESIAN_POINT('Origin',(8.12499999999999,9.00111911555645,37.15));
#4908=CARTESIAN_POINT('',(8.86773990834463,9.59231531176581,37.15));
#4909=CARTESIAN_POINT('',(8.69513453586793,9.66206265584112,37.15));
#4910=CARTESIAN_POINT('',(8.90474468458286,9.36246296673712,37.15));
#4911=CARTESIAN_POINT('Origin',(8.12499999999999,9.00111911555645,37.15));
#4912=CARTESIAN_POINT('',(8.77116410088238,8.30360072176166,37.15));
#4913=CARTESIAN_POINT('',(8.54430892659016,8.24942439901053,37.15));
#4914=CARTESIAN_POINT('',(8.82791601158187,8.48124371991026,37.15));
#4915=CARTESIAN_POINT('Origin',(8.12499999999999,9.00111911555645,37.15));
#4916=CARTESIAN_POINT('',(9.00933006121199,9.34707397314807,37.15));
#4917=CARTESIAN_POINT('',(8.86484007926465,9.46468962288005,37.15));
#4918=CARTESIAN_POINT('',(8.976940883633,9.11652762934625,37.15));
#4919=CARTESIAN_POINT('Origin',(8.12499999999999,9.00111911555645,37.15));
#4920=CARTESIAN_POINT('',(8.94772413359522,8.52500000000001,37.15));
#4921=CARTESIAN_POINT('',(8.74704939598204,8.40644250489302,37.15));
#4922=CARTESIAN_POINT('',(8.9495937889913,8.71150524781945,37.15));
#4923=CARTESIAN_POINT('Origin',(8.12499999999999,9.00111911555645,37.15));
#4924=CARTESIAN_POINT('',(9.07234360732211,9.07099358890712,37.15));
#4925=CARTESIAN_POINT('',(8.96887844894296,9.22606642337615,37.15));
#4926=CARTESIAN_POINT('',(8.97341845575417,8.86019359188373,37.15));
#4927=CARTESIAN_POINT('Origin',(8.12499999999999,9.00111911555645,37.15));
#4928=CARTESIAN_POINT('',(9.05118151657272,8.78860511274151,37.15));
#4929=CARTESIAN_POINT('',(8.99800133875501,8.9673533047611,37.15));
#4930=CARTESIAN_POINT('',(8.89445465976575,8.61626057979152,37.15));
#4931=CARTESIAN_POINT('Origin',(9.05118151657272,8.78860511274151,43.));
#4932=CARTESIAN_POINT('',(9.17206398704024,8.92153340173426,37.2));
#4933=CARTESIAN_POINT('Ctrl Pts',(9.17206398704024,8.92153340173426,37.2));
#4934=CARTESIAN_POINT('Ctrl Pts',(9.14282313470992,8.88937872741359,37.1732438328447));
#4935=CARTESIAN_POINT('Ctrl Pts',(9.11497470391913,8.85875522806059,37.15));
#4936=CARTESIAN_POINT('',(9.17206398704024,8.92153340173426,42.8));
#4937=CARTESIAN_POINT('',(9.17206398704024,8.92153340173426,43.));
#4938=CARTESIAN_POINT('',(9.05118151657272,8.78860511274151,42.9000000000001));
#4939=CARTESIAN_POINT('Ctrl Pts',(9.05118151657272,8.78860511274151,42.9000000000001));
#4940=CARTESIAN_POINT('Ctrl Pts',(9.10860069004481,8.85174605001308,42.8580706254201));
#4941=CARTESIAN_POINT('Ctrl Pts',(9.17206398704024,8.92153340173426,42.8));
#4942=CARTESIAN_POINT('',(9.05118151657272,8.78860511274151,43.));
#4943=CARTESIAN_POINT('Origin',(9.12496894531372,8.99211911120762,43.));
#4944=CARTESIAN_POINT('',(9.07234360732211,9.0709935889071,42.9000000000001));
#4945=CARTESIAN_POINT('',(9.07234360732211,9.07099358890712,43.));
#4946=CARTESIAN_POINT('',(9.11971078768823,8.99999999999999,42.8552892123119));
#4947=CARTESIAN_POINT('Ctrl Pts',(9.07234360732212,9.07099358890709,42.9000000000001));
#4948=CARTESIAN_POINT('Ctrl Pts',(9.09548268879002,9.03631290019557,42.8795173112101));
#4949=CARTESIAN_POINT('Ctrl Pts',(9.11971078768823,8.99999999999999,42.8552892123119));
#4950=CARTESIAN_POINT('Ctrl Pts',(9.11971078768823,8.99999999999999,42.8552892123119));
#4951=CARTESIAN_POINT('Ctrl Pts',(9.14517956913107,8.96182757373897,42.829820430869));
#4952=CARTESIAN_POINT('Ctrl Pts',(9.17206398704025,8.92153340173423,42.8000000000001));
#4953=CARTESIAN_POINT('Ctrl Pts',(9.12496894531372,8.99211911120762,37.15));
#4954=CARTESIAN_POINT('Ctrl Pts',(9.14794213639981,8.95768705780598,37.1732438328447));
#4955=CARTESIAN_POINT('Ctrl Pts',(9.17206398704024,8.92153340173426,37.2));
#4956=CARTESIAN_POINT('Origin',(9.07234360732211,9.07099358890712,43.));
#4957=CARTESIAN_POINT('',(9.14867430779091,9.23364698065414,37.2));
#4958=CARTESIAN_POINT('Ctrl Pts',(9.14867430779091,9.23364698065412,37.2));
#4959=CARTESIAN_POINT('Ctrl Pts',(9.13021030112355,9.19430195576584,37.1732438328447));
#4960=CARTESIAN_POINT('Ctrl Pts',(9.11262553286895,9.15683050349132,37.15));
#4961=CARTESIAN_POINT('',(9.14867430779091,9.23364698065414,42.8));
#4962=CARTESIAN_POINT('',(9.14867430779091,9.23364698065414,43.));
#4963=CARTESIAN_POINT('Ctrl Pts',(9.07234360732211,9.07099358890709,42.9000000000001));
#4964=CARTESIAN_POINT('Ctrl Pts',(9.10860069004481,9.14825394998695,42.8580706254201));
#4965=CARTESIAN_POINT('Ctrl Pts',(9.14867430779091,9.23364698065414,42.8));
#4966=CARTESIAN_POINT('Origin',(9.08286606352296,9.28721525786602,43.));
#4967=CARTESIAN_POINT('',(9.00933006121199,9.34707397314807,42.9000000000001));
#4968=CARTESIAN_POINT('',(9.00933006121199,9.34707397314807,43.));
#4969=CARTESIAN_POINT('Ctrl Pts',(9.14867430779091,9.23364698065414,42.8));
#4970=CARTESIAN_POINT('Ctrl Pts',(9.07551857833698,9.29319615171345,42.8580706254201));
#4971=CARTESIAN_POINT('Ctrl Pts',(9.00933006121199,9.34707397314807,42.9000000000001));
#4972=CARTESIAN_POINT('Ctrl Pts',(9.08286606352296,9.28721525786604,37.15));
#4973=CARTESIAN_POINT('Ctrl Pts',(9.11496764609269,9.26108439093339,37.1732438328447));
#4974=CARTESIAN_POINT('Ctrl Pts',(9.14867430779091,9.23364698065414,37.2));
#4975=CARTESIAN_POINT('Origin',(9.00933006121199,9.34707397314807,43.));
#4976=CARTESIAN_POINT('',(9.03432667397366,9.525,37.2));
#4977=CARTESIAN_POINT('Ctrl Pts',(9.03432667397366,9.525,37.2));
#4978=CARTESIAN_POINT('Ctrl Pts',(9.02828012098962,9.48196060266822,37.1732438328447));
#4979=CARTESIAN_POINT('Ctrl Pts',(9.02252149910008,9.44097070044748,37.15));
#4980=CARTESIAN_POINT('',(9.03432667397366,9.525,42.8));
#4981=CARTESIAN_POINT('',(9.03432667397366,9.525,43.));
#4982=CARTESIAN_POINT('Ctrl Pts',(9.00933006121199,9.34707397314807,42.9000000000001));
#4983=CARTESIAN_POINT('Ctrl Pts',(9.02120345227378,9.43158883590274,42.8580706254201));
#4984=CARTESIAN_POINT('Ctrl Pts',(9.03432667397366,9.525,42.8));
#4985=CARTESIAN_POINT('Origin',(8.95565257846217,9.55679106843963,43.));
#4986=CARTESIAN_POINT('',(8.86773990834463,9.59231531176581,42.9000000000001));
#4987=CARTESIAN_POINT('',(8.86773990834463,9.59231531176581,43.));
#4988=CARTESIAN_POINT('Ctrl Pts',(9.03432667397366,9.525,42.8));
#4989=CARTESIAN_POINT('Ctrl Pts',(8.94686862201843,9.56034053867705,42.8580706254201));
#4990=CARTESIAN_POINT('Ctrl Pts',(8.86773990834463,9.5923153117658,42.9000000000001));
#4991=CARTESIAN_POINT('Ctrl Pts',(8.95565257846217,9.55679106843963,37.15));
#4992=CARTESIAN_POINT('Ctrl Pts',(8.99403018602875,9.5412832301764,37.1732438328447));
#4993=CARTESIAN_POINT('Ctrl Pts',(9.03432667397366,9.525,37.2));
#4994=CARTESIAN_POINT('Origin',(8.86773990834463,9.59231531176581,43.));
#4995=CARTESIAN_POINT('',(8.83918137465945,9.76970446542133,37.2));
#4996=CARTESIAN_POINT('Ctrl Pts',(8.83918137465945,9.76970446542131,37.2));
#4997=CARTESIAN_POINT('Ctrl Pts',(8.84608953812626,9.72679493497425,37.1732438328447));
#4998=CARTESIAN_POINT('Ctrl Pts',(8.85266874142794,9.68592871550086,37.15));
#4999=CARTESIAN_POINT('',(8.83918137465945,9.76970446542133,42.8));
#5000=CARTESIAN_POINT('',(8.83918137465945,9.76970446542133,43.));
#5001=CARTESIAN_POINT('Ctrl Pts',(8.86773990834463,9.59231531176581,42.9000000000001));
#5002=CARTESIAN_POINT('Ctrl Pts',(8.85417460484418,9.67657515975217,42.8580706254201));
#5003=CARTESIAN_POINT('Ctrl Pts',(8.83918137465945,9.76970446542131,42.8));
#5004=CARTESIAN_POINT('Origin',(8.75463196654623,9.77689354914499,43.));
#5005=CARTESIAN_POINT('',(8.66015405516042,9.7849268356002,42.9000000000001));
#5006=CARTESIAN_POINT('',(8.66015405516042,9.7849268356002,43.));
#5007=CARTESIAN_POINT('Ctrl Pts',(8.83918137465945,9.76970446542131,42.8));
#5008=CARTESIAN_POINT('Ctrl Pts',(8.74519203192249,9.77769620976524,42.8580706254201));
#5009=CARTESIAN_POINT('Ctrl Pts',(8.66015405516042,9.7849268356002,42.9000000000001));
#5010=CARTESIAN_POINT('Ctrl Pts',(8.75463196654624,9.77689354914502,37.15));
#5011=CARTESIAN_POINT('Ctrl Pts',(8.79587558026001,9.77338667903588,37.1732438328447));
#5012=CARTESIAN_POINT('Ctrl Pts',(8.83918137465945,9.76970446542133,37.2));
#5013=CARTESIAN_POINT('Origin',(8.66015405516042,9.7849268356002,43.));
#5014=CARTESIAN_POINT('',(8.58057792607343,9.94601731129755,37.2));
#5015=CARTESIAN_POINT('Ctrl Pts',(8.58057792607343,9.94601731129753,37.2));
#5016=CARTESIAN_POINT('Ctrl Pts',(8.59982698535102,9.90705034782079,37.1732438328447));
#5017=CARTESIAN_POINT('Ctrl Pts',(8.61815942275826,9.86993895403341,37.15));
#5018=CARTESIAN_POINT('',(8.58057792607343,9.94601731129755,42.8));
#5019=CARTESIAN_POINT('',(8.58057792607343,9.94601731129755,43.));
#5020=CARTESIAN_POINT('Ctrl Pts',(8.66015405516042,9.7849268356002,42.9000000000001));
#5021=CARTESIAN_POINT('Ctrl Pts',(8.6223553938441,9.86144481155646,42.8580706254201));
#5022=CARTESIAN_POINT('Ctrl Pts',(8.58057792607343,9.94601731129755,42.8));
#5023=CARTESIAN_POINT('Origin',(8.49766579130829,9.92796562866766,43.));
#5024=CARTESIAN_POINT('',(8.40501741569035,9.90779416549683,42.9000000000001));
#5025=CARTESIAN_POINT('',(8.40501741569035,9.90779416549683,43.));
#5026=CARTESIAN_POINT('Ctrl Pts',(8.58057792607343,9.94601731129755,42.8));
#5027=CARTESIAN_POINT('Ctrl Pts',(8.48840865812229,9.92595015975218,42.8580706254201));
#5028=CARTESIAN_POINT('Ctrl Pts',(8.40501741569035,9.90779416549683,42.9000000000001));
#5029=CARTESIAN_POINT('Ctrl Pts',(8.49766579130829,9.92796562866766,37.15));
#5030=CARTESIAN_POINT('Ctrl Pts',(8.53811073509617,9.9367713275115,37.1732438328447));
#5031=CARTESIAN_POINT('Ctrl Pts',(8.58057792607343,9.94601731129755,37.2));
#5032=CARTESIAN_POINT('Origin',(8.40501741569035,9.90779416549683,43.));
#5033=CARTESIAN_POINT('',(8.28149437948497,10.0382723675364,37.2));
#5034=CARTESIAN_POINT('Ctrl Pts',(8.28149437948497,10.0382723675364,37.2));
#5035=CARTESIAN_POINT('Ctrl Pts',(8.31137397118348,10.0067103567385,37.1732438328447));
#5036=CARTESIAN_POINT('Ctrl Pts',(8.33983072518202,9.97665129883585,37.15));
#5037=CARTESIAN_POINT('',(8.28149437948497,10.0382723675364,42.8));
#5038=CARTESIAN_POINT('',(8.28149437948497,10.0382723675364,43.));
#5039=CARTESIAN_POINT('Ctrl Pts',(8.40501741569035,9.90779416549683,42.9000000000001));
#5040=CARTESIAN_POINT('Ctrl Pts',(8.34634397349279,9.96977131146563,42.8580706254201));
#5041=CARTESIAN_POINT('Ctrl Pts',(8.28149437948497,10.0382723675364,42.8));
#5042=CARTESIAN_POINT('Origin',(8.20758662509572,9.99658388977311,43.));
#5043=CARTESIAN_POINT('',(8.12499999999999,9.95,42.9000000000001));
#5044=CARTESIAN_POINT('',(8.12499999999999,9.95,43.));
#5045=CARTESIAN_POINT('Ctrl Pts',(8.28149437948497,10.0382723675364,42.8));
#5046=CARTESIAN_POINT('Ctrl Pts',(8.19933483025538,9.9919293745798,42.8580706254201));
#5047=CARTESIAN_POINT('Ctrl Pts',(8.12499999999999,9.95,42.9000000000001));
#5048=CARTESIAN_POINT('Ctrl Pts',(8.20758662509573,9.99658388977311,37.15));
#5049=CARTESIAN_POINT('Ctrl Pts',(8.24363918821243,10.0169197325845,37.1732438328447));
#5050=CARTESIAN_POINT('Ctrl Pts',(8.28149437948497,10.0382723675364,37.2));
#5051=CARTESIAN_POINT('Origin',(8.12499999999999,9.95,43.));
#5052=CARTESIAN_POINT('',(7.968505620515,10.0382723675364,37.2));
#5053=CARTESIAN_POINT('Ctrl Pts',(7.96850562051502,10.0382723675364,37.2));
#5054=CARTESIAN_POINT('Ctrl Pts',(8.00636081178757,10.0169197325845,37.1732438328447));
#5055=CARTESIAN_POINT('Ctrl Pts',(8.04241337490428,9.99658388977311,37.15));
#5056=CARTESIAN_POINT('',(7.968505620515,10.0382723675364,42.8));
#5057=CARTESIAN_POINT('',(7.96850562051502,10.0382723675364,43.));
#5058=CARTESIAN_POINT('Ctrl Pts',(8.12499999999999,9.95,42.9000000000001));
#5059=CARTESIAN_POINT('Ctrl Pts',(8.05066516974462,9.9919293745798,42.8580706254201));
#5060=CARTESIAN_POINT('Ctrl Pts',(7.96850562051502,10.0382723675364,42.8));
#5061=CARTESIAN_POINT('Origin',(7.91016927481795,9.97665129883586,43.));
#5062=CARTESIAN_POINT('',(7.84498258430962,9.90779416549683,42.9000000000001));
#5063=CARTESIAN_POINT('',(7.84498258430962,9.90779416549683,43.));
#5064=CARTESIAN_POINT('Ctrl Pts',(7.968505620515,10.0382723675364,42.8));
#5065=CARTESIAN_POINT('Ctrl Pts',(7.90365602650718,9.96977131146563,42.8580706254201));
#5066=CARTESIAN_POINT('Ctrl Pts',(7.84498258430962,9.90779416549683,42.9000000000001));
#5067=CARTESIAN_POINT('Ctrl Pts',(7.91016927481795,9.97665129883586,37.15));
#5068=CARTESIAN_POINT('Ctrl Pts',(7.93862602881652,10.0067103567385,37.1732438328447));
#5069=CARTESIAN_POINT('Ctrl Pts',(7.968505620515,10.0382723675364,37.2));
#5070=CARTESIAN_POINT('Origin',(7.84498258430962,9.90779416549683,43.));
#5071=CARTESIAN_POINT('',(7.66942207392657,9.94601731129755,37.2));
#5072=CARTESIAN_POINT('Ctrl Pts',(7.66942207392655,9.94601731129753,37.2));
#5073=CARTESIAN_POINT('Ctrl Pts',(7.71188926490383,9.9367713275115,37.1732438328447));
#5074=CARTESIAN_POINT('Ctrl Pts',(7.75233420869168,9.92796562866766,37.15));
#5075=CARTESIAN_POINT('',(7.66942207392657,9.94601731129755,42.8));
#5076=CARTESIAN_POINT('',(7.66942207392657,9.94601731129753,43.));
#5077=CARTESIAN_POINT('Ctrl Pts',(7.84498258430962,9.90779416549683,42.9000000000001));
#5078=CARTESIAN_POINT('Ctrl Pts',(7.76159134187766,9.92595015975218,42.8580706254201));
#5079=CARTESIAN_POINT('Ctrl Pts',(7.66942207392655,9.94601731129755,42.8));
#5080=CARTESIAN_POINT('Origin',(7.63184057724174,9.86993895403339,43.));
#5081=CARTESIAN_POINT('',(7.58984594483955,9.7849268356002,42.9000000000001));
#5082=CARTESIAN_POINT('',(7.58984594483955,9.7849268356002,43.));
#5083=CARTESIAN_POINT('Ctrl Pts',(7.66942207392657,9.94601731129755,42.8));
#5084=CARTESIAN_POINT('Ctrl Pts',(7.62764460615587,9.86144481155643,42.8580706254201));
#5085=CARTESIAN_POINT('Ctrl Pts',(7.58984594483955,9.7849268356002,42.9000000000001));
#5086=CARTESIAN_POINT('Ctrl Pts',(7.63184057724174,9.86993895403341,37.15));
#5087=CARTESIAN_POINT('Ctrl Pts',(7.65017301464895,9.90705034782079,37.1732438328447));
#5088=CARTESIAN_POINT('Ctrl Pts',(7.66942207392657,9.94601731129753,37.2));
#5089=CARTESIAN_POINT('Origin',(7.58984594483955,9.7849268356002,43.));
#5090=CARTESIAN_POINT('',(7.41081862534052,9.76970446542131,37.2));
#5091=CARTESIAN_POINT('Ctrl Pts',(7.41081862534055,9.76970446542133,37.2));
#5092=CARTESIAN_POINT('Ctrl Pts',(7.45412441973999,9.77338667903588,37.1732438328447));
#5093=CARTESIAN_POINT('Ctrl Pts',(7.49536803345376,9.77689354914499,37.15));
#5094=CARTESIAN_POINT('',(7.41081862534052,9.76970446542131,42.8));
#5095=CARTESIAN_POINT('',(7.41081862534052,9.76970446542133,43.));
#5096=CARTESIAN_POINT('Ctrl Pts',(7.58984594483955,9.7849268356002,42.9000000000001));
#5097=CARTESIAN_POINT('Ctrl Pts',(7.50480796807752,9.77769620976522,42.8580706254201));
#5098=CARTESIAN_POINT('Ctrl Pts',(7.41081862534052,9.76970446542133,42.8));
#5099=CARTESIAN_POINT('Origin',(7.39733125857205,9.68592871550085,43.));
#5100=CARTESIAN_POINT('',(7.38226009165537,9.59231531176581,42.9000000000001));
#5101=CARTESIAN_POINT('',(7.38226009165537,9.59231531176581,43.));
#5102=CARTESIAN_POINT('Ctrl Pts',(7.41081862534052,9.76970446542131,42.8));
#5103=CARTESIAN_POINT('Ctrl Pts',(7.39582539515582,9.67657515975215,42.8580706254204));
#5104=CARTESIAN_POINT('Ctrl Pts',(7.38226009165537,9.59231531176581,42.9000000000001));
#5105=CARTESIAN_POINT('Ctrl Pts',(7.39733125857205,9.68592871550085,37.15));
#5106=CARTESIAN_POINT('Ctrl Pts',(7.40391046187374,9.72679493497425,37.1732438328447));
#5107=CARTESIAN_POINT('Ctrl Pts',(7.41081862534052,9.76970446542131,37.2));
#5108=CARTESIAN_POINT('Origin',(7.38226009165537,9.59231531176581,43.));
#5109=CARTESIAN_POINT('',(7.21567332602634,9.525,37.2));
#5110=CARTESIAN_POINT('Ctrl Pts',(7.21567332602634,9.525,37.2));
#5111=CARTESIAN_POINT('Ctrl Pts',(7.25596981397125,9.5412832301764,37.1732438328447));
#5112=CARTESIAN_POINT('Ctrl Pts',(7.2943474215378,9.55679106843963,37.15));
#5113=CARTESIAN_POINT('',(7.21567332602634,9.525,42.8));
#5114=CARTESIAN_POINT('',(7.21567332602634,9.525,43.));
#5115=CARTESIAN_POINT('Ctrl Pts',(7.38226009165537,9.5923153117658,42.9000000000001));
#5116=CARTESIAN_POINT('Ctrl Pts',(7.30313137798157,9.56034053867705,42.8580706254201));
#5117=CARTESIAN_POINT('Ctrl Pts',(7.21567332602634,9.525,42.8));
#5118=CARTESIAN_POINT('Origin',(7.22747850089991,9.44097070044748,43.));
#5119=CARTESIAN_POINT('',(7.240669938788,9.34707397314807,42.9000000000001));
#5120=CARTESIAN_POINT('',(7.240669938788,9.34707397314807,43.));
#5121=CARTESIAN_POINT('Ctrl Pts',(7.21567332602634,9.525,42.8));
#5122=CARTESIAN_POINT('Ctrl Pts',(7.2287965477262,9.43158883590274,42.8580706254201));
#5123=CARTESIAN_POINT('Ctrl Pts',(7.240669938788,9.34707397314807,42.9000000000001));
#5124=CARTESIAN_POINT('Ctrl Pts',(7.22747850089991,9.44097070044748,37.15));
#5125=CARTESIAN_POINT('Ctrl Pts',(7.22171987901038,9.48196060266822,37.1732438328447));
#5126=CARTESIAN_POINT('Ctrl Pts',(7.21567332602634,9.525,37.2));
#5127=CARTESIAN_POINT('Origin',(7.240669938788,9.34707397314807,43.));
#5128=CARTESIAN_POINT('',(7.10132569220908,9.23364698065414,37.2));
#5129=CARTESIAN_POINT('Ctrl Pts',(7.10132569220908,9.23364698065414,37.2));
#5130=CARTESIAN_POINT('Ctrl Pts',(7.13503235390731,9.26108439093339,37.1732438328447));
#5131=CARTESIAN_POINT('Ctrl Pts',(7.16713393647704,9.28721525786602,37.15));
#5132=CARTESIAN_POINT('',(7.10132569220908,9.23364698065414,42.8));
#5133=CARTESIAN_POINT('',(7.10132569220908,9.23364698065414,43.));
#5134=CARTESIAN_POINT('Ctrl Pts',(7.240669938788,9.34707397314807,42.9000000000001));
#5135=CARTESIAN_POINT('Ctrl Pts',(7.17448142166299,9.29319615171345,42.8580706254201));
#5136=CARTESIAN_POINT('Ctrl Pts',(7.10132569220908,9.23364698065414,42.8));
#5137=CARTESIAN_POINT('Origin',(8.12499999999999,8.99999999999999,37.0999999999999));
#5138=CARTESIAN_POINT('Origin',(8.12499999999999,8.99999999999999,37.0999999999999));
#5139=CARTESIAN_POINT('Ctrl Pts',(7.13737446713105,9.15683050349129,37.15));
#5140=CARTESIAN_POINT('Ctrl Pts',(7.11978969887643,9.19430195576584,37.1732438328447));
#5141=CARTESIAN_POINT('Ctrl Pts',(7.10132569220908,9.23364698065412,37.2));
#5142=CARTESIAN_POINT('Origin',(8.12499999999999,8.99999999999999,37.0999999999999));
#5143=CARTESIAN_POINT('Origin',(8.12499999999999,8.99999999999999,37.0999999999999));
#5144=CARTESIAN_POINT('',(7.07793601295976,8.92153340173426,37.2));
#5145=CARTESIAN_POINT('Ctrl Pts',(7.13502529608086,8.85875522806059,37.15));
#5146=CARTESIAN_POINT('Ctrl Pts',(7.10717686529008,8.88937872741359,37.1732438328447));
#5147=CARTESIAN_POINT('Ctrl Pts',(7.07793601295976,8.92153340173426,37.2));
#5148=CARTESIAN_POINT('Ctrl Pts',(7.07793601295976,8.92153340173426,37.2));
#5149=CARTESIAN_POINT('Ctrl Pts',(7.10205786360016,8.95768705780598,37.1732438328447));
#5150=CARTESIAN_POINT('Ctrl Pts',(7.12503105468628,8.99211911120762,37.15));
#5151=CARTESIAN_POINT('Origin',(8.12499999999999,8.99999999999999,37.0999999999999));
#5152=CARTESIAN_POINT('Origin',(8.12499999999999,8.99999999999999,37.0999999999999));
#5153=CARTESIAN_POINT('',(7.14758256392358,8.61639192441529,37.2));
#5154=CARTESIAN_POINT('Ctrl Pts',(7.2206397219063,8.57323017045917,37.15));
#5155=CARTESIAN_POINT('Ctrl Pts',(7.18500208386595,8.59428468458409,37.1732438328447));
#5156=CARTESIAN_POINT('Ctrl Pts',(7.14758256392358,8.61639192441529,37.2));
#5157=CARTESIAN_POINT('Ctrl Pts',(7.14758256392358,8.61639192441529,37.2));
#5158=CARTESIAN_POINT('Ctrl Pts',(7.15997627121978,8.6580494152798,37.1732438328447));
#5159=CARTESIAN_POINT('Ctrl Pts',(7.17177980197806,8.69772321610316,37.15));
#5160=CARTESIAN_POINT('Origin',(8.12499999999999,8.99999999999999,37.0999999999999));
#5161=CARTESIAN_POINT('Origin',(8.12499999999999,8.99999999999999,37.0999999999999));
#5162=CARTESIAN_POINT('',(7.30407694340856,8.34533570804834,37.2));
#5163=CARTESIAN_POINT('Ctrl Pts',(7.38661052716009,8.32562548506099,37.15));
#5164=CARTESIAN_POINT('Ctrl Pts',(7.34635024240325,8.33524022798166,37.1732438328447));
#5165=CARTESIAN_POINT('Ctrl Pts',(7.30407694340856,8.34533570804834,37.2));
#5166=CARTESIAN_POINT('Ctrl Pts',(7.30407694340856,8.34533570804834,37.2));
#5167=CARTESIAN_POINT('Ctrl Pts',(7.30364127207839,8.38879558283144,37.1732438328447));
#5168=CARTESIAN_POINT('Ctrl Pts',(7.30322634700204,8.43018593976773,37.15));
#5169=CARTESIAN_POINT('Origin',(8.12499999999999,8.99999999999999,37.0999999999999));
#5170=CARTESIAN_POINT('Origin',(8.12499999999999,8.99999999999999,37.0999999999999));
#5171=CARTESIAN_POINT('',(7.5335139390332,8.13244928696821,37.2));
#5172=CARTESIAN_POINT('Ctrl Pts',(7.61819047744453,8.13794193475897,37.15));
#5173=CARTESIAN_POINT('Ctrl Pts',(7.5768848489512,8.13526259437323,37.1732438328447));
#5174=CARTESIAN_POINT('Ctrl Pts',(7.5335139390332,8.13244928696821,37.2));
#5175=CARTESIAN_POINT('Ctrl Pts',(7.5335139390332,8.13244928696821,37.2));
#5176=CARTESIAN_POINT('Ctrl Pts',(7.52028760038623,8.17384994507491,37.1732438328447));
#5177=CARTESIAN_POINT('Ctrl Pts',(7.50769108738917,8.21327914327175,37.15));
#5178=CARTESIAN_POINT('Origin',(8.12499999999999,8.99999999999999,37.0999999999999));
#5179=CARTESIAN_POINT('Origin',(8.12499999999999,8.99999999999999,37.0999999999999));
#5180=CARTESIAN_POINT('',(7.81550706686855,7.99664855392455,37.2));
#5181=CARTESIAN_POINT('Ctrl Pts',(7.894802677905,8.02685602663311,37.15));
#5182=CARTESIAN_POINT('Ctrl Pts',(7.85612189203355,8.01212067409237,37.1732438328447));
#5183=CARTESIAN_POINT('Ctrl Pts',(7.81550706686855,7.99664855392455,37.2));
#5184=CARTESIAN_POINT('Ctrl Pts',(7.81550706686855,7.99664855392455,37.2));
#5185=CARTESIAN_POINT('Ctrl Pts',(7.79066527913645,8.03231136519828,37.1732438328447));
#5186=CARTESIAN_POINT('Ctrl Pts',(7.7670064336773,8.0662759473637,37.15));
#5187=CARTESIAN_POINT('Origin',(8.12499999999999,8.99999999999999,37.0999999999999));
#5188=CARTESIAN_POINT('Origin',(8.12499999999999,8.99999999999999,37.0999999999999));
#5189=CARTESIAN_POINT('',(8.12499999999999,7.95,37.2));
#5190=CARTESIAN_POINT('Ctrl Pts',(8.1918689206379,8.00223823111289,37.15));
#5191=CARTESIAN_POINT('Ctrl Pts',(8.15924993496086,7.97675616715538,37.1732438328447));
#5192=CARTESIAN_POINT('Ctrl Pts',(8.12500000000001,7.95,37.2));
#5193=CARTESIAN_POINT('Ctrl Pts',(8.12499999999999,7.95,37.2));
#5194=CARTESIAN_POINT('Ctrl Pts',(8.09075006503911,7.97675616715538,37.1732438328447));
#5195=CARTESIAN_POINT('Ctrl Pts',(8.0581310793621,8.00223823111289,37.15));
#5196=CARTESIAN_POINT('Origin',(8.12499999999999,8.99999999999999,37.0999999999999));
#5197=CARTESIAN_POINT('Origin',(8.12499999999999,8.99999999999999,37.0999999999999));
#5198=CARTESIAN_POINT('',(8.43449293313145,7.99664855392455,37.2));
#5199=CARTESIAN_POINT('Ctrl Pts',(8.4829935663227,8.06627594736369,37.15));
#5200=CARTESIAN_POINT('Ctrl Pts',(8.45933472086355,8.03231136519828,37.1732438328447));
#5201=CARTESIAN_POINT('Ctrl Pts',(8.43449293313145,7.99664855392455,37.2));
#5202=CARTESIAN_POINT('Ctrl Pts',(8.43449293313145,7.99664855392455,37.2));
#5203=CARTESIAN_POINT('Ctrl Pts',(8.39387810796645,8.01212067409236,37.1732438328447));
#5204=CARTESIAN_POINT('Ctrl Pts',(8.355197322095,8.02685602663311,37.15));
#5205=CARTESIAN_POINT('Origin',(8.12499999999999,8.99999999999999,37.0999999999999));
#5206=CARTESIAN_POINT('Origin',(8.12499999999999,8.99999999999999,37.0999999999999));
#5207=CARTESIAN_POINT('',(8.7164860609668,8.13244928696821,37.2));
#5208=CARTESIAN_POINT('Ctrl Pts',(8.74230891261083,8.21327914327175,37.15));
#5209=CARTESIAN_POINT('Ctrl Pts',(8.72971239961374,8.17384994507491,37.1732438328447));
#5210=CARTESIAN_POINT('Ctrl Pts',(8.7164860609668,8.13244928696821,37.2));
#5211=CARTESIAN_POINT('Ctrl Pts',(8.7164860609668,8.13244928696821,37.2));
#5212=CARTESIAN_POINT('Ctrl Pts',(8.6731151510488,8.13526259437323,37.1732438328447));
#5213=CARTESIAN_POINT('Ctrl Pts',(8.63180952255544,8.13794193475897,37.15));
#5214=CARTESIAN_POINT('Origin',(8.12499999999999,8.99999999999999,37.0999999999999));
#5215=CARTESIAN_POINT('Origin',(8.12499999999999,8.99999999999999,37.0999999999999));
#5216=CARTESIAN_POINT('',(8.94592305659143,8.34533570804834,37.2));
#5217=CARTESIAN_POINT('Ctrl Pts',(8.94677365299796,8.43018593976773,37.15));
#5218=CARTESIAN_POINT('Ctrl Pts',(8.94635872792159,8.38879558283144,37.1732438328447));
#5219=CARTESIAN_POINT('Ctrl Pts',(8.94592305659143,8.34533570804834,37.2));
#5220=CARTESIAN_POINT('Ctrl Pts',(8.94592305659143,8.34533570804834,37.2));
#5221=CARTESIAN_POINT('Ctrl Pts',(8.90364975759675,8.33524022798166,37.1732438328447));
#5222=CARTESIAN_POINT('Ctrl Pts',(8.86338947283991,8.32562548506099,37.15));
#5223=CARTESIAN_POINT('Origin',(8.12499999999999,8.99999999999999,37.0999999999999));
#5224=CARTESIAN_POINT('',(9.10241743607642,8.61639192441529,37.2));
#5225=CARTESIAN_POINT('Ctrl Pts',(9.07822019802195,8.69772321610315,37.15));
#5226=CARTESIAN_POINT('Ctrl Pts',(9.09002372878022,8.6580494152798,37.1732438328447));
#5227=CARTESIAN_POINT('Ctrl Pts',(9.10241743607642,8.61639192441529,37.2));
#5228=CARTESIAN_POINT('Ctrl Pts',(9.10241743607642,8.61639192441529,37.2));
#5229=CARTESIAN_POINT('Ctrl Pts',(9.06499791613403,8.59428468458411,37.1732438328447));
#5230=CARTESIAN_POINT('Ctrl Pts',(9.02936027809367,8.57323017045917,37.15));
#5231=CARTESIAN_POINT('Origin',(8.12499999999999,8.99999999999999,42.9000000000001));
#5232=CARTESIAN_POINT('',(8.97499999999999,8.99999999999999,43.));
#5233=CARTESIAN_POINT('',(9.07499999999999,8.99999999999999,42.9000000000001));
#5234=CARTESIAN_POINT('Origin',(8.12499999999999,8.99999999999999,43.));
#5235=CARTESIAN_POINT('',(7.17765639267788,9.0709935889071,42.9000000000001));
#5236=CARTESIAN_POINT('Ctrl Pts',(7.10132569220908,9.23364698065414,42.8));
#5237=CARTESIAN_POINT('Ctrl Pts',(7.14139930995519,9.14825394998698,42.8580706254201));
#5238=CARTESIAN_POINT('Ctrl Pts',(7.17765639267788,9.07099358890709,42.9000000000001));
#5239=CARTESIAN_POINT('',(7.07793601295976,8.92153340173426,42.8));
#5240=CARTESIAN_POINT('Ctrl Pts',(7.17765639267788,9.0709935889071,42.9000000000001));
#5241=CARTESIAN_POINT('Ctrl Pts',(7.13028921231175,8.99999999999999,42.8580706254201));
#5242=CARTESIAN_POINT('Ctrl Pts',(7.07793601295976,8.92153340173426,42.8));
#5243=CARTESIAN_POINT('',(7.19881848342725,8.78860511274151,42.9000000000001));
#5244=CARTESIAN_POINT('Ctrl Pts',(7.07793601295976,8.92153340173426,42.8));
#5245=CARTESIAN_POINT('Ctrl Pts',(7.14139930995519,8.85174605001306,42.8580706254201));
#5246=CARTESIAN_POINT('Ctrl Pts',(7.19881848342725,8.78860511274151,42.9000000000001));
#5247=CARTESIAN_POINT('',(7.14758256392358,8.61639192441529,42.8));
#5248=CARTESIAN_POINT('Ctrl Pts',(7.19881848342725,8.78860511274151,42.9000000000001));
#5249=CARTESIAN_POINT('Ctrl Pts',(7.17448142166302,8.70680384828653,42.8580706254201));
#5250=CARTESIAN_POINT('Ctrl Pts',(7.14758256392358,8.61639192441529,42.8));
#5251=CARTESIAN_POINT('',(7.30227586640478,8.52499999999999,42.9000000000001));
#5252=CARTESIAN_POINT('Ctrl Pts',(7.14758256392358,8.61639192441529,42.8));
#5253=CARTESIAN_POINT('Ctrl Pts',(7.22879654772623,8.56841116409725,42.8580706254201));
#5254=CARTESIAN_POINT('Ctrl Pts',(7.30227586640478,8.52499999999999,42.9000000000001));
#5255=CARTESIAN_POINT('',(7.30407694340856,8.34533570804834,42.8));
#5256=CARTESIAN_POINT('Ctrl Pts',(7.30227586640478,8.52499999999998,42.9000000000001));
#5257=CARTESIAN_POINT('Ctrl Pts',(7.30313137798159,8.43965946132293,42.8580706254201));
#5258=CARTESIAN_POINT('Ctrl Pts',(7.30407694340856,8.34533570804834,42.8));
#5259=CARTESIAN_POINT('',(7.47883589911762,8.30360072176166,42.9000000000001));
#5260=CARTESIAN_POINT('Ctrl Pts',(7.30407694340856,8.34533570804834,42.8));
#5261=CARTESIAN_POINT('Ctrl Pts',(7.3958253951558,8.32342484024784,42.8580706254201));
#5262=CARTESIAN_POINT('Ctrl Pts',(7.47883589911762,8.30360072176166,42.9000000000001));
#5263=CARTESIAN_POINT('',(7.5335139390332,8.13244928696821,42.8));
#5264=CARTESIAN_POINT('Ctrl Pts',(7.47883589911762,8.30360072176166,42.9000000000001));
#5265=CARTESIAN_POINT('Ctrl Pts',(7.50480796807751,8.22230379023477,42.8580706254201));
#5266=CARTESIAN_POINT('Ctrl Pts',(7.5335139390332,8.13244928696821,42.8));
#5267=CARTESIAN_POINT('',(7.71281044783832,8.1440795754927,42.9000000000001));
#5268=CARTESIAN_POINT('Ctrl Pts',(7.5335139390332,8.13244928696821,42.8));
#5269=CARTESIAN_POINT('Ctrl Pts',(7.62764460615589,8.13855518844356,42.8580706254201));
#5270=CARTESIAN_POINT('Ctrl Pts',(7.71281044783832,8.1440795754927,42.9000000000001));
#5271=CARTESIAN_POINT('',(7.81550706686855,7.99664855392455,42.8));
#5272=CARTESIAN_POINT('Ctrl Pts',(7.71281044783832,8.1440795754927,42.9000000000001));
#5273=CARTESIAN_POINT('Ctrl Pts',(7.76159134187768,8.07404984024783,42.8580706254201));
#5274=CARTESIAN_POINT('Ctrl Pts',(7.81550706686855,7.99664855392455,42.8));
#5275=CARTESIAN_POINT('',(7.98340984713262,8.06061071508613,42.9000000000001));
#5276=CARTESIAN_POINT('Ctrl Pts',(7.81550706686855,7.99664855392455,42.8));
#5277=CARTESIAN_POINT('Ctrl Pts',(7.90365602650719,8.03022868853438,42.8580706254201));
#5278=CARTESIAN_POINT('Ctrl Pts',(7.98340984713262,8.06061071508613,42.9000000000001));
#5279=CARTESIAN_POINT('',(8.12499999999999,7.95,42.8));
#5280=CARTESIAN_POINT('Ctrl Pts',(7.98340984713262,8.06061071508613,42.9000000000001));
#5281=CARTESIAN_POINT('Ctrl Pts',(8.05066516974465,8.00807062542021,42.8580706254201));
#5282=CARTESIAN_POINT('Ctrl Pts',(8.12499999999999,7.95,42.8));
#5283=CARTESIAN_POINT('',(8.26659015286737,8.06061071508613,42.9000000000001));
#5284=CARTESIAN_POINT('Ctrl Pts',(8.12499999999999,7.95,42.8));
#5285=CARTESIAN_POINT('Ctrl Pts',(8.19933483025535,8.00807062542021,42.8580706254201));
#5286=CARTESIAN_POINT('Ctrl Pts',(8.26659015286737,8.06061071508613,42.9000000000001));
#5287=CARTESIAN_POINT('',(8.43449293313145,7.99664855392455,42.8));
#5288=CARTESIAN_POINT('Ctrl Pts',(8.26659015286737,8.06061071508613,42.9000000000001));
#5289=CARTESIAN_POINT('Ctrl Pts',(8.34634397349279,8.03022868853438,42.8580706254201));
#5290=CARTESIAN_POINT('Ctrl Pts',(8.43449293313145,7.99664855392455,42.8));
#5291=CARTESIAN_POINT('',(8.53718955216168,8.1440795754927,42.9000000000001));
#5292=CARTESIAN_POINT('Ctrl Pts',(8.43449293313145,7.99664855392455,42.8));
#5293=CARTESIAN_POINT('Ctrl Pts',(8.48840865812231,8.0740498402478,42.8580706254201));
#5294=CARTESIAN_POINT('Ctrl Pts',(8.53718955216168,8.1440795754927,42.9000000000001));
#5295=CARTESIAN_POINT('',(8.7164860609668,8.13244928696821,42.8));
#5296=CARTESIAN_POINT('Ctrl Pts',(8.53718955216168,8.1440795754927,42.9000000000001));
#5297=CARTESIAN_POINT('Ctrl Pts',(8.62235539384411,8.13855518844358,42.8580706254201));
#5298=CARTESIAN_POINT('Ctrl Pts',(8.7164860609668,8.13244928696821,42.8));
#5299=CARTESIAN_POINT('',(8.77116410088238,8.30360072176166,42.9000000000001));
#5300=CARTESIAN_POINT('Ctrl Pts',(8.7164860609668,8.13244928696821,42.8));
#5301=CARTESIAN_POINT('Ctrl Pts',(8.74519203192248,8.22230379023476,42.8580706254201));
#5302=CARTESIAN_POINT('Ctrl Pts',(8.77116410088238,8.30360072176166,42.9000000000001));
#5303=CARTESIAN_POINT('',(8.94592305659143,8.34533570804834,42.8));
#5304=CARTESIAN_POINT('Ctrl Pts',(8.77116410088238,8.30360072176166,42.9000000000001));
#5305=CARTESIAN_POINT('Ctrl Pts',(8.85417460484418,8.32342484024784,42.8580706254201));
#5306=CARTESIAN_POINT('Ctrl Pts',(8.94592305659143,8.34533570804834,42.8));
#5307=CARTESIAN_POINT('',(8.94772413359522,8.52500000000001,42.9000000000001));
#5308=CARTESIAN_POINT('Ctrl Pts',(8.94592305659143,8.34533570804834,42.8));
#5309=CARTESIAN_POINT('Ctrl Pts',(8.94686862201841,8.43965946132293,42.8580706254201));
#5310=CARTESIAN_POINT('Ctrl Pts',(8.94772413359522,8.52500000000001,42.9000000000001));
#5311=CARTESIAN_POINT('',(9.10241743607642,8.61639192441529,42.8));
#5312=CARTESIAN_POINT('Ctrl Pts',(8.94772413359522,8.52500000000001,42.9000000000001));
#5313=CARTESIAN_POINT('Ctrl Pts',(9.0212034522738,8.56841116409727,42.8580706254201));
#5314=CARTESIAN_POINT('Ctrl Pts',(9.10241743607642,8.61639192441529,42.8));
#5315=CARTESIAN_POINT('Ctrl Pts',(9.10241743607642,8.61639192441529,42.8));
#5316=CARTESIAN_POINT('Ctrl Pts',(9.07551857833698,8.70680384828656,42.8580706254201));
#5317=CARTESIAN_POINT('Ctrl Pts',(9.05118151657272,8.78860511274151,42.9000000000001));
#5318=CARTESIAN_POINT('Origin',(9.07822019802192,8.69772321610316,43.));
#5319=CARTESIAN_POINT('',(9.10241743607642,8.61639192441529,43.));
#5320=CARTESIAN_POINT('Origin',(8.94772413359522,8.52500000000001,43.));
#5321=CARTESIAN_POINT('',(8.94772413359522,8.52500000000001,43.));
#5322=CARTESIAN_POINT('Origin',(8.94677365299796,8.43018593976773,43.));
#5323=CARTESIAN_POINT('',(8.94592305659143,8.34533570804834,43.));
#5324=CARTESIAN_POINT('Origin',(8.77116410088238,8.30360072176166,43.));
#5325=CARTESIAN_POINT('',(8.77116410088238,8.30360072176166,43.));
#5326=CARTESIAN_POINT('Origin',(8.74230891261083,8.21327914327175,43.));
#5327=CARTESIAN_POINT('',(8.7164860609668,8.13244928696821,43.));
#5328=CARTESIAN_POINT('Origin',(8.53718955216168,8.1440795754927,43.));
#5329=CARTESIAN_POINT('',(8.53718955216168,8.1440795754927,43.));
#5330=CARTESIAN_POINT('Origin',(8.4829935663227,8.06627594736369,43.));
#5331=CARTESIAN_POINT('',(8.43449293313145,7.99664855392455,43.));
#5332=CARTESIAN_POINT('Origin',(8.26659015286737,8.06061071508613,43.));
#5333=CARTESIAN_POINT('',(8.26659015286737,8.06061071508613,43.));
#5334=CARTESIAN_POINT('Origin',(8.1918689206379,8.00223823111289,43.));
#5335=CARTESIAN_POINT('',(8.12499999999999,7.95,43.));
#5336=CARTESIAN_POINT('Origin',(7.98340984713262,8.06061071508613,43.));
#5337=CARTESIAN_POINT('',(7.98340984713262,8.06061071508613,43.));
#5338=CARTESIAN_POINT('Origin',(7.894802677905,8.02685602663311,43.));
#5339=CARTESIAN_POINT('',(7.81550706686855,7.99664855392455,43.));
#5340=CARTESIAN_POINT('Origin',(7.71281044783832,8.1440795754927,43.));
#5341=CARTESIAN_POINT('',(7.71281044783832,8.1440795754927,43.));
#5342=CARTESIAN_POINT('Origin',(7.61819047744455,8.13794193475897,43.));
#5343=CARTESIAN_POINT('',(7.5335139390332,8.13244928696821,43.));
#5344=CARTESIAN_POINT('Origin',(7.47883589911762,8.30360072176166,43.));
#5345=CARTESIAN_POINT('',(7.47883589911762,8.30360072176166,43.));
#5346=CARTESIAN_POINT('Origin',(7.38661052716009,8.32562548506099,43.));
#5347=CARTESIAN_POINT('',(7.30407694340856,8.34533570804834,43.));
#5348=CARTESIAN_POINT('Origin',(7.30227586640478,8.52499999999999,43.));
#5349=CARTESIAN_POINT('',(7.30227586640478,8.52499999999999,43.));
#5350=CARTESIAN_POINT('Origin',(7.2206397219063,8.57323017045916,43.));
#5351=CARTESIAN_POINT('',(7.14758256392358,8.61639192441529,43.));
#5352=CARTESIAN_POINT('Origin',(7.13502529608086,8.85875522806059,43.));
#5353=CARTESIAN_POINT('',(7.19881848342725,8.78860511274151,43.));
#5354=CARTESIAN_POINT('',(7.07793601295976,8.92153340173426,43.));
#5355=CARTESIAN_POINT('Origin',(8.12499999999999,8.99999999999999,43.));
#5356=CARTESIAN_POINT('Origin',(7.13737446713105,9.15683050349129,43.));
#5357=CARTESIAN_POINT('',(7.17765639267788,9.0709935889071,43.));
#5358=CARTESIAN_POINT('Origin',(7.17765639267788,9.0709935889071,43.));
#5359=CARTESIAN_POINT('Origin',(7.19881848342725,8.78860511274151,43.));
#5360=CARTESIAN_POINT('Origin',(8.12499999999999,8.99999999999999,-2.5));
#5361=CARTESIAN_POINT('',(0.,0.,0.));
#5362=CARTESIAN_POINT('',(0.,0.,0.));
#5363=CARTESIAN_POINT('Origin',(8.12499999999999,8.99999999999999,-1.));
#5364=CARTESIAN_POINT('',(7.125,8.99999999999999,-1.));
#5365=CARTESIAN_POINT('Origin',(8.12499999999999,8.99999999999999,-1.));
#5366=CARTESIAN_POINT('',(7.125,8.99999999999999,-0.499999999999999));
#5367=CARTESIAN_POINT('',(7.12499999999999,8.99999999999999,-1.));
#5368=CARTESIAN_POINT('Origin',(8.12499999999999,8.99999999999999,-0.499999999999999));
#5369=CARTESIAN_POINT('Origin',(8.12499999999999,8.99999999999999,-1.));
#5370=CARTESIAN_POINT('',(10.625,8.99999999999999,-0.499999999999999));
#5371=CARTESIAN_POINT('Origin',(8.12499999999999,8.99999999999999,-0.499999999999999));
#5372=CARTESIAN_POINT('',(10.625,8.99999999999999,-1.));
#5373=CARTESIAN_POINT('',(10.625,8.99999999999999,-1.));
#5374=CARTESIAN_POINT('Origin',(8.12499999999999,8.99999999999999,-1.));
#5375=CARTESIAN_POINT('Origin',(8.12499999999999,8.99999999999999,-1.));
#5376=CARTESIAN_POINT('Origin',(8.12499999999999,8.99999999999999,-0.499999999999999));
#5377=CARTESIAN_POINT('Origin',(1.93440645025711,8.99999999999999,0.));
#5378=CARTESIAN_POINT('',(0.934406450257114,8.99999999999999,0.));
#5379=CARTESIAN_POINT('Origin',(1.93440645025711,8.99999999999999,0.));
#5380=CARTESIAN_POINT('',(0.934406450257114,8.99999999999999,0.499999999999999));
#5381=CARTESIAN_POINT('',(0.934406450257114,8.99999999999999,0.));
#5382=CARTESIAN_POINT('Origin',(1.93440645025711,8.99999999999999,0.499999999999999));
#5383=CARTESIAN_POINT('Origin',(8.12499999999999,14.5898924494278,0.));
#5384=CARTESIAN_POINT('',(7.125,14.5898924494278,0.));
#5385=CARTESIAN_POINT('Origin',(8.12499999999999,14.5898924494278,0.));
#5386=CARTESIAN_POINT('',(7.125,14.5898924494278,0.499999999999999));
#5387=CARTESIAN_POINT('',(7.12499999999999,14.5898924494278,0.));
#5388=CARTESIAN_POINT('Origin',(8.12499999999999,14.5898924494278,0.499999999999999));
#5389=CARTESIAN_POINT('Origin',(14.3155935497429,8.99999999999999,0.));
#5390=CARTESIAN_POINT('',(13.3155935497429,8.99999999999999,0.));
#5391=CARTESIAN_POINT('Origin',(14.3155935497429,8.99999999999999,0.));
#5392=CARTESIAN_POINT('',(13.3155935497429,8.99999999999999,0.499999999999999));
#5393=CARTESIAN_POINT('',(13.3155935497429,8.99999999999999,0.));
#5394=CARTESIAN_POINT('Origin',(14.3155935497429,8.99999999999999,0.499999999999999));
#5395=CARTESIAN_POINT('Origin',(8.,8.99999999999999,0.));
#5396=CARTESIAN_POINT('',(5.49102540378443,8.99999999999999,0.));
#5397=CARTESIAN_POINT('Origin',(8.12499999999999,8.99999999999999,0.));
#5398=CARTESIAN_POINT('',(5.625,8.99999999999999,0.));
#5399=CARTESIAN_POINT('Origin',(8.12499999999999,8.99999999999999,0.));
#5400=CARTESIAN_POINT('Origin',(8.12499999999999,8.99999999999999,-0.499999999999999));
#5401=CARTESIAN_POINT('',(4.62499999999999,8.99999999999999,0.499999999999999));
#5402=CARTESIAN_POINT('Origin',(4.62499999999999,8.99999999999999,-0.499999999999999));
#5403=CARTESIAN_POINT('Origin',(8.12499999999999,8.99999999999999,0.499999999999999));
#5404=CARTESIAN_POINT('Origin',(8.,8.99999999999999,0.499999999999999));
#5405=CARTESIAN_POINT('',(3.73573753348015,17.,0.499999999999999));
#5406=CARTESIAN_POINT('',(3.73573753348015,1.,0.499999999999999));
#5407=CARTESIAN_POINT('Origin',(8.12499999999999,8.99999999999999,0.499999999999999));
#5408=CARTESIAN_POINT('',(12.2642624665199,1.,0.499999999999999));
#5409=CARTESIAN_POINT('',(4.,1.,0.499999999999999));
#5410=CARTESIAN_POINT('',(12.2642624665199,17.,0.499999999999999));
#5411=CARTESIAN_POINT('Origin',(7.875,8.99999999999999,0.499999999999999));
#5412=CARTESIAN_POINT('',(12.,17.,0.499999999999999));
#5413=CARTESIAN_POINT('Origin',(8.12499999999999,8.99999999999999,2.99999999999999));
#5414=CARTESIAN_POINT('',(0.194639037219049,0.500000000000001,2.99999999999999));
#5415=CARTESIAN_POINT('',(0.194639037219047,17.5,2.99999999999999));
#5416=CARTESIAN_POINT('Origin',(8.12499999999999,8.99999999999999,2.99999999999999));
#5417=CARTESIAN_POINT('',(1.74999999999998,0.500000000000004,1.));
#5418=CARTESIAN_POINT('Ctrl Pts',(1.74999999999998,0.499999999999999,0.999999999999988));
#5419=CARTESIAN_POINT('Ctrl Pts',(1.48047963394228,0.499999999999999,1.12128416472595));
#5420=CARTESIAN_POINT('Ctrl Pts',(1.21878312537532,0.499999999999998,1.27826524842046));
#5421=CARTESIAN_POINT('Ctrl Pts',(0.76503726501069,0.499999999999998,1.64686039096926));
#5422=CARTESIAN_POINT('Ctrl Pts',(0.521061948554562,0.499999999999998,1.93150815629331));
#5423=CARTESIAN_POINT('Ctrl Pts',(0.268872603602448,0.499999999999998,2.44257565379483));
#5424=CARTESIAN_POINT('Ctrl Pts',(0.19463903721903,0.499999999999998,2.74251175165047));
#5425=CARTESIAN_POINT('Ctrl Pts',(0.19463903721903,0.499999999999998,2.99999999999999));
#5426=CARTESIAN_POINT('Ctrl Pts',(3.73573753348011,0.999999999999999,0.499999999999989));
#5427=CARTESIAN_POINT('Ctrl Pts',(3.73252068783797,0.998861702442235,0.499999999999989));
#5428=CARTESIAN_POINT('Ctrl Pts',(3.72930405102304,0.997722854160344,0.500003887162277));
#5429=CARTESIAN_POINT('Ctrl Pts',(3.19580900320569,0.808740386952786,0.501295244043929));
#5430=CARTESIAN_POINT('Ctrl Pts',(2.73814645997278,0.634850868342468,0.608819972856336));
#5431=CARTESIAN_POINT('Ctrl Pts',(2.09324367309013,0.517215815785432,0.848972977862006));
#5432=CARTESIAN_POINT('Ctrl Pts',(1.91812061654324,0.500000000000003,0.924345722555519));
#5433=CARTESIAN_POINT('Ctrl Pts',(1.74999999999998,0.500000000000001,0.999999999999987));
#5434=CARTESIAN_POINT('',(1.74999999999998,17.5,1.));
#5435=CARTESIAN_POINT('Ctrl Pts',(1.74999999999998,17.5,0.999999999999994));
#5436=CARTESIAN_POINT('Ctrl Pts',(1.91812061654318,17.5,0.924345722555554));
#5437=CARTESIAN_POINT('Ctrl Pts',(2.09324367309,17.4827841842146,0.848972977862068));
#5438=CARTESIAN_POINT('Ctrl Pts',(2.73814645994168,17.3651491316632,0.608819972867902));
#5439=CARTESIAN_POINT('Ctrl Pts',(3.1958090031618,17.1912596130631,0.501295244044036));
#5440=CARTESIAN_POINT('Ctrl Pts',(3.72930405102327,17.0022771458396,0.500003887162277));
#5441=CARTESIAN_POINT('Ctrl Pts',(3.73252068783778,17.0011382975578,0.499999999999989));
#5442=CARTESIAN_POINT('Ctrl Pts',(3.73573753348013,17.,0.499999999999989));
#5443=CARTESIAN_POINT('Ctrl Pts',(0.194639037219047,17.5,2.99999999999999));
#5444=CARTESIAN_POINT('Ctrl Pts',(0.194639037219046,17.5,2.74251175165047));
#5445=CARTESIAN_POINT('Ctrl Pts',(0.268872603602464,17.5,2.44257565379483));
#5446=CARTESIAN_POINT('Ctrl Pts',(0.521061948554579,17.5,1.93150815629331));
#5447=CARTESIAN_POINT('Ctrl Pts',(0.765037265010706,17.5,1.64686039096926));
#5448=CARTESIAN_POINT('Ctrl Pts',(1.21878312537534,17.5,1.27826524842047));
#5449=CARTESIAN_POINT('Ctrl Pts',(1.48047963394228,17.5,1.12128416472596));
#5450=CARTESIAN_POINT('Ctrl Pts',(1.74999999999998,17.5,0.999999999999998));
#5451=CARTESIAN_POINT('Origin',(4.,1.,1.));
#5452=CARTESIAN_POINT('',(14.25,0.500000000000004,1.));
#5453=CARTESIAN_POINT('',(4.,0.499999999999999,1.));
#5454=CARTESIAN_POINT('Ctrl Pts',(12.2642624665199,1.,0.499999999999989));
#5455=CARTESIAN_POINT('Ctrl Pts',(12.2674793121623,0.998861702442136,0.499999999999989));
#5456=CARTESIAN_POINT('Ctrl Pts',(12.2706959489767,0.997722854160451,0.500003887162277));
#5457=CARTESIAN_POINT('Ctrl Pts',(12.8041909968459,0.808740386934116,0.501295244044055));
#5458=CARTESIAN_POINT('Ctrl Pts',(13.2618535400636,0.63485086833585,0.608819972869889));
#5459=CARTESIAN_POINT('Ctrl Pts',(13.9067563269098,0.517215815785435,0.848972977861977));
#5460=CARTESIAN_POINT('Ctrl Pts',(14.0818793834567,0.500000000000002,0.924345722555509));
#5461=CARTESIAN_POINT('Ctrl Pts',(14.25,0.500000000000001,0.999999999999994));
#5462=CARTESIAN_POINT('Origin',(7.875,8.99999999999999,2.99999999999999));
#5463=CARTESIAN_POINT('',(15.8053609627809,17.5,2.99999999999999));
#5464=CARTESIAN_POINT('',(15.8053609627809,0.499999999999999,2.99999999999999));
#5465=CARTESIAN_POINT('Origin',(7.875,8.99999999999999,2.99999999999999));
#5466=CARTESIAN_POINT('',(14.25,17.5,1.));
#5467=CARTESIAN_POINT('Ctrl Pts',(14.25,17.5,1.00000000000001));
#5468=CARTESIAN_POINT('Ctrl Pts',(14.5195203660577,17.5,1.12128416472597));
#5469=CARTESIAN_POINT('Ctrl Pts',(14.7812168746247,17.5,1.27826524842047));
#5470=CARTESIAN_POINT('Ctrl Pts',(15.2349627349893,17.5,1.64686039096926));
#5471=CARTESIAN_POINT('Ctrl Pts',(15.4789380514454,17.5,1.93150815629331));
#5472=CARTESIAN_POINT('Ctrl Pts',(15.7311273963975,17.5,2.44257565379483));
#5473=CARTESIAN_POINT('Ctrl Pts',(15.8053609627809,17.5,2.74251175165047));
#5474=CARTESIAN_POINT('Ctrl Pts',(15.8053609627809,17.5,2.99999999999999));
#5475=CARTESIAN_POINT('Ctrl Pts',(12.2642624665199,17.,0.499999999999989));
#5476=CARTESIAN_POINT('Ctrl Pts',(12.267479312162,17.0011382975578,0.499999999999989));
#5477=CARTESIAN_POINT('Ctrl Pts',(12.2706959489769,17.0022771458397,0.500003887162277));
#5478=CARTESIAN_POINT('Ctrl Pts',(12.8041909967877,17.1912596130448,0.501295244043913));
#5479=CARTESIAN_POINT('Ctrl Pts',(13.2618535400226,17.3651491316567,0.608819972854623));
#5480=CARTESIAN_POINT('Ctrl Pts',(13.90675632691,17.4827841842146,0.848972977862064));
#5481=CARTESIAN_POINT('Ctrl Pts',(14.0818793834568,17.5,0.924345722555551));
#5482=CARTESIAN_POINT('Ctrl Pts',(14.25,17.5,1.));
#5483=CARTESIAN_POINT('Ctrl Pts',(15.805360962781,0.499999999999998,2.99999999999999));
#5484=CARTESIAN_POINT('Ctrl Pts',(15.805360962781,0.499999999999998,2.74251175165047));
#5485=CARTESIAN_POINT('Ctrl Pts',(15.7311273963975,0.499999999999998,2.44257565379483));
#5486=CARTESIAN_POINT('Ctrl Pts',(15.4789380514454,0.499999999999998,1.93150815629331));
#5487=CARTESIAN_POINT('Ctrl Pts',(15.2349627349893,0.499999999999998,1.64686039096926));
#5488=CARTESIAN_POINT('Ctrl Pts',(14.7812168746247,0.499999999999998,1.27826524842047));
#5489=CARTESIAN_POINT('Ctrl Pts',(14.5195203660577,0.499999999999999,1.12128416472596));
#5490=CARTESIAN_POINT('Ctrl Pts',(14.25,0.499999999999999,1.));
#5491=CARTESIAN_POINT('Origin',(12.,17.,1.));
#5492=CARTESIAN_POINT('',(12.,17.5,1.));
#5493=CARTESIAN_POINT('Origin',(0.,0.499999999999999,0.));
#5494=CARTESIAN_POINT('',(0.19463903721905,0.499999999999999,25.));
#5495=CARTESIAN_POINT('',(0.19463903721905,0.500000000000001,0.));
#5496=CARTESIAN_POINT('',(15.8053609627809,0.500000000000001,25.));
#5497=CARTESIAN_POINT('',(4.,0.500000000000001,25.));
#5498=CARTESIAN_POINT('',(15.8053609627809,0.500000000000001,0.));
#5499=CARTESIAN_POINT('Origin',(7.875,8.99999999999999,0.));
#5500=CARTESIAN_POINT('',(15.8053609627809,17.5,25.));
#5501=CARTESIAN_POINT('Origin',(7.875,8.99999999999999,25.));
#5502=CARTESIAN_POINT('',(15.8053609627809,17.5,0.));
#5503=CARTESIAN_POINT('Origin',(16.,17.5,0.));
#5504=CARTESIAN_POINT('',(0.194639037219047,17.5,25.));
#5505=CARTESIAN_POINT('',(12.,17.5,25.));
#5506=CARTESIAN_POINT('',(0.194639037219049,17.5,0.));
#5507=CARTESIAN_POINT('Origin',(8.12499999999999,8.99999999999999,0.));
#5508=CARTESIAN_POINT('Origin',(8.12499999999999,8.99999999999999,25.));
#5509=CARTESIAN_POINT('Origin',(8.12499999999999,8.99999999999999,-0.499999999999999));
#5510=CARTESIAN_POINT('',(4.62499999999999,8.99999999999999,0.));
#5511=CARTESIAN_POINT('Origin',(8.12499999999999,8.99999999999999,0.));
#5512=CARTESIAN_POINT('',(5.125,8.99999999999999,-0.499999999999999));
#5513=CARTESIAN_POINT('Origin',(4.62499999999999,8.99999999999999,-0.499999999999999));
#5514=CARTESIAN_POINT('Origin',(8.12499999999999,8.99999999999999,-0.499999999999999));
#5515=CARTESIAN_POINT('Origin',(8.12499999999999,8.99999999999999,0.));
#5516=CARTESIAN_POINT('',(5.125,8.99999999999999,-1.5));
#5517=CARTESIAN_POINT('Origin',(8.12499999999999,8.99999999999999,-1.5));
#5518=CARTESIAN_POINT('',(5.125,8.99999999999999,0.));
#5519=CARTESIAN_POINT('Origin',(8.,8.99999999999999,0.));
#5520=CARTESIAN_POINT('',(3.73573753348015,17.,0.));
#5521=CARTESIAN_POINT('',(3.73573753348015,1.,0.));
#5522=CARTESIAN_POINT('Origin',(8.12499999999999,8.99999999999999,0.));
#5523=CARTESIAN_POINT('',(12.2642624665199,17.,0.));
#5524=CARTESIAN_POINT('',(12.,17.,0.));
#5525=CARTESIAN_POINT('',(12.2642624665199,1.,0.));
#5526=CARTESIAN_POINT('Origin',(7.875,8.99999999999999,0.));
#5527=CARTESIAN_POINT('',(4.,1.,0.));
#5528=CARTESIAN_POINT('Origin',(8.12499999999999,8.99999999999999,0.));
#5529=CARTESIAN_POINT('',(5.625,8.99999999999999,-1.5));
#5530=CARTESIAN_POINT('',(5.62499999999999,8.99999999999999,0.));
#5531=CARTESIAN_POINT('Origin',(8.12499999999999,8.99999999999999,-1.5));
#5532=CARTESIAN_POINT('Origin',(8.12499999999999,8.99999999999999,-1.5));
#5533=CARTESIAN_POINT('Origin',(8.12499999999999,8.99999999999999,2.99999999999999));
#5534=CARTESIAN_POINT('',(0.,-1.11022302462516E-15,2.99999999999999));
#5535=CARTESIAN_POINT('',(-1.11022302462516E-15,18.,2.99999999999999));
#5536=CARTESIAN_POINT('Origin',(8.12499999999999,8.99999999999999,2.99999999999999));
#5537=CARTESIAN_POINT('',(1.19146802925297,18.,1.));
#5538=CARTESIAN_POINT('Ctrl Pts',(2.44249065417534E-14,18.,2.99999999999999));
#5539=CARTESIAN_POINT('Ctrl Pts',(2.44453695406503E-14,18.,2.70509710653857));
#5540=CARTESIAN_POINT('Ctrl Pts',(0.0826395020671132,18.,2.36099795722015));
#5541=CARTESIAN_POINT('Ctrl Pts',(0.364068501214763,18.,1.77358196375904));
#5542=CARTESIAN_POINT('Ctrl Pts',(0.636806233922228,18.,1.44407469956822));
#5543=CARTESIAN_POINT('Ctrl Pts',(0.996526688739258,18.,1.14035432626607));
#5544=CARTESIAN_POINT('Ctrl Pts',(1.09123077552395,18.,1.06839424031696));
#5545=CARTESIAN_POINT('Ctrl Pts',(1.19146802925297,18.,1.00000000000001));
#5546=CARTESIAN_POINT('Ctrl Pts',(1.19146802925297,18.,1.));
#5547=CARTESIAN_POINT('Ctrl Pts',(1.37435164331677,18.,0.875214200459606));
#5548=CARTESIAN_POINT('Ctrl Pts',(1.55863988904687,17.9766614154013,0.752960918139506));
#5549=CARTESIAN_POINT('Ctrl Pts',(2.07469615335451,17.8558581170738,0.44075610960175));
#5550=CARTESIAN_POINT('Ctrl Pts',(2.39950643874296,17.7203236154988,0.277286445286441));
#5551=CARTESIAN_POINT('Ctrl Pts',(3.06535179452804,17.3849510484964,0.0558650832961785));
#5552=CARTESIAN_POINT('Ctrl Pts',(3.3898550947593,17.1946544188888,0.000967684862027831));
#5553=CARTESIAN_POINT('Ctrl Pts',(3.72976902280887,17.0033571289639,4.22517432963951E-6));
#5554=CARTESIAN_POINT('Ctrl Pts',(3.73275314041682,17.0016783274205,1.77999250469288E-19));
#5555=CARTESIAN_POINT('Ctrl Pts',(3.73573753348013,17.,0.));
#5556=CARTESIAN_POINT('',(1.19146802925297,0.,1.));
#5557=CARTESIAN_POINT('Ctrl Pts',(3.73573753348011,0.999999999999999,0.));
#5558=CARTESIAN_POINT('Ctrl Pts',(3.73275314041482,0.998321672578353,1.77999250587076E-19));
#5559=CARTESIAN_POINT('Ctrl Pts',(3.72976902281077,0.996642871037244,4.22517432402485E-6));
#5560=CARTESIAN_POINT('Ctrl Pts',(3.3898550946754,0.805345581062206,0.000967684862269757));
#5561=CARTESIAN_POINT('Ctrl Pts',(3.06535179451271,0.615048951495865,0.0558650833012667));
#5562=CARTESIAN_POINT('Ctrl Pts',(2.39950643874287,0.279676384501116,0.277286445286472));
#5563=CARTESIAN_POINT('Ctrl Pts',(2.07469615335441,0.14414188292613,0.440756109601801));
#5564=CARTESIAN_POINT('Ctrl Pts',(1.55863988904677,0.0233385845987017,0.752960918139562));
#5565=CARTESIAN_POINT('Ctrl Pts',(1.37435164331671,1.0594104542184E-15,
0.87521420045963));
#5566=CARTESIAN_POINT('Ctrl Pts',(1.19146802925297,7.80625564189563E-17,
0.999999999999994));
#5567=CARTESIAN_POINT('Ctrl Pts',(1.19146802925297,3.75592607240902E-18,
0.999999999999994));
#5568=CARTESIAN_POINT('Ctrl Pts',(1.09123077552393,5.12590954972672E-18,
1.06839424031694));
#5569=CARTESIAN_POINT('Ctrl Pts',(0.996526688739239,0.,1.14035432626605));
#5570=CARTESIAN_POINT('Ctrl Pts',(0.636806233922203,0.,1.44407469956822));
#5571=CARTESIAN_POINT('Ctrl Pts',(0.364068501214734,0.,1.77358196375903));
#5572=CARTESIAN_POINT('Ctrl Pts',(0.0826395020670825,0.,2.36099795722015));
#5573=CARTESIAN_POINT('Ctrl Pts',(-4.44089209850063E-15,0.,2.70509710653857));
#5574=CARTESIAN_POINT('Ctrl Pts',(-4.44089209850063E-15,0.,2.99999999999999));
#5575=CARTESIAN_POINT('Origin',(4.,1.,1.));
#5576=CARTESIAN_POINT('',(14.808531970747,0.,1.));
#5577=CARTESIAN_POINT('Ctrl Pts',(12.2642624665199,1.,0.));
#5578=CARTESIAN_POINT('Ctrl Pts',(12.267246859583,0.998321672579594,1.77999250455513E-19));
#5579=CARTESIAN_POINT('Ctrl Pts',(12.2702309771914,0.996642871035959,4.22517433029731E-6));
#5580=CARTESIAN_POINT('Ctrl Pts',(12.6101449052285,0.805345581118365,0.000967684861992483));
#5581=CARTESIAN_POINT('Ctrl Pts',(12.9346482054697,0.615048951504697,0.0558650832954388));
#5582=CARTESIAN_POINT('Ctrl Pts',(13.6004935612571,0.279676384501126,0.277286445286464));
#5583=CARTESIAN_POINT('Ctrl Pts',(13.9253038466456,0.144141882926144,0.440756109601788));
#5584=CARTESIAN_POINT('Ctrl Pts',(14.4413601109532,0.0233385845987086,0.752960918139543));
#5585=CARTESIAN_POINT('Ctrl Pts',(14.6256483566833,-7.1173980699378E-17,
0.875214200459626));
#5586=CARTESIAN_POINT('Ctrl Pts',(14.808531970747,1.30104260698261E-17,
1.));
#5587=CARTESIAN_POINT('',(4.,0.,1.));
#5588=CARTESIAN_POINT('Origin',(7.875,8.99999999999999,2.99999999999999));
#5589=CARTESIAN_POINT('',(16.,18.,2.99999999999999));
#5590=CARTESIAN_POINT('',(16.,1.11022302462516E-15,2.99999999999999));
#5591=CARTESIAN_POINT('Origin',(7.875,8.99999999999999,2.99999999999999));
#5592=CARTESIAN_POINT('Ctrl Pts',(16.,0.,2.99999999999999));
#5593=CARTESIAN_POINT('Ctrl Pts',(16.,5.81051596983217E-20,2.70509710653857));
#5594=CARTESIAN_POINT('Ctrl Pts',(15.9173604979329,0.,2.36099795722015));
#5595=CARTESIAN_POINT('Ctrl Pts',(15.6359314987852,0.,1.77358196375903));
#5596=CARTESIAN_POINT('Ctrl Pts',(15.3631937660778,0.,1.44407469956822));
#5597=CARTESIAN_POINT('Ctrl Pts',(15.0034733112607,0.,1.14035432626606));
#5598=CARTESIAN_POINT('Ctrl Pts',(14.9087692244761,1.02827147293939E-17,
1.06839424031695));
#5599=CARTESIAN_POINT('Ctrl Pts',(14.808531970747,2.22756651200441E-19,
1.));
#5600=CARTESIAN_POINT('',(14.808531970747,18.,1.));
#5601=CARTESIAN_POINT('Ctrl Pts',(12.2642624665199,17.,1.38507394902376E-29));
#5602=CARTESIAN_POINT('Ctrl Pts',(12.267246859583,17.0016783274204,8.83519867714813E-18));
#5603=CARTESIAN_POINT('Ctrl Pts',(12.2702309771913,17.003357128964,4.22517433020527E-6));
#5604=CARTESIAN_POINT('Ctrl Pts',(12.610144905229,17.1946544188819,0.000967684861993774));
#5605=CARTESIAN_POINT('Ctrl Pts',(12.9346482054697,17.3849510484953,0.0558650832954479));
#5606=CARTESIAN_POINT('Ctrl Pts',(13.600493561257,17.7203236154988,0.277286445286441));
#5607=CARTESIAN_POINT('Ctrl Pts',(13.9253038466455,17.8558581170738,0.440756109601752));
#5608=CARTESIAN_POINT('Ctrl Pts',(14.4413601109531,17.9766614154013,0.752960918139511));
#5609=CARTESIAN_POINT('Ctrl Pts',(14.6256483566832,18.,0.875214200459611));
#5610=CARTESIAN_POINT('Ctrl Pts',(14.808531970747,18.,1.00000000000001));
#5611=CARTESIAN_POINT('Ctrl Pts',(14.808531970747,18.,1.00000000000002));
#5612=CARTESIAN_POINT('Ctrl Pts',(14.908769224476,18.,1.06839424031696));
#5613=CARTESIAN_POINT('Ctrl Pts',(15.0034733112607,18.,1.14035432626607));
#5614=CARTESIAN_POINT('Ctrl Pts',(15.3631937660778,18.,1.44407469956822));
#5615=CARTESIAN_POINT('Ctrl Pts',(15.6359314987852,18.,1.77358196375904));
#5616=CARTESIAN_POINT('Ctrl Pts',(15.9173604979329,18.,2.36099795722015));
#5617=CARTESIAN_POINT('Ctrl Pts',(16.,18.,2.70509710653857));
#5618=CARTESIAN_POINT('Ctrl Pts',(16.,18.,2.99999999999999));
#5619=CARTESIAN_POINT('Origin',(12.,17.,1.));
#5620=CARTESIAN_POINT('',(12.,18.,1.));
#5621=CARTESIAN_POINT('Origin',(0.,0.,0.));
#5622=CARTESIAN_POINT('',(16.,0.,25.));
#5623=CARTESIAN_POINT('',(16.,1.11022302462516E-15,0.));
#5624=CARTESIAN_POINT('',(0.,0.,25.));
#5625=CARTESIAN_POINT('',(0.,0.,25.));
#5626=CARTESIAN_POINT('',(0.,-1.11022302462516E-15,0.));
#5627=CARTESIAN_POINT('Origin',(7.875,8.99999999999999,0.));
#5628=CARTESIAN_POINT('',(16.,18.,25.));
#5629=CARTESIAN_POINT('',(16.,18.,0.));
#5630=CARTESIAN_POINT('Origin',(7.875,8.99999999999999,25.));
#5631=CARTESIAN_POINT('Origin',(16.,18.,0.));
#5632=CARTESIAN_POINT('',(-1.11022302462516E-15,18.,25.));
#5633=CARTESIAN_POINT('',(-1.11022302462516E-15,18.,0.));
#5634=CARTESIAN_POINT('',(0.,18.,25.));
#5635=CARTESIAN_POINT('Origin',(8.12499999999999,8.99999999999999,0.));
#5636=CARTESIAN_POINT('Origin',(8.12499999999999,8.99999999999999,25.));
#5637=CARTESIAN_POINT('Origin',(8.,8.99999999999999,25.));
#5638=CARTESIAN_POINT('',(0.,0.,0.));
#5639=CARTESIAN_POINT('',(0.,0.,0.));
#5640=CARTESIAN_POINT('',(-0.124999999999997,-1.11022302462516E-15,0.));
#5641=CARTESIAN_POINT('',(0.,0.,0.));
#5642=UNCERTAINTY_MEASURE_WITH_UNIT(LENGTH_MEASURE(0.01),#5654,
'DISTANCE_ACCURACY_VALUE',
'Maximum model space distance between geometric entities at asserted c
onnectivities');
#5643=UNCERTAINTY_MEASURE_WITH_UNIT(LENGTH_MEASURE(0.01),#5654,
'DISTANCE_ACCURACY_VALUE',
'Maximum model space distance between geometric entities at asserted c
onnectivities');
#5644=UNCERTAINTY_MEASURE_WITH_UNIT(LENGTH_MEASURE(0.01),#5654,
'DISTANCE_ACCURACY_VALUE',
'Maximum model space distance between geometric entities at asserted c
onnectivities');
#5645=UNCERTAINTY_MEASURE_WITH_UNIT(LENGTH_MEASURE(0.01),#5654,
'DISTANCE_ACCURACY_VALUE',
'Maximum model space distance between geometric entities at asserted c
onnectivities');
#5646=UNCERTAINTY_MEASURE_WITH_UNIT(LENGTH_MEASURE(0.01),#5654,
'DISTANCE_ACCURACY_VALUE',
'Maximum model space distance between geometric entities at asserted c
onnectivities');
#5647=UNCERTAINTY_MEASURE_WITH_UNIT(LENGTH_MEASURE(0.01),#5654,
'DISTANCE_ACCURACY_VALUE',
'Maximum model space distance between geometric entities at asserted c
onnectivities');
#5648=(
GEOMETRIC_REPRESENTATION_CONTEXT(3)
GLOBAL_UNCERTAINTY_ASSIGNED_CONTEXT((#5642))
GLOBAL_UNIT_ASSIGNED_CONTEXT((#5654,#5656,#5657))
REPRESENTATION_CONTEXT('','3D')
);
#5649=(
GEOMETRIC_REPRESENTATION_CONTEXT(3)
GLOBAL_UNCERTAINTY_ASSIGNED_CONTEXT((#5643))
GLOBAL_UNIT_ASSIGNED_CONTEXT((#5654,#5656,#5657))
REPRESENTATION_CONTEXT('','3D')
);
#5650=(
GEOMETRIC_REPRESENTATION_CONTEXT(3)
GLOBAL_UNCERTAINTY_ASSIGNED_CONTEXT((#5644))
GLOBAL_UNIT_ASSIGNED_CONTEXT((#5654,#5656,#5657))
REPRESENTATION_CONTEXT('','3D')
);
#5651=(
GEOMETRIC_REPRESENTATION_CONTEXT(3)
GLOBAL_UNCERTAINTY_ASSIGNED_CONTEXT((#5645))
GLOBAL_UNIT_ASSIGNED_CONTEXT((#5654,#5656,#5657))
REPRESENTATION_CONTEXT('','3D')
);
#5652=(
GEOMETRIC_REPRESENTATION_CONTEXT(3)
GLOBAL_UNCERTAINTY_ASSIGNED_CONTEXT((#5646))
GLOBAL_UNIT_ASSIGNED_CONTEXT((#5654,#5656,#5657))
REPRESENTATION_CONTEXT('','3D')
);
#5653=(
GEOMETRIC_REPRESENTATION_CONTEXT(3)
GLOBAL_UNCERTAINTY_ASSIGNED_CONTEXT((#5647))
GLOBAL_UNIT_ASSIGNED_CONTEXT((#5654,#5656,#5657))
REPRESENTATION_CONTEXT('','3D')
);
#5654=(
LENGTH_UNIT()
NAMED_UNIT(*)
SI_UNIT(.MILLI.,.METRE.)
);
#5655=(
LENGTH_UNIT()
NAMED_UNIT(*)
SI_UNIT($,.METRE.)
);
#5656=(
NAMED_UNIT(*)
PLANE_ANGLE_UNIT()
SI_UNIT($,.RADIAN.)
);
#5657=(
NAMED_UNIT(*)
SI_UNIT($,.STERADIAN.)
SOLID_ANGLE_UNIT()
);
#5658=SHAPE_DEFINITION_REPRESENTATION(#5663,#5672);
#5659=SHAPE_DEFINITION_REPRESENTATION(#5664,#5673);
#5660=SHAPE_DEFINITION_REPRESENTATION(#5665,#5674);
#5661=SHAPE_DEFINITION_REPRESENTATION(#5666,#5675);
#5662=SHAPE_DEFINITION_REPRESENTATION(#5667,#5676);
#5663=PRODUCT_DEFINITION_SHAPE('',$,#5678);
#5664=PRODUCT_DEFINITION_SHAPE('',$,#5679);
#5665=PRODUCT_DEFINITION_SHAPE('',$,#5680);
#5666=PRODUCT_DEFINITION_SHAPE('',$,#5681);
#5667=PRODUCT_DEFINITION_SHAPE('',$,#5682);
#5668=PRODUCT_DEFINITION_SHAPE($,$,#23);
#5669=PRODUCT_DEFINITION_SHAPE($,$,#24);
#5670=PRODUCT_DEFINITION_SHAPE($,$,#25);
#5671=PRODUCT_DEFINITION_SHAPE($,$,#26);
#5672=SHAPE_REPRESENTATION('',(#3181,#3472,#3473,#3474),#5648);
#5673=SHAPE_REPRESENTATION('',(#3182),#5649);
#5674=SHAPE_REPRESENTATION('',(#3272),#5650);
#5675=SHAPE_REPRESENTATION('',(#3406,#3471),#5651);
#5676=SHAPE_REPRESENTATION('',(#3407),#5652);
#5677=PRODUCT_DEFINITION_CONTEXT('part definition',#5694,'design');
#5678=PRODUCT_DEFINITION('FC-280PT-20150 12V DC Motor','FC-280 v1',#5683,
#5677);
#5679=PRODUCT_DEFINITION('Cap','Cap',#5684,#5677);
#5680=PRODUCT_DEFINITION('Shaft','Shaft',#5685,#5677);
#5681=PRODUCT_DEFINITION('Case','Case',#5686,#5677);
#5682=PRODUCT_DEFINITION('Washer','Washer',#5687,#5677);
#5683=PRODUCT_DEFINITION_FORMATION('',$,#5696);
#5684=PRODUCT_DEFINITION_FORMATION('',$,#5697);
#5685=PRODUCT_DEFINITION_FORMATION('',$,#5698);
#5686=PRODUCT_DEFINITION_FORMATION('',$,#5699);
#5687=PRODUCT_DEFINITION_FORMATION('',$,#5700);
#5688=PRODUCT_RELATED_PRODUCT_CATEGORY('FC-280 v1','FC-280 v1',(#5696));
#5689=PRODUCT_RELATED_PRODUCT_CATEGORY('Cap','Cap',(#5697));
#5690=PRODUCT_RELATED_PRODUCT_CATEGORY('Shaft','Shaft',(#5698));
#5691=PRODUCT_RELATED_PRODUCT_CATEGORY('Case','Case',(#5699));
#5692=PRODUCT_RELATED_PRODUCT_CATEGORY('Washer','Washer',(#5700));
#5693=APPLICATION_PROTOCOL_DEFINITION('international standard',
'ap242_managed_model_based_3d_engineering',2011,#5694);
#5694=APPLICATION_CONTEXT('Managed model based 3d engineering');
#5695=PRODUCT_CONTEXT('part definition',#5694,'mechanical');
#5696=PRODUCT('FC-280PT-20150 12V DC Motor','FC-280 v1',$,(#5695));
#5697=PRODUCT('Cap','Cap',$,(#5695));
#5698=PRODUCT('Shaft','Shaft',$,(#5695));
#5699=PRODUCT('Case','Case',$,(#5695));
#5700=PRODUCT('Washer','Washer',$,(#5695));
#5701=PRESENTATION_STYLE_ASSIGNMENT((#5704));
#5702=PRESENTATION_STYLE_ASSIGNMENT((#5705));
#5703=PRESENTATION_STYLE_ASSIGNMENT((#5706));
#5704=SURFACE_STYLE_USAGE(.BOTH.,#5707);
#5705=SURFACE_STYLE_USAGE(.BOTH.,#5708);
#5706=SURFACE_STYLE_USAGE(.BOTH.,#5709);
#5707=SURFACE_SIDE_STYLE('',(#5710));
#5708=SURFACE_SIDE_STYLE('',(#5711));
#5709=SURFACE_SIDE_STYLE('',(#5712));
#5710=SURFACE_STYLE_FILL_AREA(#5713);
#5711=SURFACE_STYLE_FILL_AREA(#5714);
#5712=SURFACE_STYLE_FILL_AREA(#5715);
#5713=FILL_AREA_STYLE('Steel - Satin',(#5716));
#5714=FILL_AREA_STYLE('Opaque(248,247,237)',(#5717));
#5715=FILL_AREA_STYLE('Opaque(160,160,160)',(#5718));
#5716=FILL_AREA_STYLE_COLOUR('Steel - Satin',#5719);
#5717=FILL_AREA_STYLE_COLOUR('Opaque(248,247,237)',#5720);
#5718=FILL_AREA_STYLE_COLOUR('Opaque(160,160,160)',#5721);
#5719=COLOUR_RGB('Steel - Satin',0.627450980392157,0.627450980392157,0.627450980392157);
#5720=COLOUR_RGB('Opaque(248,247,237)',0.972549019607843,0.968627450980392,
0.929411764705882);
#5721=COLOUR_RGB('Opaque(160,160,160)',0.627450980392157,0.627450980392157,
0.627450980392157);
ENDSEC;
END-ISO-10303-21;
