ISO-10303-21;
HEADER;
FILE_DESCRIPTION (( 'STEP AP214' ),
    '1' );
FILE_NAME ('7.5OD_motor_gearSTEP.STEP',
    '2025-03-28T22:01:34',
    ( '' ),
    ( '' ),
    'SwSTEP 2.0',
    'SolidWorks 2023',
    '' );
FILE_SCHEMA (( 'AUTOMOTIVE_DESIGN' ));
ENDSEC;

DATA;
#1 = EDGE_CURVE ( 'NONE', #1955, #3358, #1328, .T. ) ;
#2 = VERTEX_POINT ( 'NONE', #2985 ) ;
#3 = CARTESIAN_POINT ( 'NONE',  ( 2.265494034368390253, -3.595836033556575106, -7.000000000000000000 ) ) ;
#4 = CARTESIAN_POINT ( 'NONE',  ( 1.225135557480210080, -3.040879103936689809, -7.000000000000000000 ) ) ;
#5 = ORIENTED_EDGE ( 'NONE', *, *, #40, .F. ) ;
#6 = EDGE_LOOP ( 'NONE', ( #111, #3249 ) ) ;
#7 = FACE_OUTER_BOUND ( 'NONE', #3260, .T. ) ;
#8 = CARTESIAN_POINT ( 'NONE',  ( -2.513460179390458293, -2.104856476242446650, -1.000000000000000000 ) ) ;
#9 = ORIENTED_EDGE ( 'NONE', *, *, #630, .T. ) ;
#10 = DIRECTION ( 'NONE',  ( -1.000000000000000000, 0.000000000000000000, 0.000000000000000000 ) ) ;
#11 = DIRECTION ( 'NONE',  ( 0.000000000000000000, 0.000000000000000000, -1.000000000000000000 ) ) ;
#12 = EDGE_CURVE ( 'NONE', #1129, #2630, #2509, .T. ) ;
#13 = DIRECTION ( 'NONE',  ( 1.000000000000000000, 0.000000000000000000, 0.000000000000000000 ) ) ;
#14 = AXIS2_PLACEMENT_3D ( 'NONE', #1326, #755, #2514 ) ;
#15 = CARTESIAN_POINT ( 'NONE',  ( -1.468371204553696296, 3.988281084079813965, -9.719499999999998252 ) ) ;
#16 = DIRECTION ( 'NONE',  ( 0.000000000000000000, 0.000000000000000000, 1.000000000000000000 ) ) ;
#17 = VERTEX_POINT ( 'NONE', #2390 ) ;
#18 = CARTESIAN_POINT ( 'NONE',  ( -0.3806010588439899811, 3.293433065112664870, -1.000000000000000000 ) ) ;
#19 = DIRECTION ( 'NONE',  ( 1.000000000000000000, 0.000000000000000000, 0.000000000000000000 ) ) ;
#20 = VERTEX_POINT ( 'NONE', #620 ) ;
#21 = ADVANCED_FACE ( 'NONE', ( #1453 ), #1188, .T. ) ;
#22 = CARTESIAN_POINT ( 'NONE',  ( 2.835254551144287927, 1.299837350964050176, -9.719499999999998252 ) ) ;
#23 = DIRECTION ( 'NONE',  ( -0.000000000000000000, -0.000000000000000000, 1.000000000000000000 ) ) ;
#24 = VERTEX_POINT ( 'NONE', #329 ) ;
#25 = ORIENTED_EDGE ( 'NONE', *, *, #1548, .T. ) ;
#26 = CARTESIAN_POINT ( 'NONE',  ( 0.9963519047475749568, 2.955592730849682326, -9.719499999999998252 ) ) ;
#27 = LINE ( 'NONE', #2386, #2090 ) ;
#28 = DIRECTION ( 'NONE',  ( -0.000000000000000000, -0.000000000000000000, 1.000000000000000000 ) ) ;
#29 = FACE_OUTER_BOUND ( 'NONE', #986, .T. ) ;
#30 = DIRECTION ( 'NONE',  ( 0.000000000000000000, 0.000000000000000000, 1.000000000000000000 ) ) ;
#31 = CARTESIAN_POINT ( 'NONE',  ( 3.042497229473224873, -1.317106346890154045, -9.719499999999998252 ) ) ;
#32 = EDGE_CURVE ( 'NONE', #1329, #2938, #1792, .T. ) ;
#33 = DIRECTION ( 'NONE',  ( 0.000000000000000000, 0.000000000000000000, -1.000000000000000000 ) ) ;
#34 = CARTESIAN_POINT ( 'NONE',  ( -3.043548818098396946, -0.6819502185625323509, -9.719499999999998252 ) ) ;
#35 = ORIENTED_EDGE ( 'NONE', *, *, #1591, .T. ) ;
#36 = CIRCLE ( 'NONE', #2195, 3.000000000000000444 ) ;
#37 = LINE ( 'NONE', #3546, #841 ) ;
#38 = CARTESIAN_POINT ( 'NONE',  ( 1.981338335719304844, 3.759893402663395001, -7.000000000000000000 ) ) ;
#39 = VECTOR ( 'NONE', #895, 1000.000000000000000 ) ;
#40 = EDGE_CURVE ( 'NONE', #69, #2248, #36, .T. ) ;
#41 = ORIENTED_EDGE ( 'NONE', *, *, #238, .T. ) ;
#42 = ORIENTED_EDGE ( 'NONE', *, *, #1907, .T. ) ;
#43 = VECTOR ( 'NONE', #1176, 1000.000000000000114 ) ;
#44 = AXIS2_PLACEMENT_3D ( 'NONE', #3790, #1643, #2228 ) ;
#45 = CYLINDRICAL_SURFACE ( 'NONE', #3121, 4.250000000000000000 ) ;
#46 = DIRECTION ( 'NONE',  ( 0.4999999999999921174, -0.8660254037844432595, 0.000000000000000000 ) ) ;
#47 = ADVANCED_FACE ( 'NONE', ( #29 ), #1516, .F. ) ;
#48 = AXIS2_PLACEMENT_3D ( 'NONE', #750, #1924, #3131 ) ;
#49 = AXIS2_PLACEMENT_3D ( 'NONE', #1171, #1072, #1093 ) ;
#50 = VERTEX_POINT ( 'NONE', #3601 ) ;
#51 = CARTESIAN_POINT ( 'NONE',  ( -3.235607650385375234, 0.7227735835918559504, -7.000000000000000000 ) ) ;
#52 = AXIS2_PLACEMENT_3D ( 'NONE', #3512, #2638, #2958 ) ;
#53 = AXIS2_PLACEMENT_3D ( 'NONE', #3342, #87, #3031 ) ;
#54 = CARTESIAN_POINT ( 'NONE',  ( 0.000000000000000000, 0.000000000000000000, -9.719499999999998252 ) ) ;
#55 = CYLINDRICAL_SURFACE ( 'NONE', #788, 1.973045005896730153 ) ;
#56 = EDGE_CURVE ( 'NONE', #562, #1554, #1034, .T. ) ;
#57 = CIRCLE ( 'NONE', #3776, 0.1963495408492196559 ) ;
#58 = VECTOR ( 'NONE', #1823, 1000.000000000000000 ) ;
#59 = CARTESIAN_POINT ( 'NONE',  ( 3.118825397134032951, 0.03425858924962450064, -9.719499999999998252 ) ) ;
#60 = CARTESIAN_POINT ( 'NONE',  ( -1.899999999999999911, 0.000000000000000000, 11.00000000000000000 ) ) ;
#61 = ORIENTED_EDGE ( 'NONE', *, *, #3122, .T. ) ;
#62 = CARTESIAN_POINT ( 'NONE',  ( 0.000000000000000000, 0.000000000000000000, 11.00000000000000000 ) ) ;
#63 = ADVANCED_FACE ( 'NONE', ( #226 ), #1965, .T. ) ;
#64 = EDGE_CURVE ( 'NONE', #1956, #1814, #2868, .T. ) ;
#65 = CARTESIAN_POINT ( 'NONE',  ( 0.9311881956576668617, -2.976765703412589392, -1.000000000000000000 ) ) ;
#66 = ORIENTED_EDGE ( 'NONE', *, *, #2159, .T. ) ;
#67 = DIRECTION ( 'NONE',  ( 0.000000000000000000, 0.000000000000000000, 1.000000000000000000 ) ) ;
#68 = CARTESIAN_POINT ( 'NONE',  ( -2.513460179390323290, 2.104856476242576768, -9.719499999999998252 ) ) ;
#69 = VERTEX_POINT ( 'NONE', #2588 ) ;
#70 = EDGE_CURVE ( 'NONE', #586, #569, #3189, .T. ) ;
#71 = CARTESIAN_POINT ( 'NONE',  ( 0.000000000000000000, 0.000000000000000000, -7.000000000000000000 ) ) ;
#72 = DIRECTION ( 'NONE',  ( 0.000000000000000000, 0.000000000000000000, 1.000000000000000000 ) ) ;
#73 = DIRECTION ( 'NONE',  ( 1.000000000000000000, 0.000000000000000000, 0.000000000000000000 ) ) ;
#74 = EDGE_CURVE ( 'NONE', #987, #1739, #3700, .T. ) ;
#75 = CARTESIAN_POINT ( 'NONE',  ( 3.014628782297414933, -1.379699904078629968, -1.000000000000000000 ) ) ;
#76 = ORIENTED_EDGE ( 'NONE', *, *, #304, .F. ) ;
#77 = ORIENTED_EDGE ( 'NONE', *, *, #3068, .T. ) ;
#78 = DIRECTION ( 'NONE',  ( 0.000000000000000000, 0.000000000000000000, 1.000000000000000000 ) ) ;
#79 = CARTESIAN_POINT ( 'NONE',  ( 0.000000000000000000, 0.000000000000000000, -9.719499999999998252 ) ) ;
#80 = VERTEX_POINT ( 'NONE', #433 ) ;
#81 = VERTEX_POINT ( 'NONE', #1913 ) ;
#82 = FACE_OUTER_BOUND ( 'NONE', #3292, .T. ) ;
#83 = DIRECTION ( 'NONE',  ( 0.000000000000000000, 0.000000000000000000, 1.000000000000000000 ) ) ;
#84 = ORIENTED_EDGE ( 'NONE', *, *, #2884, .T. ) ;
#85 = CARTESIAN_POINT ( 'NONE',  ( 2.863122998320080104, -1.237243793775609335, -9.719499999999998252 ) ) ;
#86 = DIRECTION ( 'NONE',  ( 0.000000000000000000, 0.000000000000000000, 1.000000000000000000 ) ) ;
#87 = DIRECTION ( 'NONE',  ( 0.000000000000000000, 0.000000000000000000, 1.000000000000000000 ) ) ;
#88 = CARTESIAN_POINT ( 'NONE',  ( 3.118825397134030286, -0.03425858924962450064, -7.000000000000000000 ) ) ;
#89 = ORIENTED_EDGE ( 'NONE', *, *, #3545, .T. ) ;
#90 = CARTESIAN_POINT ( 'NONE',  ( 2.914394700463180055, 2.021413487477434767, -1.000000000000000000 ) ) ;
#91 = ORIENTED_EDGE ( 'NONE', *, *, #3586, .F. ) ;
#92 = ORIENTED_EDGE ( 'NONE', *, *, #2859, .F. ) ;
#93 = DIRECTION ( 'NONE',  ( 0.000000000000000000, 0.000000000000000000, 1.000000000000000000 ) ) ;
#94 = AXIS2_PLACEMENT_3D ( 'NONE', #347, #2684, #1187 ) ;
#95 = DIRECTION ( 'NONE',  ( 0.000000000000000000, 0.000000000000000000, 1.000000000000000000 ) ) ;
#96 = ORIENTED_EDGE ( 'NONE', *, *, #2173, .F. ) ;
#97 = CIRCLE ( 'NONE', #2635, 0.1963495408492197392 ) ;
#98 = LINE ( 'NONE', #3359, #370 ) ;
#99 = AXIS2_PLACEMENT_3D ( 'NONE', #2162, #1816, #3088 ) ;
#100 = DIRECTION ( 'NONE',  ( 0.000000000000000000, 0.000000000000000000, -1.000000000000000000 ) ) ;
#101 = MECHANICAL_DESIGN_GEOMETRIC_PRESENTATION_REPRESENTATION (  '', ( #1833 ), #3090 ) ;
#102 = CIRCLE ( 'NONE', #2269, 1.973045005896731929 ) ;
#103 = VECTOR ( 'NONE', #3717, 1000.000000000000000 ) ;
#104 = AXIS2_PLACEMENT_3D ( 'NONE', #1881, #371, #2179 ) ;
#105 = DIRECTION ( 'NONE',  ( 1.000000000000000000, 0.000000000000000000, 0.000000000000000000 ) ) ;
#106 = DIRECTION ( 'NONE',  ( 1.000000000000000000, 0.000000000000000000, 0.000000000000000000 ) ) ;
#107 = VECTOR ( 'NONE', #1570, 1000.000000000000000 ) ;
#108 = AXIS2_PLACEMENT_3D ( 'NONE', #441, #1615, #480 ) ;
#109 = ORIENTED_EDGE ( 'NONE', *, *, #1124, .F. ) ;
#110 = AXIS2_PLACEMENT_3D ( 'NONE', #3547, #3525, #2659 ) ;
#111 = ORIENTED_EDGE ( 'NONE', *, *, #683, .F. ) ;
#112 = AXIS2_PLACEMENT_3D ( 'NONE', #3382, #3074, #2980 ) ;
#113 = EDGE_CURVE ( 'NONE', #2896, #1999, #3030, .T. ) ;
#114 = DIRECTION ( 'NONE',  ( 0.000000000000000000, 0.000000000000000000, 1.000000000000000000 ) ) ;
#115 = CARTESIAN_POINT ( 'NONE',  ( 3.270635594739164542, 0.2254898343303584907, -7.000000000000000000 ) ) ;
#116 = CARTESIAN_POINT ( 'NONE',  ( -3.207792781939569959, -1.513233103517074962, -1.000000000000000000 ) ) ;
#117 = AXIS2_PLACEMENT_3D ( 'NONE', #3653, #2537, #3407 ) ;
#118 = CARTESIAN_POINT ( 'NONE',  ( -2.702169557679734879, 1.920895156410014959, -7.000000000000000000 ) ) ;
#119 = EDGE_LOOP ( 'NONE', ( #2772, #2902, #1753, #96 ) ) ;
#120 = ORIENTED_EDGE ( 'NONE', *, *, #2984, .T. ) ;
#121 = CARTESIAN_POINT ( 'NONE',  ( -1.431569119554318537, 2.888155008907944854, -1.000000000000000000 ) ) ;
#122 = DIRECTION ( 'NONE',  ( -0.3090169943749451753, 0.9510565162951544194, 0.000000000000000000 ) ) ;
#123 = ORIENTED_EDGE ( 'NONE', *, *, #1610, .T. ) ;
#124 = ORIENTED_EDGE ( 'NONE', *, *, #1728, .F. ) ;
#125 = CARTESIAN_POINT ( 'NONE',  ( 3.270635594739165430, 0.2254898343303588515, -9.719499999999998252 ) ) ;
#126 = CARTESIAN_POINT ( 'NONE',  ( -3.235607650385375234, 0.7227735835918559504, -7.000000000000000000 ) ) ;
#127 = EDGE_CURVE ( 'NONE', #3267, #3137, #3629, .T. ) ;
#128 = EDGE_CURVE ( 'NONE', #1956, #1329, #3529, .T. ) ;
#129 = DIRECTION ( 'NONE',  ( 0.000000000000000000, 0.000000000000000000, 1.000000000000000000 ) ) ;
#130 = CYLINDRICAL_SURFACE ( 'NONE', #1212, 1.973045005896730153 ) ;
#131 = EDGE_CURVE ( 'NONE', #2836, #2627, #1825, .T. ) ;
#132 = ORIENTED_EDGE ( 'NONE', *, *, #3201, .T. ) ;
#133 = CYLINDRICAL_SURFACE ( 'NONE', #2575, 0.1963495408493620142 ) ;
#134 = DIRECTION ( 'NONE',  ( 0.000000000000000000, 0.000000000000000000, 1.000000000000000000 ) ) ;
#135 = AXIS2_PLACEMENT_3D ( 'NONE', #1351, #3444, #3462 ) ;
#136 = LINE ( 'NONE', #2516, #3234 ) ;
#137 = VERTEX_POINT ( 'NONE', #2497 ) ;
#138 = ORIENTED_EDGE ( 'NONE', *, *, #385, .T. ) ;
#139 = EDGE_CURVE ( 'NONE', #859, #3451, #3763, .T. ) ;
#140 = DIRECTION ( 'NONE',  ( 0.000000000000000000, 0.000000000000000000, 1.000000000000000000 ) ) ;
#141 = LINE ( 'NONE', #2212, #2094 ) ;
#142 = EDGE_CURVE ( 'NONE', #3162, #2309, #3654, .T. ) ;
#143 = ORIENTED_EDGE ( 'NONE', *, *, #32, .T. ) ;
#144 = ADVANCED_FACE ( 'NONE', ( #665 ), #1583, .F. ) ;
#145 = DIRECTION ( 'NONE',  ( 0.000000000000000000, 0.000000000000000000, 1.000000000000000000 ) ) ;
#146 = DIRECTION ( 'NONE',  ( 1.000000000000000000, 0.000000000000000000, 0.000000000000000000 ) ) ;
#147 = EDGE_CURVE ( 'NONE', #1915, #3091, #2015, .T. ) ;
#148 = CARTESIAN_POINT ( 'NONE',  ( -3.152282387150849630, 0.9005657169910941118, -7.000000000000000000 ) ) ;
#149 = CARTESIAN_POINT ( 'NONE',  ( 2.835254551144270163, -1.299837350964085925, -7.000000000000000000 ) ) ;
#150 = EDGE_CURVE ( 'NONE', #2862, #1511, #3278, .T. ) ;
#151 = CYLINDRICAL_SURFACE ( 'NONE', #1389, 1.973045005896730153 ) ;
#152 = ORIENTED_EDGE ( 'NONE', *, *, #1075, .F. ) ;
#153 = CARTESIAN_POINT ( 'NONE',  ( 3.118825397134032951, 0.03425858924962452839, -1.000000000000000000 ) ) ;
#154 = CYLINDRICAL_SURFACE ( 'NONE', #2300, 1.973045005896729709 ) ;
#155 = DIRECTION ( 'NONE',  ( 0.000000000000000000, 0.000000000000000000, 1.000000000000000000 ) ) ;
#156 = EDGE_CURVE ( 'NONE', #2307, #1369, #102, .T. ) ;
#157 = ORIENTED_EDGE ( 'NONE', *, *, #64, .F. ) ;
#158 = VERTEX_POINT ( 'NONE', #3193 ) ;
#159 = PLANE ( 'NONE',  #3270 ) ;
#160 = CARTESIAN_POINT ( 'NONE',  ( 2.356053982267070079, 2.279673768679329804, -7.000000000000000000 ) ) ;
#161 = ORIENTED_EDGE ( 'NONE', *, *, #3175, .F. ) ;
#162 = ORIENTED_EDGE ( 'NONE', *, *, #3334, .F. ) ;
#163 = AXIS2_PLACEMENT_3D ( 'NONE', #3103, #3632, #964 ) ;
#164 = EDGE_CURVE ( 'NONE', #1256, #1014, #1588, .T. ) ;
#165 = LINE ( 'NONE', #1054, #2218 ) ;
#166 = DIRECTION ( 'NONE',  ( 0.000000000000000000, 0.000000000000000000, 1.000000000000000000 ) ) ;
#167 = EDGE_CURVE ( 'NONE', #3019, #3132, #2952, .T. ) ;
#168 = CIRCLE ( 'NONE', #777, 1.899999999999999911 ) ;
#169 = CIRCLE ( 'NONE', #3217, 0.1963495408493611261 ) ;
#170 = AXIS2_PLACEMENT_3D ( 'NONE', #3506, #3431, #1627 ) ;
#171 = CARTESIAN_POINT ( 'NONE',  ( 4.188138338522913173, 0.7224937767108101649, -9.719499999999998252 ) ) ;
#172 = DIRECTION ( 'NONE',  ( 1.000000000000000000, 0.000000000000000000, 0.000000000000000000 ) ) ;
#173 = CIRCLE ( 'NONE', #2331, 4.249999999998979483 ) ;
#174 = CIRCLE ( 'NONE', #784, 1.973045005896730597 ) ;
#175 = AXIS2_PLACEMENT_3D ( 'NONE', #3057, #1565, #1624 ) ;
#176 = EDGE_LOOP ( 'NONE', ( #2875, #2544, #3731, #275 ) ) ;
#177 = LINE ( 'NONE', #810, #3223 ) ;
#178 = AXIS2_PLACEMENT_3D ( 'NONE', #3616, #1842, #651 ) ;
#179 = AXIS2_PLACEMENT_3D ( 'NONE', #3190, #1736, #2375 ) ;
#180 = DIRECTION ( 'NONE',  ( 0.000000000000000000, 0.000000000000000000, 1.000000000000000000 ) ) ;
#181 = LINE ( 'NONE', #740, #2282 ) ;
#182 = AXIS2_PLACEMENT_3D ( 'NONE', #1111, #517, #3806 ) ;
#183 = ORIENTED_EDGE ( 'NONE', *, *, #2005, .T. ) ;
#184 = ORIENTED_EDGE ( 'NONE', *, *, #2531, .F. ) ;
#185 = ADVANCED_FACE ( 'NONE', ( #445 ), #151, .T. ) ;
#186 = DIRECTION ( 'NONE',  ( 0.8090169943749505599, 0.5877852522924688072, 0.000000000000000000 ) ) ;
#187 = CARTESIAN_POINT ( 'NONE',  ( -3.057794340530235022, -0.6149303048044428843, -7.000000000000000000 ) ) ;
#188 = ORIENTED_EDGE ( 'NONE', *, *, #531, .T. ) ;
#189 = ORIENTED_EDGE ( 'NONE', *, *, #2065, .F. ) ;
#190 = ORIENTED_EDGE ( 'NONE', *, *, #2484, .T. ) ;
#191 = CARTESIAN_POINT ( 'NONE',  ( 0.9963519047475749568, 2.955592730849682770, -1.000000000000000000 ) ) ;
#192 = DIRECTION ( 'NONE',  ( 0.000000000000000000, 0.000000000000000000, -1.000000000000000000 ) ) ;
#193 = EDGE_CURVE ( 'NONE', #1867, #921, #2389, .T. ) ;
#194 = CARTESIAN_POINT ( 'NONE',  ( -2.963603903834560516, 3.046235693633680075, -1.000000000000000000 ) ) ;
#195 = CARTESIAN_POINT ( 'NONE',  ( -3.039258109536012942, 0.7227735835918559504, -1.000000000000000000 ) ) ;
#196 = ADVANCED_FACE ( 'NONE', ( #882 ), #2006, .F. ) ;
#197 = ORIENTED_EDGE ( 'NONE', *, *, #1008, .F. ) ;
#198 = DIRECTION ( 'NONE',  ( 1.000000000000000000, 0.000000000000000000, 0.000000000000000000 ) ) ;
#199 = ORIENTED_EDGE ( 'NONE', *, *, #3052, .T. ) ;
#200 = ORIENTED_EDGE ( 'NONE', *, *, #2428, .T. ) ;
#201 = CARTESIAN_POINT ( 'NONE',  ( 0.2933980814764465261, 3.534646590994565241, -9.719499999999998252 ) ) ;
#202 = CIRCLE ( 'NONE', #2050, 1.973045005896731041 ) ;
#203 = FACE_OUTER_BOUND ( 'NONE', #2872, .T. ) ;
#204 = EDGE_LOOP ( 'NONE', ( #3434, #109, #3174, #2963 ) ) ;
#205 = ORIENTED_EDGE ( 'NONE', *, *, #1844, .F. ) ;
#206 = EDGE_LOOP ( 'NONE', ( #3714, #496, #1022, #3815 ) ) ;
#207 = ORIENTED_EDGE ( 'NONE', *, *, #1047, .T. ) ;
#208 = DIRECTION ( 'NONE',  ( 0.000000000000000000, 0.000000000000000000, 1.000000000000000000 ) ) ;
#209 = CYLINDRICAL_SURFACE ( 'NONE', #420, 1.973045005896729709 ) ;
#210 = CARTESIAN_POINT ( 'NONE',  ( -3.246046332586543404, 0.4594410361113173691, -9.719499999999998252 ) ) ;
#211 = CARTESIAN_POINT ( 'NONE',  ( 2.896159312914940109, 1.536282556425474954, -7.000000000000000000 ) ) ;
#212 = ADVANCED_BREP_SHAPE_REPRESENTATION ( '7.5OD_motor_gearSTEP', ( #929, #2656 ), #920 ) ;
#213 = VERTEX_POINT ( 'NONE', #1796 ) ;
#214 = DIRECTION ( 'NONE',  ( -0.9510565162951242213, 0.3090169943750377679, 0.000000000000000000 ) ) ;
#215 = CARTESIAN_POINT ( 'NONE',  ( -3.043548818098387176, 0.6819502185625729851, -9.719499999999998252 ) ) ;
#216 = EDGE_CURVE ( 'NONE', #1125, #2542, #229, .T. ) ;
#217 = EDGE_LOOP ( 'NONE', ( #157, #1448, #3475, #1336 ) ) ;
#218 = DIRECTION ( 'NONE',  ( 0.2079116908177462419, 0.9781476007338084644, 0.000000000000000000 ) ) ;
#219 = EDGE_CURVE ( 'NONE', #1155, #1566, #2325, .T. ) ;
#220 = DIRECTION ( 'NONE',  ( 0.000000000000000000, 0.000000000000000000, -1.000000000000000000 ) ) ;
#221 = ORIENTED_EDGE ( 'NONE', *, *, #1355, .T. ) ;
#222 = ORIENTED_EDGE ( 'NONE', *, *, #74, .T. ) ;
#223 = ORIENTED_EDGE ( 'NONE', *, *, #358, .T. ) ;
#224 = FACE_OUTER_BOUND ( 'NONE', #3492, .T. ) ;
#225 = PLANE ( 'NONE',  #1655 ) ;
#226 = FACE_OUTER_BOUND ( 'NONE', #928, .T. ) ;
#227 = CARTESIAN_POINT ( 'NONE',  ( -1.440037872544497111, -2.945198428730874340, -1.000000000000000000 ) ) ;
#228 = FACE_OUTER_BOUND ( 'NONE', #1507, .T. ) ;
#229 = CIRCLE ( 'NONE', #1263, 1.973045005896731485 ) ;
#230 = AXIS2_PLACEMENT_3D ( 'NONE', #2747, #2139, #682 ) ;
#231 = VECTOR ( 'NONE', #904, 1000.000000000000000 ) ;
#232 = VERTEX_POINT ( 'NONE', #351 ) ;
#233 = DIRECTION ( 'NONE',  ( 0.9781476007338041345, -0.2079116908177665313, 0.000000000000000000 ) ) ;
#234 = DIRECTION ( 'NONE',  ( 0.000000000000000000, 0.000000000000000000, -1.000000000000000000 ) ) ;
#235 = AXIS2_PLACEMENT_3D ( 'NONE', #3264, #587, #2947 ) ;
#236 = ORIENTED_EDGE ( 'NONE', *, *, #193, .T. ) ;
#237 = ORIENTED_EDGE ( 'NONE', *, *, #252, .T. ) ;
#238 = EDGE_CURVE ( 'NONE', #3672, #2492, #168, .T. ) ;
#239 = AXIS2_PLACEMENT_3D ( 'NONE', #2191, #3128, #764 ) ;
#240 = VECTOR ( 'NONE', #334, 1000.000000000000000 ) ;
#241 = CARTESIAN_POINT ( 'NONE',  ( -1.589081507154981754, 2.683852729261365422, -9.719499999999998252 ) ) ;
#242 = DIRECTION ( 'NONE',  ( 0.000000000000000000, 0.000000000000000000, -1.000000000000000000 ) ) ;
#243 = CIRCLE ( 'NONE', #110, 3.000000000000000444 ) ;
#244 = VECTOR ( 'NONE', #2505, 1000.000000000000114 ) ;
#245 = ORIENTED_EDGE ( 'NONE', *, *, #1315, .F. ) ;
#246 = ORIENTED_EDGE ( 'NONE', *, *, #3004, .F. ) ;
#247 = VERTEX_POINT ( 'NONE', #1230 ) ;
#248 = CYLINDRICAL_SURFACE ( 'NONE', #3771, 1.973045005896730153 ) ;
#249 = DIRECTION ( 'NONE',  ( 1.000000000000000000, 0.000000000000000000, 0.000000000000000000 ) ) ;
#250 = DIRECTION ( 'NONE',  ( -1.000000000000000000, 0.000000000000000000, 0.000000000000000000 ) ) ;
#251 = DIRECTION ( 'NONE',  ( 0.7431448254773787010, -0.6691306063588754460, 0.000000000000000000 ) ) ;
#252 = EDGE_CURVE ( 'NONE', #2101, #3467, #2415, .T. ) ;
#253 = VERTEX_POINT ( 'NONE', #2119 ) ;
#254 = CYLINDRICAL_SURFACE ( 'NONE', #906, 0.1963495408493620142 ) ;
#255 = DIRECTION ( 'NONE',  ( 1.000000000000000000, 0.000000000000000000, 0.000000000000000000 ) ) ;
#256 = EDGE_CURVE ( 'NONE', #284, #562, #2075, .T. ) ;
#257 = ORIENTED_EDGE ( 'NONE', *, *, #3213, .F. ) ;
#258 = CARTESIAN_POINT ( 'NONE',  ( 0.000000000000000000, 0.000000000000000000, -9.719499999999998252 ) ) ;
#259 = CARTESIAN_POINT ( 'NONE',  ( -1.627918660403720130, -2.888155008907924870, -1.000000000000000000 ) ) ;
#260 = EDGE_LOOP ( 'NONE', ( #3100, #599, #1747, #2047 ) ) ;
#261 = EDGE_LOOP ( 'NONE', ( #1015, #3789, #1561, #3059 ) ) ;
#262 = VECTOR ( 'NONE', #702, 1000.000000000000000 ) ;
#263 = ORIENTED_EDGE ( 'NONE', *, *, #448, .T. ) ;
#264 = ORIENTED_EDGE ( 'NONE', *, *, #2942, .T. ) ;
#265 = LINE ( 'NONE', #3753, #2342 ) ;
#266 = FACE_OUTER_BOUND ( 'NONE', #737, .T. ) ;
#267 = DIRECTION ( 'NONE',  ( 0.000000000000000000, 0.000000000000000000, 1.000000000000000000 ) ) ;
#268 = DIRECTION ( 'NONE',  ( 0.000000000000000000, 0.000000000000000000, 1.000000000000000000 ) ) ;
#269 = PRODUCT_DEFINITION_SHAPE ( 'NONE', 'NONE',  #3011 ) ;
#270 = ORIENTED_EDGE ( 'NONE', *, *, #2036, .F. ) ;
#271 = DIRECTION ( 'NONE',  ( 1.000000000000000000, 0.000000000000000000, 0.000000000000000000 ) ) ;
#272 = CARTESIAN_POINT ( 'NONE',  ( -2.513460179390672788, -2.104856476242260577, -9.719499999999998252 ) ) ;
#273 = EDGE_CURVE ( 'NONE', #1144, #1487, #1452, .T. ) ;
#274 = EDGE_LOOP ( 'NONE', ( #2846, #162, #3182, #2837 ) ) ;
#275 = ORIENTED_EDGE ( 'NONE', *, *, #156, .F. ) ;
#276 = DIRECTION ( 'NONE',  ( 1.000000000000000000, 0.000000000000000000, 0.000000000000000000 ) ) ;
#277 = ADVANCED_FACE ( 'NONE', ( #3566 ), #328, .F. ) ;
#278 = DIRECTION ( 'NONE',  ( 0.000000000000000000, 0.000000000000000000, 1.000000000000000000 ) ) ;
#279 = ORIENTED_EDGE ( 'NONE', *, *, #3628, .T. ) ;
#280 = ORIENTED_EDGE ( 'NONE', *, *, #2108, .T. ) ;
#281 = DIRECTION ( 'NONE',  ( 0.000000000000000000, 0.000000000000000000, 1.000000000000000000 ) ) ;
#282 = EDGE_CURVE ( 'NONE', #627, #3225, #310, .T. ) ;
#283 = CARTESIAN_POINT ( 'NONE',  ( 2.192825923109499975, -2.486578571312304753, -7.000000000000000000 ) ) ;
#284 = VERTEX_POINT ( 'NONE', #3280 ) ;
#285 = ORIENTED_EDGE ( 'NONE', *, *, #1073, .T. ) ;
#286 = EDGE_CURVE ( 'NONE', #2309, #2323, #899, .T. ) ;
#287 = CARTESIAN_POINT ( 'NONE',  ( 3.339329057572520743, -2.628950635756198917, -1.000000000000000000 ) ) ;
#288 = DIRECTION ( 'NONE',  ( 1.000000000000000000, 0.000000000000000000, 0.000000000000000000 ) ) ;
#289 = DIRECTION ( 'NONE',  ( 0.000000000000000000, 0.000000000000000000, 1.000000000000000000 ) ) ;
#290 = EDGE_CURVE ( 'NONE', #2651, #2163, #3682, .T. ) ;
#291 = ORIENTED_EDGE ( 'NONE', *, *, #710, .F. ) ;
#292 = VECTOR ( 'NONE', #2262, 1000.000000000000000 ) ;
#293 = FACE_OUTER_BOUND ( 'NONE', #428, .T. ) ;
#294 = CARTESIAN_POINT ( 'NONE',  ( -1.156315544684374474, -4.089674114292309426, -9.719499999999998252 ) ) ;
#295 = CIRCLE ( 'NONE', #3758, 4.249999999998979483 ) ;
#296 = ORIENTED_EDGE ( 'NONE', *, *, #2945, .F. ) ;
#297 = DIRECTION ( 'NONE',  ( 1.000000000000000000, 0.000000000000000000, 0.000000000000000000 ) ) ;
#298 = AXIS2_PLACEMENT_3D ( 'NONE', #2989, #2972, #628 ) ;
#299 = CARTESIAN_POINT ( 'NONE',  ( 2.863122998320210222, -1.237243793775667289, -9.719499999999998252 ) ) ;
#300 = VECTOR ( 'NONE', #3501, 1000.000000000000000 ) ;
#301 = ORIENTED_EDGE ( 'NONE', *, *, #699, .T. ) ;
#302 = ORIENTED_EDGE ( 'NONE', *, *, #1738, .F. ) ;
#303 = AXIS2_PLACEMENT_3D ( 'NONE', #3482, #2869, #2221 ) ;
#304 = EDGE_CURVE ( 'NONE', #942, #1460, #2170, .T. ) ;
#305 = EDGE_LOOP ( 'NONE', ( #3384, #2089, #2813, #2350 ) ) ;
#306 = FACE_OUTER_BOUND ( 'NONE', #561, .T. ) ;
#307 = AXIS2_PLACEMENT_3D ( 'NONE', #1822, #1255, #1553 ) ;
#308 = CARTESIAN_POINT ( 'NONE',  ( -2.778539377712839542, 1.740006260178474928, -7.000000000000000000 ) ) ;
#309 = ORIENTED_EDGE ( 'NONE', *, *, #273, .T. ) ;
#310 = LINE ( 'NONE', #1480, #39 ) ;
#311 = CIRCLE ( 'NONE', #2280, 0.1963495408492206273 ) ;
#312 = CARTESIAN_POINT ( 'NONE',  ( 2.914394700463149857, -2.021413487477474735, -1.000000000000000000 ) ) ;
#313 = DIRECTION ( 'NONE',  ( -0.000000000000000000, -0.000000000000000000, 1.000000000000000000 ) ) ;
#314 = CARTESIAN_POINT ( 'NONE',  ( 0.000000000000000000, 0.000000000000000000, -1.000000000000000000 ) ) ;
#315 = EDGE_CURVE ( 'NONE', #2059, #24, #723, .T. ) ;
#316 = CARTESIAN_POINT ( 'NONE',  ( 0.000000000000000000, 0.000000000000000000, 11.00000000000000000 ) ) ;
#317 = ORIENTED_EDGE ( 'NONE', *, *, #3710, .T. ) ;
#318 = CARTESIAN_POINT ( 'NONE',  ( 3.315174937983395242, 0.03425858924962450064, -9.719499999999998252 ) ) ;
#319 = CARTESIAN_POINT ( 'NONE',  ( 2.835254551144268831, -1.299837350964085925, -1.000000000000000000 ) ) ;
#320 = EDGE_CURVE ( 'NONE', #3091, #2071, #436, .T. ) ;
#321 = ORIENTED_EDGE ( 'NONE', *, *, #1465, .T. ) ;
#322 = CARTESIAN_POINT ( 'NONE',  ( 2.243744109767524808, -2.440731630117105144, -9.719499999999998252 ) ) ;
#323 = DIRECTION ( 'NONE',  ( 0.000000000000000000, 0.000000000000000000, 1.000000000000000000 ) ) ;
#324 = ORIENTED_EDGE ( 'NONE', *, *, #911, .T. ) ;
#325 = DIRECTION ( 'NONE',  ( 1.000000000000000000, 0.000000000000000000, 0.000000000000000000 ) ) ;
#326 = CARTESIAN_POINT ( 'NONE',  ( -1.169637804266592251, 3.348396088319595343, -1.000000000000000000 ) ) ;
#327 = ORIENTED_EDGE ( 'NONE', *, *, #1750, .T. ) ;
#328 = CYLINDRICAL_SURFACE ( 'NONE', #94, 0.1963495408493620142 ) ;
#329 = CARTESIAN_POINT ( 'NONE',  ( 1.225135557480256265, 3.040879103936679595, -9.719499999999998252 ) ) ;
#330 = PLANE ( 'NONE',  #794 ) ;
#331 = CIRCLE ( 'NONE', #1127, 0.1963495408493613481 ) ;
#332 = DIRECTION ( 'NONE',  ( 0.000000000000000000, 0.000000000000000000, 1.000000000000000000 ) ) ;
#333 = ORIENTED_EDGE ( 'NONE', *, *, #1738, .T. ) ;
#334 = DIRECTION ( 'NONE',  ( 0.000000000000000000, 0.000000000000000000, 1.000000000000000000 ) ) ;
#335 = DIRECTION ( 'NONE',  ( -1.000000000000000000, 0.000000000000000000, 0.000000000000000000 ) ) ;
#336 = ORIENTED_EDGE ( 'NONE', *, *, #1320, .T. ) ;
#337 = ADVANCED_FACE ( 'NONE', ( #82 ), #1254, .T. ) ;
#338 = CARTESIAN_POINT ( 'NONE',  ( 3.484614976550514776, -0.6612619924382469039, -1.000000000000000000 ) ) ;
#339 = EDGE_CURVE ( 'NONE', #1999, #232, #1578, .T. ) ;
#340 = DIRECTION ( 'NONE',  ( 0.000000000000000000, 0.000000000000000000, -1.000000000000000000 ) ) ;
#341 = ORIENTED_EDGE ( 'NONE', *, *, #3387, .F. ) ;
#342 = ORIENTED_EDGE ( 'NONE', *, *, #2344, .T. ) ;
#343 = FACE_OUTER_BOUND ( 'NONE', #2611, .T. ) ;
#344 = EDGE_CURVE ( 'NONE', #1707, #1106, #2135, .T. ) ;
#345 = DIRECTION ( 'NONE',  ( 1.000000000000000000, 0.000000000000000000, 0.000000000000000000 ) ) ;
#346 = VERTEX_POINT ( 'NONE', #1569 ) ;
#347 = CARTESIAN_POINT ( 'NONE',  ( -1.687256277579660013, 2.853896419658324746, -7.000000000000000000 ) ) ;
#348 = DIRECTION ( 'NONE',  ( 0.000000000000000000, 0.000000000000000000, 1.000000000000000000 ) ) ;
#349 = FACE_OUTER_BOUND ( 'NONE', #204, .T. ) ;
#350 = LINE ( 'NONE', #2118, #729 ) ;
#351 = CARTESIAN_POINT ( 'NONE',  ( -1.830597722194788890, 2.719708594400580548, -9.719499999999998252 ) ) ;
#352 = EDGE_CURVE ( 'NONE', #3124, #20, #357, .T. ) ;
#353 = CARTESIAN_POINT ( 'NONE',  ( 2.914394700463149857, -2.021413487477474735, -7.000000000000000000 ) ) ;
#354 = FACE_OUTER_BOUND ( 'NONE', #3042, .T. ) ;
#355 = CARTESIAN_POINT ( 'NONE',  ( 2.266443087373177789, 3.534646590994565241, -9.719499999999998252 ) ) ;
#356 = DIRECTION ( 'NONE',  ( 0.000000000000000000, 0.000000000000000000, -1.000000000000000000 ) ) ;
#357 = CIRCLE ( 'NONE', #1708, 0.1963495408492197392 ) ;
#358 = EDGE_CURVE ( 'NONE', #2169, #2307, #3214, .T. ) ;
#359 = ORIENTED_EDGE ( 'NONE', *, *, #2265, .T. ) ;
#360 = CIRCLE ( 'NONE', #1644, 0.1963495408493598215 ) ;
#361 = CARTESIAN_POINT ( 'NONE',  ( 4.119919448518960969, 1.043438420658610699, -9.719499999999998252 ) ) ;
#362 = DIRECTION ( 'NONE',  ( 1.000000000000000000, 0.000000000000000000, 0.000000000000000000 ) ) ;
#363 = AXIS2_PLACEMENT_3D ( 'NONE', #2285, #3485, #754 ) ;
#364 = AXIS2_PLACEMENT_3D ( 'NONE', #1118, #1327, #1891 ) ;
#365 = CIRCLE ( 'NONE', #1344, 1.973045005897158255 ) ;
#366 = VECTOR ( 'NONE', #2470, 1000.000000000000000 ) ;
#367 = LINE ( 'NONE', #1540, #244 ) ;
#368 = CARTESIAN_POINT ( 'NONE',  ( 0.6070735070738936257, 4.206419113331445914, -1.000000000000000000 ) ) ;
#369 = AXIS2_PLACEMENT_3D ( 'NONE', #1758, #2618, #2632 ) ;
#370 = VECTOR ( 'NONE', #1257, 1000.000000000000000 ) ;
#371 = DIRECTION ( 'NONE',  ( 0.000000000000000000, 0.000000000000000000, -1.000000000000000000 ) ) ;
#372 = DIRECTION ( 'NONE',  ( 1.000000000000000000, 0.000000000000000000, 0.000000000000000000 ) ) ;
#373 = EDGE_LOOP ( 'NONE', ( #237, #1078, #3727, #3161 ) ) ;
#374 = ORIENTED_EDGE ( 'NONE', *, *, #2696, .T. ) ;
#375 = CARTESIAN_POINT ( 'NONE',  ( 0.000000000000000000, 0.000000000000000000, -1.000000000000000000 ) ) ;
#376 = FACE_OUTER_BOUND ( 'NONE', #1584, .T. ) ;
#377 = ORIENTED_EDGE ( 'NONE', *, *, #1767, .F. ) ;
#378 = VERTEX_POINT ( 'NONE', #121 ) ;
#379 = DIRECTION ( 'NONE',  ( -0.000000000000000000, -0.000000000000000000, 1.000000000000000000 ) ) ;
#380 = EDGE_CURVE ( 'NONE', #1850, #1130, #410, .T. ) ;
#381 = CARTESIAN_POINT ( 'NONE',  ( -1.627918660403679940, 2.888155008907944854, -7.000000000000000000 ) ) ;
#382 = ORIENTED_EDGE ( 'NONE', *, *, #344, .T. ) ;
#383 = LINE ( 'NONE', #85, #2277 ) ;
#384 = LINE ( 'NONE', #1205, #1832 ) ;
#385 = EDGE_CURVE ( 'NONE', #2583, #3765, #409, .T. ) ;
#386 = CARTESIAN_POINT ( 'NONE',  ( 3.315174937983395242, -0.03425858924962450064, -1.000000000000000000 ) ) ;
#387 = FACE_OUTER_BOUND ( 'NONE', #3558, .T. ) ;
#388 = ORIENTED_EDGE ( 'NONE', *, *, #2561, .T. ) ;
#389 = EDGE_CURVE ( 'NONE', #2567, #968, #1313, .T. ) ;
#390 = FACE_OUTER_BOUND ( 'NONE', #634, .T. ) ;
#391 = DIRECTION ( 'NONE',  ( 0.000000000000000000, 0.000000000000000000, 1.000000000000000000 ) ) ;
#392 = DIRECTION ( 'NONE',  ( 0.000000000000000000, 0.000000000000000000, 1.000000000000000000 ) ) ;
#393 = ORIENTED_EDGE ( 'NONE', *, *, #3317, .T. ) ;
#394 = VERTEX_POINT ( 'NONE', #690 ) ;
#395 = DIRECTION ( 'NONE',  ( 1.000000000000000000, 0.000000000000000000, 0.000000000000000000 ) ) ;
#396 = DIRECTION ( 'NONE',  ( 0.000000000000000000, 0.000000000000000000, -1.000000000000000000 ) ) ;
#397 = ORIENTED_EDGE ( 'NONE', *, *, #713, .T. ) ;
#398 = CARTESIAN_POINT ( 'NONE',  ( -3.235607650385375234, 0.7227735835918559504, -1.000000000000000000 ) ) ;
#399 = DIRECTION ( 'NONE',  ( 1.000000000000000000, 0.000000000000000000, 0.000000000000000000 ) ) ;
#400 = DIRECTION ( 'NONE',  ( -1.000000000000000000, 0.000000000000000000, 0.000000000000000000 ) ) ;
#401 = CARTESIAN_POINT ( 'NONE',  ( -1.169637804266636216, -3.348396088319579800, -1.000000000000000000 ) ) ;
#402 = ORIENTED_EDGE ( 'NONE', *, *, #985, .F. ) ;
#403 = VERTEX_POINT ( 'NONE', #3078 ) ;
#404 = CYLINDRICAL_SURFACE ( 'NONE', #664, 1.973045005896730153 ) ;
#405 = CARTESIAN_POINT ( 'NONE',  ( -3.270983679872604633, 1.371304022983455884, -1.000000000000000000 ) ) ;
#406 = APPLICATION_PROTOCOL_DEFINITION ( 'draft international standard', 'automotive_design', 1998, #2678 ) ;
#407 = EDGE_LOOP ( 'NONE', ( #1353, #873, #2732, #2773 ) ) ;
#408 = ORIENTED_EDGE ( 'NONE', *, *, #1821, .F. ) ;
#409 = LINE ( 'NONE', #988, #3083 ) ;
#410 = CIRCLE ( 'NONE', #659, 1.973045005897160031 ) ;
#411 = CARTESIAN_POINT ( 'NONE',  ( -1.431569119554318537, 2.888155008907944854, -9.719499999999998252 ) ) ;
#412 = AXIS2_PLACEMENT_3D ( 'NONE', #2933, #2792, #2449 ) ;
#413 = VERTEX_POINT ( 'NONE', #2481 ) ;
#414 = VERTEX_POINT ( 'NONE', #3691 ) ;
#415 = CIRCLE ( 'NONE', #3338, 4.249999999998978595 ) ;
#416 = DIRECTION ( 'NONE',  ( -0.000000000000000000, -0.000000000000000000, 1.000000000000000000 ) ) ;
#417 = VECTOR ( 'NONE', #3144, 1000.000000000000000 ) ;
#418 = FACE_OUTER_BOUND ( 'NONE', #2020, .T. ) ;
#419 = AXIS2_PLACEMENT_3D ( 'NONE', #3054, #2794, #2164 ) ;
#420 = AXIS2_PLACEMENT_3D ( 'NONE', #481, #1598, #146 ) ;
#421 = DIRECTION ( 'NONE',  ( 0.000000000000000000, 0.000000000000000000, 1.000000000000000000 ) ) ;
#422 = DIRECTION ( 'NONE',  ( 0.000000000000000000, 0.000000000000000000, 1.000000000000000000 ) ) ;
#423 = EDGE_CURVE ( 'NONE', #2230, #50, #1521, .T. ) ;
#424 = CIRCLE ( 'NONE', #3094, 4.249999999998979483 ) ;
#425 = CIRCLE ( 'NONE', #1406, 0.1963495408493620142 ) ;
#426 = ORIENTED_EDGE ( 'NONE', *, *, #3040, .T. ) ;
#427 = VECTOR ( 'NONE', #438, 1000.000000000000000 ) ;
#428 = EDGE_LOOP ( 'NONE', ( #700, #745, #3140, #3409 ) ) ;
#429 = AXIS2_PLACEMENT_3D ( 'NONE', #3226, #3479, #2637 ) ;
#430 = DIRECTION ( 'NONE',  ( 1.000000000000000000, 0.000000000000000000, 0.000000000000000000 ) ) ;
#431 = CARTESIAN_POINT ( 'NONE',  ( 0.000000000000000000, 0.000000000000000000, -7.000000000000000000 ) ) ;
#432 =( NAMED_UNIT ( * ) SI_UNIT ( $, .STERADIAN. ) SOLID_ANGLE_UNIT ( ) );
#433 = CARTESIAN_POINT ( 'NONE',  ( -0.1176199352022195554, -3.276288816603982301, -1.000000000000000000 ) ) ;
#434 = ORIENTED_EDGE ( 'NONE', *, *, #568, .F. ) ;
#435 = ORIENTED_EDGE ( 'NONE', *, *, #1576, .F. ) ;
#436 = LINE ( 'NONE', #1535, #3633 ) ;
#437 = ADVANCED_FACE ( 'NONE', ( #3371 ), #944, .F. ) ;
#438 = DIRECTION ( 'NONE',  ( 0.000000000000000000, 0.000000000000000000, -1.000000000000000000 ) ) ;
#439 = ORIENTED_EDGE ( 'NONE', *, *, #32, .F. ) ;
#440 = ORIENTED_EDGE ( 'NONE', *, *, #2650, .T. ) ;
#441 = CARTESIAN_POINT ( 'NONE',  ( 1.705702773494270019, -3.109724586830400206, -1.000000000000000000 ) ) ;
#442 = LINE ( 'NONE', #461, #2273 ) ;
#443 = DIRECTION ( 'NONE',  ( -0.000000000000000000, -0.000000000000000000, -1.000000000000000000 ) ) ;
#444 = CARTESIAN_POINT ( 'NONE',  ( 0.9918635406178379910, -3.163505213708935226, -9.719499999999998252 ) ) ;
#445 = FACE_OUTER_BOUND ( 'NONE', #176, .T. ) ;
#446 = ORIENTED_EDGE ( 'NONE', *, *, #3801, .T. ) ;
#447 = FILL_AREA_STYLE ('',( #738 ) ) ;
#448 = EDGE_CURVE ( 'NONE', #3744, #817, #2510, .T. ) ;
#449 = DIRECTION ( 'NONE',  ( -1.000000000000000000, 0.000000000000000000, 0.000000000000000000 ) ) ;
#450 = CARTESIAN_POINT ( 'NONE',  ( -2.430432687826100224, -2.583177482750639964, -1.000000000000000000 ) ) ;
#451 = VERTEX_POINT ( 'NONE', #1873 ) ;
#452 = VERTEX_POINT ( 'NONE', #361 ) ;
#453 = EDGE_CURVE ( 'NONE', #1068, #232, #2721, .T. ) ;
#454 = UNCERTAINTY_MEASURE_WITH_UNIT (LENGTH_MEASURE( 1.000000000000000082E-05 ), #1291, 'distance_accuracy_value', 'NONE');
#455 = DIRECTION ( 'NONE',  ( -1.000000000000000000, 0.000000000000000000, 0.000000000000000000 ) ) ;
#456 = DIRECTION ( 'NONE',  ( 0.000000000000000000, 0.000000000000000000, 1.000000000000000000 ) ) ;
#457 = EDGE_LOOP ( 'NONE', ( #825, #189, #132, #152 ) ) ;
#458 = ORIENTED_EDGE ( 'NONE', *, *, #2690, .F. ) ;
#459 = EDGE_CURVE ( 'NONE', #684, #569, #1947, .T. ) ;
#460 = DIRECTION ( 'NONE',  ( 0.000000000000000000, 0.000000000000000000, -1.000000000000000000 ) ) ;
#461 = CARTESIAN_POINT ( 'NONE',  ( 0.7962284048838049744, -3.180239485670429911, -7.000000000000000000 ) ) ;
#462 = CARTESIAN_POINT ( 'NONE',  ( 1.149999999999999911, 1.408343819019456028E-16, -21.00000000000000000 ) ) ;
#463 = CARTESIAN_POINT ( 'NONE',  ( -0.3600769430756984857, 3.098159147592464802, -4.000000000000000000 ) ) ;
#464 = EDGE_CURVE ( 'NONE', #3385, #2657, #2633, .T. ) ;
#465 = EDGE_CURVE ( 'NONE', #942, #1854, #839, .T. ) ;
#466 = CARTESIAN_POINT ( 'NONE',  ( -1.169637804266592251, 3.348396088319595343, -9.719499999999998252 ) ) ;
#467 = ORIENTED_EDGE ( 'NONE', *, *, #1591, .F. ) ;
#468 = CARTESIAN_POINT ( 'NONE',  ( -1.830597722194828858, -2.719708594400556123, -9.719499999999998252 ) ) ;
#469 = CARTESIAN_POINT ( 'NONE',  ( -1.687256277579660013, 2.853896419658324746, -1.000000000000000000 ) ) ;
#470 = CARTESIAN_POINT ( 'NONE',  ( -3.812946277482006874, -1.877216206255268638, -9.719499999999998252 ) ) ;
#471 = EDGE_CURVE ( 'NONE', #378, #3076, #3520, .T. ) ;
#472 = ORIENTED_EDGE ( 'NONE', *, *, #471, .T. ) ;
#473 = ORIENTED_EDGE ( 'NONE', *, *, #1059, .T. ) ;
#474 = CARTESIAN_POINT ( 'NONE',  ( -3.270983679872624617, -1.371304022983409920, -1.000000000000000000 ) ) ;
#475 = DIRECTION ( 'NONE',  ( 1.000000000000000000, 0.000000000000000000, 0.000000000000000000 ) ) ;
#476 = EDGE_CURVE ( 'NONE', #2865, #2142, #774, .T. ) ;
#477 = ORIENTED_EDGE ( 'NONE', *, *, #582, .F. ) ;
#478 = AXIS2_PLACEMENT_3D ( 'NONE', #3060, #1589, #2738 ) ;
#479 = ORIENTED_EDGE ( 'NONE', *, *, #2642, .F. ) ;
#480 = DIRECTION ( 'NONE',  ( 1.000000000000000000, 0.000000000000000000, 0.000000000000000000 ) ) ;
#481 = CARTESIAN_POINT ( 'NONE',  ( 1.840249104221085119, 3.032044226566794620, -7.000000000000000000 ) ) ;
#482 = AXIS2_PLACEMENT_3D ( 'NONE', #3216, #1468, #276 ) ;
#483 = VECTOR ( 'NONE', #767, 1000.000000000000000 ) ;
#484 = AXIS2_PLACEMENT_3D ( 'NONE', #2513, #2535, #1079 ) ;
#485 = CARTESIAN_POINT ( 'NONE',  ( -2.503046055244334767, 1.860915353816875006, -7.000000000000000000 ) ) ;
#486 = CYLINDRICAL_SURFACE ( 'NONE', #48, 0.1963495408493620142 ) ;
#487 = CIRCLE ( 'NONE', #1586, 4.249999999998978595 ) ;
#488 = AXIS2_PLACEMENT_3D ( 'NONE', #583, #2333, #1768 ) ;
#489 = ORIENTED_EDGE ( 'NONE', *, *, #3129, .T. ) ;
#490 = CARTESIAN_POINT ( 'NONE',  ( -0.3600769430757134182, 3.098159147592609575, -9.719499999999998252 ) ) ;
#491 = CARTESIAN_POINT ( 'NONE',  ( -1.529743889978995020, 2.718111318510990415, -1.000000000000000000 ) ) ;
#492 = EDGE_CURVE ( 'NONE', #2312, #2206, #3768, .T. ) ;
#493 = ADVANCED_FACE ( 'NONE', ( #1370 ), #159, .F. ) ;
#494 = CARTESIAN_POINT ( 'NONE',  ( 2.243744109767559891, 2.440731630117074946, -7.000000000000000000 ) ) ;
#495 = CIRCLE ( 'NONE', #3346, 1.973045005896731041 ) ;
#496 = ORIENTED_EDGE ( 'NONE', *, *, #2259, .F. ) ;
#497 = AXIS2_PLACEMENT_3D ( 'NONE', #3335, #3587, #3003 ) ;
#498 = CYLINDRICAL_SURFACE ( 'NONE', #1394, 0.1963495408493620142 ) ;
#499 = AXIS2_PLACEMENT_3D ( 'NONE', #2816, #2496, #3687 ) ;
#500 = CYLINDRICAL_SURFACE ( 'NONE', #1841, 0.1963495408493620142 ) ;
#501 = ORIENTED_EDGE ( 'NONE', *, *, #492, .F. ) ;
#502 = ORIENTED_EDGE ( 'NONE', *, *, #2207, .T. ) ;
#503 = EDGE_CURVE ( 'NONE', #3410, #1144, #1385, .T. ) ;
#504 = ORIENTED_EDGE ( 'NONE', *, *, #1436, .F. ) ;
#505 = VERTEX_POINT ( 'NONE', #1704 ) ;
#506 = DIRECTION ( 'NONE',  ( 0.8660254037844345998, -0.5000000000000072164, 0.000000000000000000 ) ) ;
#507 = DIRECTION ( 'NONE',  ( -1.000000000000000000, 0.000000000000000000, 0.000000000000000000 ) ) ;
#508 = CYLINDRICAL_SURFACE ( 'NONE', #2908, 1.973045005896730597 ) ;
#509 = CYLINDRICAL_SURFACE ( 'NONE', #2450, 1.973045005896730153 ) ;
#510 = ORIENTED_EDGE ( 'NONE', *, *, #12, .F. ) ;
#511 = DIRECTION ( 'NONE',  ( 1.000000000000000000, 0.000000000000000000, 0.000000000000000000 ) ) ;
#512 = CARTESIAN_POINT ( 'NONE',  ( -3.545951877715329825, -0.07768036026355409907, -7.000000000000000000 ) ) ;
#513 = ORIENTED_EDGE ( 'NONE', *, *, #787, .F. ) ;
#514 = EDGE_CURVE ( 'NONE', #3425, #378, #3120, .T. ) ;
#515 = DIRECTION ( 'NONE',  ( 1.000000000000000000, 0.000000000000000000, 0.000000000000000000 ) ) ;
#516 = CIRCLE ( 'NONE', #14, 4.249999999999059419 ) ;
#517 = DIRECTION ( 'NONE',  ( 0.000000000000000000, 0.000000000000000000, 1.000000000000000000 ) ) ;
#518 = ORIENTED_EDGE ( 'NONE', *, *, #1907, .F. ) ;
#519 = ORIENTED_EDGE ( 'NONE', *, *, #3498, .F. ) ;
#520 = EDGE_CURVE ( 'NONE', #3303, #3101, #1331, .T. ) ;
#521 = EDGE_CURVE ( 'NONE', #955, #2041, #1765, .T. ) ;
#522 = VERTEX_POINT ( 'NONE', #3728 ) ;
#523 = CARTESIAN_POINT ( 'NONE',  ( 3.118825397134032951, 0.03425858924962450064, -9.719499999999998252 ) ) ;
#524 = FACE_OUTER_BOUND ( 'NONE', #3118, .T. ) ;
#525 = DIRECTION ( 'NONE',  ( 1.000000000000000000, 0.000000000000000000, 0.000000000000000000 ) ) ;
#526 = CARTESIAN_POINT ( 'NONE',  ( 0.6070735070740499451, 4.206419113331448578, -9.719499999999998252 ) ) ;
#527 = ADVANCED_FACE ( 'NONE', ( #1083 ), #498, .F. ) ;
#528 = ORIENTED_EDGE ( 'NONE', *, *, #1219, .T. ) ;
#529 = DIRECTION ( 'NONE',  ( 0.000000000000000000, 0.000000000000000000, 1.000000000000000000 ) ) ;
#530 = CARTESIAN_POINT ( 'NONE',  ( 3.452313666459034813, -0.8132277084702069780, -7.000000000000000000 ) ) ;
#531 = EDGE_CURVE ( 'NONE', #3442, #1247, #3819, .T. ) ;
#532 = ORIENTED_EDGE ( 'NONE', *, *, #3129, .F. ) ;
#533 = ORIENTED_EDGE ( 'NONE', *, *, #3300, .F. ) ;
#534 = CARTESIAN_POINT ( 'NONE',  ( -1.589081507154979978, 2.683852729261365422, -4.000000000000000000 ) ) ;
#535 = DIRECTION ( 'NONE',  ( 0.000000000000000000, 0.000000000000000000, -1.000000000000000000 ) ) ;
#536 = ADVANCED_FACE ( 'NONE', ( #3198 ), #1667, .F. ) ;
#537 = ORIENTED_EDGE ( 'NONE', *, *, #3764, .T. ) ;
#538 = EDGE_LOOP ( 'NONE', ( #2605, #2863, #3832, #2226 ) ) ;
#539 = ORIENTED_EDGE ( 'NONE', *, *, #2322, .T. ) ;
#540 = CARTESIAN_POINT ( 'NONE',  ( -0.5212799434827579681, -3.081216029512150012, -7.000000000000000000 ) ) ;
#541 = DIRECTION ( 'NONE',  ( 0.000000000000000000, 0.000000000000000000, 1.000000000000000000 ) ) ;
#542 = EDGE_CURVE ( 'NONE', #3655, #1460, #1092, .T. ) ;
#543 = CARTESIAN_POINT ( 'NONE',  ( 1.705702773494315094, 3.109724586830374893, -9.719499999999998252 ) ) ;
#544 = CARTESIAN_POINT ( 'NONE',  ( 0.9918635406178789582, 3.163505213708925012, -7.000000000000000000 ) ) ;
#545 = VECTOR ( 'NONE', #3674, 1000.000000000000000 ) ;
#546 = AXIS2_PLACEMENT_3D ( 'NONE', #1723, #2918, #255 ) ;
#547 = CIRCLE ( 'NONE', #3218, 1.973045005897160475 ) ;
#548 = ORIENTED_EDGE ( 'NONE', *, *, #2104, .F. ) ;
#549 = DIRECTION ( 'NONE',  ( 1.000000000000000000, 0.000000000000000000, 0.000000000000000000 ) ) ;
#550 = CARTESIAN_POINT ( 'NONE',  ( 4.188138338522024995, 0.7224937767099599562, -7.000000000000000000 ) ) ;
#551 = EDGE_CURVE ( 'NONE', #1449, #2312, #669, .T. ) ;
#552 = AXIS2_PLACEMENT_3D ( 'NONE', #2688, #949, #2393 ) ;
#553 = CIRCLE ( 'NONE', #2904, 0.1963495408492187677 ) ;
#554 = ORIENTED_EDGE ( 'NONE', *, *, #389, .F. ) ;
#555 = AXIS2_PLACEMENT_3D ( 'NONE', #2251, #3754, #2220 ) ;
#556 = AXIS2_PLACEMENT_3D ( 'NONE', #2547, #2851, #1074 ) ;
#557 = CARTESIAN_POINT ( 'NONE',  ( 0.000000000000000000, 0.000000000000000000, -21.00000000000000000 ) ) ;
#558 = DIRECTION ( 'NONE',  ( 0.000000000000000000, 0.000000000000000000, -1.000000000000000000 ) ) ;
#559 = AXIS2_PLACEMENT_3D ( 'NONE', #1314, #3730, #3372 ) ;
#560 = AXIS2_PLACEMENT_3D ( 'NONE', #863, #566, #1134 ) ;
#561 = EDGE_LOOP ( 'NONE', ( #578, #2665, #997, #3209 ) ) ;
#562 = VERTEX_POINT ( 'NONE', #2573 ) ;
#563 = ORIENTED_EDGE ( 'NONE', *, *, #3541, .F. ) ;
#564 = DIRECTION ( 'NONE',  ( 1.000000000000000000, 0.000000000000000000, -0.000000000000000000 ) ) ;
#565 = CYLINDRICAL_SURFACE ( 'NONE', #849, 4.250000000000000000 ) ;
#566 = DIRECTION ( 'NONE',  ( 0.000000000000000000, 0.000000000000000000, -1.000000000000000000 ) ) ;
#567 = DIRECTION ( 'NONE',  ( 0.000000000000000000, 0.000000000000000000, 1.000000000000000000 ) ) ;
#568 = EDGE_CURVE ( 'NONE', #797, #791, #2707, .T. ) ;
#569 = VERTEX_POINT ( 'NONE', #3747 ) ;
#570 = PLANE ( 'NONE',  #847 ) ;
#571 = LINE ( 'NONE', #2049, #994 ) ;
#572 = EDGE_LOOP ( 'NONE', ( #2453, #2124, #3667, #2804 ) ) ;
#573 = CYLINDRICAL_SURFACE ( 'NONE', #1525, 4.250000000000000000 ) ;
#574 = DIRECTION ( 'NONE',  ( 0.000000000000000000, 0.000000000000000000, -1.000000000000000000 ) ) ;
#575 = EDGE_CURVE ( 'NONE', #2865, #1571, #2289, .T. ) ;
#576 = ORIENTED_EDGE ( 'NONE', *, *, #164, .F. ) ;
#577 = AXIS2_PLACEMENT_3D ( 'NONE', #2475, #1789, #2407 ) ;
#578 = ORIENTED_EDGE ( 'NONE', *, *, #2871, .T. ) ;
#579 = DIRECTION ( 'NONE',  ( 0.000000000000000000, 0.000000000000000000, -1.000000000000000000 ) ) ;
#580 = CARTESIAN_POINT ( 'NONE',  ( -1.169637804266592251, 3.348396088319595343, -7.000000000000000000 ) ) ;
#581 = EDGE_LOOP ( 'NONE', ( #720, #3800, #2693, #1203 ) ) ;
#582 = EDGE_CURVE ( 'NONE', #3380, #960, #2204, .T. ) ;
#583 = CARTESIAN_POINT ( 'NONE',  ( 1.705702773494270019, -3.109724586830400206, -9.719499999999998252 ) ) ;
#584 = CARTESIAN_POINT ( 'NONE',  ( -2.523182748769660755, 1.833199572910547026, -1.000000000000000000 ) ) ;
#585 = EDGE_CURVE ( 'NONE', #1554, #932, #1829, .T. ) ;
#586 = VERTEX_POINT ( 'NONE', #760 ) ;
#587 = DIRECTION ( 'NONE',  ( -0.9135454576426058626, -0.4067366430757889395, 0.000000000000000000 ) ) ;
#588 = DIRECTION ( 'NONE',  ( -1.000000000000000000, 0.000000000000000000, 0.000000000000000000 ) ) ;
#589 = ORIENTED_EDGE ( 'NONE', *, *, #1454, .T. ) ;
#590 = DIRECTION ( 'NONE',  ( -1.000000000000000000, 0.000000000000000000, 0.000000000000000000 ) ) ;
#591 = CARTESIAN_POINT ( 'NONE',  ( -2.543319442294885047, 1.805483792004364929, -4.000000000000000000 ) ) ;
#592 = EDGE_CURVE ( 'NONE', #817, #3689, #2977, .T. ) ;
#593 = EDGE_LOOP ( 'NONE', ( #1742, #1647, #1220, #3836 ) ) ;
#594 = ORIENTED_EDGE ( 'NONE', *, *, #2383, .T. ) ;
#595 = EDGE_CURVE ( 'NONE', #3124, #1550, #547, .T. ) ;
#596 = DIRECTION ( 'NONE',  ( 0.000000000000000000, 0.000000000000000000, -1.000000000000000000 ) ) ;
#597 = CYLINDRICAL_SURFACE ( 'NONE', #3473, 1.973045005896730153 ) ;
#598 = EDGE_CURVE ( 'NONE', #2630, #1867, #1509, .T. ) ;
#599 = ORIENTED_EDGE ( 'NONE', *, *, #1454, .F. ) ;
#600 = ORIENTED_EDGE ( 'NONE', *, *, #1294, .F. ) ;
#601 = LINE ( 'NONE', #2886, #1401 ) ;
#602 = CYLINDRICAL_SURFACE ( 'NONE', #3761, 0.1963495408493620142 ) ;
#603 = CARTESIAN_POINT ( 'NONE',  ( -2.702169557679734879, 1.920895156410014959, -1.000000000000000000 ) ) ;
#604 = ORIENTED_EDGE ( 'NONE', *, *, #3612, .T. ) ;
#605 = AXIS2_PLACEMENT_3D ( 'NONE', #1896, #3043, #3015 ) ;
#606 = CARTESIAN_POINT ( 'NONE',  ( -3.946402564646191546, 1.577468477575791006, -1.000000000000000000 ) ) ;
#607 = CARTESIAN_POINT ( 'NONE',  ( -0.3806010588440339459, -3.293433065112659541, -9.719499999999998252 ) ) ;
#608 = AXIS2_PLACEMENT_3D ( 'NONE', #2950, #3293, #632 ) ;
#609 = ORIENTED_EDGE ( 'NONE', *, *, #1005, .F. ) ;
#610 = DIRECTION ( 'NONE',  ( 0.000000000000000000, 0.000000000000000000, 1.000000000000000000 ) ) ;
#611 = CIRCLE ( 'NONE', #2140, 4.249999999999059419 ) ;
#612 = CYLINDRICAL_SURFACE ( 'NONE', #1282, 1.973045005896730153 ) ;
#613 = ORIENTED_EDGE ( 'NONE', *, *, #464, .T. ) ;
#614 = CIRCLE ( 'NONE', #3642, 4.249999999998978595 ) ;
#615 = EDGE_CURVE ( 'NONE', #2630, #3125, #2137, .T. ) ;
#616 = DIRECTION ( 'NONE',  ( 1.000000000000000000, 0.000000000000000000, 0.000000000000000000 ) ) ;
#617 = AXIS2_PLACEMENT_3D ( 'NONE', #326, #965, #362 ) ;
#618 = LINE ( 'NONE', #2131, #2906 ) ;
#619 = VECTOR ( 'NONE', #1376, 1000.000000000000000 ) ;
#620 = CARTESIAN_POINT ( 'NONE',  ( 2.112360622440804026, -2.294815484849952902, -1.000000000000000000 ) ) ;
#621 = AXIS2_PLACEMENT_3D ( 'NONE', #405, #1223, #3669 ) ;
#622 = DIRECTION ( 'NONE',  ( 1.000000000000000000, 0.000000000000000000, -0.000000000000000000 ) ) ;
#623 = CARTESIAN_POINT ( 'NONE',  ( -0.1176199352020350780, 3.276288816603964982, -9.719499999999998252 ) ) ;
#624 = CIRCLE ( 'NONE', #2466, 1.973045005896730597 ) ;
#625 = DIRECTION ( 'NONE',  ( 1.000000000000000000, 0.000000000000000000, 0.000000000000000000 ) ) ;
#626 = EDGE_CURVE ( 'NONE', #346, #1649, #1030, .T. ) ;
#627 = VERTEX_POINT ( 'NONE', #1783 ) ;
#628 = DIRECTION ( 'NONE',  ( 1.000000000000000000, 0.000000000000000000, 0.000000000000000000 ) ) ;
#629 = DIRECTION ( 'NONE',  ( 1.000000000000000000, 0.000000000000000000, 0.000000000000000000 ) ) ;
#630 = EDGE_CURVE ( 'NONE', #801, #1449, #37, .T. ) ;
#631 = EDGE_LOOP ( 'NONE', ( #3194, #1930, #3487, #1804 ) ) ;
#632 = DIRECTION ( 'NONE',  ( 1.000000000000000000, 0.000000000000000000, 0.000000000000000000 ) ) ;
#633 = DIRECTION ( 'NONE',  ( 1.000000000000000000, 0.000000000000000000, 0.000000000000000000 ) ) ;
#634 = EDGE_LOOP ( 'NONE', ( #374, #3222, #3549, #184 ) ) ;
#635 = CARTESIAN_POINT ( 'NONE',  ( -1.589081507154981754, 2.683852729261365866, -1.000000000000000000 ) ) ;
#636 = CARTESIAN_POINT ( 'NONE',  ( -1.529743889979034988, -2.718111318510970431, -4.000000000000000000 ) ) ;
#637 = EDGE_CURVE ( 'NONE', #1390, #1908, #3579, .T. ) ;
#638 = ORIENTED_EDGE ( 'NONE', *, *, #3021, .F. ) ;
#639 = VERTEX_POINT ( 'NONE', #2347 ) ;
#640 = DIRECTION ( 'NONE',  ( 0.000000000000000000, 0.000000000000000000, 1.000000000000000000 ) ) ;
#641 = CIRCLE ( 'NONE', #1805, 1.973045005896729487 ) ;
#642 = DIRECTION ( 'NONE',  ( 0.000000000000000000, 0.000000000000000000, -1.000000000000000000 ) ) ;
#643 = ORIENTED_EDGE ( 'NONE', *, *, #2150, .T. ) ;
#644 = DIRECTION ( 'NONE',  ( 0.000000000000000000, 0.000000000000000000, 1.000000000000000000 ) ) ;
#645 = DIRECTION ( 'NONE',  ( 1.000000000000000000, 0.000000000000000000, 0.000000000000000000 ) ) ;
#646 = ADVANCED_FACE ( 'NONE', ( #2920 ), #573, .T. ) ;
#647 = VERTEX_POINT ( 'NONE', #829 ) ;
#648 = LINE ( 'NONE', #2474, #1951 ) ;
#649 = DIRECTION ( 'NONE',  ( -1.000000000000000000, 0.000000000000000000, 0.000000000000000000 ) ) ;
#650 = ORIENTED_EDGE ( 'NONE', *, *, #3623, .F. ) ;
#651 = DIRECTION ( 'NONE',  ( -1.000000000000000000, 0.000000000000000000, 0.000000000000000000 ) ) ;
#652 = ORIENTED_EDGE ( 'NONE', *, *, #889, .F. ) ;
#653 = ADVANCED_FACE ( 'NONE', ( #2013 ), #2935, .T. ) ;
#654 = FACE_OUTER_BOUND ( 'NONE', #3505, .T. ) ;
#655 = CARTESIAN_POINT ( 'NONE',  ( 0.9918635406178789582, 3.163505213708925012, -9.719499999999998252 ) ) ;
#656 = LINE ( 'NONE', #3621, #673 ) ;
#657 = CARTESIAN_POINT ( 'NONE',  ( 0.4479077197208464756, -3.518406973625709977, -7.000000000000000000 ) ) ;
#658 = ORIENTED_EDGE ( 'NONE', *, *, #1919, .F. ) ;
#659 = AXIS2_PLACEMENT_3D ( 'NONE', #743, #2211, #722 ) ;
#660 = EDGE_CURVE ( 'NONE', #721, #1161, #360, .T. ) ;
#661 = EDGE_LOOP ( 'NONE', ( #1067, #742 ) ) ;
#662 = CARTESIAN_POINT ( 'NONE',  ( -3.270983679872604633, 1.371304022983455884, -7.000000000000000000 ) ) ;
#663 = DIRECTION ( 'NONE',  ( 4.430664177148928708E-14, 1.000000000000000000, -0.000000000000000000 ) ) ;
#664 = AXIS2_PLACEMENT_3D ( 'NONE', #662, #78, #1563 ) ;
#665 = FACE_OUTER_BOUND ( 'NONE', #2923, .T. ) ;
#666 = ORIENTED_EDGE ( 'NONE', *, *, #2811, .F. ) ;
#667 = ORIENTED_EDGE ( 'NONE', *, *, #2072, .T. ) ;
#668 = VECTOR ( 'NONE', #2379, 1000.000000000000114 ) ;
#669 = CIRCLE ( 'NONE', #44, 0.1963495408492184624 ) ;
#670 = DIRECTION ( 'NONE',  ( 0.000000000000000000, 0.000000000000000000, -1.000000000000000000 ) ) ;
#671 = CARTESIAN_POINT ( 'NONE',  ( -2.963603903834969078, -3.046235693633249308, -1.000000000000000000 ) ) ;
#672 = AXIS2_PLACEMENT_3D ( 'NONE', #3619, #1558, #399 ) ;
#673 = VECTOR ( 'NONE', #3067, 1000.000000000000000 ) ;
#674 = ORIENTED_EDGE ( 'NONE', *, *, #1211, .F. ) ;
#675 = CIRCLE ( 'NONE', #307, 1.973045005896728155 ) ;
#676 = AXIS2_PLACEMENT_3D ( 'NONE', #543, #2943, #250 ) ;
#677 = CYLINDRICAL_SURFACE ( 'NONE', #1467, 4.250000000000000000 ) ;
#678 = CARTESIAN_POINT ( 'NONE',  ( -0.1176199352020340094, 3.276288816603964982, -7.000000000000000000 ) ) ;
#679 = CIRCLE ( 'NONE', #1405, 4.249999999999488409 ) ;
#680 = AXIS2_PLACEMENT_3D ( 'NONE', #3205, #1391, #2957 ) ;
#681 = LINE ( 'NONE', #1231, #366 ) ;
#682 = DIRECTION ( 'NONE',  ( 1.000000000000000000, 0.000000000000000000, 0.000000000000000000 ) ) ;
#683 = EDGE_CURVE ( 'NONE', #968, #3765, #3025, .T. ) ;
#684 = VERTEX_POINT ( 'NONE', #1492 ) ;
#685 = CARTESIAN_POINT ( 'NONE',  ( 2.020910775106349533, 2.581438067825796434, -9.719499999999998252 ) ) ;
#686 = FACE_OUTER_BOUND ( 'NONE', #2301, .T. ) ;
#687 = EDGE_CURVE ( 'NONE', #2857, #647, #1267, .T. ) ;
#688 = EDGE_LOOP ( 'NONE', ( #1974, #3752, #2970, #3014 ) ) ;
#689 = ORIENTED_EDGE ( 'NONE', *, *, #2680, .T. ) ;
#690 = CARTESIAN_POINT ( 'NONE',  ( -3.000000000000000444, 0.000000000000000000, -1.000000000000000000 ) ) ;
#691 = CYLINDRICAL_SURFACE ( 'NONE', #1836, 4.250000000000000000 ) ;
#692 = EDGE_CURVE ( 'NONE', #1130, #2100, #97, .T. ) ;
#693 = VERTEX_POINT ( 'NONE', #1427 ) ;
#694 = ORIENTED_EDGE ( 'NONE', *, *, #304, .T. ) ;
#695 = CARTESIAN_POINT ( 'NONE',  ( -2.465546629779823196, 1.976326718222530143, -7.000000000000000000 ) ) ;
#696 = CARTESIAN_POINT ( 'NONE',  ( -1.529743889979035876, -2.718111318510969099, -9.719499999999998252 ) ) ;
#697 = CARTESIAN_POINT ( 'NONE',  ( 3.014628782297434917, 1.379699904078589778, -7.000000000000000000 ) ) ;
#698 = LINE ( 'NONE', #2107, #1772 ) ;
#699 = EDGE_CURVE ( 'NONE', #2679, #2862, #2676, .T. ) ;
#700 = ORIENTED_EDGE ( 'NONE', *, *, #3423, .T. ) ;
#701 = DIRECTION ( 'NONE',  ( 0.000000000000000000, 0.000000000000000000, -1.000000000000000000 ) ) ;
#702 = DIRECTION ( 'NONE',  ( 0.000000000000000000, 0.000000000000000000, -1.000000000000000000 ) ) ;
#703 = ADVANCED_FACE ( 'NONE', ( #2092 ), #1162, .T. ) ;
#704 = CARTESIAN_POINT ( 'NONE',  ( -2.407771384363955214, 1.992049688295469689, -7.000000000000000000 ) ) ;
#705 = ORIENTED_EDGE ( 'NONE', *, *, #1985, .F. ) ;
#706 = ORIENTED_EDGE ( 'NONE', *, *, #127, .F. ) ;
#707 = DIRECTION ( 'NONE',  ( 0.000000000000000000, 0.000000000000000000, 1.000000000000000000 ) ) ;
#708 = FACE_OUTER_BOUND ( 'NONE', #776, .T. ) ;
#709 = ORIENTED_EDGE ( 'NONE', *, *, #219, .T. ) ;
#710 = EDGE_CURVE ( 'NONE', #1479, #802, #2330, .T. ) ;
#711 = CARTESIAN_POINT ( 'NONE',  ( 2.265494034368173537, -3.595836033558011291, -1.000000000000000000 ) ) ;
#712 = FACE_OUTER_BOUND ( 'NONE', #3508, .T. ) ;
#713 = EDGE_CURVE ( 'NONE', #3162, #1707, #958, .T. ) ;
#714 = CARTESIAN_POINT ( 'NONE',  ( -3.946402564645520528, -1.577468477574724970, -7.000000000000000000 ) ) ;
#715 = DIRECTION ( 'NONE',  ( 0.000000000000000000, 0.000000000000000000, 1.000000000000000000 ) ) ;
#716 = EDGE_CURVE ( 'NONE', #50, #3178, #1802, .T. ) ;
#717 = ORIENTED_EDGE ( 'NONE', *, *, #3282, .T. ) ;
#718 = PLANE ( 'NONE',  #3699 ) ;
#719 = LINE ( 'NONE', #1888, #1471 ) ;
#720 = ORIENTED_EDGE ( 'NONE', *, *, #1425, .T. ) ;
#721 = VERTEX_POINT ( 'NONE', #3012 ) ;
#722 = DIRECTION ( 'NONE',  ( -1.000000000000000000, 0.000000000000000000, 0.000000000000000000 ) ) ;
#723 = CIRCLE ( 'NONE', #1208, 0.1963495408493628747 ) ;
#724 = FACE_OUTER_BOUND ( 'NONE', #261, .T. ) ;
#725 = CIRCLE ( 'NONE', #3272, 0.1963495408493628747 ) ;
#726 = EDGE_LOOP ( 'NONE', ( #439, #1107, #2719, #1268 ) ) ;
#727 = VECTOR ( 'NONE', #1195, 1000.000000000000000 ) ;
#728 = CARTESIAN_POINT ( 'NONE',  ( 0.7962284048838459416, 3.180239485670419697, -7.000000000000000000 ) ) ;
#729 = VECTOR ( 'NONE', #1242, 1000.000000000000114 ) ;
#730 = CYLINDRICAL_SURFACE ( 'NONE', #1036, 1.973045005896730153 ) ;
#731 = CIRCLE ( 'NONE', #363, 0.1963495408493620142 ) ;
#732 = AXIS2_PLACEMENT_3D ( 'NONE', #386, #995, #73 ) ;
#733 = CARTESIAN_POINT ( 'NONE',  ( -1.830597722194829968, -2.719708594400557011, -1.000000000000000000 ) ) ;
#734 = CARTESIAN_POINT ( 'NONE',  ( -1.627918660403720130, -2.888155008907924870, -9.719499999999998252 ) ) ;
#735 = VECTOR ( 'NONE', #800, 1000.000000000000000 ) ;
#736 = ORIENTED_EDGE ( 'NONE', *, *, #282, .F. ) ;
#737 = EDGE_LOOP ( 'NONE', ( #1886, #2493, #89, #1183 ) ) ;
#738 = FILL_AREA_STYLE_COLOUR ( '', #2451 ) ;
#739 = DIRECTION ( 'NONE',  ( -0.000000000000000000, -0.000000000000000000, 1.000000000000000000 ) ) ;
#740 = CARTESIAN_POINT ( 'NONE',  ( -1.440037872544359887, -2.945198428730914753, -7.000000000000000000 ) ) ;
#741 = ORIENTED_EDGE ( 'NONE', *, *, #2734, .F. ) ;
#742 = ORIENTED_EDGE ( 'NONE', *, *, #131, .F. ) ;
#743 = CARTESIAN_POINT ( 'NONE',  ( 3.484614976550514776, -0.6612619924382469039, -9.719499999999998252 ) ) ;
#744 = CARTESIAN_POINT ( 'NONE',  ( -1.687256277579660013, 2.853896419658324746, -9.719499999999998252 ) ) ;
#745 = ORIENTED_EDGE ( 'NONE', *, *, #2436, .F. ) ;
#746 = ORIENTED_EDGE ( 'NONE', *, *, #3644, .T. ) ;
#747 = CARTESIAN_POINT ( 'NONE',  ( 2.823075960151754771, -2.147102950642279851, -7.000000000000000000 ) ) ;
#748 = CARTESIAN_POINT ( 'NONE',  ( 0.000000000000000000, 0.000000000000000000, -9.719499999999998252 ) ) ;
#749 = CARTESIAN_POINT ( 'NONE',  ( -2.778539377712864411, -1.740006260178437403, -1.000000000000000000 ) ) ;
#750 = CARTESIAN_POINT ( 'NONE',  ( -0.3806010588440339459, -3.293433065112659541, -7.000000000000000000 ) ) ;
#751 = EDGE_CURVE ( 'NONE', #158, #3238, #1265, .T. ) ;
#752 = EDGE_LOOP ( 'NONE', ( #1426, #1808, #3106, #667 ) ) ;
#753 = ADVANCED_FACE ( 'NONE', ( #3610 ), #404, .T. ) ;
#754 = DIRECTION ( 'NONE',  ( -1.000000000000000000, 0.000000000000000000, 0.000000000000000000 ) ) ;
#755 = DIRECTION ( 'NONE',  ( 0.000000000000000000, 0.000000000000000000, -1.000000000000000000 ) ) ;
#756 = PLANE ( 'NONE',  #117 ) ;
#757 = EDGE_LOOP ( 'NONE', ( #510, #1060, #866, #2425 ) ) ;
#758 = VERTEX_POINT ( 'NONE', #2454 ) ;
#759 = EDGE_CURVE ( 'NONE', #3091, #1915, #2263, .T. ) ;
#760 = CARTESIAN_POINT ( 'NONE',  ( 4.188138338523299531, -0.7224937767115711118, -9.719499999999998252 ) ) ;
#761 = CARTESIAN_POINT ( 'NONE',  ( 2.265494034368403575, 3.595836033557774147, -1.000000000000000000 ) ) ;
#762 = ORIENTED_EDGE ( 'NONE', *, *, #2744, .T. ) ;
#763 = CARTESIAN_POINT ( 'NONE',  ( 2.243744109767559891, 2.440731630117074946, -1.000000000000000000 ) ) ;
#764 = DIRECTION ( 'NONE',  ( 1.000000000000000000, 0.000000000000000000, 0.000000000000000000 ) ) ;
#765 = EDGE_CURVE ( 'NONE', #1672, #3509, #1213, .T. ) ;
#766 = CARTESIAN_POINT ( 'NONE',  ( 0.000000000000000000, 0.000000000000000000, -21.00000000000000000 ) ) ;
#767 = DIRECTION ( 'NONE',  ( 0.000000000000000000, 0.000000000000000000, -1.000000000000000000 ) ) ;
#768 = DIRECTION ( 'NONE',  ( -0.000000000000000000, -0.000000000000000000, -1.000000000000000000 ) ) ;
#769 = ORIENTED_EDGE ( 'NONE', *, *, #1445, .T. ) ;
#770 = DIRECTION ( 'NONE',  ( 0.000000000000000000, 0.000000000000000000, 1.000000000000000000 ) ) ;
#771 = CARTESIAN_POINT ( 'NONE',  ( 3.000000000000000444, 3.673940397442060361E-16, 6.000000000000000000 ) ) ;
#772 = ORIENTED_EDGE ( 'NONE', *, *, #252, .F. ) ;
#773 = EDGE_LOOP ( 'NONE', ( #270, #576, #321, #3429 ) ) ;
#774 = LINE ( 'NONE', #534, #3145 ) ;
#775 = CARTESIAN_POINT ( 'NONE',  ( 0.9311881956577059416, 2.976765703412574737, -4.000000000000000000 ) ) ;
#776 = EDGE_LOOP ( 'NONE', ( #257, #1914, #3494, #3313 ) ) ;
#777 = AXIS2_PLACEMENT_3D ( 'NONE', #316, #1486, #1191 ) ;
#778 = VERTEX_POINT ( 'NONE', #3366 ) ;
#779 = ORIENTED_EDGE ( 'NONE', *, *, #2441, .T. ) ;
#780 = DIRECTION ( 'NONE',  ( 0.000000000000000000, 0.000000000000000000, 1.000000000000000000 ) ) ;
#781 = CARTESIAN_POINT ( 'NONE',  ( 0.9963519047475369872, -2.955592730849700089, -4.000000000000000000 ) ) ;
#782 = VECTOR ( 'NONE', #2994, 1000.000000000000114 ) ;
#783 = VECTOR ( 'NONE', #1560, 1000.000000000000000 ) ;
#784 = AXIS2_PLACEMENT_3D ( 'NONE', #2340, #826, #2008 ) ;
#785 = CARTESIAN_POINT ( 'NONE',  ( 1.149999999999999911, 1.408343819019456028E-16, 11.00100000000000122 ) ) ;
#786 = CARTESIAN_POINT ( 'NONE',  ( -1.899999999999999911, 0.000000000000000000, 6.000000000000000000 ) ) ;
#787 = EDGE_CURVE ( 'NONE', #2291, #2163, #648, .T. ) ;
#788 = AXIS2_PLACEMENT_3D ( 'NONE', #973, #1229, #3640 ) ;
#789 = CIRCLE ( 'NONE', #3831, 4.249999999998980371 ) ;
#790 = DIRECTION ( 'NONE',  ( 1.000000000000000000, 0.000000000000000000, 0.000000000000000000 ) ) ;
#791 = VERTEX_POINT ( 'NONE', #685 ) ;
#792 =( LENGTH_UNIT ( ) NAMED_UNIT ( * ) SI_UNIT ( .MILLI., .METRE. ) );
#793 = CIRCLE ( 'NONE', #2276, 1.973045005897158255 ) ;
#794 = AXIS2_PLACEMENT_3D ( 'NONE', #398, #1503, #622 ) ;
#795 = DIRECTION ( 'NONE',  ( 0.000000000000000000, 0.000000000000000000, -1.000000000000000000 ) ) ;
#796 = AXIS2_PLACEMENT_3D ( 'NONE', #854, #574, #3199 ) ;
#797 = VERTEX_POINT ( 'NONE', #355 ) ;
#798 = VECTOR ( 'NONE', #2926, 1000.000000000000000 ) ;
#799 = DIRECTION ( 'NONE',  ( 0.000000000000000000, 0.000000000000000000, 1.000000000000000000 ) ) ;
#800 = DIRECTION ( 'NONE',  ( 0.000000000000000000, 0.000000000000000000, 1.000000000000000000 ) ) ;
#801 = VERTEX_POINT ( 'NONE', #2125 ) ;
#802 = VERTEX_POINT ( 'NONE', #2182 ) ;
#803 = EDGE_LOOP ( 'NONE', ( #3733, #959, #1170, #1049 ) ) ;
#804 = ORIENTED_EDGE ( 'NONE', *, *, #3201, .F. ) ;
#805 = LINE ( 'NONE', #1693, #1970 ) ;
#806 = CARTESIAN_POINT ( 'NONE',  ( 0.8034072016305656705, 3.348396088319595343, -9.719499999999998252 ) ) ;
#807 = DIRECTION ( 'NONE',  ( 0.000000000000000000, 0.000000000000000000, 1.000000000000000000 ) ) ;
#808 = CARTESIAN_POINT ( 'NONE',  ( -2.543319442294933452, -1.805483792004298760, -1.000000000000000000 ) ) ;
#809 = ORIENTED_EDGE ( 'NONE', *, *, #492, .T. ) ;
#810 = CARTESIAN_POINT ( 'NONE',  ( 3.000000000000000444, 3.673940397442060361E-16, 6.000000000000000000 ) ) ;
#811 = CARTESIAN_POINT ( 'NONE',  ( 2.823075960151754771, -2.147102950642279851, -9.719499999999998252 ) ) ;
#812 = CIRCLE ( 'NONE', #2988, 1.973045005897158255 ) ;
#813 = EDGE_LOOP ( 'NONE', ( #2271, #2247, #2619, #706 ) ) ;
#814 = DIRECTION ( 'NONE',  ( 1.000000000000000000, 0.000000000000000000, 0.000000000000000000 ) ) ;
#815 = CARTESIAN_POINT ( 'NONE',  ( 3.452313666459034813, -0.8132277084702069780, -9.719499999999998252 ) ) ;
#816 = ORIENTED_EDGE ( 'NONE', *, *, #3772, .T. ) ;
#817 = VERTEX_POINT ( 'NONE', #3381 ) ;
#818 = ORIENTED_EDGE ( 'NONE', *, *, #150, .F. ) ;
#819 = EDGE_CURVE ( 'NONE', #1064, #1125, #295, .T. ) ;
#820 = EDGE_LOOP ( 'NONE', ( #533, #3430, #1354, #1979 ) ) ;
#821 = CARTESIAN_POINT ( 'NONE',  ( -1.687256277579699981, -2.853896419658300321, -1.000000000000000000 ) ) ;
#822 = CYLINDRICAL_SURFACE ( 'NONE', #1964, 1.973045005896730153 ) ;
#823 = DIRECTION ( 'NONE',  ( 0.000000000000000000, 0.000000000000000000, 1.000000000000000000 ) ) ;
#824 = LINE ( 'NONE', #1420, #846 ) ;
#825 = ORIENTED_EDGE ( 'NONE', *, *, #2582, .T. ) ;
#826 = DIRECTION ( 'NONE',  ( 0.000000000000000000, 0.000000000000000000, 1.000000000000000000 ) ) ;
#827 = CARTESIAN_POINT ( 'NONE',  ( 2.112360622440708546, -2.294815484850038612, -9.719499999999998252 ) ) ;
#828 = VERTEX_POINT ( 'NONE', #2420 ) ;
#829 = CARTESIAN_POINT ( 'NONE',  ( -1.156315544683655938, 4.089674114292515483, -9.719499999999998252 ) ) ;
#830 = FACE_OUTER_BOUND ( 'NONE', #1706, .T. ) ;
#831 = ORIENTED_EDGE ( 'NONE', *, *, #3021, .T. ) ;
#832 = ORIENTED_EDGE ( 'NONE', *, *, #2915, .T. ) ;
#833 = ORIENTED_EDGE ( 'NONE', *, *, #113, .T. ) ;
#834 = DIRECTION ( 'NONE',  ( 1.000000000000000000, 0.000000000000000000, 0.000000000000000000 ) ) ;
#835 = FACE_OUTER_BOUND ( 'NONE', #3373, .T. ) ;
#836 = AXIS2_PLACEMENT_3D ( 'NONE', #2283, #768, #3739 ) ;
#837 = CYLINDRICAL_SURFACE ( 'NONE', #1041, 4.250000000000000000 ) ;
#838 = LINE ( 'NONE', #2027, #1396 ) ;
#839 = CIRCLE ( 'NONE', #3020, 1.973045005896732818 ) ;
#840 = CIRCLE ( 'NONE', #1828, 1.973045005896730153 ) ;
#841 = VECTOR ( 'NONE', #3240, 1000.000000000000000 ) ;
#842 = ORIENTED_EDGE ( 'NONE', *, *, #1355, .F. ) ;
#843 = CYLINDRICAL_SURFACE ( 'NONE', #1271, 1.973045005896730153 ) ;
#844 = LINE ( 'NONE', #868, #1524 ) ;
#845 = ADVANCED_FACE ( 'NONE', ( #3037 ), #133, .F. ) ;
#846 = VECTOR ( 'NONE', #2046, 1000.000000000000000 ) ;
#847 = AXIS2_PLACEMENT_3D ( 'NONE', #867, #2671, #3236 ) ;
#848 = ORIENTED_EDGE ( 'NONE', *, *, #286, .T. ) ;
#849 = AXIS2_PLACEMENT_3D ( 'NONE', #2311, #2058, #1694 ) ;
#850 = AXIS2_PLACEMENT_3D ( 'NONE', #1438, #267, #3232 ) ;
#851 = DIRECTION ( 'NONE',  ( 0.000000000000000000, 0.000000000000000000, -1.000000000000000000 ) ) ;
#852 = PRODUCT ( '7.5OD_motor_gearSTEP', '7.5OD_motor_gearSTEP', '', ( #2476 ) ) ;
#853 = ADVANCED_FACE ( 'NONE', ( #1818 ), #3324, .F. ) ;
#854 = CARTESIAN_POINT ( 'NONE',  ( 3.452313666459049468, 0.8132277084701610148, -9.719499999999998252 ) ) ;
#855 = EDGE_CURVE ( 'NONE', #3415, #2051, #415, .T. ) ;
#856 = VECTOR ( 'NONE', #2556, 1000.000000000000000 ) ;
#857 = AXIS2_PLACEMENT_3D ( 'NONE', #1360, #3734, #1318 ) ;
#858 = ORIENTED_EDGE ( 'NONE', *, *, #1059, .F. ) ;
#859 = VERTEX_POINT ( 'NONE', #1547 ) ;
#860 = FACE_OUTER_BOUND ( 'NONE', #3593, .T. ) ;
#861 = CYLINDRICAL_SURFACE ( 'NONE', #2399, 4.250000000000000000 ) ;
#862 = EDGE_CURVE ( 'NONE', #1918, #3410, #3277, .T. ) ;
#863 = CARTESIAN_POINT ( 'NONE',  ( -2.314977172283904761, -2.687134095881329898, -9.719499999999998252 ) ) ;
#864 = EDGE_CURVE ( 'NONE', #2185, #1571, #2733, .T. ) ;
#865 = CARTESIAN_POINT ( 'NONE',  ( 3.339329057571680082, 2.628950635755660237, -7.000000000000000000 ) ) ;
#866 = ORIENTED_EDGE ( 'NONE', *, *, #193, .F. ) ;
#867 = CARTESIAN_POINT ( 'NONE',  ( -3.091494944343594842, -0.4563814293964990054, -7.000000000000000000 ) ) ;
#868 = CARTESIAN_POINT ( 'NONE',  ( -1.468371204553990061, 3.988281084078620697, -7.000000000000000000 ) ) ;
#869 = ORIENTED_EDGE ( 'NONE', *, *, #2708, .T. ) ;
#870 = ADVANCED_FACE ( 'NONE', ( #390 ), #718, .F. ) ;
#871 = DIRECTION ( 'NONE',  ( -0.000000000000000000, -0.000000000000000000, 1.000000000000000000 ) ) ;
#872 = LINE ( 'NONE', #1705, #2848 ) ;
#873 = ORIENTED_EDGE ( 'NONE', *, *, #1395, .F. ) ;
#874 = CIRCLE ( 'NONE', #3055, 1.973045005896730153 ) ;
#875 = ORIENTED_EDGE ( 'NONE', *, *, #2748, .T. ) ;
#876 = EDGE_CURVE ( 'NONE', #2657, #1838, #1397, .T. ) ;
#877 = CARTESIAN_POINT ( 'NONE',  ( 0.000000000000000000, 0.000000000000000000, 11.00000000000000000 ) ) ;
#878 = DIRECTION ( 'NONE',  ( 0.000000000000000000, 0.000000000000000000, -1.000000000000000000 ) ) ;
#879 = CARTESIAN_POINT ( 'NONE',  ( -3.057794340530221255, 0.6149303048045134945, -1.000000000000000000 ) ) ;
#880 = LINE ( 'NONE', #865, #300 ) ;
#881 = DIRECTION ( 'NONE',  ( 1.000000000000000000, 0.000000000000000000, 0.000000000000000000 ) ) ;
#882 = FACE_OUTER_BOUND ( 'NONE', #3257, .T. ) ;
#883 = ORIENTED_EDGE ( 'NONE', *, *, #2408, .T. ) ;
#884 = CARTESIAN_POINT ( 'NONE',  ( 0.2933980814763980094, -3.534646590994565241, -7.000000000000000000 ) ) ;
#885 = DIRECTION ( 'NONE',  ( -0.000000000000000000, -0.000000000000000000, 1.000000000000000000 ) ) ;
#886 = ORIENTED_EDGE ( 'NONE', *, *, #514, .T. ) ;
#887 = CARTESIAN_POINT ( 'NONE',  ( 2.823075960151754771, 2.147102950642279851, -9.719499999999998252 ) ) ;
#888 = CARTESIAN_POINT ( 'NONE',  ( 0.000000000000000000, 0.000000000000000000, 11.00000000000000000 ) ) ;
#889 = EDGE_CURVE ( 'NONE', #2492, #3672, #1154, .T. ) ;
#890 = ORIENTED_EDGE ( 'NONE', *, *, #710, .T. ) ;
#891 = DIRECTION ( 'NONE',  ( 0.000000000000000000, 0.000000000000000000, 1.000000000000000000 ) ) ;
#892 = DIRECTION ( 'NONE',  ( 0.000000000000000000, 0.000000000000000000, 1.000000000000000000 ) ) ;
#893 = EDGE_CURVE ( 'NONE', #3484, #2946, #3583, .T. ) ;
#894 = ORIENTED_EDGE ( 'NONE', *, *, #2675, .T. ) ;
#895 = DIRECTION ( 'NONE',  ( 0.000000000000000000, 0.000000000000000000, 1.000000000000000000 ) ) ;
#896 = EDGE_LOOP ( 'NONE', ( #2406, #818, #1666, #1996 ) ) ;
#897 = DIRECTION ( 'NONE',  ( 0.000000000000000000, 0.000000000000000000, -1.000000000000000000 ) ) ;
#898 = CYLINDRICAL_SURFACE ( 'NONE', #2644, 0.1963495408493620142 ) ;
#899 = CIRCLE ( 'NONE', #1885, 0.1963495408492201832 ) ;
#900 = CARTESIAN_POINT ( 'NONE',  ( 2.356053982266796520, -2.279673768679716606, -9.719499999999998252 ) ) ;
#901 = CARTESIAN_POINT ( 'NONE',  ( 2.192825923109535058, 2.486578571312274999, -1.000000000000000000 ) ) ;
#902 = VECTOR ( 'NONE', #978, 1000.000000000000000 ) ;
#903 = ORIENTED_EDGE ( 'NONE', *, *, #2412, .F. ) ;
#904 = DIRECTION ( 'NONE',  ( 0.000000000000000000, 0.000000000000000000, 1.000000000000000000 ) ) ;
#905 = AXIS2_PLACEMENT_3D ( 'NONE', #31, #3376, #3048 ) ;
#906 = AXIS2_PLACEMENT_3D ( 'NONE', #2595, #3786, #2612 ) ;
#907 = DIRECTION ( 'NONE',  ( 0.000000000000000000, 0.000000000000000000, -1.000000000000000000 ) ) ;
#908 = VECTOR ( 'NONE', #2867, 1000.000000000000000 ) ;
#909 = ORIENTED_EDGE ( 'NONE', *, *, #2150, .F. ) ;
#910 = DIRECTION ( 'NONE',  ( -1.000000000000000000, 0.000000000000000000, 0.000000000000000000 ) ) ;
#911 = EDGE_CURVE ( 'NONE', #1797, #1739, #2257, .T. ) ;
#912 = CIRCLE ( 'NONE', #369, 1.973045005897158255 ) ;
#913 = DIRECTION ( 'NONE',  ( 0.000000000000000000, 0.000000000000000000, 1.000000000000000000 ) ) ;
#914 = ORIENTED_EDGE ( 'NONE', *, *, #3516, .T. ) ;
#915 = VECTOR ( 'NONE', #1952, 1000.000000000000000 ) ;
#916 = ORIENTED_EDGE ( 'NONE', *, *, #1042, .T. ) ;
#917 = EDGE_CURVE ( 'NONE', #2248, #2215, #177, .T. ) ;
#918 = FACE_OUTER_BOUND ( 'NONE', #373, .T. ) ;
#919 = CYLINDRICAL_SURFACE ( 'NONE', #2082, 1.973045005896730153 ) ;
#920 =( GEOMETRIC_REPRESENTATION_CONTEXT ( 3 ) GLOBAL_UNCERTAINTY_ASSIGNED_CONTEXT ( ( #454 ) ) GLOBAL_UNIT_ASSIGNED_CONTEXT ( ( #1291, #1928, #432 ) ) REPRESENTATION_CONTEXT ( 'NONE', 'WORKASPACE' ) );
#921 = VERTEX_POINT ( 'NONE', #3133 ) ;
#922 = CARTESIAN_POINT ( 'NONE',  ( 2.914394700463149857, -2.021413487477474735, -9.719499999999998252 ) ) ;
#923 = DIRECTION ( 'NONE',  ( 0.000000000000000000, 0.000000000000000000, 1.000000000000000000 ) ) ;
#924 = ORIENTED_EDGE ( 'NONE', *, *, #716, .T. ) ;
#925 = VECTOR ( 'NONE', #3592, 1000.000000000000000 ) ;
#926 = CARTESIAN_POINT ( 'NONE',  ( -1.589081507155019946, -2.683852729261340109, -7.000000000000000000 ) ) ;
#927 = FACE_OUTER_BOUND ( 'NONE', #1496, .T. ) ;
#928 = EDGE_LOOP ( 'NONE', ( #1413, #2888, #2925, #3807 ) ) ;
#929 = MANIFOLD_SOLID_BREP ( 'Boss-Extrude8', #2396 ) ;
#930 = DIRECTION ( 'NONE',  ( 0.000000000000000000, 0.000000000000000000, 1.000000000000000000 ) ) ;
#931 = AXIS2_PLACEMENT_3D ( 'NONE', #2681, #891, #1581 ) ;
#932 = VERTEX_POINT ( 'NONE', #2814 ) ;
#933 = EDGE_CURVE ( 'NONE', #791, #3303, #1033, .T. ) ;
#934 = CARTESIAN_POINT ( 'NONE',  ( -2.314977172283870122, 2.687134095881360096, -7.000000000000000000 ) ) ;
#935 = CARTESIAN_POINT ( 'NONE',  ( 0.8034072016300940478, -3.348396088319579800, -7.000000000000000000 ) ) ;
#936 = DIRECTION ( 'NONE',  ( 1.000000000000000000, 0.000000000000000000, 0.000000000000000000 ) ) ;
#937 = CARTESIAN_POINT ( 'NONE',  ( -3.039258109536012942, 0.7227735835918559504, -7.000000000000000000 ) ) ;
#938 = LINE ( 'NONE', #2730, #3023 ) ;
#939 = ORIENTED_EDGE ( 'NONE', *, *, #595, .T. ) ;
#940 = DIRECTION ( 'NONE',  ( 0.000000000000000000, 0.000000000000000000, 1.000000000000000000 ) ) ;
#941 = CARTESIAN_POINT ( 'NONE',  ( -0.3806010588439899811, 3.293433065112664870, -9.719499999999998252 ) ) ;
#942 = VERTEX_POINT ( 'NONE', #468 ) ;
#943 = ORIENTED_EDGE ( 'NONE', *, *, #2660, .F. ) ;
#944 = CYLINDRICAL_SURFACE ( 'NONE', #2570, 0.1963495408493620142 ) ;
#945 = DIRECTION ( 'NONE',  ( 1.000000000000000000, 0.000000000000000000, 0.000000000000000000 ) ) ;
#946 = EDGE_CURVE ( 'NONE', #413, #2634, #1095, .T. ) ;
#947 = ORIENTED_EDGE ( 'NONE', *, *, #1940, .F. ) ;
#948 = DIRECTION ( 'NONE',  ( 0.000000000000000000, 0.000000000000000000, 1.000000000000000000 ) ) ;
#949 = DIRECTION ( 'NONE',  ( 0.000000000000000000, 0.000000000000000000, 1.000000000000000000 ) ) ;
#950 = ORIENTED_EDGE ( 'NONE', *, *, #389, .T. ) ;
#951 = CARTESIAN_POINT ( 'NONE',  ( 1.705702773494315094, 3.109724586830374893, -7.000000000000000000 ) ) ;
#952 = DIRECTION ( 'NONE',  ( 0.000000000000000000, 0.000000000000000000, 1.000000000000000000 ) ) ;
#953 = ORIENTED_EDGE ( 'NONE', *, *, #358, .F. ) ;
#954 = AXIS2_PLACEMENT_3D ( 'NONE', #1932, #2820, #814 ) ;
#955 = VERTEX_POINT ( 'NONE', #1366 ) ;
#956 = DIRECTION ( 'NONE',  ( 1.000000000000000000, 0.000000000000000000, 0.000000000000000000 ) ) ;
#957 = LINE ( 'NONE', #1249, #1971 ) ;
#958 = CIRCLE ( 'NONE', #3147, 0.1963495408492201832 ) ;
#959 = ORIENTED_EDGE ( 'NONE', *, *, #315, .F. ) ;
#960 = VERTEX_POINT ( 'NONE', #153 ) ;
#961 = CIRCLE ( 'NONE', #3152, 1.973045005896731485 ) ;
#962 = AXIS2_PLACEMENT_3D ( 'NONE', #2652, #1754, #549 ) ;
#963 = EDGE_CURVE ( 'NONE', #1155, #1064, #2025, .T. ) ;
#964 = DIRECTION ( 'NONE',  ( -1.000000000000000000, 0.000000000000000000, 0.000000000000000000 ) ) ;
#965 = DIRECTION ( 'NONE',  ( 0.000000000000000000, 0.000000000000000000, 1.000000000000000000 ) ) ;
#966 = CIRCLE ( 'NONE', #672, 4.249999999998979483 ) ;
#967 = VECTOR ( 'NONE', #443, 1000.000000000000000 ) ;
#968 = VERTEX_POINT ( 'NONE', #2239 ) ;
#969 = ADVANCED_FACE ( 'NONE', ( #2224 ), #1325, .F. ) ;
#970 = AXIS2_PLACEMENT_3D ( 'NONE', #2022, #3551, #249 ) ;
#971 = VECTOR ( 'NONE', #2806, 1000.000000000000000 ) ;
#972 = DIRECTION ( 'NONE',  ( -1.000000000000000000, 0.000000000000000000, 0.000000000000000000 ) ) ;
#973 = CARTESIAN_POINT ( 'NONE',  ( -3.207792781939549975, 1.513233103517119815, -7.000000000000000000 ) ) ;
#974 = AXIS2_PLACEMENT_3D ( 'NONE', #2264, #558, #1729 ) ;
#975 = AXIS2_PLACEMENT_3D ( 'NONE', #1982, #3829, #3531 ) ;
#976 = ORIENTED_EDGE ( 'NONE', *, *, #3296, .F. ) ;
#977 = DIRECTION ( 'NONE',  ( 0.9510565162951242213, -0.3090169943750378234, 0.000000000000000000 ) ) ;
#978 = DIRECTION ( 'NONE',  ( 0.000000000000000000, 0.000000000000000000, -1.000000000000000000 ) ) ;
#979 = ORIENTED_EDGE ( 'NONE', *, *, #2983, .T. ) ;
#980 = ORIENTED_EDGE ( 'NONE', *, *, #3623, .T. ) ;
#981 = DIRECTION ( 'NONE',  ( 0.000000000000000000, 0.000000000000000000, 1.000000000000000000 ) ) ;
#982 = DIRECTION ( 'NONE',  ( 0.000000000000000000, 0.000000000000000000, -1.000000000000000000 ) ) ;
#983 = DIRECTION ( 'NONE',  ( 0.000000000000000000, 0.000000000000000000, 1.000000000000000000 ) ) ;
#984 = CARTESIAN_POINT ( 'NONE',  ( 3.042497229473224873, -1.317106346890154045, -1.000000000000000000 ) ) ;
#985 = EDGE_CURVE ( 'NONE', #797, #758, #2568, .T. ) ;
#986 = EDGE_LOOP ( 'NONE', ( #3299, #2818, #3322, #1577 ) ) ;
#987 = VERTEX_POINT ( 'NONE', #3150 ) ;
#988 = CARTESIAN_POINT ( 'NONE',  ( -3.000000000000000444, 3.673940397442060361E-16, -21.00000000000000000 ) ) ;
#989 = CARTESIAN_POINT ( 'NONE',  ( -0.3600769430757135292, 3.098159147592464802, -1.000000000000000000 ) ) ;
#990 = VERTEX_POINT ( 'NONE', #1910 ) ;
#991 = ORIENTED_EDGE ( 'NONE', *, *, #1035, .T. ) ;
#992 = DIRECTION ( 'NONE',  ( -1.000000000000000000, 0.000000000000000000, 0.000000000000000000 ) ) ;
#993 = CARTESIAN_POINT ( 'NONE',  ( 0.000000000000000000, 0.000000000000000000, -1.000000000000000000 ) ) ;
#994 = VECTOR ( 'NONE', #2034, 1000.000000000000000 ) ;
#995 = DIRECTION ( 'NONE',  ( 0.000000000000000000, 0.000000000000000000, 1.000000000000000000 ) ) ;
#996 = LINE ( 'NONE', #3645, #783 ) ;
#997 = ORIENTED_EDGE ( 'NONE', *, *, #1484, .T. ) ;
#998 = CARTESIAN_POINT ( 'NONE',  ( -1.169637804266636216, -3.348396088319579800, -9.719499999999998252 ) ) ;
#999 = DIRECTION ( 'NONE',  ( 0.000000000000000000, 0.000000000000000000, 1.000000000000000000 ) ) ;
#1000 = FACE_OUTER_BOUND ( 'NONE', #3609, .T. ) ;
#1001 = ORIENTED_EDGE ( 'NONE', *, *, #74, .F. ) ;
#1002 = ORIENTED_EDGE ( 'NONE', *, *, #2054, .F. ) ;
#1003 = CARTESIAN_POINT ( 'NONE',  ( 2.243744109767524808, -2.440731630117105144, -1.000000000000000000 ) ) ;
#1004 = LINE ( 'NONE', #2188, #856 ) ;
#1005 = EDGE_CURVE ( 'NONE', #451, #414, #731, .T. ) ;
#1006 = VERTEX_POINT ( 'NONE', #490 ) ;
#1007 = ORIENTED_EDGE ( 'NONE', *, *, #3213, .T. ) ;
#1008 = EDGE_CURVE ( 'NONE', #2312, #1474, #1991, .T. ) ;
#1009 = DIRECTION ( 'NONE',  ( 0.000000000000000000, 0.000000000000000000, 1.000000000000000000 ) ) ;
#1010 = DIRECTION ( 'NONE',  ( 1.000000000000000000, 0.000000000000000000, 0.000000000000000000 ) ) ;
#1011 = DIRECTION ( 'NONE',  ( 1.000000000000000000, 0.000000000000000000, 0.000000000000000000 ) ) ;
#1012 = DIRECTION ( 'NONE',  ( -1.000000000000000000, 0.000000000000000000, 0.000000000000000000 ) ) ;
#1013 = EDGE_CURVE ( 'NONE', #3650, #2736, #1701, .T. ) ;
#1014 = VERTEX_POINT ( 'NONE', #2200 ) ;
#1015 = ORIENTED_EDGE ( 'NONE', *, *, #1035, .F. ) ;
#1016 = EDGE_CURVE ( 'NONE', #2539, #1369, #3404, .T. ) ;
#1017 = DIRECTION ( 'NONE',  ( 0.000000000000000000, 0.000000000000000000, 1.000000000000000000 ) ) ;
#1018 = LINE ( 'NONE', #115, #262 ) ;
#1019 = DIRECTION ( 'NONE',  ( 1.000000000000000000, 0.000000000000000000, 0.000000000000000000 ) ) ;
#1020 = DIRECTION ( 'NONE',  ( -1.000000000000000000, 0.000000000000000000, 0.000000000000000000 ) ) ;
#1021 = AXIS2_PLACEMENT_3D ( 'NONE', #984, #3688, #2753 ) ;
#1022 = ORIENTED_EDGE ( 'NONE', *, *, #1821, .T. ) ;
#1023 = ORIENTED_EDGE ( 'NONE', *, *, #156, .T. ) ;
#1024 = CARTESIAN_POINT ( 'NONE',  ( -1.830597722194829968, -2.719708594400555235, -7.000000000000000000 ) ) ;
#1025 = VECTOR ( 'NONE', #1295, 1000.000000000000000 ) ;
#1026 = CARTESIAN_POINT ( 'NONE',  ( 3.270635594739164986, 0.2254898343303588515, -1.000000000000000000 ) ) ;
#1027 = AXIS2_PLACEMENT_3D ( 'NONE', #901, #2974, #19 ) ;
#1028 = ORIENTED_EDGE ( 'NONE', *, *, #2478, .F. ) ;
#1029 = ORIENTED_EDGE ( 'NONE', *, *, #1417, .F. ) ;
#1030 = CIRCLE ( 'NONE', #2955, 0.1963495408492204053 ) ;
#1031 = DIRECTION ( 'NONE',  ( 0.000000000000000000, 0.000000000000000000, 1.000000000000000000 ) ) ;
#1032 = FACE_OUTER_BOUND ( 'NONE', #2292, .T. ) ;
#1033 = CIRCLE ( 'NONE', #484, 0.1963495408493624306 ) ;
#1034 = CIRCLE ( 'NONE', #49, 4.249999999998979483 ) ;
#1035 = EDGE_CURVE ( 'NONE', #2896, #1365, #2832, .T. ) ;
#1036 = AXIS2_PLACEMENT_3D ( 'NONE', #1090, #166, #1010 ) ;
#1037 = VECTOR ( 'NONE', #1097, 1000.000000000000000 ) ;
#1038 = CARTESIAN_POINT ( 'NONE',  ( -0.3600769430757399525, -3.098159147592462581, -1.000000000000000000 ) ) ;
#1039 = DIRECTION ( 'NONE',  ( -0.000000000000000000, -0.000000000000000000, -1.000000000000000000 ) ) ;
#1040 = AXIS2_PLACEMENT_3D ( 'NONE', #2306, #535, #3769 ) ;
#1041 = AXIS2_PLACEMENT_3D ( 'NONE', #2026, #2668, #13 ) ;
#1042 = EDGE_CURVE ( 'NONE', #639, #3442, #3029, .T. ) ;
#1043 = AXIS2_PLACEMENT_3D ( 'NONE', #2995, #340, #3596 ) ;
#1044 = ORIENTED_EDGE ( 'NONE', *, *, #520, .F. ) ;
#1045 = CARTESIAN_POINT ( 'NONE',  ( -3.545951877715329825, -0.07768036026355409907, -1.000000000000000000 ) ) ;
#1046 = CYLINDRICAL_SURFACE ( 'NONE', #2482, 0.1963495408493620142 ) ;
#1047 = EDGE_CURVE ( 'NONE', #1672, #3242, #553, .T. ) ;
#1048 = ORIENTED_EDGE ( 'NONE', *, *, #3638, .T. ) ;
#1049 = ORIENTED_EDGE ( 'NONE', *, *, #2648, .T. ) ;
#1050 = CARTESIAN_POINT ( 'NONE',  ( -3.057794340530227029, 0.6149303048044836295, -9.719499999999998252 ) ) ;
#1051 = CYLINDRICAL_SURFACE ( 'NONE', #3706, 0.1963495408493620142 ) ;
#1052 = ORIENTED_EDGE ( 'NONE', *, *, #2502, .T. ) ;
#1053 = ORIENTED_EDGE ( 'NONE', *, *, #3565, .F. ) ;
#1054 = CARTESIAN_POINT ( 'NONE',  ( -1.468371204554044018, -3.988281084078600713, -7.000000000000000000 ) ) ;
#1055 = CYLINDRICAL_SURFACE ( 'NONE', #555, 1.973045005896730153 ) ;
#1056 = ADVANCED_FACE ( 'NONE', ( #3817 ), #1156, .T. ) ;
#1057 = CARTESIAN_POINT ( 'NONE',  ( -0.3260060259625632839, 3.101740145280443173, -1.000000000000000000 ) ) ;
#1058 = LINE ( 'NONE', #1347, #2775 ) ;
#1059 = EDGE_CURVE ( 'NONE', #3677, #3076, #174, .T. ) ;
#1060 = ORIENTED_EDGE ( 'NONE', *, *, #3341, .T. ) ;
#1061 = DIRECTION ( 'NONE',  ( 0.000000000000000000, 0.000000000000000000, 1.000000000000000000 ) ) ;
#1062 = CYLINDRICAL_SURFACE ( 'NONE', #135, 4.250000000000000000 ) ;
#1063 = ORIENTED_EDGE ( 'NONE', *, *, #660, .F. ) ;
#1064 = VERTEX_POINT ( 'NONE', #3518 ) ;
#1065 = CARTESIAN_POINT ( 'NONE',  ( -3.235607650385385003, -0.7227735835918119855, -1.000000000000000000 ) ) ;
#1066 = CYLINDRICAL_SURFACE ( 'NONE', #3478, 0.1963495408493620142 ) ;
#1067 = ORIENTED_EDGE ( 'NONE', *, *, #1302, .F. ) ;
#1068 = VERTEX_POINT ( 'NONE', #3503 ) ;
#1069 = EDGE_LOOP ( 'NONE', ( #1626, #1943 ) ) ;
#1070 = DIRECTION ( 'NONE',  ( 1.000000000000000000, 0.000000000000000000, 0.000000000000000000 ) ) ;
#1071 = DIRECTION ( 'NONE',  ( -0.000000000000000000, -0.000000000000000000, -1.000000000000000000 ) ) ;
#1072 = DIRECTION ( 'NONE',  ( 0.000000000000000000, 0.000000000000000000, 1.000000000000000000 ) ) ;
#1073 = EDGE_CURVE ( 'NONE', #1409, #1256, #1217, .T. ) ;
#1074 = DIRECTION ( 'NONE',  ( 1.000000000000000000, 0.000000000000000000, 0.000000000000000000 ) ) ;
#1075 = EDGE_CURVE ( 'NONE', #1444, #2315, #3288, .T. ) ;
#1076 = LINE ( 'NONE', #211, #483 ) ;
#1077 = DIRECTION ( 'NONE',  ( -1.000000000000000000, 0.000000000000000000, 0.000000000000000000 ) ) ;
#1078 = ORIENTED_EDGE ( 'NONE', *, *, #2939, .F. ) ;
#1079 = DIRECTION ( 'NONE',  ( -1.000000000000000000, 0.000000000000000000, 0.000000000000000000 ) ) ;
#1080 = CARTESIAN_POINT ( 'NONE',  ( 3.315174937983395242, -0.03425858924962450064, -9.719499999999998252 ) ) ;
#1081 = VERTEX_POINT ( 'NONE', #3802 ) ;
#1082 = ADVANCED_FACE ( 'NONE', ( #3542 ), #3571, .F. ) ;
#1083 = FACE_OUTER_BOUND ( 'NONE', #1317, .T. ) ;
#1084 = CARTESIAN_POINT ( 'NONE',  ( 0.2933980814764465261, 3.534646590994565241, -9.719499999999998252 ) ) ;
#1085 = EDGE_LOOP ( 'NONE', ( #2105, #842, #2558, #2728 ) ) ;
#1086 = ORIENTED_EDGE ( 'NONE', *, *, #3513, .T. ) ;
#1087 = EDGE_LOOP ( 'NONE', ( #161, #1764, #2237, #1142 ) ) ;
#1088 = ORIENTED_EDGE ( 'NONE', *, *, #1280, .T. ) ;
#1089 = DIRECTION ( 'NONE',  ( 1.000000000000000000, 0.000000000000000000, 0.000000000000000000 ) ) ;
#1090 = CARTESIAN_POINT ( 'NONE',  ( 3.484614976550514776, -0.6612619924382469039, -7.000000000000000000 ) ) ;
#1091 = AXIS2_PLACEMENT_3D ( 'NONE', #2343, #2398, #3838 ) ;
#1092 = CIRCLE ( 'NONE', #2517, 1.973045005896732373 ) ;
#1093 = DIRECTION ( 'NONE',  ( 1.000000000000000000, 0.000000000000000000, 0.000000000000000000 ) ) ;
#1094 = AXIS2_PLACEMENT_3D ( 'NONE', #401, #3343, #1523 ) ;
#1095 = CIRCLE ( 'NONE', #1529, 0.1963495408493620142 ) ;
#1096 = AXIS2_PLACEMENT_3D ( 'NONE', #1250, #2798, #1020 ) ;
#1097 = DIRECTION ( 'NONE',  ( 0.000000000000000000, 0.000000000000000000, -1.000000000000000000 ) ) ;
#1098 = DIRECTION ( 'NONE',  ( -0.000000000000000000, -0.000000000000000000, 1.000000000000000000 ) ) ;
#1099 = CIRCLE ( 'NONE', #2400, 1.149999999999999911 ) ;
#1100 = ORIENTED_EDGE ( 'NONE', *, *, #917, .F. ) ;
#1101 = CARTESIAN_POINT ( 'NONE',  ( 2.266443087373176901, 3.534646590994565241, -7.000000000000000000 ) ) ;
#1102 = CIRCLE ( 'NONE', #2147, 4.249999999998979483 ) ;
#1103 = AXIS2_PLACEMENT_3D ( 'NONE', #3081, #416, #2789 ) ;
#1104 = CARTESIAN_POINT ( 'NONE',  ( -0.1176199352025007472, -3.276288816604018272, -9.719499999999998252 ) ) ;
#1105 = AXIS2_PLACEMENT_3D ( 'NONE', #3269, #391, #2068 ) ;
#1106 = VERTEX_POINT ( 'NONE', #2031 ) ;
#1107 = ORIENTED_EDGE ( 'NONE', *, *, #128, .F. ) ;
#1108 = CIRCLE ( 'NONE', #2654, 0.1963495408493611261 ) ;
#1109 = DIRECTION ( 'NONE',  ( 1.000000000000000000, 0.000000000000000000, 0.000000000000000000 ) ) ;
#1110 = CIRCLE ( 'NONE', #1043, 4.249999999998979483 ) ;
#1111 = CARTESIAN_POINT ( 'NONE',  ( -0.3124592246176304822, 3.300595060488625165, -7.000000000000000000 ) ) ;
#1112 = ADVANCED_FACE ( 'NONE', ( #1423 ), #254, .F. ) ;
#1113 = ORIENTED_EDGE ( 'NONE', *, *, #2294, .F. ) ;
#1114 = ORIENTED_EDGE ( 'NONE', *, *, #1732, .F. ) ;
#1115 = DIRECTION ( 'NONE',  ( -1.000000000000000000, 0.000000000000000000, 0.000000000000000000 ) ) ;
#1116 = LINE ( 'NONE', #1749, #3344 ) ;
#1117 = ADVANCED_FACE ( 'NONE', ( #293 ), #570, .F. ) ;
#1118 = CARTESIAN_POINT ( 'NONE',  ( 0.9918635406178789582, 3.163505213708925012, -1.000000000000000000 ) ) ;
#1119 = DIRECTION ( 'NONE',  ( 0.9945218953682729568, 0.1045284632676579534, 0.000000000000000000 ) ) ;
#1120 = CYLINDRICAL_SURFACE ( 'NONE', #1158, 0.1963495408493620142 ) ;
#1121 = EDGE_LOOP ( 'NONE', ( #3820, #658, #3053, #1893 ) ) ;
#1122 = DIRECTION ( 'NONE',  ( -0.000000000000000000, -0.000000000000000000, 1.000000000000000000 ) ) ;
#1123 = CARTESIAN_POINT ( 'NONE',  ( 0.2933980814763980094, -3.534646590994565241, -9.719499999999998252 ) ) ;
#1124 = EDGE_CURVE ( 'NONE', #2163, #2539, #1342, .T. ) ;
#1125 = VERTEX_POINT ( 'NONE', #606 ) ;
#1126 = DIRECTION ( 'NONE',  ( 0.000000000000000000, 0.000000000000000000, 1.000000000000000000 ) ) ;
#1127 = AXIS2_PLACEMENT_3D ( 'NONE', #3743, #1992, #2874 ) ;
#1128 = CARTESIAN_POINT ( 'NONE',  ( 2.192825923109499975, -2.486578571312304753, -9.719499999999998252 ) ) ;
#1129 = VERTEX_POINT ( 'NONE', #1192 ) ;
#1130 = VERTEX_POINT ( 'NONE', #900 ) ;
#1131 = ORIENTED_EDGE ( 'NONE', *, *, #2238, .F. ) ;
#1132 = DIRECTION ( 'NONE',  ( 0.7431448254773883599, 0.6691306063588646769, -0.000000000000000000 ) ) ;
#1133 = DIRECTION ( 'NONE',  ( 0.000000000000000000, 0.000000000000000000, 1.000000000000000000 ) ) ;
#1134 = DIRECTION ( 'NONE',  ( -1.000000000000000000, 0.000000000000000000, 0.000000000000000000 ) ) ;
#1135 = CARTESIAN_POINT ( 'NONE',  ( -3.207792781939549975, 1.513233103517119815, -1.000000000000000000 ) ) ;
#1136 = ORIENTED_EDGE ( 'NONE', *, *, #2363, .F. ) ;
#1137 = DIRECTION ( 'NONE',  ( -1.000000000000000000, 0.000000000000000000, 0.000000000000000000 ) ) ;
#1138 = DIRECTION ( 'NONE',  ( 0.000000000000000000, 0.000000000000000000, 1.000000000000000000 ) ) ;
#1139 = EDGE_LOOP ( 'NONE', ( #2780, #3477, #694, #2636 ) ) ;
#1140 = DIRECTION ( 'NONE',  ( 0.000000000000000000, 0.000000000000000000, -1.000000000000000000 ) ) ;
#1141 = CARTESIAN_POINT ( 'NONE',  ( -1.156315544683800045, 4.089674114292448870, -1.000000000000000000 ) ) ;
#1142 = ORIENTED_EDGE ( 'NONE', *, *, #3710, .F. ) ;
#1143 = EDGE_LOOP ( 'NONE', ( #479, #2293, #1533, #207 ) ) ;
#1144 = VERTEX_POINT ( 'NONE', #2302 ) ;
#1145 = DIRECTION ( 'NONE',  ( 1.000000000000000000, 0.000000000000000000, 0.000000000000000000 ) ) ;
#1146 = DIRECTION ( 'NONE',  ( 1.000000000000000000, 0.000000000000000000, 0.000000000000000000 ) ) ;
#1147 = AXIS2_PLACEMENT_3D ( 'NONE', #2756, #93, #2460 ) ;
#1148 = DIRECTION ( 'NONE',  ( -0.000000000000000000, -0.000000000000000000, -1.000000000000000000 ) ) ;
#1149 = DIRECTION ( 'NONE',  ( 0.000000000000000000, 0.000000000000000000, 1.000000000000000000 ) ) ;
#1150 = DIRECTION ( 'NONE',  ( 1.000000000000000000, 0.000000000000000000, 0.000000000000000000 ) ) ;
#1151 = AXIS2_PLACEMENT_3D ( 'NONE', #1065, #3179, #515 ) ;
#1152 = EDGE_CURVE ( 'NONE', #1908, #1306, #1459, .T. ) ;
#1153 = AXIS2_PLACEMENT_3D ( 'NONE', #734, #1098, #1012 ) ;
#1154 = CIRCLE ( 'NONE', #3464, 1.899999999999999911 ) ;
#1155 = VERTEX_POINT ( 'NONE', #2048 ) ;
#1156 = CYLINDRICAL_SURFACE ( 'NONE', #962, 1.973045005896729709 ) ;
#1157 = CARTESIAN_POINT ( 'NONE',  ( -1.899999999999999911, 0.000000000000000000, 11.00000000000000000 ) ) ;
#1158 = AXIS2_PLACEMENT_3D ( 'NONE', #2299, #1439, #1150 ) ;
#1159 = VECTOR ( 'NONE', #977, 1000.000000000000000 ) ;
#1160 = ADVANCED_FACE ( 'NONE', ( #2917 ), #843, .T. ) ;
#1161 = VERTEX_POINT ( 'NONE', #2359 ) ;
#1162 = CYLINDRICAL_SURFACE ( 'NONE', #1337, 3.000000000000000444 ) ;
#1163 = FACE_OUTER_BOUND ( 'NONE', #2560, .T. ) ;
#1164 = CIRCLE ( 'NONE', #3099, 0.1963495408492204053 ) ;
#1165 = AXIS2_PLACEMENT_3D ( 'NONE', #54, #1793, #972 ) ;
#1166 = ORIENTED_EDGE ( 'NONE', *, *, #1732, .T. ) ;
#1167 = ORIENTED_EDGE ( 'NONE', *, *, #256, .F. ) ;
#1168 = DIRECTION ( 'NONE',  ( 0.1045284632676570097, 0.9945218953682730678, 0.000000000000000000 ) ) ;
#1169 = CARTESIAN_POINT ( 'NONE',  ( 2.356053982266958613, -2.279673768679482571, -1.000000000000000000 ) ) ;
#1170 = ORIENTED_EDGE ( 'NONE', *, *, #2928, .F. ) ;
#1171 = CARTESIAN_POINT ( 'NONE',  ( 0.000000000000000000, 0.000000000000000000, -1.000000000000000000 ) ) ;
#1172 = DIRECTION ( 'NONE',  ( 0.000000000000000000, 0.000000000000000000, 1.000000000000000000 ) ) ;
#1173 = CARTESIAN_POINT ( 'NONE',  ( -0.5661290900510888013, -3.229148604873897099, -1.000000000000000000 ) ) ;
#1174 = EDGE_LOOP ( 'NONE', ( #2473, #3333, #943, #333 ) ) ;
#1175 = DIRECTION ( 'NONE',  ( -1.000000000000000000, 0.000000000000000000, 0.000000000000000000 ) ) ;
#1176 = DIRECTION ( 'NONE',  ( 0.9510565162951458706, 0.3090169943749707659, -0.000000000000000000 ) ) ;
#1177 = ORIENTED_EDGE ( 'NONE', *, *, #1940, .T. ) ;
#1178 = ADVANCED_FACE ( 'NONE', ( #3556 ), #2932, .T. ) ;
#1179 = DIRECTION ( 'NONE',  ( 1.000000000000000000, 0.000000000000000000, 0.000000000000000000 ) ) ;
#1180 = CARTESIAN_POINT ( 'NONE',  ( -1.468371204553696074, 3.988281084079813965, -1.000000000000000000 ) ) ;
#1181 = VERTEX_POINT ( 'NONE', #1442 ) ;
#1182 = EDGE_CURVE ( 'NONE', #3124, #1130, #656, .T. ) ;
#1183 = ORIENTED_EDGE ( 'NONE', *, *, #3200, .F. ) ;
#1184 = CARTESIAN_POINT ( 'NONE',  ( 3.014628782297414933, -1.379699904078629968, -7.000000000000000000 ) ) ;
#1185 = CARTESIAN_POINT ( 'NONE',  ( 0.000000000000000000, 0.000000000000000000, 6.000000000000000000 ) ) ;
#1186 = ORIENTED_EDGE ( 'NONE', *, *, #2238, .T. ) ;
#1187 = DIRECTION ( 'NONE',  ( 1.000000000000000000, 0.000000000000000000, 0.000000000000000000 ) ) ;
#1188 = CYLINDRICAL_SURFACE ( 'NONE', #3400, 1.973045005896730153 ) ;
#1189 = CARTESIAN_POINT ( 'NONE',  ( -0.3806010588440339459, -3.293433065112659541, -1.000000000000000000 ) ) ;
#1190 = FACE_OUTER_BOUND ( 'NONE', #2394, .T. ) ;
#1191 = DIRECTION ( 'NONE',  ( 1.000000000000000000, 0.000000000000000000, 0.000000000000000000 ) ) ;
#1192 = CARTESIAN_POINT ( 'NONE',  ( 2.266443087373127163, -3.534646590994565241, -9.719499999999998252 ) ) ;
#1193 = CARTESIAN_POINT ( 'NONE',  ( -3.812946277482008206, -1.877216206255266862, -1.000000000000000000 ) ) ;
#1194 = ORIENTED_EDGE ( 'NONE', *, *, #582, .T. ) ;
#1195 = DIRECTION ( 'NONE',  ( 0.000000000000000000, 0.000000000000000000, 1.000000000000000000 ) ) ;
#1196 = DIRECTION ( 'NONE',  ( -1.000000000000000000, 0.000000000000000000, 0.000000000000000000 ) ) ;
#1197 = EDGE_CURVE ( 'NONE', #3125, #2230, #2839, .T. ) ;
#1198 = EDGE_LOOP ( 'NONE', ( #2249, #3808, #3750, #890 ) ) ;
#1199 = ADVANCED_FACE ( 'NONE', ( #3304 ), #1864, .F. ) ;
#1200 = FACE_OUTER_BOUND ( 'NONE', #1731, .T. ) ;
#1201 = CARTESIAN_POINT ( 'NONE',  ( 0.000000000000000000, 0.000000000000000000, -9.719499999999998252 ) ) ;
#1202 = CARTESIAN_POINT ( 'NONE',  ( -2.661896170629215241, -1.976326718222495504, -9.719499999999998252 ) ) ;
#1203 = ORIENTED_EDGE ( 'NONE', *, *, #2822, .F. ) ;
#1204 = CARTESIAN_POINT ( 'NONE',  ( -1.529743889979035876, -2.718111318510969099, -9.719499999999998252 ) ) ;
#1205 = CARTESIAN_POINT ( 'NONE',  ( 0.9963519047475749568, 2.955592730849684990, -7.000000000000000000 ) ) ;
#1206 = AXIS2_PLACEMENT_3D ( 'NONE', #1870, #1310, #2817 ) ;
#1207 = DIRECTION ( 'NONE',  ( 1.000000000000000000, 0.000000000000000000, 0.000000000000000000 ) ) ;
#1208 = AXIS2_PLACEMENT_3D ( 'NONE', #2187, #3356, #3615 ) ;
#1209 = LINE ( 'NONE', #3362, #1159 ) ;
#1210 = CARTESIAN_POINT ( 'NONE',  ( 4.119919448517805449, 1.043438420659026145, -7.000000000000000000 ) ) ;
#1211 = EDGE_CURVE ( 'NONE', #1585, #2059, #1209, .T. ) ;
#1212 = AXIS2_PLACEMENT_3D ( 'NONE', #1261, #3379, #1882 ) ;
#1213 = CIRCLE ( 'NONE', #3636, 1.973045005897158255 ) ;
#1214 = ORIENTED_EDGE ( 'NONE', *, *, #2795, .T. ) ;
#1215 = DIRECTION ( 'NONE',  ( 0.000000000000000000, 0.000000000000000000, -1.000000000000000000 ) ) ;
#1216 = VECTOR ( 'NONE', #2944, 1000.000000000000000 ) ;
#1217 = CIRCLE ( 'NONE', #2580, 0.1963495408493620142 ) ;
#1218 = CYLINDRICAL_SURFACE ( 'NONE', #1105, 4.250000000000000000 ) ;
#1219 = EDGE_CURVE ( 'NONE', #80, #2315, #1275, .T. ) ;
#1220 = ORIENTED_EDGE ( 'NONE', *, *, #2826, .F. ) ;
#1221 = VECTOR ( 'NONE', #1321, 1000.000000000000000 ) ;
#1222 = ADVANCED_FACE ( 'NONE', ( #2106 ), #1826, .T. ) ;
#1223 = DIRECTION ( 'NONE',  ( 0.000000000000000000, 0.000000000000000000, 1.000000000000000000 ) ) ;
#1224 = CIRCLE ( 'NONE', #1901, 1.973045005896731485 ) ;
#1225 = DIRECTION ( 'NONE',  ( 0.000000000000000000, 0.000000000000000000, -1.000000000000000000 ) ) ;
#1226 = VECTOR ( 'NONE', #1009, 1000.000000000000000 ) ;
#1227 = DIRECTION ( 'NONE',  ( 0.000000000000000000, 0.000000000000000000, 1.000000000000000000 ) ) ;
#1228 = DIRECTION ( 'NONE',  ( -1.000000000000000000, 0.000000000000000000, 0.000000000000000000 ) ) ;
#1229 = DIRECTION ( 'NONE',  ( 0.000000000000000000, 0.000000000000000000, 1.000000000000000000 ) ) ;
#1230 = CARTESIAN_POINT ( 'NONE',  ( -1.440037872544766895, -2.945198428730791740, -9.719499999999998252 ) ) ;
#1231 = CARTESIAN_POINT ( 'NONE',  ( 0.8034072016301380126, 3.348396088319595343, -7.000000000000000000 ) ) ;
#1232 = DIRECTION ( 'NONE',  ( 0.4067366430758164175, 0.9135454576425936501, -0.000000000000000000 ) ) ;
#1233 = DIRECTION ( 'NONE',  ( 0.000000000000000000, 0.000000000000000000, 1.000000000000000000 ) ) ;
#1234 = LINE ( 'NONE', #1530, #2156 ) ;
#1235 = ORIENTED_EDGE ( 'NONE', *, *, #290, .T. ) ;
#1236 = CARTESIAN_POINT ( 'NONE',  ( -1.830597722194789778, 2.719708594400580548, -7.000000000000000000 ) ) ;
#1237 = CARTESIAN_POINT ( 'NONE',  ( -0.2919351088493810087, -3.105321142968425097, -4.000000000000000000 ) ) ;
#1238 = VECTOR ( 'NONE', #3406, 1000.000000000000000 ) ;
#1239 = EDGE_LOOP ( 'NONE', ( #1998, #3401, #2358, #1194 ) ) ;
#1240 = ADVANCED_FACE ( 'NONE', ( #2766 ), #2161, .T. ) ;
#1241 = DIRECTION ( 'NONE',  ( 1.000000000000000000, 0.000000000000000000, 0.000000000000000000 ) ) ;
#1242 = DIRECTION ( 'NONE',  ( 0.2079116908177127132, -0.9781476007338155698, 0.000000000000000000 ) ) ;
#1243 = EDGE_CURVE ( 'NONE', #3019, #828, #681, .T. ) ;
#1244 = DIRECTION ( 'NONE',  ( 1.000000000000000000, 0.000000000000000000, 0.000000000000000000 ) ) ;
#1245 = CYLINDRICAL_SURFACE ( 'NONE', #230, 1.973045005896729709 ) ;
#1246 = ORIENTED_EDGE ( 'NONE', *, *, #946, .F. ) ;
#1247 = VERTEX_POINT ( 'NONE', #3591 ) ;
#1248 = DIRECTION ( 'NONE',  ( 0.000000000000000000, 0.000000000000000000, 1.000000000000000000 ) ) ;
#1249 = CARTESIAN_POINT ( 'NONE',  ( 3.118825397134031174, -1.381846796186403424E-13, -1.000000000000000000 ) ) ;
#1250 = CARTESIAN_POINT ( 'NONE',  ( 0.000000000000000000, 0.000000000000000000, -9.719499999999998252 ) ) ;
#1251 = EDGE_CURVE ( 'NONE', #2755, #778, #3228, .T. ) ;
#1252 = ORIENTED_EDGE ( 'NONE', *, *, #2441, .F. ) ;
#1253 = ORIENTED_EDGE ( 'NONE', *, *, #142, .T. ) ;
#1254 = CYLINDRICAL_SURFACE ( 'NONE', #2321, 1.973045005896730153 ) ;
#1255 = DIRECTION ( 'NONE',  ( 0.000000000000000000, 0.000000000000000000, 1.000000000000000000 ) ) ;
#1256 = VERTEX_POINT ( 'NONE', #1848 ) ;
#1257 = DIRECTION ( 'NONE',  ( 0.000000000000000000, 0.000000000000000000, 1.000000000000000000 ) ) ;
#1258 = DIRECTION ( 'NONE',  ( 1.000000000000000000, 0.000000000000000000, 0.000000000000000000 ) ) ;
#1259 = ORIENTED_EDGE ( 'NONE', *, *, #471, .F. ) ;
#1260 = FACE_OUTER_BOUND ( 'NONE', #3077, .T. ) ;
#1261 = CARTESIAN_POINT ( 'NONE',  ( -2.430432687826100224, -2.583177482750639964, -7.000000000000000000 ) ) ;
#1262 = EDGE_CURVE ( 'NONE', #3598, #1956, #1899, .T. ) ;
#1263 = AXIS2_PLACEMENT_3D ( 'NONE', #3006, #3248, #625 ) ;
#1264 = ORIENTED_EDGE ( 'NONE', *, *, #3676, .F. ) ;
#1265 = LINE ( 'NONE', #926, #2765 ) ;
#1266 = CARTESIAN_POINT ( 'NONE',  ( 0.000000000000000000, 0.000000000000000000, 0.000000000000000000 ) ) ;
#1267 = CIRCLE ( 'NONE', #1770, 4.249999999998980371 ) ;
#1268 = ORIENTED_EDGE ( 'NONE', *, *, #2748, .F. ) ;
#1269 = ORIENTED_EDGE ( 'NONE', *, *, #3239, .T. ) ;
#1270 = AXIS2_PLACEMENT_3D ( 'NONE', #1741, #1138, #3237 ) ;
#1271 = AXIS2_PLACEMENT_3D ( 'NONE', #2085, #2378, #1740 ) ;
#1272 = CARTESIAN_POINT ( 'NONE',  ( 0.000000000000000000, 0.000000000000000000, -1.000000000000000000 ) ) ;
#1273 = DIRECTION ( 'NONE',  ( 0.000000000000000000, 0.000000000000000000, 1.000000000000000000 ) ) ;
#1274 = CIRCLE ( 'NONE', #1340, 1.973045005897157811 ) ;
#1275 = CIRCLE ( 'NONE', #2088, 0.1963495408492196004 ) ;
#1276 = ORIENTED_EDGE ( 'NONE', *, *, #551, .F. ) ;
#1277 = ORIENTED_EDGE ( 'NONE', *, *, #2369, .T. ) ;
#1278 = CIRCLE ( 'NONE', #617, 1.973045005897157811 ) ;
#1279 = FACE_OUTER_BOUND ( 'NONE', #3530, .T. ) ;
#1280 = EDGE_CURVE ( 'NONE', #921, #2401, #3156, .T. ) ;
#1281 = DIRECTION ( 'NONE',  ( -1.000000000000000000, 0.000000000000000000, 0.000000000000000000 ) ) ;
#1282 = AXIS2_PLACEMENT_3D ( 'NONE', #1819, #1784, #633 ) ;
#1283 = CARTESIAN_POINT ( 'NONE',  ( -3.249853172817224856, -0.6557536698337228520, -9.719499999999998252 ) ) ;
#1284 = CIRCLE ( 'NONE', #3413, 0.1963495408492188232 ) ;
#1285 = CARTESIAN_POINT ( 'NONE',  ( -2.778539377712863079, -1.740006260178439179, -9.719499999999998252 ) ) ;
#1286 = ORIENTED_EDGE ( 'NONE', *, *, #459, .T. ) ;
#1287 = ORIENTED_EDGE ( 'NONE', *, *, #238, .F. ) ;
#1288 = DIRECTION ( 'NONE',  ( 1.000000000000000000, 0.000000000000000000, 0.000000000000000000 ) ) ;
#1289 = ADVANCED_FACE ( 'NONE', ( #1260 ), #3050, .T. ) ;
#1290 = CARTESIAN_POINT ( 'NONE',  ( 3.042497229473239972, 1.317106346890114077, -7.000000000000000000 ) ) ;
#1291 =( LENGTH_UNIT ( ) NAMED_UNIT ( * ) SI_UNIT ( .MILLI., .METRE. ) );
#1292 = EDGE_LOOP ( 'NONE', ( #1186, #3327, #1859, #3010, #3328, #1293, #2148, #199, #2749, #1324, #1609, #3726, #2847, #3614, #2579, #2244, #2880, #924, #2956, #66, #1640, #359, #1330, #1381, #1603, #342, #2787, #1277, #1526, #3460, #3552, #3488, #200, #2724, #883, #3617, #848, #3707, #2553, #3403, #388, #2141, #3809, #980, #894, #1473, #3149, #2129, #2697, #3361, #1358, #809, #42, #285, #2384, #1981, #183, #2754, #3416, #309, #1335, #832, #833, #2518, #1629, #1871, #2557, #2578, #2017, #1669, #426, #746, #2538, #77, #1431, #502, #2527, #1719, #84, #2487, #2604, #2661, #2367, #2710, #3684, #2260, #1686, #2175, #3354, #979, #3597, #263, #2433, #35, #1387, #1958, #1422, #2620, #3235, #2549 ) ) ;
#1293 = ORIENTED_EDGE ( 'NONE', *, *, #521, .T. ) ;
#1294 = EDGE_CURVE ( 'NONE', #2216, #1491, #2844, .T. ) ;
#1295 = DIRECTION ( 'NONE',  ( 0.000000000000000000, 0.000000000000000000, 1.000000000000000000 ) ) ;
#1296 = DIRECTION ( 'NONE',  ( 0.000000000000000000, 0.000000000000000000, 1.000000000000000000 ) ) ;
#1297 = ORIENTED_EDGE ( 'NONE', *, *, #1762, .F. ) ;
#1298 = ORIENTED_EDGE ( 'NONE', *, *, #2368, .T. ) ;
#1299 = CARTESIAN_POINT ( 'NONE',  ( -2.778539377712673453, 1.740006260178867947, -9.719499999999998252 ) ) ;
#1300 = CARTESIAN_POINT ( 'NONE',  ( 2.896159312915024930, 1.536282556425360601, -1.000000000000000000 ) ) ;
#1301 = AXIS2_PLACEMENT_3D ( 'NONE', #2240, #2569, #2892 ) ;
#1302 = EDGE_CURVE ( 'NONE', #2627, #2836, #2275, .T. ) ;
#1303 = AXIS2_PLACEMENT_3D ( 'NONE', #1080, #2551, #1665 ) ;
#1304 = CARTESIAN_POINT ( 'NONE',  ( 3.484614976550524990, 0.6612619924381989422, -7.000000000000000000 ) ) ;
#1305 = CARTESIAN_POINT ( 'NONE',  ( -2.465546629779823640, 1.976326718222530143, -1.000000000000000000 ) ) ;
#1306 = VERTEX_POINT ( 'NONE', #59 ) ;
#1307 = CARTESIAN_POINT ( 'NONE',  ( -1.529743889979000127, 2.718111318510990415, -7.000000000000000000 ) ) ;
#1308 = DIRECTION ( 'NONE',  ( -0.9945218953682685159, 0.1045284632676996145, 0.000000000000000000 ) ) ;
#1309 = DIRECTION ( 'NONE',  ( 0.000000000000000000, 0.000000000000000000, -1.000000000000000000 ) ) ;
#1310 = DIRECTION ( 'NONE',  ( 0.000000000000000000, 0.000000000000000000, 1.000000000000000000 ) ) ;
#1311 = ORIENTED_EDGE ( 'NONE', *, *, #3602, .F. ) ;
#1312 = ORIENTED_EDGE ( 'NONE', *, *, #2601, .F. ) ;
#1313 = LINE ( 'NONE', #2500, #545 ) ;
#1314 = CARTESIAN_POINT ( 'NONE',  ( -1.021880978632927928, 3.396405191220819741, -7.000000000000000000 ) ) ;
#1315 = EDGE_CURVE ( 'NONE', #2512, #2169, #3643, .T. ) ;
#1316 = EDGE_LOOP ( 'NONE', ( #197, #1276, #3271, #120 ) ) ;
#1317 = EDGE_LOOP ( 'NONE', ( #1636, #650, #1703, #916 ) ) ;
#1318 = DIRECTION ( 'NONE',  ( -1.000000000000000000, 0.000000000000000000, 0.000000000000000000 ) ) ;
#1319 = DIRECTION ( 'NONE',  ( -1.000000000000000000, 0.000000000000000000, 0.000000000000000000 ) ) ;
#1320 = EDGE_CURVE ( 'NONE', #3364, #3442, #1505, .T. ) ;
#1321 = DIRECTION ( 'NONE',  ( 0.000000000000000000, 0.000000000000000000, 1.000000000000000000 ) ) ;
#1322 = DIRECTION ( 'NONE',  ( -0.000000000000000000, -0.000000000000000000, 1.000000000000000000 ) ) ;
#1323 = CARTESIAN_POINT ( 'NONE',  ( -3.545951877715329825, 0.07768036026360160273, -7.000000000000000000 ) ) ;
#1324 = ORIENTED_EDGE ( 'NONE', *, *, #692, .T. ) ;
#1325 = PLANE ( 'NONE',  #1587 ) ;
#1326 = CARTESIAN_POINT ( 'NONE',  ( 0.000000000000000000, 0.000000000000000000, -9.719499999999998252 ) ) ;
#1327 = DIRECTION ( 'NONE',  ( 0.000000000000000000, 0.000000000000000000, 1.000000000000000000 ) ) ;
#1328 = CIRCLE ( 'NONE', #1716, 1.973045005896730597 ) ;
#1329 = VERTEX_POINT ( 'NONE', #2417 ) ;
#1330 = ORIENTED_EDGE ( 'NONE', *, *, #1863, .T. ) ;
#1331 = LINE ( 'NONE', #2522, #2446 ) ;
#1332 = AXIS2_PLACEMENT_3D ( 'NONE', #3424, #2830, #790 ) ;
#1333 = CARTESIAN_POINT ( 'NONE',  ( 0.2933980814764465261, 3.534646590994565241, -1.000000000000000000 ) ) ;
#1334 = CIRCLE ( 'NONE', #1027, 0.1963495408493624306 ) ;
#1335 = ORIENTED_EDGE ( 'NONE', *, *, #1681, .T. ) ;
#1336 = ORIENTED_EDGE ( 'NONE', *, *, #2552, .T. ) ;
#1337 = AXIS2_PLACEMENT_3D ( 'NONE', #557, #3805, #2052 ) ;
#1338 = LINE ( 'NONE', #2849, #2459 ) ;
#1339 = EDGE_CURVE ( 'NONE', #1409, #2634, #3607, .T. ) ;
#1340 = AXIS2_PLACEMENT_3D ( 'NONE', #2061, #2987, #2376 ) ;
#1341 = DIRECTION ( 'NONE',  ( -1.000000000000000000, 0.000000000000000000, 0.000000000000000000 ) ) ;
#1342 = CIRCLE ( 'NONE', #3823, 0.1963495408493576566 ) ;
#1343 = VECTOR ( 'NONE', #392, 1000.000000000000000 ) ;
#1344 = AXIS2_PLACEMENT_3D ( 'NONE', #1632, #1983, #1319 ) ;
#1345 = VECTOR ( 'NONE', #1657, 1000.000000000000000 ) ;
#1346 = DIRECTION ( 'NONE',  ( 0.000000000000000000, 0.000000000000000000, 1.000000000000000000 ) ) ;
#1347 = CARTESIAN_POINT ( 'NONE',  ( -3.000000000000000444, 0.000000000000000000, 6.000000000000000000 ) ) ;
#1348 = AXIS2_PLACEMENT_3D ( 'NONE', #1875, #2246, #2171 ) ;
#1349 = VECTOR ( 'NONE', #3716, 1000.000000000000000 ) ;
#1350 = ORIENTED_EDGE ( 'NONE', *, *, #1382, .F. ) ;
#1351 = CARTESIAN_POINT ( 'NONE',  ( 0.000000000000000000, 0.000000000000000000, -7.000000000000000000 ) ) ;
#1352 = CYLINDRICAL_SURFACE ( 'NONE', #2345, 0.1963495408493620142 ) ;
#1353 = ORIENTED_EDGE ( 'NONE', *, *, #2768, .F. ) ;
#1354 = ORIENTED_EDGE ( 'NONE', *, *, #1013, .T. ) ;
#1355 = EDGE_CURVE ( 'NONE', #3358, #1867, #2214, .T. ) ;
#1356 = DIRECTION ( 'NONE',  ( 0.000000000000000000, 0.000000000000000000, -1.000000000000000000 ) ) ;
#1357 = CYLINDRICAL_SURFACE ( 'NONE', #559, 1.973045005896730153 ) ;
#1358 = ORIENTED_EDGE ( 'NONE', *, *, #551, .T. ) ;
#1359 = ORIENTED_EDGE ( 'NONE', *, *, #2193, .F. ) ;
#1360 = CARTESIAN_POINT ( 'NONE',  ( 0.000000000000000000, 0.000000000000000000, -9.719499999999998252 ) ) ;
#1361 = CARTESIAN_POINT ( 'NONE',  ( -1.440037872544320585, 2.945198428730935181, -1.000000000000000000 ) ) ;
#1362 = DIRECTION ( 'NONE',  ( 1.000000000000000000, 0.000000000000000000, 0.000000000000000000 ) ) ;
#1363 = DIRECTION ( 'NONE',  ( 1.000000000000000000, 0.000000000000000000, 0.000000000000000000 ) ) ;
#1364 = EDGE_CURVE ( 'NONE', #2761, #81, #614, .T. ) ;
#1365 = VERTEX_POINT ( 'NONE', #194 ) ;
#1366 = CARTESIAN_POINT ( 'NONE',  ( 2.835254551144268831, -1.299837350964085925, -9.719499999999998252 ) ) ;
#1367 = DIRECTION ( 'NONE',  ( -0.7431448254773883599, -0.6691306063588646769, 0.000000000000000000 ) ) ;
#1368 = VERTEX_POINT ( 'NONE', #3737 ) ;
#1369 = VERTEX_POINT ( 'NONE', #749 ) ;
#1370 = FACE_OUTER_BOUND ( 'NONE', #1760, .T. ) ;
#1371 = DIRECTION ( 'NONE',  ( 1.000000000000000000, 0.000000000000000000, 0.000000000000000000 ) ) ;
#1372 = EDGE_CURVE ( 'NONE', #1388, #791, #1905, .T. ) ;
#1373 = ORIENTED_EDGE ( 'NONE', *, *, #3736, .F. ) ;
#1374 = EDGE_LOOP ( 'NONE', ( #2437, #1412, #2519, #123 ) ) ;
#1375 = VERTEX_POINT ( 'NONE', #462 ) ;
#1376 = DIRECTION ( 'NONE',  ( 0.000000000000000000, 0.000000000000000000, 1.000000000000000000 ) ) ;
#1377 = CARTESIAN_POINT ( 'NONE',  ( -1.149999999999999911, 0.000000000000000000, 11.00000000000000000 ) ) ;
#1378 = EDGE_CURVE ( 'NONE', #721, #2287, #3680, .T. ) ;
#1379 = CARTESIAN_POINT ( 'NONE',  ( 0.000000000000000000, 0.000000000000000000, -1.000000000000000000 ) ) ;
#1380 = DIRECTION ( 'NONE',  ( 0.000000000000000000, 0.000000000000000000, 1.000000000000000000 ) ) ;
#1381 = ORIENTED_EDGE ( 'NONE', *, *, #3420, .T. ) ;
#1382 = EDGE_CURVE ( 'NONE', #1375, #2071, #1099, .T. ) ;
#1383 = CARTESIAN_POINT ( 'NONE',  ( -2.543319442294934341, -1.805483792004299870, -9.719499999999998252 ) ) ;
#1384 = ORIENTED_EDGE ( 'NONE', *, *, #585, .T. ) ;
#1385 = LINE ( 'NONE', #2840, #3458 ) ;
#1386 = DIRECTION ( 'NONE',  ( 1.000000000000000000, 0.000000000000000000, 0.000000000000000000 ) ) ;
#1387 = ORIENTED_EDGE ( 'NONE', *, *, #3561, .T. ) ;
#1388 = VERTEX_POINT ( 'NONE', #2278 ) ;
#1389 = AXIS2_PLACEMENT_3D ( 'NONE', #1323, #2255, #2511 ) ;
#1390 = VERTEX_POINT ( 'NONE', #171 ) ;
#1391 = DIRECTION ( 'NONE',  ( 0.000000000000000000, 0.000000000000000000, 1.000000000000000000 ) ) ;
#1392 = CARTESIAN_POINT ( 'NONE',  ( 0.2807562157273797987, -4.240716442692489707, -9.719499999999998252 ) ) ;
#1393 = CIRCLE ( 'NONE', #1153, 0.1963495408492204053 ) ;
#1394 = AXIS2_PLACEMENT_3D ( 'NONE', #3470, #799, #1975 ) ;
#1395 = EDGE_CURVE ( 'NONE', #414, #253, #3534, .T. ) ;
#1396 = VECTOR ( 'NONE', #251, 1000.000000000000114 ) ;
#1397 = CIRCLE ( 'NONE', #1895, 1.973045005896731929 ) ;
#1398 = DIRECTION ( 'NONE',  ( -1.000000000000000000, 0.000000000000000000, -0.000000000000000000 ) ) ;
#1399 = CARTESIAN_POINT ( 'NONE',  ( 1.981338335720388644, 3.759893402663975426, -1.000000000000000000 ) ) ;
#1400 = VECTOR ( 'NONE', #913, 1000.000000000000000 ) ;
#1401 = VECTOR ( 'NONE', #823, 1000.000000000000000 ) ;
#1402 = DIRECTION ( 'NONE',  ( -1.000000000000000000, 0.000000000000000000, 0.000000000000000000 ) ) ;
#1403 = VERTEX_POINT ( 'NONE', #2252 ) ;
#1404 = DIRECTION ( 'NONE',  ( -0.000000000000000000, -0.000000000000000000, 1.000000000000000000 ) ) ;
#1405 = AXIS2_PLACEMENT_3D ( 'NONE', #2290, #3490, #2900 ) ;
#1406 = AXIS2_PLACEMENT_3D ( 'NONE', #763, #3678, #2190 ) ;
#1407 = CARTESIAN_POINT ( 'NONE',  ( 0.000000000000000000, 0.000000000000000000, -21.00000000000000000 ) ) ;
#1408 = EDGE_LOOP ( 'NONE', ( #2543, #1131, #1007, #1252 ) ) ;
#1409 = VERTEX_POINT ( 'NONE', #3438 ) ;
#1410 = DIRECTION ( 'NONE',  ( 0.8660254037844513642, 0.4999999999999779621, 0.000000000000000000 ) ) ;
#1411 = DIRECTION ( 'NONE',  ( 1.000000000000000000, 0.000000000000000000, 0.000000000000000000 ) ) ;
#1412 = ORIENTED_EDGE ( 'NONE', *, *, #2344, .F. ) ;
#1413 = ORIENTED_EDGE ( 'NONE', *, *, #3605, .F. ) ;
#1414 = ORIENTED_EDGE ( 'NONE', *, *, #3306, .F. ) ;
#1415 = DIRECTION ( 'NONE',  ( 0.000000000000000000, 0.000000000000000000, 1.000000000000000000 ) ) ;
#1416 = FACE_OUTER_BOUND ( 'NONE', #1512, .T. ) ;
#1417 = EDGE_CURVE ( 'NONE', #17, #1064, #2532, .T. ) ;
#1418 = CARTESIAN_POINT ( 'NONE',  ( -3.246046332586539851, -0.4594410361108440255, -7.000000000000000000 ) ) ;
#1419 = DIRECTION ( 'NONE',  ( -1.000000000000000000, 0.000000000000000000, 0.000000000000000000 ) ) ;
#1420 = CARTESIAN_POINT ( 'NONE',  ( -3.043548818098394726, -0.6819502185625320179, -4.000000000000000000 ) ) ;
#1421 = ADVANCED_FACE ( 'NONE', ( #2564 ), #2791, .F. ) ;
#1422 = ORIENTED_EDGE ( 'NONE', *, *, #637, .T. ) ;
#1423 = FACE_OUTER_BOUND ( 'NONE', #3792, .T. ) ;
#1424 = CARTESIAN_POINT ( 'NONE',  ( -2.430432687826100224, -2.583177482750639964, -9.719499999999998252 ) ) ;
#1425 = EDGE_CURVE ( 'NONE', #1181, #1144, #3143, .T. ) ;
#1426 = ORIENTED_EDGE ( 'NONE', *, *, #3008, .F. ) ;
#1427 = CARTESIAN_POINT ( 'NONE',  ( -1.440037872544321251, 2.945198428730934292, -9.719499999999998252 ) ) ;
#1428 = CARTESIAN_POINT ( 'NONE',  ( -2.702169557679759748, -1.920895156409979876, -1.000000000000000000 ) ) ;
#1429 = ORIENTED_EDGE ( 'NONE', *, *, #1883, .F. ) ;
#1430 = ORIENTED_EDGE ( 'NONE', *, *, #3122, .F. ) ;
#1431 = ORIENTED_EDGE ( 'NONE', *, *, #1251, .T. ) ;
#1432 = ORIENTED_EDGE ( 'NONE', *, *, #2377, .T. ) ;
#1433 = EDGE_CURVE ( 'NONE', #403, #3242, #3109, .T. ) ;
#1434 = CARTESIAN_POINT ( 'NONE',  ( 0.000000000000000000, 0.000000000000000000, -7.000000000000000000 ) ) ;
#1435 = CARTESIAN_POINT ( 'NONE',  ( -2.513460179390322846, 2.104856476242577212, -1.000000000000000000 ) ) ;
#1436 = EDGE_CURVE ( 'NONE', #2581, #3137, #3284, .T. ) ;
#1437 = EDGE_CURVE ( 'NONE', #1915, #1375, #3456, .T. ) ;
#1438 = CARTESIAN_POINT ( 'NONE',  ( -2.661896170629185043, 1.976326718222530143, -1.000000000000000000 ) ) ;
#1439 = DIRECTION ( 'NONE',  ( 0.000000000000000000, 0.000000000000000000, 1.000000000000000000 ) ) ;
#1440 = ORIENTED_EDGE ( 'NONE', *, *, #1364, .T. ) ;
#1441 = ADVANCED_FACE ( 'NONE', ( #2490 ), #508, .T. ) ;
#1442 = CARTESIAN_POINT ( 'NONE',  ( -2.503046055244335655, 1.860915353816874784, -1.000000000000000000 ) ) ;
#1443 = LINE ( 'NONE', #2629, #43 ) ;
#1444 = VERTEX_POINT ( 'NONE', #1038 ) ;
#1445 = EDGE_CURVE ( 'NONE', #1479, #3415, #1839, .T. ) ;
#1446 = DIRECTION ( 'NONE',  ( -1.000000000000000000, 0.000000000000000000, 0.000000000000000000 ) ) ;
#1447 = LINE ( 'NONE', #591, #735 ) ;
#1448 = ORIENTED_EDGE ( 'NONE', *, *, #1262, .F. ) ;
#1449 = VERTEX_POINT ( 'NONE', #210 ) ;
#1450 = DIRECTION ( 'NONE',  ( -0.000000000000000000, -0.000000000000000000, -1.000000000000000000 ) ) ;
#1451 = CYLINDRICAL_SURFACE ( 'NONE', #52, 0.1963495408493620142 ) ;
#1452 = CIRCLE ( 'NONE', #3816, 0.1963495408493615701 ) ;
#1453 = FACE_OUTER_BOUND ( 'NONE', #773, .T. ) ;
#1454 = EDGE_CURVE ( 'NONE', #3509, #3677, #789, .T. ) ;
#1455 = DIRECTION ( 'NONE',  ( 0.000000000000000000, 0.000000000000000000, 1.000000000000000000 ) ) ;
#1456 = FACE_OUTER_BOUND ( 'NONE', #2760, .T. ) ;
#1457 = AXIS2_PLACEMENT_3D ( 'NONE', #2751, #3652, #430 ) ;
#1458 = CIRCLE ( 'NONE', #2329, 4.249999999998978595 ) ;
#1459 = CIRCLE ( 'NONE', #2770, 0.1963495408493620142 ) ;
#1460 = VERTEX_POINT ( 'NONE', #733 ) ;
#1461 = CARTESIAN_POINT ( 'NONE',  ( -2.702169557679759748, -1.920895156409979876, -9.719499999999998252 ) ) ;
#1462 = CARTESIAN_POINT ( 'NONE',  ( -1.559412698566947419, 2.700982023886201677, -1.000000000000000000 ) ) ;
#1463 = AXIS2_PLACEMENT_3D ( 'NONE', #2444, #2726, #3337 ) ;
#1464 = AXIS2_PLACEMENT_3D ( 'NONE', #1815, #1522, #1542 ) ;
#1465 = EDGE_CURVE ( 'NONE', #1256, #2542, #2809, .T. ) ;
#1466 = ORIENTED_EDGE ( 'NONE', *, *, #1969, .T. ) ;
#1467 = AXIS2_PLACEMENT_3D ( 'NONE', #2102, #2705, #3637 ) ;
#1468 = DIRECTION ( 'NONE',  ( -0.000000000000000000, -0.000000000000000000, 1.000000000000000000 ) ) ;
#1469 = CARTESIAN_POINT ( 'NONE',  ( 3.532190061753924137, -2.363500236437080737, -1.000000000000000000 ) ) ;
#1470 = AXIS2_PLACEMENT_3D ( 'NONE', #1128, #2038, #3824 ) ;
#1471 = VECTOR ( 'NONE', #1308, 1000.000000000000000 ) ;
#1472 = EDGE_CURVE ( 'NONE', #2679, #3019, #3405, .T. ) ;
#1473 = ORIENTED_EDGE ( 'NONE', *, *, #2436, .T. ) ;
#1474 = VERTEX_POINT ( 'NONE', #879 ) ;
#1475 = EDGE_LOOP ( 'NONE', ( #489, #1949, #3584, #2432 ) ) ;
#1476 = CYLINDRICAL_SURFACE ( 'NONE', #3432, 1.973045005896730153 ) ;
#1477 = CARTESIAN_POINT ( 'NONE',  ( 0.7962284048839876061, 3.180239485670408150, -9.719499999999998252 ) ) ;
#1478 = ADVANCED_FACE ( 'NONE', ( #2298 ), #3553, .F. ) ;
#1479 = VERTEX_POINT ( 'NONE', #227 ) ;
#1480 = CARTESIAN_POINT ( 'NONE',  ( -2.963603903834385100, -3.046235693632429520, -7.000000000000000000 ) ) ;
#1481 = ORIENTED_EDGE ( 'NONE', *, *, #2408, .F. ) ;
#1482 = FACE_OUTER_BOUND ( 'NONE', #896, .T. ) ;
#1483 = CARTESIAN_POINT ( 'NONE',  ( -1.627918660403720130, -2.888155008907924870, -7.000000000000000000 ) ) ;
#1484 = EDGE_CURVE ( 'NONE', #522, #684, #2003, .T. ) ;
#1485 = AXIS2_PLACEMENT_3D ( 'NONE', #607, #885, #2317 ) ;
#1486 = DIRECTION ( 'NONE',  ( 0.000000000000000000, 0.000000000000000000, 1.000000000000000000 ) ) ;
#1487 = VERTEX_POINT ( 'NONE', #2590 ) ;
#1488 = DIRECTION ( 'NONE',  ( 0.000000000000000000, 0.000000000000000000, 1.000000000000000000 ) ) ;
#1489 = DIRECTION ( 'NONE',  ( 0.000000000000000000, 0.000000000000000000, 1.000000000000000000 ) ) ;
#1490 = ADVANCED_FACE ( 'NONE', ( #3813, #2929 ), #2355, .T. ) ;
#1491 = VERTEX_POINT ( 'NONE', #3207 ) ;
#1492 = CARTESIAN_POINT ( 'NONE',  ( 4.119919448519300254, -1.043438420659143162, -1.000000000000000000 ) ) ;
#1493 = CIRCLE ( 'NONE', #1301, 0.1963495408493628747 ) ;
#1494 = CARTESIAN_POINT ( 'NONE',  ( 0.9311881956576679720, -2.976765703412589836, -7.000000000000000000 ) ) ;
#1495 = EDGE_CURVE ( 'NONE', #1181, #2581, #2525, .T. ) ;
#1496 = EDGE_LOOP ( 'NONE', ( #804, #2268, #2845, #528 ) ) ;
#1497 = CIRCLE ( 'NONE', #1988, 1.973045005896587600 ) ;
#1498 = DIRECTION ( 'NONE',  ( 1.000000000000000000, 0.000000000000000000, 0.000000000000000000 ) ) ;
#1499 = DIRECTION ( 'NONE',  ( 1.000000000000000000, 0.000000000000000000, 0.000000000000000000 ) ) ;
#1500 = ORIENTED_EDGE ( 'NONE', *, *, #2922, .F. ) ;
#1501 = DIRECTION ( 'NONE',  ( -0.000000000000000000, -0.000000000000000000, 1.000000000000000000 ) ) ;
#1502 = DIRECTION ( 'NONE',  ( 0.000000000000000000, 0.000000000000000000, 1.000000000000000000 ) ) ;
#1503 = DIRECTION ( 'NONE',  ( 0.000000000000000000, 0.000000000000000000, 1.000000000000000000 ) ) ;
#1504 = DIRECTION ( 'NONE',  ( 0.000000000000000000, 0.000000000000000000, 1.000000000000000000 ) ) ;
#1505 = LINE ( 'NONE', #2691, #2964 ) ;
#1506 = CARTESIAN_POINT ( 'NONE',  ( 2.020910775106315338, -2.581438067825823968, -1.000000000000000000 ) ) ;
#1507 = EDGE_LOOP ( 'NONE', ( #2503, #2662, #2464, #397 ) ) ;
#1508 = ADVANCED_FACE ( 'NONE', ( #1751 ), #1986, .F. ) ;
#1509 = LINE ( 'NONE', #3, #727 ) ;
#1510 = CARTESIAN_POINT ( 'NONE',  ( -2.719767133969196671, -3.265787307368976489, -1.000000000000000000 ) ) ;
#1511 = VERTEX_POINT ( 'NONE', #3499 ) ;
#1512 = EDGE_LOOP ( 'NONE', ( #1787, #3745 ) ) ;
#1513 = CARTESIAN_POINT ( 'NONE',  ( -1.169637804266636216, -3.348396088319579800, -7.000000000000000000 ) ) ;
#1514 = PLANE ( 'NONE',  #3034 ) ;
#1515 = ORIENTED_EDGE ( 'NONE', *, *, #131, .T. ) ;
#1516 = CYLINDRICAL_SURFACE ( 'NONE', #2210, 0.1963495408493620142 ) ;
#1517 = CARTESIAN_POINT ( 'NONE',  ( -2.465546629779995058, -1.976326718222495504, -1.000000000000000000 ) ) ;
#1518 = CARTESIAN_POINT ( 'NONE',  ( 0.6070735070730179928, -4.206419113331840265, -9.719499999999998252 ) ) ;
#1519 = AXIS2_PLACEMENT_3D ( 'NONE', #118, #2477, #2856 ) ;
#1520 = EDGE_CURVE ( 'NONE', #1006, #3701, #2625, .T. ) ;
#1521 = CIRCLE ( 'NONE', #605, 0.1963495408493610150 ) ;
#1522 = DIRECTION ( 'NONE',  ( 0.000000000000000000, 0.000000000000000000, 1.000000000000000000 ) ) ;
#1523 = DIRECTION ( 'NONE',  ( 1.000000000000000000, 0.000000000000000000, 0.000000000000000000 ) ) ;
#1524 = VECTOR ( 'NONE', #2086, 1000.000000000000000 ) ;
#1525 = AXIS2_PLACEMENT_3D ( 'NONE', #1744, #610, #1179 ) ;
#1526 = ORIENTED_EDGE ( 'NONE', *, *, #1919, .T. ) ;
#1527 = DIRECTION ( 'NONE',  ( 1.000000000000000000, 0.000000000000000000, 0.000000000000000000 ) ) ;
#1528 = CIRCLE ( 'NONE', #905, 0.1963495408492193228 ) ;
#1529 = AXIS2_PLACEMENT_3D ( 'NONE', #3685, #1017, #3722 ) ;
#1530 = CARTESIAN_POINT ( 'NONE',  ( 2.112360622440709879, -2.294815484850040388, -4.000000000000000000 ) ) ;
#1531 = VECTOR ( 'NONE', #878, 1000.000000000000000 ) ;
#1532 = ORIENTED_EDGE ( 'NONE', *, *, #2265, .F. ) ;
#1533 = ORIENTED_EDGE ( 'NONE', *, *, #2603, .F. ) ;
#1534 = AXIS2_PLACEMENT_3D ( 'NONE', #3378, #2448, #1244 ) ;
#1535 = CARTESIAN_POINT ( 'NONE',  ( -1.149999999999999911, 0.000000000000000000, 11.00100000000000122 ) ) ;
#1536 = CARTESIAN_POINT ( 'NONE',  ( 2.061442435782706806, 2.340662426045219124, -9.719499999999998252 ) ) ;
#1537 = CIRCLE ( 'NONE', #108, 1.973045005896732373 ) ;
#1538 = VERTEX_POINT ( 'NONE', #1696 ) ;
#1539 = CIRCLE ( 'NONE', #2975, 3.000000000000000444 ) ;
#1540 = CARTESIAN_POINT ( 'NONE',  ( -3.050671579314320869, 0.6484402616834654687, -1.000000000000000000 ) ) ;
#1541 = DIRECTION ( 'NONE',  ( 1.000000000000000000, 0.000000000000000000, 0.000000000000000000 ) ) ;
#1542 = DIRECTION ( 'NONE',  ( 1.000000000000000000, 0.000000000000000000, 0.000000000000000000 ) ) ;
#1543 = CARTESIAN_POINT ( 'NONE',  ( -1.169637804266636216, -3.348396088319579800, -1.000000000000000000 ) ) ;
#1544 = EDGE_CURVE ( 'NONE', #2323, #1707, #601, .T. ) ;
#1545 = ORIENTED_EDGE ( 'NONE', *, *, #2759, .F. ) ;
#1546 = ORIENTED_EDGE ( 'NONE', *, *, #2072, .F. ) ;
#1547 = CARTESIAN_POINT ( 'NONE',  ( 3.079589269441387334, -1.124292128631490417, -1.000000000000000000 ) ) ;
#1548 = EDGE_CURVE ( 'NONE', #3826, #2307, #3834, .T. ) ;
#1549 = CARTESIAN_POINT ( 'NONE',  ( 1.840249104221085119, 3.032044226566794620, -1.000000000000000000 ) ) ;
#1550 = VERTEX_POINT ( 'NONE', #287 ) ;
#1551 = ORIENTED_EDGE ( 'NONE', *, *, #751, .F. ) ;
#1552 = DIRECTION ( 'NONE',  ( -0.000000000000000000, -0.000000000000000000, 1.000000000000000000 ) ) ;
#1553 = DIRECTION ( 'NONE',  ( 1.000000000000000000, 0.000000000000000000, 0.000000000000000000 ) ) ;
#1554 = VERTEX_POINT ( 'NONE', #2060 ) ;
#1555 = EDGE_CURVE ( 'NONE', #284, #3744, #3585, .T. ) ;
#1556 = DIRECTION ( 'NONE',  ( -0.000000000000000000, -0.000000000000000000, -1.000000000000000000 ) ) ;
#1557 = EDGE_CURVE ( 'NONE', #817, #2287, #2313, .T. ) ;
#1558 = DIRECTION ( 'NONE',  ( 0.000000000000000000, 0.000000000000000000, 1.000000000000000000 ) ) ;
#1559 = DIRECTION ( 'NONE',  ( -0.000000000000000000, -0.000000000000000000, 1.000000000000000000 ) ) ;
#1560 = DIRECTION ( 'NONE',  ( 0.000000000000000000, 0.000000000000000000, 1.000000000000000000 ) ) ;
#1561 = ORIENTED_EDGE ( 'NONE', *, *, #127, .T. ) ;
#1562 = ORIENTED_EDGE ( 'NONE', *, *, #2261, .F. ) ;
#1563 = DIRECTION ( 'NONE',  ( 1.000000000000000000, 0.000000000000000000, 0.000000000000000000 ) ) ;
#1564 = DIRECTION ( 'NONE',  ( 0.000000000000000000, 0.000000000000000000, -1.000000000000000000 ) ) ;
#1565 = DIRECTION ( 'NONE',  ( 0.000000000000000000, 0.000000000000000000, -1.000000000000000000 ) ) ;
#1566 = VERTEX_POINT ( 'NONE', #3798 ) ;
#1567 = ORIENTED_EDGE ( 'NONE', *, *, #575, .F. ) ;
#1568 = EDGE_CURVE ( 'NONE', #2041, #2101, #1654, .T. ) ;
#1569 = CARTESIAN_POINT ( 'NONE',  ( -1.431569119554499725, -2.888155008907924870, -9.719499999999998252 ) ) ;
#1570 = DIRECTION ( 'NONE',  ( 0.000000000000000000, 0.000000000000000000, 1.000000000000000000 ) ) ;
#1571 = VERTEX_POINT ( 'NONE', #3537 ) ;
#1572 = FACE_OUTER_BOUND ( 'NONE', #3204, .T. ) ;
#1573 = CARTESIAN_POINT ( 'NONE',  ( -1.169637804266592251, 3.348396088319595343, -7.000000000000000000 ) ) ;
#1574 = DIRECTION ( 'NONE',  ( 1.000000000000000000, 0.000000000000000000, 0.000000000000000000 ) ) ;
#1575 = CARTESIAN_POINT ( 'NONE',  ( -3.152282387150850074, 0.9005657169910940008, -1.000000000000000000 ) ) ;
#1576 = EDGE_CURVE ( 'NONE', #2512, #2318, #3411, .T. ) ;
#1577 = ORIENTED_EDGE ( 'NONE', *, *, #1465, .F. ) ;
#1578 = CIRCLE ( 'NONE', #163, 1.973045005896731929 ) ;
#1579 = EDGE_LOOP ( 'NONE', ( #3721, #2924, #1683, #2339 ) ) ;
#1580 = DIRECTION ( 'NONE',  ( 0.000000000000000000, 0.000000000000000000, 1.000000000000000000 ) ) ;
#1581 = DIRECTION ( 'NONE',  ( 1.000000000000000000, 0.000000000000000000, 0.000000000000000000 ) ) ;
#1582 = FACE_OUTER_BOUND ( 'NONE', #631, .T. ) ;
#1583 = CYLINDRICAL_SURFACE ( 'NONE', #1519, 0.1963495408493620142 ) ;
#1584 = EDGE_LOOP ( 'NONE', ( #25, #953, #245, #2823 ) ) ;
#1585 = VERTEX_POINT ( 'NONE', #2965 ) ;
#1586 = AXIS2_PLACEMENT_3D ( 'NONE', #3799, #2314, #3554 ) ;
#1587 = AXIS2_PLACEMENT_3D ( 'NONE', #3443, #233, #2550 ) ;
#1588 = CIRCLE ( 'NONE', #2084, 1.973045005896731041 ) ;
#1589 = DIRECTION ( 'NONE',  ( 0.000000000000000000, 0.000000000000000000, 1.000000000000000000 ) ) ;
#1590 = DIRECTION ( 'NONE',  ( -0.000000000000000000, -0.000000000000000000, 1.000000000000000000 ) ) ;
#1591 = EDGE_CURVE ( 'NONE', #3689, #3256, #1966, .T. ) ;
#1592 = VECTOR ( 'NONE', #2647, 1000.000000000000114 ) ;
#1593 = AXIS2_PLACEMENT_3D ( 'NONE', #1283, #1559, #3665 ) ;
#1594 = ORIENTED_EDGE ( 'NONE', *, *, #2356, .F. ) ;
#1595 = AXIS2_PLACEMENT_3D ( 'NONE', #3206, #1133, #3659 ) ;
#1596 = AXIS2_PLACEMENT_3D ( 'NONE', #877, #2295, #564 ) ;
#1597 = CARTESIAN_POINT ( 'NONE',  ( 1.225135557480255599, 3.040879103936680039, -1.000000000000000000 ) ) ;
#1598 = DIRECTION ( 'NONE',  ( 0.000000000000000000, 0.000000000000000000, 1.000000000000000000 ) ) ;
#1599 = CIRCLE ( 'NONE', #1721, 0.1963495408493617922 ) ;
#1600 = AXIS2_PLACEMENT_3D ( 'NONE', #2622, #2042, #2562 ) ;
#1601 = DIRECTION ( 'NONE',  ( 0.000000000000000000, 0.000000000000000000, -1.000000000000000000 ) ) ;
#1602 = PLANE ( 'NONE',  #2202 ) ;
#1603 = ORIENTED_EDGE ( 'NONE', *, *, #2065, .T. ) ;
#1604 = ADVANCED_FACE ( 'NONE', ( #1482 ), #837, .T. ) ;
#1605 = CARTESIAN_POINT ( 'NONE',  ( 3.042497229473224873, -1.317106346890154045, -7.000000000000000000 ) ) ;
#1606 = DIRECTION ( 'NONE',  ( -1.000000000000000000, 0.000000000000000000, 0.000000000000000000 ) ) ;
#1607 = DIRECTION ( 'NONE',  ( 0.000000000000000000, 0.000000000000000000, 1.000000000000000000 ) ) ;
#1608 = ORIENTED_EDGE ( 'NONE', *, *, #423, .F. ) ;
#1609 = ORIENTED_EDGE ( 'NONE', *, *, #2193, .T. ) ;
#1610 = EDGE_CURVE ( 'NONE', #1444, #2736, #3230, .T. ) ;
#1611 = DIRECTION ( 'NONE',  ( -0.000000000000000000, -0.000000000000000000, -1.000000000000000000 ) ) ;
#1612 = CARTESIAN_POINT ( 'NONE',  ( 3.315174937983395242, -0.03425858924962450064, -7.000000000000000000 ) ) ;
#1613 = ORIENTED_EDGE ( 'NONE', *, *, #3516, .F. ) ;
#1614 = ADVANCED_FACE ( 'NONE', ( #1279, #2467 ), #330, .T. ) ;
#1615 = DIRECTION ( 'NONE',  ( 0.000000000000000000, 0.000000000000000000, 1.000000000000000000 ) ) ;
#1616 = FACE_OUTER_BOUND ( 'NONE', #305, .T. ) ;
#1617 = AXIS2_PLACEMENT_3D ( 'NONE', #1407, #2303, #3504 ) ;
#1618 = DIRECTION ( 'NONE',  ( -1.000000000000000000, 0.000000000000000000, 0.000000000000000000 ) ) ;
#1619 = LINE ( 'NONE', #463, #2392 ) ;
#1620 = EDGE_CURVE ( 'NONE', #3484, #137, #3603, .T. ) ;
#1621 = ORIENTED_EDGE ( 'NONE', *, *, #1835, .T. ) ;
#1622 = CARTESIAN_POINT ( 'NONE',  ( 3.118825397134030730, -0.03425858924962447288, -1.000000000000000000 ) ) ;
#1623 = CYLINDRICAL_SURFACE ( 'NONE', #499, 1.973045005896730153 ) ;
#1624 = DIRECTION ( 'NONE',  ( -1.000000000000000000, 0.000000000000000000, 0.000000000000000000 ) ) ;
#1625 = ORIENTED_EDGE ( 'NONE', *, *, #2648, .F. ) ;
#1626 = ORIENTED_EDGE ( 'NONE', *, *, #759, .T. ) ;
#1627 = DIRECTION ( 'NONE',  ( 1.000000000000000000, 0.000000000000000000, 0.000000000000000000 ) ) ;
#1628 = LINE ( 'NONE', #160, #1785 ) ;
#1629 = ORIENTED_EDGE ( 'NONE', *, *, #3334, .T. ) ;
#1630 = ORIENTED_EDGE ( 'NONE', *, *, #3545, .F. ) ;
#1631 = CARTESIAN_POINT ( 'NONE',  ( 1.225135557480249826, 3.040879103936669825, -7.000000000000000000 ) ) ;
#1632 = CARTESIAN_POINT ( 'NONE',  ( -2.430432687826065141, 2.583177482750675047, -9.719499999999998252 ) ) ;
#1633 = DIRECTION ( 'NONE',  ( 0.000000000000000000, 0.000000000000000000, -1.000000000000000000 ) ) ;
#1634 = LINE ( 'NONE', #1939, #417 ) ;
#1635 = ADVANCED_FACE ( 'NONE', ( #349 ), #2687, .F. ) ;
#1636 = ORIENTED_EDGE ( 'NONE', *, *, #1320, .F. ) ;
#1637 = DIRECTION ( 'NONE',  ( 0.000000000000000000, 0.000000000000000000, 1.000000000000000000 ) ) ;
#1638 = DIRECTION ( 'NONE',  ( -1.000000000000000000, 0.000000000000000000, 0.000000000000000000 ) ) ;
#1639 = VECTOR ( 'NONE', #289, 1000.000000000000000 ) ;
#1640 = ORIENTED_EDGE ( 'NONE', *, *, #893, .T. ) ;
#1641 = ORIENTED_EDGE ( 'NONE', *, *, #2984, .F. ) ;
#1642 = PRODUCT_DEFINITION_CONTEXT ( 'detailed design', #2353, 'design' ) ;
#1643 = DIRECTION ( 'NONE',  ( -0.000000000000000000, -0.000000000000000000, 1.000000000000000000 ) ) ;
#1644 = AXIS2_PLACEMENT_3D ( 'NONE', #2364, #2319, #3253 ) ;
#1645 = DIRECTION ( 'NONE',  ( 1.000000000000000000, 0.000000000000000000, 0.000000000000000000 ) ) ;
#1646 = AXIS2_PLACEMENT_3D ( 'NONE', #2828, #1968, #3483 ) ;
#1647 = ORIENTED_EDGE ( 'NONE', *, *, #1243, .T. ) ;
#1648 = VECTOR ( 'NONE', #214, 1000.000000000000114 ) ;
#1649 = VERTEX_POINT ( 'NONE', #1204 ) ;
#1650 = ADVANCED_FACE ( 'NONE', ( #2391, #1572 ), #2133, .T. ) ;
#1651 = CARTESIAN_POINT ( 'NONE',  ( 3.339329057572447912, -2.628950635756333920, -9.719499999999998252 ) ) ;
#1652 = AXIS2_PLACEMENT_3D ( 'NONE', #2966, #268, #2913 ) ;
#1653 = CARTESIAN_POINT ( 'NONE',  ( 0.000000000000000000, 0.000000000000000000, 11.00100000000000122 ) ) ;
#1654 = CIRCLE ( 'NONE', #488, 1.973045005896732373 ) ;
#1655 = AXIS2_PLACEMENT_3D ( 'NONE', #1185, #2883, #3564 ) ;
#1656 = VECTOR ( 'NONE', #2609, 1000.000000000000000 ) ;
#1657 = DIRECTION ( 'NONE',  ( -0.9945218953682729568, -0.1045284632676579395, 0.000000000000000000 ) ) ;
#1658 = CARTESIAN_POINT ( 'NONE',  ( -2.719767133969146933, 3.265787307369015569, -1.000000000000000000 ) ) ;
#1659 = ADVANCED_FACE ( 'NONE', ( #654 ), #2725, .T. ) ;
#1660 = AXIS2_PLACEMENT_3D ( 'NONE', #1428, #278, #1411 ) ;
#1661 = CIRCLE ( 'NONE', #3474, 0.1963495408492197392 ) ;
#1662 = AXIS2_PLACEMENT_3D ( 'NONE', #3310, #2717, #1019 ) ;
#1663 = CARTESIAN_POINT ( 'NONE',  ( -3.545951877715329825, 0.07768036026360160273, -1.000000000000000000 ) ) ;
#1664 = ORIENTED_EDGE ( 'NONE', *, *, #3658, .T. ) ;
#1665 = DIRECTION ( 'NONE',  ( -1.000000000000000000, 0.000000000000000000, 0.000000000000000000 ) ) ;
#1666 = ORIENTED_EDGE ( 'NONE', *, *, #699, .F. ) ;
#1667 = CYLINDRICAL_SURFACE ( 'NONE', #3395, 0.1963495408493620142 ) ;
#1668 = FACE_OUTER_BOUND ( 'NONE', #1579, .T. ) ;
#1669 = ORIENTED_EDGE ( 'NONE', *, *, #687, .T. ) ;
#1670 = ORIENTED_EDGE ( 'NONE', *, *, #1372, .T. ) ;
#1671 = ORIENTED_EDGE ( 'NONE', *, *, #1302, .T. ) ;
#1672 = VERTEX_POINT ( 'NONE', #3047 ) ;
#1673 = CARTESIAN_POINT ( 'NONE',  ( -3.246046332586541183, -0.4594410361108431373, -1.000000000000000000 ) ) ;
#1674 = CARTESIAN_POINT ( 'NONE',  ( 2.863122998320095203, 1.237243793775572032, -7.000000000000000000 ) ) ;
#1675 = DIRECTION ( 'NONE',  ( 0.000000000000000000, 0.000000000000000000, -1.000000000000000000 ) ) ;
#1676 = EDGE_CURVE ( 'NONE', #693, #3076, #98, .T. ) ;
#1677 = EDGE_CURVE ( 'NONE', #1487, #2581, #2443, .T. ) ;
#1678 = DIRECTION ( 'NONE',  ( 0.000000000000000000, 0.000000000000000000, 1.000000000000000000 ) ) ;
#1679 = DIRECTION ( 'NONE',  ( 0.000000000000000000, 0.000000000000000000, 1.000000000000000000 ) ) ;
#1680 = EDGE_CURVE ( 'NONE', #3562, #955, #383, .T. ) ;
#1681 = EDGE_CURVE ( 'NONE', #1487, #3267, #3647, .T. ) ;
#1682 = DIRECTION ( 'NONE',  ( 0.000000000000000000, 0.000000000000000000, 1.000000000000000000 ) ) ;
#1683 = ORIENTED_EDGE ( 'NONE', *, *, #3002, .T. ) ;
#1684 =( NAMED_UNIT ( * ) PLANE_ANGLE_UNIT ( ) SI_UNIT ( $, .RADIAN. ) );
#1685 = CARTESIAN_POINT ( 'NONE',  ( 1.840249104221044929, -3.032044226566819933, -1.000000000000000000 ) ) ;
#1686 = ORIENTED_EDGE ( 'NONE', *, *, #2808, .T. ) ;
#1687 = ORIENTED_EDGE ( 'NONE', *, *, #2428, .F. ) ;
#1688 = DIRECTION ( 'NONE',  ( 0.000000000000000000, 0.000000000000000000, 1.000000000000000000 ) ) ;
#1689 = PLANE ( 'NONE',  #2217 ) ;
#1690 = ORIENTED_EDGE ( 'NONE', *, *, #1495, .T. ) ;
#1691 = ORIENTED_EDGE ( 'NONE', *, *, #2504, .T. ) ;
#1692 = ORIENTED_EDGE ( 'NONE', *, *, #459, .F. ) ;
#1693 = CARTESIAN_POINT ( 'NONE',  ( -3.946402564645500544, 1.577468477574775152, -7.000000000000000000 ) ) ;
#1694 = DIRECTION ( 'NONE',  ( 1.000000000000000000, 0.000000000000000000, 0.000000000000000000 ) ) ;
#1695 = DIRECTION ( 'NONE',  ( -1.000000000000000000, 0.000000000000000000, 0.000000000000000000 ) ) ;
#1696 = CARTESIAN_POINT ( 'NONE',  ( 3.118825397134030286, -0.03425858924962450064, -9.719499999999998252 ) ) ;
#1697 = DIRECTION ( 'NONE',  ( 0.000000000000000000, 0.000000000000000000, 1.000000000000000000 ) ) ;
#1698 = PRODUCT_RELATED_PRODUCT_CATEGORY ( 'part', '', ( #852 ) ) ;
#1699 = CARTESIAN_POINT ( 'NONE',  ( -2.314977172283870122, 2.687134095881360096, -9.719499999999998252 ) ) ;
#1700 = ORIENTED_EDGE ( 'NONE', *, *, #1750, .F. ) ;
#1701 = LINE ( 'NONE', #2891, #3762 ) ;
#1702 = DIRECTION ( 'NONE',  ( 1.000000000000000000, 0.000000000000000000, 0.000000000000000000 ) ) ;
#1703 = ORIENTED_EDGE ( 'NONE', *, *, #3071, .F. ) ;
#1704 = CARTESIAN_POINT ( 'NONE',  ( 0.7962284048838053074, -3.180239485670429911, -9.719499999999998252 ) ) ;
#1705 = CARTESIAN_POINT ( 'NONE',  ( -2.719767133967970096, 3.265787307368670067, -7.000000000000000000 ) ) ;
#1706 = EDGE_LOOP ( 'NONE', ( #2007, #3353, #2056, #1993 ) ) ;
#1707 = VERTEX_POINT ( 'NONE', #1517 ) ;
#1708 = AXIS2_PLACEMENT_3D ( 'NONE', #1003, #67, #2801 ) ;
#1709 = ORIENTED_EDGE ( 'NONE', *, *, #2660, .T. ) ;
#1710 = ADVANCED_FACE ( 'NONE', ( #918 ), #677, .T. ) ;
#1711 = FACE_OUTER_BOUND ( 'NONE', #3347, .T. ) ;
#1712 = FACE_OUTER_BOUND ( 'NONE', #260, .T. ) ;
#1713 = VECTOR ( 'NONE', #1232, 1000.000000000000000 ) ;
#1714 = AXIS2_PLACEMENT_3D ( 'NONE', #3711, #3489, #455 ) ;
#1715 = VECTOR ( 'NONE', #1862, 1000.000000000000227 ) ;
#1716 = AXIS2_PLACEMENT_3D ( 'NONE', #312, #2076, #2667 ) ;
#1717 = CARTESIAN_POINT ( 'NONE',  ( 4.119919448517789462, -1.043438420659080101, -7.000000000000000000 ) ) ;
#1718 = DIRECTION ( 'NONE',  ( 1.000000000000000000, 0.000000000000000000, 0.000000000000000000 ) ) ;
#1719 = ORIENTED_EDGE ( 'NONE', *, *, #167, .T. ) ;
#1720 = CARTESIAN_POINT ( 'NONE',  ( -0.3260060259626934021, -3.101740145280431182, -1.000000000000000000 ) ) ;
#1721 = AXIS2_PLACEMENT_3D ( 'NONE', #744, #1590, #2785 ) ;
#1722 = CIRCLE ( 'NONE', #857, 4.249999999998978595 ) ;
#1723 = CARTESIAN_POINT ( 'NONE',  ( 2.823075960151754771, -2.147102950642279851, -1.000000000000000000 ) ) ;
#1724 = CIRCLE ( 'NONE', #2097, 1.973045005897158699 ) ;
#1725 = ORIENTED_EDGE ( 'NONE', *, *, #2983, .F. ) ;
#1726 = ADVANCED_FACE ( 'NONE', ( #2426 ), #2117, .T. ) ;
#1727 = DIRECTION ( 'NONE',  ( -1.000000000000000000, 0.000000000000000000, 0.000000000000000000 ) ) ;
#1728 = EDGE_CURVE ( 'NONE', #452, #1390, #2968, .T. ) ;
#1729 = DIRECTION ( 'NONE',  ( -1.000000000000000000, 0.000000000000000000, 0.000000000000000000 ) ) ;
#1730 = ORIENTED_EDGE ( 'NONE', *, *, #1075, .T. ) ;
#1731 = EDGE_LOOP ( 'NONE', ( #1866, #2109, #1860, #3466 ) ) ;
#1732 = EDGE_CURVE ( 'NONE', #1955, #3548, #2528, .T. ) ;
#1733 = ORIENTED_EDGE ( 'NONE', *, *, #2122, .F. ) ;
#1734 = CARTESIAN_POINT ( 'NONE',  ( -1.529743889979035876, -2.718111318510968655, -1.000000000000000000 ) ) ;
#1735 = CARTESIAN_POINT ( 'NONE',  ( -1.687256277579699981, -2.853896419658300321, -7.000000000000000000 ) ) ;
#1736 = DIRECTION ( 'NONE',  ( -1.000000000000000000, 0.000000000000000000, 0.000000000000000000 ) ) ;
#1737 = FACE_OUTER_BOUND ( 'NONE', #1316, .T. ) ;
#1738 = EDGE_CURVE ( 'NONE', #3064, #2287, #1661, .T. ) ;
#1739 = VERTEX_POINT ( 'NONE', #2986 ) ;
#1740 = DIRECTION ( 'NONE',  ( 1.000000000000000000, 0.000000000000000000, 0.000000000000000000 ) ) ;
#1741 = CARTESIAN_POINT ( 'NONE',  ( 0.000000000000000000, 0.000000000000000000, -7.000000000000000000 ) ) ;
#1742 = ORIENTED_EDGE ( 'NONE', *, *, #167, .F. ) ;
#1743 = ORIENTED_EDGE ( 'NONE', *, *, #1042, .F. ) ;
#1744 = CARTESIAN_POINT ( 'NONE',  ( 0.000000000000000000, 0.000000000000000000, -7.000000000000000000 ) ) ;
#1745 = CARTESIAN_POINT ( 'NONE',  ( 0.9963519047475365431, -2.955592730849698757, -1.000000000000000000 ) ) ;
#1746 = ORIENTED_EDGE ( 'NONE', *, *, #2928, .T. ) ;
#1747 = ORIENTED_EDGE ( 'NONE', *, *, #1877, .F. ) ;
#1748 = PLANE ( 'NONE',  #1596 ) ;
#1749 = CARTESIAN_POINT ( 'NONE',  ( 1.899999999999999911, 2.326828918379971365E-16, 11.00000000000000000 ) ) ;
#1750 = EDGE_CURVE ( 'NONE', #413, #1474, #367, .T. ) ;
#1751 = FACE_OUTER_BOUND ( 'NONE', #803, .T. ) ;
#1752 = CYLINDRICAL_SURFACE ( 'NONE', #2838, 0.1963495408493620142 ) ;
#1753 = ORIENTED_EDGE ( 'NONE', *, *, #3004, .T. ) ;
#1754 = DIRECTION ( 'NONE',  ( 0.000000000000000000, 0.000000000000000000, 1.000000000000000000 ) ) ;
#1755 = CARTESIAN_POINT ( 'NONE',  ( -0.2919351088493960522, -3.105321142968426429, -1.000000000000000000 ) ) ;
#1756 = ORIENTED_EDGE ( 'NONE', *, *, #531, .F. ) ;
#1757 = CARTESIAN_POINT ( 'NONE',  ( 0.000000000000000000, 0.000000000000000000, -9.719499999999998252 ) ) ;
#1758 = CARTESIAN_POINT ( 'NONE',  ( -1.021880978632973891, -3.396405191220809971, -1.000000000000000000 ) ) ;
#1759 = ORIENTED_EDGE ( 'NONE', *, *, #1472, .F. ) ;
#1760 = EDGE_LOOP ( 'NONE', ( #1235, #513, #393, #1429 ) ) ;
#1761 = CARTESIAN_POINT ( 'NONE',  ( 2.020910775106314894, -2.581438067825824856, -9.719499999999998252 ) ) ;
#1762 = EDGE_CURVE ( 'NONE', #987, #3132, #3435, .T. ) ;
#1763 = LINE ( 'NONE', #308, #1531 ) ;
#1764 = ORIENTED_EDGE ( 'NONE', *, *, #1251, .F. ) ;
#1765 = CIRCLE ( 'NONE', #1714, 0.1963495408493628747 ) ;
#1766 = EDGE_LOOP ( 'NONE', ( #1100, #5, #869, #264 ) ) ;
#1767 = EDGE_CURVE ( 'NONE', #3631, #932, #425, .T. ) ;
#1768 = DIRECTION ( 'NONE',  ( -1.000000000000000000, 0.000000000000000000, 0.000000000000000000 ) ) ;
#1769 = FACE_OUTER_BOUND ( 'NONE', #217, .T. ) ;
#1770 = AXIS2_PLACEMENT_3D ( 'NONE', #258, #1140, #1446 ) ;
#1771 = CARTESIAN_POINT ( 'NONE',  ( -2.661896170629215241, -1.976326718222495504, -7.000000000000000000 ) ) ;
#1772 = VECTOR ( 'NONE', #3305, 1000.000000000000000 ) ;
#1773 = AXIS2_PLACEMENT_3D ( 'NONE', #998, #3594, #3309 ) ;
#1774 = AXIS2_PLACEMENT_3D ( 'NONE', #1989, #3441, #1942 ) ;
#1775 = ORIENTED_EDGE ( 'NONE', *, *, #2759, .T. ) ;
#1776 = CARTESIAN_POINT ( 'NONE',  ( -2.963603903834345132, 3.046235693632469932, -7.000000000000000000 ) ) ;
#1777 = DIRECTION ( 'NONE',  ( -1.000000000000000000, 0.000000000000000000, 0.000000000000000000 ) ) ;
#1778 = VECTOR ( 'NONE', #3391, 1000.000000000000000 ) ;
#1779 = VECTOR ( 'NONE', #1346, 1000.000000000000000 ) ;
#1780 = ORIENTED_EDGE ( 'NONE', *, *, #216, .T. ) ;
#1781 = VECTOR ( 'NONE', #192, 1000.000000000000000 ) ;
#1782 = VECTOR ( 'NONE', #1845, 1000.000000000000000 ) ;
#1783 = CARTESIAN_POINT ( 'NONE',  ( -2.963603903835096975, -3.046235693633160047, -9.719499999999998252 ) ) ;
#1784 = DIRECTION ( 'NONE',  ( 0.000000000000000000, 0.000000000000000000, 1.000000000000000000 ) ) ;
#1785 = VECTOR ( 'NONE', #3123, 1000.000000000000000 ) ;
#1786 = AXIS2_PLACEMENT_3D ( 'NONE', #1434, #2327, #834 ) ;
#1787 = ORIENTED_EDGE ( 'NONE', *, *, #40, .T. ) ;
#1788 = AXIS2_PLACEMENT_3D ( 'NONE', #888, #3560, #649 ) ;
#1789 = DIRECTION ( 'NONE',  ( 0.000000000000000000, 0.000000000000000000, 1.000000000000000000 ) ) ;
#1790 = FACE_OUTER_BOUND ( 'NONE', #3446, .T. ) ;
#1791 = ORIENTED_EDGE ( 'NONE', *, *, #2942, .F. ) ;
#1792 = LINE ( 'NONE', #2643, #3017 ) ;
#1793 = DIRECTION ( 'NONE',  ( 0.000000000000000000, 0.000000000000000000, -1.000000000000000000 ) ) ;
#1794 = CYLINDRICAL_SURFACE ( 'NONE', #3028, 0.1963495408493620142 ) ;
#1795 = EDGE_CURVE ( 'NONE', #2996, #3415, #165, .T. ) ;
#1796 = CARTESIAN_POINT ( 'NONE',  ( 3.079589269441307398, -1.124292128631909637, -9.719499999999998252 ) ) ;
#1797 = VERTEX_POINT ( 'NONE', #191 ) ;
#1798 = DIRECTION ( 'NONE',  ( 1.000000000000000000, 0.000000000000000000, 0.000000000000000000 ) ) ;
#1799 = LINE ( 'NONE', #550, #2981 ) ;
#1800 = ADVANCED_FACE ( 'NONE', ( #2545 ), #3390, .T. ) ;
#1801 = ORIENTED_EDGE ( 'NONE', *, *, #2945, .T. ) ;
#1802 = LINE ( 'NONE', #3821, #3524 ) ;
#1803 = LINE ( 'NONE', #38, #2593 ) ;
#1804 = ORIENTED_EDGE ( 'NONE', *, *, #2805, .F. ) ;
#1805 = AXIS2_PLACEMENT_3D ( 'NONE', #1123, #234, #1638 ) ;
#1806 = CARTESIAN_POINT ( 'NONE',  ( -1.169637804266636216, -3.348396088319579800, -9.719499999999998252 ) ) ;
#1807 = LINE ( 'NONE', #1237, #107 ) ;
#1808 = ORIENTED_EDGE ( 'NONE', *, *, #2704, .F. ) ;
#1809 = CARTESIAN_POINT ( 'NONE',  ( 3.532190061753490262, 2.363500236435895019, -7.000000000000000000 ) ) ;
#1810 = CARTESIAN_POINT ( 'NONE',  ( -2.543319442294909916, -1.805483792004330068, -7.000000000000000000 ) ) ;
#1811 = DIRECTION ( 'NONE',  ( 1.000000000000000000, 0.000000000000000000, 0.000000000000000000 ) ) ;
#1812 = DIRECTION ( 'NONE',  ( -1.000000000000000000, 0.000000000000000000, 0.000000000000000000 ) ) ;
#1813 = EDGE_CURVE ( 'NONE', #24, #1838, #2232, .T. ) ;
#1814 = VERTEX_POINT ( 'NONE', #1673 ) ;
#1815 = CARTESIAN_POINT ( 'NONE',  ( 0.2933980814763980094, -3.534646590994565241, -1.000000000000000000 ) ) ;
#1816 = DIRECTION ( 'NONE',  ( 0.000000000000000000, 0.000000000000000000, -1.000000000000000000 ) ) ;
#1817 = ORIENTED_EDGE ( 'NONE', *, *, #1008, .T. ) ;
#1818 = FACE_OUTER_BOUND ( 'NONE', #813, .T. ) ;
#1819 = CARTESIAN_POINT ( 'NONE',  ( -2.314977172283904761, -2.687134095881329898, -7.000000000000000000 ) ) ;
#1820 = ORIENTED_EDGE ( 'NONE', *, *, #380, .F. ) ;
#1821 = EDGE_CURVE ( 'NONE', #2035, #2401, #3168, .T. ) ;
#1822 = CARTESIAN_POINT ( 'NONE',  ( -1.021880978632927928, 3.396405191220819741, -1.000000000000000000 ) ) ;
#1823 = DIRECTION ( 'NONE',  ( 0.000000000000000000, 0.000000000000000000, 1.000000000000000000 ) ) ;
#1824 = DIRECTION ( 'NONE',  ( 0.000000000000000000, 0.000000000000000000, 1.000000000000000000 ) ) ;
#1825 = CIRCLE ( 'NONE', #1206, 1.899999999999999911 ) ;
#1826 = CYLINDRICAL_SURFACE ( 'NONE', #3095, 1.973045005896729709 ) ;
#1827 = FACE_OUTER_BOUND ( 'NONE', #820, .T. ) ;
#1828 = AXIS2_PLACEMENT_3D ( 'NONE', #1543, #952, #645 ) ;
#1829 = CIRCLE ( 'NONE', #170, 1.973045005896733262 ) ;
#1830 = VERTEX_POINT ( 'NONE', #1960 ) ;
#1831 = DIRECTION ( 'NONE',  ( 0.000000000000000000, 0.000000000000000000, 1.000000000000000000 ) ) ;
#1832 = VECTOR ( 'NONE', #2427, 1000.000000000000000 ) ;
#1833 = STYLED_ITEM ( 'NONE', ( #2873 ), #929 ) ;
#1834 = DIRECTION ( 'NONE',  ( 1.000000000000000000, 0.000000000000000000, 0.000000000000000000 ) ) ;
#1835 = EDGE_CURVE ( 'NONE', #158, #2029, #1338, .T. ) ;
#1836 = AXIS2_PLACEMENT_3D ( 'NONE', #3275, #1273, #945 ) ;
#1837 = ORIENTED_EDGE ( 'NONE', *, *, #2552, .F. ) ;
#1838 = VERTEX_POINT ( 'NONE', #1597 ) ;
#1839 = CIRCLE ( 'NONE', #303, 1.973045005897155590 ) ;
#1840 = DIRECTION ( 'NONE',  ( 0.000000000000000000, 0.000000000000000000, 1.000000000000000000 ) ) ;
#1841 = AXIS2_PLACEMENT_3D ( 'NONE', #3749, #2541, #1371 ) ;
#1842 = DIRECTION ( 'NONE',  ( 0.000000000000000000, 0.000000000000000000, -1.000000000000000000 ) ) ;
#1843 = AXIS2_PLACEMENT_3D ( 'NONE', #2488, #2584, #1115 ) ;
#1844 = EDGE_CURVE ( 'NONE', #403, #3701, #3141, .T. ) ;
#1845 = DIRECTION ( 'NONE',  ( 0.000000000000000000, 0.000000000000000000, 1.000000000000000000 ) ) ;
#1846 = DIRECTION ( 'NONE',  ( -0.000000000000000000, -0.000000000000000000, 1.000000000000000000 ) ) ;
#1847 = EDGE_CURVE ( 'NONE', #3467, #1081, #1537, .T. ) ;
#1848 = CARTESIAN_POINT ( 'NONE',  ( -3.152282387150849630, 0.9005657169910937787, -9.719499999999998252 ) ) ;
#1849 = CARTESIAN_POINT ( 'NONE',  ( -3.000000000000000444, 3.673940397442060361E-16, -21.00000000000000000 ) ) ;
#1850 = VERTEX_POINT ( 'NONE', #1651 ) ;
#1851 = EDGE_LOOP ( 'NONE', ( #1709, #3775, #3046, #2480 ) ) ;
#1852 = DIRECTION ( 'NONE',  ( 1.000000000000000000, 0.000000000000000000, 0.000000000000000000 ) ) ;
#1853 = CARTESIAN_POINT ( 'NONE',  ( -3.043548818098384512, 0.6819502185625729851, -7.000000000000000000 ) ) ;
#1854 = VERTEX_POINT ( 'NONE', #2866 ) ;
#1855 = ORIENTED_EDGE ( 'NONE', *, *, #2939, .T. ) ;
#1856 = CARTESIAN_POINT ( 'NONE',  ( -2.661896170629185043, 1.976326718222530143, -7.000000000000000000 ) ) ;
#1857 = EDGE_CURVE ( 'NONE', #3826, #2512, #1722, .T. ) ;
#1858 = CARTESIAN_POINT ( 'NONE',  ( 3.079589269441419308, 1.124292128631311227, -9.719499999999998252 ) ) ;
#1859 = ORIENTED_EDGE ( 'NONE', *, *, #3567, .T. ) ;
#1860 = ORIENTED_EDGE ( 'NONE', *, *, #1795, .F. ) ;
#1861 = CARTESIAN_POINT ( 'NONE',  ( 0.000000000000000000, 0.000000000000000000, 6.000000000000000000 ) ) ;
#1862 = DIRECTION ( 'NONE',  ( -0.8660254037844344888, 0.5000000000000071054, 0.000000000000000000 ) ) ;
#1863 = EDGE_CURVE ( 'NONE', #3181, #2181, #2033, .T. ) ;
#1864 = CYLINDRICAL_SURFACE ( 'NONE', #1957, 0.1963495408493620142 ) ;
#1865 = CARTESIAN_POINT ( 'NONE',  ( -4.246832370087664899, 0.1640573691068734907, -7.000000000000000000 ) ) ;
#1866 = ORIENTED_EDGE ( 'NONE', *, *, #3300, .T. ) ;
#1867 = VERTEX_POINT ( 'NONE', #711 ) ;
#1868 = DIRECTION ( 'NONE',  ( 0.000000000000000000, 0.000000000000000000, 1.000000000000000000 ) ) ;
#1869 = FACE_OUTER_BOUND ( 'NONE', #572, .T. ) ;
#1870 = CARTESIAN_POINT ( 'NONE',  ( 0.000000000000000000, 0.000000000000000000, 6.000000000000000000 ) ) ;
#1871 = ORIENTED_EDGE ( 'NONE', *, *, #575, .T. ) ;
#1872 = EDGE_LOOP ( 'NONE', ( #434, #1978, #3683, #1670 ) ) ;
#1873 = CARTESIAN_POINT ( 'NONE',  ( 2.112360622440739633, 2.294815484850012410, -9.719499999999998252 ) ) ;
#1874 = EDGE_CURVE ( 'NONE', #859, #684, #1902, .T. ) ;
#1875 = CARTESIAN_POINT ( 'NONE',  ( -1.021880978632973891, -3.396405191220809971, -9.719499999999998252 ) ) ;
#1876 = ORIENTED_EDGE ( 'NONE', *, *, #1, .T. ) ;
#1877 = EDGE_CURVE ( 'NONE', #647, #3509, #2250, .T. ) ;
#1878 = LINE ( 'NONE', #2824, #1349 ) ;
#1879 = CARTESIAN_POINT ( 'NONE',  ( -4.246832370088680975, 0.1640573691069161788, -9.719499999999998252 ) ) ;
#1880 = ADVANCED_FACE ( 'NONE', ( #3418 ), #3454, .T. ) ;
#1881 = CARTESIAN_POINT ( 'NONE',  ( 1.840249104221085119, 3.032044226566794620, -9.719499999999998252 ) ) ;
#1882 = DIRECTION ( 'NONE',  ( 1.000000000000000000, 0.000000000000000000, 0.000000000000000000 ) ) ;
#1883 = EDGE_CURVE ( 'NONE', #2651, #1106, #1878, .T. ) ;
#1884 = ORIENTED_EDGE ( 'NONE', *, *, #2010, .F. ) ;
#1885 = AXIS2_PLACEMENT_3D ( 'NONE', #1202, #1501, #2388 ) ;
#1886 = ORIENTED_EDGE ( 'NONE', *, *, #626, .F. ) ;
#1887 = DIRECTION ( 'NONE',  ( -0.9510565162951458706, -0.3090169943749707659, 0.000000000000000000 ) ) ;
#1888 = CARTESIAN_POINT ( 'NONE',  ( -0.2919351088493812307, -3.105321142968427761, -9.719499999999998252 ) ) ;
#1889 = VECTOR ( 'NONE', #2279, 1000.000000000000000 ) ;
#1890 = AXIS2_PLACEMENT_3D ( 'NONE', #887, #1215, #590 ) ;
#1891 = DIRECTION ( 'NONE',  ( 1.000000000000000000, 0.000000000000000000, 0.000000000000000000 ) ) ;
#1892 = ORIENTED_EDGE ( 'NONE', *, *, #1969, .F. ) ;
#1893 = ORIENTED_EDGE ( 'NONE', *, *, #1445, .F. ) ;
#1894 = VECTOR ( 'NONE', #642, 1000.000000000000000 ) ;
#1895 = AXIS2_PLACEMENT_3D ( 'NONE', #90, #114, #1288 ) ;
#1896 = CARTESIAN_POINT ( 'NONE',  ( 1.057027249707708005, -3.142332241146045035, -9.719499999999998252 ) ) ;
#1897 = PLANE ( 'NONE',  #3289 ) ;
#1898 = VECTOR ( 'NONE', #3437, 1000.000000000000000 ) ;
#1899 = CIRCLE ( 'NONE', #1593, 0.1963495408493637351 ) ;
#1900 = ORIENTED_EDGE ( 'NONE', *, *, #1568, .F. ) ;
#1901 = AXIS2_PLACEMENT_3D ( 'NONE', #815, #3791, #1995 ) ;
#1902 = CIRCLE ( 'NONE', #2403, 1.973045005897299697 ) ;
#1903 = CARTESIAN_POINT ( 'NONE',  ( 2.020910775106314894, -2.581438067825824856, -7.000000000000000000 ) ) ;
#1904 = CARTESIAN_POINT ( 'NONE',  ( -1.729456388963985125, -2.602807253461474790, -7.000000000000000000 ) ) ;
#1905 = LINE ( 'NONE', #2827, #1037 ) ;
#1906 = CARTESIAN_POINT ( 'NONE',  ( 2.265494034368198850, -3.595836033558184486, -9.719499999999998252 ) ) ;
#1907 = EDGE_CURVE ( 'NONE', #2206, #1409, #2782, .T. ) ;
#1908 = VERTEX_POINT ( 'NONE', #125 ) ;
#1909 = ORIENTED_EDGE ( 'NONE', *, *, #2044, .F. ) ;
#1910 = CARTESIAN_POINT ( 'NONE',  ( -4.246832370088661435, 0.1640573691067594986, -1.000000000000000000 ) ) ;
#1911 = DIRECTION ( 'NONE',  ( 0.000000000000000000, 0.000000000000000000, 1.000000000000000000 ) ) ;
#1912 = FACE_OUTER_BOUND ( 'NONE', #581, .T. ) ;
#1913 = CARTESIAN_POINT ( 'NONE',  ( 4.119919448518960969, 1.043438420658610699, -1.000000000000000000 ) ) ;
#1914 = ORIENTED_EDGE ( 'NONE', *, *, #2236, .F. ) ;
#1915 = VERTEX_POINT ( 'NONE', #1920 ) ;
#1916 = CARTESIAN_POINT ( 'NONE',  ( 2.243744109767524808, -2.440731630117105144, -7.000000000000000000 ) ) ;
#1917 = DIRECTION ( 'NONE',  ( -1.000000000000000000, 0.000000000000000000, 0.000000000000000000 ) ) ;
#1918 = VERTEX_POINT ( 'NONE', #1299 ) ;
#1919 = EDGE_CURVE ( 'NONE', #2996, #247, #2910, .T. ) ;
#1920 = CARTESIAN_POINT ( 'NONE',  ( 1.149999999999999911, 1.408343819019456028E-16, 11.00000000000000000 ) ) ;
#1921 = LINE ( 'NONE', #3169, #103 ) ;
#1922 = AXIS2_PLACEMENT_3D ( 'NONE', #3686, #134, #3367 ) ;
#1923 = CARTESIAN_POINT ( 'NONE',  ( 2.849188774732202667, 1.268540572369788899, -1.000000000000000000 ) ) ;
#1924 = DIRECTION ( 'NONE',  ( 0.000000000000000000, 0.000000000000000000, 1.000000000000000000 ) ) ;
#1925 = ORIENTED_EDGE ( 'NONE', *, *, #2597, .F. ) ;
#1926 = CARTESIAN_POINT ( 'NONE',  ( -2.778539377712864855, -1.740006260178434960, -7.000000000000000000 ) ) ;
#1927 = CARTESIAN_POINT ( 'NONE',  ( 2.835254551144262170, 1.299837350964107907, -1.000000000000000000 ) ) ;
#1928 =( NAMED_UNIT ( * ) PLANE_ANGLE_UNIT ( ) SI_UNIT ( $, .RADIAN. ) );
#1929 = ORIENTED_EDGE ( 'NONE', *, *, #660, .T. ) ;
#1930 = ORIENTED_EDGE ( 'NONE', *, *, #2808, .F. ) ;
#1931 = ADVANCED_FACE ( 'NONE', ( #306 ), #3185, .T. ) ;
#1932 = CARTESIAN_POINT ( 'NONE',  ( -1.627918660403679940, 2.888155008907944854, -1.000000000000000000 ) ) ;
#1933 = DIRECTION ( 'NONE',  ( -0.000000000000000000, -0.000000000000000000, 1.000000000000000000 ) ) ;
#1934 = EDGE_LOOP ( 'NONE', ( #1253, #341, #3447, #3517 ) ) ;
#1935 = ADVANCED_FACE ( 'NONE', ( #3810 ), #3778, .F. ) ;
#1936 = DIRECTION ( 'NONE',  ( 1.000000000000000000, 0.000000000000000000, 0.000000000000000000 ) ) ;
#1937 = DIRECTION ( 'NONE',  ( 0.000000000000000000, 0.000000000000000000, -1.000000000000000000 ) ) ;
#1938 = CARTESIAN_POINT ( 'NONE',  ( 3.484614976550524990, 0.6612619924381989422, -9.719499999999998252 ) ) ;
#1939 = CARTESIAN_POINT ( 'NONE',  ( 2.112360622440739633, 2.294815484850010190, -7.000000000000000000 ) ) ;
#1940 = EDGE_CURVE ( 'NONE', #1830, #20, #265, .T. ) ;
#1941 = ADVANCED_FACE ( 'NONE', ( #2905 ), #248, .T. ) ;
#1942 = DIRECTION ( 'NONE',  ( 1.000000000000000000, 0.000000000000000000, 0.000000000000000000 ) ) ;
#1943 = ORIENTED_EDGE ( 'NONE', *, *, #147, .T. ) ;
#1944 = SURFACE_STYLE_FILL_AREA ( #447 ) ;
#1945 = DIRECTION ( 'NONE',  ( 1.000000000000000000, 0.000000000000000000, 0.000000000000000000 ) ) ;
#1946 = DIRECTION ( 'NONE',  ( 1.000000000000000000, 0.000000000000000000, 0.000000000000000000 ) ) ;
#1947 = CIRCLE ( 'NONE', #478, 4.249999999999488409 ) ;
#1948 = ORIENTED_EDGE ( 'NONE', *, *, #759, .F. ) ;
#1949 = ORIENTED_EDGE ( 'NONE', *, *, #2005, .F. ) ;
#1950 = DIRECTION ( 'NONE',  ( 0.5877852522924567058, 0.8090169943749593306, 0.000000000000000000 ) ) ;
#1951 = VECTOR ( 'NONE', #3093, 1000.000000000000114 ) ;
#1952 = DIRECTION ( 'NONE',  ( 0.000000000000000000, 0.000000000000000000, 1.000000000000000000 ) ) ;
#1953 = ADVANCED_FACE ( 'NONE', ( #3244, #860 ), #1748, .T. ) ;
#1954 = VECTOR ( 'NONE', #3608, 1000.000000000000000 ) ;
#1955 = VERTEX_POINT ( 'NONE', #2000 ) ;
#1956 = VERTEX_POINT ( 'NONE', #3495 ) ;
#1957 = AXIS2_PLACEMENT_3D ( 'NONE', #697, #2430, #1574 ) ;
#1958 = ORIENTED_EDGE ( 'NONE', *, *, #1728, .T. ) ;
#1959 = ORIENTED_EDGE ( 'NONE', *, *, #2597, .T. ) ;
#1960 = CARTESIAN_POINT ( 'NONE',  ( 2.061442435782685489, -2.340662426045236444, -1.000000000000000000 ) ) ;
#1961 = CIRCLE ( 'NONE', #3089, 1.973045005896729709 ) ;
#1962 = FACE_OUTER_BOUND ( 'NONE', #206, .T. ) ;
#1963 = AXIS2_PLACEMENT_3D ( 'NONE', #2234, #129, #1362 ) ;
#1964 = AXIS2_PLACEMENT_3D ( 'NONE', #2043, #3779, #2001 ) ;
#1965 = CYLINDRICAL_SURFACE ( 'NONE', #2521, 3.000000000000000444 ) ;
#1966 = CIRCLE ( 'NONE', #2715, 0.1963495408493598215 ) ;
#1967 = CARTESIAN_POINT ( 'NONE',  ( -3.812946277480765200, 1.877216206255485131, -7.000000000000000000 ) ) ;
#1968 = DIRECTION ( 'NONE',  ( 0.000000000000000000, 0.000000000000000000, 1.000000000000000000 ) ) ;
#1969 = EDGE_CURVE ( 'NONE', #2071, #1375, #2592, .T. ) ;
#1970 = VECTOR ( 'NONE', #2882, 1000.000000000000000 ) ;
#1971 = VECTOR ( 'NONE', #663, 1000.000000000000000 ) ;
#1972 = ORIENTED_EDGE ( 'NONE', *, *, #2335, .T. ) ;
#1973 = CARTESIAN_POINT ( 'NONE',  ( 1.225135557480209192, -3.040879103936691585, -9.719499999999998252 ) ) ;
#1974 = ORIENTED_EDGE ( 'NONE', *, *, #3084, .T. ) ;
#1975 = DIRECTION ( 'NONE',  ( 1.000000000000000000, 0.000000000000000000, 0.000000000000000000 ) ) ;
#1976 = EDGE_CURVE ( 'NONE', #158, #1460, #1108, .T. ) ;
#1977 = DIRECTION ( 'NONE',  ( -1.000000000000000000, 0.000000000000000000, 0.000000000000000000 ) ) ;
#1978 = ORIENTED_EDGE ( 'NONE', *, *, #985, .T. ) ;
#1979 = ORIENTED_EDGE ( 'NONE', *, *, #3801, .F. ) ;
#1980 = ADVANCED_FACE ( 'NONE', ( #1711 ), #2607, .F. ) ;
#1981 = ORIENTED_EDGE ( 'NONE', *, *, #3736, .T. ) ;
#1982 = CARTESIAN_POINT ( 'NONE',  ( 0.2933980814764465261, 3.534646590994565241, -1.000000000000000000 ) ) ;
#1983 = DIRECTION ( 'NONE',  ( 0.000000000000000000, 0.000000000000000000, -1.000000000000000000 ) ) ;
#1984 = DIRECTION ( 'NONE',  ( 0.000000000000000000, 0.000000000000000000, 1.000000000000000000 ) ) ;
#1985 = EDGE_CURVE ( 'NONE', #1306, #1538, #2310, .T. ) ;
#1986 = CYLINDRICAL_SURFACE ( 'NONE', #3033, 0.1963495408493620142 ) ;
#1987 = DIRECTION ( 'NONE',  ( 0.000000000000000000, 0.000000000000000000, -1.000000000000000000 ) ) ;
#1988 = AXIS2_PLACEMENT_3D ( 'NONE', #811, #3177, #2815 ) ;
#1989 = CARTESIAN_POINT ( 'NONE',  ( 0.000000000000000000, 0.000000000000000000, -1.000000000000000000 ) ) ;
#1990 = ORIENTED_EDGE ( 'NONE', *, *, #521, .F. ) ;
#1991 = LINE ( 'NONE', #3195, #2520 ) ;
#1992 = DIRECTION ( 'NONE',  ( -0.000000000000000000, -0.000000000000000000, 1.000000000000000000 ) ) ;
#1993 = ORIENTED_EDGE ( 'NONE', *, *, #1433, .F. ) ;
#1994 = CARTESIAN_POINT ( 'NONE',  ( -2.638594113175289912, -1.674349457525735163, -7.000000000000000000 ) ) ;
#1995 = DIRECTION ( 'NONE',  ( -1.000000000000000000, 0.000000000000000000, 0.000000000000000000 ) ) ;
#1996 = ORIENTED_EDGE ( 'NONE', *, *, #2207, .F. ) ;
#1997 = ORIENTED_EDGE ( 'NONE', *, *, #864, .F. ) ;
#1998 = ORIENTED_EDGE ( 'NONE', *, *, #2565, .F. ) ;
#1999 = VERTEX_POINT ( 'NONE', #2940 ) ;
#2000 = CARTESIAN_POINT ( 'NONE',  ( 1.225135557480210746, -3.040879103936689365, -1.000000000000000000 ) ) ;
#2001 = DIRECTION ( 'NONE',  ( 1.000000000000000000, 0.000000000000000000, 0.000000000000000000 ) ) ;
#2002 = ADVANCED_FACE ( 'NONE', ( #3511 ), #2057, .T. ) ;
#2003 = LINE ( 'NONE', #1717, #2645 ) ;
#2004 = CARTESIAN_POINT ( 'NONE',  ( 1.981338335720387311, 3.759893402663974538, -9.719499999999998252 ) ) ;
#2005 = EDGE_CURVE ( 'NONE', #17, #1918, #3651, .T. ) ;
#2006 = CYLINDRICAL_SURFACE ( 'NONE', #2894, 0.1963495408493620142 ) ;
#2007 = ORIENTED_EDGE ( 'NONE', *, *, #1844, .T. ) ;
#2008 = DIRECTION ( 'NONE',  ( 1.000000000000000000, 0.000000000000000000, 0.000000000000000000 ) ) ;
#2009 = LINE ( 'NONE', #827, #3797 ) ;
#2010 = EDGE_CURVE ( 'NONE', #758, #3385, #3777, .T. ) ;
#2011 = VERTEX_POINT ( 'NONE', #3258 ) ;
#2012 = ORIENTED_EDGE ( 'NONE', *, *, #3676, .T. ) ;
#2013 = FACE_OUTER_BOUND ( 'NONE', #3635, .T. ) ;
#2014 = DIRECTION ( 'NONE',  ( 1.000000000000000000, 0.000000000000000000, 0.000000000000000000 ) ) ;
#2015 = CIRCLE ( 'NONE', #836, 1.149999999999999911 ) ;
#2016 = ORIENTED_EDGE ( 'NONE', *, *, #3352, .T. ) ;
#2017 = ORIENTED_EDGE ( 'NONE', *, *, #2081, .T. ) ;
#2018 = AXIS2_PLACEMENT_3D ( 'NONE', #603, #3318, #881 ) ;
#2019 = ORIENTED_EDGE ( 'NONE', *, *, #1182, .T. ) ;
#2020 = EDGE_LOOP ( 'NONE', ( #1264, #2115, #2931, #3072 ) ) ;
#2021 = CARTESIAN_POINT ( 'NONE',  ( 1.840249104221044929, -3.032044226566819933, -7.000000000000000000 ) ) ;
#2022 = CARTESIAN_POINT ( 'NONE',  ( -1.169637804266636216, -3.348396088319579800, -7.000000000000000000 ) ) ;
#2023 = CIRCLE ( 'NONE', #412, 0.1963495408492201832 ) ;
#2024 = VECTOR ( 'NONE', #1504, 1000.000000000000000 ) ;
#2025 = CIRCLE ( 'NONE', #2640, 1.973045005897159143 ) ;
#2026 = CARTESIAN_POINT ( 'NONE',  ( 0.000000000000000000, 0.000000000000000000, -7.000000000000000000 ) ) ;
#2027 = CARTESIAN_POINT ( 'NONE',  ( 2.061442435782707250, 2.340662426045219568, -9.719499999999998252 ) ) ;
#2028 = AXIS2_PLACEMENT_3D ( 'NONE', #3568, #3782, #1398 ) ;
#2029 = VERTEX_POINT ( 'NONE', #1734 ) ;
#2030 = EDGE_CURVE ( 'NONE', #1830, #2223, #2351, .T. ) ;
#2031 = CARTESIAN_POINT ( 'NONE',  ( -2.503046055244360080, -1.860915353816845474, -1.000000000000000000 ) ) ;
#2032 = CIRCLE ( 'NONE', #3535, 1.973045005896731041 ) ;
#2033 = CIRCLE ( 'NONE', #3036, 1.973045005897158255 ) ;
#2034 = DIRECTION ( 'NONE',  ( 0.000000000000000000, 0.000000000000000000, 1.000000000000000000 ) ) ;
#2035 = VERTEX_POINT ( 'NONE', #1761 ) ;
#2036 = EDGE_CURVE ( 'NONE', #1014, #1125, #805, .T. ) ;
#2037 = DIRECTION ( 'NONE',  ( 0.000000000000000000, 0.000000000000000000, 1.000000000000000000 ) ) ;
#2038 = DIRECTION ( 'NONE',  ( -0.000000000000000000, -0.000000000000000000, 1.000000000000000000 ) ) ;
#2039 = ORIENTED_EDGE ( 'NONE', *, *, #1620, .T. ) ;
#2040 = ADVANCED_FACE ( 'NONE', ( #224 ), #2699, .F. ) ;
#2041 = VERTEX_POINT ( 'NONE', #2201 ) ;
#2042 = DIRECTION ( 'NONE',  ( 0.000000000000000000, 0.000000000000000000, -1.000000000000000000 ) ) ;
#2043 = CARTESIAN_POINT ( 'NONE',  ( -1.021880978632973891, -3.396405191220809971, -7.000000000000000000 ) ) ;
#2044 = EDGE_CURVE ( 'NONE', #2879, #1449, #3166, .T. ) ;
#2045 = CARTESIAN_POINT ( 'NONE',  ( 1.057027249707747973, 3.142332241146029936, -7.000000000000000000 ) ) ;
#2046 = DIRECTION ( 'NONE',  ( 0.000000000000000000, 0.000000000000000000, 1.000000000000000000 ) ) ;
#2047 = ORIENTED_EDGE ( 'NONE', *, *, #687, .F. ) ;
#2048 = CARTESIAN_POINT ( 'NONE',  ( -2.778539377712785363, 1.740006260178603270, -1.000000000000000000 ) ) ;
#2049 = CARTESIAN_POINT ( 'NONE',  ( 2.896159312914920125, -1.536282556425515144, -7.000000000000000000 ) ) ;
#2050 = AXIS2_PLACEMENT_3D ( 'NONE', #2073, #2183, #1606 ) ;
#2051 = VERTEX_POINT ( 'NONE', #2997 ) ;
#2052 = DIRECTION ( 'NONE',  ( 1.000000000000000000, 0.000000000000000000, 0.000000000000000000 ) ) ;
#2053 = CARTESIAN_POINT ( 'NONE',  ( 0.000000000000000000, 0.000000000000000000, -7.000000000000000000 ) ) ;
#2054 = EDGE_CURVE ( 'NONE', #1068, #2731, #2095, .T. ) ;
#2055 = ORIENTED_EDGE ( 'NONE', *, *, #3282, .F. ) ;
#2056 = ORIENTED_EDGE ( 'NONE', *, *, #2642, .T. ) ;
#2057 = CYLINDRICAL_SURFACE ( 'NONE', #1786, 4.250000000000000000 ) ;
#2058 = DIRECTION ( 'NONE',  ( 0.000000000000000000, 0.000000000000000000, 1.000000000000000000 ) ) ;
#2059 = VERTEX_POINT ( 'NONE', #26 ) ;
#2060 = CARTESIAN_POINT ( 'NONE',  ( 3.339329057572906656, 2.628950635755751275, -1.000000000000000000 ) ) ;
#2061 = CARTESIAN_POINT ( 'NONE',  ( -1.169637804266592251, 3.348396088319595343, -1.000000000000000000 ) ) ;
#2062 = ORIENTED_EDGE ( 'NONE', *, *, #2363, .T. ) ;
#2063 = DIRECTION ( 'NONE',  ( 0.000000000000000000, 0.000000000000000000, 1.000000000000000000 ) ) ;
#2064 = CARTESIAN_POINT ( 'NONE',  ( 2.265494034368440435, 3.595836033556544908, -7.000000000000000000 ) ) ;
#2065 = EDGE_CURVE ( 'NONE', #2674, #1403, #719, .T. ) ;
#2066 = ORIENTED_EDGE ( 'NONE', *, *, #1847, .T. ) ;
#2067 = DIRECTION ( 'NONE',  ( 0.000000000000000000, 0.000000000000000000, -1.000000000000000000 ) ) ;
#2068 = DIRECTION ( 'NONE',  ( 1.000000000000000000, 0.000000000000000000, 0.000000000000000000 ) ) ;
#2069 = ADVANCED_FACE ( 'NONE', ( #343 ), #3096, .F. ) ;
#2070 = ORIENTED_EDGE ( 'NONE', *, *, #3539, .F. ) ;
#2071 = VERTEX_POINT ( 'NONE', #3599 ) ;
#2072 = EDGE_CURVE ( 'NONE', #3630, #3656, #2463, .T. ) ;
#2073 = CARTESIAN_POINT ( 'NONE',  ( 0.4479077197208954919, 3.518406973625700207, -9.719499999999998252 ) ) ;
#2074 = DIRECTION ( 'NONE',  ( 1.000000000000000000, 0.000000000000000000, 0.000000000000000000 ) ) ;
#2075 = LINE ( 'NONE', #1809, #3577 ) ;
#2076 = DIRECTION ( 'NONE',  ( 0.000000000000000000, 0.000000000000000000, 1.000000000000000000 ) ) ;
#2077 = ADVANCED_FACE ( 'NONE', ( #1200 ), #45, .T. ) ;
#2078 = DIRECTION ( 'NONE',  ( 0.000000000000000000, 0.000000000000000000, 1.000000000000000000 ) ) ;
#2079 = CIRCLE ( 'NONE', #3641, 0.1963495408493604877 ) ;
#2080 = CARTESIAN_POINT ( 'NONE',  ( -3.235607650385385003, -0.7227735835918119855, -7.000000000000000000 ) ) ;
#2081 = EDGE_CURVE ( 'NONE', #693, #2857, #202, .T. ) ;
#2082 = AXIS2_PLACEMENT_3D ( 'NONE', #2158, #3360, #936 ) ;
#2083 = VECTOR ( 'NONE', #1637, 1000.000000000000000 ) ;
#2084 = AXIS2_PLACEMENT_3D ( 'NONE', #1699, #3148, #1402 ) ;
#2085 = CARTESIAN_POINT ( 'NONE',  ( -3.207792781939569959, -1.513233103517074962, -7.000000000000000000 ) ) ;
#2086 = DIRECTION ( 'NONE',  ( 0.000000000000000000, 0.000000000000000000, 1.000000000000000000 ) ) ;
#2087 = VECTOR ( 'NONE', #3796, 1000.000000000000000 ) ;
#2088 = AXIS2_PLACEMENT_3D ( 'NONE', #2138, #3007, #105 ) ;
#2089 = ORIENTED_EDGE ( 'NONE', *, *, #2969, .F. ) ;
#2090 = VECTOR ( 'NONE', #2153, 1000.000000000000000 ) ;
#2091 = VECTOR ( 'NONE', #3127, 1000.000000000000000 ) ;
#2092 = FACE_OUTER_BOUND ( 'NONE', #3041, .T. ) ;
#2093 = DIRECTION ( 'NONE',  ( 0.000000000000000000, 0.000000000000000000, -1.000000000000000000 ) ) ;
#2094 = VECTOR ( 'NONE', #1296, 1000.000000000000000 ) ;
#2095 = CIRCLE ( 'NONE', #621, 1.973045005896732373 ) ;
#2096 = EDGE_LOOP ( 'NONE', ( #3263, #2267, #1029, #1373 ) ) ;
#2097 = AXIS2_PLACEMENT_3D ( 'NONE', #116, #2797, #2778 ) ;
#2098 = DIRECTION ( 'NONE',  ( -1.000000000000000000, 0.000000000000000000, 0.000000000000000000 ) ) ;
#2099 = FACE_OUTER_BOUND ( 'NONE', #3417, .T. ) ;
#2100 = VERTEX_POINT ( 'NONE', #3116 ) ;
#2101 = VERTEX_POINT ( 'NONE', #2796 ) ;
#2102 = CARTESIAN_POINT ( 'NONE',  ( 0.000000000000000000, 0.000000000000000000, -7.000000000000000000 ) ) ;
#2103 = LINE ( 'NONE', #3082, #1894 ) ;
#2104 = EDGE_CURVE ( 'NONE', #990, #2938, #3729, .T. ) ;
#2105 = ORIENTED_EDGE ( 'NONE', *, *, #598, .T. ) ;
#2106 = FACE_OUTER_BOUND ( 'NONE', #1851, .T. ) ;
#2107 = CARTESIAN_POINT ( 'NONE',  ( -0.3600769430757399525, -3.098159147592459917, -7.000000000000000000 ) ) ;
#2108 = EDGE_CURVE ( 'NONE', #3380, #1908, #1018, .T. ) ;
#2109 = ORIENTED_EDGE ( 'NONE', *, *, #855, .F. ) ;
#2110 = CARTESIAN_POINT ( 'NONE',  ( 0.000000000000000000, 0.000000000000000000, -1.000000000000000000 ) ) ;
#2111 = CYLINDRICAL_SURFACE ( 'NONE', #1662, 0.1963495408493620142 ) ;
#2112 = EDGE_LOOP ( 'NONE', ( #9, #1909, #2683, #3774 ) ) ;
#2113 = DIRECTION ( 'NONE',  ( 0.000000000000000000, 0.000000000000000000, 1.000000000000000000 ) ) ;
#2114 = EDGE_CURVE ( 'NONE', #3125, #3358, #2385, .T. ) ;
#2115 = ORIENTED_EDGE ( 'NONE', *, *, #3231, .F. ) ;
#2116 = DIRECTION ( 'NONE',  ( 0.000000000000000000, 0.000000000000000000, 1.000000000000000000 ) ) ;
#2117 = CYLINDRICAL_SURFACE ( 'NONE', #2589, 3.000000000000000444 ) ;
#2118 = CARTESIAN_POINT ( 'NONE',  ( -3.050671579314342630, -0.6484402616833607746, -1.000000000000000000 ) ) ;
#2119 = CARTESIAN_POINT ( 'NONE',  ( 3.339329057572906656, 2.628950635755751719, -9.719499999999998252 ) ) ;
#2120 = DIRECTION ( 'NONE',  ( 0.000000000000000000, 0.000000000000000000, 1.000000000000000000 ) ) ;
#2121 = CYLINDRICAL_SURFACE ( 'NONE', #3085, 1.973045005896730597 ) ;
#2122 = EDGE_CURVE ( 'NONE', #1571, #3425, #2802, .T. ) ;
#2123 = ORIENTED_EDGE ( 'NONE', *, *, #2822, .T. ) ;
#2124 = ORIENTED_EDGE ( 'NONE', *, *, #2159, .F. ) ;
#2125 = CARTESIAN_POINT ( 'NONE',  ( -3.246046332586537631, 0.4594410361110302099, -1.000000000000000000 ) ) ;
#2126 = ADVANCED_FACE ( 'NONE', ( #1869 ), #1476, .T. ) ;
#2127 = DIRECTION ( 'NONE',  ( -0.000000000000000000, -0.000000000000000000, 1.000000000000000000 ) ) ;
#2128 = ORIENTED_EDGE ( 'NONE', *, *, #2054, .T. ) ;
#2129 = ORIENTED_EDGE ( 'NONE', *, *, #128, .T. ) ;
#2130 = CARTESIAN_POINT ( 'NONE',  ( 3.014628782297434917, 1.379699904078589778, -9.719499999999998252 ) ) ;
#2131 = CARTESIAN_POINT ( 'NONE',  ( 3.270635594739164542, -0.2254898343303584907, -7.000000000000000000 ) ) ;
#2132 = ADVANCED_FACE ( 'NONE', ( #7 ), #3297, .F. ) ;
#2133 = PLANE ( 'NONE',  #3348 ) ;
#2134 = CARTESIAN_POINT ( 'NONE',  ( -0.5661290900506426027, 3.229148604874050754, -9.719499999999998252 ) ) ;
#2135 = CIRCLE ( 'NONE', #3392, 0.1963495408492201832 ) ;
#2136 = ORIENTED_EDGE ( 'NONE', *, *, #1425, .F. ) ;
#2137 = CIRCLE ( 'NONE', #3459, 4.249999999999058531 ) ;
#2138 = CARTESIAN_POINT ( 'NONE',  ( -0.3124592246176750021, -3.300595060488625165, -1.000000000000000000 ) ) ;
#2139 = DIRECTION ( 'NONE',  ( 0.000000000000000000, 0.000000000000000000, 1.000000000000000000 ) ) ;
#2140 = AXIS2_PLACEMENT_3D ( 'NONE', #2810, #1697, #2852 ) ;
#2141 = ORIENTED_EDGE ( 'NONE', *, *, #1857, .T. ) ;
#2142 = VERTEX_POINT ( 'NONE', #635 ) ;
#2143 = DIRECTION ( 'NONE',  ( 0.000000000000000000, 0.000000000000000000, -1.000000000000000000 ) ) ;
#2144 = AXIS2_PLACEMENT_3D ( 'NONE', #2468, #1824, #3024 ) ;
#2145 = AXIS2_PLACEMENT_3D ( 'NONE', #353, #2729, #2746 ) ;
#2146 = CARTESIAN_POINT ( 'NONE',  ( 2.265494034368403575, 3.595836033557773259, -9.719499999999998252 ) ) ;
#2147 = AXIS2_PLACEMENT_3D ( 'NONE', #748, #1937, #1341 ) ;
#2148 = ORIENTED_EDGE ( 'NONE', *, *, #1568, .T. ) ;
#2149 = ORIENTED_EDGE ( 'NONE', *, *, #1437, .T. ) ;
#2150 = EDGE_CURVE ( 'NONE', #403, #2011, #3183, .T. ) ;
#2151 = CARTESIAN_POINT ( 'NONE',  ( -2.661896170629215241, -1.976326718222495504, -1.000000000000000000 ) ) ;
#2152 = CIRCLE ( 'NONE', #796, 1.973045005897299253 ) ;
#2153 = DIRECTION ( 'NONE',  ( 0.000000000000000000, 0.000000000000000000, 1.000000000000000000 ) ) ;
#2154 = AXIS2_PLACEMENT_3D ( 'NONE', #3618, #30, #1811 ) ;
#2155 = ORIENTED_EDGE ( 'NONE', *, *, #1, .F. ) ;
#2156 = VECTOR ( 'NONE', #3576, 1000.000000000000000 ) ;
#2157 = DIRECTION ( 'NONE',  ( 1.000000000000000000, 0.000000000000000000, 0.000000000000000000 ) ) ;
#2158 = CARTESIAN_POINT ( 'NONE',  ( 2.914394700463180055, 2.021413487477434767, -7.000000000000000000 ) ) ;
#2159 = EDGE_CURVE ( 'NONE', #505, #3484, #874, .T. ) ;
#2160 = EDGE_LOOP ( 'NONE', ( #3369, #2149, #2304, #2452 ) ) ;
#2161 = CYLINDRICAL_SURFACE ( 'NONE', #53, 1.973045005896730153 ) ;
#2162 = CARTESIAN_POINT ( 'NONE',  ( -3.545951877715329825, 0.07768036026360160273, -9.719499999999998252 ) ) ;
#2163 = VERTEX_POINT ( 'NONE', #1383 ) ;
#2164 = DIRECTION ( 'NONE',  ( -1.000000000000000000, 0.000000000000000000, 0.000000000000000000 ) ) ;
#2165 = DIRECTION ( 'NONE',  ( -1.000000000000000000, 0.000000000000000000, 0.000000000000000000 ) ) ;
#2166 = DIRECTION ( 'NONE',  ( 1.000000000000000000, 0.000000000000000000, 0.000000000000000000 ) ) ;
#2167 = ADVANCED_FACE ( 'NONE', ( #3151 ), #1046, .F. ) ;
#2168 = ORIENTED_EDGE ( 'NONE', *, *, #2675, .F. ) ;
#2169 = VERTEX_POINT ( 'NONE', #2596 ) ;
#2170 = LINE ( 'NONE', #1024, #1025 ) ;
#2171 = DIRECTION ( 'NONE',  ( -1.000000000000000000, 0.000000000000000000, 0.000000000000000000 ) ) ;
#2172 = EDGE_CURVE ( 'NONE', #1830, #2401, #1493, .T. ) ;
#2173 = EDGE_CURVE ( 'NONE', #80, #1368, #812, .T. ) ;
#2174 = CIRCLE ( 'NONE', #2673, 0.1963495408493617922 ) ;
#2175 = ORIENTED_EDGE ( 'NONE', *, *, #1005, .T. ) ;
#2176 = EDGE_LOOP ( 'NONE', ( #3113, #3154, #2136, #1690 ) ) ;
#2177 = CARTESIAN_POINT ( 'NONE',  ( -3.270983679872624617, -1.371304022983409920, -7.000000000000000000 ) ) ;
#2178 = CYLINDRICAL_SURFACE ( 'NONE', #3468, 1.149999999999999911 ) ;
#2179 = DIRECTION ( 'NONE',  ( -1.000000000000000000, 0.000000000000000000, 0.000000000000000000 ) ) ;
#2180 = DIRECTION ( 'NONE',  ( -0.9510565162951503115, 0.3090169943749576098, 0.000000000000000000 ) ) ;
#2181 = VERTEX_POINT ( 'NONE', #1104 ) ;
#2182 = CARTESIAN_POINT ( 'NONE',  ( -1.431569119554499725, -2.888155008907924870, -1.000000000000000000 ) ) ;
#2183 = DIRECTION ( 'NONE',  ( 0.000000000000000000, 0.000000000000000000, -1.000000000000000000 ) ) ;
#2184 = ADVANCED_FACE ( 'NONE', ( #2536 ), #1062, .T. ) ;
#2185 = VERTEX_POINT ( 'NONE', #491 ) ;
#2186 = EDGE_LOOP ( 'NONE', ( #2326, #2979, #2429, #3528 ) ) ;
#2187 = CARTESIAN_POINT ( 'NONE',  ( 1.057027249707747973, 3.142332241146029936, -9.719499999999998252 ) ) ;
#2188 = CARTESIAN_POINT ( 'NONE',  ( -0.1176199352020780020, -3.276288816603964982, -7.000000000000000000 ) ) ;
#2189 = EDGE_LOOP ( 'NONE', ( #3544, #3389, #537, #3491 ) ) ;
#2190 = DIRECTION ( 'NONE',  ( 1.000000000000000000, 0.000000000000000000, 0.000000000000000000 ) ) ;
#2191 = CARTESIAN_POINT ( 'NONE',  ( 2.823075960151754771, 2.147102950642279851, -1.000000000000000000 ) ) ;
#2192 = DIRECTION ( 'NONE',  ( 0.000000000000000000, 0.000000000000000000, 1.000000000000000000 ) ) ;
#2193 = EDGE_CURVE ( 'NONE', #2100, #2223, #2009, .T. ) ;
#2194 = FACE_OUTER_BOUND ( 'NONE', #2186, .T. ) ;
#2195 = AXIS2_PLACEMENT_3D ( 'NONE', #2685, #2116, #3314 ) ;
#2196 = ORIENTED_EDGE ( 'NONE', *, *, #2030, .T. ) ;
#2197 = AXIS2_PLACEMENT_3D ( 'NONE', #1272, #140, #3386 ) ;
#2198 = EDGE_CURVE ( 'NONE', #3425, #693, #331, .T. ) ;
#2199 = ORIENTED_EDGE ( 'NONE', *, *, #1047, .F. ) ;
#2200 = CARTESIAN_POINT ( 'NONE',  ( -3.946402564646191546, 1.577468477575791894, -9.719499999999998252 ) ) ;
#2201 = CARTESIAN_POINT ( 'NONE',  ( 2.896159312914922790, -1.536282556425517809, -9.719499999999998252 ) ) ;
#2202 = AXIS2_PLACEMENT_3D ( 'NONE', #2712, #3009, #2180 ) ;
#2203 = LINE ( 'NONE', #3097, #3481 ) ;
#2204 = CIRCLE ( 'NONE', #2447, 0.1963495408493620142 ) ;
#2205 = ORIENTED_EDGE ( 'NONE', *, *, #1874, .T. ) ;
#2206 = VERTEX_POINT ( 'NONE', #215 ) ;
#2207 = EDGE_CURVE ( 'NONE', #778, #2679, #3187, .T. ) ;
#2208 = CIRCLE ( 'NONE', #3766, 0.1963495408493615701 ) ;
#2209 = VECTOR ( 'NONE', #770, 1000.000000000000000 ) ;
#2210 = AXIS2_PLACEMENT_3D ( 'NONE', #51, #1227, #2411 ) ;
#2211 = DIRECTION ( 'NONE',  ( 0.000000000000000000, 0.000000000000000000, -1.000000000000000000 ) ) ;
#2212 = CARTESIAN_POINT ( 'NONE',  ( 2.266443087373128051, -3.534646590994565241, -7.000000000000000000 ) ) ;
#2213 = AXIS2_PLACEMENT_3D ( 'NONE', #1904, #3108, #2807 ) ;
#2214 = CIRCLE ( 'NONE', #2776, 4.249999999999058531 ) ;
#2215 = VERTEX_POINT ( 'NONE', #3486 ) ;
#2216 = VERTEX_POINT ( 'NONE', #1622 ) ;
#2217 = AXIS2_PLACEMENT_3D ( 'NONE', #2878, #2921, #220 ) ;
#2218 = VECTOR ( 'NONE', #1031, 1000.000000000000000 ) ;
#2219 = CARTESIAN_POINT ( 'NONE',  ( 3.452313666459049468, 0.8132277084701610148, -1.000000000000000000 ) ) ;
#2220 = DIRECTION ( 'NONE',  ( 1.000000000000000000, 0.000000000000000000, 0.000000000000000000 ) ) ;
#2221 = DIRECTION ( 'NONE',  ( 1.000000000000000000, 0.000000000000000000, 0.000000000000000000 ) ) ;
#2222 = CARTESIAN_POINT ( 'NONE',  ( -2.430432687826065141, 2.583177482750675047, -7.000000000000000000 ) ) ;
#2223 = VERTEX_POINT ( 'NONE', #2286 ) ;
#2224 = FACE_OUTER_BOUND ( 'NONE', #2458, .T. ) ;
#2225 = DIRECTION ( 'NONE',  ( 0.000000000000000000, 0.000000000000000000, 1.000000000000000000 ) ) ;
#2226 = ORIENTED_EDGE ( 'NONE', *, *, #352, .T. ) ;
#2227 = ORIENTED_EDGE ( 'NONE', *, *, #637, .F. ) ;
#2228 = DIRECTION ( 'NONE',  ( -1.000000000000000000, 0.000000000000000000, 0.000000000000000000 ) ) ;
#2229 = CARTESIAN_POINT ( 'NONE',  ( 0.000000000000000000, 0.000000000000000000, 11.00000000000000000 ) ) ;
#2230 = VERTEX_POINT ( 'NONE', #1973 ) ;
#2231 = ORIENTED_EDGE ( 'NONE', *, *, #2696, .F. ) ;
#2232 = LINE ( 'NONE', #1631, #1226 ) ;
#2233 = CARTESIAN_POINT ( 'NONE',  ( -1.431569119554358060, -2.888155008907924870, -7.000000000000000000 ) ) ;
#2234 = CARTESIAN_POINT ( 'NONE',  ( 2.192825923109535058, 2.486578571312274999, -7.000000000000000000 ) ) ;
#2235 = CYLINDRICAL_SURFACE ( 'NONE', #3276, 0.1963495408493620142 ) ;
#2236 = EDGE_CURVE ( 'NONE', #1538, #2498, #2992, .T. ) ;
#2237 = ORIENTED_EDGE ( 'NONE', *, *, #2922, .T. ) ;
#2238 = EDGE_CURVE ( 'NONE', #2498, #586, #1497, .T. ) ;
#2239 = CARTESIAN_POINT ( 'NONE',  ( 3.000000000000000444, 0.000000000000000000, -9.719499999999998252 ) ) ;
#2240 = CARTESIAN_POINT ( 'NONE',  ( 2.192825923109499975, -2.486578571312304753, -1.000000000000000000 ) ) ;
#2241 = ADVANCED_FACE ( 'NONE', ( #3723 ), #3196, .T. ) ;
#2242 = PLANE ( 'NONE',  #3171 ) ;
#2243 = EDGE_LOOP ( 'NONE', ( #1500, #2288, #205, #643 ) ) ;
#2244 = ORIENTED_EDGE ( 'NONE', *, *, #1197, .T. ) ;
#2245 = DIRECTION ( 'NONE',  ( 1.000000000000000000, 0.000000000000000000, 0.000000000000000000 ) ) ;
#2246 = DIRECTION ( 'NONE',  ( 0.000000000000000000, 0.000000000000000000, -1.000000000000000000 ) ) ;
#2247 = ORIENTED_EDGE ( 'NONE', *, *, #1677, .T. ) ;
#2248 = VERTEX_POINT ( 'NONE', #771 ) ;
#2249 = ORIENTED_EDGE ( 'NONE', *, *, #3063, .F. ) ;
#2250 = LINE ( 'NONE', #3663, #619 ) ;
#2251 = CARTESIAN_POINT ( 'NONE',  ( 0.2933980814763980094, -3.534646590994565241, -7.000000000000000000 ) ) ;
#2252 = CARTESIAN_POINT ( 'NONE',  ( -0.3600769430757399525, -3.098159147592462581, -9.719499999999998252 ) ) ;
#2253 = LINE ( 'NONE', #149, #2769 ) ;
#2254 = ADVANCED_FACE ( 'NONE', ( #2833 ), #154, .T. ) ;
#2255 = DIRECTION ( 'NONE',  ( 0.000000000000000000, 0.000000000000000000, 1.000000000000000000 ) ) ;
#2256 = ORIENTED_EDGE ( 'NONE', *, *, #2173, .T. ) ;
#2257 = LINE ( 'NONE', #3461, #1648 ) ;
#2258 = DIRECTION ( 'NONE',  ( 0.000000000000000000, 0.000000000000000000, 1.000000000000000000 ) ) ;
#2259 = EDGE_CURVE ( 'NONE', #2035, #1129, #641, .T. ) ;
#2260 = ORIENTED_EDGE ( 'NONE', *, *, #933, .T. ) ;
#2261 = EDGE_CURVE ( 'NONE', #2583, #2567, #3307, .T. ) ;
#2262 = DIRECTION ( 'NONE',  ( 0.000000000000000000, 0.000000000000000000, 1.000000000000000000 ) ) ;
#2263 = CIRCLE ( 'NONE', #1457, 1.149999999999999911 ) ;
#2264 = CARTESIAN_POINT ( 'NONE',  ( 0.000000000000000000, 0.000000000000000000, -9.719499999999998252 ) ) ;
#2265 = EDGE_CURVE ( 'NONE', #2946, #3181, #516, .T. ) ;
#2266 = AXIS2_PLACEMENT_3D ( 'NONE', #1424, #2613, #588 ) ;
#2267 = ORIENTED_EDGE ( 'NONE', *, *, #819, .F. ) ;
#2268 = ORIENTED_EDGE ( 'NONE', *, *, #3420, .F. ) ;
#2269 = AXIS2_PLACEMENT_3D ( 'NONE', #1663, #1682, #3112 ) ;
#2270 = ORIENTED_EDGE ( 'NONE', *, *, #2377, .F. ) ;
#2271 = ORIENTED_EDGE ( 'NONE', *, *, #1681, .F. ) ;
#2272 = DIRECTION ( 'NONE',  ( -1.000000000000000000, 0.000000000000000000, 0.000000000000000000 ) ) ;
#2273 = VECTOR ( 'NONE', #3142, 1000.000000000000000 ) ;
#2274 = FACE_OUTER_BOUND ( 'NONE', #1087, .T. ) ;
#2275 = CIRCLE ( 'NONE', #1534, 1.899999999999999911 ) ;
#2276 = AXIS2_PLACEMENT_3D ( 'NONE', #3061, #3634, #1499 ) ;
#2277 = VECTOR ( 'NONE', #3065, 1000.000000000000000 ) ;
#2278 = CARTESIAN_POINT ( 'NONE',  ( 2.020910775106350421, 2.581438067825795102, -1.000000000000000000 ) ) ;
#2279 = DIRECTION ( 'NONE',  ( 0.000000000000000000, 0.000000000000000000, 1.000000000000000000 ) ) ;
#2280 = AXIS2_PLACEMENT_3D ( 'NONE', #3611, #23, #2382 ) ;
#2281 = AXIS2_PLACEMENT_3D ( 'NONE', #3274, #3563, #910 ) ;
#2282 = VECTOR ( 'NONE', #3428, 1000.000000000000000 ) ;
#2283 = CARTESIAN_POINT ( 'NONE',  ( 0.000000000000000000, 0.000000000000000000, 11.00000000000000000 ) ) ;
#2284 = ORIENTED_EDGE ( 'NONE', *, *, #3662, .F. ) ;
#2285 = CARTESIAN_POINT ( 'NONE',  ( 2.243744109767559891, 2.440731630117074946, -9.719499999999998252 ) ) ;
#2286 = CARTESIAN_POINT ( 'NONE',  ( 2.061442435782685045, -2.340662426045236000, -9.719499999999998252 ) ) ;
#2287 = VERTEX_POINT ( 'NONE', #1927 ) ;
#2288 = ORIENTED_EDGE ( 'NONE', *, *, #3068, .F. ) ;
#2289 = LINE ( 'NONE', #241, #3273 ) ;
#2290 = CARTESIAN_POINT ( 'NONE',  ( 0.000000000000000000, 0.000000000000000000, -9.719499999999998252 ) ) ;
#2291 = VERTEX_POINT ( 'NONE', #3134 ) ;
#2292 = EDGE_LOOP ( 'NONE', ( #2019, #1820, #816, #2354 ) ) ;
#2293 = ORIENTED_EDGE ( 'NONE', *, *, #3644, .F. ) ;
#2294 = EDGE_CURVE ( 'NONE', #1068, #2142, #2174, .T. ) ;
#2295 = DIRECTION ( 'NONE',  ( 0.000000000000000000, 0.000000000000000000, 1.000000000000000000 ) ) ;
#2296 = CARTESIAN_POINT ( 'NONE',  ( 0.9311881956576669728, -2.976765703412589836, -9.719499999999998252 ) ) ;
#2297 = ORIENTED_EDGE ( 'NONE', *, *, #862, .F. ) ;
#2298 = FACE_OUTER_BOUND ( 'NONE', #2598, .T. ) ;
#2299 = CARTESIAN_POINT ( 'NONE',  ( -3.249853172817215086, 0.6557536698337659287, -7.000000000000000000 ) ) ;
#2300 = AXIS2_PLACEMENT_3D ( 'NONE', #530, #2258, #1702 ) ;
#2301 = EDGE_LOOP ( 'NONE', ( #3163, #435, #2934, #2055 ) ) ;
#2302 = CARTESIAN_POINT ( 'NONE',  ( -2.503046055244335655, 1.860915353816875006, -9.719499999999998252 ) ) ;
#2303 = DIRECTION ( 'NONE',  ( 0.000000000000000000, 0.000000000000000000, -1.000000000000000000 ) ) ;
#2304 = ORIENTED_EDGE ( 'NONE', *, *, #1382, .T. ) ;
#2305 = DIRECTION ( 'NONE',  ( 1.000000000000000000, 0.000000000000000000, 0.000000000000000000 ) ) ;
#2306 = CARTESIAN_POINT ( 'NONE',  ( 0.000000000000000000, 0.000000000000000000, -21.00000000000000000 ) ) ;
#2307 = VERTEX_POINT ( 'NONE', #1193 ) ;
#2308 = ORIENTED_EDGE ( 'NONE', *, *, #683, .T. ) ;
#2309 = VERTEX_POINT ( 'NONE', #272 ) ;
#2310 = LINE ( 'NONE', #523, #798 ) ;
#2311 = CARTESIAN_POINT ( 'NONE',  ( 0.000000000000000000, 0.000000000000000000, -7.000000000000000000 ) ) ;
#2312 = VERTEX_POINT ( 'NONE', #2948 ) ;
#2313 = LINE ( 'NONE', #3261, #1656 ) ;
#2314 = DIRECTION ( 'NONE',  ( 0.000000000000000000, 0.000000000000000000, 1.000000000000000000 ) ) ;
#2315 = VERTEX_POINT ( 'NONE', #1755 ) ;
#2316 = DIRECTION ( 'NONE',  ( 0.000000000000000000, 0.000000000000000000, 1.000000000000000000 ) ) ;
#2317 = DIRECTION ( 'NONE',  ( -1.000000000000000000, 0.000000000000000000, 0.000000000000000000 ) ) ;
#2318 = VERTEX_POINT ( 'NONE', #3557 ) ;
#2319 = DIRECTION ( 'NONE',  ( 0.000000000000000000, 0.000000000000000000, 1.000000000000000000 ) ) ;
#2320 = DIRECTION ( 'NONE',  ( 0.000000000000000000, 0.000000000000000000, 1.000000000000000000 ) ) ;
#2321 = AXIS2_PLACEMENT_3D ( 'NONE', #2439, #707, #395 ) ;
#2322 = EDGE_CURVE ( 'NONE', #2041, #1081, #571, .T. ) ;
#2323 = VERTEX_POINT ( 'NONE', #3519 ) ;
#2324 = ORIENTED_EDGE ( 'NONE', *, *, #864, .T. ) ;
#2325 = CIRCLE ( 'NONE', #2018, 0.1963495408492184624 ) ;
#2326 = ORIENTED_EDGE ( 'NONE', *, *, #2603, .T. ) ;
#2327 = DIRECTION ( 'NONE',  ( 0.000000000000000000, 0.000000000000000000, 1.000000000000000000 ) ) ;
#2328 = LINE ( 'NONE', #3533, #2087 ) ;
#2329 = AXIS2_PLACEMENT_3D ( 'NONE', #3572, #3291, #1777 ) ;
#2330 = CIRCLE ( 'NONE', #608, 0.1963495408492204053 ) ;
#2331 = AXIS2_PLACEMENT_3D ( 'NONE', #2763, #100, #1281 ) ;
#2332 = AXIS2_PLACEMENT_3D ( 'NONE', #884, #2063, #271 ) ;
#2333 = DIRECTION ( 'NONE',  ( 0.000000000000000000, 0.000000000000000000, -1.000000000000000000 ) ) ;
#2334 = DIRECTION ( 'NONE',  ( 0.000000000000000000, 0.000000000000000000, 1.000000000000000000 ) ) ;
#2335 = EDGE_CURVE ( 'NONE', #452, #81, #2360, .T. ) ;
#2336 = AXIS2_PLACEMENT_3D ( 'NONE', #1735, #3259, #2623 ) ;
#2337 = VECTOR ( 'NONE', #1149, 1000.000000000000000 ) ;
#2338 = ORIENTED_EDGE ( 'NONE', *, *, #1339, .F. ) ;
#2339 = ORIENTED_EDGE ( 'NONE', *, *, #2383, .F. ) ;
#2340 = CARTESIAN_POINT ( 'NONE',  ( 0.4479077197208954919, 3.518406973625700207, -1.000000000000000000 ) ) ;
#2341 = CIRCLE ( 'NONE', #1040, 3.000000000000000444 ) ;
#2342 = VECTOR ( 'NONE', #1132, 1000.000000000000227 ) ;
#2343 = CARTESIAN_POINT ( 'NONE',  ( 0.000000000000000000, 0.000000000000000000, -9.719499999999998252 ) ) ;
#2344 = EDGE_CURVE ( 'NONE', #1403, #3650, #2602, .T. ) ;
#2345 = AXIS2_PLACEMENT_3D ( 'NONE', #494, #3135, #1946 ) ;
#2346 = ORIENTED_EDGE ( 'NONE', *, *, #2104, .T. ) ;
#2347 = CARTESIAN_POINT ( 'NONE',  ( -3.152282387150919352, -0.9005657169909213611, -1.000000000000000000 ) ) ;
#2348 = CYLINDRICAL_SURFACE ( 'NONE', #2461, 4.250000000000000000 ) ;
#2349 = ORIENTED_EDGE ( 'NONE', *, *, #150, .T. ) ;
#2350 = ORIENTED_EDGE ( 'NONE', *, *, #1835, .F. ) ;
#2351 = LINE ( 'NONE', #3550, #3290 ) ;
#2352 = DIRECTION ( 'NONE',  ( 0.000000000000000000, 0.000000000000000000, -1.000000000000000000 ) ) ;
#2353 = APPLICATION_CONTEXT ( 'automotive_design' ) ;
#2354 = ORIENTED_EDGE ( 'NONE', *, *, #595, .F. ) ;
#2355 = PLANE ( 'NONE',  #2028 ) ;
#2356 = EDGE_CURVE ( 'NONE', #3625, #3385, #3818, .T. ) ;
#2357 = CARTESIAN_POINT ( 'NONE',  ( -3.057794340530235466, -0.6149303048044399977, -1.000000000000000000 ) ) ;
#2358 = ORIENTED_EDGE ( 'NONE', *, *, #2108, .F. ) ;
#2359 = CARTESIAN_POINT ( 'NONE',  ( 3.079589269441420196, 1.124292128631309895, -1.000000000000000000 ) ) ;
#2360 = LINE ( 'NONE', #1210, #2727 ) ;
#2361 = AXIS2_PLACEMENT_3D ( 'NONE', #3581, #739, #2098 ) ;
#2362 = ORIENTED_EDGE ( 'NONE', *, *, #1767, .T. ) ;
#2363 = EDGE_CURVE ( 'NONE', #2492, #2627, #3211, .T. ) ;
#2364 = CARTESIAN_POINT ( 'NONE',  ( 3.042497229473239972, 1.317106346890114077, -1.000000000000000000 ) ) ;
#2365 = CARTESIAN_POINT ( 'NONE',  ( 2.863122998320097423, 1.237243793775572032, -9.719499999999998252 ) ) ;
#2366 = VERTEX_POINT ( 'NONE', #319 ) ;
#2367 = ORIENTED_EDGE ( 'NONE', *, *, #3306, .T. ) ;
#2368 = EDGE_CURVE ( 'NONE', #1390, #2761, #1799, .T. ) ;
#2369 = EDGE_CURVE ( 'NONE', #2372, #2996, #1458, .T. ) ;
#2370 = DIRECTION ( 'NONE',  ( 0.000000000000000000, 0.000000000000000000, 1.000000000000000000 ) ) ;
#2371 = FACE_OUTER_BOUND ( 'NONE', #3058, .T. ) ;
#2372 = VERTEX_POINT ( 'NONE', #294 ) ;
#2373 = EDGE_CURVE ( 'NONE', #2185, #2142, #2672, .T. ) ;
#2374 = DIRECTION ( 'NONE',  ( 1.000000000000000000, 0.000000000000000000, 0.000000000000000000 ) ) ;
#2375 = DIRECTION ( 'NONE',  ( 0.000000000000000000, 0.000000000000000000, 1.000000000000000000 ) ) ;
#2376 = DIRECTION ( 'NONE',  ( 1.000000000000000000, 0.000000000000000000, 0.000000000000000000 ) ) ;
#2377 = EDGE_CURVE ( 'NONE', #1388, #3101, #1334, .T. ) ;
#2378 = DIRECTION ( 'NONE',  ( 0.000000000000000000, 0.000000000000000000, 1.000000000000000000 ) ) ;
#2379 = DIRECTION ( 'NONE',  ( -0.8660254037844513642, -0.4999999999999780176, 0.000000000000000000 ) ) ;
#2380 = ORIENTED_EDGE ( 'NONE', *, *, #3002, .F. ) ;
#2381 = DIRECTION ( 'NONE',  ( -1.000000000000000000, 0.000000000000000000, 0.000000000000000000 ) ) ;
#2382 = DIRECTION ( 'NONE',  ( -1.000000000000000000, 0.000000000000000000, 0.000000000000000000 ) ) ;
#2383 = EDGE_CURVE ( 'NONE', #3630, #3548, #1443, .T. ) ;
#2384 = ORIENTED_EDGE ( 'NONE', *, *, #164, .T. ) ;
#2385 = LINE ( 'NONE', #2495, #1238 ) ;
#2386 = CARTESIAN_POINT ( 'NONE',  ( -1.156315544683435892, -4.089674114291520723, -7.000000000000000000 ) ) ;
#2387 = EDGE_LOOP ( 'NONE', ( #3308, #886, #472, #3243 ) ) ;
#2388 = DIRECTION ( 'NONE',  ( -1.000000000000000000, 0.000000000000000000, 0.000000000000000000 ) ) ;
#2389 = CIRCLE ( 'NONE', #1332, 1.973045005896729487 ) ;
#2390 = CARTESIAN_POINT ( 'NONE',  ( -3.812946277481678692, 1.877216206255936770, -9.719499999999998252 ) ) ;
#2391 = FACE_BOUND ( 'NONE', #2971, .T. ) ;
#2392 = VECTOR ( 'NONE', #3440, 1000.000000000000000 ) ;
#2393 = DIRECTION ( 'NONE',  ( 1.000000000000000000, 0.000000000000000000, 0.000000000000000000 ) ) ;
#2394 = EDGE_LOOP ( 'NONE', ( #2168, #336, #188, #666 ) ) ;
#2395 = VECTOR ( 'NONE', #701, 1000.000000000000000 ) ;
#2396 = CLOSED_SHELL ( 'NONE', ( #2991, #3331, #653, #63, #3126, #196, #2858, #3220, #853, #47, #1240, #3098, #3105, #1178, #1800, #1931, #2617, #3026, #3045, #1289, #2126, #1941, #2555, #2614, #1880, #3188, #185, #3620, #2962, #1160, #21, #2241, #3439, #753, #1056, #2686, #3016, #2890, #2893, #337, #1441, #1222, #2254, #3812, #3448, #1478, #2167, #2132, #3111, #3374, #2714, #3146, #1635, #2812, #3049, #437, #3377, #3500, #1508, #3788, #2069, #1082, #1199, #3746, #1421, #2572, #2758, #3580, #2689, #3321, #277, #3748, #144, #969, #2741, #1117, #527, #493, #2701, #3027, #2841, #1935, #3741, #3402, #1112, #2040, #536, #870, #845, #3595, #3212, #2469, #1604, #3114, #3255, #2184, #3266, #3624, #1659, #2077, #2002, #3170, #1710, #646, #1726, #3167, #703, #1650, #3715, #1953, #1980, #1490, #1614 ) ) ;
#2397 = DIRECTION ( 'NONE',  ( 0.000000000000000000, 0.000000000000000000, 1.000000000000000000 ) ) ;
#2398 = DIRECTION ( 'NONE',  ( 0.000000000000000000, 0.000000000000000000, -1.000000000000000000 ) ) ;
#2399 = AXIS2_PLACEMENT_3D ( 'NONE', #3245, #892, #1146 ) ;
#2400 = AXIS2_PLACEMENT_3D ( 'NONE', #766, #1633, #3087 ) ;
#2401 = VERTEX_POINT ( 'NONE', #1506 ) ;
#2402 = CIRCLE ( 'NONE', #1348, 1.973045005897158255 ) ;
#2403 = AXIS2_PLACEMENT_3D ( 'NONE', #2219, #208, #1070 ) ;
#2404 = CARTESIAN_POINT ( 'NONE',  ( -1.627918660403720130, -2.888155008907924870, -9.719499999999998252 ) ) ;
#2405 = DIRECTION ( 'NONE',  ( -1.000000000000000000, 0.000000000000000000, 0.000000000000000000 ) ) ;
#2406 = ORIENTED_EDGE ( 'NONE', *, *, #3175, .T. ) ;
#2407 = DIRECTION ( 'NONE',  ( 1.000000000000000000, 0.000000000000000000, 0.000000000000000000 ) ) ;
#2408 = EDGE_CURVE ( 'NONE', #1854, #627, #2959, .T. ) ;
#2409 = CYLINDRICAL_SURFACE ( 'NONE', #3833, 1.899999999999999911 ) ;
#2410 = ORIENTED_EDGE ( 'NONE', *, *, #1847, .F. ) ;
#2411 = DIRECTION ( 'NONE',  ( 1.000000000000000000, 0.000000000000000000, 0.000000000000000000 ) ) ;
#2412 = EDGE_CURVE ( 'NONE', #2857, #3677, #844, .T. ) ;
#2413 = DIRECTION ( 'NONE',  ( -1.000000000000000000, 0.000000000000000000, -0.000000000000000000 ) ) ;
#2414 = DIRECTION ( 'NONE',  ( 1.000000000000000000, 0.000000000000000000, 0.000000000000000000 ) ) ;
#2415 = LINE ( 'NONE', #3570, #1639 ) ;
#2416 = ORIENTED_EDGE ( 'NONE', *, *, #876, .T. ) ;
#2417 = CARTESIAN_POINT ( 'NONE',  ( -4.246832370088708508, -0.1640573691061681660, -9.719499999999998252 ) ) ;
#2418 = LINE ( 'NONE', #1865, #1954 ) ;
#2419 = ORIENTED_EDGE ( 'NONE', *, *, #2373, .T. ) ;
#2420 = CARTESIAN_POINT ( 'NONE',  ( 0.8034072016305656705, 3.348396088319595343, -1.000000000000000000 ) ) ;
#2421 = DIRECTION ( 'NONE',  ( 0.000000000000000000, 0.000000000000000000, 1.000000000000000000 ) ) ;
#2422 = ORIENTED_EDGE ( 'NONE', *, *, #70, .T. ) ;
#2423 = DIRECTION ( 'NONE',  ( 0.000000000000000000, 0.000000000000000000, 1.000000000000000000 ) ) ;
#2424 = CARTESIAN_POINT ( 'NONE',  ( 0.000000000000000000, 0.000000000000000000, -7.000000000000000000 ) ) ;
#2425 = ORIENTED_EDGE ( 'NONE', *, *, #598, .F. ) ;
#2426 = FACE_OUTER_BOUND ( 'NONE', #1766, .T. ) ;
#2427 = DIRECTION ( 'NONE',  ( 0.000000000000000000, 0.000000000000000000, -1.000000000000000000 ) ) ;
#2428 = EDGE_CURVE ( 'NONE', #3238, #942, #169, .T. ) ;
#2429 = ORIENTED_EDGE ( 'NONE', *, *, #1877, .T. ) ;
#2430 = DIRECTION ( 'NONE',  ( 0.000000000000000000, 0.000000000000000000, 1.000000000000000000 ) ) ;
#2431 = DIRECTION ( 'NONE',  ( 0.000000000000000000, 0.000000000000000000, -1.000000000000000000 ) ) ;
#2432 = ORIENTED_EDGE ( 'NONE', *, *, #963, .F. ) ;
#2433 = ORIENTED_EDGE ( 'NONE', *, *, #592, .T. ) ;
#2434 = DIRECTION ( 'NONE',  ( 1.000000000000000000, 0.000000000000000000, 0.000000000000000000 ) ) ;
#2435 = LINE ( 'NONE', #4, #2784 ) ;
#2436 = EDGE_CURVE ( 'NONE', #2, #3598, #2692, .T. ) ;
#2437 = ORIENTED_EDGE ( 'NONE', *, *, #1013, .F. ) ;
#2438 = ORIENTED_EDGE ( 'NONE', *, *, #3725, .T. ) ;
#2439 = CARTESIAN_POINT ( 'NONE',  ( 0.2933980814764465261, 3.534646590994565241, -7.000000000000000000 ) ) ;
#2440 = DIRECTION ( 'NONE',  ( 1.000000000000000000, 0.000000000000000000, 0.000000000000000000 ) ) ;
#2441 = EDGE_CURVE ( 'NONE', #569, #1491, #2898, .T. ) ;
#2442 = ORIENTED_EDGE ( 'NONE', *, *, #113, .F. ) ;
#2443 = LINE ( 'NONE', #695, #58 ) ;
#2444 = CARTESIAN_POINT ( 'NONE',  ( -1.021880978632927928, 3.396405191220819741, -9.719499999999998252 ) ) ;
#2445 = EDGE_CURVE ( 'NONE', #3650, #2372, #3336, .T. ) ;
#2446 = VECTOR ( 'NONE', #3138, 1000.000000000000000 ) ;
#2447 = AXIS2_PLACEMENT_3D ( 'NONE', #2599, #1126, #2305 ) ;
#2448 = DIRECTION ( 'NONE',  ( 0.000000000000000000, 0.000000000000000000, 1.000000000000000000 ) ) ;
#2449 = DIRECTION ( 'NONE',  ( -1.000000000000000000, 0.000000000000000000, 0.000000000000000000 ) ) ;
#2450 = AXIS2_PLACEMENT_3D ( 'NONE', #2222, #1679, #3719 ) ;
#2451 = COLOUR_RGB ( '',0.7921568627450980005, 0.8196078431372548767, 0.9333333333333333481 ) ;
#2452 = ORIENTED_EDGE ( 'NONE', *, *, #320, .F. ) ;
#2453 = ORIENTED_EDGE ( 'NONE', *, *, #1620, .F. ) ;
#2454 = CARTESIAN_POINT ( 'NONE',  ( 2.266443087373177789, 3.534646590994565241, -1.000000000000000000 ) ) ;
#2455 = CIRCLE ( 'NONE', #552, 0.1963495408493613481 ) ;
#2456 = CIRCLE ( 'NONE', #239, 1.973045005896730153 ) ;
#2457 = ORIENTED_EDGE ( 'NONE', *, *, #1219, .F. ) ;
#2458 = EDGE_LOOP ( 'NONE', ( #1048, #501, #1817, #1700 ) ) ;
#2459 = VECTOR ( 'NONE', #506, 999.9999999999998863 ) ;
#2460 = DIRECTION ( 'NONE',  ( 1.000000000000000000, 0.000000000000000000, 0.000000000000000000 ) ) ;
#2461 = AXIS2_PLACEMENT_3D ( 'NONE', #2053, #3254, #2014 ) ;
#2462 = CARTESIAN_POINT ( 'NONE',  ( 0.000000000000000000, 0.000000000000000000, -7.000000000000000000 ) ) ;
#2463 = CIRCLE ( 'NONE', #931, 0.1963495408493604877 ) ;
#2464 = ORIENTED_EDGE ( 'NONE', *, *, #142, .F. ) ;
#2465 = ORIENTED_EDGE ( 'NONE', *, *, #2504, .F. ) ;
#2466 = AXIS2_PLACEMENT_3D ( 'NONE', #450, #1607, #3724 ) ;
#2467 = FACE_BOUND ( 'NONE', #2793, .T. ) ;
#2468 = CARTESIAN_POINT ( 'NONE',  ( -3.249853172817215086, 0.6557536698337659287, -1.000000000000000000 ) ) ;
#2469 = ADVANCED_FACE ( 'NONE', ( #3803 ), #2655, .T. ) ;
#2470 = DIRECTION ( 'NONE',  ( 0.000000000000000000, 0.000000000000000000, 1.000000000000000000 ) ) ;
#2471 = LINE ( 'NONE', #2767, #1713 ) ;
#2472 = ORIENTED_EDGE ( 'NONE', *, *, #2723, .F. ) ;
#2473 = ORIENTED_EDGE ( 'NONE', *, *, #1557, .F. ) ;
#2474 = CARTESIAN_POINT ( 'NONE',  ( -2.503046055244360968, -1.860915353816845474, -9.719499999999998252 ) ) ;
#2475 = CARTESIAN_POINT ( 'NONE',  ( -0.3124592246176304822, 3.300595060488625165, -1.000000000000000000 ) ) ;
#2476 = PRODUCT_CONTEXT ( 'NONE', #2678, 'mechanical' ) ;
#2477 = DIRECTION ( 'NONE',  ( 0.000000000000000000, 0.000000000000000000, 1.000000000000000000 ) ) ;
#2478 = EDGE_CURVE ( 'NONE', #2323, #2291, #2023, .T. ) ;
#2479 = ORIENTED_EDGE ( 'NONE', *, *, #1372, .F. ) ;
#2480 = ORIENTED_EDGE ( 'NONE', *, *, #2795, .F. ) ;
#2481 = CARTESIAN_POINT ( 'NONE',  ( -3.043548818098387621, 0.6819502185625730961, -1.000000000000000000 ) ) ;
#2482 = AXIS2_PLACEMENT_3D ( 'NONE', #3787, #2855, #3704 ) ;
#2483 = DIRECTION ( 'NONE',  ( 0.000000000000000000, 0.000000000000000000, 1.000000000000000000 ) ) ;
#2484 = EDGE_CURVE ( 'NONE', #2216, #1538, #3622, .T. ) ;
#2485 = AXIS2_PLACEMENT_3D ( 'NONE', #512, #3427, #1945 ) ;
#2486 = EDGE_LOOP ( 'NONE', ( #2422, #1692, #3606, #2070 ) ) ;
#2487 = ORIENTED_EDGE ( 'NONE', *, *, #1211, .T. ) ;
#2488 = CARTESIAN_POINT ( 'NONE',  ( 0.4479077197208464756, -3.518406973625709977, -9.719499999999998252 ) ) ;
#2489 = CARTESIAN_POINT ( 'NONE',  ( -0.3124592246176304822, 3.300595060488625165, -9.719499999999998252 ) ) ;
#2490 = FACE_OUTER_BOUND ( 'NONE', #407, .T. ) ;
#2491 = CARTESIAN_POINT ( 'NONE',  ( 3.000000000000000444, 0.000000000000000000, -21.00000000000000000 ) ) ;
#2492 = VERTEX_POINT ( 'NONE', #60 ) ;
#2493 = ORIENTED_EDGE ( 'NONE', *, *, #3063, .T. ) ;
#2494 = DIRECTION ( 'NONE',  ( 0.000000000000000000, 0.000000000000000000, 1.000000000000000000 ) ) ;
#2495 = CARTESIAN_POINT ( 'NONE',  ( 1.981338335719254884, -3.759893402663419870, -7.000000000000000000 ) ) ;
#2496 = DIRECTION ( 'NONE',  ( 0.000000000000000000, 0.000000000000000000, 1.000000000000000000 ) ) ;
#2497 = CARTESIAN_POINT ( 'NONE',  ( 0.8034072016300940478, -3.348396088319579800, -1.000000000000000000 ) ) ;
#2498 = VERTEX_POINT ( 'NONE', #3069 ) ;
#2499 = ORIENTED_EDGE ( 'NONE', *, *, #339, .F. ) ;
#2500 = CARTESIAN_POINT ( 'NONE',  ( 3.000000000000000444, 0.000000000000000000, -21.00000000000000000 ) ) ;
#2501 = CARTESIAN_POINT ( 'NONE',  ( -3.039258109536164376, -0.7227735835918119855, -1.000000000000000000 ) ) ;
#2502 = EDGE_CURVE ( 'NONE', #137, #3656, #2515, .T. ) ;
#2503 = ORIENTED_EDGE ( 'NONE', *, *, #1544, .F. ) ;
#2504 = EDGE_CURVE ( 'NONE', #2366, #1081, #725, .T. ) ;
#2505 = DIRECTION ( 'NONE',  ( -0.2079116908177462142, -0.9781476007338084644, 0.000000000000000000 ) ) ;
#2506 = PLANE ( 'NONE',  #2213 ) ;
#2507 = CARTESIAN_POINT ( 'NONE',  ( -1.169637804266592251, 3.348396088319595343, -9.719499999999998252 ) ) ;
#2508 = DIRECTION ( 'NONE',  ( -1.000000000000000000, 0.000000000000000000, 0.000000000000000000 ) ) ;
#2509 = CIRCLE ( 'NONE', #2771, 1.973045005896729487 ) ;
#2510 = CIRCLE ( 'NONE', #2829, 0.1963495408492197392 ) ;
#2511 = DIRECTION ( 'NONE',  ( 1.000000000000000000, 0.000000000000000000, 0.000000000000000000 ) ) ;
#2512 = VERTEX_POINT ( 'NONE', #3363 ) ;
#2513 = CARTESIAN_POINT ( 'NONE',  ( 2.192825923109535058, 2.486578571312274999, -9.719499999999998252 ) ) ;
#2514 = DIRECTION ( 'NONE',  ( -1.000000000000000000, 0.000000000000000000, 0.000000000000000000 ) ) ;
#2515 = CIRCLE ( 'NONE', #1094, 1.973045005896730153 ) ;
#2516 = CARTESIAN_POINT ( 'NONE',  ( 3.339329057571644999, -2.628950635755705090, -7.000000000000000000 ) ) ;
#2517 = AXIS2_PLACEMENT_3D ( 'NONE', #474, #2860, #1109 ) ;
#2518 = ORIENTED_EDGE ( 'NONE', *, *, #339, .T. ) ;
#2519 = ORIENTED_EDGE ( 'NONE', *, *, #2582, .F. ) ;
#2520 = VECTOR ( 'NONE', #529, 1000.000000000000000 ) ;
#2521 = AXIS2_PLACEMENT_3D ( 'NONE', #2909, #1148, #1695 ) ;
#2522 = CARTESIAN_POINT ( 'NONE',  ( 2.061442435782715243, 2.340662426045209799, -4.000000000000000000 ) ) ;
#2523 = LINE ( 'NONE', #775, #915 ) ;
#2524 = AXIS2_PLACEMENT_3D ( 'NONE', #2489, #3679, #507 ) ;
#2525 = CIRCLE ( 'NONE', #850, 0.1963495408493615701 ) ;
#2526 = ORIENTED_EDGE ( 'NONE', *, *, #3393, .T. ) ;
#2527 = ORIENTED_EDGE ( 'NONE', *, *, #1472, .T. ) ;
#2528 = CIRCLE ( 'NONE', #2649, 0.1963495408493611261 ) ;
#2529 = CARTESIAN_POINT ( 'NONE',  ( 1.840249104221044929, -3.032044226566819933, -9.719499999999998252 ) ) ;
#2530 = LINE ( 'NONE', #2233, #1898 ) ;
#2531 = EDGE_CURVE ( 'NONE', #2366, #3451, #2471, .T. ) ;
#2532 = LINE ( 'NONE', #1967, #1779 ) ;
#2533 = CARTESIAN_POINT ( 'NONE',  ( -0.2919351088493960522, -3.105321142968568982, -9.719499999999998252 ) ) ;
#2534 = ORIENTED_EDGE ( 'NONE', *, *, #3573, .F. ) ;
#2535 = DIRECTION ( 'NONE',  ( -0.000000000000000000, -0.000000000000000000, 1.000000000000000000 ) ) ;
#2536 = FACE_OUTER_BOUND ( 'NONE', #2096, .T. ) ;
#2537 = DIRECTION ( 'NONE',  ( -0.6691306063588672304, -0.7431448254773862505, 0.000000000000000000 ) ) ;
#2538 = ORIENTED_EDGE ( 'NONE', *, *, #1520, .T. ) ;
#2539 = VERTEX_POINT ( 'NONE', #1285 ) ;
#2540 = CARTESIAN_POINT ( 'NONE',  ( -1.431569119554318092, 2.888155008907944854, -7.000000000000000000 ) ) ;
#2541 = DIRECTION ( 'NONE',  ( 0.000000000000000000, 0.000000000000000000, 1.000000000000000000 ) ) ;
#2542 = VERTEX_POINT ( 'NONE', #1575 ) ;
#2543 = ORIENTED_EDGE ( 'NONE', *, *, #70, .F. ) ;
#2544 = ORIENTED_EDGE ( 'NONE', *, *, #2561, .F. ) ;
#2545 = FACE_OUTER_BOUND ( 'NONE', #1408, .T. ) ;
#2546 = LINE ( 'NONE', #2850, #1781 ) ;
#2547 = CARTESIAN_POINT ( 'NONE',  ( -2.661896170629185043, 1.976326718222530143, -1.000000000000000000 ) ) ;
#2548 = CARTESIAN_POINT ( 'NONE',  ( 0.6070735070738499939, -4.206419113330449377, -7.000000000000000000 ) ) ;
#2549 = ORIENTED_EDGE ( 'NONE', *, *, #2236, .T. ) ;
#2550 = DIRECTION ( 'NONE',  ( 0.000000000000000000, 0.000000000000000000, -1.000000000000000000 ) ) ;
#2551 = DIRECTION ( 'NONE',  ( -0.000000000000000000, -0.000000000000000000, 1.000000000000000000 ) ) ;
#2552 = EDGE_CURVE ( 'NONE', #2799, #1814, #3523, .T. ) ;
#2553 = ORIENTED_EDGE ( 'NONE', *, *, #787, .T. ) ;
#2554 = DIRECTION ( 'NONE',  ( 0.000000000000000000, 0.000000000000000000, -1.000000000000000000 ) ) ;
#2555 = ADVANCED_FACE ( 'NONE', ( #1827 ), #130, .T. ) ;
#2556 = DIRECTION ( 'NONE',  ( 0.000000000000000000, 0.000000000000000000, -1.000000000000000000 ) ) ;
#2557 = ORIENTED_EDGE ( 'NONE', *, *, #2122, .T. ) ;
#2558 = ORIENTED_EDGE ( 'NONE', *, *, #2114, .F. ) ;
#2559 = ORIENTED_EDGE ( 'NONE', *, *, #3192, .F. ) ;
#2560 = EDGE_LOOP ( 'NONE', ( #1972, #3613, #3773, #124 ) ) ;
#2561 = EDGE_CURVE ( 'NONE', #2539, #3826, #3639, .T. ) ;
#2562 = DIRECTION ( 'NONE',  ( -1.000000000000000000, 0.000000000000000000, 0.000000000000000000 ) ) ;
#2563 = FACE_OUTER_BOUND ( 'NONE', #593, .T. ) ;
#2564 = FACE_OUTER_BOUND ( 'NONE', #2781, .T. ) ;
#2565 = EDGE_CURVE ( 'NONE', #1306, #960, #996, .T. ) ;
#2566 = LINE ( 'NONE', #2548, #1889 ) ;
#2567 = VERTEX_POINT ( 'NONE', #2491 ) ;
#2568 = LINE ( 'NONE', #1101, #2209 ) ;
#2569 = DIRECTION ( 'NONE',  ( 0.000000000000000000, 0.000000000000000000, 1.000000000000000000 ) ) ;
#2570 = AXIS2_PLACEMENT_3D ( 'NONE', #1856, #2423, #3329 ) ;
#2571 = VERTEX_POINT ( 'NONE', #3681 ) ;
#2572 = ADVANCED_FACE ( 'NONE', ( #354 ), #1602, .F. ) ;
#2573 = CARTESIAN_POINT ( 'NONE',  ( 3.532190061754231003, 2.363500236436576252, -1.000000000000000000 ) ) ;
#2574 = AXIS2_PLACEMENT_3D ( 'NONE', #3697, #2591, #3457 ) ;
#2575 = AXIS2_PLACEMENT_3D ( 'NONE', #1605, #940, #1527 ) ;
#2576 = LINE ( 'NONE', #3627, #3408 ) ;
#2577 = AXIS2_PLACEMENT_3D ( 'NONE', #1573, #3005, #1541 ) ;
#2578 = ORIENTED_EDGE ( 'NONE', *, *, #2198, .T. ) ;
#2579 = ORIENTED_EDGE ( 'NONE', *, *, #615, .T. ) ;
#2580 = AXIS2_PLACEMENT_3D ( 'NONE', #2628, #1404, #1175 ) ;
#2581 = VERTEX_POINT ( 'NONE', #1305 ) ;
#2582 = EDGE_CURVE ( 'NONE', #1444, #1403, #698, .T. ) ;
#2583 = VERTEX_POINT ( 'NONE', #1849 ) ;
#2584 = DIRECTION ( 'NONE',  ( 0.000000000000000000, 0.000000000000000000, -1.000000000000000000 ) ) ;
#2585 = CIRCLE ( 'NONE', #2524, 0.1963495408493606542 ) ;
#2586 = FACE_OUTER_BOUND ( 'NONE', #1934, .T. ) ;
#2587 = CIRCLE ( 'NONE', #1660, 0.1963495408493576566 ) ;
#2588 = CARTESIAN_POINT ( 'NONE',  ( -3.000000000000000444, 0.000000000000000000, 6.000000000000000000 ) ) ;
#2589 = AXIS2_PLACEMENT_3D ( 'NONE', #1861, #1556, #1228 ) ;
#2590 = CARTESIAN_POINT ( 'NONE',  ( -2.465546629779823640, 1.976326718222530143, -9.719499999999998252 ) ) ;
#2591 = DIRECTION ( 'NONE',  ( 0.000000000000000000, 0.000000000000000000, 1.000000000000000000 ) ) ;
#2592 = CIRCLE ( 'NONE', #1600, 1.149999999999999911 ) ;
#2593 = VECTOR ( 'NONE', #323, 1000.000000000000000 ) ;
#2594 = ORIENTED_EDGE ( 'NONE', *, *, #1378, .T. ) ;
#2595 = CARTESIAN_POINT ( 'NONE',  ( 1.057027249707708005, -3.142332241146045035, -7.000000000000000000 ) ) ;
#2596 = CARTESIAN_POINT ( 'NONE',  ( -3.946402564646385169, -1.577468477575236783, -1.000000000000000000 ) ) ;
#2597 = EDGE_CURVE ( 'NONE', #2571, #137, #840, .T. ) ;
#2598 = EDGE_LOOP ( 'NONE', ( #190, #705, #3092, #2284 ) ) ;
#2599 = CARTESIAN_POINT ( 'NONE',  ( 3.315174937983395242, 0.03425858924962450064, -1.000000000000000000 ) ) ;
#2600 = DIRECTION ( 'NONE',  ( 0.000000000000000000, 0.000000000000000000, 1.000000000000000000 ) ) ;
#2601 = EDGE_CURVE ( 'NONE', #2879, #990, #2418, .T. ) ;
#2602 = CIRCLE ( 'NONE', #1485, 0.1963495408493615701 ) ;
#2603 = EDGE_CURVE ( 'NONE', #1672, #2864, #938, .T. ) ;
#2604 = ORIENTED_EDGE ( 'NONE', *, *, #315, .T. ) ;
#2605 = ORIENTED_EDGE ( 'NONE', *, *, #3658, .F. ) ;
#2606 = ORIENTED_EDGE ( 'NONE', *, *, #385, .F. ) ;
#2607 = CYLINDRICAL_SURFACE ( 'NONE', #2973, 1.149999999999999911 ) ;
#2608 = CARTESIAN_POINT ( 'NONE',  ( 2.061442435782706806, 2.340662426045219568, -1.000000000000000000 ) ) ;
#2609 = DIRECTION ( 'NONE',  ( 0.000000000000000000, 0.000000000000000000, 1.000000000000000000 ) ) ;
#2610 = DIRECTION ( 'NONE',  ( 1.000000000000000000, 0.000000000000000000, 0.000000000000000000 ) ) ;
#2611 = EDGE_LOOP ( 'NONE', ( #3119, #467, #3740, #1929 ) ) ;
#2612 = DIRECTION ( 'NONE',  ( 1.000000000000000000, 0.000000000000000000, 0.000000000000000000 ) ) ;
#2613 = DIRECTION ( 'NONE',  ( 0.000000000000000000, 0.000000000000000000, -1.000000000000000000 ) ) ;
#2614 = ADVANCED_FACE ( 'NONE', ( #3051 ), #2121, .T. ) ;
#2615 = ORIENTED_EDGE ( 'NONE', *, *, #1883, .T. ) ;
#2616 = DIRECTION ( 'NONE',  ( -0.000000000000000000, -0.000000000000000000, 1.000000000000000000 ) ) ;
#2617 = ADVANCED_FACE ( 'NONE', ( #387 ), #1245, .T. ) ;
#2618 = DIRECTION ( 'NONE',  ( 0.000000000000000000, 0.000000000000000000, 1.000000000000000000 ) ) ;
#2619 = ORIENTED_EDGE ( 'NONE', *, *, #1436, .T. ) ;
#2620 = ORIENTED_EDGE ( 'NONE', *, *, #1152, .T. ) ;
#2621 = ORIENTED_EDGE ( 'NONE', *, *, #1243, .F. ) ;
#2622 = CARTESIAN_POINT ( 'NONE',  ( 0.000000000000000000, 0.000000000000000000, -21.00000000000000000 ) ) ;
#2623 = DIRECTION ( 'NONE',  ( 1.000000000000000000, 0.000000000000000000, 0.000000000000000000 ) ) ;
#2624 = EDGE_CURVE ( 'NONE', #247, #346, #1393, .T. ) ;
#2625 = LINE ( 'NONE', #2912, #3767 ) ;
#2626 = CARTESIAN_POINT ( 'NONE',  ( 2.863122998320079660, -1.237243793775610001, -4.000000000000000000 ) ) ;
#2627 = VERTEX_POINT ( 'NONE', #786 ) ;
#2628 = CARTESIAN_POINT ( 'NONE',  ( -3.235607650385375234, 0.7227735835918559504, -9.719499999999998252 ) ) ;
#2629 = CARTESIAN_POINT ( 'NONE',  ( 0.9637700502026833593, -2.966179217131117873, -1.000000000000000000 ) ) ;
#2630 = VERTEX_POINT ( 'NONE', #1906 ) ;
#2631 = DIRECTION ( 'NONE',  ( 0.000000000000000000, 0.000000000000000000, 1.000000000000000000 ) ) ;
#2632 = DIRECTION ( 'NONE',  ( 1.000000000000000000, 0.000000000000000000, 0.000000000000000000 ) ) ;
#2633 = CIRCLE ( 'NONE', #1147, 4.249999999998979483 ) ;
#2634 = VERTEX_POINT ( 'NONE', #195 ) ;
#2635 = AXIS2_PLACEMENT_3D ( 'NONE', #322, #2616, #2381 ) ;
#2636 = ORIENTED_EDGE ( 'NONE', *, *, #542, .F. ) ;
#2637 = DIRECTION ( 'NONE',  ( -1.000000000000000000, 0.000000000000000000, 0.000000000000000000 ) ) ;
#2638 = DIRECTION ( 'NONE',  ( 0.000000000000000000, 0.000000000000000000, 1.000000000000000000 ) ) ;
#2639 = AXIS2_PLACEMENT_3D ( 'NONE', #3173, #3110, #3191 ) ;
#2640 = AXIS2_PLACEMENT_3D ( 'NONE', #1045, #1061, #511 ) ;
#2641 = EDGE_LOOP ( 'NONE', ( #1287, #61, #1515, #1136 ) ) ;
#2642 = EDGE_CURVE ( 'NONE', #1006, #3242, #1619, .T. ) ;
#2643 = CARTESIAN_POINT ( 'NONE',  ( -4.246832370087664899, -0.1640573691068170081, -7.000000000000000000 ) ) ;
#2644 = AXIS2_PLACEMENT_3D ( 'NONE', #2080, #3286, #2414 ) ;
#2645 = VECTOR ( 'NONE', #1172, 1000.000000000000000 ) ;
#2646 = DIRECTION ( 'NONE',  ( -1.000000000000000000, 0.000000000000000000, 0.000000000000000000 ) ) ;
#2647 = DIRECTION ( 'NONE',  ( -0.7431448254773787010, 0.6691306063588754460, 0.000000000000000000 ) ) ;
#2648 = EDGE_CURVE ( 'NONE', #1797, #1838, #3822, .T. ) ;
#2649 = AXIS2_PLACEMENT_3D ( 'NONE', #3301, #2742, #2157 ) ;
#2650 = EDGE_CURVE ( 'NONE', #1368, #2571, #611, .T. ) ;
#2651 = VERTEX_POINT ( 'NONE', #808 ) ;
#2652 = CARTESIAN_POINT ( 'NONE',  ( 0.4479077197208954919, 3.518406973625700207, -7.000000000000000000 ) ) ;
#2653 = CIRCLE ( 'NONE', #974, 4.249999999998979483 ) ;
#2654 = AXIS2_PLACEMENT_3D ( 'NONE', #821, #1415, #1089 ) ;
#2655 = CYLINDRICAL_SURFACE ( 'NONE', #1270, 4.250000000000000000 ) ;
#2656 = AXIS2_PLACEMENT_3D ( 'NONE', #1266, #983, #2166 ) ;
#2657 = VERTEX_POINT ( 'NONE', #1399 ) ;
#2658 = DIRECTION ( 'NONE',  ( 1.000000000000000000, 0.000000000000000000, 0.000000000000000000 ) ) ;
#2659 = DIRECTION ( 'NONE',  ( 1.000000000000000000, 0.000000000000000000, 0.000000000000000000 ) ) ;
#2660 = EDGE_CURVE ( 'NONE', #3064, #3744, #1076, .T. ) ;
#2661 = ORIENTED_EDGE ( 'NONE', *, *, #3231, .T. ) ;
#2662 = ORIENTED_EDGE ( 'NONE', *, *, #286, .F. ) ;
#2663 = DIRECTION ( 'NONE',  ( 1.000000000000000000, 0.000000000000000000, 0.000000000000000000 ) ) ;
#2664 = CYLINDRICAL_SURFACE ( 'NONE', #2336, 0.1963495408493620142 ) ;
#2665 = ORIENTED_EDGE ( 'NONE', *, *, #3567, .F. ) ;
#2666 = CARTESIAN_POINT ( 'NONE',  ( -2.661896170629185043, 1.976326718222530143, -9.719499999999998252 ) ) ;
#2667 = DIRECTION ( 'NONE',  ( 1.000000000000000000, 0.000000000000000000, 0.000000000000000000 ) ) ;
#2668 = DIRECTION ( 'NONE',  ( 0.000000000000000000, 0.000000000000000000, 1.000000000000000000 ) ) ;
#2669 = DIRECTION ( 'NONE',  ( 1.000000000000000000, 0.000000000000000000, 0.000000000000000000 ) ) ;
#2670 = ORIENTED_EDGE ( 'NONE', *, *, #1433, .T. ) ;
#2671 = DIRECTION ( 'NONE',  ( 0.9781476007338070211, 0.2079116908177530143, 0.000000000000000000 ) ) ;
#2672 = LINE ( 'NONE', #1462, #668 ) ;
#2673 = AXIS2_PLACEMENT_3D ( 'NONE', #469, #180, #629 ) ;
#2674 = VERTEX_POINT ( 'NONE', #2533 ) ;
#2675 = EDGE_CURVE ( 'NONE', #3364, #2, #3463, .T. ) ;
#2676 = LINE ( 'NONE', #3575, #231 ) ;
#2677 = CARTESIAN_POINT ( 'NONE',  ( 0.7962284048838044193, -3.180239485670429911, -1.000000000000000000 ) ) ;
#2678 = APPLICATION_CONTEXT ( 'automotive_design' ) ;
#2679 = VERTEX_POINT ( 'NONE', #526 ) ;
#2680 = EDGE_CURVE ( 'NONE', #81, #1161, #961, .T. ) ;
#2681 = CARTESIAN_POINT ( 'NONE',  ( 0.9918635406178379910, -3.163505213708935226, -1.000000000000000000 ) ) ;
#2682 = FACE_OUTER_BOUND ( 'NONE', #3215, .T. ) ;
#2683 = ORIENTED_EDGE ( 'NONE', *, *, #2601, .T. ) ;
#2684 = DIRECTION ( 'NONE',  ( 0.000000000000000000, 0.000000000000000000, 1.000000000000000000 ) ) ;
#2685 = CARTESIAN_POINT ( 'NONE',  ( 0.000000000000000000, 0.000000000000000000, 6.000000000000000000 ) ) ;
#2686 = ADVANCED_FACE ( 'NONE', ( #2194 ), #509, .T. ) ;
#2687 = CYLINDRICAL_SURFACE ( 'NONE', #2154, 0.1963495408493620142 ) ;
#2688 = CARTESIAN_POINT ( 'NONE',  ( -1.627918660403679940, 2.888155008907944854, -1.000000000000000000 ) ) ;
#2689 = ADVANCED_FACE ( 'NONE', ( #3756 ), #2235, .F. ) ;
#2690 = EDGE_CURVE ( 'NONE', #2946, #2571, #2566, .T. ) ;
#2691 = CARTESIAN_POINT ( 'NONE',  ( -3.039258109536023156, -0.7227735835918119855, -7.000000000000000000 ) ) ;
#2692 = LINE ( 'NONE', #34, #3695 ) ;
#2693 = ORIENTED_EDGE ( 'NONE', *, *, #3498, .T. ) ;
#2694 = DIRECTION ( 'NONE',  ( -1.000000000000000000, 0.000000000000000000, 0.000000000000000000 ) ) ;
#2695 = CARTESIAN_POINT ( 'NONE',  ( 1.899999999999999911, 2.326828918379971365E-16, 11.00000000000000000 ) ) ;
#2696 = EDGE_CURVE ( 'NONE', #2366, #955, #2253, .T. ) ;
#2697 = ORIENTED_EDGE ( 'NONE', *, *, #3602, .T. ) ;
#2698 = ORIENTED_EDGE ( 'NONE', *, *, #855, .T. ) ;
#2699 = PLANE ( 'NONE',  #112 ) ;
#2700 = CARTESIAN_POINT ( 'NONE',  ( -1.389369008170032060, 2.799156794310854846, -7.000000000000000000 ) ) ;
#2701 = ADVANCED_FACE ( 'NONE', ( #228 ), #3738, .F. ) ;
#2702 = ORIENTED_EDGE ( 'NONE', *, *, #3628, .F. ) ;
#2703 = VECTOR ( 'NONE', #1675, 1000.000000000000000 ) ;
#2704 = EDGE_CURVE ( 'NONE', #3178, #505, #2079, .T. ) ;
#2705 = DIRECTION ( 'NONE',  ( 0.000000000000000000, 0.000000000000000000, 1.000000000000000000 ) ) ;
#2706 = FACE_OUTER_BOUND ( 'NONE', #726, .T. ) ;
#2707 = CIRCLE ( 'NONE', #2835, 1.973045005896731041 ) ;
#2708 = EDGE_CURVE ( 'NONE', #69, #394, #1058, .T. ) ;
#2709 = VECTOR ( 'NONE', #3250, 1000.000000000000114 ) ;
#2710 = ORIENTED_EDGE ( 'NONE', *, *, #3573, .T. ) ;
#2711 = DIRECTION ( 'NONE',  ( 1.000000000000000000, 0.000000000000000000, 0.000000000000000000 ) ) ;
#2712 = CARTESIAN_POINT ( 'NONE',  ( 1.150509560498988115, 2.905503872170954516, -7.000000000000000000 ) ) ;
#2713 = AXIS2_PLACEMENT_3D ( 'NONE', #2507, #3696, #1419 ) ;
#2714 = ADVANCED_FACE ( 'NONE', ( #3422 ), #486, .F. ) ;
#2715 = AXIS2_PLACEMENT_3D ( 'NONE', #3514, #313, #2646 ) ;
#2716 = CARTESIAN_POINT ( 'NONE',  ( 2.769326221617629979, -1.447914803522992067, -7.000000000000000000 ) ) ;
#2717 = DIRECTION ( 'NONE',  ( 0.000000000000000000, 0.000000000000000000, 1.000000000000000000 ) ) ;
#2718 = VECTOR ( 'NONE', #356, 1000.000000000000000 ) ;
#2719 = ORIENTED_EDGE ( 'NONE', *, *, #64, .T. ) ;
#2720 = ORIENTED_EDGE ( 'NONE', *, *, #219, .F. ) ;
#2721 = LINE ( 'NONE', #1236, #3330 ) ;
#2722 = DIRECTION ( 'NONE',  ( 1.000000000000000000, 0.000000000000000000, 0.000000000000000000 ) ) ;
#2723 = EDGE_CURVE ( 'NONE', #3631, #451, #1634, .T. ) ;
#2724 = ORIENTED_EDGE ( 'NONE', *, *, #465, .T. ) ;
#2725 = CYLINDRICAL_SURFACE ( 'NONE', #3709, 4.250000000000000000 ) ;
#2726 = DIRECTION ( 'NONE',  ( 0.000000000000000000, 0.000000000000000000, -1.000000000000000000 ) ) ;
#2727 = VECTOR ( 'NONE', #1489, 1000.000000000000000 ) ;
#2728 = ORIENTED_EDGE ( 'NONE', *, *, #615, .F. ) ;
#2729 = DIRECTION ( 'NONE',  ( 0.000000000000000000, 0.000000000000000000, 1.000000000000000000 ) ) ;
#2730 = CARTESIAN_POINT ( 'NONE',  ( -0.5661290900510469459, 3.229148604873909978, -7.000000000000000000 ) ) ;
#2731 = VERTEX_POINT ( 'NONE', #1658 ) ;
#2732 = ORIENTED_EDGE ( 'NONE', *, *, #3355, .T. ) ;
#2733 = LINE ( 'NONE', #1307, #2395 ) ;
#2734 = EDGE_CURVE ( 'NONE', #3562, #3451, #3814, .T. ) ;
#2735 = CYLINDRICAL_SURFACE ( 'NONE', #1788, 1.899999999999999911 ) ;
#2736 = VERTEX_POINT ( 'NONE', #1173 ) ;
#2737 = ORIENTED_EDGE ( 'NONE', *, *, #2081, .F. ) ;
#2738 = DIRECTION ( 'NONE',  ( 1.000000000000000000, 0.000000000000000000, 0.000000000000000000 ) ) ;
#2739 = CYLINDRICAL_SURFACE ( 'NONE', #2967, 4.250000000000000000 ) ;
#2740 = ORIENTED_EDGE ( 'NONE', *, *, #946, .T. ) ;
#2741 = ADVANCED_FACE ( 'NONE', ( #1737 ), #1120, .F. ) ;
#2742 = DIRECTION ( 'NONE',  ( 0.000000000000000000, 0.000000000000000000, 1.000000000000000000 ) ) ;
#2743 = CARTESIAN_POINT ( 'NONE',  ( -4.246832370088709396, -0.1640573691061663064, -1.000000000000000000 ) ) ;
#2744 = EDGE_CURVE ( 'NONE', #3225, #3655, #3283, .T. ) ;
#2745 = ORIENTED_EDGE ( 'NONE', *, *, #1676, .T. ) ;
#2746 = DIRECTION ( 'NONE',  ( 1.000000000000000000, 0.000000000000000000, 0.000000000000000000 ) ) ;
#2747 = CARTESIAN_POINT ( 'NONE',  ( 1.705702773494270019, -3.109724586830400206, -7.000000000000000000 ) ) ;
#2748 = EDGE_CURVE ( 'NONE', #2938, #1814, #1961, .T. ) ;
#2749 = ORIENTED_EDGE ( 'NONE', *, *, #380, .T. ) ;
#2750 = ORIENTED_EDGE ( 'NONE', *, *, #514, .F. ) ;
#2751 = CARTESIAN_POINT ( 'NONE',  ( 0.000000000000000000, 0.000000000000000000, 11.00000000000000000 ) ) ;
#2752 = FACE_OUTER_BOUND ( 'NONE', #3165, .T. ) ;
#2753 = DIRECTION ( 'NONE',  ( 1.000000000000000000, 0.000000000000000000, 0.000000000000000000 ) ) ;
#2754 = ORIENTED_EDGE ( 'NONE', *, *, #862, .T. ) ;
#2755 = VERTEX_POINT ( 'NONE', #623 ) ;
#2756 = CARTESIAN_POINT ( 'NONE',  ( 0.000000000000000000, 0.000000000000000000, -1.000000000000000000 ) ) ;
#2757 = DIRECTION ( 'NONE',  ( -1.000000000000000000, 0.000000000000000000, 0.000000000000000000 ) ) ;
#2758 = ADVANCED_FACE ( 'NONE', ( #1456 ), #1752, .F. ) ;
#2759 = EDGE_CURVE ( 'NONE', #2731, #1365, #487, .T. ) ;
#2760 = EDGE_LOOP ( 'NONE', ( #3153, #3751, #1297, #222 ) ) ;
#2761 = VERTEX_POINT ( 'NONE', #3538 ) ;
#2762 = CARTESIAN_POINT ( 'NONE',  ( 0.000000000000000000, 0.000000000000000000, -21.00000000000000000 ) ) ;
#2763 = CARTESIAN_POINT ( 'NONE',  ( 0.000000000000000000, 0.000000000000000000, -9.719499999999998252 ) ) ;
#2764 = VECTOR ( 'NONE', #218, 1000.000000000000000 ) ;
#2765 = VECTOR ( 'NONE', #2143, 1000.000000000000000 ) ;
#2766 = FACE_OUTER_BOUND ( 'NONE', #1872, .T. ) ;
#2767 = CARTESIAN_POINT ( 'NONE',  ( 2.849188774732152929, -1.268540572369896147, -1.000000000000000000 ) ) ;
#2768 = EDGE_CURVE ( 'NONE', #253, #1554, #880, .T. ) ;
#2769 = VECTOR ( 'NONE', #1987, 1000.000000000000000 ) ;
#2770 = AXIS2_PLACEMENT_3D ( 'NONE', #318, #3210, #3837 ) ;
#2771 = AXIS2_PLACEMENT_3D ( 'NONE', #3001, #11, #3281 ) ;
#2772 = ORIENTED_EDGE ( 'NONE', *, *, #3436, .T. ) ;
#2773 = ORIENTED_EDGE ( 'NONE', *, *, #585, .F. ) ;
#2774 = CARTESIAN_POINT ( 'NONE',  ( -2.661896170629185043, 1.976326718222530143, -7.000000000000000000 ) ) ;
#2775 = VECTOR ( 'NONE', #1039, 1000.000000000000000 ) ;
#2776 = AXIS2_PLACEMENT_3D ( 'NONE', #3319, #807, #3130 ) ;
#2777 = DIRECTION ( 'NONE',  ( 0.000000000000000000, 0.000000000000000000, 1.000000000000000000 ) ) ;
#2778 = DIRECTION ( 'NONE',  ( 1.000000000000000000, 0.000000000000000000, 0.000000000000000000 ) ) ;
#2779 = CIRCLE ( 'NONE', #178, 1.973045005896731485 ) ;
#2780 = ORIENTED_EDGE ( 'NONE', *, *, #3612, .F. ) ;
#2781 = EDGE_LOOP ( 'NONE', ( #1044, #3690, #2479, #1432 ) ) ;
#2782 = CIRCLE ( 'NONE', #1103, 0.1963495408493620142 ) ;
#2783 = DIRECTION ( 'NONE',  ( -1.000000000000000000, 0.000000000000000000, 0.000000000000000000 ) ) ;
#2784 = VECTOR ( 'NONE', #1564, 1000.000000000000000 ) ;
#2785 = DIRECTION ( 'NONE',  ( -1.000000000000000000, 0.000000000000000000, 0.000000000000000000 ) ) ;
#2786 = AXIS2_PLACEMENT_3D ( 'NONE', #1290, #999, #1498 ) ;
#2787 = ORIENTED_EDGE ( 'NONE', *, *, #2445, .T. ) ;
#2788 = ORIENTED_EDGE ( 'NONE', *, *, #2114, .T. ) ;
#2789 = DIRECTION ( 'NONE',  ( -1.000000000000000000, 0.000000000000000000, 0.000000000000000000 ) ) ;
#2790 = FACE_OUTER_BOUND ( 'NONE', #3476, .T. ) ;
#2791 = CYLINDRICAL_SURFACE ( 'NONE', #1963, 0.1963495408493620142 ) ;
#2792 = DIRECTION ( 'NONE',  ( -0.000000000000000000, -0.000000000000000000, 1.000000000000000000 ) ) ;
#2793 = EDGE_LOOP ( 'NONE', ( #1791, #1053 ) ) ;
#2794 = DIRECTION ( 'NONE',  ( -0.000000000000000000, -0.000000000000000000, 1.000000000000000000 ) ) ;
#2795 = EDGE_CURVE ( 'NONE', #3064, #562, #3339, .T. ) ;
#2796 = CARTESIAN_POINT ( 'NONE',  ( 3.532190061753924137, -2.363500236437080737, -9.719499999999998252 ) ) ;
#2797 = DIRECTION ( 'NONE',  ( 0.000000000000000000, 0.000000000000000000, 1.000000000000000000 ) ) ;
#2798 = DIRECTION ( 'NONE',  ( 0.000000000000000000, 0.000000000000000000, -1.000000000000000000 ) ) ;
#2799 = VERTEX_POINT ( 'NONE', #2357 ) ;
#2800 = ORIENTED_EDGE ( 'NONE', *, *, #2172, .T. ) ;
#2801 = DIRECTION ( 'NONE',  ( 1.000000000000000000, 0.000000000000000000, 0.000000000000000000 ) ) ;
#2802 = CIRCLE ( 'NONE', #2361, 0.1963495408493613481 ) ;
#2803 = DIRECTION ( 'NONE',  ( 1.000000000000000000, 0.000000000000000000, 0.000000000000000000 ) ) ;
#2804 = ORIENTED_EDGE ( 'NONE', *, *, #2502, .F. ) ;
#2805 = EDGE_CURVE ( 'NONE', #3631, #3101, #3515, .T. ) ;
#2806 = DIRECTION ( 'NONE',  ( 0.000000000000000000, 0.000000000000000000, 1.000000000000000000 ) ) ;
#2807 = DIRECTION ( 'NONE',  ( 0.000000000000000000, 0.000000000000000000, -1.000000000000000000 ) ) ;
#2808 = EDGE_CURVE ( 'NONE', #3303, #451, #838, .T. ) ;
#2809 = LINE ( 'NONE', #148, #1221 ) ;
#2810 = CARTESIAN_POINT ( 'NONE',  ( 0.000000000000000000, 0.000000000000000000, -1.000000000000000000 ) ) ;
#2811 = EDGE_CURVE ( 'NONE', #2, #1247, #824, .T. ) ;
#2812 = ADVANCED_FACE ( 'NONE', ( #1769 ), #1794, .F. ) ;
#2813 = ORIENTED_EDGE ( 'NONE', *, *, #3200, .T. ) ;
#2814 = CARTESIAN_POINT ( 'NONE',  ( 2.356053982267043434, 2.279673768679314261, -1.000000000000000000 ) ) ;
#2815 = DIRECTION ( 'NONE',  ( -1.000000000000000000, 0.000000000000000000, 0.000000000000000000 ) ) ;
#2816 = CARTESIAN_POINT ( 'NONE',  ( 2.823075960151754771, 2.147102950642279851, -7.000000000000000000 ) ) ;
#2817 = DIRECTION ( 'NONE',  ( 1.000000000000000000, 0.000000000000000000, 0.000000000000000000 ) ) ;
#2818 = ORIENTED_EDGE ( 'NONE', *, *, #1339, .T. ) ;
#2819 = ORIENTED_EDGE ( 'NONE', *, *, #139, .F. ) ;
#2820 = DIRECTION ( 'NONE',  ( 0.000000000000000000, 0.000000000000000000, 1.000000000000000000 ) ) ;
#2821 = CARTESIAN_POINT ( 'NONE',  ( -0.3124592246176750021, -3.300595060488625165, -9.719499999999998252 ) ) ;
#2822 = EDGE_CURVE ( 'NONE', #1181, #1566, #3247, .T. ) ;
#2823 = ORIENTED_EDGE ( 'NONE', *, *, #1857, .F. ) ;
#2824 = CARTESIAN_POINT ( 'NONE',  ( -2.523182748769603023, -1.833199572910632735, -1.000000000000000000 ) ) ;
#2825 = DIRECTION ( 'NONE',  ( 0.000000000000000000, 0.000000000000000000, 1.000000000000000000 ) ) ;
#2826 = EDGE_CURVE ( 'NONE', #987, #828, #1274, .T. ) ;
#2827 = CARTESIAN_POINT ( 'NONE',  ( 2.020910775106349533, 2.581438067825795102, -7.000000000000000000 ) ) ;
#2828 = CARTESIAN_POINT ( 'NONE',  ( 1.057027249707747973, 3.142332241146029936, -1.000000000000000000 ) ) ;
#2829 = AXIS2_PLACEMENT_3D ( 'NONE', #2130, #1552, #2783 ) ;
#2830 = DIRECTION ( 'NONE',  ( 0.000000000000000000, 0.000000000000000000, 1.000000000000000000 ) ) ;
#2831 = ORIENTED_EDGE ( 'NONE', *, *, #2356, .T. ) ;
#2832 = LINE ( 'NONE', #1776, #3340 ) ;
#2833 = FACE_OUTER_BOUND ( 'NONE', #2189, .T. ) ;
#2834 = APPLICATION_PROTOCOL_DEFINITION ( 'draft international standard', 'automotive_design', 1998, #2353 ) ;
#2835 = AXIS2_PLACEMENT_3D ( 'NONE', #201, #2554, #2897 ) ;
#2836 = VERTEX_POINT ( 'NONE', #3262 ) ;
#2837 = ORIENTED_EDGE ( 'NONE', *, *, #2294, .T. ) ;
#2838 = AXIS2_PLACEMENT_3D ( 'NONE', #544, #567, #2610 ) ;
#2839 = CIRCLE ( 'NONE', #2960, 1.973045005896730597 ) ;
#2840 = CARTESIAN_POINT ( 'NONE',  ( -2.543319442294882826, 1.805483792004361820, -9.719499999999998252 ) ) ;
#2841 = ADVANCED_FACE ( 'NONE', ( #3783 ), #602, .F. ) ;
#2842 = DIRECTION ( 'NONE',  ( 0.000000000000000000, 0.000000000000000000, 1.000000000000000000 ) ) ;
#2843 = AXIS2_PLACEMENT_3D ( 'NONE', #126, #2825, #3419 ) ;
#2844 = CIRCLE ( 'NONE', #732, 0.1963495408493641792 ) ;
#2845 = ORIENTED_EDGE ( 'NONE', *, *, #3436, .F. ) ;
#2846 = ORIENTED_EDGE ( 'NONE', *, *, #476, .F. ) ;
#2847 = ORIENTED_EDGE ( 'NONE', *, *, #2259, .T. ) ;
#2848 = VECTOR ( 'NONE', #2600, 1000.000000000000000 ) ;
#2849 = CARTESIAN_POINT ( 'NONE',  ( -1.559412698567038236, -2.700982023886149275, -1.000000000000000000 ) ) ;
#2850 = CARTESIAN_POINT ( 'NONE',  ( -3.152282387150860288, -0.9005657169910510351, -7.000000000000000000 ) ) ;
#2851 = DIRECTION ( 'NONE',  ( 0.000000000000000000, 0.000000000000000000, 1.000000000000000000 ) ) ;
#2852 = DIRECTION ( 'NONE',  ( 1.000000000000000000, 0.000000000000000000, 0.000000000000000000 ) ) ;
#2853 = VERTEX_POINT ( 'NONE', #2004 ) ;
#2854 = VECTOR ( 'NONE', #3265, 1000.000000000000000 ) ;
#2855 = DIRECTION ( 'NONE',  ( 0.000000000000000000, 0.000000000000000000, 1.000000000000000000 ) ) ;
#2856 = DIRECTION ( 'NONE',  ( 1.000000000000000000, 0.000000000000000000, 0.000000000000000000 ) ) ;
#2857 = VERTEX_POINT ( 'NONE', #15 ) ;
#2858 = ADVANCED_FACE ( 'NONE', ( #1190 ), #898, .F. ) ;
#2859 = EDGE_CURVE ( 'NONE', #213, #3562, #1528, .T. ) ;
#2860 = DIRECTION ( 'NONE',  ( 0.000000000000000000, 0.000000000000000000, 1.000000000000000000 ) ) ;
#2861 = DIRECTION ( 'NONE',  ( 0.000000000000000000, 0.000000000000000000, -1.000000000000000000 ) ) ;
#2862 = VERTEX_POINT ( 'NONE', #368 ) ;
#2863 = ORIENTED_EDGE ( 'NONE', *, *, #692, .F. ) ;
#2864 = VERTEX_POINT ( 'NONE', #2134 ) ;
#2865 = VERTEX_POINT ( 'NONE', #3302 ) ;
#2866 = CARTESIAN_POINT ( 'NONE',  ( -2.719767133969195783, -3.265787307368978265, -9.719499999999998252 ) ) ;
#2867 = DIRECTION ( 'NONE',  ( 0.000000000000000000, 0.000000000000000000, -1.000000000000000000 ) ) ;
#2868 = LINE ( 'NONE', #1418, #2889 ) ;
#2869 = DIRECTION ( 'NONE',  ( 0.000000000000000000, 0.000000000000000000, 1.000000000000000000 ) ) ;
#2870 = DIRECTION ( 'NONE',  ( 0.000000000000000000, 0.000000000000000000, 1.000000000000000000 ) ) ;
#2871 = EDGE_CURVE ( 'NONE', #859, #213, #2103, .T. ) ;
#2872 = EDGE_LOOP ( 'NONE', ( #2750, #1733, #1997, #1801 ) ) ;
#2873 = PRESENTATION_STYLE_ASSIGNMENT (( #3176 ) ) ;
#2874 = DIRECTION ( 'NONE',  ( -1.000000000000000000, 0.000000000000000000, 0.000000000000000000 ) ) ;
#2875 = ORIENTED_EDGE ( 'NONE', *, *, #1548, .F. ) ;
#2876 = ORIENTED_EDGE ( 'NONE', *, *, #3355, .F. ) ;
#2877 = DIRECTION ( 'NONE',  ( 0.000000000000000000, 0.000000000000000000, -1.000000000000000000 ) ) ;
#2878 = CARTESIAN_POINT ( 'NONE',  ( -0.1307321084423206103, 3.122264261048739886, -7.000000000000000000 ) ) ;
#2879 = VERTEX_POINT ( 'NONE', #1879 ) ;
#2880 = ORIENTED_EDGE ( 'NONE', *, *, #423, .T. ) ;
#2881 = EDGE_LOOP ( 'NONE', ( #1430, #652, #2062, #1671 ) ) ;
#2882 = DIRECTION ( 'NONE',  ( 0.000000000000000000, 0.000000000000000000, 1.000000000000000000 ) ) ;
#2883 = DIRECTION ( 'NONE',  ( 0.000000000000000000, 0.000000000000000000, 1.000000000000000000 ) ) ;
#2884 = EDGE_CURVE ( 'NONE', #3132, #1585, #2208, .T. ) ;
#2885 = CARTESIAN_POINT ( 'NONE',  ( 4.188138338522024995, -0.7224937767099589569, -7.000000000000000000 ) ) ;
#2886 = CARTESIAN_POINT ( 'NONE',  ( -2.465546629779852950, -1.976326718222495504, -7.000000000000000000 ) ) ;
#2887 = CARTESIAN_POINT ( 'NONE',  ( 3.452313666459034813, -0.8132277084702069780, -1.000000000000000000 ) ) ;
#2888 = ORIENTED_EDGE ( 'NONE', *, *, #917, .T. ) ;
#2889 = VECTOR ( 'NONE', #1984, 1000.000000000000000 ) ;
#2890 = ADVANCED_FACE ( 'NONE', ( #712 ), #3066, .T. ) ;
#2891 = CARTESIAN_POINT ( 'NONE',  ( -0.5661290900510910218, -3.229148604873899764, -7.000000000000000000 ) ) ;
#2892 = DIRECTION ( 'NONE',  ( 1.000000000000000000, 0.000000000000000000, 0.000000000000000000 ) ) ;
#2893 = ADVANCED_FACE ( 'NONE', ( #418 ), #919, .T. ) ;
#2894 = AXIS2_PLACEMENT_3D ( 'NONE', #1771, #16, #1207 ) ;
#2895 = ORIENTED_EDGE ( 'NONE', *, *, #3541, .T. ) ;
#2896 = VERTEX_POINT ( 'NONE', #3588 ) ;
#2897 = DIRECTION ( 'NONE',  ( -1.000000000000000000, 0.000000000000000000, 0.000000000000000000 ) ) ;
#2898 = CIRCLE ( 'NONE', #546, 1.973045005896588044 ) ;
#2899 = AXIS2_PLACEMENT_3D ( 'NONE', #3559, #2067, #3268 ) ;
#2900 = DIRECTION ( 'NONE',  ( -1.000000000000000000, 0.000000000000000000, 0.000000000000000000 ) ) ;
#2901 = CIRCLE ( 'NONE', #3398, 3.000000000000000444 ) ;
#2902 = ORIENTED_EDGE ( 'NONE', *, *, #1863, .F. ) ;
#2903 = ORIENTED_EDGE ( 'NONE', *, *, #1544, .T. ) ;
#2904 = AXIS2_PLACEMENT_3D ( 'NONE', #18, #2316, #1798 ) ;
#2905 = FACE_OUTER_BOUND ( 'NONE', #119, .T. ) ;
#2906 = VECTOR ( 'NONE', #930, 1000.000000000000000 ) ;
#2907 = DIRECTION ( 'NONE',  ( 1.000000000000000000, 0.000000000000000000, 0.000000000000000000 ) ) ;
#2908 = AXIS2_PLACEMENT_3D ( 'NONE', #1304, #1678, #1011 ) ;
#2909 = CARTESIAN_POINT ( 'NONE',  ( 0.000000000000000000, 0.000000000000000000, 6.000000000000000000 ) ) ;
#2910 = CIRCLE ( 'NONE', #1843, 1.973045005897155590 ) ;
#2911 = EDGE_CURVE ( 'NONE', #2799, #1247, #350, .T. ) ;
#2912 = CARTESIAN_POINT ( 'NONE',  ( -0.3600769430756984302, 3.098159147592467022, -9.719499999999998252 ) ) ;
#2913 = DIRECTION ( 'NONE',  ( 1.000000000000000000, 0.000000000000000000, 0.000000000000000000 ) ) ;
#2914 = VECTOR ( 'NONE', #907, 1000.000000000000000 ) ;
#2915 = EDGE_CURVE ( 'NONE', #3267, #2896, #3526, .T. ) ;
#2916 = ORIENTED_EDGE ( 'NONE', *, *, #3296, .T. ) ;
#2917 = FACE_OUTER_BOUND ( 'NONE', #2112, .T. ) ;
#2918 = DIRECTION ( 'NONE',  ( 0.000000000000000000, 0.000000000000000000, 1.000000000000000000 ) ) ;
#2919 = ORIENTED_EDGE ( 'NONE', *, *, #1197, .F. ) ;
#2920 = FACE_OUTER_BOUND ( 'NONE', #2486, .T. ) ;
#2921 = DIRECTION ( 'NONE',  ( 0.1045284632676433401, -0.9945218953682744001, 0.000000000000000000 ) ) ;
#2922 = EDGE_CURVE ( 'NONE', #2755, #2011, #3316, .T. ) ;
#2923 = EDGE_LOOP ( 'NONE', ( #519, #2297, #532, #709 ) ) ;
#2924 = ORIENTED_EDGE ( 'NONE', *, *, #716, .F. ) ;
#2925 = ORIENTED_EDGE ( 'NONE', *, *, #3565, .T. ) ;
#2926 = DIRECTION ( 'NONE',  ( -4.430664177148927446E-14, -1.000000000000000000, 0.000000000000000000 ) ) ;
#2927 = FACE_BOUND ( 'NONE', #661, .T. ) ;
#2928 = EDGE_CURVE ( 'NONE', #1797, #2059, #384, .T. ) ;
#2929 = FACE_BOUND ( 'NONE', #6, .T. ) ;
#2930 = DIRECTION ( 'NONE',  ( 0.000000000000000000, 0.000000000000000000, 1.000000000000000000 ) ) ;
#2931 = ORIENTED_EDGE ( 'NONE', *, *, #1813, .T. ) ;
#2932 = CYLINDRICAL_SURFACE ( 'NONE', #2332, 1.973045005896730153 ) ;
#2933 = CARTESIAN_POINT ( 'NONE',  ( -2.661896170629215241, -1.976326718222495504, -9.719499999999998252 ) ) ;
#2934 = ORIENTED_EDGE ( 'NONE', *, *, #1315, .T. ) ;
#2935 = CYLINDRICAL_SURFACE ( 'NONE', #482, 3.000000000000000444 ) ;
#2936 = FACE_OUTER_BOUND ( 'NONE', #2243, .T. ) ;
#2937 = ORIENTED_EDGE ( 'NONE', *, *, #2172, .F. ) ;
#2938 = VERTEX_POINT ( 'NONE', #2743 ) ;
#2939 = EDGE_CURVE ( 'NONE', #1550, #3467, #966, .T. ) ;
#2940 = CARTESIAN_POINT ( 'NONE',  ( -2.719767133969146933, 3.265787307369016013, -9.719499999999998252 ) ) ;
#2941 = FACE_OUTER_BOUND ( 'NONE', #1085, .T. ) ;
#2942 = EDGE_CURVE ( 'NONE', #394, #2215, #2901, .T. ) ;
#2943 = DIRECTION ( 'NONE',  ( 0.000000000000000000, 0.000000000000000000, -1.000000000000000000 ) ) ;
#2944 = DIRECTION ( 'NONE',  ( -0.5877852522924568168, -0.8090169943749592196, 0.000000000000000000 ) ) ;
#2945 = EDGE_CURVE ( 'NONE', #2185, #378, #2455, .T. ) ;
#2946 = VERTEX_POINT ( 'NONE', #1518 ) ;
#2947 = DIRECTION ( 'NONE',  ( -0.4067366430757889395, 0.9135454576426058626, 0.000000000000000000 ) ) ;
#2948 = CARTESIAN_POINT ( 'NONE',  ( -3.057794340530367805, 0.6149303048045136055, -9.719499999999998252 ) ) ;
#2949 = ORIENTED_EDGE ( 'NONE', *, *, #889, .T. ) ;
#2950 = CARTESIAN_POINT ( 'NONE',  ( -1.627918660403720130, -2.888155008907924870, -1.000000000000000000 ) ) ;
#2951 = CYLINDRICAL_SURFACE ( 'NONE', #182, 0.1963495408493620142 ) ;
#2952 = CIRCLE ( 'NONE', #3757, 1.973045005897158255 ) ;
#2953 = ORIENTED_EDGE ( 'NONE', *, *, #3472, .F. ) ;
#2954 = ORIENTED_EDGE ( 'NONE', *, *, #2030, .F. ) ;
#2955 = AXIS2_PLACEMENT_3D ( 'NONE', #2404, #871, #2694 ) ;
#2956 = ORIENTED_EDGE ( 'NONE', *, *, #2704, .T. ) ;
#2957 = DIRECTION ( 'NONE',  ( 1.000000000000000000, 0.000000000000000000, 0.000000000000000000 ) ) ;
#2958 = DIRECTION ( 'NONE',  ( 1.000000000000000000, 0.000000000000000000, 0.000000000000000000 ) ) ;
#2959 = CIRCLE ( 'NONE', #1091, 4.249999999998979483 ) ;
#2960 = AXIS2_PLACEMENT_3D ( 'NONE', #922, #33, #400 ) ;
#2961 = ORIENTED_EDGE ( 'NONE', *, *, #2261, .T. ) ;
#2962 = ADVANCED_FACE ( 'NONE', ( #2706 ), #55, .T. ) ;
#2963 = ORIENTED_EDGE ( 'NONE', *, *, #3472, .T. ) ;
#2964 = VECTOR ( 'NONE', #2397, 1000.000000000000000 ) ;
#2965 = CARTESIAN_POINT ( 'NONE',  ( 0.9311881956577039432, 2.976765703412580066, -9.719499999999998252 ) ) ;
#2966 = CARTESIAN_POINT ( 'NONE',  ( 1.705702773494315094, 3.109724586830374893, -1.000000000000000000 ) ) ;
#2967 = AXIS2_PLACEMENT_3D ( 'NONE', #2462, #3312, #345 ) ;
#2968 = CIRCLE ( 'NONE', #1165, 4.249999999998978595 ) ;
#2969 = EDGE_CURVE ( 'NONE', #1649, #3238, #3604, .T. ) ;
#2970 = ORIENTED_EDGE ( 'NONE', *, *, #1557, .T. ) ;
#2971 = EDGE_LOOP ( 'NONE', ( #1892, #1350 ) ) ;
#2972 = DIRECTION ( 'NONE',  ( 0.000000000000000000, 0.000000000000000000, 1.000000000000000000 ) ) ;
#2973 = AXIS2_PLACEMENT_3D ( 'NONE', #3795, #1450, #2272 ) ;
#2974 = DIRECTION ( 'NONE',  ( 0.000000000000000000, 0.000000000000000000, 1.000000000000000000 ) ) ;
#2975 = AXIS2_PLACEMENT_3D ( 'NONE', #79, #2093, #2405 ) ;
#2976 = EDGE_LOOP ( 'NONE', ( #741, #92, #3828, #3452 ) ) ;
#2977 = LINE ( 'NONE', #22, #782 ) ;
#2978 = LINE ( 'NONE', #1853, #2718 ) ;
#2979 = ORIENTED_EDGE ( 'NONE', *, *, #3040, .F. ) ;
#2980 = DIRECTION ( 'NONE',  ( 0.000000000000000000, 0.000000000000000000, 1.000000000000000000 ) ) ;
#2981 = VECTOR ( 'NONE', #923, 1000.000000000000000 ) ;
#2982 = FACE_OUTER_BOUND ( 'NONE', #3202, .T. ) ;
#2983 = EDGE_CURVE ( 'NONE', #253, #284, #173, .T. ) ;
#2984 = EDGE_CURVE ( 'NONE', #801, #1474, #3825, .T. ) ;
#2985 = CARTESIAN_POINT ( 'NONE',  ( -3.043548818098396946, -0.6819502185625323509, -9.719499999999998252 ) ) ;
#2986 = CARTESIAN_POINT ( 'NONE',  ( 0.9311881956577039432, 2.976765703412579622, -1.000000000000000000 ) ) ;
#2987 = DIRECTION ( 'NONE',  ( 0.000000000000000000, 0.000000000000000000, 1.000000000000000000 ) ) ;
#2988 = AXIS2_PLACEMENT_3D ( 'NONE', #1685, #2225, #198 ) ;
#2989 = CARTESIAN_POINT ( 'NONE',  ( -3.235607650385385003, -0.7227735835918119855, -1.000000000000000000 ) ) ;
#2990 = CARTESIAN_POINT ( 'NONE',  ( -1.687256277579699981, -2.853896419658300321, -9.719499999999998252 ) ) ;
#2991 = ADVANCED_FACE ( 'NONE', ( #3664 ), #2178, .F. ) ;
#2992 = CIRCLE ( 'NONE', #1303, 0.1963495408493641792 ) ;
#2993 = ORIENTED_EDGE ( 'NONE', *, *, #2373, .F. ) ;
#2994 = DIRECTION ( 'NONE',  ( 0.4067366430757817786, -0.9135454576426090822, 0.000000000000000000 ) ) ;
#2995 = CARTESIAN_POINT ( 'NONE',  ( 0.000000000000000000, 0.000000000000000000, -9.719499999999998252 ) ) ;
#2996 = VERTEX_POINT ( 'NONE', #3694 ) ;
#2997 = CARTESIAN_POINT ( 'NONE',  ( -1.156315544684377805, -4.089674114292309426, -1.000000000000000000 ) ) ;
#2998 = CYLINDRICAL_SURFACE ( 'NONE', #3159, 0.1963495408493620142 ) ;
#2999 = ORIENTED_EDGE ( 'NONE', *, *, #1976, .F. ) ;
#3000 = DIRECTION ( 'NONE',  ( 0.000000000000000000, 0.000000000000000000, 1.000000000000000000 ) ) ;
#3001 = CARTESIAN_POINT ( 'NONE',  ( 0.2933980814763980094, -3.534646590994565241, -9.719499999999998252 ) ) ;
#3002 = EDGE_CURVE ( 'NONE', #50, #3548, #3480, .T. ) ;
#3003 = DIRECTION ( 'NONE',  ( -1.000000000000000000, 0.000000000000000000, 0.000000000000000000 ) ) ;
#3004 = EDGE_CURVE ( 'NONE', #3181, #1368, #1921, .T. ) ;
#3005 = DIRECTION ( 'NONE',  ( 0.000000000000000000, 0.000000000000000000, 1.000000000000000000 ) ) ;
#3006 = CARTESIAN_POINT ( 'NONE',  ( -2.314977172283870122, 2.687134095881360096, -1.000000000000000000 ) ) ;
#3007 = DIRECTION ( 'NONE',  ( 0.000000000000000000, 0.000000000000000000, 1.000000000000000000 ) ) ;
#3008 = EDGE_CURVE ( 'NONE', #505, #3656, #442, .T. ) ;
#3009 = DIRECTION ( 'NONE',  ( -0.3090169943749576098, -0.9510565162951503115, 0.000000000000000000 ) ) ;
#3010 = ORIENTED_EDGE ( 'NONE', *, *, #2859, .T. ) ;
#3011 = PRODUCT_DEFINITION ( 'UNKNOWN', '', #3780, #1642 ) ;
#3012 = CARTESIAN_POINT ( 'NONE',  ( 2.863122998320096535, 1.237243793775572032, -1.000000000000000000 ) ) ;
#3013 = CARTESIAN_POINT ( 'NONE',  ( 2.112360622440739633, 2.294815484850012410, -1.000000000000000000 ) ) ;
#3014 = ORIENTED_EDGE ( 'NONE', *, *, #1378, .F. ) ;
#3015 = DIRECTION ( 'NONE',  ( -1.000000000000000000, 0.000000000000000000, 0.000000000000000000 ) ) ;
#3016 = ADVANCED_FACE ( 'NONE', ( #2274 ), #209, .T. ) ;
#3017 = VECTOR ( 'NONE', #1502, 1000.000000000000000 ) ;
#3018 = CYLINDRICAL_SURFACE ( 'NONE', #3770, 4.250000000000000000 ) ;
#3019 = VERTEX_POINT ( 'NONE', #806 ) ;
#3020 = AXIS2_PLACEMENT_3D ( 'NONE', #3657, #2877, #3449 ) ;
#3021 = EDGE_CURVE ( 'NONE', #3380, #2761, #2456, .T. ) ;
#3022 = DIRECTION ( 'NONE',  ( 1.000000000000000000, 0.000000000000000000, 0.000000000000000000 ) ) ;
#3023 = VECTOR ( 'NONE', #2431, 1000.000000000000000 ) ;
#3024 = DIRECTION ( 'NONE',  ( 1.000000000000000000, 0.000000000000000000, 0.000000000000000000 ) ) ;
#3025 = CIRCLE ( 'NONE', #2899, 3.000000000000000444 ) ;
#3026 = ADVANCED_FACE ( 'NONE', ( #1032 ), #730, .T. ) ;
#3027 = ADVANCED_FACE ( 'NONE', ( #1616 ), #2506, .F. ) ;
#3028 = AXIS2_PLACEMENT_3D ( 'NONE', #3233, #2930, #3835 ) ;
#3029 = CIRCLE ( 'NONE', #298, 0.1963495408492206273 ) ;
#3030 = CIRCLE ( 'NONE', #1096, 4.249999999998978595 ) ;
#3031 = DIRECTION ( 'NONE',  ( 1.000000000000000000, 0.000000000000000000, 0.000000000000000000 ) ) ;
#3032 = DIRECTION ( 'NONE',  ( 0.000000000000000000, 0.000000000000000000, 1.000000000000000000 ) ) ;
#3033 = AXIS2_PLACEMENT_3D ( 'NONE', #2045, #1455, #525 ) ;
#3034 = AXIS2_PLACEMENT_3D ( 'NONE', #2700, #46, #1225 ) ;
#3035 = ORIENTED_EDGE ( 'NONE', *, *, #2010, .T. ) ;
#3036 = AXIS2_PLACEMENT_3D ( 'NONE', #2529, #3693, #992 ) ;
#3037 = FACE_OUTER_BOUND ( 'NONE', #2976, .T. ) ;
#3038 = FACE_OUTER_BOUND ( 'NONE', #2881, .T. ) ;
#3039 = AXIS2_PLACEMENT_3D ( 'NONE', #1549, #2421, #1834 ) ;
#3040 = EDGE_CURVE ( 'NONE', #647, #2864, #365, .T. ) ;
#3041 = EDGE_LOOP ( 'NONE', ( #2606, #1613, #950, #2308 ) ) ;
#3042 = EDGE_LOOP ( 'NONE', ( #1746, #674, #2016, #3555 ) ) ;
#3043 = DIRECTION ( 'NONE',  ( -0.000000000000000000, -0.000000000000000000, 1.000000000000000000 ) ) ;
#3044 = CARTESIAN_POINT ( 'NONE',  ( -1.589081507155084783, -2.683852729261305470, -9.719499999999998252 ) ) ;
#3045 = ADVANCED_FACE ( 'NONE', ( #1962 ), #1055, .T. ) ;
#3046 = ORIENTED_EDGE ( 'NONE', *, *, #256, .T. ) ;
#3047 = CARTESIAN_POINT ( 'NONE',  ( -0.5661290900509130530, 3.229148604873957051, -1.000000000000000000 ) ) ;
#3048 = DIRECTION ( 'NONE',  ( -1.000000000000000000, 0.000000000000000000, 0.000000000000000000 ) ) ;
#3049 = ADVANCED_FACE ( 'NONE', ( #2790 ), #3735, .F. ) ;
#3050 = CYLINDRICAL_SURFACE ( 'NONE', #2145, 1.973045005896730597 ) ;
#3051 = FACE_OUTER_BOUND ( 'NONE', #1121, .T. ) ;
#3052 = EDGE_CURVE ( 'NONE', #2101, #1850, #1102, .T. ) ;
#3053 = ORIENTED_EDGE ( 'NONE', *, *, #1795, .T. ) ;
#3054 = CARTESIAN_POINT ( 'NONE',  ( -2.702169557679734879, 1.920895156410014959, -9.719499999999998252 ) ) ;
#3055 = AXIS2_PLACEMENT_3D ( 'NONE', #1806, #982, #2165 ) ;
#3056 = DIRECTION ( 'NONE',  ( 0.000000000000000000, 0.000000000000000000, 1.000000000000000000 ) ) ;
#3057 = CARTESIAN_POINT ( 'NONE',  ( -3.207792781939549975, 1.513233103517119815, -9.719499999999998252 ) ) ;
#3058 = EDGE_LOOP ( 'NONE', ( #3660, #2039, #1925, #458 ) ) ;
#3059 = ORIENTED_EDGE ( 'NONE', *, *, #3239, .F. ) ;
#3060 = CARTESIAN_POINT ( 'NONE',  ( 0.000000000000000000, 0.000000000000000000, -1.000000000000000000 ) ) ;
#3061 = CARTESIAN_POINT ( 'NONE',  ( -2.314977172283904761, -2.687134095881329898, -1.000000000000000000 ) ) ;
#3062 = ORIENTED_EDGE ( 'NONE', *, *, #819, .T. ) ;
#3063 = EDGE_CURVE ( 'NONE', #346, #802, #2530, .T. ) ;
#3064 = VERTEX_POINT ( 'NONE', #1300 ) ;
#3065 = DIRECTION ( 'NONE',  ( -0.4067366430758164175, -0.9135454576425936501, 0.000000000000000000 ) ) ;
#3066 = CYLINDRICAL_SURFACE ( 'NONE', #2577, 1.973045005896730153 ) ;
#3067 = DIRECTION ( 'NONE',  ( 0.000000000000000000, 0.000000000000000000, -1.000000000000000000 ) ) ;
#3068 = EDGE_CURVE ( 'NONE', #3701, #2755, #2585, .T. ) ;
#3069 = CARTESIAN_POINT ( 'NONE',  ( 3.270635594739176089, -0.2254898343303638752, -9.719499999999998252 ) ) ;
#3070 = ORIENTED_EDGE ( 'NONE', *, *, #542, .T. ) ;
#3071 = EDGE_CURVE ( 'NONE', #639, #2318, #2546, .T. ) ;
#3072 = ORIENTED_EDGE ( 'NONE', *, *, #876, .F. ) ;
#3073 = DIRECTION ( 'NONE',  ( -0.9135454576426006446, 0.4067366430758008744, 0.000000000000000000 ) ) ;
#3074 = DIRECTION ( 'NONE',  ( -0.6691306063588572384, 0.7431448254773952433, 0.000000000000000000 ) ) ;
#3075 = CARTESIAN_POINT ( 'NONE',  ( -2.513460179390349936, -2.104856476242539909, -7.000000000000000000 ) ) ;
#3076 = VERTEX_POINT ( 'NONE', #1361 ) ;
#3077 = EDGE_LOOP ( 'NONE', ( #279, #2919, #2788, #2155 ) ) ;
#3078 = CARTESIAN_POINT ( 'NONE',  ( -0.2919351088493370439, 3.105321142968429093, -1.000000000000000000 ) ) ;
#3079 = CARTESIAN_POINT ( 'NONE',  ( 0.7770305399062549245, -3.026854562091314982, -7.000000000000000000 ) ) ;
#3080 = ORIENTED_EDGE ( 'NONE', *, *, #56, .F. ) ;
#3081 = CARTESIAN_POINT ( 'NONE',  ( -3.235607650385375234, 0.7227735835918559504, -9.719499999999998252 ) ) ;
#3082 = CARTESIAN_POINT ( 'NONE',  ( 3.079589269441415311, -1.124292128631351861, -7.000000000000000000 ) ) ;
#3083 = VECTOR ( 'NONE', #379, 1000.000000000000000 ) ;
#3084 = EDGE_CURVE ( 'NONE', #721, #3689, #3455, .T. ) ;
#3085 = AXIS2_PLACEMENT_3D ( 'NONE', #657, #3032, #372 ) ;
#3086 = AXIS2_PLACEMENT_3D ( 'NONE', #2774, #1831, #3626 ) ;
#3087 = DIRECTION ( 'NONE',  ( -1.000000000000000000, 0.000000000000000000, 0.000000000000000000 ) ) ;
#3088 = DIRECTION ( 'NONE',  ( -1.000000000000000000, 0.000000000000000000, 0.000000000000000000 ) ) ;
#3089 = AXIS2_PLACEMENT_3D ( 'NONE', #1135, #2334, #288 ) ;
#3090 =( GEOMETRIC_REPRESENTATION_CONTEXT ( 3 ) GLOBAL_UNCERTAINTY_ASSIGNED_CONTEXT ( ( #3497 ) ) GLOBAL_UNIT_ASSIGNED_CONTEXT ( ( #792, #1684, #3115 ) ) REPRESENTATION_CONTEXT ( 'NONE', 'WORKASPACE' ) );
#3091 = VERTEX_POINT ( 'NONE', #1377 ) ;
#3092 = ORIENTED_EDGE ( 'NONE', *, *, #2565, .T. ) ;
#3093 = DIRECTION ( 'NONE',  ( -0.5877852522924837952, 0.8090169943749395687, 0.000000000000000000 ) ) ;
#3094 = AXIS2_PLACEMENT_3D ( 'NONE', #1201, #396, #2757 ) ;
#3095 = AXIS2_PLACEMENT_3D ( 'NONE', #951, #644, #2711 ) ;
#3096 = CYLINDRICAL_SURFACE ( 'NONE', #2786, 0.1963495408493620142 ) ;
#3097 = CARTESIAN_POINT ( 'NONE',  ( 3.079589269441434851, 1.124292128631310117, -7.000000000000000000 ) ) ;
#3098 = ADVANCED_FACE ( 'NONE', ( #2563 ), #597, .T. ) ;
#3099 = AXIS2_PLACEMENT_3D ( 'NONE', #259, #2320, #3241 ) ;
#3100 = ORIENTED_EDGE ( 'NONE', *, *, #2412, .T. ) ;
#3101 = VERTEX_POINT ( 'NONE', #2608 ) ;
#3102 = AXIS2_PLACEMENT_3D ( 'NONE', #1189, #2078, #3285 ) ;
#3103 = CARTESIAN_POINT ( 'NONE',  ( -3.270983679872604633, 1.371304022983455884, -9.719499999999998252 ) ) ;
#3104 = FACE_OUTER_BOUND ( 'NONE', #752, .T. ) ;
#3105 = ADVANCED_FACE ( 'NONE', ( #2371 ), #3496, .T. ) ;
#3106 = ORIENTED_EDGE ( 'NONE', *, *, #3720, .F. ) ;
#3107 = CARTESIAN_POINT ( 'NONE',  ( -0.2919351088493389867, 3.105321142968430426, -7.000000000000000000 ) ) ;
#3108 = DIRECTION ( 'NONE',  ( 0.5000000000000003331, 0.8660254037844384856, 0.000000000000000000 ) ) ;
#3109 = LINE ( 'NONE', #1057, #1345 ) ;
#3110 = DIRECTION ( 'NONE',  ( -0.000000000000000000, -0.000000000000000000, 1.000000000000000000 ) ) ;
#3111 = ADVANCED_FACE ( 'NONE', ( #835 ), #3227, .F. ) ;
#3112 = DIRECTION ( 'NONE',  ( 1.000000000000000000, 0.000000000000000000, 0.000000000000000000 ) ) ;
#3113 = ORIENTED_EDGE ( 'NONE', *, *, #1677, .F. ) ;
#3114 = ADVANCED_FACE ( 'NONE', ( #1712 ), #565, .T. ) ;
#3115 =( NAMED_UNIT ( * ) SI_UNIT ( $, .STERADIAN. ) SOLID_ANGLE_UNIT ( ) );
#3116 = CARTESIAN_POINT ( 'NONE',  ( 2.112360622440804026, -2.294815484850144305, -9.719499999999998252 ) ) ;
#3117 = DIRECTION ( 'NONE',  ( 0.8090169943749426773, -0.5877852522924796874, 0.000000000000000000 ) ) ;
#3118 = EDGE_LOOP ( 'NONE', ( #76, #1687, #1551, #3661 ) ) ;
#3119 = ORIENTED_EDGE ( 'NONE', *, *, #3764, .F. ) ;
#3120 = LINE ( 'NONE', #2540, #292 ) ;
#3121 = AXIS2_PLACEMENT_3D ( 'NONE', #431, #2777, #325 ) ;
#3122 = EDGE_CURVE ( 'NONE', #3672, #2836, #1116, .T. ) ;
#3123 = DIRECTION ( 'NONE',  ( 0.000000000000000000, 0.000000000000000000, 1.000000000000000000 ) ) ;
#3124 = VERTEX_POINT ( 'NONE', #1169 ) ;
#3125 = VERTEX_POINT ( 'NONE', #3811 ) ;
#3126 = ADVANCED_FACE ( 'NONE', ( #266 ), #1451, .F. ) ;
#3127 = DIRECTION ( 'NONE',  ( 0.000000000000000000, 0.000000000000000000, -1.000000000000000000 ) ) ;
#3128 = DIRECTION ( 'NONE',  ( 0.000000000000000000, 0.000000000000000000, 1.000000000000000000 ) ) ;
#3129 = EDGE_CURVE ( 'NONE', #1155, #1918, #1763, .T. ) ;
#3130 = DIRECTION ( 'NONE',  ( 1.000000000000000000, 0.000000000000000000, 0.000000000000000000 ) ) ;
#3131 = DIRECTION ( 'NONE',  ( 1.000000000000000000, 0.000000000000000000, 0.000000000000000000 ) ) ;
#3132 = VERTEX_POINT ( 'NONE', #1477 ) ;
#3133 = CARTESIAN_POINT ( 'NONE',  ( 2.266443087373127163, -3.534646590994565241, -1.000000000000000000 ) ) ;
#3134 = CARTESIAN_POINT ( 'NONE',  ( -2.503046055244360968, -1.860915353816845474, -9.719499999999998252 ) ) ;
#3135 = DIRECTION ( 'NONE',  ( 0.000000000000000000, 0.000000000000000000, 1.000000000000000000 ) ) ;
#3136 = ORIENTED_EDGE ( 'NONE', *, *, #56, .T. ) ;
#3137 = VERTEX_POINT ( 'NONE', #1435 ) ;
#3138 = DIRECTION ( 'NONE',  ( 0.000000000000000000, 0.000000000000000000, 1.000000000000000000 ) ) ;
#3139 = DIRECTION ( 'NONE',  ( -1.000000000000000000, 0.000000000000000000, 0.000000000000000000 ) ) ;
#3140 = ORIENTED_EDGE ( 'NONE', *, *, #2811, .T. ) ;
#3141 = LINE ( 'NONE', #3107, #3589 ) ;
#3142 = DIRECTION ( 'NONE',  ( 0.000000000000000000, 0.000000000000000000, 1.000000000000000000 ) ) ;
#3143 = LINE ( 'NONE', #485, #3345 ) ;
#3144 = DIRECTION ( 'NONE',  ( 0.000000000000000000, 0.000000000000000000, -1.000000000000000000 ) ) ;
#3145 = VECTOR ( 'NONE', #3157, 1000.000000000000000 ) ;
#3146 = ADVANCED_FACE ( 'NONE', ( #524 ), #2664, .F. ) ;
#3147 = AXIS2_PLACEMENT_3D ( 'NONE', #3522, #2631, #297 ) ;
#3148 = DIRECTION ( 'NONE',  ( 0.000000000000000000, 0.000000000000000000, -1.000000000000000000 ) ) ;
#3149 = ORIENTED_EDGE ( 'NONE', *, *, #1262, .T. ) ;
#3150 = CARTESIAN_POINT ( 'NONE',  ( 0.7962284048838451644, 3.180239485670420141, -1.000000000000000000 ) ) ;
#3151 = FACE_OUTER_BOUND ( 'NONE', #1239, .T. ) ;
#3152 = AXIS2_PLACEMENT_3D ( 'NONE', #2887, #1380, #1363 ) ;
#3153 = ORIENTED_EDGE ( 'NONE', *, *, #3352, .F. ) ;
#3154 = ORIENTED_EDGE ( 'NONE', *, *, #273, .F. ) ;
#3155 = AXIS2_PLACEMENT_3D ( 'NONE', #314, #332, #1718 ) ;
#3156 = CIRCLE ( 'NONE', #1464, 1.973045005896729487 ) ;
#3157 = DIRECTION ( 'NONE',  ( 0.000000000000000000, 0.000000000000000000, 1.000000000000000000 ) ) ;
#3158 = CARTESIAN_POINT ( 'NONE',  ( 1.981338335720411514, -3.759893402664042927, -1.000000000000000000 ) ) ;
#3159 = AXIS2_PLACEMENT_3D ( 'NONE', #381, #2113, #2722 ) ;
#3160 = AXIS2_PLACEMENT_3D ( 'NONE', #747, #145, #1936 ) ;
#3161 = ORIENTED_EDGE ( 'NONE', *, *, #3052, .F. ) ;
#3162 = VERTEX_POINT ( 'NONE', #8 ) ;
#3163 = ORIENTED_EDGE ( 'NONE', *, *, #3071, .T. ) ;
#3164 = CIRCLE ( 'NONE', #3649, 3.000000000000000444 ) ;
#3165 = EDGE_LOOP ( 'NONE', ( #280, #2227, #1298, #638 ) ) ;
#3166 = CIRCLE ( 'NONE', #2281, 1.973045005897158699 ) ;
#3167 = ADVANCED_FACE ( 'NONE', ( #2927, #1416 ), #225, .T. ) ;
#3168 = LINE ( 'NONE', #1903, #971 ) ;
#3169 = CARTESIAN_POINT ( 'NONE',  ( 0.2807562157273054693, -4.240716442691395471, -7.000000000000000000 ) ) ;
#3170 = ADVANCED_FACE ( 'NONE', ( #2941 ), #861, .T. ) ;
#3171 = AXIS2_PLACEMENT_3D ( 'NONE', #704, #3117, #1309 ) ;
#3172 = DIRECTION ( 'NONE',  ( -0.4067366430757817786, 0.9135454576426090822, 0.000000000000000000 ) ) ;
#3173 = CARTESIAN_POINT ( 'NONE',  ( -3.235607650385385003, -0.7227735835918119855, -9.719499999999998252 ) ) ;
#3174 = ORIENTED_EDGE ( 'NONE', *, *, #290, .F. ) ;
#3175 = EDGE_CURVE ( 'NONE', #778, #1511, #2328, .T. ) ;
#3176 = SURFACE_STYLE_USAGE ( .BOTH. , #3426 ) ;
#3177 = DIRECTION ( 'NONE',  ( 0.000000000000000000, 0.000000000000000000, -1.000000000000000000 ) ) ;
#3178 = VERTEX_POINT ( 'NONE', #2296 ) ;
#3179 = DIRECTION ( 'NONE',  ( 0.000000000000000000, 0.000000000000000000, 1.000000000000000000 ) ) ;
#3180 = DIRECTION ( 'NONE',  ( 0.000000000000000000, 0.000000000000000000, 1.000000000000000000 ) ) ;
#3181 = VERTEX_POINT ( 'NONE', #1392 ) ;
#3182 = ORIENTED_EDGE ( 'NONE', *, *, #453, .F. ) ;
#3183 = CIRCLE ( 'NONE', #577, 0.1963495408493606265 ) ;
#3184 = ORIENTED_EDGE ( 'NONE', *, *, #963, .T. ) ;
#3185 = CYLINDRICAL_SURFACE ( 'NONE', #680, 1.973045005896730597 ) ;
#3186 = DIRECTION ( 'NONE',  ( -1.000000000000000000, 0.000000000000000000, 0.000000000000000000 ) ) ;
#3187 = CIRCLE ( 'NONE', #3670, 4.249999999998978595 ) ;
#3188 = ADVANCED_FACE ( 'NONE', ( #2586 ), #822, .T. ) ;
#3189 = LINE ( 'NONE', #2885, #3224 ) ;
#3190 = CARTESIAN_POINT ( 'NONE',  ( 3.118825397134030286, -0.1963495408493620142, -7.000000000000000000 ) ) ;
#3191 = DIRECTION ( 'NONE',  ( -1.000000000000000000, 0.000000000000000000, 0.000000000000000000 ) ) ;
#3192 = EDGE_CURVE ( 'NONE', #2634, #2542, #3646, .T. ) ;
#3193 = CARTESIAN_POINT ( 'NONE',  ( -1.589081507155084783, -2.683852729261305470, -1.000000000000000000 ) ) ;
#3194 = ORIENTED_EDGE ( 'NONE', *, *, #2723, .T. ) ;
#3195 = CARTESIAN_POINT ( 'NONE',  ( -3.057794340530225252, 0.6149303048044829634, -4.000000000000000000 ) ) ;
#3196 = CYLINDRICAL_SURFACE ( 'NONE', #2485, 1.973045005896730153 ) ;
#3197 = ORIENTED_EDGE ( 'NONE', *, *, #3662, .T. ) ;
#3198 = FACE_OUTER_BOUND ( 'NONE', #538, .T. ) ;
#3199 = DIRECTION ( 'NONE',  ( -1.000000000000000000, 0.000000000000000000, 0.000000000000000000 ) ) ;
#3200 = EDGE_CURVE ( 'NONE', #1649, #2029, #3357, .T. ) ;
#3201 = EDGE_CURVE ( 'NONE', #2674, #2315, #1807, .T. ) ;
#3202 = EDGE_LOOP ( 'NONE', ( #143, #548, #1312, #1311 ) ) ;
#3203 = ORIENTED_EDGE ( 'NONE', *, *, #1610, .F. ) ;
#3204 = EDGE_LOOP ( 'NONE', ( #914, #2961 ) ) ;
#3205 = CARTESIAN_POINT ( 'NONE',  ( 3.452313666459049468, 0.8132277084701610148, -7.000000000000000000 ) ) ;
#3206 = CARTESIAN_POINT ( 'NONE',  ( -3.235607650385375234, 0.7227735835918559504, -1.000000000000000000 ) ) ;
#3207 = CARTESIAN_POINT ( 'NONE',  ( 3.270635594739144114, -0.2254898343305004604, -1.000000000000000000 ) ) ;
#3208 = CARTESIAN_POINT ( 'NONE',  ( 2.086901529111755860, 2.317738955447586680, -1.000000000000000000 ) ) ;
#3209 = ORIENTED_EDGE ( 'NONE', *, *, #1874, .F. ) ;
#3210 = DIRECTION ( 'NONE',  ( -0.000000000000000000, -0.000000000000000000, 1.000000000000000000 ) ) ;
#3211 = LINE ( 'NONE', #1157, #2854 ) ;
#3212 = ADVANCED_FACE ( 'NONE', ( #2682 ), #691, .T. ) ;
#3213 = EDGE_CURVE ( 'NONE', #2498, #1491, #618, .T. ) ;
#3214 = CIRCLE ( 'NONE', #2197, 4.249999999998978595 ) ;
#3215 = EDGE_LOOP ( 'NONE', ( #3732, #3080, #1167, #1725 ) ) ;
#3216 = CARTESIAN_POINT ( 'NONE',  ( 0.000000000000000000, 0.000000000000000000, -21.00000000000000000 ) ) ;
#3217 = AXIS2_PLACEMENT_3D ( 'NONE', #2990, #3543, #335 ) ;
#3218 = AXIS2_PLACEMENT_3D ( 'NONE', #338, #2037, #2658 ) ;
#3219 = CARTESIAN_POINT ( 'NONE',  ( -3.057794340530235022, -0.6149303048044398867, -9.719499999999998252 ) ) ;
#3220 = ADVANCED_FACE ( 'NONE', ( #3332 ), #2998, .F. ) ;
#3221 = ORIENTED_EDGE ( 'NONE', *, *, #2650, .F. ) ;
#3222 = ORIENTED_EDGE ( 'NONE', *, *, #1680, .F. ) ;
#3223 = VECTOR ( 'NONE', #3742, 1000.000000000000000 ) ;
#3224 = VECTOR ( 'NONE', #3781, 1000.000000000000000 ) ;
#3225 = VERTEX_POINT ( 'NONE', #671 ) ;
#3226 = CARTESIAN_POINT ( 'NONE',  ( -3.545951877715329825, -0.07768036026355409907, -9.719499999999998252 ) ) ;
#3227 = CYLINDRICAL_SURFACE ( 'NONE', #3532, 0.1963495408493620142 ) ;
#3228 = CIRCLE ( 'NONE', #104, 1.973045005896732373 ) ;
#3229 = CIRCLE ( 'NONE', #1470, 0.1963495408493628747 ) ;
#3230 = CIRCLE ( 'NONE', #3102, 0.1963495408493616257 ) ;
#3231 = EDGE_CURVE ( 'NONE', #24, #2853, #2779, .T. ) ;
#3232 = DIRECTION ( 'NONE',  ( 1.000000000000000000, 0.000000000000000000, 0.000000000000000000 ) ) ;
#3233 = CARTESIAN_POINT ( 'NONE',  ( -3.249853172817224856, -0.6557536698337228520, -7.000000000000000000 ) ) ;
#3234 = VECTOR ( 'NONE', #3705, 1000.000000000000000 ) ;
#3235 = ORIENTED_EDGE ( 'NONE', *, *, #1985, .T. ) ;
#3236 = DIRECTION ( 'NONE',  ( 0.000000000000000000, 0.000000000000000000, -1.000000000000000000 ) ) ;
#3237 = DIRECTION ( 'NONE',  ( 1.000000000000000000, 0.000000000000000000, 0.000000000000000000 ) ) ;
#3238 = VERTEX_POINT ( 'NONE', #3044 ) ;
#3239 = EDGE_CURVE ( 'NONE', #1365, #3137, #675, .T. ) ;
#3240 = DIRECTION ( 'NONE',  ( 0.000000000000000000, 0.000000000000000000, -1.000000000000000000 ) ) ;
#3241 = DIRECTION ( 'NONE',  ( 1.000000000000000000, 0.000000000000000000, 0.000000000000000000 ) ) ;
#3242 = VERTEX_POINT ( 'NONE', #989 ) ;
#3243 = ORIENTED_EDGE ( 'NONE', *, *, #1676, .F. ) ;
#3244 = FACE_BOUND ( 'NONE', #1069, .T. ) ;
#3245 = CARTESIAN_POINT ( 'NONE',  ( 0.000000000000000000, 0.000000000000000000, -7.000000000000000000 ) ) ;
#3246 = CARTESIAN_POINT ( 'NONE',  ( -3.812946277480790069, -1.877216206255434949, -7.000000000000000000 ) ) ;
#3247 = LINE ( 'NONE', #584, #1216 ) ;
#3248 = DIRECTION ( 'NONE',  ( 0.000000000000000000, 0.000000000000000000, 1.000000000000000000 ) ) ;
#3249 = ORIENTED_EDGE ( 'NONE', *, *, #3725, .F. ) ;
#3250 = DIRECTION ( 'NONE',  ( 0.9945218953682685159, -0.1045284632676996284, 0.000000000000000000 ) ) ;
#3251 = DIRECTION ( 'NONE',  ( -0.2079116908177127132, 0.9781476007338155698, 0.000000000000000000 ) ) ;
#3252 = ORIENTED_EDGE ( 'NONE', *, *, #3638, .F. ) ;
#3253 = DIRECTION ( 'NONE',  ( 1.000000000000000000, 0.000000000000000000, 0.000000000000000000 ) ) ;
#3254 = DIRECTION ( 'NONE',  ( 0.000000000000000000, 0.000000000000000000, 1.000000000000000000 ) ) ;
#3255 = ADVANCED_FACE ( 'NONE', ( #1790 ), #2739, .T. ) ;
#3256 = VERTEX_POINT ( 'NONE', #1858 ) ;
#3257 = EDGE_LOOP ( 'NONE', ( #1028, #2903, #382, #3502 ) ) ;
#3258 = CARTESIAN_POINT ( 'NONE',  ( -0.1176199352020351890, 3.276288816603965426, -1.000000000000000000 ) ) ;
#3259 = DIRECTION ( 'NONE',  ( 0.000000000000000000, 0.000000000000000000, 1.000000000000000000 ) ) ;
#3260 = EDGE_LOOP ( 'NONE', ( #3540, #1990, #2231, #1691 ) ) ;
#3261 = CARTESIAN_POINT ( 'NONE',  ( 2.835254551144285262, 1.299837350964047955, -4.000000000000000000 ) ) ;
#3262 = CARTESIAN_POINT ( 'NONE',  ( 1.899999999999999911, 2.326828918379971365E-16, 6.000000000000000000 ) ) ;
#3263 = ORIENTED_EDGE ( 'NONE', *, *, #2036, .T. ) ;
#3264 = CARTESIAN_POINT ( 'NONE',  ( 2.929051327846734942, 1.089166341216663891, -7.000000000000000000 ) ) ;
#3265 = DIRECTION ( 'NONE',  ( 0.000000000000000000, 0.000000000000000000, -1.000000000000000000 ) ) ;
#3266 = ADVANCED_FACE ( 'NONE', ( #2982 ), #3018, .T. ) ;
#3267 = VERTEX_POINT ( 'NONE', #68 ) ;
#3268 = DIRECTION ( 'NONE',  ( -1.000000000000000000, 0.000000000000000000, 0.000000000000000000 ) ) ;
#3269 = CARTESIAN_POINT ( 'NONE',  ( 0.000000000000000000, 0.000000000000000000, -7.000000000000000000 ) ) ;
#3270 = AXIS2_PLACEMENT_3D ( 'NONE', #1994, #186, #1356 ) ;
#3271 = ORIENTED_EDGE ( 'NONE', *, *, #630, .F. ) ;
#3272 = AXIS2_PLACEMENT_3D ( 'NONE', #75, #715, #106 ) ;
#3273 = VECTOR ( 'NONE', #1410, 1000.000000000000000 ) ;
#3274 = CARTESIAN_POINT ( 'NONE',  ( -3.207792781939569959, -1.513233103517074962, -9.719499999999998252 ) ) ;
#3275 = CARTESIAN_POINT ( 'NONE',  ( 0.000000000000000000, 0.000000000000000000, -7.000000000000000000 ) ) ;
#3276 = AXIS2_PLACEMENT_3D ( 'NONE', #3397, #2870, #172 ) ;
#3277 = CIRCLE ( 'NONE', #419, 0.1963495408492184624 ) ;
#3278 = CIRCLE ( 'NONE', #1774, 4.249999999998978595 ) ;
#3279 = ORIENTED_EDGE ( 'NONE', *, *, #2911, .T. ) ;
#3280 = CARTESIAN_POINT ( 'NONE',  ( 3.532190061754338029, 2.363500236436461677, -9.719499999999998252 ) ) ;
#3281 = DIRECTION ( 'NONE',  ( -1.000000000000000000, 0.000000000000000000, 0.000000000000000000 ) ) ;
#3282 = EDGE_CURVE ( 'NONE', #639, #2169, #793, .T. ) ;
#3283 = CIRCLE ( 'NONE', #3155, 4.249999999998979483 ) ;
#3284 = CIRCLE ( 'NONE', #556, 0.1963495408493615701 ) ;
#3285 = DIRECTION ( 'NONE',  ( 1.000000000000000000, 0.000000000000000000, 0.000000000000000000 ) ) ;
#3286 = DIRECTION ( 'NONE',  ( 0.000000000000000000, 0.000000000000000000, 1.000000000000000000 ) ) ;
#3287 = AXIS2_PLACEMENT_3D ( 'NONE', #540, #1168, #579 ) ;
#3288 = LINE ( 'NONE', #1720, #2709 ) ;
#3289 = AXIS2_PLACEMENT_3D ( 'NONE', #3079, #122, #2842 ) ;
#3290 = VECTOR ( 'NONE', #596, 1000.000000000000000 ) ;
#3291 = DIRECTION ( 'NONE',  ( 0.000000000000000000, 0.000000000000000000, -1.000000000000000000 ) ) ;
#3292 = EDGE_LOOP ( 'NONE', ( #402, #2534, #2831, #1884 ) ) ;
#3293 = DIRECTION ( 'NONE',  ( 0.000000000000000000, 0.000000000000000000, 1.000000000000000000 ) ) ;
#3294 = CARTESIAN_POINT ( 'NONE',  ( -0.2919351088493369883, 3.105321142968429537, -9.719499999999998252 ) ) ;
#3295 = ORIENTED_EDGE ( 'NONE', *, *, #3839, .T. ) ;
#3296 = EDGE_CURVE ( 'NONE', #828, #2862, #1278, .T. ) ;
#3297 = CYLINDRICAL_SURFACE ( 'NONE', #3493, 0.1963495408493620142 ) ;
#3298 = LINE ( 'NONE', #3582, #1400 ) ;
#3299 = ORIENTED_EDGE ( 'NONE', *, *, #1073, .F. ) ;
#3300 = EDGE_CURVE ( 'NONE', #2372, #2051, #27, .T. ) ;
#3301 = CARTESIAN_POINT ( 'NONE',  ( 1.057027249707708005, -3.142332241146045035, -1.000000000000000000 ) ) ;
#3302 = CARTESIAN_POINT ( 'NONE',  ( -1.589081507154981754, 2.683852729261365866, -9.719499999999998252 ) ) ;
#3303 = VERTEX_POINT ( 'NONE', #1536 ) ;
#3304 = FACE_OUTER_BOUND ( 'NONE', #1174, .T. ) ;
#3305 = DIRECTION ( 'NONE',  ( 0.000000000000000000, 0.000000000000000000, -1.000000000000000000 ) ) ;
#3306 = EDGE_CURVE ( 'NONE', #2853, #3625, #424, .T. ) ;
#3307 = CIRCLE ( 'NONE', #1617, 3.000000000000000444 ) ;
#3308 = ORIENTED_EDGE ( 'NONE', *, *, #2198, .F. ) ;
#3309 = DIRECTION ( 'NONE',  ( -1.000000000000000000, 0.000000000000000000, 0.000000000000000000 ) ) ;
#3310 = CARTESIAN_POINT ( 'NONE',  ( -0.3124592246176750021, -3.300595060488625165, -7.000000000000000000 ) ) ;
#3311 = ORIENTED_EDGE ( 'NONE', *, *, #464, .F. ) ;
#3312 = DIRECTION ( 'NONE',  ( 0.000000000000000000, 0.000000000000000000, 1.000000000000000000 ) ) ;
#3313 = ORIENTED_EDGE ( 'NONE', *, *, #1294, .T. ) ;
#3314 = DIRECTION ( 'NONE',  ( 1.000000000000000000, 0.000000000000000000, 0.000000000000000000 ) ) ;
#3315 = CARTESIAN_POINT ( 'NONE',  ( 3.014628782297434917, 1.379699904078589778, -1.000000000000000000 ) ) ;
#3316 = LINE ( 'NONE', #678, #3698 ) ;
#3317 = EDGE_CURVE ( 'NONE', #2291, #1106, #3298, .T. ) ;
#3318 = DIRECTION ( 'NONE',  ( 0.000000000000000000, 0.000000000000000000, 1.000000000000000000 ) ) ;
#3319 = CARTESIAN_POINT ( 'NONE',  ( 0.000000000000000000, 0.000000000000000000, -1.000000000000000000 ) ) ;
#3320 = DIRECTION ( 'NONE',  ( 1.000000000000000000, 0.000000000000000000, 0.000000000000000000 ) ) ;
#3321 = ADVANCED_FACE ( 'NONE', ( #2099 ), #1514, .F. ) ;
#3322 = ORIENTED_EDGE ( 'NONE', *, *, #3192, .T. ) ;
#3323 = ORIENTED_EDGE ( 'NONE', *, *, #320, .T. ) ;
#3324 = CYLINDRICAL_SURFACE ( 'NONE', #3086, 0.1963495408493620142 ) ;
#3325 = LINE ( 'NONE', #1494, #2914 ) ;
#3326 = CARTESIAN_POINT ( 'NONE',  ( -2.513460179390325067, 2.104856476242574992, -7.000000000000000000 ) ) ;
#3327 = ORIENTED_EDGE ( 'NONE', *, *, #3539, .T. ) ;
#3328 = ORIENTED_EDGE ( 'NONE', *, *, #1680, .T. ) ;
#3329 = DIRECTION ( 'NONE',  ( 1.000000000000000000, 0.000000000000000000, 0.000000000000000000 ) ) ;
#3330 = VECTOR ( 'NONE', #670, 1000.000000000000000 ) ;
#3331 = ADVANCED_FACE ( 'NONE', ( #3600 ), #2409, .T. ) ;
#3332 = FACE_OUTER_BOUND ( 'NONE', #2387, .T. ) ;
#3333 = ORIENTED_EDGE ( 'NONE', *, *, #448, .F. ) ;
#3334 = EDGE_CURVE ( 'NONE', #232, #2865, #1599, .T. ) ;
#3335 = CARTESIAN_POINT ( 'NONE',  ( -2.661896170629185043, 1.976326718222530143, -9.719499999999998252 ) ) ;
#3336 = CIRCLE ( 'NONE', #2266, 1.973045005896730153 ) ;
#3337 = DIRECTION ( 'NONE',  ( -1.000000000000000000, 0.000000000000000000, 0.000000000000000000 ) ) ;
#3338 = AXIS2_PLACEMENT_3D ( 'NONE', #375, #981, #1852 ) ;
#3339 = CIRCLE ( 'NONE', #1652, 1.973045005897155590 ) ;
#3340 = VECTOR ( 'NONE', #1488, 1000.000000000000000 ) ;
#3341 = EDGE_CURVE ( 'NONE', #1129, #921, #141, .T. ) ;
#3342 = CARTESIAN_POINT ( 'NONE',  ( 0.2933980814764465261, 3.534646590994565241, -7.000000000000000000 ) ) ;
#3343 = DIRECTION ( 'NONE',  ( 0.000000000000000000, 0.000000000000000000, 1.000000000000000000 ) ) ;
#3344 = VECTOR ( 'NONE', #2352, 1000.000000000000000 ) ;
#3345 = VECTOR ( 'NONE', #3718, 1000.000000000000000 ) ;
#3346 = AXIS2_PLACEMENT_3D ( 'NONE', #1084, #242, #1977 ) ;
#3347 = EDGE_LOOP ( 'NONE', ( #3370, #1948, #3323, #1466 ) ) ;
#3348 = AXIS2_PLACEMENT_3D ( 'NONE', #2762, #897, #2413 ) ;
#3349 = CARTESIAN_POINT ( 'NONE',  ( -2.430432687826065141, 2.583177482750675047, -1.000000000000000000 ) ) ;
#3350 = CARTESIAN_POINT ( 'NONE',  ( -0.5661290900510886903, -3.229148604873895767, -9.719499999999998252 ) ) ;
#3351 = CIRCLE ( 'NONE', #3039, 1.973045005896732373 ) ;
#3352 = EDGE_CURVE ( 'NONE', #1585, #1739, #2523, .T. ) ;
#3353 = ORIENTED_EDGE ( 'NONE', *, *, #1520, .F. ) ;
#3354 = ORIENTED_EDGE ( 'NONE', *, *, #1395, .T. ) ;
#3355 = EDGE_CURVE ( 'NONE', #414, #932, #1628, .T. ) ;
#3356 = DIRECTION ( 'NONE',  ( -0.000000000000000000, -0.000000000000000000, 1.000000000000000000 ) ) ;
#3357 = LINE ( 'NONE', #636, #3702 ) ;
#3358 = VERTEX_POINT ( 'NONE', #3158 ) ;
#3359 = CARTESIAN_POINT ( 'NONE',  ( -1.440037872544319919, 2.945198428730934737, -7.000000000000000000 ) ) ;
#3360 = DIRECTION ( 'NONE',  ( 0.000000000000000000, 0.000000000000000000, 1.000000000000000000 ) ) ;
#3361 = ORIENTED_EDGE ( 'NONE', *, *, #2044, .T. ) ;
#3362 = CARTESIAN_POINT ( 'NONE',  ( 0.9311881956577038322, 2.976765703412579622, -9.719499999999998252 ) ) ;
#3363 = CARTESIAN_POINT ( 'NONE',  ( -3.946402564646465549, -1.577468477575104222, -9.719499999999998252 ) ) ;
#3364 = VERTEX_POINT ( 'NONE', #3414 ) ;
#3365 = ORIENTED_EDGE ( 'NONE', *, *, #2690, .T. ) ;
#3366 = CARTESIAN_POINT ( 'NONE',  ( 0.2807562157281140447, 4.240716442692360033, -9.719499999999998252 ) ) ;
#3367 = DIRECTION ( 'NONE',  ( 1.000000000000000000, 0.000000000000000000, 0.000000000000000000 ) ) ;
#3368 = CARTESIAN_POINT ( 'NONE',  ( 2.896159312915196793, 1.536282556425134338, -9.719499999999998252 ) ) ;
#3369 = ORIENTED_EDGE ( 'NONE', *, *, #147, .F. ) ;
#3370 = ORIENTED_EDGE ( 'NONE', *, *, #1437, .F. ) ;
#3371 = FACE_OUTER_BOUND ( 'NONE', #2176, .T. ) ;
#3372 = DIRECTION ( 'NONE',  ( 1.000000000000000000, 0.000000000000000000, 0.000000000000000000 ) ) ;
#3373 = EDGE_LOOP ( 'NONE', ( #408, #91, #2954, #2800 ) ) ;
#3374 = ADVANCED_FACE ( 'NONE', ( #3104 ), #500, .F. ) ;
#3375 = DIRECTION ( 'NONE',  ( 1.000000000000000000, 0.000000000000000000, 0.000000000000000000 ) ) ;
#3376 = DIRECTION ( 'NONE',  ( -0.000000000000000000, -0.000000000000000000, 1.000000000000000000 ) ) ;
#3377 = ADVANCED_FACE ( 'NONE', ( #203 ), #1051, .F. ) ;
#3378 = CARTESIAN_POINT ( 'NONE',  ( 0.000000000000000000, 0.000000000000000000, 6.000000000000000000 ) ) ;
#3379 = DIRECTION ( 'NONE',  ( 0.000000000000000000, 0.000000000000000000, 1.000000000000000000 ) ) ;
#3380 = VERTEX_POINT ( 'NONE', #1026 ) ;
#3381 = CARTESIAN_POINT ( 'NONE',  ( 2.835254551144417601, 1.299837350964107907, -9.719499999999998252 ) ) ;
#3382 = CARTESIAN_POINT ( 'NONE',  ( 1.940985383844630041, -2.449122442774455344, -7.000000000000000000 ) ) ;
#3383 = DIRECTION ( 'NONE',  ( 0.000000000000000000, 0.000000000000000000, -1.000000000000000000 ) ) ;
#3384 = ORIENTED_EDGE ( 'NONE', *, *, #751, .T. ) ;
#3385 = VERTEX_POINT ( 'NONE', #761 ) ;
#3386 = DIRECTION ( 'NONE',  ( 1.000000000000000000, 0.000000000000000000, 0.000000000000000000 ) ) ;
#3387 = EDGE_CURVE ( 'NONE', #627, #2309, #2402, .T. ) ;
#3388 = CARTESIAN_POINT ( 'NONE',  ( -1.468371204554240972, -3.988281084079585259, -1.000000000000000000 ) ) ;
#3389 = ORIENTED_EDGE ( 'NONE', *, *, #3561, .F. ) ;
#3390 = CYLINDRICAL_SURFACE ( 'NONE', #3160, 1.973045005896730153 ) ;
#3391 = DIRECTION ( 'NONE',  ( 0.000000000000000000, 0.000000000000000000, 1.000000000000000000 ) ) ;
#3392 = AXIS2_PLACEMENT_3D ( 'NONE', #2151, #1840, #3412 ) ;
#3393 = EDGE_CURVE ( 'NONE', #1388, #758, #2032, .T. ) ;
#3394 = AXIS2_PLACEMENT_3D ( 'NONE', #3666, #422, #3320 ) ;
#3395 = AXIS2_PLACEMENT_3D ( 'NONE', #1916, #1688, #2245 ) ;
#3396 = DIRECTION ( 'NONE',  ( 1.000000000000000000, 0.000000000000000000, 0.000000000000000000 ) ) ;
#3397 = CARTESIAN_POINT ( 'NONE',  ( -0.3806010588439899811, 3.293433065112664870, -7.000000000000000000 ) ) ;
#3398 = AXIS2_PLACEMENT_3D ( 'NONE', #993, #86, #1258 ) ;
#3399 = PRESENTATION_LAYER_ASSIGNMENT (  '', '', ( #1833 ) ) ;
#3400 = AXIS2_PLACEMENT_3D ( 'NONE', #934, #348, #2374 ) ;
#3401 = ORIENTED_EDGE ( 'NONE', *, *, #1152, .F. ) ;
#3402 = ADVANCED_FACE ( 'NONE', ( #1668 ), #1897, .F. ) ;
#3403 = ORIENTED_EDGE ( 'NONE', *, *, #1124, .T. ) ;
#3404 = LINE ( 'NONE', #1926, #2083 ) ;
#3405 = CIRCLE ( 'NONE', #2713, 1.973045005897158255 ) ;
#3406 = DIRECTION ( 'NONE',  ( 0.000000000000000000, 0.000000000000000000, 1.000000000000000000 ) ) ;
#3407 = DIRECTION ( 'NONE',  ( -0.7431448254773861395, 0.6691306063588671194, 0.000000000000000000 ) ) ;
#3408 = VECTOR ( 'NONE', #3056, 1000.000000000000000 ) ;
#3409 = ORIENTED_EDGE ( 'NONE', *, *, #2911, .F. ) ;
#3410 = VERTEX_POINT ( 'NONE', #3675 ) ;
#3411 = CIRCLE ( 'NONE', #560, 1.973045005897157811 ) ;
#3412 = DIRECTION ( 'NONE',  ( 1.000000000000000000, 0.000000000000000000, 0.000000000000000000 ) ) ;
#3413 = AXIS2_PLACEMENT_3D ( 'NONE', #941, #2127, #1196 ) ;
#3414 = CARTESIAN_POINT ( 'NONE',  ( -3.039258109536164376, -0.7227735835918119855, -9.719499999999998252 ) ) ;
#3415 = VERTEX_POINT ( 'NONE', #3388 ) ;
#3416 = ORIENTED_EDGE ( 'NONE', *, *, #503, .T. ) ;
#3417 = EDGE_LOOP ( 'NONE', ( #2324, #1567, #3574, #2993 ) ) ;
#3418 = FACE_OUTER_BOUND ( 'NONE', #1139, .T. ) ;
#3419 = DIRECTION ( 'NONE',  ( 1.000000000000000000, 0.000000000000000000, 0.000000000000000000 ) ) ;
#3420 = EDGE_CURVE ( 'NONE', #2181, #2674, #57, .T. ) ;
#3421 = CARTESIAN_POINT ( 'NONE',  ( 0.000000000000000000, 0.000000000000000000, -1.000000000000000000 ) ) ;
#3422 = FACE_OUTER_BOUND ( 'NONE', #1374, .T. ) ;
#3423 = EDGE_CURVE ( 'NONE', #2799, #3598, #3712, .T. ) ;
#3424 = CARTESIAN_POINT ( 'NONE',  ( 0.2933980814763980094, -3.534646590994565241, -1.000000000000000000 ) ) ;
#3425 = VERTEX_POINT ( 'NONE', #411 ) ;
#3426 = SURFACE_SIDE_STYLE ('',( #1944 ) ) ;
#3427 = DIRECTION ( 'NONE',  ( 0.000000000000000000, 0.000000000000000000, 1.000000000000000000 ) ) ;
#3428 = DIRECTION ( 'NONE',  ( 0.000000000000000000, 0.000000000000000000, -1.000000000000000000 ) ) ;
#3429 = ORIENTED_EDGE ( 'NONE', *, *, #216, .F. ) ;
#3430 = ORIENTED_EDGE ( 'NONE', *, *, #2445, .F. ) ;
#3431 = DIRECTION ( 'NONE',  ( 0.000000000000000000, 0.000000000000000000, 1.000000000000000000 ) ) ;
#3432 = AXIS2_PLACEMENT_3D ( 'NONE', #1513, #1911, #2663 ) ;
#3433 = CARTESIAN_POINT ( 'NONE',  ( -1.627918660403679940, 2.888155008907944854, -7.000000000000000000 ) ) ;
#3434 = ORIENTED_EDGE ( 'NONE', *, *, #1016, .F. ) ;
#3435 = LINE ( 'NONE', #728, #2091 ) ;
#3436 = EDGE_CURVE ( 'NONE', #80, #2181, #1004, .T. ) ;
#3437 = DIRECTION ( 'NONE',  ( 0.000000000000000000, 0.000000000000000000, 1.000000000000000000 ) ) ;
#3438 = CARTESIAN_POINT ( 'NONE',  ( -3.039258109536012942, 0.7227735835918559504, -9.719499999999998252 ) ) ;
#3439 = ADVANCED_FACE ( 'NONE', ( #724 ), #1357, .T. ) ;
#3440 = DIRECTION ( 'NONE',  ( 0.000000000000000000, 0.000000000000000000, 1.000000000000000000 ) ) ;
#3441 = DIRECTION ( 'NONE',  ( 0.000000000000000000, 0.000000000000000000, 1.000000000000000000 ) ) ;
#3442 = VERTEX_POINT ( 'NONE', #2501 ) ;
#3443 = CARTESIAN_POINT ( 'NONE',  ( -3.009848214285025136, 0.8404990939705160313, -7.000000000000000000 ) ) ;
#3444 = DIRECTION ( 'NONE',  ( 0.000000000000000000, 0.000000000000000000, 1.000000000000000000 ) ) ;
#3445 = SHAPE_DEFINITION_REPRESENTATION ( #269, #212 ) ;
#3446 = EDGE_LOOP ( 'NONE', ( #991, #1545, #563, #2442 ) ) ;
#3447 = ORIENTED_EDGE ( 'NONE', *, *, #282, .T. ) ;
#3448 = ADVANCED_FACE ( 'NONE', ( #708 ), #1066, .F. ) ;
#3449 = DIRECTION ( 'NONE',  ( -1.000000000000000000, 0.000000000000000000, 0.000000000000000000 ) ) ;
#3450 = DIRECTION ( 'NONE',  ( 0.000000000000000000, 0.000000000000000000, 1.000000000000000000 ) ) ;
#3451 = VERTEX_POINT ( 'NONE', #3692 ) ;
#3452 = ORIENTED_EDGE ( 'NONE', *, *, #139, .T. ) ;
#3453 = ORIENTED_EDGE ( 'NONE', *, *, #2805, .T. ) ;
#3454 = CYLINDRICAL_SURFACE ( 'NONE', #3536, 1.973045005896730153 ) ;
#3455 = LINE ( 'NONE', #1674, #908 ) ;
#3456 = LINE ( 'NONE', #785, #967 ) ;
#3457 = DIRECTION ( 'NONE',  ( 1.000000000000000000, 0.000000000000000000, 0.000000000000000000 ) ) ;
#3458 = VECTOR ( 'NONE', #1950, 1000.000000000000114 ) ;
#3459 = AXIS2_PLACEMENT_3D ( 'NONE', #1757, #851, #1727 ) ;
#3460 = ORIENTED_EDGE ( 'NONE', *, *, #2624, .T. ) ;
#3461 = CARTESIAN_POINT ( 'NONE',  ( 0.9637700502028919702, 2.966179217131049040, -1.000000000000000000 ) ) ;
#3462 = DIRECTION ( 'NONE',  ( 1.000000000000000000, 0.000000000000000000, 0.000000000000000000 ) ) ;
#3463 = CIRCLE ( 'NONE', #2639, 0.1963495408492206273 ) ;
#3464 = AXIS2_PLACEMENT_3D ( 'NONE', #62, #1233, #3668 ) ;
#3465 = VECTOR ( 'NONE', #3383, 1000.000000000000000 ) ;
#3466 = ORIENTED_EDGE ( 'NONE', *, *, #2369, .F. ) ;
#3467 = VERTEX_POINT ( 'NONE', #1469 ) ;
#3468 = AXIS2_PLACEMENT_3D ( 'NONE', #1653, #1071, #3186 ) ;
#3469 = VECTOR ( 'NONE', #3172, 1000.000000000000000 ) ;
#3470 = CARTESIAN_POINT ( 'NONE',  ( -3.235607650385385003, -0.7227735835918119855, -7.000000000000000000 ) ) ;
#3471 = CARTESIAN_POINT ( 'NONE',  ( 0.000000000000000000, 0.000000000000000000, 6.000000000000000000 ) ) ;
#3472 = EDGE_CURVE ( 'NONE', #2651, #1369, #2587, .T. ) ;
#3473 = AXIS2_PLACEMENT_3D ( 'NONE', #580, #3830, #2074 ) ;
#3474 = AXIS2_PLACEMENT_3D ( 'NONE', #3315, #640, #3022 ) ;
#3475 = ORIENTED_EDGE ( 'NONE', *, *, #3423, .F. ) ;
#3476 = EDGE_LOOP ( 'NONE', ( #2338, #518, #3252, #2740 ) ) ;
#3477 = ORIENTED_EDGE ( 'NONE', *, *, #465, .F. ) ;
#3478 = AXIS2_PLACEMENT_3D ( 'NONE', #1612, #3450, #2803 ) ;
#3479 = DIRECTION ( 'NONE',  ( 0.000000000000000000, 0.000000000000000000, -1.000000000000000000 ) ) ;
#3480 = LINE ( 'NONE', #781, #1778 ) ;
#3481 = VECTOR ( 'NONE', #155, 1000.000000000000000 ) ;
#3482 = CARTESIAN_POINT ( 'NONE',  ( 0.4479077197208464756, -3.518406973625709977, -1.000000000000000000 ) ) ;
#3483 = DIRECTION ( 'NONE',  ( 1.000000000000000000, 0.000000000000000000, 0.000000000000000000 ) ) ;
#3484 = VERTEX_POINT ( 'NONE', #3507 ) ;
#3485 = DIRECTION ( 'NONE',  ( -0.000000000000000000, -0.000000000000000000, 1.000000000000000000 ) ) ;
#3486 = CARTESIAN_POINT ( 'NONE',  ( 3.000000000000000444, 3.673940397442060361E-16, -1.000000000000000000 ) ) ;
#3487 = ORIENTED_EDGE ( 'NONE', *, *, #520, .T. ) ;
#3488 = ORIENTED_EDGE ( 'NONE', *, *, #2969, .T. ) ;
#3489 = DIRECTION ( 'NONE',  ( -0.000000000000000000, -0.000000000000000000, 1.000000000000000000 ) ) ;
#3490 = DIRECTION ( 'NONE',  ( 0.000000000000000000, 0.000000000000000000, -1.000000000000000000 ) ) ;
#3491 = ORIENTED_EDGE ( 'NONE', *, *, #2680, .F. ) ;
#3492 = EDGE_LOOP ( 'NONE', ( #2196, #1359, #1664, #947 ) ) ;
#3493 = AXIS2_PLACEMENT_3D ( 'NONE', #1184, #2370, #616 ) ;
#3494 = ORIENTED_EDGE ( 'NONE', *, *, #2484, .F. ) ;
#3495 = CARTESIAN_POINT ( 'NONE',  ( -3.246046332586539851, -0.4594410361108419716, -9.719499999999998252 ) ) ;
#3496 = CYLINDRICAL_SURFACE ( 'NONE', #970, 1.973045005896730153 ) ;
#3497 = UNCERTAINTY_MEASURE_WITH_UNIT (LENGTH_MEASURE( 1.000000000000000082E-05 ), #792, 'distance_accuracy_value', 'NONE');
#3498 = EDGE_CURVE ( 'NONE', #3410, #1566, #1447, .T. ) ;
#3499 = CARTESIAN_POINT ( 'NONE',  ( 0.2807562157281131565, 4.240716442692360033, -1.000000000000000000 ) ) ;
#3500 = ADVANCED_FACE ( 'NONE', ( #2936 ), #2951, .F. ) ;
#3501 = DIRECTION ( 'NONE',  ( 0.000000000000000000, 0.000000000000000000, 1.000000000000000000 ) ) ;
#3502 = ORIENTED_EDGE ( 'NONE', *, *, #3317, .F. ) ;
#3503 = CARTESIAN_POINT ( 'NONE',  ( -1.830597722194789334, 2.719708594400580548, -1.000000000000000000 ) ) ;
#3504 = DIRECTION ( 'NONE',  ( -1.000000000000000000, 0.000000000000000000, 0.000000000000000000 ) ) ;
#3505 = EDGE_LOOP ( 'NONE', ( #604, #3648, #736, #1481 ) ) ;
#3506 = CARTESIAN_POINT ( 'NONE',  ( 3.484614976550524990, 0.6612619924381989422, -1.000000000000000000 ) ) ;
#3507 = CARTESIAN_POINT ( 'NONE',  ( 0.8034072016300940478, -3.348396088319579800, -9.719499999999998252 ) ) ;
#3508 = EDGE_LOOP ( 'NONE', ( #2621, #1759, #301, #976 ) ) ;
#3509 = VERTEX_POINT ( 'NONE', #1141 ) ;
#3510 = ORIENTED_EDGE ( 'NONE', *, *, #2531, .T. ) ;
#3511 = FACE_OUTER_BOUND ( 'NONE', #3759, .T. ) ;
#3512 = CARTESIAN_POINT ( 'NONE',  ( -1.627918660403720130, -2.888155008907924870, -7.000000000000000000 ) ) ;
#3513 = EDGE_CURVE ( 'NONE', #3162, #3225, #912, .T. ) ;
#3514 = CARTESIAN_POINT ( 'NONE',  ( 3.042497229473239972, 1.317106346890114077, -9.719499999999998252 ) ) ;
#3515 = LINE ( 'NONE', #3208, #1592 ) ;
#3516 = EDGE_CURVE ( 'NONE', #2567, #2583, #2341, .T. ) ;
#3517 = ORIENTED_EDGE ( 'NONE', *, *, #3513, .F. ) ;
#3518 = CARTESIAN_POINT ( 'NONE',  ( -3.812946277481725321, 1.877216206255785336, -1.000000000000000000 ) ) ;
#3519 = CARTESIAN_POINT ( 'NONE',  ( -2.465546629779995058, -1.976326718222495504, -9.719499999999998252 ) ) ;
#3520 = CIRCLE ( 'NONE', #954, 0.1963495408493613481 ) ;
#3521 = EDGE_LOOP ( 'NONE', ( #3804, #2499, #2895, #1002 ) ) ;
#3522 = CARTESIAN_POINT ( 'NONE',  ( -2.661896170629215241, -1.976326718222495504, -1.000000000000000000 ) ) ;
#3523 = CIRCLE ( 'NONE', #3394, 0.1963495408493637351 ) ;
#3524 = VECTOR ( 'NONE', #1887, 1000.000000000000114 ) ;
#3525 = DIRECTION ( 'NONE',  ( 0.000000000000000000, 0.000000000000000000, 1.000000000000000000 ) ) ;
#3526 = CIRCLE ( 'NONE', #1463, 1.973045005896728155 ) ;
#3527 = ORIENTED_EDGE ( 'NONE', *, *, #352, .F. ) ;
#3528 = ORIENTED_EDGE ( 'NONE', *, *, #765, .F. ) ;
#3529 = CIRCLE ( 'NONE', #175, 1.973045005896729487 ) ;
#3530 = EDGE_LOOP ( 'NONE', ( #1246, #327, #1641, #3295, #2346, #875, #1837, #3279, #1756, #1743, #717, #223, #1023, #2953, #2615, #3590, #3673, #1086, #762, #3070, #2999, #1621, #1630, #291, #769, #2698, #446, #3203, #1730, #2457, #2256, #440, #1959, #1052, #1546, #594, #1114, #1876, #221, #236, #1088, #2937, #1177, #3527, #939, #1855, #2066, #2465, #3510, #2819, #2205, #1286, #779, #600, #3197, #477, #831, #1440, #689, #1063, #2594, #302, #1214, #3136, #1384, #377, #3453, #2270, #2526, #3035, #613, #2416, #1625, #324, #1001, #3793, #2916, #2349, #317, #909, #2670, #2199, #3713, #589, #473, #1259, #296, #2419, #1113, #2128, #1775, #1269, #504, #3708, #2123, #2720, #3184, #3062, #1780, #2559 ) ) ;
#3531 = DIRECTION ( 'NONE',  ( 1.000000000000000000, 0.000000000000000000, 0.000000000000000000 ) ) ;
#3532 = AXIS2_PLACEMENT_3D ( 'NONE', #283, #541, #2907 ) ;
#3533 = CARTESIAN_POINT ( 'NONE',  ( 0.2807562157273614800, 4.240716442691390142, -7.000000000000000000 ) ) ;
#3534 = CIRCLE ( 'NONE', #3827, 1.973045005896733262 ) ;
#3535 = AXIS2_PLACEMENT_3D ( 'NONE', #1333, #2483, #1645 ) ;
#3536 = AXIS2_PLACEMENT_3D ( 'NONE', #2177, #780, #3375 ) ;
#3537 = CARTESIAN_POINT ( 'NONE',  ( -1.529743889978995020, 2.718111318510990415, -9.719499999999998252 ) ) ;
#3538 = CARTESIAN_POINT ( 'NONE',  ( 4.188138338522914061, 0.7224937767108100539, -1.000000000000000000 ) ) ;
#3539 = EDGE_CURVE ( 'NONE', #586, #522, #679, .T. ) ;
#3540 = ORIENTED_EDGE ( 'NONE', *, *, #2322, .F. ) ;
#3541 = EDGE_CURVE ( 'NONE', #1999, #2731, #872, .T. ) ;
#3542 = FACE_OUTER_BOUND ( 'NONE', #688, .T. ) ;
#3543 = DIRECTION ( 'NONE',  ( -0.000000000000000000, -0.000000000000000000, 1.000000000000000000 ) ) ;
#3544 = ORIENTED_EDGE ( 'NONE', *, *, #2335, .F. ) ;
#3545 = EDGE_CURVE ( 'NONE', #802, #2029, #1164, .T. ) ;
#3546 = CARTESIAN_POINT ( 'NONE',  ( -3.246046332586534966, 0.4594410361108869911, -7.000000000000000000 ) ) ;
#3547 = CARTESIAN_POINT ( 'NONE',  ( 0.000000000000000000, 0.000000000000000000, -1.000000000000000000 ) ) ;
#3548 = VERTEX_POINT ( 'NONE', #1745 ) ;
#3549 = ORIENTED_EDGE ( 'NONE', *, *, #2734, .T. ) ;
#3550 = CARTESIAN_POINT ( 'NONE',  ( 2.061442435782685045, -2.340662426045239553, -7.000000000000000000 ) ) ;
#3551 = DIRECTION ( 'NONE',  ( 0.000000000000000000, 0.000000000000000000, 1.000000000000000000 ) ) ;
#3552 = ORIENTED_EDGE ( 'NONE', *, *, #626, .T. ) ;
#3553 = PLANE ( 'NONE',  #179 ) ;
#3554 = DIRECTION ( 'NONE',  ( 1.000000000000000000, 0.000000000000000000, 0.000000000000000000 ) ) ;
#3555 = ORIENTED_EDGE ( 'NONE', *, *, #911, .F. ) ;
#3556 = FACE_OUTER_BOUND ( 'NONE', #757, .T. ) ;
#3557 = CARTESIAN_POINT ( 'NONE',  ( -3.152282387151039700, -0.9005657169906650106, -9.719499999999998252 ) ) ;
#3558 = EDGE_LOOP ( 'NONE', ( #772, #1900, #539, #2410 ) ) ;
#3559 = CARTESIAN_POINT ( 'NONE',  ( 0.000000000000000000, 0.000000000000000000, -9.719499999999998252 ) ) ;
#3560 = DIRECTION ( 'NONE',  ( 0.000000000000000000, 0.000000000000000000, -1.000000000000000000 ) ) ;
#3561 = EDGE_CURVE ( 'NONE', #3256, #452, #1224, .T. ) ;
#3562 = VERTEX_POINT ( 'NONE', #299 ) ;
#3563 = DIRECTION ( 'NONE',  ( 0.000000000000000000, 0.000000000000000000, -1.000000000000000000 ) ) ;
#3564 = DIRECTION ( 'NONE',  ( 1.000000000000000000, 0.000000000000000000, -0.000000000000000000 ) ) ;
#3565 = EDGE_CURVE ( 'NONE', #2215, #394, #243, .T. ) ;
#3566 = FACE_OUTER_BOUND ( 'NONE', #274, .T. ) ;
#3567 = EDGE_CURVE ( 'NONE', #522, #213, #2152, .T. ) ;
#3568 = CARTESIAN_POINT ( 'NONE',  ( 2.823075960151754771, -2.147102950642279851, -9.719499999999998252 ) ) ;
#3569 = DIRECTION ( 'NONE',  ( 0.000000000000000000, 0.000000000000000000, 1.000000000000000000 ) ) ;
#3570 = CARTESIAN_POINT ( 'NONE',  ( 3.532190061753459620, -2.363500236435939872, -7.000000000000000000 ) ) ;
#3571 = PLANE ( 'NONE',  #235 ) ;
#3572 = CARTESIAN_POINT ( 'NONE',  ( 0.000000000000000000, 0.000000000000000000, -9.719499999999998252 ) ) ;
#3573 = EDGE_CURVE ( 'NONE', #3625, #797, #495, .T. ) ;
#3574 = ORIENTED_EDGE ( 'NONE', *, *, #476, .T. ) ;
#3575 = CARTESIAN_POINT ( 'NONE',  ( 0.6070735070739039507, 4.206419113330439608, -7.000000000000000000 ) ) ;
#3576 = DIRECTION ( 'NONE',  ( 0.000000000000000000, 0.000000000000000000, 1.000000000000000000 ) ) ;
#3577 = VECTOR ( 'NONE', #3000, 1000.000000000000000 ) ;
#3578 = EDGE_LOOP ( 'NONE', ( #903, #2737, #2745, #858 ) ) ;
#3579 = CIRCLE ( 'NONE', #1890, 1.973045005896730153 ) ;
#3580 = ADVANCED_FACE ( 'NONE', ( #830 ), #1689, .F. ) ;
#3581 = CARTESIAN_POINT ( 'NONE',  ( -1.627918660403679940, 2.888155008907944854, -9.719499999999998252 ) ) ;
#3582 = CARTESIAN_POINT ( 'NONE',  ( -2.503046055244360080, -1.860915353816845030, -4.000000000000000000 ) ) ;
#3583 = CIRCLE ( 'NONE', #1773, 1.973045005896730153 ) ;
#3584 = ORIENTED_EDGE ( 'NONE', *, *, #1417, .T. ) ;
#3585 = CIRCLE ( 'NONE', #676, 1.973045005897155590 ) ;
#3586 = EDGE_CURVE ( 'NONE', #2223, #2035, #3229, .T. ) ;
#3587 = DIRECTION ( 'NONE',  ( -0.000000000000000000, -0.000000000000000000, 1.000000000000000000 ) ) ;
#3588 = CARTESIAN_POINT ( 'NONE',  ( -2.963603903834561404, 3.046235693633679631, -9.719499999999998252 ) ) ;
#3589 = VECTOR ( 'NONE', #460, 1000.000000000000000 ) ;
#3590 = ORIENTED_EDGE ( 'NONE', *, *, #344, .F. ) ;
#3591 = CARTESIAN_POINT ( 'NONE',  ( -3.043548818098396946, -0.6819502185625323509, -1.000000000000000000 ) ) ;
#3592 = DIRECTION ( 'NONE',  ( 0.000000000000000000, 0.000000000000000000, 1.000000000000000000 ) ) ;
#3593 = EDGE_LOOP ( 'NONE', ( #2949, #41 ) ) ;
#3594 = DIRECTION ( 'NONE',  ( 0.000000000000000000, 0.000000000000000000, -1.000000000000000000 ) ) ;
#3595 = ADVANCED_FACE ( 'NONE', ( #1163 ), #2348, .T. ) ;
#3596 = DIRECTION ( 'NONE',  ( -1.000000000000000000, 0.000000000000000000, 0.000000000000000000 ) ) ;
#3597 = ORIENTED_EDGE ( 'NONE', *, *, #1555, .T. ) ;
#3598 = VERTEX_POINT ( 'NONE', #3219 ) ;
#3599 = CARTESIAN_POINT ( 'NONE',  ( -1.149999999999999911, 0.000000000000000000, -21.00000000000000000 ) ) ;
#3600 = FACE_OUTER_BOUND ( 'NONE', #2641, .T. ) ;
#3601 = CARTESIAN_POINT ( 'NONE',  ( 0.9963519047475365431, -2.955592730849699201, -9.719499999999998252 ) ) ;
#3602 = EDGE_CURVE ( 'NONE', #1329, #2879, #2653, .T. ) ;
#3603 = LINE ( 'NONE', #935, #1782 ) ;
#3604 = LINE ( 'NONE', #696, #1715 ) ;
#3605 = EDGE_CURVE ( 'NONE', #2248, #69, #3164, .T. ) ;
#3606 = ORIENTED_EDGE ( 'NONE', *, *, #1484, .F. ) ;
#3607 = LINE ( 'NONE', #937, #3703 ) ;
#3608 = DIRECTION ( 'NONE',  ( 0.000000000000000000, 0.000000000000000000, 1.000000000000000000 ) ) ;
#3609 = EDGE_LOOP ( 'NONE', ( #2876, #609, #2472, #2362 ) ) ;
#3610 = FACE_OUTER_BOUND ( 'NONE', #3521, .T. ) ;
#3611 = CARTESIAN_POINT ( 'NONE',  ( -3.235607650385385003, -0.7227735835918119855, -9.719499999999998252 ) ) ;
#3612 = EDGE_CURVE ( 'NONE', #1854, #3655, #2576, .T. ) ;
#3613 = ORIENTED_EDGE ( 'NONE', *, *, #1364, .F. ) ;
#3614 = ORIENTED_EDGE ( 'NONE', *, *, #12, .T. ) ;
#3615 = DIRECTION ( 'NONE',  ( -1.000000000000000000, 0.000000000000000000, 0.000000000000000000 ) ) ;
#3616 = CARTESIAN_POINT ( 'NONE',  ( 2.914394700463180055, 2.021413487477434767, -9.719499999999998252 ) ) ;
#3617 = ORIENTED_EDGE ( 'NONE', *, *, #3387, .T. ) ;
#3618 = CARTESIAN_POINT ( 'NONE',  ( -2.702169557679759748, -1.920895156409979876, -7.000000000000000000 ) ) ;
#3619 = CARTESIAN_POINT ( 'NONE',  ( 0.000000000000000000, 0.000000000000000000, -1.000000000000000000 ) ) ;
#3620 = ADVANCED_FACE ( 'NONE', ( #686 ), #612, .T. ) ;
#3621 = CARTESIAN_POINT ( 'NONE',  ( 2.356053982267039881, -2.279673768679364887, -7.000000000000000000 ) ) ;
#3622 = LINE ( 'NONE', #88, #902 ) ;
#3623 = EDGE_CURVE ( 'NONE', #2318, #3364, #311, .T. ) ;
#3624 = ADVANCED_FACE ( 'NONE', ( #376 ), #1218, .T. ) ;
#3625 = VERTEX_POINT ( 'NONE', #2146 ) ;
#3626 = DIRECTION ( 'NONE',  ( 1.000000000000000000, 0.000000000000000000, 0.000000000000000000 ) ) ;
#3627 = CARTESIAN_POINT ( 'NONE',  ( -2.719767133968015393, -3.265787307368635428, -7.000000000000000000 ) ) ;
#3628 = EDGE_CURVE ( 'NONE', #1955, #2230, #2435, .T. ) ;
#3629 = LINE ( 'NONE', #3326, #1343 ) ;
#3630 = VERTEX_POINT ( 'NONE', #65 ) ;
#3631 = VERTEX_POINT ( 'NONE', #3013 ) ;
#3632 = DIRECTION ( 'NONE',  ( 0.000000000000000000, 0.000000000000000000, -1.000000000000000000 ) ) ;
#3633 = VECTOR ( 'NONE', #1611, 1000.000000000000000 ) ;
#3634 = DIRECTION ( 'NONE',  ( 0.000000000000000000, 0.000000000000000000, 1.000000000000000000 ) ) ;
#3635 = EDGE_LOOP ( 'NONE', ( #1562, #138, #2438, #554 ) ) ;
#3636 = AXIS2_PLACEMENT_3D ( 'NONE', #3349, #1868, #956 ) ;
#3637 = DIRECTION ( 'NONE',  ( 1.000000000000000000, 0.000000000000000000, 0.000000000000000000 ) ) ;
#3638 = EDGE_CURVE ( 'NONE', #413, #2206, #2978, .T. ) ;
#3639 = CIRCLE ( 'NONE', #99, 1.973045005896731929 ) ;
#3640 = DIRECTION ( 'NONE',  ( 1.000000000000000000, 0.000000000000000000, 0.000000000000000000 ) ) ;
#3641 = AXIS2_PLACEMENT_3D ( 'NONE', #444, #1322, #2508 ) ;
#3642 = AXIS2_PLACEMENT_3D ( 'NONE', #3421, #421, #3755 ) ;
#3643 = LINE ( 'NONE', #714, #240 ) ;
#3644 = EDGE_CURVE ( 'NONE', #2864, #1006, #1284, .T. ) ;
#3645 = CARTESIAN_POINT ( 'NONE',  ( 3.118825397134030286, 0.03425858924962450064, -4.000000000000000000 ) ) ;
#3646 = CIRCLE ( 'NONE', #1595, 0.1963495408493620142 ) ;
#3647 = CIRCLE ( 'NONE', #497, 0.1963495408493615701 ) ;
#3648 = ORIENTED_EDGE ( 'NONE', *, *, #2744, .F. ) ;
#3649 = AXIS2_PLACEMENT_3D ( 'NONE', #3471, #3180, #1386 ) ;
#3650 = VERTEX_POINT ( 'NONE', #3350 ) ;
#3651 = CIRCLE ( 'NONE', #429, 1.973045005897158699 ) ;
#3652 = DIRECTION ( 'NONE',  ( -0.000000000000000000, -0.000000000000000000, -1.000000000000000000 ) ) ;
#3653 = CARTESIAN_POINT ( 'NONE',  ( 2.232817674378795303, 2.186355468120789958, -7.000000000000000000 ) ) ;
#3654 = LINE ( 'NONE', #3075, #3465 ) ;
#3655 = VERTEX_POINT ( 'NONE', #1510 ) ;
#3656 = VERTEX_POINT ( 'NONE', #2677 ) ;
#3657 = CARTESIAN_POINT ( 'NONE',  ( -3.270983679872624617, -1.371304022983409920, -9.719499999999998252 ) ) ;
#3658 = EDGE_CURVE ( 'NONE', #2100, #20, #1234, .T. ) ;
#3659 = DIRECTION ( 'NONE',  ( 1.000000000000000000, 0.000000000000000000, 0.000000000000000000 ) ) ;
#3660 = ORIENTED_EDGE ( 'NONE', *, *, #893, .F. ) ;
#3661 = ORIENTED_EDGE ( 'NONE', *, *, #1976, .T. ) ;
#3662 = EDGE_CURVE ( 'NONE', #2216, #960, #957, .T. ) ;
#3663 = CARTESIAN_POINT ( 'NONE',  ( -1.156315544683381935, 4.089674114291534934, -7.000000000000000000 ) ) ;
#3664 = FACE_OUTER_BOUND ( 'NONE', #2160, .T. ) ;
#3665 = DIRECTION ( 'NONE',  ( -1.000000000000000000, 0.000000000000000000, 0.000000000000000000 ) ) ;
#3666 = CARTESIAN_POINT ( 'NONE',  ( -3.249853172817224856, -0.6557536698337228520, -1.000000000000000000 ) ) ;
#3667 = ORIENTED_EDGE ( 'NONE', *, *, #3008, .T. ) ;
#3668 = DIRECTION ( 'NONE',  ( 1.000000000000000000, 0.000000000000000000, 0.000000000000000000 ) ) ;
#3669 = DIRECTION ( 'NONE',  ( 1.000000000000000000, 0.000000000000000000, 0.000000000000000000 ) ) ;
#3670 = AXIS2_PLACEMENT_3D ( 'NONE', #3760, #795, #449 ) ;
#3671 = CARTESIAN_POINT ( 'NONE',  ( -3.000000000000000444, 3.673940397442060361E-16, -9.719499999999998252 ) ) ;
#3672 = VERTEX_POINT ( 'NONE', #2695 ) ;
#3673 = ORIENTED_EDGE ( 'NONE', *, *, #713, .F. ) ;
#3674 = DIRECTION ( 'NONE',  ( -0.000000000000000000, -0.000000000000000000, 1.000000000000000000 ) ) ;
#3675 = CARTESIAN_POINT ( 'NONE',  ( -2.543319442294998289, 1.805483792004446419, -9.719499999999998252 ) ) ;
#3676 = EDGE_CURVE ( 'NONE', #2853, #2657, #1803, .T. ) ;
#3677 = VERTEX_POINT ( 'NONE', #1180 ) ;
#3678 = DIRECTION ( 'NONE',  ( 0.000000000000000000, 0.000000000000000000, 1.000000000000000000 ) ) ;
#3679 = DIRECTION ( 'NONE',  ( -0.000000000000000000, -0.000000000000000000, 1.000000000000000000 ) ) ;
#3680 = LINE ( 'NONE', #1923, #3469 ) ;
#3681 = CARTESIAN_POINT ( 'NONE',  ( 0.6070735070730671756, -4.206419113331672399, -1.000000000000000000 ) ) ;
#3682 = LINE ( 'NONE', #1810, #2703 ) ;
#3683 = ORIENTED_EDGE ( 'NONE', *, *, #3393, .F. ) ;
#3684 = ORIENTED_EDGE ( 'NONE', *, *, #568, .T. ) ;
#3685 = CARTESIAN_POINT ( 'NONE',  ( -3.235607650385375234, 0.7227735835918559504, -1.000000000000000000 ) ) ;
#3686 = CARTESIAN_POINT ( 'NONE',  ( 0.000000000000000000, 0.000000000000000000, -1.000000000000000000 ) ) ;
#3687 = DIRECTION ( 'NONE',  ( 1.000000000000000000, 0.000000000000000000, 0.000000000000000000 ) ) ;
#3688 = DIRECTION ( 'NONE',  ( 0.000000000000000000, 0.000000000000000000, 1.000000000000000000 ) ) ;
#3689 = VERTEX_POINT ( 'NONE', #2365 ) ;
#3690 = ORIENTED_EDGE ( 'NONE', *, *, #933, .F. ) ;
#3691 = CARTESIAN_POINT ( 'NONE',  ( 2.356053982267043434, 2.279673768679314261, -9.719499999999998252 ) ) ;
#3692 = CARTESIAN_POINT ( 'NONE',  ( 2.863122998320054347, -1.237243793775667289, -1.000000000000000000 ) ) ;
#3693 = DIRECTION ( 'NONE',  ( 0.000000000000000000, 0.000000000000000000, -1.000000000000000000 ) ) ;
#3694 = CARTESIAN_POINT ( 'NONE',  ( -1.468371204554392850, -3.988281084079555505, -9.719499999999998252 ) ) ;
#3695 = VECTOR ( 'NONE', #3251, 1000.000000000000114 ) ;
#3696 = DIRECTION ( 'NONE',  ( 0.000000000000000000, 0.000000000000000000, -1.000000000000000000 ) ) ;
#3697 = CARTESIAN_POINT ( 'NONE',  ( -2.661896170629215241, -1.976326718222495504, -7.000000000000000000 ) ) ;
#3698 = VECTOR ( 'NONE', #72, 1000.000000000000000 ) ;
#3699 = AXIS2_PLACEMENT_3D ( 'NONE', #2716, #3073, #1580 ) ;
#3700 = CIRCLE ( 'NONE', #364, 0.1963495408493615701 ) ;
#3701 = VERTEX_POINT ( 'NONE', #3294 ) ;
#3702 = VECTOR ( 'NONE', #95, 1000.000000000000000 ) ;
#3703 = VECTOR ( 'NONE', #2120, 1000.000000000000000 ) ;
#3704 = DIRECTION ( 'NONE',  ( 1.000000000000000000, 0.000000000000000000, 0.000000000000000000 ) ) ;
#3705 = DIRECTION ( 'NONE',  ( 0.000000000000000000, 0.000000000000000000, 1.000000000000000000 ) ) ;
#3706 = AXIS2_PLACEMENT_3D ( 'NONE', #3433, #456, #475 ) ;
#3707 = ORIENTED_EDGE ( 'NONE', *, *, #2478, .T. ) ;
#3708 = ORIENTED_EDGE ( 'NONE', *, *, #1495, .F. ) ;
#3709 = AXIS2_PLACEMENT_3D ( 'NONE', #71, #948, #1241 ) ;
#3710 = EDGE_CURVE ( 'NONE', #1511, #2011, #3351, .T. ) ;
#3711 = CARTESIAN_POINT ( 'NONE',  ( 3.014628782297414933, -1.379699904078629968, -9.719499999999998252 ) ) ;
#3712 = LINE ( 'NONE', #187, #427 ) ;
#3713 = ORIENTED_EDGE ( 'NONE', *, *, #765, .T. ) ;
#3714 = ORIENTED_EDGE ( 'NONE', *, *, #3341, .F. ) ;
#3715 = ADVANCED_FACE ( 'NONE', ( #3038 ), #2735, .T. ) ;
#3716 = DIRECTION ( 'NONE',  ( 0.5877852522924836842, -0.8090169943749396797, 0.000000000000000000 ) ) ;
#3717 = DIRECTION ( 'NONE',  ( 0.000000000000000000, 0.000000000000000000, 1.000000000000000000 ) ) ;
#3718 = DIRECTION ( 'NONE',  ( 0.000000000000000000, 0.000000000000000000, -1.000000000000000000 ) ) ;
#3719 = DIRECTION ( 'NONE',  ( 1.000000000000000000, 0.000000000000000000, 0.000000000000000000 ) ) ;
#3720 = EDGE_CURVE ( 'NONE', #3630, #3178, #3325, .T. ) ;
#3721 = ORIENTED_EDGE ( 'NONE', *, *, #3720, .T. ) ;
#3722 = DIRECTION ( 'NONE',  ( 1.000000000000000000, 0.000000000000000000, 0.000000000000000000 ) ) ;
#3723 = FACE_OUTER_BOUND ( 'NONE', #1475, .T. ) ;
#3724 = DIRECTION ( 'NONE',  ( 1.000000000000000000, 0.000000000000000000, 0.000000000000000000 ) ) ;
#3725 = EDGE_CURVE ( 'NONE', #3765, #968, #1539, .T. ) ;
#3726 = ORIENTED_EDGE ( 'NONE', *, *, #3586, .T. ) ;
#3727 = ORIENTED_EDGE ( 'NONE', *, *, #3772, .F. ) ;
#3728 = CARTESIAN_POINT ( 'NONE',  ( 4.119919448519273608, -1.043438420659454469, -9.719499999999998252 ) ) ;
#3729 = CIRCLE ( 'NONE', #1922, 4.249999999998979483 ) ;
#3730 = DIRECTION ( 'NONE',  ( 0.000000000000000000, 0.000000000000000000, 1.000000000000000000 ) ) ;
#3731 = ORIENTED_EDGE ( 'NONE', *, *, #1016, .T. ) ;
#3732 = ORIENTED_EDGE ( 'NONE', *, *, #2768, .T. ) ;
#3733 = ORIENTED_EDGE ( 'NONE', *, *, #1813, .F. ) ;
#3734 = DIRECTION ( 'NONE',  ( 0.000000000000000000, 0.000000000000000000, -1.000000000000000000 ) ) ;
#3735 = CYLINDRICAL_SURFACE ( 'NONE', #2843, 0.1963495408493620142 ) ;
#3736 = EDGE_CURVE ( 'NONE', #1014, #17, #1110, .T. ) ;
#3737 = CARTESIAN_POINT ( 'NONE',  ( 0.2807562157275790837, -4.240716442692441746, -1.000000000000000000 ) ) ;
#3738 = CYLINDRICAL_SURFACE ( 'NONE', #2574, 0.1963495408493620142 ) ;
#3739 = DIRECTION ( 'NONE',  ( 1.000000000000000000, 0.000000000000000000, 0.000000000000000000 ) ) ;
#3740 = ORIENTED_EDGE ( 'NONE', *, *, #3084, .F. ) ;
#3741 = ADVANCED_FACE ( 'NONE', ( #927 ), #2111, .F. ) ;
#3742 = DIRECTION ( 'NONE',  ( -0.000000000000000000, -0.000000000000000000, -1.000000000000000000 ) ) ;
#3743 = CARTESIAN_POINT ( 'NONE',  ( -1.627918660403679940, 2.888155008907944854, -9.719499999999998252 ) ) ;
#3744 = VERTEX_POINT ( 'NONE', #3368 ) ;
#3745 = ORIENTED_EDGE ( 'NONE', *, *, #3605, .T. ) ;
#3746 = ADVANCED_FACE ( 'NONE', ( #1582 ), #756, .F. ) ;
#3747 = CARTESIAN_POINT ( 'NONE',  ( 4.188138338523319071, -0.7224937767114592013, -1.000000000000000000 ) ) ;
#3748 = ADVANCED_FACE ( 'NONE', ( #1912 ), #2242, .F. ) ;
#3749 = CARTESIAN_POINT ( 'NONE',  ( 0.9918635406178379910, -3.163505213708935226, -7.000000000000000000 ) ) ;
#3750 = ORIENTED_EDGE ( 'NONE', *, *, #3794, .F. ) ;
#3751 = ORIENTED_EDGE ( 'NONE', *, *, #2884, .F. ) ;
#3752 = ORIENTED_EDGE ( 'NONE', *, *, #592, .F. ) ;
#3753 = CARTESIAN_POINT ( 'NONE',  ( 2.086901529111720777, -2.317738955447615545, -1.000000000000000000 ) ) ;
#3754 = DIRECTION ( 'NONE',  ( 0.000000000000000000, 0.000000000000000000, 1.000000000000000000 ) ) ;
#3755 = DIRECTION ( 'NONE',  ( 1.000000000000000000, 0.000000000000000000, 0.000000000000000000 ) ) ;
#3756 = FACE_OUTER_BOUND ( 'NONE', #1143, .T. ) ;
#3757 = AXIS2_PLACEMENT_3D ( 'NONE', #466, #3784, #1077 ) ;
#3758 = AXIS2_PLACEMENT_3D ( 'NONE', #2110, #1248, #2434 ) ;
#3759 = EDGE_LOOP ( 'NONE', ( #3365, #3221, #246, #1532 ) ) ;
#3760 = CARTESIAN_POINT ( 'NONE',  ( 0.000000000000000000, 0.000000000000000000, -9.719499999999998252 ) ) ;
#3761 = AXIS2_PLACEMENT_3D ( 'NONE', #1483, #3569, #2669 ) ;
#3762 = VECTOR ( 'NONE', #2494, 1000.000000000000000 ) ;
#3763 = CIRCLE ( 'NONE', #1021, 0.1963495408492193228 ) ;
#3764 = EDGE_CURVE ( 'NONE', #3256, #1161, #2203, .T. ) ;
#3765 = VERTEX_POINT ( 'NONE', #3671 ) ;
#3766 = AXIS2_PLACEMENT_3D ( 'NONE', #655, #1846, #1812 ) ;
#3767 = VECTOR ( 'NONE', #1119, 999.9999999999998863 ) ;
#3768 = LINE ( 'NONE', #1050, #2764 ) ;
#3769 = DIRECTION ( 'NONE',  ( -1.000000000000000000, 0.000000000000000000, 0.000000000000000000 ) ) ;
#3770 = AXIS2_PLACEMENT_3D ( 'NONE', #2424, #83, #2440 ) ;
#3771 = AXIS2_PLACEMENT_3D ( 'NONE', #2021, #281, #1145 ) ;
#3772 = EDGE_CURVE ( 'NONE', #1850, #1550, #136, .T. ) ;
#3773 = ORIENTED_EDGE ( 'NONE', *, *, #2368, .F. ) ;
#3774 = ORIENTED_EDGE ( 'NONE', *, *, #3839, .F. ) ;
#3775 = ORIENTED_EDGE ( 'NONE', *, *, #1555, .F. ) ;
#3776 = AXIS2_PLACEMENT_3D ( 'NONE', #2821, #1933, #3139 ) ;
#3777 = CIRCLE ( 'NONE', #975, 1.973045005896731041 ) ;
#3778 = PLANE ( 'NONE',  #3287 ) ;
#3779 = DIRECTION ( 'NONE',  ( 0.000000000000000000, 0.000000000000000000, 1.000000000000000000 ) ) ;
#3780 = PRODUCT_DEFINITION_FORMATION_WITH_SPECIFIED_SOURCE ( 'ANY', '', #852, .NOT_KNOWN. ) ;
#3781 = DIRECTION ( 'NONE',  ( 0.000000000000000000, 0.000000000000000000, 1.000000000000000000 ) ) ;
#3782 = DIRECTION ( 'NONE',  ( 0.000000000000000000, 0.000000000000000000, -1.000000000000000000 ) ) ;
#3783 = FACE_OUTER_BOUND ( 'NONE', #1198, .T. ) ;
#3784 = DIRECTION ( 'NONE',  ( 0.000000000000000000, 0.000000000000000000, -1.000000000000000000 ) ) ;
#3785 = EDGE_LOOP ( 'NONE', ( #2012, #3311, #1594, #1414 ) ) ;
#3786 = DIRECTION ( 'NONE',  ( 0.000000000000000000, 0.000000000000000000, 1.000000000000000000 ) ) ;
#3787 = CARTESIAN_POINT ( 'NONE',  ( 3.315174937983395242, 0.03425858924962450064, -7.000000000000000000 ) ) ;
#3788 = ADVANCED_FACE ( 'NONE', ( #1000 ), #1352, .F. ) ;
#3789 = ORIENTED_EDGE ( 'NONE', *, *, #2915, .F. ) ;
#3790 = CARTESIAN_POINT ( 'NONE',  ( -3.249853172817215086, 0.6557536698337659287, -9.719499999999998252 ) ) ;
#3791 = DIRECTION ( 'NONE',  ( 0.000000000000000000, 0.000000000000000000, -1.000000000000000000 ) ) ;
#3792 = EDGE_LOOP ( 'NONE', ( #2380, #1608, #2702, #1166 ) ) ;
#3793 = ORIENTED_EDGE ( 'NONE', *, *, #2826, .T. ) ;
#3794 = EDGE_CURVE ( 'NONE', #1479, #247, #181, .T. ) ;
#3795 = CARTESIAN_POINT ( 'NONE',  ( 0.000000000000000000, 0.000000000000000000, 11.00100000000000122 ) ) ;
#3796 = DIRECTION ( 'NONE',  ( 0.000000000000000000, 0.000000000000000000, 1.000000000000000000 ) ) ;
#3797 = VECTOR ( 'NONE', #1367, 1000.000000000000227 ) ;
#3798 = CARTESIAN_POINT ( 'NONE',  ( -2.543319442294821098, 1.805483792004446419, -1.000000000000000000 ) ) ;
#3799 = CARTESIAN_POINT ( 'NONE',  ( 0.000000000000000000, 0.000000000000000000, -1.000000000000000000 ) ) ;
#3800 = ORIENTED_EDGE ( 'NONE', *, *, #503, .F. ) ;
#3801 = EDGE_CURVE ( 'NONE', #2051, #2736, #624, .T. ) ;
#3802 = CARTESIAN_POINT ( 'NONE',  ( 2.896159312914922790, -1.536282556425517143, -1.000000000000000000 ) ) ;
#3803 = FACE_OUTER_BOUND ( 'NONE', #3785, .T. ) ;
#3804 = ORIENTED_EDGE ( 'NONE', *, *, #453, .T. ) ;
#3805 = DIRECTION ( 'NONE',  ( -0.000000000000000000, -0.000000000000000000, 1.000000000000000000 ) ) ;
#3806 = DIRECTION ( 'NONE',  ( 1.000000000000000000, 0.000000000000000000, 0.000000000000000000 ) ) ;
#3807 = ORIENTED_EDGE ( 'NONE', *, *, #2708, .F. ) ;
#3808 = ORIENTED_EDGE ( 'NONE', *, *, #2624, .F. ) ;
#3809 = ORIENTED_EDGE ( 'NONE', *, *, #1576, .T. ) ;
#3810 = FACE_OUTER_BOUND ( 'NONE', #457, .T. ) ;
#3811 = CARTESIAN_POINT ( 'NONE',  ( 1.981338335720372434, -3.759893402664073125, -9.719499999999998252 ) ) ;
#3812 = ADVANCED_FACE ( 'NONE', ( #2752 ), #1623, .T. ) ;
#3813 = FACE_OUTER_BOUND ( 'NONE', #1292, .T. ) ;
#3814 = LINE ( 'NONE', #2626, #2024 ) ;
#3815 = ORIENTED_EDGE ( 'NONE', *, *, #1280, .F. ) ;
#3816 = AXIS2_PLACEMENT_3D ( 'NONE', #2666, #28, #10 ) ;
#3817 = FACE_OUTER_BOUND ( 'NONE', #3578, .T. ) ;
#3818 = LINE ( 'NONE', #2064, #925 ) ;
#3819 = CIRCLE ( 'NONE', #1151, 0.1963495408492206273 ) ;
#3820 = ORIENTED_EDGE ( 'NONE', *, *, #3794, .T. ) ;
#3821 = CARTESIAN_POINT ( 'NONE',  ( 0.9963519047475363211, -2.955592730849698313, -9.719499999999998252 ) ) ;
#3822 = CIRCLE ( 'NONE', #1646, 0.1963495408493628747 ) ;
#3823 = AXIS2_PLACEMENT_3D ( 'NONE', #1461, #1122, #1137 ) ;
#3824 = DIRECTION ( 'NONE',  ( -1.000000000000000000, 0.000000000000000000, 0.000000000000000000 ) ) ;
#3825 = CIRCLE ( 'NONE', #2144, 0.1963495408492184624 ) ;
#3826 = VERTEX_POINT ( 'NONE', #470 ) ;
#3827 = AXIS2_PLACEMENT_3D ( 'NONE', #1938, #1601, #1618 ) ;
#3828 = ORIENTED_EDGE ( 'NONE', *, *, #2871, .F. ) ;
#3829 = DIRECTION ( 'NONE',  ( 0.000000000000000000, 0.000000000000000000, 1.000000000000000000 ) ) ;
#3830 = DIRECTION ( 'NONE',  ( 0.000000000000000000, 0.000000000000000000, 1.000000000000000000 ) ) ;
#3831 = AXIS2_PLACEMENT_3D ( 'NONE', #1379, #2192, #3396 ) ;
#3832 = ORIENTED_EDGE ( 'NONE', *, *, #1182, .F. ) ;
#3833 = AXIS2_PLACEMENT_3D ( 'NONE', #2229, #2861, #1917 ) ;
#3834 = LINE ( 'NONE', #3246, #2337 ) ;
#3835 = DIRECTION ( 'NONE',  ( 1.000000000000000000, 0.000000000000000000, 0.000000000000000000 ) ) ;
#3836 = ORIENTED_EDGE ( 'NONE', *, *, #1762, .T. ) ;
#3837 = DIRECTION ( 'NONE',  ( -1.000000000000000000, 0.000000000000000000, 0.000000000000000000 ) ) ;
#3838 = DIRECTION ( 'NONE',  ( -1.000000000000000000, 0.000000000000000000, 0.000000000000000000 ) ) ;
#3839 = EDGE_CURVE ( 'NONE', #801, #990, #1724, .T. ) ;
ENDSEC;
END-ISO-10303-21;
