ISO-10303-21;
HEADER;
FILE_DESCRIPTION (( 'STEP AP203' ),
    '1' );
FILE_NAME ('2664N11_NO THREADS_Metal Gear - 20 Degree Pressure Angle.STEP',
    '2023-08-04T16:30:00',
    ( 'Administrator' ),
    ( 'Managed by Terraform' ),
    'SwSTEP 2.0',
    'SolidWorks 2017',
    '' );
FILE_SCHEMA (( 'CONFIG_CONTROL_DESIGN' ));
ENDSEC;

DATA;
#1 = CARTESIAN_POINT ( 'NONE',  ( 2.561395405690864100, -8.104890719541229400, 6.594685079528073100 ) ) ;
#2 = CARTESIAN_POINT ( 'NONE',  ( 3.532002036800139200, -7.732183527865951900, 1.269502383644699300 ) ) ;
#3 = CARTESIAN_POINT ( 'NONE',  ( -3.808198772861914000, -36.88807927991492600, -5.000000000000000900 ) ) ;
#4 = ORIENTED_EDGE ( 'NONE', *, *, #1020, .T. ) ;
#5 = VERTEX_POINT ( 'NONE', #1591 ) ;
#6 = ADVANCED_FACE ( 'NONE', ( #5647 ), #3529, .T. ) ;
#7 = DIRECTION ( 'NONE',  ( -0.1045284632676571600, -0.9945218953682729600, 0.0000000000000000000 ) ) ;
#8 = CARTESIAN_POINT ( 'NONE',  ( 7.937629273162579000, -3.040401539572076900, 5.729814788946888400 ) ) ;
#9 = DIRECTION ( 'NONE',  ( 0.4999999999999919500, -0.8660254037844433700, 0.0000000000000000000 ) ) ;
#10 = EDGE_CURVE ( 'NONE', #6227, #3982, #6623, .T. ) ;
#11 = AXIS2_PLACEMENT_3D ( 'NONE', #1124, #1647, #6483 ) ;
#12 = VERTEX_POINT ( 'NONE', #3164 ) ;
#13 = DIRECTION ( 'NONE',  ( -1.000000000000000000, 0.0000000000000000000, -3.374246315831958400E-016 ) ) ;
#14 = DIRECTION ( 'NONE',  ( 1.000000000000000000, 0.0000000000000000000, 0.0000000000000000000 ) ) ;
#15 = CARTESIAN_POINT ( 'NONE',  ( -3.178163014309962600, 5.367705458522728200, -15.00000000000000000 ) ) ;
#16 = CARTESIAN_POINT ( 'NONE',  ( 8.488027882756682600, -0.4509796686607173100, 5.729814788946980800 ) ) ;
#17 = EDGE_CURVE ( 'NONE', #4480, #468, #5723, .T. ) ;
#18 = DATE_AND_TIME ( #1281, #1710 ) ;
#19 = VERTEX_POINT ( 'NONE', #5254 ) ;
#20 = AXIS2_PLACEMENT_3D ( 'NONE', #3875, #5484, #1775 ) ;
#21 = DIRECTION ( 'NONE',  ( 0.9781476007338070200, 0.2079116908177532900, 0.0000000000000000000 ) ) ;
#22 = ADVANCED_FACE ( 'NONE', ( #3869 ), #6068, .F. ) ;
#23 = CARTESIAN_POINT ( 'NONE',  ( 2.482944822399196600, 8.129329343318117300, 6.572920625444247400 ) ) ;
#24 = VECTOR ( 'NONE', #241, 1000.000000000000000 ) ;
#25 = CYLINDRICAL_SURFACE ( 'NONE', #3889, 30.84641689323308700 ) ;
#26 = DIRECTION ( 'NONE',  ( -0.0000000000000000000, -0.0000000000000000000, 1.000000000000000000 ) ) ;
#27 = VERTEX_POINT ( 'NONE', #2615 ) ;
#28 = EDGE_CURVE ( 'NONE', #3637, #2216, #1636, .T. ) ;
#29 = CARTESIAN_POINT ( 'NONE',  ( -3.661195444389659900, -5.439417188801108700, -5.000000000000004400 ) ) ;
#30 = DIRECTION ( 'NONE',  ( -0.2079116908177664200, -0.9781476007338041300, 0.0000000000000000000 ) ) ;
#31 = VERTEX_POINT ( 'NONE', #5325 ) ;
#32 = CIRCLE ( 'NONE', #1797, 8.500000000000003600 ) ;
#33 = AXIS2_PLACEMENT_3D ( 'NONE', #4457, #176, #2886 ) ;
#34 = CARTESIAN_POINT ( 'NONE',  ( 8.493341943643137900, 0.3372957220049500000, 6.299409088542117500 ) ) ;
#35 = ORIENTED_EDGE ( 'NONE', *, *, #1446, .F. ) ;
#36 = VERTEX_POINT ( 'NONE', #5878 ) ;
#37 = ORIENTED_EDGE ( 'NONE', *, *, #4934, .F. ) ;
#38 = CARTESIAN_POINT ( 'NONE',  ( 8.500000000000000000, -0.02284037235540725000, 6.595365866909439500 ) ) ;
#39 = CARTESIAN_POINT ( 'NONE',  ( 5.354916607535345800, -6.601139984348456800, 5.895896390261753200 ) ) ;
#40 = ORIENTED_EDGE ( 'NONE', *, *, #3279, .F. ) ;
#41 = LINE ( 'NONE', #2786, #4648 ) ;
#42 = CARTESIAN_POINT ( 'NONE',  ( -0.5773502691896270600, 6.499999999999993800, 11.99999999999999600 ) ) ;
#43 = ORIENTED_EDGE ( 'NONE', *, *, #1701, .F. ) ;
#44 = CARTESIAN_POINT ( 'NONE',  ( 1.592456809767692100, 6.360478971340840300, -15.00000000000000000 ) ) ;
#45 = VERTEX_POINT ( 'NONE', #2662 ) ;
#46 = ADVANCED_FACE ( 'NONE', ( #2133 ), #1451, .F. ) ;
#47 = CARTESIAN_POINT ( 'NONE',  ( 1.862376391315337100, -5.953531406825175200, -15.00000000000000000 ) ) ;
#48 = ORIENTED_EDGE ( 'NONE', *, *, #3964, .F. ) ;
#49 = LINE ( 'NONE', #3736, #2067 ) ;
#50 = DIRECTION ( 'NONE',  ( 1.000000000000000000, 0.0000000000000000000, 0.0000000000000000000 ) ) ;
#51 = DIRECTION ( 'NONE',  ( -0.0000000000000000000, -0.0000000000000000000, 1.000000000000000000 ) ) ;
#52 = CARTESIAN_POINT ( 'NONE',  ( 7.809508039956842400, 3.356090653002915800, 6.593851316123331900 ) ) ;
#53 = VERTEX_POINT ( 'NONE', #1613 ) ;
#54 = ORIENTED_EDGE ( 'NONE', *, *, #2521, .T. ) ;
#55 = CARTESIAN_POINT ( 'NONE',  ( 0.0000000000000000000, 0.0000000000000000000, 15.00000000000000000 ) ) ;
#56 = DIRECTION ( 'NONE',  ( -0.0000000000000000000, -0.0000000000000000000, 1.000000000000000000 ) ) ;
#57 = CIRCLE ( 'NONE', #3421, 30.54279649802282000 ) ;
#58 = EDGE_CURVE ( 'NONE', #1291, #3126, #1962, .T. ) ;
#59 = FACE_OUTER_BOUND ( 'NONE', #5750, .T. ) ;
#60 = VERTEX_POINT ( 'NONE', #5797 ) ;
#61 = EDGE_CURVE ( 'NONE', #3659, #5575, #2874, .T. ) ;
#62 = CARTESIAN_POINT ( 'NONE',  ( 0.0000000000000000000, 0.0000000000000000000, -15.00000000000000000 ) ) ;
#63 = CARTESIAN_POINT ( 'NONE',  ( 0.3932437866181047700, 8.491155520558040200, -1.407857104184736300 ) ) ;
#64 = DIRECTION ( 'NONE',  ( -0.8660254037844433700, -0.4999999999999920100, 0.0000000000000000000 ) ) ;
#65 = PLANE ( 'NONE',  #1300 ) ;
#66 = FACE_OUTER_BOUND ( 'NONE', #6745, .T. ) ;
#67 = FACE_OUTER_BOUND ( 'NONE', #3570, .T. ) ;
#68 = CIRCLE ( 'NONE', #3253, 3.946090011793464700 ) ;
#69 = ADVANCED_FACE ( 'NONE', ( #4037 ), #1210, .F. ) ;
#70 = ORIENTED_EDGE ( 'NONE', *, *, #4865, .T. ) ;
#71 = ORIENTED_EDGE ( 'NONE', *, *, #827, .F. ) ;
#72 = CARTESIAN_POINT ( 'NONE',  ( -5.759433774845650300, 5.464123314235071600, -15.00000000000000000 ) ) ;
#73 = EDGE_CURVE ( 'NONE', #2080, #3391, #5633, .T. ) ;
#74 = DIRECTION ( 'NONE',  ( 0.7431448254773954700, 0.6691306063588569100, 0.0000000000000000000 ) ) ;
#75 = CARTESIAN_POINT ( 'NONE',  ( -6.304564774301698400, 1.801131433982188000, -15.00000000000000000 ) ) ;
#76 = VECTOR ( 'NONE', #2271, 1000.000000000000000 ) ;
#77 = AXIS2_PLACEMENT_3D ( 'NONE', #5972, #5445, #1094 ) ;
#78 = FACE_OUTER_BOUND ( 'NONE', #4382, .T. ) ;
#79 = DIRECTION ( 'NONE',  ( -0.7431448254773862500, 0.6691306063588671200, 0.0000000000000000000 ) ) ;
#80 = ORIENTED_EDGE ( 'NONE', *, *, #2922, .F. ) ;
#81 = CARTESIAN_POINT ( 'NONE',  ( -0.7612021176879773000, 6.586866130225328900, -15.00000000000000000 ) ) ;
#82 = CARTESIAN_POINT ( 'NONE',  ( -1.478597616254482900, -8.371658814368633000, 3.944042357340682400 ) ) ;
#83 = CARTESIAN_POINT ( 'NONE',  ( -1.019583818158797500, 2.823728472616795500, 9.274663541550062000 ) ) ;
#84 = CARTESIAN_POINT ( 'NONE',  ( 1.214147014147806600, 8.412838226660879200, -5.000000000000004400 ) ) ;
#85 = CARTESIAN_POINT ( 'NONE',  ( -7.350288948247511600, -4.274351765082195200, 2.162214997052713800 ) ) ;
#86 = CARTESIAN_POINT ( 'NONE',  ( 6.969229953101047300, 1.322523984876394300, -5.000000000000000900 ) ) ;
#87 = ORIENTED_EDGE ( 'NONE', *, *, #3786, .T. ) ;
#88 = AXIS2_PLACEMENT_3D ( 'NONE', #6641, #3948, #763 ) ;
#89 = DIRECTION ( 'NONE',  ( 1.000000000000000000, 0.0000000000000000000, 0.0000000000000000000 ) ) ;
#90 = CARTESIAN_POINT ( 'NONE',  ( -0.5838702176986786400, 6.210642285936816400, -5.000000000000020400 ) ) ;
#91 = CARTESIAN_POINT ( 'NONE',  ( -7.625892554966463300, -3.754432412510198400, -14.43900000000000000 ) ) ;
#92 = AXIS2_PLACEMENT_3D ( 'NONE', #3541, #894, #5713 ) ;
#93 = DIRECTION ( 'NONE',  ( -0.0000000000000000000, -0.0000000000000000000, -1.000000000000000000 ) ) ;
#94 = EDGE_CURVE ( 'NONE', #4883, #1548, #1794, .T. ) ;
#95 = DIRECTION ( 'NONE',  ( -0.0000000000000000000, -0.0000000000000000000, 1.000000000000000000 ) ) ;
#96 = CARTESIAN_POINT ( 'NONE',  ( -3.853454091727898800, -7.576337608828263900, 5.729814788946954200 ) ) ;
#97 = DIRECTION ( 'NONE',  ( -0.9135454576426059700, -0.4067366430757888800, -3.374246315831958400E-016 ) ) ;
#98 = DIRECTION ( 'NONE',  ( 0.0000000000000000000, -0.0000000000000000000, 1.000000000000000000 ) ) ;
#99 = VERTEX_POINT ( 'NONE', #4385 ) ;
#100 = CARTESIAN_POINT ( 'NONE',  ( 0.0000000000000000000, 3.000000000000000400, 13.00000000000000000 ) ) ;
#101 = CARTESIAN_POINT ( 'NONE',  ( 3.930512609545531600, 7.536937931031451000, -3.199732156540198600 ) ) ;
#102 = ORIENTED_EDGE ( 'NONE', *, *, #5187, .T. ) ;
#103 = CARTESIAN_POINT ( 'NONE',  ( -6.182989888687190600, -0.9127628587929979000, -15.00000000000000000 ) ) ;
#104 = DIRECTION ( 'NONE',  ( 1.000000000000000000, 0.0000000000000000000, 0.0000000000000000000 ) ) ;
#105 = PERSON_AND_ORGANIZATION ( #2117, #6484 ) ;
#106 = DIRECTION ( 'NONE',  ( -0.9510565162951544200, -0.3090169943749449000, 0.0000000000000000000 ) ) ;
#107 = CARTESIAN_POINT ( 'NONE',  ( 3.411405546988538700, -6.219449173660799500, -15.00000000000000000 ) ) ;
#108 = ORIENTED_EDGE ( 'NONE', *, *, #2191, .T. ) ;
#109 = DIRECTION ( 'NONE',  ( -0.9945218953682744000, -0.1045284632676436500, 0.0000000000000000000 ) ) ;
#110 = EDGE_CURVE ( 'NONE', #386, #2259, #4510, .T. ) ;
#111 = AXIS2_PLACEMENT_3D ( 'NONE', #2409, #873, #4001 ) ;
#112 = CIRCLE ( 'NONE', #6909, 3.946090011793464700 ) ;
#113 = ORIENTED_EDGE ( 'NONE', *, *, #5001, .T. ) ;
#114 = CARTESIAN_POINT ( 'NONE',  ( 0.2068215526980385900, 7.936305553929967600, -15.00000000000000000 ) ) ;
#115 = EDGE_CURVE ( 'NONE', #595, #1086, #628, .T. ) ;
#116 = CARTESIAN_POINT ( 'NONE',  ( -6.692470323201241900, 5.240498753610903100, 6.379035055376332000 ) ) ;
#117 = VECTOR ( 'NONE', #446, 1000.000000000000000 ) ;
#118 = LINE ( 'NONE', #673, #6568 ) ;
#119 = EDGE_LOOP ( 'NONE', ( #4434, #5802, #6352, #138 ) ) ;
#120 = ORIENTED_EDGE ( 'NONE', *, *, #2529, .F. ) ;
#121 = AXIS2_PLACEMENT_3D ( 'NONE', #6867, #5715, #6812 ) ;
#122 = CARTESIAN_POINT ( 'NONE',  ( 1.154700538379252100, 8.499999999999992900, 11.00000000000000000 ) ) ;
#123 = CARTESIAN_POINT ( 'NONE',  ( -5.927207807668773800, -6.092471387264859000, -5.000000000000004400 ) ) ;
#124 = CARTESIAN_POINT ( 'NONE',  ( -2.339275608533188900, 6.696792176639188900, -15.00000000000000000 ) ) ;
#125 = DIRECTION ( 'NONE',  ( -0.4999999999999995600, 0.0000000000000000000, -0.8660254037844389300 ) ) ;
#126 = ORIENTED_EDGE ( 'NONE', *, *, #1200, .T. ) ;
#127 = CARTESIAN_POINT ( 'NONE',  ( 5.670509102288572300, 2.599674701928095000, -5.000000000000004400 ) ) ;
#128 = FACE_OUTER_BOUND ( 'NONE', #2670, .T. ) ;
#129 = ORIENTED_EDGE ( 'NONE', *, *, #2027, .F. ) ;
#130 = VERTEX_POINT ( 'NONE', #2691 ) ;
#131 = CARTESIAN_POINT ( 'NONE',  ( -3.876340607087774200, 36.88091728453901700, -5.000000000000000900 ) ) ;
#132 = CARTESIAN_POINT ( 'NONE',  ( 0.5615124314547231800, 8.481432885382780300, -15.00000000000000000 ) ) ;
#133 = AXIS2_PLACEMENT_3D ( 'NONE', #6698, #272, #6718 ) ;
#134 = ORIENTED_EDGE ( 'NONE', *, *, #6633, .F. ) ;
#135 = FACE_OUTER_BOUND ( 'NONE', #5331, .T. ) ;
#136 = ORIENTED_EDGE ( 'NONE', *, *, #28, .F. ) ;
#137 = EDGE_CURVE ( 'NONE', #769, #3128, #3366, .T. ) ;
#138 = ORIENTED_EDGE ( 'NONE', *, *, #6387, .T. ) ;
#139 = DIRECTION ( 'NONE',  ( 0.0000000000000000000, -0.0000000000000000000, 1.000000000000000000 ) ) ;
#140 = VERTEX_POINT ( 'NONE', #212 ) ;
#141 = TOROIDAL_SURFACE ( 'NONE', #2369, 30.45371781153436400, 0.3926990816987236400 ) ;
#142 = DIRECTION ( 'NONE',  ( 0.0000000000000000000, 0.0000000000000000000, -1.000000000000000000 ) ) ;
#143 = VERTEX_POINT ( 'NONE', #4859 ) ;
#144 = CARTESIAN_POINT ( 'NONE',  ( -6.113903246571855000, -5.906088725268509700, -0.5154782002095892300 ) ) ;
#145 = EDGE_LOOP ( 'NONE', ( #6757, #1576, #3218, #6251 ) ) ;
#146 = FACE_OUTER_BOUND ( 'NONE', #1382, .T. ) ;
#147 = DIRECTION ( 'NONE',  ( 1.000000000000000000, 0.0000000000000000000, 0.0000000000000000000 ) ) ;
#148 = CARTESIAN_POINT ( 'NONE',  ( -7.625892554961581000, -3.754432412510866300, -15.00000000000000000 ) ) ;
#149 = LINE ( 'NONE', #3703, #1995 ) ;
#150 = CIRCLE ( 'NONE', #2734, 0.3926990816987240300 ) ;
#151 = ORIENTED_EDGE ( 'NONE', *, *, #6572, .F. ) ;
#152 = DIRECTION ( 'NONE',  ( 1.000000000000000000, -1.758422611539355400E-015, 0.0000000000000000000 ) ) ;
#153 = EDGE_CURVE ( 'NONE', #3473, #5431, #4972, .T. ) ;
#154 = CIRCLE ( 'NONE', #5322, 30.54279649802281700 ) ;
#155 = CIRCLE ( 'NONE', #2498, 0.3926990816987240300 ) ;
#156 = VECTOR ( 'NONE', #4087, 1000.000000000000000 ) ;
#157 = AXIS2_PLACEMENT_3D ( 'NONE', #4266, #2093, #5839 ) ;
#158 = CARTESIAN_POINT ( 'NONE',  ( -8.328230005728572700, 1.700172041789443300, 6.594685079528128200 ) ) ;
#159 = CARTESIAN_POINT ( 'NONE',  ( 2.133394172891147200, 8.228563548444533600, 11.61290232567791700 ) ) ;
#160 = ORIENTED_EDGE ( 'NONE', *, *, #4285, .F. ) ;
#161 = CARTESIAN_POINT ( 'NONE',  ( -3.853454091725645500, 7.576337608824590400, 5.729814788935505600 ) ) ;
#162 = EDGE_CURVE ( 'NONE', #1425, #4399, #868, .T. ) ;
#163 = CIRCLE ( 'NONE', #6747, 3.946090011793465600 ) ;
#164 = ORIENTED_EDGE ( 'NONE', *, *, #5172, .T. ) ;
#165 = CARTESIAN_POINT ( 'NONE',  ( -3.255837320807357700, 5.776310017815892400, -15.00000000000000000 ) ) ;
#166 = CARTESIAN_POINT ( 'NONE',  ( -4.456304234224511200, 7.238220948206748800, 6.484005549831832300 ) ) ;
#167 = AXIS2_PLACEMENT_3D ( 'NONE', #6592, #3848, #4950 ) ;
#168 = CARTESIAN_POINT ( 'NONE',  ( -6.182989888687190600, -0.9127628587929979000, -15.00000000000000000 ) ) ;
#169 = CARTESIAN_POINT ( 'NONE',  ( 3.416927169439096800, -7.166053985196385600, -15.00000000000000000 ) ) ;
#170 = DIRECTION ( 'NONE',  ( -1.000000000000000000, 0.0000000000000000000, 0.0000000000000000000 ) ) ;
#171 = EDGE_CURVE ( 'NONE', #6492, #5888, #2463, .T. ) ;
#172 = CARTESIAN_POINT ( 'NONE',  ( 0.2980372140409307000, -8.495461716540752700, -0.5151055600932953300 ) ) ;
#173 = CARTESIAN_POINT ( 'NONE',  ( -6.626129634679039700, -5.324182481101843200, 6.058486869992696800 ) ) ;
#174 = DIRECTION ( 'NONE',  ( -0.0000000000000000000, -0.0000000000000000000, 1.000000000000000000 ) ) ;
#175 = AXIS2_PLACEMENT_3D ( 'NONE', #414, #4137, #4190 ) ;
#176 = DIRECTION ( 'NONE',  ( 0.0000000000000000000, 0.0000000000000000000, 1.000000000000000000 ) ) ;
#177 = DIRECTION ( 'NONE',  ( 1.000000000000000000, 0.0000000000000000000, 0.0000000000000000000 ) ) ;
#178 = CARTESIAN_POINT ( 'NONE',  ( -1.933217180926254800, 8.277886982253827200, 9.812417944034047300 ) ) ;
#179 = ORIENTED_EDGE ( 'NONE', *, *, #1255, .T. ) ;
#180 = CARTESIAN_POINT ( 'NONE',  ( -6.115588681060470000, -1.229860609608884400, -5.000000000000004400 ) ) ;
#181 = CARTESIAN_POINT ( 'NONE',  ( 6.084994458946447100, -2.634212693780309400, -5.000000000000000900 ) ) ;
#182 = CARTESIAN_POINT ( 'NONE',  ( -6.078516219072041900, -1.445547167183624000, -15.00000000000000000 ) ) ;
#183 = ORIENTED_EDGE ( 'NONE', *, *, #4722, .F. ) ;
#184 = DIRECTION ( 'NONE',  ( 1.000000000000000000, 1.104359264397054700E-015, 0.0000000000000000000 ) ) ;
#185 = DIRECTION ( 'NONE',  ( 0.0000000000000000000, 0.0000000000000000000, 1.000000000000000000 ) ) ;
#186 = APPROVAL_DATE_TIME ( #3113, #2955 ) ;
#187 = DIRECTION ( 'NONE',  ( -1.000000000000000000, 0.0000000000000000000, 0.0000000000000000000 ) ) ;
#188 = EDGE_CURVE ( 'NONE', #5663, #5899, #543, .T. ) ;
#189 = EDGE_LOOP ( 'NONE', ( #3959, #258, #3383, #638 ) ) ;
#190 = CARTESIAN_POINT ( 'NONE',  ( 2.194037711903896100, 8.211954610124413600, 5.729814788946964800 ) ) ;
#191 = CARTESIAN_POINT ( 'NONE',  ( 2.301019120997975300, 5.811007744341914400, -15.00000000000000000 ) ) ;
#192 = ORIENTED_EDGE ( 'NONE', *, *, #5528, .T. ) ;
#193 = B_SPLINE_CURVE_WITH_KNOTS ( 'NONE', 3,
 ( #6489, #5462, #3814, #6423, #4890, #3270, #4310, #3295, #4921, #96 ),
 .UNSPECIFIED., .F., .F.,
 ( 4, 2, 2, 2, 4 ),
 ( 5.406911868398985500E-005, 0.0001804892202597909200, 0.0003069093218355919300, 0.0005597495249871904500, 0.001065429931290388500 ),
 .UNSPECIFIED. ) ;
#194 = TOROIDAL_SURFACE ( 'NONE', #6044, 31.43791576719764800, 3.946090011793464700 ) ;
#195 = CIRCLE ( 'NONE', #551, 30.54279649802282000 ) ;
#196 = DIRECTION ( 'NONE',  ( -1.000000000000000000, 0.0000000000000000000, 0.0000000000000000000 ) ) ;
#197 = DIRECTION ( 'NONE',  ( 1.000000000000000000, 0.0000000000000000000, 0.0000000000000000000 ) ) ;
#198 = EDGE_LOOP ( 'NONE', ( #1811, #4517, #1051, #3535 ) ) ;
#199 = EDGE_CURVE ( 'NONE', #6926, #2159, #1329, .T. ) ;
#200 = AXIS2_PLACEMENT_3D ( 'NONE', #434, #3132, #5977 ) ;
#201 = ORIENTED_EDGE ( 'NONE', *, *, #292, .T. ) ;
#202 = LINE ( 'NONE', #4462, #4312 ) ;
#203 = DIRECTION ( 'NONE',  ( -0.0000000000000000000, -0.0000000000000000000, 1.000000000000000000 ) ) ;
#204 = ORIENTED_EDGE ( 'NONE', *, *, #573, .T. ) ;
#205 = CARTESIAN_POINT ( 'NONE',  ( 5.670691164326181700, -6.332088706401285600, 6.595592633140100200 ) ) ;
#206 = ORIENTED_EDGE ( 'NONE', *, *, #3964, .T. ) ;
#207 = ADVANCED_FACE ( 'NONE', ( #6403 ), #4632, .F. ) ;
#208 = EDGE_LOOP ( 'NONE', ( #5745, #2985, #3661, #6161 ) ) ;
#209 = FACE_OUTER_BOUND ( 'NONE', #651, .T. ) ;
#210 = AXIS2_PLACEMENT_3D ( 'NONE', #4235, #2037, #3720 ) ;
#211 = CARTESIAN_POINT ( 'NONE',  ( 1.241361363678807900, 2.738610723933236500, 9.411572342858937300 ) ) ;
#212 = CARTESIAN_POINT ( 'NONE',  ( -1.335749665606591300, -8.394389366167848400, 5.729814788946933700 ) ) ;
#213 = EDGE_LOOP ( 'NONE', ( #4361, #1312, #6450, #3209 ) ) ;
#214 = ORIENTED_EDGE ( 'NONE', *, *, #6162, .T. ) ;
#215 = DIRECTION ( 'NONE',  ( 0.7431448254773954700, 0.6691306063588569100, 0.0000000000000000000 ) ) ;
#216 = CARTESIAN_POINT ( 'NONE',  ( -4.383815839212458200E-016, 8.029657287525385100, 11.00000000000000000 ) ) ;
#217 = CARTESIAN_POINT ( 'NONE',  ( 0.0000000000000000000, 0.0000000000000000000, -14.43900000000000000 ) ) ;
#218 = ORIENTED_EDGE ( 'NONE', *, *, #3969, .T. ) ;
#219 = FACE_OUTER_BOUND ( 'NONE', #6077, .T. ) ;
#220 = ORIENTED_EDGE ( 'NONE', *, *, #5194, .T. ) ;
#221 = EDGE_LOOP ( 'NONE', ( #883, #4376, #5621, #1569, #2568 ) ) ;
#222 = CARTESIAN_POINT ( 'NONE',  ( 6.678658115143361900, 5.257901271511322200, -5.000000000000002700 ) ) ;
#223 = CARTESIAN_POINT ( 'NONE',  ( -0.6104273580639929500, 8.479351669853263800, 13.37731280998734500 ) ) ;
#224 = CARTESIAN_POINT ( 'NONE',  ( 2.450271114960498300, 6.081758207873343200, -5.000000000000004400 ) ) ;
#225 = AXIS2_PLACEMENT_3D ( 'NONE', #4438, #4966, #1230 ) ;
#226 = CARTESIAN_POINT ( 'NONE',  ( -0.3022690156073113400, 8.495921819431531600, 8.547593900220455500 ) ) ;
#227 = CONICAL_SURFACE ( 'NONE', #4244, 8.500000000000003600, 0.7853981633974482800 ) ;
#228 = EDGE_CURVE ( 'NONE', #2401, #2923, #5565, .T. ) ;
#229 = CIRCLE ( 'NONE', #5140, 3.946090011793465200 ) ;
#230 = ORIENTED_EDGE ( 'NONE', *, *, #2624, .T. ) ;
#231 = DIRECTION ( 'NONE',  ( 1.000000000000000000, 0.0000000000000000000, 0.0000000000000000000 ) ) ;
#232 = DIRECTION ( 'NONE',  ( 1.000000000000000000, 0.0000000000000000000, 0.0000000000000000000 ) ) ;
#233 = CARTESIAN_POINT ( 'NONE',  ( -4.539015084160652700, 7.186651285680879300, 6.298546877401932400 ) ) ;
#234 = CYLINDRICAL_SURFACE ( 'NONE', #1372, 0.3926990816987240300 ) ;
#235 = LINE ( 'NONE', #6662, #6347 ) ;
#236 = CARTESIAN_POINT ( 'NONE',  ( -6.787170372326165200, 5.117159842742937700, 6.573030834888999000 ) ) ;
#237 = CIRCLE ( 'NONE', #4295, 3.946090011793464700 ) ;
#238 = ORIENTED_EDGE ( 'NONE', *, *, #4184, .T. ) ;
#239 = DIRECTION ( 'NONE',  ( -0.6691306063588569100, 0.7431448254773954700, -3.407789085892847100E-016 ) ) ;
#240 = CARTESIAN_POINT ( 'NONE',  ( 1.892878168963182200, 2.328317370701050000, 10.34144385754273200 ) ) ;
#241 = DIRECTION ( 'NONE',  ( -0.0000000000000000000, -0.0000000000000000000, 1.000000000000000000 ) ) ;
#242 = ADVANCED_FACE ( 'NONE', ( #5308 ), #4715, .T. ) ;
#243 = VECTOR ( 'NONE', #5296, 1000.000000000000000 ) ;
#244 = CARTESIAN_POINT ( 'NONE',  ( 0.0000000000000000000, 0.0000000000000000000, 15.00000000000000000 ) ) ;
#245 = LINE ( 'NONE', #4519, #2676 ) ;
#246 = CARTESIAN_POINT ( 'NONE',  ( 0.0000000000000000000, 8.499999999999987600, 9.562500000000012400 ) ) ;
#247 = VERTEX_POINT ( 'NONE', #2861 ) ;
#248 = EDGE_CURVE ( 'NONE', #4258, #2244, #1885, .T. ) ;
#249 = DIRECTION ( 'NONE',  ( 1.000000000000000000, 0.0000000000000000000, 0.0000000000000000000 ) ) ;
#250 = ADVANCED_FACE ( 'NONE', ( #1045 ), #6567, .F. ) ;
#251 = AXIS2_PLACEMENT_3D ( 'NONE', #906, #5796, #5747 ) ;
#252 = DIRECTION ( 'NONE',  ( 0.0000000000000000000, 0.0000000000000000000, 1.000000000000000000 ) ) ;
#253 = CARTESIAN_POINT ( 'NONE',  ( 5.231980009035149600, -6.700545306170683400, 3.944042357340690000 ) ) ;
#254 = B_SPLINE_CURVE_WITH_KNOTS ( 'NONE', 3,
 ( #3098, #4156, #959, #4698, #4627, #3640, #1504, #2549, #2484, #1999 ),
 .UNSPECIFIED., .F., .F.,
 ( 4, 2, 2, 2, 4 ),
 ( 3.417881814712338400E-006, 0.0001297705898666649300, 0.0002561232979186174800, 0.0005088287140225251500, 0.001014239546230338000 ),
 .UNSPECIFIED. ) ;
#255 = CARTESIAN_POINT ( 'NONE',  ( 0.3098994935937292600, 8.495652153120804700, 8.548789898666099100 ) ) ;
#256 = ORIENTED_EDGE ( 'NONE', *, *, #987, .T. ) ;
#257 = EDGE_CURVE ( 'NONE', #6018, #647, #389, .T. ) ;
#258 = ORIENTED_EDGE ( 'NONE', *, *, #918, .F. ) ;
#259 = CARTESIAN_POINT ( 'NONE',  ( 3.411405546988623100, 6.219449173660754200, -15.00000000000000000 ) ) ;
#260 = DIRECTION ( 'NONE',  ( -0.0000000000000000000, 0.0000000000000000000, -1.000000000000000000 ) ) ;
#261 = AXIS2_PLACEMENT_3D ( 'NONE', #6726, #773, #337 ) ;
#262 = CARTESIAN_POINT ( 'NONE',  ( -6.836147648906269600, 5.051443884905912000, 6.594685079528107800 ) ) ;
#263 = CARTESIAN_POINT ( 'NONE',  ( 5.798747623555465600, -6.214944572181096300, 6.572906634690611800 ) ) ;
#264 = CARTESIAN_POINT ( 'NONE',  ( 0.5615124314546106100, -8.481432885382787400, -14.43900000000408400 ) ) ;
#265 = CARTESIAN_POINT ( 'NONE',  ( -6.916694423007435900, -4.940580761280784800, 6.594685079528090000 ) ) ;
#266 = AXIS2_PLACEMENT_3D ( 'NONE', #1559, #5922, #3198 ) ;
#267 = ORIENTED_EDGE ( 'NONE', *, *, #961, .T. ) ;
#268 = DIRECTION ( 'NONE',  ( 1.000000000000000000, 0.0000000000000000000, 0.0000000000000000000 ) ) ;
#269 = VERTEX_POINT ( 'NONE', #5482 ) ;
#270 = VERTEX_POINT ( 'NONE', #123 ) ;
#271 = CARTESIAN_POINT ( 'NONE',  ( 2.449293598294705900E-016, 8.500000000000000000, 9.000000000000000000 ) ) ;
#272 = DIRECTION ( 'NONE',  ( 0.0000000000000000000, -1.000000000000000000, 0.0000000000000000000 ) ) ;
#273 = ORIENTED_EDGE ( 'NONE', *, *, #4863, .F. ) ;
#274 = DIRECTION ( 'NONE',  ( -0.9510565162951503100, 0.3090169943749573900, 0.0000000000000000000 ) ) ;
#275 = CARTESIAN_POINT ( 'NONE',  ( 1.992703809495071800, -5.911185461699396600, -5.000000000000000900 ) ) ;
#276 = ADVANCED_FACE ( 'NONE', ( #5135 ), #672, .F. ) ;
#277 = TOROIDAL_SURFACE ( 'NONE', #3437, 30.45371781153436100, 0.3926990816987236400 ) ;
#278 = EDGE_LOOP ( 'NONE', ( #3966, #6023, #1888, #1570, #3320 ) ) ;
#279 = CARTESIAN_POINT ( 'NONE',  ( 32.13137069386289100, 19.00640149811013700, -5.000000000000000900 ) ) ;
#280 = EDGE_CURVE ( 'NONE', #5573, #6740, #6736, .T. ) ;
#281 = CARTESIAN_POINT ( 'NONE',  ( -0.5773502691896251800, 6.499999999999993800, 9.999999999999998200 ) ) ;
#282 = DIRECTION ( 'NONE',  ( -0.0000000000000000000, -0.0000000000000000000, 1.000000000000000000 ) ) ;
#283 = AXIS2_PLACEMENT_3D ( 'NONE', #3924, #1755, #3409 ) ;
#284 = CIRCLE ( 'NONE', #656, 0.3926990816987240300 ) ;
#285 = DIRECTION ( 'NONE',  ( -0.0000000000000000000, 0.0000000000000000000, 1.000000000000000000 ) ) ;
#286 = CYLINDRICAL_SURFACE ( 'NONE', #4663, 0.3926990816987240300 ) ;
#287 = VERTEX_POINT ( 'NONE', #2424 ) ;
#288 = DIRECTION ( 'NONE',  ( -0.0000000000000000000, 1.000000000000000000, -0.0000000000000000000 ) ) ;
#289 = VERTEX_POINT ( 'NONE', #6613 ) ;
#290 = DIRECTION ( 'NONE',  ( -0.0000000000000000000, -0.0000000000000000000, 1.000000000000000000 ) ) ;
#291 = B_SPLINE_CURVE_WITH_KNOTS ( 'NONE', 3,
 ( #3554, #2077, #4109, #5773, #1530, #6845, #4639, #2591 ),
 .UNSPECIFIED., .F., .F.,
 ( 4, 2, 2, 4 ),
 ( 0.009125458611826594100, 0.01453406863998492300, 0.01723837365406408900, 0.01994267866814325400 ),
 .UNSPECIFIED. ) ;
#292 = EDGE_CURVE ( 'NONE', #3921, #6930, #3449, .T. ) ;
#293 = DIRECTION ( 'NONE',  ( -1.000000000000000000, 0.0000000000000000000, 0.0000000000000000000 ) ) ;
#294 = VERTEX_POINT ( 'NONE', #2461 ) ;
#295 = EDGE_CURVE ( 'NONE', #4357, #1118, #3203, .T. ) ;
#296 = TOROIDAL_SURFACE ( 'NONE', #5196, 30.45371781153436100, 0.3926990816987236400 ) ;
#297 = ORIENTED_EDGE ( 'NONE', *, *, #2893, .T. ) ;
#298 = EDGE_LOOP ( 'NONE', ( #3335, #108, #3826, #6727 ) ) ;
#299 = AXIS2_PLACEMENT_3D ( 'NONE', #515, #2217, #948 ) ;
#300 = CARTESIAN_POINT ( 'NONE',  ( 0.0000000000000000000, 7.937500000000005300, 13.00000000000000000 ) ) ;
#301 = CARTESIAN_POINT ( 'NONE',  ( 8.197087801699643400, 2.249914291977352500, -1.407857104184892200 ) ) ;
#302 = ORIENTED_EDGE ( 'NONE', *, *, #5775, .T. ) ;
#303 = CIRCLE ( 'NONE', #541, 0.3926990816987240300 ) ;
#304 = CARTESIAN_POINT ( 'NONE',  ( 37.08406768750114700, -0.06851717849924807100, -5.000000000000000900 ) ) ;
#305 = EDGE_CURVE ( 'NONE', #3308, #36, #4891, .T. ) ;
#306 = ORIENTED_EDGE ( 'NONE', *, *, #5133, .F. ) ;
#307 = ORIENTED_EDGE ( 'NONE', *, *, #2006, .T. ) ;
#308 = AXIS2_PLACEMENT_3D ( 'NONE', #1192, #5378, #1849 ) ;
#309 = CARTESIAN_POINT ( 'NONE',  ( 0.0000000000000000000, 3.000000000000000400, 13.00000000000000000 ) ) ;
#310 = ORIENTED_EDGE ( 'NONE', *, *, #5817, .F. ) ;
#311 = CYLINDRICAL_SURFACE ( 'NONE', #2947, 0.3926990816987240300 ) ;
#312 = DIRECTION ( 'NONE',  ( 0.8090169943749503400, 0.5877852522924691400, -3.407789085892846200E-016 ) ) ;
#313 = ORIENTED_EDGE ( 'NONE', *, *, #2939, .T. ) ;
#314 = CARTESIAN_POINT ( 'NONE',  ( 4.122884871565365600, -4.681324852090474700, -5.000000000000002700 ) ) ;
#315 = EDGE_LOOP ( 'NONE', ( #4740, #5581, #3539, #2248 ) ) ;
#316 = DIRECTION ( 'NONE',  ( 1.000000000000000000, 1.758422611539355000E-015, 0.0000000000000000000 ) ) ;
#317 = VECTOR ( 'NONE', #6349, 1000.000000000000000 ) ;
#318 = FACE_OUTER_BOUND ( 'NONE', #3768, .T. ) ;
#319 = VECTOR ( 'NONE', #5544, 1000.000000000000000 ) ;
#320 = DIRECTION ( 'NONE',  ( -0.5877852522924798000, -0.8090169943749425700, 0.0000000000000000000 ) ) ;
#321 = PLANE ( 'NONE',  #4425 ) ;
#322 = ORIENTED_EDGE ( 'NONE', *, *, #1603, .T. ) ;
#323 = AXIS2_PLACEMENT_3D ( 'NONE', #4042, #6730, #3999 ) ;
#324 = CARTESIAN_POINT ( 'NONE',  ( -2.936742409106806000, 7.976562168162022500, -14.43900000000000000 ) ) ;
#325 = CIRCLE ( 'NONE', #4515, 30.54279649802281300 ) ;
#326 = CIRCLE ( 'NONE', #5873, 3.946090011793464700 ) ;
#327 = EDGE_LOOP ( 'NONE', ( #1102, #3842, #3644, #1342 ) ) ;
#328 = VERTEX_POINT ( 'NONE', #5053 ) ;
#329 = CARTESIAN_POINT ( 'NONE',  ( 4.385651846218999100, -4.973157142624606800, -15.00000000000000000 ) ) ;
#330 = CARTESIAN_POINT ( 'NONE',  ( -2.863138239108634000, 5.776310017815892400, -15.00000000000000000 ) ) ;
#331 = EDGE_CURVE ( 'NONE', #289, #4032, #700, .T. ) ;
#332 = LINE ( 'NONE', #1597, #1598 ) ;
#333 = EDGE_CURVE ( 'NONE', #1864, #3474, #931, .T. ) ;
#334 = ORIENTED_EDGE ( 'NONE', *, *, #6406, .F. ) ;
#335 = CARTESIAN_POINT ( 'NONE',  ( -6.471215300770765600, -1.445547167183624000, -15.00000000000000000 ) ) ;
#336 = CARTESIAN_POINT ( 'NONE',  ( -4.755826539141007300, -7.046491051905999100, 3.944042357355577600 ) ) ;
#337 = DIRECTION ( 'NONE',  ( 0.8090169943749504500, 0.5877852522924689200, -3.374246315831958400E-016 ) ) ;
#338 = CARTESIAN_POINT ( 'NONE',  ( -2.863138239108634000, 5.776310017815892400, -5.000000000000000900 ) ) ;
#339 = EDGE_CURVE ( 'NONE', #3807, #2960, #366, .T. ) ;
#340 = DIRECTION ( 'NONE',  ( 0.0000000000000000000, 0.0000000000000000000, 1.000000000000000000 ) ) ;
#341 = AXIS2_PLACEMENT_3D ( 'NONE', #5726, #3591, #1965 ) ;
#342 = CARTESIAN_POINT ( 'NONE',  ( 7.537892046011178200, 3.928792833043250900, 4.837008079249782700 ) ) ;
#343 = B_SPLINE_CURVE_WITH_KNOTS ( 'NONE', 3,
 ( #4304, #4816, #1580, #1088, #4718, #5343, #5271, #3217, #3675, #2095 ),
 .UNSPECIFIED., .F., .F.,
 ( 4, 2, 2, 2, 4 ),
 ( 0.002719869473834816200, 0.002846293500123856100, 0.002972717526412896500, 0.003225565578990976400, 0.003731261684147137900 ),
 .UNSPECIFIED. ) ;
#344 = CARTESIAN_POINT ( 'NONE',  ( 4.532886174746358200, 7.069293181989122500, -14.54126440246393100 ) ) ;
#345 = EDGE_CURVE ( 'NONE', #1468, #2180, #6131, .T. ) ;
#346 = CARTESIAN_POINT ( 'NONE',  ( -2.339275608533188900, 6.696792176639188900, -15.00000000000000000 ) ) ;
#347 = EDGE_LOOP ( 'NONE', ( #1376, #950, #6031 ) ) ;
#348 = DIRECTION ( 'NONE',  ( 0.0000000000000000000, 0.0000000000000000000, 1.000000000000000000 ) ) ;
#349 = AXIS2_PLACEMENT_3D ( 'NONE', #3829, #1737, #5472 ) ;
#350 = ADVANCED_FACE ( 'NONE', ( #2050 ), #6222, .F. ) ;
#351 = ORIENTED_EDGE ( 'NONE', *, *, #28, .T. ) ;
#352 = DIRECTION ( 'NONE',  ( 0.8090169943749426800, -0.5877852522924796900, -0.0000000000000000000 ) ) ;
#353 = DIRECTION ( 'NONE',  ( -0.0000000000000000000, -0.0000000000000000000, 1.000000000000000000 ) ) ;
#354 = CARTESIAN_POINT ( 'NONE',  ( 1.228706102645601400, 2.739228265043352800, 12.58326139381665100 ) ) ;
#355 = ORIENTED_EDGE ( 'NONE', *, *, #5187, .F. ) ;
#356 = DIRECTION ( 'NONE',  ( -0.0000000000000000000, 0.0000000000000000000, -1.000000000000000000 ) ) ;
#357 = AXIS2_PLACEMENT_3D ( 'NONE', #5042, #1332, #1798 ) ;
#358 = EDGE_CURVE ( 'NONE', #4911, #2927, #4804, .T. ) ;
#359 = CARTESIAN_POINT ( 'NONE',  ( 7.570769360109634900, 3.864382395160299100, 5.729814788946899100 ) ) ;
#360 = ORIENTED_EDGE ( 'NONE', *, *, #2452, .T. ) ;
#361 = APPROVAL_PERSON_ORGANIZATION ( #536, #3401, #4107 ) ;
#362 = CARTESIAN_POINT ( 'NONE',  ( 6.159178538882834200, -2.248584257262704600, -15.00000000000000000 ) ) ;
#363 = CARTESIAN_POINT ( 'NONE',  ( 4.224721244881420600, -4.589630969700075400, -5.000000000000000900 ) ) ;
#364 = VERTEX_POINT ( 'NONE', #4061 ) ;
#365 = ORIENTED_EDGE ( 'NONE', *, *, #6344, .F. ) ;
#366 = LINE ( 'NONE', #2396, #5909 ) ;
#367 = ADVANCED_FACE ( 'NONE', ( #3036 ), #194, .T. ) ;
#368 = CYLINDRICAL_SURFACE ( 'NONE', #5024, 2.000000000000000000 ) ;
#369 = CARTESIAN_POINT ( 'NONE',  ( -36.36745577941501800, -7.269086534428163700, -5.000000000000000900 ) ) ;
#370 = ORIENTED_EDGE ( 'NONE', *, *, #4992, .T. ) ;
#371 = CARTESIAN_POINT ( 'NONE',  ( 4.122884871565431400, 4.681324852090418700, -5.000000000000002700 ) ) ;
#372 = ORIENTED_EDGE ( 'NONE', *, *, #2936, .T. ) ;
#373 = TOROIDAL_SURFACE ( 'NONE', #3000, 31.43791576719769100, 3.946090011793464700 ) ;
#374 = CARTESIAN_POINT ( 'NONE',  ( -0.6249184492353511100, -6.601190120977243200, -5.000000000000000900 ) ) ;
#375 = VERTEX_POINT ( 'NONE', #5032 ) ;
#376 = EDGE_CURVE ( 'NONE', #612, #3469, #5998, .T. ) ;
#377 = ORIENTED_EDGE ( 'NONE', *, *, #6933, .F. ) ;
#378 = CARTESIAN_POINT ( 'NONE',  ( 4.672857229660112700, 7.100617505357951700, -1.407575745709718200 ) ) ;
#379 = CARTESIAN_POINT ( 'NONE',  ( 0.2711443143958586200, 2.990657811188890800, 12.98606285036057500 ) ) ;
#380 = CARTESIAN_POINT ( 'NONE',  ( -3.374512555159401300, -5.707792839316600600, -5.000000000000000900 ) ) ;
#381 = AXIS2_PLACEMENT_3D ( 'NONE', #2925, #5623, #3468 ) ;
#382 = CARTESIAN_POINT ( 'NONE',  ( 0.5773502691896264000, 6.499999999999993800, 9.999999999999998200 ) ) ;
#383 = EDGE_LOOP ( 'NONE', ( #4314, #421, #646, #5807 ) ) ;
#384 = PERSON_AND_ORGANIZATION_ROLE ( 'creator' ) ;
#385 = CIRCLE ( 'NONE', #2912, 3.946090011793465200 ) ;
#386 = VERTEX_POINT ( 'NONE', #309 ) ;
#387 = ORIENTED_EDGE ( 'NONE', *, *, #3765, .F. ) ;
#388 = CARTESIAN_POINT ( 'NONE',  ( 8.500000000000000000, 0.02284037235540717700, 6.595365866909439500 ) ) ;
#389 = B_SPLINE_CURVE_WITH_KNOTS ( 'NONE', 3,
 ( #1773, #1254, #5512, #5016 ),
 .UNSPECIFIED., .F., .F.,
 ( 4, 4 ),
 ( 2.997673308346418500E-007, 0.0006999228709516741300 ),
 .UNSPECIFIED. ) ;
#390 = EDGE_CURVE ( 'NONE', #3354, #2849, #3117, .T. ) ;
#391 = ORIENTED_EDGE ( 'NONE', *, *, #5405, .F. ) ;
#392 = LINE ( 'NONE', #5792, #2983 ) ;
#393 = AXIS2_PLACEMENT_3D ( 'NONE', #2969, #1845, #3502 ) ;
#394 = ORIENTED_EDGE ( 'NONE', *, *, #2719, .F. ) ;
#395 = ORIENTED_EDGE ( 'NONE', *, *, #429, .F. ) ;
#396 = CARTESIAN_POINT ( 'NONE',  ( 2.731997220434759600, 8.049098956068711200, 6.593841306491030200 ) ) ;
#397 = CARTESIAN_POINT ( 'NONE',  ( -2.339275608533188900, 6.696792176639188900, -5.000000000000000900 ) ) ;
#398 = CIRCLE ( 'NONE', #6630, 1.999999999999999600 ) ;
#399 = FACE_OUTER_BOUND ( 'NONE', #2889, .T. ) ;
#400 = CIRCLE ( 'NONE', #349, 0.3926990816987240300 ) ;
#401 = ORIENTED_EDGE ( 'NONE', *, *, #6357, .T. ) ;
#402 = EDGE_CURVE ( 'NONE', #635, #1029, #254, .T. ) ;
#403 = AXIS2_PLACEMENT_3D ( 'NONE', #3488, #3523, #6781 ) ;
#404 = CARTESIAN_POINT ( 'NONE',  ( -4.860865375652132900, 5.166354965501344800, -15.00000000000000000 ) ) ;
#405 = LINE ( 'NONE', #1130, #4506 ) ;
#406 = DIRECTION ( 'NONE',  ( -0.0000000000000000000, -0.0000000000000000000, 1.000000000000000000 ) ) ;
#407 = LINE ( 'NONE', #3621, #2421 ) ;
#408 = VECTOR ( 'NONE', #6739, 1000.000000000000000 ) ;
#409 = CARTESIAN_POINT ( 'NONE',  ( 8.496632449864135200, 0.2402727652974343000, 6.483877068567748500 ) ) ;
#410 = ADVANCED_FACE ( 'NONE', ( #6900 ), #5825, .T. ) ;
#411 = DIRECTION ( 'NONE',  ( 1.000000000000000000, 0.0000000000000000000, 0.0000000000000000000 ) ) ;
#412 = ORIENTED_EDGE ( 'NONE', *, *, #1786, .T. ) ;
#413 = CIRCLE ( 'NONE', #6672, 0.3926990816987240300 ) ;
#414 = CARTESIAN_POINT ( 'NONE',  ( -3.255837320807357700, 5.776310017815892400, -15.00000000000000000 ) ) ;
#415 = VECTOR ( 'NONE', #2698, 1000.000000000000100 ) ;
#416 = DIRECTION ( 'NONE',  ( 0.0000000000000000000, 0.0000000000000000000, -1.000000000000000000 ) ) ;
#417 = CARTESIAN_POINT ( 'NONE',  ( 6.458385067881663700, 5.241637228820503800, -14.62213448299076100 ) ) ;
#418 = VERTEX_POINT ( 'NONE', #5171 ) ;
#419 = DIRECTION ( 'NONE',  ( 1.000000000000000000, 0.0000000000000000000, 0.0000000000000000000 ) ) ;
#420 = DIRECTION ( 'NONE',  ( 1.000000000000000000, 0.0000000000000000000, 0.0000000000000000000 ) ) ;
#421 = ORIENTED_EDGE ( 'NONE', *, *, #6668, .T. ) ;
#422 = EDGE_CURVE ( 'NONE', #2107, #5573, #4470, .T. ) ;
#423 = AXIS2_PLACEMENT_3D ( 'NONE', #4986, #2283, #2845 ) ;
#424 = DIRECTION ( 'NONE',  ( 0.0000000000000000000, 0.0000000000000000000, -1.000000000000000000 ) ) ;
#425 = CARTESIAN_POINT ( 'NONE',  ( -1.297243884764546000, 8.400572808471416400, 6.060443683543153900 ) ) ;
#426 = DIRECTION ( 'NONE',  ( -0.0000000000000000000, 0.0000000000000000000, 1.000000000000000000 ) ) ;
#427 = EDGE_CURVE ( 'NONE', #3627, #5590, #284, .T. ) ;
#428 = CARTESIAN_POINT ( 'NONE',  ( -5.411639322338298400, 6.555037742804324300, -3.199825384221548900 ) ) ;
#429 = EDGE_CURVE ( 'NONE', #6501, #4472, #4394, .T. ) ;
#430 = AXIS2_PLACEMENT_3D ( 'NONE', #5534, #2323, #4406 ) ;
#431 = CARTESIAN_POINT ( 'NONE',  ( 5.636507181857934000, -6.362372732626083000, 6.594685079528088200 ) ) ;
#432 = DIRECTION ( 'NONE',  ( 0.0000000000000000000, -0.0000000000000000000, 1.000000000000000000 ) ) ;
#433 = B_SPLINE_CURVE_WITH_KNOTS ( 'NONE', 3,
 ( #885, #5120, #2510, #3565, #4056, #5105, #1339, #6240, #3534, #6216 ),
 .UNSPECIFIED., .F., .F.,
 ( 4, 2, 2, 2, 4 ),
 ( 1.739584116914429300E-006, 0.0001280625107683742300, 0.0002543854374198340600, 0.0005070312907227536100, 0.001012322997328590600 ),
 .UNSPECIFIED. ) ;
#434 = CARTESIAN_POINT ( 'NONE',  ( 0.0000000000000000000, 3.000000000000000900, 11.00000000000000000 ) ) ;
#435 = DIRECTION ( 'NONE',  ( -0.5877852522924798000, -0.8090169943749425700, 0.0000000000000000000 ) ) ;
#436 = DIRECTION ( 'NONE',  ( 0.4999999999999918400, -0.8660254037844432600, -3.407789085892845700E-016 ) ) ;
#437 = DIRECTION ( 'NONE',  ( -0.0000000000000000000, -0.0000000000000000000, -1.000000000000000000 ) ) ;
#438 = VERTEX_POINT ( 'NONE', #5791 ) ;
#439 = ADVANCED_FACE ( 'NONE', ( #2805 ), #3031, .F. ) ;
#440 = CARTESIAN_POINT ( 'NONE',  ( 1.214147014147807000, 8.412838226660881000, -14.43900000000408400 ) ) ;
#441 = DIRECTION ( 'NONE',  ( 1.000000000000000000, 0.0000000000000000000, 0.0000000000000000000 ) ) ;
#442 = AXIS2_PLACEMENT_3D ( 'NONE', #2683, #74, #6419 ) ;
#443 = DATE_AND_TIME ( #5720, #5901 ) ;
#444 = ORIENTED_EDGE ( 'NONE', *, *, #6203, .T. ) ;
#445 = CARTESIAN_POINT ( 'NONE',  ( -18.48269622657429100, 32.15000328228742900, -5.000000000000000900 ) ) ;
#446 = DIRECTION ( 'NONE',  ( -0.0000000000000000000, -0.0000000000000000000, 1.000000000000000000 ) ) ;
#447 = DIRECTION ( 'NONE',  ( -0.0000000000000000000, -0.0000000000000000000, 1.000000000000000000 ) ) ;
#448 = B_SPLINE_CURVE_WITH_KNOTS ( 'NONE', 3,
 ( #1067, #2121, #4830, #512, #6426, #1112, #1632, #3254, #1042, #1 ),
 .UNSPECIFIED., .F., .F.,
 ( 4, 2, 2, 2, 4 ),
 ( 0.001565714543675556600, 0.002070265776302119800, 0.002322541392615400300, 0.002448679200772041000, 0.002574817008928681200 ),
 .UNSPECIFIED. ) ;
#449 = CARTESIAN_POINT ( 'NONE',  ( -4.190524304000152100, -7.395235361878884600, 6.594685079528086500 ) ) ;
#450 = FACE_OUTER_BOUND ( 'NONE', #6544, .T. ) ;
#451 = AXIS2_PLACEMENT_3D ( 'NONE', #5561, #6637, #1362 ) ;
#452 = ORIENTED_EDGE ( 'NONE', *, *, #6488, .F. ) ;
#453 = EDGE_CURVE ( 'NONE', #1123, #5245, #4218, .T. ) ;
#454 = CARTESIAN_POINT ( 'NONE',  ( -5.953458739264885200, 6.067181535926510000, -3.199732156543908100 ) ) ;
#455 = ADVANCED_FACE ( 'NONE', ( #6814 ), #3594, .T. ) ;
#456 = VECTOR ( 'NONE', #5078, 1000.000000000000000 ) ;
#457 = FACE_OUTER_BOUND ( 'NONE', #189, .T. ) ;
#458 = DIRECTION ( 'NONE',  ( -0.0000000000000000000, -0.0000000000000000000, 1.000000000000000000 ) ) ;
#459 = ORIENTED_EDGE ( 'NONE', *, *, #1841, .F. ) ;
#460 = ORIENTED_EDGE ( 'NONE', *, *, #2984, .T. ) ;
#461 = EDGE_CURVE ( 'NONE', #2619, #4908, #2716, .T. ) ;
#462 = AXIS2_PLACEMENT_3D ( 'NONE', #5992, #4873, #2782 ) ;
#463 = DIRECTION ( 'NONE',  ( 1.000000000000000000, 0.0000000000000000000, 0.0000000000000000000 ) ) ;
#464 = DIRECTION ( 'NONE',  ( -0.0000000000000000000, 0.0000000000000000000, 1.000000000000000000 ) ) ;
#465 = ORIENTED_EDGE ( 'NONE', *, *, #5958, .T. ) ;
#466 = TOROIDAL_SURFACE ( 'NONE', #266, 31.43791576719764100, 3.946090011793464700 ) ;
#467 = ORIENTED_EDGE ( 'NONE', *, *, #3475, .F. ) ;
#468 = VERTEX_POINT ( 'NONE', #5731 ) ;
#469 = CARTESIAN_POINT ( 'NONE',  ( -7.625892554961530400, 3.754432412510967200, -5.000000000000004400 ) ) ;
#470 = DIRECTION ( 'NONE',  ( 0.8090169943749425700, -0.5877852522924798000, -3.374246315831958400E-016 ) ) ;
#471 = ORIENTED_EDGE ( 'NONE', *, *, #4951, .T. ) ;
#472 = EDGE_CURVE ( 'NONE', #328, #6315, #1823, .T. ) ;
#473 = VECTOR ( 'NONE', #5754, 1000.000000000000000 ) ;
#474 = CARTESIAN_POINT ( 'NONE',  ( -3.059487779957998900, 5.436222637021974600, -15.00000000000000000 ) ) ;
#475 = ORIENTED_EDGE ( 'NONE', *, *, #4897, .T. ) ;
#476 = ORIENTED_EDGE ( 'NONE', *, *, #2147, .F. ) ;
#477 = ORIENTED_EDGE ( 'NONE', *, *, #1255, .F. ) ;
#478 = AXIS2_PLACEMENT_3D ( 'NONE', #2122, #2614, #21 ) ;
#479 = ADVANCED_FACE ( 'NONE', ( #5394 ), #3766, .F. ) ;
#480 = DIRECTION ( 'NONE',  ( -0.8660254037844363800, 0.5000000000000040000, -0.0000000000000000000 ) ) ;
#481 = EDGE_LOOP ( 'NONE', ( #2073, #6443, #5062, #3045 ) ) ;
#482 = FACE_OUTER_BOUND ( 'NONE', #6067, .T. ) ;
#483 = CARTESIAN_POINT ( 'NONE',  ( 7.064380123508770200, -4.727000472876460100, -4.098268287262984100 ) ) ;
#484 = EDGE_CURVE ( 'NONE', #4812, #1360, #3946, .T. ) ;
#485 = ORIENTED_EDGE ( 'NONE', *, *, #188, .T. ) ;
#486 = CARTESIAN_POINT ( 'NONE',  ( -3.374512555159320900, 5.707792839316645100, -15.00000000000000000 ) ) ;
#487 = ORIENTED_EDGE ( 'NONE', *, *, #5010, .F. ) ;
#488 = CARTESIAN_POINT ( 'NONE',  ( -0.5838702176986793100, 6.210642285936856400, -15.00000000000000000 ) ) ;
#489 = CARTESIAN_POINT ( 'NONE',  ( -6.499706345634445300, -1.311507339667445900, -5.000000000000000900 ) ) ;
#490 = CIRCLE ( 'NONE', #3958, 1.999999999999999600 ) ;
#491 = AXIS2_PLACEMENT_3D ( 'NONE', #1552, #509, #1062 ) ;
#492 = CIRCLE ( 'NONE', #1782, 0.3926990816987240300 ) ;
#493 = TOROIDAL_SURFACE ( 'NONE', #5236, 30.45371781153436800, 0.3926990816987236400 ) ;
#494 = ORIENTED_EDGE ( 'NONE', *, *, #4796, .F. ) ;
#495 = DIRECTION ( 'NONE',  ( -0.8090169943749504500, -0.5877852522924690300, 0.0000000000000000000 ) ) ;
#496 = CARTESIAN_POINT ( 'NONE',  ( 7.809766702396367500, -3.355496851447566300, 6.593838444918850100 ) ) ;
#497 = CARTESIAN_POINT ( 'NONE',  ( -6.916694423007435900, -4.940580761280784800, 6.594685079528090000 ) ) ;
#498 = EDGE_CURVE ( 'NONE', #3637, #1901, #3679, .T. ) ;
#499 = CYLINDRICAL_SURFACE ( 'NONE', #4009, 3.000000000000000400 ) ;
#500 = CIRCLE ( 'NONE', #6350, 3.946090011793464700 ) ;
#501 = ADVANCED_FACE ( 'NONE', ( #1285 ), #4602, .T. ) ;
#502 = ORIENTED_EDGE ( 'NONE', *, *, #5545, .F. ) ;
#503 = AXIS2_PLACEMENT_3D ( 'NONE', #3057, #5736, #4128 ) ;
#504 = ORIENTED_EDGE ( 'NONE', *, *, #663, .T. ) ;
#505 = CARTESIAN_POINT ( 'NONE',  ( 0.0000000000000000000, 0.0000000000000000000, 14.55000000000000100 ) ) ;
#506 = CARTESIAN_POINT ( 'NONE',  ( -5.227456210677400100, -6.469868641848910900, -14.62213447365490300 ) ) ;
#507 = B_SPLINE_CURVE_WITH_KNOTS ( 'NONE', 3,
 ( #6123, #3994, #5213, #850, #378, #1433, #3032, #4127 ),
 .UNSPECIFIED., .F., .F.,
 ( 4, 2, 2, 4 ),
 ( 0.008884130311222662700, 0.01429061498666698800, 0.01699385732438914900, 0.01969709966211131300 ),
 .UNSPECIFIED. ) ;
#508 = EDGE_CURVE ( 'NONE', #3876, #143, #2599, .T. ) ;
#509 = DIRECTION ( 'NONE',  ( -0.0000000000000000000, -0.0000000000000000000, -1.000000000000000000 ) ) ;
#510 = VECTOR ( 'NONE', #1536, 1000.000000000000100 ) ;
#511 = EDGE_LOOP ( 'NONE', ( #6760, #6643, #1472, #1503 ) ) ;
#512 = CARTESIAN_POINT ( 'NONE',  ( 2.304008472519295300, -8.181819522421305300, 6.299965466257162900 ) ) ;
#513 = CARTESIAN_POINT ( 'NONE',  ( 7.156934494979034300, -4.586136869370146300, -1.407857104178909400 ) ) ;
#514 = DIRECTION ( 'NONE',  ( 0.0000000000000000000, 0.0000000000000000000, -1.000000000000000000 ) ) ;
#515 = CARTESIAN_POINT ( 'NONE',  ( 11.03069998339221400, -35.40840460666228800, -5.000000000000000900 ) ) ;
#516 = CARTESIAN_POINT ( 'NONE',  ( -0.6520120519251212400, -6.203480290560886300, -5.000000000000000900 ) ) ;
#517 = CARTESIAN_POINT ( 'NONE',  ( 0.0000000000000000000, 8.500000000000000000, 13.00000000000000000 ) ) ;
#518 = CARTESIAN_POINT ( 'NONE',  ( 0.0000000000000000000, 0.0000000000000000000, -15.00000000000000000 ) ) ;
#519 = ADVANCED_FACE ( 'NONE', ( #2540 ), #6198, .T. ) ;
#520 = DIRECTION ( 'NONE',  ( 0.7071067811865483500, 0.0000000000000000000, 0.7071067811865468000 ) ) ;
#521 = CARTESIAN_POINT ( 'NONE',  ( -6.415585563879141700, -3.026466207034157500, -15.00000000000000000 ) ) ;
#522 = EDGE_CURVE ( 'NONE', #6577, #2790, #163, .T. ) ;
#523 = AXIS2_PLACEMENT_3D ( 'NONE', #4205, #2647, #4695 ) ;
#524 = DIRECTION ( 'NONE',  ( -0.0000000000000000000, -0.0000000000000000000, 1.000000000000000000 ) ) ;
#525 = CARTESIAN_POINT ( 'NONE',  ( -1.038166043674586100, 8.436422402617134600, 6.572953909909691600 ) ) ;
#526 = CARTESIAN_POINT ( 'NONE',  ( 11.45960713598862000, -35.26904422492854300, -5.000000000000000900 ) ) ;
#527 = EDGE_CURVE ( 'NONE', #2131, #1898, #6038, .T. ) ;
#528 = ORIENTED_EDGE ( 'NONE', *, *, #5540, .T. ) ;
#529 = DIRECTION ( 'NONE',  ( -0.3090169943749574400, -0.9510565162951503100, 0.0000000000000000000 ) ) ;
#530 = AXIS2_PLACEMENT_3D ( 'NONE', #5628, #6104, #2428 ) ;
#531 = ADVANCED_FACE ( 'NONE', ( #4439 ), #3190, .F. ) ;
#532 = DIRECTION ( 'NONE',  ( 1.000000000000000000, 0.0000000000000000000, 0.0000000000000000000 ) ) ;
#533 = ORIENTED_EDGE ( 'NONE', *, *, #6445, .F. ) ;
#534 = CARTESIAN_POINT ( 'NONE',  ( -2.880075745088720700, -5.890396857461829500, -15.00000000000000000 ) ) ;
#535 = EDGE_CURVE ( 'NONE', #5072, #5041, #1177, .T. ) ;
#536 = PERSON_AND_ORGANIZATION ( #2117, #6484 ) ;
#537 = CARTESIAN_POINT ( 'NONE',  ( 0.0000000000000000000, 0.0000000000000000000, -15.00000000000000000 ) ) ;
#538 = CARTESIAN_POINT ( 'NONE',  ( -5.086638884589818100, -3.610967584008658800, -15.00000000000000000 ) ) ;
#539 = VERTEX_POINT ( 'NONE', #5911 ) ;
#540 = DIRECTION ( 'NONE',  ( -0.0000000000000000000, -0.0000000000000000000, 1.000000000000000000 ) ) ;
#541 = AXIS2_PLACEMENT_3D ( 'NONE', #5118, #5725, #915 ) ;
#542 = ORIENTED_EDGE ( 'NONE', *, *, #5036, .F. ) ;
#543 = CIRCLE ( 'NONE', #2963, 0.3926990816987240300 ) ;
#544 = CARTESIAN_POINT ( 'NONE',  ( 8.500000000000000000, -3.683702917086680500E-018, 6.595365866909439500 ) ) ;
#545 = VECTOR ( 'NONE', #6634, 999.9999999999998900 ) ;
#546 = CARTESIAN_POINT ( 'NONE',  ( -5.323792341258372800, 3.952653436445063000, -5.000000000000000900 ) ) ;
#547 = ORIENTED_EDGE ( 'NONE', *, *, #2772, .F. ) ;
#548 = CARTESIAN_POINT ( 'NONE',  ( -0.9566049056668989300, -8.445999470427040000, 6.594685079528073100 ) ) ;
#549 = ADVANCED_FACE ( 'NONE', ( #4768 ), #3170, .F. ) ;
#550 = DIRECTION ( 'NONE',  ( -0.3090169943749573900, -0.9510565162951504200, 0.0000000000000000000 ) ) ;
#551 = AXIS2_PLACEMENT_3D ( 'NONE', #831, #215, #772 ) ;
#552 = ORIENTED_EDGE ( 'NONE', *, *, #6504, .T. ) ;
#553 = LINE ( 'NONE', #5990, #1802 ) ;
#554 = ORIENTED_EDGE ( 'NONE', *, *, #6744, .T. ) ;
#555 = ORIENTED_EDGE ( 'NONE', *, *, #3009, .F. ) ;
#556 = CARTESIAN_POINT ( 'NONE',  ( -2.312631089370654500, -8.179348228586206900, -4.098268287264491300 ) ) ;
#557 = DIRECTION ( 'NONE',  ( -0.9135454576426060800, -0.4067366430757888300, 0.0000000000000000000 ) ) ;
#558 = VERTEX_POINT ( 'NONE', #6416 ) ;
#559 = FACE_OUTER_BOUND ( 'NONE', #568, .T. ) ;
#560 = EDGE_LOOP ( 'NONE', ( #2039, #2235, #1243, #1463 ) ) ;
#561 = VERTEX_POINT ( 'NONE', #3745 ) ;
#562 = ORIENTED_EDGE ( 'NONE', *, *, #718, .T. ) ;
#563 = EDGE_CURVE ( 'NONE', #3245, #2131, #4004, .T. ) ;
#564 = DIRECTION ( 'NONE',  ( -0.0000000000000000000, -0.0000000000000000000, 1.000000000000000000 ) ) ;
#565 = CARTESIAN_POINT ( 'NONE',  ( 0.8958154394416969500, -7.036813947251417300, -15.00000000000000000 ) ) ;
#566 = DIRECTION ( 'NONE',  ( 1.000000000000000000, 3.313077793191164200E-015, 0.0000000000000000000 ) ) ;
#567 = ORIENTED_EDGE ( 'NONE', *, *, #816, .F. ) ;
#568 = EDGE_LOOP ( 'NONE', ( #6816, #2949, #3518, #2272, #6628, #5837, #6238, #2844, #465, #1294, #4, #6650, #6459, #2814, #2438, #2507, #1978, #4144, #4993, #6163, #3101, #204, #4433, #2233, #783, #6597, #1728, #5330, #214, #2799, #4727, #1853, #3479, #5716, #3322, #3771, #5851, #4484, #412, #1398, #5558, #5007, #1139, #4417, #5366, #4881, #1574, #6856, #2479, #504, #3154, #5230, #4987, #823, #892, #6193, #562, #2793, #6903, #3723, #2250, #3533, #1304, #4902 ) ) ;
#569 = ADVANCED_FACE ( 'NONE', ( #592 ), #5692, .F. ) ;
#570 = ORIENTED_EDGE ( 'NONE', *, *, #4782, .F. ) ;
#571 = DIRECTION ( 'NONE',  ( 0.0000000000000000000, 1.000000000000000000, 0.0000000000000000000 ) ) ;
#572 = DIRECTION ( 'NONE',  ( -0.9945218953682744000, -0.1045284632676436500, 0.0000000000000000000 ) ) ;
#573 = EDGE_CURVE ( 'NONE', #3546, #670, #343, .T. ) ;
#574 = FACE_OUTER_BOUND ( 'NONE', #4706, .T. ) ;
#575 = CARTESIAN_POINT ( 'NONE',  ( -3.183129861917712000, -7.882219270170921300, -0.5152498077310852000 ) ) ;
#576 = ORIENTED_EDGE ( 'NONE', *, *, #2719, .T. ) ;
#577 = LINE ( 'NONE', #1532, #6602 ) ;
#578 = CYLINDRICAL_SURFACE ( 'NONE', #5608, 0.3926990816987240300 ) ;
#579 = DIRECTION ( 'NONE',  ( 0.5000000000000010000, 0.0000000000000000000, -0.8660254037844380400 ) ) ;
#580 = AXIS2_PLACEMENT_3D ( 'NONE', #3660, #2765, #3166 ) ;
#581 = DIRECTION ( 'NONE',  ( 0.0000000000000000000, 0.0000000000000000000, -1.000000000000000000 ) ) ;
#582 = ORIENTED_EDGE ( 'NONE', *, *, #3951, .T. ) ;
#583 = LINE ( 'NONE', #5605, #6774 ) ;
#584 = CARTESIAN_POINT ( 'NONE',  ( -6.601879607556052000, 5.353987826595879800, 5.729814788947161100 ) ) ;
#585 = CARTESIAN_POINT ( 'NONE',  ( -0.5353142941609526600, 2.954867086435879500, 9.068249951862723500 ) ) ;
#586 = FACE_OUTER_BOUND ( 'NONE', #1175, .T. ) ;
#587 = FACE_OUTER_BOUND ( 'NONE', #3392, .T. ) ;
#588 = CARTESIAN_POINT ( 'NONE',  ( -3.178163014309962600, 5.367705458522728200, -5.000000000000000900 ) ) ;
#589 = VERTEX_POINT ( 'NONE', #4794 ) ;
#590 = AXIS2_PLACEMENT_3D ( 'NONE', #917, #2602, #441 ) ;
#591 = VECTOR ( 'NONE', #1886, 1000.000000000000000 ) ;
#592 = FACE_OUTER_BOUND ( 'NONE', #5892, .T. ) ;
#593 = ADVANCED_FACE ( 'NONE', ( #1256 ), #5106, .F. ) ;
#594 = DIRECTION ( 'NONE',  ( 0.9781476007338041300, -0.2079116908177664500, 0.0000000000000000000 ) ) ;
#595 = VERTEX_POINT ( 'NONE', #634 ) ;
#596 = DIRECTION ( 'NONE',  ( 0.0000000000000000000, 0.0000000000000000000, 1.000000000000000000 ) ) ;
#597 = DIRECTION ( 'NONE',  ( 1.000000000000000000, 1.104359264397054700E-015, 0.0000000000000000000 ) ) ;
#598 = AXIS2_PLACEMENT_3D ( 'NONE', #6175, #910, #857 ) ;
#599 = CARTESIAN_POINT ( 'NONE',  ( 5.636507181857934000, -6.362372732626083000, 6.594685079528088200 ) ) ;
#600 = EDGE_LOOP ( 'NONE', ( #4142, #2704, #4495, #5125 ) ) ;
#601 = EDGE_CURVE ( 'NONE', #1390, #3712, #4082, .T. ) ;
#602 = DIRECTION ( 'NONE',  ( 1.000000000000000000, 0.0000000000000000000, 0.0000000000000000000 ) ) ;
#603 = CARTESIAN_POINT ( 'NONE',  ( -2.778738016340063200, 5.598313588621709700, -15.00000000000000000 ) ) ;
#604 = VERTEX_POINT ( 'NONE', #2188 ) ;
#605 = DIRECTION ( 'NONE',  ( -0.2079116908177664200, -0.9781476007338041300, 0.0000000000000000000 ) ) ;
#606 = CARTESIAN_POINT ( 'NONE',  ( -1.943835915235842600, 2.288646437654650300, 10.46230550866478000 ) ) ;
#607 = ADVANCED_FACE ( 'NONE', ( #2846 ), #2685, .T. ) ;
#608 = DIRECTION ( 'NONE',  ( 0.0000000000000000000, -0.0000000000000000000, 1.000000000000000000 ) ) ;
#609 = CARTESIAN_POINT ( 'NONE',  ( -8.328230005728572700, 1.700172041789443300, 6.594685079528128200 ) ) ;
#610 = CARTESIAN_POINT ( 'NONE',  ( 8.078423523780578800, -2.652519029755157700, 2.160490415691578300 ) ) ;
#611 = CARTESIAN_POINT ( 'NONE',  ( 0.0000000000000000000, 0.0000000000000000000, -15.00000000000000000 ) ) ;
#612 = VERTEX_POINT ( 'NONE', #5985 ) ;
#613 = EDGE_CURVE ( 'NONE', #6605, #4581, #674, .T. ) ;
#614 = AXIS2_PLACEMENT_3D ( 'NONE', #6354, #3778, #1612 ) ;
#615 = ORIENTED_EDGE ( 'NONE', *, *, #4031, .T. ) ;
#616 = CARTESIAN_POINT ( 'NONE',  ( -1.132258180102093400, 6.458297209747817300, -15.00000000000000000 ) ) ;
#617 = CARTESIAN_POINT ( 'NONE',  ( 4.532886174746260500, -7.069293181989132300, -14.54126440246397500 ) ) ;
#618 = EDGE_CURVE ( 'NONE', #1671, #1746, #1457, .T. ) ;
#619 = DIRECTION ( 'NONE',  ( -0.3090169943749573900, -0.9510565162951504200, 0.0000000000000000000 ) ) ;
#620 = ORIENTED_EDGE ( 'NONE', *, *, #784, .T. ) ;
#621 = AXIS2_PLACEMENT_3D ( 'NONE', #526, #5314, #2655 ) ;
#622 = CARTESIAN_POINT ( 'NONE',  ( -2.150060967659674000, -8.223843419312126800, -1.407857104184883700 ) ) ;
#623 = CARTESIAN_POINT ( 'NONE',  ( 1.862376391315415700, 5.953531406825149500, -15.00000000000000000 ) ) ;
#624 = ORIENTED_EDGE ( 'NONE', *, *, #5891, .F. ) ;
#625 = ORIENTED_EDGE ( 'NONE', *, *, #5637, .F. ) ;
#626 = DIRECTION ( 'NONE',  ( 0.1045284632676436500, -0.9945218953682744000, 0.0000000000000000000 ) ) ;
#627 = DIRECTION ( 'NONE',  ( -0.0000000000000000000, 0.0000000000000000000, 1.000000000000000000 ) ) ;
#628 = CIRCLE ( 'NONE', #2270, 1.437499999999987300 ) ;
#629 = CYLINDRICAL_SURFACE ( 'NONE', #1213, 0.3926990816987240300 ) ;
#630 = DIRECTION ( 'NONE',  ( 0.9781476007338041300, -0.2079116908177664200, 0.0000000000000000000 ) ) ;
#631 = CARTESIAN_POINT ( 'NONE',  ( 2.691722823870710300, 8.062544774415425100, 6.594685079528104200 ) ) ;
#632 = ORIENTED_EDGE ( 'NONE', *, *, #6113, .T. ) ;
#633 = ORIENTED_EDGE ( 'NONE', *, *, #6633, .T. ) ;
#634 = CARTESIAN_POINT ( 'NONE',  ( 0.0000000000000000000, 8.499999999999987600, 9.562500000000012400 ) ) ;
#635 = VERTEX_POINT ( 'NONE', #4334 ) ;
#636 = FACE_OUTER_BOUND ( 'NONE', #1807, .T. ) ;
#637 = DIRECTION ( 'NONE',  ( -0.0000000000000000000, -0.0000000000000000000, 1.000000000000000000 ) ) ;
#638 = ORIENTED_EDGE ( 'NONE', *, *, #2621, .F. ) ;
#639 = ORIENTED_EDGE ( 'NONE', *, *, #5010, .T. ) ;
#640 = ORIENTED_EDGE ( 'NONE', *, *, #1955, .F. ) ;
#641 = CIRCLE ( 'NONE', #6635, 7.939000000000005400 ) ;
#642 = CARTESIAN_POINT ( 'NONE',  ( -36.27369183397923500, 7.710211215308860700, -5.000000000000000900 ) ) ;
#643 = CARTESIAN_POINT ( 'NONE',  ( -6.101343158628612400, 1.296880523367056800, -5.000000000000000900 ) ) ;
#644 = CARTESIAN_POINT ( 'NONE',  ( -1.024035089885776000, 2.830879736465665300, 12.73786114296848400 ) ) ;
#645 = ORIENTED_EDGE ( 'NONE', *, *, #4378, .T. ) ;
#646 = ORIENTED_EDGE ( 'NONE', *, *, #6140, .T. ) ;
#647 = VERTEX_POINT ( 'NONE', #617 ) ;
#648 = CARTESIAN_POINT ( 'NONE',  ( -0.2939107117168317000, -8.496154750071063700, 3.939489093779511700 ) ) ;
#649 = CARTESIAN_POINT ( 'NONE',  ( 33.90585003400342900, 15.02085564562107200, -5.000000000000000900 ) ) ;
#650 = DIRECTION ( 'NONE',  ( -0.0000000000000000000, -0.0000000000000000000, 1.000000000000000000 ) ) ;
#651 = EDGE_LOOP ( 'NONE', ( #880, #6490, #2295, #3733, #5141 ) ) ;
#652 = EDGE_CURVE ( 'NONE', #991, #1222, #2345, .T. ) ;
#653 = CIRCLE ( 'NONE', #1521, 3.946090011793464700 ) ;
#654 = EDGE_LOOP ( 'NONE', ( #1577, #754, #2305, #5075 ) ) ;
#655 = VERTEX_POINT ( 'NONE', #72 ) ;
#656 = AXIS2_PLACEMENT_3D ( 'NONE', #3614, #4183, #5240 ) ;
#657 = CARTESIAN_POINT ( 'NONE',  ( 8.239838897035584300, -2.086876841318160600, -15.00000000000000000 ) ) ;
#658 = CARTESIAN_POINT ( 'NONE',  ( 21.62286780291641000, -30.43221760817628100, -5.000000000000000900 ) ) ;
#659 = CARTESIAN_POINT ( 'NONE',  ( 8.488738793197105900, 0.4375994032965374600, 5.895239025401823000 ) ) ;
#660 = FACE_OUTER_BOUND ( 'NONE', #4821, .T. ) ;
#661 = FACE_OUTER_BOUND ( 'NONE', #702, .T. ) ;
#662 = TOROIDAL_SURFACE ( 'NONE', #2420, 30.45371781153436400, 0.3926990816987236400 ) ;
#663 = EDGE_CURVE ( 'NONE', #45, #1508, #6707, .T. ) ;
#664 = ORIENTED_EDGE ( 'NONE', *, *, #4769, .T. ) ;
#665 = EDGE_CURVE ( 'NONE', #5590, #3245, #2512, .T. ) ;
#666 = FACE_OUTER_BOUND ( 'NONE', #2415, .T. ) ;
#667 = AXIS2_PLACEMENT_3D ( 'NONE', #3689, #1005, #436 ) ;
#668 = LINE ( 'NONE', #4224, #6531 ) ;
#669 = DIRECTION ( 'NONE',  ( -0.6691306063588671200, -0.7431448254773862500, 0.0000000000000000000 ) ) ;
#670 = VERTEX_POINT ( 'NONE', #6875 ) ;
#671 = DIRECTION ( 'NONE',  ( -0.9135454576426005300, 0.4067366430758010400, 0.0000000000000000000 ) ) ;
#672 = PLANE ( 'NONE',  #283 ) ;
#673 = CARTESIAN_POINT ( 'NONE',  ( 2.449293598294705900E-016, 3.000000000000000400, 9.000000000000000000 ) ) ;
#674 = CIRCLE ( 'NONE', #6880, 3.946090011793464700 ) ;
#675 = CARTESIAN_POINT ( 'NONE',  ( -0.2352398704040680500, 6.552577633207889100, -5.000000000000020400 ) ) ;
#676 = CARTESIAN_POINT ( 'NONE',  ( -0.6520120519250374200, 6.203480290560894300, -5.000000000000000900 ) ) ;
#677 = ORIENTED_EDGE ( 'NONE', *, *, #3195, .F. ) ;
#678 = AXIS2_PLACEMENT_3D ( 'NONE', #1437, #5277, #3620 ) ;
#679 = DIRECTION ( 'NONE',  ( -0.9945218953682744000, -0.1045284632676436500, 0.0000000000000000000 ) ) ;
#680 = CARTESIAN_POINT ( 'NONE',  ( -0.1592117204598539900, 8.499873741573690500, 13.46978201926456700 ) ) ;
#681 = ORIENTED_EDGE ( 'NONE', *, *, #3603, .T. ) ;
#682 = CC_DESIGN_APPROVAL ( #4111, ( #2260 ) ) ;
#683 = CARTESIAN_POINT ( 'NONE',  ( -0.5773502691896251800, 8.499999999999992900, 9.999999999999998200 ) ) ;
#684 = CARTESIAN_POINT ( 'NONE',  ( -5.927207807668773800, -6.092471387264859000, -5.000000000000004400 ) ) ;
#685 = CARTESIAN_POINT ( 'NONE',  ( -7.091903755430657000, -0.1553607205271117200, -15.00000000000000000 ) ) ;
#686 = EDGE_CURVE ( 'NONE', #19, #1792, #2500, .T. ) ;
#687 = CARTESIAN_POINT ( 'NONE',  ( 1.760429773774305900E-016, 8.499999999999987600, 12.43749999999998800 ) ) ;
#688 = EDGE_LOOP ( 'NONE', ( #4230, #1033, #1555, #3056 ) ) ;
#689 = DIRECTION ( 'NONE',  ( 1.000000000000000000, 0.0000000000000000000, 0.0000000000000000000 ) ) ;
#690 = AXIS2_PLACEMENT_3D ( 'NONE', #2105, #4781, #4192 ) ;
#691 = DIRECTION ( 'NONE',  ( 1.000000000000000000, 0.0000000000000000000, 0.0000000000000000000 ) ) ;
#692 = CARTESIAN_POINT ( 'NONE',  ( -0.4387313559084692900, 8.488669789628103100, 5.729814788947398300 ) ) ;
#693 = EDGE_LOOP ( 'NONE', ( #3213, #786, #3140, #5989, #1224 ) ) ;
#694 = CARTESIAN_POINT ( 'NONE',  ( -8.208780163044407300, -2.205884909692379800, 5.729814788946930200 ) ) ;
#695 = EDGE_CURVE ( 'NONE', #978, #4656, #841, .T. ) ;
#696 = AXIS2_PLACEMENT_3D ( 'NONE', #839, #5615, #1364 ) ;
#697 = ORIENTED_EDGE ( 'NONE', *, *, #4194, .F. ) ;
#698 = CARTESIAN_POINT ( 'NONE',  ( -0.5773502691896270600, 8.499999999999992900, 11.99999999999999600 ) ) ;
#699 = EDGE_CURVE ( 'NONE', #6492, #1901, #2269, .T. ) ;
#700 = CIRCLE ( 'NONE', #4952, 0.3926990816987240300 ) ;
#701 = CONICAL_SURFACE ( 'NONE', #3806, 7.939000000000005400, 0.7853981633974466100 ) ;
#702 = EDGE_LOOP ( 'NONE', ( #3220, #3206, #2313, #1065 ) ) ;
#703 = AXIS2_PLACEMENT_3D ( 'NONE', #5288, #3077, #3693 ) ;
#704 = CARTESIAN_POINT ( 'NONE',  ( 7.774514165610569600, 3.436424763562004900, 6.595592633140078000 ) ) ;
#705 = DIRECTION ( 'NONE',  ( -0.0000000000000000000, -0.0000000000000000000, 1.000000000000000000 ) ) ;
#706 = CARTESIAN_POINT ( 'NONE',  ( -3.255837320807438500, -5.776310017815848000, -15.00000000000000000 ) ) ;
#707 = ORIENTED_EDGE ( 'NONE', *, *, #3018, .T. ) ;
#708 = CARTESIAN_POINT ( 'NONE',  ( 2.448777165885550100E-016, 3.000000000000000400, 9.000000000000000000 ) ) ;
#709 = CONICAL_SURFACE ( 'NONE', #598, 8.500000000000003600, 0.7853981633974482800 ) ;
#710 = ORIENTED_EDGE ( 'NONE', *, *, #4161, .F. ) ;
#711 = ORIENTED_EDGE ( 'NONE', *, *, #3847, .F. ) ;
#712 = CARTESIAN_POINT ( 'NONE',  ( -8.396308053915753100, 1.323635547932077800, 5.729814788946933700 ) ) ;
#713 = AXIS2_PLACEMENT_3D ( 'NONE', #4006, #1424, #293 ) ;
#714 = CARTESIAN_POINT ( 'NONE',  ( -2.121586249575530700, 8.231011360241275600, 10.39347437336325600 ) ) ;
#715 = ORIENTED_EDGE ( 'NONE', *, *, #5870, .T. ) ;
#716 = CYLINDRICAL_SURFACE ( 'NONE', #4444, 0.3926990816987240300 ) ;
#717 = ORIENTED_EDGE ( 'NONE', *, *, #3337, .F. ) ;
#718 = EDGE_CURVE ( 'NONE', #4135, #3682, #1930, .T. ) ;
#719 = ORIENTED_EDGE ( 'NONE', *, *, #3466, .F. ) ;
#720 = DIRECTION ( 'NONE',  ( -0.9945218953682729600, 0.1045284632676570900, 0.0000000000000000000 ) ) ;
#721 = DIRECTION ( 'NONE',  ( 0.4067366430758011500, 0.9135454576426006400, 0.0000000000000000000 ) ) ;
#722 = VERTEX_POINT ( 'NONE', #3169 ) ;
#723 = FACE_OUTER_BOUND ( 'NONE', #1537, .T. ) ;
#724 = CARTESIAN_POINT ( 'NONE',  ( -4.601782392688593700, 7.146751524658436800, 6.061042818839589500 ) ) ;
#725 = ORIENTED_EDGE ( 'NONE', *, *, #3690, .F. ) ;
#726 = CARTESIAN_POINT ( 'NONE',  ( -3.255837320807357700, 5.776310017815892400, -5.000000000000000900 ) ) ;
#727 = VERTEX_POINT ( 'NONE', #2029 ) ;
#728 = LINE ( 'NONE', #5584, #4496 ) ;
#729 = CARTESIAN_POINT ( 'NONE',  ( 8.499723842352203500, 0.06851717849924797400, 6.594685079528095400 ) ) ;
#730 = DIRECTION ( 'NONE',  ( 0.9781476007338041300, -0.2079116908177664500, -3.374246315831958400E-016 ) ) ;
#731 = CONICAL_SURFACE ( 'NONE', #4187, 8.500000000000003600, 0.7853981633974482800 ) ;
#732 = VECTOR ( 'NONE', #3368, 1000.000000000000000 ) ;
#733 = CARTESIAN_POINT ( 'NONE',  ( -7.625892554966418000, 3.754432412510278800, -4.098800543106561300 ) ) ;
#734 = ORIENTED_EDGE ( 'NONE', *, *, #5915, .T. ) ;
#735 = EDGE_CURVE ( 'NONE', #3432, #4597, #1093, .T. ) ;
#736 = CIRCLE ( 'NONE', #785, 0.3926990816987240300 ) ;
#737 = VERTEX_POINT ( 'NONE', #5829 ) ;
#738 = ADVANCED_FACE ( 'NONE', ( #3338 ), #919, .T. ) ;
#739 = LINE ( 'NONE', #2522, #1491 ) ;
#740 = CYLINDRICAL_SURFACE ( 'NONE', #5421, 3.946090011793464700 ) ;
#741 = AXIS2_PLACEMENT_3D ( 'NONE', #518, #6854, #3664 ) ;
#742 = CARTESIAN_POINT ( 'NONE',  ( 0.0000000000000000000, 0.0000000000000000000, -14.43900000000000000 ) ) ;
#743 = CARTESIAN_POINT ( 'NONE',  ( -0.3140413701763945000, 8.495493176875257300, 13.45050195678717100 ) ) ;
#744 = B_SPLINE_CURVE_WITH_KNOTS ( 'NONE', 3,
 ( #2517, #869, #3505, #1483, #5738, #1453, #6281, #3522, #943, #2492 ),
 .UNSPECIFIED., .F., .F.,
 ( 4, 2, 2, 2, 4 ),
 ( 0.005164003817644483700, 0.005290217632388605700, 0.005416431447132726900, 0.005668859076620966600, 0.006173714335597446000 ),
 .UNSPECIFIED. ) ;
#745 = DIRECTION ( 'NONE',  ( 0.0000000000000000000, 0.0000000000000000000, 1.000000000000000000 ) ) ;
#746 = ORIENTED_EDGE ( 'NONE', *, *, #6394, .T. ) ;
#747 = CARTESIAN_POINT ( 'NONE',  ( -8.261001601772676400, -2.001586877361066600, 6.483874592427526700 ) ) ;
#748 = EDGE_CURVE ( 'NONE', #655, #45, #2410, .T. ) ;
#749 = CIRCLE ( 'NONE', #157, 3.946090011793464700 ) ;
#750 = ORIENTED_EDGE ( 'NONE', *, *, #2276, .F. ) ;
#751 = CARTESIAN_POINT ( 'NONE',  ( -4.931093259559703200, -3.952653436444991900, -15.00000000000000000 ) ) ;
#752 = AXIS2_PLACEMENT_3D ( 'NONE', #2490, #5793, #4129 ) ;
#753 = DIRECTION ( 'NONE',  ( 1.000000000000000000, 0.0000000000000000000, 0.0000000000000000000 ) ) ;
#754 = ORIENTED_EDGE ( 'NONE', *, *, #4176, .F. ) ;
#755 = DIRECTION ( 'NONE',  ( -0.0000000000000000000, -0.0000000000000000000, 1.000000000000000000 ) ) ;
#756 = DIRECTION ( 'NONE',  ( -0.0000000000000000000, 0.0000000000000000000, 1.000000000000000000 ) ) ;
#757 = EDGE_CURVE ( 'NONE', #3473, #589, #2435, .T. ) ;
#758 = EDGE_LOOP ( 'NONE', ( #2586, #5471, #4122, #4228 ) ) ;
#759 = DIRECTION ( 'NONE',  ( -0.0000000000000000000, -0.0000000000000000000, 1.000000000000000000 ) ) ;
#760 = DIRECTION ( 'NONE',  ( 1.000000000000000000, 3.516845223078710000E-015, 0.0000000000000000000 ) ) ;
#761 = DIRECTION ( 'NONE',  ( 0.8090169943749504500, 0.5877852522924689200, 0.0000000000000000000 ) ) ;
#762 = CARTESIAN_POINT ( 'NONE',  ( 1.393080094857227100, 8.387410370771849700, 12.92599780038529100 ) ) ;
#763 = DIRECTION ( 'NONE',  ( 0.9781476007338069100, 0.2079116908177532400, -2.271859390595230800E-016 ) ) ;
#764 = CARTESIAN_POINT ( 'NONE',  ( -1.786799304843859700, 8.312471762021784700, 9.546961431857777600 ) ) ;
#765 = CARTESIAN_POINT ( 'NONE',  ( -18.48269622657474500, -32.15000328228717300, -5.000000000000000900 ) ) ;
#766 = DIRECTION ( 'NONE',  ( -0.0000000000000000000, -0.0000000000000000000, 1.000000000000000000 ) ) ;
#767 = ORIENTED_EDGE ( 'NONE', *, *, #6207, .T. ) ;
#768 = ADVANCED_FACE ( 'NONE', ( #6115 ), #2098, .T. ) ;
#769 = VERTEX_POINT ( 'NONE', #3607 ) ;
#770 = CARTESIAN_POINT ( 'NONE',  ( 1.985791558986838500, 2.248977008071996900, 11.27287016837245300 ) ) ;
#771 = EDGE_CURVE ( 'NONE', #27, #6125, #6955, .T. ) ;
#772 = DIRECTION ( 'NONE',  ( -0.6691306063588569100, 0.7431448254773954700, -3.407789085892846600E-016 ) ) ;
#773 = DIRECTION ( 'NONE',  ( 0.5877852522924689200, -0.8090169943749504500, 0.0000000000000000000 ) ) ;
#774 = AXIS2_PLACEMENT_3D ( 'NONE', #4965, #5464, #170 ) ;
#775 = EDGE_LOOP ( 'NONE', ( #4748, #2466, #6256 ) ) ;
#776 = DIRECTION ( 'NONE',  ( 0.0000000000000000000, 0.0000000000000000000, 1.000000000000000000 ) ) ;
#777 = DIRECTION ( 'NONE',  ( 0.0000000000000000000, 0.0000000000000000000, -1.000000000000000000 ) ) ;
#778 = DIRECTION ( 'NONE',  ( -0.0000000000000000000, -0.0000000000000000000, 1.000000000000000000 ) ) ;
#779 = EDGE_LOOP ( 'NONE', ( #1805, #681, #5265, #1624, #554, #5320 ) ) ;
#780 = EDGE_CURVE ( 'NONE', #5995, #45, #1768, .T. ) ;
#781 = CIRCLE ( 'NONE', #4163, 30.54279649802282400 ) ;
#782 = CARTESIAN_POINT ( 'NONE',  ( -5.086638884589767400, 3.610967584008726300, -5.000000000000004400 ) ) ;
#783 = ORIENTED_EDGE ( 'NONE', *, *, #4194, .T. ) ;
#784 = EDGE_CURVE ( 'NONE', #5097, #6215, #332, .T. ) ;
#785 = AXIS2_PLACEMENT_3D ( 'NONE', #6581, #6608, #3932 ) ;
#786 = ORIENTED_EDGE ( 'NONE', *, *, #5306, .T. ) ;
#787 = VECTOR ( 'NONE', #5056, 1000.000000000000000 ) ;
#788 = CARTESIAN_POINT ( 'NONE',  ( 0.5773502691896262900, 6.499999999999993800, 11.99999999999999600 ) ) ;
#789 = DIRECTION ( 'NONE',  ( 0.9945218953682730700, -0.1045284632676571100, 0.0000000000000000000 ) ) ;
#790 = ORIENTED_EDGE ( 'NONE', *, *, #2036, .T. ) ;
#791 = CARTESIAN_POINT ( 'NONE',  ( -37.16650744363494100, 3.509844015910420300, -5.000000000000000900 ) ) ;
#792 = ORIENTED_EDGE ( 'NONE', *, *, #3582, .F. ) ;
#793 = EDGE_LOOP ( 'NONE', ( #6593, #1808, #6242, #4903, #160 ) ) ;
#794 = VECTOR ( 'NONE', #2103, 1000.000000000000100 ) ;
#795 = AXIS2_PLACEMENT_3D ( 'NONE', #3929, #1244, #3316 ) ;
#796 = CARTESIAN_POINT ( 'NONE',  ( 5.911798960018192200, -6.107584998788513400, 6.377582101378980200 ) ) ;
#797 = VERTEX_POINT ( 'NONE', #4199 ) ;
#798 = ORIENTED_EDGE ( 'NONE', *, *, #4769, .F. ) ;
#799 = CARTESIAN_POINT ( 'NONE',  ( -6.115588681060454100, 1.229860609608967700, -5.000000000000000900 ) ) ;
#800 = DIRECTION ( 'NONE',  ( -0.0000000000000000000, 0.0000000000000000000, -1.000000000000000000 ) ) ;
#801 = CARTESIAN_POINT ( 'NONE',  ( 0.0000000000000000000, 0.0000000000000000000, -15.00000000000000000 ) ) ;
#802 = VERTEX_POINT ( 'NONE', #5803 ) ;
#803 = CARTESIAN_POINT ( 'NONE',  ( 0.0000000000000000000, 7.937500000000005300, 11.00000000000000000 ) ) ;
#804 = CIRCLE ( 'NONE', #1120, 8.500000000000003600 ) ;
#805 = ORIENTED_EDGE ( 'NONE', *, *, #2587, .F. ) ;
#806 = ADVANCED_FACE ( 'NONE', ( #1007 ), #2011, .F. ) ;
#807 = ORIENTED_EDGE ( 'NONE', *, *, #844, .F. ) ;
#808 = ORIENTED_EDGE ( 'NONE', *, *, #2414, .T. ) ;
#809 = CARTESIAN_POINT ( 'NONE',  ( 1.983727081235760600, 6.327010427417842000, -15.00000000000000000 ) ) ;
#810 = DIRECTION ( 'NONE',  ( 0.0000000000000000000, -0.0000000000000000000, 1.000000000000000000 ) ) ;
#811 = EDGE_CURVE ( 'NONE', #3024, #1548, #4459, .T. ) ;
#812 = CARTESIAN_POINT ( 'NONE',  ( 0.8958154394417944300, 7.036813947251402200, -5.000000000000000900 ) ) ;
#813 = AXIS2_PLACEMENT_3D ( 'NONE', #1865, #1912, #3506 ) ;
#814 = ORIENTED_EDGE ( 'NONE', *, *, #6372, .T. ) ;
#815 = ORIENTED_EDGE ( 'NONE', *, *, #6020, .F. ) ;
#816 = EDGE_CURVE ( 'NONE', #143, #2180, #6365, .T. ) ;
#817 = CYLINDRICAL_SURFACE ( 'NONE', #5978, 0.3926990816987240300 ) ;
#818 = ORIENTED_EDGE ( 'NONE', *, *, #2355, .T. ) ;
#819 = ORIENTED_EDGE ( 'NONE', *, *, #4464, .T. ) ;
#820 = DIRECTION ( 'NONE',  ( 1.000000000000000000, 0.0000000000000000000, 0.0000000000000000000 ) ) ;
#821 = DIRECTION ( 'NONE',  ( -0.3090169943749575000, -0.9510565162951502000, -2.249497543887972600E-016 ) ) ;
#822 = FACE_OUTER_BOUND ( 'NONE', #5848, .T. ) ;
#823 = ORIENTED_EDGE ( 'NONE', *, *, #402, .T. ) ;
#824 = VECTOR ( 'NONE', #3656, 1000.000000000000000 ) ;
#825 = LINE ( 'NONE', #5166, #4930 ) ;
#826 = ORIENTED_EDGE ( 'NONE', *, *, #3186, .T. ) ;
#827 = EDGE_CURVE ( 'NONE', #886, #3299, #749, .T. ) ;
#828 = DIRECTION ( 'NONE',  ( 1.000000000000000000, 0.0000000000000000000, 0.0000000000000000000 ) ) ;
#829 = FACE_OUTER_BOUND ( 'NONE', #4939, .T. ) ;
#830 = DIRECTION ( 'NONE',  ( 0.7431448254773954700, 0.6691306063588569100, 0.0000000000000000000 ) ) ;
#831 = CARTESIAN_POINT ( 'NONE',  ( 24.47894149082981100, -27.86059730876642200, -5.000000000000000900 ) ) ;
#832 = CIRCLE ( 'NONE', #2139, 30.84641689323309400 ) ;
#833 = DIRECTION ( 'NONE',  ( -0.0000000000000000000, -0.0000000000000000000, 1.000000000000000000 ) ) ;
#834 = ORIENTED_EDGE ( 'NONE', *, *, #1682, .T. ) ;
#835 = EDGE_CURVE ( 'NONE', #6929, #4989, #1423, .T. ) ;
#836 = CARTESIAN_POINT ( 'NONE',  ( -8.396308053925542600, -1.323635547934043800, 5.729814788973568400 ) ) ;
#837 = AXIS2_PLACEMENT_3D ( 'NONE', #5361, #6956, #3142 ) ;
#838 = CARTESIAN_POINT ( 'NONE',  ( -0.7779260601066347900, -8.464434139014915800, 6.593838635535644400 ) ) ;
#839 = CARTESIAN_POINT ( 'NONE',  ( -6.415585563879141700, -3.026466207034157500, -15.00000000000000000 ) ) ;
#840 = B_SPLINE_CURVE_WITH_KNOTS ( 'NONE', 3,
 ( #5877, #483, #2630, #513, #4246, #4276, #1560, #5896 ),
 .UNSPECIFIED., .F., .F.,
 ( 4, 2, 2, 4 ),
 ( 1.992342074525292100E-007, 0.002695036964427122400, 0.005389874694646791700, 0.01077955015508613200 ),
 .UNSPECIFIED. ) ;
#841 = CIRCLE ( 'NONE', #5672, 30.54279649802283100 ) ;
#842 = CARTESIAN_POINT ( 'NONE',  ( -8.305900380001665100, -0.4444300733619198100, -14.62213444114847300 ) ) ;
#843 = ORIENTED_EDGE ( 'NONE', *, *, #844, .T. ) ;
#844 = EDGE_CURVE ( 'NONE', #4969, #4480, #5017, .T. ) ;
#845 = CARTESIAN_POINT ( 'NONE',  ( -7.892805129293755300, 3.154936955153653200, -4.098268287262736300 ) ) ;
#846 = CARTESIAN_POINT ( 'NONE',  ( 11.52477084507894700, 35.24787125236549900, -5.000000000000000900 ) ) ;
#847 = AXIS2_PLACEMENT_3D ( 'NONE', #2815, #5970, #5987 ) ;
#848 = ADVANCED_FACE ( 'NONE', ( #3498 ), #6448, .F. ) ;
#849 = DIRECTION ( 'NONE',  ( -0.0000000000000000000, 0.0000000000000000000, 1.000000000000000000 ) ) ;
#850 = CARTESIAN_POINT ( 'NONE',  ( 4.752466022856798300, 7.048104172948090900, -0.5142659952903951800 ) ) ;
#851 = CARTESIAN_POINT ( 'NONE',  ( 0.0000000000000000000, 3.562500000000000400, 11.00000000000000000 ) ) ;
#852 = AXIS2_PLACEMENT_3D ( 'NONE', #3438, #6625, #197 ) ;
#853 = CARTESIAN_POINT ( 'NONE',  ( 7.822376478847498800, 2.217394541413523000, -14.80898905950992800 ) ) ;
#854 = EDGE_CURVE ( 'NONE', #5654, #2080, #6783, .T. ) ;
#855 = DIRECTION ( 'NONE',  ( 0.9781476007338069100, 0.2079116908177532400, 0.0000000000000000000 ) ) ;
#856 = VERTEX_POINT ( 'NONE', #6391 ) ;
#857 = DIRECTION ( 'NONE',  ( 1.000000000000000000, 0.0000000000000000000, 0.0000000000000000000 ) ) ;
#858 = VERTEX_POINT ( 'NONE', #1545 ) ;
#859 = CARTESIAN_POINT ( 'NONE',  ( 5.828789400926357400, 4.042826974954866900, -15.00000000000000000 ) ) ;
#860 = CARTESIAN_POINT ( 'NONE',  ( -0.5834656458710938400, 8.480067594965266400, 6.378532534673696300 ) ) ;
#861 = DIRECTION ( 'NONE',  ( 0.0000000000000000000, 0.0000000000000000000, 1.000000000000000000 ) ) ;
#862 = ORIENTED_EDGE ( 'NONE', *, *, #6963, .T. ) ;
#863 = DIRECTION ( 'NONE',  ( -0.0000000000000000000, 0.0000000000000000000, 1.000000000000000000 ) ) ;
#864 = EDGE_CURVE ( 'NONE', #3982, #12, #3460, .T. ) ;
#865 = DIRECTION ( 'NONE',  ( 0.7431448254773862500, -0.6691306063588671200, -0.0000000000000000000 ) ) ;
#866 = DIRECTION ( 'NONE',  ( 1.000000000000000000, 0.0000000000000000000, 0.0000000000000000000 ) ) ;
#867 = AXIS2_PLACEMENT_3D ( 'NONE', #445, #3151, #2063 ) ;
#868 = CIRCLE ( 'NONE', #4504, 0.3926990816987240300 ) ;
#869 = CARTESIAN_POINT ( 'NONE',  ( 2.731900294743754700, -8.049131315218579300, 6.593843337143042900 ) ) ;
#870 = LINE ( 'NONE', #3347, #4633 ) ;
#871 = ORIENTED_EDGE ( 'NONE', *, *, #3239, .T. ) ;
#872 = PERSON_AND_ORGANIZATION_ROLE ( 'creator' ) ;
#873 = DIRECTION ( 'NONE',  ( 0.4067366430758010400, 0.9135454576426004200, 0.0000000000000000000 ) ) ;
#874 = EDGE_CURVE ( 'NONE', #130, #6577, #5529, .T. ) ;
#875 = DIRECTION ( 'NONE',  ( 1.000000000000000000, 0.0000000000000000000, 0.0000000000000000000 ) ) ;
#876 = CARTESIAN_POINT ( 'NONE',  ( 1.214147014145525700, -8.412838226665336100, -4.098268287263078200 ) ) ;
#877 = ORIENTED_EDGE ( 'NONE', *, *, #453, .F. ) ;
#878 = VECTOR ( 'NONE', #3803, 1000.000000000000000 ) ;
#879 = ORIENTED_EDGE ( 'NONE', *, *, #3466, .T. ) ;
#880 = ORIENTED_EDGE ( 'NONE', *, *, #2984, .F. ) ;
#881 = AXIS2_PLACEMENT_3D ( 'NONE', #1017, #4797, #3678 ) ;
#882 = DIRECTION ( 'NONE',  ( 0.0000000000000000000, 0.0000000000000000000, 1.000000000000000000 ) ) ;
#883 = ORIENTED_EDGE ( 'NONE', *, *, #110, .T. ) ;
#884 = LINE ( 'NONE', #5323, #794 ) ;
#885 = CARTESIAN_POINT ( 'NONE',  ( 7.737015660221603100, 3.519742699898059000, 6.594685079528102500 ) ) ;
#886 = VERTEX_POINT ( 'NONE', #469 ) ;
#887 = EDGE_CURVE ( 'NONE', #6413, #3982, #3915, .T. ) ;
#888 = ORIENTED_EDGE ( 'NONE', *, *, #5637, .T. ) ;
#889 = ORIENTED_EDGE ( 'NONE', *, *, #3847, .T. ) ;
#890 = AXIS2_PLACEMENT_3D ( 'NONE', #6914, #2145, #6400 ) ;
#891 = DIRECTION ( 'NONE',  ( -0.0000000000000000000, -0.0000000000000000000, 1.000000000000000000 ) ) ;
#892 = ORIENTED_EDGE ( 'NONE', *, *, #6755, .T. ) ;
#893 = CONICAL_SURFACE ( 'NONE', #795, 8.500000000000003600, 0.7853981633974482800 ) ;
#894 = DIRECTION ( 'NONE',  ( -0.9510565162951503100, 0.3090169943749573900, 0.0000000000000000000 ) ) ;
#895 = B_SPLINE_CURVE_WITH_KNOTS ( 'NONE', 3,
 ( #1352, #876, #2451, #5681, #5117, #6265, #4047, #6786 ),
 .UNSPECIFIED., .F., .F.,
 ( 4, 2, 2, 4 ),
 ( 1.992342074533675600E-007, 0.002695036964426848800, 0.005389874694646243500, 0.01077955015508503400 ),
 .UNSPECIFIED. ) ;
#896 = ORIENTED_EDGE ( 'NONE', *, *, #305, .T. ) ;
#897 = CARTESIAN_POINT ( 'NONE',  ( 1.992703809495071800, -5.911185461699393100, -5.000000000000004400 ) ) ;
#898 = DIRECTION ( 'NONE',  ( 0.4999999999999919500, -0.8660254037844432600, 0.0000000000000000000 ) ) ;
#899 = EDGE_LOOP ( 'NONE', ( #1197, #6405, #5546, #6840 ) ) ;
#900 = ADVANCED_FACE ( 'NONE', ( #6615 ), #1605, .F. ) ;
#901 = PERSON_AND_ORGANIZATION_ROLE ( 'design_supplier' ) ;
#902 = CIRCLE ( 'NONE', #20, 30.54279649802282700 ) ;
#903 = CIRCLE ( 'NONE', #5127, 8.500000000000003600 ) ;
#904 = CYLINDRICAL_SURFACE ( 'NONE', #5014, 3.946090011793464700 ) ;
#905 = CARTESIAN_POINT ( 'NONE',  ( -5.227456210677309500, 6.469868641848983700, -14.62213447365490300 ) ) ;
#906 = CARTESIAN_POINT ( 'NONE',  ( 6.969229953101047300, 1.322523984876394300, -15.00000000000000000 ) ) ;
#907 = CARTESIAN_POINT ( 'NONE',  ( 0.5615124314546106100, -8.481432885382787400, -14.43900000000408400 ) ) ;
#908 = ORIENTED_EDGE ( 'NONE', *, *, #4132, .F. ) ;
#909 = AXIS2_PLACEMENT_3D ( 'NONE', #3972, #776, #268 ) ;
#910 = DIRECTION ( 'NONE',  ( -0.0000000000000000000, -0.0000000000000000000, 1.000000000000000000 ) ) ;
#911 = FACE_OUTER_BOUND ( 'NONE', #6420, .T. ) ;
#912 = CYLINDRICAL_SURFACE ( 'NONE', #3835, 0.3926990816987240300 ) ;
#913 = TOROIDAL_SURFACE ( 'NONE', #3922, 30.45371781153436100, 0.3926990816987236400 ) ;
#914 = ORIENTED_EDGE ( 'NONE', *, *, #427, .T. ) ;
#915 = DIRECTION ( 'NONE',  ( 1.000000000000000000, 0.0000000000000000000, 0.0000000000000000000 ) ) ;
#916 = CARTESIAN_POINT ( 'NONE',  ( -0.4387313559084692900, 8.488669789628103100, 5.729814788947398300 ) ) ;
#917 = CARTESIAN_POINT ( 'NONE',  ( 1.983727081235760600, 6.327010427417842000, -5.000000000000000900 ) ) ;
#918 = EDGE_CURVE ( 'NONE', #4472, #6243, #3585, .T. ) ;
#919 = TOROIDAL_SURFACE ( 'NONE', #3997, 31.43791576719764100, 3.946090011793464700 ) ;
#920 = EDGE_CURVE ( 'NONE', #1319, #2663, #4855, .T. ) ;
#921 = ORIENTED_EDGE ( 'NONE', *, *, #333, .F. ) ;
#922 = DIRECTION ( 'NONE',  ( 0.7431448254773954700, 0.6691306063588569100, 0.0000000000000000000 ) ) ;
#923 = CARTESIAN_POINT ( 'NONE',  ( -4.634573791032195800, -7.125357940173358000, 5.729814788964858100 ) ) ;
#924 = CARTESIAN_POINT ( 'NONE',  ( -6.304564774301722400, -1.801131433982102500, -15.00000000000000000 ) ) ;
#925 = CARTESIAN_POINT ( 'NONE',  ( -8.480072212691300800, -0.5916780595389763400, -0.5144932262970682800 ) ) ;
#926 = EDGE_CURVE ( 'NONE', #140, #53, #6663, .T. ) ;
#927 = ORIENTED_EDGE ( 'NONE', *, *, #2276, .T. ) ;
#928 = AXIS2_PLACEMENT_3D ( 'NONE', #486, #3622, #5823 ) ;
#929 = CARTESIAN_POINT ( 'NONE',  ( -3.255837320807357700, 5.776310017815892400, -5.000000000000000900 ) ) ;
#930 = CARTESIAN_POINT ( 'NONE',  ( -6.113978349939072700, 5.906011885788508700, -0.5144932263080600500 ) ) ;
#931 = B_SPLINE_CURVE_WITH_KNOTS ( 'NONE', 3,
 ( #1840, #2371, #5109, #2906, #2948, #6684, #6204, #1904 ),
 .UNSPECIFIED., .F., .F.,
 ( 4, 2, 2, 4 ),
 ( 0.01009537706400586900, 0.01552675955036975600, 0.01824245079355170000, 0.02095814203673364300 ),
 .UNSPECIFIED. ) ;
#932 = DIRECTION ( 'NONE',  ( -0.9135454576426005300, 0.4067366430758011500, -1.124748771943986500E-016 ) ) ;
#933 = EDGE_LOOP ( 'NONE', ( #719, #2838, #351, #3044, #6767 ) ) ;
#934 = ADVANCED_FACE ( 'NONE', ( #5186 ), #6273, .F. ) ;
#935 = CARTESIAN_POINT ( 'NONE',  ( 6.769631445549902300, -4.147265495651566000, -15.00000000000000000 ) ) ;
#936 = DIRECTION ( 'NONE',  ( 1.000000000000000000, 0.0000000000000000000, 0.0000000000000000000 ) ) ;
#937 = AXIS2_PLACEMENT_3D ( 'NONE', #2608, #6375, #6935 ) ;
#938 = DIRECTION ( 'NONE',  ( 0.5877852522924795800, 0.8090169943749425700, 0.0000000000000000000 ) ) ;
#939 = DIRECTION ( 'NONE',  ( 0.0000000000000000000, 0.0000000000000000000, 1.000000000000000000 ) ) ;
#940 = CARTESIAN_POINT ( 'NONE',  ( -5.026920358780644800, 4.209712952485149100, -15.00000000000000000 ) ) ;
#941 = CARTESIAN_POINT ( 'NONE',  ( 8.239838897035610900, 2.086876841318056300, -5.000000000000004400 ) ) ;
#942 = ORIENTED_EDGE ( 'NONE', *, *, #3086, .T. ) ;
#943 = CARTESIAN_POINT ( 'NONE',  ( 3.039414298563826800, -7.938018538136620200, 5.894339705033523600 ) ) ;
#944 = AXIS2_PLACEMENT_3D ( 'NONE', #6945, #5895, #4801 ) ;
#945 = EDGE_CURVE ( 'NONE', #2770, #3314, #5593, .T. ) ;
#946 = DIRECTION ( 'NONE',  ( -1.000000000000000000, 0.0000000000000000000, 0.0000000000000000000 ) ) ;
#947 = PERSON_AND_ORGANIZATION ( #2117, #6484 ) ;
#948 = DIRECTION ( 'NONE',  ( -0.3090169943749449500, 0.9510565162951543100, -2.271859390595230800E-016 ) ) ;
#949 = CARTESIAN_POINT ( 'NONE',  ( 8.403515630730742800, -1.278781225980497600, -1.409256643212038400 ) ) ;
#950 = ORIENTED_EDGE ( 'NONE', *, *, #3353, .F. ) ;
#951 = DIRECTION ( 'NONE',  ( 0.4067366430758010400, 0.9135454576426004200, 0.0000000000000000000 ) ) ;
#952 = ORIENTED_EDGE ( 'NONE', *, *, #3820, .T. ) ;
#953 = CARTESIAN_POINT ( 'NONE',  ( 3.450000000000000200, 4.225031457058368800E-016, -15.00000000000000000 ) ) ;
#954 = CARTESIAN_POINT ( 'NONE',  ( 24.86500288464856500, -27.51298606842475900, -5.000000000000000900 ) ) ;
#955 = ORIENTED_EDGE ( 'NONE', *, *, #6817, .T. ) ;
#956 = ORIENTED_EDGE ( 'NONE', *, *, #854, .F. ) ;
#957 = CARTESIAN_POINT ( 'NONE',  ( -6.541967359745211900, 2.742608045966908700, -15.00000000000000000 ) ) ;
#958 = CONICAL_SURFACE ( 'NONE', #713, 2.141421356237309200, 0.7853981633974576000 ) ;
#959 = CARTESIAN_POINT ( 'NONE',  ( -6.964157933525655200, 4.873554253667522900, 6.573009930796468200 ) ) ;
#960 = ORIENTED_EDGE ( 'NONE', *, *, #508, .F. ) ;
#961 = EDGE_CURVE ( 'NONE', #5097, #4616, #5274, .T. ) ;
#962 = VERTEX_POINT ( 'NONE', #5409 ) ;
#963 = DIRECTION ( 'NONE',  ( -0.0000000000000000000, -0.0000000000000000000, 1.000000000000000000 ) ) ;
#964 = DIRECTION ( 'NONE',  ( 0.9781476007338069100, 0.2079116908177533200, 0.0000000000000000000 ) ) ;
#965 = AXIS2_PLACEMENT_3D ( 'NONE', #2952, #320, #4615 ) ;
#966 = ADVANCED_FACE ( 'NONE', ( #3846 ), #4170, .T. ) ;
#967 = CARTESIAN_POINT ( 'NONE',  ( -5.323792341258426900, -3.952653436444991900, -15.00000000000000000 ) ) ;
#968 = EDGE_LOOP ( 'NONE', ( #4054, #494, #2918, #2623 ) ) ;
#969 = APPLICATION_PROTOCOL_DEFINITION ( 'international standard', 'config_control_design', 1994, #4164 ) ;
#970 = CYLINDRICAL_SURFACE ( 'NONE', #6550, 3.946090011793464700 ) ;
#971 = ORIENTED_EDGE ( 'NONE', *, *, #2169, .F. ) ;
#972 = ORIENTED_EDGE ( 'NONE', *, *, #2306, .T. ) ;
#973 = DIRECTION ( 'NONE',  ( 0.0000000000000000000, 0.0000000000000000000, 1.000000000000000000 ) ) ;
#974 = B_SPLINE_CURVE_WITH_KNOTS ( 'NONE', 3,
 ( #16, #4286, #1092, #4756, #3773, #4822, #2684, #2610, #2118, #5810 ),
 .UNSPECIFIED., .F., .F.,
 ( 4, 2, 2, 2, 4 ),
 ( 0.001570205599289624300, 0.002074325732753537700, 0.002326385799485494600, 0.002452415832851472600, 0.002578445866217451000 ),
 .UNSPECIFIED. ) ;
#975 = EDGE_CURVE ( 'NONE', #6923, #5328, #2360, .T. ) ;
#976 = CARTESIAN_POINT ( 'NONE',  ( -8.245266402102162200, 2.065806708301393300, 6.378020921365812300 ) ) ;
#977 = CARTESIAN_POINT ( 'NONE',  ( -1.852352712115531700, -7.719877617547982000, -15.00000000000000000 ) ) ;
#978 = VERTEX_POINT ( 'NONE', #4981 ) ;
#979 = CIRCLE ( 'NONE', #3175, 3.946090011793464700 ) ;
#980 = AXIS2_PLACEMENT_3D ( 'NONE', #6124, #5611, #1345 ) ;
#981 = VERTEX_POINT ( 'NONE', #3215 ) ;
#982 = VERTEX_POINT ( 'NONE', #616 ) ;
#983 = CARTESIAN_POINT ( 'NONE',  ( 1.214147014147699100, -8.412838226660897000, -15.00000000000000000 ) ) ;
#984 = ORIENTED_EDGE ( 'NONE', *, *, #4869, .T. ) ;
#985 = CARTESIAN_POINT ( 'NONE',  ( 7.939000000000005400, 1.006598436559167500E-015, 15.00000000000000000 ) ) ;
#986 = CARTESIAN_POINT ( 'NONE',  ( -6.019696428570046700, 1.680998187941031600, -15.00000000000000000 ) ) ;
#987 = EDGE_CURVE ( 'NONE', #294, #5457, #6538, .T. ) ;
#988 = ORIENTED_EDGE ( 'NONE', *, *, #2230, .F. ) ;
#989 = ORIENTED_EDGE ( 'NONE', *, *, #3839, .F. ) ;
#990 = ADVANCED_FACE ( 'NONE', ( #4264 ), #1249, .T. ) ;
#991 = VERTEX_POINT ( 'NONE', #1677 ) ;
#992 = DIRECTION ( 'NONE',  ( -0.0000000000000000000, 0.0000000000000000000, 1.000000000000000000 ) ) ;
#993 = AXIS2_PLACEMENT_3D ( 'NONE', #55, #5393, #2123 ) ;
#994 = DIRECTION ( 'NONE',  ( 0.0000000000000000000, 0.0000000000000000000, -1.000000000000000000 ) ) ;
#995 = LINE ( 'NONE', #168, #3404 ) ;
#996 = VERTEX_POINT ( 'NONE', #2163 ) ;
#997 = B_SPLINE_CURVE_WITH_KNOTS ( 'NONE', 3,
 ( #3844, #4964, #4409, #4345, #6014, #1204, #1772, #1135 ),
 .UNSPECIFIED., .F., .F.,
 ( 4, 2, 2, 4 ),
 ( 0.009252901202419470900, 0.01465447249813680400, 0.01735525814599547100, 0.02005604379385413800 ),
 .UNSPECIFIED. ) ;
#998 = LINE ( 'NONE', #6260, #824 ) ;
#999 = CIRCLE ( 'NONE', #3378, 3.946090011793464700 ) ;
#1000 = ORIENTED_EDGE ( 'NONE', *, *, #6002, .F. ) ;
#1001 = TOROIDAL_SURFACE ( 'NONE', #530, 31.43791576719764100, 3.946090011793464700 ) ;
#1002 = CARTESIAN_POINT ( 'NONE',  ( -4.190524304000044600, 7.395235361878946800, 6.594685079528071400 ) ) ;
#1003 = FACE_OUTER_BOUND ( 'NONE', #6332, .T. ) ;
#1004 = CARTESIAN_POINT ( 'NONE',  ( 8.376276677047600900, -1.444987553423351600, -4.098620929486469500 ) ) ;
#1005 = DIRECTION ( 'NONE',  ( -0.8660254037844433700, -0.4999999999999920100, 0.0000000000000000000 ) ) ;
#1006 = EDGE_LOOP ( 'NONE', ( #4313, #1783, #1115 ) ) ;
#1007 = FACE_OUTER_BOUND ( 'NONE', #1568, .T. ) ;
#1008 = ADVANCED_FACE ( 'NONE', ( #2997 ), #6358, .T. ) ;
#1009 = DIRECTION ( 'NONE',  ( 1.000000000000000000, 0.0000000000000000000, 0.0000000000000000000 ) ) ;
#1010 = DIRECTION ( 'NONE',  ( 0.0000000000000000000, 0.0000000000000000000, 1.000000000000000000 ) ) ;
#1011 = CARTESIAN_POINT ( 'NONE',  ( 1.592456809767609700, -6.360478971340862500, -15.00000000000000000 ) ) ;
#1012 = ORIENTED_EDGE ( 'NONE', *, *, #5958, .F. ) ;
#1013 = EDGE_CURVE ( 'NONE', #294, #1252, #2767, .T. ) ;
#1014 = AXIS2_PLACEMENT_3D ( 'NONE', #2640, #6383, #2109 ) ;
#1015 = ORIENTED_EDGE ( 'NONE', *, *, #3992, .F. ) ;
#1016 = CARTESIAN_POINT ( 'NONE',  ( -5.439534267940759400, -6.531574614738644000, -14.43900000000000000 ) ) ;
#1017 = CARTESIAN_POINT ( 'NONE',  ( 0.3943411849593758100, 37.32978402835513500, -5.000000000000000900 ) ) ;
#1018 = EDGE_CURVE ( 'NONE', #722, #53, #1335, .T. ) ;
#1019 = CARTESIAN_POINT ( 'NONE',  ( -0.5838702176987629100, -6.210642285936848400, -5.000000000000004400 ) ) ;
#1020 = EDGE_CURVE ( 'NONE', #3469, #2080, #5040, .T. ) ;
#1021 = AXIS2_PLACEMENT_3D ( 'NONE', #382, #356, #2464 ) ;
#1022 = CARTESIAN_POINT ( 'NONE',  ( 4.385651846218999100, -4.973157142624606800, -15.00000000000000000 ) ) ;
#1023 = DIRECTION ( 'NONE',  ( -0.0000000000000000000, 1.000000000000000000, -0.0000000000000000000 ) ) ;
#1024 = CARTESIAN_POINT ( 'NONE',  ( 7.932854334117957200, 3.052867556131071900, 5.894622716327237600 ) ) ;
#1025 = ADVANCED_FACE ( 'NONE', ( #1003 ), #4516, .T. ) ;
#1026 = CARTESIAN_POINT ( 'NONE',  ( 0.0000000000000000000, 0.0000000000000000000, -15.00000000000000000 ) ) ;
#1027 = CARTESIAN_POINT ( 'NONE',  ( 4.385651846219069200, 4.973157142624546400, -15.00000000000000000 ) ) ;
#1028 = CARTESIAN_POINT ( 'NONE',  ( -5.831508238198710000, 5.665679465910143300, -14.80898907091135700 ) ) ;
#1029 = VERTEX_POINT ( 'NONE', #3918 ) ;
#1030 = DIRECTION ( 'NONE',  ( 0.0000000000000000000, -0.0000000000000000000, 1.000000000000000000 ) ) ;
#1031 = CARTESIAN_POINT ( 'NONE',  ( 1.380735467789335100, 8.387367299272044700, -1.408159255314885800 ) ) ;
#1032 = AXIS2_PLACEMENT_3D ( 'NONE', #2941, #2439, #4011 ) ;
#1033 = ORIENTED_EDGE ( 'NONE', *, *, #535, .T. ) ;
#1034 = DIRECTION ( 'NONE',  ( -0.6691306063588671200, -0.7431448254773862500, 0.0000000000000000000 ) ) ;
#1035 = CARTESIAN_POINT ( 'NONE',  ( 1.606814403260275600, 6.696792176639188900, -5.000000000000000900 ) ) ;
#1036 = B_SPLINE_CURVE_WITH_KNOTS ( 'NONE', 3,
 ( #1176, #5982, #2740, #6000, #4941, #2771, #1738, #6480, #6511, #3284 ),
 .UNSPECIFIED., .F., .F.,
 ( 4, 2, 2, 2, 4 ),
 ( 0.001596345605513388000, 0.002101272540606697400, 0.002353736008153351200, 0.002479967741926679400, 0.002606199475700008000 ),
 .UNSPECIFIED. ) ;
#1037 = DIRECTION ( 'NONE',  ( -0.0000000000000000000, -0.0000000000000000000, 1.000000000000000000 ) ) ;
#1038 = ADVANCED_FACE ( 'NONE', ( #6862 ), #5866, .F. ) ;
#1039 = DIRECTION ( 'NONE',  ( 1.000000000000000000, 0.0000000000000000000, 0.0000000000000000000 ) ) ;
#1040 = CIRCLE ( 'NONE', #451, 30.54279649802282000 ) ;
#1041 = EDGE_LOOP ( 'NONE', ( #2315, #4083, #3911, #2136 ) ) ;
#1042 = CARTESIAN_POINT ( 'NONE',  ( 2.521231000542363300, -8.117583910156584500, 6.593848007332717000 ) ) ;
#1043 = CARTESIAN_POINT ( 'NONE',  ( 3.727621973707380600, -7.639799402974910300, -0.5144575924526718600 ) ) ;
#1044 = CARTESIAN_POINT ( 'NONE',  ( -3.888418195980596800, 7.558615030098520600, 6.061230973669636600 ) ) ;
#1045 = FACE_OUTER_BOUND ( 'NONE', #3212, .T. ) ;
#1046 = VECTOR ( 'NONE', #3901, 1000.000000000000000 ) ;
#1047 = ORIENTED_EDGE ( 'NONE', *, *, #3291, .T. ) ;
#1048 = AXIS2_PLACEMENT_3D ( 'NONE', #2146, #4317, #2729 ) ;
#1049 = DIRECTION ( 'NONE',  ( 1.000000000000000000, 0.0000000000000000000, 0.0000000000000000000 ) ) ;
#1050 = CARTESIAN_POINT ( 'NONE',  ( 4.530988068736881800, 7.191672067113090700, -5.000000000000002700 ) ) ;
#1051 = ORIENTED_EDGE ( 'NONE', *, *, #918, .T. ) ;
#1052 = ORIENTED_EDGE ( 'NONE', *, *, #2100, .F. ) ;
#1053 = ORIENTED_EDGE ( 'NONE', *, *, #3443, .F. ) ;
#1054 = ADVANCED_FACE ( 'NONE', ( #3080 ), #5444, .T. ) ;
#1055 = DIRECTION ( 'NONE',  ( -0.5877852522924798000, -0.8090169943749425700, 0.0000000000000000000 ) ) ;
#1056 = ORIENTED_EDGE ( 'NONE', *, *, #1419, .T. ) ;
#1057 = EDGE_CURVE ( 'NONE', #3314, #5041, #1763, .T. ) ;
#1058 = FACE_OUTER_BOUND ( 'NONE', #2558, .T. ) ;
#1059 = DIRECTION ( 'NONE',  ( -0.0000000000000000000, -0.0000000000000000000, -1.000000000000000000 ) ) ;
#1060 = ORIENTED_EDGE ( 'NONE', *, *, #6406, .T. ) ;
#1061 = ORIENTED_EDGE ( 'NONE', *, *, #3439, .T. ) ;
#1062 = DIRECTION ( 'NONE',  ( 1.000000000000000000, 0.0000000000000000000, 0.0000000000000000000 ) ) ;
#1063 = ORIENTED_EDGE ( 'NONE', *, *, #2674, .F. ) ;
#1064 = AXIS2_PLACEMENT_3D ( 'NONE', #5188, #5653, #5721 ) ;
#1065 = ORIENTED_EDGE ( 'NONE', *, *, #5690, .F. ) ;
#1066 = CONICAL_SURFACE ( 'NONE', #6456, 8.500000000000003600, 0.7853981633974482800 ) ;
#1067 = CARTESIAN_POINT ( 'NONE',  ( 2.194037711905735000, -8.211954610130430200, 5.729814788963743400 ) ) ;
#1068 = DIRECTION ( 'NONE',  ( -0.0000000000000000000, -0.0000000000000000000, -1.000000000000000000 ) ) ;
#1069 = EDGE_CURVE ( 'NONE', #3881, #727, #3995, .T. ) ;
#1070 = VERTEX_POINT ( 'NONE', #2896 ) ;
#1071 = ORIENTED_EDGE ( 'NONE', *, *, #2127, .T. ) ;
#1072 = CARTESIAN_POINT ( 'NONE',  ( 2.648404096596931100, -8.077006958523089300, 6.595592633140103800 ) ) ;
#1073 = FACE_OUTER_BOUND ( 'NONE', #1095, .T. ) ;
#1074 = AXIS2_PLACEMENT_3D ( 'NONE', #2032, #6804, #3116 ) ;
#1075 = ORIENTED_EDGE ( 'NONE', *, *, #6127, .F. ) ;
#1076 = CYLINDRICAL_SURFACE ( 'NONE', #3457, 3.946090011793464700 ) ;
#1077 = FACE_OUTER_BOUND ( 'NONE', #5589, .T. ) ;
#1078 = ADVANCED_FACE ( 'NONE', ( #1925 ), #4076, .T. ) ;
#1079 = ORIENTED_EDGE ( 'NONE', *, *, #6924, .T. ) ;
#1080 = DIRECTION ( 'NONE',  ( -0.0000000000000000000, 1.000000000000000000, -0.0000000000000000000 ) ) ;
#1081 = CARTESIAN_POINT ( 'NONE',  ( 7.792752554573165300, -3.394555585521201300, 6.594685079528038500 ) ) ;
#1082 = TOROIDAL_SURFACE ( 'NONE', #1509, 30.45371781153436800, 0.3926990816987236400 ) ;
#1083 = LINE ( 'NONE', #6058, #6853 ) ;
#1084 = FACE_OUTER_BOUND ( 'NONE', #654, .T. ) ;
#1085 = CARTESIAN_POINT ( 'NONE',  ( -8.328230005728579900, -1.700172041789324500, 6.594685079528090000 ) ) ;
#1086 = VERTEX_POINT ( 'NONE', #4583 ) ;
#1087 = AXIS2_PLACEMENT_3D ( 'NONE', #3527, #1922, #2437 ) ;
#1088 = CARTESIAN_POINT ( 'NONE',  ( 5.526361537029886000, 6.458355373312582700, 6.517745419274477000 ) ) ;
#1089 = CARTESIAN_POINT ( 'NONE',  ( 0.5773502691896264000, 6.499999999999993800, 9.999999999999998200 ) ) ;
#1090 = B_SPLINE_CURVE_WITH_KNOTS ( 'NONE', 3,
 ( #2362, #6133, #4512, #4445, #3927, #6081, #5527, #2344 ),
 .UNSPECIFIED., .F., .F.,
 ( 4, 2, 2, 4 ),
 ( 0.007935642368387202400, 0.01333265030296761800, 0.01603115427025782500, 0.01872965823754803300 ),
 .UNSPECIFIED. ) ;
#1091 = EDGE_CURVE ( 'NONE', #4403, #3637, #1685, .T. ) ;
#1092 = CARTESIAN_POINT ( 'NONE',  ( 8.490128463191197700, -0.4125403783768731300, 6.058281945280490400 ) ) ;
#1093 = LINE ( 'NONE', #3139, #4271 ) ;
#1094 = DIRECTION ( 'NONE',  ( 0.1045284632676570900, 0.9945218953682729600, -3.407789085892846600E-016 ) ) ;
#1095 = EDGE_LOOP ( 'NONE', ( #5660, #3456, #5759 ) ) ;
#1096 = DIRECTION ( 'NONE',  ( 0.0000000000000000000, 0.7071067811865512400, 0.7071067811865439100 ) ) ;
#1097 = CARTESIAN_POINT ( 'NONE',  ( -1.931798657138282100, 2.295520904497945200, 11.53467347810034100 ) ) ;
#1098 = ADVANCED_FACE ( 'NONE', ( #4431 ), #5102, .F. ) ;
#1099 = DIRECTION ( 'NONE',  ( 0.4067366430757887700, -0.9135454576426059700, 0.0000000000000000000 ) ) ;
#1100 = CARTESIAN_POINT ( 'NONE',  ( -0.2352398704041575300, -6.552577633207925500, -15.00000000000000000 ) ) ;
#1101 = VERTEX_POINT ( 'NONE', #751 ) ;
#1102 = ORIENTED_EDGE ( 'NONE', *, *, #4003, .F. ) ;
#1103 = DIRECTION ( 'NONE',  ( 1.000000000000000000, 0.0000000000000000000, 0.0000000000000000000 ) ) ;
#1104 = EDGE_CURVE ( 'NONE', #6116, #287, #245, .T. ) ;
#1105 = AXIS2_PLACEMENT_3D ( 'NONE', #3954, #1375, #6674 ) ;
#1106 = CARTESIAN_POINT ( 'NONE',  ( -8.356096882192066000, -1.557770723139622300, 6.518773784219859200 ) ) ;
#1107 = CARTESIAN_POINT ( 'NONE',  ( -2.936742409108088900, -7.976562168157199700, -5.000000000000004400 ) ) ;
#1108 = EDGE_CURVE ( 'NONE', #539, #328, #1844, .T. ) ;
#1109 = ADVANCED_FACE ( 'NONE', ( #6701 ), #5354, .F. ) ;
#1110 = CARTESIAN_POINT ( 'NONE',  ( 7.719377737216806400, -3.558513967611993700, 6.593838621815855600 ) ) ;
#1111 = AXIS2_PLACEMENT_3D ( 'NONE', #4160, #6221, #964 ) ;
#1112 = CARTESIAN_POINT ( 'NONE',  ( 2.397477674814670200, -8.154912174465643200, 6.484413586069042200 ) ) ;
#1113 = CARTESIAN_POINT ( 'NONE',  ( 1.214147014145555500, -8.412838226665332500, -14.43900000000000000 ) ) ;
#1114 = CARTESIAN_POINT ( 'NONE',  ( 5.858102655693467200, 2.178332682433327800, -15.00000000000000000 ) ) ;
#1115 = ORIENTED_EDGE ( 'NONE', *, *, #1786, .F. ) ;
#1116 = PLANE ( 'NONE',  #6494 ) ;
#1117 = CARTESIAN_POINT ( 'NONE',  ( -7.625892554961532200, 3.754432412510967600, -15.00000000000000000 ) ) ;
#1118 = VERTEX_POINT ( 'NONE', #5600 ) ;
#1119 = DIRECTION ( 'NONE',  ( 0.7431448254773954700, 0.6691306063588569100, 0.0000000000000000000 ) ) ;
#1120 = AXIS2_PLACEMENT_3D ( 'NONE', #2671, #6335, #3114 ) ;
#1121 = CARTESIAN_POINT ( 'NONE',  ( -3.255837320807438500, -5.776310017815848000, -5.000000000000000900 ) ) ;
#1122 = ADVANCED_FACE ( 'NONE', ( #3672 ), #3332, .T. ) ;
#1123 = VERTEX_POINT ( 'NONE', #6721 ) ;
#1124 = CARTESIAN_POINT ( 'NONE',  ( -3.944482441314631800, -36.87375528916300700, -5.000000000000000900 ) ) ;
#1125 = FACE_OUTER_BOUND ( 'NONE', #6709, .T. ) ;
#1126 = DIRECTION ( 'NONE',  ( 1.000000000000000000, -1.340797241298758200E-014, 0.0000000000000000000 ) ) ;
#1127 = EDGE_LOOP ( 'NONE', ( #1879, #6675, #3048, #4410, #908 ) ) ;
#1128 = CARTESIAN_POINT ( 'NONE',  ( -3.853454091727898800, -7.576337608828263900, 5.729814788946954200 ) ) ;
#1129 = CARTESIAN_POINT ( 'NONE',  ( -2.043761957265851900, 6.792810382441645700, -15.00000000000000000 ) ) ;
#1130 = CARTESIAN_POINT ( 'NONE',  ( -0.2352398704041575300, -6.552577633207925500, -15.00000000000000000 ) ) ;
#1131 = ORIENTED_EDGE ( 'NONE', *, *, #1854, .T. ) ;
#1132 = CYLINDRICAL_SURFACE ( 'NONE', #1579, 30.84641689323308400 ) ;
#1133 = ORIENTED_EDGE ( 'NONE', *, *, #6755, .F. ) ;
#1134 = ORIENTED_EDGE ( 'NONE', *, *, #699, .F. ) ;
#1135 = CARTESIAN_POINT ( 'NONE',  ( 6.678658115143291800, -5.257901271511406600, -5.000000000000002700 ) ) ;
#1136 = CARTESIAN_POINT ( 'NONE',  ( -4.815542768727911300, 3.984099376590942000, -15.00000000000000000 ) ) ;
#1137 = CARTESIAN_POINT ( 'NONE',  ( -0.6617313837602545300, 2.928800829990314500, 9.108054137203522400 ) ) ;
#1138 = CARTESIAN_POINT ( 'NONE',  ( -3.059487779958075300, -5.436222637021932900, -15.00000000000000000 ) ) ;
#1139 = ORIENTED_EDGE ( 'NONE', *, *, #1776, .T. ) ;
#1140 = CIRCLE ( 'NONE', #6899, 3.946090011793465200 ) ;
#1141 = EDGE_LOOP ( 'NONE', ( #6678, #3738, #5411, #1159 ) ) ;
#1142 = EDGE_CURVE ( 'NONE', #1118, #2808, #500, .T. ) ;
#1143 = ORIENTED_EDGE ( 'NONE', *, *, #1018, .F. ) ;
#1144 = AXIS2_PLACEMENT_3D ( 'NONE', #4473, #1227, #2301 ) ;
#1145 = CARTESIAN_POINT ( 'NONE',  ( 0.0000000000000000000, 0.0000000000000000000, -14.43900000000000000 ) ) ;
#1146 = CARTESIAN_POINT ( 'NONE',  ( -36.28793735641107100, 7.643191301550770900, -5.000000000000000900 ) ) ;
#1147 = ORIENTED_EDGE ( 'NONE', *, *, #6835, .T. ) ;
#1148 = FACE_OUTER_BOUND ( 'NONE', #5920, .T. ) ;
#1149 = EDGE_LOOP ( 'NONE', ( #310, #3092, #4920 ) ) ;
#1150 = ORIENTED_EDGE ( 'NONE', *, *, #2046, .T. ) ;
#1151 = EDGE_CURVE ( 'NONE', #2619, #6384, #2264, .T. ) ;
#1152 = EDGE_CURVE ( 'NONE', #5663, #2244, #1592, .T. ) ;
#1153 = VECTOR ( 'NONE', #3301, 1000.000000000000100 ) ;
#1154 = FACE_OUTER_BOUND ( 'NONE', #1232, .T. ) ;
#1155 = CARTESIAN_POINT ( 'NONE',  ( 0.4262075691516771200, 8.306855388088896700, -14.62213443398251500 ) ) ;
#1156 = AXIS2_PLACEMENT_3D ( 'NONE', #3920, #2281, #753 ) ;
#1157 = ORIENTED_EDGE ( 'NONE', *, *, #5812, .F. ) ;
#1158 = CARTESIAN_POINT ( 'NONE',  ( -29.96136759268884800, -21.85289964354136700, -5.000000000000000900 ) ) ;
#1159 = ORIENTED_EDGE ( 'NONE', *, *, #345, .F. ) ;
#1160 = LINE ( 'NONE', #5327, #1832 ) ;
#1161 = CARTESIAN_POINT ( 'NONE',  ( 3.768062445650476100, -7.415335761369128400, -14.62213445113551900 ) ) ;
#1162 = CARTESIAN_POINT ( 'NONE',  ( 6.541271189478328200, 0.4509796686607168700, -15.00000000000000000 ) ) ;
#1163 = CARTESIAN_POINT ( 'NONE',  ( -0.1368467416877366900, 3.000000000000000900, 13.00000000000000400 ) ) ;
#1164 = CIRCLE ( 'NONE', #4333, 0.3926990816987240300 ) ;
#1165 = VECTOR ( 'NONE', #5549, 1000.000000000000000 ) ;
#1166 = ADVANCED_FACE ( 'NONE', ( #2593 ), #1500, .F. ) ;
#1167 = CARTESIAN_POINT ( 'NONE',  ( 3.051852017099293300, 7.933233846664888800, 5.729814788969300700 ) ) ;
#1168 = CARTESIAN_POINT ( 'NONE',  ( 7.755926658964059000, -3.478172987025265800, 6.595592633140063800 ) ) ;
#1169 = ORIENTED_EDGE ( 'NONE', *, *, #2316, .F. ) ;
#1170 = CARTESIAN_POINT ( 'NONE',  ( 7.737015660221543600, -3.519742699898152700, 6.594685079528053600 ) ) ;
#1171 = AXIS2_PLACEMENT_3D ( 'NONE', #4743, #5934, #6460 ) ;
#1172 = CIRCLE ( 'NONE', #4136, 1.437500000000006400 ) ;
#1173 = LINE ( 'NONE', #330, #4936 ) ;
#1174 = CARTESIAN_POINT ( 'NONE',  ( -35.38087622432353600, 11.91057841470729900, -5.000000000000000900 ) ) ;
#1175 = EDGE_LOOP ( 'NONE', ( #2726, #6017, #2028, #3304 ) ) ;
#1176 = CARTESIAN_POINT ( 'NONE',  ( 6.014742451146870100, 6.006069700438824400, 5.729814788971695300 ) ) ;
#1177 = LINE ( 'NONE', #5311, #5874 ) ;
#1178 =( GEOMETRIC_REPRESENTATION_CONTEXT ( 3 ) GLOBAL_UNCERTAINTY_ASSIGNED_CONTEXT ( ( #3397 ) ) GLOBAL_UNIT_ASSIGNED_CONTEXT ( ( #1388, #6167, #2376 ) ) REPRESENTATION_CONTEXT ( 'NONE', 'WORKASPACE' ) );
#1179 = CARTESIAN_POINT ( 'NONE',  ( 5.374631859285865500, -6.585274983091730800, 6.059985755999784700 ) ) ;
#1180 = VERTEX_POINT ( 'NONE', #3047 ) ;
#1181 = EDGE_CURVE ( 'NONE', #802, #1468, #6776, .T. ) ;
#1182 = DIRECTION ( 'NONE',  ( -0.0000000000000000000, -0.0000000000000000000, 1.000000000000000000 ) ) ;
#1183 = DIRECTION ( 'NONE',  ( -0.6691306063588671200, -0.7431448254773862500, 0.0000000000000000000 ) ) ;
#1184 = ORIENTED_EDGE ( 'NONE', *, *, #1924, .F. ) ;
#1185 = DIRECTION ( 'NONE',  ( -0.0000000000000000000, 0.0000000000000000000, 1.000000000000000000 ) ) ;
#1186 = CARTESIAN_POINT ( 'NONE',  ( -30.00164097973910100, 21.79746808172926000, -5.000000000000000900 ) ) ;
#1187 = DIRECTION ( 'NONE',  ( 0.0000000000000000000, 0.0000000000000000000, 1.000000000000000000 ) ) ;
#1188 = CARTESIAN_POINT ( 'NONE',  ( 6.036215036775418600, -5.156726580865655900, -15.00000000000000000 ) ) ;
#1189 = DIRECTION ( 'NONE',  ( 1.000000000000000000, 0.0000000000000000000, 0.0000000000000000000 ) ) ;
#1190 = EDGE_CURVE ( 'NONE', #6422, #6787, #5268, .T. ) ;
#1191 = CARTESIAN_POINT ( 'NONE',  ( -8.493664740175324500, 0.3281147382137466500, -15.00000000000000000 ) ) ;
#1192 = CARTESIAN_POINT ( 'NONE',  ( 0.0000000000000000000, 3.562500000000000400, 11.00000000000000000 ) ) ;
#1193 = DIRECTION ( 'NONE',  ( 0.9781476007338041300, -0.2079116908177664200, 0.0000000000000000000 ) ) ;
#1194 = CARTESIAN_POINT ( 'NONE',  ( -6.836147648906331800, -5.051443884905814300, 6.594685079528082900 ) ) ;
#1195 = EDGE_CURVE ( 'NONE', #996, #12, #2842, .T. ) ;
#1196 = AXIS2_PLACEMENT_3D ( 'NONE', #6046, #2359, #1765 ) ;
#1197 = ORIENTED_EDGE ( 'NONE', *, *, #5385, .F. ) ;
#1198 = DIRECTION ( 'NONE',  ( 1.000000000000000000, 0.0000000000000000000, 0.0000000000000000000 ) ) ;
#1199 = CARTESIAN_POINT ( 'NONE',  ( 0.3083797592215004600, 8.124734754288054400, -14.80898902440019200 ) ) ;
#1200 = EDGE_CURVE ( 'NONE', #3317, #2491, #1173, .T. ) ;
#1201 = DIRECTION ( 'NONE',  ( 0.0000000000000000000, -0.0000000000000000000, -1.000000000000000000 ) ) ;
#1202 = VERTEX_POINT ( 'NONE', #2031 ) ;
#1203 = AXIS2_PLACEMENT_3D ( 'NONE', #706, #6102, #6071 ) ;
#1204 = CARTESIAN_POINT ( 'NONE',  ( 6.656242670968905100, -5.286662086301261900, -3.199511502194728200 ) ) ;
#1205 = CARTESIAN_POINT ( 'NONE',  ( 5.726245996640156700, -2.474487587551220900, -5.000000000000000900 ) ) ;
#1206 = CARTESIAN_POINT ( 'NONE',  ( 0.0000000000000000000, 0.0000000000000000000, -14.43900000000000000 ) ) ;
#1207 = ORIENTED_EDGE ( 'NONE', *, *, #5582, .T. ) ;
#1208 = CARTESIAN_POINT ( 'NONE',  ( 0.0000000000000000000, 0.0000000000000000000, 14.43899999999999800 ) ) ;
#1209 = CARTESIAN_POINT ( 'NONE',  ( -0.02655273914664908800, 8.502712836879437600, 2.162214997041086200 ) ) ;
#1210 = CYLINDRICAL_SURFACE ( 'NONE', #1048, 0.3926990816987240300 ) ;
#1211 = CIRCLE ( 'NONE', #5739, 3.946090011793464700 ) ;
#1212 = EDGE_CURVE ( 'NONE', #6243, #2017, #832, .T. ) ;
#1213 = AXIS2_PLACEMENT_3D ( 'NONE', #1027, #3687, #5258 ) ;
#1214 = CARTESIAN_POINT ( 'NONE',  ( -5.404339115359471500, 3.841790312820036600, -15.00000000000000000 ) ) ;
#1215 = ORIENTED_EDGE ( 'NONE', *, *, #1650, .T. ) ;
#1216 = EDGE_CURVE ( 'NONE', #4581, #4487, #3840, .T. ) ;
#1217 = ORIENTED_EDGE ( 'NONE', *, *, #4796, .T. ) ;
#1218 = FACE_OUTER_BOUND ( 'NONE', #4817, .T. ) ;
#1219 = CARTESIAN_POINT ( 'NONE',  ( -4.324849761937284300, -36.83377707280890000, -5.000000000000000900 ) ) ;
#1220 = ORIENTED_EDGE ( 'NONE', *, *, #5620, .T. ) ;
#1221 = CARTESIAN_POINT ( 'NONE',  ( 5.738343555173989900, -6.270678850235682100, 6.594685079528088200 ) ) ;
#1222 = VERTEX_POINT ( 'NONE', #6764 ) ;
#1223 = CARTESIAN_POINT ( 'NONE',  ( 0.2068215526980385900, 7.936305553929967600, -15.00000000000000000 ) ) ;
#1224 = ORIENTED_EDGE ( 'NONE', *, *, #171, .F. ) ;
#1225 = TOROIDAL_SURFACE ( 'NONE', #1971, 30.45371781153436100, 0.3926990816987236400 ) ;
#1226 = DIRECTION ( 'NONE',  ( -0.8660254037844384900, 0.0000000000000000000, 0.5000000000000004400 ) ) ;
#1227 = DIRECTION ( 'NONE',  ( -0.0000000000000000000, -0.0000000000000000000, 1.000000000000000000 ) ) ;
#1228 = ORIENTED_EDGE ( 'NONE', *, *, #4839, .T. ) ;
#1229 = ORIENTED_EDGE ( 'NONE', *, *, #945, .F. ) ;
#1230 = DIRECTION ( 'NONE',  ( 1.000000000000000000, 0.0000000000000000000, 0.0000000000000000000 ) ) ;
#1231 = CARTESIAN_POINT ( 'NONE',  ( 1.154700538379252100, 6.499999999999993800, 11.00000000000000000 ) ) ;
#1232 = EDGE_LOOP ( 'NONE', ( #4809, #4988, #4411, #5693 ) ) ;
#1233 = EDGE_CURVE ( 'NONE', #6473, #3807, #155, .T. ) ;
#1234 = CIRCLE ( 'NONE', #3307, 0.3926990816987240300 ) ;
#1235 = VERTEX_POINT ( 'NONE', #1467 ) ;
#1236 = ORIENTED_EDGE ( 'NONE', *, *, #1585, .T. ) ;
#1237 = CARTESIAN_POINT ( 'NONE',  ( -2.083990984724994000, 8.240731115132611300, 11.75429483277328500 ) ) ;
#1238 = DIRECTION ( 'NONE',  ( -0.0000000000000000000, -0.0000000000000000000, 1.000000000000000000 ) ) ;
#1239 = LINE ( 'NONE', #3157, #317 ) ;
#1240 = FACE_OUTER_BOUND ( 'NONE', #2071, .T. ) ;
#1241 = CIRCLE ( 'NONE', #2018, 7.939000000000005400 ) ;
#1242 = EDGE_CURVE ( 'NONE', #5686, #3024, #4998, .T. ) ;
#1243 = ORIENTED_EDGE ( 'NONE', *, *, #6025, .T. ) ;
#1244 = DIRECTION ( 'NONE',  ( -0.0000000000000000000, -0.0000000000000000000, 1.000000000000000000 ) ) ;
#1245 = DIRECTION ( 'NONE',  ( 1.000000000000000000, 0.0000000000000000000, 0.0000000000000000000 ) ) ;
#1246 = DIRECTION ( 'NONE',  ( 0.9135454576426005300, -0.4067366430758008700, 0.0000000000000000000 ) ) ;
#1247 = VECTOR ( 'NONE', #458, 1000.000000000000000 ) ;
#1248 = AXIS2_PLACEMENT_3D ( 'NONE', #2234, #1748, #6519 ) ;
#1249 = TOROIDAL_SURFACE ( 'NONE', #4815, 31.43791576719763700, 3.946090011793464700 ) ;
#1250 = DIRECTION ( 'NONE',  ( 1.000000000000000000, 2.208718528794109300E-015, 0.0000000000000000000 ) ) ;
#1251 = VECTOR ( 'NONE', #5755, 999.9999999999998900 ) ;
#1252 = VERTEX_POINT ( 'NONE', #6287 ) ;
#1253 = CARTESIAN_POINT ( 'NONE',  ( 1.328068351912740300, 2.691928529611090900, 12.50073992793080200 ) ) ;
#1254 = CARTESIAN_POINT ( 'NONE',  ( 4.520812613887389200, -6.714972451424053200, -14.84440871154357400 ) ) ;
#1255 = EDGE_CURVE ( 'NONE', #5457, #4711, #4550, .T. ) ;
#1256 = FACE_OUTER_BOUND ( 'NONE', #5685, .T. ) ;
#1257 = DIRECTION ( 'NONE',  ( 1.000000000000000000, 0.0000000000000000000, 0.0000000000000000000 ) ) ;
#1258 = CARTESIAN_POINT ( 'NONE',  ( -2.989342498470244400, -7.762044193198923000, -14.62213447650877600 ) ) ;
#1259 = ORIENTED_EDGE ( 'NONE', *, *, #3928, .F. ) ;
#1260 = AXIS2_PLACEMENT_3D ( 'NONE', #6788, #4177, #1466 ) ;
#1261 = CARTESIAN_POINT ( 'NONE',  ( -0.8657771639612749100, 8.455916010064489900, 6.595592633140221900 ) ) ;
#1262 = CARTESIAN_POINT ( 'NONE',  ( 1.214147014145555500, -8.412838226665332500, -14.43900000000000000 ) ) ;
#1263 = CARTESIAN_POINT ( 'NONE',  ( -1.983691410810387600, 8.265448331639788600, 12.04252655968715000 ) ) ;
#1264 = DIRECTION ( 'NONE',  ( 1.000000000000000000, 0.0000000000000000000, 0.0000000000000000000 ) ) ;
#1265 = ORIENTED_EDGE ( 'NONE', *, *, #5485, .T. ) ;
#1266 = CARTESIAN_POINT ( 'NONE',  ( 8.376276677047609800, -1.444987553423327200, -14.43900000000000000 ) ) ;
#1267 = DIRECTION ( 'NONE',  ( -0.8660254037844433700, -0.4999999999999920100, 0.0000000000000000000 ) ) ;
#1268 = DIRECTION ( 'NONE',  ( 1.000000000000000000, 0.0000000000000000000, 0.0000000000000000000 ) ) ;
#1269 = CARTESIAN_POINT ( 'NONE',  ( -6.336341657374435800, -5.669882023266795900, 2.160301496464849300 ) ) ;
#1270 = DIRECTION ( 'NONE',  ( -0.0000000000000000000, -0.0000000000000000000, 1.000000000000000000 ) ) ;
#1271 = DIRECTION ( 'NONE',  ( 0.0000000000000000000, 0.0000000000000000000, -1.000000000000000000 ) ) ;
#1272 = PLANE ( 'NONE',  #5641 ) ;
#1273 = AXIS2_PLACEMENT_3D ( 'NONE', #5392, #5424, #4291 ) ;
#1274 = DIRECTION ( 'NONE',  ( -0.7431448254773862500, 0.6691306063588671200, 0.0000000000000000000 ) ) ;
#1275 = DIRECTION ( 'NONE',  ( -0.8660254037844433700, -0.4999999999999920100, 0.0000000000000000000 ) ) ;
#1276 = B_SPLINE_CURVE_WITH_KNOTS ( 'NONE', 3,
 ( #6892, #6874, #5801, #2081, #2562, #4197, #4707, #2108, #2052, #6919 ),
 .UNSPECIFIED., .F., .F.,
 ( 4, 2, 2, 2, 4 ),
 ( 0.005174177714159824400, 0.005300209233063655400, 0.005426240751967487100, 0.005678303789775148900, 0.006182429865390471700 ),
 .UNSPECIFIED. ) ;
#1277 = ORIENTED_EDGE ( 'NONE', *, *, #6708, .T. ) ;
#1278 = CARTESIAN_POINT ( 'NONE',  ( 1.398127505139593200, 8.386518524554279700, 9.079181102556694000 ) ) ;
#1279 = EDGE_CURVE ( 'NONE', #1086, #595, #3493, .T. ) ;
#1280 = AXIS2_PLACEMENT_3D ( 'NONE', #967, #2585, #1686 ) ;
#1281 = CALENDAR_DATE ( 2023, 4, 8 ) ;
#1282 = ORIENTED_EDGE ( 'NONE', *, *, #3191, .F. ) ;
#1283 = CARTESIAN_POINT ( 'NONE',  ( 32.13137069386263500, -19.00640149811055900, -5.000000000000000900 ) ) ;
#1284 = CARTESIAN_POINT ( 'NONE',  ( 5.792318625829840300, -3.072565112851029400, -15.00000000000000000 ) ) ;
#1285 = FACE_OUTER_BOUND ( 'NONE', #278, .T. ) ;
#1286 = FACE_OUTER_BOUND ( 'NONE', #4728, .T. ) ;
#1287 = ORIENTED_EDGE ( 'NONE', *, *, #6706, .F. ) ;
#1288 = AXIS2_PLACEMENT_3D ( 'NONE', #3787, #2167, #5943 ) ;
#1289 = DIRECTION ( 'NONE',  ( 1.000000000000000000, 0.0000000000000000000, 0.0000000000000000000 ) ) ;
#1290 = CARTESIAN_POINT ( 'NONE',  ( 0.5615124314546106100, -8.481432885382787400, -15.00000000000000000 ) ) ;
#1291 = VERTEX_POINT ( 'NONE', #538 ) ;
#1292 = CARTESIAN_POINT ( 'NONE',  ( 5.670509102288574100, 2.599674701928095500, -15.00000000000000000 ) ) ;
#1293 = CYLINDRICAL_SURFACE ( 'NONE', #3926, 2.000000000000000000 ) ;
#1294 = ORIENTED_EDGE ( 'NONE', *, *, #376, .T. ) ;
#1295 = DIRECTION ( 'NONE',  ( 0.5877852522924689200, -0.8090169943749504500, 0.0000000000000000000 ) ) ;
#1296 = ORIENTED_EDGE ( 'NONE', *, *, #6246, .T. ) ;
#1297 = CARTESIAN_POINT ( 'NONE',  ( -5.439534267935939300, 6.531574614737341000, -5.000000000000004400 ) ) ;
#1298 = CARTESIAN_POINT ( 'NONE',  ( 1.920331511783758700, 8.280590353824038600, 12.18408834266930200 ) ) ;
#1299 = DIRECTION ( 'NONE',  ( -0.9510565162951503100, 0.3090169943749573900, 0.0000000000000000000 ) ) ;
#1300 = AXIS2_PLACEMENT_3D ( 'NONE', #3853, #4397, #2255 ) ;
#1301 = CARTESIAN_POINT ( 'NONE',  ( -2.084163484419936400, 8.240688561043510800, 10.24620452064788300 ) ) ;
#1302 = ORIENTED_EDGE ( 'NONE', *, *, #1696, .T. ) ;
#1303 = CIRCLE ( 'NONE', #403, 0.3926990816987241400 ) ;
#1304 = ORIENTED_EDGE ( 'NONE', *, *, #5495, .T. ) ;
#1305 = EDGE_CURVE ( 'NONE', #1370, #3895, #668, .T. ) ;
#1306 = ORIENTED_EDGE ( 'NONE', *, *, #3811, .F. ) ;
#1307 = CARTESIAN_POINT ( 'NONE',  ( -3.178163014310037200, -5.367705458522685500, -15.00000000000000000 ) ) ;
#1308 = CARTESIAN_POINT ( 'NONE',  ( 7.989368013186420600, 2.905326309532740800, 3.944042357340662400 ) ) ;
#1309 = ORIENTED_EDGE ( 'NONE', *, *, #3184, .T. ) ;
#1310 = VECTOR ( 'NONE', #1080, 1000.000000000000000 ) ;
#1311 = CARTESIAN_POINT ( 'NONE',  ( 1.992703809495149000, 5.911185461699368200, -5.000000000000004400 ) ) ;
#1312 = ORIENTED_EDGE ( 'NONE', *, *, #1956, .F. ) ;
#1313 = CARTESIAN_POINT ( 'NONE',  ( 37.08406768750114700, 4.294205901284563300, -5.000000000000000900 ) ) ;
#1314 = ORIENTED_EDGE ( 'NONE', *, *, #3739, .F. ) ;
#1315 = DIRECTION ( 'NONE',  ( 1.000000000000000000, 0.0000000000000000000, 0.0000000000000000000 ) ) ;
#1316 = CIRCLE ( 'NONE', #3867, 7.939000000000005400 ) ;
#1317 = CIRCLE ( 'NONE', #1171, 30.54279649802281000 ) ;
#1318 = CARTESIAN_POINT ( 'NONE',  ( 8.239838897035584300, -2.086876841318160600, -14.43900000000408400 ) ) ;
#1319 = VERTEX_POINT ( 'NONE', #6367 ) ;
#1320 = ORIENTED_EDGE ( 'NONE', *, *, #2293, .F. ) ;
#1321 = EDGE_CURVE ( 'NONE', #6110, #982, #5776, .T. ) ;
#1322 = DIRECTION ( 'NONE',  ( -0.0000000000000000000, -0.0000000000000000000, -1.000000000000000000 ) ) ;
#1323 = LINE ( 'NONE', #1284, #6522 ) ;
#1324 = VECTOR ( 'NONE', #6172, 999.9999999999998900 ) ;
#1325 = VECTOR ( 'NONE', #2840, 1000.000000000000000 ) ;
#1326 = AXIS2_PLACEMENT_3D ( 'NONE', #397, #5784, #936 ) ;
#1327 = CARTESIAN_POINT ( 'NONE',  ( -0.7385101692581687000, -8.467917228253680800, 6.572960419090867000 ) ) ;
#1328 = CARTESIAN_POINT ( 'NONE',  ( 2.449293598294705900E-016, 3.562500000000000400, 9.000000000000000000 ) ) ;
#1329 = B_SPLINE_CURVE_WITH_KNOTS ( 'NONE', 3,
 ( #3324, #3896, #2821, #2876 ),
 .UNSPECIFIED., .F., .F.,
 ( 4, 4 ),
 ( 3.126648298137385600E-007, 0.0008592017304043413700 ),
 .UNSPECIFIED. ) ;
#1330 = DIRECTION ( 'NONE',  ( -0.0000000000000000000, -0.0000000000000000000, -1.000000000000000000 ) ) ;
#1331 = ORIENTED_EDGE ( 'NONE', *, *, #4617, .F. ) ;
#1332 = DIRECTION ( 'NONE',  ( 0.9510565162951544200, 0.3090169943749449500, 0.0000000000000000000 ) ) ;
#1333 = FACE_OUTER_BOUND ( 'NONE', #3185, .T. ) ;
#1334 = EDGE_CURVE ( 'NONE', #3275, #1445, #5683, .T. ) ;
#1335 = CIRCLE ( 'NONE', #11, 30.84641689323308700 ) ;
#1336 = ORIENTED_EDGE ( 'NONE', *, *, #3751, .F. ) ;
#1337 = EDGE_LOOP ( 'NONE', ( #3955, #1265 ) ) ;
#1338 = DIRECTION ( 'NONE',  ( 1.000000000000000000, 0.0000000000000000000, 0.0000000000000000000 ) ) ;
#1339 = CARTESIAN_POINT ( 'NONE',  ( 7.621784852161944500, 3.762847375359082300, 6.298939761666519000 ) ) ;
#1340 = AXIS2_PLACEMENT_3D ( 'NONE', #5146, #4630, #2038 ) ;
#1341 = ADVANCED_FACE ( 'NONE', ( #2427 ), #6949, .F. ) ;
#1342 = ORIENTED_EDGE ( 'NONE', *, *, #5968, .F. ) ;
#1343 = CARTESIAN_POINT ( 'NONE',  ( 5.987086803308581100, -6.033842013890603300, 6.061213460545755700 ) ) ;
#1344 = CARTESIAN_POINT ( 'NONE',  ( 1.992703809495148600, 5.911185461699370900, -15.00000000000000000 ) ) ;
#1345 = DIRECTION ( 'NONE',  ( 1.000000000000000000, 5.275267834618064900E-015, 0.0000000000000000000 ) ) ;
#1346 = ORIENTED_EDGE ( 'NONE', *, *, #6656, .F. ) ;
#1347 = CARTESIAN_POINT ( 'NONE',  ( -4.379258881904362100, -7.285129783267366900, 6.573395348316266200 ) ) ;
#1348 = AXIS2_PLACEMENT_3D ( 'NONE', #1941, #1395, #6232 ) ;
#1349 = CARTESIAN_POINT ( 'NONE',  ( -2.312631089366764300, 8.179348228583066300, -14.43900000000408400 ) ) ;
#1350 = CARTESIAN_POINT ( 'NONE',  ( -0.5519422090301582300, -8.482097692610910400, 6.298309121132654700 ) ) ;
#1351 = CARTESIAN_POINT ( 'NONE',  ( 11.88851428858548200, 35.12968384319464100, -5.000000000000000900 ) ) ;
#1352 = CARTESIAN_POINT ( 'NONE',  ( 1.214147014147702400, -8.412838226660893400, -5.000000000000004400 ) ) ;
#1353 = DIRECTION ( 'NONE',  ( 1.000000000000000000, 0.0000000000000000000, 0.0000000000000000000 ) ) ;
#1354 = CARTESIAN_POINT ( 'NONE',  ( 37.08406768750114700, 0.4509796686607172600, -5.000000000000000900 ) ) ;
#1355 = EDGE_LOOP ( 'NONE', ( #1565, #6514, #1063 ) ) ;
#1356 = EDGE_CURVE ( 'NONE', #962, #6824, #5520, .T. ) ;
#1357 = CARTESIAN_POINT ( 'NONE',  ( -7.132038004201025000, 4.624287394467635300, 5.729814788946944400 ) ) ;
#1358 = DIRECTION ( 'NONE',  ( -0.9135454576426004200, 0.4067366430758009300, 0.0000000000000000000 ) ) ;
#1359 = AXIS2_PLACEMENT_3D ( 'NONE', #4360, #2774, #4868 ) ;
#1360 = VERTEX_POINT ( 'NONE', #2641 ) ;
#1361 = CARTESIAN_POINT ( 'NONE',  ( 7.871210902642040700, 1.035258386167027900, -15.00000000000000000 ) ) ;
#1362 = DIRECTION ( 'NONE',  ( 0.8090169943749425700, -0.5877852522924800200, -3.407789085892846600E-016 ) ) ;
#1363 = ADVANCED_FACE ( 'NONE', ( #2921, #6190 ), #1618, .F. ) ;
#1364 = DIRECTION ( 'NONE',  ( 1.000000000000000000, 0.0000000000000000000, 0.0000000000000000000 ) ) ;
#1365 = B_SPLINE_CURVE_WITH_KNOTS ( 'NONE', 3,
 ( #2104, #3131, #6401, #1113 ),
 .UNSPECIFIED., .F., .F.,
 ( 4, 4 ),
 ( 2.997672885726198900E-007, 0.0008591888328705251400 ),
 .UNSPECIFIED. ) ;
#1366 = EDGE_CURVE ( 'NONE', #3528, #4074, #6034, .T. ) ;
#1367 = FACE_OUTER_BOUND ( 'NONE', #5494, .T. ) ;
#1368 = DIRECTION ( 'NONE',  ( -0.0000000000000000000, -0.0000000000000000000, 1.000000000000000000 ) ) ;
#1369 = CARTESIAN_POINT ( 'NONE',  ( -2.043761957265942900, -6.792810382441618200, -5.000000000000000900 ) ) ;
#1370 = VERTEX_POINT ( 'NONE', #2601 ) ;
#1371 = EDGE_CURVE ( 'NONE', #2423, #6605, #1954, .T. ) ;
#1372 = AXIS2_PLACEMENT_3D ( 'NONE', #6851, #3167, #3729 ) ;
#1373 = VECTOR ( 'NONE', #2019, 1000.000000000000100 ) ;
#1374 = CIRCLE ( 'NONE', #5291, 30.84641689323308700 ) ;
#1375 = DIRECTION ( 'NONE',  ( 0.7431448254773954700, 0.6691306063588569100, 0.0000000000000000000 ) ) ;
#1376 = ORIENTED_EDGE ( 'NONE', *, *, #4824, .F. ) ;
#1377 = ORIENTED_EDGE ( 'NONE', *, *, #3722, .F. ) ;
#1378 = EDGE_LOOP ( 'NONE', ( #1896, #6323, #6670, #2811 ) ) ;
#1379 = CIRCLE ( 'NONE', #2431, 2.000000000000000000 ) ;
#1380 = AXIS2_PLACEMENT_3D ( 'NONE', #809, #3004, #3553 ) ;
#1381 = DIRECTION ( 'NONE',  ( -0.4067366430757887700, 0.9135454576426059700, 0.0000000000000000000 ) ) ;
#1382 = EDGE_LOOP ( 'NONE', ( #6316, #6236, #4642, #387 ) ) ;
#1383 = EDGE_LOOP ( 'NONE', ( #3550, #6873, #5084, #6085, #4806 ) ) ;
#1384 = CARTESIAN_POINT ( 'NONE',  ( 0.0000000000000000000, 0.0000000000000000000, -14.43900000000000000 ) ) ;
#1385 = CARTESIAN_POINT ( 'NONE',  ( -7.132038004206534300, -4.624287394471495300, 5.729814788964891800 ) ) ;
#1386 = CARTESIAN_POINT ( 'NONE',  ( -8.453358569286702800, -0.9151827869108958300, 2.162214997058479400 ) ) ;
#1387 = VERTEX_POINT ( 'NONE', #3631 ) ;
#1388 =( LENGTH_UNIT ( ) NAMED_UNIT ( * ) SI_UNIT ( .MILLI., .METRE. ) );
#1389 = VECTOR ( 'NONE', #5658, 1000.000000000000000 ) ;
#1390 = VERTEX_POINT ( 'NONE', #1050 ) ;
#1391 = ORIENTED_EDGE ( 'NONE', *, *, #3099, .T. ) ;
#1392 = CARTESIAN_POINT ( 'NONE',  ( -0.4772982767580235000, -8.486735074893138300, 6.058998120377054000 ) ) ;
#1393 = CARTESIAN_POINT ( 'NONE',  ( 5.019250827212510500, -6.863231874847088900, 2.162214997040788200 ) ) ;
#1394 = DIRECTION ( 'NONE',  ( -0.5877852522924689200, 0.8090169943749505600, 0.0000000000000000000 ) ) ;
#1395 = DIRECTION ( 'NONE',  ( -0.0000000000000000000, -0.0000000000000000000, 1.000000000000000000 ) ) ;
#1396 = VERTEX_POINT ( 'NONE', #440 ) ;
#1397 = CIRCLE ( 'NONE', #2604, 30.84641689323308700 ) ;
#1398 = ORIENTED_EDGE ( 'NONE', *, *, #6731, .F. ) ;
#1399 = ORIENTED_EDGE ( 'NONE', *, *, #2452, .F. ) ;
#1400 = DIRECTION ( 'NONE',  ( 0.0000000000000000000, 0.0000000000000000000, 1.000000000000000000 ) ) ;
#1401 = CARTESIAN_POINT ( 'NONE',  ( 6.237650794268061500, -0.3926990816987241400, -15.00000000000000000 ) ) ;
#1402 = DIRECTION ( 'NONE',  ( 1.000000000000000000, 0.0000000000000000000, 0.0000000000000000000 ) ) ;
#1403 = VECTOR ( 'NONE', #1947, 1000.000000000000000 ) ;
#1404 = ADVANCED_FACE ( 'NONE', ( #4593 ), #4178, .F. ) ;
#1405 = FACE_OUTER_BOUND ( 'NONE', #3481, .T. ) ;
#1406 = EDGE_CURVE ( 'NONE', #2474, #3652, #4763, .T. ) ;
#1407 = FACE_OUTER_BOUND ( 'NONE', #3562, .T. ) ;
#1408 = ORIENTED_EDGE ( 'NONE', *, *, #6262, .F. ) ;
#1409 = AXIS2_PLACEMENT_3D ( 'NONE', #1810, #4948, #3935 ) ;
#1410 = DIRECTION ( 'NONE',  ( -1.000000000000000000, 0.0000000000000000000, 0.0000000000000000000 ) ) ;
#1411 = CIRCLE ( 'NONE', #3654, 0.3926990816987240300 ) ;
#1412 = DIRECTION ( 'NONE',  ( -0.0000000000000000000, -0.0000000000000000000, 1.000000000000000000 ) ) ;
#1413 = VECTOR ( 'NONE', #4808, 1000.000000000000000 ) ;
#1414 = LINE ( 'NONE', #924, #1403 ) ;
#1415 = CARTESIAN_POINT ( 'NONE',  ( 4.041821550212704400, 5.162876135651592900, -15.00000000000000000 ) ) ;
#1416 = CARTESIAN_POINT ( 'NONE',  ( -8.492436019792526400, -0.3645451957542975600, -3.199732156539484500 ) ) ;
#1417 = ORIENTED_EDGE ( 'NONE', *, *, #4007, .F. ) ;
#1418 = ORIENTED_EDGE ( 'NONE', *, *, #835, .F. ) ;
#1419 = EDGE_CURVE ( 'NONE', #4711, #3147, #1869, .T. ) ;
#1420 = AXIS2_PLACEMENT_3D ( 'NONE', #4172, #416, #5428 ) ;
#1421 = CARTESIAN_POINT ( 'NONE',  ( 4.561923410246926400, -7.172392735277263400, -3.199732156543940500 ) ) ;
#1422 = B_SPLINE_CURVE_WITH_KNOTS ( 'NONE', 3,
 ( #5225, #3277, #6360, #4734, #976, #5256, #6871, #4140, #2048, #5777 ),
 .UNSPECIFIED., .F., .F.,
 ( 4, 2, 2, 2, 4 ),
 ( 0.001519902937685793200, 0.002022986156198763200, 0.002274527765455247900, 0.002400298570083490800, 0.002526069374711733600 ),
 .UNSPECIFIED. ) ;
#1423 = CIRCLE ( 'NONE', #1862, 3.946090011793465200 ) ;
#1424 = DIRECTION ( 'NONE',  ( -1.224646799147353900E-016, 1.000000000000000000, -0.0000000000000000000 ) ) ;
#1425 = VERTEX_POINT ( 'NONE', #4393 ) ;
#1426 = EDGE_CURVE ( 'NONE', #561, #4074, #4352, .T. ) ;
#1427 = ADVANCED_FACE ( 'NONE', ( #78 ), #5092, .T. ) ;
#1428 = CARTESIAN_POINT ( 'NONE',  ( 8.500000000000003600, 0.0000000000000000000, 14.43899999999999800 ) ) ;
#1429 = DIRECTION ( 'NONE',  ( -0.0000000000000000000, -0.0000000000000000000, 1.000000000000000000 ) ) ;
#1430 = AXIS2_PLACEMENT_3D ( 'NONE', #1620, #5362, #5964 ) ;
#1431 = ORIENTED_EDGE ( 'NONE', *, *, #1701, .T. ) ;
#1432 = DIRECTION ( 'NONE',  ( -0.6691306063588567900, 0.7431448254773955800, 0.0000000000000000000 ) ) ;
#1433 = CARTESIAN_POINT ( 'NONE',  ( 4.561934331815065100, 7.172385851192724500, -3.199479301351793900 ) ) ;
#1434 = CARTESIAN_POINT ( 'NONE',  ( 0.6612984083846055200, 2.928928009784923500, 9.107852403759489200 ) ) ;
#1435 = CARTESIAN_POINT ( 'NONE',  ( -8.493664740179513100, -0.3281147382110059500, -4.098268287262252200 ) ) ;
#1436 = EDGE_CURVE ( 'NONE', #6930, #2213, #326, .T. ) ;
#1437 = CARTESIAN_POINT ( 'NONE',  ( -30.04191436678965100, 21.74203651991674800, -5.000000000000000900 ) ) ;
#1438 = CARTESIAN_POINT ( 'NONE',  ( -3.724526988916792900, 7.641912124842835200, 3.944042357331185600 ) ) ;
#1439 = ORIENTED_EDGE ( 'NONE', *, *, #4617, .T. ) ;
#1440 = DIRECTION ( 'NONE',  ( 0.0000000000000000000, -0.0000000000000000000, -1.000000000000000000 ) ) ;
#1441 = CARTESIAN_POINT ( 'NONE',  ( 0.0000000000000000000, 0.0000000000000000000, -15.00000000000000000 ) ) ;
#1442 = EDGE_LOOP ( 'NONE', ( #2650, #2061, #4800, #2161 ) ) ;
#1443 = CARTESIAN_POINT ( 'NONE',  ( 3.015119573355880900, 7.947424013487904800, 6.062483535869238200 ) ) ;
#1444 = DIRECTION ( 'NONE',  ( 1.000000000000000000, 0.0000000000000000000, 0.0000000000000000000 ) ) ;
#1445 = VERTEX_POINT ( 'NONE', #2221 ) ;
#1446 = EDGE_CURVE ( 'NONE', #2311, #3050, #3165, .T. ) ;
#1447 = CARTESIAN_POINT ( 'NONE',  ( 2.449293598294703900E-016, 8.029657287525385100, 9.000000000000000000 ) ) ;
#1448 = CARTESIAN_POINT ( 'NONE',  ( 0.1366659433905259300, 3.000000000000002200, 13.00000000000000500 ) ) ;
#1449 = CARTESIAN_POINT ( 'NONE',  ( -7.892805129291041100, -3.154936955149449500, -5.000000000000004400 ) ) ;
#1450 = AXIS2_PLACEMENT_3D ( 'NONE', #846, #274, #821 ) ;
#1451 = CYLINDRICAL_SURFACE ( 'NONE', #3780, 30.84641689323308700 ) ;
#1452 = ADVANCED_FACE ( 'NONE', ( #5610 ), #912, .F. ) ;
#1453 = CARTESIAN_POINT ( 'NONE',  ( 2.917116283165788200, -7.983885778672141800, 6.376462174961858400 ) ) ;
#1454 = CIRCLE ( 'NONE', #6785, 8.500000000000003600 ) ;
#1455 = ORIENTED_EDGE ( 'NONE', *, *, #2441, .T. ) ;
#1456 = DIRECTION ( 'NONE',  ( -0.4999999999999995600, 0.0000000000000000000, -0.8660254037844389300 ) ) ;
#1457 = B_SPLINE_CURVE_WITH_KNOTS ( 'NONE', 3,
 ( #3289, #39, #1179, #4377, #5442, #5384, #2747, #3785, #3267, #599 ),
 .UNSPECIFIED., .F., .F.,
 ( 4, 2, 2, 2, 4 ),
 ( 0.0008604412037918641200, 0.001357545230536164300, 0.001606097243908314900, 0.001730373250594391100, 0.001854649257280467200 ),
 .UNSPECIFIED. ) ;
#1458 = EDGE_CURVE ( 'NONE', #3682, #2962, #4158, .T. ) ;
#1459 = DIRECTION ( 'NONE',  ( 0.9510565162951544200, 0.3090169943749449500, 0.0000000000000000000 ) ) ;
#1460 = DIRECTION ( 'NONE',  ( -0.0000000000000000000, 0.0000000000000000000, -1.000000000000000000 ) ) ;
#1461 = VERTEX_POINT ( 'NONE', #90 ) ;
#1462 = CIRCLE ( 'NONE', #1348, 3.000000000000000400 ) ;
#1463 = ORIENTED_EDGE ( 'NONE', *, *, #6162, .F. ) ;
#1464 = ORIENTED_EDGE ( 'NONE', *, *, #3009, .T. ) ;
#1465 = AXIS2_PLACEMENT_3D ( 'NONE', #3388, #5018, #1791 ) ;
#1466 = DIRECTION ( 'NONE',  ( 0.1045284632676570900, 0.9945218953682729600, 0.0000000000000000000 ) ) ;
#1467 = CARTESIAN_POINT ( 'NONE',  ( -8.493664740179516700, -0.3281147382110400400, -14.43900000000000000 ) ) ;
#1468 = VERTEX_POINT ( 'NONE', #3781 ) ;
#1469 = VECTOR ( 'NONE', #777, 1000.000000000000000 ) ;
#1470 = CARTESIAN_POINT ( 'NONE',  ( 6.300979796800026700, 5.709157926937102400, 2.162214997057233700 ) ) ;
#1471 = EDGE_CURVE ( 'NONE', #2222, #978, #1164, .T. ) ;
#1472 = ORIENTED_EDGE ( 'NONE', *, *, #4824, .T. ) ;
#1473 = VERTEX_POINT ( 'NONE', #3767 ) ;
#1474 = AXIS2_PLACEMENT_3D ( 'NONE', #4843, #5932, #106 ) ;
#1475 = CARTESIAN_POINT ( 'NONE',  ( 28.00530159306465100, -24.68544841106363900, -5.000000000000000900 ) ) ;
#1476 = ORIENTED_EDGE ( 'NONE', *, *, #5879, .T. ) ;
#1477 = VECTOR ( 'NONE', #2697, 1000.000000000000000 ) ;
#1478 = B_SPLINE_CURVE_WITH_KNOTS ( 'NONE', 3,
 ( #6585, #1161, #5422, #169 ),
 .UNSPECIFIED., .F., .F.,
 ( 4, 4 ),
 ( 2.942126314013925600E-007, 0.0008591832782133849600 ),
 .UNSPECIFIED. ) ;
#1479 = VERTEX_POINT ( 'NONE', #3237 ) ;
#1480 = CARTESIAN_POINT ( 'NONE',  ( 0.9037060147868841700, 2.863360656756624800, 12.78896535521057300 ) ) ;
#1481 = PLANE ( 'NONE',  #752 ) ;
#1482 = EDGE_LOOP ( 'NONE', ( #5651, #4300, #3857, #5569, #467 ) ) ;
#1483 = CARTESIAN_POINT ( 'NONE',  ( 2.830011086921533400, -8.015115072240874400, 6.517661876428713100 ) ) ;
#1484 = ORIENTED_EDGE ( 'NONE', *, *, #4455, .F. ) ;
#1485 = LINE ( 'NONE', #4316, #5004 ) ;
#1486 = CIRCLE ( 'NONE', #2860, 8.500000000000003600 ) ;
#1487 = CARTESIAN_POINT ( 'NONE',  ( -3.853454091725645500, 7.576337608824590400, 5.729814788935505600 ) ) ;
#1488 = ORIENTED_EDGE ( 'NONE', *, *, #5528, .F. ) ;
#1489 = CARTESIAN_POINT ( 'NONE',  ( -7.091903755430657000, -0.1553607205271117200, -15.00000000000000000 ) ) ;
#1490 = CIRCLE ( 'NONE', #6050, 0.3926990816987241400 ) ;
#1491 = VECTOR ( 'NONE', #1456, 1000.000000000000000 ) ;
#1492 = CARTESIAN_POINT ( 'NONE',  ( 6.769631445549958200, 4.147265495651475400, -15.00000000000000000 ) ) ;
#1493 = FACE_OUTER_BOUND ( 'NONE', #1516, .T. ) ;
#1494 = ADVANCED_FACE ( 'NONE', ( #67 ), #5604, .F. ) ;
#1495 = ORIENTED_EDGE ( 'NONE', *, *, #58, .F. ) ;
#1496 = CARTESIAN_POINT ( 'NONE',  ( 8.047992144864776900, -1.155956460957125600, -14.80898902440019200 ) ) ;
#1497 = CARTESIAN_POINT ( 'NONE',  ( -4.629954344567805100, -5.374268191762657100, -5.000000000000000900 ) ) ;
#1498 = EDGE_CURVE ( 'NONE', #4786, #6696, #4673, .T. ) ;
#1499 = CIRCLE ( 'NONE', #4381, 0.3926990816987240300 ) ;
#1500 = CONICAL_SURFACE ( 'NONE', #6939, 1.312500000000006400, 0.8552113334772273300 ) ;
#1501 = AXIS2_PLACEMENT_3D ( 'NONE', #5119, #789, #5030 ) ;
#1502 = CARTESIAN_POINT ( 'NONE',  ( 34.06141154335411200, 14.67145877501538100, -5.000000000000000900 ) ) ;
#1503 = ORIENTED_EDGE ( 'NONE', *, *, #3020, .F. ) ;
#1504 = CARTESIAN_POINT ( 'NONE',  ( -7.069614069297188900, 4.719235450535355100, 6.298959336046387100 ) ) ;
#1505 = DIRECTION ( 'NONE',  ( 1.000000000000000000, 0.0000000000000000000, 0.0000000000000000000 ) ) ;
#1506 = CARTESIAN_POINT ( 'NONE',  ( -5.439534267935939300, 6.531574614737341000, -5.000000000000004400 ) ) ;
#1507 = EDGE_CURVE ( 'NONE', #1445, #5686, #4002, .T. ) ;
#1508 = VERTEX_POINT ( 'NONE', #5933 ) ;
#1509 = AXIS2_PLACEMENT_3D ( 'NONE', #649, #1638, #3230 ) ;
#1510 = CARTESIAN_POINT ( 'NONE',  ( -6.492092665173069900, 0.9188820722217756500, -15.00000000000000000 ) ) ;
#1511 = DIRECTION ( 'NONE',  ( 1.000000000000000000, 0.0000000000000000000, 0.0000000000000000000 ) ) ;
#1512 = B_SPLINE_CURVE_WITH_KNOTS ( 'NONE', 3,
 ( #1385, #5086, #5124, #3996, #6711, #2931, #5670, #1908, #6689, #265 ),
 .UNSPECIFIED., .F., .F.,
 ( 4, 2, 2, 2, 4 ),
 ( 0.004157129587569325500, 0.004661968975849363800, 0.004914388669989382100, 0.005040598517059390400, 0.005166808364129397800 ),
 .UNSPECIFIED. ) ;
#1513 = ADVANCED_FACE ( 'NONE', ( #4847 ), #3486, .F. ) ;
#1514 = CARTESIAN_POINT ( 'NONE',  ( 37.08406768750114700, -0.4509796686607173100, -5.000000000000000900 ) ) ;
#1515 = CARTESIAN_POINT ( 'NONE',  ( 8.458868244532380800, -0.8627429519760585500, 2.159426937781104200 ) ) ;
#1516 = EDGE_LOOP ( 'NONE', ( #6003, #4820, #5740, #1302, #4720 ) ) ;
#1517 = DIRECTION ( 'NONE',  ( -0.0000000000000000000, -0.0000000000000000000, 1.000000000000000000 ) ) ;
#1518 = CARTESIAN_POINT ( 'NONE',  ( -5.759433774845650300, 5.464123314235071600, -15.00000000000000000 ) ) ;
#1519 = DIRECTION ( 'NONE',  ( 0.0000000000000000000, -0.0000000000000000000, 1.000000000000000000 ) ) ;
#1520 = DIRECTION ( 'NONE',  ( -0.0000000000000000000, -0.0000000000000000000, -1.000000000000000000 ) ) ;
#1521 = AXIS2_PLACEMENT_3D ( 'NONE', #4980, #6088, #2856 ) ;
#1522 = CARTESIAN_POINT ( 'NONE',  ( -4.309199538352015000, 7.326718183379703000, 6.594685079528088200 ) ) ;
#1523 = DIRECTION ( 'NONE',  ( -0.9781476007338041300, 0.2079116908177664200, 0.0000000000000000000 ) ) ;
#1524 = B_SPLINE_CURVE_WITH_KNOTS ( 'NONE', 3,
 ( #3542, #5177, #6121, #6632, #1434, #1839, #211, #1975, #3576, #3934, #1858, #240, #4524, #5714, #5031, #3962, #770, #5698, #4451, #2489, #6778, #1253, #354, #4086, #1480, #4659, #4103, #379, #1448, #3597 ),
 .UNSPECIFIED., .F., .F.,
 ( 4, 2, 2, 2, 2, 2, 2, 2, 2, 2, 2, 2, 2, 2, 4 ),
 ( 0.006463945449837793300, 0.006867408290837860100, 0.007270871131837926800, 0.008077796813838057600, 0.008481259654838122600, 0.008884722495838185900, 0.009288185336838250900, 0.009691648177838314100, 0.01009511101883837900, 0.01049857385983844400, 0.01130549954183856700, 0.01170896238283862900, 0.01211242522383869400, 0.01251588806483875500, 0.01291935090583881700 ),
 .UNSPECIFIED. ) ;
#1525 = DIRECTION ( 'NONE',  ( 0.8660254037844363800, -0.5000000000000040000, 0.0000000000000000000 ) ) ;
#1526 = VERTEX_POINT ( 'NONE', #5039 ) ;
#1527 = ADVANCED_FACE ( 'NONE', ( #2914 ), #3241, .F. ) ;
#1528 = EDGE_CURVE ( 'NONE', #6574, #5452, #1835, .T. ) ;
#1529 = CARTESIAN_POINT ( 'NONE',  ( 2.691722823870602400, -8.062544774415460600, 6.594685079528093600 ) ) ;
#1530 = CARTESIAN_POINT ( 'NONE',  ( -2.150259338270004600, 8.223791007760491200, -1.410099327980971300 ) ) ;
#1531 = APPROVAL_DATE_TIME ( #5638, #3401 ) ;
#1532 = CARTESIAN_POINT ( 'NONE',  ( -3.000000000000000400, 3.673940397442060400E-016, 15.00000000000000000 ) ) ;
#1533 = CARTESIAN_POINT ( 'NONE',  ( -3.000000000000000400, 3.673940397442060400E-016, 14.55000000000000100 ) ) ;
#1534 = ORIENTED_EDGE ( 'NONE', *, *, #3610, .T. ) ;
#1535 = DIRECTION ( 'NONE',  ( 0.0000000000000000000, 0.0000000000000000000, 1.000000000000000000 ) ) ;
#1536 = DIRECTION ( 'NONE',  ( 0.5000000000000003300, 0.0000000000000000000, 0.8660254037844383700 ) ) ;
#1537 = EDGE_LOOP ( 'NONE', ( #2964, #5497, #972, #4558 ) ) ;
#1538 = CIRCLE ( 'NONE', #4619, 2.000000000000000000 ) ;
#1539 = EDGE_CURVE ( 'NONE', #1222, #4589, #5095, .T. ) ;
#1540 = CARTESIAN_POINT ( 'NONE',  ( 0.0000000000000000000, 0.0000000000000000000, -15.00000000000000000 ) ) ;
#1541 = ORIENTED_EDGE ( 'NONE', *, *, #6334, .F. ) ;
#1542 = DIRECTION ( 'NONE',  ( 1.000000000000000000, 2.307929677645403400E-014, 0.0000000000000000000 ) ) ;
#1543 = ADVANCED_FACE ( 'NONE', ( #586 ), #3155, .F. ) ;
#1544 = FACE_OUTER_BOUND ( 'NONE', #1739, .T. ) ;
#1545 = CARTESIAN_POINT ( 'NONE',  ( 0.5615124314546106100, -8.481432885382787400, -5.000000000000004400 ) ) ;
#1546 = FACE_OUTER_BOUND ( 'NONE', #6330, .T. ) ;
#1547 = CARTESIAN_POINT ( 'NONE',  ( 2.114054499415412500, -6.284664482292091800, -15.00000000000000000 ) ) ;
#1548 = VERTEX_POINT ( 'NONE', #2832 ) ;
#1549 = EDGE_CURVE ( 'NONE', #4736, #2101, #1083, .T. ) ;
#1550 = ORIENTED_EDGE ( 'NONE', *, *, #3648, .F. ) ;
#1551 = CARTESIAN_POINT ( 'NONE',  ( -0.7201538861514789100, -6.196318295184924300, -15.00000000000000000 ) ) ;
#1552 = CARTESIAN_POINT ( 'NONE',  ( 2.114054499415494200, 6.284664482292062500, -5.000000000000000900 ) ) ;
#1553 = AXIS2_PLACEMENT_3D ( 'NONE', #3978, #2916, #5677 ) ;
#1554 = CARTESIAN_POINT ( 'NONE',  ( -6.863288226244011800, -5.014714387719615200, 6.595592633140113600 ) ) ;
#1555 = ORIENTED_EDGE ( 'NONE', *, *, #2228, .T. ) ;
#1556 = VECTOR ( 'NONE', #4578, 1000.000000000000000 ) ;
#1557 = ORIENTED_EDGE ( 'NONE', *, *, #6539, .F. ) ;
#1558 = ORIENTED_EDGE ( 'NONE', *, *, #975, .F. ) ;
#1559 = CARTESIAN_POINT ( 'NONE',  ( 28.00530159306498800, 24.68544841106325200, -5.000000000000000900 ) ) ;
#1560 = CARTESIAN_POINT ( 'NONE',  ( 7.505008876341083400, -3.993214742664211500, 3.944042357355561200 ) ) ;
#1561 = EDGE_CURVE ( 'NONE', #6110, #5363, #3325, .T. ) ;
#1562 = DIRECTION ( 'NONE',  ( -0.0000000000000000000, -0.0000000000000000000, 1.000000000000000000 ) ) ;
#1563 = CARTESIAN_POINT ( 'NONE',  ( -0.8203212372141833700, -8.460323461178978400, 6.594685079528097100 ) ) ;
#1564 = CARTESIAN_POINT ( 'NONE',  ( 1.214147014147807000, 8.412838226660881000, -14.43900000000408400 ) ) ;
#1565 = ORIENTED_EDGE ( 'NONE', *, *, #2481, .F. ) ;
#1566 = LINE ( 'NONE', #3691, #1477 ) ;
#1567 = AXIS2_PLACEMENT_3D ( 'NONE', #2752, #95, #602 ) ;
#1568 = EDGE_LOOP ( 'NONE', ( #4322, #3370, #2338, #477 ) ) ;
#1569 = ORIENTED_EDGE ( 'NONE', *, *, #6481, .T. ) ;
#1570 = ORIENTED_EDGE ( 'NONE', *, *, #1321, .T. ) ;
#1571 = ADVANCED_FACE ( 'NONE', ( #6106 ), #2866, .F. ) ;
#1572 = DIRECTION ( 'NONE',  ( 1.000000000000000000, 0.0000000000000000000, 0.0000000000000000000 ) ) ;
#1573 = CARTESIAN_POINT ( 'NONE',  ( 7.850034086494976500, -3.260059354749725600, 6.517631270528729800 ) ) ;
#1574 = ORIENTED_EDGE ( 'NONE', *, *, #2674, .T. ) ;
#1575 = FACE_OUTER_BOUND ( 'NONE', #6688, .T. ) ;
#1576 = ORIENTED_EDGE ( 'NONE', *, *, #6246, .F. ) ;
#1577 = ORIENTED_EDGE ( 'NONE', *, *, #3362, .F. ) ;
#1578 = EDGE_CURVE ( 'NONE', #856, #6588, #2339, .T. ) ;
#1579 = AXIS2_PLACEMENT_3D ( 'NONE', #642, #605, #6036 ) ;
#1580 = CARTESIAN_POINT ( 'NONE',  ( 5.574878171153849300, 6.416522371405802600, 6.573061889639130400 ) ) ;
#1581 = CIRCLE ( 'NONE', #491, 0.3926990816987240300 ) ;
#1582 = ORIENTED_EDGE ( 'NONE', *, *, #2772, .T. ) ;
#1583 = B_SPLINE_CURVE_WITH_KNOTS ( 'NONE', 3,
 ( #2462, #3010, #6205, #5696, #5668, #6248, #336, #923 ),
 .UNSPECIFIED., .F., .F.,
 ( 4, 2, 2, 4 ),
 ( 1.992342074533467600E-007, 0.002695036964427129800, 0.005389874694646805600, 0.01077955015508615800 ),
 .UNSPECIFIED. ) ;
#1584 = LINE ( 'NONE', #3511, #2412 ) ;
#1585 = EDGE_CURVE ( 'NONE', #6738, #2141, #2760, .T. ) ;
#1586 = CIRCLE ( 'NONE', #4744, 0.3926990816987240300 ) ;
#1587 = ORIENTED_EDGE ( 'NONE', *, *, #6699, .T. ) ;
#1588 = VECTOR ( 'NONE', #3014, 1000.000000000000000 ) ;
#1589 = CARTESIAN_POINT ( 'NONE',  ( 0.0000000000000000000, 0.0000000000000000000, -15.00000000000000000 ) ) ;
#1590 = DIRECTION ( 'NONE',  ( 1.000000000000000000, 0.0000000000000000000, 0.0000000000000000000 ) ) ;
#1591 = CARTESIAN_POINT ( 'NONE',  ( -7.892805129291041100, -3.154936955149449500, -14.43900000000408600 ) ) ;
#1592 = CIRCLE ( 'NONE', #4043, 3.946090011793464700 ) ;
#1593 = CIRCLE ( 'NONE', #1111, 3.946090011793464700 ) ;
#1594 = ADVANCED_FACE ( 'NONE', ( #5439 ), #3833, .T. ) ;
#1595 = CARTESIAN_POINT ( 'NONE',  ( 2.303484799146242600, 8.181966357211399200, 6.298442214439018200 ) ) ;
#1596 = ORIENTED_EDGE ( 'NONE', *, *, #94, .F. ) ;
#1597 = CARTESIAN_POINT ( 'NONE',  ( 6.237650794268061500, 0.0000000000000000000, -5.000000000000000900 ) ) ;
#1598 = VECTOR ( 'NONE', #6825, 1000.000000000000000 ) ;
#1599 = CARTESIAN_POINT ( 'NONE',  ( -7.091903755430654300, 0.1553607205272071200, -15.00000000000000000 ) ) ;
#1600 = DIRECTION ( 'NONE',  ( -0.0000000000000000000, 1.000000000000000000, -0.0000000000000000000 ) ) ;
#1601 = CARTESIAN_POINT ( 'NONE',  ( 0.0000000000000000000, 0.0000000000000000000, -14.55000000000000100 ) ) ;
#1602 = EDGE_LOOP ( 'NONE', ( #1143, #2714, #4894, #4647 ) ) ;
#1603 = EDGE_CURVE ( 'NONE', #3807, #604, #6607, .T. ) ;
#1604 = AXIS2_PLACEMENT_3D ( 'NONE', #4155, #3189, #4182 ) ;
#1605 = PLANE ( 'NONE',  #5179 ) ;
#1606 = CARTESIAN_POINT ( 'NONE',  ( 21.62286780291683300, 30.43221760817597900, -5.000000000000000900 ) ) ;
#1607 = CARTESIAN_POINT ( 'NONE',  ( -1.101274407518172600, 8.428416599158151000, 6.518096141437927900 ) ) ;
#1608 = CARTESIAN_POINT ( 'NONE',  ( 33.90585003400342900, 15.02085564562107200, -5.000000000000000900 ) ) ;
#1609 = ADVANCED_FACE ( 'NONE', ( #661 ), #2002, .F. ) ;
#1610 = DIRECTION ( 'NONE',  ( 0.9510565162951544200, 0.3090169943749449500, 0.0000000000000000000 ) ) ;
#1611 = AXIS2_PLACEMENT_3D ( 'NONE', #2961, #2943, #861 ) ;
#1612 = DIRECTION ( 'NONE',  ( 0.0000000000000000000, 0.0000000000000000000, 1.000000000000000000 ) ) ;
#1613 = CARTESIAN_POINT ( 'NONE',  ( -0.9566049056668989300, -8.445999470427040000, 6.594685079528073100 ) ) ;
#1614 = CARTESIAN_POINT ( 'NONE',  ( -2.312631089370634600, -8.179348228586215800, -14.43900000000000000 ) ) ;
#1615 = CARTESIAN_POINT ( 'NONE',  ( 1.983727081235760600, 6.327010427417842000, -15.00000000000000000 ) ) ;
#1616 = EDGE_CURVE ( 'NONE', #4403, #4221, #3988, .T. ) ;
#1617 = ORIENTED_EDGE ( 'NONE', *, *, #2858, .T. ) ;
#1618 = PLANE ( 'NONE',  #837 ) ;
#1619 = EDGE_CURVE ( 'NONE', #737, #1671, #6717, .T. ) ;
#1620 = CARTESIAN_POINT ( 'NONE',  ( 7.375574631258828600, -36.59602682577065000, -5.000000000000000900 ) ) ;
#1621 = AXIS2_PLACEMENT_3D ( 'NONE', #5772, #5184, #6299 ) ;
#1622 = ORIENTED_EDGE ( 'NONE', *, *, #5315, .F. ) ;
#1623 = ADVANCED_FACE ( 'NONE', ( #1675 ), #3759, .T. ) ;
#1624 = ORIENTED_EDGE ( 'NONE', *, *, #1549, .T. ) ;
#1625 = CARTESIAN_POINT ( 'NONE',  ( -8.390301861445982100, -1.362111481060540400, 6.060784519200202800 ) ) ;
#1626 = DIRECTION ( 'NONE',  ( -1.000000000000000000, 0.0000000000000000000, -3.374246315831958400E-016 ) ) ;
#1627 = B_SPLINE_CURVE_WITH_KNOTS ( 'NONE', 3,
 ( #4167, #3130, #2042, #4638 ),
 .UNSPECIFIED., .F., .F.,
 ( 4, 4 ),
 ( 4.336808689942017700E-019, 0.0001370343569984988700 ),
 .UNSPECIFIED. ) ;
#1628 = CARTESIAN_POINT ( 'NONE',  ( 7.576842368399819200, -3.852484673769049900, 5.894731622874219900 ) ) ;
#1629 = APPROVAL_PERSON_ORGANIZATION ( #105, #4111, #6282 ) ;
#1630 = PRODUCT_DEFINITION ( 'UNKNOWN', '', #2260, #2278 ) ;
#1631 = ORIENTED_EDGE ( 'NONE', *, *, #228, .T. ) ;
#1632 = CARTESIAN_POINT ( 'NONE',  ( 2.422200866263801700, -8.147634236429988500, 6.518191040945661800 ) ) ;
#1633 = CARTESIAN_POINT ( 'NONE',  ( -6.836147648906269600, 5.051443884905912000, 6.594685079528107800 ) ) ;
#1634 = CARTESIAN_POINT ( 'NONE',  ( -0.6619398875823222500, 2.928731392965190100, 12.89183453018935300 ) ) ;
#1635 = CARTESIAN_POINT ( 'NONE',  ( 0.0000000000000000000, 3.000000000000000400, 11.00000000000000000 ) ) ;
#1636 = LINE ( 'NONE', #6947, #2957 ) ;
#1637 = CIRCLE ( 'NONE', #6111, 3.450000000000000200 ) ;
#1638 = DIRECTION ( 'NONE',  ( -0.4067366430757887700, 0.9135454576426059700, 0.0000000000000000000 ) ) ;
#1639 = ORIENTED_EDGE ( 'NONE', *, *, #1603, .F. ) ;
#1640 = ADVANCED_FACE ( 'NONE', ( #1915 ), #5952, .T. ) ;
#1641 = EDGE_CURVE ( 'NONE', #4566, #4589, #6525, .T. ) ;
#1642 = DIRECTION ( 'NONE',  ( 0.5877852522924689200, -0.8090169943749504500, 0.0000000000000000000 ) ) ;
#1643 = ORIENTED_EDGE ( 'NONE', *, *, #2654, .T. ) ;
#1644 = LINE ( 'NONE', #5579, #4643 ) ;
#1645 = ORIENTED_EDGE ( 'NONE', *, *, #3501, .T. ) ;
#1646 = ORIENTED_EDGE ( 'NONE', *, *, #5036, .T. ) ;
#1647 = DIRECTION ( 'NONE',  ( 0.9945218953682730700, -0.1045284632676571100, 0.0000000000000000000 ) ) ;
#1648 = CARTESIAN_POINT ( 'NONE',  ( -2.141421356237309700, 8.171078643762690800, 11.00000000000000000 ) ) ;
#1649 = ORIENTED_EDGE ( 'NONE', *, *, #3248, .T. ) ;
#1650 = EDGE_CURVE ( 'NONE', #722, #4597, #235, .T. ) ;
#1651 = CYLINDRICAL_SURFACE ( 'NONE', #4262, 8.500000000000000000 ) ;
#1652 = CARTESIAN_POINT ( 'NONE',  ( 7.937629273162579000, -3.040401539572076900, 5.729814788946888400 ) ) ;
#1653 = ORIENTED_EDGE ( 'NONE', *, *, #1967, .F. ) ;
#1654 = CARTESIAN_POINT ( 'NONE',  ( 4.530988068736784100, -7.191672067113151100, -15.00000000000000000 ) ) ;
#1655 = ORIENTED_EDGE ( 'NONE', *, *, #652, .F. ) ;
#1656 = AXIS2_PLACEMENT_3D ( 'NONE', #5388, #1702, #619 ) ;
#1657 = ORIENTED_EDGE ( 'NONE', *, *, #4889, .T. ) ;
#1658 = FACE_OUTER_BOUND ( 'NONE', #4644, .T. ) ;
#1659 = DIRECTION ( 'NONE',  ( -0.4067366430758009300, -0.9135454576426004200, 0.0000000000000000000 ) ) ;
#1660 = DIRECTION ( 'NONE',  ( 0.8660254037844363800, -0.5000000000000040000, 0.0000000000000000000 ) ) ;
#1661 = CARTESIAN_POINT ( 'NONE',  ( -1.230918635016138700, 2.738217113979104100, 9.418489212468708500 ) ) ;
#1662 = ORIENTED_EDGE ( 'NONE', *, *, #4713, .F. ) ;
#1663 = ADVANCED_FACE ( 'NONE', ( #2580 ), #4347, .T. ) ;
#1664 = ORIENTED_EDGE ( 'NONE', *, *, #4897, .F. ) ;
#1665 = CARTESIAN_POINT ( 'NONE',  ( 2.397184951621177600, 8.154998123469578500, 6.483989493837492900 ) ) ;
#1666 = DIRECTION ( 'NONE',  ( 1.000000000000000000, -1.758422611539355000E-015, 0.0000000000000000000 ) ) ;
#1667 = CYLINDRICAL_SURFACE ( 'NONE', #1833, 3.946090011793464700 ) ;
#1668 = AXIS2_PLACEMENT_3D ( 'NONE', #2748, #637, #4853 ) ;
#1669 = CIRCLE ( 'NONE', #5369, 0.3926990816987240300 ) ;
#1670 = VECTOR ( 'NONE', #1238, 1000.000000000000000 ) ;
#1671 = VERTEX_POINT ( 'NONE', #3005 ) ;
#1672 = CARTESIAN_POINT ( 'NONE',  ( 0.5615124314578001700, 8.481432885386661600, -4.098268287264463800 ) ) ;
#1673 = CARTESIAN_POINT ( 'NONE',  ( -0.5773502691896270600, 6.499999999999993800, 11.99999999999999600 ) ) ;
#1674 = FACE_OUTER_BOUND ( 'NONE', #208, .T. ) ;
#1675 = FACE_OUTER_BOUND ( 'NONE', #1383, .T. ) ;
#1676 = LINE ( 'NONE', #5074, #2085 ) ;
#1677 = CARTESIAN_POINT ( 'NONE',  ( -2.000000000000000000, 8.029657287525385100, 11.00000000000000000 ) ) ;
#1678 = ORIENTED_EDGE ( 'NONE', *, *, #1774, .T. ) ;
#1679 = AXIS2_PLACEMENT_3D ( 'NONE', #81, #3817, #2240 ) ;
#1680 = DIRECTION ( 'NONE',  ( 1.000000000000000000, 1.758422611539355000E-015, 0.0000000000000000000 ) ) ;
#1681 = CARTESIAN_POINT ( 'NONE',  ( -7.892805129291041100, -3.154936955149449500, -14.43900000000408600 ) ) ;
#1682 = EDGE_CURVE ( 'NONE', #558, #2141, #4587, .T. ) ;
#1683 = CARTESIAN_POINT ( 'NONE',  ( -30.00164097973939500, -21.79746808172885200, -5.000000000000000900 ) ) ;
#1684 = FACE_OUTER_BOUND ( 'NONE', #2944, .T. ) ;
#1685 = CIRCLE ( 'NONE', #1820, 0.3926990816987240300 ) ;
#1686 = DIRECTION ( 'NONE',  ( 1.000000000000000000, 0.0000000000000000000, 0.0000000000000000000 ) ) ;
#1687 = ORIENTED_EDGE ( 'NONE', *, *, #4041, .F. ) ;
#1688 = CARTESIAN_POINT ( 'NONE',  ( -2.057767153176120800, -8.247866512129562000, -0.5144932263081541900 ) ) ;
#1689 = CARTESIAN_POINT ( 'NONE',  ( 0.0000000000000000000, 8.499999999999987600, 11.00000000000000000 ) ) ;
#1690 = CARTESIAN_POINT ( 'NONE',  ( 1.607348923880908400E-016, 3.000000000000000900, 12.31250000000000500 ) ) ;
#1691 = CARTESIAN_POINT ( 'NONE',  ( 0.0000000000000000000, 8.499999999999992900, 11.00000000000000000 ) ) ;
#1692 = ORIENTED_EDGE ( 'NONE', *, *, #6933, .T. ) ;
#1693 = DIRECTION ( 'NONE',  ( 1.000000000000000000, 0.0000000000000000000, 0.0000000000000000000 ) ) ;
#1694 = DIRECTION ( 'NONE',  ( 1.000000000000000000, 0.0000000000000000000, 0.0000000000000000000 ) ) ;
#1695 = CARTESIAN_POINT ( 'NONE',  ( 5.670509102288537700, -2.599674701928170100, -15.00000000000000000 ) ) ;
#1696 = EDGE_CURVE ( 'NONE', #1396, #6605, #6692, .T. ) ;
#1697 = AXIS2_PLACEMENT_3D ( 'NONE', #191, #5157, #3508 ) ;
#1698 = CARTESIAN_POINT ( 'NONE',  ( -2.339275608533188900, 6.696792176639188900, -5.000000000000000900 ) ) ;
#1699 = CARTESIAN_POINT ( 'NONE',  ( -3.944482441314631800, -36.87375528916300700, -5.000000000000000900 ) ) ;
#1700 = DIRECTION ( 'NONE',  ( -0.0000000000000000000, -0.0000000000000000000, 1.000000000000000000 ) ) ;
#1701 = EDGE_CURVE ( 'NONE', #2474, #5927, #407, .T. ) ;
#1702 = DIRECTION ( 'NONE',  ( -0.9510565162951503100, 0.3090169943749573900, 0.0000000000000000000 ) ) ;
#1703 = AXIS2_PLACEMENT_3D ( 'NONE', #3866, #6467, #2777 ) ;
#1704 = CARTESIAN_POINT ( 'NONE',  ( 5.646151920303507800, 4.294205901284563300, -15.00000000000000000 ) ) ;
#1705 = CARTESIAN_POINT ( 'NONE',  ( -0.5327362374410504800, 2.955279181703919900, 12.93237763904337500 ) ) ;
#1706 = DIRECTION ( 'NONE',  ( -0.3090169943749574400, -0.9510565162951503100, 0.0000000000000000000 ) ) ;
#1707 = ORIENTED_EDGE ( 'NONE', *, *, #508, .T. ) ;
#1708 = CARTESIAN_POINT ( 'NONE',  ( -5.557078755425727000, -3.480012520356873500, -15.00000000000000000 ) ) ;
#1709 = EDGE_CURVE ( 'NONE', #1202, #1390, #4507, .T. ) ;
#1710 = LOCAL_TIME ( 11, 30, 0.0000000000000000000, #4465 ) ;
#1711 = CARTESIAN_POINT ( 'NONE',  ( 6.630349875966786000, 0.06851717849924807100, -15.00000000000000000 ) ) ;
#1712 = CARTESIAN_POINT ( 'NONE',  ( -6.115588681060470000, -1.229860609608885500, -15.00000000000000000 ) ) ;
#1713 = ORIENTED_EDGE ( 'NONE', *, *, #4240, .F. ) ;
#1714 = DIRECTION ( 'NONE',  ( 1.000000000000000000, 0.0000000000000000000, 0.0000000000000000000 ) ) ;
#1715 = AXIS2_PLACEMENT_3D ( 'NONE', #6734, #3557, #1893 ) ;
#1716 = CARTESIAN_POINT ( 'NONE',  ( 0.0000000000000000000, 3.000000000000000400, 11.00000000000000000 ) ) ;
#1717 = ORIENTED_EDGE ( 'NONE', *, *, #1860, .F. ) ;
#1718 = FACE_OUTER_BOUND ( 'NONE', #5155, .T. ) ;
#1719 = ORIENTED_EDGE ( 'NONE', *, *, #248, .F. ) ;
#1720 = DIRECTION ( 'NONE',  ( -0.0000000000000000000, -0.0000000000000000000, 1.000000000000000000 ) ) ;
#1721 = CARTESIAN_POINT ( 'NONE',  ( -5.006092110488671300, 3.721830707633753600, -15.00000000000000000 ) ) ;
#1722 = VECTOR ( 'NONE', #1859, 1000.000000000000000 ) ;
#1723 = FACE_OUTER_BOUND ( 'NONE', #6611, .T. ) ;
#1724 = VERTEX_POINT ( 'NONE', #6285 ) ;
#1725 = ORIENTED_EDGE ( 'NONE', *, *, #6387, .F. ) ;
#1726 = DIRECTION ( 'NONE',  ( 0.8090169943749425700, -0.5877852522924798000, 0.0000000000000000000 ) ) ;
#1727 = CARTESIAN_POINT ( 'NONE',  ( -7.625892554966473100, -3.754432412510166900, -4.098268287262984100 ) ) ;
#1728 = ORIENTED_EDGE ( 'NONE', *, *, #6627, .T. ) ;
#1729 = DIRECTION ( 'NONE',  ( 1.000000000000000000, 0.0000000000000000000, 0.0000000000000000000 ) ) ;
#1730 = CIRCLE ( 'NONE', #5526, 7.939000000000005400 ) ;
#1731 = VERTEX_POINT ( 'NONE', #6819 ) ;
#1732 = EDGE_CURVE ( 'NONE', #6571, #6275, #998, .T. ) ;
#1733 = ORIENTED_EDGE ( 'NONE', *, *, #5289, .T. ) ;
#1734 = AXIS2_PLACEMENT_3D ( 'NONE', #404, #6865, #14 ) ;
#1735 = CARTESIAN_POINT ( 'NONE',  ( -27.47757008065670100, 25.27155363321363900, -5.000000000000000900 ) ) ;
#1736 = CARTESIAN_POINT ( 'NONE',  ( 6.029257564594866300, 2.759399808157179600, -5.000000000000000900 ) ) ;
#1737 = DIRECTION ( 'NONE',  ( -0.0000000000000000000, -0.0000000000000000000, -1.000000000000000000 ) ) ;
#1738 = CARTESIAN_POINT ( 'NONE',  ( 5.845237872478104900, 6.171240694751780600, 6.517827907533493300 ) ) ;
#1739 = EDGE_LOOP ( 'NONE', ( #1220, #2694, #2054, #5255 ) ) ;
#1740 = LINE ( 'NONE', #657, #6012 ) ;
#1741 = EDGE_LOOP ( 'NONE', ( #1639, #6139, #4562, #2189 ) ) ;
#1742 = EDGE_LOOP ( 'NONE', ( #2086, #3068, #372, #1587 ) ) ;
#1743 = EDGE_CURVE ( 'NONE', #364, #4060, #492, .T. ) ;
#1744 = EDGE_CURVE ( 'NONE', #4350, #287, #5765, .T. ) ;
#1745 = CARTESIAN_POINT ( 'NONE',  ( -8.500000000000003600, 1.040949779275250500E-015, -14.43900000000000000 ) ) ;
#1746 = VERTEX_POINT ( 'NONE', #431 ) ;
#1747 = CIRCLE ( 'NONE', #4697, 30.54279649802281700 ) ;
#1748 = DIRECTION ( 'NONE',  ( 0.4067366430758011500, 0.9135454576426006400, 0.0000000000000000000 ) ) ;
#1749 = AXIS2_PLACEMENT_3D ( 'NONE', #2818, #1201, #669 ) ;
#1750 = ORIENTED_EDGE ( 'NONE', *, *, #2621, .T. ) ;
#1751 = DIRECTION ( 'NONE',  ( -0.0000000000000000000, -0.0000000000000000000, -1.000000000000000000 ) ) ;
#1752 = ORIENTED_EDGE ( 'NONE', *, *, #1181, .T. ) ;
#1753 = CIRCLE ( 'NONE', #4829, 0.3926990816987240300 ) ;
#1754 = CARTESIAN_POINT ( 'NONE',  ( -2.936742409108088900, -7.976562168157199700, -5.000000000000004400 ) ) ;
#1755 = DIRECTION ( 'NONE',  ( -0.6691306063588671200, -0.7431448254773862500, 0.0000000000000000000 ) ) ;
#1756 = VERTEX_POINT ( 'NONE', #4168 ) ;
#1757 = LINE ( 'NONE', #1136, #4665 ) ;
#1758 = CIRCLE ( 'NONE', #88, 30.54279649802282400 ) ;
#1759 = CARTESIAN_POINT ( 'NONE',  ( 0.3932686312858497100, -8.491154245953213200, -1.408159251555162200 ) ) ;
#1760 = ORIENTED_EDGE ( 'NONE', *, *, #5545, .T. ) ;
#1761 = CARTESIAN_POINT ( 'NONE',  ( 4.532886174746257000, -7.069293181989133100, -5.000000000000000900 ) ) ;
#1762 = VECTOR ( 'NONE', #480, 999.9999999999998900 ) ;
#1763 = LINE ( 'NONE', #6136, #3906 ) ;
#1764 = CARTESIAN_POINT ( 'NONE',  ( 0.0000000000000000000, 3.000000000000000900, 11.00000000000000000 ) ) ;
#1765 = DIRECTION ( 'NONE',  ( 1.000000000000000000, 0.0000000000000000000, 0.0000000000000000000 ) ) ;
#1766 = ORIENTED_EDGE ( 'NONE', *, *, #3513, .F. ) ;
#1767 = DIRECTION ( 'NONE',  ( 0.0000000000000000000, 0.0000000000000000000, 1.000000000000000000 ) ) ;
#1768 = CIRCLE ( 'NONE', #5454, 8.500000000000003600 ) ;
#1769 = EDGE_LOOP ( 'NONE', ( #570, #2575, #2238, #3051, #5400, #3933 ) ) ;
#1770 = DIRECTION ( 'NONE',  ( 0.9945218953682730700, -0.1045284632676571100, 0.0000000000000000000 ) ) ;
#1771 = DIRECTION ( 'NONE',  ( 0.0000000000000000000, 0.0000000000000000000, 1.000000000000000000 ) ) ;
#1772 = CARTESIAN_POINT ( 'NONE',  ( 6.678658115148222900, -5.257901271511743200, -4.098089114853275200 ) ) ;
#1773 = CARTESIAN_POINT ( 'NONE',  ( 4.497521211351208400, -6.542172724213725300, -15.00000000000000000 ) ) ;
#1774 = EDGE_CURVE ( 'NONE', #5995, #5486, #2083, .T. ) ;
#1775 = DIRECTION ( 'NONE',  ( -0.3090169943749449500, 0.9510565162951543100, -2.271859390595230800E-016 ) ) ;
#1776 = EDGE_CURVE ( 'NONE', #1473, #6227, #2979, .T. ) ;
#1777 = ORIENTED_EDGE ( 'NONE', *, *, #5209, .T. ) ;
#1778 = DIRECTION ( 'NONE',  ( -0.0000000000000000000, -0.0000000000000000000, 1.000000000000000000 ) ) ;
#1779 = CARTESIAN_POINT ( 'NONE',  ( -6.471215300770746900, 1.445547167183711500, -15.00000000000000000 ) ) ;
#1780 = CARTESIAN_POINT ( 'NONE',  ( -0.5988640349105816000, 8.480177827580003900, 8.618904815087367100 ) ) ;
#1781 = EDGE_CURVE ( 'NONE', #5257, #4174, #3574, .T. ) ;
#1782 = AXIS2_PLACEMENT_3D ( 'NONE', #5253, #973, #1511 ) ;
#1783 = ORIENTED_EDGE ( 'NONE', *, *, #3650, .F. ) ;
#1784 = CARTESIAN_POINT ( 'NONE',  ( -8.147022399135416000, -36.43205054072277700, -5.000000000000000900 ) ) ;
#1785 = CARTESIAN_POINT ( 'NONE',  ( -4.379880245329450100, 7.284755203684201600, 6.572897582754521300 ) ) ;
#1786 = EDGE_CURVE ( 'NONE', #5363, #3821, #291, .T. ) ;
#1787 = CARTESIAN_POINT ( 'NONE',  ( -6.510540933369067100, -5.466615451092928300, 3.939544791157791900 ) ) ;
#1788 = VERTEX_POINT ( 'NONE', #2043 ) ;
#1789 = AXIS2_PLACEMENT_3D ( 'NONE', #6831, #4649, #6271 ) ;
#1790 = CARTESIAN_POINT ( 'NONE',  ( 3.727627875923228600, 7.639796991886562700, -0.5144932262988453100 ) ) ;
#1791 = DIRECTION ( 'NONE',  ( 0.8090169943749504500, 0.5877852522924689200, -3.407789085892846600E-016 ) ) ;
#1792 = VERTEX_POINT ( 'NONE', #1985 ) ;
#1793 = CARTESIAN_POINT ( 'NONE',  ( 1.685301131018254600, 8.331842012267952000, 12.57562673996133300 ) ) ;
#1794 = CIRCLE ( 'NONE', #462, 30.84641689323313300 ) ;
#1795 = LINE ( 'NONE', #799, #787 ) ;
#1796 = DIRECTION ( 'NONE',  ( 1.000000000000000000, 0.0000000000000000000, 0.0000000000000000000 ) ) ;
#1797 = AXIS2_PLACEMENT_3D ( 'NONE', #2326, #1270, #1289 ) ;
#1798 = DIRECTION ( 'NONE',  ( -0.3090169943749449500, 0.9510565162951544200, -2.249497543887972100E-016 ) ) ;
#1799 = EDGE_LOOP ( 'NONE', ( #6667, #485, #5868, #40 ) ) ;
#1800 = EDGE_CURVE ( 'NONE', #1972, #4736, #739, .T. ) ;
#1801 = VERTEX_POINT ( 'NONE', #5223 ) ;
#1802 = VECTOR ( 'NONE', #3011, 1000.000000000000000 ) ;
#1803 = DIRECTION ( 'NONE',  ( 0.0000000000000000000, 0.0000000000000000000, 1.000000000000000000 ) ) ;
#1804 = CARTESIAN_POINT ( 'NONE',  ( 37.08406768750114700, 0.06851717849924797400, -5.000000000000000900 ) ) ;
#1805 = ORIENTED_EDGE ( 'NONE', *, *, #4713, .T. ) ;
#1806 = CARTESIAN_POINT ( 'NONE',  ( -4.623343917289553900, 7.132662229853203000, 5.895204846049348500 ) ) ;
#1807 = EDGE_LOOP ( 'NONE', ( #37, #2059, #4543, #5414 ) ) ;
#1808 = ORIENTED_EDGE ( 'NONE', *, *, #228, .F. ) ;
#1809 = CIRCLE ( 'NONE', #33, 0.3926990816987240300 ) ;
#1810 = CARTESIAN_POINT ( 'NONE',  ( -36.25944631154749900, -7.777231129066461100, -5.000000000000000900 ) ) ;
#1811 = ORIENTED_EDGE ( 'NONE', *, *, #2654, .F. ) ;
#1812 = ORIENTED_EDGE ( 'NONE', *, *, #4195, .F. ) ;
#1813 = DIRECTION ( 'NONE',  ( -1.000000000000000000, 0.0000000000000000000, 0.0000000000000000000 ) ) ;
#1814 = CARTESIAN_POINT ( 'NONE',  ( -4.433995078889667600, -7.251945391008522500, 6.518429731707900700 ) ) ;
#1815 = EDGE_LOOP ( 'NONE', ( #5499, #4654, #1646, #218 ) ) ;
#1816 = EDGE_CURVE ( 'NONE', #1508, #6588, #5543, .T. ) ;
#1817 = CONICAL_SURFACE ( 'NONE', #6805, 8.500000000000003600, 0.7853981633974482800 ) ;
#1818 = ORIENTED_EDGE ( 'NONE', *, *, #5894, .T. ) ;
#1819 = ORIENTED_EDGE ( 'NONE', *, *, #3052, .T. ) ;
#1820 = AXIS2_PLACEMENT_3D ( 'NONE', #6154, #5640, #232 ) ;
#1821 = CARTESIAN_POINT ( 'NONE',  ( -5.831508238198250800, -5.665679465908567600, -14.80898907091277500 ) ) ;
#1822 = DIRECTION ( 'NONE',  ( -0.0000000000000000000, -0.0000000000000000000, 1.000000000000000000 ) ) ;
#1823 = B_SPLINE_CURVE_WITH_KNOTS ( 'NONE', 3,
 ( #6244, #2577, #5212, #3082 ),
 .UNSPECIFIED., .F., .F.,
 ( 4, 4 ),
 ( 2.997673196510864900E-007, 0.0008591888329000488300 ),
 .UNSPECIFIED. ) ;
#1824 = CARTESIAN_POINT ( 'NONE',  ( 0.7524450771156296900, 8.467715699948023200, 8.676081873412677200 ) ) ;
#1825 = CIRCLE ( 'NONE', #5550, 8.500000000000003600 ) ;
#1826 = CIRCLE ( 'NONE', #2277, 3.946090011793464700 ) ;
#1827 = CONICAL_SURFACE ( 'NONE', #703, 8.500000000000003600, 0.7853981633974482800 ) ;
#1828 = EDGE_CURVE ( 'NONE', #647, #6834, #5719, .T. ) ;
#1829 = ORIENTED_EDGE ( 'NONE', *, *, #5453, .T. ) ;
#1830 = CARTESIAN_POINT ( 'NONE',  ( -5.323792341258372800, 3.952653436445063000, -15.00000000000000000 ) ) ;
#1831 = CARTESIAN_POINT ( 'NONE',  ( -8.493664740175324500, 0.3281147382137466500, -14.43900000000408400 ) ) ;
#1832 = VECTOR ( 'NONE', #2666, 1000.000000000000000 ) ;
#1833 = AXIS2_PLACEMENT_3D ( 'NONE', #4594, #5057, #866 ) ;
#1834 = ADVANCED_FACE ( 'NONE', ( #6029 ), #5262, .T. ) ;
#1835 = LINE ( 'NONE', #5542, #4754 ) ;
#1836 = CARTESIAN_POINT ( 'NONE',  ( -8.299738960864905500, -1.834211869305508300, 6.594685079528098900 ) ) ;
#1837 = LINE ( 'NONE', #2989, #408 ) ;
#1838 = EDGE_LOOP ( 'NONE', ( #6690, #2502, #3007, #639, #2735 ) ) ;
#1839 = CARTESIAN_POINT ( 'NONE',  ( 1.026867128382462600, 2.830067735300035200, 9.263423959565662000 ) ) ;
#1840 = CARTESIAN_POINT ( 'NONE',  ( -8.208780163044407300, -2.205884909692379800, 5.729814788946930200 ) ) ;
#1841 = EDGE_CURVE ( 'NONE', #5634, #4299, #5011, .T. ) ;
#1842 = FACE_OUTER_BOUND ( 'NONE', #3476, .T. ) ;
#1843 = DIRECTION ( 'NONE',  ( -0.7431448254773954700, -0.6691306063588569100, 0.0000000000000000000 ) ) ;
#1844 = CIRCLE ( 'NONE', #2532, 3.946090011793464300 ) ;
#1845 = DIRECTION ( 'NONE',  ( -0.0000000000000000000, 0.0000000000000000000, -1.000000000000000000 ) ) ;
#1846 = CARTESIAN_POINT ( 'NONE',  ( -4.538762279504318500, -7.186811946868944600, 6.299496060069306400 ) ) ;
#1847 = ORIENTED_EDGE ( 'NONE', *, *, #73, .F. ) ;
#1848 = AXIS2_PLACEMENT_3D ( 'NONE', #788, #6644, #1876 ) ;
#1849 = DIRECTION ( 'NONE',  ( 0.0000000000000000000, 0.0000000000000000000, 1.000000000000000000 ) ) ;
#1850 = CARTESIAN_POINT ( 'NONE',  ( -2.172136009210725600, 8.217815773320589700, 11.30482960969435900 ) ) ;
#1851 = DIRECTION ( 'NONE',  ( 1.000000000000000000, 0.0000000000000000000, 0.0000000000000000000 ) ) ;
#1852 = CARTESIAN_POINT ( 'NONE',  ( 6.237650794268061500, -0.06851717849924807100, -5.000000000000004400 ) ) ;
#1853 = ORIENTED_EDGE ( 'NONE', *, *, #1696, .F. ) ;
#1854 = EDGE_CURVE ( 'NONE', #6005, #4996, #840, .T. ) ;
#1855 = CARTESIAN_POINT ( 'NONE',  ( 4.712107964534140200, 4.559347537358660500, -5.000000000000002700 ) ) ;
#1856 = DIRECTION ( 'NONE',  ( 0.4067366430758010400, 0.9135454576426004200, 0.0000000000000000000 ) ) ;
#1857 = CARTESIAN_POINT ( 'NONE',  ( -6.748782882780376200, 5.167681890388918100, 6.518438471829112400 ) ) ;
#1858 = CARTESIAN_POINT ( 'NONE',  ( 1.792443416822953700, 2.406490419414487800, 10.10343402206326000 ) ) ;
#1859 = DIRECTION ( 'NONE',  ( 0.0000000000000000000, 0.0000000000000000000, -1.000000000000000000 ) ) ;
#1860 = EDGE_CURVE ( 'NONE', #1972, #3888, #1485, .T. ) ;
#1861 = CARTESIAN_POINT ( 'NONE',  ( -2.880075745088720700, -5.890396857461829500, -5.000000000000000900 ) ) ;
#1862 = AXIS2_PLACEMENT_3D ( 'NONE', #957, #424, #6881 ) ;
#1863 = CARTESIAN_POINT ( 'NONE',  ( 3.416927169439190500, 7.166053985196340300, -15.00000000000000000 ) ) ;
#1864 = VERTEX_POINT ( 'NONE', #4215 ) ;
#1865 = CARTESIAN_POINT ( 'NONE',  ( 0.0000000000000000000, 8.500000000000000000, 11.00000000000000000 ) ) ;
#1866 = ADVANCED_FACE ( 'NONE', ( #6267 ), #2661, .F. ) ;
#1867 = CARTESIAN_POINT ( 'NONE',  ( -8.492435596021280700, 0.3645521805665253300, -3.199672542665680500 ) ) ;
#1868 = CARTESIAN_POINT ( 'NONE',  ( 4.530988068736599300, -7.191672067118092000, -4.098268287264487800 ) ) ;
#1869 = B_SPLINE_CURVE_WITH_KNOTS ( 'NONE', 3,
 ( #8, #2202, #610, #4354, #4880, #4937, #2253, #4905 ),
 .UNSPECIFIED., .F., .F.,
 ( 4, 2, 2, 4 ),
 ( 0.007990644704205504500, 0.01338234404571111800, 0.01607819371646392400, 0.01877404338721673200 ),
 .UNSPECIFIED. ) ;
#1870 = ORIENTED_EDGE ( 'NONE', *, *, #5505, .F. ) ;
#1871 = CARTESIAN_POINT ( 'NONE',  ( -6.087097636196770800, 1.363900437125146000, -5.000000000000004400 ) ) ;
#1872 = CARTESIAN_POINT ( 'NONE',  ( -0.1476367166284656400, 8.500100454796516700, 8.529211184665678400 ) ) ;
#1873 = EDGE_CURVE ( 'NONE', #2565, #5425, #1365, .T. ) ;
#1874 = PERSON_AND_ORGANIZATION ( #2117, #6484 ) ;
#1875 = ORIENTED_EDGE ( 'NONE', *, *, #3751, .T. ) ;
#1876 = DIRECTION ( 'NONE',  ( 0.5000000000000010000, 0.0000000000000000000, -0.8660254037844380400 ) ) ;
#1877 = CARTESIAN_POINT ( 'NONE',  ( 7.937629273162619000, 3.040401539571967700, 5.729814788946908900 ) ) ;
#1878 = PLANE ( 'NONE',  #6217 ) ;
#1879 = ORIENTED_EDGE ( 'NONE', *, *, #2218, .F. ) ;
#1880 = CYLINDRICAL_SURFACE ( 'NONE', #3526, 0.3926990816987240300 ) ;
#1881 = ORIENTED_EDGE ( 'NONE', *, *, #3501, .F. ) ;
#1882 = AXIS2_PLACEMENT_3D ( 'NONE', #1174, #4356, #630 ) ;
#1883 = DIRECTION ( 'NONE',  ( 0.0000000000000000000, 1.000000000000000000, 0.0000000000000000000 ) ) ;
#1884 = DIRECTION ( 'NONE',  ( -0.0000000000000000000, -0.0000000000000000000, -1.000000000000000000 ) ) ;
#1885 = LINE ( 'NONE', #148, #3296 ) ;
#1886 = DIRECTION ( 'NONE',  ( -0.0000000000000000000, 1.000000000000000000, -0.0000000000000000000 ) ) ;
#1887 = FACE_OUTER_BOUND ( 'NONE', #693, .T. ) ;
#1888 = ORIENTED_EDGE ( 'NONE', *, *, #3650, .T. ) ;
#1889 = VERTEX_POINT ( 'NONE', #3701 ) ;
#1890 = CARTESIAN_POINT ( 'NONE',  ( 1.214147014147807000, 8.412838226660881000, -15.00000000000000000 ) ) ;
#1891 = CARTESIAN_POINT ( 'NONE',  ( -6.078516219072022300, 1.445547167183711500, -15.00000000000000000 ) ) ;
#1892 = CC_DESIGN_APPROVAL ( #2955, ( #1630 ) ) ;
#1893 = DIRECTION ( 'NONE',  ( 1.000000000000000000, 0.0000000000000000000, 0.0000000000000000000 ) ) ;
#1894 = ORIENTED_EDGE ( 'NONE', *, *, #4121, .T. ) ;
#1895 = CIRCLE ( 'NONE', #2335, 0.3926990816987241400 ) ;
#1896 = ORIENTED_EDGE ( 'NONE', *, *, #4239, .T. ) ;
#1897 = ORIENTED_EDGE ( 'NONE', *, *, #1561, .T. ) ;
#1898 = VERTEX_POINT ( 'NONE', #1633 ) ;
#1899 = CIRCLE ( 'NONE', #4608, 0.3926990816987240300 ) ;
#1900 = ADVANCED_FACE ( 'NONE', ( #3898 ), #4255, .T. ) ;
#1901 = VERTEX_POINT ( 'NONE', #5923 ) ;
#1902 = ORIENTED_EDGE ( 'NONE', *, *, #3899, .F. ) ;
#1903 = EDGE_CURVE ( 'NONE', #130, #6076, #6843, .T. ) ;
#1904 = CARTESIAN_POINT ( 'NONE',  ( -7.892805129291041100, -3.154936955149449500, -5.000000000000004400 ) ) ;
#1905 = ORIENTED_EDGE ( 'NONE', *, *, #1641, .T. ) ;
#1906 = CIRCLE ( 'NONE', #4878, 3.000000000000000400 ) ;
#1907 = ORIENTED_EDGE ( 'NONE', *, *, #3695, .T. ) ;
#1908 = CARTESIAN_POINT ( 'NONE',  ( -6.963820494733408100, -4.874035261725365900, 6.573318697997817300 ) ) ;
#1909 = ORIENTED_EDGE ( 'NONE', *, *, #6963, .F. ) ;
#1910 = DIRECTION ( 'NONE',  ( -0.9945218953682744000, -0.1045284632676436500, 0.0000000000000000000 ) ) ;
#1911 = EDGE_CURVE ( 'NONE', #981, #4113, #2447, .T. ) ;
#1912 = DIRECTION ( 'NONE',  ( -0.0000000000000000000, 1.000000000000000000, -0.0000000000000000000 ) ) ;
#1913 = LINE ( 'NONE', #2373, #3062 ) ;
#1914 = VERTEX_POINT ( 'NONE', #2690 ) ;
#1915 = FACE_OUTER_BOUND ( 'NONE', #1127, .T. ) ;
#1916 = CIRCLE ( 'NONE', #590, 0.3926990816987240300 ) ;
#1917 = AXIS2_PLACEMENT_3D ( 'NONE', #4780, #1068, #1590 ) ;
#1918 = CARTESIAN_POINT ( 'NONE',  ( 7.381301717430403600, 4.216508969856659100, 2.160631590080933900 ) ) ;
#1919 = CARTESIAN_POINT ( 'NONE',  ( 0.0000000000000000000, 3.562500000000000400, 11.00000000000000000 ) ) ;
#1920 = DIRECTION ( 'NONE',  ( 1.000000000000000000, 0.0000000000000000000, 0.0000000000000000000 ) ) ;
#1921 = ORIENTED_EDGE ( 'NONE', *, *, #1956, .T. ) ;
#1922 = DIRECTION ( 'NONE',  ( 0.0000000000000000000, -0.0000000000000000000, -1.000000000000000000 ) ) ;
#1923 = TOROIDAL_SURFACE ( 'NONE', #4962, 31.43791576719764800, 3.946090011793464700 ) ;
#1924 = EDGE_CURVE ( 'NONE', #2808, #140, #3509, .T. ) ;
#1925 = FACE_OUTER_BOUND ( 'NONE', #5341, .T. ) ;
#1926 = EDGE_LOOP ( 'NONE', ( #2999, #6362, #5753 ) ) ;
#1927 = CARTESIAN_POINT ( 'NONE',  ( 0.8958154394417944300, 7.036813947251402200, -15.00000000000000000 ) ) ;
#1928 = DIRECTION ( 'NONE',  ( -0.0000000000000000000, 0.0000000000000000000, 1.000000000000000000 ) ) ;
#1929 = AXIS2_PLACEMENT_3D ( 'NONE', #4961, #5574, #2899 ) ;
#1930 = CIRCLE ( 'NONE', #6389, 8.500000000000003600 ) ;
#1931 = ORIENTED_EDGE ( 'NONE', *, *, #6002, .T. ) ;
#1932 = CARTESIAN_POINT ( 'NONE',  ( 4.041821550212632500, -5.162876135651647900, -15.00000000000000000 ) ) ;
#1933 = CARTESIAN_POINT ( 'NONE',  ( 6.237650794268061500, -0.06851717849924818200, -15.00000000000000000 ) ) ;
#1934 = CARTESIAN_POINT ( 'NONE',  ( 1.606814403260188100, -6.696792176639157800, -5.000000000000000900 ) ) ;
#1935 = VERTEX_POINT ( 'NONE', #5423 ) ;
#1936 = AXIS2_PLACEMENT_3D ( 'NONE', #4764, #2106, #5800 ) ;
#1937 = APPROVAL_STATUS ( 'not_yet_approved' ) ;
#1938 = EDGE_CURVE ( 'NONE', #5930, #4759, #6769, .T. ) ;
#1939 = CARTESIAN_POINT ( 'NONE',  ( -8.453380303784349800, 0.9149564318782545900, 2.160490422265857200 ) ) ;
#1940 = CARTESIAN_POINT ( 'NONE',  ( 8.376276677047609800, 1.444987553423327200, -14.43900000000000000 ) ) ;
#1941 = CARTESIAN_POINT ( 'NONE',  ( 0.0000000000000000000, 0.0000000000000000000, 14.55000000000000100 ) ) ;
#1942 = CARTESIAN_POINT ( 'NONE',  ( -6.471215300770765600, -1.445547167183624000, -15.00000000000000000 ) ) ;
#1943 = CARTESIAN_POINT ( 'NONE',  ( 1.606814403260188100, -6.696792176639157800, -15.00000000000000000 ) ) ;
#1944 = ORIENTED_EDGE ( 'NONE', *, *, #6562, .T. ) ;
#1945 = EDGE_CURVE ( 'NONE', #3473, #4418, #4498, .T. ) ;
#1946 = CARTESIAN_POINT ( 'NONE',  ( -5.323792341258372800, 3.952653436445063000, -5.000000000000000900 ) ) ;
#1947 = DIRECTION ( 'NONE',  ( 0.0000000000000000000, -0.0000000000000000000, -1.000000000000000000 ) ) ;
#1948 = AXIS2_PLACEMENT_3D ( 'NONE', #6374, #6932, #1523 ) ;
#1949 = VERTEX_POINT ( 'NONE', #1162 ) ;
#1950 = ADVANCED_FACE ( 'NONE', ( #5249 ), #4151, .T. ) ;
#1951 = DIRECTION ( 'NONE',  ( 0.0000000000000000000, -0.0000000000000000000, 1.000000000000000000 ) ) ;
#1952 = APPROVAL_STATUS ( 'not_yet_approved' ) ;
#1953 = EDGE_LOOP ( 'NONE', ( #2480, #3551, #5553, #5840 ) ) ;
#1954 = B_SPLINE_CURVE_WITH_KNOTS ( 'NONE', 3,
 ( #5334, #5884, #3669, #6858, #1031, #2088, #5831, #6336 ),
 .UNSPECIFIED., .F., .F.,
 ( 4, 2, 2, 4 ),
 ( 0.007990637115215578500, 0.01338233678678559700, 0.01607818662257060700, 0.01877403645835561500 ),
 .UNSPECIFIED. ) ;
#1955 = EDGE_CURVE ( 'NONE', #1935, #3627, #1757, .T. ) ;
#1956 = EDGE_CURVE ( 'NONE', #978, #1731, #6434, .T. ) ;
#1957 = CALENDAR_DATE ( 2023, 4, 8 ) ;
#1958 = CARTESIAN_POINT ( 'NONE',  ( 33.85011313965159700, -15.14604275999847300, -5.000000000000000900 ) ) ;
#1959 = CARTESIAN_POINT ( 'NONE',  ( 4.532258254890297900, 7.150734793171873000, -14.47295908838064800 ) ) ;
#1960 = ORIENTED_EDGE ( 'NONE', *, *, #784, .F. ) ;
#1961 = AXIS2_PLACEMENT_3D ( 'NONE', #5994, #4836, #4861 ) ;
#1962 = CIRCLE ( 'NONE', #5711, 0.3926990816987240300 ) ;
#1963 = VECTOR ( 'NONE', #5976, 1000.000000000000000 ) ;
#1964 = CARTESIAN_POINT ( 'NONE',  ( 3.039300715137865700, 7.938062232777960900, 5.895842175394242300 ) ) ;
#1965 = DIRECTION ( 'NONE',  ( 0.4999999999999920100, -0.8660254037844432600, -3.374246315831958900E-016 ) ) ;
#1966 = ORIENTED_EDGE ( 'NONE', *, *, #601, .T. ) ;
#1967 = EDGE_CURVE ( 'NONE', #1914, #6005, #1826, .T. ) ;
#1968 = ADVANCED_FACE ( 'NONE', ( #2836 ), #4070, .T. ) ;
#1969 = ORIENTED_EDGE ( 'NONE', *, *, #6725, .F. ) ;
#1970 = LINE ( 'NONE', #122, #2547 ) ;
#1971 = AXIS2_PLACEMENT_3D ( 'NONE', #3310, #1642, #3236 ) ;
#1972 = VERTEX_POINT ( 'NONE', #4384 ) ;
#1973 = ORIENTED_EDGE ( 'NONE', *, *, #376, .F. ) ;
#1974 = CARTESIAN_POINT ( 'NONE',  ( 0.0000000000000000000, 0.0000000000000000000, -14.43900000000000000 ) ) ;
#1975 = CARTESIAN_POINT ( 'NONE',  ( 1.508818876411065000, 2.594938781802918800, 9.681104358758078700 ) ) ;
#1976 = CARTESIAN_POINT ( 'NONE',  ( 1.214147014147702400, -8.412838226660893400, -5.000000000000004400 ) ) ;
#1977 = CARTESIAN_POINT ( 'NONE',  ( 6.084994458946447100, -2.634212693780309400, -15.00000000000000000 ) ) ;
#1978 = ORIENTED_EDGE ( 'NONE', *, *, #2230, .T. ) ;
#1979 = DATE_TIME_ROLE ( 'classification_date' ) ;
#1980 = LINE ( 'NONE', #6451, #6084 ) ;
#1981 = VERTEX_POINT ( 'NONE', #6015 ) ;
#1982 = ORIENTED_EDGE ( 'NONE', *, *, #618, .T. ) ;
#1983 = ORIENTED_EDGE ( 'NONE', *, *, #652, .T. ) ;
#1984 = CARTESIAN_POINT ( 'NONE',  ( -5.025083692579341000, 6.391787396859822200, -14.80898906470832800 ) ) ;
#1985 = CARTESIAN_POINT ( 'NONE',  ( 6.769631445549958200, 4.147265495651475400, -15.00000000000000000 ) ) ;
#1986 = DIRECTION ( 'NONE',  ( 1.000000000000000000, 0.0000000000000000000, 0.0000000000000000000 ) ) ;
#1987 = ORIENTED_EDGE ( 'NONE', *, *, #5679, .F. ) ;
#1988 = CIRCLE ( 'NONE', #3879, 0.3926990816987240300 ) ;
#1989 = ORIENTED_EDGE ( 'NONE', *, *, #6289, .T. ) ;
#1990 = ORIENTED_EDGE ( 'NONE', *, *, #2583, .T. ) ;
#1991 = ADVANCED_FACE ( 'NONE', ( #1405 ), #6685, .F. ) ;
#1992 = CARTESIAN_POINT ( 'NONE',  ( 3.051852017099293300, 7.933233846664888800, 5.729814788969300700 ) ) ;
#1993 = DIRECTION ( 'NONE',  ( 0.8660254037844363800, -0.5000000000000040000, 0.0000000000000000000 ) ) ;
#1994 = FACE_OUTER_BOUND ( 'NONE', #5227, .T. ) ;
#1995 = VECTOR ( 'NONE', #3090, 1000.000000000000100 ) ;
#1996 = LINE ( 'NONE', #2254, #1670 ) ;
#1997 = ORIENTED_EDGE ( 'NONE', *, *, #6713, .F. ) ;
#1998 = AXIS2_PLACEMENT_3D ( 'NONE', #2327, #6586, #730 ) ;
#1999 = CARTESIAN_POINT ( 'NONE',  ( -7.132038004201025000, 4.624287394467635300, 5.729814788946944400 ) ) ;
#2000 = LINE ( 'NONE', #6647, #2675 ) ;
#2001 = CARTESIAN_POINT ( 'NONE',  ( 4.465635348757586200, 4.372710936241580800, -15.00000000000000000 ) ) ;
#2002 = CYLINDRICAL_SURFACE ( 'NONE', #3914, 30.84641689323308700 ) ;
#2003 = FACE_OUTER_BOUND ( 'NONE', #5729, .T. ) ;
#2004 = DIRECTION ( 'NONE',  ( 0.4999999999999920100, -0.8660254037844432600, -3.407789085892847600E-016 ) ) ;
#2005 = ORIENTED_EDGE ( 'NONE', *, *, #6835, .F. ) ;
#2006 = EDGE_CURVE ( 'NONE', #1935, #4415, #5757, .T. ) ;
#2007 = TOROIDAL_SURFACE ( 'NONE', #5598, 30.45371781153440700, 0.3926990816987236400 ) ;
#2008 = AXIS2_PLACEMENT_3D ( 'NONE', #1208, #650, #104 ) ;
#2009 = CARTESIAN_POINT ( 'NONE',  ( 7.064380123506981400, 4.727000472871791800, -5.000000000000004400 ) ) ;
#2010 = B_SPLINE_CURVE_WITH_KNOTS ( 'NONE', 3,
 ( #4618, #3040, #842, #6800 ),
 .UNSPECIFIED., .F., .F.,
 ( 4, 4 ),
 ( 2.997672632737055800E-007, 0.0008591888328448434200 ),
 .UNSPECIFIED. ) ;
#2011 = TOROIDAL_SURFACE ( 'NONE', #2802, 30.45371781153435700, 0.3926990816987236400 ) ;
#2012 = CARTESIAN_POINT ( 'NONE',  ( 2.450271114960497000, 6.081758207873343200, -15.00000000000000000 ) ) ;
#2013 = EDGE_LOOP ( 'NONE', ( #5019, #2151 ) ) ;
#2014 = DIRECTION ( 'NONE',  ( 0.4067366430757887700, -0.9135454576426059700, 0.0000000000000000000 ) ) ;
#2015 = DIRECTION ( 'NONE',  ( 0.0000000000000000000, 0.0000000000000000000, -1.000000000000000000 ) ) ;
#2016 = CARTESIAN_POINT ( 'NONE',  ( 0.0000000000000000000, 0.0000000000000000000, -14.43900000000000000 ) ) ;
#2017 = VERTEX_POINT ( 'NONE', #2544 ) ;
#2018 = AXIS2_PLACEMENT_3D ( 'NONE', #611, #4955, #5435 ) ;
#2019 = DIRECTION ( 'NONE',  ( 0.2079116908177664500, 0.9781476007338041300, -0.0000000000000000000 ) ) ;
#2020 = CARTESIAN_POINT ( 'NONE',  ( -18.60137146092625600, 32.08148610378818000, -5.000000000000000900 ) ) ;
#2021 = ADVANCED_FACE ( 'NONE', ( #318 ), #731, .T. ) ;
#2022 = DIRECTION ( 'NONE',  ( 0.0000000000000000000, -0.0000000000000000000, 1.000000000000000000 ) ) ;
#2023 = AXIS2_PLACEMENT_3D ( 'NONE', #6820, #435, #3604 ) ;
#2024 = EDGE_CURVE ( 'NONE', #1360, #5041, #903, .T. ) ;
#2025 = CARTESIAN_POINT ( 'NONE',  ( 6.159178538882864400, 2.248584257262621600, -5.000000000000004400 ) ) ;
#2026 = DIRECTION ( 'NONE',  ( 0.0000000000000000000, 0.0000000000000000000, -1.000000000000000000 ) ) ;
#2027 = EDGE_CURVE ( 'NONE', #6748, #769, #4045, .T. ) ;
#2028 = ORIENTED_EDGE ( 'NONE', *, *, #4308, .F. ) ;
#2029 = CARTESIAN_POINT ( 'NONE',  ( 2.691722823870710300, 8.062544774415425100, 6.594685079528104200 ) ) ;
#2030 = ORIENTED_EDGE ( 'NONE', *, *, #3330, .F. ) ;
#2031 = CARTESIAN_POINT ( 'NONE',  ( 4.530988068736729900, 7.191672067118012100, -14.43900000000000000 ) ) ;
#2032 = CARTESIAN_POINT ( 'NONE',  ( -18.48269622657474200, -32.15000328228717300, -5.000000000000000900 ) ) ;
#2033 = EDGE_LOOP ( 'NONE', ( #2379, #2809, #4328 ) ) ;
#2034 = DIRECTION ( 'NONE',  ( -0.4067366430757888800, 0.9135454576426062000, 0.0000000000000000000 ) ) ;
#2035 = CARTESIAN_POINT ( 'NONE',  ( -3.059487779958075300, -5.436222637021932900, -5.000000000000000900 ) ) ;
#2036 = EDGE_CURVE ( 'NONE', #3432, #2619, #6257, .T. ) ;
#2037 = DIRECTION ( 'NONE',  ( 0.7431448254773954700, 0.6691306063588569100, 0.0000000000000000000 ) ) ;
#2038 = DIRECTION ( 'NONE',  ( 1.000000000000000000, 0.0000000000000000000, 0.0000000000000000000 ) ) ;
#2039 = ORIENTED_EDGE ( 'NONE', *, *, #1069, .F. ) ;
#2040 = LINE ( 'NONE', #1290, #4967 ) ;
#2041 = EDGE_LOOP ( 'NONE', ( #5071, #6724, #4539, #3705, #2156 ) ) ;
#2042 = CARTESIAN_POINT ( 'NONE',  ( -8.309593879622156000, -1.789618736672086800, 6.595592633140109100 ) ) ;
#2043 = CARTESIAN_POINT ( 'NONE',  ( 2.450271114960418400, -6.081758207873377000, -5.000000000000000900 ) ) ;
#2044 = CARTESIAN_POINT ( 'NONE',  ( -4.153632133049038400, 7.416140381318152600, 6.593842422295676200 ) ) ;
#2045 = B_SPLINE_CURVE_WITH_KNOTS ( 'NONE', 3,
 ( #4097, #5139, #4537, #6765 ),
 .UNSPECIFIED., .F., .F.,
 ( 4, 4 ),
 ( 1.226634733346699500E-018, 0.0001370343569984941200 ),
 .UNSPECIFIED. ) ;
#2046 = EDGE_CURVE ( 'NONE', #1101, #4399, #2496, .T. ) ;
#2047 = EDGE_CURVE ( 'NONE', #5634, #2227, #6936, .T. ) ;
#2048 = CARTESIAN_POINT ( 'NONE',  ( -8.290619261805416000, 1.875478160763991900, 6.593845233353230900 ) ) ;
#2049 = CARTESIAN_POINT ( 'NONE',  ( -7.914448380790339900, -0.6238812609826111000, -15.00000000000000000 ) ) ;
#2050 = FACE_OUTER_BOUND ( 'NONE', #1741, .T. ) ;
#2051 = CONICAL_SURFACE ( 'NONE', #133, 1.437499999999987300, 0.7853981633974749200 ) ;
#2052 = CARTESIAN_POINT ( 'NONE',  ( -8.394228009737270600, 1.336830034673985200, 5.894724164267325200 ) ) ;
#2053 = ORIENTED_EDGE ( 'NONE', *, *, #1190, .F. ) ;
#2054 = ORIENTED_EDGE ( 'NONE', *, *, #748, .T. ) ;
#2055 = AXIS2_PLACEMENT_3D ( 'NONE', #4491, #6137, #5601 ) ;
#2056 = DIRECTION ( 'NONE',  ( -0.0000000000000000000, -0.0000000000000000000, 1.000000000000000000 ) ) ;
#2057 = ADVANCED_FACE ( 'NONE', ( #399 ), #1076, .T. ) ;
#2058 = CARTESIAN_POINT ( 'NONE',  ( 7.896320992770967900, -3.146226805220004900, 6.298910546433996900 ) ) ;
#2059 = ORIENTED_EDGE ( 'NONE', *, *, #390, .F. ) ;
#2060 = LINE ( 'NONE', #4315, #6159 ) ;
#2061 = ORIENTED_EDGE ( 'NONE', *, *, #1233, .F. ) ;
#2062 = VERTEX_POINT ( 'NONE', #5115 ) ;
#2063 = DIRECTION ( 'NONE',  ( 0.4999999999999920100, -0.8660254037844432600, -3.374246315831958900E-016 ) ) ;
#2064 = EDGE_CURVE ( 'NONE', #1731, #2416, #3824, .T. ) ;
#2065 = DIRECTION ( 'NONE',  ( -0.0000000000000000000, -0.0000000000000000000, -1.000000000000000000 ) ) ;
#2066 = ORIENTED_EDGE ( 'NONE', *, *, #5281, .F. ) ;
#2067 = VECTOR ( 'NONE', #2157, 1000.000000000000000 ) ;
#2068 = B_SPLINE_CURVE_WITH_KNOTS ( 'NONE', 3,
 ( #3630, #1496, #6802, #3096 ),
 .UNSPECIFIED., .F., .F.,
 ( 4, 4 ),
 ( 2.997672518038789200E-007, 0.0008591888328327153200 ),
 .UNSPECIFIED. ) ;
#2069 = VERTEX_POINT ( 'NONE', #5158 ) ;
#2070 = CARTESIAN_POINT ( 'NONE',  ( 3.000000000000000400, 0.0000000000000000000, 14.55000000000000100 ) ) ;
#2071 = EDGE_LOOP ( 'NONE', ( #2030, #4079, #1259 ) ) ;
#2072 = CARTESIAN_POINT ( 'NONE',  ( 3.000000000000000400, 0.0000000000000000000, -14.55000000000000100 ) ) ;
#2073 = ORIENTED_EDGE ( 'NONE', *, *, #6173, .F. ) ;
#2074 = EDGE_LOOP ( 'NONE', ( #1909, #3029, #4893, #238, #1973 ) ) ;
#2075 = VECTOR ( 'NONE', #6882, 1000.000000000000000 ) ;
#2076 = DIRECTION ( 'NONE',  ( 1.000000000000000000, 0.0000000000000000000, 0.0000000000000000000 ) ) ;
#2077 = CARTESIAN_POINT ( 'NONE',  ( -1.478941011263643600, 8.371604171946343000, 3.939749503730302300 ) ) ;
#2078 = ORIENTED_EDGE ( 'NONE', *, *, #188, .F. ) ;
#2079 = ADVANCED_FACE ( 'NONE', ( #5429 ), #2668, .T. ) ;
#2080 = VERTEX_POINT ( 'NONE', #4603 ) ;
#2081 = CARTESIAN_POINT ( 'NONE',  ( -8.356231598744923200, 1.557053194822477500, 6.518024415974182700 ) ) ;
#2082 = CIRCLE ( 'NONE', #6886, 0.3926990816987240300 ) ;
#2083 = LINE ( 'NONE', #3105, #6184 ) ;
#2084 = CARTESIAN_POINT ( 'NONE',  ( -1.154700538379251900, 6.499999999999993800, 11.00000000000000000 ) ) ;
#2085 = VECTOR ( 'NONE', #4030, 1000.000000000000000 ) ;
#2086 = ORIENTED_EDGE ( 'NONE', *, *, #2199, .F. ) ;
#2087 = DIRECTION ( 'NONE',  ( -0.7431448254773954700, -0.6691306063588569100, -0.0000000000000000000 ) ) ;
#2088 = CARTESIAN_POINT ( 'NONE',  ( 1.250256367656552600, 8.407807066057335600, -3.199672546189726400 ) ) ;
#2089 = DIRECTION ( 'NONE',  ( 1.000000000000000000, 0.0000000000000000000, 0.0000000000000000000 ) ) ;
#2090 = EDGE_CURVE ( 'NONE', #1252, #364, #4336, .T. ) ;
#2091 = FACE_OUTER_BOUND ( 'NONE', #6912, .T. ) ;
#2092 = CIRCLE ( 'NONE', #3294, 3.946090011793463900 ) ;
#2093 = DIRECTION ( 'NONE',  ( -0.0000000000000000000, -0.0000000000000000000, -1.000000000000000000 ) ) ;
#2094 = ORIENTED_EDGE ( 'NONE', *, *, #4689, .F. ) ;
#2095 = CARTESIAN_POINT ( 'NONE',  ( 5.344456036819223300, 6.609598298724860900, 5.729814788946944400 ) ) ;
#2096 = CARTESIAN_POINT ( 'NONE',  ( -5.025083692579429800, -6.391787396859752100, -14.80898906470832800 ) ) ;
#2097 = EDGE_CURVE ( 'NONE', #5026, #5938, #1584, .T. ) ;
#2098 = CONICAL_SURFACE ( 'NONE', #1014, 8.500000000000003600, 0.7853981633974482800 ) ;
#2099 = ADVANCED_FACE ( 'NONE', ( #5856 ), #321, .F. ) ;
#2100 = EDGE_CURVE ( 'NONE', #4032, #4350, #5513, .T. ) ;
#2101 = VERTEX_POINT ( 'NONE', #5131 ) ;
#2102 = AXIS2_PLACEMENT_3D ( 'NONE', #3134, #3662, #4735 ) ;
#2103 = DIRECTION ( 'NONE',  ( 0.4067366430757887700, -0.9135454576426059700, -0.0000000000000000000 ) ) ;
#2104 = CARTESIAN_POINT ( 'NONE',  ( 1.447748701012384000, -7.805878854985967200, -15.00000000000000000 ) ) ;
#2105 = CARTESIAN_POINT ( 'NONE',  ( -2.339275608533276900, -6.696792176639157800, -15.00000000000000000 ) ) ;
#2106 = DIRECTION ( 'NONE',  ( -0.0000000000000000000, -0.0000000000000000000, 1.000000000000000000 ) ) ;
#2107 = VERTEX_POINT ( 'NONE', #1940 ) ;
#2108 = CARTESIAN_POINT ( 'NONE',  ( -8.390261722202810200, 1.362342612612513100, 6.061278535753238800 ) ) ;
#2109 = DIRECTION ( 'NONE',  ( 1.000000000000000000, 0.0000000000000000000, 0.0000000000000000000 ) ) ;
#2110 = CARTESIAN_POINT ( 'NONE',  ( 4.497521211351299000, 6.542172724213664900, -15.00000000000000000 ) ) ;
#2111 = DIRECTION ( 'NONE',  ( -0.7431448254773862500, 0.6691306063588671200, 0.0000000000000000000 ) ) ;
#2112 = AXIS2_PLACEMENT_3D ( 'NONE', #859, #2388, #2895 ) ;
#2113 = ADVANCED_FACE ( 'NONE', ( #4840 ), #2993, .T. ) ;
#2114 = DIRECTION ( 'NONE',  ( 1.000000000000000000, 0.0000000000000000000, 0.0000000000000000000 ) ) ;
#2115 = DIRECTION ( 'NONE',  ( -0.0000000000000000000, -0.0000000000000000000, 1.000000000000000000 ) ) ;
#2116 = CARTESIAN_POINT ( 'NONE',  ( 8.499723842352203500, 0.06851717849924797400, 6.594685079528095400 ) ) ;
#2117 = PERSON ( 'UNSPECIFIED', 'UNSPECIFIED', 'UNSPECIFIED', ('UNSPECIFIED'), ('UNSPECIFIED'), ('UNSPECIFIED') ) ;
#2118 = CARTESIAN_POINT ( 'NONE',  ( 8.499379600697329500, -0.1112211990903808900, 6.593836421564441600 ) ) ;
#2119 = ORIENTED_EDGE ( 'NONE', *, *, #6893, .F. ) ;
#2120 = DIRECTION ( 'NONE',  ( -0.0000000000000000000, -0.0000000000000000000, 1.000000000000000000 ) ) ;
#2121 = CARTESIAN_POINT ( 'NONE',  ( 2.207035760707406700, -8.208481842603150700, 5.895916012891754900 ) ) ;
#2122 = CARTESIAN_POINT ( 'NONE',  ( -37.16650744363498400, -3.509844015909922500, -5.000000000000000900 ) ) ;
#2123 = DIRECTION ( 'NONE',  ( 1.000000000000000000, 0.0000000000000000000, -0.0000000000000000000 ) ) ;
#2124 = ORIENTED_EDGE ( 'NONE', *, *, #3443, .T. ) ;
#2125 = CARTESIAN_POINT ( 'NONE',  ( -3.118825397133980100, 5.401964047772351800, -5.000000000000000900 ) ) ;
#2126 = DIRECTION ( 'NONE',  ( 1.000000000000000000, 0.0000000000000000000, 0.0000000000000000000 ) ) ;
#2127 = EDGE_CURVE ( 'NONE', #6341, #1235, #2010, .T. ) ;
#2128 = ADVANCED_FACE ( 'NONE', ( #3063 ), #2907, .F. ) ;
#2129 = EDGE_CURVE ( 'NONE', #2159, #982, #6099, .T. ) ;
#2130 = CARTESIAN_POINT ( 'NONE',  ( -5.323792341258426900, -3.952653436444991900, -15.00000000000000000 ) ) ;
#2131 = VERTEX_POINT ( 'NONE', #3109 ) ;
#2132 = DIRECTION ( 'NONE',  ( 1.000000000000000000, 0.0000000000000000000, 0.0000000000000000000 ) ) ;
#2133 = FACE_OUTER_BOUND ( 'NONE', #4238, .T. ) ;
#2134 = CARTESIAN_POINT ( 'NONE',  ( -1.101170155750027100, -8.428430144556475800, 6.518208668667044800 ) ) ;
#2135 = FACE_OUTER_BOUND ( 'NONE', #1815, .T. ) ;
#2136 = ORIENTED_EDGE ( 'NONE', *, *, #390, .T. ) ;
#2137 = EDGE_CURVE ( 'NONE', #468, #5257, #1669, .T. ) ;
#2138 = CARTESIAN_POINT ( 'NONE',  ( -0.8203212372141833700, -8.460323461178978400, 6.594685079528097100 ) ) ;
#2139 = AXIS2_PLACEMENT_3D ( 'NONE', #6307, #1993, #3564 ) ;
#2140 = CARTESIAN_POINT ( 'NONE',  ( -22.26092524334420000, -29.96864174239525300, -5.000000000000000900 ) ) ;
#2141 = VERTEX_POINT ( 'NONE', #2634 ) ;
#2142 = LINE ( 'NONE', #3091, #4973 ) ;
#2143 = ORIENTED_EDGE ( 'NONE', *, *, #4681, .T. ) ;
#2144 = VERTEX_POINT ( 'NONE', #2616 ) ;
#2145 = DIRECTION ( 'NONE',  ( -0.0000000000000000000, -0.0000000000000000000, -1.000000000000000000 ) ) ;
#2146 = CARTESIAN_POINT ( 'NONE',  ( -3.255837320807357700, 5.776310017815892400, -15.00000000000000000 ) ) ;
#2147 = EDGE_CURVE ( 'NONE', #6577, #99, #57, .T. ) ;
#2148 = ADVANCED_FACE ( 'NONE', ( #1240 ), #4423, .F. ) ;
#2149 = DIRECTION ( 'NONE',  ( -1.000000000000000000, 0.0000000000000000000, 0.0000000000000000000 ) ) ;
#2150 = DIRECTION ( 'NONE',  ( 0.9781476007338069100, 0.2079116908177532600, 0.0000000000000000000 ) ) ;
#2151 = ORIENTED_EDGE ( 'NONE', *, *, #1279, .T. ) ;
#2152 = CYLINDRICAL_SURFACE ( 'NONE', #5148, 0.3926990816987240300 ) ;
#2153 = AXIS2_PLACEMENT_3D ( 'NONE', #5864, #2111, #2739 ) ;
#2154 = EDGE_LOOP ( 'NONE', ( #2745, #1678, #1309, #4876, #1418 ) ) ;
#2155 = ORIENTED_EDGE ( 'NONE', *, *, #5858, .T. ) ;
#2156 = ORIENTED_EDGE ( 'NONE', *, *, #5209, .F. ) ;
#2157 = DIRECTION ( 'NONE',  ( -0.9510565162951544200, -0.3090169943749449000, 0.0000000000000000000 ) ) ;
#2158 = CARTESIAN_POINT ( 'NONE',  ( 3.680498208442172000, 6.064088453133589200, -5.000000000000000900 ) ) ;
#2159 = VERTEX_POINT ( 'NONE', #4196 ) ;
#2160 = CONICAL_SURFACE ( 'NONE', #1668, 8.500000000000003600, 0.7853981633974482800 ) ;
#2161 = ORIENTED_EDGE ( 'NONE', *, *, #2632, .F. ) ;
#2162 = ORIENTED_EDGE ( 'NONE', *, *, #3291, .F. ) ;
#2163 = CARTESIAN_POINT ( 'NONE',  ( -3.178163014309962200, 5.367705458522727300, -5.000000000000004400 ) ) ;
#2164 = AXIS2_PLACEMENT_3D ( 'NONE', #1214, #1767, #5493 ) ;
#2165 = DIRECTION ( 'NONE',  ( 1.000000000000000000, 0.0000000000000000000, 0.0000000000000000000 ) ) ;
#2166 = TOROIDAL_SURFACE ( 'NONE', #881, 31.43791576719768300, 3.946090011793464700 ) ;
#2167 = DIRECTION ( 'NONE',  ( -0.0000000000000000000, -0.0000000000000000000, -1.000000000000000000 ) ) ;
#2168 = VECTOR ( 'NONE', #3067, 1000.000000000000000 ) ;
#2169 = EDGE_CURVE ( 'NONE', #5051, #31, #1422, .T. ) ;
#2170 = CIRCLE ( 'NONE', #1074, 30.84641689323308700 ) ;
#2171 = DIRECTION ( 'NONE',  ( -0.9135454576426060800, -0.4067366430757887700, -3.374246315831957400E-016 ) ) ;
#2172 = ADVANCED_FACE ( 'NONE', ( #5596 ), #5347, .F. ) ;
#2173 = CARTESIAN_POINT ( 'NONE',  ( 7.675626084769654700, -3.651819175133441700, 6.518224234657909100 ) ) ;
#2174 = ORIENTED_EDGE ( 'NONE', *, *, #695, .T. ) ;
#2175 = TOROIDAL_SURFACE ( 'NONE', #6447, 31.43791576719764100, 3.946090011793464700 ) ;
#2176 = DIRECTION ( 'NONE',  ( 1.000000000000000000, 0.0000000000000000000, 0.0000000000000000000 ) ) ;
#2177 = DIRECTION ( 'NONE',  ( 1.000000000000000000, 0.0000000000000000000, 0.0000000000000000000 ) ) ;
#2178 = VECTOR ( 'NONE', #6887, 1000.000000000000000 ) ;
#2179 = CIRCLE ( 'NONE', #2282, 0.3926990816987240300 ) ;
#2180 = VERTEX_POINT ( 'NONE', #2594 ) ;
#2181 = VECTOR ( 'NONE', #3118, 999.9999999999998900 ) ;
#2182 = CARTESIAN_POINT ( 'NONE',  ( 1.607348923880908400E-016, 3.000000000000000900, 12.31250000000000500 ) ) ;
#2183 = DIRECTION ( 'NONE',  ( -0.0000000000000000000, -0.0000000000000000000, 1.000000000000000000 ) ) ;
#2184 = EDGE_LOOP ( 'NONE', ( #956, #5419, #4493, #1847 ) ) ;
#2185 = EDGE_CURVE ( 'NONE', #2069, #2192, #1316, .T. ) ;
#2186 = ADVANCED_FACE ( 'NONE', ( #3232 ), #5675, .F. ) ;
#2187 = AXIS2_PLACEMENT_3D ( 'NONE', #1502, #2034, #5239 ) ;
#2188 = CARTESIAN_POINT ( 'NONE',  ( -6.087097636196789500, -1.363900437125063100, -15.00000000000000000 ) ) ;
#2189 = ORIENTED_EDGE ( 'NONE', *, *, #3186, .F. ) ;
#2190 = EDGE_CURVE ( 'NONE', #27, #962, #2571, .T. ) ;
#2191 = EDGE_CURVE ( 'NONE', #1319, #3001, #577, .T. ) ;
#2192 = VERTEX_POINT ( 'NONE', #6381 ) ;
#2193 = AXIS2_PLACEMENT_3D ( 'NONE', #6487, #4854, #2262 ) ;
#2194 = CARTESIAN_POINT ( 'NONE',  ( 3.421891804604789000, -7.781594872634554100, 2.160324489822483600 ) ) ;
#2195 = CARTESIAN_POINT ( 'NONE',  ( -1.891555798120970500, 2.329400354782466700, 11.66235939227943600 ) ) ;
#2196 = CARTESIAN_POINT ( 'NONE',  ( 2.231772392459391100, 8.201929940569122800, 6.060610306998713200 ) ) ;
#2197 = DIRECTION ( 'NONE',  ( 0.9945218953682730700, -0.1045284632676571100, 0.0000000000000000000 ) ) ;
#2198 = EDGE_CURVE ( 'NONE', #3038, #5680, #5168, .T. ) ;
#2199 = EDGE_CURVE ( 'NONE', #6571, #289, #149, .T. ) ;
#2200 = ADVANCED_FACE ( 'NONE', ( #1544 ), #227, .T. ) ;
#2201 = CARTESIAN_POINT ( 'NONE',  ( -7.939000000000005400, 0.0000000000000000000, 15.00000000000000000 ) ) ;
#2202 = CARTESIAN_POINT ( 'NONE',  ( 7.989499933702197700, -2.904981902343710200, 3.939489095697826600 ) ) ;
#2203 = CARTESIAN_POINT ( 'NONE',  ( -14.82314244415676700, 34.26284764368005400, -5.000000000000000900 ) ) ;
#2204 = AXIS2_PLACEMENT_3D ( 'NONE', #2839, #139, #1198 ) ;
#2205 = DIRECTION ( 'NONE',  ( 1.000000000000000000, 0.0000000000000000000, 0.0000000000000000000 ) ) ;
#2206 = ORIENTED_EDGE ( 'NONE', *, *, #1216, .F. ) ;
#2207 = ORIENTED_EDGE ( 'NONE', *, *, #6580, .T. ) ;
#2208 = DIRECTION ( 'NONE',  ( 0.5877852522924689200, -0.8090169943749504500, 0.0000000000000000000 ) ) ;
#2209 = DIRECTION ( 'NONE',  ( 0.9945218953682730700, -0.1045284632676571100, 0.0000000000000000000 ) ) ;
#2210 = ORIENTED_EDGE ( 'NONE', *, *, #1013, .F. ) ;
#2211 = DIRECTION ( 'NONE',  ( 0.8660254037844432600, 0.4999999999999919500, -0.0000000000000000000 ) ) ;
#2212 = CARTESIAN_POINT ( 'NONE',  ( 7.849855538624791700, 3.260489055539217900, 6.518148015832284000 ) ) ;
#2213 = VERTEX_POINT ( 'NONE', #1761 ) ;
#2214 = COORDINATED_UNIVERSAL_TIME_OFFSET ( 6, 0, .BEHIND. ) ;
#2215 = CARTESIAN_POINT ( 'NONE',  ( -8.493664740175329800, -0.3281147382136373500, -5.000000000000004400 ) ) ;
#2216 = VERTEX_POINT ( 'NONE', #3349 ) ;
#2217 = DIRECTION ( 'NONE',  ( 0.9510565162951544200, 0.3090169943749449500, 0.0000000000000000000 ) ) ;
#2218 = EDGE_CURVE ( 'NONE', #3764, #4126, #4601, .T. ) ;
#2219 = AXIS2_PLACEMENT_3D ( 'NONE', #1283, #1856, #4557 ) ;
#2220 = CARTESIAN_POINT ( 'NONE',  ( -8.309593879622136500, 1.789618736672202100, 6.595592633140114500 ) ) ;
#2221 = CARTESIAN_POINT ( 'NONE',  ( 0.5615124314547196300, 8.481432885382741200, -5.000000000000020400 ) ) ;
#2222 = VERTEX_POINT ( 'NONE', #127 ) ;
#2223 = VECTOR ( 'NONE', #3704, 1000.000000000000000 ) ;
#2224 = DIRECTION ( 'NONE',  ( 0.9781476007338041300, -0.2079116908177664500, -3.407789085892847100E-016 ) ) ;
#2225 = CARTESIAN_POINT ( 'NONE',  ( 0.0000000000000000000, 7.937500000000005300, 11.00000000000000000 ) ) ;
#2226 = ORIENTED_EDGE ( 'NONE', *, *, #6053, .F. ) ;
#2227 = VERTEX_POINT ( 'NONE', #1170 ) ;
#2228 = EDGE_CURVE ( 'NONE', #5041, #1360, #3412, .T. ) ;
#2229 = ORIENTED_EDGE ( 'NONE', *, *, #6719, .F. ) ;
#2230 = EDGE_CURVE ( 'NONE', #19, #6574, #5944, .T. ) ;
#2231 = LINE ( 'NONE', #3458, #6418 ) ;
#2232 = DIRECTION ( 'NONE',  ( -0.0000000000000000000, 0.0000000000000000000, 1.000000000000000000 ) ) ;
#2233 = ORIENTED_EDGE ( 'NONE', *, *, #1709, .F. ) ;
#2234 = CARTESIAN_POINT ( 'NONE',  ( 34.06141154335390600, -14.67145877501583600, -5.000000000000000900 ) ) ;
#2235 = ORIENTED_EDGE ( 'NONE', *, *, #2936, .F. ) ;
#2236 = AXIS2_PLACEMENT_3D ( 'NONE', #4798, #2120, #4778 ) ;
#2237 = CARTESIAN_POINT ( 'NONE',  ( 7.621834127546262200, -3.762748055591856200, 6.299270892811533100 ) ) ;
#2238 = ORIENTED_EDGE ( 'NONE', *, *, #6395, .F. ) ;
#2239 = CIRCLE ( 'NONE', #5790, 0.3926990816987240300 ) ;
#2240 = DIRECTION ( 'NONE',  ( 1.000000000000000000, 0.0000000000000000000, 0.0000000000000000000 ) ) ;
#2241 = CARTESIAN_POINT ( 'NONE',  ( 7.859651401308889600, 3.236722533102966500, 6.484358066464053200 ) ) ;
#2242 = ORIENTED_EDGE ( 'NONE', *, *, #4958, .F. ) ;
#2243 = ORIENTED_EDGE ( 'NONE', *, *, #1446, .T. ) ;
#2244 = VERTEX_POINT ( 'NONE', #4414 ) ;
#2245 = DIRECTION ( 'NONE',  ( 0.8090169943749425700, -0.5877852522924798000, -3.374246315831958400E-016 ) ) ;
#2246 = AXIS2_PLACEMENT_3D ( 'NONE', #3334, #3851, #2224 ) ;
#2247 = ORIENTED_EDGE ( 'NONE', *, *, #735, .F. ) ;
#2248 = ORIENTED_EDGE ( 'NONE', *, *, #618, .F. ) ;
#2249 = VECTOR ( 'NONE', #3176, 1000.000000000000000 ) ;
#2250 = ORIENTED_EDGE ( 'NONE', *, *, #5272, .T. ) ;
#2251 = ORIENTED_EDGE ( 'NONE', *, *, #1069, .T. ) ;
#2252 = DIRECTION ( 'NONE',  ( 1.000000000000000000, 0.0000000000000000000, 0.0000000000000000000 ) ) ;
#2253 = CARTESIAN_POINT ( 'NONE',  ( 8.239838897040224100, -2.086876841316466000, -4.098158069590907900 ) ) ;
#2254 = CARTESIAN_POINT ( 'NONE',  ( 3.962676671438512400, -7.519786805326839700, -15.00000000000000000 ) ) ;
#2255 = DIRECTION ( 'NONE',  ( -0.5000000000000003300, 0.0000000000000000000, 0.8660254037844384900 ) ) ;
#2256 = TOROIDAL_SURFACE ( 'NONE', #1961, 31.43791576719764100, 3.946090011793464700 ) ;
#2257 = VECTOR ( 'NONE', #810, 1000.000000000000000 ) ;
#2258 = CIRCLE ( 'NONE', #2639, 7.939000000000005400 ) ;
#2259 = VERTEX_POINT ( 'NONE', #708 ) ;
#2260 = PRODUCT_DEFINITION_FORMATION_WITH_SPECIFIED_SOURCE ( 'ANY', '', #6318, .NOT_KNOWN. ) ;
#2261 = DIRECTION ( 'NONE',  ( -0.2079116908177664200, -0.9781476007338041300, 0.0000000000000000000 ) ) ;
#2262 = DIRECTION ( 'NONE',  ( 1.000000000000000000, 0.0000000000000000000, 0.0000000000000000000 ) ) ;
#2263 = LINE ( 'NONE', #3938, #591 ) ;
#2264 = CIRCLE ( 'NONE', #5006, 30.84641689323308400 ) ;
#2265 = CARTESIAN_POINT ( 'NONE',  ( -5.404339115359471500, 3.841790312820036600, -5.000000000000000900 ) ) ;
#2266 = ORIENTED_EDGE ( 'NONE', *, *, #3384, .T. ) ;
#2267 = DIRECTION ( 'NONE',  ( 1.000000000000000000, 3.516845223078710000E-015, 0.0000000000000000000 ) ) ;
#2268 = CARTESIAN_POINT ( 'NONE',  ( 3.812910167276865700, 7.597109898263531700, -1.407857104177423300 ) ) ;
#2269 = CIRCLE ( 'NONE', #741, 7.939000000000005400 ) ;
#2270 = AXIS2_PLACEMENT_3D ( 'NONE', #1689, #5897, #3758 ) ;
#2271 = DIRECTION ( 'NONE',  ( -0.0000000000000000000, 0.0000000000000000000, -1.000000000000000000 ) ) ;
#2272 = ORIENTED_EDGE ( 'NONE', *, *, #1057, .F. ) ;
#2273 = DIRECTION ( 'NONE',  ( 1.000000000000000000, 0.0000000000000000000, 0.0000000000000000000 ) ) ;
#2274 = DIRECTION ( 'NONE',  ( 1.000000000000000000, 0.0000000000000000000, 0.0000000000000000000 ) ) ;
#2275 = ORIENTED_EDGE ( 'NONE', *, *, #5134, .T. ) ;
#2276 = EDGE_CURVE ( 'NONE', #4969, #5452, #2092, .T. ) ;
#2277 = AXIS2_PLACEMENT_3D ( 'NONE', #5447, #2728, #2267 ) ;
#2278 = DESIGN_CONTEXT ( 'detailed design', #4164, 'design' ) ;
#2279 = CARTESIAN_POINT ( 'NONE',  ( 0.0000000000000000000, 0.0000000000000000000, -15.00000000000000000 ) ) ;
#2280 = EDGE_CURVE ( 'NONE', #4883, #1461, #5175, .T. ) ;
#2281 = DIRECTION ( 'NONE',  ( -0.0000000000000000000, -0.0000000000000000000, -1.000000000000000000 ) ) ;
#2282 = AXIS2_PLACEMENT_3D ( 'NONE', #6789, #348, #5689 ) ;
#2283 = DIRECTION ( 'NONE',  ( 0.0000000000000000000, 0.0000000000000000000, -1.000000000000000000 ) ) ;
#2284 = CARTESIAN_POINT ( 'NONE',  ( 3.186852449832525900, 7.881300253003030500, 3.944042357359268000 ) ) ;
#2285 = ORIENTED_EDGE ( 'NONE', *, *, #4681, .F. ) ;
#2286 = DIRECTION ( 'NONE',  ( 0.5000000000000010000, 0.0000000000000000000, -0.8660254037844380400 ) ) ;
#2287 = CARTESIAN_POINT ( 'NONE',  ( -9.973877350823037800E-018, 4.140938843383789700, 11.00000000000000000 ) ) ;
#2288 = DIRECTION ( 'NONE',  ( 0.0000000000000000000, 0.0000000000000000000, 1.000000000000000000 ) ) ;
#2289 = CARTESIAN_POINT ( 'NONE',  ( 0.7409680579932458300, 8.468763373790148200, 13.32883658566001400 ) ) ;
#2290 = VERTEX_POINT ( 'NONE', #2287 ) ;
#2291 = DIRECTION ( 'NONE',  ( 0.9781476007338041300, -0.2079116908177664200, 0.0000000000000000000 ) ) ;
#2292 = AXIS2_PLACEMENT_3D ( 'NONE', #4990, #6019, #5515 ) ;
#2293 = EDGE_CURVE ( 'NONE', #1898, #635, #6210, .T. ) ;
#2294 = CIRCLE ( 'NONE', #5617, 3.946090011793464700 ) ;
#2295 = ORIENTED_EDGE ( 'NONE', *, *, #5636, .T. ) ;
#2296 = DIRECTION ( 'NONE',  ( 0.1045284632676570900, 0.9945218953682729600, -3.407789085892847600E-016 ) ) ;
#2297 = CARTESIAN_POINT ( 'NONE',  ( -4.512758703075889800, 7.203260968472396700, 6.377609087710392400 ) ) ;
#2298 = VECTOR ( 'NONE', #891, 1000.000000000000000 ) ;
#2299 = CIRCLE ( 'NONE', #6463, 30.84641689323308400 ) ;
#2300 = ORIENTED_EDGE ( 'NONE', *, *, #864, .F. ) ;
#2301 = DIRECTION ( 'NONE',  ( 1.000000000000000000, 0.0000000000000000000, 0.0000000000000000000 ) ) ;
#2302 = DIRECTION ( 'NONE',  ( -1.224646799147353900E-016, 1.000000000000000000, -0.0000000000000000000 ) ) ;
#2303 = ORIENTED_EDGE ( 'NONE', *, *, #874, .F. ) ;
#2304 = FACE_OUTER_BOUND ( 'NONE', #2645, .T. ) ;
#2305 = ORIENTED_EDGE ( 'NONE', *, *, #2695, .T. ) ;
#2306 = EDGE_CURVE ( 'NONE', #2474, #2311, #2535, .T. ) ;
#2307 = ORIENTED_EDGE ( 'NONE', *, *, #5906, .T. ) ;
#2308 = AXIS2_PLACEMENT_3D ( 'NONE', #5123, #6188, #6122 ) ;
#2309 = DIRECTION ( 'NONE',  ( 0.0000000000000000000, 0.0000000000000000000, -1.000000000000000000 ) ) ;
#2310 = CARTESIAN_POINT ( 'NONE',  ( -2.171908933524700800, 8.217876113162359900, 10.69315311629433300 ) ) ;
#2311 = VERTEX_POINT ( 'NONE', #6040 ) ;
#2312 = FACE_OUTER_BOUND ( 'NONE', #119, .T. ) ;
#2313 = ORIENTED_EDGE ( 'NONE', *, *, #3513, .T. ) ;
#2314 = ORIENTED_EDGE ( 'NONE', *, *, #17, .T. ) ;
#2315 = ORIENTED_EDGE ( 'NONE', *, *, #5194, .F. ) ;
#2316 = EDGE_CURVE ( 'NONE', #4267, #670, #2425, .T. ) ;
#2317 = DIRECTION ( 'NONE',  ( 0.0000000000000000000, -0.0000000000000000000, 1.000000000000000000 ) ) ;
#2318 = CARTESIAN_POINT ( 'NONE',  ( 8.239838897035610900, 2.086876841318056300, -5.000000000000004400 ) ) ;
#2319 = ORIENTED_EDGE ( 'NONE', *, *, #4093, .F. ) ;
#2320 = LINE ( 'NONE', #42, #3146 ) ;
#2321 = AXIS2_PLACEMENT_3D ( 'NONE', #1608, #5349, #2171 ) ;
#2322 = ORIENTED_EDGE ( 'NONE', *, *, #4165, .T. ) ;
#2323 = DIRECTION ( 'NONE',  ( -0.0000000000000000000, -0.0000000000000000000, -1.000000000000000000 ) ) ;
#2324 = EDGE_LOOP ( 'NONE', ( #6485, #120, #1662, #1455 ) ) ;
#2325 = FACE_OUTER_BOUND ( 'NONE', #4236, .T. ) ;
#2326 = CARTESIAN_POINT ( 'NONE',  ( 0.0000000000000000000, 0.0000000000000000000, -14.43900000000000000 ) ) ;
#2327 = CARTESIAN_POINT ( 'NONE',  ( -36.28793735641107800, 7.643191301550770900, -5.000000000000000900 ) ) ;
#2328 = EDGE_CURVE ( 'NONE', #6738, #3800, #1172, .T. ) ;
#2329 = VECTOR ( 'NONE', #6496, 1000.000000000000000 ) ;
#2330 = TOROIDAL_SURFACE ( 'NONE', #3567, 31.43791576719764100, 3.946090011793464700 ) ;
#2331 = CARTESIAN_POINT ( 'NONE',  ( 4.173803058223457500, 4.635477910895219500, -5.000000000000000900 ) ) ;
#2332 = DIRECTION ( 'NONE',  ( -1.000000000000000000, 0.0000000000000000000, 0.0000000000000000000 ) ) ;
#2333 = ORIENTED_EDGE ( 'NONE', *, *, #3410, .F. ) ;
#2334 = EDGE_CURVE ( 'NONE', #6369, #4989, #3411, .T. ) ;
#2335 = AXIS2_PLACEMENT_3D ( 'NONE', #4275, #3791, #2707 ) ;
#2336 = CARTESIAN_POINT ( 'NONE',  ( -0.9112259393664704500, 8.451139151281765300, 6.595592633140229000 ) ) ;
#2337 = CIRCLE ( 'NONE', #667, 30.54279649802282700 ) ;
#2338 = ORIENTED_EDGE ( 'NONE', *, *, #3648, .T. ) ;
#2339 = CIRCLE ( 'NONE', #965, 30.54279649802282000 ) ;
#2340 = CARTESIAN_POINT ( 'NONE',  ( -5.927207807668772900, -6.092471387264859000, -14.43900000000408400 ) ) ;
#2341 = CARTESIAN_POINT ( 'NONE',  ( 1.771014199090180200, 8.313805291779113200, 12.45047559834545900 ) ) ;
#2342 = DIRECTION ( 'NONE',  ( -0.0000000000000000000, -0.0000000000000000000, 1.000000000000000000 ) ) ;
#2343 = ORIENTED_EDGE ( 'NONE', *, *, #5219, .F. ) ;
#2344 = CARTESIAN_POINT ( 'NONE',  ( 8.376276677044053500, 1.444987553419920400, -5.000000000000004400 ) ) ;
#2345 = LINE ( 'NONE', #1648, #4942 ) ;
#2346 = ORIENTED_EDGE ( 'NONE', *, *, #1781, .T. ) ;
#2347 = CARTESIAN_POINT ( 'NONE',  ( -36.36745577941491800, 7.269086534428652200, -5.000000000000000900 ) ) ;
#2348 = CARTESIAN_POINT ( 'NONE',  ( 3.411405546988538700, -6.219449173660799500, -15.00000000000000000 ) ) ;
#2349 = CARTESIAN_POINT ( 'NONE',  ( 1.592456809767609700, -6.360478971340862500, -15.00000000000000000 ) ) ;
#2350 = ORIENTED_EDGE ( 'NONE', *, *, #718, .F. ) ;
#2351 = DIRECTION ( 'NONE',  ( -0.9510565162951503100, 0.3090169943749573900, 0.0000000000000000000 ) ) ;
#2352 = EDGE_CURVE ( 'NONE', #3764, #5743, #3671, .T. ) ;
#2353 = CARTESIAN_POINT ( 'NONE',  ( 6.969229953101028700, -1.322523984876490300, -15.00000000000000000 ) ) ;
#2354 = CARTESIAN_POINT ( 'NONE',  ( -6.691781761587885000, -5.241376589555863500, 6.376632501464645700 ) ) ;
#2355 = EDGE_CURVE ( 'NONE', #2107, #2069, #6079, .T. ) ;
#2356 = CARTESIAN_POINT ( 'NONE',  ( 8.031994289543986200, 2.161612012900442800, -14.62213446853849100 ) ) ;
#2357 = ADVANCED_FACE ( 'NONE', ( #1333 ), #6700, .T. ) ;
#2358 = CARTESIAN_POINT ( 'NONE',  ( -8.396308053915753100, 1.323635547932077800, 5.729814788946933700 ) ) ;
#2359 = DIRECTION ( 'NONE',  ( -0.0000000000000000000, -0.0000000000000000000, 1.000000000000000000 ) ) ;
#2360 = B_SPLINE_CURVE_WITH_KNOTS ( 'NONE', 3,
 ( #5008, #6462, #1625, #6629, #2746, #4867, #1106, #4850, #3784, #1085 ),
 .UNSPECIFIED., .F., .F.,
 ( 4, 2, 2, 2, 4 ),
 ( 0.001566519122634015300, 0.002071240528000395400, 0.002323601230683584000, 0.002449781582025177500, 0.002575961933366770900 ),
 .UNSPECIFIED. ) ;
#2361 = DIRECTION ( 'NONE',  ( 1.000000000000000000, 0.0000000000000000000, 0.0000000000000000000 ) ) ;
#2362 = CARTESIAN_POINT ( 'NONE',  ( 8.488027882756670200, 0.4509796686607172600, 5.729814788946944400 ) ) ;
#2363 = EDGE_CURVE ( 'NONE', #4969, #6321, #154, .T. ) ;
#2364 = AXIS2_PLACEMENT_3D ( 'NONE', #1691, #5376, #6500 ) ;
#2365 = CARTESIAN_POINT ( 'NONE',  ( 0.0000000000000000000, 3.000000000000000900, 11.00000000000000000 ) ) ;
#2366 = DIRECTION ( 'NONE',  ( -0.6691306063588671200, -0.7431448254773862500, 0.0000000000000000000 ) ) ;
#2367 = CARTESIAN_POINT ( 'NONE',  ( -6.610369456981704400, 5.343519187964192300, 5.896218810549815900 ) ) ;
#2368 = ORIENTED_EDGE ( 'NONE', *, *, #2972, .T. ) ;
#2369 = AXIS2_PLACEMENT_3D ( 'NONE', #1699, #2209, #5367 ) ;
#2370 = CARTESIAN_POINT ( 'NONE',  ( 7.064380123506927200, -4.727000472871880600, -5.000000000000000900 ) ) ;
#2371 = CARTESIAN_POINT ( 'NONE',  ( -8.171148828269334500, -2.345922748046164900, 3.939588283601367400 ) ) ;
#2372 = CARTESIAN_POINT ( 'NONE',  ( 5.646151920303507800, -4.294205901284563300, -15.00000000000000000 ) ) ;
#2373 = CARTESIAN_POINT ( 'NONE',  ( 0.0000000000000000000, 3.000000000000000900, 9.687499999999992900 ) ) ;
#2374 = VERTEX_POINT ( 'NONE', #1863 ) ;
#2375 = CARTESIAN_POINT ( 'NONE',  ( -4.345387334901157100, -7.305434379051419600, 6.593850781160913500 ) ) ;
#2376 =( NAMED_UNIT ( * ) SI_UNIT ( $, .STERADIAN. ) SOLID_ANGLE_UNIT ( ) );
#2377 = CARTESIAN_POINT ( 'NONE',  ( -2.043761957265942900, -6.792810382441618200, -15.00000000000000000 ) ) ;
#2378 = CARTESIAN_POINT ( 'NONE',  ( -1.921909913779272600, 8.280214717678486400, 12.18061838803867000 ) ) ;
#2379 = ORIENTED_EDGE ( 'NONE', *, *, #6537, .F. ) ;
#2380 = LINE ( 'NONE', #2001, #3618 ) ;
#2381 = SECURITY_CLASSIFICATION ( '', '', #3581 ) ;
#2382 = CARTESIAN_POINT ( 'NONE',  ( 0.1589857303865496500, 8.499895756964447100, 8.530120213291443300 ) ) ;
#2383 = EDGE_LOOP ( 'NONE', ( #273, #1713, #6082, #3252 ) ) ;
#2384 = EDGE_CURVE ( 'NONE', #2159, #328, #4678, .T. ) ;
#2385 = ADVANCED_FACE ( 'NONE', ( #1842 ), #4429, .T. ) ;
#2386 = ORIENTED_EDGE ( 'NONE', *, *, #3260, .T. ) ;
#2387 = LINE ( 'NONE', #363, #1556 ) ;
#2388 = DIRECTION ( 'NONE',  ( 0.0000000000000000000, -0.0000000000000000000, -1.000000000000000000 ) ) ;
#2389 = ORIENTED_EDGE ( 'NONE', *, *, #1828, .T. ) ;
#2390 = CARTESIAN_POINT ( 'NONE',  ( -4.309199538352015000, 7.326718183379703000, 6.594685079528088200 ) ) ;
#2391 = ORIENTED_EDGE ( 'NONE', *, *, #257, .F. ) ;
#2392 = ADVANCED_FACE ( 'NONE', ( #666 ), #2007, .F. ) ;
#2393 = DIRECTION ( 'NONE',  ( 0.0000000000000000000, 0.0000000000000000000, -1.000000000000000000 ) ) ;
#2394 = ORIENTED_EDGE ( 'NONE', *, *, #2505, .F. ) ;
#2395 = CIRCLE ( 'NONE', #1380, 0.3926990816987240300 ) ;
#2396 = CARTESIAN_POINT ( 'NONE',  ( -6.078516219072041900, -1.445547167183624000, -15.00000000000000000 ) ) ;
#2397 = ORIENTED_EDGE ( 'NONE', *, *, #6713, .T. ) ;
#2398 = ORIENTED_EDGE ( 'NONE', *, *, #920, .T. ) ;
#2399 = DIRECTION ( 'NONE',  ( 0.0000000000000000000, 0.0000000000000000000, -1.000000000000000000 ) ) ;
#2400 = CARTESIAN_POINT ( 'NONE',  ( -4.602258301109786000, -7.146449082439732000, 6.059256832969070100 ) ) ;
#2401 = VERTEX_POINT ( 'NONE', #2911 ) ;
#2402 = EDGE_CURVE ( 'NONE', #5304, #2017, #5130, .T. ) ;
#2403 = FACE_OUTER_BOUND ( 'NONE', #600, .T. ) ;
#2404 = CLOSED_SHELL ( 'NONE', ( #6679, #479, #593, #5860, #6940, #5691, #4874, #4772, #350, #2678, #3214, #1527, #1663, #6, #6638, #5625, #5407, #5246, #1363, #1968, #6780, #3782, #1427, #6295, #2495, #501, #4787, #3714, #1122, #3698, #1623, #1078, #3617, #966, #242, #6714, #4171, #6388, #3285, #3497, #2385, #607, #2357, #2113, #2057, #1640, #1950, #6407, #3666, #2633, #1866, #5316, #6223, #5813, #2722, #5737, #276, #1571, #6461, #5269, #531, #4825, #3987, #2099, #3171, #1404, #439, #2516, #4525, #2128, #5798, #549, #848, #4733, #5880, #3008, #5782, #6475, #1452, #1341, #6795, #4272, #4340, #5205, #5180, #2172, #69, #4802, #2186, #3025, #6917, #6359, #6868, #22, #1543, #2945, #6762, #6879, #3941, #3148, #1594, #806, #3181, #5893, #1054, #410, #1038, #4561, #4105, #4318, #2079, #3774, #3544, #2620, #4188, #5091, #3095, #1098, #4685, #990, #1900, #1109, #6498, #3059, #2657, #6894, #5340, #3638, #934, #738, #4058, #207, #1609, #3234, #1834, #3761, #4296, #5907, #1494, #4223, #2433, #5706, #1991, #6378, #5298, #1008, #3426, #46, #5374, #4147, #6146, #2392, #5285, #569, #3589, #2744, #4078, #6826, #2605, #2709, #519, #5931, #2696, #3735, #5838, #367, #5152, #2584, #3124, #1025, #6958, #6269, #1513, #250, #6430, #4283, #2200, #6311, #3194, #3685, #5551, #4492, #2021, #768, #4249, #4020, #5387, #4757, #4709, #4646, #4529 ) ) ;
#2405 = ORIENTED_EDGE ( 'NONE', *, *, #3221, .T. ) ;
#2406 = ORIENTED_EDGE ( 'NONE', *, *, #2137, .F. ) ;
#2407 = AXIS2_PLACEMENT_3D ( 'NONE', #5021, #4954, #5523 ) ;
#2408 = CARTESIAN_POINT ( 'NONE',  ( -8.485746580225962200, 0.4964530401845619300, -1.408159250890336700 ) ) ;
#2409 = CARTESIAN_POINT ( 'NONE',  ( 35.62459247979219200, -11.16049690750944000, -5.000000000000000900 ) ) ;
#2410 = B_SPLINE_CURVE_WITH_KNOTS ( 'NONE', 3,
 ( #1518, #1028, #4767, #3629 ),
 .UNSPECIFIED., .F., .F.,
 ( 4, 4 ),
 ( 2.997673248220892300E-007, 0.0008591888329047437500 ),
 .UNSPECIFIED. ) ;
#2411 = CARTESIAN_POINT ( 'NONE',  ( -1.132258180102180700, -6.458297209747802200, -15.00000000000000000 ) ) ;
#2412 = VECTOR ( 'NONE', #1440, 1000.000000000000000 ) ;
#2413 = FACE_OUTER_BOUND ( 'NONE', #5270, .T. ) ;
#2414 = EDGE_CURVE ( 'NONE', #4288, #4131, #6861, .T. ) ;
#2415 = EDGE_LOOP ( 'NONE', ( #1596, #302, #1897, #2878 ) ) ;
#2416 = VERTEX_POINT ( 'NONE', #1292 ) ;
#2417 = CARTESIAN_POINT ( 'NONE',  ( -0.2352398704041575300, -6.552577633207925500, -5.000000000000000900 ) ) ;
#2418 = DIRECTION ( 'NONE',  ( 0.5000000000000040000, 0.8660254037844363800, 0.0000000000000000000 ) ) ;
#2419 = FACE_OUTER_BOUND ( 'NONE', #4204, .T. ) ;
#2420 = AXIS2_PLACEMENT_3D ( 'NONE', #3931, #3355, #3403 ) ;
#2421 = VECTOR ( 'NONE', #4138, 1000.000000000000000 ) ;
#2422 = CIRCLE ( 'NONE', #3843, 0.3926990816987240300 ) ;
#2423 = VERTEX_POINT ( 'NONE', #190 ) ;
#2424 = CARTESIAN_POINT ( 'NONE',  ( 3.962676671438605200, 7.519786805326789100, -5.000000000000004400 ) ) ;
#2425 = CIRCLE ( 'NONE', #167, 30.54279649802281700 ) ;
#2426 = CARTESIAN_POINT ( 'NONE',  ( -9.629649721936179300E-032, 8.029657287525385100, 13.00000000000000000 ) ) ;
#2427 = FACE_OUTER_BOUND ( 'NONE', #1442, .T. ) ;
#2428 = DIRECTION ( 'NONE',  ( 0.8090169943749425700, -0.5877852522924798000, 0.0000000000000000000 ) ) ;
#2429 = EDGE_CURVE ( 'NONE', #595, #4631, #5865, .T. ) ;
#2430 = ORIENTED_EDGE ( 'NONE', *, *, #2384, .T. ) ;
#2431 = AXIS2_PLACEMENT_3D ( 'NONE', #2225, #4374, #5966 ) ;
#2432 = CARTESIAN_POINT ( 'NONE',  ( 0.0000000000000000000, 0.0000000000000000000, 0.0000000000000000000 ) ) ;
#2433 = ADVANCED_FACE ( 'NONE', ( #3492 ), #1001, .T. ) ;
#2434 = CARTESIAN_POINT ( 'NONE',  ( 5.344456036819129200, -6.609598298724932900, 5.729814788946944400 ) ) ;
#2435 = CIRCLE ( 'NONE', #4231, 0.3926990816987240300 ) ;
#2436 = DIRECTION ( 'NONE',  ( -0.3090169943749573300, -0.9510565162951503100, -2.271859390595230800E-016 ) ) ;
#2437 = DIRECTION ( 'NONE',  ( 0.9135454576426059700, 0.4067366430757887700, 0.0000000000000000000 ) ) ;
#2438 = ORIENTED_EDGE ( 'NONE', *, *, #5595, .T. ) ;
#2439 = DIRECTION ( 'NONE',  ( 0.0000000000000000000, 0.0000000000000000000, 1.000000000000000000 ) ) ;
#2440 = CARTESIAN_POINT ( 'NONE',  ( 5.933994157072579200, -6.085912240869427100, 6.298621551162883100 ) ) ;
#2441 = EDGE_CURVE ( 'NONE', #6125, #6824, #2263, .T. ) ;
#2442 = CARTESIAN_POINT ( 'NONE',  ( 3.680498208442089900, -6.064088453133639000, -5.000000000000000900 ) ) ;
#2443 = AXIS2_PLACEMENT_3D ( 'NONE', #1475, #922, #1432 ) ;
#2444 = CARTESIAN_POINT ( 'NONE',  ( -4.629954344567733100, 5.374268191762720200, -5.000000000000000900 ) ) ;
#2445 = DIRECTION ( 'NONE',  ( -0.0000000000000000000, -0.0000000000000000000, 1.000000000000000000 ) ) ;
#2446 = CARTESIAN_POINT ( 'NONE',  ( -36.27369183397934200, -7.710211215308371300, -5.000000000000000900 ) ) ;
#2447 = B_SPLINE_CURVE_WITH_KNOTS ( 'NONE', 3,
 ( #2708, #6946, #4831, #2194, #2, #1043, #3226, #5391, #5324, #3727 ),
 .UNSPECIFIED., .F., .F.,
 ( 4, 2, 2, 2, 4 ),
 ( 0.01097711410735555300, 0.01369580152219314200, 0.01641448893703072900, 0.01913317635186831700, 0.02185186376670590600 ),
 .UNSPECIFIED. ) ;
#2448 = EDGE_CURVE ( 'NONE', #1396, #4549, #4514, .T. ) ;
#2449 = ORIENTED_EDGE ( 'NONE', *, *, #6207, .F. ) ;
#2450 = CARTESIAN_POINT ( 'NONE',  ( -6.415585563879100800, 3.026466207034243200, -15.00000000000000000 ) ) ;
#2451 = CARTESIAN_POINT ( 'NONE',  ( 1.250249465576704700, -8.407808217594059400, -3.199732156541129900 ) ) ;
#2452 = EDGE_CURVE ( 'NONE', #2141, #558, #6530, .T. ) ;
#2453 = AXIS2_PLACEMENT_3D ( 'NONE', #1615, #1517, #4220 ) ;
#2454 = ORIENTED_EDGE ( 'NONE', *, *, #5081, .T. ) ;
#2455 = CARTESIAN_POINT ( 'NONE',  ( -5.026920358780701600, -4.209712952485083400, -5.000000000000000900 ) ) ;
#2456 = DIRECTION ( 'NONE',  ( 0.0000000000000000000, 0.0000000000000000000, -1.000000000000000000 ) ) ;
#2457 = DIRECTION ( 'NONE',  ( -0.0000000000000000000, -0.0000000000000000000, 1.000000000000000000 ) ) ;
#2458 = TOROIDAL_SURFACE ( 'NONE', #4885, 31.43791576719764100, 3.946090011793464700 ) ;
#2459 = ORIENTED_EDGE ( 'NONE', *, *, #6176, .T. ) ;
#2460 = AXIS2_PLACEMENT_3D ( 'NONE', #6032, #3340, #4427 ) ;
#2461 = CARTESIAN_POINT ( 'NONE',  ( 5.726245996640162900, -2.474487587551219600, -5.000000000000000900 ) ) ;
#2462 = CARTESIAN_POINT ( 'NONE',  ( -5.439534267936029000, -6.531574614737271700, -5.000000000000004400 ) ) ;
#2463 = CIRCLE ( 'NONE', #2712, 3.946090011793464700 ) ;
#2464 = DIRECTION ( 'NONE',  ( -1.000000000000000000, 0.0000000000000000000, 0.0000000000000000000 ) ) ;
#2465 = LINE ( 'NONE', #1533, #3367 ) ;
#2466 = ORIENTED_EDGE ( 'NONE', *, *, #4289, .T. ) ;
#2467 = ORIENTED_EDGE ( 'NONE', *, *, #3161, .T. ) ;
#2468 = DIRECTION ( 'NONE',  ( -0.0000000000000000000, -0.0000000000000000000, 1.000000000000000000 ) ) ;
#2469 = DIRECTION ( 'NONE',  ( -0.0000000000000000000, 1.000000000000000000, -0.0000000000000000000 ) ) ;
#2470 = AXIS2_PLACEMENT_3D ( 'NONE', #6145, #1322, #760 ) ;
#2471 = ORIENTED_EDGE ( 'NONE', *, *, #6272, .T. ) ;
#2472 = VECTOR ( 'NONE', #5536, 1000.000000000000000 ) ;
#2473 = ORIENTED_EDGE ( 'NONE', *, *, #926, .T. ) ;
#2474 = VERTEX_POINT ( 'NONE', #2950 ) ;
#2475 = DIRECTION ( 'NONE',  ( 0.9945218953682730700, -0.1045284632676571100, 0.0000000000000000000 ) ) ;
#2476 = ORIENTED_EDGE ( 'NONE', *, *, #3384, .F. ) ;
#2477 = FACE_OUTER_BOUND ( 'NONE', #4400, .T. ) ;
#2478 = CARTESIAN_POINT ( 'NONE',  ( 1.154700538379252100, 8.499999999999992900, 11.00000000000000000 ) ) ;
#2479 = ORIENTED_EDGE ( 'NONE', *, *, #780, .T. ) ;
#2480 = ORIENTED_EDGE ( 'NONE', *, *, #6619, .F. ) ;
#2481 = EDGE_CURVE ( 'NONE', #6369, #3407, #325, .T. ) ;
#2482 = EDGE_LOOP ( 'NONE', ( #6761, #6712, #3015 ) ) ;
#2483 = EDGE_CURVE ( 'NONE', #6315, #1473, #3162, .T. ) ;
#2484 = CARTESIAN_POINT ( 'NONE',  ( -7.124774333343464300, 4.635490153333382300, 5.894650971827159600 ) ) ;
#2485 = ORIENTED_EDGE ( 'NONE', *, *, #5054, .F. ) ;
#2486 = VECTOR ( 'NONE', #4402, 1000.000000000000000 ) ;
#2487 = CARTESIAN_POINT ( 'NONE',  ( -29.73656178141688100, -22.16231829779296100, -5.000000000000000900 ) ) ;
#2488 = ORIENTED_EDGE ( 'NONE', *, *, #1498, .F. ) ;
#2489 = CARTESIAN_POINT ( 'NONE',  ( 1.740444855057017300, 2.446868327774995900, 12.01860697223892800 ) ) ;
#2490 = CARTESIAN_POINT ( 'NONE',  ( -1.312500000000006000, 3.000000000000000900, 11.00000000000000000 ) ) ;
#2491 = VERTEX_POINT ( 'NONE', #338 ) ;
#2492 = CARTESIAN_POINT ( 'NONE',  ( 3.051852017096595500, -7.933233846656947600, 5.729814788946939100 ) ) ;
#2493 = EDGE_CURVE ( 'NONE', #3138, #6923, #5678, .T. ) ;
#2494 = LINE ( 'NONE', #6421, #2667 ) ;
#2495 = ADVANCED_FACE ( 'NONE', ( #2091 ), #2588, .T. ) ;
#2496 = LINE ( 'NONE', #6231, #3979 ) ;
#2497 = LINE ( 'NONE', #4906, #732 ) ;
#2498 = AXIS2_PLACEMENT_3D ( 'NONE', #1942, #882, #4117 ) ;
#2499 = CARTESIAN_POINT ( 'NONE',  ( 4.752444336767296400, -7.048118932348353700, -0.5144932263081487500 ) ) ;
#2500 = B_SPLINE_CURVE_WITH_KNOTS ( 'NONE', 3,
 ( #4256, #2598, #2618, #1492 ),
 .UNSPECIFIED., .F., .F.,
 ( 4, 4 ),
 ( 2.800375793042280500E-007, 0.0008591691031545530600 ),
 .UNSPECIFIED. ) ;
#2501 = DIRECTION ( 'NONE',  ( -0.0000000000000000000, -0.0000000000000000000, 1.000000000000000000 ) ) ;
#2502 = ORIENTED_EDGE ( 'NONE', *, *, #422, .T. ) ;
#2503 = DIRECTION ( 'NONE',  ( 1.000000000000000000, -2.657364479955413000E-015, 0.0000000000000000000 ) ) ;
#2504 = CYLINDRICAL_SURFACE ( 'NONE', #3065, 30.84641689323308700 ) ;
#2505 = EDGE_CURVE ( 'NONE', #5752, #981, #744, .T. ) ;
#2506 = VECTOR ( 'NONE', #2713, 1000.000000000000000 ) ;
#2507 = ORIENTED_EDGE ( 'NONE', *, *, #3145, .F. ) ;
#2508 = DIRECTION ( 'NONE',  ( 0.7071067811865483500, 8.659560562354942700E-017, -0.7071067811865468000 ) ) ;
#2509 = DIRECTION ( 'NONE',  ( 1.000000000000000000, -8.860801440960031400E-016, 0.0000000000000000000 ) ) ;
#2510 = CARTESIAN_POINT ( 'NONE',  ( 7.702726106878440500, 3.594306636832020500, 6.573057656663823200 ) ) ;
#2511 = AXIS2_PLACEMENT_3D ( 'NONE', #1601, #4811, #1103 ) ;
#2512 = LINE ( 'NONE', #4886, #4679 ) ;
#2513 = ORIENTED_EDGE ( 'NONE', *, *, #945, .T. ) ;
#2514 = DIRECTION ( 'NONE',  ( -0.0000000000000000000, 1.000000000000000000, 0.0000000000000000000 ) ) ;
#2515 = CARTESIAN_POINT ( 'NONE',  ( 0.5867961629527924700, -7.069293181989133100, -5.000000000000000900 ) ) ;
#2516 = ADVANCED_FACE ( 'NONE', ( #3079 ), #4166, .F. ) ;
#2517 = CARTESIAN_POINT ( 'NONE',  ( 2.691722823870602400, -8.062544774415460600, 6.594685079528093600 ) ) ;
#2518 = EDGE_CURVE ( 'NONE', #6913, #4883, #5100, .T. ) ;
#2519 = AXIS2_PLACEMENT_3D ( 'NONE', #5459, #5437, #2205 ) ;
#2520 = ORIENTED_EDGE ( 'NONE', *, *, #4355, .T. ) ;
#2521 = EDGE_CURVE ( 'NONE', #4288, #5339, #4351, .T. ) ;
#2522 = CARTESIAN_POINT ( 'NONE',  ( 1.154700538379252100, 6.499999999999993800, 11.00000000000000000 ) ) ;
#2523 = CARTESIAN_POINT ( 'NONE',  ( 4.487488219535054100, -4.881463260234206700, -15.00000000000000000 ) ) ;
#2524 = EDGE_LOOP ( 'NONE', ( #2053, #6158, #620, #1931 ) ) ;
#2525 = CARTESIAN_POINT ( 'NONE',  ( 6.541271189478328200, 0.4509796686607168700, -15.00000000000000000 ) ) ;
#2526 = DIRECTION ( 'NONE',  ( 1.000000000000000000, 0.0000000000000000000, 0.0000000000000000000 ) ) ;
#2527 = CARTESIAN_POINT ( 'NONE',  ( 6.656250773795677300, 5.286651907054359600, -3.199732156539796700 ) ) ;
#2528 = DIRECTION ( 'NONE',  ( -0.0000000000000000000, -0.0000000000000000000, -1.000000000000000000 ) ) ;
#2529 = EDGE_CURVE ( 'NONE', #4503, #2062, #5682, .T. ) ;
#2530 = DIRECTION ( 'NONE',  ( -0.0000000000000000000, -0.0000000000000000000, 1.000000000000000000 ) ) ;
#2531 = CARTESIAN_POINT ( 'NONE',  ( 7.871210902642040700, -1.035258386167027900, -15.00000000000000000 ) ) ;
#2532 = AXIS2_PLACEMENT_3D ( 'NONE', #1927, #2456, #3496 ) ;
#2533 = ORIENTED_EDGE ( 'NONE', *, *, #2129, .T. ) ;
#2534 = DIRECTION ( 'NONE',  ( 1.000000000000000000, 0.0000000000000000000, 0.0000000000000000000 ) ) ;
#2535 = B_SPLINE_CURVE_WITH_KNOTS ( 'NONE', 3,
 ( #5467, #1258, #6074, #6617 ),
 .UNSPECIFIED., .F., .F.,
 ( 4, 4 ),
 ( 2.669205404547699400E-007, 0.0008591559861144713400 ),
 .UNSPECIFIED. ) ;
#2536 = EDGE_CURVE ( 'NONE', #3317, #539, #1411, .T. ) ;
#2537 = CARTESIAN_POINT ( 'NONE',  ( 3.680498208442089900, -6.064088453133639000, -15.00000000000000000 ) ) ;
#2538 = EDGE_LOOP ( 'NONE', ( #3400, #5613, #2210, #151 ) ) ;
#2539 = AXIS2_PLACEMENT_3D ( 'NONE', #6008, #5475, #3812 ) ;
#2540 = FACE_OUTER_BOUND ( 'NONE', #6069, .T. ) ;
#2541 = ADVANCED_FACE ( 'NONE', ( #6353 ), #3578, .F. ) ;
#2542 = CYLINDRICAL_SURFACE ( 'NONE', #6200, 2.000000000000000000 ) ;
#2543 = CARTESIAN_POINT ( 'NONE',  ( 6.980843993237901800, -4.522534242352054300, -14.62213446431252900 ) ) ;
#2544 = CARTESIAN_POINT ( 'NONE',  ( -4.309199538352116200, -7.326718183379633800, 6.594685079528090000 ) ) ;
#2545 = ORIENTED_EDGE ( 'NONE', *, *, #6668, .F. ) ;
#2546 = ORIENTED_EDGE ( 'NONE', *, *, #2137, .T. ) ;
#2547 = VECTOR ( 'NONE', #3300, 1000.000000000000000 ) ;
#2548 = AXIS2_PLACEMENT_3D ( 'NONE', #2951, #6195, #6752 ) ;
#2549 = CARTESIAN_POINT ( 'NONE',  ( -7.111114327246281300, 4.656668157643434100, 6.058962035704803700 ) ) ;
#2550 = ORIENTED_EDGE ( 'NONE', *, *, #3475, .T. ) ;
#2551 = ORIENTED_EDGE ( 'NONE', *, *, #527, .F. ) ;
#2552 = CARTESIAN_POINT ( 'NONE',  ( -1.223574900788320500, 8.411508828022945700, 6.298430464425629300 ) ) ;
#2553 = B_SPLINE_CURVE_WITH_KNOTS ( 'NONE', 3,
 ( #2358, #3977, #1939, #2978, #2408, #1867, #3016, #5701 ),
 .UNSPECIFIED., .F., .F.,
 ( 4, 2, 2, 4 ),
 ( 0.007990633675758213700, 0.01338233349691906600, 0.01607818340749949200, 0.01877403331807991900 ),
 .UNSPECIFIED. ) ;
#2554 = CARTESIAN_POINT ( 'NONE',  ( 0.5773502691896262900, 6.499999999999993800, 11.99999999999999600 ) ) ;
#2555 = ORIENTED_EDGE ( 'NONE', *, *, #4696, .T. ) ;
#2556 = VECTOR ( 'NONE', #3583, 1000.000000000000000 ) ;
#2557 = VERTEX_POINT ( 'NONE', #4038 ) ;
#2558 = EDGE_LOOP ( 'NONE', ( #3465, #6169, #4027, #1399 ) ) ;
#2559 = CARTESIAN_POINT ( 'NONE',  ( -2.936742409106772200, 7.976562168162030500, -4.098268287265451400 ) ) ;
#2560 = DIRECTION ( 'NONE',  ( -0.0000000000000000000, 1.000000000000000000, -0.0000000000000000000 ) ) ;
#2561 = DIRECTION ( 'NONE',  ( -0.0000000000000000000, 0.0000000000000000000, 1.000000000000000000 ) ) ;
#2562 = CARTESIAN_POINT ( 'NONE',  ( -8.360870332481093600, 1.531777609544769500, 6.484231308571887500 ) ) ;
#2563 = ORIENTED_EDGE ( 'NONE', *, *, #2024, .F. ) ;
#2564 = LINE ( 'NONE', #953, #5329 ) ;
#2565 = VERTEX_POINT ( 'NONE', #6296 ) ;
#2566 = ORIENTED_EDGE ( 'NONE', *, *, #5365, .F. ) ;
#2567 = CARTESIAN_POINT ( 'NONE',  ( -32.52571187882175300, -18.32338253024444100, -5.000000000000000900 ) ) ;
#2568 = ORIENTED_EDGE ( 'NONE', *, *, #3086, .F. ) ;
#2569 = DIRECTION ( 'NONE',  ( -0.0000000000000000000, -0.0000000000000000000, 1.000000000000000000 ) ) ;
#2570 = DIRECTION ( 'NONE',  ( -0.6691306063588569100, 0.7431448254773954700, -3.374246315831957900E-016 ) ) ;
#2571 = LINE ( 'NONE', #4690, #3398 ) ;
#2572 = EDGE_CURVE ( 'NONE', #3275, #1461, #5959, .T. ) ;
#2573 = FACE_OUTER_BOUND ( 'NONE', #6850, .T. ) ;
#2574 = ORIENTED_EDGE ( 'NONE', *, *, #4464, .F. ) ;
#2575 = ORIENTED_EDGE ( 'NONE', *, *, #1356, .F. ) ;
#2576 = CARTESIAN_POINT ( 'NONE',  ( -4.230257687532057900, 7.372720363880459300, 6.595592633140082500 ) ) ;
#2577 = CARTESIAN_POINT ( 'NONE',  ( -3.022908415224728100, 7.547743829109562000, -14.80898906760511500 ) ) ;
#2578 = CIRCLE ( 'NONE', #6759, 3.450000000000000200 ) ;
#2579 = CARTESIAN_POINT ( 'NONE',  ( 0.5773502691896262900, 6.499999999999993800, 11.99999999999999600 ) ) ;
#2580 = FACE_OUTER_BOUND ( 'NONE', #3606, .T. ) ;
#2581 = FACE_OUTER_BOUND ( 'NONE', #347, .T. ) ;
#2582 = CARTESIAN_POINT ( 'NONE',  ( -6.115588681060454100, 1.229860609608967500, -5.000000000000004400 ) ) ;
#2583 = EDGE_CURVE ( 'NONE', #4010, #6094, #6754, .T. ) ;
#2584 = ADVANCED_FACE ( 'NONE', ( #6189 ), #4935, .F. ) ;
#2585 = DIRECTION ( 'NONE',  ( -0.0000000000000000000, 0.0000000000000000000, 1.000000000000000000 ) ) ;
#2586 = ORIENTED_EDGE ( 'NONE', *, *, #6395, .T. ) ;
#2587 = EDGE_CURVE ( 'NONE', #2903, #4943, #6114, .T. ) ;
#2588 = CYLINDRICAL_SURFACE ( 'NONE', #6298, 3.946090011793464700 ) ;
#2589 = AXIS2_PLACEMENT_3D ( 'NONE', #217, #759, #411 ) ;
#2590 = DIRECTION ( 'NONE',  ( -0.0000000000000000000, 0.0000000000000000000, -1.000000000000000000 ) ) ;
#2591 = CARTESIAN_POINT ( 'NONE',  ( -2.312631089366764300, 8.179348228583027200, -5.000000000000020400 ) ) ;
#2592 = B_SPLINE_CURVE_WITH_KNOTS ( 'NONE', 3,
 ( #3143, #3634, #2527, #3097, #6309, #1470, #4694, #5208 ),
 .UNSPECIFIED., .F., .F.,
 ( 4, 2, 2, 4 ),
 ( 1.992342074533856700E-007, 0.002695036964428845400, 0.005389874694650236900, 0.01077955015509302100 ),
 .UNSPECIFIED. ) ;
#2593 = FACE_OUTER_BOUND ( 'NONE', #2033, .T. ) ;
#2594 = CARTESIAN_POINT ( 'NONE',  ( 6.014742451140577400, -6.006069700432008500, 5.729814788946933700 ) ) ;
#2595 = DIRECTION ( 'NONE',  ( -0.0000000000000000000, -0.0000000000000000000, -1.000000000000000000 ) ) ;
#2596 = DIRECTION ( 'NONE',  ( 0.8660254037844433700, 0.4999999999999919500, 0.0000000000000000000 ) ) ;
#2597 = VERTEX_POINT ( 'NONE', #6206 ) ;
#2598 = CARTESIAN_POINT ( 'NONE',  ( 6.980843993236493200, 4.522534242349092200, -14.62213446431530700 ) ) ;
#2599 = CIRCLE ( 'NONE', #6252, 3.946090011793464700 ) ;
#2600 = CARTESIAN_POINT ( 'NONE',  ( 8.376276677044053500, -1.444987553419918100, -15.00000000000000000 ) ) ;
#2601 = CARTESIAN_POINT ( 'NONE',  ( 4.122884871565432300, 4.681324852090418700, -15.00000000000000000 ) ) ;
#2602 = DIRECTION ( 'NONE',  ( -0.0000000000000000000, -0.0000000000000000000, -1.000000000000000000 ) ) ;
#2603 = EDGE_LOOP ( 'NONE', ( #5295, #1725, #6170, #4447 ) ) ;
#2604 = AXIS2_PLACEMENT_3D ( 'NONE', #5531, #4448, #4944 ) ;
#2605 = ADVANCED_FACE ( 'NONE', ( #5519 ), #4761, .F. ) ;
#2606 = ORIENTED_EDGE ( 'NONE', *, *, #2024, .T. ) ;
#2607 = CARTESIAN_POINT ( 'NONE',  ( -0.5773502691896270600, 6.499999999999993800, 11.99999999999999600 ) ) ;
#2608 = CARTESIAN_POINT ( 'NONE',  ( 0.0000000000000000000, 0.0000000000000000000, 15.00000000000000000 ) ) ;
#2609 = B_SPLINE_CURVE_WITH_KNOTS ( 'NONE', 3,
 ( #2768, #2220, #5962, #609 ),
 .UNSPECIFIED., .F., .F.,
 ( 4, 4 ),
 ( 0.0000000000000000000, 0.0001370343569984955600 ),
 .UNSPECIFIED. ) ;
#2610 = CARTESIAN_POINT ( 'NONE',  ( 8.498728139152920100, -0.1504626009006994900, 6.573086126606269500 ) ) ;
#2611 = DIRECTION ( 'NONE',  ( -0.0000000000000000000, -0.0000000000000000000, -1.000000000000000000 ) ) ;
#2612 = CC_DESIGN_PERSON_AND_ORGANIZATION_ASSIGNMENT ( #5044, #901, ( #2260 ) ) ;
#2613 = DIRECTION ( 'NONE',  ( -1.224646799147353900E-016, 1.000000000000000000, -0.0000000000000000000 ) ) ;
#2614 = DIRECTION ( 'NONE',  ( 0.2079116908177532400, -0.9781476007338069100, 0.0000000000000000000 ) ) ;
#2615 = CARTESIAN_POINT ( 'NONE',  ( -1.154700538379251900, 6.499999999999993800, 11.00000000000000000 ) ) ;
#2616 = CARTESIAN_POINT ( 'NONE',  ( -5.759433774845724100, -5.464123314234994300, -15.00000000000000000 ) ) ;
#2617 = DIRECTION ( 'NONE',  ( 1.000000000000000000, 0.0000000000000000000, 0.0000000000000000000 ) ) ;
#2618 = CARTESIAN_POINT ( 'NONE',  ( 6.882036798477778400, 4.329432053252090500, -14.80898905521766600 ) ) ;
#2619 = VERTEX_POINT ( 'NONE', #1019 ) ;
#2620 = ADVANCED_FACE ( 'NONE', ( #3247 ), #4263, .F. ) ;
#2621 = EDGE_CURVE ( 'NONE', #2017, #3420, #3017, .T. ) ;
#2622 = CARTESIAN_POINT ( 'NONE',  ( -6.471215300770765600, -1.445547167183624000, -15.00000000000000000 ) ) ;
#2623 = ORIENTED_EDGE ( 'NONE', *, *, #5636, .F. ) ;
#2624 = EDGE_CURVE ( 'NONE', #1235, #3138, #3331, .T. ) ;
#2625 = CARTESIAN_POINT ( 'NONE',  ( 2.449293598294705400E-016, 7.937500000000005300, 9.000000000000000000 ) ) ;
#2626 = AXIS2_PLACEMENT_3D ( 'NONE', #1958, #5202, #932 ) ;
#2627 = CARTESIAN_POINT ( 'NONE',  ( 0.0000000000000000000, 0.0000000000000000000, 15.00000000000000000 ) ) ;
#2628 = ORIENTED_EDGE ( 'NONE', *, *, #6529, .T. ) ;
#2629 = DIRECTION ( 'NONE',  ( -1.000000000000000000, 0.0000000000000000000, 0.0000000000000000000 ) ) ;
#2630 = CARTESIAN_POINT ( 'NONE',  ( 7.084799353512537800, -4.696805389888473000, -3.199732156540944200 ) ) ;
#2631 = CARTESIAN_POINT ( 'NONE',  ( -3.853454091725645500, 7.576337608824590400, 5.729814788935505600 ) ) ;
#2632 = EDGE_CURVE ( 'NONE', #2960, #3593, #413, .T. ) ;
#2633 = ADVANCED_FACE ( 'NONE', ( #829, #2920 ), #499, .F. ) ;
#2634 = CARTESIAN_POINT ( 'NONE',  ( 2.449293598294705900E-016, 3.562500000000000400, 9.000000000000000000 ) ) ;
#2635 = VECTOR ( 'NONE', #4454, 1000.000000000000200 ) ;
#2636 = CYLINDRICAL_SURFACE ( 'NONE', #3352, 3.946090011793464700 ) ;
#2637 = CARTESIAN_POINT ( 'NONE',  ( 1.387586425983129400, 8.011305538492207400, -14.80898904780102200 ) ) ;
#2638 = ORIENTED_EDGE ( 'NONE', *, *, #1528, .F. ) ;
#2639 = AXIS2_PLACEMENT_3D ( 'NONE', #6156, #2457, #1402 ) ;
#2640 = CARTESIAN_POINT ( 'NONE',  ( 0.0000000000000000000, 0.0000000000000000000, -14.43900000000000000 ) ) ;
#2641 = CARTESIAN_POINT ( 'NONE',  ( -8.500000000000003600, 1.040949779275250500E-015, 14.43899999999999800 ) ) ;
#2642 = ORIENTED_EDGE ( 'NONE', *, *, #4413, .T. ) ;
#2643 = LINE ( 'NONE', #940, #878 ) ;
#2644 = CARTESIAN_POINT ( 'NONE',  ( 6.036215036775489700, 5.156726580865574200, -15.00000000000000000 ) ) ;
#2645 = EDGE_LOOP ( 'NONE', ( #3504, #4311, #4565, #4323 ) ) ;
#2646 = ORIENTED_EDGE ( 'NONE', *, *, #427, .F. ) ;
#2647 = DIRECTION ( 'NONE',  ( -0.0000000000000000000, -0.0000000000000000000, -1.000000000000000000 ) ) ;
#2648 = AXIS2_PLACEMENT_3D ( 'NONE', #4327, #5403, #4866 ) ;
#2649 = DIRECTION ( 'NONE',  ( 1.000000000000000000, 0.0000000000000000000, 0.0000000000000000000 ) ) ;
#2650 = ORIENTED_EDGE ( 'NONE', *, *, #339, .F. ) ;
#2651 = VECTOR ( 'NONE', #4419, 1000.000000000000000 ) ;
#2652 = B_SPLINE_CURVE_WITH_KNOTS ( 'NONE', 3,
 ( #4412, #6037, #101, #2268, #1790, #5538, #2284, #1167 ),
 .UNSPECIFIED., .F., .F.,
 ( 4, 2, 2, 4 ),
 ( 1.992342074542504600E-007, 0.002695036964428245600, 0.005389874694649036400, 0.01077955015509062000 ),
 .UNSPECIFIED. ) ;
#2653 = ORIENTED_EDGE ( 'NONE', *, *, #4554, .T. ) ;
#2654 = EDGE_CURVE ( 'NONE', #6501, #4995, #5443, .T. ) ;
#2655 = DIRECTION ( 'NONE',  ( -0.3090169943749450100, 0.9510565162951544200, 0.0000000000000000000 ) ) ;
#2656 = ORIENTED_EDGE ( 'NONE', *, *, #563, .T. ) ;
#2657 = ADVANCED_FACE ( 'NONE', ( #6944 ), #1923, .T. ) ;
#2658 = DIRECTION ( 'NONE',  ( 0.8660254037844363800, -0.5000000000000040000, 0.0000000000000000000 ) ) ;
#2659 = ORIENTED_EDGE ( 'NONE', *, *, #2801, .F. ) ;
#2660 = CIRCLE ( 'NONE', #2112, 3.946090011793464300 ) ;
#2661 = PLANE ( 'NONE',  #614 ) ;
#2662 = CARTESIAN_POINT ( 'NONE',  ( -5.927207807669565100, 6.092471387269785800, -14.43900000000000000 ) ) ;
#2663 = VERTEX_POINT ( 'NONE', #2072 ) ;
#2664 = ORIENTED_EDGE ( 'NONE', *, *, #162, .F. ) ;
#2665 = CARTESIAN_POINT ( 'NONE',  ( 2.691722823870602400, -8.062544774415460600, 6.594685079528093600 ) ) ;
#2666 = DIRECTION ( 'NONE',  ( -0.0000000000000000000, 0.0000000000000000000, 1.000000000000000000 ) ) ;
#2667 = VECTOR ( 'NONE', #2703, 1000.000000000000000 ) ;
#2668 = TOROIDAL_SURFACE ( 'NONE', #4913, 31.43791576719764800, 3.946090011793464700 ) ;
#2669 = LINE ( 'NONE', #4227, #4667 ) ;
#2670 = EDGE_LOOP ( 'NONE', ( #879, #2350, #1649, #4851 ) ) ;
#2671 = CARTESIAN_POINT ( 'NONE',  ( 0.0000000000000000000, 0.0000000000000000000, -14.43900000000000000 ) ) ;
#2672 = DIRECTION ( 'NONE',  ( 0.2079116908177664800, 0.9781476007338041300, 0.0000000000000000000 ) ) ;
#2673 = CARTESIAN_POINT ( 'NONE',  ( 0.5867961629527924700, -7.069293181989133100, -15.00000000000000000 ) ) ;
#2674 = EDGE_CURVE ( 'NONE', #3407, #5486, #3555, .T. ) ;
#2675 = VECTOR ( 'NONE', #3428, 1000.000000000000100 ) ;
#2676 = VECTOR ( 'NONE', #2988, 1000.000000000000000 ) ;
#2677 = VECTOR ( 'NONE', #6938, 1000.000000000000000 ) ;
#2678 = ADVANCED_FACE ( 'NONE', ( #1684 ), #2766, .F. ) ;
#2679 = AXIS2_PLACEMENT_3D ( 'NONE', #6808, #352, #938 ) ;
#2680 = CARTESIAN_POINT ( 'NONE',  ( -1.038101523674622700, -8.436430266417616500, 6.572988031080702100 ) ) ;
#2681 = ORIENTED_EDGE ( 'NONE', *, *, #4420, .T. ) ;
#2682 = DIRECTION ( 'NONE',  ( -0.0000000000000000000, -0.0000000000000000000, -1.000000000000000000 ) ) ;
#2683 = CARTESIAN_POINT ( 'NONE',  ( 24.76316651133250700, -27.60467995081516100, -5.000000000000000900 ) ) ;
#2684 = CARTESIAN_POINT ( 'NONE',  ( 8.497358321776999900, -0.2142907576790704400, 6.518059910008557400 ) ) ;
#2685 = CYLINDRICAL_SURFACE ( 'NONE', #1359, 3.946090011793464700 ) ;
#2686 = CARTESIAN_POINT ( 'NONE',  ( -4.756133881732450800, 7.046291145889862900, 3.939515912105007200 ) ) ;
#2687 = ORIENTED_EDGE ( 'NONE', *, *, #2699, .T. ) ;
#2688 = AXIS2_PLACEMENT_3D ( 'NONE', #1206, #6591, #689 ) ;
#2689 = DIRECTION ( 'NONE',  ( 1.000000000000000000, 0.0000000000000000000, 0.0000000000000000000 ) ) ;
#2690 = CARTESIAN_POINT ( 'NONE',  ( 5.792318625829845600, -3.072565112851029800, -5.000000000000000900 ) ) ;
#2691 = CARTESIAN_POINT ( 'NONE',  ( 6.541271189478328200, -0.4509796686607168700, -15.00000000000000000 ) ) ;
#2692 = CARTESIAN_POINT ( 'NONE',  ( 2.333418567394847500, 8.173562144721387300, 6.377563670364568600 ) ) ;
#2693 = CARTESIAN_POINT ( 'NONE',  ( 33.87798158682741000, -15.08344920281000000, -5.000000000000000900 ) ) ;
#2694 = ORIENTED_EDGE ( 'NONE', *, *, #5805, .T. ) ;
#2695 = EDGE_CURVE ( 'NONE', #1425, #6094, #2841, .T. ) ;
#2696 = ADVANCED_FACE ( 'NONE', ( #3993 ), #2504, .F. ) ;
#2697 = DIRECTION ( 'NONE',  ( 0.0000000000000000000, 0.0000000000000000000, -1.000000000000000000 ) ) ;
#2698 = DIRECTION ( 'NONE',  ( 0.5000000000000003300, 0.0000000000000000000, 0.8660254037844383700 ) ) ;
#2699 = EDGE_CURVE ( 'NONE', #4415, #3299, #1499, .T. ) ;
#2700 = DIRECTION ( 'NONE',  ( -0.5877852522924689200, 0.8090169943749505600, 0.0000000000000000000 ) ) ;
#2701 = DIRECTION ( 'NONE',  ( -0.0000000000000000000, -0.0000000000000000000, -1.000000000000000000 ) ) ;
#2702 = CARTESIAN_POINT ( 'NONE',  ( -7.768583565299774600, -2.972306971458064300, -14.62213443319300800 ) ) ;
#2703 = DIRECTION ( 'NONE',  ( -0.0000000000000000000, 1.000000000000000000, -0.0000000000000000000 ) ) ;
#2704 = ORIENTED_EDGE ( 'NONE', *, *, #665, .T. ) ;
#2705 = CARTESIAN_POINT ( 'NONE',  ( 7.737015660221543600, -3.519742699898152700, 6.594685079528053600 ) ) ;
#2706 = AXIS2_PLACEMENT_3D ( 'NONE', #1384, #353, #6775 ) ;
#2707 = DIRECTION ( 'NONE',  ( 1.000000000000000000, 0.0000000000000000000, 0.0000000000000000000 ) ) ;
#2708 = CARTESIAN_POINT ( 'NONE',  ( 3.051852017096595500, -7.933233846656947600, 5.729814788946939100 ) ) ;
#2709 = ADVANCED_FACE ( 'NONE', ( #6033 ), #4592, .T. ) ;
#2710 = DIRECTION ( 'NONE',  ( -0.0000000000000000000, 0.0000000000000000000, 1.000000000000000000 ) ) ;
#2711 = ORIENTED_EDGE ( 'NONE', *, *, #2882, .T. ) ;
#2712 = AXIS2_PLACEMENT_3D ( 'NONE', #685, #1271, #3346 ) ;
#2713 = DIRECTION ( 'NONE',  ( 0.0000000000000000000, 0.0000000000000000000, -1.000000000000000000 ) ) ;
#2714 = ORIENTED_EDGE ( 'NONE', *, *, #6559, .F. ) ;
#2715 = CARTESIAN_POINT ( 'NONE',  ( 11.52477084507848600, -35.24787125236564800, -5.000000000000000900 ) ) ;
#2716 = CIRCLE ( 'NONE', #3243, 0.3926990816987241400 ) ;
#2717 = CARTESIAN_POINT ( 'NONE',  ( 0.5867961629528896100, 7.069293181989124300, -5.000000000000000900 ) ) ;
#2718 = ORIENTED_EDGE ( 'NONE', *, *, #58, .T. ) ;
#2719 = EDGE_CURVE ( 'NONE', #3420, #36, #193, .T. ) ;
#2720 = DIRECTION ( 'NONE',  ( 1.000000000000000000, 0.0000000000000000000, 0.0000000000000000000 ) ) ;
#2721 = AXIS2_PLACEMENT_3D ( 'NONE', #6952, #1535, #3626 ) ;
#2722 = ADVANCED_FACE ( 'NONE', ( #6852 ), #4871, .F. ) ;
#2723 = ORIENTED_EDGE ( 'NONE', *, *, #94, .T. ) ;
#2724 = CIRCLE ( 'NONE', #2648, 3.946090011793466100 ) ;
#2725 = EDGE_LOOP ( 'NONE', ( #4916, #6414, #889, #3135, #871, #5828, #3937, #2386, #3377, #6657, #1061, #5957, #1812, #6582, #6735, #220, #4342, #664, #555, #2520, #6512, #4389, #6838, #6062, #3884, #1870, #3229, #1207, #4791, #370, #2736, #3160, #2243, #2830, #615, #1643, #471, #808, #4048, #6640, #952, #4857, #3753, #2718, #102, #5143, #2550, #6648, #322, #2711, #6779, #1391, #306, #4489, #3313, #2764, #6813, #3149, #4200, #1134, #5300, #6904, #6618, #914, #2642, #5656, #6579, #6829, #6235, #1476, #1217, #5229, #5498, #3819, #2533, #5064, #984, #297, #1631, #2333, #2628, #5732, #192, #6054, #6771, #70, #1902, #3790, #1692, #3805, #2546, #2346, #3952, #5642, #2942, #4225, #4570, #6331 ) ) ;
#2726 = ORIENTED_EDGE ( 'NONE', *, *, #61, .F. ) ;
#2727 = CARTESIAN_POINT ( 'NONE',  ( -3.374512555159401300, -5.707792839316600600, -15.00000000000000000 ) ) ;
#2728 = DIRECTION ( 'NONE',  ( -0.0000000000000000000, -0.0000000000000000000, -1.000000000000000000 ) ) ;
#2729 = DIRECTION ( 'NONE',  ( 1.000000000000000000, 0.0000000000000000000, 0.0000000000000000000 ) ) ;
#2730 = CARTESIAN_POINT ( 'NONE',  ( 2.207026277517148700, 8.208484376284603800, 5.895794827827835100 ) ) ;
#2731 = CARTESIAN_POINT ( 'NONE',  ( -6.541967359745211900, 2.742608045966908700, -5.000000000000000900 ) ) ;
#2732 = ORIENTED_EDGE ( 'NONE', *, *, #2047, .T. ) ;
#2733 = FACE_BOUND ( 'NONE', #5282, .T. ) ;
#2734 = AXIS2_PLACEMENT_3D ( 'NONE', #6665, #6109, #2868 ) ;
#2735 = ORIENTED_EDGE ( 'NONE', *, *, #4339, .F. ) ;
#2736 = ORIENTED_EDGE ( 'NONE', *, *, #5099, .T. ) ;
#2737 = DIRECTION ( 'NONE',  ( -0.0000000000000000000, -0.0000000000000000000, 1.000000000000000000 ) ) ;
#2738 = CARTESIAN_POINT ( 'NONE',  ( 0.5251531075190644100, 8.484018915801641500, -3.199732156543876500 ) ) ;
#2739 = DIRECTION ( 'NONE',  ( -0.6691306063588671200, -0.7431448254773862500, -3.374246315831958900E-016 ) ) ;
#2740 = CARTESIAN_POINT ( 'NONE',  ( 5.987206165694594500, 6.033725944586653800, 6.060832090842462000 ) ) ;
#2741 = ORIENTED_EDGE ( 'NONE', *, *, #1142, .T. ) ;
#2742 = LINE ( 'NONE', #6408, #1310 ) ;
#2743 = ORIENTED_EDGE ( 'NONE', *, *, #6653, .T. ) ;
#2744 = ADVANCED_FACE ( 'NONE', ( #660 ), #2175, .T. ) ;
#2745 = ORIENTED_EDGE ( 'NONE', *, *, #5620, .F. ) ;
#2746 = CARTESIAN_POINT ( 'NONE',  ( -8.372671190356825800, -1.466412058145363500, 6.378017940368436300 ) ) ;
#2747 = CARTESIAN_POINT ( 'NONE',  ( 5.526445666642659100, -6.458282963307910400, 6.517848044921931800 ) ) ;
#2748 = CARTESIAN_POINT ( 'NONE',  ( 0.0000000000000000000, 0.0000000000000000000, -14.43900000000000000 ) ) ;
#2749 = VECTOR ( 'NONE', #4110, 1000.000000000000000 ) ;
#2750 = EDGE_CURVE ( 'NONE', #4908, #3375, #4751, .T. ) ;
#2751 = VECTOR ( 'NONE', #6569, 1000.000000000000000 ) ;
#2752 = CARTESIAN_POINT ( 'NONE',  ( 0.0000000000000000000, 0.0000000000000000000, -14.43900000000000000 ) ) ;
#2753 = ORIENTED_EDGE ( 'NONE', *, *, #1945, .T. ) ;
#2754 = DIRECTION ( 'NONE',  ( 1.000000000000000000, 1.104359264397054700E-015, 0.0000000000000000000 ) ) ;
#2755 = ORIENTED_EDGE ( 'NONE', *, *, #257, .T. ) ;
#2756 = FACE_OUTER_BOUND ( 'NONE', #5788, .T. ) ;
#2757 = CARTESIAN_POINT ( 'NONE',  ( 24.76316651133288700, 27.60467995081481600, -5.000000000000000900 ) ) ;
#2758 = CARTESIAN_POINT ( 'NONE',  ( -1.741840904364230900, -8.322428786013981400, 2.162214997040780700 ) ) ;
#2759 = CARTESIAN_POINT ( 'NONE',  ( 7.825122179446480300, 3.319410148701746400, 6.573172574005641700 ) ) ;
#2760 = LINE ( 'NONE', #1328, #1324 ) ;
#2761 = CIRCLE ( 'NONE', #4693, 7.939000000000005400 ) ;
#2762 = DIRECTION ( 'NONE',  ( -0.9945218953682729600, 0.1045284632676570900, 0.0000000000000000000 ) ) ;
#2763 = DIRECTION ( 'NONE',  ( 0.1045284632676570900, 0.9945218953682729600, 0.0000000000000000000 ) ) ;
#2764 = ORIENTED_EDGE ( 'NONE', *, *, #453, .T. ) ;
#2765 = DIRECTION ( 'NONE',  ( 0.0000000000000000000, -0.0000000000000000000, 1.000000000000000000 ) ) ;
#2766 = CYLINDRICAL_SURFACE ( 'NONE', #1280, 0.3926990816987240300 ) ;
#2767 = CIRCLE ( 'NONE', #5908, 0.3926990816987240300 ) ;
#2768 = CARTESIAN_POINT ( 'NONE',  ( -8.299738960864882400, 1.834211869305619300, 6.594685079528102500 ) ) ;
#2769 = DIRECTION ( 'NONE',  ( 0.0000000000000000000, -0.0000000000000000000, 1.000000000000000000 ) ) ;
#2770 = VERTEX_POINT ( 'NONE', #4826 ) ;
#2771 = CARTESIAN_POINT ( 'NONE',  ( 5.863997270100570700, 6.153374643683893200, 6.483662832180102400 ) ) ;
#2772 = EDGE_CURVE ( 'NONE', #4996, #2227, #6799, .T. ) ;
#2773 = AXIS2_PLACEMENT_3D ( 'NONE', #4366, #51, #4346 ) ;
#2774 = DIRECTION ( 'NONE',  ( -0.0000000000000000000, 0.0000000000000000000, 1.000000000000000000 ) ) ;
#2775 = ORIENTED_EDGE ( 'NONE', *, *, #6372, .F. ) ;
#2776 = CARTESIAN_POINT ( 'NONE',  ( 0.0000000000000000000, 3.000000000000000900, 11.00000000000000000 ) ) ;
#2777 = DIRECTION ( 'NONE',  ( 1.000000000000000000, 0.0000000000000000000, 0.0000000000000000000 ) ) ;
#2778 = EDGE_CURVE ( 'NONE', #1788, #2557, #4846, .T. ) ;
#2779 = VERTEX_POINT ( 'NONE', #47 ) ;
#2780 = AXIS2_PLACEMENT_3D ( 'NONE', #6117, #766, #1268 ) ;
#2781 = DIRECTION ( 'NONE',  ( 1.000000000000000000, 0.0000000000000000000, 0.0000000000000000000 ) ) ;
#2782 = DIRECTION ( 'NONE',  ( 0.1045284632676436500, -0.9945218953682744000, -7.873241403607890700E-016 ) ) ;
#2783 = CARTESIAN_POINT ( 'NONE',  ( 6.678658115148277100, 5.257901271511678400, -14.43900000000000000 ) ) ;
#2784 = CARTESIAN_POINT ( 'NONE',  ( -7.506274302667074000, -3.989680908508705500, -0.5144932263006809500 ) ) ;
#2785 = CARTESIAN_POINT ( 'NONE',  ( -8.112461061984150800, 0.5425756187887298400, -14.80898903168240800 ) ) ;
#2786 = CARTESIAN_POINT ( 'NONE',  ( 1.554061079812509600, -6.053709124182626400, -15.00000000000000000 ) ) ;
#2787 = DIRECTION ( 'NONE',  ( 0.0000000000000000000, 0.0000000000000000000, -1.000000000000000000 ) ) ;
#2788 = DIRECTION ( 'NONE',  ( 0.0000000000000000000, -0.0000000000000000000, 1.000000000000000000 ) ) ;
#2789 = AXIS2_PLACEMENT_3D ( 'NONE', #1369, #5704, #1986 ) ;
#2790 = VERTEX_POINT ( 'NONE', #5418 ) ;
#2791 = DIRECTION ( 'NONE',  ( 0.8090169943749504500, 0.5877852522924689200, 0.0000000000000000000 ) ) ;
#2792 = CARTESIAN_POINT ( 'NONE',  ( -6.626682794625627300, 5.323492444401227700, 6.062203703315158300 ) ) ;
#2793 = ORIENTED_EDGE ( 'NONE', *, *, #1458, .T. ) ;
#2794 = CARTESIAN_POINT ( 'NONE',  ( -1.154700538379251900, 6.499999999999993800, 11.00000000000000000 ) ) ;
#2795 = CARTESIAN_POINT ( 'NONE',  ( -5.086638884589770100, 3.610967584008727200, -5.000000000000000900 ) ) ;
#2796 = DIRECTION ( 'NONE',  ( -0.0000000000000000000, -0.0000000000000000000, 1.000000000000000000 ) ) ;
#2797 = CYLINDRICAL_SURFACE ( 'NONE', #92, 30.84641689323308000 ) ;
#2798 = CARTESIAN_POINT ( 'NONE',  ( -4.931093259559649100, 3.952653436445063000, -5.000000000000000900 ) ) ;
#2799 = ORIENTED_EDGE ( 'NONE', *, *, #6488, .T. ) ;
#2800 = CARTESIAN_POINT ( 'NONE',  ( -3.059487779958074900, -5.436222637021932900, -5.000000000000004400 ) ) ;
#2801 = EDGE_CURVE ( 'NONE', #4113, #1788, #3323, .T. ) ;
#2802 = AXIS2_PLACEMENT_3D ( 'NONE', #4145, #951, #5979 ) ;
#2803 = DIRECTION ( 'NONE',  ( -0.0000000000000000000, -0.0000000000000000000, -1.000000000000000000 ) ) ;
#2804 = DIRECTION ( 'NONE',  ( -0.0000000000000000000, -0.0000000000000000000, 1.000000000000000000 ) ) ;
#2805 = FACE_OUTER_BOUND ( 'NONE', #4486, .T. ) ;
#2806 = FACE_OUTER_BOUND ( 'NONE', #3259, .T. ) ;
#2807 = CARTESIAN_POINT ( 'NONE',  ( -3.661195444389659900, -5.439417188801110500, -15.00000000000000000 ) ) ;
#2808 = VERTEX_POINT ( 'NONE', #6066 ) ;
#2809 = ORIENTED_EDGE ( 'NONE', *, *, #3330, .T. ) ;
#2810 = EDGE_CURVE ( 'NONE', #1180, #4586, #4923, .T. ) ;
#2811 = ORIENTED_EDGE ( 'NONE', *, *, #6344, .T. ) ;
#2812 = EDGE_CURVE ( 'NONE', #4399, #5026, #736, .T. ) ;
#2813 = FACE_OUTER_BOUND ( 'NONE', #4686, .T. ) ;
#2814 = ORIENTED_EDGE ( 'NONE', *, *, #3913, .T. ) ;
#2815 = CARTESIAN_POINT ( 'NONE',  ( -2.339275608533188900, 6.696792176639188900, -15.00000000000000000 ) ) ;
#2816 = ORIENTED_EDGE ( 'NONE', *, *, #6466, .F. ) ;
#2817 = AXIS2_PLACEMENT_3D ( 'NONE', #6382, #3706, #4279 ) ;
#2818 = CARTESIAN_POINT ( 'NONE',  ( 0.5867961629528896100, 7.069293181989124300, -15.00000000000000000 ) ) ;
#2819 = ORIENTED_EDGE ( 'NONE', *, *, #1305, .T. ) ;
#2820 = CYLINDRICAL_SURFACE ( 'NONE', #3519, 8.500000000000000000 ) ;
#2821 = CARTESIAN_POINT ( 'NONE',  ( -1.990868261806036300, 7.883074049350535800, -14.80898902440161000 ) ) ;
#2822 = ORIENTED_EDGE ( 'NONE', *, *, #2871, .F. ) ;
#2823 = ORIENTED_EDGE ( 'NONE', *, *, #5272, .F. ) ;
#2824 = CARTESIAN_POINT ( 'NONE',  ( -30.04191436678965100, 21.74203651991674800, -5.000000000000000900 ) ) ;
#2825 = CARTESIAN_POINT ( 'NONE',  ( 8.216798742875870000, 1.292175587796509100, -14.62213443398251500 ) ) ;
#2826 = AXIS2_PLACEMENT_3D ( 'NONE', #1219, #1770, #2296 ) ;
#2827 = ORIENTED_EDGE ( 'NONE', *, *, #4378, .F. ) ;
#2828 = FACE_OUTER_BOUND ( 'NONE', #4959, .T. ) ;
#2829 = ORIENTED_EDGE ( 'NONE', *, *, #5417, .F. ) ;
#2830 = ORIENTED_EDGE ( 'NONE', *, *, #3003, .T. ) ;
#2831 = CARTESIAN_POINT ( 'NONE',  ( 0.0000000000000000000, 0.0000000000000000000, -15.00000000000000000 ) ) ;
#2832 = CARTESIAN_POINT ( 'NONE',  ( -0.9566049056667895700, 8.445999470427064900, 6.594685079528220600 ) ) ;
#2833 = DIRECTION ( 'NONE',  ( -0.6691306063588567900, 0.7431448254773955800, 0.0000000000000000000 ) ) ;
#2834 = CARTESIAN_POINT ( 'NONE',  ( 2.604941650764471800, 8.091128763220510200, 6.595592633140109100 ) ) ;
#2835 = CIRCLE ( 'NONE', #4344, 30.54279649802282700 ) ;
#2836 = FACE_OUTER_BOUND ( 'NONE', #1838, .T. ) ;
#2837 = VECTOR ( 'NONE', #3436, 1000.000000000000000 ) ;
#2838 = ORIENTED_EDGE ( 'NONE', *, *, #498, .F. ) ;
#2839 = CARTESIAN_POINT ( 'NONE',  ( -0.7612021176879773000, 6.586866130225328900, -15.00000000000000000 ) ) ;
#2840 = DIRECTION ( 'NONE',  ( -0.0000000000000000000, 0.0000000000000000000, 1.000000000000000000 ) ) ;
#2841 = CIRCLE ( 'NONE', #6542, 30.84641689323308700 ) ;
#2842 = CIRCLE ( 'NONE', #341, 30.84641689323308000 ) ;
#2843 = CIRCLE ( 'NONE', #4924, 0.3926990816987240300 ) ;
#2844 = ORIENTED_EDGE ( 'NONE', *, *, #422, .F. ) ;
#2845 = DIRECTION ( 'NONE',  ( -0.1045284632676436700, 0.9945218953682744000, 0.0000000000000000000 ) ) ;
#2846 = FACE_OUTER_BOUND ( 'NONE', #3309, .T. ) ;
#2847 = DIRECTION ( 'NONE',  ( 0.8660254037844389300, 0.0000000000000000000, -0.4999999999999995600 ) ) ;
#2848 = EDGE_CURVE ( 'NONE', #4908, #3128, #405, .T. ) ;
#2849 = VERTEX_POINT ( 'NONE', #3894 ) ;
#2850 = DIRECTION ( 'NONE',  ( 0.9781476007338040200, -0.2079116908177664500, -3.374246315831958900E-016 ) ) ;
#2851 = DIRECTION ( 'NONE',  ( -1.000000000000000000, 0.0000000000000000000, 0.0000000000000000000 ) ) ;
#2852 = DIRECTION ( 'NONE',  ( -1.000000000000000000, 0.0000000000000000000, 0.0000000000000000000 ) ) ;
#2853 = CARTESIAN_POINT ( 'NONE',  ( -2.184768287610744600, 8.214425575136123900, 10.99999999999999800 ) ) ;
#2854 = EDGE_CURVE ( 'NONE', #1070, #1914, #1323, .T. ) ;
#2855 = AXIS2_PLACEMENT_3D ( 'NONE', #2158, #6877, #6386 ) ;
#2856 = DIRECTION ( 'NONE',  ( 0.6691306063588569100, -0.7431448254773953500, 0.0000000000000000000 ) ) ;
#2857 = CARTESIAN_POINT ( 'NONE',  ( 0.0000000000000000000, 3.000000000000000900, 12.43750000000000500 ) ) ;
#2858 = EDGE_CURVE ( 'NONE', #4221, #4418, #6691, .T. ) ;
#2859 = DIRECTION ( 'NONE',  ( 0.0000000000000000000, -0.0000000000000000000, -1.000000000000000000 ) ) ;
#2860 = AXIS2_PLACEMENT_3D ( 'NONE', #2016, #4202, #420 ) ;
#2861 = CARTESIAN_POINT ( 'NONE',  ( 8.488027882756670200, 0.4509796686607172600, 5.729814788946944400 ) ) ;
#2862 = CARTESIAN_POINT ( 'NONE',  ( -7.550236856730121500, 3.904904668672555700, -1.409259558837533200 ) ) ;
#2863 = ORIENTED_EDGE ( 'NONE', *, *, #1873, .F. ) ;
#2864 = CARTESIAN_POINT ( 'NONE',  ( 6.630349875966786000, -0.06851717849924807100, -15.00000000000000000 ) ) ;
#2865 = DIRECTION ( 'NONE',  ( 0.0000000000000000000, 0.0000000000000000000, 1.000000000000000000 ) ) ;
#2866 = PLANE ( 'NONE',  #1697 ) ;
#2867 = ORIENTED_EDGE ( 'NONE', *, *, #3287, .F. ) ;
#2868 = DIRECTION ( 'NONE',  ( 1.000000000000000000, 2.208718528794109300E-015, 0.0000000000000000000 ) ) ;
#2869 = AXIS2_PLACEMENT_3D ( 'NONE', #6872, #1460, #5749 ) ;
#2870 = CARTESIAN_POINT ( 'NONE',  ( -8.299738960864905500, -1.834211869305508300, 6.594685079528098900 ) ) ;
#2871 = EDGE_CURVE ( 'NONE', #1801, #2491, #2082, .T. ) ;
#2872 = EDGE_LOOP ( 'NONE', ( #710, #645, #3579, #2394 ) ) ;
#2873 = DIRECTION ( 'NONE',  ( 1.000000000000000000, 0.0000000000000000000, 0.0000000000000000000 ) ) ;
#2874 = CIRCLE ( 'NONE', #1273, 0.3926990816987240300 ) ;
#2875 = ORIENTED_EDGE ( 'NONE', *, *, #3342, .F. ) ;
#2876 = CARTESIAN_POINT ( 'NONE',  ( -1.852352712115427700, 7.719877617548007700, -15.00000000000000000 ) ) ;
#2877 = DIRECTION ( 'NONE',  ( -0.6691306063588671200, -0.7431448254773862500, -3.374246315831958900E-016 ) ) ;
#2878 = ORIENTED_EDGE ( 'NONE', *, *, #4625, .F. ) ;
#2879 = DIRECTION ( 'NONE',  ( 1.000000000000000000, 0.0000000000000000000, 0.0000000000000000000 ) ) ;
#2880 = CIRCLE ( 'NONE', #3580, 0.3926990816987240300 ) ;
#2881 = VERTEX_POINT ( 'NONE', #1836 ) ;
#2882 = EDGE_CURVE ( 'NONE', #604, #6696, #995, .T. ) ;
#2883 = ORIENTED_EDGE ( 'NONE', *, *, #6113, .F. ) ;
#2884 = ORIENTED_EDGE ( 'NONE', *, *, #5280, .F. ) ;
#2885 = AXIS2_PLACEMENT_3D ( 'NONE', #259, #4012, #6645 ) ;
#2886 = DIRECTION ( 'NONE',  ( 1.000000000000000000, 0.0000000000000000000, 0.0000000000000000000 ) ) ;
#2887 = CARTESIAN_POINT ( 'NONE',  ( -1.152762182405865600, 8.422303320992988100, 13.10199246392539300 ) ) ;
#2888 = CARTESIAN_POINT ( 'NONE',  ( 2.184768287610742800, 8.214425575136123900, 11.00000000000000000 ) ) ;
#2889 = EDGE_LOOP ( 'NONE', ( #2897, #4675, #6007, #5204, #3494 ) ) ;
#2890 = FACE_OUTER_BOUND ( 'NONE', #6059, .T. ) ;
#2891 = ORIENTED_EDGE ( 'NONE', *, *, #6603, .F. ) ;
#2892 = ORIENTED_EDGE ( 'NONE', *, *, #573, .F. ) ;
#2893 = EDGE_CURVE ( 'NONE', #5912, #2401, #1490, .T. ) ;
#2894 = EDGE_CURVE ( 'NONE', #2974, #270, #4640, .T. ) ;
#2895 = DIRECTION ( 'NONE',  ( 0.3090169943749574400, 0.9510565162951503100, 0.0000000000000000000 ) ) ;
#2896 = CARTESIAN_POINT ( 'NONE',  ( 5.792318625829839400, -3.072565112851030300, -15.00000000000000000 ) ) ;
#2897 = ORIENTED_EDGE ( 'NONE', *, *, #2127, .F. ) ;
#2898 = CYLINDRICAL_SURFACE ( 'NONE', #5560, 0.3926990816987240300 ) ;
#2899 = DIRECTION ( 'NONE',  ( 1.000000000000000000, 0.0000000000000000000, 0.0000000000000000000 ) ) ;
#2900 = AXIS2_PLACEMENT_3D ( 'NONE', #6907, #1037, #4776 ) ;
#2901 = ORIENTED_EDGE ( 'NONE', *, *, #2306, .F. ) ;
#2902 = CARTESIAN_POINT ( 'NONE',  ( -7.892805129291001100, 3.154936955149551200, -5.000000000000004400 ) ) ;
#2903 = VERTEX_POINT ( 'NONE', #5507 ) ;
#2904 = CIRCLE ( 'NONE', #5921, 0.3926990816987240300 ) ;
#2905 = CARTESIAN_POINT ( 'NONE',  ( 0.0000000000000000000, 0.0000000000000000000, -14.43900000000000000 ) ) ;
#2906 = CARTESIAN_POINT ( 'NONE',  ( -7.987539702050051800, -2.908763864865475700, -0.5157764353906102400 ) ) ;
#2907 = CYLINDRICAL_SURFACE ( 'NONE', #6004, 0.3926990816987240300 ) ;
#2908 = FACE_OUTER_BOUND ( 'NONE', #511, .T. ) ;
#2909 = DIRECTION ( 'NONE',  ( -0.7431448254773862500, 0.6691306063588671200, 0.0000000000000000000 ) ) ;
#2910 = ORIENTED_EDGE ( 'NONE', *, *, #2518, .F. ) ;
#2911 = CARTESIAN_POINT ( 'NONE',  ( -0.2352398704040686300, 6.552577633207929100, -15.00000000000000000 ) ) ;
#2912 = AXIS2_PLACEMENT_3D ( 'NONE', #2377, #3943, #761 ) ;
#2913 = FACE_BOUND ( 'NONE', #1769, .T. ) ;
#2914 = FACE_OUTER_BOUND ( 'NONE', #298, .T. ) ;
#2915 = LINE ( 'NONE', #1654, #6693 ) ;
#2916 = DIRECTION ( 'NONE',  ( -0.0000000000000000000, -0.0000000000000000000, 1.000000000000000000 ) ) ;
#2917 = CARTESIAN_POINT ( 'NONE',  ( -4.931093259559703200, -3.952653436444991900, -5.000000000000000900 ) ) ;
#2918 = ORIENTED_EDGE ( 'NONE', *, *, #4538, .F. ) ;
#2919 = CARTESIAN_POINT ( 'NONE',  ( -8.245074195804967600, -2.066577236429854000, 6.376443104030021100 ) ) ;
#2920 = FACE_BOUND ( 'NONE', #6308, .T. ) ;
#2921 = FACE_OUTER_BOUND ( 'NONE', #2725, .T. ) ;
#2922 = EDGE_CURVE ( 'NONE', #4104, #3038, #3484, .T. ) ;
#2923 = VERTEX_POINT ( 'NONE', #1223 ) ;
#2924 = CARTESIAN_POINT ( 'NONE',  ( 4.532886174746257000, -7.069293181989133100, -15.00000000000000000 ) ) ;
#2925 = CARTESIAN_POINT ( 'NONE',  ( 35.62459247979234100, 11.16049690750896100, -5.000000000000000900 ) ) ;
#2926 = DIRECTION ( 'NONE',  ( 0.9781476007338042500, -0.2079116908177664500, 0.0000000000000000000 ) ) ;
#2927 = VERTEX_POINT ( 'NONE', #3356 ) ;
#2928 = DIRECTION ( 'NONE',  ( 1.000000000000000000, 0.0000000000000000000, 0.0000000000000000000 ) ) ;
#2929 = EDGE_CURVE ( 'NONE', #6588, #1898, #5185, .T. ) ;
#2930 = DIRECTION ( 'NONE',  ( -0.0000000000000000000, -0.0000000000000000000, 1.000000000000000000 ) ) ;
#2931 = CARTESIAN_POINT ( 'NONE',  ( -7.014570728137387700, -4.800655363984126300, 6.485269017760962200 ) ) ;
#2932 = AXIS2_PLACEMENT_3D ( 'NONE', #765, #6704, #5572 ) ;
#2933 = CARTESIAN_POINT ( 'NONE',  ( 8.047992144864775100, 1.155956460957124700, -14.80898902440019200 ) ) ;
#2934 = DIRECTION ( 'NONE',  ( -0.0000000000000000000, -0.0000000000000000000, -1.000000000000000000 ) ) ;
#2935 = CARTESIAN_POINT ( 'NONE',  ( -0.6491853777546676700, -8.475202143445573100, 6.483874521888770600 ) ) ;
#2936 = EDGE_CURVE ( 'NONE', #6275, #3881, #2000, .T. ) ;
#2937 = CARTESIAN_POINT ( 'NONE',  ( 4.224721244881483700, 4.589630969700017700, -5.000000000000002700 ) ) ;
#2938 = CARTESIAN_POINT ( 'NONE',  ( 1.934158993210049600, 8.277653876614165200, 9.815207456606030300 ) ) ;
#2939 = EDGE_CURVE ( 'NONE', #4838, #2779, #583, .T. ) ;
#2940 = AXIS2_PLACEMENT_3D ( 'NONE', #6564, #174, #691 ) ;
#2941 = CARTESIAN_POINT ( 'NONE',  ( -6.499706345634429300, 1.311507339667533600, -15.00000000000000000 ) ) ;
#2942 = ORIENTED_EDGE ( 'NONE', *, *, #2064, .T. ) ;
#2943 = DIRECTION ( 'NONE',  ( -0.0000000000000000000, 1.000000000000000000, -0.0000000000000000000 ) ) ;
#2944 = EDGE_LOOP ( 'NONE', ( #4405, #1150, #2664, #6009 ) ) ;
#2945 = ADVANCED_FACE ( 'NONE', ( #2756 ), #5090, .T. ) ;
#2946 = ORIENTED_EDGE ( 'NONE', *, *, #4370, .T. ) ;
#2947 = AXIS2_PLACEMENT_3D ( 'NONE', #3374, #4488, #5547 ) ;
#2948 = CARTESIAN_POINT ( 'NONE',  ( -7.954016956224723600, -2.997994718698608000, -1.408884794793018100 ) ) ;
#2949 = ORIENTED_EDGE ( 'NONE', *, *, #484, .T. ) ;
#2950 = CARTESIAN_POINT ( 'NONE',  ( -2.936742409108089400, -7.976562168157199700, -14.43900000000408200 ) ) ;
#2951 = CARTESIAN_POINT ( 'NONE',  ( 0.0000000000000000000, 0.0000000000000000000, -14.43900000000000000 ) ) ;
#2952 = CARTESIAN_POINT ( 'NONE',  ( -29.73656178141658300, 22.16231829779335900, -5.000000000000000900 ) ) ;
#2953 = VECTOR ( 'NONE', #5083, 1000.000000000000100 ) ;
#2954 = CARTESIAN_POINT ( 'NONE',  ( 5.828789400926304200, -4.042826974954944100, -15.00000000000000000 ) ) ;
#2955 = APPROVAL ( #1937, 'UNSPECIFIED' ) ;
#2956 = EDGE_LOOP ( 'NONE', ( #5607, #5917 ) ) ;
#2957 = VECTOR ( 'NONE', #432, 1000.000000000000000 ) ;
#2958 = LINE ( 'NONE', #3303, #5648 ) ;
#2959 = DIRECTION ( 'NONE',  ( 1.000000000000000000, 0.0000000000000000000, 0.0000000000000000000 ) ) ;
#2960 = VERTEX_POINT ( 'NONE', #3442 ) ;
#2961 = CARTESIAN_POINT ( 'NONE',  ( 0.0000000000000000000, 3.000000000000000900, 11.00000000000000000 ) ) ;
#2962 = VERTEX_POINT ( 'NONE', #2902 ) ;
#2963 = AXIS2_PLACEMENT_3D ( 'NONE', #6016, #4437, #184 ) ;
#2964 = ORIENTED_EDGE ( 'NONE', *, *, #6437, .T. ) ;
#2965 = FACE_OUTER_BOUND ( 'NONE', #6073, .T. ) ;
#2966 = DIRECTION ( 'NONE',  ( -0.0000000000000000000, 0.0000000000000000000, 1.000000000000000000 ) ) ;
#2967 = ORIENTED_EDGE ( 'NONE', *, *, #6357, .F. ) ;
#2968 = EDGE_LOOP ( 'NONE', ( #476, #6409, #2143, #5936 ) ) ;
#2969 = CARTESIAN_POINT ( 'NONE',  ( -2.339275608533276900, -6.696792176639157800, -15.00000000000000000 ) ) ;
#2970 = DIRECTION ( 'NONE',  ( 1.000000000000000000, 0.0000000000000000000, 0.0000000000000000000 ) ) ;
#2971 = ORIENTED_EDGE ( 'NONE', *, *, #4370, .F. ) ;
#2972 = EDGE_CURVE ( 'NONE', #2927, #4786, #6105, .T. ) ;
#2973 = CYLINDRICAL_SURFACE ( 'NONE', #5694, 30.84641689323313000 ) ;
#2974 = VERTEX_POINT ( 'NONE', #5049 ) ;
#2975 = ORIENTED_EDGE ( 'NONE', *, *, #4375, .F. ) ;
#2976 = ORIENTED_EDGE ( 'NONE', *, *, #4951, .F. ) ;
#2977 = AXIS2_PLACEMENT_3D ( 'NONE', #1186, #6523, #1726 ) ;
#2978 = CARTESIAN_POINT ( 'NONE',  ( -8.480076060338040700, 0.5916130230503872100, -0.5151055594801131600 ) ) ;
#2979 = B_SPLINE_CURVE_WITH_KNOTS ( 'NONE', 3,
 ( #4092, #2559, #4704, #4687, #4668, #3601, #1438, #1487 ),
 .UNSPECIFIED., .F., .F.,
 ( 4, 2, 2, 4 ),
 ( 1.992342074533766700E-007, 0.002695036964419757200, 0.005389874694632060400, 0.01077955015505666800 ),
 .UNSPECIFIED. ) ;
#2980 = CARTESIAN_POINT ( 'NONE',  ( 0.4262075691498152200, -8.306855388086194800, -14.62213443398529500 ) ) ;
#2981 = DIRECTION ( 'NONE',  ( -0.0000000000000000000, -0.0000000000000000000, -1.000000000000000000 ) ) ;
#2982 = ORIENTED_EDGE ( 'NONE', *, *, #2097, .F. ) ;
#2983 = VECTOR ( 'NONE', #5871, 1000.000000000000000 ) ;
#2984 = EDGE_CURVE ( 'NONE', #1801, #6227, #2337, .T. ) ;
#2985 = ORIENTED_EDGE ( 'NONE', *, *, #3003, .F. ) ;
#2986 = ORIENTED_EDGE ( 'NONE', *, *, #6322, .T. ) ;
#2987 = PLANE ( 'NONE',  #1848 ) ;
#2988 = DIRECTION ( 'NONE',  ( -0.0000000000000000000, -0.0000000000000000000, 1.000000000000000000 ) ) ;
#2989 = CARTESIAN_POINT ( 'NONE',  ( -2.880075745088640300, 5.890396857461869500, -15.00000000000000000 ) ) ;
#2990 = FACE_OUTER_BOUND ( 'NONE', #6870, .T. ) ;
#2991 = AXIS2_PLACEMENT_3D ( 'NONE', #6535, #2309, #2852 ) ;
#2992 = EDGE_LOOP ( 'NONE', ( #2226, #3120, #2005 ) ) ;
#2993 = CYLINDRICAL_SURFACE ( 'NONE', #1064, 3.946090011793464700 ) ;
#2994 = ORIENTED_EDGE ( 'NONE', *, *, #5582, .F. ) ;
#2995 = DIRECTION ( 'NONE',  ( 0.0000000000000000000, 0.0000000000000000000, 1.000000000000000000 ) ) ;
#2996 = VECTOR ( 'NONE', #5769, 1000.000000000000000 ) ;
#2997 = FACE_OUTER_BOUND ( 'NONE', #1355, .T. ) ;
#2998 = CARTESIAN_POINT ( 'NONE',  ( -18.93259369340074400, 31.89025485870744300, -5.000000000000000900 ) ) ;
#2999 = ORIENTED_EDGE ( 'NONE', *, *, #695, .F. ) ;
#3000 = AXIS2_PLACEMENT_3D ( 'NONE', #6552, #109, #3830 ) ;
#3001 = VERTEX_POINT ( 'NONE', #3183 ) ;
#3002 = APPROVAL_ROLE ( '' ) ;
#3003 = EDGE_CURVE ( 'NONE', #3050, #438, #3070, .T. ) ;
#3004 = DIRECTION ( 'NONE',  ( 0.0000000000000000000, 0.0000000000000000000, 1.000000000000000000 ) ) ;
#3005 = CARTESIAN_POINT ( 'NONE',  ( 5.344456036819129200, -6.609598298724932900, 5.729814788946944400 ) ) ;
#3006 = VECTOR ( 'NONE', #4852, 1000.000000000000000 ) ;
#3007 = ORIENTED_EDGE ( 'NONE', *, *, #280, .T. ) ;
#3008 = ADVANCED_FACE ( 'NONE', ( #1674 ), #234, .F. ) ;
#3009 = EDGE_CURVE ( 'NONE', #6455, #6018, #5762, .T. ) ;
#3010 = CARTESIAN_POINT ( 'NONE',  ( -5.439534267940778100, -6.531574614738620900, -4.098268287262986800 ) ) ;
#3011 = DIRECTION ( 'NONE',  ( -0.0000000000000000000, 0.0000000000000000000, -1.000000000000000000 ) ) ;
#3012 = DIRECTION ( 'NONE',  ( -0.0000000000000000000, -0.0000000000000000000, -1.000000000000000000 ) ) ;
#3013 = AXIS2_PLACEMENT_3D ( 'NONE', #5886, #3716, #2114 ) ;
#3014 = DIRECTION ( 'NONE',  ( -0.0000000000000000000, 1.000000000000000000, -0.0000000000000000000 ) ) ;
#3015 = ORIENTED_EDGE ( 'NONE', *, *, #3161, .F. ) ;
#3016 = CARTESIAN_POINT ( 'NONE',  ( -8.493664740179511300, 0.3281147382111140300, -4.098158062311421500 ) ) ;
#3017 = B_SPLINE_CURVE_WITH_KNOTS ( 'NONE', 3,
 ( #3125, #3159, #6908, #4273 ),
 .UNSPECIFIED., .F., .F.,
 ( 4, 4 ),
 ( 5.818439421673296400E-018, 0.0001370343569984915500 ),
 .UNSPECIFIED. ) ;
#3018 = EDGE_CURVE ( 'NONE', #60, #1425, #5009, .T. ) ;
#3019 = ORIENTED_EDGE ( 'NONE', *, *, #6860, .F. ) ;
#3020 = EDGE_CURVE ( 'NONE', #5431, #5480, #1276, .T. ) ;
#3021 = CARTESIAN_POINT ( 'NONE',  ( 6.029257564594866300, 2.759399808157179600, -15.00000000000000000 ) ) ;
#3022 = DIRECTION ( 'NONE',  ( 0.1045284632676436300, -0.9945218953682744000, -7.951507867083297300E-016 ) ) ;
#3023 = AXIS2_PLACEMENT_3D ( 'NONE', #5872, #3123, #4209 ) ;
#3024 = VERTEX_POINT ( 'NONE', #4765 ) ;
#3025 = ADVANCED_FACE ( 'NONE', ( #66 ), #4672, .F. ) ;
#3026 = CARTESIAN_POINT ( 'NONE',  ( -4.860865375652204000, -5.166354965501279000, -5.000000000000000900 ) ) ;
#3027 = CARTESIAN_POINT ( 'NONE',  ( -4.190524304000044600, 7.395235361878946800, 6.594685079528071400 ) ) ;
#3028 = PERSON_AND_ORGANIZATION ( #2117, #6484 ) ;
#3029 = ORIENTED_EDGE ( 'NONE', *, *, #6290, .F. ) ;
#3030 = AXIS2_PLACEMENT_3D ( 'NONE', #537, #564, #1049 ) ;
#3031 = PLANE ( 'NONE',  #2679 ) ;
#3032 = CARTESIAN_POINT ( 'NONE',  ( 4.530988068736704100, 7.191672067118026300, -4.098098730554506000 ) ) ;
#3033 = B_SPLINE_CURVE_WITH_KNOTS ( 'NONE', 3,
 ( #5819, #388, #4779, #4214 ),
 .UNSPECIFIED., .F., .F.,
 ( 4, 4 ),
 ( 6.851717849924809200E-005, 0.0001370343569984960500 ),
 .UNSPECIFIED. ) ;
#3034 = DIRECTION ( 'NONE',  ( -0.0000000000000000000, -0.0000000000000000000, -1.000000000000000000 ) ) ;
#3035 = ORIENTED_EDGE ( 'NONE', *, *, #3547, .T. ) ;
#3036 = FACE_OUTER_BOUND ( 'NONE', #1926, .T. ) ;
#3037 = LINE ( 'NONE', #588, #1963 ) ;
#3038 = VERTEX_POINT ( 'NONE', #6361 ) ;
#3039 = CARTESIAN_POINT ( 'NONE',  ( -0.4387313559084692900, 8.488669789628103100, 5.729814788947398300 ) ) ;
#3040 = CARTESIAN_POINT ( 'NONE',  ( -8.112461061985628800, -0.5425756187880174100, -14.80898903168098700 ) ) ;
#3041 = AXIS2_PLACEMENT_3D ( 'NONE', #3940, #5587, #249 ) ;
#3042 = ORIENTED_EDGE ( 'NONE', *, *, #3903, .F. ) ;
#3043 = FACE_OUTER_BOUND ( 'NONE', #758, .T. ) ;
#3044 = ORIENTED_EDGE ( 'NONE', *, *, #6948, .T. ) ;
#3045 = ORIENTED_EDGE ( 'NONE', *, *, #2006, .F. ) ;
#3046 = DIRECTION ( 'NONE',  ( 0.2079116908177532400, -0.9781476007338069100, 0.0000000000000000000 ) ) ;
#3047 = CARTESIAN_POINT ( 'NONE',  ( 4.497521211351299000, 6.542172724213664900, -15.00000000000000000 ) ) ;
#3048 = ORIENTED_EDGE ( 'NONE', *, *, #3353, .T. ) ;
#3049 = LINE ( 'NONE', #1510, #4563 ) ;
#3050 = VERTEX_POINT ( 'NONE', #534 ) ;
#3051 = ORIENTED_EDGE ( 'NONE', *, *, #4239, .F. ) ;
#3052 = EDGE_CURVE ( 'NONE', #1396, #5852, #6261, .T. ) ;
#3053 = ORIENTED_EDGE ( 'NONE', *, *, #1426, .F. ) ;
#3054 = VECTOR ( 'NONE', #4904, 1000.000000000000200 ) ;
#3055 = CARTESIAN_POINT ( 'NONE',  ( 37.08406768750114700, 0.0000000000000000000, -5.000000000000000900 ) ) ;
#3056 = ORIENTED_EDGE ( 'NONE', *, *, #6664, .F. ) ;
#3057 = CARTESIAN_POINT ( 'NONE',  ( -6.541967359745251000, -2.742608045966818100, -5.000000000000000900 ) ) ;
#3058 = ORIENTED_EDGE ( 'NONE', *, *, #757, .F. ) ;
#3059 = ADVANCED_FACE ( 'NONE', ( #5352 ), #3832, .F. ) ;
#3060 = CARTESIAN_POINT ( 'NONE',  ( 0.8958154394417944300, 7.036813947251402200, -15.00000000000000000 ) ) ;
#3061 = EDGE_CURVE ( 'NONE', #996, #6413, #6606, .T. ) ;
#3062 = VECTOR ( 'NONE', #6655, 1000.000000000000000 ) ;
#3063 = FACE_OUTER_BOUND ( 'NONE', #2383, .T. ) ;
#3064 = CONICAL_SURFACE ( 'NONE', #2991, 7.939000000000005400, 0.7853981633974466100 ) ;
#3065 = AXIS2_PLACEMENT_3D ( 'NONE', #6468, #79, #1183 ) ;
#3066 = CARTESIAN_POINT ( 'NONE',  ( 5.828789400926357400, 4.042826974954866900, -5.000000000000000900 ) ) ;
#3067 = DIRECTION ( 'NONE',  ( 0.0000000000000000000, 0.0000000000000000000, -1.000000000000000000 ) ) ;
#3068 = ORIENTED_EDGE ( 'NONE', *, *, #1732, .T. ) ;
#3069 = CARTESIAN_POINT ( 'NONE',  ( 8.382643907816767400, -1.409126500566398400, -3.200434877485122800 ) ) ;
#3070 = CIRCLE ( 'NONE', #2721, 0.3926990816987240300 ) ;
#3071 = EDGE_LOOP ( 'NONE', ( #2242, #6587, #2827, #3971 ) ) ;
#3072 = VECTOR ( 'NONE', #5702, 1000.000000000000000 ) ;
#3073 = FACE_OUTER_BOUND ( 'NONE', #3329, .T. ) ;
#3074 = ORIENTED_EDGE ( 'NONE', *, *, #4725, .F. ) ;
#3075 = CARTESIAN_POINT ( 'NONE',  ( 7.064380123508780000, -4.727000472876445000, -14.43900000000000000 ) ) ;
#3076 = CARTESIAN_POINT ( 'NONE',  ( -0.4520871547351618100, 8.487979503885490800, 5.894924051872488100 ) ) ;
#3077 = DIRECTION ( 'NONE',  ( -0.0000000000000000000, -0.0000000000000000000, 1.000000000000000000 ) ) ;
#3078 = AXIS2_PLACEMENT_3D ( 'NONE', #5235, #5192, #4677 ) ;
#3079 = FACE_OUTER_BOUND ( 'NONE', #2538, .T. ) ;
#3080 = FACE_OUTER_BOUND ( 'NONE', #4251, .T. ) ;
#3081 = ORIENTED_EDGE ( 'NONE', *, *, #1406, .T. ) ;
#3082 = CARTESIAN_POINT ( 'NONE',  ( -2.936742409106806000, 7.976562168162022500, -14.43900000000000000 ) ) ;
#3083 = CARTESIAN_POINT ( 'NONE',  ( -1.335749665606483600, 8.394389366167875000, 5.729814788947096300 ) ) ;
#3084 = B_SPLINE_CURVE_WITH_KNOTS ( 'NONE', 3,
 ( #1992, #1964, #1443, #5164, #5191, #6237, #5206, #5707, #396, #5231 ),
 .UNSPECIFIED., .F., .F.,
 ( 4, 2, 2, 2, 4 ),
 ( 0.004159011232690810000, 0.004662498705844707500, 0.004914242442421655000, 0.005040114310710127800, 0.005165986178998599800 ),
 .UNSPECIFIED. ) ;
#3085 = EDGE_LOOP ( 'NONE', ( #4398, #1657, #6090, #395 ) ) ;
#3086 = EDGE_CURVE ( 'NONE', #386, #6682, #3240, .T. ) ;
#3087 = CARTESIAN_POINT ( 'NONE',  ( -8.493664740175324500, 0.3281147382137466500, -5.000000000000004400 ) ) ;
#3088 = CARTESIAN_POINT ( 'NONE',  ( -5.927207807668692900, 6.092471387264933600, -5.000000000000004400 ) ) ;
#3089 = CARTESIAN_POINT ( 'NONE',  ( -4.119041843325826200, 7.435355303083467100, 6.573054560992650500 ) ) ;
#3090 = DIRECTION ( 'NONE',  ( 0.9510565162951503100, -0.3090169943749573300, -0.0000000000000000000 ) ) ;
#3091 = CARTESIAN_POINT ( 'NONE',  ( 0.5773502691896264000, 6.499999999999993800, 9.999999999999998200 ) ) ;
#3092 = ORIENTED_EDGE ( 'NONE', *, *, #5054, .T. ) ;
#3093 = CARTESIAN_POINT ( 'NONE',  ( -0.2352398704040686300, 6.552577633207929100, -15.00000000000000000 ) ) ;
#3094 = EDGE_CURVE ( 'NONE', #5, #3474, #1160, .T. ) ;
#3095 = ADVANCED_FACE ( 'NONE', ( #911 ), #5949, .F. ) ;
#3096 = CARTESIAN_POINT ( 'NONE',  ( 8.376276677047609800, -1.444987553423327200, -14.43900000000000000 ) ) ;
#3097 = CARTESIAN_POINT ( 'NONE',  ( 6.573289740812670700, 5.389454956982562300, -1.407857104176623200 ) ) ;
#3098 = CARTESIAN_POINT ( 'NONE',  ( -6.916694423007370100, 4.940580761280888700, 6.594685079528111300 ) ) ;
#3099 = EDGE_CURVE ( 'NONE', #4911, #6341, #3905, .T. ) ;
#3100 = CARTESIAN_POINT ( 'NONE',  ( 1.999999999999999100, 8.029657287525385100, 11.00000000000000000 ) ) ;
#3101 = ORIENTED_EDGE ( 'NONE', *, *, #3939, .T. ) ;
#3102 = AXIS2_PLACEMENT_3D ( 'NONE', #5353, #1660, #6427 ) ;
#3103 = ORIENTED_EDGE ( 'NONE', *, *, #3453, .F. ) ;
#3104 = CARTESIAN_POINT ( 'NONE',  ( -4.832165513222487400, 6.299039407149579400, -15.00000000000000000 ) ) ;
#3105 = CARTESIAN_POINT ( 'NONE',  ( -5.439534267935940200, 6.531574614737341900, -15.00000000000000000 ) ) ;
#3106 = B_SPLINE_CURVE_WITH_KNOTS ( 'NONE', 3,
 ( #6174, #4531, #3909, #4999 ),
 .UNSPECIFIED., .F., .F.,
 ( 4, 4 ),
 ( 2.599446042654893600E-007, 0.0008591490101772666100 ),
 .UNSPECIFIED. ) ;
#3107 = EDGE_CURVE ( 'NONE', #2401, #3275, #3663, .T. ) ;
#3108 = ADVANCED_FACE ( 'NONE', ( #2913, #6440 ), #3763, .T. ) ;
#3109 = CARTESIAN_POINT ( 'NONE',  ( -5.006092110488669500, 3.721830707633752700, -5.000000000000004400 ) ) ;
#3110 = CARTESIAN_POINT ( 'NONE',  ( 6.678658115148277100, 5.257901271511678400, -14.43900000000000000 ) ) ;
#3111 = ORIENTED_EDGE ( 'NONE', *, *, #1945, .F. ) ;
#3112 = CARTESIAN_POINT ( 'NONE',  ( -6.499706345634429300, 1.311507339667533600, -5.000000000000000900 ) ) ;
#3113 = DATE_AND_TIME ( #4884, #6306 ) ;
#3114 = DIRECTION ( 'NONE',  ( 1.000000000000000000, 0.0000000000000000000, 0.0000000000000000000 ) ) ;
#3115 = ORIENTED_EDGE ( 'NONE', *, *, #1873, .T. ) ;
#3116 = DIRECTION ( 'NONE',  ( 0.5000000000000040000, 0.8660254037844362700, -3.374246315831958400E-016 ) ) ;
#3117 = LINE ( 'NONE', #4015, #1722 ) ;
#3118 = DIRECTION ( 'NONE',  ( -0.8660254037844363800, 0.5000000000000040000, 0.0000000000000000000 ) ) ;
#3119 = FACE_OUTER_BOUND ( 'NONE', #5816, .T. ) ;
#3120 = ORIENTED_EDGE ( 'NONE', *, *, #3510, .T. ) ;
#3121 = ORIENTED_EDGE ( 'NONE', *, *, #6559, .T. ) ;
#3122 = B_SPLINE_CURVE_WITH_KNOTS ( 'NONE', 3,
 ( #4372, #6507, #5398, #5980 ),
 .UNSPECIFIED., .F., .F.,
 ( 4, 4 ),
 ( 2.997672792397154800E-007, 0.0008591888328612223600 ),
 .UNSPECIFIED. ) ;
#3123 = DIRECTION ( 'NONE',  ( 0.2079116908177532400, -0.9781476007338069100, 0.0000000000000000000 ) ) ;
#3124 = ADVANCED_FACE ( 'NONE', ( #4343 ), #1082, .F. ) ;
#3125 = CARTESIAN_POINT ( 'NONE',  ( -4.309199538352116200, -7.326718183379633800, 6.594685079528090000 ) ) ;
#3126 = VERTEX_POINT ( 'NONE', #1708 ) ;
#3127 = CONICAL_SURFACE ( 'NONE', #308, 2.000000000000000000, 0.7853981633974430600 ) ;
#3128 = VERTEX_POINT ( 'NONE', #1100 ) ;
#3129 = ORIENTED_EDGE ( 'NONE', *, *, #4774, .T. ) ;
#3130 = CARTESIAN_POINT ( 'NONE',  ( -8.319095260923161200, -1.744918252121749700, 6.595592633140100200 ) ) ;
#3131 = CARTESIAN_POINT ( 'NONE',  ( 1.387586425982576100, -8.011305538493752800, -14.80898904779960100 ) ) ;
#3132 = DIRECTION ( 'NONE',  ( 0.0000000000000000000, -1.000000000000000000, 0.0000000000000000000 ) ) ;
#3133 = DIRECTION ( 'NONE',  ( -0.5000000000000003300, 0.0000000000000000000, 0.8660254037844384900 ) ) ;
#3134 = CARTESIAN_POINT ( 'NONE',  ( 0.0000000000000000000, 0.0000000000000000000, -15.00000000000000000 ) ) ;
#3135 = ORIENTED_EDGE ( 'NONE', *, *, #1190, .T. ) ;
#3136 = CIRCLE ( 'NONE', #6144, 0.3926990816987240300 ) ;
#3137 = ORIENTED_EDGE ( 'NONE', *, *, #4195, .T. ) ;
#3138 = VERTEX_POINT ( 'NONE', #2215 ) ;
#3139 = CARTESIAN_POINT ( 'NONE',  ( -1.042559886965516600, -6.162432059024298200, -15.00000000000000000 ) ) ;
#3140 = ORIENTED_EDGE ( 'NONE', *, *, #827, .T. ) ;
#3141 = CARTESIAN_POINT ( 'NONE',  ( 4.520812613887484200, 6.714972451424007900, -14.84440871154355800 ) ) ;
#3142 = DIRECTION ( 'NONE',  ( 1.000000000000000000, 0.0000000000000000000, -0.0000000000000000000 ) ) ;
#3143 = CARTESIAN_POINT ( 'NONE',  ( 6.678658115143361900, 5.257901271511322200, -5.000000000000002700 ) ) ;
#3144 = ORIENTED_EDGE ( 'NONE', *, *, #5862, .T. ) ;
#3145 = EDGE_CURVE ( 'NONE', #19, #4621, #5438, .T. ) ;
#3146 = VECTOR ( 'NONE', #5413, 1000.000000000000000 ) ;
#3147 = VERTEX_POINT ( 'NONE', #6527 ) ;
#3148 = ADVANCED_FACE ( 'NONE', ( #3985 ), #2256, .T. ) ;
#3149 = ORIENTED_EDGE ( 'NONE', *, *, #1091, .T. ) ;
#3150 = AXIS2_PLACEMENT_3D ( 'NONE', #1547, #524, #2165 ) ;
#3151 = DIRECTION ( 'NONE',  ( -0.8660254037844433700, -0.4999999999999920100, 0.0000000000000000000 ) ) ;
#3152 = DIRECTION ( 'NONE',  ( 1.000000000000000000, 0.0000000000000000000, 0.0000000000000000000 ) ) ;
#3153 = CYLINDRICAL_SURFACE ( 'NONE', #6723, 3.946090011793464700 ) ;
#3154 = ORIENTED_EDGE ( 'NONE', *, *, #1816, .T. ) ;
#3155 = CYLINDRICAL_SURFACE ( 'NONE', #2407, 0.3926990816987240300 ) ;
#3156 = CIRCLE ( 'NONE', #2153, 30.84641689323308400 ) ;
#3157 = CARTESIAN_POINT ( 'NONE',  ( -2.880075745088721600, -5.890396857461829500, -15.00000000000000000 ) ) ;
#3158 = EDGE_CURVE ( 'NONE', #4943, #2903, #2578, .T. ) ;
#3159 = CARTESIAN_POINT ( 'NONE',  ( -4.269834286353265900, -7.349870803897432300, 6.595592633140100200 ) ) ;
#3160 = ORIENTED_EDGE ( 'NONE', *, *, #4813, .F. ) ;
#3161 = EDGE_CURVE ( 'NONE', #2244, #4803, #4688, .T. ) ;
#3162 = LINE ( 'NONE', #4596, #3838 ) ;
#3163 = AXIS2_PLACEMENT_3D ( 'NONE', #3, #2197, #2763 ) ;
#3164 = CARTESIAN_POINT ( 'NONE',  ( -4.309199538352015000, 7.326718183379703000, 6.594685079528088200 ) ) ;
#3165 = CIRCLE ( 'NONE', #5408, 3.946090011793465600 ) ;
#3166 = DIRECTION ( 'NONE',  ( 1.000000000000000000, 0.0000000000000000000, 0.0000000000000000000 ) ) ;
#3167 = DIRECTION ( 'NONE',  ( -0.0000000000000000000, 0.0000000000000000000, 1.000000000000000000 ) ) ;
#3168 = EDGE_LOOP ( 'NONE', ( #3540, #4823, #230, #3674, #4242, #6832, #444, #5832, #6957, #4422, #4634, #2467, #5733, #1990, #5070, #5332, #48, #3440, #164, #1147, #6521, #1750, #576, #4978, #43, #3081, #6596, #4426, #2473, #5211, #528, #6478, #1969, #1047, #3880, #5312, #6086, #6181, #3836, #6528, #5876, #4598, #3561, #5779, #1982, #6848, #3282, #734, #1336, #4536, #4559, #1131, #1582, #6294, #179, #1056, #2884, #5846, #1777, #401, #3361, #2513, #6001, #2563 ) ) ;
#3169 = CARTESIAN_POINT ( 'NONE',  ( -0.7201538861514797900, -6.196318295184923400, -5.000000000000004400 ) ) ;
#3170 = CYLINDRICAL_SURFACE ( 'NONE', #3150, 0.3926990816987240300 ) ;
#3171 = ADVANCED_FACE ( 'NONE', ( #822 ), #1116, .F. ) ;
#3172 = DIRECTION ( 'NONE',  ( 0.9781476007338041300, -0.2079116908177664800, -0.0000000000000000000 ) ) ;
#3173 = DIRECTION ( 'NONE',  ( -0.0000000000000000000, -0.0000000000000000000, 1.000000000000000000 ) ) ;
#3174 = ORIENTED_EDGE ( 'NONE', *, *, #2191, .F. ) ;
#3175 = AXIS2_PLACEMENT_3D ( 'NONE', #346, #4096, #4080 ) ;
#3176 = DIRECTION ( 'NONE',  ( -0.0000000000000000000, -0.0000000000000000000, 1.000000000000000000 ) ) ;
#3177 = CARTESIAN_POINT ( 'NONE',  ( -6.916694423007435900, -4.940580761280784800, 6.594685079528090000 ) ) ;
#3178 = PLANE ( 'NONE',  #944 ) ;
#3179 = CARTESIAN_POINT ( 'NONE',  ( 4.530988068736630400, -7.191672067118074300, -14.43900000000000000 ) ) ;
#3180 = CARTESIAN_POINT ( 'NONE',  ( 6.029257564594866300, 2.759399808157179600, -15.00000000000000000 ) ) ;
#3181 = ADVANCED_FACE ( 'NONE', ( #2419 ), #4265, .F. ) ;
#3182 = PLANE ( 'NONE',  #3482 ) ;
#3183 = CARTESIAN_POINT ( 'NONE',  ( -3.000000000000000400, 3.673940397442060400E-016, 14.55000000000000100 ) ) ;
#3184 = EDGE_CURVE ( 'NONE', #5486, #6369, #3571, .T. ) ;
#3185 = EDGE_LOOP ( 'NONE', ( #5965, #355, #1760, #5215, #1719 ) ) ;
#3186 = EDGE_CURVE ( 'NONE', #604, #797, #3231, .T. ) ;
#3187 = DIRECTION ( 'NONE',  ( 1.000000000000000000, 3.571795929689314400E-015, 0.0000000000000000000 ) ) ;
#3188 = ORIENTED_EDGE ( 'NONE', *, *, #686, .T. ) ;
#3189 = DIRECTION ( 'NONE',  ( -0.0000000000000000000, -0.0000000000000000000, 1.000000000000000000 ) ) ;
#3190 = PLANE ( 'NONE',  #4714 ) ;
#3191 = EDGE_CURVE ( 'NONE', #6094, #2974, #4193, .T. ) ;
#3192 = CARTESIAN_POINT ( 'NONE',  ( -0.6249184492353511100, -6.601190120977243200, -15.00000000000000000 ) ) ;
#3193 = AXIS2_PLACEMENT_3D ( 'NONE', #2622, #464, #4201 ) ;
#3194 = ADVANCED_FACE ( 'NONE', ( #1994 ), #3396, .T. ) ;
#3195 = EDGE_CURVE ( 'NONE', #6821, #991, #490, .T. ) ;
#3196 = DIRECTION ( 'NONE',  ( 0.4999999999999919500, -0.8660254037844433700, -0.0000000000000000000 ) ) ;
#3197 = EDGE_LOOP ( 'NONE', ( #3435, #4023, #4332 ) ) ;
#3198 = DIRECTION ( 'NONE',  ( -0.6691306063588671200, -0.7431448254773862500, 0.0000000000000000000 ) ) ;
#3199 = CARTESIAN_POINT ( 'NONE',  ( -2.312631089366869600, -8.179348228583037900, -5.000000000000004400 ) ) ;
#3200 = CARTESIAN_POINT ( 'NONE',  ( 7.923695597512313800, 3.076934522465859100, 6.061049446338039100 ) ) ;
#3201 = EDGE_CURVE ( 'NONE', #1788, #981, #902, .T. ) ;
#3202 = DIRECTION ( 'NONE',  ( -1.224646799147353900E-016, 1.000000000000000000, -0.0000000000000000000 ) ) ;
#3203 = LINE ( 'NONE', #4564, #5477 ) ;
#3204 = VECTOR ( 'NONE', #6141, 1000.000000000000000 ) ;
#3205 = DIRECTION ( 'NONE',  ( 0.0000000000000000000, 0.0000000000000000000, -1.000000000000000000 ) ) ;
#3206 = ORIENTED_EDGE ( 'NONE', *, *, #3371, .F. ) ;
#3207 = AXIS2_PLACEMENT_3D ( 'NONE', #1497, #1520, #2089 ) ;
#3208 = DIRECTION ( 'NONE',  ( 0.0000000000000000000, 0.0000000000000000000, 1.000000000000000000 ) ) ;
#3209 = ORIENTED_EDGE ( 'NONE', *, *, #5585, .F. ) ;
#3210 = CYLINDRICAL_SURFACE ( 'NONE', #5649, 0.3926990816987241400 ) ;
#3211 = CARTESIAN_POINT ( 'NONE',  ( 0.0000000000000000000, 0.0000000000000000000, -14.43900000000000000 ) ) ;
#3212 = EDGE_LOOP ( 'NONE', ( #3290, #1894, #6264, #805 ) ) ;
#3213 = ORIENTED_EDGE ( 'NONE', *, *, #3248, .F. ) ;
#3214 = ADVANCED_FACE ( 'NONE', ( #6255 ), #5674, .F. ) ;
#3215 = CARTESIAN_POINT ( 'NONE',  ( 3.051852017096595500, -7.933233846656947600, 5.729814788946939100 ) ) ;
#3216 = AXIS2_PLACEMENT_3D ( 'NONE', #3491, #2981, #3512 ) ;
#3217 = CARTESIAN_POINT ( 'NONE',  ( 5.374894541118254500, 6.585057579357980200, 6.061004889939272100 ) ) ;
#3218 = ORIENTED_EDGE ( 'NONE', *, *, #1366, .T. ) ;
#3219 = LINE ( 'NONE', #5522, #1469 ) ;
#3220 = ORIENTED_EDGE ( 'NONE', *, *, #4774, .F. ) ;
#3221 = EDGE_CURVE ( 'NONE', #6682, #4566, #398, .T. ) ;
#3222 = ORIENTED_EDGE ( 'NONE', *, *, #2632, .T. ) ;
#3223 = DIRECTION ( 'NONE',  ( 0.8660254037844432600, 0.4999999999999919000, 0.0000000000000000000 ) ) ;
#3224 = ORIENTED_EDGE ( 'NONE', *, *, #3860, .F. ) ;
#3225 = LINE ( 'NONE', #4577, #4243 ) ;
#3226 = CARTESIAN_POINT ( 'NONE',  ( 3.812889544842520200, -7.597120265904527200, -1.407627227510092700 ) ) ;
#3227 = CARTESIAN_POINT ( 'NONE',  ( 2.448777165885550100E-016, 3.000000000000000400, 9.000000000000000000 ) ) ;
#3228 = ORIENTED_EDGE ( 'NONE', *, *, #6437, .F. ) ;
#3229 = ORIENTED_EDGE ( 'NONE', *, *, #137, .T. ) ;
#3230 = DIRECTION ( 'NONE',  ( -0.9135454576426059700, -0.4067366430757887700, 0.0000000000000000000 ) ) ;
#3231 = LINE ( 'NONE', #6474, #5684 ) ;
#3232 = FACE_OUTER_BOUND ( 'NONE', #2603, .T. ) ;
#3233 = CYLINDRICAL_SURFACE ( 'NONE', #6096, 0.3926990816987240300 ) ;
#3234 = ADVANCED_FACE ( 'NONE', ( #574 ), #6095, .F. ) ;
#3235 = ORIENTED_EDGE ( 'NONE', *, *, #2695, .F. ) ;
#3236 = DIRECTION ( 'NONE',  ( 0.8090169943749504500, 0.5877852522924689200, 0.0000000000000000000 ) ) ;
#3237 = CARTESIAN_POINT ( 'NONE',  ( 4.532886174746358200, 7.069293181989122500, -14.54126440246393100 ) ) ;
#3238 = CARTESIAN_POINT ( 'NONE',  ( -6.471215300770765600, -1.445547167183624000, -5.000000000000000900 ) ) ;
#3239 = EDGE_CURVE ( 'NONE', #6787, #130, #1753, .T. ) ;
#3240 = LINE ( 'NONE', #517, #3754 ) ;
#3241 = CYLINDRICAL_SURFACE ( 'NONE', #1196, 3.000000000000000400 ) ;
#3242 = TOROIDAL_SURFACE ( 'NONE', #3605, 31.43791576719764100, 3.946090011793464700 ) ;
#3243 = AXIS2_PLACEMENT_3D ( 'NONE', #374, #2528, #6219 ) ;
#3244 = DIRECTION ( 'NONE',  ( -0.0000000000000000000, -0.0000000000000000000, -1.000000000000000000 ) ) ;
#3245 = VERTEX_POINT ( 'NONE', #2798 ) ;
#3246 = DIRECTION ( 'NONE',  ( 1.000000000000000000, 0.0000000000000000000, 0.0000000000000000000 ) ) ;
#3247 = FACE_OUTER_BOUND ( 'NONE', #5233, .T. ) ;
#3248 = EDGE_CURVE ( 'NONE', #4135, #6492, #6846, .T. ) ;
#3249 = VECTOR ( 'NONE', #520, 999.9999999999998900 ) ;
#3250 = EDGE_CURVE ( 'NONE', #5663, #4803, #4664, .T. ) ;
#3251 = CARTESIAN_POINT ( 'NONE',  ( 7.588344704669247600, -3.830083319442916200, 6.059007973342107600 ) ) ;
#3252 = ORIENTED_EDGE ( 'NONE', *, *, #6297, .F. ) ;
#3253 = AXIS2_PLACEMENT_3D ( 'NONE', #2348, #260, #1246 ) ;
#3254 = CARTESIAN_POINT ( 'NONE',  ( 2.482777478334515100, -8.129379845981494800, 6.572774733855866600 ) ) ;
#3255 = CARTESIAN_POINT ( 'NONE',  ( 5.792318625829882900, 3.072565112850953900, -15.00000000000000000 ) ) ;
#3256 = CARTESIAN_POINT ( 'NONE',  ( 7.896259318297526700, 3.146380185640960600, 6.299225567058379700 ) ) ;
#3257 = ADVANCED_FACE ( 'NONE', ( #2325 ), #1272, .F. ) ;
#3258 = DIRECTION ( 'NONE',  ( 0.5000000000000040000, 0.8660254037844363800, 0.0000000000000000000 ) ) ;
#3259 = EDGE_LOOP ( 'NONE', ( #4834, #87, #3688, #5969 ) ) ;
#3260 = EDGE_CURVE ( 'NONE', #5502, #364, #4585, .T. ) ;
#3261 = CARTESIAN_POINT ( 'NONE',  ( 4.385651846218999100, -4.973157142624606800, -5.000000000000000900 ) ) ;
#3262 = EDGE_LOOP ( 'NONE', ( #5671, #1277, #6142, #1053 ) ) ;
#3263 = CARTESIAN_POINT ( 'NONE',  ( -7.625892554961532200, 3.754432412510967600, -14.43900000000408400 ) ) ;
#3264 = AXIS2_PLACEMENT_3D ( 'NONE', #4148, #6827, #419 ) ;
#3265 = CARTESIAN_POINT ( 'NONE',  ( 8.488027882756670200, 0.4509796686607172600, 5.729814788946944400 ) ) ;
#3266 = CARTESIAN_POINT ( 'NONE',  ( 5.828789400926304200, -4.042826974954944100, -15.00000000000000000 ) ) ;
#3267 = CARTESIAN_POINT ( 'NONE',  ( 5.604653744223209200, -6.390592099447259100, 6.593839399759581900 ) ) ;
#3268 = CARTESIAN_POINT ( 'NONE',  ( -7.631787345536580800, -2.803967694016078000, -14.80898902359663100 ) ) ;
#3269 = DIRECTION ( 'NONE',  ( 1.000000000000000000, 0.0000000000000000000, 0.0000000000000000000 ) ) ;
#3270 = CARTESIAN_POINT ( 'NONE',  ( -3.981571814239764700, -7.509930510676665200, 6.377062636350044200 ) ) ;
#3271 = EDGE_CURVE ( 'NONE', #2062, #3888, #6433, .T. ) ;
#3272 = CARTESIAN_POINT ( 'NONE',  ( -5.086638884589818900, -3.610967584008658800, -5.000000000000004400 ) ) ;
#3273 = CARTESIAN_POINT ( 'NONE',  ( -1.597502116485205700, 2.547441346227737700, 9.770061818964737900 ) ) ;
#3274 = CARTESIAN_POINT ( 'NONE',  ( -0.02632535219242340000, -8.502710791770065100, 2.160490421957786700 ) ) ;
#3275 = VERTEX_POINT ( 'NONE', #675 ) ;
#3276 = CARTESIAN_POINT ( 'NONE',  ( -7.625892554961581000, -3.754432412510870800, -5.000000000000004400 ) ) ;
#3277 = CARTESIAN_POINT ( 'NONE',  ( -8.212273361114489100, 2.192885639015447200, 5.895995866773835900 ) ) ;
#3278 = DIRECTION ( 'NONE',  ( 1.000000000000000000, 0.0000000000000000000, 0.0000000000000000000 ) ) ;
#3279 = EDGE_CURVE ( 'NONE', #4803, #4010, #1512, .T. ) ;
#3280 = AXIS2_PLACEMENT_3D ( 'NONE', #6277, #994, #1410 ) ;
#3281 = DIRECTION ( 'NONE',  ( -0.0000000000000000000, -0.0000000000000000000, -1.000000000000000000 ) ) ;
#3282 = ORIENTED_EDGE ( 'NONE', *, *, #345, .T. ) ;
#3283 = DIRECTION ( 'NONE',  ( -0.0000000000000000000, -0.0000000000000000000, 1.000000000000000000 ) ) ;
#3284 = CARTESIAN_POINT ( 'NONE',  ( 5.738343555174076900, 6.270678850235605700, 6.594685079528088200 ) ) ;
#3285 = ADVANCED_FACE ( 'NONE', ( #5942 ), #1667, .T. ) ;
#3286 = ORIENTED_EDGE ( 'NONE', *, *, #4120, .F. ) ;
#3287 = EDGE_CURVE ( 'NONE', #3764, #4812, #1825, .T. ) ;
#3288 = VECTOR ( 'NONE', #6654, 1000.000000000000000 ) ;
#3289 = CARTESIAN_POINT ( 'NONE',  ( 5.344456036819129200, -6.609598298724932900, 5.729814788946944400 ) ) ;
#3290 = ORIENTED_EDGE ( 'NONE', *, *, #5081, .F. ) ;
#3291 = EDGE_CURVE ( 'NONE', #6748, #5425, #5002, .T. ) ;
#3292 = DIRECTION ( 'NONE',  ( 0.0000000000000000000, 0.0000000000000000000, 1.000000000000000000 ) ) ;
#3293 = CARTESIAN_POINT ( 'NONE',  ( -7.892805129293767800, 3.154936955153627900, -14.43900000000000000 ) ) ;
#3294 = AXIS2_PLACEMENT_3D ( 'NONE', #86, #5518, #152 ) ;
#3295 = CARTESIAN_POINT ( 'NONE',  ( -3.887933944195206800, -7.558865810396156300, 6.059129432753203500 ) ) ;
#3296 = VECTOR ( 'NONE', #756, 1000.000000000000000 ) ;
#3297 = VECTOR ( 'NONE', #3133, 1000.000000000000100 ) ;
#3298 = ORIENTED_EDGE ( 'NONE', *, *, #4430, .F. ) ;
#3299 = VERTEX_POINT ( 'NONE', #3430 ) ;
#3300 = DIRECTION ( 'NONE',  ( -0.4999999999999995600, 0.0000000000000000000, -0.8660254037844389300 ) ) ;
#3301 = DIRECTION ( 'NONE',  ( 0.2079116908177664800, 0.9781476007338041300, 0.0000000000000000000 ) ) ;
#3302 = CARTESIAN_POINT ( 'NONE',  ( -1.999881317805502600, 2.236174130009699600, 11.13742318251486600 ) ) ;
#3303 = CARTESIAN_POINT ( 'NONE',  ( 1.606814403260188100, -6.696792176639157800, -15.00000000000000000 ) ) ;
#3304 = ORIENTED_EDGE ( 'NONE', *, *, #4591, .F. ) ;
#3305 = CARTESIAN_POINT ( 'NONE',  ( -6.890149495002674500, 4.977743023039273900, 6.595592633140117100 ) ) ;
#3306 = CYLINDRICAL_SURFACE ( 'NONE', #4100, 0.3926990816987240300 ) ;
#3307 = AXIS2_PLACEMENT_3D ( 'NONE', #165, #1803, #2873 ) ;
#3308 = VERTEX_POINT ( 'NONE', #1861 ) ;
#3309 = EDGE_LOOP ( 'NONE', ( #391, #206, #2471, #5662, #4511 ) ) ;
#3310 = CARTESIAN_POINT ( 'NONE',  ( -29.96136759268884500, -21.85289964354136700, -5.000000000000000900 ) ) ;
#3311 = EDGE_LOOP ( 'NONE', ( #5151, #5577, #4928, #1983, #5080 ) ) ;
#3312 = LINE ( 'NONE', #4324, #3054 ) ;
#3313 = ORIENTED_EDGE ( 'NONE', *, *, #4919, .T. ) ;
#3314 = VERTEX_POINT ( 'NONE', #4611 ) ;
#3315 = AXIS2_PLACEMENT_3D ( 'NONE', #4035, #4628, #4085 ) ;
#3316 = DIRECTION ( 'NONE',  ( 1.000000000000000000, 0.0000000000000000000, 0.0000000000000000000 ) ) ;
#3317 = VERTEX_POINT ( 'NONE', #5646 ) ;
#3318 = VECTOR ( 'NONE', #4005, 1000.000000000000000 ) ;
#3319 = CARTESIAN_POINT ( 'NONE',  ( 0.0000000000000000000, 0.0000000000000000000, 15.00000000000000000 ) ) ;
#3320 = ORIENTED_EDGE ( 'NONE', *, *, #2129, .F. ) ;
#3321 = CARTESIAN_POINT ( 'NONE',  ( -6.673278359964975000, 5.264786804514141500, 6.300540252847225600 ) ) ;
#3322 = ORIENTED_EDGE ( 'NONE', *, *, #1507, .T. ) ;
#3323 = CIRCLE ( 'NONE', #430, 3.946090011793463900 ) ;
#3324 = CARTESIAN_POINT ( 'NONE',  ( -2.312631089366764300, 8.179348228583066300, -14.43900000000408400 ) ) ;
#3325 = CIRCLE ( 'NONE', #6573, 30.54279649802285600 ) ;
#3326 = FACE_OUTER_BOUND ( 'NONE', #4626, .T. ) ;
#3327 = CARTESIAN_POINT ( 'NONE',  ( 0.5615124314576589400, -8.481432885386674100, -4.098158062652541600 ) ) ;
#3328 = CARTESIAN_POINT ( 'NONE',  ( -7.407051519548629900, 3.784321119614360900, -14.62213448141102900 ) ) ;
#3329 = EDGE_LOOP ( 'NONE', ( #6833, #843, #4887, #5639 ) ) ;
#3330 = EDGE_CURVE ( 'NONE', #2290, #418, #1913, .T. ) ;
#3331 = LINE ( 'NONE', #4241, #243 ) ;
#3332 = CYLINDRICAL_SURFACE ( 'NONE', #6715, 3.946090011793463900 ) ;
#3333 = CARTESIAN_POINT ( 'NONE',  ( -1.687939873597371000, 8.331302819603941100, 12.57198228989634700 ) ) ;
#3334 = CARTESIAN_POINT ( 'NONE',  ( -36.17992788854355300, 8.151335896189067400, -5.000000000000000900 ) ) ;
#3335 = ORIENTED_EDGE ( 'NONE', *, *, #920, .F. ) ;
#3336 = DIRECTION ( 'NONE',  ( -0.0000000000000000000, 1.000000000000000000, -0.0000000000000000000 ) ) ;
#3337 = EDGE_CURVE ( 'NONE', #1914, #5634, #3566, .T. ) ;
#3338 = FACE_OUTER_BOUND ( 'NONE', #2482, .T. ) ;
#3339 = ORIENTED_EDGE ( 'NONE', *, *, #358, .F. ) ;
#3340 = DIRECTION ( 'NONE',  ( -0.0000000000000000000, 1.000000000000000000, -0.0000000000000000000 ) ) ;
#3341 = DIRECTION ( 'NONE',  ( 1.000000000000000000, 0.0000000000000000000, 0.0000000000000000000 ) ) ;
#3342 = EDGE_CURVE ( 'NONE', #3981, #2565, #6950, .T. ) ;
#3343 = ORIENTED_EDGE ( 'NONE', *, *, #199, .T. ) ;
#3344 = AXIS2_PLACEMENT_3D ( 'NONE', #1146, #5492, #2291 ) ;
#3345 = PLANE ( 'NONE',  #6226 ) ;
#3346 = DIRECTION ( 'NONE',  ( 0.8090169943749425700, -0.5877852522924798000, 0.0000000000000000000 ) ) ;
#3347 = CARTESIAN_POINT ( 'NONE',  ( -7.939000000000005400, 0.0000000000000000000, 15.00000000000000000 ) ) ;
#3348 = CARTESIAN_POINT ( 'NONE',  ( -6.787005849283223900, -5.117379684314663300, 6.572932545088687700 ) ) ;
#3349 = CARTESIAN_POINT ( 'NONE',  ( -6.304564774301698400, 1.801131433982188200, -5.000000000000004400 ) ) ;
#3350 = CARTESIAN_POINT ( 'NONE',  ( 7.792752554573165300, -3.394555585521201300, 6.594685079528038500 ) ) ;
#3351 = CARTESIAN_POINT ( 'NONE',  ( 0.2993688424253462800, 8.496042316764842900, 13.45294580866829100 ) ) ;
#3352 = AXIS2_PLACEMENT_3D ( 'NONE', #1489, #4141, #6303 ) ;
#3353 = EDGE_CURVE ( 'NONE', #5743, #589, #3746, .T. ) ;
#3354 = VERTEX_POINT ( 'NONE', #314 ) ;
#3355 = DIRECTION ( 'NONE',  ( 0.9510565162951544200, 0.3090169943749449500, 0.0000000000000000000 ) ) ;
#3356 = CARTESIAN_POINT ( 'NONE',  ( -6.492092665173082400, -0.9188820722216869400, -5.000000000000004400 ) ) ;
#3357 = VERTEX_POINT ( 'NONE', #4036 ) ;
#3358 = CARTESIAN_POINT ( 'NONE',  ( -2.778738016340063200, 5.598313588621709700, -15.00000000000000000 ) ) ;
#3359 = DIRECTION ( 'NONE',  ( -0.0000000000000000000, 1.000000000000000000, -0.0000000000000000000 ) ) ;
#3360 = CARTESIAN_POINT ( 'NONE',  ( -7.190416521856954000, 3.795302670065512800, -14.80898907258734100 ) ) ;
#3361 = ORIENTED_EDGE ( 'NONE', *, *, #3536, .T. ) ;
#3362 = EDGE_CURVE ( 'NONE', #5899, #4010, #4837, .T. ) ;
#3363 = AXIS2_PLACEMENT_3D ( 'NONE', #1804, #571, #13 ) ;
#3364 = DIRECTION ( 'NONE',  ( 1.000000000000000000, 0.0000000000000000000, 0.0000000000000000000 ) ) ;
#3365 = CARTESIAN_POINT ( 'NONE',  ( 0.0000000000000000000, 0.0000000000000000000, 14.55000000000000100 ) ) ;
#3366 = CIRCLE ( 'NONE', #3413, 3.946090011793464700 ) ;
#3367 = VECTOR ( 'NONE', #3587, 999.9999999999998900 ) ;
#3368 = DIRECTION ( 'NONE',  ( 0.0000000000000000000, 0.0000000000000000000, -1.000000000000000000 ) ) ;
#3369 = CARTESIAN_POINT ( 'NONE',  ( -1.394660148313151800, 8.387178406407436200, 9.075016933058618600 ) ) ;
#3370 = ORIENTED_EDGE ( 'NONE', *, *, #1013, .T. ) ;
#3371 = EDGE_CURVE ( 'NONE', #797, #4786, #728, .T. ) ;
#3372 = ORIENTED_EDGE ( 'NONE', *, *, #1578, .T. ) ;
#3373 = FACE_OUTER_BOUND ( 'NONE', #5107, .T. ) ;
#3374 = CARTESIAN_POINT ( 'NONE',  ( -6.471215300770746900, 1.445547167183711500, -15.00000000000000000 ) ) ;
#3375 = VERTEX_POINT ( 'NONE', #3520 ) ;
#3376 = CARTESIAN_POINT ( 'NONE',  ( -5.323792341258426900, -3.952653436444991900, -15.00000000000000000 ) ) ;
#3377 = ORIENTED_EDGE ( 'NONE', *, *, #1743, .T. ) ;
#3378 = AXIS2_PLACEMENT_3D ( 'NONE', #1129, #142, #4404 ) ;
#3379 = EDGE_LOOP ( 'NONE', ( #792, #707, #3611, #2946 ) ) ;
#3380 = FACE_OUTER_BOUND ( 'NONE', #6233, .T. ) ;
#3381 = CARTESIAN_POINT ( 'NONE',  ( 4.497521211351208400, -6.542172724213725300, -15.00000000000000000 ) ) ;
#3382 = DIRECTION ( 'NONE',  ( 0.1045284632676571800, 0.9945218953682729600, 0.0000000000000000000 ) ) ;
#3383 = ORIENTED_EDGE ( 'NONE', *, *, #4093, .T. ) ;
#3384 = EDGE_CURVE ( 'NONE', #4267, #4586, #4335, .T. ) ;
#3385 = VERTEX_POINT ( 'NONE', #1934 ) ;
#3386 = ORIENTED_EDGE ( 'NONE', *, *, #3439, .F. ) ;
#3387 = CARTESIAN_POINT ( 'NONE',  ( -7.625892554961530400, 3.754432412510967200, -5.000000000000004400 ) ) ;
#3388 = CARTESIAN_POINT ( 'NONE',  ( -30.26672017806191000, -21.43261786566474900, -5.000000000000000900 ) ) ;
#3389 = CARTESIAN_POINT ( 'NONE',  ( -4.512492438464209800, -7.203427889660690500, 6.378272482631099500 ) ) ;
#3390 = AXIS2_PLACEMENT_3D ( 'NONE', #3655, #5201, #2076 ) ;
#3391 = VERTEX_POINT ( 'NONE', #4701 ) ;
#3392 = EDGE_LOOP ( 'NONE', ( #4274, #725, #6563, #5045, #6337 ) ) ;
#3393 = ORIENTED_EDGE ( 'NONE', *, *, #1366, .F. ) ;
#3394 = DIRECTION ( 'NONE',  ( -0.9945218953682744000, -0.1045284632676436500, 0.0000000000000000000 ) ) ;
#3395 = CARTESIAN_POINT ( 'NONE',  ( -8.281715850678962100, -1.914214062116385500, 6.573108916605941800 ) ) ;
#3396 = CONICAL_SURFACE ( 'NONE', #2688, 8.500000000000003600, 0.7853981633974482800 ) ;
#3397 = UNCERTAINTY_MEASURE_WITH_UNIT (LENGTH_MEASURE( 1.000000000000000100E-005 ), #1388, 'distance_accuracy_value', 'NONE');
#3398 = VECTOR ( 'NONE', #2560, 1000.000000000000000 ) ;
#3399 = FACE_OUTER_BOUND ( 'NONE', #775, .T. ) ;
#3400 = ORIENTED_EDGE ( 'NONE', *, *, #1743, .F. ) ;
#3401 = APPROVAL ( #1952, 'UNSPECIFIED' ) ;
#3402 = DIRECTION ( 'NONE',  ( 1.000000000000000000, 0.0000000000000000000, 0.0000000000000000000 ) ) ;
#3403 = DIRECTION ( 'NONE',  ( -0.3090169943749449500, 0.9510565162951544200, 0.0000000000000000000 ) ) ;
#3404 = VECTOR ( 'NONE', #6093, 1000.000000000000100 ) ;
#3405 = VECTOR ( 'NONE', #5379, 1000.000000000000000 ) ;
#3406 = CYLINDRICAL_SURFACE ( 'NONE', #1703, 3.946090011793464700 ) ;
#3407 = VERTEX_POINT ( 'NONE', #6794 ) ;
#3408 = CARTESIAN_POINT ( 'NONE',  ( 8.499379888213795200, 0.1111855319680013200, 6.593837130377964200 ) ) ;
#3409 = DIRECTION ( 'NONE',  ( 0.7431448254773862500, -0.6691306063588671200, 0.0000000000000000000 ) ) ;
#3410 = EDGE_CURVE ( 'NONE', #5852, #2923, #4421, .T. ) ;
#3411 = LINE ( 'NONE', #4369, #76 ) ;
#3412 = CIRCLE ( 'NONE', #2008, 8.500000000000003600 ) ;
#3413 = AXIS2_PLACEMENT_3D ( 'NONE', #5537, #6052, #3382 ) ;
#3414 = CARTESIAN_POINT ( 'NONE',  ( -3.944482441314136200, 36.87375528916305700, -5.000000000000000900 ) ) ;
#3415 = EDGE_LOOP ( 'NONE', ( #2653, #5764, #6371, #5929 ) ) ;
#3416 = CARTESIAN_POINT ( 'NONE',  ( -5.888008058666682300, -5.875105078024031300, -14.62213447976287400 ) ) ;
#3417 = CARTESIAN_POINT ( 'NONE',  ( -2.122011439087720900, 8.230901431746554300, 11.60464998912394600 ) ) ;
#3418 = CARTESIAN_POINT ( 'NONE',  ( -8.237569674489078500, -2.095964921522280200, 6.298911771845115300 ) ) ;
#3419 = EDGE_CURVE ( 'NONE', #5339, #6243, #2843, .T. ) ;
#3420 = VERTEX_POINT ( 'NONE', #449 ) ;
#3421 = AXIS2_PLACEMENT_3D ( 'NONE', #1514, #3686, #6849 ) ;
#3422 = ORIENTED_EDGE ( 'NONE', *, *, #6212, .T. ) ;
#3423 = CARTESIAN_POINT ( 'NONE',  ( -0.7201538861513956400, 6.196318295184894100, -5.000000000000020400 ) ) ;
#3424 = CARTESIAN_POINT ( 'NONE',  ( 6.969229953101047300, 1.322523984876394300, -15.00000000000000000 ) ) ;
#3425 = CARTESIAN_POINT ( 'NONE',  ( 5.704652228857748100, -6.301510026548408300, 6.595592633140116200 ) ) ;
#3426 = ADVANCED_FACE ( 'NONE', ( #146 ), #4254, .F. ) ;
#3427 = EDGE_CURVE ( 'NONE', #3593, #6473, #1414, .T. ) ;
#3428 = DIRECTION ( 'NONE',  ( 0.9510565162951503100, -0.3090169943749573300, 0.0000000000000000000 ) ) ;
#3429 = AXIS2_PLACEMENT_3D ( 'NONE', #4261, #4790, #3187 ) ;
#3430 = CARTESIAN_POINT ( 'NONE',  ( -5.557078755425680000, 3.480012520356947200, -5.000000000000000900 ) ) ;
#3431 = DIRECTION ( 'NONE',  ( 0.0000000000000000000, 0.0000000000000000000, 1.000000000000000000 ) ) ;
#3432 = VERTEX_POINT ( 'NONE', #6250 ) ;
#3433 = CARTESIAN_POINT ( 'NONE',  ( -5.759433774845724100, -5.464123314234994300, -15.00000000000000000 ) ) ;
#3434 = DIRECTION ( 'NONE',  ( 0.0000000000000000000, 0.0000000000000000000, -1.000000000000000000 ) ) ;
#3435 = ORIENTED_EDGE ( 'NONE', *, *, #1744, .F. ) ;
#3436 = DIRECTION ( 'NONE',  ( 0.0000000000000000000, 0.0000000000000000000, -1.000000000000000000 ) ) ;
#3437 = AXIS2_PLACEMENT_3D ( 'NONE', #4526, #1883, #185 ) ;
#3438 = CARTESIAN_POINT ( 'NONE',  ( 6.630349875966786000, -0.06851717849924807100, -15.00000000000000000 ) ) ;
#3439 = EDGE_CURVE ( 'NONE', #4299, #1070, #5756, .T. ) ;
#3440 = ORIENTED_EDGE ( 'NONE', *, *, #5126, .T. ) ;
#3441 = CARTESIAN_POINT ( 'NONE',  ( -8.208780163052043800, 2.205884909694119300, 5.729814788967816600 ) ) ;
#3442 = CARTESIAN_POINT ( 'NONE',  ( -6.078516219072041900, -1.445547167183624000, -5.000000000000000900 ) ) ;
#3443 = EDGE_CURVE ( 'NONE', #2213, #737, #5521, .T. ) ;
#3444 = FACE_OUTER_BOUND ( 'NONE', #221, .T. ) ;
#3445 = ORIENTED_EDGE ( 'NONE', *, *, #115, .F. ) ;
#3446 = DIRECTION ( 'NONE',  ( -0.0000000000000000000, -0.0000000000000000000, -1.000000000000000000 ) ) ;
#3447 = CARTESIAN_POINT ( 'NONE',  ( 2.104861686034515800E-016, 3.000000000000000900, 9.562499999999992900 ) ) ;
#3448 = CARTESIAN_POINT ( 'NONE',  ( 6.029257564594827200, -2.759399808157259000, -5.000000000000000900 ) ) ;
#3449 = LINE ( 'NONE', #1932, #3715 ) ;
#3450 = DIRECTION ( 'NONE',  ( 0.0000000000000000000, -0.7071067811865288100, -0.7071067811865663400 ) ) ;
#3451 = CIRCLE ( 'NONE', #4066, 0.3926990816987240300 ) ;
#3452 = ORIENTED_EDGE ( 'NONE', *, *, #6043, .F. ) ;
#3453 = EDGE_CURVE ( 'NONE', #3895, #4267, #2904, .T. ) ;
#3454 = VERTEX_POINT ( 'NONE', #1976 ) ;
#3455 = ADVANCED_FACE ( 'NONE', ( #4077, #6766 ), #1481, .T. ) ;
#3456 = ORIENTED_EDGE ( 'NONE', *, *, #6262, .T. ) ;
#3457 = AXIS2_PLACEMENT_3D ( 'NONE', #2450, #4669, #875 ) ;
#3458 = CARTESIAN_POINT ( 'NONE',  ( 5.670509102288574100, 2.599674701928095500, -5.000000000000000900 ) ) ;
#3459 = DIRECTION ( 'NONE',  ( 0.0000000000000000000, 0.0000000000000000000, 1.000000000000000000 ) ) ;
#3460 = B_SPLINE_CURVE_WITH_KNOTS ( 'NONE', 3,
 ( #4749, #2576, #6313, #1522 ),
 .UNSPECIFIED., .F., .F.,
 ( 4, 4 ),
 ( 3.127317220692750800E-018, 0.0001370343569984967800 ),
 .UNSPECIFIED. ) ;
#3461 = CARTESIAN_POINT ( 'NONE',  ( 7.064380123506918400, -4.727000472871884200, -15.00000000000000000 ) ) ;
#3462 = EDGE_LOOP ( 'NONE', ( #2066, #3372, #4233 ) ) ;
#3463 = FACE_OUTER_BOUND ( 'NONE', #3415, .T. ) ;
#3464 = VERTEX_POINT ( 'NONE', #4660 ) ;
#3465 = ORIENTED_EDGE ( 'NONE', *, *, #1585, .F. ) ;
#3466 = EDGE_CURVE ( 'NONE', #1901, #3682, #3658, .T. ) ;
#3467 = CARTESIAN_POINT ( 'NONE',  ( -3.450000000000000200, 0.0000000000000000000, -15.00000000000000000 ) ) ;
#3468 = DIRECTION ( 'NONE',  ( -0.9135454576426060800, -0.4067366430757888300, 0.0000000000000000000 ) ) ;
#3469 = VERTEX_POINT ( 'NONE', #941 ) ;
#3470 = LINE ( 'NONE', #2924, #1389 ) ;
#3471 = AXIS2_PLACEMENT_3D ( 'NONE', #4017, #4542, #3967 ) ;
#3472 = ORIENTED_EDGE ( 'NONE', *, *, #6025, .F. ) ;
#3473 = VERTEX_POINT ( 'NONE', #2582 ) ;
#3474 = VERTEX_POINT ( 'NONE', #1449 ) ;
#3475 = EDGE_CURVE ( 'NONE', #3464, #6473, #1593, .T. ) ;
#3476 = EDGE_LOOP ( 'NONE', ( #6897, #5190, #54, #5564, #3521 ) ) ;
#3477 = CYLINDRICAL_SURFACE ( 'NONE', #4014, 3.946090011793464700 ) ;
#3478 = CARTESIAN_POINT ( 'NONE',  ( -6.115588681060470000, -1.229860609608885500, -15.00000000000000000 ) ) ;
#3479 = ORIENTED_EDGE ( 'NONE', *, *, #2448, .T. ) ;
#3480 = CARTESIAN_POINT ( 'NONE',  ( 0.0000000000000000000, 0.0000000000000000000, -14.43900000000000000 ) ) ;
#3481 = EDGE_LOOP ( 'NONE', ( #2551, #5861, #6291, #1320 ) ) ;
#3482 = AXIS2_PLACEMENT_3D ( 'NONE', #1114, #557, #1099 ) ;
#3483 = CARTESIAN_POINT ( 'NONE',  ( -0.9566049056667895700, 8.445999470427064900, 6.594685079528220600 ) ) ;
#3484 = LINE ( 'NONE', #2349, #6266 ) ;
#3485 = ORIENTED_EDGE ( 'NONE', *, *, #3419, .F. ) ;
#3486 = CONICAL_SURFACE ( 'NONE', #5273, 3.000000000000000400, 0.7853981633974492800 ) ;
#3487 = FACE_OUTER_BOUND ( 'NONE', #2968, .T. ) ;
#3488 = CARTESIAN_POINT ( 'NONE',  ( -0.6249184492353511100, -6.601190120977243200, -15.00000000000000000 ) ) ;
#3489 = CARTESIAN_POINT ( 'NONE',  ( 4.530988068736881800, 7.191672067113090700, -15.00000000000000000 ) ) ;
#3490 = VERTEX_POINT ( 'NONE', #6839 ) ;
#3491 = CARTESIAN_POINT ( 'NONE',  ( -0.7612021176880666700, -6.586866130225319100, -5.000000000000000900 ) ) ;
#3492 = FACE_OUTER_BOUND ( 'NONE', #4983, .T. ) ;
#3493 = CIRCLE ( 'NONE', #4777, 1.437499999999987300 ) ;
#3494 = ORIENTED_EDGE ( 'NONE', *, *, #2624, .F. ) ;
#3495 = CARTESIAN_POINT ( 'NONE',  ( -7.906500239372369300, 3.121156310539694900, -3.199732156540448200 ) ) ;
#3496 = DIRECTION ( 'NONE',  ( -0.4999999999999920600, 0.8660254037844432600, 0.0000000000000000000 ) ) ;
#3497 = ADVANCED_FACE ( 'NONE', ( #2990 ), #3153, .T. ) ;
#3498 = FACE_OUTER_BOUND ( 'NONE', #6390, .T. ) ;
#3499 = ORIENTED_EDGE ( 'NONE', *, *, #2778, .T. ) ;
#3500 = DIRECTION ( 'NONE',  ( 1.000000000000000000, 0.0000000000000000000, 0.0000000000000000000 ) ) ;
#3501 = EDGE_CURVE ( 'NONE', #4350, #3881, #1581, .T. ) ;
#3502 = DIRECTION ( 'NONE',  ( 0.3090169943749449000, -0.9510565162951543100, 0.0000000000000000000 ) ) ;
#3503 = AXIS2_PLACEMENT_3D ( 'NONE', #5760, #2514, #4124 ) ;
#3504 = ORIENTED_EDGE ( 'NONE', *, *, #1356, .T. ) ;
#3505 = CARTESIAN_POINT ( 'NONE',  ( 2.769335738371820900, -8.036280977015314500, 6.573149564394815200 ) ) ;
#3506 = DIRECTION ( 'NONE',  ( 0.0000000000000000000, 0.0000000000000000000, 1.000000000000000000 ) ) ;
#3507 = CARTESIAN_POINT ( 'NONE',  ( 4.532886174746354700, 7.069293181989124300, -15.00000000000000000 ) ) ;
#3508 = DIRECTION ( 'NONE',  ( 0.9510565162951503100, -0.3090169943749573300, 0.0000000000000000000 ) ) ;
#3509 = B_SPLINE_CURVE_WITH_KNOTS ( 'NONE', 3,
 ( #3199, #556, #3792, #622, #1688, #2758, #82, #5950 ),
 .UNSPECIFIED., .F., .F.,
 ( 4, 2, 2, 4 ),
 ( 1.992342074533837900E-007, 0.002695036964422627300, 0.005389874694637800600, 0.01077955015506814800 ),
 .UNSPECIFIED. ) ;
#3510 = EDGE_CURVE ( 'NONE', #5339, #5304, #2835, .T. ) ;
#3511 = CARTESIAN_POINT ( 'NONE',  ( -5.026920358780701600, -4.209712952485083400, -15.00000000000000000 ) ) ;
#3512 = DIRECTION ( 'NONE',  ( 1.000000000000000000, 0.0000000000000000000, 0.0000000000000000000 ) ) ;
#3513 = EDGE_CURVE ( 'NONE', #797, #2881, #5509, .T. ) ;
#3514 = AXIS2_PLACEMENT_3D ( 'NONE', #801, #833, #2970 ) ;
#3515 = DIRECTION ( 'NONE',  ( 0.9945218953682742900, 0.1045284632676436300, -0.0000000000000000000 ) ) ;
#3516 = DIRECTION ( 'NONE',  ( 0.7431448254773954700, 0.6691306063588569100, 0.0000000000000000000 ) ) ;
#3517 = DIRECTION ( 'NONE',  ( 0.0000000000000000000, 1.000000000000000000, 0.0000000000000000000 ) ) ;
#3518 = ORIENTED_EDGE ( 'NONE', *, *, #2228, .F. ) ;
#3519 = AXIS2_PLACEMENT_3D ( 'NONE', #1540, #4807, #6366 ) ;
#3520 = CARTESIAN_POINT ( 'NONE',  ( -0.4387313559085664300, -8.488669789627971700, 5.729814788946939100 ) ) ;
#3521 = ORIENTED_EDGE ( 'NONE', *, *, #5172, .F. ) ;
#3522 = CARTESIAN_POINT ( 'NONE',  ( 3.015555635360346100, -7.947257741986268400, 6.060256640003324000 ) ) ;
#3523 = DIRECTION ( 'NONE',  ( 0.0000000000000000000, 0.0000000000000000000, 1.000000000000000000 ) ) ;
#3524 = DIRECTION ( 'NONE',  ( 0.2079116908177532400, -0.9781476007338069100, 0.0000000000000000000 ) ) ;
#3525 = FACE_OUTER_BOUND ( 'NONE', #3974, .T. ) ;
#3526 = AXIS2_PLACEMENT_3D ( 'NONE', #4610, #1412, #6278 ) ;
#3527 = CARTESIAN_POINT ( 'NONE',  ( 6.904627332918074100, -1.626455416940418600, -15.00000000000000000 ) ) ;
#3528 = VERTEX_POINT ( 'NONE', #2070 ) ;
#3529 = CYLINDRICAL_SURFACE ( 'NONE', #690, 3.946090011793464700 ) ;
#3530 = CIRCLE ( 'NONE', #2292, 30.84641689323313000 ) ;
#3531 = CARTESIAN_POINT ( 'NONE',  ( -3.661195444389582700, 5.439417188801159300, -15.00000000000000000 ) ) ;
#3532 = DIRECTION ( 'NONE',  ( -0.0000000000000000000, -0.0000000000000000000, -1.000000000000000000 ) ) ;
#3533 = ORIENTED_EDGE ( 'NONE', *, *, #3020, .T. ) ;
#3534 = CARTESIAN_POINT ( 'NONE',  ( 7.576835606795691000, 3.852497920528845700, 5.894548006744369900 ) ) ;
#3535 = ORIENTED_EDGE ( 'NONE', *, *, #5359, .T. ) ;
#3536 = EDGE_CURVE ( 'NONE', #99, #2770, #974, .T. ) ;
#3537 = EDGE_LOOP ( 'NONE', ( #2319, #1534, #2459, #896, #394 ) ) ;
#3538 = CYLINDRICAL_SURFACE ( 'NONE', #1715, 3.946090011793464700 ) ;
#3539 = ORIENTED_EDGE ( 'NONE', *, *, #4722, .T. ) ;
#3540 = ORIENTED_EDGE ( 'NONE', *, *, #484, .F. ) ;
#3541 = CARTESIAN_POINT ( 'NONE',  ( 11.45960713598908000, 35.26904422492838600, -5.000000000000000900 ) ) ;
#3542 = CARTESIAN_POINT ( 'NONE',  ( 2.448777165885550100E-016, 3.000000000000000400, 9.000000000000000000 ) ) ;
#3543 = DIRECTION ( 'NONE',  ( -0.8660254037844433700, -0.4999999999999920100, 0.0000000000000000000 ) ) ;
#3544 = ADVANCED_FACE ( 'NONE', ( #4068 ), #6934, .F. ) ;
#3545 = CARTESIAN_POINT ( 'NONE',  ( -3.255837320807357700, 5.776310017815892400, -15.00000000000000000 ) ) ;
#3546 = VERTEX_POINT ( 'NONE', #4237 ) ;
#3547 = EDGE_CURVE ( 'NONE', #558, #5003, #2494, .T. ) ;
#3548 = FACE_OUTER_BOUND ( 'NONE', #6953, .T. ) ;
#3549 = ORIENTED_EDGE ( 'NONE', *, *, #3702, .T. ) ;
#3550 = ORIENTED_EDGE ( 'NONE', *, *, #5289, .F. ) ;
#3551 = ORIENTED_EDGE ( 'NONE', *, *, #5717, .F. ) ;
#3552 = AXIS2_PLACEMENT_3D ( 'NONE', #3066, #6782, #3584 ) ;
#3553 = DIRECTION ( 'NONE',  ( 1.000000000000000000, 0.0000000000000000000, 0.0000000000000000000 ) ) ;
#3554 = CARTESIAN_POINT ( 'NONE',  ( -1.335749665606483600, 8.394389366167875000, 5.729814788947096300 ) ) ;
#3555 = B_SPLINE_CURVE_WITH_KNOTS ( 'NONE', 3,
 ( #6396, #2686, #5814, #6351, #6884, #428, #4703, #1506 ),
 .UNSPECIFIED., .F., .F.,
 ( 4, 2, 2, 4 ),
 ( 0.01003832066496882300, 0.01546585721770848100, 0.01817962549407831100, 0.02089339377044813900 ),
 .UNSPECIFIED. ) ;
#3556 = CARTESIAN_POINT ( 'NONE',  ( 15.54363964071841100, -33.94206162408643500, -5.000000000000000900 ) ) ;
#3557 = DIRECTION ( 'NONE',  ( 0.0000000000000000000, -0.0000000000000000000, 1.000000000000000000 ) ) ;
#3558 = EDGE_LOOP ( 'NONE', ( #1287, #6920, #3588, #5811, #5397 ) ) ;
#3559 = CIRCLE ( 'NONE', #2826, 30.54279649802281300 ) ;
#3560 = EDGE_CURVE ( 'NONE', #3308, #3050, #1239, .T. ) ;
#3561 = ORIENTED_EDGE ( 'NONE', *, *, #3636, .T. ) ;
#3562 = EDGE_LOOP ( 'NONE', ( #4069, #5479, #3058, #1997 ) ) ;
#3563 = CARTESIAN_POINT ( 'NONE',  ( 5.698377549464383100, 2.537081144739619500, -5.000000000000000900 ) ) ;
#3564 = DIRECTION ( 'NONE',  ( 0.5000000000000040000, 0.8660254037844363800, -3.374246315831957400E-016 ) ) ;
#3565 = CARTESIAN_POINT ( 'NONE',  ( 7.675369013563981800, 3.652360905330037000, 6.517594534235506400 ) ) ;
#3566 = CIRCLE ( 'NONE', #6363, 0.3926990816987240300 ) ;
#3567 = AXIS2_PLACEMENT_3D ( 'NONE', #2203, #64, #9 ) ;
#3568 = VECTOR ( 'NONE', #4872, 1000.000000000000000 ) ;
#3569 = TOROIDAL_SURFACE ( 'NONE', #1882, 31.43791576719764800, 3.946090011793464700 ) ;
#3570 = EDGE_LOOP ( 'NONE', ( #3815, #814, #1617, #3965, #971 ) ) ;
#3571 = CIRCLE ( 'NONE', #4469, 3.946090011793464700 ) ;
#3572 = DIRECTION ( 'NONE',  ( 0.5877852522924689200, -0.8090169943749504500, 0.0000000000000000000 ) ) ;
#3573 = B_SPLINE_CURVE_WITH_KNOTS ( 'NONE', 3,
 ( #4705, #1004, #3069, #949, #4691, #1515, #3623, #6326 ),
 .UNSPECIFIED., .F., .F.,
 ( 4, 2, 2, 4 ),
 ( 1.992342074533700500E-007, 0.002693983088251220200, 0.005387766942294986400, 0.01077533465038252000 ),
 .UNSPECIFIED. ) ;
#3574 = CIRCLE ( 'NONE', #251, 3.946090011793465200 ) ;
#3575 = VECTOR ( 'NONE', #3956, 1000.000000000000000 ) ;
#3576 = CARTESIAN_POINT ( 'NONE',  ( 1.588724654224040700, 2.546218700403858100, 9.778454781705187700 ) ) ;
#3577 = CARTESIAN_POINT ( 'NONE',  ( -7.768583565301768500, 2.972306971460671100, -14.62213443319023300 ) ) ;
#3578 = PLANE ( 'NONE',  #1021 ) ;
#3579 = ORIENTED_EDGE ( 'NONE', *, *, #3201, .T. ) ;
#3580 = AXIS2_PLACEMENT_3D ( 'NONE', #1121, #6048, #6570 ) ;
#3581 = SECURITY_CLASSIFICATION_LEVEL ( 'unclassified' ) ;
#3582 = EDGE_CURVE ( 'NONE', #60, #1291, #5344, .T. ) ;
#3583 = DIRECTION ( 'NONE',  ( -0.0000000000000000000, -0.0000000000000000000, 1.000000000000000000 ) ) ;
#3584 = DIRECTION ( 'NONE',  ( 1.000000000000000000, 0.0000000000000000000, 0.0000000000000000000 ) ) ;
#3585 = LINE ( 'NONE', #5342, #2181 ) ;
#3586 = DIRECTION ( 'NONE',  ( 1.000000000000000000, 0.0000000000000000000, 0.0000000000000000000 ) ) ;
#3587 = DIRECTION ( 'NONE',  ( -0.7071067811865483500, 8.659560562354942700E-017, 0.7071067811865468000 ) ) ;
#3588 = ORIENTED_EDGE ( 'NONE', *, *, #3811, .T. ) ;
#3589 = ADVANCED_FACE ( 'NONE', ( #1073 ), #2166, .T. ) ;
#3590 = DIRECTION ( 'NONE',  ( 0.9781476007338069100, 0.2079116908177532400, -2.271859390595231300E-016 ) ) ;
#3591 = DIRECTION ( 'NONE',  ( -0.8660254037844433700, -0.4999999999999920100, 0.0000000000000000000 ) ) ;
#3592 = ORIENTED_EDGE ( 'NONE', *, *, #5099, .F. ) ;
#3593 = VERTEX_POINT ( 'NONE', #5294 ) ;
#3594 = PLANE ( 'NONE',  #3503 ) ;
#3595 = EDGE_CURVE ( 'NONE', #4050, #3391, #6601, .T. ) ;
#3596 = DIRECTION ( 'NONE',  ( 1.000000000000000000, 0.0000000000000000000, 0.0000000000000000000 ) ) ;
#3597 = CARTESIAN_POINT ( 'NONE',  ( 0.0000000000000000000, 3.000000000000000400, 13.00000000000000000 ) ) ;
#3598 = AXIS2_PLACEMENT_3D ( 'NONE', #954, #3516, #2570 ) ;
#3599 = CARTESIAN_POINT ( 'NONE',  ( -8.493664740175329800, -0.3281147382136373500, -5.000000000000004400 ) ) ;
#3600 = CARTESIAN_POINT ( 'NONE',  ( 6.678658115143292700, -5.257901271511407500, -14.43900000000408400 ) ) ;
#3601 = CARTESIAN_POINT ( 'NONE',  ( -3.482622010544290900, 7.756814717786086000, 2.162214997033187600 ) ) ;
#3602 = B_SPLINE_CURVE_WITH_KNOTS ( 'NONE', 3,
 ( #1128, #5913, #4915, #575, #4306, #4888, #4379, #1107 ),
 .UNSPECIFIED., .F., .F.,
 ( 4, 2, 2, 4 ),
 ( 0.008095745166712358900, 0.01348290691548610600, 0.01617648778987298300, 0.01887006866425985600 ),
 .UNSPECIFIED. ) ;
#3603 = EDGE_CURVE ( 'NONE', #4503, #1972, #5167, .T. ) ;
#3604 = DIRECTION ( 'NONE',  ( 0.8090169943749425700, -0.5877852522924798000, 0.0000000000000000000 ) ) ;
#3605 = AXIS2_PLACEMENT_3D ( 'NONE', #791, #6578, #2926 ) ;
#3606 = EDGE_LOOP ( 'NONE', ( #4331, #475, #2124, #5321 ) ) ;
#3607 = CARTESIAN_POINT ( 'NONE',  ( 0.2068215526979302300, -7.936305553929971200, -15.00000000000000000 ) ) ;
#3608 = ORIENTED_EDGE ( 'NONE', *, *, #6878, .T. ) ;
#3609 = CARTESIAN_POINT ( 'NONE',  ( -0.6756560832807248000, 8.473163515582248500, 6.518652945651285600 ) ) ;
#3610 = EDGE_CURVE ( 'NONE', #4472, #269, #2422, .T. ) ;
#3611 = ORIENTED_EDGE ( 'NONE', *, *, #4176, .T. ) ;
#3612 = EDGE_CURVE ( 'NONE', #6696, #4911, #4348, .T. ) ;
#3613 = AXIS2_PLACEMENT_3D ( 'NONE', #1599, #5830, #495 ) ;
#3614 = CARTESIAN_POINT ( 'NONE',  ( -5.323792341258372800, 3.952653436445063000, -15.00000000000000000 ) ) ;
#3615 = CARTESIAN_POINT ( 'NONE',  ( -4.832165513222575400, -6.299039407149512800, -15.00000000000000000 ) ) ;
#3616 = CARTESIAN_POINT ( 'NONE',  ( 7.792752554573165300, -3.394555585521201300, 6.594685079528038500 ) ) ;
#3617 = ADVANCED_FACE ( 'NONE', ( #5012 ), #3989, .T. ) ;
#3618 = VECTOR ( 'NONE', #865, 1000.000000000000000 ) ;
#3619 = ORIENTED_EDGE ( 'NONE', *, *, #1860, .T. ) ;
#3620 = DIRECTION ( 'NONE',  ( 0.8090169943749425700, -0.5877852522924798000, 0.0000000000000000000 ) ) ;
#3621 = CARTESIAN_POINT ( 'NONE',  ( -2.936742409108089400, -7.976562168157199700, -15.00000000000000000 ) ) ;
#3622 = DIRECTION ( 'NONE',  ( 0.0000000000000000000, -0.0000000000000000000, 1.000000000000000000 ) ) ;
#3623 = CARTESIAN_POINT ( 'NONE',  ( 8.480327978100012500, -0.5959019566530084900, 3.938097047637767500 ) ) ;
#3624 = ORIENTED_EDGE ( 'NONE', *, *, #6229, .T. ) ;
#3625 = FACE_BOUND ( 'NONE', #4724, .T. ) ;
#3626 = DIRECTION ( 'NONE',  ( 1.000000000000000000, 0.0000000000000000000, 0.0000000000000000000 ) ) ;
#3627 = VERTEX_POINT ( 'NONE', #1721 ) ;
#3628 = EDGE_LOOP ( 'NONE', ( #2545, #3445, #4210, #3795 ) ) ;
#3629 = CARTESIAN_POINT ( 'NONE',  ( -5.927207807669565100, 6.092471387269785800, -14.43900000000000000 ) ) ;
#3630 = CARTESIAN_POINT ( 'NONE',  ( 7.871210902642040700, -1.035258386167027900, -15.00000000000000000 ) ) ;
#3631 = CARTESIAN_POINT ( 'NONE',  ( -5.026920358780643900, 4.209712952485149100, -15.00000000000000000 ) ) ;
#3632 = ORIENTED_EDGE ( 'NONE', *, *, #461, .F. ) ;
#3633 = CIRCLE ( 'NONE', #3390, 0.3926990816987240300 ) ;
#3634 = CARTESIAN_POINT ( 'NONE',  ( 6.678658115148289600, 5.257901271511656200, -4.098268287262408500 ) ) ;
#3635 = ORIENTED_EDGE ( 'NONE', *, *, #5505, .T. ) ;
#3636 = EDGE_CURVE ( 'NONE', #6834, #737, #2915, .T. ) ;
#3637 = VERTEX_POINT ( 'NONE', #75 ) ;
#3638 = ADVANCED_FACE ( 'NONE', ( #1084 ), #6185, .F. ) ;
#3639 = AXIS2_PLACEMENT_3D ( 'NONE', #6392, #1055, #470 ) ;
#3640 = CARTESIAN_POINT ( 'NONE',  ( -7.052743584888033500, 4.744553315027789400, 6.376579660973609600 ) ) ;
#3641 = ORIENTED_EDGE ( 'NONE', *, *, #2854, .T. ) ;
#3642 = CIRCLE ( 'NONE', #6276, 3.946090011793465600 ) ;
#3643 = CARTESIAN_POINT ( 'NONE',  ( -7.190416521858595400, -3.795302670065461700, -14.80898907258592300 ) ) ;
#3644 = ORIENTED_EDGE ( 'NONE', *, *, #6274, .F. ) ;
#3645 = VERTEX_POINT ( 'NONE', #44 ) ;
#3646 = CARTESIAN_POINT ( 'NONE',  ( 0.8958154394416969500, -7.036813947251417300, -15.00000000000000000 ) ) ;
#3647 = ORIENTED_EDGE ( 'NONE', *, *, #1108, .F. ) ;
#3648 = EDGE_CURVE ( 'NONE', #1252, #4711, #4508, .T. ) ;
#3649 = CARTESIAN_POINT ( 'NONE',  ( -6.836147648906331800, -5.051443884905814300, 6.594685079528082900 ) ) ;
#3650 = EDGE_CURVE ( 'NONE', #3821, #6110, #4848, .T. ) ;
#3651 = ORIENTED_EDGE ( 'NONE', *, *, #4992, .F. ) ;
#3652 = VERTEX_POINT ( 'NONE', #3854 ) ;
#3653 = CONICAL_SURFACE ( 'NONE', #2460, 2.000000000000000000, 0.7853981633974430600 ) ;
#3654 = AXIS2_PLACEMENT_3D ( 'NONE', #3545, #6796, #5200 ) ;
#3655 = CARTESIAN_POINT ( 'NONE',  ( -3.374512555159320900, 5.707792839316645100, -5.000000000000000900 ) ) ;
#3656 = DIRECTION ( 'NONE',  ( -0.0000000000000000000, -0.0000000000000000000, 1.000000000000000000 ) ) ;
#3657 = CARTESIAN_POINT ( 'NONE',  ( -3.954338423682366000, 7.524215702716484900, 6.298610879430173200 ) ) ;
#3658 = B_SPLINE_CURVE_WITH_KNOTS ( 'NONE', 3,
 ( #5178, #5214, #3577, #6293 ),
 .UNSPECIFIED., .F., .F.,
 ( 4, 4 ),
 ( 2.997672507120698600E-007, 0.0008591888328315324600 ),
 .UNSPECIFIED. ) ;
#3659 = VERTEX_POINT ( 'NONE', #4363 ) ;
#3660 = CARTESIAN_POINT ( 'NONE',  ( -0.6249184492352617400, 6.601190120977251200, -15.00000000000000000 ) ) ;
#3661 = ORIENTED_EDGE ( 'NONE', *, *, #3560, .F. ) ;
#3662 = DIRECTION ( 'NONE',  ( -0.0000000000000000000, -0.0000000000000000000, 1.000000000000000000 ) ) ;
#3663 = LINE ( 'NONE', #3093, #5260 ) ;
#3664 = DIRECTION ( 'NONE',  ( 1.000000000000000000, 0.0000000000000000000, 0.0000000000000000000 ) ) ;
#3665 = CIRCLE ( 'NONE', #4095, 30.54279649802282000 ) ;
#3666 = ADVANCED_FACE ( 'NONE', ( #587 ), #3406, .T. ) ;
#3667 = ORIENTED_EDGE ( 'NONE', *, *, #6924, .F. ) ;
#3668 = CARTESIAN_POINT ( 'NONE',  ( -4.860865375652204000, -5.166354965501279000, -15.00000000000000000 ) ) ;
#3669 = CARTESIAN_POINT ( 'NONE',  ( 1.793563057078208200, 8.311432812275665300, 2.160490420215582600 ) ) ;
#3670 = CARTESIAN_POINT ( 'NONE',  ( 3.962676671438511500, -7.519786805326836200, -5.000000000000004400 ) ) ;
#3671 = LINE ( 'NONE', #1191, #5609 ) ;
#3672 = FACE_OUTER_BOUND ( 'NONE', #3783, .T. ) ;
#3673 = DIRECTION ( 'NONE',  ( -0.0000000000000000000, -0.0000000000000000000, 1.000000000000000000 ) ) ;
#3674 = ORIENTED_EDGE ( 'NONE', *, *, #2493, .T. ) ;
#3675 = CARTESIAN_POINT ( 'NONE',  ( 5.354848469584563700, 6.601195080023857500, 5.894814569747451200 ) ) ;
#3676 = DIRECTION ( 'NONE',  ( 1.000000000000000000, 0.0000000000000000000, 0.0000000000000000000 ) ) ;
#3677 = B_SPLINE_CURVE_WITH_KNOTS ( 'NONE', 3,
 ( #729, #3408, #5198, #6811, #409, #4683, #34, #4359, #659, #3265 ),
 .UNSPECIFIED., .F., .F.,
 ( 4, 2, 2, 2, 4 ),
 ( -0.001510623519775106600, -0.001386082666613138700, -0.001261541813451170700, -0.001012460107127236700, -0.0005142966944793690000 ),
 .UNSPECIFIED. ) ;
#3678 = DIRECTION ( 'NONE',  ( 0.1045284632676436300, -0.9945218953682742900, 0.0000000000000000000 ) ) ;
#3679 = CIRCLE ( 'NONE', #1948, 3.946090011793466100 ) ;
#3680 = DIRECTION ( 'NONE',  ( 1.000000000000000000, 0.0000000000000000000, 0.0000000000000000000 ) ) ;
#3681 = CC_DESIGN_DATE_AND_TIME_ASSIGNMENT ( #443, #1979, ( #2381 ) ) ;
#3682 = VERTEX_POINT ( 'NONE', #3293 ) ;
#3683 = CARTESIAN_POINT ( 'NONE',  ( 4.712107964534140200, 4.559347537358661400, -15.00000000000000000 ) ) ;
#3684 = CARTESIAN_POINT ( 'NONE',  ( 4.532258254890200200, -7.150734793171917400, -14.47295908838066400 ) ) ;
#3685 = ADVANCED_FACE ( 'NONE', ( #2003 ), #6107, .T. ) ;
#3686 = DIRECTION ( 'NONE',  ( 0.0000000000000000000, 1.000000000000000000, 0.0000000000000000000 ) ) ;
#3687 = DIRECTION ( 'NONE',  ( -0.0000000000000000000, -0.0000000000000000000, 1.000000000000000000 ) ) ;
#3688 = ORIENTED_EDGE ( 'NONE', *, *, #1216, .T. ) ;
#3689 = CARTESIAN_POINT ( 'NONE',  ( -18.15147399409979900, 32.34123452736815800, -5.000000000000000900 ) ) ;
#3690 = EDGE_CURVE ( 'NONE', #1387, #655, #999, .T. ) ;
#3691 = CARTESIAN_POINT ( 'NONE',  ( -6.087097636196770800, 1.363900437125145500, -15.00000000000000000 ) ) ;
#3692 = CARTESIAN_POINT ( 'NONE',  ( -1.154700538379251900, 8.499999999999992900, 11.00000000000000000 ) ) ;
#3693 = DIRECTION ( 'NONE',  ( 1.000000000000000000, 0.0000000000000000000, 0.0000000000000000000 ) ) ;
#3694 = DIRECTION ( 'NONE',  ( -0.6691306063588569100, 0.7431448254773954700, 0.0000000000000000000 ) ) ;
#3695 = EDGE_CURVE ( 'NONE', #5072, #5318, #2761, .T. ) ;
#3696 = CARTESIAN_POINT ( 'NONE',  ( 0.5773502691896262900, 6.499999999999993800, 11.99999999999999600 ) ) ;
#3697 = ORIENTED_EDGE ( 'NONE', *, *, #6214, .F. ) ;
#3698 = ADVANCED_FACE ( 'NONE', ( #1493 ), #6442, .T. ) ;
#3699 = CARTESIAN_POINT ( 'NONE',  ( 11.39444342689875200, -35.29021719749143000, -5.000000000000000900 ) ) ;
#3700 = DIRECTION ( 'NONE',  ( -0.0000000000000000000, -0.0000000000000000000, 1.000000000000000000 ) ) ;
#3701 = CARTESIAN_POINT ( 'NONE',  ( 2.561395405690971600, 8.104890719541208100, 6.594685079528091800 ) ) ;
#3702 = EDGE_CURVE ( 'NONE', #2923, #4549, #5774, .T. ) ;
#3703 = CARTESIAN_POINT ( 'NONE',  ( 2.301019120997975300, 5.811007744341914400, -15.00000000000000000 ) ) ;
#3704 = DIRECTION ( 'NONE',  ( 9.242526717056649100E-017, -0.6560590289905028300, 0.7547095802227757900 ) ) ;
#3705 = ORIENTED_EDGE ( 'NONE', *, *, #522, .T. ) ;
#3706 = DIRECTION ( 'NONE',  ( 0.8660254037844363800, -0.5000000000000040000, 0.0000000000000000000 ) ) ;
#3707 = AXIS2_PLACEMENT_3D ( 'NONE', #5616, #5023, #1851 ) ;
#3708 = DIRECTION ( 'NONE',  ( 1.000000000000000000, 0.0000000000000000000, 0.0000000000000000000 ) ) ;
#3709 = FACE_OUTER_BOUND ( 'NONE', #560, .T. ) ;
#3710 = CARTESIAN_POINT ( 'NONE',  ( 33.85011313965180300, 15.14604275999802500, -5.000000000000000900 ) ) ;
#3711 = CARTESIAN_POINT ( 'NONE',  ( 0.0000000000000000000, 8.499999999999987600, 11.00000000000000000 ) ) ;
#3712 = VERTEX_POINT ( 'NONE', #4945 ) ;
#3713 = DIRECTION ( 'NONE',  ( -0.3090169943749448400, 0.9510565162951544200, -2.249497543887972100E-016 ) ) ;
#3714 = ADVANCED_FACE ( 'NONE', ( #4159 ), #740, .T. ) ;
#3715 = VECTOR ( 'NONE', #5664, 1000.000000000000000 ) ;
#3716 = DIRECTION ( 'NONE',  ( -0.0000000000000000000, -0.0000000000000000000, 1.000000000000000000 ) ) ;
#3717 = FACE_OUTER_BOUND ( 'NONE', #4146, .T. ) ;
#3718 = AXIS2_PLACEMENT_3D ( 'NONE', #5052, #2351, #6097 ) ;
#3719 = VERTEX_POINT ( 'NONE', #683 ) ;
#3720 = DIRECTION ( 'NONE',  ( -0.6691306063588569100, 0.7431448254773954700, 0.0000000000000000000 ) ) ;
#3721 = B_SPLINE_CURVE_WITH_KNOTS ( 'NONE', 3,
 ( #1318, #6164, #6687, #4567 ),
 .UNSPECIFIED., .F., .F.,
 ( 4, 4 ),
 ( 2.754915333740575200E-007, 0.0008591645571082931300 ),
 .UNSPECIFIED. ) ;
#3722 = EDGE_CURVE ( 'NONE', #1070, #1756, #68, .T. ) ;
#3723 = ORIENTED_EDGE ( 'NONE', *, *, #2169, .T. ) ;
#3724 = CIRCLE ( 'NONE', #2869, 3.946090011793465200 ) ;
#3725 = ORIENTED_EDGE ( 'NONE', *, *, #2536, .F. ) ;
#3726 = ORIENTED_EDGE ( 'NONE', *, *, #1419, .F. ) ;
#3727 = CARTESIAN_POINT ( 'NONE',  ( 3.962676671438511500, -7.519786805326836200, -5.000000000000004400 ) ) ;
#3728 = CARTESIAN_POINT ( 'NONE',  ( -18.54203384375027500, 32.11574469303780400, -5.000000000000000900 ) ) ;
#3729 = DIRECTION ( 'NONE',  ( 1.000000000000000000, 0.0000000000000000000, 0.0000000000000000000 ) ) ;
#3730 = ORIENTED_EDGE ( 'NONE', *, *, #6229, .F. ) ;
#3731 = LINE ( 'NONE', #3683, #2556 ) ;
#3732 = ORIENTED_EDGE ( 'NONE', *, *, #4839, .F. ) ;
#3733 = ORIENTED_EDGE ( 'NONE', *, *, #887, .T. ) ;
#3734 = ORIENTED_EDGE ( 'NONE', *, *, #3820, .F. ) ;
#3735 = ADVANCED_FACE ( 'NONE', ( #3073 ), #3907, .F. ) ;
#3736 = CARTESIAN_POINT ( 'NONE',  ( 1.927540100405204400, -5.932358434262287300, -5.000000000000000900 ) ) ;
#3737 = CARTESIAN_POINT ( 'NONE',  ( 7.825288106638093500, -3.319019162905307400, 6.572921310115259700 ) ) ;
#3738 = ORIENTED_EDGE ( 'NONE', *, *, #4635, .T. ) ;
#3739 = EDGE_CURVE ( 'NONE', #3652, #2808, #5606, .T. ) ;
#3740 = CYLINDRICAL_SURFACE ( 'NONE', #210, 30.84641689323309100 ) ;
#3741 = ORIENTED_EDGE ( 'NONE', *, *, #6010, .F. ) ;
#3742 = ORIENTED_EDGE ( 'NONE', *, *, #472, .F. ) ;
#3743 = AXIS2_PLACEMENT_3D ( 'NONE', #505, #2115, #2649 ) ;
#3744 = DIRECTION ( 'NONE',  ( 0.9945218953682730700, -0.1045284632676571100, 0.0000000000000000000 ) ) ;
#3745 = CARTESIAN_POINT ( 'NONE',  ( -3.450000000000000200, 4.225031457058368800E-016, 15.00000000000000000 ) ) ;
#3746 = CIRCLE ( 'NONE', #980, 3.946090011793464700 ) ;
#3747 = DIRECTION ( 'NONE',  ( 0.0000000000000000000, 1.000000000000000000, 0.0000000000000000000 ) ) ;
#3748 = VECTOR ( 'NONE', #2501, 1000.000000000000000 ) ;
#3749 = FACE_OUTER_BOUND ( 'NONE', #3262, .T. ) ;
#3750 = CARTESIAN_POINT ( 'NONE',  ( -3.255837320807438500, -5.776310017815848000, -5.000000000000000900 ) ) ;
#3751 = EDGE_CURVE ( 'NONE', #5657, #3876, #5440, .T. ) ;
#3752 = CARTESIAN_POINT ( 'NONE',  ( 2.450271114960417900, -6.081758207873377000, -15.00000000000000000 ) ) ;
#3753 = ORIENTED_EDGE ( 'NONE', *, *, #3582, .T. ) ;
#3754 = VECTOR ( 'NONE', #4253, 1000.000000000000000 ) ;
#3755 = AXIS2_PLACEMENT_3D ( 'NONE', #4428, #6646, #2366 ) ;
#3756 = CARTESIAN_POINT ( 'NONE',  ( -6.415585563879100800, 3.026466207034243200, -5.000000000000000900 ) ) ;
#3757 = CARTESIAN_POINT ( 'NONE',  ( 4.532886174746627400, -7.109941355349206100, -14.50704638601671800 ) ) ;
#3758 = DIRECTION ( 'NONE',  ( 0.0000000000000000000, 0.0000000000000000000, 1.000000000000000000 ) ) ;
#3759 = CYLINDRICAL_SURFACE ( 'NONE', #6129, 3.946090011793464700 ) ;
#3760 = TOROIDAL_SURFACE ( 'NONE', #3078, 31.43791576719764100, 3.946090011793464700 ) ;
#3761 = ADVANCED_FACE ( 'NONE', ( #2581 ), #3242, .T. ) ;
#3762 = CARTESIAN_POINT ( 'NONE',  ( 2.604941650764360800, -8.091128763220540400, 6.595592633140082500 ) ) ;
#3763 = PLANE ( 'NONE',  #2364 ) ;
#3764 = VERTEX_POINT ( 'NONE', #1831 ) ;
#3765 = EDGE_CURVE ( 'NONE', #12, #3407, #5279, .T. ) ;
#3766 = CONICAL_SURFACE ( 'NONE', #3280, 3.450000000000000200, 0.7853981633974492800 ) ;
#3767 = CARTESIAN_POINT ( 'NONE',  ( -2.936742409107983200, 7.976562168157236100, -5.000000000000004400 ) ) ;
#3768 = EDGE_LOOP ( 'NONE', ( #3115, #2162, #3998, #3635 ) ) ;
#3769 = CARTESIAN_POINT ( 'NONE',  ( 8.499907918699419100, -0.04568205668725208700, 6.595138882418506700 ) ) ;
#3770 = DIRECTION ( 'NONE',  ( 1.000000000000000000, 1.758422611539354600E-015, 0.0000000000000000000 ) ) ;
#3771 = ORIENTED_EDGE ( 'NONE', *, *, #1242, .T. ) ;
#3772 = CARTESIAN_POINT ( 'NONE',  ( -0.8657771639613856000, -8.455916010064479200, 6.595592633140102900 ) ) ;
#3773 = CARTESIAN_POINT ( 'NONE',  ( 8.494567649443423500, -0.3070909662599387600, 6.376578714914523400 ) ) ;
#3774 = ADVANCED_FACE ( 'NONE', ( #6855 ), #662, .F. ) ;
#3775 = CARTESIAN_POINT ( 'NONE',  ( 7.375574631259307300, 36.59602682577055100, -5.000000000000000900 ) ) ;
#3776 = CC_DESIGN_DATE_AND_TIME_ASSIGNMENT ( #18, #5673, ( #1630 ) ) ;
#3777 = CARTESIAN_POINT ( 'NONE',  ( -4.557007050459553500E-016, 8.171078643762690800, 11.00000000000000000 ) ) ;
#3778 = DIRECTION ( 'NONE',  ( -1.000000000000000000, 0.0000000000000000000, 0.0000000000000000000 ) ) ;
#3779 = CARTESIAN_POINT ( 'NONE',  ( -0.1348394930680401900, 3.000000000000000400, 8.999999999999998200 ) ) ;
#3780 = AXIS2_PLACEMENT_3D ( 'NONE', #3728, #6355, #4277 ) ;
#3781 = CARTESIAN_POINT ( 'NONE',  ( 5.738343555173989900, -6.270678850235682100, 6.594685079528088200 ) ) ;
#3782 = ADVANCED_FACE ( 'NONE', ( #6268 ), #5264, .T. ) ;
#3783 = EDGE_LOOP ( 'NONE', ( #334, #6021, #5103, #927, #2638 ) ) ;
#3784 = CARTESIAN_POINT ( 'NONE',  ( -8.336573490474403800, -1.659301789659215300, 6.593856139051317700 ) ) ;
#3785 = CARTESIAN_POINT ( 'NONE',  ( 5.574833720749360600, -6.416560568287541100, 6.573004498928835200 ) ) ;
#3786 = EDGE_CURVE ( 'NONE', #3357, #4581, #5093, .T. ) ;
#3787 = CARTESIAN_POINT ( 'NONE',  ( 4.487488219535054100, -4.881463260234206700, -5.000000000000000900 ) ) ;
#3788 = AXIS2_PLACEMENT_3D ( 'NONE', #603, #3196, #3223 ) ;
#3789 = COORDINATED_UNIVERSAL_TIME_OFFSET ( 6, 0, .BEHIND. ) ;
#3790 = ORIENTED_EDGE ( 'NONE', *, *, #2810, .T. ) ;
#3791 = DIRECTION ( 'NONE',  ( -0.0000000000000000000, -0.0000000000000000000, -1.000000000000000000 ) ) ;
#3792 = CARTESIAN_POINT ( 'NONE',  ( -2.277603969851762100, -8.189437276549137200, -3.199732156543945800 ) ) ;
#3793 = CARTESIAN_POINT ( 'NONE',  ( -1.985620179892434200, 2.249127558835266200, 11.27392386005809600 ) ) ;
#3794 = DIRECTION ( 'NONE',  ( 0.0000000000000000000, 0.0000000000000000000, 1.000000000000000000 ) ) ;
#3795 = ORIENTED_EDGE ( 'NONE', *, *, #6893, .T. ) ;
#3796 = DIRECTION ( 'NONE',  ( -0.9135454576426004200, 0.4067366430758011000, 0.0000000000000000000 ) ) ;
#3797 = ORIENTED_EDGE ( 'NONE', *, *, #1151, .F. ) ;
#3798 = AXIS2_PLACEMENT_3D ( 'NONE', #2954, #6080, #5594 ) ;
#3799 = PLANE ( 'NONE',  #1474 ) ;
#3800 = VERTEX_POINT ( 'NONE', #2857 ) ;
#3801 = CIRCLE ( 'NONE', #6729, 30.54279649802286300 ) ;
#3802 = DIRECTION ( 'NONE',  ( -0.0000000000000000000, -0.0000000000000000000, -1.000000000000000000 ) ) ;
#3803 = DIRECTION ( 'NONE',  ( 0.0000000000000000000, -0.0000000000000000000, 1.000000000000000000 ) ) ;
#3804 = ORIENTED_EDGE ( 'NONE', *, *, #2929, .F. ) ;
#3805 = ORIENTED_EDGE ( 'NONE', *, *, #6860, .T. ) ;
#3806 = AXIS2_PLACEMENT_3D ( 'NONE', #244, #2399, #1813 ) ;
#3807 = VERTEX_POINT ( 'NONE', #182 ) ;
#3808 = CIRCLE ( 'NONE', #5835, 30.84641689323308400 ) ;
#3809 = CARTESIAN_POINT ( 'NONE',  ( 0.0000000000000000000, 0.0000000000000000000, -14.43900000000000000 ) ) ;
#3810 = ORIENTED_EDGE ( 'NONE', *, *, #5761, .F. ) ;
#3811 = EDGE_CURVE ( 'NONE', #3147, #1252, #4674, .T. ) ;
#3812 = DIRECTION ( 'NONE',  ( 1.000000000000000000, -8.792113057696774900E-016, 0.0000000000000000000 ) ) ;
#3813 = EDGE_LOOP ( 'NONE', ( #3893, #6201, #6417, #3499, #5346 ) ) ;
#3814 = CARTESIAN_POINT ( 'NONE',  ( -4.118867749975633400, -7.435452019501624000, 6.572950765155923100 ) ) ;
#3815 = ORIENTED_EDGE ( 'NONE', *, *, #4289, .F. ) ;
#3816 = CYLINDRICAL_SURFACE ( 'NONE', #5468, 0.3926990816987240300 ) ;
#3817 = DIRECTION ( 'NONE',  ( 0.0000000000000000000, 0.0000000000000000000, 1.000000000000000000 ) ) ;
#3818 = ORIENTED_EDGE ( 'NONE', *, *, #2483, .F. ) ;
#3819 = ORIENTED_EDGE ( 'NONE', *, *, #2384, .F. ) ;
#3820 = EDGE_CURVE ( 'NONE', #5938, #1101, #3834, .T. ) ;
#3821 = VERTEX_POINT ( 'NONE', #4520 ) ;
#3822 = CARTESIAN_POINT ( 'NONE',  ( -7.210729848084304700, -4.502920971206946500, 3.944042357355602500 ) ) ;
#3823 = DIRECTION ( 'NONE',  ( 0.0000000000000000000, -0.0000000000000000000, 1.000000000000000000 ) ) ;
#3824 = CIRCLE ( 'NONE', #4547, 0.3926990816987240300 ) ;
#3825 = VECTOR ( 'NONE', #3515, 1000.000000000000200 ) ;
#3826 = ORIENTED_EDGE ( 'NONE', *, *, #4513, .T. ) ;
#3827 = ORIENTED_EDGE ( 'NONE', *, *, #2147, .T. ) ;
#3828 = CARTESIAN_POINT ( 'NONE',  ( 0.5867961629527924700, -7.069293181989133100, -5.000000000000000900 ) ) ;
#3829 = CARTESIAN_POINT ( 'NONE',  ( 6.084994458946483500, 2.634212693780227700, -5.000000000000000900 ) ) ;
#3830 = DIRECTION ( 'NONE',  ( 0.1045284632676436300, -0.9945218953682742900, 0.0000000000000000000 ) ) ;
#3831 = EDGE_CURVE ( 'NONE', #2144, #4131, #6526, .T. ) ;
#3832 = TOROIDAL_SURFACE ( 'NONE', #2817, 30.45371781153436800, 0.3926990816987236400 ) ;
#3833 = TOROIDAL_SURFACE ( 'NONE', #111, 31.43791576719763700, 3.946090011793464700 ) ;
#3834 = CIRCLE ( 'NONE', #5283, 0.3926990816987240300 ) ;
#3835 = AXIS2_PLACEMENT_3D ( 'NONE', #6508, #627, #6458 ) ;
#3836 = ORIENTED_EDGE ( 'NONE', *, *, #2505, .T. ) ;
#3837 = DIRECTION ( 'NONE',  ( -0.0000000000000000000, -0.0000000000000000000, -1.000000000000000000 ) ) ;
#3838 = VECTOR ( 'NONE', #2022, 1000.000000000000000 ) ;
#3839 = EDGE_CURVE ( 'NONE', #1746, #1468, #6301, .T. ) ;
#3840 = CIRCLE ( 'NONE', #1326, 3.946090011793464700 ) ;
#3841 = CARTESIAN_POINT ( 'NONE',  ( 7.664457287106620800, -3.675130412256041500, 6.484244627957757200 ) ) ;
#3842 = ORIENTED_EDGE ( 'NONE', *, *, #2198, .T. ) ;
#3843 = AXIS2_PLACEMENT_3D ( 'NONE', #3750, #5368, #4309 ) ;
#3844 = CARTESIAN_POINT ( 'NONE',  ( 6.014742451140577400, -6.006069700432008500, 5.729814788946933700 ) ) ;
#3845 = CARTESIAN_POINT ( 'NONE',  ( 6.541271189478328200, -0.4509796686607173100, -5.000000000000004400 ) ) ;
#3846 = FACE_OUTER_BOUND ( 'NONE', #3813, .T. ) ;
#3847 = EDGE_CURVE ( 'NONE', #1949, #6422, #2179, .T. ) ;
#3848 = DIRECTION ( 'NONE',  ( -0.7431448254773862500, 0.6691306063588671200, 0.0000000000000000000 ) ) ;
#3849 = ORIENTED_EDGE ( 'NONE', *, *, #162, .T. ) ;
#3850 = CARTESIAN_POINT ( 'NONE',  ( 4.712107964534140200, 4.559347537358660500, -15.00000000000000000 ) ) ;
#3851 = DIRECTION ( 'NONE',  ( -0.2079116908177664200, -0.9781476007338041300, 0.0000000000000000000 ) ) ;
#3852 = AXIS2_PLACEMENT_3D ( 'NONE', #4278, #3202, #2149 ) ;
#3853 = CARTESIAN_POINT ( 'NONE',  ( -0.5773502691896251800, 6.499999999999993800, 9.999999999999998200 ) ) ;
#3854 = CARTESIAN_POINT ( 'NONE',  ( -2.312631089370634600, -8.179348228586215800, -14.43900000000000000 ) ) ;
#3855 = CARTESIAN_POINT ( 'NONE',  ( -6.733408473812876800, 5.187649455983566900, 6.485484856498947800 ) ) ;
#3856 = CARTESIAN_POINT ( 'NONE',  ( 33.85011313965180300, 15.14604275999802500, -5.000000000000000900 ) ) ;
#3857 = ORIENTED_EDGE ( 'NONE', *, *, #4041, .T. ) ;
#3858 = CARTESIAN_POINT ( 'NONE',  ( 7.774514165610534100, -3.436424763562113200, 6.595592633140097600 ) ) ;
#3859 = CARTESIAN_POINT ( 'NONE',  ( 8.376276677047609800, 1.444987553423327200, -14.43900000000000000 ) ) ;
#3860 = EDGE_CURVE ( 'NONE', #539, #1801, #1837, .T. ) ;
#3861 = DIRECTION ( 'NONE',  ( -0.0000000000000000000, -0.0000000000000000000, -1.000000000000000000 ) ) ;
#3862 = CARTESIAN_POINT ( 'NONE',  ( -0.7520373557618691400, 8.467762881566224900, 13.32414945964429100 ) ) ;
#3863 = ORIENTED_EDGE ( 'NONE', *, *, #1471, .T. ) ;
#3864 = ORIENTED_EDGE ( 'NONE', *, *, #17, .F. ) ;
#3865 = CARTESIAN_POINT ( 'NONE',  ( -7.132038004206534300, -4.624287394471495300, 5.729814788964891800 ) ) ;
#3866 = CARTESIAN_POINT ( 'NONE',  ( -2.043761957265851900, 6.792810382441645700, -15.00000000000000000 ) ) ;
#3867 = AXIS2_PLACEMENT_3D ( 'NONE', #1026, #1562, #6889 ) ;
#3868 = CARTESIAN_POINT ( 'NONE',  ( -6.046982851473734000, -5.973973351993932600, -1.408562538565256500 ) ) ;
#3869 = FACE_OUTER_BOUND ( 'NONE', #213, .T. ) ;
#3870 = CIRCLE ( 'NONE', #3852, 1.999999999999999600 ) ;
#3871 = EDGE_LOOP ( 'NONE', ( #3286, #134, #5076, #5474 ) ) ;
#3872 = DIRECTION ( 'NONE',  ( 0.4067366430758010400, 0.9135454576426004200, 0.0000000000000000000 ) ) ;
#3873 = DIRECTION ( 'NONE',  ( -0.0000000000000000000, -0.0000000000000000000, -1.000000000000000000 ) ) ;
#3874 = DIRECTION ( 'NONE',  ( -0.7071067811865463500, 0.0000000000000000000, -0.7071067811865487900 ) ) ;
#3875 = CARTESIAN_POINT ( 'NONE',  ( 11.88851428858502300, -35.12968384319479800, -5.000000000000000900 ) ) ;
#3876 = VERTEX_POINT ( 'NONE', #6705 ) ;
#3877 = CARTESIAN_POINT ( 'NONE',  ( -8.493664740175324500, 0.3281147382137466500, -14.43900000000408400 ) ) ;
#3878 = CIRCLE ( 'NONE', #4793, 3.946090011793464700 ) ;
#3879 = AXIS2_PLACEMENT_3D ( 'NONE', #3983, #1400, #231 ) ;
#3880 = ORIENTED_EDGE ( 'NONE', *, *, #4499, .T. ) ;
#3881 = VERTEX_POINT ( 'NONE', #1311 ) ;
#3882 = DIRECTION ( 'NONE',  ( -0.2079116908177664200, -0.9781476007338041300, 0.0000000000000000000 ) ) ;
#3883 = CARTESIAN_POINT ( 'NONE',  ( 2.184768287610742800, 8.214425575136125700, 11.30451069663268300 ) ) ;
#3884 = ORIENTED_EDGE ( 'NONE', *, *, #3342, .T. ) ;
#3885 = VECTOR ( 'NONE', #5360, 1000.000000000000000 ) ;
#3886 = EDGE_LOOP ( 'NONE', ( #5406, #3624, #5381, #6863 ) ) ;
#3887 = ORIENTED_EDGE ( 'NONE', *, *, #3201, .F. ) ;
#3888 = VERTEX_POINT ( 'NONE', #2478 ) ;
#3889 = AXIS2_PLACEMENT_3D ( 'NONE', #3055, #6809, #939 ) ;
#3890 = PLANE ( 'NONE',  #5061 ) ;
#3891 = ORIENTED_EDGE ( 'NONE', *, *, #1800, .F. ) ;
#3892 = CIRCLE ( 'NONE', #5935, 7.939000000000005400 ) ;
#3893 = ORIENTED_EDGE ( 'NONE', *, *, #5906, .F. ) ;
#3894 = CARTESIAN_POINT ( 'NONE',  ( 4.122884871565366500, -4.681324852090475600, -15.00000000000000000 ) ) ;
#3895 = VERTEX_POINT ( 'NONE', #371 ) ;
#3896 = CARTESIAN_POINT ( 'NONE',  ( -2.143986260294043600, 8.036717131157944400, -14.62213443398529300 ) ) ;
#3897 = ORIENTED_EDGE ( 'NONE', *, *, #5219, .T. ) ;
#3898 = FACE_OUTER_BOUND ( 'NONE', #3916, .T. ) ;
#3899 = EDGE_CURVE ( 'NONE', #1180, #2374, #2258, .T. ) ;
#3900 = CIRCLE ( 'NONE', #6310, 30.84641689323308700 ) ;
#3901 = DIRECTION ( 'NONE',  ( -0.0000000000000000000, -0.0000000000000000000, 1.000000000000000000 ) ) ;
#3902 = ORIENTED_EDGE ( 'NONE', *, *, #6289, .F. ) ;
#3903 = EDGE_CURVE ( 'NONE', #6740, #247, #3665, .T. ) ;
#3904 = CARTESIAN_POINT ( 'NONE',  ( 0.0000000000000000000, 0.0000000000000000000, -14.43900000000000000 ) ) ;
#3905 = CIRCLE ( 'NONE', #6399, 3.946090011793464300 ) ;
#3906 = VECTOR ( 'NONE', #3930, 1000.000000000000000 ) ;
#3907 = TOROIDAL_SURFACE ( 'NONE', #3755, 30.45371781153436100, 0.3926990816987236400 ) ;
#3908 = CARTESIAN_POINT ( 'NONE',  ( 0.2979721315720863000, 8.495464688138325100, -0.5144932263079667900 ) ) ;
#3909 = CARTESIAN_POINT ( 'NONE',  ( 6.244200872081898400, -5.207337857100350600, -14.80898907419520900 ) ) ;
#3910 = ORIENTED_EDGE ( 'NONE', *, *, #613, .F. ) ;
#3911 = ORIENTED_EDGE ( 'NONE', *, *, #6719, .T. ) ;
#3912 = CARTESIAN_POINT ( 'NONE',  ( 1.783389355901897200, 8.313120706965328600, 9.542866354801320800 ) ) ;
#3913 = EDGE_CURVE ( 'NONE', #375, #4656, #433, .T. ) ;
#3914 = AXIS2_PLACEMENT_3D ( 'NONE', #2446, #3524, #855 ) ;
#3915 = CIRCLE ( 'NONE', #867, 30.84641689323308000 ) ;
#3916 = EDGE_LOOP ( 'NONE', ( #5919, #6751, #2094 ) ) ;
#3917 = DIRECTION ( 'NONE',  ( 0.1045284632676570900, 0.9945218953682729600, 0.0000000000000000000 ) ) ;
#3918 = CARTESIAN_POINT ( 'NONE',  ( -7.132038004201025000, 4.624287394467635300, 5.729814788946944400 ) ) ;
#3919 = CARTESIAN_POINT ( 'NONE',  ( -4.345505294918621300, 7.305365001024301600, 6.593848061629445000 ) ) ;
#3920 = CARTESIAN_POINT ( 'NONE',  ( -6.471215300770746900, 1.445547167183711500, -5.000000000000000900 ) ) ;
#3921 = VERTEX_POINT ( 'NONE', #5709 ) ;
#3922 = AXIS2_PLACEMENT_3D ( 'NONE', #304, #6722, #4081 ) ;
#3923 = CARTESIAN_POINT ( 'NONE',  ( 7.755926658964113200, 3.478172987025165900, 6.595592633140106500 ) ) ;
#3924 = CARTESIAN_POINT ( 'NONE',  ( 4.465635348757586200, 4.372710936241580800, -15.00000000000000000 ) ) ;
#3925 = ORIENTED_EDGE ( 'NONE', *, *, #5027, .F. ) ;
#3926 = AXIS2_PLACEMENT_3D ( 'NONE', #1716, #3336, #596 ) ;
#3927 = CARTESIAN_POINT ( 'NONE',  ( 8.403222596257592200, 1.280676280230274500, -1.429989092714351000 ) ) ;
#3928 = EDGE_CURVE ( 'NONE', #418, #5351, #6777, .T. ) ;
#3929 = CARTESIAN_POINT ( 'NONE',  ( 0.0000000000000000000, 0.0000000000000000000, -14.43900000000000000 ) ) ;
#3930 = DIRECTION ( 'NONE',  ( 0.0000000000000000000, 0.0000000000000000000, 1.000000000000000000 ) ) ;
#3931 = CARTESIAN_POINT ( 'NONE',  ( 11.52477084507848700, -35.24787125236565500, -5.000000000000000900 ) ) ;
#3932 = DIRECTION ( 'NONE',  ( 1.000000000000000000, 0.0000000000000000000, 0.0000000000000000000 ) ) ;
#3933 = ORIENTED_EDGE ( 'NONE', *, *, #3271, .F. ) ;
#3934 = CARTESIAN_POINT ( 'NONE',  ( 1.730832150559693100, 2.451835182840502300, 9.989832284287839300 ) ) ;
#3935 = DIRECTION ( 'NONE',  ( 0.9781476007338069100, 0.2079116908177532400, 0.0000000000000000000 ) ) ;
#3936 = CARTESIAN_POINT ( 'NONE',  ( -6.732577971167076600, -5.188726894597742500, 6.483618372679803300 ) ) ;
#3937 = ORIENTED_EDGE ( 'NONE', *, *, #5263, .F. ) ;
#3938 = CARTESIAN_POINT ( 'NONE',  ( -0.5773502691896270600, 6.499999999999993800, 11.99999999999999600 ) ) ;
#3939 = EDGE_CURVE ( 'NONE', #4692, #3546, #2045, .T. ) ;
#3940 = CARTESIAN_POINT ( 'NONE',  ( 2.114054499415494200, 6.284664482292062500, -15.00000000000000000 ) ) ;
#3941 = ADVANCED_FACE ( 'NONE', ( #3487 ), #913, .F. ) ;
#3942 = AXIS2_PLACEMENT_3D ( 'NONE', #107, #5434, #2274 ) ;
#3943 = DIRECTION ( 'NONE',  ( 0.0000000000000000000, 0.0000000000000000000, -1.000000000000000000 ) ) ;
#3944 = CARTESIAN_POINT ( 'NONE',  ( -1.774610318162109800, 8.313029033163246600, 12.44469148813531100 ) ) ;
#3945 = EDGE_LOOP ( 'NONE', ( #818, #4051, #862, #1012 ) ) ;
#3946 = LINE ( 'NONE', #5695, #4114 ) ;
#3947 = CYLINDRICAL_SURFACE ( 'NONE', #813, 2.000000000000000000 ) ;
#3948 = DIRECTION ( 'NONE',  ( 0.2079116908177532400, -0.9781476007338069100, 0.0000000000000000000 ) ) ;
#3949 = CARTESIAN_POINT ( 'NONE',  ( -1.154130593206607500, 8.425752337792106400, 8.878271652768850300 ) ) ;
#3950 = ORIENTED_EDGE ( 'NONE', *, *, #4184, .F. ) ;
#3951 = EDGE_CURVE ( 'NONE', #5241, #6024, #6348, .T. ) ;
#3952 = ORIENTED_EDGE ( 'NONE', *, *, #4329, .F. ) ;
#3953 = CIRCLE ( 'NONE', #6373, 0.3926990816987240300 ) ;
#3954 = CARTESIAN_POINT ( 'NONE',  ( 24.86500288464856100, -27.51298606842475900, -5.000000000000000900 ) ) ;
#3955 = ORIENTED_EDGE ( 'NONE', *, *, #3928, .T. ) ;
#3956 = DIRECTION ( 'NONE',  ( -0.0000000000000000000, -0.0000000000000000000, 1.000000000000000000 ) ) ;
#3957 = ORIENTED_EDGE ( 'NONE', *, *, #1650, .F. ) ;
#3958 = AXIS2_PLACEMENT_3D ( 'NONE', #216, #4476, #187 ) ;
#3959 = ORIENTED_EDGE ( 'NONE', *, *, #1212, .F. ) ;
#3960 = FACE_OUTER_BOUND ( 'NONE', #6431, .T. ) ;
#3961 = CARTESIAN_POINT ( 'NONE',  ( 0.0000000000000000000, 0.0000000000000000000, 14.43899999999999800 ) ) ;
#3962 = CARTESIAN_POINT ( 'NONE',  ( 1.999906243143272100, 2.236151836146687400, 11.13798821890117600 ) ) ;
#3963 = CARTESIAN_POINT ( 'NONE',  ( 6.014742451140577400, -6.006069700432008500, 5.729814788946933700 ) ) ;
#3964 = EDGE_CURVE ( 'NONE', #5058, #270, #825, .T. ) ;
#3965 = ORIENTED_EDGE ( 'NONE', *, *, #5417, .T. ) ;
#3966 = ORIENTED_EDGE ( 'NONE', *, *, #199, .F. ) ;
#3967 = DIRECTION ( 'NONE',  ( 1.000000000000000000, 0.0000000000000000000, 0.0000000000000000000 ) ) ;
#3968 = CARTESIAN_POINT ( 'NONE',  ( -7.091903755430654300, 0.1553607205272071200, -15.00000000000000000 ) ) ;
#3969 = EDGE_CURVE ( 'NONE', #4050, #3659, #1676, .T. ) ;
#3970 = AXIS2_PLACEMENT_3D ( 'NONE', #1735, #6533, #6477 ) ;
#3971 = ORIENTED_EDGE ( 'NONE', *, *, #3951, .F. ) ;
#3972 = CARTESIAN_POINT ( 'NONE',  ( 4.385651846219069200, 4.973157142624546400, -15.00000000000000000 ) ) ;
#3973 = LINE ( 'NONE', #3563, #6583 ) ;
#3974 = EDGE_LOOP ( 'NONE', ( #2406, #3864, #807, #1987 ) ) ;
#3975 = EDGE_LOOP ( 'NONE', ( #2829, #3111, #4957, #2823 ) ) ;
#3976 = ORIENTED_EDGE ( 'NONE', *, *, #5134, .F. ) ;
#3977 = CARTESIAN_POINT ( 'NONE',  ( -8.418889890350357100, 1.180390637787243100, 3.939489093685194300 ) ) ;
#3978 = CARTESIAN_POINT ( 'NONE',  ( 0.5867961629527924700, -7.069293181989133100, -15.00000000000000000 ) ) ;
#3979 = VECTOR ( 'NONE', #5748, 1000.000000000000000 ) ;
#3980 = CIRCLE ( 'NONE', #2246, 30.54279649802281700 ) ;
#3981 = VERTEX_POINT ( 'NONE', #1943 ) ;
#3982 = VERTEX_POINT ( 'NONE', #3027 ) ;
#3983 = CARTESIAN_POINT ( 'NONE',  ( 4.487488219535054100, -4.881463260234206700, -15.00000000000000000 ) ) ;
#3984 = DIRECTION ( 'NONE',  ( 0.0000000000000000000, -1.000000000000000000, 0.0000000000000000000 ) ) ;
#3985 = FACE_OUTER_BOUND ( 'NONE', #6750, .T. ) ;
#3986 = EDGE_LOOP ( 'NONE', ( #1346, #4222, #6436, #2892 ) ) ;
#3987 = ADVANCED_FACE ( 'NONE', ( #5953 ), #1878, .F. ) ;
#3988 = LINE ( 'NONE', #6148, #2257 ) ;
#3989 = CYLINDRICAL_SURFACE ( 'NONE', #2900, 3.946090011793465600 ) ;
#3990 = EDGE_LOOP ( 'NONE', ( #4658, #2343, #4899, #533 ) ) ;
#3991 = CARTESIAN_POINT ( 'NONE',  ( 5.845059585694550600, -6.171408953930511000, 6.518072533690983900 ) ) ;
#3992 = EDGE_CURVE ( 'NONE', #6275, #4487, #1916, .T. ) ;
#3993 = FACE_OUTER_BOUND ( 'NONE', #3871, .T. ) ;
#3994 = CARTESIAN_POINT ( 'NONE',  ( 5.231992015246233600, 6.700535598066743100, 3.944232978942579400 ) ) ;
#3995 = CIRCLE ( 'NONE', #1450, 30.84641689323308000 ) ;
#3996 = CARTESIAN_POINT ( 'NONE',  ( -7.069285787639664400, -4.719727037068120800, 6.300458585178562400 ) ) ;
#3997 = AXIS2_PLACEMENT_3D ( 'NONE', #2567, #4785, #5857 ) ;
#3998 = ORIENTED_EDGE ( 'NONE', *, *, #2027, .T. ) ;
#3999 = DIRECTION ( 'NONE',  ( -0.3090169943749573900, -0.9510565162951504200, -2.271859390595231300E-016 ) ) ;
#4000 = CARTESIAN_POINT ( 'NONE',  ( 6.159178538882867000, 2.248584257262622000, -15.00000000000000000 ) ) ;
#4001 = DIRECTION ( 'NONE',  ( -0.9135454576426005300, 0.4067366430758011000, 0.0000000000000000000 ) ) ;
#4002 = B_SPLINE_CURVE_WITH_KNOTS ( 'NONE', 3,
 ( #4844, #1672, #2738, #63, #3908, #1209, #5491, #692 ),
 .UNSPECIFIED., .F., .F.,
 ( 4, 2, 2, 4 ),
 ( 1.992342074568528100E-007, 0.002695036964422751300, 0.005389874694638045200, 0.01077955015506863400 ),
 .UNSPECIFIED. ) ;
#4003 = EDGE_CURVE ( 'NONE', #3038, #3385, #237, .T. ) ;
#4004 = CIRCLE ( 'NONE', #5088, 0.3926990816987240300 ) ;
#4005 = DIRECTION ( 'NONE',  ( -0.0000000000000000000, 1.000000000000000000, -0.0000000000000000000 ) ) ;
#4006 = CARTESIAN_POINT ( 'NONE',  ( -4.557007050459553500E-016, 8.171078643762690800, 11.00000000000000000 ) ) ;
#4007 = EDGE_CURVE ( 'NONE', #1319, #4943, #5176, .T. ) ;
#4008 = ORIENTED_EDGE ( 'NONE', *, *, #926, .F. ) ;
#4009 = AXIS2_PLACEMENT_3D ( 'NONE', #2627, #5350, #1039 ) ;
#4010 = VERTEX_POINT ( 'NONE', #497 ) ;
#4011 = DIRECTION ( 'NONE',  ( 1.000000000000000000, 0.0000000000000000000, 0.0000000000000000000 ) ) ;
#4012 = DIRECTION ( 'NONE',  ( -0.0000000000000000000, -0.0000000000000000000, 1.000000000000000000 ) ) ;
#4013 = DIRECTION ( 'NONE',  ( -0.8660254037844363800, 0.5000000000000040000, 0.0000000000000000000 ) ) ;
#4014 = AXIS2_PLACEMENT_3D ( 'NONE', #5029, #2317, #6576 ) ;
#4015 = CARTESIAN_POINT ( 'NONE',  ( 4.122884871565366500, -4.681324852090475600, -15.00000000000000000 ) ) ;
#4016 = CARTESIAN_POINT ( 'NONE',  ( -7.350408385457016400, 4.274144029071820200, 2.160483399835453300 ) ) ;
#4017 = CARTESIAN_POINT ( 'NONE',  ( 0.0000000000000000000, 0.0000000000000000000, -14.43900000000000000 ) ) ;
#4018 = CARTESIAN_POINT ( 'NONE',  ( -4.623372156875183800, -7.132643861871565100, 5.894788942277273200 ) ) ;
#4019 = CARTESIAN_POINT ( 'NONE',  ( 8.239838897040245400, 2.086876841316383800, -14.43900000000000000 ) ) ;
#4020 = ADVANCED_FACE ( 'NONE', ( #4755 ), #1827, .T. ) ;
#4021 = DIRECTION ( 'NONE',  ( -0.0000000000000000000, -0.0000000000000000000, 1.000000000000000000 ) ) ;
#4022 = DIRECTION ( 'NONE',  ( -0.0000000000000000000, -0.0000000000000000000, 1.000000000000000000 ) ) ;
#4023 = ORIENTED_EDGE ( 'NONE', *, *, #4446, .T. ) ;
#4024 = CARTESIAN_POINT ( 'NONE',  ( 0.3083797592206366000, -8.124734754286656400, -14.80898902440161200 ) ) ;
#4025 = CC_DESIGN_APPROVAL ( #3401, ( #2381 ) ) ;
#4026 = CARTESIAN_POINT ( 'NONE',  ( -3.178163014310037700, -5.367705458522683800, -5.000000000000004400 ) ) ;
#4027 = ORIENTED_EDGE ( 'NONE', *, *, #5789, .T. ) ;
#4028 = CARTESIAN_POINT ( 'NONE',  ( -7.954049775705178700, 2.997908423488194100, -1.407857104177918200 ) ) ;
#4029 = CARTESIAN_POINT ( 'NONE',  ( 8.078355202057135600, 2.652735920476630800, 2.162214997040766900 ) ) ;
#4030 = DIRECTION ( 'NONE',  ( 0.0000000000000000000, 0.0000000000000000000, -1.000000000000000000 ) ) ;
#4031 = EDGE_CURVE ( 'NONE', #438, #6501, #5355, .T. ) ;
#4032 = VERTEX_POINT ( 'NONE', #6898 ) ;
#4033 = MANIFOLD_SOLID_BREP ( 'Cut-Revolve4', #2404 ) ;
#4034 = CARTESIAN_POINT ( 'NONE',  ( 2.114054499415494200, 6.284664482292062500, -15.00000000000000000 ) ) ;
#4035 = CARTESIAN_POINT ( 'NONE',  ( -6.499706345634445300, -1.311507339667445900, -15.00000000000000000 ) ) ;
#4036 = CARTESIAN_POINT ( 'NONE',  ( 1.606814403260275600, 6.696792176639188900, -15.00000000000000000 ) ) ;
#4037 = FACE_OUTER_BOUND ( 'NONE', #968, .T. ) ;
#4038 = CARTESIAN_POINT ( 'NONE',  ( 2.450271114960418400, -6.081758207873377000, -15.00000000000000000 ) ) ;
#4039 = LINE ( 'NONE', #488, #6404 ) ;
#4040 = ORIENTED_EDGE ( 'NONE', *, *, #3239, .F. ) ;
#4041 = EDGE_CURVE ( 'NONE', #3474, #3593, #6609, .T. ) ;
#4042 = CARTESIAN_POINT ( 'NONE',  ( 11.03069998339267400, 35.40840460666213100, -5.000000000000000900 ) ) ;
#4043 = AXIS2_PLACEMENT_3D ( 'NONE', #5708, #5165, #2509 ) ;
#4044 = CARTESIAN_POINT ( 'NONE',  ( -0.5827542456051573200, -8.480116131106251800, 6.377011985626275200 ) ) ;
#4045 = B_SPLINE_CURVE_WITH_KNOTS ( 'NONE', 3,
 ( #907, #2980, #4024, #6756 ),
 .UNSPECIFIED., .F., .F.,
 ( 4, 4 ),
 ( 3.126648298135245800E-007, 0.0008592017304043429900 ),
 .UNSPECIFIED. ) ;
#4046 = CARTESIAN_POINT ( 'NONE',  ( -0.5838702176987634600, -6.210642285936847500, -5.000000000000000900 ) ) ;
#4047 = CARTESIAN_POINT ( 'NONE',  ( 2.054294267123625900, -8.249290713694861700, 3.944042357354649500 ) ) ;
#4048 = ORIENTED_EDGE ( 'NONE', *, *, #3831, .F. ) ;
#4049 = FACE_OUTER_BOUND ( 'NONE', #3975, .T. ) ;
#4050 = VERTEX_POINT ( 'NONE', #6368 ) ;
#4051 = ORIENTED_EDGE ( 'NONE', *, *, #2185, .T. ) ;
#4052 = CARTESIAN_POINT ( 'NONE',  ( -7.892805129291001100, 3.154936955149551200, -5.000000000000004400 ) ) ;
#4053 = DIRECTION ( 'NONE',  ( 0.0000000000000000000, -0.0000000000000000000, 1.000000000000000000 ) ) ;
#4054 = ORIENTED_EDGE ( 'NONE', *, *, #1200, .F. ) ;
#4055 = VECTOR ( 'NONE', #2087, 1000.000000000000000 ) ;
#4056 = CARTESIAN_POINT ( 'NONE',  ( 7.664301708801020600, 3.675455788497602200, 6.483791132471224300 ) ) ;
#4057 = AXIS2_PLACEMENT_3D ( 'NONE', #2776, #6516, #3292 ) ;
#4058 = ADVANCED_FACE ( 'NONE', ( #3326 ), #3760, .T. ) ;
#4059 = ORIENTED_EDGE ( 'NONE', *, *, #4499, .F. ) ;
#4060 = VERTEX_POINT ( 'NONE', #5785 ) ;
#4061 = CARTESIAN_POINT ( 'NONE',  ( 6.159178538882834200, -2.248584257262704600, -15.00000000000000000 ) ) ;
#4062 = ORIENTED_EDGE ( 'NONE', *, *, #811, .F. ) ;
#4063 = FACE_OUTER_BOUND ( 'NONE', #5243, .T. ) ;
#4064 = ORIENTED_EDGE ( 'NONE', *, *, #5879, .F. ) ;
#4065 = ORIENTED_EDGE ( 'NONE', *, *, #4071, .F. ) ;
#4066 = AXIS2_PLACEMENT_3D ( 'NONE', #5853, #2595, #4173 ) ;
#4067 = APPLICATION_CONTEXT ( 'configuration controlled 3d designs of mechanical parts and assemblies' ) ;
#4068 = FACE_OUTER_BOUND ( 'NONE', #3990, .T. ) ;
#4069 = ORIENTED_EDGE ( 'NONE', *, *, #4919, .F. ) ;
#4070 = CYLINDRICAL_SURFACE ( 'NONE', #4637, 3.946090011793465600 ) ;
#4071 = EDGE_CURVE ( 'NONE', #5452, #6321, #2592, .T. ) ;
#4072 = CIRCLE ( 'NONE', #3798, 3.946090011793464700 ) ;
#4073 = DIRECTION ( 'NONE',  ( 1.000000000000000000, 0.0000000000000000000, 0.0000000000000000000 ) ) ;
#4074 = VERTEX_POINT ( 'NONE', #4712 ) ;
#4075 = CARTESIAN_POINT ( 'NONE',  ( -3.427831452238765000, 36.92805749626907600, -5.000000000000000900 ) ) ;
#4076 = CYLINDRICAL_SURFACE ( 'NONE', #2885, 3.946090011793464700 ) ;
#4077 = FACE_BOUND ( 'NONE', #1337, .T. ) ;
#4078 = ADVANCED_FACE ( 'NONE', ( #59 ), #5514, .F. ) ;
#4079 = ORIENTED_EDGE ( 'NONE', *, *, #6537, .T. ) ;
#4080 = DIRECTION ( 'NONE',  ( -0.3090169943749574400, -0.9510565162951503100, 0.0000000000000000000 ) ) ;
#4081 = DIRECTION ( 'NONE',  ( 0.0000000000000000000, 0.0000000000000000000, 1.000000000000000000 ) ) ;
#4082 = CIRCLE ( 'NONE', #4595, 3.946090011793464700 ) ;
#4083 = ORIENTED_EDGE ( 'NONE', *, *, #6297, .T. ) ;
#4084 = EDGE_CURVE ( 'NONE', #5, #4258, #1486, .T. ) ;
#4085 = DIRECTION ( 'NONE',  ( 1.000000000000000000, 0.0000000000000000000, 0.0000000000000000000 ) ) ;
#4086 = CARTESIAN_POINT ( 'NONE',  ( 1.016506249356587300, 2.824854902417107000, 12.72717989012372500 ) ) ;
#4087 = DIRECTION ( 'NONE',  ( 0.0000000000000000000, 0.0000000000000000000, -1.000000000000000000 ) ) ;
#4088 = AXIS2_PLACEMENT_3D ( 'NONE', #5940, #2208, #5382 ) ;
#4089 = DIRECTION ( 'NONE',  ( -0.8660254037844433700, -0.4999999999999920100, 0.0000000000000000000 ) ) ;
#4090 = ORIENTED_EDGE ( 'NONE', *, *, #5540, .F. ) ;
#4091 = CARTESIAN_POINT ( 'NONE',  ( 3.962676671442851200, -7.519786805329170300, -14.43900000000000000 ) ) ;
#4092 = CARTESIAN_POINT ( 'NONE',  ( -2.936742409107983200, 7.976562168157236100, -5.000000000000004400 ) ) ;
#4093 = EDGE_CURVE ( 'NONE', #4472, #3420, #2170, .T. ) ;
#4094 = CARTESIAN_POINT ( 'NONE',  ( -5.277188226350574500, -3.348698915051467200, -15.00000000000000000 ) ) ;
#4095 = AXIS2_PLACEMENT_3D ( 'NONE', #1354, #3517, #4624 ) ;
#4096 = DIRECTION ( 'NONE',  ( 0.0000000000000000000, -0.0000000000000000000, -1.000000000000000000 ) ) ;
#4097 = CARTESIAN_POINT ( 'NONE',  ( 5.738343555174076900, 6.270678850235605700, 6.594685079528088200 ) ) ;
#4098 = EDGE_CURVE ( 'NONE', #1914, #4996, #1317, .T. ) ;
#4099 = EDGE_LOOP ( 'NONE', ( #1664, #2391, #798, #201, #5804 ) ) ;
#4100 = AXIS2_PLACEMENT_3D ( 'NONE', #1711, #5433, #2252 ) ;
#4101 = CARTESIAN_POINT ( 'NONE',  ( -0.5773502691896270600, 8.499999999999992900, 11.99999999999999600 ) ) ;
#4102 = B_SPLINE_CURVE_WITH_KNOTS ( 'NONE', 3,
 ( #935, #5783, #2543, #3075 ),
 .UNSPECIFIED., .F., .F.,
 ( 4, 4 ),
 ( 2.997673001811703800E-007, 0.0008591888328818125500 ),
 .UNSPECIFIED. ) ;
#4103 = CARTESIAN_POINT ( 'NONE',  ( 0.5337277124044760300, 2.955112199539268800, 12.93212308454276300 ) ) ;
#4104 = VERTEX_POINT ( 'NONE', #1011 ) ;
#4105 = ADVANCED_FACE ( 'NONE', ( #6258 ), #493, .F. ) ;
#4106 = DIRECTION ( 'NONE',  ( -0.0000000000000000000, 1.000000000000000000, -0.0000000000000000000 ) ) ;
#4107 = APPROVAL_ROLE ( '' ) ;
#4108 = DIRECTION ( 'NONE',  ( 0.3090169943749449000, -0.9510565162951543100, 0.0000000000000000000 ) ) ;
#4109 = CARTESIAN_POINT ( 'NONE',  ( -1.742199641169968700, 8.322352000835950400, 2.159571055011746000 ) ) ;
#4110 = DIRECTION ( 'NONE',  ( -0.0000000000000000000, -0.0000000000000000000, 1.000000000000000000 ) ) ;
#4111 = APPROVAL ( #5741, 'UNSPECIFIED' ) ;
#4112 = CARTESIAN_POINT ( 'NONE',  ( 6.036215036775489700, 5.156726580865574200, -15.00000000000000000 ) ) ;
#4113 = VERTEX_POINT ( 'NONE', #3670 ) ;
#4114 = VECTOR ( 'NONE', #6773, 1000.000000000000000 ) ;
#4115 = CIRCLE ( 'NONE', #2470, 3.946090011793464700 ) ;
#4116 = CARTESIAN_POINT ( 'NONE',  ( -5.927207807668772900, -6.092471387264859000, -14.43900000000408400 ) ) ;
#4117 = DIRECTION ( 'NONE',  ( 1.000000000000000000, 0.0000000000000000000, 0.0000000000000000000 ) ) ;
#4118 = ORIENTED_EDGE ( 'NONE', *, *, #6140, .F. ) ;
#4119 = CARTESIAN_POINT ( 'NONE',  ( 24.76316651133250700, -27.60467995081516400, -5.000000000000000900 ) ) ;
#4120 = EDGE_CURVE ( 'NONE', #4480, #4692, #3156, .T. ) ;
#4121 = EDGE_CURVE ( 'NONE', #2663, #1319, #5945, .T. ) ;
#4122 = ORIENTED_EDGE ( 'NONE', *, *, #6744, .F. ) ;
#4123 = CIRCLE ( 'NONE', #503, 3.946090011793464700 ) ;
#4124 = DIRECTION ( 'NONE',  ( 0.0000000000000000000, -0.0000000000000000000, 1.000000000000000000 ) ) ;
#4125 = ORIENTED_EDGE ( 'NONE', *, *, #3595, .F. ) ;
#4126 = VERTEX_POINT ( 'NONE', #4326 ) ;
#4127 = CARTESIAN_POINT ( 'NONE',  ( 4.530988068736881800, 7.191672067113090700, -5.000000000000002700 ) ) ;
#4128 = DIRECTION ( 'NONE',  ( 1.000000000000000000, 0.0000000000000000000, 0.0000000000000000000 ) ) ;
#4129 = DIRECTION ( 'NONE',  ( 0.0000000000000000000, -0.0000000000000000000, -1.000000000000000000 ) ) ;
#4130 = DIRECTION ( 'NONE',  ( 0.0000000000000000000, 0.0000000000000000000, 1.000000000000000000 ) ) ;
#4131 = VERTEX_POINT ( 'NONE', #5885 ) ;
#4132 = EDGE_CURVE ( 'NONE', #4126, #5149, #229, .T. ) ;
#4133 = LINE ( 'NONE', #3507, #4485 ) ;
#4134 = ORIENTED_EDGE ( 'NONE', *, *, #110, .F. ) ;
#4135 = VERTEX_POINT ( 'NONE', #3263 ) ;
#4136 = AXIS2_PLACEMENT_3D ( 'NONE', #5996, #6056, #4390 ) ;
#4137 = DIRECTION ( 'NONE',  ( 0.0000000000000000000, -0.0000000000000000000, 1.000000000000000000 ) ) ;
#4138 = DIRECTION ( 'NONE',  ( -0.0000000000000000000, 0.0000000000000000000, 1.000000000000000000 ) ) ;
#4139 = B_SPLINE_CURVE_WITH_KNOTS ( 'NONE', 3,
 ( #1681, #2702, #3268, #5889 ),
 .UNSPECIFIED., .F., .F.,
 ( 4, 4 ),
 ( 3.135171223445742300E-007, 0.0008592025826967807900 ),
 .UNSPECIFIED. ) ;
#4140 = CARTESIAN_POINT ( 'NONE',  ( -8.281696603829102400, 1.914291114837511200, 6.572964550332149400 ) ) ;
#4141 = DIRECTION ( 'NONE',  ( 0.0000000000000000000, -0.0000000000000000000, 1.000000000000000000 ) ) ;
#4142 = ORIENTED_EDGE ( 'NONE', *, *, #4413, .F. ) ;
#4143 = FACE_OUTER_BOUND ( 'NONE', #481, .T. ) ;
#4144 = ORIENTED_EDGE ( 'NONE', *, *, #1528, .T. ) ;
#4145 = CARTESIAN_POINT ( 'NONE',  ( 33.90585003400321500, -15.02085564562152500, -5.000000000000000900 ) ) ;
#4146 = EDGE_LOOP ( 'NONE', ( #1439, #1907 ) ) ;
#4147 = ADVANCED_FACE ( 'NONE', ( #2573 ), #2330, .T. ) ;
#4148 = CARTESIAN_POINT ( 'NONE',  ( -0.7612021176880666700, -6.586866130225319100, -15.00000000000000000 ) ) ;
#4149 = CARTESIAN_POINT ( 'NONE',  ( -0.4776707201268881000, 8.486714935825912000, 6.060825536221669200 ) ) ;
#4150 = AXIS2_PLACEMENT_3D ( 'NONE', #3238, #3802, #566 ) ;
#4151 = CYLINDRICAL_SURFACE ( 'NONE', #4287, 3.946090011793464700 ) ;
#4152 = CIRCLE ( 'NONE', #3707, 0.3926990816987240300 ) ;
#4153 = ORIENTED_EDGE ( 'NONE', *, *, #1578, .F. ) ;
#4154 = EDGE_LOOP ( 'NONE', ( #6328, #1236, #4579, #4680 ) ) ;
#4155 = CARTESIAN_POINT ( 'NONE',  ( 1.983727081235677300, -6.327010427417869600, -15.00000000000000000 ) ) ;
#4156 = CARTESIAN_POINT ( 'NONE',  ( -6.941484421814754700, 4.905875358255967100, 6.593837525789947300 ) ) ;
#4157 = DIRECTION ( 'NONE',  ( -0.0000000000000000000, -0.0000000000000000000, 1.000000000000000000 ) ) ;
#4158 = LINE ( 'NONE', #5456, #3405 ) ;
#4159 = FACE_OUTER_BOUND ( 'NONE', #6702, .T. ) ;
#4160 = CARTESIAN_POINT ( 'NONE',  ( -4.629954344567805100, -5.374268191762657100, -15.00000000000000000 ) ) ;
#4161 = EDGE_CURVE ( 'NONE', #6024, #5752, #3900, .T. ) ;
#4162 = ORIENTED_EDGE ( 'NONE', *, *, #2363, .T. ) ;
#4163 = AXIS2_PLACEMENT_3D ( 'NONE', #2487, #3572, #312 ) ;
#4164 = APPLICATION_CONTEXT ( 'configuration controlled 3d designs of mechanical parts and assemblies' ) ;
#4165 = EDGE_CURVE ( 'NONE', #797, #2960, #4588, .T. ) ;
#4166 = CYLINDRICAL_SURFACE ( 'NONE', #4606, 0.3926990816987240300 ) ;
#4167 = CARTESIAN_POINT ( 'NONE',  ( -8.328230005728579900, -1.700172041789324500, 6.594685079528090000 ) ) ;
#4168 = CARTESIAN_POINT ( 'NONE',  ( 6.769631445549902300, -4.147265495651566000, -15.00000000000000000 ) ) ;
#4169 = CARTESIAN_POINT ( 'NONE',  ( 7.937629273162619000, 3.040401539571967700, 5.729814788946908900 ) ) ;
#4170 = CYLINDRICAL_SURFACE ( 'NONE', #5541, 3.946090011793463900 ) ;
#4171 = ADVANCED_FACE ( 'NONE', ( #5859 ), #904, .T. ) ;
#4172 = CARTESIAN_POINT ( 'NONE',  ( -4.860865375652132900, 5.166354965501344800, -15.00000000000000000 ) ) ;
#4173 = DIRECTION ( 'NONE',  ( 1.000000000000000000, 1.656538896595582100E-015, 0.0000000000000000000 ) ) ;
#4174 = VERTEX_POINT ( 'NONE', #2644 ) ;
#4175 = CARTESIAN_POINT ( 'NONE',  ( 0.0000000000000000000, 0.0000000000000000000, -14.43900000000000000 ) ) ;
#4176 = EDGE_CURVE ( 'NONE', #1425, #5899, #2669, .T. ) ;
#4177 = DIRECTION ( 'NONE',  ( 0.9945218953682730700, -0.1045284632676571100, 0.0000000000000000000 ) ) ;
#4178 = PLANE ( 'NONE',  #6841 ) ;
#4179 = CARTESIAN_POINT ( 'NONE',  ( -2.339275608533276900, -6.696792176639157800, -5.000000000000000900 ) ) ;
#4180 = ORIENTED_EDGE ( 'NONE', *, *, #5555, .F. ) ;
#4181 = ORIENTED_EDGE ( 'NONE', *, *, #461, .T. ) ;
#4182 = DIRECTION ( 'NONE',  ( 1.000000000000000000, 0.0000000000000000000, 0.0000000000000000000 ) ) ;
#4183 = DIRECTION ( 'NONE',  ( 0.0000000000000000000, 0.0000000000000000000, 1.000000000000000000 ) ) ;
#4184 = EDGE_CURVE ( 'NONE', #5654, #3469, #6435, .T. ) ;
#4185 = CARTESIAN_POINT ( 'NONE',  ( 1.592456809767693000, 6.360478971340840300, -15.00000000000000000 ) ) ;
#4186 = DIRECTION ( 'NONE',  ( 1.000000000000000000, 0.0000000000000000000, 0.0000000000000000000 ) ) ;
#4187 = AXIS2_PLACEMENT_3D ( 'NONE', #4716, #4676, #4789 ) ;
#4188 = ADVANCED_FACE ( 'NONE', ( #5348 ), #4841, .T. ) ;
#4189 = CARTESIAN_POINT ( 'NONE',  ( -6.890149495002740200, -4.977743023039185900, 6.595592633140100200 ) ) ;
#4190 = DIRECTION ( 'NONE',  ( 1.000000000000000000, 0.0000000000000000000, 0.0000000000000000000 ) ) ;
#4191 = CARTESIAN_POINT ( 'NONE',  ( -6.047026834039916900, 5.973929127334721500, -1.407857104184807100 ) ) ;
#4192 = DIRECTION ( 'NONE',  ( 1.000000000000000000, 0.0000000000000000000, 0.0000000000000000000 ) ) ;
#4193 = B_SPLINE_CURVE_WITH_KNOTS ( 'NONE', 3,
 ( #4898, #5956, #3348, #5557, #3936, #2354, #6561, #173, #6039, #5466 ),
 .UNSPECIFIED., .F., .F.,
 ( 4, 2, 2, 2, 4 ),
 ( 0.002582103712871713600, 0.002708856301615719800, 0.002835608890359725900, 0.003089114067847738300, 0.003596124422823762100 ),
 .UNSPECIFIED. ) ;
#4194 = EDGE_CURVE ( 'NONE', #1202, #6116, #5005, .T. ) ;
#4195 = EDGE_CURVE ( 'NONE', #6636, #1756, #1241, .T. ) ;
#4196 = CARTESIAN_POINT ( 'NONE',  ( -1.852352712115427700, 7.719877617548007700, -15.00000000000000000 ) ) ;
#4197 = CARTESIAN_POINT ( 'NONE',  ( -8.372730872790123500, 1.466069295254095000, 6.377261659570705500 ) ) ;
#4198 = AXIS2_PLACEMENT_3D ( 'NONE', #2693, #4349, #3796 ) ;
#4199 = CARTESIAN_POINT ( 'NONE',  ( -6.087097636196789500, -1.363900437125063400, -5.000000000000004400 ) ) ;
#4200 = ORIENTED_EDGE ( 'NONE', *, *, #498, .T. ) ;
#4201 = DIRECTION ( 'NONE',  ( 1.000000000000000000, 0.0000000000000000000, 0.0000000000000000000 ) ) ;
#4202 = DIRECTION ( 'NONE',  ( -0.0000000000000000000, -0.0000000000000000000, 1.000000000000000000 ) ) ;
#4203 = ADVANCED_FACE ( 'NONE', ( #4257 ), #4337, .T. ) ;
#4204 = EDGE_LOOP ( 'NONE', ( #6626, #6610, #256, #4528 ) ) ;
#4205 = CARTESIAN_POINT ( 'NONE',  ( 4.487488219535122400, 4.881463260234145500, -5.000000000000000900 ) ) ;
#4206 = AXIS2_PLACEMENT_3D ( 'NONE', #2757, #6545, #4365 ) ;
#4207 = CARTESIAN_POINT ( 'NONE',  ( 0.5615124314577416600, 8.481432885386672300, -14.43900000000000000 ) ) ;
#4208 = B_SPLINE_CURVE_WITH_KNOTS ( 'NONE', 3,
 ( #2870, #6112, #3395, #6150, #747, #2919, #3418, #6600, #6666, #694 ),
 .UNSPECIFIED., .F., .F.,
 ( 4, 2, 2, 2, 4 ),
 ( 0.0000000000000000000, 0.0001262871190028956600, 0.0002525742380057913300, 0.0005051484760115812500, 0.001010296952023163100 ),
 .UNSPECIFIED. ) ;
#4209 = DIRECTION ( 'NONE',  ( 0.9781476007338069100, 0.2079116908177532600, -2.249497543887972600E-016 ) ) ;
#4210 = ORIENTED_EDGE ( 'NONE', *, *, #2429, .T. ) ;
#4211 = DIRECTION ( 'NONE',  ( -0.9135454576426060800, -0.4067366430757887700, 0.0000000000000000000 ) ) ;
#4212 = FACE_OUTER_BOUND ( 'NONE', #3886, .T. ) ;
#4213 = ORIENTED_EDGE ( 'NONE', *, *, #6272, .F. ) ;
#4214 = CARTESIAN_POINT ( 'NONE',  ( 8.499723842352203500, 0.06851717849924797400, 6.594685079528095400 ) ) ;
#4215 = CARTESIAN_POINT ( 'NONE',  ( -8.208780163044407300, -2.205884909692379800, 5.729814788946930200 ) ) ;
#4216 = CARTESIAN_POINT ( 'NONE',  ( -3.865387398302879300, 7.570268126259883000, 5.895103308106142100 ) ) ;
#4217 = CARTESIAN_POINT ( 'NONE',  ( -3.059487779957998000, 5.436222637021974600, -5.000000000000004400 ) ) ;
#4218 = LINE ( 'NONE', #5712, #1373 ) ;
#4219 = LINE ( 'NONE', #687, #545 ) ;
#4220 = DIRECTION ( 'NONE',  ( 1.000000000000000000, 0.0000000000000000000, 0.0000000000000000000 ) ) ;
#4221 = VERTEX_POINT ( 'NONE', #4938 ) ;
#4222 = ORIENTED_EDGE ( 'NONE', *, *, #3453, .T. ) ;
#4223 = ADVANCED_FACE ( 'NONE', ( #3399 ), #3569, .T. ) ;
#4224 = CARTESIAN_POINT ( 'NONE',  ( 4.122884871565432300, 4.681324852090418700, -5.000000000000000900 ) ) ;
#4225 = ORIENTED_EDGE ( 'NONE', *, *, #5787, .T. ) ;
#4226 = FACE_OUTER_BOUND ( 'NONE', #1006, .T. ) ;
#4227 = CARTESIAN_POINT ( 'NONE',  ( -5.046365497539270900, -3.666399145821171300, -5.000000000000000900 ) ) ;
#4228 = ORIENTED_EDGE ( 'NONE', *, *, #5210, .T. ) ;
#4229 = EDGE_CURVE ( 'NONE', #5568, #4113, #1996, .T. ) ;
#4230 = ORIENTED_EDGE ( 'NONE', *, *, #3695, .F. ) ;
#4231 = AXIS2_PLACEMENT_3D ( 'NONE', #3112, #437, #3708 ) ;
#4232 = CARTESIAN_POINT ( 'NONE',  ( 6.969229953101028700, -1.322523984876490300, -5.000000000000000900 ) ) ;
#4233 = ORIENTED_EDGE ( 'NONE', *, *, #1816, .F. ) ;
#4234 = LINE ( 'NONE', #6135, #5073 ) ;
#4235 = CARTESIAN_POINT ( 'NONE',  ( 24.81408469799053400, -27.55883300961996000, -5.000000000000000900 ) ) ;
#4236 = EDGE_LOOP ( 'NONE', ( #1818, #365, #3891, #3619 ) ) ;
#4237 = CARTESIAN_POINT ( 'NONE',  ( 5.636507181858027200, 6.362372732626010200, 6.594685079528097100 ) ) ;
#4238 = EDGE_LOOP ( 'NONE', ( #6589, #4298, #6943, #2300 ) ) ;
#4239 = EDGE_CURVE ( 'NONE', #4453, #3719, #6770, .T. ) ;
#4240 = EDGE_CURVE ( 'NONE', #143, #1724, #2497, .T. ) ;
#4241 = CARTESIAN_POINT ( 'NONE',  ( -8.493664740175328000, -0.3281147382136341300, -15.00000000000000000 ) ) ;
#4242 = ORIENTED_EDGE ( 'NONE', *, *, #975, .T. ) ;
#4243 = VECTOR ( 'NONE', #6549, 1000.000000000000000 ) ;
#4244 = AXIS2_PLACEMENT_3D ( 'NONE', #3904, #1778, #1729 ) ;
#4245 = DIRECTION ( 'NONE',  ( -0.0000000000000000000, -0.0000000000000000000, 1.000000000000000000 ) ) ;
#4246 = CARTESIAN_POINT ( 'NONE',  ( 7.208302171095879500, -4.505783779629612500, -0.5144932263007004900 ) ) ;
#4247 = DIRECTION ( 'NONE',  ( 1.000000000000000000, 0.0000000000000000000, 0.0000000000000000000 ) ) ;
#4248 = EDGE_LOOP ( 'NONE', ( #2976, #4833, #3485, #4481 ) ) ;
#4249 = ADVANCED_FACE ( 'NONE', ( #6100 ), #4500, .T. ) ;
#4250 = CARTESIAN_POINT ( 'NONE',  ( 4.487488219535122400, 4.881463260234145500, -15.00000000000000000 ) ) ;
#4251 = EDGE_LOOP ( 'NONE', ( #1653, #5644, #5218 ) ) ;
#4252 = CARTESIAN_POINT ( 'NONE',  ( -5.323792341258426900, -3.952653436444991900, -15.00000000000000000 ) ) ;
#4253 = DIRECTION ( 'NONE',  ( -0.0000000000000000000, 1.000000000000000000, -0.0000000000000000000 ) ) ;
#4254 = TOROIDAL_SURFACE ( 'NONE', #5048, 30.45371781153436100, 0.3926990816987236400 ) ;
#4255 = TOROIDAL_SURFACE ( 'NONE', #3102, 31.43791576719764800, 3.946090011793464700 ) ;
#4256 = CARTESIAN_POINT ( 'NONE',  ( 7.064380123506982300, 4.727000472871792700, -14.43900000000408200 ) ) ;
#4257 = FACE_OUTER_BOUND ( 'NONE', #3628, .T. ) ;
#4258 = VERTEX_POINT ( 'NONE', #91 ) ;
#4259 = CARTESIAN_POINT ( 'NONE',  ( 7.064380123508780000, -4.727000472876445000, -14.43900000000000000 ) ) ;
#4260 = DIRECTION ( 'NONE',  ( -0.0000000000000000000, -0.0000000000000000000, 1.000000000000000000 ) ) ;
#4261 = CARTESIAN_POINT ( 'NONE',  ( 6.904627332918074100, -1.626455416940418600, -5.000000000000000900 ) ) ;
#4262 = AXIS2_PLACEMENT_3D ( 'NONE', #2831, #252, #5591 ) ;
#4263 = TOROIDAL_SURFACE ( 'NONE', #5221, 30.45371781153436800, 0.3926990816987236400 ) ;
#4264 = FACE_OUTER_BOUND ( 'NONE', #6515, .T. ) ;
#4265 = CYLINDRICAL_SURFACE ( 'NONE', #4198, 30.84641689323308400 ) ;
#4266 = CARTESIAN_POINT ( 'NONE',  ( -7.091903755430657000, -0.1553607205271117200, -5.000000000000000900 ) ) ;
#4267 = VERTEX_POINT ( 'NONE', #6060 ) ;
#4268 = DIRECTION ( 'NONE',  ( -0.7431448254773862500, 0.6691306063588671200, 0.0000000000000000000 ) ) ;
#4269 = CARTESIAN_POINT ( 'NONE',  ( 4.041821550212703500, 5.162876135651592900, -15.00000000000000000 ) ) ;
#4270 = B_SPLINE_CURVE_WITH_KNOTS ( 'NONE', 3,
 ( #6128, #853, #2356, #4019 ),
 .UNSPECIFIED., .F., .F.,
 ( 4, 4 ),
 ( 2.997673069455034000E-007, 0.0008591888328882476200 ),
 .UNSPECIFIED. ) ;
#4271 = VECTOR ( 'NONE', #5781, 1000.000000000000100 ) ;
#4272 = ADVANCED_FACE ( 'NONE', ( #1407 ), #578, .F. ) ;
#4273 = CARTESIAN_POINT ( 'NONE',  ( -4.190524304000152100, -7.395235361878884600, 6.594685079528086500 ) ) ;
#4274 = ORIENTED_EDGE ( 'NONE', *, *, #748, .F. ) ;
#4275 = CARTESIAN_POINT ( 'NONE',  ( -0.7612021176879773000, 6.586866130225328900, -5.000000000000000900 ) ) ;
#4276 = CARTESIAN_POINT ( 'NONE',  ( 7.376841687395812900, -4.228361071797210400, 2.162214997052678700 ) ) ;
#4277 = DIRECTION ( 'NONE',  ( 0.4999999999999919500, -0.8660254037844432600, 0.0000000000000000000 ) ) ;
#4278 = CARTESIAN_POINT ( 'NONE',  ( -4.383815839212458200E-016, 8.029657287525385100, 11.00000000000000000 ) ) ;
#4279 = DIRECTION ( 'NONE',  ( 0.5000000000000040000, 0.8660254037844363800, 0.0000000000000000000 ) ) ;
#4280 = AXIS2_PLACEMENT_3D ( 'NONE', #3180, #4762, #4247 ) ;
#4281 = CARTESIAN_POINT ( 'NONE',  ( -6.087097636196770800, 1.363900437125145500, -15.00000000000000000 ) ) ;
#4282 = CARTESIAN_POINT ( 'NONE',  ( 7.923949436782281800, -3.076286502645510600, 6.058400551725882500 ) ) ;
#4283 = ADVANCED_FACE ( 'NONE', ( #1077 ), #3064, .T. ) ;
#4284 = DIRECTION ( 'NONE',  ( 0.1045284632676436300, -0.9945218953682742900, 0.0000000000000000000 ) ) ;
#4285 = EDGE_CURVE ( 'NONE', #4549, #1445, #6604, .T. ) ;
#4286 = CARTESIAN_POINT ( 'NONE',  ( 8.488737684154536100, -0.4376202769298174800, 5.894980958408830000 ) ) ;
#4287 = AXIS2_PLACEMENT_3D ( 'NONE', #4926, #98, #5975 ) ;
#4288 = VERTEX_POINT ( 'NONE', #2807 ) ;
#4289 = EDGE_CURVE ( 'NONE', #2216, #5051, #3980, .T. ) ;
#4290 = DIRECTION ( 'NONE',  ( -0.0000000000000000000, -0.0000000000000000000, -1.000000000000000000 ) ) ;
#4291 = DIRECTION ( 'NONE',  ( 1.000000000000000000, 0.0000000000000000000, 0.0000000000000000000 ) ) ;
#4292 = CARTESIAN_POINT ( 'NONE',  ( 2.561395405690864100, -8.104890719541229400, 6.594685079528073100 ) ) ;
#4293 = EDGE_LOOP ( 'NONE', ( #6035, #2646, #2574, #6186 ) ) ;
#4294 = CARTESIAN_POINT ( 'NONE',  ( 0.0000000000000000000, 0.0000000000000000000, -15.00000000000000000 ) ) ;
#4295 = AXIS2_PLACEMENT_3D ( 'NONE', #4179, #5834, #1542 ) ;
#4296 = ADVANCED_FACE ( 'NONE', ( #2908 ), #5169, .F. ) ;
#4297 = LOCAL_TIME ( 11, 30, 0.0000000000000000000, #4541 ) ;
#4298 = ORIENTED_EDGE ( 'NONE', *, *, #3061, .F. ) ;
#4299 = VERTEX_POINT ( 'NONE', #1695 ) ;
#4300 = ORIENTED_EDGE ( 'NONE', *, *, #3094, .T. ) ;
#4301 = CARTESIAN_POINT ( 'NONE',  ( 8.499723842352203500, -0.06851717849924807100, 6.594685079528088200 ) ) ;
#4302 = LINE ( 'NONE', #4540, #4717 ) ;
#4303 = AXIS2_PLACEMENT_3D ( 'NONE', #2537, #2561, #2617 ) ;
#4304 = CARTESIAN_POINT ( 'NONE',  ( 5.636507181858027200, 6.362372732626010200, 6.594685079528097100 ) ) ;
#4305 = ORIENTED_EDGE ( 'NONE', *, *, #3992, .T. ) ;
#4306 = CARTESIAN_POINT ( 'NONE',  ( -3.094381258523595200, -7.917017413065103400, -1.408315498615580800 ) ) ;
#4307 = B_SPLINE_CURVE_WITH_KNOTS ( 'NONE', 3,
 ( #2340, #3416, #1821, #3433 ),
 .UNSPECIFIED., .F., .F.,
 ( 4, 4 ),
 ( 2.634199697637780300E-007, 0.0008591524855433013800 ),
 .UNSPECIFIED. ) ;
#4308 = EDGE_CURVE ( 'NONE', #5654, #4050, #400, .T. ) ;
#4309 = DIRECTION ( 'NONE',  ( 1.000000000000000000, 0.0000000000000000000, 0.0000000000000000000 ) ) ;
#4310 = CARTESIAN_POINT ( 'NONE',  ( -3.954195894456549200, -7.524291029842167700, 6.298274947951918000 ) ) ;
#4311 = ORIENTED_EDGE ( 'NONE', *, *, #2441, .F. ) ;
#4312 = VECTOR ( 'NONE', #4533, 1000.000000000000000 ) ;
#4313 = ORIENTED_EDGE ( 'NONE', *, *, #1561, .F. ) ;
#4314 = ORIENTED_EDGE ( 'NONE', *, *, #1279, .F. ) ;
#4315 = CARTESIAN_POINT ( 'NONE',  ( 0.0000000000000000000, 3.562500000000000400, 13.00000000000000000 ) ) ;
#4316 = CARTESIAN_POINT ( 'NONE',  ( 1.154700538379252100, 6.499999999999993800, 11.00000000000000000 ) ) ;
#4317 = DIRECTION ( 'NONE',  ( 0.0000000000000000000, -0.0000000000000000000, 1.000000000000000000 ) ) ;
#4318 = ADVANCED_FACE ( 'NONE', ( #3749 ), #5597, .T. ) ;
#4319 = CARTESIAN_POINT ( 'NONE',  ( -7.609952461031380000, -3.787213525913147200, -3.199732156540936700 ) ) ;
#4320 = VERTEX_POINT ( 'NONE', #6047 ) ;
#4321 = CIRCLE ( 'NONE', #6057, 3.946090011793464700 ) ;
#4322 = ORIENTED_EDGE ( 'NONE', *, *, #987, .F. ) ;
#4323 = ORIENTED_EDGE ( 'NONE', *, *, #2190, .T. ) ;
#4324 = CARTESIAN_POINT ( 'NONE',  ( 5.538652443235258200, -2.895829607045985500, -15.00000000000000000 ) ) ;
#4325 = DIRECTION ( 'NONE',  ( -0.0000000000000000000, -0.0000000000000000000, -1.000000000000000000 ) ) ;
#4326 = CARTESIAN_POINT ( 'NONE',  ( -7.914448380790332700, 0.6238812609827166800, -15.00000000000000000 ) ) ;
#4327 = CARTESIAN_POINT ( 'NONE',  ( 3.411405546988623100, 6.219449173660754200, -15.00000000000000000 ) ) ;
#4328 = ORIENTED_EDGE ( 'NONE', *, *, #5485, .F. ) ;
#4329 = EDGE_CURVE ( 'NONE', #1792, #4174, #5758, .T. ) ;
#4330 = TOROIDAL_SURFACE ( 'NONE', #5336, 30.45371781153436800, 0.3926990816987236400 ) ;
#4331 = ORIENTED_EDGE ( 'NONE', *, *, #1828, .F. ) ;
#4332 = ORIENTED_EDGE ( 'NONE', *, *, #6627, .F. ) ;
#4333 = AXIS2_PLACEMENT_3D ( 'NONE', #1736, #4325, #5470 ) ;
#4334 = CARTESIAN_POINT ( 'NONE',  ( -6.916694423007370100, 4.940580761280888700, 6.594685079528111300 ) ) ;
#4335 = LINE ( 'NONE', #1415, #156 ) ;
#4336 = LINE ( 'NONE', #362, #2168 ) ;
#4337 = CONICAL_SURFACE ( 'NONE', #6584, 1.437499999999987300, 0.7853981633974749200 ) ;
#4338 = DIRECTION ( 'NONE',  ( 0.5877852522924689200, -0.8090169943749504500, 0.0000000000000000000 ) ) ;
#4339 = EDGE_CURVE ( 'NONE', #2069, #1949, #4424, .T. ) ;
#4340 = ADVANCED_FACE ( 'NONE', ( #1154 ), #3233, .F. ) ;
#4341 = EDGE_CURVE ( 'NONE', #5245, #4403, #4152, .T. ) ;
#4342 = ORIENTED_EDGE ( 'NONE', *, *, #4934, .T. ) ;
#4343 = FACE_OUTER_BOUND ( 'NONE', #2184, .T. ) ;
#4344 = AXIS2_PLACEMENT_3D ( 'NONE', #6377, #1525, #5914 ) ;
#4345 = CARTESIAN_POINT ( 'NONE',  ( 6.512748106201565100, -5.463132174927504400, -0.5145885057583909900 ) ) ;
#4346 = DIRECTION ( 'NONE',  ( 1.000000000000000000, 0.0000000000000000000, 0.0000000000000000000 ) ) ;
#4347 = CYLINDRICAL_SURFACE ( 'NONE', #1553, 3.946090011793464700 ) ;
#4348 = CIRCLE ( 'NONE', #2193, 0.3926990816987240300 ) ;
#4349 = DIRECTION ( 'NONE',  ( 0.4067366430758010400, 0.9135454576426004200, 0.0000000000000000000 ) ) ;
#4350 = VERTEX_POINT ( 'NONE', #224 ) ;
#4351 = LINE ( 'NONE', #6224, #2996 ) ;
#4352 = CIRCLE ( 'NONE', #5631, 3.450000000000000200 ) ;
#4353 = CARTESIAN_POINT ( 'NONE',  ( -4.634573791032195800, -7.125357940173358000, 5.729814788964858100 ) ) ;
#4354 = CARTESIAN_POINT ( 'NONE',  ( 8.171762788938858400, -2.341791809600170200, -0.5151055725654080100 ) ) ;
#4355 = EDGE_CURVE ( 'NONE', #6455, #2557, #4072, .T. ) ;
#4356 = DIRECTION ( 'NONE',  ( -0.2079116908177664200, -0.9781476007338041300, 0.0000000000000000000 ) ) ;
#4357 = VERTEX_POINT ( 'NONE', #2411 ) ;
#4358 = AXIS2_PLACEMENT_3D ( 'NONE', #929, #5746, #2534 ) ;
#4359 = CARTESIAN_POINT ( 'NONE',  ( 8.490143297230154900, 0.4122740537797730000, 6.059870101993845500 ) ) ;
#4360 = CARTESIAN_POINT ( 'NONE',  ( -2.043761957265942900, -6.792810382441618200, -15.00000000000000000 ) ) ;
#4361 = ORIENTED_EDGE ( 'NONE', *, *, #2064, .F. ) ;
#4362 = DIRECTION ( 'NONE',  ( 1.000000000000000000, 0.0000000000000000000, 0.0000000000000000000 ) ) ;
#4363 = CARTESIAN_POINT ( 'NONE',  ( 5.726245996640192200, 2.474487587551143600, -15.00000000000000000 ) ) ;
#4364 = CARTESIAN_POINT ( 'NONE',  ( 7.570769360115737500, -3.864382395163143100, 5.729814788964839400 ) ) ;
#4365 = DIRECTION ( 'NONE',  ( -0.6691306063588671200, -0.7431448254773862500, 0.0000000000000000000 ) ) ;
#4366 = CARTESIAN_POINT ( 'NONE',  ( 0.0000000000000000000, 0.0000000000000000000, -14.43900000000000000 ) ) ;
#4367 = CARTESIAN_POINT ( 'NONE',  ( 7.792752554573207000, 3.394555585521097400, 6.594685079528067800 ) ) ;
#4368 = CARTESIAN_POINT ( 'NONE',  ( 7.064380123506982300, 4.727000472871792700, -15.00000000000000000 ) ) ;
#4369 = CARTESIAN_POINT ( 'NONE',  ( -3.661195444389582200, 5.439417188801160200, -15.00000000000000000 ) ) ;
#4370 = EDGE_CURVE ( 'NONE', #5899, #1291, #6844, .T. ) ;
#4371 = AXIS2_PLACEMENT_3D ( 'NONE', #1606, #4268, #1034 ) ;
#4372 = CARTESIAN_POINT ( 'NONE',  ( 3.416927169439190500, 7.166053985196340300, -15.00000000000000000 ) ) ;
#4373 = CARTESIAN_POINT ( 'NONE',  ( 0.0000000000000000000, 0.0000000000000000000, -14.43900000000000000 ) ) ;
#4374 = DIRECTION ( 'NONE',  ( -0.0000000000000000000, 1.000000000000000000, -0.0000000000000000000 ) ) ;
#4375 = EDGE_CURVE ( 'NONE', #5153, #6005, #6030, .T. ) ;
#4376 = ORIENTED_EDGE ( 'NONE', *, *, #4430, .T. ) ;
#4377 = CARTESIAN_POINT ( 'NONE',  ( 5.432619745737896200, -6.537374951359670800, 6.299858199843905400 ) ) ;
#4378 = EDGE_CURVE ( 'NONE', #6024, #1788, #150, .T. ) ;
#4379 = CARTESIAN_POINT ( 'NONE',  ( -2.936742409106880600, -7.976562168161992300, -4.098238087812583300 ) ) ;
#4380 = DIRECTION ( 'NONE',  ( -0.0000000000000000000, -0.0000000000000000000, 1.000000000000000000 ) ) ;
#4381 = AXIS2_PLACEMENT_3D ( 'NONE', #2265, #4290, #2754 ) ;
#4382 = EDGE_LOOP ( 'NONE', ( #5404, #1377, #3641, #5446, #2975 ) ) ;
#4383 = CARTESIAN_POINT ( 'NONE',  ( -0.7612021176880666700, -6.586866130225319100, -15.00000000000000000 ) ) ;
#4384 = CARTESIAN_POINT ( 'NONE',  ( 1.154700538379252100, 6.499999999999993800, 11.00000000000000000 ) ) ;
#4385 = CARTESIAN_POINT ( 'NONE',  ( 8.488027882756682600, -0.4509796686607173100, 5.729814788946980800 ) ) ;
#4386 = DIRECTION ( 'NONE',  ( 0.0000000000000000000, -0.0000000000000000000, -1.000000000000000000 ) ) ;
#4387 = ORIENTED_EDGE ( 'NONE', *, *, #1020, .F. ) ;
#4388 = CYLINDRICAL_SURFACE ( 'NONE', #3315, 0.3926990816987240300 ) ;
#4389 = ORIENTED_EDGE ( 'NONE', *, *, #5365, .T. ) ;
#4390 = DIRECTION ( 'NONE',  ( 0.0000000000000000000, 0.0000000000000000000, 1.000000000000000000 ) ) ;
#4391 = AXIS2_PLACEMENT_3D ( 'NONE', #4373, #4396, #1714 ) ;
#4392 = CARTESIAN_POINT ( 'NONE',  ( -8.328230005728579900, -1.700172041789324500, 6.594685079528090000 ) ) ;
#4393 = CARTESIAN_POINT ( 'NONE',  ( -5.006092110488722800, -3.721830707633685600, -5.000000000000004400 ) ) ;
#4394 = LINE ( 'NONE', #2035, #117 ) ;
#4395 = LINE ( 'NONE', #1690, #2223 ) ;
#4396 = DIRECTION ( 'NONE',  ( -0.0000000000000000000, -0.0000000000000000000, 1.000000000000000000 ) ) ;
#4397 = DIRECTION ( 'NONE',  ( -0.8660254037844384900, 0.0000000000000000000, -0.5000000000000003300 ) ) ;
#4398 = ORIENTED_EDGE ( 'NONE', *, *, #4031, .F. ) ;
#4399 = VERTEX_POINT ( 'NONE', #2917 ) ;
#4400 = EDGE_LOOP ( 'NONE', ( #2566, #582, #3897, #313 ) ) ;
#4401 = FACE_OUTER_BOUND ( 'NONE', #3986, .T. ) ;
#4402 = DIRECTION ( 'NONE',  ( 1.000000000000000000, 0.0000000000000000000, 0.0000000000000000000 ) ) ;
#4403 = VERTEX_POINT ( 'NONE', #1891 ) ;
#4404 = DIRECTION ( 'NONE',  ( -0.8090169943749425700, 0.5877852522924796900, 0.0000000000000000000 ) ) ;
#4405 = ORIENTED_EDGE ( 'NONE', *, *, #5096, .F. ) ;
#4406 = DIRECTION ( 'NONE',  ( 1.000000000000000000, -1.758422611539355400E-015, 0.0000000000000000000 ) ) ;
#4407 = ORIENTED_EDGE ( 'NONE', *, *, #331, .F. ) ;
#4408 = CIRCLE ( 'NONE', #1032, 0.3926990816987240300 ) ;
#4409 = CARTESIAN_POINT ( 'NONE',  ( 6.301045862607418600, -5.709082698609193200, 2.161438748475923900 ) ) ;
#4410 = ORIENTED_EDGE ( 'NONE', *, *, #5629, .T. ) ;
#4411 = ORIENTED_EDGE ( 'NONE', *, *, #5154, .F. ) ;
#4412 = CARTESIAN_POINT ( 'NONE',  ( 3.962676671438605200, 7.519786805326789100, -5.000000000000004400 ) ) ;
#4413 = EDGE_CURVE ( 'NONE', #5590, #1387, #1586, .T. ) ;
#4414 = CARTESIAN_POINT ( 'NONE',  ( -7.625892554961581000, -3.754432412510870800, -5.000000000000004400 ) ) ;
#4415 = VERTEX_POINT ( 'NONE', #782 ) ;
#4416 = LINE ( 'NONE', #698, #2486 ) ;
#4417 = ORIENTED_EDGE ( 'NONE', *, *, #10, .T. ) ;
#4418 = VERTEX_POINT ( 'NONE', #1871 ) ;
#4419 = DIRECTION ( 'NONE',  ( 0.0000000000000000000, -0.0000000000000000000, 1.000000000000000000 ) ) ;
#4420 = EDGE_CURVE ( 'NONE', #3593, #1864, #1758, .T. ) ;
#4421 = CIRCLE ( 'NONE', #121, 7.939000000000005400 ) ;
#4422 = ORIENTED_EDGE ( 'NONE', *, *, #4084, .T. ) ;
#4423 = CONICAL_SURFACE ( 'NONE', #200, 1.312500000000006400, 0.8552113334772273300 ) ;
#4424 = CIRCLE ( 'NONE', #5377, 3.946090011793464700 ) ;
#4425 = AXIS2_PLACEMENT_3D ( 'NONE', #4094, #6199, #1394 ) ;
#4426 = ORIENTED_EDGE ( 'NONE', *, *, #1924, .T. ) ;
#4427 = DIRECTION ( 'NONE',  ( 0.0000000000000000000, 0.0000000000000000000, 1.000000000000000000 ) ) ;
#4428 = CARTESIAN_POINT ( 'NONE',  ( 24.86500288464893800, 27.51298606842441400, -5.000000000000000900 ) ) ;
#4429 = CYLINDRICAL_SURFACE ( 'NONE', #5818, 3.946090011793464700 ) ;
#4430 = EDGE_CURVE ( 'NONE', #2259, #6821, #6937, .T. ) ;
#4431 = FACE_OUTER_BOUND ( 'NONE', #1602, .T. ) ;
#4432 = DIRECTION ( 'NONE',  ( 1.000000000000000000, 0.0000000000000000000, 0.0000000000000000000 ) ) ;
#4433 = ORIENTED_EDGE ( 'NONE', *, *, #6768, .T. ) ;
#4434 = ORIENTED_EDGE ( 'NONE', *, *, #4869, .F. ) ;
#4435 = AXIS2_PLACEMENT_3D ( 'NONE', #3192, #2232, #4362 ) ;
#4436 = DIRECTION ( 'NONE',  ( 1.000000000000000000, 0.0000000000000000000, 0.0000000000000000000 ) ) ;
#4437 = DIRECTION ( 'NONE',  ( -0.0000000000000000000, -0.0000000000000000000, -1.000000000000000000 ) ) ;
#4438 = CARTESIAN_POINT ( 'NONE',  ( -2.339275608533188900, 6.696792176639188900, -15.00000000000000000 ) ) ;
#4439 = FACE_OUTER_BOUND ( 'NONE', #1041, .T. ) ;
#4440 = CARTESIAN_POINT ( 'NONE',  ( -6.863288226243947000, 5.014714387719704000, 6.595592633140118900 ) ) ;
#4441 = ORIENTED_EDGE ( 'NONE', *, *, #6572, .T. ) ;
#4442 = DIRECTION ( 'NONE',  ( -0.0000000000000000000, -0.0000000000000000000, 1.000000000000000000 ) ) ;
#4443 = CARTESIAN_POINT ( 'NONE',  ( -2.184768287610744600, 8.214425575136123900, 10.99999999999999800 ) ) ;
#4444 = AXIS2_PLACEMENT_3D ( 'NONE', #1022, #4245, #6469 ) ;
#4445 = CARTESIAN_POINT ( 'NONE',  ( 8.417443982469205100, 1.186745989297176300, -0.5358661633156748300 ) ) ;
#4446 = EDGE_CURVE ( 'NONE', #4350, #5517, #6091, .T. ) ;
#4447 = ORIENTED_EDGE ( 'NONE', *, *, #3107, .F. ) ;
#4448 = DIRECTION ( 'NONE',  ( 0.2079116908177532400, -0.9781476007338069100, 0.0000000000000000000 ) ) ;
#4449 = CARTESIAN_POINT ( 'NONE',  ( -0.9566049056668989300, -8.445999470427040000, 6.594685079528073100 ) ) ;
#4450 = CARTESIAN_POINT ( 'NONE',  ( 5.636507181857934000, -6.362372732626083000, 6.594685079528088200 ) ) ;
#4451 = CARTESIAN_POINT ( 'NONE',  ( 1.891698196200747100, 2.329282327505954900, 11.66193281293337900 ) ) ;
#4452 = ORIENTED_EDGE ( 'NONE', *, *, #5915, .F. ) ;
#4453 = VERTEX_POINT ( 'NONE', #5635 ) ;
#4454 = DIRECTION ( 'NONE',  ( 0.9945218953682742900, 0.1045284632676436500, 0.0000000000000000000 ) ) ;
#4455 = EDGE_CURVE ( 'NONE', #1801, #1473, #6518, .T. ) ;
#4456 = AXIS2_PLACEMENT_3D ( 'NONE', #5364, #721, #4467 ) ;
#4457 = CARTESIAN_POINT ( 'NONE',  ( 1.983727081235677300, -6.327010427417869600, -15.00000000000000000 ) ) ;
#4458 = CARTESIAN_POINT ( 'NONE',  ( 0.1454321987758499200, 8.500120673860161300, 13.47087860558613800 ) ) ;
#4459 = B_SPLINE_CURVE_WITH_KNOTS ( 'NONE', 3,
 ( #6594, #1261, #2336, #3483 ),
 .UNSPECIFIED., .F., .F.,
 ( 4, 4 ),
 ( 3.252606517456513300E-019, 0.0001370343569984957200 ),
 .UNSPECIFIED. ) ;
#4460 = EDGE_LOOP ( 'NONE', ( #2398, #2454, #5508, #1417 ) ) ;
#4461 = DIRECTION ( 'NONE',  ( -0.0000000000000000000, -0.0000000000000000000, -1.000000000000000000 ) ) ;
#4462 = CARTESIAN_POINT ( 'NONE',  ( 6.237650794268061500, 0.06851717849924807100, -5.000000000000000900 ) ) ;
#4463 = EDGE_CURVE ( 'NONE', #5657, #6636, #3106, .T. ) ;
#4464 = EDGE_CURVE ( 'NONE', #2131, #3627, #3225, .T. ) ;
#4465 = COORDINATED_UNIVERSAL_TIME_OFFSET ( 6, 0, .BEHIND. ) ;
#4466 = ORIENTED_EDGE ( 'NONE', *, *, #3612, .F. ) ;
#4467 = DIRECTION ( 'NONE',  ( -0.9135454576426005300, 0.4067366430758011500, -1.124748771943986500E-016 ) ) ;
#4468 = CARTESIAN_POINT ( 'NONE',  ( 6.678658115143292700, -5.257901271511407500, -15.00000000000000000 ) ) ;
#4469 = AXIS2_PLACEMENT_3D ( 'NONE', #2731, #6454, #1666 ) ;
#4470 = LINE ( 'NONE', #4655, #2298 ) ;
#4471 = VECTOR ( 'NONE', #6560, 1000.000000000000000 ) ;
#4472 = VERTEX_POINT ( 'NONE', #2800 ) ;
#4473 = CARTESIAN_POINT ( 'NONE',  ( -2.339275608533276900, -6.696792176639157800, -15.00000000000000000 ) ) ;
#4474 = EDGE_CURVE ( 'NONE', #2227, #5457, #6888, .T. ) ;
#4475 = DIRECTION ( 'NONE',  ( 1.000000000000000000, 0.0000000000000000000, 0.0000000000000000000 ) ) ;
#4476 = DIRECTION ( 'NONE',  ( -1.224646799147353900E-016, 1.000000000000000000, -0.0000000000000000000 ) ) ;
#4477 = ORIENTED_EDGE ( 'NONE', *, *, #527, .T. ) ;
#4478 = CIRCLE ( 'NONE', #2519, 3.946090011793464700 ) ;
#4479 = AXIS2_PLACEMENT_3D ( 'NONE', #742, #4442, #5020 ) ;
#4480 = VERTEX_POINT ( 'NONE', #2937 ) ;
#4481 = ORIENTED_EDGE ( 'NONE', *, *, #2521, .F. ) ;
#4482 = CARTESIAN_POINT ( 'NONE',  ( -1.335749665606483600, 8.394389366167875000, 5.729814788947096300 ) ) ;
#4483 = DIRECTION ( 'NONE',  ( 0.1045284632676436600, -0.9945218953682744000, -7.951507867083299300E-016 ) ) ;
#4484 = ORIENTED_EDGE ( 'NONE', *, *, #4625, .T. ) ;
#4485 = VECTOR ( 'NONE', #2445, 1000.000000000000000 ) ;
#4486 = EDGE_LOOP ( 'NONE', ( #640, #307, #6398, #819 ) ) ;
#4487 = VERTEX_POINT ( 'NONE', #5427 ) ;
#4488 = DIRECTION ( 'NONE',  ( 0.0000000000000000000, -0.0000000000000000000, 1.000000000000000000 ) ) ;
#4489 = ORIENTED_EDGE ( 'NONE', *, *, #4132, .T. ) ;
#4490 = TOROIDAL_SURFACE ( 'NONE', #1260, 31.43791576719764100, 3.946090011793464700 ) ;
#4491 = CARTESIAN_POINT ( 'NONE',  ( 6.904627332918094500, 1.626455416940325400, -5.000000000000000900 ) ) ;
#4492 = ADVANCED_FACE ( 'NONE', ( #723 ), #1066, .T. ) ;
#4493 = ORIENTED_EDGE ( 'NONE', *, *, #3595, .T. ) ;
#4494 = CARTESIAN_POINT ( 'NONE',  ( -0.6249184492352617400, 6.601190120977251200, -15.00000000000000000 ) ) ;
#4495 = ORIENTED_EDGE ( 'NONE', *, *, #6878, .F. ) ;
#4496 = VECTOR ( 'NONE', #4527, 1000.000000000000100 ) ;
#4497 = DIRECTION ( 'NONE',  ( 1.000000000000000000, 0.0000000000000000000, 0.0000000000000000000 ) ) ;
#4498 = LINE ( 'NONE', #643, #1153 ) ;
#4499 = EDGE_CURVE ( 'NONE', #5425, #3454, #5338, .T. ) ;
#4500 = CONICAL_SURFACE ( 'NONE', #4391, 8.500000000000003600, 0.7853981633974482800 ) ;
#4501 = DIRECTION ( 'NONE',  ( -0.0000000000000000000, 0.0000000000000000000, 1.000000000000000000 ) ) ;
#4502 = CARTESIAN_POINT ( 'NONE',  ( -36.28793735641118400, -7.643191301550281500, -5.000000000000000900 ) ) ;
#4503 = VERTEX_POINT ( 'NONE', #2579 ) ;
#4504 = AXIS2_PLACEMENT_3D ( 'NONE', #6098, #3873, #6546 ) ;
#4505 = DIRECTION ( 'NONE',  ( 0.0000000000000000000, 0.0000000000000000000, -1.000000000000000000 ) ) ;
#4506 = VECTOR ( 'NONE', #2859, 1000.000000000000000 ) ;
#4507 = LINE ( 'NONE', #3489, #6441 ) ;
#4508 = CIRCLE ( 'NONE', #1248, 30.54279649802281000 ) ;
#4509 = CARTESIAN_POINT ( 'NONE',  ( 1.152133912032175900, 8.426062806887236100, 13.12331035989970700 ) ) ;
#4510 = B_SPLINE_CURVE_WITH_KNOTS ( 'NONE', 3,
 ( #100, #1163, #4896, #1705, #1634, #644, #5448, #6497, #6428, #5951, #5373, #2195, #1097, #3793, #3302, #6524, #606, #6471, #3273, #4832, #1661, #83, #5924, #1137, #585, #4927, #3779, #3227 ),
 .UNSPECIFIED., .F., .F.,
 ( 4, 2, 2, 2, 2, 2, 2, 2, 2, 2, 2, 2, 2, 4 ),
 ( 0.0000000000000000000, 0.0004039965906148608400, 0.0008079931812297217800, 0.001615986362459445500, 0.002019982953074307000, 0.002423979543689168500, 0.002827976134304030000, 0.003231972724918891500, 0.004039965906148614900, 0.004847959087378338700, 0.005251955677993202400, 0.005655952268608065200, 0.006059948859222929700, 0.006463945449837793300 ),
 .UNSPECIFIED. ) ;
#4511 = ORIENTED_EDGE ( 'NONE', *, *, #5469, .F. ) ;
#4512 = CARTESIAN_POINT ( 'NONE',  ( 8.458700058932864300, 0.8644710969643921700, 2.147723430823629700 ) ) ;
#4513 = EDGE_CURVE ( 'NONE', #3001, #3528, #1906, .T. ) ;
#4514 = CIRCLE ( 'NONE', #2589, 8.500000000000003600 ) ;
#4515 = AXIS2_PLACEMENT_3D ( 'NONE', #2998, #4089, #2004 ) ;
#4516 = TOROIDAL_SURFACE ( 'NONE', #381, 31.43791576719764800, 3.946090011793464700 ) ;
#4517 = ORIENTED_EDGE ( 'NONE', *, *, #429, .T. ) ;
#4518 = CARTESIAN_POINT ( 'NONE',  ( -3.374512555159401300, -5.707792839316600600, -15.00000000000000000 ) ) ;
#4519 = CARTESIAN_POINT ( 'NONE',  ( 3.962676671438608800, 7.519786805326787300, -15.00000000000000000 ) ) ;
#4520 = CARTESIAN_POINT ( 'NONE',  ( -2.312631089366764300, 8.179348228583027200, -5.000000000000020400 ) ) ;
#4521 = DIRECTION ( 'NONE',  ( 0.0000000000000000000, 0.0000000000000000000, 1.000000000000000000 ) ) ;
#4522 = ORIENTED_EDGE ( 'NONE', *, *, #5870, .F. ) ;
#4523 = AXIS2_PLACEMENT_3D ( 'NONE', #1351, #1299, #2436 ) ;
#4524 = CARTESIAN_POINT ( 'NONE',  ( 1.932680250227926600, 2.294777248259545200, 10.46829594073420500 ) ) ;
#4525 = ADVANCED_FACE ( 'NONE', ( #4746 ), #817, .F. ) ;
#4526 = CARTESIAN_POINT ( 'NONE',  ( 37.08406768750114700, 0.06851717849924807100, -5.000000000000000900 ) ) ;
#4527 = DIRECTION ( 'NONE',  ( -0.2079116908177532600, 0.9781476007338069100, 0.0000000000000000000 ) ) ;
#4528 = ORIENTED_EDGE ( 'NONE', *, *, #4474, .F. ) ;
#4529 = ADVANCED_FACE ( 'NONE', ( #482 ), #1817, .T. ) ;
#4530 = CARTESIAN_POINT ( 'NONE',  ( 7.489917141478120900, 4.020410942977706600, 3.943961585847843400 ) ) ;
#4531 = CARTESIAN_POINT ( 'NONE',  ( 6.458385067878407600, -5.241637228820080100, -14.62213448299353800 ) ) ;
#4532 = CC_DESIGN_PERSON_AND_ORGANIZATION_ASSIGNMENT ( #5395, #4636, ( #6318 ) ) ;
#4533 = DIRECTION ( 'NONE',  ( -0.0000000000000000000, -0.0000000000000000000, 1.000000000000000000 ) ) ;
#4534 = EDGE_CURVE ( 'NONE', #3490, #4258, #5822, .T. ) ;
#4535 = CARTESIAN_POINT ( 'NONE',  ( -8.171242454824740900, 2.345574334669226600, 3.944042357358035700 ) ) ;
#4536 = ORIENTED_EDGE ( 'NONE', *, *, #6797, .T. ) ;
#4537 = CARTESIAN_POINT ( 'NONE',  ( 5.670691164326272300, 6.332088706401210100, 6.595592633140108200 ) ) ;
#4538 = EDGE_CURVE ( 'NONE', #6413, #4320, #6022, .T. ) ;
#4539 = ORIENTED_EDGE ( 'NONE', *, *, #874, .T. ) ;
#4540 = CARTESIAN_POINT ( 'NONE',  ( 4.173803058223393600, -4.635477910895275500, -5.000000000000000900 ) ) ;
#4541 = COORDINATED_UNIVERSAL_TIME_OFFSET ( 6, 0, .BEHIND. ) ;
#4542 = DIRECTION ( 'NONE',  ( -0.0000000000000000000, -0.0000000000000000000, 1.000000000000000000 ) ) ;
#4543 = ORIENTED_EDGE ( 'NONE', *, *, #5250, .F. ) ;
#4544 = CARTESIAN_POINT ( 'NONE',  ( -4.456012453772342700, -7.238400607455372600, 6.484473745370503500 ) ) ;
#4545 = EDGE_CURVE ( 'NONE', #4487, #3645, #5849, .T. ) ;
#4546 = DIRECTION ( 'NONE',  ( 0.8090169943749504500, 0.5877852522924689200, 0.0000000000000000000 ) ) ;
#4547 = AXIS2_PLACEMENT_3D ( 'NONE', #3021, #6784, #1920 ) ;
#4548 = CARTESIAN_POINT ( 'NONE',  ( -0.8203212372141833700, -8.460323461178978400, 6.594685079528097100 ) ) ;
#4549 = VERTEX_POINT ( 'NONE', #4207 ) ;
#4550 = B_SPLINE_CURVE_WITH_KNOTS ( 'NONE', 3,
 ( #1081, #496, #3737, #1573, #5303, #5287, #2058, #4282, #6896, #6439 ),
 .UNSPECIFIED., .F., .F.,
 ( 4, 2, 2, 2, 4 ),
 ( 0.002737118909464366000, 0.002862745215830114900, 0.002988371522195863900, 0.003239624134927362700, 0.003742129360390363700 ),
 .UNSPECIFIED. ) ;
#4551 = CIRCLE ( 'NONE', #909, 0.3926990816987240300 ) ;
#4552 = DIRECTION ( 'NONE',  ( -0.0000000000000000000, -0.0000000000000000000, -1.000000000000000000 ) ) ;
#4553 = ORIENTED_EDGE ( 'NONE', *, *, #3337, .T. ) ;
#4554 = EDGE_CURVE ( 'NONE', #4131, #6218, #5224, .T. ) ;
#4555 = LINE ( 'NONE', #6499, #4892 ) ;
#4556 = DIRECTION ( 'NONE',  ( 0.0000000000000000000, -0.0000000000000000000, 1.000000000000000000 ) ) ;
#4557 = DIRECTION ( 'NONE',  ( -0.9135454576426005300, 0.4067366430758011000, 0.0000000000000000000 ) ) ;
#4558 = ORIENTED_EDGE ( 'NONE', *, *, #4813, .T. ) ;
#4559 = ORIENTED_EDGE ( 'NONE', *, *, #4375, .T. ) ;
#4560 = AXIS2_PLACEMENT_3D ( 'NONE', #4502, #6055, #5539 ) ;
#4561 = ADVANCED_FACE ( 'NONE', ( #1575 ), #3740, .F. ) ;
#4562 = ORIENTED_EDGE ( 'NONE', *, *, #4165, .F. ) ;
#4563 = VECTOR ( 'NONE', #6259, 1000.000000000000000 ) ;
#4564 = CARTESIAN_POINT ( 'NONE',  ( -1.132258180102180700, -6.458297209747802200, -15.00000000000000000 ) ) ;
#4565 = ORIENTED_EDGE ( 'NONE', *, *, #771, .F. ) ;
#4566 = VERTEX_POINT ( 'NONE', #3100 ) ;
#4567 = CARTESIAN_POINT ( 'NONE',  ( 7.611786486961197100, -2.255754303312973000, -15.00000000000000000 ) ) ;
#4568 = DIRECTION ( 'NONE',  ( -0.5000000000000040000, -0.8660254037844362700, 0.0000000000000000000 ) ) ;
#4569 = AXIS2_PLACEMENT_3D ( 'NONE', #3756, #5371, #50 ) ;
#4570 = ORIENTED_EDGE ( 'NONE', *, *, #61, .T. ) ;
#4571 = CARTESIAN_POINT ( 'NONE',  ( -27.47757008065703800, -25.27155363321326900, -5.000000000000000900 ) ) ;
#4572 = FACE_OUTER_BOUND ( 'NONE', #5650, .T. ) ;
#4573 = EDGE_LOOP ( 'NONE', ( #2875, #4745, #4946, #4059, #2863 ) ) ;
#4574 = ORIENTED_EDGE ( 'NONE', *, *, #3899, .T. ) ;
#4575 = CARTESIAN_POINT ( 'NONE',  ( -5.557078755425727000, -3.480012520356873500, -15.00000000000000000 ) ) ;
#4576 = DIRECTION ( 'NONE',  ( 1.000000000000000000, 0.0000000000000000000, 0.0000000000000000000 ) ) ;
#4577 = CARTESIAN_POINT ( 'NONE',  ( -5.006092110488671300, 3.721830707633753600, -15.00000000000000000 ) ) ;
#4578 = DIRECTION ( 'NONE',  ( -0.0000000000000000000, -0.0000000000000000000, 1.000000000000000000 ) ) ;
#4579 = ORIENTED_EDGE ( 'NONE', *, *, #1682, .F. ) ;
#4580 = CIRCLE ( 'NONE', #5882, 30.84641689323308700 ) ;
#4581 = VERTEX_POINT ( 'NONE', #1035 ) ;
#4582 = ORIENTED_EDGE ( 'NONE', *, *, #1776, .F. ) ;
#4583 = CARTESIAN_POINT ( 'NONE',  ( 2.104861686034506900E-016, 8.499999999999987600, 12.43749999999998800 ) ) ;
#4584 = CARTESIAN_POINT ( 'NONE',  ( -3.450000000000000200, 0.0000000000000000000, -15.00000000000000000 ) ) ;
#4585 = CIRCLE ( 'NONE', #6013, 3.946090011793465200 ) ;
#4586 = VERTEX_POINT ( 'NONE', #4269 ) ;
#4587 = CIRCLE ( 'NONE', #6482, 2.000000000000000000 ) ;
#4588 = CIRCLE ( 'NONE', #4150, 0.3926990816987240300 ) ;
#4589 = VERTEX_POINT ( 'NONE', #5313 ) ;
#4590 = CARTESIAN_POINT ( 'NONE',  ( -6.492092665173081500, -0.9188820722216889400, -15.00000000000000000 ) ) ;
#4591 = EDGE_CURVE ( 'NONE', #5575, #5654, #392, .T. ) ;
#4592 = TOROIDAL_SURFACE ( 'NONE', #1656, 31.43791576719764100, 3.946090011793464700 ) ;
#4593 = FACE_OUTER_BOUND ( 'NONE', #4922, .T. ) ;
#4594 = CARTESIAN_POINT ( 'NONE',  ( -4.860865375652204000, -5.166354965501279000, -15.00000000000000000 ) ) ;
#4595 = AXIS2_PLACEMENT_3D ( 'NONE', #2717, #93, #1126 ) ;
#4596 = CARTESIAN_POINT ( 'NONE',  ( -2.936742409107979200, 7.976562168157237800, -15.00000000000000000 ) ) ;
#4597 = VERTEX_POINT ( 'NONE', #1551 ) ;
#4598 = ORIENTED_EDGE ( 'NONE', *, *, #6370, .T. ) ;
#4599 = CARTESIAN_POINT ( 'NONE',  ( 0.5867961629528896100, 7.069293181989124300, -15.00000000000000000 ) ) ;
#4600 = CARTESIAN_POINT ( 'NONE',  ( 5.828789400926357400, 4.042826974954866900, -15.00000000000000000 ) ) ;
#4601 = B_SPLINE_CURVE_WITH_KNOTS ( 'NONE', 3,
 ( #3877, #5451, #2785, #4933 ),
 .UNSPECIFIED., .F., .F.,
 ( 4, 4 ),
 ( 3.049561170375645300E-007, 0.0008591940216922223200 ),
 .UNSPECIFIED. ) ;
#4602 = CYLINDRICAL_SURFACE ( 'NONE', #1734, 3.946090011793464700 ) ;
#4603 = CARTESIAN_POINT ( 'NONE',  ( 7.937629273162619000, 3.040401539571967700, 5.729814788946908900 ) ) ;
#4604 = CARTESIAN_POINT ( 'NONE',  ( 1.862376391315413900, 5.953531406825148600, -5.000000000000004400 ) ) ;
#4605 = ORIENTED_EDGE ( 'NONE', *, *, #295, .T. ) ;
#4606 = AXIS2_PLACEMENT_3D ( 'NONE', #1977, #4612, #6253 ) ;
#4607 = CARTESIAN_POINT ( 'NONE',  ( -0.7390312429300003300, 8.467871274803462400, 6.573242053810505900 ) ) ;
#4608 = AXIS2_PLACEMENT_3D ( 'NONE', #4518, #6720, #820 ) ;
#4609 = DIRECTION ( 'NONE',  ( -0.9135454576426060800, -0.4067366430757888300, 0.0000000000000000000 ) ) ;
#4610 = CARTESIAN_POINT ( 'NONE',  ( 4.487488219535122400, 4.881463260234145500, -15.00000000000000000 ) ) ;
#4611 = CARTESIAN_POINT ( 'NONE',  ( 8.500000000000000000, -3.683702917086680500E-018, 6.595365866909439500 ) ) ;
#4612 = DIRECTION ( 'NONE',  ( -0.0000000000000000000, -0.0000000000000000000, 1.000000000000000000 ) ) ;
#4613 = MECHANICAL_CONTEXT ( 'NONE', #4067, 'mechanical' ) ;
#4614 = CARTESIAN_POINT ( 'NONE',  ( 7.320648564970911200, 4.320857160803781100, 1.269767723372746200 ) ) ;
#4615 = DIRECTION ( 'NONE',  ( 0.8090169943749425700, -0.5877852522924799100, -3.407789085892846600E-016 ) ) ;
#4616 = VERTEX_POINT ( 'NONE', #2116 ) ;
#4617 = EDGE_CURVE ( 'NONE', #5318, #5072, #5161, .T. ) ;
#4618 = CARTESIAN_POINT ( 'NONE',  ( -7.914448380790339900, -0.6238812609826111000, -15.00000000000000000 ) ) ;
#4619 = AXIS2_PLACEMENT_3D ( 'NONE', #803, #5063, #3431 ) ;
#4620 = DIRECTION ( 'NONE',  ( -0.9945218953682744000, -0.1045284632676436500, 0.0000000000000000000 ) ) ;
#4621 = VERTEX_POINT ( 'NONE', #6345 ) ;
#4622 = CARTESIAN_POINT ( 'NONE',  ( -8.208780163052043800, 2.205884909694119300, 5.729814788967816600 ) ) ;
#4623 = DIRECTION ( 'NONE',  ( 0.1045284632676570800, 0.9945218953682729600, -3.374246315831958900E-016 ) ) ;
#4624 = DIRECTION ( 'NONE',  ( -1.000000000000000000, 0.0000000000000000000, -3.407789085892846600E-016 ) ) ;
#4625 = EDGE_CURVE ( 'NONE', #1548, #5363, #4732, .T. ) ;
#4626 = EDGE_LOOP ( 'NONE', ( #5261, #1687, #921 ) ) ;
#4627 = CARTESIAN_POINT ( 'NONE',  ( -7.015215230906825600, 4.799713514615539200, 6.483719981021280900 ) ) ;
#4628 = DIRECTION ( 'NONE',  ( -0.0000000000000000000, 0.0000000000000000000, 1.000000000000000000 ) ) ;
#4629 = DIRECTION ( 'NONE',  ( -0.0000000000000000000, -0.0000000000000000000, -1.000000000000000000 ) ) ;
#4630 = DIRECTION ( 'NONE',  ( 0.0000000000000000000, 0.0000000000000000000, 1.000000000000000000 ) ) ;
#4631 = VERTEX_POINT ( 'NONE', #2625 ) ;
#4632 = TOROIDAL_SURFACE ( 'NONE', #1409, 30.45371781153436100, 0.3926990816987236400 ) ;
#4633 = VECTOR ( 'NONE', #3874, 999.9999999999998900 ) ;
#4634 = ORIENTED_EDGE ( 'NONE', *, *, #248, .T. ) ;
#4635 = EDGE_CURVE ( 'NONE', #802, #143, #6927, .T. ) ;
#4636 = PERSON_AND_ORGANIZATION_ROLE ( 'design_owner' ) ;
#4637 = AXIS2_PLACEMENT_3D ( 'NONE', #1704, #6470, #2781 ) ;
#4638 = CARTESIAN_POINT ( 'NONE',  ( -8.299738960864905500, -1.834211869305508300, 6.594685079528098900 ) ) ;
#4639 = CARTESIAN_POINT ( 'NONE',  ( -2.312631089370583500, 8.179348228586226500, -4.099145813662891800 ) ) ;
#4640 = B_SPLINE_CURVE_WITH_KNOTS ( 'NONE', 3,
 ( #5576, #1787, #1269, #144, #3868, #6051, #6543, #684 ),
 .UNSPECIFIED., .F., .F.,
 ( 4, 2, 2, 4 ),
 ( 0.009648835120148137700, 0.01506841981834183800, 0.01777821216743868900, 0.02048800451653554100 ),
 .UNSPECIFIED. ) ;
#4641 = DIRECTION ( 'NONE',  ( -0.3090169943749449000, 0.9510565162951543100, 0.0000000000000000000 ) ) ;
#4642 = ORIENTED_EDGE ( 'NONE', *, *, #2481, .T. ) ;
#4643 = VECTOR ( 'NONE', #5015, 1000.000000000000200 ) ;
#4644 = EDGE_LOOP ( 'NONE', ( #711, #487, #3730, #3697 ) ) ;
#4645 = EDGE_LOOP ( 'NONE', ( #5669, #3741, #3343, #2430 ) ) ;
#4646 = ADVANCED_FACE ( 'NONE', ( #5082 ), #6247, .T. ) ;
#4647 = ORIENTED_EDGE ( 'NONE', *, *, #4666, .F. ) ;
#4648 = VECTOR ( 'NONE', #6078, 1000.000000000000200 ) ;
#4649 = DIRECTION ( 'NONE',  ( -0.9510565162951503100, 0.3090169943749573900, 0.0000000000000000000 ) ) ;
#4650 = ADVANCED_BREP_SHAPE_REPRESENTATION ( '2664N11_NO THREADS_Metal Gear - 20 Degree Pressure Angle', ( #6042, #4033, #4760 ), #1178 ) ;
#4651 = AXIS2_PLACEMENT_3D ( 'NONE', #658, #6026, #2833 ) ;
#4652 = VERTEX_POINT ( 'NONE', #15 ) ;
#4653 = ORIENTED_EDGE ( 'NONE', *, *, #4463, .T. ) ;
#4654 = ORIENTED_EDGE ( 'NONE', *, *, #5585, .T. ) ;
#4655 = CARTESIAN_POINT ( 'NONE',  ( 8.376276677044053500, 1.444987553419920400, -15.00000000000000000 ) ) ;
#4656 = VERTEX_POINT ( 'NONE', #5842 ) ;
#4657 = FACE_OUTER_BOUND ( 'NONE', #5586, .T. ) ;
#4658 = ORIENTED_EDGE ( 'NONE', *, *, #6212, .F. ) ;
#4659 = CARTESIAN_POINT ( 'NONE',  ( 0.6632029818106784900, 2.928426303792046200, 12.89136020054962600 ) ) ;
#4660 = CARTESIAN_POINT ( 'NONE',  ( -7.483963737787849600, -2.649152274120270900, -15.00000000000000000 ) ) ;
#4661 = ORIENTED_EDGE ( 'NONE', *, *, #6370, .F. ) ;
#4662 = CARTESIAN_POINT ( 'NONE',  ( -8.418832458869534500, -1.180754946834395400, 3.944042357362815400 ) ) ;
#4663 = AXIS2_PLACEMENT_3D ( 'NONE', #4252, #2710, #532 ) ;
#4664 = CIRCLE ( 'NONE', #1465, 30.54279649802282000 ) ;
#4665 = VECTOR ( 'NONE', #5991, 1000.000000000000100 ) ;
#4666 = EDGE_CURVE ( 'NONE', #53, #6384, #6356, .T. ) ;
#4667 = VECTOR ( 'NONE', #2700, 1000.000000000000100 ) ;
#4668 = CARTESIAN_POINT ( 'NONE',  ( -3.183205701320142900, 7.882189360937847100, -0.5144932263129107200 ) ) ;
#4669 = DIRECTION ( 'NONE',  ( -0.0000000000000000000, 0.0000000000000000000, 1.000000000000000000 ) ) ;
#4670 = ORIENTED_EDGE ( 'NONE', *, *, #2812, .F. ) ;
#4671 = CARTESIAN_POINT ( 'NONE',  ( 6.244200872083514900, 5.207337857100641000, -14.80898907419378800 ) ) ;
#4672 = CYLINDRICAL_SURFACE ( 'NONE', #2453, 0.3926990816987240300 ) ;
#4673 = LINE ( 'NONE', #1712, #2506 ) ;
#4674 = CIRCLE ( 'NONE', #2055, 3.946090011793464700 ) ;
#4675 = ORIENTED_EDGE ( 'NONE', *, *, #3099, .F. ) ;
#4676 = DIRECTION ( 'NONE',  ( -0.0000000000000000000, -0.0000000000000000000, 1.000000000000000000 ) ) ;
#4677 = DIRECTION ( 'NONE',  ( 0.9781476007338070200, 0.2079116908177532900, 0.0000000000000000000 ) ) ;
#4678 = CIRCLE ( 'NONE', #3514, 7.939000000000005400 ) ;
#4679 = VECTOR ( 'NONE', #5941, 1000.000000000000000 ) ;
#4680 = ORIENTED_EDGE ( 'NONE', *, *, #5789, .F. ) ;
#4681 = EDGE_CURVE ( 'NONE', #6215, #2770, #4580, .T. ) ;
#4682 = DIRECTION ( 'NONE',  ( 1.000000000000000000, 0.0000000000000000000, 0.0000000000000000000 ) ) ;
#4683 = CARTESIAN_POINT ( 'NONE',  ( 8.494573381036964600, 0.3069186105304293500, 6.376893051014962000 ) ) ;
#4684 = CARTESIAN_POINT ( 'NONE',  ( 4.385651846219069200, 4.973157142624546400, -5.000000000000000900 ) ) ;
#4685 = ADVANCED_FACE ( 'NONE', ( #4828 ), #141, .F. ) ;
#4686 = EDGE_LOOP ( 'NONE', ( #377, #2476, #3103, #4984 ) ) ;
#4687 = CARTESIAN_POINT ( 'NONE',  ( -3.094418017254876300, 7.917003213622273000, -1.407857104188694300 ) ) ;
#4688 = B_SPLINE_CURVE_WITH_KNOTS ( 'NONE', 3,
 ( #3276, #1727, #4319, #4877, #2784, #85, #3822, #5450 ),
 .UNSPECIFIED., .F., .F.,
 ( 4, 2, 2, 4 ),
 ( 1.992342074542455600E-007, 0.002695036964427137600, 0.005389874694646820300, 0.01077955015508618900 ),
 .UNSPECIFIED. ) ;
#4689 = EDGE_CURVE ( 'NONE', #36, #5927, #3602, .T. ) ;
#4690 = CARTESIAN_POINT ( 'NONE',  ( -1.154700538379251900, 6.499999999999993800, 11.00000000000000000 ) ) ;
#4691 = CARTESIAN_POINT ( 'NONE',  ( 8.417751497693259900, -1.184548043757536400, -0.5162395583212720000 ) ) ;
#4692 = VERTEX_POINT ( 'NONE', #6486 ) ;
#4693 = AXIS2_PLACEMENT_3D ( 'NONE', #3319, #4380, #3269 ) ;
#4694 = CARTESIAN_POINT ( 'NONE',  ( 6.116948187700421300, 5.903716379025816300, 3.944042357361258900 ) ) ;
#4695 = DIRECTION ( 'NONE',  ( 1.000000000000000000, 0.0000000000000000000, 0.0000000000000000000 ) ) ;
#4696 = EDGE_CURVE ( 'NONE', #5, #3464, #4139, .T. ) ;
#4697 = AXIS2_PLACEMENT_3D ( 'NONE', #2347, #2261, #6555 ) ;
#4698 = CARTESIAN_POINT ( 'NONE',  ( -7.000704361182087600, 4.820909170877960100, 6.517617177013191200 ) ) ;
#4699 = CARTESIAN_POINT ( 'NONE',  ( -6.976452998247884500, -3.789040058278373600, -15.00000000000000000 ) ) ;
#4700 = B_SPLINE_CURVE_WITH_KNOTS ( 'NONE', 3,
 ( #6070, #704, #3923, #5554 ),
 .UNSPECIFIED., .F., .F.,
 ( 4, 4 ),
 ( 8.673617379884035500E-019, 0.0001370343569985008500 ),
 .UNSPECIFIED. ) ;
#4701 = CARTESIAN_POINT ( 'NONE',  ( 7.792752554573207000, 3.394555585521097400, 6.594685079528067800 ) ) ;
#4702 = EDGE_LOOP ( 'NONE', ( #2307, #1464, #2755, #2389, #4661 ) ) ;
#4703 = CARTESIAN_POINT ( 'NONE',  ( -5.439534267940694600, 6.531574614738691100, -4.098256450731153900 ) ) ;
#4704 = CARTESIAN_POINT ( 'NONE',  ( -2.971010137663766300, 7.964135955137643400, -3.199732156545858500 ) ) ;
#4705 = CARTESIAN_POINT ( 'NONE',  ( 8.376276677044055300, -1.444987553419914800, -5.000000000000004400 ) ) ;
#4706 = EDGE_LOOP ( 'NONE', ( #2485, #2368, #3129, #1558 ) ) ;
#4707 = CARTESIAN_POINT ( 'NONE',  ( -8.377885736878671000, 1.435843957435968500, 6.299053036285164000 ) ) ;
#4708 = DIRECTION ( 'NONE',  ( -0.0000000000000000000, -0.0000000000000000000, 1.000000000000000000 ) ) ;
#4709 = ADVANCED_FACE ( 'NONE', ( #5503 ), #2160, .T. ) ;
#4710 = APPROVAL_PERSON_ORGANIZATION ( #5050, #2955, #3002 ) ;
#4711 = VERTEX_POINT ( 'NONE', #1652 ) ;
#4712 = CARTESIAN_POINT ( 'NONE',  ( 3.450000000000000200, 0.0000000000000000000, 15.00000000000000000 ) ) ;
#4713 = EDGE_CURVE ( 'NONE', #6125, #4503, #2320, .T. ) ;
#4714 = AXIS2_PLACEMENT_3D ( 'NONE', #6343, #3694, #6960 ) ;
#4715 = CYLINDRICAL_SURFACE ( 'NONE', #1144, 3.946090011793464700 ) ;
#4716 = CARTESIAN_POINT ( 'NONE',  ( 0.0000000000000000000, 0.0000000000000000000, -14.43900000000000000 ) ) ;
#4717 = VECTOR ( 'NONE', #1843, 1000.000000000000000 ) ;
#4718 = CARTESIAN_POINT ( 'NONE',  ( 5.506923112028188100, 6.474897311950925900, 6.484116389357788900 ) ) ;
#4719 = ORIENTED_EDGE ( 'NONE', *, *, #1938, .F. ) ;
#4720 = ORIENTED_EDGE ( 'NONE', *, *, #613, .T. ) ;
#4721 = DIRECTION ( 'NONE',  ( 0.0000000000000000000, 0.0000000000000000000, -1.000000000000000000 ) ) ;
#4722 = EDGE_CURVE ( 'NONE', #3354, #1746, #6178, .T. ) ;
#4723 = DIRECTION ( 'NONE',  ( 1.000000000000000000, 2.208718528794109000E-015, 0.0000000000000000000 ) ) ;
#4724 = EDGE_LOOP ( 'NONE', ( #2816, #3053 ) ) ;
#4725 = EDGE_CURVE ( 'NONE', #3800, #6738, #5667, .T. ) ;
#4726 = CIRCLE ( 'NONE', #6772, 7.939000000000005400 ) ;
#4727 = ORIENTED_EDGE ( 'NONE', *, *, #1371, .T. ) ;
#4728 = EDGE_LOOP ( 'NONE', ( #5973, #1875, #1707, #6922, #1541 ) ) ;
#4729 = AXIS2_PLACEMENT_3D ( 'NONE', #851, #4106, #4130 ) ;
#4730 = CARTESIAN_POINT ( 'NONE',  ( 5.670509102288543900, -2.599674701928169600, -5.000000000000000900 ) ) ;
#4731 = CARTESIAN_POINT ( 'NONE',  ( -6.336514297692865200, 5.669692865537292900, 2.162214997040932600 ) ) ;
#4732 = B_SPLINE_CURVE_WITH_KNOTS ( 'NONE', 3,
 ( #5809, #6837, #525, #1607, #5345, #5763, #2552, #425, #6292, #3083 ),
 .UNSPECIFIED., .F., .F.,
 ( 4, 2, 2, 2, 4 ),
 ( 0.0003362070510133120000, 0.0004603899262703746000, 0.0005845728015274370900, 0.0008329385520415618500, 0.001329670053069811400 ),
 .UNSPECIFIED. ) ;
#4733 = ADVANCED_FACE ( 'NONE', ( #4063 ), #4918, .F. ) ;
#4734 = CARTESIAN_POINT ( 'NONE',  ( -8.237680163661515600, 2.095531518260354000, 6.300106995571841400 ) ) ;
#4735 = DIRECTION ( 'NONE',  ( 1.000000000000000000, 0.0000000000000000000, 0.0000000000000000000 ) ) ;
#4736 = VERTEX_POINT ( 'NONE', #1089 ) ;
#4737 = CIRCLE ( 'NONE', #5108, 0.3926990816987240300 ) ;
#4738 = EDGE_LOOP ( 'NONE', ( #3549, #5068, #1819, #4827 ) ) ;
#4739 = CARTESIAN_POINT ( 'NONE',  ( 0.0000000000000000000, 0.0000000000000000000, -14.43900000000000000 ) ) ;
#4740 = ORIENTED_EDGE ( 'NONE', *, *, #6708, .F. ) ;
#4741 = DIRECTION ( 'NONE',  ( -0.9135454576426059700, -0.4067366430757887700, 0.0000000000000000000 ) ) ;
#4742 = CARTESIAN_POINT ( 'NONE',  ( -1.132258180102092600, 6.458297209747817300, -15.00000000000000000 ) ) ;
#4743 = CARTESIAN_POINT ( 'NONE',  ( 33.69455163030091400, -15.49543963060416200, -5.000000000000000900 ) ) ;
#4744 = AXIS2_PLACEMENT_3D ( 'NONE', #6624, #745, #2361 ) ;
#4745 = ORIENTED_EDGE ( 'NONE', *, *, #6619, .T. ) ;
#4746 = FACE_OUTER_BOUND ( 'NONE', #6245, .T. ) ;
#4747 = EDGE_LOOP ( 'NONE', ( #6891, #1645, #2251, #3925 ) ) ;
#4748 = ORIENTED_EDGE ( 'NONE', *, *, #6948, .F. ) ;
#4749 = CARTESIAN_POINT ( 'NONE',  ( -4.190524304000044600, 7.395235361878946800, 6.594685079528071400 ) ) ;
#4750 = DIRECTION ( 'NONE',  ( 1.000000000000000000, 1.758422611539355000E-015, 0.0000000000000000000 ) ) ;
#4751 = CIRCLE ( 'NONE', #77, 30.54279649802282000 ) ;
#4752 = DIRECTION ( 'NONE',  ( 1.000000000000000000, 0.0000000000000000000, 0.0000000000000000000 ) ) ;
#4753 = B_SPLINE_CURVE_WITH_KNOTS ( 'NONE', 3,
 ( #4112, #4671, #417, #3110 ),
 .UNSPECIFIED., .F., .F.,
 ( 4, 4 ),
 ( 2.997673299745922900E-007, 0.0008591888329093605000 ),
 .UNSPECIFIED. ) ;
#4754 = VECTOR ( 'NONE', #5592, 1000.000000000000000 ) ;
#4755 = FACE_OUTER_BOUND ( 'NONE', #3945, .T. ) ;
#4756 = CARTESIAN_POINT ( 'NONE',  ( 8.493311626358798000, -0.3380463561092504300, 6.297373121745559700 ) ) ;
#4757 = ADVANCED_FACE ( 'NONE', ( #6686 ), #893, .T. ) ;
#4758 = DIRECTION ( 'NONE',  ( -0.0000000000000000000, -0.0000000000000000000, -1.000000000000000000 ) ) ;
#4759 = VERTEX_POINT ( 'NONE', #1266 ) ;
#4760 = AXIS2_PLACEMENT_3D ( 'NONE', #2432, #340, #6228 ) ;
#4761 = TOROIDAL_SURFACE ( 'NONE', #6179, 30.45371781153435700, 0.3926990816987236400 ) ;
#4762 = DIRECTION ( 'NONE',  ( -0.0000000000000000000, -0.0000000000000000000, 1.000000000000000000 ) ) ;
#4763 = CIRCLE ( 'NONE', #5500, 8.500000000000003600 ) ;
#4764 = CARTESIAN_POINT ( 'NONE',  ( 0.0000000000000000000, 0.0000000000000000000, -14.43900000000000000 ) ) ;
#4765 = CARTESIAN_POINT ( 'NONE',  ( -0.8203212372140728000, 8.460323461178989000, 6.594685079528208100 ) ) ;
#4766 = ORIENTED_EDGE ( 'NONE', *, *, #5263, .T. ) ;
#4767 = CARTESIAN_POINT ( 'NONE',  ( -5.888008058667444400, 5.875105078027221600, -14.62213447976009600 ) ) ;
#4768 = FACE_OUTER_BOUND ( 'NONE', #3071, .T. ) ;
#4769 = EDGE_CURVE ( 'NONE', #3921, #6018, #653, .T. ) ;
#4770 = CARTESIAN_POINT ( 'NONE',  ( 0.0000000000000000000, 0.0000000000000000000, -14.43900000000000000 ) ) ;
#4771 = ORIENTED_EDGE ( 'NONE', *, *, #1321, .F. ) ;
#4772 = ADVANCED_FACE ( 'NONE', ( #2828 ), #311, .F. ) ;
#4773 = DIRECTION ( 'NONE',  ( 0.7071067811865463500, 8.659560562354919300E-017, -0.7071067811865487900 ) ) ;
#4774 = EDGE_CURVE ( 'NONE', #4786, #5328, #1397, .T. ) ;
#4775 = DIRECTION ( 'NONE',  ( 1.000000000000000000, 0.0000000000000000000, 0.0000000000000000000 ) ) ;
#4776 = DIRECTION ( 'NONE',  ( 1.000000000000000000, 0.0000000000000000000, 0.0000000000000000000 ) ) ;
#4777 = AXIS2_PLACEMENT_3D ( 'NONE', #3711, #1600, #1010 ) ;
#4778 = DIRECTION ( 'NONE',  ( 1.000000000000000000, 0.0000000000000000000, 0.0000000000000000000 ) ) ;
#4779 = CARTESIAN_POINT ( 'NONE',  ( 8.499907918699419100, 0.04568205668725198300, 6.595138882418510200 ) ) ;
#4780 = CARTESIAN_POINT ( 'NONE',  ( 5.646151920303507800, -4.294205901284563300, -15.00000000000000000 ) ) ;
#4781 = DIRECTION ( 'NONE',  ( -0.0000000000000000000, -0.0000000000000000000, 1.000000000000000000 ) ) ;
#4782 = EDGE_CURVE ( 'NONE', #6824, #2062, #4416, .T. ) ;
#4783 = DIRECTION ( 'NONE',  ( -0.0000000000000000000, 1.000000000000000000, -0.0000000000000000000 ) ) ;
#4784 = AXIS2_PLACEMENT_3D ( 'NONE', #6859, #6288, #1444 ) ;
#4785 = DIRECTION ( 'NONE',  ( 0.5877852522924689200, -0.8090169943749504500, 0.0000000000000000000 ) ) ;
#4786 = VERTEX_POINT ( 'NONE', #180 ) ;
#4787 = ADVANCED_FACE ( 'NONE', ( #6425 ), #3477, .T. ) ;
#4788 = DIRECTION ( 'NONE',  ( -0.0000000000000000000, 0.0000000000000000000, 1.000000000000000000 ) ) ;
#4789 = DIRECTION ( 'NONE',  ( 1.000000000000000000, 0.0000000000000000000, 0.0000000000000000000 ) ) ;
#4790 = DIRECTION ( 'NONE',  ( -0.0000000000000000000, -0.0000000000000000000, -1.000000000000000000 ) ) ;
#4791 = ORIENTED_EDGE ( 'NONE', *, *, #735, .T. ) ;
#4792 = CARTESIAN_POINT ( 'NONE',  ( -1.126744003223418400, -8.425018318859420300, 6.484315868828285400 ) ) ;
#4793 = AXIS2_PLACEMENT_3D ( 'NONE', #6651, #4629, #1315 ) ;
#4794 = CARTESIAN_POINT ( 'NONE',  ( -6.492092665173069900, 0.9188820722217747600, -5.000000000000000900 ) ) ;
#4795 = CARTESIAN_POINT ( 'NONE',  ( 0.0000000000000000000, 0.0000000000000000000, 14.55000000000000100 ) ) ;
#4796 = EDGE_CURVE ( 'NONE', #4320, #3317, #1234, .T. ) ;
#4797 = DIRECTION ( 'NONE',  ( -0.9945218953682744000, -0.1045284632676436500, 0.0000000000000000000 ) ) ;
#4798 = CARTESIAN_POINT ( 'NONE',  ( 0.0000000000000000000, 0.0000000000000000000, -15.00000000000000000 ) ) ;
#4799 = APPROVAL_DATE_TIME ( #6476, #4111 ) ;
#4800 = ORIENTED_EDGE ( 'NONE', *, *, #3427, .F. ) ;
#4801 = DIRECTION ( 'NONE',  ( -0.4067366430758009300, -0.9135454576426004200, 0.0000000000000000000 ) ) ;
#4802 = ADVANCED_FACE ( 'NONE', ( #2413 ), #6758, .F. ) ;
#4803 = VERTEX_POINT ( 'NONE', #3865 ) ;
#4804 = LINE ( 'NONE', #4590, #456 ) ;
#4805 = CYLINDRICAL_SURFACE ( 'NONE', #225, 3.946090011793464700 ) ;
#4806 = ORIENTED_EDGE ( 'NONE', *, *, #1104, .F. ) ;
#4807 = DIRECTION ( 'NONE',  ( 0.0000000000000000000, 0.0000000000000000000, 1.000000000000000000 ) ) ;
#4808 = DIRECTION ( 'NONE',  ( -0.0000000000000000000, 0.0000000000000000000, -1.000000000000000000 ) ) ;
#4809 = ORIENTED_EDGE ( 'NONE', *, *, #1616, .F. ) ;
#4810 = CIRCLE ( 'NONE', #1679, 0.3926990816987241400 ) ;
#4811 = DIRECTION ( 'NONE',  ( -0.0000000000000000000, -0.0000000000000000000, 1.000000000000000000 ) ) ;
#4812 = VERTEX_POINT ( 'NONE', #1745 ) ;
#4813 = EDGE_CURVE ( 'NONE', #2311, #1981, #3892, .T. ) ;
#4814 = ORIENTED_EDGE ( 'NONE', *, *, #3371, .T. ) ;
#4815 = AXIS2_PLACEMENT_3D ( 'NONE', #1784, #3744, #5532 ) ;
#4816 = CARTESIAN_POINT ( 'NONE',  ( 5.604906326371414100, 6.390368333699449900, 6.593846105585667400 ) ) ;
#4817 = EDGE_LOOP ( 'NONE', ( #625, #1905, #767, #1655, #677 ) ) ;
#4818 = CIRCLE ( 'NONE', #4569, 3.946090011793464700 ) ;
#4819 = CARTESIAN_POINT ( 'NONE',  ( -0.9112259393665803600, -8.451139151281749300, 6.595592633140082500 ) ) ;
#4820 = ORIENTED_EDGE ( 'NONE', *, *, #6529, .F. ) ;
#4821 = EDGE_LOOP ( 'NONE', ( #5939, #2206, #3910, #6557 ) ) ;
#4822 = CARTESIAN_POINT ( 'NONE',  ( 8.496631726659238400, -0.2403027354401194900, 6.483847739605646900 ) ) ;
#4823 = ORIENTED_EDGE ( 'NONE', *, *, #6847, .T. ) ;
#4824 = EDGE_CURVE ( 'NONE', #589, #5480, #1747, .T. ) ;
#4825 = ADVANCED_FACE ( 'NONE', ( #6595 ), #3890, .F. ) ;
#4826 = CARTESIAN_POINT ( 'NONE',  ( 8.499723842352203500, -0.06851717849924807100, 6.594685079528088200 ) ) ;
#4827 = ORIENTED_EDGE ( 'NONE', *, *, #3410, .T. ) ;
#4828 = FACE_OUTER_BOUND ( 'NONE', #6493, .T. ) ;
#4829 = AXIS2_PLACEMENT_3D ( 'NONE', #2864, #6616, #1257 ) ;
#4830 = CARTESIAN_POINT ( 'NONE',  ( 2.231714047435006800, -8.201948266487766800, 6.060839441574707100 ) ) ;
#4831 = CARTESIAN_POINT ( 'NONE',  ( 3.215520429680925200, -7.869116256006035000, 3.943571485393472000 ) ) ;
#4832 = CARTESIAN_POINT ( 'NONE',  ( -1.328316807419515500, 2.691828758537344200, 9.499411883805638700 ) ) ;
#4833 = ORIENTED_EDGE ( 'NONE', *, *, #5359, .F. ) ;
#4834 = ORIENTED_EDGE ( 'NONE', *, *, #5022, .F. ) ;
#4835 = CARTESIAN_POINT ( 'NONE',  ( 2.561395405690971600, 8.104890719541208100, 6.594685079528091800 ) ) ;
#4836 = DIRECTION ( 'NONE',  ( 0.0000000000000000000, 1.000000000000000000, 0.0000000000000000000 ) ) ;
#4837 = CIRCLE ( 'NONE', #261, 30.84641689323308700 ) ;
#4838 = VERTEX_POINT ( 'NONE', #5501 ) ;
#4839 = EDGE_CURVE ( 'NONE', #1118, #140, #3559, .T. ) ;
#4840 = FACE_OUTER_BOUND ( 'NONE', #1482, .T. ) ;
#4841 = TOROIDAL_SURFACE ( 'NONE', #1430, 31.43791576719764100, 3.946090011793464700 ) ;
#4842 = ORIENTED_EDGE ( 'NONE', *, *, #2046, .F. ) ;
#4843 = CARTESIAN_POINT ( 'NONE',  ( 1.554061079812509600, -6.053709124182626400, -15.00000000000000000 ) ) ;
#4844 = CARTESIAN_POINT ( 'NONE',  ( 0.5615124314547196300, 8.481432885382741200, -5.000000000000020400 ) ) ;
#4845 = AXIS2_PLACEMENT_3D ( 'NONE', #6925, #1030, #463 ) ;
#4846 = LINE ( 'NONE', #3752, #6182 ) ;
#4847 = FACE_OUTER_BOUND ( 'NONE', #145, .T. ) ;
#4848 = CIRCLE ( 'NONE', #2539, 3.946090011793464700 ) ;
#4849 = ADVANCED_FACE ( 'NONE', ( #4994 ), #3653, .T. ) ;
#4850 = CARTESIAN_POINT ( 'NONE',  ( -8.344246427658571700, -1.620048235380062300, 6.573174599385288800 ) ) ;
#4851 = ORIENTED_EDGE ( 'NONE', *, *, #699, .T. ) ;
#4852 = DIRECTION ( 'NONE',  ( 0.0000000000000000000, -0.0000000000000000000, 1.000000000000000000 ) ) ;
#4853 = DIRECTION ( 'NONE',  ( 1.000000000000000000, 0.0000000000000000000, 0.0000000000000000000 ) ) ;
#4854 = DIRECTION ( 'NONE',  ( 0.0000000000000000000, 0.0000000000000000000, 1.000000000000000000 ) ) ;
#4855 = CIRCLE ( 'NONE', #3013, 3.000000000000000400 ) ;
#4856 = DIRECTION ( 'NONE',  ( 0.5877852522924689200, -0.8090169943749504500, 0.0000000000000000000 ) ) ;
#4857 = ORIENTED_EDGE ( 'NONE', *, *, #5096, .T. ) ;
#4858 = CARTESIAN_POINT ( 'NONE',  ( 1.447748701012486800, 7.805878854985947700, -15.00000000000000000 ) ) ;
#4859 = CARTESIAN_POINT ( 'NONE',  ( 4.712107964534076200, -4.559347537358724400, -5.000000000000000900 ) ) ;
#4860 = CARTESIAN_POINT ( 'NONE',  ( -6.976452998247833800, 3.789040058278468200, -15.00000000000000000 ) ) ;
#4861 = DIRECTION ( 'NONE',  ( 0.0000000000000000000, 0.0000000000000000000, 1.000000000000000000 ) ) ;
#4862 = ORIENTED_EDGE ( 'NONE', *, *, #2750, .T. ) ;
#4863 = EDGE_CURVE ( 'NONE', #1724, #1526, #1988, .T. ) ;
#4864 = ADVANCED_FACE ( 'NONE', ( #4657 ), #2987, .F. ) ;
#4865 = EDGE_CURVE ( 'NONE', #4032, #2374, #2660, .T. ) ;
#4866 = DIRECTION ( 'NONE',  ( -0.9135454576426059700, -0.4067366430757888800, 0.0000000000000000000 ) ) ;
#4867 = CARTESIAN_POINT ( 'NONE',  ( -8.360790292772433600, -1.532214892503189100, 6.484842659102653800 ) ) ;
#4868 = DIRECTION ( 'NONE',  ( 1.000000000000000000, 0.0000000000000000000, 0.0000000000000000000 ) ) ;
#4869 = EDGE_CURVE ( 'NONE', #6913, #5912, #5251, .T. ) ;
#4870 = AXIS2_PLACEMENT_3D ( 'NONE', #6942, #4758, #4723 ) ;
#4871 = PLANE ( 'NONE',  #3788 ) ;
#4872 = DIRECTION ( 'NONE',  ( 0.0000000000000000000, 0.0000000000000000000, -1.000000000000000000 ) ) ;
#4873 = DIRECTION ( 'NONE',  ( -0.9945218953682744000, -0.1045284632676436500, 0.0000000000000000000 ) ) ;
#4874 = ADVANCED_FACE ( 'NONE', ( #2403 ), #3816, .F. ) ;
#4875 = PLANE ( 'NONE',  #993 ) ;
#4876 = ORIENTED_EDGE ( 'NONE', *, *, #2334, .T. ) ;
#4877 = CARTESIAN_POINT ( 'NONE',  ( -7.550178281596523700, -3.905018651187883300, -1.407857104178893600 ) ) ;
#4878 = AXIS2_PLACEMENT_3D ( 'NONE', #4795, #4157, #3676 ) ;
#4879 = ORIENTED_EDGE ( 'NONE', *, *, #1539, .F. ) ;
#4880 = CARTESIAN_POINT ( 'NONE',  ( 8.197094267233110200, -2.249890268206197000, -1.408159265077639100 ) ) ;
#4881 = ORIENTED_EDGE ( 'NONE', *, *, #3765, .T. ) ;
#4882 = CARTESIAN_POINT ( 'NONE',  ( 3.962676671442949800, 7.519786805329117900, -14.43900000000000000 ) ) ;
#4883 = VERTEX_POINT ( 'NONE', #3423 ) ;
#4884 = CALENDAR_DATE ( 2023, 4, 8 ) ;
#4885 = AXIS2_PLACEMENT_3D ( 'NONE', #4571, #1295, #4546 ) ;
#4886 = CARTESIAN_POINT ( 'NONE',  ( -4.931093259559649100, 3.952653436445063000, -15.00000000000000000 ) ) ;
#4887 = ORIENTED_EDGE ( 'NONE', *, *, #4120, .T. ) ;
#4888 = CARTESIAN_POINT ( 'NONE',  ( -2.971010872793304000, -7.964135514016706300, -3.199796844672615500 ) ) ;
#4889 = EDGE_CURVE ( 'NONE', #438, #269, #4234, .T. ) ;
#4890 = CARTESIAN_POINT ( 'NONE',  ( -4.040235330743553500, -7.478435068180830000, 6.483871745985773300 ) ) ;
#4891 = CIRCLE ( 'NONE', #2308, 30.54279649802282700 ) ;
#4892 = VECTOR ( 'NONE', #2796, 1000.000000000000000 ) ;
#4893 = ORIENTED_EDGE ( 'NONE', *, *, #4591, .T. ) ;
#4894 = ORIENTED_EDGE ( 'NONE', *, *, #1151, .T. ) ;
#4895 = CARTESIAN_POINT ( 'NONE',  ( -5.557078755425680000, 3.480012520356947200, -15.00000000000000000 ) ) ;
#4896 = CARTESIAN_POINT ( 'NONE',  ( -0.2706715192424007900, 2.990688861979201400, 12.98610880045094600 ) ) ;
#4897 = EDGE_CURVE ( 'NONE', #647, #2213, #3470, .T. ) ;
#4898 = CARTESIAN_POINT ( 'NONE',  ( -6.836147648906331800, -5.051443884905814300, 6.594685079528082900 ) ) ;
#4899 = ORIENTED_EDGE ( 'NONE', *, *, #4161, .T. ) ;
#4900 = CARTESIAN_POINT ( 'NONE',  ( -6.836147648906269600, 5.051443884905912000, 6.594685079528107800 ) ) ;
#4901 = LINE ( 'NONE', #4575, #5928 ) ;
#4902 = ORIENTED_EDGE ( 'NONE', *, *, #2352, .F. ) ;
#4903 = ORIENTED_EDGE ( 'NONE', *, *, #1334, .T. ) ;
#4904 = DIRECTION ( 'NONE',  ( -0.4067366430758010400, -0.9135454576426005300, -0.0000000000000000000 ) ) ;
#4905 = CARTESIAN_POINT ( 'NONE',  ( 8.239838897035589600, -2.086876841318159800, -5.000000000000000900 ) ) ;
#4906 = CARTESIAN_POINT ( 'NONE',  ( 4.712107964534075300, -4.559347537358724400, -15.00000000000000000 ) ) ;
#4907 = CARTESIAN_POINT ( 'NONE',  ( 2.561395405690971600, 8.104890719541208100, 6.594685079528091800 ) ) ;
#4908 = VERTEX_POINT ( 'NONE', #2417 ) ;
#4909 = EDGE_CURVE ( 'NONE', #2962, #5051, #5145, .T. ) ;
#4910 = LINE ( 'NONE', #2600, #3885 ) ;
#4911 = VERTEX_POINT ( 'NONE', #6703 ) ;
#4912 = ORIENTED_EDGE ( 'NONE', *, *, #137, .F. ) ;
#4913 = AXIS2_PLACEMENT_3D ( 'NONE', #3556, #1459, #4641 ) ;
#4914 = CARTESIAN_POINT ( 'NONE',  ( -5.927207807668692000, 6.092471387264936300, -15.00000000000000000 ) ) ;
#4915 = CARTESIAN_POINT ( 'NONE',  ( -3.482403387148253600, -7.756909952598554100, 2.160417603431790600 ) ) ;
#4916 = ORIENTED_EDGE ( 'NONE', *, *, #2185, .F. ) ;
#4917 = ORIENTED_EDGE ( 'NONE', *, *, #2402, .F. ) ;
#4918 = CYLINDRICAL_SURFACE ( 'NONE', #4435, 0.3926990816987241400 ) ;
#4919 = EDGE_CURVE ( 'NONE', #5149, #1123, #4408, .T. ) ;
#4920 = ORIENTED_EDGE ( 'NONE', *, *, #2493, .F. ) ;
#4921 = CARTESIAN_POINT ( 'NONE',  ( -3.865414922517477000, -7.570254126976645500, 5.895484546651155200 ) ) ;
#4922 = EDGE_LOOP ( 'NONE', ( #877, #2397, #2753, #5079 ) ) ;
#4923 = CIRCLE ( 'NONE', #1749, 3.946090011793464300 ) ;
#4924 = AXIS2_PLACEMENT_3D ( 'NONE', #380, #3012, #5199 ) ;
#4925 = CARTESIAN_POINT ( 'NONE',  ( 33.85011313965160400, -15.14604275999847300, -5.000000000000000900 ) ) ;
#4926 = CARTESIAN_POINT ( 'NONE',  ( -4.629954344567733100, 5.374268191762720200, -15.00000000000000000 ) ) ;
#4927 = CARTESIAN_POINT ( 'NONE',  ( -0.2708941675171432400, 2.990721859692120800, 9.013838880650261800 ) ) ;
#4928 = ORIENTED_EDGE ( 'NONE', *, *, #6481, .F. ) ;
#4929 = VECTOR ( 'NONE', #290, 1000.000000000000000 ) ;
#4930 = VECTOR ( 'NONE', #1928, 1000.000000000000000 ) ;
#4931 = DIRECTION ( 'NONE',  ( -0.9781476007338069100, -0.2079116908177533500, 0.0000000000000000000 ) ) ;
#4932 = ORIENTED_EDGE ( 'NONE', *, *, #2882, .F. ) ;
#4933 = CARTESIAN_POINT ( 'NONE',  ( -7.914448380790332700, 0.6238812609827166800, -15.00000000000000000 ) ) ;
#4934 = EDGE_CURVE ( 'NONE', #2849, #3921, #3136, .T. ) ;
#4935 = CYLINDRICAL_SURFACE ( 'NONE', #5718, 30.84641689323309800 ) ;
#4936 = VECTOR ( 'NONE', #4053, 1000.000000000000000 ) ;
#4937 = CARTESIAN_POINT ( 'NONE',  ( 8.231060842518559200, -2.122262484150480200, -3.199672553965506000 ) ) ;
#4938 = CARTESIAN_POINT ( 'NONE',  ( -6.078516219072022300, 1.445547167183711500, -5.000000000000000900 ) ) ;
#4939 = EDGE_LOOP ( 'NONE', ( #3174, #6659, #1944, #1296 ) ) ;
#4940 = AXIS2_PLACEMENT_3D ( 'NONE', #4925, #3872, #671 ) ;
#4941 = CARTESIAN_POINT ( 'NONE',  ( 5.911633156742415600, 6.107743231114004500, 6.377909831657761200 ) ) ;
#4942 = VECTOR ( 'NONE', #5410, 1000.000000000000100 ) ;
#4943 = VERTEX_POINT ( 'NONE', #3467 ) ;
#4944 = DIRECTION ( 'NONE',  ( 0.9781476007338069100, 0.2079116908177531800, -2.249497543887972100E-016 ) ) ;
#4945 = CARTESIAN_POINT ( 'NONE',  ( 4.532886174746354700, 7.069293181989124300, -5.000000000000000900 ) ) ;
#4946 = ORIENTED_EDGE ( 'NONE', *, *, #5968, .T. ) ;
#4947 = CARTESIAN_POINT ( 'NONE',  ( 1.983727081235677300, -6.327010427417869600, -5.000000000000000900 ) ) ;
#4948 = DIRECTION ( 'NONE',  ( 0.2079116908177532400, -0.9781476007338069100, 0.0000000000000000000 ) ) ;
#4949 = CARTESIAN_POINT ( 'NONE',  ( -6.601879607556052000, 5.353987826595879800, 5.729814788947161100 ) ) ;
#4950 = DIRECTION ( 'NONE',  ( -0.6691306063588672300, -0.7431448254773861400, -3.407789085892847100E-016 ) ) ;
#4951 = EDGE_CURVE ( 'NONE', #4995, #4288, #1899, .T. ) ;
#4952 = AXIS2_PLACEMENT_3D ( 'NONE', #4034, #2995, #828 ) ;
#4953 = CARTESIAN_POINT ( 'NONE',  ( 3.411405546988623100, 6.219449173660754200, -5.000000000000000900 ) ) ;
#4954 = DIRECTION ( 'NONE',  ( -0.0000000000000000000, -0.0000000000000000000, 1.000000000000000000 ) ) ;
#4955 = DIRECTION ( 'NONE',  ( -0.0000000000000000000, -0.0000000000000000000, 1.000000000000000000 ) ) ;
#4956 = CARTESIAN_POINT ( 'NONE',  ( 2.648404096597039900, 8.077006958523059100, 6.595592633140114500 ) ) ;
#4957 = ORIENTED_EDGE ( 'NONE', *, *, #153, .T. ) ;
#4958 = EDGE_CURVE ( 'NONE', #2557, #5241, #303, .T. ) ;
#4959 = EDGE_LOOP ( 'NONE', ( #5525, #5890, #2775, #136 ) ) ;
#4960 = DIRECTION ( 'NONE',  ( -0.0000000000000000000, -0.0000000000000000000, 1.000000000000000000 ) ) ;
#4961 = CARTESIAN_POINT ( 'NONE',  ( 0.0000000000000000000, 0.0000000000000000000, -15.00000000000000000 ) ) ;
#4962 = AXIS2_PLACEMENT_3D ( 'NONE', #2140, #2658, #5275 ) ;
#4963 = ORIENTED_EDGE ( 'NONE', *, *, #4545, .F. ) ;
#4964 = CARTESIAN_POINT ( 'NONE',  ( 6.117033892801630100, -5.903630550166593800, 3.942544889500077000 ) ) ;
#4965 = CARTESIAN_POINT ( 'NONE',  ( 0.0000000000000000000, 0.0000000000000000000, -15.00000000000000000 ) ) ;
#4966 = DIRECTION ( 'NONE',  ( -0.0000000000000000000, -0.0000000000000000000, 1.000000000000000000 ) ) ;
#4967 = VECTOR ( 'NONE', #4501, 1000.000000000000000 ) ;
#4968 = CARTESIAN_POINT ( 'NONE',  ( -4.383815839212458200E-016, 8.029657287525385100, 11.00000000000000000 ) ) ;
#4969 = VERTEX_POINT ( 'NONE', #1855 ) ;
#4970 = CARTESIAN_POINT ( 'NONE',  ( -6.916694423007370100, 4.940580761280888700, 6.594685079528111300 ) ) ;
#4971 = CARTESIAN_POINT ( 'NONE',  ( 2.184768287610742800, 8.214425575136123900, 11.00000000000000000 ) ) ;
#4972 = CIRCLE ( 'NONE', #1998, 30.84641689323308700 ) ;
#4973 = VECTOR ( 'NONE', #5203, 1000.000000000000000 ) ;
#4974 = DIRECTION ( 'NONE',  ( -1.000000000000000000, 0.0000000000000000000, 0.0000000000000000000 ) ) ;
#4975 = CARTESIAN_POINT ( 'NONE',  ( 2.184768287610741900, 8.214425575136125700, 10.69579412266416600 ) ) ;
#4976 = ORIENTED_EDGE ( 'NONE', *, *, #1841, .T. ) ;
#4977 = PRODUCT_RELATED_PRODUCT_CATEGORY ( 'detail', '', ( #6318 ) ) ;
#4978 = ORIENTED_EDGE ( 'NONE', *, *, #4689, .T. ) ;
#4979 = FACE_OUTER_BOUND ( 'NONE', #6505, .T. ) ;
#4980 = CARTESIAN_POINT ( 'NONE',  ( 0.5867961629527924700, -7.069293181989133100, -15.00000000000000000 ) ) ;
#4981 = CARTESIAN_POINT ( 'NONE',  ( 5.792318625829882900, 3.072565112850953900, -5.000000000000000900 ) ) ;
#4982 = EDGE_LOOP ( 'NONE', ( #3019, #2819, #633, #2314 ) ) ;
#4983 = EDGE_LOOP ( 'NONE', ( #3667, #71, #1133 ) ) ;
#4984 = ORIENTED_EDGE ( 'NONE', *, *, #1305, .F. ) ;
#4985 = CONICAL_SURFACE ( 'NONE', #4479, 8.500000000000003600, 0.7853981633974482800 ) ;
#4986 = CARTESIAN_POINT ( 'NONE',  ( 3.680498208442172000, 6.064088453133589200, -15.00000000000000000 ) ) ;
#4987 = ORIENTED_EDGE ( 'NONE', *, *, #2293, .T. ) ;
#4988 = ORIENTED_EDGE ( 'NONE', *, *, #4341, .F. ) ;
#4989 = VERTEX_POINT ( 'NONE', #3531 ) ;
#4990 = CARTESIAN_POINT ( 'NONE',  ( -3.808198772861418800, 36.88807927991497600, -5.000000000000000900 ) ) ;
#4991 = CARTESIAN_POINT ( 'NONE',  ( -7.625892554961532200, 3.754432412510967600, -14.43900000000408400 ) ) ;
#4992 = EDGE_CURVE ( 'NONE', #4597, #4357, #6749, .T. ) ;
#4993 = ORIENTED_EDGE ( 'NONE', *, *, #4071, .T. ) ;
#4994 = FACE_OUTER_BOUND ( 'NONE', #4154, .T. ) ;
#4995 = VERTEX_POINT ( 'NONE', #1307 ) ;
#4996 = VERTEX_POINT ( 'NONE', #6763 ) ;
#4997 = CARTESIAN_POINT ( 'NONE',  ( 0.5979954169951202700, 8.480256967411232700, 13.38145963726689500 ) ) ;
#4998 = B_SPLINE_CURVE_WITH_KNOTS ( 'NONE', 3,
 ( #916, #3076, #4149, #5207, #860, #6828, #3609, #4607, #5232, #5688 ),
 .UNSPECIFIED., .F., .F.,
 ( 4, 2, 2, 2, 4 ),
 ( 0.004114806396231756100, 0.004624550288683216900, 0.004879422234908948600, 0.005006858208021816200, 0.005134294181134683000 ),
 .UNSPECIFIED. ) ;
#4999 = CARTESIAN_POINT ( 'NONE',  ( 6.036215036775418600, -5.156726580865655900, -15.00000000000000000 ) ) ;
#5000 = CARTESIAN_POINT ( 'NONE',  ( -5.439534267940759400, -6.531574614738644000, -14.43900000000000000 ) ) ;
#5001 = EDGE_CURVE ( 'NONE', #1756, #5153, #4102, .T. ) ;
#5002 = CIRCLE ( 'NONE', #3471, 8.500000000000003600 ) ;
#5003 = VERTEX_POINT ( 'NONE', #300 ) ;
#5004 = VECTOR ( 'NONE', #1023, 1000.000000000000000 ) ;
#5005 = CIRCLE ( 'NONE', #6954, 8.500000000000003600 ) ;
#5006 = AXIS2_PLACEMENT_3D ( 'NONE', #5137, #2475, #4623 ) ;
#5007 = ORIENTED_EDGE ( 'NONE', *, *, #2483, .T. ) ;
#5008 = CARTESIAN_POINT ( 'NONE',  ( -8.396308053925542600, -1.323635547934043800, 5.729814788973568400 ) ) ;
#5009 = LINE ( 'NONE', #5301, #1247 ) ;
#5010 = EDGE_CURVE ( 'NONE', #6740, #1949, #5937, .T. ) ;
#5011 = LINE ( 'NONE', #6915, #2178 ) ;
#5012 = FACE_OUTER_BOUND ( 'NONE', #2074, .T. ) ;
#5013 = ORIENTED_EDGE ( 'NONE', *, *, #6202, .F. ) ;
#5014 = AXIS2_PLACEMENT_3D ( 'NONE', #2673, #3173, #6411 ) ;
#5015 = DIRECTION ( 'NONE',  ( 0.5877852522924795800, 0.8090169943749425700, 0.0000000000000000000 ) ) ;
#5016 = CARTESIAN_POINT ( 'NONE',  ( 4.532886174746260500, -7.069293181989132300, -14.54126440246397500 ) ) ;
#5017 = CIRCLE ( 'NONE', #523, 0.3926990816987240300 ) ;
#5018 = DIRECTION ( 'NONE',  ( 0.5877852522924689200, -0.8090169943749504500, 0.0000000000000000000 ) ) ;
#5019 = ORIENTED_EDGE ( 'NONE', *, *, #115, .T. ) ;
#5020 = DIRECTION ( 'NONE',  ( 1.000000000000000000, 0.0000000000000000000, 0.0000000000000000000 ) ) ;
#5021 = CARTESIAN_POINT ( 'NONE',  ( 6.084994458946483500, 2.634212693780227700, -15.00000000000000000 ) ) ;
#5022 = EDGE_CURVE ( 'NONE', #3357, #3645, #979, .T. ) ;
#5023 = DIRECTION ( 'NONE',  ( 0.0000000000000000000, 0.0000000000000000000, 1.000000000000000000 ) ) ;
#5024 = AXIS2_PLACEMENT_3D ( 'NONE', #1635, #4783, #3794 ) ;
#5025 = CARTESIAN_POINT ( 'NONE',  ( 0.6070780737507146500, 8.479599012649531500, 8.621553311771856800 ) ) ;
#5026 = VERTEX_POINT ( 'NONE', #2455 ) ;
#5027 = EDGE_CURVE ( 'NONE', #5517, #727, #3084, .T. ) ;
#5028 = ORIENTED_EDGE ( 'NONE', *, *, #4513, .F. ) ;
#5029 = CARTESIAN_POINT ( 'NONE',  ( 3.680498208442172000, 6.064088453133589200, -15.00000000000000000 ) ) ;
#5030 = DIRECTION ( 'NONE',  ( 0.1045284632676570900, 0.9945218953682729600, 0.0000000000000000000 ) ) ;
#5031 = CARTESIAN_POINT ( 'NONE',  ( 2.000092824331080300, 2.235984952929012300, 10.86474311855480600 ) ) ;
#5032 = CARTESIAN_POINT ( 'NONE',  ( 7.737015660221603100, 3.519742699898059000, 6.594685079528102500 ) ) ;
#5033 = CARTESIAN_POINT ( 'NONE',  ( 6.541271189478328200, 0.4509796686607168700, -5.000000000000000900 ) ) ;
#5034 = CARTESIAN_POINT ( 'NONE',  ( 0.5773502691896262900, 8.499999999999992900, 11.99999999999999600 ) ) ;
#5035 = DIRECTION ( 'NONE',  ( -0.0000000000000000000, 0.0000000000000000000, 1.000000000000000000 ) ) ;
#5036 = EDGE_CURVE ( 'NONE', #2222, #4050, #3973, .T. ) ;
#5037 = CARTESIAN_POINT ( 'NONE',  ( -0.7201538861513947500, 6.196318295184934000, -15.00000000000000000 ) ) ;
#5038 = CARTESIAN_POINT ( 'NONE',  ( -3.374512555159320900, 5.707792839316645100, -15.00000000000000000 ) ) ;
#5039 = CARTESIAN_POINT ( 'NONE',  ( 4.224721244881420600, -4.589630969700075400, -15.00000000000000000 ) ) ;
#5040 = B_SPLINE_CURVE_WITH_KNOTS ( 'NONE', 3,
 ( #2318, #6064, #5047, #301, #5659, #4029, #1308, #1877 ),
 .UNSPECIFIED., .F., .F.,
 ( 4, 2, 2, 4 ),
 ( 1.992342074533914600E-007, 0.002695036964422621700, 0.005389874694637789400, 0.01077955015506812400 ),
 .UNSPECIFIED. ) ;
#5041 = VERTEX_POINT ( 'NONE', #1428 ) ;
#5042 = CARTESIAN_POINT ( 'NONE',  ( 11.39444342689875200, -35.29021719749143000, -5.000000000000000900 ) ) ;
#5043 = EDGE_CURVE ( 'NONE', #6076, #4759, #2068, .T. ) ;
#5044 = PERSON_AND_ORGANIZATION ( #2117, #6484 ) ;
#5045 = ORIENTED_EDGE ( 'NONE', *, *, #5281, .T. ) ;
#5046 = DIRECTION ( 'NONE',  ( -0.0000000000000000000, 0.0000000000000000000, 1.000000000000000000 ) ) ;
#5047 = CARTESIAN_POINT ( 'NONE',  ( 8.231062709116701000, 2.122255740622576200, -3.199732156543948900 ) ) ;
#5048 = AXIS2_PLACEMENT_3D ( 'NONE', #2020, #3543, #898 ) ;
#5049 = CARTESIAN_POINT ( 'NONE',  ( -6.601879607556060000, -5.353987826595747500, 5.729814788946933700 ) ) ;
#5050 = PERSON_AND_ORGANIZATION ( #2117, #6484 ) ;
#5051 = VERTEX_POINT ( 'NONE', #4622 ) ;
#5052 = CARTESIAN_POINT ( 'NONE',  ( 11.39444342689921200, 35.29021719749128000, -5.000000000000000900 ) ) ;
#5053 = CARTESIAN_POINT ( 'NONE',  ( -3.039045389419425800, 7.334297793316590500, -15.00000000000000000 ) ) ;
#5054 = EDGE_CURVE ( 'NONE', #2927, #6923, #6329, .T. ) ;
#5055 = CARTESIAN_POINT ( 'NONE',  ( 25.14922790515125700, -27.25706871047349400, -5.000000000000000900 ) ) ;
#5056 = DIRECTION ( 'NONE',  ( -0.0000000000000000000, -0.0000000000000000000, 1.000000000000000000 ) ) ;
#5057 = DIRECTION ( 'NONE',  ( -0.0000000000000000000, 0.0000000000000000000, 1.000000000000000000 ) ) ;
#5058 = VERTEX_POINT ( 'NONE', #4116 ) ;
#5059 = DIRECTION ( 'NONE',  ( 1.000000000000000000, 0.0000000000000000000, 0.0000000000000000000 ) ) ;
#5060 = FACE_OUTER_BOUND ( 'NONE', #383, .T. ) ;
#5061 = AXIS2_PLACEMENT_3D ( 'NONE', #6541, #3917, #720 ) ;
#5062 = ORIENTED_EDGE ( 'NONE', *, *, #2699, .F. ) ;
#5063 = DIRECTION ( 'NONE',  ( -0.0000000000000000000, 1.000000000000000000, -0.0000000000000000000 ) ) ;
#5064 = ORIENTED_EDGE ( 'NONE', *, *, #5891, .T. ) ;
#5065 = CARTESIAN_POINT ( 'NONE',  ( 7.084811472032472900, 4.696787209418029200, -3.199321621609614800 ) ) ;
#5066 = CARTESIAN_POINT ( 'NONE',  ( -6.471215300770765600, -1.445547167183624000, -15.00000000000000000 ) ) ;
#5067 = CARTESIAN_POINT ( 'NONE',  ( -5.086638884589818100, -3.610967584008658800, -15.00000000000000000 ) ) ;
#5068 = ORIENTED_EDGE ( 'NONE', *, *, #2448, .F. ) ;
#5069 = FACE_OUTER_BOUND ( 'NONE', #4248, .T. ) ;
#5070 = ORIENTED_EDGE ( 'NONE', *, *, #3191, .T. ) ;
#5071 = ORIENTED_EDGE ( 'NONE', *, *, #5043, .F. ) ;
#5072 = VERTEX_POINT ( 'NONE', #985 ) ;
#5073 = VECTOR ( 'NONE', #5046, 1000.000000000000000 ) ;
#5074 = CARTESIAN_POINT ( 'NONE',  ( 5.726245996640192200, 2.474487587551143600, -15.00000000000000000 ) ) ;
#5075 = ORIENTED_EDGE ( 'NONE', *, *, #2583, .F. ) ;
#5076 = ORIENTED_EDGE ( 'NONE', *, *, #6656, .T. ) ;
#5077 = ORIENTED_EDGE ( 'NONE', *, *, #6653, .F. ) ;
#5078 = DIRECTION ( 'NONE',  ( -0.0000000000000000000, 0.0000000000000000000, 1.000000000000000000 ) ) ;
#5079 = ORIENTED_EDGE ( 'NONE', *, *, #5154, .T. ) ;
#5080 = ORIENTED_EDGE ( 'NONE', *, *, #1539, .T. ) ;
#5081 = EDGE_CURVE ( 'NONE', #2663, #2903, #2564, .T. ) ;
#5082 = FACE_OUTER_BOUND ( 'NONE', #4645, .T. ) ;
#5083 = DIRECTION ( 'NONE',  ( -0.5000000000000003300, 0.0000000000000000000, 0.8660254037844384900 ) ) ;
#5084 = ORIENTED_EDGE ( 'NONE', *, *, #2100, .T. ) ;
#5085 = ORIENTED_EDGE ( 'NONE', *, *, #1018, .T. ) ;
#5086 = CARTESIAN_POINT ( 'NONE',  ( -7.124711411117760700, -4.635587198276036600, 5.896078880611989700 ) ) ;
#5087 = VERTEX_POINT ( 'NONE', #6857 ) ;
#5088 = AXIS2_PLACEMENT_3D ( 'NONE', #546, #2682, #3152 ) ;
#5089 = CARTESIAN_POINT ( 'NONE',  ( -6.541967359745251000, -2.742608045966818100, -15.00000000000000000 ) ) ;
#5090 = TOROIDAL_SURFACE ( 'NONE', #5101, 31.43791576719764100, 3.946090011793464700 ) ;
#5091 = ADVANCED_FACE ( 'NONE', ( #1148 ), #4490, .T. ) ;
#5092 = CYLINDRICAL_SURFACE ( 'NONE', #3942, 3.946090011793464700 ) ;
#5093 = LINE ( 'NONE', #6065, #1165 ) ;
#5094 = CARTESIAN_POINT ( 'NONE',  ( 3.051852017099293300, 7.933233846664888800, 5.729814788969300700 ) ) ;
#5095 = B_SPLINE_CURVE_WITH_KNOTS ( 'NONE', 3,
 ( #4443, #6639, #1850, #3417, #1237, #1263, #2378, #3944, #3333, #6130, #6108, #2887, #6566, #3862, #223, #743, #680, #4458, #3351, #4997, #2289, #4509, #762, #1793, #2341, #1298, #5563, #159, #3883, #4971 ),
 .UNSPECIFIED., .F., .F.,
 ( 4, 2, 2, 2, 2, 2, 2, 2, 2, 2, 2, 2, 2, 2, 4 ),
 ( 0.001809333223077899500, 0.002265573773254398800, 0.002721814323430898300, 0.003178054873607397400, 0.003634295423783896900, 0.004090535973960396000, 0.004546776524136895100, 0.005003017074313395100, 0.005459257624489894200, 0.005915498174666394100, 0.006371738724842893200, 0.007284219825195889700, 0.007740460375372387000, 0.008196700925548883500, 0.009109182025901878300 ),
 .UNSPECIFIED. ) ;
#5096 = EDGE_CURVE ( 'NONE', #1101, #60, #2239, .T. ) ;
#5097 = VERTEX_POINT ( 'NONE', #5687 ) ;
#5098 = CARTESIAN_POINT ( 'NONE',  ( 4.530988068736729900, 7.191672067118012100, -14.43900000000000000 ) ) ;
#5099 = EDGE_CURVE ( 'NONE', #4357, #1981, #3642, .T. ) ;
#5100 = LINE ( 'NONE', #5216, #5771 ) ;
#5101 = AXIS2_PLACEMENT_3D ( 'NONE', #1313, #6681, #4521 ) ;
#5102 = CYLINDRICAL_SURFACE ( 'NONE', #1501, 30.84641689323309100 ) ;
#5103 = ORIENTED_EDGE ( 'NONE', *, *, #5679, .T. ) ;
#5104 = DIRECTION ( 'NONE',  ( 0.0000000000000000000, 0.0000000000000000000, 1.000000000000000000 ) ) ;
#5105 = CARTESIAN_POINT ( 'NONE',  ( 7.635255469260002300, 3.735620118006950800, 6.376513053580724800 ) ) ;
#5106 = CONICAL_SURFACE ( 'NONE', #3743, 3.000000000000000400, 0.7853981633974492800 ) ;
#5107 = EDGE_LOOP ( 'NONE', ( #3651, #3957, #5827, #6910 ) ) ;
#5108 = AXIS2_PLACEMENT_3D ( 'NONE', #3261, #2803, #2273 ) ;
#5109 = CARTESIAN_POINT ( 'NONE',  ( -8.094678016729355700, -2.602494699124302500, 2.160149141992908600 ) ) ;
#5110 = CARTESIAN_POINT ( 'NONE',  ( -7.506353921563320600, 3.989530480870440600, -0.5160186719170682900 ) ) ;
#5111 = DIRECTION ( 'NONE',  ( 1.000000000000000000, 0.0000000000000000000, 0.0000000000000000000 ) ) ;
#5112 = ORIENTED_EDGE ( 'NONE', *, *, #4534, .T. ) ;
#5113 = CARTESIAN_POINT ( 'NONE',  ( -4.832165513222487400, 6.299039407149579400, -15.00000000000000000 ) ) ;
#5114 = CARTESIAN_POINT ( 'NONE',  ( -4.931093259559649100, 3.952653436445063000, -15.00000000000000000 ) ) ;
#5115 = CARTESIAN_POINT ( 'NONE',  ( 0.5773502691896264000, 8.499999999999992900, 11.99999999999999600 ) ) ;
#5116 = CC_DESIGN_PERSON_AND_ORGANIZATION_ASSIGNMENT ( #3028, #6254, ( #2381 ) ) ;
#5117 = CARTESIAN_POINT ( 'NONE',  ( 1.474845702011461800, -8.371770291512854500, -0.5144932263011580100 ) ) ;
#5118 = CARTESIAN_POINT ( 'NONE',  ( 2.114054499415412500, -6.284664482292091800, -15.00000000000000000 ) ) ;
#5119 = CARTESIAN_POINT ( 'NONE',  ( -3.876340607088272900, -36.88091728453896700, -5.000000000000000900 ) ) ;
#5120 = CARTESIAN_POINT ( 'NONE',  ( 7.719321187987030300, 3.558638272799517800, 6.593835907974130000 ) ) ;
#5121 = ORIENTED_EDGE ( 'NONE', *, *, #1426, .T. ) ;
#5122 = AXIS2_PLACEMENT_3D ( 'NONE', #5626, #3446, #2928 ) ;
#5123 = CARTESIAN_POINT ( 'NONE',  ( -18.15147399410025400, -32.34123452736791600, -5.000000000000000900 ) ) ;
#5124 = CARTESIAN_POINT ( 'NONE',  ( -7.110741724806455700, -4.657236469207723500, 6.061900531634274000 ) ) ;
#5125 = ORIENTED_EDGE ( 'NONE', *, *, #6083, .F. ) ;
#5126 = EDGE_CURVE ( 'NONE', #5058, #6218, #804, .T. ) ;
#5127 = AXIS2_PLACEMENT_3D ( 'NONE', #3961, #2569, #3586 ) ;
#5128 = DIRECTION ( 'NONE',  ( -0.0000000000000000000, -0.0000000000000000000, 1.000000000000000000 ) ) ;
#5129 = DIRECTION ( 'NONE',  ( 1.000000000000000000, 0.0000000000000000000, 0.0000000000000000000 ) ) ;
#5130 = B_SPLINE_CURVE_WITH_KNOTS ( 'NONE', 3,
 ( #5559, #4018, #2400, #1846, #3389, #4544, #1814, #1347, #2375, #6143 ),
 .UNSPECIFIED., .F., .F.,
 ( 4, 2, 2, 2, 4 ),
 ( 0.004153642823813850400, 0.004662992387425085400, 0.004917667169230703800, 0.005045004560133513000, 0.005172341951036321300 ),
 .UNSPECIFIED. ) ;
#5131 = CARTESIAN_POINT ( 'NONE',  ( -0.5773502691896251800, 6.499999999999993800, 9.999999999999998200 ) ) ;
#5132 = ORIENTED_EDGE ( 'NONE', *, *, #3860, .T. ) ;
#5133 = EDGE_CURVE ( 'NONE', #4126, #6341, #5661, .T. ) ;
#5134 = EDGE_CURVE ( 'NONE', #1479, #1180, #5697, .T. ) ;
#5135 = FACE_OUTER_BOUND ( 'NONE', #4982, .T. ) ;
#5136 = CYLINDRICAL_SURFACE ( 'NONE', #4303, 3.946090011793464700 ) ;
#5137 = CARTESIAN_POINT ( 'NONE',  ( -3.808198772861914400, -36.88807927991492600, -5.000000000000000900 ) ) ;
#5138 = ORIENTED_EDGE ( 'NONE', *, *, #1732, .F. ) ;
#5139 = CARTESIAN_POINT ( 'NONE',  ( 5.704652228857835200, 6.301510026548329300, 6.595592633140100200 ) ) ;
#5140 = AXIS2_PLACEMENT_3D ( 'NONE', #521, #6479, #594 ) ;
#5141 = ORIENTED_EDGE ( 'NONE', *, *, #10, .F. ) ;
#5142 = CIRCLE ( 'NONE', #1087, 3.946090011793466100 ) ;
#5143 = ORIENTED_EDGE ( 'NONE', *, *, #6885, .F. ) ;
#5144 = ORIENTED_EDGE ( 'NONE', *, *, #2894, .F. ) ;
#5145 = B_SPLINE_CURVE_WITH_KNOTS ( 'NONE', 3,
 ( #4052, #845, #3495, #4028, #6673, #5571, #4535, #3441 ),
 .UNSPECIFIED., .F., .F.,
 ( 4, 2, 2, 4 ),
 ( 1.992342074533986100E-007, 0.002695036964427872200, 0.005389874694648290500, 0.01077955015508912800 ),
 .UNSPECIFIED. ) ;
#5146 = CARTESIAN_POINT ( 'NONE',  ( 6.029257564594827200, -2.759399808157259000, -15.00000000000000000 ) ) ;
#5147 = DIRECTION ( 'NONE',  ( -0.0000000000000000000, -0.0000000000000000000, 1.000000000000000000 ) ) ;
#5148 = AXIS2_PLACEMENT_3D ( 'NONE', #2727, #5390, #2689 ) ;
#5149 = VERTEX_POINT ( 'NONE', #5286 ) ;
#5150 = CIRCLE ( 'NONE', #6412, 1.312500000000006400 ) ;
#5151 = ORIENTED_EDGE ( 'NONE', *, *, #1641, .F. ) ;
#5152 = ADVANCED_FACE ( 'NONE', ( #135 ), #4330, .F. ) ;
#5153 = VERTEX_POINT ( 'NONE', #4259 ) ;
#5154 = EDGE_CURVE ( 'NONE', #4418, #5245, #1566, .T. ) ;
#5155 = EDGE_LOOP ( 'NONE', ( #3298, #6465, #942, #2405, #888 ) ) ;
#5156 = CARTESIAN_POINT ( 'NONE',  ( 8.376276677044053500, 1.444987553419920400, -5.000000000000004400 ) ) ;
#5157 = DIRECTION ( 'NONE',  ( -0.3090169943749573900, -0.9510565162951504200, 0.0000000000000000000 ) ) ;
#5158 = CARTESIAN_POINT ( 'NONE',  ( 7.871210902642040700, 1.035258386167027900, -15.00000000000000000 ) ) ;
#5159 = CARTESIAN_POINT ( 'NONE',  ( 6.630349875966786000, 0.06851717849924807100, -5.000000000000000900 ) ) ;
#5160 = ORIENTED_EDGE ( 'NONE', *, *, #5555, .T. ) ;
#5161 = CIRCLE ( 'NONE', #937, 7.939000000000005400 ) ;
#5162 = EDGE_LOOP ( 'NONE', ( #1622, #4441, #2155, #4976 ) ) ;
#5163 = ORIENTED_EDGE ( 'NONE', *, *, #6791, .F. ) ;
#5164 = CARTESIAN_POINT ( 'NONE',  ( 2.944918812664606200, 7.973586195041954200, 6.300627889084198700 ) ) ;
#5165 = DIRECTION ( 'NONE',  ( -0.0000000000000000000, -0.0000000000000000000, -1.000000000000000000 ) ) ;
#5166 = CARTESIAN_POINT ( 'NONE',  ( -5.927207807668772900, -6.092471387264859000, -15.00000000000000000 ) ) ;
#5167 = LINE ( 'NONE', #3696, #6028 ) ;
#5168 = CIRCLE ( 'NONE', #299, 30.54279649802282700 ) ;
#5169 = TOROIDAL_SURFACE ( 'NONE', #3344, 30.45371781153436100, 0.3926990816987236400 ) ;
#5170 = EDGE_LOOP ( 'NONE', ( #1557, #2687, #1079, #5530 ) ) ;
#5171 = CARTESIAN_POINT ( 'NONE',  ( 0.0000000000000000000, 3.000000000000000900, 9.687499999999992900 ) ) ;
#5172 = EDGE_CURVE ( 'NONE', #6218, #2597, #6513, .T. ) ;
#5173 = VECTOR ( 'NONE', #2596, 999.9999999999998900 ) ;
#5174 = ORIENTED_EDGE ( 'NONE', *, *, #4455, .T. ) ;
#5175 = LINE ( 'NONE', #676, #2635 ) ;
#5176 = LINE ( 'NONE', #4584, #1251 ) ;
#5177 = CARTESIAN_POINT ( 'NONE',  ( 0.1346613466946400300, 3.000000000000000400, 9.000000000000003600 ) ) ;
#5178 = CARTESIAN_POINT ( 'NONE',  ( -7.483963737787813200, 2.649152274120371700, -15.00000000000000000 ) ) ;
#5179 = AXIS2_PLACEMENT_3D ( 'NONE', #2607, #992, #6901 ) ;
#5180 = ADVANCED_FACE ( 'NONE', ( #5751 ), #2898, .F. ) ;
#5181 = DIRECTION ( 'NONE',  ( 1.000000000000000000, 0.0000000000000000000, 0.0000000000000000000 ) ) ;
#5182 = ORIENTED_EDGE ( 'NONE', *, *, #3603, .F. ) ;
#5183 = ORIENTED_EDGE ( 'NONE', *, *, #5862, .F. ) ;
#5184 = DIRECTION ( 'NONE',  ( 0.1045284632676436600, -0.9945218953682744000, -0.0000000000000000000 ) ) ;
#5185 = B_SPLINE_CURVE_WITH_KNOTS ( 'NONE', 3,
 ( #6631, #2367, #2792, #3321, #116, #3855, #1857, #236, #6119, #262 ),
 .UNSPECIFIED., .F., .F.,
 ( 4, 2, 2, 2, 4 ),
 ( 0.004112285453518463500, 0.004615986260858583700, 0.004867836664528645200, 0.004993761866363674600, 0.005119687068198704000 ),
 .UNSPECIFIED. ) ;
#5186 = FACE_OUTER_BOUND ( 'NONE', #1799, .T. ) ;
#5187 = EDGE_CURVE ( 'NONE', #3126, #3490, #6921, .T. ) ;
#5188 = CARTESIAN_POINT ( 'NONE',  ( -4.629954344567805100, -5.374268191762657100, -15.00000000000000000 ) ) ;
#5189 = CARTESIAN_POINT ( 'NONE',  ( 6.014742451146870100, 6.006069700438824400, 5.729814788971695300 ) ) ;
#5190 = ORIENTED_EDGE ( 'NONE', *, *, #2414, .F. ) ;
#5191 = CARTESIAN_POINT ( 'NONE',  ( 2.915909301252108700, 7.984325700117588000, 6.379053831923560100 ) ) ;
#5192 = DIRECTION ( 'NONE',  ( 0.2079116908177532400, -0.9781476007338069100, 0.0000000000000000000 ) ) ;
#5193 = ORIENTED_EDGE ( 'NONE', *, *, #6203, .F. ) ;
#5194 = EDGE_CURVE ( 'NONE', #1526, #2849, #5242, .T. ) ;
#5195 = ORIENTED_EDGE ( 'NONE', *, *, #2810, .F. ) ;
#5196 = AXIS2_PLACEMENT_3D ( 'NONE', #6045, #1275, #5562 ) ;
#5197 = B_SPLINE_CURVE_WITH_KNOTS ( 'NONE', 3,
 ( #2888, #4975, #5618, #2938, #3912, #1278, #6642, #1824, #5025, #255, #2382, #1872, #226, #1780, #5567, #3949, #3369, #764, #178, #1301, #714, #2310, #6061, #2853 ),
 .UNSPECIFIED., .F., .F.,
 ( 4, 2, 2, 2, 2, 2, 2, 2, 2, 2, 2, 4 ),
 ( 0.009109182025901878300, 0.01002074972041898400, 0.01093231741493608800, 0.01184388510945319100, 0.01229966895671174600, 0.01275545280397030100, 0.01321123665122885300, 0.01366702049848740800, 0.01457858819300451300, 0.01549015588752161700, 0.01594593973478017000, 0.01640172358203872300 ),
 .UNSPECIFIED. ) ;
#5198 = CARTESIAN_POINT ( 'NONE',  ( 8.498725491092592700, 0.1506307513716318200, 6.573007319076529200 ) ) ;
#5199 = DIRECTION ( 'NONE',  ( 1.000000000000000000, 0.0000000000000000000, 0.0000000000000000000 ) ) ;
#5200 = DIRECTION ( 'NONE',  ( 1.000000000000000000, 0.0000000000000000000, 0.0000000000000000000 ) ) ;
#5201 = DIRECTION ( 'NONE',  ( -0.0000000000000000000, -0.0000000000000000000, -1.000000000000000000 ) ) ;
#5202 = DIRECTION ( 'NONE',  ( 0.4067366430758011500, 0.9135454576426006400, 0.0000000000000000000 ) ) ;
#5203 = DIRECTION ( 'NONE',  ( -0.0000000000000000000, 1.000000000000000000, -0.0000000000000000000 ) ) ;
#5204 = ORIENTED_EDGE ( 'NONE', *, *, #5817, .T. ) ;
#5205 = ADVANCED_FACE ( 'NONE', ( #4143 ), #5588, .F. ) ;
#5206 = CARTESIAN_POINT ( 'NONE',  ( 2.829121305674004100, 8.015428381009474600, 6.518666045981659900 ) ) ;
#5207 = CARTESIAN_POINT ( 'NONE',  ( -0.5525219084785433200, 8.482060154842130800, 6.299846091467888000 ) ) ;
#5208 = CARTESIAN_POINT ( 'NONE',  ( 6.014742451146870100, 6.006069700438824400, 5.729814788971695300 ) ) ;
#5209 = EDGE_CURVE ( 'NONE', #4759, #2790, #4910, .T. ) ;
#5210 = EDGE_CURVE ( 'NONE', #2101, #3719, #2742, .T. ) ;
#5211 = ORIENTED_EDGE ( 'NONE', *, *, #4666, .T. ) ;
#5212 = CARTESIAN_POINT ( 'NONE',  ( -2.989342498469639100, 7.762044193202149800, -14.62213447650600200 ) ) ;
#5213 = CARTESIAN_POINT ( 'NONE',  ( 5.019250173100271400, 6.863231791538097100, 2.162189097219629400 ) ) ;
#5214 = CARTESIAN_POINT ( 'NONE',  ( -7.631787345537641300, 2.803967694017332100, -14.80898902359521200 ) ) ;
#5215 = ORIENTED_EDGE ( 'NONE', *, *, #1152, .T. ) ;
#5216 = CARTESIAN_POINT ( 'NONE',  ( -0.7201538861513948600, 6.196318295184934000, -5.000000000000000900 ) ) ;
#5217 = FACE_OUTER_BOUND ( 'NONE', #2041, .T. ) ;
#5218 = ORIENTED_EDGE ( 'NONE', *, *, #1854, .F. ) ;
#5219 = EDGE_CURVE ( 'NONE', #6024, #4838, #49, .T. ) ;
#5220 = APPLICATION_PROTOCOL_DEFINITION ( 'international standard', 'config_control_design', 1994, #4067 ) ;
#5221 = AXIS2_PLACEMENT_3D ( 'NONE', #3699, #1610, #6869 ) ;
#5222 = CARTESIAN_POINT ( 'NONE',  ( -2.339275608533276900, -6.696792176639157800, -15.00000000000000000 ) ) ;
#5223 = CARTESIAN_POINT ( 'NONE',  ( -2.880075745088638900, 5.890396857461869500, -5.000000000000004400 ) ) ;
#5224 = B_SPLINE_CURVE_WITH_KNOTS ( 'NONE', 3,
 ( #3615, #2096, #506, #1016 ),
 .UNSPECIFIED., .F., .F.,
 ( 4, 4 ),
 ( 2.997673150836943600E-007, 0.0008591888328958478700 ),
 .UNSPECIFIED. ) ;
#5225 = CARTESIAN_POINT ( 'NONE',  ( -8.208780163052043800, 2.205884909694119300, 5.729814788967816600 ) ) ;
#5226 = CARTESIAN_POINT ( 'NONE',  ( -3.661195444389582700, 5.439417188801159300, -5.000000000000000900 ) ) ;
#5227 = EDGE_LOOP ( 'NONE', ( #1071, #6743, #2867, #6177, #6338 ) ) ;
#5228 = FACE_OUTER_BOUND ( 'NONE', #2154, .T. ) ;
#5229 = ORIENTED_EDGE ( 'NONE', *, *, #2536, .T. ) ;
#5230 = ORIENTED_EDGE ( 'NONE', *, *, #2929, .T. ) ;
#5231 = CARTESIAN_POINT ( 'NONE',  ( 2.691722823870710300, 8.062544774415425100, 6.594685079528104200 ) ) ;
#5232 = CARTESIAN_POINT ( 'NONE',  ( -0.7785250912960857100, 8.464376056364924800, 6.593850595536586900 ) ) ;
#5233 = EDGE_LOOP ( 'NONE', ( #6283, #3144, #3422, #1157 ) ) ;
#5234 = CIRCLE ( 'NONE', #890, 0.3926990816987240300 ) ;
#5235 = CARTESIAN_POINT ( 'NONE',  ( -35.38087622432369300, -11.91057841470681900, -5.000000000000000900 ) ) ;
#5236 = AXIS2_PLACEMENT_3D ( 'NONE', #4119, #1119, #5905 ) ;
#5237 = ORIENTED_EDGE ( 'NONE', *, *, #6791, .T. ) ;
#5238 = ORIENTED_EDGE ( 'NONE', *, *, #3560, .T. ) ;
#5239 = DIRECTION ( 'NONE',  ( -0.9135454576426060800, -0.4067366430757887200, -3.407789085892845700E-016 ) ) ;
#5240 = DIRECTION ( 'NONE',  ( 1.000000000000000000, 0.0000000000000000000, 0.0000000000000000000 ) ) ;
#5241 = VERTEX_POINT ( 'NONE', #5902 ) ;
#5242 = LINE ( 'NONE', #5863, #4055 ) ;
#5243 = EDGE_LOOP ( 'NONE', ( #2994, #6661, #3632, #5983 ) ) ;
#5244 = EDGE_LOOP ( 'NONE', ( #1989, #2275, #4574, #1733, #697 ) ) ;
#5245 = VERTEX_POINT ( 'NONE', #4281 ) ;
#5246 = ADVANCED_FACE ( 'NONE', ( #6168 ), #2820, .T. ) ;
#5247 = DIRECTION ( 'NONE',  ( -0.9510565162951503100, 0.3090169943749573900, 0.0000000000000000000 ) ) ;
#5248 = AXIS2_PLACEMENT_3D ( 'NONE', #2353, #2930, #4475 ) ;
#5249 = FACE_OUTER_BOUND ( 'NONE', #933, .T. ) ;
#5250 = EDGE_CURVE ( 'NONE', #6930, #3354, #4737, .T. ) ;
#5251 = LINE ( 'NONE', #5622, #3825 ) ;
#5252 = CARTESIAN_POINT ( 'NONE',  ( -4.383815839212458200E-016, 8.029657287525385100, 11.00000000000000000 ) ) ;
#5253 = CARTESIAN_POINT ( 'NONE',  ( 6.084994458946447100, -2.634212693780309400, -15.00000000000000000 ) ) ;
#5254 = CARTESIAN_POINT ( 'NONE',  ( 7.064380123506982300, 4.727000472871792700, -14.43900000000408200 ) ) ;
#5255 = ORIENTED_EDGE ( 'NONE', *, *, #780, .F. ) ;
#5256 = CARTESIAN_POINT ( 'NONE',  ( -8.261130586615564700, 2.001053542589295900, 6.484600901441059900 ) ) ;
#5257 = VERTEX_POINT ( 'NONE', #3850 ) ;
#5258 = DIRECTION ( 'NONE',  ( 1.000000000000000000, 0.0000000000000000000, 0.0000000000000000000 ) ) ;
#5259 = CARTESIAN_POINT ( 'NONE',  ( 1.447748701012486800, 7.805878854985947700, -15.00000000000000000 ) ) ;
#5260 = VECTOR ( 'NONE', #608, 1000.000000000000000 ) ;
#5261 = ORIENTED_EDGE ( 'NONE', *, *, #4420, .F. ) ;
#5262 = TOROIDAL_SURFACE ( 'NONE', #478, 31.43791576719764100, 3.946090011793464700 ) ;
#5263 = EDGE_CURVE ( 'NONE', #5502, #6076, #641, .T. ) ;
#5264 = CYLINDRICAL_SURFACE ( 'NONE', #2780, 3.946090011793464700 ) ;
#5265 = ORIENTED_EDGE ( 'NONE', *, *, #1800, .T. ) ;
#5266 = CARTESIAN_POINT ( 'NONE',  ( -5.439534267936030800, -6.531574614737269100, -15.00000000000000000 ) ) ;
#5267 = VECTOR ( 'NONE', #3450, 999.9999999999998900 ) ;
#5268 = LINE ( 'NONE', #1401, #5960 ) ;
#5269 = ADVANCED_FACE ( 'NONE', ( #2477 ), #3799, .F. ) ;
#5270 = EDGE_LOOP ( 'NONE', ( #624, #4771, #6151, #2910 ) ) ;
#5271 = CARTESIAN_POINT ( 'NONE',  ( 5.432424558373855700, 6.537536392287028900, 6.299084469805354300 ) ) ;
#5272 = EDGE_CURVE ( 'NONE', #31, #5431, #2609, .T. ) ;
#5273 = AXIS2_PLACEMENT_3D ( 'NONE', #3365, #1822, #6551 ) ;
#5274 = CIRCLE ( 'NONE', #3363, 30.84641689323308700 ) ;
#5275 = DIRECTION ( 'NONE',  ( 0.5000000000000038900, 0.8660254037844361500, 0.0000000000000000000 ) ) ;
#5276 = ORIENTED_EDGE ( 'NONE', *, *, #2529, .T. ) ;
#5277 = DIRECTION ( 'NONE',  ( -0.5877852522924798000, -0.8090169943749425700, 0.0000000000000000000 ) ) ;
#5278 = DIRECTION ( 'NONE',  ( 0.0000000000000000000, -0.0000000000000000000, 1.000000000000000000 ) ) ;
#5279 = B_SPLINE_CURVE_WITH_KNOTS ( 'NONE', 3,
 ( #2390, #3919, #1785, #5533, #166, #2297, #233, #724, #1806, #6677 ),
 .UNSPECIFIED., .F., .F.,
 ( 4, 2, 2, 2, 4 ),
 ( 1.499681071496272100E-005, 0.0001410552647394628900, 0.0002671137187639630400, 0.0005192306268129622900, 0.001023464442910958100 ),
 .UNSPECIFIED. ) ;
#5280 = EDGE_CURVE ( 'NONE', #5930, #3147, #1740, .T. ) ;
#5281 = EDGE_CURVE ( 'NONE', #856, #1508, #5841, .T. ) ;
#5282 = EDGE_LOOP ( 'NONE', ( #4879, #2449 ) ) ;
#5283 = AXIS2_PLACEMENT_3D ( 'NONE', #3376, #1771, #5504 ) ;
#5284 = CARTESIAN_POINT ( 'NONE',  ( 33.69455163030112700, 15.49543963060371300, -5.000000000000000900 ) ) ;
#5285 = ADVANCED_FACE ( 'NONE', ( #219 ), #2973, .F. ) ;
#5286 = CARTESIAN_POINT ( 'NONE',  ( -6.492092665173069900, 0.9188820722217747600, -15.00000000000000000 ) ) ;
#5287 = CARTESIAN_POINT ( 'NONE',  ( 7.885045732160295800, -3.174590274815226800, 6.376678838872276600 ) ) ;
#5288 = CARTESIAN_POINT ( 'NONE',  ( 0.0000000000000000000, 0.0000000000000000000, -14.43900000000000000 ) ) ;
#5289 = EDGE_CURVE ( 'NONE', #2374, #6116, #3122, .T. ) ;
#5290 = CARTESIAN_POINT ( 'NONE',  ( 6.541271189478328200, -0.4509796686607168700, -15.00000000000000000 ) ) ;
#5291 = AXIS2_PLACEMENT_3D ( 'NONE', #2824, #5483, #2245 ) ;
#5292 = CARTESIAN_POINT ( 'NONE',  ( 6.029257564594827200, -2.759399808157259000, -15.00000000000000000 ) ) ;
#5293 = B_SPLINE_CURVE_WITH_KNOTS ( 'NONE', 3,
 ( #977, #5326, #5881, #1614 ),
 .UNSPECIFIED., .F., .F.,
 ( 4, 4 ),
 ( 2.997672518031485600E-007, 0.0008591888328327150000 ),
 .UNSPECIFIED. ) ;
#5294 = CARTESIAN_POINT ( 'NONE',  ( -6.304564774301722400, -1.801131433982102500, -5.000000000000000900 ) ) ;
#5295 = ORIENTED_EDGE ( 'NONE', *, *, #2893, .F. ) ;
#5296 = DIRECTION ( 'NONE',  ( -0.0000000000000000000, 0.0000000000000000000, 1.000000000000000000 ) ) ;
#5297 = DIRECTION ( 'NONE',  ( -1.224646799147353900E-016, 1.000000000000000000, -0.0000000000000000000 ) ) ;
#5298 = ADVANCED_FACE ( 'NONE', ( #5420 ), #5496, .T. ) ;
#5299 = DIRECTION ( 'NONE',  ( -0.0000000000000000000, -0.0000000000000000000, 1.000000000000000000 ) ) ;
#5300 = ORIENTED_EDGE ( 'NONE', *, *, #171, .T. ) ;
#5301 = CARTESIAN_POINT ( 'NONE',  ( -5.006092110488721000, -3.721830707633685600, -5.000000000000000900 ) ) ;
#5302 = LINE ( 'NONE', #281, #2953 ) ;
#5303 = CARTESIAN_POINT ( 'NONE',  ( 7.859861173432847200, -3.236213024070808200, 6.483605093079670000 ) ) ;
#5304 = VERTEX_POINT ( 'NONE', #4353 ) ;
#5305 = DIRECTION ( 'NONE',  ( 0.0000000000000000000, -1.000000000000000000, 0.0000000000000000000 ) ) ;
#5306 = EDGE_CURVE ( 'NONE', #4135, #886, #6836, .T. ) ;
#5307 = AXIS2_PLACEMENT_3D ( 'NONE', #335, #2966, #3500 ) ;
#5308 = FACE_OUTER_BOUND ( 'NONE', #1953, .T. ) ;
#5309 = CARTESIAN_POINT ( 'NONE',  ( -1.192254891942331700, -8.416084075168614100, 6.378621048047359700 ) ) ;
#5310 = FACE_OUTER_BOUND ( 'NONE', #6211, .T. ) ;
#5311 = CARTESIAN_POINT ( 'NONE',  ( 7.939000000000005400, 9.722470938430845000E-016, 15.00000000000000000 ) ) ;
#5312 = ORIENTED_EDGE ( 'NONE', *, *, #6274, .T. ) ;
#5313 = CARTESIAN_POINT ( 'NONE',  ( 2.184768287610742800, 8.214425575136123900, 11.00000000000000000 ) ) ;
#5314 = DIRECTION ( 'NONE',  ( 0.9510565162951544200, 0.3090169943749449500, 0.0000000000000000000 ) ) ;
#5315 = EDGE_CURVE ( 'NONE', #4060, #4299, #3312, .T. ) ;
#5316 = ADVANCED_FACE ( 'NONE', ( #1658 ), #3306, .F. ) ;
#5317 = CARTESIAN_POINT ( 'NONE',  ( -3.458912777927971100, -5.205614506922945100, -15.00000000000000000 ) ) ;
#5318 = VERTEX_POINT ( 'NONE', #2201 ) ;
#5319 = VECTOR ( 'NONE', #2211, 1000.000000000000100 ) ;
#5320 = ORIENTED_EDGE ( 'NONE', *, *, #771, .T. ) ;
#5321 = ORIENTED_EDGE ( 'NONE', *, *, #3636, .F. ) ;
#5322 = AXIS2_PLACEMENT_3D ( 'NONE', #6126, #1274, #6192 ) ;
#5323 = CARTESIAN_POINT ( 'NONE',  ( 5.858102655693467200, 2.178332682433327800, -15.00000000000000000 ) ) ;
#5324 = CARTESIAN_POINT ( 'NONE',  ( 3.962676671442886700, -7.519786805329146300, -4.098010348346043100 ) ) ;
#5325 = CARTESIAN_POINT ( 'NONE',  ( -8.299738960864882400, 1.834211869305619300, 6.594685079528102500 ) ) ;
#5326 = CARTESIAN_POINT ( 'NONE',  ( -1.990868261807172500, -7.883074049351720600, -14.80898902440019200 ) ) ;
#5327 = CARTESIAN_POINT ( 'NONE',  ( -7.892805129291041100, -3.154936955149449500, -15.00000000000000000 ) ) ;
#5328 = VERTEX_POINT ( 'NONE', #4392 ) ;
#5329 = VECTOR ( 'NONE', #2508, 999.9999999999998900 ) ;
#5330 = ORIENTED_EDGE ( 'NONE', *, *, #5027, .T. ) ;
#5331 = EDGE_LOOP ( 'NONE', ( #4522, #3863, #2174, #6092 ) ) ;
#5332 = ORIENTED_EDGE ( 'NONE', *, *, #2894, .T. ) ;
#5333 = CARTESIAN_POINT ( 'NONE',  ( 4.532886174746719700, 6.890733991732246500, -14.69157721615066400 ) ) ;
#5334 = CARTESIAN_POINT ( 'NONE',  ( 2.194037711903896100, 8.211954610124413600, 5.729814788946964800 ) ) ;
#5335 = DIRECTION ( 'NONE',  ( 0.0000000000000000000, 0.0000000000000000000, -1.000000000000000000 ) ) ;
#5336 = AXIS2_PLACEMENT_3D ( 'NONE', #3710, #5883, #4741 ) ;
#5337 = EDGE_LOOP ( 'NONE', ( #3887, #2659, #6103 ) ) ;
#5338 = LINE ( 'NONE', #983, #2249 ) ;
#5339 = VERTEX_POINT ( 'NONE', #29 ) ;
#5340 = ADVANCED_FACE ( 'NONE', ( #4572 ), #1225, .F. ) ;
#5341 = EDGE_LOOP ( 'NONE', ( #5665, #6249, #1829, #1921, #1075 ) ) ;
#5342 = CARTESIAN_POINT ( 'NONE',  ( -3.118825397134056500, -5.401964047772310100, -5.000000000000000900 ) ) ;
#5343 = CARTESIAN_POINT ( 'NONE',  ( 5.455844791470163100, 6.518109162923392900, 6.376830902290369500 ) ) ;
#5344 = LINE ( 'NONE', #5845, #2677 ) ;
#5345 = CARTESIAN_POINT ( 'NONE',  ( -1.126984753913141900, 8.424986397858306800, 6.484011178313076100 ) ) ;
#5346 = ORIENTED_EDGE ( 'NONE', *, *, #4355, .F. ) ;
#5347 = CYLINDRICAL_SURFACE ( 'NONE', #928, 0.3926990816987240300 ) ;
#5348 = FACE_OUTER_BOUND ( 'NONE', #327, .T. ) ;
#5349 = DIRECTION ( 'NONE',  ( -0.4067366430757888800, 0.9135454576426062000, 0.0000000000000000000 ) ) ;
#5350 = DIRECTION ( 'NONE',  ( -0.0000000000000000000, -0.0000000000000000000, 1.000000000000000000 ) ) ;
#5351 = VERTEX_POINT ( 'NONE', #2182 ) ;
#5352 = FACE_OUTER_BOUND ( 'NONE', #5770, .T. ) ;
#5353 = CARTESIAN_POINT ( 'NONE',  ( -14.82314244415725000, -34.26284764367985500, -5.000000000000000900 ) ) ;
#5354 = TOROIDAL_SURFACE ( 'NONE', #2932, 30.45371781153436800, 0.3926990816987236400 ) ;
#5355 = CIRCLE ( 'NONE', #4784, 0.3926990816987240300 ) ;
#5356 = ORIENTED_EDGE ( 'NONE', *, *, #4329, .T. ) ;
#5357 = VECTOR ( 'NONE', #3673, 1000.000000000000000 ) ;
#5358 = ADVANCED_FACE ( 'NONE', ( #1058 ), #3127, .T. ) ;
#5359 = EDGE_CURVE ( 'NONE', #6243, #4995, #3219, .T. ) ;
#5360 = DIRECTION ( 'NONE',  ( -0.0000000000000000000, -0.0000000000000000000, 1.000000000000000000 ) ) ;
#5361 = CARTESIAN_POINT ( 'NONE',  ( 0.0000000000000000000, 0.0000000000000000000, -15.00000000000000000 ) ) ;
#5362 = DIRECTION ( 'NONE',  ( 0.9510565162951544200, 0.3090169943749449500, 0.0000000000000000000 ) ) ;
#5363 = VERTEX_POINT ( 'NONE', #4482 ) ;
#5364 = CARTESIAN_POINT ( 'NONE',  ( 33.90585003400321500, -15.02085564562152300, -5.000000000000000900 ) ) ;
#5365 = EDGE_CURVE ( 'NONE', #5241, #2779, #41, .T. ) ;
#5366 = ORIENTED_EDGE ( 'NONE', *, *, #864, .T. ) ;
#5367 = DIRECTION ( 'NONE',  ( 0.1045284632676570900, 0.9945218953682729600, 0.0000000000000000000 ) ) ;
#5368 = DIRECTION ( 'NONE',  ( -0.0000000000000000000, -0.0000000000000000000, -1.000000000000000000 ) ) ;
#5369 = AXIS2_PLACEMENT_3D ( 'NONE', #4250, #5799, #6502 ) ;
#5370 = DIRECTION ( 'NONE',  ( -0.9510565162951503100, 0.3090169943749573900, 0.0000000000000000000 ) ) ;
#5371 = DIRECTION ( 'NONE',  ( -0.0000000000000000000, -0.0000000000000000000, -1.000000000000000000 ) ) ;
#5372 = CARTESIAN_POINT ( 'NONE',  ( 4.532886174746260500, -7.069293181989132300, -14.54126440246397500 ) ) ;
#5373 = CARTESIAN_POINT ( 'NONE',  ( -1.790575700568343100, 2.407888703989437700, 11.90030103991944800 ) ) ;
#5374 = ADVANCED_FACE ( 'NONE', ( #209 ), #296, .F. ) ;
#5375 = CARTESIAN_POINT ( 'NONE',  ( 3.416927169439096800, -7.166053985196385600, -15.00000000000000000 ) ) ;
#5376 = DIRECTION ( 'NONE',  ( -0.0000000000000000000, 1.000000000000000000, 0.0000000000000000000 ) ) ;
#5377 = AXIS2_PLACEMENT_3D ( 'NONE', #6132, #1330, #196 ) ;
#5378 = DIRECTION ( 'NONE',  ( -0.0000000000000000000, 1.000000000000000000, -0.0000000000000000000 ) ) ;
#5379 = DIRECTION ( 'NONE',  ( 0.0000000000000000000, -0.0000000000000000000, 1.000000000000000000 ) ) ;
#5380 = DIRECTION ( 'NONE',  ( 0.9510565162951544200, 0.3090169943749449500, 0.0000000000000000000 ) ) ;
#5381 = ORIENTED_EDGE ( 'NONE', *, *, #3903, .T. ) ;
#5382 = DIRECTION ( 'NONE',  ( 0.8090169943749504500, 0.5877852522924689200, 0.0000000000000000000 ) ) ;
#5383 = AXIS2_PLACEMENT_3D ( 'NONE', #5955, #6472, #3258 ) ;
#5384 = CARTESIAN_POINT ( 'NONE',  ( 5.506816577920767800, -6.474987402274181600, 6.483890069705063700 ) ) ;
#5385 = EDGE_CURVE ( 'NONE', #4989, #4652, #5578, .T. ) ;
#5386 = CARTESIAN_POINT ( 'NONE',  ( 0.5867961629528896100, 7.069293181989124300, -15.00000000000000000 ) ) ;
#5387 = ADVANCED_FACE ( 'NONE', ( #2890 ), #4985, .T. ) ;
#5388 = CARTESIAN_POINT ( 'NONE',  ( 15.54363964071885100, 33.94206162408622200, -5.000000000000000900 ) ) ;
#5389 = ORIENTED_EDGE ( 'NONE', *, *, #1709, .T. ) ;
#5390 = DIRECTION ( 'NONE',  ( -0.0000000000000000000, 0.0000000000000000000, 1.000000000000000000 ) ) ;
#5391 = CARTESIAN_POINT ( 'NONE',  ( 3.930495718260421400, -7.536946757442511700, -3.199390474208982500 ) ) ;
#5392 = CARTESIAN_POINT ( 'NONE',  ( 6.084994458946483500, 2.634212693780227700, -15.00000000000000000 ) ) ;
#5393 = DIRECTION ( 'NONE',  ( 0.0000000000000000000, 0.0000000000000000000, 1.000000000000000000 ) ) ;
#5394 = FACE_OUTER_BOUND ( 'NONE', #4460, .T. ) ;
#5395 = PERSON_AND_ORGANIZATION ( #2117, #6484 ) ;
#5396 = DIRECTION ( 'NONE',  ( -0.0000000000000000000, -0.0000000000000000000, 1.000000000000000000 ) ) ;
#5397 = ORIENTED_EDGE ( 'NONE', *, *, #3260, .F. ) ;
#5398 = CARTESIAN_POINT ( 'NONE',  ( 3.768062445650574200, 7.415335761369078700, -14.62213445113552100 ) ) ;
#5399 = CARTESIAN_POINT ( 'NONE',  ( 0.0000000000000000000, 0.0000000000000000000, 15.00000000000000000 ) ) ;
#5400 = ORIENTED_EDGE ( 'NONE', *, *, #5894, .F. ) ;
#5401 = CIRCLE ( 'NONE', #357, 30.84641689323309100 ) ;
#5402 = CARTESIAN_POINT ( 'NONE',  ( 0.0000000000000000000, 8.499999999999987600, 11.00000000000000000 ) ) ;
#5403 = DIRECTION ( 'NONE',  ( 0.0000000000000000000, -0.0000000000000000000, -1.000000000000000000 ) ) ;
#5404 = ORIENTED_EDGE ( 'NONE', *, *, #5001, .F. ) ;
#5405 = EDGE_CURVE ( 'NONE', #5058, #2144, #4307, .T. ) ;
#5406 = ORIENTED_EDGE ( 'NONE', *, *, #961, .F. ) ;
#5407 = ADVANCED_FACE ( 'NONE', ( #2733, #559 ), #1651, .T. ) ;
#5408 = AXIS2_PLACEMENT_3D ( 'NONE', #565, #2787, #6534 ) ;
#5409 = CARTESIAN_POINT ( 'NONE',  ( -1.154700538379251900, 8.499999999999992900, 11.00000000000000000 ) ) ;
#5410 = DIRECTION ( 'NONE',  ( -0.7071067811865541200, 0.7071067811865408000, 0.0000000000000000000 ) ) ;
#5411 = ORIENTED_EDGE ( 'NONE', *, *, #816, .T. ) ;
#5412 = CIRCLE ( 'NONE', #6187, 1.999999999999999600 ) ;
#5413 = DIRECTION ( 'NONE',  ( 1.000000000000000000, 0.0000000000000000000, 0.0000000000000000000 ) ) ;
#5414 = ORIENTED_EDGE ( 'NONE', *, *, #292, .F. ) ;
#5415 = CARTESIAN_POINT ( 'NONE',  ( 0.5615124314577416600, 8.481432885386672300, -14.43900000000000000 ) ) ;
#5416 = EDGE_LOOP ( 'NONE', ( #6429, #4553, #2732, #547 ) ) ;
#5417 = EDGE_CURVE ( 'NONE', #4418, #31, #3808, .T. ) ;
#5418 = CARTESIAN_POINT ( 'NONE',  ( 8.376276677044055300, -1.444987553419914800, -5.000000000000004400 ) ) ;
#5419 = ORIENTED_EDGE ( 'NONE', *, *, #4308, .T. ) ;
#5420 = FACE_OUTER_BOUND ( 'NONE', #3462, .T. ) ;
#5421 = AXIS2_PLACEMENT_3D ( 'NONE', #5386, #1700, #3341 ) ;
#5422 = CARTESIAN_POINT ( 'NONE',  ( 3.586346252648199100, -7.296885169335522100, -14.80898904182807900 ) ) ;
#5423 = CARTESIAN_POINT ( 'NONE',  ( -5.086638884589770100, 3.610967584008727200, -15.00000000000000000 ) ) ;
#5424 = DIRECTION ( 'NONE',  ( 0.0000000000000000000, 0.0000000000000000000, 1.000000000000000000 ) ) ;
#5425 = VERTEX_POINT ( 'NONE', #1262 ) ;
#5426 = ORIENTED_EDGE ( 'NONE', *, *, #280, .F. ) ;
#5427 = CARTESIAN_POINT ( 'NONE',  ( 1.592456809767692100, 6.360478971340840300, -5.000000000000000900 ) ) ;
#5428 = DIRECTION ( 'NONE',  ( 0.1045284632676435300, -0.9945218953682744000, 0.0000000000000000000 ) ) ;
#5429 = FACE_OUTER_BOUND ( 'NONE', #5337, .T. ) ;
#5430 = VECTOR ( 'NONE', #4974, 1000.000000000000000 ) ;
#5431 = VERTEX_POINT ( 'NONE', #158 ) ;
#5432 = ORIENTED_EDGE ( 'NONE', *, *, #6941, .T. ) ;
#5433 = DIRECTION ( 'NONE',  ( -0.0000000000000000000, -0.0000000000000000000, 1.000000000000000000 ) ) ;
#5434 = DIRECTION ( 'NONE',  ( -0.0000000000000000000, -0.0000000000000000000, 1.000000000000000000 ) ) ;
#5435 = DIRECTION ( 'NONE',  ( 1.000000000000000000, 0.0000000000000000000, 0.0000000000000000000 ) ) ;
#5436 = AXIS2_PLACEMENT_3D ( 'NONE', #5038, #2865, #6621 ) ;
#5437 = DIRECTION ( 'NONE',  ( -0.0000000000000000000, -0.0000000000000000000, -1.000000000000000000 ) ) ;
#5438 = LINE ( 'NONE', #4368, #5602 ) ;
#5439 = FACE_OUTER_BOUND ( 'NONE', #5583, .T. ) ;
#5440 = LINE ( 'NONE', #4468, #3575 ) ;
#5441 = ORIENTED_EDGE ( 'NONE', *, *, #2939, .F. ) ;
#5442 = CARTESIAN_POINT ( 'NONE',  ( 5.456082464722806300, -6.517908166584862600, 6.377335220440763000 ) ) ;
#5443 = LINE ( 'NONE', #5317, #1762 ) ;
#5444 = TOROIDAL_SURFACE ( 'NONE', #2219, 31.43791576719763700, 3.946090011793464700 ) ;
#5445 = DIRECTION ( 'NONE',  ( 0.9945218953682730700, -0.1045284632676571100, 0.0000000000000000000 ) ) ;
#5446 = ORIENTED_EDGE ( 'NONE', *, *, #1967, .T. ) ;
#5447 = CARTESIAN_POINT ( 'NONE',  ( 3.411405546988538700, -6.219449173660799500, -5.000000000000000900 ) ) ;
#5448 = CARTESIAN_POINT ( 'NONE',  ( -1.239585568405024300, 2.739414092209441900, 12.58977602839826000 ) ) ;
#5449 = CARTESIAN_POINT ( 'NONE',  ( -0.4387313559085664300, -8.488669789627971700, 5.729814788946939100 ) ) ;
#5450 = CARTESIAN_POINT ( 'NONE',  ( -7.132038004206534300, -4.624287394471495300, 5.729814788964891800 ) ) ;
#5451 = CARTESIAN_POINT ( 'NONE',  ( -8.305900379998783800, 0.4444300733634888900, -14.62213444115125100 ) ) ;
#5452 = VERTEX_POINT ( 'NONE', #222 ) ;
#5453 = EDGE_CURVE ( 'NONE', #4621, #978, #4321, .T. ) ;
#5454 = AXIS2_PLACEMENT_3D ( 'NONE', #4739, #2056, #6286 ) ;
#5455 = CARTESIAN_POINT ( 'NONE',  ( -2.043761957265851900, 6.792810382441645700, -5.000000000000000900 ) ) ;
#5456 = CARTESIAN_POINT ( 'NONE',  ( -7.892805129290999300, 3.154936955149553900, -15.00000000000000000 ) ) ;
#5457 = VERTEX_POINT ( 'NONE', #3350 ) ;
#5458 = CARTESIAN_POINT ( 'NONE',  ( -6.499706345634429300, 1.311507339667533600, -15.00000000000000000 ) ) ;
#5459 = CARTESIAN_POINT ( 'NONE',  ( 0.5867961629528896100, 7.069293181989124300, -5.000000000000000900 ) ) ;
#5460 = EDGE_CURVE ( 'NONE', #2779, #4104, #1809, .T. ) ;
#5461 = AXIS2_PLACEMENT_3D ( 'NONE', #489, #6327, #5778 ) ;
#5462 = CARTESIAN_POINT ( 'NONE',  ( -4.153517939252740400, -7.416205089451882900, 6.593839813985408000 ) ) ;
#5463 = CARTESIAN_POINT ( 'NONE',  ( 8.239838897035584300, -2.086876841318160600, -14.43900000000408400 ) ) ;
#5464 = DIRECTION ( 'NONE',  ( 0.0000000000000000000, 0.0000000000000000000, -1.000000000000000000 ) ) ;
#5465 = ORIENTED_EDGE ( 'NONE', *, *, #6928, .T. ) ;
#5466 = CARTESIAN_POINT ( 'NONE',  ( -6.601879607556060000, -5.353987826595747500, 5.729814788946933700 ) ) ;
#5467 = CARTESIAN_POINT ( 'NONE',  ( -2.936742409108089400, -7.976562168157199700, -14.43900000000408200 ) ) ;
#5468 = AXIS2_PLACEMENT_3D ( 'NONE', #1830, #4556, #1353 ) ;
#5469 = EDGE_CURVE ( 'NONE', #2144, #5938, #385, .T. ) ;
#5470 = DIRECTION ( 'NONE',  ( 1.000000000000000000, 0.0000000000000000000, 0.0000000000000000000 ) ) ;
#5471 = ORIENTED_EDGE ( 'NONE', *, *, #2190, .F. ) ;
#5472 = DIRECTION ( 'NONE',  ( 1.000000000000000000, 2.208718528794109300E-015, 0.0000000000000000000 ) ) ;
#5473 = CIRCLE ( 'NONE', #6319, 0.3926990816987240300 ) ;
#5474 = ORIENTED_EDGE ( 'NONE', *, *, #3939, .F. ) ;
#5475 = DIRECTION ( 'NONE',  ( -0.0000000000000000000, -0.0000000000000000000, -1.000000000000000000 ) ) ;
#5476 = DIRECTION ( 'NONE',  ( -0.0000000000000000000, -0.0000000000000000000, 1.000000000000000000 ) ) ;
#5477 = VECTOR ( 'NONE', #863, 1000.000000000000000 ) ;
#5478 = CIRCLE ( 'NONE', #1936, 8.500000000000003600 ) ;
#5479 = ORIENTED_EDGE ( 'NONE', *, *, #5629, .F. ) ;
#5480 = VERTEX_POINT ( 'NONE', #712 ) ;
#5481 = DIRECTION ( 'NONE',  ( -0.0000000000000000000, -0.0000000000000000000, -1.000000000000000000 ) ) ;
#5482 = CARTESIAN_POINT ( 'NONE',  ( -2.863138239108714300, -5.776310017815848000, -5.000000000000000900 ) ) ;
#5483 = DIRECTION ( 'NONE',  ( -0.5877852522924798000, -0.8090169943749425700, 0.0000000000000000000 ) ) ;
#5484 = DIRECTION ( 'NONE',  ( 0.9510565162951544200, 0.3090169943749449500, 0.0000000000000000000 ) ) ;
#5485 = EDGE_CURVE ( 'NONE', #5351, #418, #5150, .T. ) ;
#5486 = VERTEX_POINT ( 'NONE', #1297 ) ;
#5487 = LINE ( 'NONE', #6793, #2472 ) ;
#5488 = ORIENTED_EDGE ( 'NONE', *, *, #2280, .F. ) ;
#5489 = ORIENTED_EDGE ( 'NONE', *, *, #2812, .T. ) ;
#5490 = DIRECTION ( 'NONE',  ( -0.0000000000000000000, 1.000000000000000000, -0.0000000000000000000 ) ) ;
#5491 = CARTESIAN_POINT ( 'NONE',  ( -0.2942790282547149100, 8.496135713871272100, 3.944042357341067500 ) ) ;
#5492 = DIRECTION ( 'NONE',  ( -0.2079116908177664200, -0.9781476007338041300, 0.0000000000000000000 ) ) ;
#5493 = DIRECTION ( 'NONE',  ( 1.000000000000000000, 0.0000000000000000000, 0.0000000000000000000 ) ) ;
#5494 = EDGE_LOOP ( 'NONE', ( #5163, #4213, #5144 ) ) ;
#5495 = EDGE_CURVE ( 'NONE', #5480, #5743, #2553, .T. ) ;
#5496 = TOROIDAL_SURFACE ( 'NONE', #3970, 31.43791576719764100, 3.946090011793464700 ) ;
#5497 = ORIENTED_EDGE ( 'NONE', *, *, #1406, .F. ) ;
#5498 = ORIENTED_EDGE ( 'NONE', *, *, #1108, .T. ) ;
#5499 = ORIENTED_EDGE ( 'NONE', *, *, #5787, .F. ) ;
#5500 = AXIS2_PLACEMENT_3D ( 'NONE', #1145, #2183, #1694 ) ;
#5501 = CARTESIAN_POINT ( 'NONE',  ( 1.862376391315335500, -5.953531406825172600, -5.000000000000004400 ) ) ;
#5502 = VERTEX_POINT ( 'NONE', #6147 ) ;
#5503 = FACE_OUTER_BOUND ( 'NONE', #4738, .T. ) ;
#5504 = DIRECTION ( 'NONE',  ( 1.000000000000000000, 0.0000000000000000000, 0.0000000000000000000 ) ) ;
#5505 = EDGE_CURVE ( 'NONE', #769, #2565, #4726, .T. ) ;
#5506 = ORIENTED_EDGE ( 'NONE', *, *, #3510, .F. ) ;
#5507 = CARTESIAN_POINT ( 'NONE',  ( 3.450000000000000200, 4.225031457058368800E-016, -15.00000000000000000 ) ) ;
#5508 = ORIENTED_EDGE ( 'NONE', *, *, #3158, .F. ) ;
#5509 = CIRCLE ( 'NONE', #3023, 30.84641689323308000 ) ;
#5510 = AXIS2_PLACEMENT_3D ( 'NONE', #6509, #3283, #6695 ) ;
#5511 = DIRECTION ( 'NONE',  ( 0.5000000000000003300, 0.0000000000000000000, 0.8660254037844383700 ) ) ;
#5512 = CARTESIAN_POINT ( 'NONE',  ( 4.532886174746622000, -6.890733991732275000, -14.69157721615069400 ) ) ;
#5513 = LINE ( 'NONE', #2012, #3748 ) ;
#5514 = TOROIDAL_SURFACE ( 'NONE', #1789, 30.45371781153436100, 0.3926990816987236400 ) ;
#5515 = DIRECTION ( 'NONE',  ( 0.1045284632676436500, -0.9945218953682744000, -7.873241403607891700E-016 ) ) ;
#5516 = CARTESIAN_POINT ( 'NONE',  ( 6.904627332918094500, 1.626455416940325400, -15.00000000000000000 ) ) ;
#5517 = VERTEX_POINT ( 'NONE', #5094 ) ;
#5518 = DIRECTION ( 'NONE',  ( -0.0000000000000000000, -0.0000000000000000000, -1.000000000000000000 ) ) ;
#5519 = FACE_OUTER_BOUND ( 'NONE', #4747, .T. ) ;
#5520 = LINE ( 'NONE', #3692, #415 ) ;
#5521 = CIRCLE ( 'NONE', #6138, 3.946090011793464700 ) ;
#5522 = CARTESIAN_POINT ( 'NONE',  ( -3.178163014310037200, -5.367705458522685500, -15.00000000000000000 ) ) ;
#5523 = DIRECTION ( 'NONE',  ( 1.000000000000000000, 0.0000000000000000000, 0.0000000000000000000 ) ) ;
#5524 = CARTESIAN_POINT ( 'NONE',  ( 0.5773502691896264000, 8.499999999999992900, 9.999999999999998200 ) ) ;
#5525 = ORIENTED_EDGE ( 'NONE', *, *, #1091, .F. ) ;
#5526 = AXIS2_PLACEMENT_3D ( 'NONE', #1589, #3700, #2176 ) ;
#5527 = CARTESIAN_POINT ( 'NONE',  ( 8.376276677047680900, 1.444987553423364500, -4.108759126271301000 ) ) ;
#5528 = EDGE_CURVE ( 'NONE', #3645, #6571, #2395, .T. ) ;
#5529 = LINE ( 'NONE', #5290, #5357 ) ;
#5530 = ORIENTED_EDGE ( 'NONE', *, *, #402, .F. ) ;
#5531 = CARTESIAN_POINT ( 'NONE',  ( -36.28793735641118400, -7.643191301550280600, -5.000000000000000900 ) ) ;
#5532 = DIRECTION ( 'NONE',  ( 0.1045284632676570900, 0.9945218953682729600, 0.0000000000000000000 ) ) ;
#5533 = CARTESIAN_POINT ( 'NONE',  ( -4.434213018392441100, 7.251811101273268000, 6.518082712289053200 ) ) ;
#5534 = CARTESIAN_POINT ( 'NONE',  ( 5.828789400926304200, -4.042826974954944100, -5.000000000000000900 ) ) ;
#5535 = EDGE_LOOP ( 'NONE', ( #3228, #3592, #4605, #2741, #1314 ) ) ;
#5536 = DIRECTION ( 'NONE',  ( 0.0000000000000000000, 0.0000000000000000000, -1.000000000000000000 ) ) ;
#5537 = CARTESIAN_POINT ( 'NONE',  ( 3.680498208442089900, -6.064088453133639000, -15.00000000000000000 ) ) ;
#5538 = CARTESIAN_POINT ( 'NONE',  ( 3.434107742072662000, 7.778414661756435100, 2.162214997055642100 ) ) ;
#5539 = DIRECTION ( 'NONE',  ( 0.9781476007338069100, 0.2079116908177532400, 0.0000000000000000000 ) ) ;
#5540 = EDGE_CURVE ( 'NONE', #6384, #3375, #6866, .T. ) ;
#5541 = AXIS2_PLACEMENT_3D ( 'NONE', #3266, #6089, #1245 ) ;
#5542 = CARTESIAN_POINT ( 'NONE',  ( 6.678658115143363700, 5.257901271511317800, -15.00000000000000000 ) ) ;
#5543 = B_SPLINE_CURVE_WITH_KNOTS ( 'NONE', 3,
 ( #3088, #6325, #454, #4191, #930, #4731, #5820, #584 ),
 .UNSPECIFIED., .F., .F.,
 ( 4, 2, 2, 4 ),
 ( 1.992342074533619800E-007, 0.002695036964422684600, 0.005389874694637915100, 0.01077955015506837700 ),
 .UNSPECIFIED. ) ;
#5544 = DIRECTION ( 'NONE',  ( -0.0000000000000000000, -0.0000000000000000000, 1.000000000000000000 ) ) ;
#5545 = EDGE_CURVE ( 'NONE', #3126, #5663, #4901, .T. ) ;
#5546 = ORIENTED_EDGE ( 'NONE', *, *, #5666, .F. ) ;
#5547 = DIRECTION ( 'NONE',  ( 1.000000000000000000, 0.0000000000000000000, 0.0000000000000000000 ) ) ;
#5548 = CARTESIAN_POINT ( 'NONE',  ( -22.26092524334377700, 29.96864174239555500, -5.000000000000000900 ) ) ;
#5549 = DIRECTION ( 'NONE',  ( -0.0000000000000000000, -0.0000000000000000000, 1.000000000000000000 ) ) ;
#5550 = AXIS2_PLACEMENT_3D ( 'NONE', #3480, #282, #5111 ) ;
#5551 = ADVANCED_FACE ( 'NONE', ( #3463 ), #6006, .T. ) ;
#5552 = DIRECTION ( 'NONE',  ( 0.0000000000000000000, 0.0000000000000000000, 1.000000000000000000 ) ) ;
#5553 = ORIENTED_EDGE ( 'NONE', *, *, #2922, .T. ) ;
#5554 = CARTESIAN_POINT ( 'NONE',  ( 7.737015660221603100, 3.519742699898059000, 6.594685079528102500 ) ) ;
#5555 = EDGE_CURVE ( 'NONE', #1479, #3712, #4133, .T. ) ;
#5556 = LOCAL_TIME ( 11, 30, 0.0000000000000000000, #3789 ) ;
#5557 = CARTESIAN_POINT ( 'NONE',  ( -6.748297756964968000, -5.168317000241254200, 6.517610574284395500 ) ) ;
#5558 = ORIENTED_EDGE ( 'NONE', *, *, #6010, .T. ) ;
#5559 = CARTESIAN_POINT ( 'NONE',  ( -4.634573791032195800, -7.125357940173358000, 5.729814788964858100 ) ) ;
#5560 = AXIS2_PLACEMENT_3D ( 'NONE', #6876, #1519, #1009 ) ;
#5561 = CARTESIAN_POINT ( 'NONE',  ( -30.26672017806161800, 21.43261786566516100, -5.000000000000000900 ) ) ;
#5562 = DIRECTION ( 'NONE',  ( 0.4999999999999919500, -0.8660254037844432600, 0.0000000000000000000 ) ) ;
#5563 = CARTESIAN_POINT ( 'NONE',  ( 1.983239972061141600, 8.265556025165391700, 12.04353254935271700 ) ) ;
#5564 = ORIENTED_EDGE ( 'NONE', *, *, #6053, .T. ) ;
#5565 = CIRCLE ( 'NONE', #423, 3.946090011793464300 ) ;
#5566 = CIRCLE ( 'NONE', #323, 30.54279649802282000 ) ;
#5567 = CARTESIAN_POINT ( 'NONE',  ( -0.7446815805730485600, 8.468428385158096800, 8.672732699252042800 ) ) ;
#5568 = VERTEX_POINT ( 'NONE', #4091 ) ;
#5569 = ORIENTED_EDGE ( 'NONE', *, *, #3427, .T. ) ;
#5570 = CYLINDRICAL_SURFACE ( 'NONE', #852, 0.3926990816987240300 ) ;
#5571 = CARTESIAN_POINT ( 'NONE',  ( -8.094765697344747900, 2.602229609293079400, 2.162214997054656300 ) ) ;
#5572 = DIRECTION ( 'NONE',  ( 0.5000000000000040000, 0.8660254037844363800, 0.0000000000000000000 ) ) ;
#5573 = VERTEX_POINT ( 'NONE', #5156 ) ;
#5574 = DIRECTION ( 'NONE',  ( -0.0000000000000000000, -0.0000000000000000000, 1.000000000000000000 ) ) ;
#5575 = VERTEX_POINT ( 'NONE', #4000 ) ;
#5576 = CARTESIAN_POINT ( 'NONE',  ( -6.601879607556060000, -5.353987826595747500, 5.729814788946933700 ) ) ;
#5577 = ORIENTED_EDGE ( 'NONE', *, *, #3221, .F. ) ;
#5578 = CIRCLE ( 'NONE', #5436, 0.3926990816987240300 ) ;
#5579 = CARTESIAN_POINT ( 'NONE',  ( -5.046365497539222000, 3.666399145821240200, -5.000000000000000900 ) ) ;
#5580 = CARTESIAN_POINT ( 'NONE',  ( 8.239838897035612700, 2.086876841318053200, -15.00000000000000000 ) ) ;
#5581 = ORIENTED_EDGE ( 'NONE', *, *, #5250, .T. ) ;
#5582 = EDGE_CURVE ( 'NONE', #3128, #3432, #1303, .T. ) ;
#5583 = EDGE_LOOP ( 'NONE', ( #1550, #1306, #3726 ) ) ;
#5584 = CARTESIAN_POINT ( 'NONE',  ( -6.101343158628629300, -1.296880523366974500, -5.000000000000000900 ) ) ;
#5585 = EDGE_CURVE ( 'NONE', #2416, #2222, #2231, .T. ) ;
#5586 = EDGE_LOOP ( 'NONE', ( #6671, #1717, #5182, #5276 ) ) ;
#5587 = DIRECTION ( 'NONE',  ( -0.0000000000000000000, -0.0000000000000000000, 1.000000000000000000 ) ) ;
#5588 = CYLINDRICAL_SURFACE ( 'NONE', #4845, 0.3926990816987240300 ) ;
#5589 = EDGE_LOOP ( 'NONE', ( #6063, #1331, #6790, #2606 ) ) ;
#5590 = VERTEX_POINT ( 'NONE', #5114 ) ;
#5591 = DIRECTION ( 'NONE',  ( 1.000000000000000000, 0.0000000000000000000, 0.0000000000000000000 ) ) ;
#5592 = DIRECTION ( 'NONE',  ( -0.0000000000000000000, -0.0000000000000000000, 1.000000000000000000 ) ) ;
#5593 = B_SPLINE_CURVE_WITH_KNOTS ( 'NONE', 3,
 ( #4301, #3769, #38, #544 ),
 .UNSPECIFIED., .F., .F.,
 ( 4, 4 ),
 ( 0.0000000000000000000, 6.851717849924809200E-005 ),
 .UNSPECIFIED. ) ;
#5594 = DIRECTION ( 'NONE',  ( -0.3090169943749449000, 0.9510565162951544200, 0.0000000000000000000 ) ) ;
#5595 = EDGE_CURVE ( 'NONE', #4656, #4621, #6279, .T. ) ;
#5596 = FACE_OUTER_BOUND ( 'NONE', #899, .T. ) ;
#5597 = TOROIDAL_SURFACE ( 'NONE', #4651, 31.43791576719764100, 3.946090011793464700 ) ;
#5598 = AXIS2_PLACEMENT_3D ( 'NONE', #3414, #1910, #6165 ) ;
#5599 = ORIENTED_EDGE ( 'NONE', *, *, #2972, .F. ) ;
#5600 = CARTESIAN_POINT ( 'NONE',  ( -1.132258180102181400, -6.458297209747802200, -5.000000000000004400 ) ) ;
#5601 = DIRECTION ( 'NONE',  ( 1.000000000000000000, 0.0000000000000000000, 0.0000000000000000000 ) ) ;
#5602 = VECTOR ( 'NONE', #26, 1000.000000000000000 ) ;
#5603 = ORIENTED_EDGE ( 'NONE', *, *, #2854, .F. ) ;
#5604 = TOROIDAL_SURFACE ( 'NONE', #5768, 30.45371781153436400, 0.3926990816987236400 ) ;
#5605 = CARTESIAN_POINT ( 'NONE',  ( 1.862376391315337100, -5.953531406825175200, -15.00000000000000000 ) ) ;
#5606 = LINE ( 'NONE', #6049, #1325 ) ;
#5607 = ORIENTED_EDGE ( 'NONE', *, *, #3158, .T. ) ;
#5608 = AXIS2_PLACEMENT_3D ( 'NONE', #5458, #2788, #177 ) ;
#5609 = VECTOR ( 'NONE', #3823, 1000.000000000000000 ) ;
#5610 = FACE_OUTER_BOUND ( 'NONE', #6823, .T. ) ;
#5611 = DIRECTION ( 'NONE',  ( -0.0000000000000000000, -0.0000000000000000000, -1.000000000000000000 ) ) ;
#5612 = CARTESIAN_POINT ( 'NONE',  ( -6.541967359745251000, -2.742608045966818100, -15.00000000000000000 ) ) ;
#5613 = ORIENTED_EDGE ( 'NONE', *, *, #2090, .F. ) ;
#5614 = CARTESIAN_POINT ( 'NONE',  ( 7.064380123508819100, 4.727000472876383700, -4.097977150570261400 ) ) ;
#5615 = DIRECTION ( 'NONE',  ( 0.0000000000000000000, -0.0000000000000000000, 1.000000000000000000 ) ) ;
#5616 = CARTESIAN_POINT ( 'NONE',  ( -6.471215300770746900, 1.445547167183711500, -15.00000000000000000 ) ) ;
#5617 = AXIS2_PLACEMENT_3D ( 'NONE', #2444, #2934, #316 ) ;
#5618 = CARTESIAN_POINT ( 'NONE',  ( 2.133379335404344000, 8.228561072466471100, 10.38755719937253200 ) ) ;
#5619 = EDGE_LOOP ( 'NONE', ( #567, #960, #4452 ) ) ;
#5620 = EDGE_CURVE ( 'NONE', #5995, #6929, #6962, .T. ) ;
#5621 = ORIENTED_EDGE ( 'NONE', *, *, #3195, .T. ) ;
#5622 = CARTESIAN_POINT ( 'NONE',  ( -0.2614642168846413300, 6.244528522097477100, -15.00000000000000000 ) ) ;
#5623 = DIRECTION ( 'NONE',  ( -0.4067366430757887700, 0.9135454576426059700, 0.0000000000000000000 ) ) ;
#5624 = CARTESIAN_POINT ( 'NONE',  ( -3.458912777927971100, -5.205614506922945100, -15.00000000000000000 ) ) ;
#5625 = ADVANCED_FACE ( 'NONE', ( #3548 ), #970, .T. ) ;
#5626 = CARTESIAN_POINT ( 'NONE',  ( 5.646151920303507800, 4.294205901284563300, -5.000000000000000900 ) ) ;
#5627 = CARTESIAN_POINT ( 'NONE',  ( -7.210864105437185100, 4.502713906105039000, 3.940995623838386300 ) ) ;
#5628 = CARTESIAN_POINT ( 'NONE',  ( -32.52571187882151100, 18.32338253024488100, -5.000000000000000900 ) ) ;
#5629 = EDGE_CURVE ( 'NONE', #589, #5149, #3049, .T. ) ;
#5630 = CARTESIAN_POINT ( 'NONE',  ( 4.041821550212631600, -5.162876135651648800, -5.000000000000002700 ) ) ;
#5631 = AXIS2_PLACEMENT_3D ( 'NONE', #5399, #2804, #5981 ) ;
#5632 = CARTESIAN_POINT ( 'NONE',  ( 4.530988068736786700, -7.191672067113149300, -5.000000000000002700 ) ) ;
#5633 = B_SPLINE_CURVE_WITH_KNOTS ( 'NONE', 3,
 ( #4169, #1024, #3200, #3256, #6452, #2241, #2212, #2759, #52, #4367 ),
 .UNSPECIFIED., .F., .F.,
 ( 4, 2, 2, 2, 4 ),
 ( 0.001387761916616082000, 0.001888849549727721200, 0.002139393366283542000, 0.002264665274561452500, 0.002389937182839362500 ),
 .UNSPECIFIED. ) ;
#5634 = VERTEX_POINT ( 'NONE', #4730 ) ;
#5635 = CARTESIAN_POINT ( 'NONE',  ( 0.5773502691896264000, 8.499999999999992900, 9.999999999999998200 ) ) ;
#5636 = EDGE_CURVE ( 'NONE', #2491, #6413, #6503, .T. ) ;
#5637 = EDGE_CURVE ( 'NONE', #4566, #6821, #5412, .T. ) ;
#5638 = DATE_AND_TIME ( #6302, #4297 ) ;
#5639 = ORIENTED_EDGE ( 'NONE', *, *, #6134, .F. ) ;
#5640 = DIRECTION ( 'NONE',  ( 0.0000000000000000000, 0.0000000000000000000, 1.000000000000000000 ) ) ;
#5641 = AXIS2_PLACEMENT_3D ( 'NONE', #1231, #2847, #125 ) ;
#5642 = ORIENTED_EDGE ( 'NONE', *, *, #6127, .T. ) ;
#5643 = CYLINDRICAL_SURFACE ( 'NONE', #5248, 3.946090011793464700 ) ;
#5644 = ORIENTED_EDGE ( 'NONE', *, *, #4098, .T. ) ;
#5645 = CARTESIAN_POINT ( 'NONE',  ( -2.312631089366764300, 8.179348228583066300, -15.00000000000000000 ) ) ;
#5646 = CARTESIAN_POINT ( 'NONE',  ( -2.863138239108634000, 5.776310017815892400, -15.00000000000000000 ) ) ;
#5647 = FACE_OUTER_BOUND ( 'NONE', #4573, .T. ) ;
#5648 = VECTOR ( 'NONE', #705, 1000.000000000000000 ) ;
#5649 = AXIS2_PLACEMENT_3D ( 'NONE', #4383, #1185, #4436 ) ;
#5650 = EDGE_LOOP ( 'NONE', ( #3235, #3849, #5489, #5237, #1282 ) ) ;
#5651 = ORIENTED_EDGE ( 'NONE', *, *, #4696, .F. ) ;
#5652 = CARTESIAN_POINT ( 'NONE',  ( 7.208315978561055100, 4.505761064359866500, -0.5142737080842956200 ) ) ;
#5653 = DIRECTION ( 'NONE',  ( -0.0000000000000000000, 0.0000000000000000000, 1.000000000000000000 ) ) ;
#5654 = VERTEX_POINT ( 'NONE', #2025 ) ;
#5655 = CIRCLE ( 'NONE', #3216, 0.3926990816987241400 ) ;
#5656 = ORIENTED_EDGE ( 'NONE', *, *, #3690, .T. ) ;
#5657 = VERTEX_POINT ( 'NONE', #3600 ) ;
#5658 = DIRECTION ( 'NONE',  ( -0.0000000000000000000, -0.0000000000000000000, 1.000000000000000000 ) ) ;
#5659 = CARTESIAN_POINT ( 'NONE',  ( 8.171745503115239700, 2.341854626341001400, -0.5144932263081640800 ) ) ;
#5660 = ORIENTED_EDGE ( 'NONE', *, *, #1334, .F. ) ;
#5661 = CIRCLE ( 'NONE', #3030, 7.939000000000005400 ) ;
#5662 = ORIENTED_EDGE ( 'NONE', *, *, #2097, .T. ) ;
#5663 = VERTEX_POINT ( 'NONE', #6798 ) ;
#5664 = DIRECTION ( 'NONE',  ( -0.0000000000000000000, -0.0000000000000000000, 1.000000000000000000 ) ) ;
#5665 = ORIENTED_EDGE ( 'NONE', *, *, #686, .F. ) ;
#5666 = EDGE_CURVE ( 'NONE', #996, #6369, #3633, .T. ) ;
#5667 = CIRCLE ( 'NONE', #4057, 1.437500000000006400 ) ;
#5668 = CARTESIAN_POINT ( 'NONE',  ( -5.234573373350444900, -6.697831683284482200, -0.5144932263006936100 ) ) ;
#5669 = ORIENTED_EDGE ( 'NONE', *, *, #472, .T. ) ;
#5670 = CARTESIAN_POINT ( 'NONE',  ( -7.000172267537291000, -4.821680603297268800, 6.518621551624053500 ) ) ;
#5671 = ORIENTED_EDGE ( 'NONE', *, *, #1436, .F. ) ;
#5672 = AXIS2_PLACEMENT_3D ( 'NONE', #5284, #6305, #6364 ) ;
#5673 = DATE_TIME_ROLE ( 'creation_date' ) ;
#5674 = CYLINDRICAL_SURFACE ( 'NONE', #1203, 0.3926990816987240300 ) ;
#5675 = CYLINDRICAL_SURFACE ( 'NONE', #580, 0.3926990816987241400 ) ;
#5676 = CARTESIAN_POINT ( 'NONE',  ( 0.0000000000000000000, 0.0000000000000000000, -15.00000000000000000 ) ) ;
#5677 = DIRECTION ( 'NONE',  ( 1.000000000000000000, 0.0000000000000000000, 0.0000000000000000000 ) ) ;
#5678 = B_SPLINE_CURVE_WITH_KNOTS ( 'NONE', 3,
 ( #3599, #1435, #1416, #6728, #925, #1386, #4662, #5700 ),
 .UNSPECIFIED., .F., .F.,
 ( 4, 2, 2, 4 ),
 ( 1.992342074533786800E-007, 0.002695036964429317300, 0.005389874694651180600, 0.01077955015509490800 ),
 .UNSPECIFIED. ) ;
#5679 = EDGE_CURVE ( 'NONE', #5257, #4969, #3731, .T. ) ;
#5680 = VERTEX_POINT ( 'NONE', #5795 ) ;
#5681 = CARTESIAN_POINT ( 'NONE',  ( 1.380760034892371900, -8.387363380470708000, -1.407857104179275800 ) ) ;
#5682 = LINE ( 'NONE', #2554, #1588 ) ;
#5683 = CIRCLE ( 'NONE', #2855, 3.946090011793464700 ) ;
#5684 = VECTOR ( 'NONE', #5396, 1000.000000000000000 ) ;
#5685 = EDGE_LOOP ( 'NONE', ( #5028, #746, #5121, #3393 ) ) ;
#5686 = VERTEX_POINT ( 'NONE', #3039 ) ;
#5687 = CARTESIAN_POINT ( 'NONE',  ( 6.237650794268061500, 0.06851717849924797400, -5.000000000000004400 ) ) ;
#5688 = CARTESIAN_POINT ( 'NONE',  ( -0.8203212372140728000, 8.460323461178989000, 6.594685079528208100 ) ) ;
#5689 = DIRECTION ( 'NONE',  ( 1.000000000000000000, 0.0000000000000000000, 0.0000000000000000000 ) ) ;
#5690 = EDGE_CURVE ( 'NONE', #5328, #2881, #1627, .T. ) ;
#5691 = ADVANCED_FACE ( 'NONE', ( #3960 ), #5833, .F. ) ;
#5692 = TOROIDAL_SURFACE ( 'NONE', #6532, 30.45371781153440300, 0.3926990816987236400 ) ;
#5693 = ORIENTED_EDGE ( 'NONE', *, *, #2858, .F. ) ;
#5694 = AXIS2_PLACEMENT_3D ( 'NONE', #131, #679, #626 ) ;
#5695 = CARTESIAN_POINT ( 'NONE',  ( -8.500000000000000000, 1.040949779275250100E-015, -15.00000000000000000 ) ) ;
#5696 = CARTESIAN_POINT ( 'NONE',  ( -5.309116896211774500, -6.638346219682708800, -1.407857104178903600 ) ) ;
#5697 = B_SPLINE_CURVE_WITH_KNOTS ( 'NONE', 3,
 ( #6438, #5333, #3141, #2110 ),
 .UNSPECIFIED., .F., .F.,
 ( 4, 4 ),
 ( 0.0001595253263164172100, 0.0008591484299373252200 ),
 .UNSPECIFIED. ) ;
#5698 = CARTESIAN_POINT ( 'NONE',  ( 1.931899877996327700, 2.295436463938312200, 11.53440537602906500 ) ) ;
#5699 = DIRECTION ( 'NONE',  ( -0.0000000000000000000, -0.0000000000000000000, -1.000000000000000000 ) ) ;
#5700 = CARTESIAN_POINT ( 'NONE',  ( -8.396308053925542600, -1.323635547934043800, 5.729814788973568400 ) ) ;
#5701 = CARTESIAN_POINT ( 'NONE',  ( -8.493664740175324500, 0.3281147382137466500, -5.000000000000004400 ) ) ;
#5702 = DIRECTION ( 'NONE',  ( 0.7071067811865540100, 0.7071067811865410200, 8.659560562355014200E-017 ) ) ;
#5703 = CC_DESIGN_PERSON_AND_ORGANIZATION_ASSIGNMENT ( #1874, #384, ( #2260 ) ) ;
#5704 = DIRECTION ( 'NONE',  ( -0.0000000000000000000, -0.0000000000000000000, -1.000000000000000000 ) ) ;
#5705 = EDGE_LOOP ( 'NONE', ( #3074, #6883 ) ) ;
#5706 = ADVANCED_FACE ( 'NONE', ( #6669 ), #5742, .F. ) ;
#5707 = CARTESIAN_POINT ( 'NONE',  ( 2.768823806125103800, 8.036456571396724900, 6.573422782555787200 ) ) ;
#5708 = CARTESIAN_POINT ( 'NONE',  ( -7.091903755430654300, 0.1553607205272071200, -5.000000000000000900 ) ) ;
#5709 = CARTESIAN_POINT ( 'NONE',  ( 4.041821550212632500, -5.162876135651647900, -15.00000000000000000 ) ) ;
#5710 = ORIENTED_EDGE ( 'NONE', *, *, #2572, .T. ) ;
#5711 = AXIS2_PLACEMENT_3D ( 'NONE', #6300, #1187, #2177 ) ;
#5712 = CARTESIAN_POINT ( 'NONE',  ( -6.019696428570046700, 1.680998187941031600, -15.00000000000000000 ) ) ;
#5713 = DIRECTION ( 'NONE',  ( -0.3090169943749574400, -0.9510565162951503100, 0.0000000000000000000 ) ) ;
#5714 = CARTESIAN_POINT ( 'NONE',  ( 1.986342283178199600, 2.248488359500477400, 10.73091545878809300 ) ) ;
#5715 = DIRECTION ( 'NONE',  ( -0.0000000000000000000, -0.0000000000000000000, 1.000000000000000000 ) ) ;
#5716 = ORIENTED_EDGE ( 'NONE', *, *, #4285, .T. ) ;
#5717 = EDGE_CURVE ( 'NONE', #4104, #3981, #1140, .T. ) ;
#5718 = AXIS2_PLACEMENT_3D ( 'NONE', #6379, #5794, #4211 ) ;
#5719 = B_SPLINE_CURVE_WITH_KNOTS ( 'NONE', 3,
 ( #5372, #3757, #3684, #3179 ),
 .UNSPECIFIED., .F., .F.,
 ( 4, 4 ),
 ( 0.0006999228709516741300, 0.0008591888329101242100 ),
 .UNSPECIFIED. ) ;
#5720 = CALENDAR_DATE ( 2023, 4, 8 ) ;
#5721 = DIRECTION ( 'NONE',  ( 1.000000000000000000, 0.0000000000000000000, 0.0000000000000000000 ) ) ;
#5722 = ORIENTED_EDGE ( 'NONE', *, *, #6797, .F. ) ;
#5723 = LINE ( 'NONE', #6916, #6152 ) ;
#5724 = LINE ( 'NONE', #5824, #3297 ) ;
#5725 = DIRECTION ( 'NONE',  ( 0.0000000000000000000, 0.0000000000000000000, 1.000000000000000000 ) ) ;
#5726 = CARTESIAN_POINT ( 'NONE',  ( -18.60137146092625600, 32.08148610378818000, -5.000000000000000900 ) ) ;
#5727 = CLOSED_SHELL ( 'NONE', ( #6333, #6183, #4849, #2148, #3108, #1166, #3455, #5358, #6449, #4203, #900, #5954, #6118, #2541, #3257, #4864, #455 ) ) ;
#5728 = AXIS2_PLACEMENT_3D ( 'NONE', #812, #4461, #1264 ) ;
#5729 = EDGE_LOOP ( 'NONE', ( #5112, #6517, #2555, #6120 ) ) ;
#5730 = CIRCLE ( 'NONE', #2164, 0.3926990816987240300 ) ;
#5731 = CARTESIAN_POINT ( 'NONE',  ( 4.224721244881484600, 4.589630969700017700, -15.00000000000000000 ) ) ;
#5732 = ORIENTED_EDGE ( 'NONE', *, *, #5022, .T. ) ;
#5733 = ORIENTED_EDGE ( 'NONE', *, *, #3279, .T. ) ;
#5734 = CARTESIAN_POINT ( 'NONE',  ( 4.530988068736630400, -7.191672067118074300, -14.43900000000000000 ) ) ;
#5735 = B_SPLINE_CURVE_WITH_KNOTS ( 'NONE', 3,
 ( #4292, #3762, #1072, #2665 ),
 .UNSPECIFIED., .F., .F.,
 ( 4, 4 ),
 ( 1.301042606982605500E-018, 0.0001370343569984968100 ),
 .UNSPECIFIED. ) ;
#5736 = DIRECTION ( 'NONE',  ( -0.0000000000000000000, -0.0000000000000000000, -1.000000000000000000 ) ) ;
#5737 = ADVANCED_FACE ( 'NONE', ( #2312 ), #6324, .F. ) ;
#5738 = CARTESIAN_POINT ( 'NONE',  ( 2.853995371932122300, -8.006572943593822000, 6.484084880419594300 ) ) ;
#5739 = AXIS2_PLACEMENT_3D ( 'NONE', #124, #4386, #1706 ) ;
#5740 = ORIENTED_EDGE ( 'NONE', *, *, #3052, .F. ) ;
#5741 = APPROVAL_STATUS ( 'not_yet_approved' ) ;
#5742 = TOROIDAL_SURFACE ( 'NONE', #678, 30.45371781153436400, 0.3926990816987236400 ) ;
#5743 = VERTEX_POINT ( 'NONE', #3087 ) ;
#5744 = EDGE_CURVE ( 'NONE', #3314, #4616, #3033, .T. ) ;
#5745 = ORIENTED_EDGE ( 'NONE', *, *, #4889, .F. ) ;
#5746 = DIRECTION ( 'NONE',  ( -0.0000000000000000000, -0.0000000000000000000, -1.000000000000000000 ) ) ;
#5747 = DIRECTION ( 'NONE',  ( 0.6691306063588671200, 0.7431448254773861400, 0.0000000000000000000 ) ) ;
#5748 = DIRECTION ( 'NONE',  ( -0.0000000000000000000, 0.0000000000000000000, 1.000000000000000000 ) ) ;
#5749 = DIRECTION ( 'NONE',  ( -0.6691306063588569100, 0.7431448254773953500, 0.0000000000000000000 ) ) ;
#5750 = EDGE_LOOP ( 'NONE', ( #3472, #4305, #5465, #452 ) ) ;
#5751 = FACE_OUTER_BOUND ( 'NONE', #4293, .T. ) ;
#5752 = VERTEX_POINT ( 'NONE', #1529 ) ;
#5753 = ORIENTED_EDGE ( 'NONE', *, *, #5595, .F. ) ;
#5754 = DIRECTION ( 'NONE',  ( 0.0000000000000000000, 0.0000000000000000000, -1.000000000000000000 ) ) ;
#5755 = DIRECTION ( 'NONE',  ( -0.7071067811865483500, 0.0000000000000000000, -0.7071067811865468000 ) ) ;
#5756 = CIRCLE ( 'NONE', #1340, 0.3926990816987240300 ) ;
#5757 = LINE ( 'NONE', #2795, #2329 ) ;
#5758 = CIRCLE ( 'NONE', #5510, 7.939000000000005400 ) ;
#5759 = ORIENTED_EDGE ( 'NONE', *, *, #1507, .F. ) ;
#5760 = CARTESIAN_POINT ( 'NONE',  ( 0.0000000000000000000, 6.499999999999993800, 0.0000000000000000000 ) ) ;
#5761 = EDGE_CURVE ( 'NONE', #6577, #6215, #5234, .T. ) ;
#5762 = CIRCLE ( 'NONE', #2102, 7.939000000000005400 ) ;
#5763 = CARTESIAN_POINT ( 'NONE',  ( -1.192812652497268200, 8.416006162939938300, 6.377551692834276600 ) ) ;
#5764 = ORIENTED_EDGE ( 'NONE', *, *, #5126, .F. ) ;
#5765 = CIRCLE ( 'NONE', #3552, 3.946090011793464700 ) ;
#5766 = VECTOR ( 'NONE', #1429, 1000.000000000000000 ) ;
#5767 = DIRECTION ( 'NONE',  ( 1.000000000000000000, -2.208718528794109300E-015, 0.0000000000000000000 ) ) ;
#5768 = AXIS2_PLACEMENT_3D ( 'NONE', #5963, #30, #1193 ) ;
#5769 = DIRECTION ( 'NONE',  ( -0.0000000000000000000, 0.0000000000000000000, 1.000000000000000000 ) ) ;
#5770 = EDGE_LOOP ( 'NONE', ( #5506, #6801, #6241, #4917 ) ) ;
#5771 = VECTOR ( 'NONE', #5147, 1000.000000000000000 ) ;
#5772 = CARTESIAN_POINT ( 'NONE',  ( -0.2614642168846413300, 6.244528522097477100, -15.00000000000000000 ) ) ;
#5773 = CARTESIAN_POINT ( 'NONE',  ( -2.058028046510316200, 8.247800989576232300, -0.5169018186458196300 ) ) ;
#5774 = B_SPLINE_CURVE_WITH_KNOTS ( 'NONE', 3,
 ( #114, #1199, #1155, #5415 ),
 .UNSPECIFIED., .F., .F.,
 ( 4, 4 ),
 ( 2.997672518024469000E-007, 0.0008591888328327151100 ),
 .UNSPECIFIED. ) ;
#5775 = EDGE_CURVE ( 'NONE', #4883, #6110, #1895, .T. ) ;
#5776 = LINE ( 'NONE', #4742, #1413 ) ;
#5777 = CARTESIAN_POINT ( 'NONE',  ( -8.299738960864882400, 1.834211869305619300, 6.594685079528102500 ) ) ;
#5778 = DIRECTION ( 'NONE',  ( 1.000000000000000000, 1.104359264397054700E-015, 0.0000000000000000000 ) ) ;
#5779 = ORIENTED_EDGE ( 'NONE', *, *, #1619, .T. ) ;
#5780 = AXIS2_PLACEMENT_3D ( 'NONE', #1683, #4338, #2791 ) ;
#5781 = DIRECTION ( 'NONE',  ( -0.9945218953682729600, 0.1045284632676570900, -0.0000000000000000000 ) ) ;
#5782 = ADVANCED_FACE ( 'NONE', ( #5069 ), #2152, .F. ) ;
#5783 = CARTESIAN_POINT ( 'NONE',  ( 6.882036798478554700, -4.329432053253535500, -14.80898905521624600 ) ) ;
#5784 = DIRECTION ( 'NONE',  ( -0.0000000000000000000, -0.0000000000000000000, -1.000000000000000000 ) ) ;
#5785 = CARTESIAN_POINT ( 'NONE',  ( 5.726245996640156700, -2.474487587551220900, -15.00000000000000000 ) ) ;
#5786 = ORIENTED_EDGE ( 'NONE', *, *, #854, .T. ) ;
#5787 = EDGE_CURVE ( 'NONE', #2416, #3659, #884, .T. ) ;
#5788 = EDGE_LOOP ( 'NONE', ( #3042, #5426, #5013 ) ) ;
#5789 = EDGE_CURVE ( 'NONE', #3800, #558, #2060, .T. ) ;
#5790 = AXIS2_PLACEMENT_3D ( 'NONE', #2130, #3208, #1572 ) ;
#5791 = CARTESIAN_POINT ( 'NONE',  ( -2.863138239108714300, -5.776310017815848000, -15.00000000000000000 ) ) ;
#5792 = CARTESIAN_POINT ( 'NONE',  ( 6.159178538882867000, 2.248584257262622000, -15.00000000000000000 ) ) ;
#5793 = DIRECTION ( 'NONE',  ( 0.0000000000000000000, -1.000000000000000000, 0.0000000000000000000 ) ) ;
#5794 = DIRECTION ( 'NONE',  ( -0.4067366430757887700, 0.9135454576426059700, 0.0000000000000000000 ) ) ;
#5795 = CARTESIAN_POINT ( 'NONE',  ( 2.194037711905735000, -8.211954610130430200, 5.729814788963743400 ) ) ;
#5796 = DIRECTION ( 'NONE',  ( 0.0000000000000000000, -0.0000000000000000000, -1.000000000000000000 ) ) ;
#5797 = CARTESIAN_POINT ( 'NONE',  ( -5.006092110488721000, -3.721830707633685600, -15.00000000000000000 ) ) ;
#5798 = ADVANCED_FACE ( 'NONE', ( #636 ), #716, .F. ) ;
#5799 = DIRECTION ( 'NONE',  ( 0.0000000000000000000, 0.0000000000000000000, 1.000000000000000000 ) ) ;
#5800 = DIRECTION ( 'NONE',  ( 1.000000000000000000, 0.0000000000000000000, 0.0000000000000000000 ) ) ;
#5801 = CARTESIAN_POINT ( 'NONE',  ( -8.344287993315299800, 1.619839210534219400, 6.573112806969802200 ) ) ;
#5802 = ORIENTED_EDGE ( 'NONE', *, *, #2518, .T. ) ;
#5803 = CARTESIAN_POINT ( 'NONE',  ( 4.224721244881419800, -4.589630969700075400, -5.000000000000002700 ) ) ;
#5804 = ORIENTED_EDGE ( 'NONE', *, *, #1436, .T. ) ;
#5805 = EDGE_CURVE ( 'NONE', #6929, #655, #1730, .T. ) ;
#5806 = AXIS2_PLACEMENT_3D ( 'NONE', #5055, #830, #239 ) ;
#5807 = ORIENTED_EDGE ( 'NONE', *, *, #2429, .F. ) ;
#5808 = CARTESIAN_POINT ( 'NONE',  ( -1.335749665606591300, -8.394389366167848400, 5.729814788946933700 ) ) ;
#5809 = CARTESIAN_POINT ( 'NONE',  ( -0.9566049056667895700, 8.445999470427064900, 6.594685079528220600 ) ) ;
#5810 = CARTESIAN_POINT ( 'NONE',  ( 8.499723842352203500, -0.06851717849924807100, 6.594685079528088200 ) ) ;
#5811 = ORIENTED_EDGE ( 'NONE', *, *, #2090, .T. ) ;
#5812 = EDGE_CURVE ( 'NONE', #5680, #5087, #448, .T. ) ;
#5813 = ADVANCED_FACE ( 'NONE', ( #6239 ), #3178, .F. ) ;
#5814 = CARTESIAN_POINT ( 'NONE',  ( -4.976481464649517700, 6.894303296564767300, 2.160400781521125200 ) ) ;
#5815 = FACE_OUTER_BOUND ( 'NONE', #6155, .T. ) ;
#5816 = EDGE_LOOP ( 'NONE', ( #6424, #360, #3035, #2119 ) ) ;
#5817 = EDGE_CURVE ( 'NONE', #2927, #3138, #4818, .T. ) ;
#5818 = AXIS2_PLACEMENT_3D ( 'NONE', #5089, #5035, #2879 ) ;
#5819 = CARTESIAN_POINT ( 'NONE',  ( 8.500000000000000000, -3.683702917086680500E-018, 6.595365866909439500 ) ) ;
#5820 = CARTESIAN_POINT ( 'NONE',  ( -6.510770396931893500, 5.466332504835827800, 3.944042357340870300 ) ) ;
#5821 = CARTESIAN_POINT ( 'NONE',  ( -4.063211941205979700, 7.466011178065672400, 6.518186071470975000 ) ) ;
#5822 = B_SPLINE_CURVE_WITH_KNOTS ( 'NONE', 3,
 ( #4699, #3643, #6905, #6393 ),
 .UNSPECIFIED., .F., .F.,
 ( 4, 4 ),
 ( 2.997673274502606200E-007, 0.0008591888329071068800 ),
 .UNSPECIFIED. ) ;
#5823 = DIRECTION ( 'NONE',  ( 1.000000000000000000, 0.0000000000000000000, 0.0000000000000000000 ) ) ;
#5824 = CARTESIAN_POINT ( 'NONE',  ( -0.5773502691896251800, 8.499999999999992900, 9.999999999999998200 ) ) ;
#5825 = TOROIDAL_SURFACE ( 'NONE', #2443, 31.43791576719764100, 3.946090011793464700 ) ;
#5826 = CYLINDRICAL_SURFACE ( 'NONE', #5383, 30.84641689323309400 ) ;
#5827 = ORIENTED_EDGE ( 'NONE', *, *, #6322, .F. ) ;
#5828 = ORIENTED_EDGE ( 'NONE', *, *, #1903, .T. ) ;
#5829 = CARTESIAN_POINT ( 'NONE',  ( 4.530988068736786700, -7.191672067113149300, -5.000000000000002700 ) ) ;
#5830 = DIRECTION ( 'NONE',  ( 0.0000000000000000000, 0.0000000000000000000, -1.000000000000000000 ) ) ;
#5831 = CARTESIAN_POINT ( 'NONE',  ( 1.214147014145629600, 8.412838226665316600, -4.098158064581654400 ) ) ;
#5832 = ORIENTED_EDGE ( 'NONE', *, *, #333, .T. ) ;
#5833 = CYLINDRICAL_SURFACE ( 'NONE', #175, 0.3926990816987240300 ) ;
#5834 = DIRECTION ( 'NONE',  ( -0.0000000000000000000, -0.0000000000000000000, -1.000000000000000000 ) ) ;
#5835 = AXIS2_PLACEMENT_3D ( 'NONE', #6565, #3882, #2850 ) ;
#5836 = ORIENTED_EDGE ( 'NONE', *, *, #5744, .F. ) ;
#5837 = ORIENTED_EDGE ( 'NONE', *, *, #6072, .T. ) ;
#5838 = ADVANCED_FACE ( 'NONE', ( #3380 ), #466, .T. ) ;
#5839 = DIRECTION ( 'NONE',  ( 1.000000000000000000, -1.779029126518331800E-015, 0.0000000000000000000 ) ) ;
#5840 = ORIENTED_EDGE ( 'NONE', *, *, #4003, .T. ) ;
#5841 = CIRCLE ( 'NONE', #6864, 3.946090011793464700 ) ;
#5842 = CARTESIAN_POINT ( 'NONE',  ( 7.570769360109634900, 3.864382395160299100, 5.729814788946899100 ) ) ;
#5843 = B_SPLINE_CURVE_WITH_KNOTS ( 'NONE', 3,
 ( #631, #4956, #2834, #4907 ),
 .UNSPECIFIED., .F., .F.,
 ( 4, 4 ),
 ( 1.301042606982605300E-018, 0.0001370343569984983000 ),
 .UNSPECIFIED. ) ;
#5844 = ORIENTED_EDGE ( 'NONE', *, *, #3547, .F. ) ;
#5845 = CARTESIAN_POINT ( 'NONE',  ( -5.277188226350574500, -3.348698915051467200, -15.00000000000000000 ) ) ;
#5846 = ORIENTED_EDGE ( 'NONE', *, *, #1938, .T. ) ;
#5847 = CC_DESIGN_SECURITY_CLASSIFICATION ( #2381, ( #2260 ) ) ;
#5848 = EDGE_LOOP ( 'NONE', ( #4932, #826, #4814, #6166 ) ) ;
#5849 = LINE ( 'NONE', #4185, #6339 ) ;
#5850 = CARTESIAN_POINT ( 'NONE',  ( -3.981744806521541100, 7.509839119003136600, 6.377497542267578400 ) ) ;
#5851 = ORIENTED_EDGE ( 'NONE', *, *, #811, .T. ) ;
#5852 = VERTEX_POINT ( 'NONE', #4858 ) ;
#5853 = CARTESIAN_POINT ( 'NONE',  ( -6.471215300770746900, 1.445547167183711500, -5.000000000000000900 ) ) ;
#5854 = CARTESIAN_POINT ( 'NONE',  ( 1.310198450016282000, 8.213944178828237200, -14.62213445701563500 ) ) ;
#5855 = VECTOR ( 'NONE', #2286, 1000.000000000000100 ) ;
#5856 = FACE_OUTER_BOUND ( 'NONE', #3379, .T. ) ;
#5857 = DIRECTION ( 'NONE',  ( 0.8090169943749504500, 0.5877852522924689200, 0.0000000000000000000 ) ) ;
#5858 = EDGE_CURVE ( 'NONE', #294, #5634, #1980, .T. ) ;
#5859 = FACE_OUTER_BOUND ( 'NONE', #4099, .T. ) ;
#5860 = ADVANCED_FACE ( 'NONE', ( #1218 ), #6830, .F. ) ;
#5861 = ORIENTED_EDGE ( 'NONE', *, *, #5986, .F. ) ;
#5862 = EDGE_CURVE ( 'NONE', #3038, #4838, #3953, .T. ) ;
#5863 = CARTESIAN_POINT ( 'NONE',  ( 3.881970767689261400, -4.898244885548908900, -15.00000000000000000 ) ) ;
#5864 = CARTESIAN_POINT ( 'NONE',  ( 24.86500288464893800, 27.51298606842441400, -5.000000000000000900 ) ) ;
#5865 = LINE ( 'NONE', #246, #5267 ) ;
#5866 = TOROIDAL_SURFACE ( 'NONE', #1105, 30.45371781153436100, 0.3926990816987236400 ) ;
#5867 = CARTESIAN_POINT ( 'NONE',  ( -1.223062958267918000, -8.411583474968496800, 6.299801442714554300 ) ) ;
#5868 = ORIENTED_EDGE ( 'NONE', *, *, #3362, .T. ) ;
#5869 = CARTESIAN_POINT ( 'NONE',  ( -3.808198772861419300, 36.88807927991497600, -5.000000000000000900 ) ) ;
#5870 = EDGE_CURVE ( 'NONE', #2222, #375, #6234, .T. ) ;
#5871 = DIRECTION ( 'NONE',  ( -0.0000000000000000000, -0.0000000000000000000, 1.000000000000000000 ) ) ;
#5872 = CARTESIAN_POINT ( 'NONE',  ( -36.25944631154749900, -7.777231129066461100, -5.000000000000000900 ) ) ;
#5873 = AXIS2_PLACEMENT_3D ( 'NONE', #3828, #3281, #5997 ) ;
#5874 = VECTOR ( 'NONE', #4773, 999.9999999999998900 ) ;
#5875 = CARTESIAN_POINT ( 'NONE',  ( -6.471215300770765600, -1.445547167183624000, -5.000000000000000900 ) ) ;
#5876 = ORIENTED_EDGE ( 'NONE', *, *, #4229, .F. ) ;
#5877 = CARTESIAN_POINT ( 'NONE',  ( 7.064380123506927200, -4.727000472871880600, -5.000000000000000900 ) ) ;
#5878 = CARTESIAN_POINT ( 'NONE',  ( -3.853454091727898800, -7.576337608828263900, 5.729814788946954200 ) ) ;
#5879 = EDGE_CURVE ( 'NONE', #4652, #4320, #6911, .T. ) ;
#5880 = ADVANCED_FACE ( 'NONE', ( #3373 ), #3210, .F. ) ;
#5881 = CARTESIAN_POINT ( 'NONE',  ( -2.143986260296427500, -8.036717131160202100, -14.62213443398251500 ) ) ;
#5882 = AXIS2_PLACEMENT_3D ( 'NONE', #6464, #3747, #1626 ) ;
#5883 = DIRECTION ( 'NONE',  ( -0.4067366430757887700, 0.9135454576426059700, 0.0000000000000000000 ) ) ;
#5884 = CARTESIAN_POINT ( 'NONE',  ( 2.053937957074191800, 8.249385911211474500, 3.939489094312907300 ) ) ;
#5885 = CARTESIAN_POINT ( 'NONE',  ( -4.832165513222575400, -6.299039407149512800, -15.00000000000000000 ) ) ;
#5886 = CARTESIAN_POINT ( 'NONE',  ( 0.0000000000000000000, 0.0000000000000000000, -14.55000000000000100 ) ) ;
#5887 = AXIS2_PLACEMENT_3D ( 'NONE', #3777, #5297, #2629 ) ;
#5888 = VERTEX_POINT ( 'NONE', #4895 ) ;
#5889 = CARTESIAN_POINT ( 'NONE',  ( -7.483963737787849600, -2.649152274120270900, -15.00000000000000000 ) ) ;
#5890 = ORIENTED_EDGE ( 'NONE', *, *, #1616, .T. ) ;
#5891 = EDGE_CURVE ( 'NONE', #982, #6913, #4810, .T. ) ;
#5892 = EDGE_LOOP ( 'NONE', ( #1408, #5710, #2743, #6680 ) ) ;
#5893 = ADVANCED_FACE ( 'NONE', ( #6075 ), #6491, .F. ) ;
#5894 = EDGE_CURVE ( 'NONE', #3888, #4453, #1970, .T. ) ;
#5895 = DIRECTION ( 'NONE',  ( -0.9135454576426005300, 0.4067366430758009900, 0.0000000000000000000 ) ) ;
#5896 = CARTESIAN_POINT ( 'NONE',  ( 7.570769360115737500, -3.864382395163143100, 5.729814788964839400 ) ) ;
#5897 = DIRECTION ( 'NONE',  ( -0.0000000000000000000, 1.000000000000000000, -0.0000000000000000000 ) ) ;
#5898 = CARTESIAN_POINT ( 'NONE',  ( 2.422070062428094900, 8.147673727874819200, 6.518078071679457100 ) ) ;
#5899 = VERTEX_POINT ( 'NONE', #3272 ) ;
#5900 = DIRECTION ( 'NONE',  ( -0.2079116908177532600, 0.9781476007338069100, 0.0000000000000000000 ) ) ;
#5901 = LOCAL_TIME ( 11, 30, 0.0000000000000000000, #6806 ) ;
#5902 = CARTESIAN_POINT ( 'NONE',  ( 1.992703809495071800, -5.911185461699396600, -15.00000000000000000 ) ) ;
#5903 = CARTESIAN_POINT ( 'NONE',  ( 3.000000000000000400, 0.0000000000000000000, 14.55000000000000100 ) ) ;
#5904 = ORIENTED_EDGE ( 'NONE', *, *, #6725, .T. ) ;
#5905 = DIRECTION ( 'NONE',  ( -0.6691306063588569100, 0.7431448254773954700, 0.0000000000000000000 ) ) ;
#5906 = EDGE_CURVE ( 'NONE', #5568, #6455, #1478, .T. ) ;
#5907 = ADVANCED_FACE ( 'NONE', ( #4049 ), #1132, .F. ) ;
#5908 = AXIS2_PLACEMENT_3D ( 'NONE', #181, #3244, #597 ) ;
#5909 = VECTOR ( 'NONE', #849, 1000.000000000000000 ) ;
#5910 = VECTOR ( 'NONE', #2762, 1000.000000000000100 ) ;
#5911 = CARTESIAN_POINT ( 'NONE',  ( -2.880075745088639400, 5.890396857461869500, -15.00000000000000000 ) ) ;
#5912 = VERTEX_POINT ( 'NONE', #5974 ) ;
#5913 = CARTESIAN_POINT ( 'NONE',  ( -3.724199835785475500, -7.642078520486447400, 3.939510951357268400 ) ) ;
#5914 = DIRECTION ( 'NONE',  ( 0.5000000000000038900, 0.8660254037844363800, -3.407789085892845700E-016 ) ) ;
#5915 = EDGE_CURVE ( 'NONE', #2180, #3876, #997, .T. ) ;
#5916 = DIRECTION ( 'NONE',  ( 0.8090169943749504500, 0.5877852522924689200, -3.374246315831958400E-016 ) ) ;
#5917 = ORIENTED_EDGE ( 'NONE', *, *, #2587, .T. ) ;
#5918 = CIRCLE ( 'NONE', #3718, 30.84641689323308400 ) ;
#5919 = ORIENTED_EDGE ( 'NONE', *, *, #305, .F. ) ;
#5920 = EDGE_LOOP ( 'NONE', ( #6807, #6320, #2891 ) ) ;
#5921 = AXIS2_PLACEMENT_3D ( 'NONE', #4684, #5699, #5767 ) ;
#5922 = DIRECTION ( 'NONE',  ( -0.7431448254773862500, 0.6691306063588671200, 0.0000000000000000000 ) ) ;
#5923 = CARTESIAN_POINT ( 'NONE',  ( -7.483963737787813200, 2.649152274120371700, -15.00000000000000000 ) ) ;
#5924 = CARTESIAN_POINT ( 'NONE',  ( -0.9041289487027938100, 2.863269734084233200, 9.211174011782148300 ) ) ;
#5925 = CARTESIAN_POINT ( 'NONE',  ( 0.0000000000000000000, 0.0000000000000000000, 15.00000000000000000 ) ) ;
#5926 = CARTESIAN_POINT ( 'NONE',  ( -6.415585563879100800, 3.026466207034243200, -15.00000000000000000 ) ) ;
#5927 = VERTEX_POINT ( 'NONE', #1754 ) ;
#5928 = VECTOR ( 'NONE', #6694, 1000.000000000000000 ) ;
#5929 = ORIENTED_EDGE ( 'NONE', *, *, #3831, .T. ) ;
#5930 = VERTEX_POINT ( 'NONE', #5463 ) ;
#5931 = ADVANCED_FACE ( 'NONE', ( #4401 ), #6410, .F. ) ;
#5932 = DIRECTION ( 'NONE',  ( -0.3090169943749449000, 0.9510565162951544200, 0.0000000000000000000 ) ) ;
#5933 = CARTESIAN_POINT ( 'NONE',  ( -5.927207807668692900, 6.092471387264933600, -5.000000000000004400 ) ) ;
#5934 = DIRECTION ( 'NONE',  ( 0.4067366430758011500, 0.9135454576426006400, 0.0000000000000000000 ) ) ;
#5935 = AXIS2_PLACEMENT_3D ( 'NONE', #2279, #4960, #3402 ) ;
#5936 = ORIENTED_EDGE ( 'NONE', *, *, #3536, .F. ) ;
#5937 = LINE ( 'NONE', #2525, #473 ) ;
#5938 = VERTEX_POINT ( 'NONE', #6558 ) ;
#5939 = ORIENTED_EDGE ( 'NONE', *, *, #6928, .F. ) ;
#5940 = CARTESIAN_POINT ( 'NONE',  ( -30.04191436678994300, -21.74203651991634000, -5.000000000000000900 ) ) ;
#5941 = DIRECTION ( 'NONE',  ( 0.0000000000000000000, -0.0000000000000000000, 1.000000000000000000 ) ) ;
#5942 = FACE_OUTER_BOUND ( 'NONE', #5535, .T. ) ;
#5943 = DIRECTION ( 'NONE',  ( 1.000000000000000000, -2.208718528794109300E-015, 0.0000000000000000000 ) ) ;
#5944 = CIRCLE ( 'NONE', #2940, 8.500000000000003600 ) ;
#5945 = CIRCLE ( 'NONE', #2511, 3.000000000000000400 ) ;
#5946 = DIRECTION ( 'NONE',  ( 1.000000000000000000, 0.0000000000000000000, 0.0000000000000000000 ) ) ;
#5947 = CARTESIAN_POINT ( 'NONE',  ( 7.702839102763492800, -3.594062998614015600, 6.573176735430202200 ) ) ;
#5948 = ORIENTED_EDGE ( 'NONE', *, *, #4538, .T. ) ;
#5949 = TOROIDAL_SURFACE ( 'NONE', #3163, 30.45371781153436100, 0.3926990816987236400 ) ;
#5950 = CARTESIAN_POINT ( 'NONE',  ( -1.335749665606591300, -8.394389366167848400, 5.729814788946933700 ) ) ;
#5951 = CARTESIAN_POINT ( 'NONE',  ( -1.729890891528428600, 2.452484503347715600, 12.01168831286528000 ) ) ;
#5952 = CYLINDRICAL_SURFACE ( 'NONE', #696, 3.946090011793464700 ) ;
#5953 = FACE_OUTER_BOUND ( 'NONE', #198, .T. ) ;
#5954 = ADVANCED_FACE ( 'NONE', ( #2304 ), #3345, .F. ) ;
#5955 = CARTESIAN_POINT ( 'NONE',  ( -18.54203384375072600, -32.11574469303755600, -5.000000000000000900 ) ) ;
#5956 = CARTESIAN_POINT ( 'NONE',  ( -6.810794499492854600, -5.085754445748279700, 6.593837295708334900 ) ) ;
#5957 = ORIENTED_EDGE ( 'NONE', *, *, #3722, .T. ) ;
#5958 = EDGE_CURVE ( 'NONE', #2107, #612, #32, .T. ) ;
#5959 = CIRCLE ( 'NONE', #4870, 0.3926990816987241400 ) ;
#5960 = VECTOR ( 'NONE', #6803, 1000.000000000000000 ) ;
#5961 = EDGE_CURVE ( 'NONE', #3299, #5888, #553, .T. ) ;
#5962 = CARTESIAN_POINT ( 'NONE',  ( -8.319095260923136300, 1.744918252121863600, 6.595592633140109100 ) ) ;
#5963 = CARTESIAN_POINT ( 'NONE',  ( -36.25944631154740000, 7.777231129066948700, -5.000000000000000900 ) ) ;
#5964 = DIRECTION ( 'NONE',  ( -0.3090169943749449500, 0.9510565162951543100, 0.0000000000000000000 ) ) ;
#5965 = ORIENTED_EDGE ( 'NONE', *, *, #4534, .F. ) ;
#5966 = DIRECTION ( 'NONE',  ( 0.0000000000000000000, 0.0000000000000000000, 1.000000000000000000 ) ) ;
#5967 = DIRECTION ( 'NONE',  ( 0.4999999999999919500, -0.8660254037844433700, 0.0000000000000000000 ) ) ;
#5968 = EDGE_CURVE ( 'NONE', #3385, #3454, #3878, .T. ) ;
#5969 = ORIENTED_EDGE ( 'NONE', *, *, #4545, .T. ) ;
#5970 = DIRECTION ( 'NONE',  ( -0.0000000000000000000, -0.0000000000000000000, 1.000000000000000000 ) ) ;
#5971 = AXIS2_PLACEMENT_3D ( 'NONE', #5612, #4505, #4568 ) ;
#5972 = CARTESIAN_POINT ( 'NONE',  ( -3.427831452239260600, -36.92805749626903400, -5.000000000000000900 ) ) ;
#5973 = ORIENTED_EDGE ( 'NONE', *, *, #4463, .F. ) ;
#5974 = CARTESIAN_POINT ( 'NONE',  ( -0.5838702176986791900, 6.210642285936856400, -15.00000000000000000 ) ) ;
#5975 = DIRECTION ( 'NONE',  ( 1.000000000000000000, 0.0000000000000000000, 0.0000000000000000000 ) ) ;
#5976 = DIRECTION ( 'NONE',  ( -0.0000000000000000000, -0.0000000000000000000, 1.000000000000000000 ) ) ;
#5977 = DIRECTION ( 'NONE',  ( 0.0000000000000000000, 0.0000000000000000000, -1.000000000000000000 ) ) ;
#5978 = AXIS2_PLACEMENT_3D ( 'NONE', #5292, #963, #4752 ) ;
#5979 = DIRECTION ( 'NONE',  ( -0.9135454576426005300, 0.4067366430758010400, 0.0000000000000000000 ) ) ;
#5980 = CARTESIAN_POINT ( 'NONE',  ( 3.962676671442949800, 7.519786805329117900, -14.43900000000000000 ) ) ;
#5981 = DIRECTION ( 'NONE',  ( 1.000000000000000000, 0.0000000000000000000, 0.0000000000000000000 ) ) ;
#5982 = CARTESIAN_POINT ( 'NONE',  ( 6.005245460850180600, 6.015580404354345500, 5.895749344215176700 ) ) ;
#5983 = ORIENTED_EDGE ( 'NONE', *, *, #2036, .F. ) ;
#5984 = AXIS2_PLACEMENT_3D ( 'NONE', #2372, #406, #4682 ) ;
#5985 = CARTESIAN_POINT ( 'NONE',  ( 8.239838897040245400, 2.086876841316383800, -14.43900000000000000 ) ) ;
#5986 = EDGE_CURVE ( 'NONE', #4415, #2131, #1644, .T. ) ;
#5987 = DIRECTION ( 'NONE',  ( 1.000000000000000000, 0.0000000000000000000, 0.0000000000000000000 ) ) ;
#5988 = CARTESIAN_POINT ( 'NONE',  ( 7.635616962699134400, -3.734877482706143500, 6.378086208325569800 ) ) ;
#5989 = ORIENTED_EDGE ( 'NONE', *, *, #5961, .T. ) ;
#5990 = CARTESIAN_POINT ( 'NONE',  ( -5.557078755425680000, 3.480012520356948100, -15.00000000000000000 ) ) ;
#5991 = DIRECTION ( 'NONE',  ( 0.5877852522924796900, 0.8090169943749425700, -0.0000000000000000000 ) ) ;
#5992 = CARTESIAN_POINT ( 'NONE',  ( -3.944482441314136200, 36.87375528916305700, -5.000000000000000900 ) ) ;
#5993 = LINE ( 'NONE', #5645, #3288 ) ;
#5994 = CARTESIAN_POINT ( 'NONE',  ( 37.08406768750114700, -4.294205901284563300, -5.000000000000000900 ) ) ;
#5995 = VERTEX_POINT ( 'NONE', #6612 ) ;
#5996 = CARTESIAN_POINT ( 'NONE',  ( 0.0000000000000000000, 3.000000000000000900, 11.00000000000000000 ) ) ;
#5997 = DIRECTION ( 'NONE',  ( 1.000000000000000000, -1.758422611539355000E-015, 0.0000000000000000000 ) ) ;
#5998 = LINE ( 'NONE', #5580, #24 ) ;
#5999 = LINE ( 'NONE', #516, #5910 ) ;
#6000 = CARTESIAN_POINT ( 'NONE',  ( 5.933804702835434600, 6.086097547676644100, 6.299392248628818100 ) ) ;
#6001 = ORIENTED_EDGE ( 'NONE', *, *, #1057, .T. ) ;
#6002 = EDGE_CURVE ( 'NONE', #6215, #6787, #5487, .T. ) ;
#6003 = ORIENTED_EDGE ( 'NONE', *, *, #3786, .F. ) ;
#6004 = AXIS2_PLACEMENT_3D ( 'NONE', #2523, #1368, #6263 ) ;
#6005 = VERTEX_POINT ( 'NONE', #2370 ) ;
#6006 = CONICAL_SURFACE ( 'NONE', #2548, 8.500000000000003600, 0.7853981633974482800 ) ;
#6007 = ORIENTED_EDGE ( 'NONE', *, *, #358, .T. ) ;
#6008 = CARTESIAN_POINT ( 'NONE',  ( -4.860865375652132900, 5.166354965501344800, -5.000000000000000900 ) ) ;
#6009 = ORIENTED_EDGE ( 'NONE', *, *, #3018, .F. ) ;
#6010 = EDGE_CURVE ( 'NONE', #6926, #6315, #6658, .T. ) ;
#6011 = ORIENTED_EDGE ( 'NONE', *, *, #2848, .T. ) ;
#6012 = VECTOR ( 'NONE', #2737, 1000.000000000000000 ) ;
#6013 = AXIS2_PLACEMENT_3D ( 'NONE', #5516, #800, #1358 ) ;
#6014 = CARTESIAN_POINT ( 'NONE',  ( 6.573283788898462100, -5.389462193963989700, -1.407774197958364700 ) ) ;
#6015 = CARTESIAN_POINT ( 'NONE',  ( -1.852352712115531700, -7.719877617547982000, -15.00000000000000000 ) ) ;
#6016 = CARTESIAN_POINT ( 'NONE',  ( -5.404339115359523000, -3.841790312819964200, -5.000000000000000900 ) ) ;
#6017 = ORIENTED_EDGE ( 'NONE', *, *, #3969, .F. ) ;
#6018 = VERTEX_POINT ( 'NONE', #3381 ) ;
#6019 = DIRECTION ( 'NONE',  ( -0.9945218953682744000, -0.1045284632676436500, 0.0000000000000000000 ) ) ;
#6020 = EDGE_CURVE ( 'NONE', #3391, #375, #4700, .T. ) ;
#6021 = ORIENTED_EDGE ( 'NONE', *, *, #1781, .F. ) ;
#6022 = LINE ( 'NONE', #474, #2075 ) ;
#6023 = ORIENTED_EDGE ( 'NONE', *, *, #6731, .T. ) ;
#6024 = VERTEX_POINT ( 'NONE', #897 ) ;
#6025 = EDGE_CURVE ( 'NONE', #6275, #1889, #5918, .T. ) ;
#6026 = DIRECTION ( 'NONE',  ( 0.7431448254773954700, 0.6691306063588569100, 0.0000000000000000000 ) ) ;
#6027 = AXIS2_PLACEMENT_3D ( 'NONE', #3856, #6495, #97 ) ;
#6028 = VECTOR ( 'NONE', #579, 1000.000000000000100 ) ;
#6029 = FACE_OUTER_BOUND ( 'NONE', #1149, .T. ) ;
#6030 = LINE ( 'NONE', #3461, #319 ) ;
#6031 = ORIENTED_EDGE ( 'NONE', *, *, #5495, .F. ) ;
#6032 = CARTESIAN_POINT ( 'NONE',  ( 0.0000000000000000000, 3.562500000000000400, 11.00000000000000000 ) ) ;
#6033 = FACE_OUTER_BOUND ( 'NONE', #3197, .T. ) ;
#6034 = LINE ( 'NONE', #5903, #3249 ) ;
#6035 = ORIENTED_EDGE ( 'NONE', *, *, #665, .F. ) ;
#6036 = DIRECTION ( 'NONE',  ( 0.9781476007338041300, -0.2079116908177664500, 0.0000000000000000000 ) ) ;
#6037 = CARTESIAN_POINT ( 'NONE',  ( 3.962676671442982200, 7.519786805329097500, -4.098268287262610200 ) ) ;
#6038 = CIRCLE ( 'NONE', #3639, 30.84641689323308700 ) ;
#6039 = CARTESIAN_POINT ( 'NONE',  ( -6.610296294075813400, -5.343609403465623400, 5.894784791973918000 ) ) ;
#6040 = CARTESIAN_POINT ( 'NONE',  ( -3.039045389419527500, -7.334297793316547900, -15.00000000000000000 ) ) ;
#6041 = ORIENTED_EDGE ( 'NONE', *, *, #6706, .T. ) ;
#6042 = MANIFOLD_SOLID_BREP ( 'Cut-Extrude3', #5727 ) ;
#6043 = EDGE_CURVE ( 'NONE', #2259, #386, #1524, .T. ) ;
#6044 = AXIS2_PLACEMENT_3D ( 'NONE', #279, #1381, #4609 ) ;
#6045 = CARTESIAN_POINT ( 'NONE',  ( -18.48269622657429400, 32.15000328228742900, -5.000000000000000900 ) ) ;
#6046 = CARTESIAN_POINT ( 'NONE',  ( 0.0000000000000000000, 0.0000000000000000000, 15.00000000000000000 ) ) ;
#6047 = CARTESIAN_POINT ( 'NONE',  ( -3.059487779957998900, 5.436222637021974600, -15.00000000000000000 ) ) ;
#6048 = DIRECTION ( 'NONE',  ( -0.0000000000000000000, -0.0000000000000000000, -1.000000000000000000 ) ) ;
#6049 = CARTESIAN_POINT ( 'NONE',  ( -2.312631089366872700, -8.179348228583036100, -15.00000000000000000 ) ) ;
#6050 = AXIS2_PLACEMENT_3D ( 'NONE', #4494, #5552, #4432 ) ;
#6051 = CARTESIAN_POINT ( 'NONE',  ( -5.953452267134867500, -6.067187595525434000, -3.199993028261766300 ) ) ;
#6052 = DIRECTION ( 'NONE',  ( 0.0000000000000000000, 0.0000000000000000000, -1.000000000000000000 ) ) ;
#6053 = EDGE_CURVE ( 'NONE', #5339, #2597, #4123, .T. ) ;
#6054 = ORIENTED_EDGE ( 'NONE', *, *, #2199, .T. ) ;
#6055 = DIRECTION ( 'NONE',  ( 0.2079116908177532400, -0.9781476007338069100, 0.0000000000000000000 ) ) ;
#6056 = DIRECTION ( 'NONE',  ( -0.0000000000000000000, 1.000000000000000000, -0.0000000000000000000 ) ) ;
#6057 = AXIS2_PLACEMENT_3D ( 'NONE', #4953, #6598, #3364 ) ;
#6058 = CARTESIAN_POINT ( 'NONE',  ( 0.5773502691896264000, 6.499999999999993800, 9.999999999999998200 ) ) ;
#6059 = EDGE_LOOP ( 'NONE', ( #1060, #988, #3188, #5356 ) ) ;
#6060 = CARTESIAN_POINT ( 'NONE',  ( 4.041821550212703500, 5.162876135651592900, -5.000000000000000900 ) ) ;
#6061 = CARTESIAN_POINT ( 'NONE',  ( -2.184768287610744200, 8.214425575136122100, 10.84689273194261900 ) ) ;
#6062 = ORIENTED_EDGE ( 'NONE', *, *, #5717, .T. ) ;
#6063 = ORIENTED_EDGE ( 'NONE', *, *, #535, .F. ) ;
#6064 = CARTESIAN_POINT ( 'NONE',  ( 8.239838897040252500, 2.086876841316355900, -4.098268287264494900 ) ) ;
#6065 = CARTESIAN_POINT ( 'NONE',  ( 1.606814403260275600, 6.696792176639188900, -15.00000000000000000 ) ) ;
#6066 = CARTESIAN_POINT ( 'NONE',  ( -2.312631089366869600, -8.179348228583037900, -5.000000000000004400 ) ) ;
#6067 = EDGE_LOOP ( 'NONE', ( #6540, #4719, #6041, #4766 ) ) ;
#6068 = CYLINDRICAL_SURFACE ( 'NONE', #4280, 0.3926990816987240300 ) ;
#6069 = EDGE_LOOP ( 'NONE', ( #1169, #2883, #6270, #6553 ) ) ;
#6070 = CARTESIAN_POINT ( 'NONE',  ( 7.792752554573207000, 3.394555585521097400, 6.594685079528067800 ) ) ;
#6071 = DIRECTION ( 'NONE',  ( 1.000000000000000000, 0.0000000000000000000, 0.0000000000000000000 ) ) ;
#6072 = EDGE_CURVE ( 'NONE', #4616, #247, #3677, .T. ) ;
#6073 = EDGE_LOOP ( 'NONE', ( #834, #2207, #4118, #5844 ) ) ;
#6074 = CARTESIAN_POINT ( 'NONE',  ( -3.022908415224953200, -7.547743829107934000, -14.80898906760653200 ) ) ;
#6075 = FACE_OUTER_BOUND ( 'NONE', #5416, .T. ) ;
#6076 = VERTEX_POINT ( 'NONE', #2531 ) ;
#6077 = EDGE_LOOP ( 'NONE', ( #5077, #5488, #2723, #4062 ) ) ;
#6078 = DIRECTION ( 'NONE',  ( -0.9510565162951543100, -0.3090169943749449000, -0.0000000000000000000 ) ) ;
#6079 = B_SPLINE_CURVE_WITH_KNOTS ( 'NONE', 3,
 ( #3859, #2825, #2933, #1361 ),
 .UNSPECIFIED., .F., .F.,
 ( 4, 4 ),
 ( 3.126648234294485300E-007, 0.0008592017304043419100 ),
 .UNSPECIFIED. ) ;
#6080 = DIRECTION ( 'NONE',  ( -0.0000000000000000000, 0.0000000000000000000, -1.000000000000000000 ) ) ;
#6081 = CARTESIAN_POINT ( 'NONE',  ( 8.382509937262428300, 1.409896765261645900, -3.216438956204742200 ) ) ;
#6082 = ORIENTED_EDGE ( 'NONE', *, *, #4635, .F. ) ;
#6083 = EDGE_CURVE ( 'NONE', #1387, #856, #2643, .T. ) ;
#6084 = VECTOR ( 'NONE', #1659, 1000.000000000000100 ) ;
#6085 = ORIENTED_EDGE ( 'NONE', *, *, #1744, .T. ) ;
#6086 = ORIENTED_EDGE ( 'NONE', *, *, #5812, .T. ) ;
#6087 = AXIS2_PLACEMENT_3D ( 'NONE', #3968, #285, #5059 ) ;
#6088 = DIRECTION ( 'NONE',  ( -0.0000000000000000000, 0.0000000000000000000, -1.000000000000000000 ) ) ;
#6089 = DIRECTION ( 'NONE',  ( -0.0000000000000000000, -0.0000000000000000000, 1.000000000000000000 ) ) ;
#6090 = ORIENTED_EDGE ( 'NONE', *, *, #3610, .F. ) ;
#6091 = CIRCLE ( 'NONE', #4523, 30.54279649802282700 ) ;
#6092 = ORIENTED_EDGE ( 'NONE', *, *, #3913, .F. ) ;
#6093 = DIRECTION ( 'NONE',  ( -0.2079116908177532400, 0.9781476007338069100, -0.0000000000000000000 ) ) ;
#6094 = VERTEX_POINT ( 'NONE', #1194 ) ;
#6095 = TOROIDAL_SURFACE ( 'NONE', #4560, 30.45371781153436100, 0.3926990816987236400 ) ;
#6096 = AXIS2_PLACEMENT_3D ( 'NONE', #1779, #2769, #1796 ) ;
#6097 = DIRECTION ( 'NONE',  ( -0.3090169943749574400, -0.9510565162951503100, -2.249497543887972600E-016 ) ) ;
#6098 = CARTESIAN_POINT ( 'NONE',  ( -5.323792341258426900, -3.952653436444991900, -5.000000000000000900 ) ) ;
#6099 = CIRCLE ( 'NONE', #1420, 3.946090011793465200 ) ;
#6100 = FACE_OUTER_BOUND ( 'NONE', #6312, .T. ) ;
#6101 = CARTESIAN_POINT ( 'NONE',  ( 24.76316651133288700, 27.60467995081481600, -5.000000000000000900 ) ) ;
#6102 = DIRECTION ( 'NONE',  ( -0.0000000000000000000, 0.0000000000000000000, 1.000000000000000000 ) ) ;
#6103 = ORIENTED_EDGE ( 'NONE', *, *, #1911, .F. ) ;
#6104 = DIRECTION ( 'NONE',  ( -0.5877852522924798000, -0.8090169943749425700, 0.0000000000000000000 ) ) ;
#6105 = CIRCLE ( 'NONE', #5461, 0.3926990816987240300 ) ;
#6106 = FACE_OUTER_BOUND ( 'NONE', #1742, .T. ) ;
#6107 = CONICAL_SURFACE ( 'NONE', #1567, 8.500000000000003600, 0.7853981633974482800 ) ;
#6108 = CARTESIAN_POINT ( 'NONE',  ( -1.387198975794489800, 8.386878613736426400, 12.91171370984645300 ) ) ;
#6109 = DIRECTION ( 'NONE',  ( -0.0000000000000000000, -0.0000000000000000000, -1.000000000000000000 ) ) ;
#6110 = VERTEX_POINT ( 'NONE', #6280 ) ;
#6111 = AXIS2_PLACEMENT_3D ( 'NONE', #5925, #6951, #6918 ) ;
#6112 = CARTESIAN_POINT ( 'NONE',  ( -8.290496307569537000, -1.876034298239044600, 6.593830989361975100 ) ) ;
#6113 = EDGE_CURVE ( 'NONE', #3712, #4267, #4478, .T. ) ;
#6114 = CIRCLE ( 'NONE', #2236, 3.450000000000000200 ) ;
#6115 = FACE_OUTER_BOUND ( 'NONE', #4702, .T. ) ;
#6116 = VERTEX_POINT ( 'NONE', #4882 ) ;
#6117 = CARTESIAN_POINT ( 'NONE',  ( 6.904627332918094500, 1.626455416940325400, -15.00000000000000000 ) ) ;
#6118 = ADVANCED_FACE ( 'NONE', ( #3043 ), #65, .F. ) ;
#6119 = CARTESIAN_POINT ( 'NONE',  ( -6.811006186529553500, 5.085467968481333800, 6.593844374309953500 ) ) ;
#6120 = ORIENTED_EDGE ( 'NONE', *, *, #6885, .T. ) ;
#6121 = CARTESIAN_POINT ( 'NONE',  ( 0.2714339884583577000, 2.990647674529896900, 9.013951494859357500 ) ) ;
#6122 = DIRECTION ( 'NONE',  ( 0.5000000000000040000, 0.8660254037844362700, -3.407789085892845700E-016 ) ) ;
#6123 = CARTESIAN_POINT ( 'NONE',  ( 5.344456036819223300, 6.609598298724860900, 5.729814788946944400 ) ) ;
#6124 = CARTESIAN_POINT ( 'NONE',  ( -6.415585563879141700, -3.026466207034157500, -5.000000000000000900 ) ) ;
#6125 = VERTEX_POINT ( 'NONE', #1673 ) ;
#6126 = CARTESIAN_POINT ( 'NONE',  ( 25.14922790515163000, 27.25706871047314900, -5.000000000000000900 ) ) ;
#6127 = EDGE_CURVE ( 'NONE', #1792, #1731, #2724, .T. ) ;
#6128 = CARTESIAN_POINT ( 'NONE',  ( 7.611786486961228200, 2.255754303312870000, -15.00000000000000000 ) ) ;
#6129 = AXIS2_PLACEMENT_3D ( 'NONE', #4600, #778, #5129 ) ;
#6130 = CARTESIAN_POINT ( 'NONE',  ( -1.493968763894478300, 8.368261768212562400, 12.80549866543519000 ) ) ;
#6131 = B_SPLINE_CURVE_WITH_KNOTS ( 'NONE', 3,
 ( #6160, #6710, #263, #3991, #6652, #796, #2440, #1343, #6742, #3963 ),
 .UNSPECIFIED., .F., .F.,
 ( 4, 2, 2, 2, 4 ),
 ( 0.002151242180919147100, 0.002274725163565026100, 0.002398208146210904700, 0.002645174111502660500, 0.003139106042086174000 ),
 .UNSPECIFIED. ) ;
#6132 = CARTESIAN_POINT ( 'NONE',  ( 5.646151920303507800, 4.294205901284563300, -15.00000000000000000 ) ) ;
#6133 = CARTESIAN_POINT ( 'NONE',  ( 8.480309979933267100, 0.5962407057182570500, 3.933908991277528700 ) ) ;
#6134 = EDGE_CURVE ( 'NONE', #6321, #4692, #1036, .T. ) ;
#6135 = CARTESIAN_POINT ( 'NONE',  ( -2.863138239108714300, -5.776310017815848000, -15.00000000000000000 ) ) ;
#6136 = CARTESIAN_POINT ( 'NONE',  ( 8.500000000000000000, 0.0000000000000000000, -15.00000000000000000 ) ) ;
#6137 = DIRECTION ( 'NONE',  ( -0.0000000000000000000, -0.0000000000000000000, -1.000000000000000000 ) ) ;
#6138 = AXIS2_PLACEMENT_3D ( 'NONE', #2515, #3034, #4186 ) ;
#6139 = ORIENTED_EDGE ( 'NONE', *, *, #339, .T. ) ;
#6140 = EDGE_CURVE ( 'NONE', #5003, #4631, #1379, .T. ) ;
#6141 = DIRECTION ( 'NONE',  ( 0.0000000000000000000, 0.0000000000000000000, -1.000000000000000000 ) ) ;
#6142 = ORIENTED_EDGE ( 'NONE', *, *, #1619, .F. ) ;
#6143 = CARTESIAN_POINT ( 'NONE',  ( -4.309199538352116200, -7.326718183379633800, 6.594685079528090000 ) ) ;
#6144 = AXIS2_PLACEMENT_3D ( 'NONE', #329, #5104, #2959 ) ;
#6145 = CARTESIAN_POINT ( 'NONE',  ( 0.8958154394416969500, -7.036813947251417300, -5.000000000000000900 ) ) ;
#6146 = ADVANCED_FACE ( 'NONE', ( #4226 ), #373, .T. ) ;
#6147 = CARTESIAN_POINT ( 'NONE',  ( 7.611786486961197100, -2.255754303312973000, -15.00000000000000000 ) ) ;
#6148 = CARTESIAN_POINT ( 'NONE',  ( -6.078516219072022300, 1.445547167183711500, -15.00000000000000000 ) ) ;
#6149 = SHAPE_DEFINITION_REPRESENTATION ( #6197, #4650 ) ;
#6150 = CARTESIAN_POINT ( 'NONE',  ( -8.267003811803251200, -1.976785492313652500, 6.517565607158111600 ) ) ;
#6151 = ORIENTED_EDGE ( 'NONE', *, *, #5775, .F. ) ;
#6152 = VECTOR ( 'NONE', #514, 1000.000000000000000 ) ;
#6153 = LINE ( 'NONE', #2331, #4471 ) ;
#6154 = CARTESIAN_POINT ( 'NONE',  ( -6.471215300770746900, 1.445547167183711500, -15.00000000000000000 ) ) ;
#6155 = EDGE_LOOP ( 'NONE', ( #4466, #2488, #5599, #3339 ) ) ;
#6156 = CARTESIAN_POINT ( 'NONE',  ( 0.0000000000000000000, 0.0000000000000000000, -15.00000000000000000 ) ) ;
#6157 = EDGE_LOOP ( 'NONE', ( #1766, #2322, #3222, #2681, #5193 ) ) ;
#6158 = ORIENTED_EDGE ( 'NONE', *, *, #6214, .T. ) ;
#6159 = VECTOR ( 'NONE', #1096, 999.9999999999998900 ) ;
#6160 = CARTESIAN_POINT ( 'NONE',  ( 5.738343555173989900, -6.270678850235682100, 6.594685079528088200 ) ) ;
#6161 = ORIENTED_EDGE ( 'NONE', *, *, #6176, .F. ) ;
#6162 = EDGE_CURVE ( 'NONE', #727, #1889, #5843, .T. ) ;
#6163 = ORIENTED_EDGE ( 'NONE', *, *, #6134, .T. ) ;
#6164 = CARTESIAN_POINT ( 'NONE',  ( 8.031994289540842000, -2.161612012901377600, -14.62213446854126700 ) ) ;
#6165 = DIRECTION ( 'NONE',  ( 0.1045284632676436500, -0.9945218953682742900, 0.0000000000000000000 ) ) ;
#6166 = ORIENTED_EDGE ( 'NONE', *, *, #1498, .T. ) ;
#6167 =( NAMED_UNIT ( * ) PLANE_ANGLE_UNIT ( ) SI_UNIT ( $, .RADIAN. ) );
#6168 = FACE_OUTER_BOUND ( 'NONE', #3168, .T. ) ;
#6169 = ORIENTED_EDGE ( 'NONE', *, *, #2328, .T. ) ;
#6170 = ORIENTED_EDGE ( 'NONE', *, *, #2572, .F. ) ;
#6171 = CARTESIAN_POINT ( 'NONE',  ( -0.6748734540109955200, -8.473226379350695200, 6.517808157164918900 ) ) ;
#6172 = DIRECTION ( 'NONE',  ( 8.659560562354888500E-017, 0.7071067811865512400, -0.7071067811865439100 ) ) ;
#6173 = EDGE_CURVE ( 'NONE', #5888, #1935, #5730, .T. ) ;
#6174 = CARTESIAN_POINT ( 'NONE',  ( 6.678658115143292700, -5.257901271511407500, -14.43900000000408400 ) ) ;
#6175 = CARTESIAN_POINT ( 'NONE',  ( 0.0000000000000000000, 0.0000000000000000000, -14.43900000000000000 ) ) ;
#6176 = EDGE_CURVE ( 'NONE', #269, #3308, #2880, .T. ) ;
#6177 = ORIENTED_EDGE ( 'NONE', *, *, #2218, .T. ) ;
#6178 = CIRCLE ( 'NONE', #442, 30.84641689323309100 ) ;
#6179 = AXIS2_PLACEMENT_3D ( 'NONE', #6842, #5247, #529 ) ;
#6180 = ORIENTED_EDGE ( 'NONE', *, *, #3061, .T. ) ;
#6181 = ORIENTED_EDGE ( 'NONE', *, *, #6445, .T. ) ;
#6182 = VECTOR ( 'NONE', #581, 1000.000000000000000 ) ;
#6183 = ADVANCED_FACE ( 'NONE', ( #2965 ), #1293, .T. ) ;
#6184 = VECTOR ( 'NONE', #5278, 1000.000000000000000 ) ;
#6185 = CYLINDRICAL_SURFACE ( 'NONE', #5780, 30.84641689323308700 ) ;
#6186 = ORIENTED_EDGE ( 'NONE', *, *, #563, .F. ) ;
#6187 = AXIS2_PLACEMENT_3D ( 'NONE', #5252, #2613, #946 ) ;
#6188 = DIRECTION ( 'NONE',  ( 0.8660254037844363800, -0.5000000000000040000, 0.0000000000000000000 ) ) ;
#6189 = FACE_OUTER_BOUND ( 'NONE', #6346, .T. ) ;
#6190 = FACE_BOUND ( 'NONE', #2956, .T. ) ;
#6191 = DIRECTION ( 'NONE',  ( 1.000000000000000000, 0.0000000000000000000, 0.0000000000000000000 ) ) ;
#6192 = DIRECTION ( 'NONE',  ( -0.6691306063588672300, -0.7431448254773861400, -3.407789085892847100E-016 ) ) ;
#6193 = ORIENTED_EDGE ( 'NONE', *, *, #5306, .F. ) ;
#6194 = DIRECTION ( 'NONE',  ( 0.0000000000000000000, 0.0000000000000000000, 1.000000000000000000 ) ) ;
#6195 = DIRECTION ( 'NONE',  ( -0.0000000000000000000, -0.0000000000000000000, 1.000000000000000000 ) ) ;
#6196 = CARTESIAN_POINT ( 'NONE',  ( 2.141421356237308800, 8.171078643762690800, 11.00000000000000000 ) ) ;
#6197 = PRODUCT_DEFINITION_SHAPE ( 'NONE', 'NONE',  #1630 ) ;
#6198 = TOROIDAL_SURFACE ( 'NONE', #4371, 31.43791576719764100, 3.946090011793464700 ) ;
#6199 = DIRECTION ( 'NONE',  ( 0.8090169943749505600, 0.5877852522924689200, 0.0000000000000000000 ) ) ;
#6200 = AXIS2_PLACEMENT_3D ( 'NONE', #6660, #288, #6194 ) ;
#6201 = ORIENTED_EDGE ( 'NONE', *, *, #4229, .T. ) ;
#6202 = EDGE_CURVE ( 'NONE', #247, #5573, #1090, .T. ) ;
#6203 = EDGE_CURVE ( 'NONE', #2881, #1864, #4208, .T. ) ;
#6204 = CARTESIAN_POINT ( 'NONE',  ( -7.892805129293797100, -3.154936955153550200, -4.098528514049391400 ) ) ;
#6205 = CARTESIAN_POINT ( 'NONE',  ( -5.411638987510174000, -6.555038231686901400, -3.199732156540942900 ) ) ;
#6206 = CARTESIAN_POINT ( 'NONE',  ( -5.439534267936029000, -6.531574614737271700, -5.000000000000004400 ) ) ;
#6207 = EDGE_CURVE ( 'NONE', #4589, #1222, #5197, .T. ) ;
#6208 = AXIS2_PLACEMENT_3D ( 'NONE', #5066, #6753, #4576 ) ;
#6209 = CARTESIAN_POINT ( 'NONE',  ( -0.4521241475316021300, -8.487977591937363900, 5.895381370353124600 ) ) ;
#6210 = B_SPLINE_CURVE_WITH_KNOTS ( 'NONE', 3,
 ( #4900, #4440, #3305, #4970 ),
 .UNSPECIFIED., .F., .F.,
 ( 4, 4 ),
 ( 4.336808689942017700E-018, 0.0001370343569984901700 ),
 .UNSPECIFIED. ) ;
#6211 = EDGE_LOOP ( 'NONE', ( #129, #5904, #955, #6011, #4912 ) ) ;
#6212 = EDGE_CURVE ( 'NONE', #4838, #5087, #5401, .T. ) ;
#6213 = CARTESIAN_POINT ( 'NONE',  ( 4.532886174746725100, 7.109941355349178600, -14.50704638601668800 ) ) ;
#6214 = EDGE_CURVE ( 'NONE', #6422, #5097, #202, .T. ) ;
#6215 = VERTEX_POINT ( 'NONE', #1852 ) ;
#6216 = CARTESIAN_POINT ( 'NONE',  ( 7.570769360109634900, 3.864382395160299100, 5.729814788946899100 ) ) ;
#6217 = AXIS2_PLACEMENT_3D ( 'NONE', #5624, #2418, #4013 ) ;
#6218 = VERTEX_POINT ( 'NONE', #5000 ) ;
#6219 = DIRECTION ( 'NONE',  ( 1.000000000000000000, -2.208718528794109000E-015, 0.0000000000000000000 ) ) ;
#6220 = B_SPLINE_CURVE_WITH_KNOTS ( 'NONE', 3,
 ( #1357, #5627, #4016, #5110, #2862, #6614, #733, #3387 ),
 .UNSPECIFIED., .F., .F.,
 ( 4, 2, 2, 4 ),
 ( 0.008482184591127869100, 0.01387531491265442400, 0.01657188007341770000, 0.01926844523418097900 ),
 .UNSPECIFIED. ) ;
#6221 = DIRECTION ( 'NONE',  ( 0.0000000000000000000, 0.0000000000000000000, -1.000000000000000000 ) ) ;
#6222 = CYLINDRICAL_SURFACE ( 'NONE', #5307, 0.3926990816987240300 ) ;
#6223 = ADVANCED_FACE ( 'NONE', ( #4979 ), #5570, .F. ) ;
#6224 = CARTESIAN_POINT ( 'NONE',  ( -3.661195444389659900, -5.439417188801110500, -15.00000000000000000 ) ) ;
#6225 = LINE ( 'NONE', #1344, #3204 ) ;
#6226 = AXIS2_PLACEMENT_3D ( 'NONE', #2794, #1226, #5511 ) ;
#6227 = VERTEX_POINT ( 'NONE', #161 ) ;
#6228 = DIRECTION ( 'NONE',  ( 1.000000000000000000, 0.0000000000000000000, 0.0000000000000000000 ) ) ;
#6229 = EDGE_CURVE ( 'NONE', #5097, #6740, #6822, .T. ) ;
#6230 = CARTESIAN_POINT ( 'NONE',  ( 7.156953964429520800, 4.586106587927529800, -1.407483025188090500 ) ) ;
#6231 = CARTESIAN_POINT ( 'NONE',  ( -4.931093259559703200, -3.952653436444991900, -15.00000000000000000 ) ) ;
#6232 = DIRECTION ( 'NONE',  ( 1.000000000000000000, 0.0000000000000000000, 0.0000000000000000000 ) ) ;
#6233 = EDGE_LOOP ( 'NONE', ( #750, #4162, #4065 ) ) ;
#6234 = CIRCLE ( 'NONE', #6027, 30.84641689323308700 ) ;
#6235 = ORIENTED_EDGE ( 'NONE', *, *, #5385, .T. ) ;
#6236 = ORIENTED_EDGE ( 'NONE', *, *, #5666, .T. ) ;
#6237 = CARTESIAN_POINT ( 'NONE',  ( 2.853032114188319000, 8.006915994319021100, 6.485450287000238800 ) ) ;
#6238 = ORIENTED_EDGE ( 'NONE', *, *, #6202, .T. ) ;
#6239 = FACE_OUTER_BOUND ( 'NONE', #5162, .T. ) ;
#6240 = CARTESIAN_POINT ( 'NONE',  ( 7.588393735741980200, 3.829984245779491000, 6.059314917014499500 ) ) ;
#6241 = ORIENTED_EDGE ( 'NONE', *, *, #1212, .T. ) ;
#6242 = ORIENTED_EDGE ( 'NONE', *, *, #3107, .T. ) ;
#6243 = VERTEX_POINT ( 'NONE', #4026 ) ;
#6244 = CARTESIAN_POINT ( 'NONE',  ( -3.039045389419425800, 7.334297793316590500, -15.00000000000000000 ) ) ;
#6245 = EDGE_LOOP ( 'NONE', ( #3386, #459, #717, #5603 ) ) ;
#6246 = EDGE_CURVE ( 'NONE', #3528, #3001, #1462, .T. ) ;
#6247 = CONICAL_SURFACE ( 'NONE', #6683, 8.500000000000003600, 0.7853981633974482800 ) ;
#6248 = CARTESIAN_POINT ( 'NONE',  ( -4.976287592777472600, -6.894446491804820300, 2.162214997052692500 ) ) ;
#6249 = ORIENTED_EDGE ( 'NONE', *, *, #3145, .T. ) ;
#6250 = CARTESIAN_POINT ( 'NONE',  ( -0.5838702176987635700, -6.210642285936847500, -15.00000000000000000 ) ) ;
#6251 = ORIENTED_EDGE ( 'NONE', *, *, #6466, .T. ) ;
#6252 = AXIS2_PLACEMENT_3D ( 'NONE', #4232, #2701, #4750 ) ;
#6253 = DIRECTION ( 'NONE',  ( 1.000000000000000000, 0.0000000000000000000, 0.0000000000000000000 ) ) ;
#6254 = PERSON_AND_ORGANIZATION_ROLE ( 'classification_officer' ) ;
#6255 = FACE_OUTER_BOUND ( 'NONE', #3085, .T. ) ;
#6256 = ORIENTED_EDGE ( 'NONE', *, *, #4909, .F. ) ;
#6257 = LINE ( 'NONE', #4046, #2749 ) ;
#6258 = FACE_OUTER_BOUND ( 'NONE', #315, .T. ) ;
#6259 = DIRECTION ( 'NONE',  ( -0.0000000000000000000, 0.0000000000000000000, -1.000000000000000000 ) ) ;
#6260 = CARTESIAN_POINT ( 'NONE',  ( 1.862376391315415400, 5.953531406825149500, -5.000000000000000900 ) ) ;
#6261 = B_SPLINE_CURVE_WITH_KNOTS ( 'NONE', 3,
 ( #1564, #5854, #2637, #5259 ),
 .UNSPECIFIED., .F., .F.,
 ( 4, 4 ),
 ( 2.878901413325328000E-007, 0.0008591769557168993000 ),
 .UNSPECIFIED. ) ;
#6262 = EDGE_CURVE ( 'NONE', #3275, #5686, #3801, .T. ) ;
#6263 = DIRECTION ( 'NONE',  ( 1.000000000000000000, 0.0000000000000000000, 0.0000000000000000000 ) ) ;
#6264 = ORIENTED_EDGE ( 'NONE', *, *, #4007, .T. ) ;
#6265 = CARTESIAN_POINT ( 'NONE',  ( 1.793785900544195400, -8.311387536230014900, 2.162214997051950000 ) ) ;
#6266 = VECTOR ( 'NONE', #6556, 1000.000000000000000 ) ;
#6267 = FACE_OUTER_BOUND ( 'NONE', #2524, .T. ) ;
#6268 = FACE_OUTER_BOUND ( 'NONE', #3558, .T. ) ;
#6269 = ADVANCED_FACE ( 'NONE', ( #6741 ), #958, .F. ) ;
#6270 = ORIENTED_EDGE ( 'NONE', *, *, #601, .F. ) ;
#6271 = DIRECTION ( 'NONE',  ( -0.3090169943749574400, -0.9510565162951504200, 0.0000000000000000000 ) ) ;
#6272 = EDGE_CURVE ( 'NONE', #270, #5026, #6575, .T. ) ;
#6273 = TOROIDAL_SURFACE ( 'NONE', #4088, 30.45371781153436100, 0.3926990816987236400 ) ;
#6274 = EDGE_CURVE ( 'NONE', #3454, #5680, #895, .T. ) ;
#6275 = VERTEX_POINT ( 'NONE', #4604 ) ;
#6276 = AXIS2_PLACEMENT_3D ( 'NONE', #3668, #6385, #7 ) ;
#6277 = CARTESIAN_POINT ( 'NONE',  ( 0.0000000000000000000, 0.0000000000000000000, -15.00000000000000000 ) ) ;
#6278 = DIRECTION ( 'NONE',  ( 1.000000000000000000, 0.0000000000000000000, 0.0000000000000000000 ) ) ;
#6279 = B_SPLINE_CURVE_WITH_KNOTS ( 'NONE', 3,
 ( #359, #342, #4530, #1918, #4614, #5652, #6230, #5065, #5614, #2009 ),
 .UNSPECIFIED., .F., .F.,
 ( 4, 2, 2, 2, 4 ),
 ( 0.01048920351389273500, 0.01321654063706130900, 0.01594387776022988500, 0.01867121488339845700, 0.02139855200656703300 ),
 .UNSPECIFIED. ) ;
#6280 = CARTESIAN_POINT ( 'NONE',  ( -1.132258180102093400, 6.458297209747817300, -5.000000000000000900 ) ) ;
#6281 = CARTESIAN_POINT ( 'NONE',  ( 2.945541063127151500, -7.973356143890122800, 6.298884141872537000 ) ) ;
#6282 = APPROVAL_ROLE ( '' ) ;
#6283 = ORIENTED_EDGE ( 'NONE', *, *, #2198, .F. ) ;
#6284 = DIRECTION ( 'NONE',  ( 1.000000000000000000, 0.0000000000000000000, 0.0000000000000000000 ) ) ;
#6285 = CARTESIAN_POINT ( 'NONE',  ( 4.712107964534076200, -4.559347537358724400, -15.00000000000000000 ) ) ;
#6286 = DIRECTION ( 'NONE',  ( 1.000000000000000000, 0.0000000000000000000, 0.0000000000000000000 ) ) ;
#6287 = CARTESIAN_POINT ( 'NONE',  ( 6.159178538882834200, -2.248584257262704600, -5.000000000000000900 ) ) ;
#6288 = DIRECTION ( 'NONE',  ( 0.0000000000000000000, 0.0000000000000000000, 1.000000000000000000 ) ) ;
#6289 = EDGE_CURVE ( 'NONE', #1202, #1479, #6810, .T. ) ;
#6290 = EDGE_CURVE ( 'NONE', #5575, #2192, #5142, .T. ) ;
#6291 = ORIENTED_EDGE ( 'NONE', *, *, #6539, .T. ) ;
#6292 = CARTESIAN_POINT ( 'NONE',  ( -1.322449597563917200, 8.396505727545147100, 5.896081751414328700 ) ) ;
#6293 = CARTESIAN_POINT ( 'NONE',  ( -7.892805129293767800, 3.154936955153627900, -14.43900000000000000 ) ) ;
#6294 = ORIENTED_EDGE ( 'NONE', *, *, #4474, .T. ) ;
#6295 = ADVANCED_FACE ( 'NONE', ( #5228 ), #3538, .T. ) ;
#6296 = CARTESIAN_POINT ( 'NONE',  ( 1.447748701012384000, -7.805878854985967200, -15.00000000000000000 ) ) ;
#6297 = EDGE_CURVE ( 'NONE', #1526, #802, #2387, .T. ) ;
#6298 = AXIS2_PLACEMENT_3D ( 'NONE', #3060, #1951, #5181 ) ;
#6299 = DIRECTION ( 'NONE',  ( 0.9945218953682742900, 0.1045284632676436500, 0.0000000000000000000 ) ) ;
#6300 = CARTESIAN_POINT ( 'NONE',  ( -5.404339115359523000, -3.841790312819964200, -15.00000000000000000 ) ) ;
#6301 = B_SPLINE_CURVE_WITH_KNOTS ( 'NONE', 3,
 ( #4450, #205, #3425, #1221 ),
 .UNSPECIFIED., .F., .F.,
 ( 4, 4 ),
 ( 0.0000000000000000000, 0.0001370343569984974600 ),
 .UNSPECIFIED. ) ;
#6302 = CALENDAR_DATE ( 2023, 4, 8 ) ;
#6303 = DIRECTION ( 'NONE',  ( 1.000000000000000000, 0.0000000000000000000, 0.0000000000000000000 ) ) ;
#6304 = ORIENTED_EDGE ( 'NONE', *, *, #6699, .F. ) ;
#6305 = DIRECTION ( 'NONE',  ( -0.4067366430757888800, 0.9135454576426062000, 0.0000000000000000000 ) ) ;
#6306 = LOCAL_TIME ( 11, 30, 0.0000000000000000000, #2214 ) ;
#6307 = CARTESIAN_POINT ( 'NONE',  ( -18.60137146092670700, -32.08148610378793100, -5.000000000000000900 ) ) ;
#6308 = EDGE_LOOP ( 'NONE', ( #4134, #3452 ) ) ;
#6309 = CARTESIAN_POINT ( 'NONE',  ( 6.512742896092073700, 5.463138990360866000, -0.5144932262978474400 ) ) ;
#6310 = AXIS2_PLACEMENT_3D ( 'NONE', #2715, #5380, #3713 ) ;
#6311 = ADVANCED_FACE ( 'NONE', ( #128 ), #709, .T. ) ;
#6312 = EDGE_LOOP ( 'NONE', ( #113, #5722, #4653, #3137 ) ) ;
#6313 = CARTESIAN_POINT ( 'NONE',  ( -4.269834286353163800, 7.349870803897492700, 6.595592633140108200 ) ) ;
#6314 = LINE ( 'NONE', #1205, #1046 ) ;
#6315 = VERTEX_POINT ( 'NONE', #324 ) ;
#6316 = ORIENTED_EDGE ( 'NONE', *, *, #1195, .F. ) ;
#6317 = CARTESIAN_POINT ( 'NONE',  ( 0.0000000000000000000, 0.0000000000000000000, -14.43900000000000000 ) ) ;
#6318 = PRODUCT ( '2664N11_NO THREADS_Metal Gear - 20 Degree Pressure Angle', '2664N11_NO THREADS_Metal Gear - 20 Degree Pressure Angle', '', ( #4613 ) ) ;
#6319 = AXIS2_PLACEMENT_3D ( 'NONE', #1946, #1059, #3246 ) ;
#6320 = ORIENTED_EDGE ( 'NONE', *, *, #6817, .F. ) ;
#6321 = VERTEX_POINT ( 'NONE', #5189 ) ;
#6322 = EDGE_CURVE ( 'NONE', #1118, #722, #5655, .T. ) ;
#6323 = ORIENTED_EDGE ( 'NONE', *, *, #5210, .F. ) ;
#6324 = PLANE ( 'NONE',  #1621 ) ;
#6325 = CARTESIAN_POINT ( 'NONE',  ( -5.927207807669536700, 6.092471387269805300, -4.098268287264471800 ) ) ;
#6326 = CARTESIAN_POINT ( 'NONE',  ( 8.488027882756682600, -0.4509796686607173100, 5.729814788946980800 ) ) ;
#6327 = DIRECTION ( 'NONE',  ( -0.0000000000000000000, -0.0000000000000000000, -1.000000000000000000 ) ) ;
#6328 = ORIENTED_EDGE ( 'NONE', *, *, #4725, .T. ) ;
#6329 = CIRCLE ( 'NONE', #6510, 30.54279649802281700 ) ;
#6330 = EDGE_LOOP ( 'NONE', ( #4842, #3734, #2982, #4670 ) ) ;
#6331 = ORIENTED_EDGE ( 'NONE', *, *, #6290, .T. ) ;
#6332 = EDGE_LOOP ( 'NONE', ( #3950, #5786, #4387 ) ) ;
#6333 = ADVANCED_FACE ( 'NONE', ( #5060 ), #2051, .T. ) ;
#6334 = EDGE_CURVE ( 'NONE', #6636, #1724, #3724, .T. ) ;
#6335 = DIRECTION ( 'NONE',  ( -0.0000000000000000000, -0.0000000000000000000, 1.000000000000000000 ) ) ;
#6336 = CARTESIAN_POINT ( 'NONE',  ( 1.214147014147806600, 8.412838226660879200, -5.000000000000004400 ) ) ;
#6337 = ORIENTED_EDGE ( 'NONE', *, *, #663, .F. ) ;
#6338 = ORIENTED_EDGE ( 'NONE', *, *, #5133, .T. ) ;
#6339 = VECTOR ( 'NONE', #4721, 1000.000000000000000 ) ;
#6340 = EDGE_LOOP ( 'NONE', ( #4064, #552, #6180, #5948 ) ) ;
#6341 = VERTEX_POINT ( 'NONE', #2049 ) ;
#6342 = CARTESIAN_POINT ( 'NONE',  ( -1.296926780772284600, -8.400622545402008300, 6.062026135413932000 ) ) ;
#6343 = CARTESIAN_POINT ( 'NONE',  ( 3.881970767689261400, -4.898244885548908900, -15.00000000000000000 ) ) ;
#6344 = EDGE_CURVE ( 'NONE', #4736, #4453, #2142, .T. ) ;
#6345 = CARTESIAN_POINT ( 'NONE',  ( 7.064380123506981400, 4.727000472871791800, -5.000000000000004400 ) ) ;
#6346 = EDGE_LOOP ( 'NONE', ( #4125, #542, #715, #815 ) ) ;
#6347 = VECTOR ( 'NONE', #3434, 1000.000000000000000 ) ;
#6348 = LINE ( 'NONE', #275, #5766 ) ;
#6349 = DIRECTION ( 'NONE',  ( 0.0000000000000000000, -0.0000000000000000000, -1.000000000000000000 ) ) ;
#6350 = AXIS2_PLACEMENT_3D ( 'NONE', #3026, #3532, #2526 ) ;
#6351 = CARTESIAN_POINT ( 'NONE',  ( -5.234640166072312100, 6.697778643699601600, -0.5152829901145776800 ) ) ;
#6352 = ORIENTED_EDGE ( 'NONE', *, *, #2280, .T. ) ;
#6353 = FACE_OUTER_BOUND ( 'NONE', #1378, .T. ) ;
#6354 = CARTESIAN_POINT ( 'NONE',  ( 6.237650794268061500, -0.3926990816987241400, -15.00000000000000000 ) ) ;
#6355 = DIRECTION ( 'NONE',  ( -0.8660254037844433700, -0.4999999999999920100, 0.0000000000000000000 ) ) ;
#6356 = B_SPLINE_CURVE_WITH_KNOTS ( 'NONE', 3,
 ( #548, #4819, #3772, #2138 ),
 .UNSPECIFIED., .F., .F.,
 ( 4, 4 ),
 ( 4.336808689942017700E-019, 0.0001370343569984959100 ),
 .UNSPECIFIED. ) ;
#6357 = EDGE_CURVE ( 'NONE', #2790, #99, #3573, .T. ) ;
#6358 = TOROIDAL_SURFACE ( 'NONE', #6620, 31.43791576719764100, 3.946090011793464700 ) ;
#6359 = ADVANCED_FACE ( 'NONE', ( #2813 ), #629, .F. ) ;
#6360 = CARTESIAN_POINT ( 'NONE',  ( -8.218948994790674000, 2.168267675414938400, 6.060826659256235000 ) ) ;
#6361 = CARTESIAN_POINT ( 'NONE',  ( 1.592456809767608600, -6.360478971340860700, -5.000000000000004400 ) ) ;
#6362 = ORIENTED_EDGE ( 'NONE', *, *, #5453, .F. ) ;
#6363 = AXIS2_PLACEMENT_3D ( 'NONE', #3448, #1884, #6191 ) ;
#6364 = DIRECTION ( 'NONE',  ( -0.9135454576426059700, -0.4067366430757887700, -3.407789085892845700E-016 ) ) ;
#6365 = CIRCLE ( 'NONE', #5806, 30.54279649802281700 ) ;
#6366 = DIRECTION ( 'NONE',  ( 1.000000000000000000, 0.0000000000000000000, 0.0000000000000000000 ) ) ;
#6367 = CARTESIAN_POINT ( 'NONE',  ( -3.000000000000000400, 3.673940397442060400E-016, -14.55000000000000100 ) ) ;
#6368 = CARTESIAN_POINT ( 'NONE',  ( 5.726245996640190400, 2.474487587551143600, -5.000000000000004400 ) ) ;
#6369 = VERTEX_POINT ( 'NONE', #5226 ) ;
#6370 = EDGE_CURVE ( 'NONE', #5568, #6834, #5478, .T. ) ;
#6371 = ORIENTED_EDGE ( 'NONE', *, *, #5405, .T. ) ;
#6372 = EDGE_CURVE ( 'NONE', #2216, #4221, #3451, .T. ) ;
#6373 = AXIS2_PLACEMENT_3D ( 'NONE', #4947, #5481, #147 ) ;
#6374 = CARTESIAN_POINT ( 'NONE',  ( -4.629954344567733100, 5.374268191762720200, -15.00000000000000000 ) ) ;
#6375 = DIRECTION ( 'NONE',  ( -0.0000000000000000000, -0.0000000000000000000, 1.000000000000000000 ) ) ;
#6376 = B_SPLINE_CURVE_WITH_KNOTS ( 'NONE', 3,
 ( #4835, #6453, #23, #5898, #1665, #2692, #1595, #2196, #2730, #6432 ),
 .UNSPECIFIED., .F., .F.,
 ( 4, 2, 2, 2, 4 ),
 ( 0.002595838034733982200, 0.002721555905420284400, 0.002847273776106586500, 0.003098709517479188700, 0.003601581000224393800 ),
 .UNSPECIFIED. ) ;
#6377 = CARTESIAN_POINT ( 'NONE',  ( -18.93259369340119100, -31.89025485870719500, -5.000000000000000900 ) ) ;
#6378 = ADVANCED_FACE ( 'NONE', ( #1723 ), #6737, .F. ) ;
#6379 = CARTESIAN_POINT ( 'NONE',  ( 33.87798158682761600, 15.08344920280954900, -5.000000000000000900 ) ) ;
#6380 = CARTESIAN_POINT ( 'NONE',  ( -4.040480444702775600, 7.478302721899352100, 6.484257548650262500 ) ) ;
#6381 = CARTESIAN_POINT ( 'NONE',  ( 7.611786486961228200, 2.255754303312870000, -15.00000000000000000 ) ) ;
#6382 = CARTESIAN_POINT ( 'NONE',  ( -18.60137146092670300, -32.08148610378793100, -5.000000000000000900 ) ) ;
#6383 = DIRECTION ( 'NONE',  ( -0.0000000000000000000, -0.0000000000000000000, 1.000000000000000000 ) ) ;
#6384 = VERTEX_POINT ( 'NONE', #1563 ) ;
#6385 = DIRECTION ( 'NONE',  ( 0.0000000000000000000, 0.0000000000000000000, -1.000000000000000000 ) ) ;
#6386 = DIRECTION ( 'NONE',  ( 1.000000000000000000, -2.637633917309032500E-015, 0.0000000000000000000 ) ) ;
#6387 = EDGE_CURVE ( 'NONE', #1461, #5912, #4039, .T. ) ;
#6388 = ADVANCED_FACE ( 'NONE', ( #5310 ), #5136, .T. ) ;
#6389 = AXIS2_PLACEMENT_3D ( 'NONE', #4175, #4708, #2126 ) ;
#6390 = EDGE_LOOP ( 'NONE', ( #6961, #5441, #5183, #80 ) ) ;
#6391 = CARTESIAN_POINT ( 'NONE',  ( -5.026920358780642100, 4.209712952485149100, -5.000000000000004400 ) ) ;
#6392 = CARTESIAN_POINT ( 'NONE',  ( -29.96136759268855300, 21.85289964354177500, -5.000000000000000900 ) ) ;
#6393 = CARTESIAN_POINT ( 'NONE',  ( -7.625892554966463300, -3.754432412510198400, -14.43900000000000000 ) ) ;
#6394 = EDGE_CURVE ( 'NONE', #3001, #561, #2465, .T. ) ;
#6395 = EDGE_CURVE ( 'NONE', #3719, #962, #5724, .T. ) ;
#6396 = CARTESIAN_POINT ( 'NONE',  ( -4.634573791028734600, 7.125357940167595500, 5.729814788946914200 ) ) ;
#6397 = CIRCLE ( 'NONE', #2706, 8.500000000000003600 ) ;
#6398 = ORIENTED_EDGE ( 'NONE', *, *, #5986, .T. ) ;
#6399 = AXIS2_PLACEMENT_3D ( 'NONE', #5926, #3205, #4931 ) ;
#6400 = DIRECTION ( 'NONE',  ( 1.000000000000000000, -8.972919023226069600E-016, 0.0000000000000000000 ) ) ;
#6401 = CARTESIAN_POINT ( 'NONE',  ( 1.310198450015025400, -8.213944178831269500, -14.62213445701285700 ) ) ;
#6402 = CARTESIAN_POINT ( 'NONE',  ( -6.304564774301722400, -1.801131433982102500, -15.00000000000000000 ) ) ;
#6403 = FACE_OUTER_BOUND ( 'NONE', #6157, .T. ) ;
#6404 = VECTOR ( 'NONE', #2026, 1000.000000000000000 ) ;
#6405 = ORIENTED_EDGE ( 'NONE', *, *, #2334, .F. ) ;
#6406 = EDGE_CURVE ( 'NONE', #4174, #6574, #4753, .T. ) ;
#6407 = ADVANCED_FACE ( 'NONE', ( #1887 ), #2636, .T. ) ;
#6408 = CARTESIAN_POINT ( 'NONE',  ( -0.5773502691896251800, 6.499999999999993800, 9.999999999999998200 ) ) ;
#6409 = ORIENTED_EDGE ( 'NONE', *, *, #5761, .T. ) ;
#6410 = TOROIDAL_SURFACE ( 'NONE', #4206, 30.45371781153436100, 0.3926990816987236400 ) ;
#6411 = DIRECTION ( 'NONE',  ( 1.000000000000000000, 0.0000000000000000000, 0.0000000000000000000 ) ) ;
#6412 = AXIS2_PLACEMENT_3D ( 'NONE', #1764, #5490, #2288 ) ;
#6413 = VERTEX_POINT ( 'NONE', #4217 ) ;
#6414 = ORIENTED_EDGE ( 'NONE', *, *, #4339, .T. ) ;
#6415 = CARTESIAN_POINT ( 'NONE',  ( -0.9982775255699301000, -8.441279575194899500, 6.593851650743983900 ) ) ;
#6416 = CARTESIAN_POINT ( 'NONE',  ( 0.0000000000000000000, 3.562500000000000400, 13.00000000000000000 ) ) ;
#6417 = ORIENTED_EDGE ( 'NONE', *, *, #2801, .T. ) ;
#6418 = VECTOR ( 'NONE', #4021, 1000.000000000000000 ) ;
#6419 = DIRECTION ( 'NONE',  ( -0.6691306063588569100, 0.7431448254773954700, -3.374246315831957900E-016 ) ) ;
#6420 = EDGE_LOOP ( 'NONE', ( #3797, #4181, #4862, #4090 ) ) ;
#6421 = CARTESIAN_POINT ( 'NONE',  ( 0.0000000000000000000, 3.000000000000000400, 13.00000000000000000 ) ) ;
#6422 = VERTEX_POINT ( 'NONE', #6890 ) ;
#6423 = CARTESIAN_POINT ( 'NONE',  ( -4.062924546688744700, -7.466167852654674400, 6.517835769029253400 ) ) ;
#6424 = ORIENTED_EDGE ( 'NONE', *, *, #6580, .F. ) ;
#6425 = FACE_OUTER_BOUND ( 'NONE', #793, .T. ) ;
#6426 = CARTESIAN_POINT ( 'NONE',  ( 2.333602127332656800, -8.173510152268695700, 6.377997796796551100 ) ) ;
#6427 = DIRECTION ( 'NONE',  ( 0.5000000000000038900, 0.8660254037844361500, 0.0000000000000000000 ) ) ;
#6428 = CARTESIAN_POINT ( 'NONE',  ( -1.588475361503765700, 2.546359904186599200, 12.22179448553211300 ) ) ;
#6429 = ORIENTED_EDGE ( 'NONE', *, *, #4098, .F. ) ;
#6430 = ADVANCED_FACE ( 'NONE', ( #3625, #3717 ), #4875, .T. ) ;
#6431 = EDGE_LOOP ( 'NONE', ( #3725, #126, #2822, #3224 ) ) ;
#6432 = CARTESIAN_POINT ( 'NONE',  ( 2.194037711903896100, 8.211954610124413600, 5.729814788946964800 ) ) ;
#6433 = LINE ( 'NONE', #5034, #5855 ) ;
#6434 = LINE ( 'NONE', #3255, #3568 ) ;
#6435 = CIRCLE ( 'NONE', #3429, 3.946090011793465600 ) ;
#6436 = ORIENTED_EDGE ( 'NONE', *, *, #2316, .T. ) ;
#6437 = EDGE_CURVE ( 'NONE', #1981, #3652, #5293, .T. ) ;
#6438 = CARTESIAN_POINT ( 'NONE',  ( 4.532886174746358200, 7.069293181989122500, -14.54126440246393100 ) ) ;
#6439 = CARTESIAN_POINT ( 'NONE',  ( 7.937629273162579000, -3.040401539572076900, 5.729814788946888400 ) ) ;
#6440 = FACE_OUTER_BOUND ( 'NONE', #2013, .T. ) ;
#6441 = VECTOR ( 'NONE', #4022, 1000.000000000000000 ) ;
#6442 = CYLINDRICAL_SURFACE ( 'NONE', #847, 3.946090011793464700 ) ;
#6443 = ORIENTED_EDGE ( 'NONE', *, *, #5961, .F. ) ;
#6444 = CARTESIAN_POINT ( 'NONE',  ( 5.646151920303507800, -4.294205901284563300, -5.000000000000000900 ) ) ;
#6445 = EDGE_CURVE ( 'NONE', #5087, #5752, #5735, .T. ) ;
#6446 = DIRECTION ( 'NONE',  ( -0.0000000000000000000, -0.0000000000000000000, 1.000000000000000000 ) ) ;
#6447 = AXIS2_PLACEMENT_3D ( 'NONE', #3775, #5370, #550 ) ;
#6448 = CYLINDRICAL_SURFACE ( 'NONE', #1604, 0.3926990816987240300 ) ;
#6449 = ADVANCED_FACE ( 'NONE', ( #3119 ), #368, .T. ) ;
#6450 = ORIENTED_EDGE ( 'NONE', *, *, #1471, .F. ) ;
#6451 = CARTESIAN_POINT ( 'NONE',  ( 5.698377549464347600, -2.537081144739695000, -5.000000000000000900 ) ) ;
#6452 = CARTESIAN_POINT ( 'NONE',  ( 7.884852749289726700, 3.175069880738494700, 6.377768541746855900 ) ) ;
#6453 = CARTESIAN_POINT ( 'NONE',  ( 2.521234319760686100, 8.117582861181238800, 6.593848076509001300 ) ) ;
#6454 = DIRECTION ( 'NONE',  ( -0.0000000000000000000, -0.0000000000000000000, -1.000000000000000000 ) ) ;
#6455 = VERTEX_POINT ( 'NONE', #5375 ) ;
#6456 = AXIS2_PLACEMENT_3D ( 'NONE', #3211, #2342, #5946 ) ;
#6457 = DIRECTION ( 'NONE',  ( -0.0000000000000000000, -0.0000000000000000000, 1.000000000000000000 ) ) ;
#6458 = DIRECTION ( 'NONE',  ( 1.000000000000000000, 0.0000000000000000000, 0.0000000000000000000 ) ) ;
#6459 = ORIENTED_EDGE ( 'NONE', *, *, #6020, .T. ) ;
#6460 = DIRECTION ( 'NONE',  ( -0.9135454576426005300, 0.4067366430758010400, -1.135929695297615900E-016 ) ) ;
#6461 = ADVANCED_FACE ( 'NONE', ( #2135 ), #3182, .F. ) ;
#6462 = CARTESIAN_POINT ( 'NONE',  ( -8.394210625369561600, -1.336940310124640700, 5.896102425946724100 ) ) ;
#6463 = AXIS2_PLACEMENT_3D ( 'NONE', #6101, #2909, #2877 ) ;
#6464 = CARTESIAN_POINT ( 'NONE',  ( 37.08406768750114700, -0.06851717849924807100, -5.000000000000000900 ) ) ;
#6465 = ORIENTED_EDGE ( 'NONE', *, *, #6043, .T. ) ;
#6466 = EDGE_CURVE ( 'NONE', #4074, #561, #1637, .T. ) ;
#6467 = DIRECTION ( 'NONE',  ( 0.0000000000000000000, -0.0000000000000000000, 1.000000000000000000 ) ) ;
#6468 = CARTESIAN_POINT ( 'NONE',  ( 24.81408469799091100, 27.55883300961961500, -5.000000000000000900 ) ) ;
#6469 = DIRECTION ( 'NONE',  ( 1.000000000000000000, 0.0000000000000000000, 0.0000000000000000000 ) ) ;
#6470 = DIRECTION ( 'NONE',  ( -0.0000000000000000000, -0.0000000000000000000, 1.000000000000000000 ) ) ;
#6471 = CARTESIAN_POINT ( 'NONE',  ( -1.741723136264542400, 2.445976512264763400, 9.983135236143068500 ) ) ;
#6472 = DIRECTION ( 'NONE',  ( 0.8660254037844363800, -0.5000000000000040000, 0.0000000000000000000 ) ) ;
#6473 = VERTEX_POINT ( 'NONE', #6402 ) ;
#6474 = CARTESIAN_POINT ( 'NONE',  ( -6.087097636196789500, -1.363900437125063100, -5.000000000000000900 ) ) ;
#6475 = ADVANCED_FACE ( 'NONE', ( #1546 ), #286, .F. ) ;
#6476 = DATE_AND_TIME ( #1957, #5556 ) ;
#6477 = DIRECTION ( 'NONE',  ( 0.8090169943749425700, -0.5877852522924798000, 0.0000000000000000000 ) ) ;
#6478 = ORIENTED_EDGE ( 'NONE', *, *, #6603, .T. ) ;
#6479 = DIRECTION ( 'NONE',  ( 0.0000000000000000000, 0.0000000000000000000, -1.000000000000000000 ) ) ;
#6480 = CARTESIAN_POINT ( 'NONE',  ( 5.798755822992286600, 6.214937522109603500, 6.572930323947753500 ) ) ;
#6481 = EDGE_CURVE ( 'NONE', #991, #6682, #3870, .T. ) ;
#6482 = AXIS2_PLACEMENT_3D ( 'NONE', #1919, #2469, #3459 ) ;
#6483 = DIRECTION ( 'NONE',  ( 0.1045284632676570800, 0.9945218953682729600, -3.374246315831958400E-016 ) ) ;
#6484 = ORGANIZATION ( 'UNSPECIFIED', 'UNSPECIFIED', '' ) ;
#6485 = ORIENTED_EDGE ( 'NONE', *, *, #4782, .T. ) ;
#6486 = CARTESIAN_POINT ( 'NONE',  ( 5.738343555174076900, 6.270678850235605700, 6.594685079528088200 ) ) ;
#6487 = CARTESIAN_POINT ( 'NONE',  ( -6.499706345634445300, -1.311507339667445900, -15.00000000000000000 ) ) ;
#6488 = EDGE_CURVE ( 'NONE', #1889, #2423, #6376, .T. ) ;
#6489 = CARTESIAN_POINT ( 'NONE',  ( -4.190524304000152100, -7.395235361878884600, 6.594685079528086500 ) ) ;
#6490 = ORIENTED_EDGE ( 'NONE', *, *, #2871, .T. ) ;
#6491 = TOROIDAL_SURFACE ( 'NONE', #4940, 30.45371781153435700, 0.3926990816987236400 ) ;
#6492 = VERTEX_POINT ( 'NONE', #4860 ) ;
#6493 = EDGE_LOOP ( 'NONE', ( #3732, #2986, #5085, #4008 ) ) ;
#6494 = AXIS2_PLACEMENT_3D ( 'NONE', #103, #2150, #5900 ) ;
#6495 = DIRECTION ( 'NONE',  ( -0.4067366430757888800, 0.9135454576426062000, 0.0000000000000000000 ) ) ;
#6496 = DIRECTION ( 'NONE',  ( -0.0000000000000000000, -0.0000000000000000000, 1.000000000000000000 ) ) ;
#6497 = CARTESIAN_POINT ( 'NONE',  ( -1.507121100215363300, 2.595924975184000800, 12.32082400029396900 ) ) ;
#6498 = ADVANCED_FACE ( 'NONE', ( #457 ), #5826, .F. ) ;
#6499 = CARTESIAN_POINT ( 'NONE',  ( 3.000000000000000400, 0.0000000000000000000, 15.00000000000000000 ) ) ;
#6500 = DIRECTION ( 'NONE',  ( 0.0000000000000000000, 0.0000000000000000000, 1.000000000000000000 ) ) ;
#6501 = VERTEX_POINT ( 'NONE', #1138 ) ;
#6502 = DIRECTION ( 'NONE',  ( 1.000000000000000000, 0.0000000000000000000, 0.0000000000000000000 ) ) ;
#6503 = CIRCLE ( 'NONE', #4358, 0.3926990816987240300 ) ;
#6504 = EDGE_CURVE ( 'NONE', #4652, #996, #3037, .T. ) ;
#6505 = EDGE_LOOP ( 'NONE', ( #4040, #1000, #3810, #2303 ) ) ;
#6506 = ORIENTED_EDGE ( 'NONE', *, *, #522, .F. ) ;
#6507 = CARTESIAN_POINT ( 'NONE',  ( 3.586346252648295400, 7.296885169335475900, -14.80898904182807900 ) ) ;
#6508 = CARTESIAN_POINT ( 'NONE',  ( -5.404339115359523000, -3.841790312819964200, -15.00000000000000000 ) ) ;
#6509 = CARTESIAN_POINT ( 'NONE',  ( 0.0000000000000000000, 0.0000000000000000000, -15.00000000000000000 ) ) ;
#6510 = AXIS2_PLACEMENT_3D ( 'NONE', #369, #3046, #3590 ) ;
#6511 = CARTESIAN_POINT ( 'NONE',  ( 5.769295759302476500, 6.242354264441847700, 6.593851310492628000 ) ) ;
#6512 = ORIENTED_EDGE ( 'NONE', *, *, #4958, .T. ) ;
#6513 = LINE ( 'NONE', #5266, #6676 ) ;
#6514 = ORIENTED_EDGE ( 'NONE', *, *, #3184, .F. ) ;
#6515 = EDGE_LOOP ( 'NONE', ( #6520, #1228, #1184 ) ) ;
#6516 = DIRECTION ( 'NONE',  ( -0.0000000000000000000, 1.000000000000000000, -0.0000000000000000000 ) ) ;
#6517 = ORIENTED_EDGE ( 'NONE', *, *, #4084, .F. ) ;
#6518 = CIRCLE ( 'NONE', #5728, 3.946090011793464700 ) ;
#6519 = DIRECTION ( 'NONE',  ( -0.9135454576426005300, 0.4067366430758011500, -1.135929695297615900E-016 ) ) ;
#6520 = ORIENTED_EDGE ( 'NONE', *, *, #1142, .F. ) ;
#6521 = ORIENTED_EDGE ( 'NONE', *, *, #2402, .T. ) ;
#6522 = VECTOR ( 'NONE', #5476, 1000.000000000000000 ) ;
#6523 = DIRECTION ( 'NONE',  ( -0.5877852522924798000, -0.8090169943749425700, 0.0000000000000000000 ) ) ;
#6524 = CARTESIAN_POINT ( 'NONE',  ( -2.000235098268966300, 2.235857699358654300, 10.73036836748465500 ) ) ;
#6525 = LINE ( 'NONE', #6196, #3072 ) ;
#6526 = CIRCLE ( 'NONE', #1929, 7.939000000000005400 ) ;
#6527 = CARTESIAN_POINT ( 'NONE',  ( 8.239838897035589600, -2.086876841318159800, -5.000000000000000900 ) ) ;
#6528 = ORIENTED_EDGE ( 'NONE', *, *, #1911, .T. ) ;
#6529 = EDGE_CURVE ( 'NONE', #5852, #3357, #1211, .T. ) ;
#6530 = CIRCLE ( 'NONE', #4729, 2.000000000000000000 ) ;
#6531 = VECTOR ( 'NONE', #4260, 1000.000000000000000 ) ;
#6532 = AXIS2_PLACEMENT_3D ( 'NONE', #5869, #572, #4284 ) ;
#6533 = DIRECTION ( 'NONE',  ( -0.5877852522924798000, -0.8090169943749425700, 0.0000000000000000000 ) ) ;
#6534 = DIRECTION ( 'NONE',  ( 0.5000000000000038900, 0.8660254037844362700, 0.0000000000000000000 ) ) ;
#6535 = CARTESIAN_POINT ( 'NONE',  ( 0.0000000000000000000, 0.0000000000000000000, 15.00000000000000000 ) ) ;
#6536 = EDGE_LOOP ( 'NONE', ( #2247, #790, #3121, #1215 ) ) ;
#6537 = EDGE_CURVE ( 'NONE', #2290, #5351, #4395, .T. ) ;
#6538 = CIRCLE ( 'NONE', #4456, 30.84641689323307300 ) ;
#6539 = EDGE_CURVE ( 'NONE', #4415, #635, #1374, .T. ) ;
#6540 = ORIENTED_EDGE ( 'NONE', *, *, #5043, .T. ) ;
#6541 = CARTESIAN_POINT ( 'NONE',  ( -1.042559886965516600, -6.162432059024298200, -15.00000000000000000 ) ) ;
#6542 = AXIS2_PLACEMENT_3D ( 'NONE', #1158, #4856, #5916 ) ;
#6543 = CARTESIAN_POINT ( 'NONE',  ( -5.927207807669621100, -6.092471387269726300, -4.098364264114940700 ) ) ;
#6544 = EDGE_LOOP ( 'NONE', ( #2285, #1960, #267, #5836, #1229 ) ) ;
#6545 = DIRECTION ( 'NONE',  ( -0.7431448254773862500, 0.6691306063588671200, 0.0000000000000000000 ) ) ;
#6546 = DIRECTION ( 'NONE',  ( 1.000000000000000000, 2.208718528794109300E-015, 0.0000000000000000000 ) ) ;
#6547 = CARTESIAN_POINT ( 'NONE',  ( 0.5251461167001525400, -8.484019224461805600, -3.199672543195197800 ) ) ;
#6548 = CARTESIAN_POINT ( 'NONE',  ( -6.976452998247833800, 3.789040058278468200, -15.00000000000000000 ) ) ;
#6549 = DIRECTION ( 'NONE',  ( 0.0000000000000000000, 0.0000000000000000000, -1.000000000000000000 ) ) ;
#6550 = AXIS2_PLACEMENT_3D ( 'NONE', #4599, #5128, #6284 ) ;
#6551 = DIRECTION ( 'NONE',  ( 1.000000000000000000, 0.0000000000000000000, 0.0000000000000000000 ) ) ;
#6552 = CARTESIAN_POINT ( 'NONE',  ( -8.147022399134931100, 36.43205054072289800, -5.000000000000000900 ) ) ;
#6553 = ORIENTED_EDGE ( 'NONE', *, *, #6768, .F. ) ;
#6554 = CC_DESIGN_PERSON_AND_ORGANIZATION_ASSIGNMENT ( #947, #872, ( #1630 ) ) ;
#6555 = DIRECTION ( 'NONE',  ( 0.9781476007338041300, -0.2079116908177664200, -3.407789085892847100E-016 ) ) ;
#6556 = DIRECTION ( 'NONE',  ( -0.0000000000000000000, -0.0000000000000000000, 1.000000000000000000 ) ) ;
#6557 = ORIENTED_EDGE ( 'NONE', *, *, #1371, .F. ) ;
#6558 = CARTESIAN_POINT ( 'NONE',  ( -5.026920358780701600, -4.209712952485083400, -15.00000000000000000 ) ) ;
#6559 = EDGE_CURVE ( 'NONE', #2619, #722, #5999, .T. ) ;
#6560 = DIRECTION ( 'NONE',  ( 0.7431448254773862500, -0.6691306063588671200, 0.0000000000000000000 ) ) ;
#6561 = CARTESIAN_POINT ( 'NONE',  ( -6.672882623971075200, -5.265288761655505700, 6.298950281969792000 ) ) ;
#6562 = EDGE_CURVE ( 'NONE', #2663, #3528, #4555, .T. ) ;
#6563 = ORIENTED_EDGE ( 'NONE', *, *, #6083, .T. ) ;
#6564 = CARTESIAN_POINT ( 'NONE',  ( 0.0000000000000000000, 0.0000000000000000000, -14.43900000000000000 ) ) ;
#6565 = CARTESIAN_POINT ( 'NONE',  ( -36.25944631154739300, 7.777231129066948700, -5.000000000000000900 ) ) ;
#6566 = CARTESIAN_POINT ( 'NONE',  ( -1.023079396325085500, 8.439305478041843500, 13.18691219723317500 ) ) ;
#6567 = CONICAL_SURFACE ( 'NONE', #774, 3.450000000000000200, 0.7853981633974492800 ) ;
#6568 = VECTOR ( 'NONE', #3359, 1000.000000000000000 ) ;
#6569 = DIRECTION ( 'NONE',  ( 0.0000000000000000000, -0.0000000000000000000, 1.000000000000000000 ) ) ;
#6570 = DIRECTION ( 'NONE',  ( 1.000000000000000000, 0.0000000000000000000, 0.0000000000000000000 ) ) ;
#6571 = VERTEX_POINT ( 'NONE', #623 ) ;
#6572 = EDGE_CURVE ( 'NONE', #4060, #294, #6314, .T. ) ;
#6573 = AXIS2_PLACEMENT_3D ( 'NONE', #6622, #3394, #4483 ) ;
#6574 = VERTEX_POINT ( 'NONE', #2783 ) ;
#6575 = CIRCLE ( 'NONE', #2789, 3.946090011793464700 ) ;
#6576 = DIRECTION ( 'NONE',  ( 1.000000000000000000, 0.0000000000000000000, 0.0000000000000000000 ) ) ;
#6577 = VERTEX_POINT ( 'NONE', #3845 ) ;
#6578 = DIRECTION ( 'NONE',  ( -0.2079116908177664200, -0.9781476007338041300, 0.0000000000000000000 ) ) ;
#6579 = ORIENTED_EDGE ( 'NONE', *, *, #5805, .F. ) ;
#6580 = EDGE_CURVE ( 'NONE', #2141, #4631, #118, .T. ) ;
#6581 = CARTESIAN_POINT ( 'NONE',  ( -5.323792341258426900, -3.952653436444991900, -5.000000000000000900 ) ) ;
#6582 = ORIENTED_EDGE ( 'NONE', *, *, #6334, .T. ) ;
#6583 = VECTOR ( 'NONE', #2014, 1000.000000000000000 ) ;
#6584 = AXIS2_PLACEMENT_3D ( 'NONE', #5402, #5305, #5335 ) ;
#6585 = CARTESIAN_POINT ( 'NONE',  ( 3.962676671442851200, -7.519786805329170300, -14.43900000000000000 ) ) ;
#6586 = DIRECTION ( 'NONE',  ( -0.2079116908177664200, -0.9781476007338041300, 0.0000000000000000000 ) ) ;
#6587 = ORIENTED_EDGE ( 'NONE', *, *, #2778, .F. ) ;
#6588 = VERTEX_POINT ( 'NONE', #4949 ) ;
#6589 = ORIENTED_EDGE ( 'NONE', *, *, #887, .F. ) ;
#6590 = CARTESIAN_POINT ( 'NONE',  ( 0.5615124314546106100, -8.481432885382787400, -5.000000000000004400 ) ) ;
#6591 = DIRECTION ( 'NONE',  ( -0.0000000000000000000, -0.0000000000000000000, 1.000000000000000000 ) ) ;
#6592 = CARTESIAN_POINT ( 'NONE',  ( 24.47894149083019100, 27.86059730876608100, -5.000000000000000900 ) ) ;
#6593 = ORIENTED_EDGE ( 'NONE', *, *, #3702, .F. ) ;
#6594 = CARTESIAN_POINT ( 'NONE',  ( -0.8203212372140728000, 8.460323461178989000, 6.594685079528208100 ) ) ;
#6595 = FACE_OUTER_BOUND ( 'NONE', #6536, .T. ) ;
#6596 = ORIENTED_EDGE ( 'NONE', *, *, #3739, .T. ) ;
#6597 = ORIENTED_EDGE ( 'NONE', *, *, #1104, .T. ) ;
#6598 = DIRECTION ( 'NONE',  ( -0.0000000000000000000, -0.0000000000000000000, -1.000000000000000000 ) ) ;
#6599 = AXIS2_PLACEMENT_3D ( 'NONE', #2905, #755, #4497 ) ;
#6600 = CARTESIAN_POINT ( 'NONE',  ( -8.218891117788441400, -2.168483611002630400, 6.059650009252793600 ) ) ;
#6601 = CIRCLE ( 'NONE', #2321, 30.84641689323309400 ) ;
#6602 = VECTOR ( 'NONE', #5299, 1000.000000000000000 ) ;
#6603 = EDGE_CURVE ( 'NONE', #3375, #858, #6906, .T. ) ;
#6604 = LINE ( 'NONE', #132, #2751 ) ;
#6605 = VERTEX_POINT ( 'NONE', #84 ) ;
#6606 = LINE ( 'NONE', #2125, #5173 ) ;
#6607 = CIRCLE ( 'NONE', #6208, 0.3926990816987240300 ) ;
#6608 = DIRECTION ( 'NONE',  ( -0.0000000000000000000, -0.0000000000000000000, -1.000000000000000000 ) ) ;
#6609 = CIRCLE ( 'NONE', #3207, 3.946090011793464700 ) ;
#6610 = ORIENTED_EDGE ( 'NONE', *, *, #5858, .F. ) ;
#6611 = EDGE_LOOP ( 'NONE', ( #4153, #3608, #2656, #4477, #3804 ) ) ;
#6612 = CARTESIAN_POINT ( 'NONE',  ( -5.439534267940668900, 6.531574614738718600, -14.43900000000000000 ) ) ;
#6613 = CARTESIAN_POINT ( 'NONE',  ( 1.992703809495148600, 5.911185461699370000, -15.00000000000000000 ) ) ;
#6614 = CARTESIAN_POINT ( 'NONE',  ( -7.609970893711865100, 3.787175736746960700, -3.200638652549140200 ) ) ;
#6615 = FACE_OUTER_BOUND ( 'NONE', #2324, .T. ) ;
#6616 = DIRECTION ( 'NONE',  ( 0.0000000000000000000, 0.0000000000000000000, 1.000000000000000000 ) ) ;
#6617 = CARTESIAN_POINT ( 'NONE',  ( -3.039045389419527500, -7.334297793316547900, -15.00000000000000000 ) ) ;
#6618 = ORIENTED_EDGE ( 'NONE', *, *, #1955, .T. ) ;
#6619 = EDGE_CURVE ( 'NONE', #3981, #3385, #2958, .T. ) ;
#6620 = AXIS2_PLACEMENT_3D ( 'NONE', #5548, #1267, #5967 ) ;
#6621 = DIRECTION ( 'NONE',  ( 1.000000000000000000, 0.0000000000000000000, 0.0000000000000000000 ) ) ;
#6622 = CARTESIAN_POINT ( 'NONE',  ( -4.324849761936791400, 36.83377707280895700, -5.000000000000000900 ) ) ;
#6623 = B_SPLINE_CURVE_WITH_KNOTS ( 'NONE', 3,
 ( #2631, #4216, #1044, #3657, #5850, #6380, #5821, #3089, #2044, #1002 ),
 .UNSPECIFIED., .F., .F.,
 ( 4, 2, 2, 2, 4 ),
 ( 0.004096582672683504000, 0.004599817157615981900, 0.004851434400082220800, 0.004977243021315339400, 0.005103051642548458800 ),
 .UNSPECIFIED. ) ;
#6624 = CARTESIAN_POINT ( 'NONE',  ( -5.323792341258372800, 3.952653436445063000, -15.00000000000000000 ) ) ;
#6625 = DIRECTION ( 'NONE',  ( -0.0000000000000000000, -0.0000000000000000000, 1.000000000000000000 ) ) ;
#6626 = ORIENTED_EDGE ( 'NONE', *, *, #2047, .F. ) ;
#6627 = EDGE_CURVE ( 'NONE', #287, #5517, #2652, .T. ) ;
#6628 = ORIENTED_EDGE ( 'NONE', *, *, #5744, .T. ) ;
#6629 = CARTESIAN_POINT ( 'NONE',  ( -8.377814676348418000, -1.436262337463535700, 6.300278860050137400 ) ) ;
#6630 = AXIS2_PLACEMENT_3D ( 'NONE', #4968, #2302, #2332 ) ;
#6631 = CARTESIAN_POINT ( 'NONE',  ( -6.601879607556052000, 5.353987826595879800, 5.729814788947161100 ) ) ;
#6632 = CARTESIAN_POINT ( 'NONE',  ( 0.5347307211705887300, 2.954947204113445500, 9.068128334827033400 ) ) ;
#6633 = EDGE_CURVE ( 'NONE', #3895, #4480, #6153, .T. ) ;
#6634 = DIRECTION ( 'NONE',  ( 8.659560562355164600E-017, -0.7071067811865288100, 0.7071067811865663400 ) ) ;
#6635 = AXIS2_PLACEMENT_3D ( 'NONE', #62, #6457, #89 ) ;
#6636 = VERTEX_POINT ( 'NONE', #1188 ) ;
#6637 = DIRECTION ( 'NONE',  ( -0.5877852522924798000, -0.8090169943749425700, 0.0000000000000000000 ) ) ;
#6638 = ADVANCED_FACE ( 'NONE', ( #2806 ), #4805, .T. ) ;
#6639 = CARTESIAN_POINT ( 'NONE',  ( -2.184768287610743700, 8.214425575136125700, 11.15326068406038300 ) ) ;
#6640 = ORIENTED_EDGE ( 'NONE', *, *, #5469, .T. ) ;
#6641 = CARTESIAN_POINT ( 'NONE',  ( -36.17992788854366600, -8.151335896188578900, -5.000000000000000900 ) ) ;
#6642 = CARTESIAN_POINT ( 'NONE',  ( 1.156972130221673800, 8.425256468902135900, 8.880832274030490600 ) ) ;
#6643 = ORIENTED_EDGE ( 'NONE', *, *, #757, .T. ) ;
#6644 = DIRECTION ( 'NONE',  ( 0.8660254037844380400, 0.0000000000000000000, 0.5000000000000010000 ) ) ;
#6645 = DIRECTION ( 'NONE',  ( 1.000000000000000000, 0.0000000000000000000, 0.0000000000000000000 ) ) ;
#6646 = DIRECTION ( 'NONE',  ( -0.7431448254773862500, 0.6691306063588671200, 0.0000000000000000000 ) ) ;
#6647 = CARTESIAN_POINT ( 'NONE',  ( 1.927540100405281900, 5.932358434262260600, -5.000000000000000900 ) ) ;
#6648 = ORIENTED_EDGE ( 'NONE', *, *, #1233, .T. ) ;
#6649 = CIRCLE ( 'NONE', #6697, 7.939000000000005400 ) ;
#6650 = ORIENTED_EDGE ( 'NONE', *, *, #73, .T. ) ;
#6651 = CARTESIAN_POINT ( 'NONE',  ( -2.339275608533276900, -6.696792176639157800, -5.000000000000000900 ) ) ;
#6652 = CARTESIAN_POINT ( 'NONE',  ( 5.863825094134913500, -6.153539276763279300, 6.484024832440884900 ) ) ;
#6653 = EDGE_CURVE ( 'NONE', #1461, #3024, #3530, .T. ) ;
#6654 = DIRECTION ( 'NONE',  ( 0.0000000000000000000, -0.0000000000000000000, 1.000000000000000000 ) ) ;
#6655 = DIRECTION ( 'NONE',  ( 0.0000000000000000000, -0.6560590289905028300, -0.7547095802227757900 ) ) ;
#6656 = EDGE_CURVE ( 'NONE', #3895, #3546, #2299, .T. ) ;
#6657 = ORIENTED_EDGE ( 'NONE', *, *, #5315, .T. ) ;
#6658 = CIRCLE ( 'NONE', #6599, 8.500000000000003600 ) ;
#6659 = ORIENTED_EDGE ( 'NONE', *, *, #4121, .F. ) ;
#6660 = CARTESIAN_POINT ( 'NONE',  ( 0.0000000000000000000, 8.500000000000000000, 11.00000000000000000 ) ) ;
#6661 = ORIENTED_EDGE ( 'NONE', *, *, #2848, .F. ) ;
#6662 = CARTESIAN_POINT ( 'NONE',  ( -0.7201538861514789100, -6.196318295184924300, -15.00000000000000000 ) ) ;
#6663 = B_SPLINE_CURVE_WITH_KNOTS ( 'NONE', 3,
 ( #5808, #6931, #6342, #5867, #5309, #4792, #2134, #2680, #6415, #4449 ),
 .UNSPECIFIED., .F., .F.,
 ( 4, 2, 2, 2, 4 ),
 ( 0.001922061135172080900, 0.002422898221694546600, 0.002673316764955779500, 0.002798526036586394900, 0.002923735308217010300 ),
 .UNSPECIFIED. ) ;
#6664 = EDGE_CURVE ( 'NONE', #5318, #1360, #870, .T. ) ;
#6665 = CARTESIAN_POINT ( 'NONE',  ( 2.114054499415412500, -6.284664482292091800, -5.000000000000000900 ) ) ;
#6666 = CARTESIAN_POINT ( 'NONE',  ( -8.212240998009358300, -2.193006072141521700, 5.894456264512592200 ) ) ;
#6667 = ORIENTED_EDGE ( 'NONE', *, *, #3250, .F. ) ;
#6668 = EDGE_CURVE ( 'NONE', #1086, #5003, #4219, .T. ) ;
#6669 = FACE_OUTER_BOUND ( 'NONE', #5170, .T. ) ;
#6670 = ORIENTED_EDGE ( 'NONE', *, *, #1549, .F. ) ;
#6671 = ORIENTED_EDGE ( 'NONE', *, *, #3271, .T. ) ;
#6672 = AXIS2_PLACEMENT_3D ( 'NONE', #5875, #2611, #3680 ) ;
#6673 = CARTESIAN_POINT ( 'NONE',  ( -7.987588598103768000, 2.908631301152070600, -0.5144932262994634800 ) ) ;
#6674 = DIRECTION ( 'NONE',  ( -0.6691306063588569100, 0.7431448254773954700, 0.0000000000000000000 ) ) ;
#6675 = ORIENTED_EDGE ( 'NONE', *, *, #2352, .T. ) ;
#6676 = VECTOR ( 'NONE', #4788, 1000.000000000000000 ) ;
#6677 = CARTESIAN_POINT ( 'NONE',  ( -4.634573791028734600, 7.125357940167595500, 5.729814788946914200 ) ) ;
#6678 = ORIENTED_EDGE ( 'NONE', *, *, #1181, .F. ) ;
#6679 = ADVANCED_FACE ( 'NONE', ( #6902 ), #701, .T. ) ;
#6680 = ORIENTED_EDGE ( 'NONE', *, *, #1242, .F. ) ;
#6681 = DIRECTION ( 'NONE',  ( 0.0000000000000000000, 1.000000000000000000, 0.0000000000000000000 ) ) ;
#6682 = VERTEX_POINT ( 'NONE', #2426 ) ;
#6683 = AXIS2_PLACEMENT_3D ( 'NONE', #3809, #6446, #2720 ) ;
#6684 = CARTESIAN_POINT ( 'NONE',  ( -7.906492087928526800, -3.121176210465972800, -3.200248610336927900 ) ) ;
#6685 = CYLINDRICAL_SURFACE ( 'NONE', #2977, 30.84641689323308700 ) ;
#6686 = FACE_OUTER_BOUND ( 'NONE', #5244, .T. ) ;
#6687 = CARTESIAN_POINT ( 'NONE',  ( 7.822376478845904500, -2.217394541413913300, -14.80898905951134600 ) ) ;
#6688 = EDGE_LOOP ( 'NONE', ( #183, #2229, #1752, #989 ) ) ;
#6689 = CARTESIAN_POINT ( 'NONE',  ( -6.941280931101205800, -4.906160240368318900, 6.593844483003477000 ) ) ;
#6690 = ORIENTED_EDGE ( 'NONE', *, *, #2355, .F. ) ;
#6691 = CIRCLE ( 'NONE', #1156, 0.3926990816987240300 ) ;
#6692 = LINE ( 'NONE', #1890, #4929 ) ;
#6693 = VECTOR ( 'NONE', #1182, 1000.000000000000000 ) ;
#6694 = DIRECTION ( 'NONE',  ( -0.0000000000000000000, 0.0000000000000000000, 1.000000000000000000 ) ) ;
#6695 = DIRECTION ( 'NONE',  ( 1.000000000000000000, 0.0000000000000000000, 0.0000000000000000000 ) ) ;
#6696 = VERTEX_POINT ( 'NONE', #3478 ) ;
#6697 = AXIS2_PLACEMENT_3D ( 'NONE', #1441, #1720, #3278 ) ;
#6698 = CARTESIAN_POINT ( 'NONE',  ( 0.0000000000000000000, 8.499999999999987600, 11.00000000000000000 ) ) ;
#6699 = EDGE_CURVE ( 'NONE', #3881, #289, #6225, .T. ) ;
#6700 = CYLINDRICAL_SURFACE ( 'NONE', #6087, 3.946090011793464700 ) ;
#6701 = FACE_OUTER_BOUND ( 'NONE', #3537, .T. ) ;
#6702 = EDGE_LOOP ( 'NONE', ( #4180, #3902, #5389, #1966 ) ) ;
#6703 = CARTESIAN_POINT ( 'NONE',  ( -6.492092665173081500, -0.9188820722216880500, -15.00000000000000000 ) ) ;
#6704 = DIRECTION ( 'NONE',  ( 0.8660254037844363800, -0.5000000000000040000, 0.0000000000000000000 ) ) ;
#6705 = CARTESIAN_POINT ( 'NONE',  ( 6.678658115143291800, -5.257901271511406600, -5.000000000000002700 ) ) ;
#6706 = EDGE_CURVE ( 'NONE', #5930, #5502, #3721, .T. ) ;
#6707 = LINE ( 'NONE', #4914, #3006 ) ;
#6708 = EDGE_CURVE ( 'NONE', #6930, #1671, #195, .T. ) ;
#6709 = EDGE_LOOP ( 'NONE', ( #4407, #6304, #1881, #1052 ) ) ;
#6710 = CARTESIAN_POINT ( 'NONE',  ( 5.769378053482689100, -6.242278956442516100, 6.593849093708739100 ) ) ;
#6711 = CARTESIAN_POINT ( 'NONE',  ( -7.052101401560992900, -4.745507719651014300, 6.378973053582723400 ) ) ;
#6712 = ORIENTED_EDGE ( 'NONE', *, *, #3250, .T. ) ;
#6713 = EDGE_CURVE ( 'NONE', #1123, #3473, #1795, .T. ) ;
#6714 = ADVANCED_FACE ( 'NONE', ( #1286 ), #5643, .T. ) ;
#6715 = AXIS2_PLACEMENT_3D ( 'NONE', #3424, #203, #1338 ) ;
#6716 = CARTESIAN_POINT ( 'NONE',  ( 4.672835083599497200, -7.100632016341831100, -1.407857104184878600 ) ) ;
#6717 = B_SPLINE_CURVE_WITH_KNOTS ( 'NONE', 3,
 ( #5632, #1868, #1421, #6716, #2499, #1393, #253, #2434 ),
 .UNSPECIFIED., .F., .F.,
 ( 4, 2, 2, 4 ),
 ( 1.992342074533737000E-007, 0.002695036964422629500, 0.005389874694637805000, 0.01077955015506815700 ),
 .UNSPECIFIED. ) ;
#6718 = DIRECTION ( 'NONE',  ( 0.0000000000000000000, 0.0000000000000000000, -1.000000000000000000 ) ) ;
#6719 = EDGE_CURVE ( 'NONE', #802, #3354, #4302, .T. ) ;
#6720 = DIRECTION ( 'NONE',  ( 0.0000000000000000000, 0.0000000000000000000, 1.000000000000000000 ) ) ;
#6721 = CARTESIAN_POINT ( 'NONE',  ( -6.115588681060454100, 1.229860609608967700, -15.00000000000000000 ) ) ;
#6722 = DIRECTION ( 'NONE',  ( 0.0000000000000000000, 1.000000000000000000, 0.0000000000000000000 ) ) ;
#6723 = AXIS2_PLACEMENT_3D ( 'NONE', #3646, #426, #1505 ) ;
#6724 = ORIENTED_EDGE ( 'NONE', *, *, #1903, .F. ) ;
#6725 = EDGE_CURVE ( 'NONE', #6748, #858, #2040, .T. ) ;
#6726 = CARTESIAN_POINT ( 'NONE',  ( -30.04191436678994600, -21.74203651991634000, -5.000000000000000900 ) ) ;
#6727 = ORIENTED_EDGE ( 'NONE', *, *, #6562, .F. ) ;
#6728 = CARTESIAN_POINT ( 'NONE',  ( -8.485745250876853200, -0.4964778819221948300, -1.407857104175998900 ) ) ;
#6729 = AXIS2_PLACEMENT_3D ( 'NONE', #4075, #4620, #3022 ) ;
#6730 = DIRECTION ( 'NONE',  ( -0.9510565162951503100, 0.3090169943749573900, 0.0000000000000000000 ) ) ;
#6731 = EDGE_CURVE ( 'NONE', #6926, #3821, #5993, .T. ) ;
#6732 = CARTESIAN_POINT ( 'NONE',  ( -0.4387313559085664300, -8.488669789627971700, 5.729814788946939100 ) ) ;
#6733 = CYLINDRICAL_SURFACE ( 'NONE', #5984, 3.946090011793465600 ) ;
#6734 = CARTESIAN_POINT ( 'NONE',  ( -6.541967359745211900, 2.742608045966908700, -15.00000000000000000 ) ) ;
#6735 = ORIENTED_EDGE ( 'NONE', *, *, #4863, .T. ) ;
#6736 = CIRCLE ( 'NONE', #5122, 3.946090011793465600 ) ;
#6737 = TOROIDAL_SURFACE ( 'NONE', #2023, 30.45371781153436400, 0.3926990816987236400 ) ;
#6738 = VERTEX_POINT ( 'NONE', #3447 ) ;
#6739 = DIRECTION ( 'NONE',  ( 0.0000000000000000000, -0.0000000000000000000, 1.000000000000000000 ) ) ;
#6740 = VERTEX_POINT ( 'NONE', #5033 ) ;
#6741 = FACE_OUTER_BOUND ( 'NONE', #3311, .T. ) ;
#6742 = CARTESIAN_POINT ( 'NONE',  ( 6.005292760074499200, -6.015533036830154500, 5.894922916578021700 ) ) ;
#6743 = ORIENTED_EDGE ( 'NONE', *, *, #6847, .F. ) ;
#6744 = EDGE_CURVE ( 'NONE', #2101, #27, #5302, .T. ) ;
#6745 = EDGE_LOOP ( 'NONE', ( #1488, #4963, #1015, #5138 ) ) ;
#6746 = DIRECTION ( 'NONE',  ( -0.0000000000000000000, -0.0000000000000000000, -1.000000000000000000 ) ) ;
#6747 = AXIS2_PLACEMENT_3D ( 'NONE', #6444, #2065, #3770 ) ;
#6748 = VERTEX_POINT ( 'NONE', #264 ) ;
#6749 = CIRCLE ( 'NONE', #3264, 0.3926990816987241400 ) ;
#6750 = EDGE_LOOP ( 'NONE', ( #6506, #3827, #2967 ) ) ;
#6751 = ORIENTED_EDGE ( 'NONE', *, *, #6941, .F. ) ;
#6752 = DIRECTION ( 'NONE',  ( 1.000000000000000000, 0.0000000000000000000, 0.0000000000000000000 ) ) ;
#6753 = DIRECTION ( 'NONE',  ( 0.0000000000000000000, 0.0000000000000000000, 1.000000000000000000 ) ) ;
#6754 = B_SPLINE_CURVE_WITH_KNOTS ( 'NONE', 3,
 ( #3177, #4189, #1554, #3649 ),
 .UNSPECIFIED., .F., .F.,
 ( 4, 4 ),
 ( 7.461327794363650300E-018, 0.0001370343569984945300 ),
 .UNSPECIFIED. ) ;
#6755 = EDGE_CURVE ( 'NONE', #1029, #886, #6220, .T. ) ;
#6756 = CARTESIAN_POINT ( 'NONE',  ( 0.2068215526979302300, -7.936305553929971200, -15.00000000000000000 ) ) ;
#6757 = ORIENTED_EDGE ( 'NONE', *, *, #6394, .F. ) ;
#6758 = CYLINDRICAL_SURFACE ( 'NONE', #2204, 0.3926990816987241400 ) ;
#6759 = AXIS2_PLACEMENT_3D ( 'NONE', #4294, #56, #1189 ) ;
#6760 = ORIENTED_EDGE ( 'NONE', *, *, #153, .F. ) ;
#6761 = ORIENTED_EDGE ( 'NONE', *, *, #1152, .F. ) ;
#6762 = ADVANCED_FACE ( 'NONE', ( #4212 ), #277, .F. ) ;
#6763 = CARTESIAN_POINT ( 'NONE',  ( 7.570769360115737500, -3.864382395163143100, 5.729814788964839400 ) ) ;
#6764 = CARTESIAN_POINT ( 'NONE',  ( -2.184768287610744600, 8.214425575136123900, 10.99999999999999800 ) ) ;
#6765 = CARTESIAN_POINT ( 'NONE',  ( 5.636507181858027200, 6.362372732626010200, 6.594685079528097100 ) ) ;
#6766 = FACE_OUTER_BOUND ( 'NONE', #5705, .T. ) ;
#6767 = ORIENTED_EDGE ( 'NONE', *, *, #1458, .F. ) ;
#6768 = EDGE_CURVE ( 'NONE', #670, #1390, #507, .T. ) ;
#6769 = CIRCLE ( 'NONE', #2773, 8.500000000000003600 ) ;
#6770 = LINE ( 'NONE', #5524, #5430 ) ;
#6771 = ORIENTED_EDGE ( 'NONE', *, *, #331, .T. ) ;
#6772 = AXIS2_PLACEMENT_3D ( 'NONE', #5676, #2468, #4073 ) ;
#6773 = DIRECTION ( 'NONE',  ( 0.0000000000000000000, 0.0000000000000000000, 1.000000000000000000 ) ) ;
#6774 = VECTOR ( 'NONE', #2393, 1000.000000000000000 ) ;
#6775 = DIRECTION ( 'NONE',  ( 1.000000000000000000, 0.0000000000000000000, 0.0000000000000000000 ) ) ;
#6776 = CIRCLE ( 'NONE', #3598, 30.84641689323309100 ) ;
#6777 = CIRCLE ( 'NONE', #1611, 1.312500000000006400 ) ;
#6778 = CARTESIAN_POINT ( 'NONE',  ( 1.595695729707131700, 2.548476831705518600, 12.23194912749930600 ) ) ;
#6779 = ORIENTED_EDGE ( 'NONE', *, *, #3612, .T. ) ;
#6780 = ADVANCED_FACE ( 'NONE', ( #5217 ), #6733, .T. ) ;
#6781 = DIRECTION ( 'NONE',  ( 1.000000000000000000, 0.0000000000000000000, 0.0000000000000000000 ) ) ;
#6782 = DIRECTION ( 'NONE',  ( -0.0000000000000000000, -0.0000000000000000000, -1.000000000000000000 ) ) ;
#6783 = CIRCLE ( 'NONE', #2187, 30.54279649802283100 ) ;
#6784 = DIRECTION ( 'NONE',  ( 0.0000000000000000000, 0.0000000000000000000, 1.000000000000000000 ) ) ;
#6785 = AXIS2_PLACEMENT_3D ( 'NONE', #1974, #2530, #3596 ) ;
#6786 = CARTESIAN_POINT ( 'NONE',  ( 2.194037711905735000, -8.211954610130430200, 5.729814788963743400 ) ) ;
#6787 = VERTEX_POINT ( 'NONE', #1933 ) ;
#6788 = CARTESIAN_POINT ( 'NONE',  ( 0.3943411849588727700, -37.32978402835514900, -5.000000000000000900 ) ) ;
#6789 = CARTESIAN_POINT ( 'NONE',  ( 6.630349875966786000, 0.06851717849924807100, -15.00000000000000000 ) ) ;
#6790 = ORIENTED_EDGE ( 'NONE', *, *, #6664, .T. ) ;
#6791 = EDGE_CURVE ( 'NONE', #5026, #2974, #781, .T. ) ;
#6792 = DIRECTION ( 'NONE',  ( 1.000000000000000000, 1.758422611539355000E-015, 0.0000000000000000000 ) ) ;
#6793 = CARTESIAN_POINT ( 'NONE',  ( 6.237650794268061500, -0.06851717849924807100, -15.00000000000000000 ) ) ;
#6794 = CARTESIAN_POINT ( 'NONE',  ( -4.634573791028734600, 7.125357940167595500, 5.729814788946914200 ) ) ;
#6795 = ADVANCED_FACE ( 'NONE', ( #5815 ), #4388, .F. ) ;
#6796 = DIRECTION ( 'NONE',  ( 0.0000000000000000000, 0.0000000000000000000, 1.000000000000000000 ) ) ;
#6797 = EDGE_CURVE ( 'NONE', #5657, #5153, #6397, .T. ) ;
#6798 = CARTESIAN_POINT ( 'NONE',  ( -5.557078755425728800, -3.480012520356873500, -5.000000000000004400 ) ) ;
#6799 = B_SPLINE_CURVE_WITH_KNOTS ( 'NONE', 3,
 ( #4364, #1628, #3251, #2237, #5988, #3841, #2173, #5947, #1110, #2705 ),
 .UNSPECIFIED., .F., .F.,
 ( 4, 2, 2, 2, 4 ),
 ( 0.004160382588043016900, 0.004665550434700622800, 0.004918134358029424900, 0.005044426319693828100, 0.005170718281358230500 ),
 .UNSPECIFIED. ) ;
#6800 = CARTESIAN_POINT ( 'NONE',  ( -8.493664740179516700, -0.3281147382110400400, -14.43900000000000000 ) ) ;
#6801 = ORIENTED_EDGE ( 'NONE', *, *, #3419, .T. ) ;
#6802 = CARTESIAN_POINT ( 'NONE',  ( 8.216798742875871800, -1.292175587796509100, -14.62213443398251500 ) ) ;
#6803 = DIRECTION ( 'NONE',  ( -0.0000000000000000000, -1.000000000000000000, -0.0000000000000000000 ) ) ;
#6804 = DIRECTION ( 'NONE',  ( 0.8660254037844363800, -0.5000000000000040000, 0.0000000000000000000 ) ) ;
#6805 = AXIS2_PLACEMENT_3D ( 'NONE', #6317, #447, #4775 ) ;
#6806 = COORDINATED_UNIVERSAL_TIME_OFFSET ( 6, 0, .BEHIND. ) ;
#6807 = ORIENTED_EDGE ( 'NONE', *, *, #2750, .F. ) ;
#6808 = CARTESIAN_POINT ( 'NONE',  ( -4.815542768727911300, 3.984099376590942000, -15.00000000000000000 ) ) ;
#6809 = DIRECTION ( 'NONE',  ( 0.0000000000000000000, 1.000000000000000000, 0.0000000000000000000 ) ) ;
#6810 = B_SPLINE_CURVE_WITH_KNOTS ( 'NONE', 3,
 ( #5098, #1959, #6213, #344 ),
 .UNSPECIFIED., .F., .F.,
 ( 4, 4 ),
 ( 2.593643580360109100E-007, 0.0001595253263164172100 ),
 .UNSPECIFIED. ) ;
#6811 = CARTESIAN_POINT ( 'NONE',  ( 8.497349974211287500, 0.2146346010717217500, 6.517696796658824200 ) ) ;
#6812 = DIRECTION ( 'NONE',  ( 1.000000000000000000, 0.0000000000000000000, 0.0000000000000000000 ) ) ;
#6813 = ORIENTED_EDGE ( 'NONE', *, *, #4341, .T. ) ;
#6814 = FACE_OUTER_BOUND ( 'NONE', #779, .T. ) ;
#6815 = CARTESIAN_POINT ( 'NONE',  ( 7.737015660221543600, -3.519742699898152700, 6.594685079528053600 ) ) ;
#6816 = ORIENTED_EDGE ( 'NONE', *, *, #3287, .T. ) ;
#6817 = EDGE_CURVE ( 'NONE', #858, #4908, #112, .T. ) ;
#6818 = CARTESIAN_POINT ( 'NONE',  ( -5.439534267940668900, 6.531574614738718600, -14.43900000000000000 ) ) ;
#6819 = CARTESIAN_POINT ( 'NONE',  ( 5.792318625829882900, 3.072565112850953900, -15.00000000000000000 ) ) ;
#6820 = CARTESIAN_POINT ( 'NONE',  ( -29.96136759268855300, 21.85289964354177500, -5.000000000000000900 ) ) ;
#6821 = VERTEX_POINT ( 'NONE', #1447 ) ;
#6822 = CIRCLE ( 'NONE', #6959, 0.3926990816987240300 ) ;
#6823 = EDGE_LOOP ( 'NONE', ( #1495, #2971, #2078, #502 ) ) ;
#6824 = VERTEX_POINT ( 'NONE', #4101 ) ;
#6825 = DIRECTION ( 'NONE',  ( 0.0000000000000000000, -1.000000000000000000, 0.0000000000000000000 ) ) ;
#6826 = ADVANCED_FACE ( 'NONE', ( #3709 ), #2797, .F. ) ;
#6827 = DIRECTION ( 'NONE',  ( 0.0000000000000000000, 0.0000000000000000000, 1.000000000000000000 ) ) ;
#6828 = CARTESIAN_POINT ( 'NONE',  ( -0.6500051596879862200, 8.475139405116163300, 6.485000120984847300 ) ) ;
#6829 = ORIENTED_EDGE ( 'NONE', *, *, #835, .T. ) ;
#6830 = CONICAL_SURFACE ( 'NONE', #5887, 2.141421356237309200, 0.7853981633974576000 ) ;
#6831 = CARTESIAN_POINT ( 'NONE',  ( 11.39444342689921200, 35.29021719749128000, -5.000000000000000900 ) ) ;
#6832 = ORIENTED_EDGE ( 'NONE', *, *, #5690, .T. ) ;
#6833 = ORIENTED_EDGE ( 'NONE', *, *, #2363, .F. ) ;
#6834 = VERTEX_POINT ( 'NONE', #5734 ) ;
#6835 = EDGE_CURVE ( 'NONE', #2597, #5304, #1583, .T. ) ;
#6836 = LINE ( 'NONE', #1117, #2651 ) ;
#6837 = CARTESIAN_POINT ( 'NONE',  ( -0.9983417178818125800, 8.441272304690013300, 6.593850366934188600 ) ) ;
#6838 = ORIENTED_EDGE ( 'NONE', *, *, #5460, .T. ) ;
#6839 = CARTESIAN_POINT ( 'NONE',  ( -6.976452998247884500, -3.789040058278373600, -15.00000000000000000 ) ) ;
#6840 = ORIENTED_EDGE ( 'NONE', *, *, #6504, .F. ) ;
#6841 = AXIS2_PLACEMENT_3D ( 'NONE', #986, #3172, #2672 ) ;
#6842 = CARTESIAN_POINT ( 'NONE',  ( 11.52477084507894400, 35.24787125236549900, -5.000000000000000900 ) ) ;
#6843 = CIRCLE ( 'NONE', #1917, 3.946090011793465600 ) ;
#6844 = LINE ( 'NONE', #5067, #2837 ) ;
#6845 = CARTESIAN_POINT ( 'NONE',  ( -2.277670325478492700, 8.189418272965079700, -3.201210252819922000 ) ) ;
#6846 = B_SPLINE_CURVE_WITH_KNOTS ( 'NONE', 3,
 ( #4991, #3328, #3360, #6548 ),
 .UNSPECIFIED., .F., .F.,
 ( 4, 4 ),
 ( 2.616469756811145500E-007, 0.0008591507125489521700 ),
 .UNSPECIFIED. ) ;
#6847 = EDGE_CURVE ( 'NONE', #4812, #1235, #1454, .T. ) ;
#6848 = ORIENTED_EDGE ( 'NONE', *, *, #3839, .T. ) ;
#6849 = DIRECTION ( 'NONE',  ( -1.000000000000000000, 0.0000000000000000000, -3.407789085892846600E-016 ) ) ;
#6850 = EDGE_LOOP ( 'NONE', ( #1484, #460, #4582 ) ) ;
#6851 = CARTESIAN_POINT ( 'NONE',  ( -3.255837320807438500, -5.776310017815848000, -15.00000000000000000 ) ) ;
#6852 = FACE_OUTER_BOUND ( 'NONE', #6340, .T. ) ;
#6853 = VECTOR ( 'NONE', #2851, 1000.000000000000000 ) ;
#6854 = DIRECTION ( 'NONE',  ( -0.0000000000000000000, -0.0000000000000000000, 1.000000000000000000 ) ) ;
#6855 = FACE_OUTER_BOUND ( 'NONE', #2872, .T. ) ;
#6856 = ORIENTED_EDGE ( 'NONE', *, *, #1774, .F. ) ;
#6857 = CARTESIAN_POINT ( 'NONE',  ( 2.561395405690864100, -8.104890719541229400, 6.594685079528073100 ) ) ;
#6858 = CARTESIAN_POINT ( 'NONE',  ( 1.474781423532454600, 8.371780916326926600, -0.5151055635609751400 ) ) ;
#6859 = CARTESIAN_POINT ( 'NONE',  ( -3.255837320807438500, -5.776310017815848000, -15.00000000000000000 ) ) ;
#6860 = EDGE_CURVE ( 'NONE', #1370, #468, #2380, .T. ) ;
#6861 = CIRCLE ( 'NONE', #5971, 3.946090011793466100 ) ;
#6862 = FACE_OUTER_BOUND ( 'NONE', #1141, .T. ) ;
#6863 = ORIENTED_EDGE ( 'NONE', *, *, #6072, .F. ) ;
#6864 = AXIS2_PLACEMENT_3D ( 'NONE', #5455, #3861, #1693 ) ;
#6865 = DIRECTION ( 'NONE',  ( 0.0000000000000000000, -0.0000000000000000000, 1.000000000000000000 ) ) ;
#6866 = B_SPLINE_CURVE_WITH_KNOTS ( 'NONE', 3,
 ( #4548, #838, #1327, #6171, #2935, #4044, #1350, #1392, #6209, #6732 ),
 .UNSPECIFIED., .F., .F.,
 ( 4, 2, 2, 2, 4 ),
 ( 5.260093333894103700E-005, 0.0001790197543549910600, 0.0003054385753710410700, 0.0005582762174031408700, 0.001063951501467340400 ),
 .UNSPECIFIED. ) ;
#6867 = CARTESIAN_POINT ( 'NONE',  ( 0.0000000000000000000, 0.0000000000000000000, -15.00000000000000000 ) ) ;
#6868 = ADVANCED_FACE ( 'NONE', ( #3525 ), #1880, .F. ) ;
#6869 = DIRECTION ( 'NONE',  ( -0.3090169943749449500, 0.9510565162951543100, 0.0000000000000000000 ) ) ;
#6870 = EDGE_LOOP ( 'NONE', ( #2901, #1431, #5432, #5238, #35 ) ) ;
#6871 = CARTESIAN_POINT ( 'NONE',  ( -8.267157156760568200, 1.976138065936408300, 6.518215584351734600 ) ) ;
#6872 = CARTESIAN_POINT ( 'NONE',  ( 6.969229953101028700, -1.322523984876490300, -15.00000000000000000 ) ) ;
#6873 = ORIENTED_EDGE ( 'NONE', *, *, #4865, .F. ) ;
#6874 = CARTESIAN_POINT ( 'NONE',  ( -8.336599745775766100, 1.659173179034392900, 6.593853530538694100 ) ) ;
#6875 = CARTESIAN_POINT ( 'NONE',  ( 5.344456036819223300, 6.609598298724860900, 5.729814788946944400 ) ) ;
#6876 = CARTESIAN_POINT ( 'NONE',  ( -5.323792341258372800, 3.952653436445063000, -15.00000000000000000 ) ) ;
#6877 = DIRECTION ( 'NONE',  ( -0.0000000000000000000, -0.0000000000000000000, -1.000000000000000000 ) ) ;
#6878 = EDGE_CURVE ( 'NONE', #856, #3245, #5473, .T. ) ;
#6879 = ADVANCED_FACE ( 'NONE', ( #450 ), #25, .F. ) ;
#6880 = AXIS2_PLACEMENT_3D ( 'NONE', #1698, #3837, #1680 ) ;
#6881 = DIRECTION ( 'NONE',  ( 0.4999999999999920600, -0.8660254037844432600, 0.0000000000000000000 ) ) ;
#6882 = DIRECTION ( 'NONE',  ( 0.0000000000000000000, 0.0000000000000000000, -1.000000000000000000 ) ) ;
#6883 = ORIENTED_EDGE ( 'NONE', *, *, #2328, .F. ) ;
#6884 = CARTESIAN_POINT ( 'NONE',  ( -5.309150175500626300, 6.638319394142540900, -1.408351410702343800 ) ) ;
#6885 = EDGE_CURVE ( 'NONE', #3464, #3490, #6649, .T. ) ;
#6886 = AXIS2_PLACEMENT_3D ( 'NONE', #726, #1751, #1250 ) ;
#6887 = DIRECTION ( 'NONE',  ( 0.0000000000000000000, 0.0000000000000000000, -1.000000000000000000 ) ) ;
#6888 = B_SPLINE_CURVE_WITH_KNOTS ( 'NONE', 3,
 ( #6815, #1168, #3858, #3616 ),
 .UNSPECIFIED., .F., .F.,
 ( 4, 4 ),
 ( 4.336808689942017700E-019, 0.0001370343569984975700 ),
 .UNSPECIFIED. ) ;
#6889 = DIRECTION ( 'NONE',  ( 1.000000000000000000, 0.0000000000000000000, 0.0000000000000000000 ) ) ;
#6890 = CARTESIAN_POINT ( 'NONE',  ( 6.237650794268061500, 0.06851717849924797400, -15.00000000000000000 ) ) ;
#6891 = ORIENTED_EDGE ( 'NONE', *, *, #4446, .F. ) ;
#6892 = CARTESIAN_POINT ( 'NONE',  ( -8.328230005728572700, 1.700172041789443300, 6.594685079528128200 ) ) ;
#6893 = EDGE_CURVE ( 'NONE', #4631, #5003, #1538, .T. ) ;
#6894 = ADVANCED_FACE ( 'NONE', ( #1367 ), #2458, .T. ) ;
#6895 = CYLINDRICAL_SURFACE ( 'NONE', #3041, 0.3926990816987240300 ) ;
#6896 = CARTESIAN_POINT ( 'NONE',  ( 7.932847655422044400, -3.052884992318859200, 5.894853232782877800 ) ) ;
#6897 = ORIENTED_EDGE ( 'NONE', *, *, #4554, .F. ) ;
#6898 = CARTESIAN_POINT ( 'NONE',  ( 2.450271114960497900, 6.081758207873343200, -15.00000000000000000 ) ) ;
#6899 = AXIS2_PLACEMENT_3D ( 'NONE', #5222, #2590, #4108 ) ;
#6900 = FACE_OUTER_BOUND ( 'NONE', #5619, .T. ) ;
#6901 = DIRECTION ( 'NONE',  ( 1.000000000000000000, 0.0000000000000000000, 0.0000000000000000000 ) ) ;
#6902 = FACE_OUTER_BOUND ( 'NONE', #688, .T. ) ;
#6903 = ORIENTED_EDGE ( 'NONE', *, *, #4909, .T. ) ;
#6904 = ORIENTED_EDGE ( 'NONE', *, *, #6173, .T. ) ;
#6905 = CARTESIAN_POINT ( 'NONE',  ( -7.407051519551901100, -3.784321119614099300, -14.62213448140825500 ) ) ;
#6906 = B_SPLINE_CURVE_WITH_KNOTS ( 'NONE', 3,
 ( #5449, #648, #3274, #172, #1759, #6547, #3327, #6590 ),
 .UNSPECIFIED., .F., .F.,
 ( 4, 2, 2, 4 ),
 ( 0.007990634192568582500, 0.01338233399125201600, 0.01607818389059373400, 0.01877403378993544900 ),
 .UNSPECIFIED. ) ;
#6907 = CARTESIAN_POINT ( 'NONE',  ( 6.904627332918074100, -1.626455416940418600, -15.00000000000000000 ) ) ;
#6908 = CARTESIAN_POINT ( 'NONE',  ( -4.230257687532163600, -7.372720363880406000, 6.595592633140108200 ) ) ;
#6909 = AXIS2_PLACEMENT_3D ( 'NONE', #2442, #6746, #6792 ) ;
#6910 = ORIENTED_EDGE ( 'NONE', *, *, #295, .F. ) ;
#6911 = LINE ( 'NONE', #3358, #5319 ) ;
#6912 = EDGE_LOOP ( 'NONE', ( #3742, #3647, #5132, #5174, #3818 ) ) ;
#6913 = VERTEX_POINT ( 'NONE', #5037 ) ;
#6914 = CARTESIAN_POINT ( 'NONE',  ( 6.630349875966786000, -0.06851717849924807100, -5.000000000000000900 ) ) ;
#6915 = CARTESIAN_POINT ( 'NONE',  ( 5.670509102288537700, -2.599674701928170100, -15.00000000000000000 ) ) ;
#6916 = CARTESIAN_POINT ( 'NONE',  ( 4.224721244881484600, 4.589630969700017700, -15.00000000000000000 ) ) ;
#6917 = ADVANCED_FACE ( 'NONE', ( #1125 ), #6895, .F. ) ;
#6918 = DIRECTION ( 'NONE',  ( 1.000000000000000000, 0.0000000000000000000, 0.0000000000000000000 ) ) ;
#6919 = CARTESIAN_POINT ( 'NONE',  ( -8.396308053915753100, 1.323635547932077800, 5.729814788946933700 ) ) ;
#6920 = ORIENTED_EDGE ( 'NONE', *, *, #5280, .T. ) ;
#6921 = CIRCLE ( 'NONE', #3613, 3.946090011793464700 ) ;
#6922 = ORIENTED_EDGE ( 'NONE', *, *, #4240, .T. ) ;
#6923 = VERTEX_POINT ( 'NONE', #836 ) ;
#6924 = EDGE_CURVE ( 'NONE', #3299, #1029, #1040, .T. ) ;
#6925 = CARTESIAN_POINT ( 'NONE',  ( -5.404339115359471500, 3.841790312820036600, -15.00000000000000000 ) ) ;
#6926 = VERTEX_POINT ( 'NONE', #1349 ) ;
#6927 = CIRCLE ( 'NONE', #1288, 0.3926990816987240300 ) ;
#6928 = EDGE_CURVE ( 'NONE', #4487, #2423, #5566, .T. ) ;
#6929 = VERTEX_POINT ( 'NONE', #5113 ) ;
#6930 = VERTEX_POINT ( 'NONE', #5630 ) ;
#6931 = CARTESIAN_POINT ( 'NONE',  ( -1.322458614112746800, -8.396504292794924500, 5.895969033634064400 ) ) ;
#6932 = DIRECTION ( 'NONE',  ( 0.0000000000000000000, 0.0000000000000000000, -1.000000000000000000 ) ) ;
#6933 = EDGE_CURVE ( 'NONE', #4586, #1370, #4551, .T. ) ;
#6934 = CYLINDRICAL_SURFACE ( 'NONE', #621, 30.84641689323308700 ) ;
#6935 = DIRECTION ( 'NONE',  ( 1.000000000000000000, 0.0000000000000000000, 0.0000000000000000000 ) ) ;
#6936 = CIRCLE ( 'NONE', #2626, 30.84641689323307300 ) ;
#6937 = LINE ( 'NONE', #271, #3318 ) ;
#6938 = DIRECTION ( 'NONE',  ( -0.5877852522924689200, 0.8090169943749505600, -0.0000000000000000000 ) ) ;
#6939 = AXIS2_PLACEMENT_3D ( 'NONE', #2365, #3984, #2015 ) ;
#6940 = ADVANCED_FACE ( 'NONE', ( #3444 ), #3947, .F. ) ;
#6941 = EDGE_CURVE ( 'NONE', #5927, #3308, #4115, .T. ) ;
#6942 = CARTESIAN_POINT ( 'NONE',  ( -0.6249184492352617400, 6.601190120977251200, -5.000000000000000900 ) ) ;
#6943 = ORIENTED_EDGE ( 'NONE', *, *, #1195, .T. ) ;
#6944 = FACE_OUTER_BOUND ( 'NONE', #2992, .T. ) ;
#6945 = CARTESIAN_POINT ( 'NONE',  ( 5.538652443235258200, -2.895829607045985500, -15.00000000000000000 ) ) ;
#6946 = CARTESIAN_POINT ( 'NONE',  ( 3.119385994676111100, -7.907254062160183700, 4.836481983176629000 ) ) ;
#6947 = CARTESIAN_POINT ( 'NONE',  ( -6.304564774301698400, 1.801131433982188000, -15.00000000000000000 ) ) ;
#6948 = EDGE_CURVE ( 'NONE', #2216, #2962, #2294, .T. ) ;
#6949 = CYLINDRICAL_SURFACE ( 'NONE', #3193, 0.3926990816987240300 ) ;
#6950 = CIRCLE ( 'NONE', #393, 3.946090011793465200 ) ;
#6951 = DIRECTION ( 'NONE',  ( -0.0000000000000000000, -0.0000000000000000000, 1.000000000000000000 ) ) ;
#6952 = CARTESIAN_POINT ( 'NONE',  ( -3.255837320807438500, -5.776310017815848000, -15.00000000000000000 ) ) ;
#6953 = EDGE_LOOP ( 'NONE', ( #3976, #5160, #632, #2266, #5195 ) ) ;
#6954 = AXIS2_PLACEMENT_3D ( 'NONE', #4770, #540, #2132 ) ;
#6955 = LINE ( 'NONE', #2084, #510 ) ;
#6956 = DIRECTION ( 'NONE',  ( 0.0000000000000000000, 0.0000000000000000000, 1.000000000000000000 ) ) ;
#6957 = ORIENTED_EDGE ( 'NONE', *, *, #3094, .F. ) ;
#6958 = ADVANCED_FACE ( 'NONE', ( #1718 ), #2542, .F. ) ;
#6959 = AXIS2_PLACEMENT_3D ( 'NONE', #5159, #4552, #2503 ) ;
#6960 = DIRECTION ( 'NONE',  ( -0.7431448254773954700, -0.6691306063588569100, 0.0000000000000000000 ) ) ;
#6961 = ORIENTED_EDGE ( 'NONE', *, *, #5460, .F. ) ;
#6962 = B_SPLINE_CURVE_WITH_KNOTS ( 'NONE', 3,
 ( #6818, #905, #1984, #3104 ),
 .UNSPECIFIED., .F., .F.,
 ( 4, 4 ),
 ( 2.699875826998885700E-007, 0.0008591590531634636100 ),
 .UNSPECIFIED. ) ;
#6963 = EDGE_CURVE ( 'NONE', #2192, #612, #4270, .T. ) ;
ENDSEC;
END-ISO-10303-21;
