ISO-10303-21;
HEADER;
FILE_DESCRIPTION (( 'STEP AP214' ),
    '1' );
FILE_NAME ('rear1.STEP',
    '2025-03-17T21:51:13',
    ( '' ),
    ( '' ),
    'SwSTEP 2.0',
    'SolidWorks 2024',
    '' );
FILE_SCHEMA (( 'AUTOMOTIVE_DESIGN' ));
ENDSEC;

DATA;
#1 = ORIENTED_EDGE ( 'NONE', *, *, #1206, .F. ) ;
#2 = PRODUCT_DEFINITION_CONTEXT ( 'detailed design', #698, 'design' ) ;
#3 = ORIENTED_EDGE ( 'NONE', *, *, #1212, .F. ) ;
#4 = ORIENTED_EDGE ( 'NONE', *, *, #502, .F. ) ;
#5 = VECTOR ( 'NONE', #1039, 1000.000000000000000 ) ;
#6 = CARTESIAN_POINT ( 'NONE',  ( 20.62120474641496415, 1.000000000000000000, 8.000000000000000000 ) ) ;
#7 = CARTESIAN_POINT ( 'NONE',  ( 7.160000000000000142, 0.000000000000000000, 11.00000000000000000 ) ) ;
#8 = EDGE_LOOP ( 'NONE', ( #1694, #1200, #763, #454, #947, #1471 ) ) ;
#9 = DIRECTION ( 'NONE',  ( 2.350988701644575016E-32, -1.261617073437677999E-16, -1.000000000000000000 ) ) ;
#10 = VERTEX_POINT ( 'NONE', #444 ) ;
#11 = EDGE_CURVE ( 'NONE', #473, #1007, #1284, .T. ) ;
#12 = ORIENTED_EDGE ( 'NONE', *, *, #1114, .F. ) ;
#13 = ADVANCED_FACE ( 'NONE', ( #29 ), #288, .T. ) ;
#14 = VECTOR ( 'NONE', #411, 1000.000000000000000 ) ;
#15 = DIRECTION ( 'NONE',  ( -0.000000000000000000, -0.000000000000000000, -1.000000000000000000 ) ) ;
#16 = AXIS2_PLACEMENT_3D ( 'NONE', #493, #1163, #331 ) ;
#17 = LINE ( 'NONE', #1281, #1484 ) ;
#18 = VERTEX_POINT ( 'NONE', #1562 ) ;
#19 = DIRECTION ( 'NONE',  ( 0.000000000000000000, 0.000000000000000000, -1.000000000000000000 ) ) ;
#20 = FACE_OUTER_BOUND ( 'NONE', #366, .T. ) ;
#21 = ORIENTED_EDGE ( 'NONE', *, *, #765, .T. ) ;
#22 = VERTEX_POINT ( 'NONE', #170 ) ;
#23 = DIRECTION ( 'NONE',  ( 2.350988701644574742E-32, -1.261617073437678245E-16, -1.000000000000000000 ) ) ;
#24 = FACE_OUTER_BOUND ( 'NONE', #1230, .T. ) ;
#25 = LINE ( 'NONE', #577, #1655 ) ;
#26 = VERTEX_POINT ( 'NONE', #1535 ) ;
#27 = DIRECTION ( 'NONE',  ( -1.000000000000000000, 0.000000000000000000, 0.000000000000000000 ) ) ;
#28 = DIRECTION ( 'NONE',  ( 1.000000000000000000, 0.000000000000000000, 0.000000000000000000 ) ) ;
#29 = FACE_OUTER_BOUND ( 'NONE', #269, .T. ) ;
#30 = ORIENTED_EDGE ( 'NONE', *, *, #80, .T. ) ;
#31 = AXIS2_PLACEMENT_3D ( 'NONE', #582, #1126, #458 ) ;
#32 = DIRECTION ( 'NONE',  ( 2.350988701644574742E-32, -1.261617073437678245E-16, -1.000000000000000000 ) ) ;
#33 = DIRECTION ( 'NONE',  ( -0.000000000000000000, -0.000000000000000000, -1.000000000000000000 ) ) ;
#34 = DIRECTION ( 'NONE',  ( 0.000000000000000000, 0.000000000000000000, -1.000000000000000000 ) ) ;
#35 = AXIS2_PLACEMENT_3D ( 'NONE', #1600, #361, #636 ) ;
#36 = VERTEX_POINT ( 'NONE', #988 ) ;
#37 = DIRECTION ( 'NONE',  ( -0.000000000000000000, -0.000000000000000000, 1.000000000000000000 ) ) ;
#38 = ORIENTED_EDGE ( 'NONE', *, *, #726, .T. ) ;
#39 = ORIENTED_EDGE ( 'NONE', *, *, #835, .F. ) ;
#40 = CIRCLE ( 'NONE', #213, 10.16000000000000192 ) ;
#41 = CARTESIAN_POINT ( 'NONE',  ( -20.62120474641496770, 1.000000000000000000, 6.999999999999999112 ) ) ;
#42 = CIRCLE ( 'NONE', #273, 1.550000000000000933 ) ;
#43 = CARTESIAN_POINT ( 'NONE',  ( -7.000000000000000000, -13.16000000000000014, 15.00000000000000355 ) ) ;
#44 = EDGE_CURVE ( 'NONE', #944, #785, #297, .T. ) ;
#45 = CARTESIAN_POINT ( 'NONE',  ( 19.33315078358927153, 2.000000000000000000, 15.00000000000000000 ) ) ;
#46 = CARTESIAN_POINT ( 'NONE',  ( -14.32000000000000384, 0.000000000000000000, 0.000000000000000000 ) ) ;
#47 = CARTESIAN_POINT ( 'NONE',  ( -20.62120474641497125, 1.788604398826520722E-14, -9.696043874624217658E-31 ) ) ;
#48 = EDGE_CURVE ( 'NONE', #850, #1197, #848, .T. ) ;
#49 = CARTESIAN_POINT ( 'NONE',  ( -12.50000000000000000, -23.91000000000000014, 14.99999999999999822 ) ) ;
#50 = CARTESIAN_POINT ( 'NONE',  ( -7.160000000000000142, 0.000000000000000000, 15.00000000000000000 ) ) ;
#51 = DIRECTION ( 'NONE',  ( -1.000000000000000000, 0.000000000000000000, 0.000000000000000000 ) ) ;
#52 = EDGE_LOOP ( 'NONE', ( #825, #314, #505, #356 ) ) ;
#53 = AXIS2_PLACEMENT_3D ( 'NONE', #1693, #459, #452 ) ;
#54 = CARTESIAN_POINT ( 'NONE',  ( -17.66598986934529947, -2.492924926954448228, 10.74502828047607927 ) ) ;
#55 = ORIENTED_EDGE ( 'NONE', *, *, #1249, .T. ) ;
#56 = SURFACE_SIDE_STYLE ('',( #1451 ) ) ;
#57 = CARTESIAN_POINT ( 'NONE',  ( -20.62120474641496770, 2.000000000000002220, 9.500000000000000000 ) ) ;
#58 = DIRECTION ( 'NONE',  ( 0.000000000000000000, 0.000000000000000000, 1.000000000000000000 ) ) ;
#59 = CARTESIAN_POINT ( 'NONE',  ( -16.74088896814851779, -3.474533955434227828, 9.842999068590419398 ) ) ;
#60 = EDGE_CURVE ( 'NONE', #10, #1411, #1672, .T. ) ;
#61 = DIRECTION ( 'NONE',  ( 0.000000000000000000, -1.000000000000000000, 1.261617073437677999E-16 ) ) ;
#62 = AXIS2_PLACEMENT_3D ( 'NONE', #1042, #1020, #491 ) ;
#63 = CARTESIAN_POINT ( 'NONE',  ( -7.000000000000000000, -11.61000000000000121, 5.999999999999999112 ) ) ;
#64 = VERTEX_POINT ( 'NONE', #859 ) ;
#65 = ADVANCED_FACE ( 'NONE', ( #1403, #717, #1414, #1147 ), #1139, .T. ) ;
#66 = CIRCLE ( 'NONE', #1301, 10.16000000000000192 ) ;
#67 = EDGE_CURVE ( 'NONE', #1647, #1664, #829, .T. ) ;
#68 = LINE ( 'NONE', #1148, #981 ) ;
#69 = LINE ( 'NONE', #1002, #1387 ) ;
#70 = VECTOR ( 'NONE', #916, 1000.000000000000000 ) ;
#71 = EDGE_CURVE ( 'NONE', #159, #1647, #1699, .T. ) ;
#72 = ORIENTED_EDGE ( 'NONE', *, *, #706, .F. ) ;
#73 = CARTESIAN_POINT ( 'NONE',  ( 7.000000000000000000, -13.16000000000000014, 15.00000000000000355 ) ) ;
#74 = CARTESIAN_POINT ( 'NONE',  ( -18.00082063374822283, -2.309069100517103124, 10.88900633245527416 ) ) ;
#75 = LINE ( 'NONE', #1408, #875 ) ;
#76 = DIRECTION ( 'NONE',  ( 1.000000000000000000, 1.440787226534068138E-49, 2.350988701644575290E-32 ) ) ;
#77 = CARTESIAN_POINT ( 'NONE',  ( 18.63243607412890412, -2.082981162907116435, 11.00000000000000000 ) ) ;
#78 = AXIS2_PLACEMENT_3D ( 'NONE', #154, #164, #1174 ) ;
#79 = ORIENTED_EDGE ( 'NONE', *, *, #11, .T. ) ;
#80 = EDGE_CURVE ( 'NONE', #202, #1388, #1391, .T. ) ;
#81 = CARTESIAN_POINT ( 'NONE',  ( -12.50000000000000000, -19.41000000000000014, 8.499999999999996447 ) ) ;
#82 = ORIENTED_EDGE ( 'NONE', *, *, #1678, .F. ) ;
#83 = DIRECTION ( 'NONE',  ( 0.000000000000000000, 0.000000000000000000, -1.000000000000000000 ) ) ;
#84 = DIRECTION ( 'NONE',  ( -0.000000000000000000, -0.000000000000000000, 1.000000000000000000 ) ) ;
#85 = FACE_OUTER_BOUND ( 'NONE', #1022, .T. ) ;
#86 = CARTESIAN_POINT ( 'NONE',  ( -19.33315078358927153, -5.000000000000000000, 11.00000000000000000 ) ) ;
#87 = VERTEX_POINT ( 'NONE', #324 ) ;
#88 = B_SPLINE_CURVE_WITH_KNOTS ( 'NONE', 3,
 ( #821, #1527, #1519, #882, #200, #456, #992, #1731, #327, #1001, #628, #1439 ),
 .UNSPECIFIED., .F., .F.,
 ( 4, 2, 2, 2, 2, 4 ),
 ( -9.625199464115605959E-06, 0.0008090648019576937924, 0.001627754803379503033, 0.002446444804801312708, 0.002855789805512212991, 0.003265134806223113275 ),
 .UNSPECIFIED. ) ;
#89 =( NAMED_UNIT ( * ) SI_UNIT ( $, .STERADIAN. ) SOLID_ANGLE_UNIT ( ) );
#90 = CYLINDRICAL_SURFACE ( 'NONE', #1129, 2.999999999999999112 ) ;
#91 = ORIENTED_EDGE ( 'NONE', *, *, #1347, .T. ) ;
#92 = FACE_OUTER_BOUND ( 'NONE', #1168, .T. ) ;
#93 = VECTOR ( 'NONE', #1769, 1000.000000000000000 ) ;
#94 = DIRECTION ( 'NONE',  ( 1.000000000000000000, 1.440787226534068138E-49, 2.350988701644575290E-32 ) ) ;
#95 = ORIENTED_EDGE ( 'NONE', *, *, #1352, .F. ) ;
#96 = TOROIDAL_SURFACE ( 'NONE', #62, 11.66000000000000192, 1.500000000000000000 ) ;
#97 = CARTESIAN_POINT ( 'NONE',  ( -18.63243607412890412, -2.082981162907116435, 11.00000000000000000 ) ) ;
#98 = DIRECTION ( 'NONE',  ( -1.000000000000000000, 8.673617379884027583E-16, 0.000000000000000000 ) ) ;
#99 = ORIENTED_EDGE ( 'NONE', *, *, #1739, .T. ) ;
#100 = CIRCLE ( 'NONE', #1250, 1.550000000000000933 ) ;
#101 = CARTESIAN_POINT ( 'NONE',  ( -23.62120474641496770, 2.000000000000004885, 6.999999999999999112 ) ) ;
#102 = DIRECTION ( 'NONE',  ( -1.000000000000000000, -0.000000000000000000, -0.000000000000000000 ) ) ;
#103 = ORIENTED_EDGE ( 'NONE', *, *, #1677, .F. ) ;
#104 = VECTOR ( 'NONE', #585, 1000.000000000000000 ) ;
#105 = EDGE_CURVE ( 'NONE', #1611, #1276, #871, .T. ) ;
#106 = CARTESIAN_POINT ( 'NONE',  ( 19.33315078358927153, -2.000000000000000000, 11.00000000000000000 ) ) ;
#107 = ORIENTED_EDGE ( 'NONE', *, *, #1233, .F. ) ;
#108 = DIRECTION ( 'NONE',  ( 2.350988701644574742E-32, -1.261617073437678245E-16, -1.000000000000000000 ) ) ;
#109 = CARTESIAN_POINT ( 'NONE',  ( -16.46715137698245712, -10.67157594949938293, 15.00000000000000000 ) ) ;
#110 = ORIENTED_EDGE ( 'NONE', *, *, #340, .T. ) ;
#111 = ORIENTED_EDGE ( 'NONE', *, *, #389, .F. ) ;
#112 = CARTESIAN_POINT ( 'NONE',  ( -17.32000000000000028, 0.000000000000000000, 15.00000000000000000 ) ) ;
#113 = ORIENTED_EDGE ( 'NONE', *, *, #629, .F. ) ;
#114 = DIRECTION ( 'NONE',  ( -0.000000000000000000, -0.000000000000000000, 1.000000000000000000 ) ) ;
#115 = AXIS2_PLACEMENT_3D ( 'NONE', #1561, #864, #1421 ) ;
#116 = CARTESIAN_POINT ( 'NONE',  ( 7.160000000000000142, 7.160000000000002807, 15.00000000000000000 ) ) ;
#117 = EDGE_CURVE ( 'NONE', #1367, #1514, #424, .T. ) ;
#118 = CARTESIAN_POINT ( 'NONE',  ( 20.62120474641497125, -1.000000000000000000, 6.999999999999999112 ) ) ;
#119 = EDGE_LOOP ( 'NONE', ( #276, #82, #248, #1191 ) ) ;
#120 = ORIENTED_EDGE ( 'NONE', *, *, #1531, .F. ) ;
#121 = EDGE_CURVE ( 'NONE', #1367, #1738, #1107, .T. ) ;
#122 = EDGE_CURVE ( 'NONE', #1234, #1649, #1256, .T. ) ;
#123 = DIRECTION ( 'NONE',  ( 2.350988701644575016E-32, -1.261617073437677999E-16, -1.000000000000000000 ) ) ;
#124 = ORIENTED_EDGE ( 'NONE', *, *, #1249, .F. ) ;
#125 = DIRECTION ( 'NONE',  ( 1.000000000000000000, 1.734723475976807686E-15, 0.000000000000000000 ) ) ;
#126 = AXIS2_PLACEMENT_3D ( 'NONE', #43, #1302, #1144 ) ;
#127 = DIRECTION ( 'NONE',  ( 0.000000000000000000, 0.000000000000000000, 1.000000000000000000 ) ) ;
#128 = ORIENTED_EDGE ( 'NONE', *, *, #514, .T. ) ;
#129 = ORIENTED_EDGE ( 'NONE', *, *, #1218, .T. ) ;
#130 = VECTOR ( 'NONE', #595, 1000.000000000000000 ) ;
#131 = ADVANCED_FACE ( 'NONE', ( #431 ), #1715, .F. ) ;
#132 = EDGE_LOOP ( 'NONE', ( #594, #1621, #828, #751 ) ) ;
#133 = DIRECTION ( 'NONE',  ( 8.673617379884035472E-16, -1.000000000000000000, -0.000000000000000000 ) ) ;
#134 = ORIENTED_EDGE ( 'NONE', *, *, #787, .F. ) ;
#135 =( LENGTH_UNIT ( ) NAMED_UNIT ( * ) SI_UNIT ( .MILLI., .METRE. ) );
#136 = ORIENTED_EDGE ( 'NONE', *, *, #1548, .F. ) ;
#137 = ADVANCED_FACE ( 'NONE', ( #880, #486, #1437 ), #468, .F. ) ;
#138 = EDGE_LOOP ( 'NONE', ( #1040, #951 ) ) ;
#139 = DIRECTION ( 'NONE',  ( 0.000000000000000000, -0.000000000000000000, -1.000000000000000000 ) ) ;
#140 = CARTESIAN_POINT ( 'NONE',  ( 7.000000000000000000, -13.16000000000000014, 15.00000000000000355 ) ) ;
#141 = ADVANCED_FACE ( 'NONE', ( #613, #1594 ), #1166, .T. ) ;
#142 = ORIENTED_EDGE ( 'NONE', *, *, #518, .F. ) ;
#143 = CARTESIAN_POINT ( 'NONE',  ( -19.33315078358927153, 5.000000000000000000, 15.00000000000000000 ) ) ;
#144 = ORIENTED_EDGE ( 'NONE', *, *, #190, .T. ) ;
#145 = ORIENTED_EDGE ( 'NONE', *, *, #997, .T. ) ;
#146 = AXIS2_PLACEMENT_3D ( 'NONE', #1412, #429, #857 ) ;
#147 = DIRECTION ( 'NONE',  ( 0.000000000000000000, 0.000000000000000000, -1.000000000000000000 ) ) ;
#148 = CYLINDRICAL_SURFACE ( 'NONE', #643, 1.000000000000000888 ) ;
#149 = ORIENTED_EDGE ( 'NONE', *, *, #371, .F. ) ;
#150 = LINE ( 'NONE', #1088, #1043 ) ;
#151 = CARTESIAN_POINT ( 'NONE',  ( 7.160000000000000142, 0.000000000000000000, 9.500000000000000000 ) ) ;
#152 = DIRECTION ( 'NONE',  ( 0.000000000000000000, 0.000000000000000000, 1.000000000000000000 ) ) ;
#153 = VERTEX_POINT ( 'NONE', #1570 ) ;
#154 = CARTESIAN_POINT ( 'NONE',  ( 7.160000000000000142, 0.000000000000000000, 15.00000000000000000 ) ) ;
#155 = VECTOR ( 'NONE', #51, 1000.000000000000000 ) ;
#156 = ADVANCED_FACE ( 'NONE', ( #1014 ), #1446, .F. ) ;
#157 = DIRECTION ( 'NONE',  ( 0.000000000000000000, 1.000000000000000000, 0.000000000000000000 ) ) ;
#158 = DIRECTION ( 'NONE',  ( -0.000000000000000000, -0.000000000000000000, 1.000000000000000000 ) ) ;
#159 = VERTEX_POINT ( 'NONE', #761 ) ;
#160 = CYLINDRICAL_SURFACE ( 'NONE', #1365, 4.000000000000000000 ) ;
#161 = CARTESIAN_POINT ( 'NONE',  ( 7.160000000000000142, 10.16000000000000192, 15.00000000000000000 ) ) ;
#162 = DIRECTION ( 'NONE',  ( 0.000000000000000000, 0.000000000000000000, 1.000000000000000000 ) ) ;
#163 = ORIENTED_EDGE ( 'NONE', *, *, #648, .F. ) ;
#164 = DIRECTION ( 'NONE',  ( 0.000000000000000000, 0.000000000000000000, 1.000000000000000000 ) ) ;
#165 = FACE_OUTER_BOUND ( 'NONE', #1406, .T. ) ;
#166 = CARTESIAN_POINT ( 'NONE',  ( 7.160000000000000142, 0.000000000000000000, 15.00000000000000000 ) ) ;
#167 = ORIENTED_EDGE ( 'NONE', *, *, #1663, .T. ) ;
#168 = SHAPE_DEFINITION_REPRESENTATION ( #1505, #675 ) ;
#169 = DIRECTION ( 'NONE',  ( -0.000000000000000000, -0.000000000000000000, 1.000000000000000000 ) ) ;
#170 = CARTESIAN_POINT ( 'NONE',  ( 19.12120474641496415, 2.007496219329688358, 11.00000000000000000 ) ) ;
#171 = ORIENTED_EDGE ( 'NONE', *, *, #1526, .T. ) ;
#172 = CARTESIAN_POINT ( 'NONE',  ( 19.33315078358927153, -2.000000000000000000, 10.98495079963145926 ) ) ;
#173 = EDGE_CURVE ( 'NONE', #22, #695, #718, .T. ) ;
#174 = EDGE_CURVE ( 'NONE', #1654, #696, #359, .T. ) ;
#175 = CARTESIAN_POINT ( 'NONE',  ( -19.12120474641497125, 1.999999999999998668, 11.00000000000000000 ) ) ;
#176 = ORIENTED_EDGE ( 'NONE', *, *, #1739, .F. ) ;
#177 = B_SPLINE_CURVE_WITH_KNOTS ( 'NONE', 3,
 ( #1753, #1082, #237, #657, #781, #1337, #666, #1220, #373, #913, #1781, #1482 ),
 .UNSPECIFIED., .F., .F.,
 ( 4, 2, 2, 2, 2, 4 ),
 ( 2.304412992440092189E-16, 0.0004073537040577945964, 0.0008147074081153586915, 0.001629414816230479075, 0.002444122224345598917, 0.003258829632460719626 ),
 .UNSPECIFIED. ) ;
#178 = LINE ( 'NONE', #430, #892 ) ;
#179 = ORIENTED_EDGE ( 'NONE', *, *, #575, .T. ) ;
#180 = EDGE_CURVE ( 'NONE', #1502, #1649, #1175, .T. ) ;
#181 = AXIS2_PLACEMENT_3D ( 'NONE', #360, #375, #791 ) ;
#182 = VECTOR ( 'NONE', #520, 1000.000000000000000 ) ;
#183 = CARTESIAN_POINT ( 'NONE',  ( -20.62120474641497125, -1.000000000000000000, 8.000000000000000000 ) ) ;
#184 = CARTESIAN_POINT ( 'NONE',  ( -12.50000000000000000, -19.91000000000000014, 14.99999999999999822 ) ) ;
#185 = DIRECTION ( 'NONE',  ( -1.000000000000000000, -8.673617379884035472E-16, -0.000000000000000000 ) ) ;
#186 = VERTEX_POINT ( 'NONE', #1457 ) ;
#187 = CARTESIAN_POINT ( 'NONE',  ( -12.50000000000000000, -23.91000000000000014, 11.00000000000000000 ) ) ;
#188 = DIRECTION ( 'NONE',  ( -1.000000000000000000, 0.000000000000000000, -2.350988701644575016E-32 ) ) ;
#189 = LINE ( 'NONE', #480, #1132 ) ;
#190 = EDGE_CURVE ( 'NONE', #944, #36, #214, .T. ) ;
#191 = CARTESIAN_POINT ( 'NONE',  ( -7.160000000000000142, -7.160000000000002807, 0.000000000000000000 ) ) ;
#192 = DIRECTION ( 'NONE',  ( -1.000000000000000000, 0.000000000000000000, 0.000000000000000000 ) ) ;
#193 = ORIENTED_EDGE ( 'NONE', *, *, #1616, .F. ) ;
#194 = EDGE_CURVE ( 'NONE', #1509, #908, #1603, .T. ) ;
#195 = CARTESIAN_POINT ( 'NONE',  ( -7.160000000000000142, 0.000000000000000000, 15.00000000000000000 ) ) ;
#196 = CARTESIAN_POINT ( 'NONE',  ( 12.50000000000000000, 6.161416406130987795E-96, 2.938735877055718770E-31 ) ) ;
#197 = EDGE_CURVE ( 'NONE', #976, #1072, #198, .T. ) ;
#198 = LINE ( 'NONE', #1167, #236 ) ;
#199 = ORIENTED_EDGE ( 'NONE', *, *, #44, .F. ) ;
#200 = CARTESIAN_POINT ( 'NONE',  ( 17.12997014686844111, 2.950768075832345794, 10.32876500172095113 ) ) ;
#201 = CARTESIAN_POINT ( 'NONE',  ( -20.62120474641497125, -2.000000000000000000, 8.000000000000000000 ) ) ;
#202 = VERTEX_POINT ( 'NONE', #762 ) ;
#203 = DIRECTION ( 'NONE',  ( 0.000000000000000000, 1.000000000000000000, 0.000000000000000000 ) ) ;
#204 = CARTESIAN_POINT ( 'NONE',  ( -16.63889233594794703, -3.663522866619388196, 9.671093397881099563 ) ) ;
#205 = FACE_OUTER_BOUND ( 'NONE', #52, .T. ) ;
#206 = DIRECTION ( 'NONE',  ( 1.000000000000000000, 0.000000000000000000, 0.000000000000000000 ) ) ;
#207 = AXIS2_PLACEMENT_3D ( 'NONE', #558, #1516, #442 ) ;
#208 = DIRECTION ( 'NONE',  ( -1.000000000000000000, 8.673617379884035472E-16, -4.701977403289150032E-32 ) ) ;
#209 = EDGE_CURVE ( 'NONE', #1072, #973, #1155, .T. ) ;
#210 = EDGE_CURVE ( 'NONE', #1664, #1214, #1596, .T. ) ;
#211 = ORIENTED_EDGE ( 'NONE', *, *, #470, .T. ) ;
#212 = CIRCLE ( 'NONE', #438, 1.550000000000000933 ) ;
#213 = AXIS2_PLACEMENT_3D ( 'NONE', #471, #1720, #1700 ) ;
#214 = CIRCLE ( 'NONE', #1224, 7.160000000000002807 ) ;
#215 = CARTESIAN_POINT ( 'NONE',  ( 13.83801256992526341, -7.657006472239672235, 15.00000000000000000 ) ) ;
#216 = CARTESIAN_POINT ( 'NONE',  ( 12.50000000000000000, -19.91000000000000014, 14.99999999999999822 ) ) ;
#217 = AXIS2_PLACEMENT_3D ( 'NONE', #504, #1610, #1766 ) ;
#218 = VERTEX_POINT ( 'NONE', #933 ) ;
#219 = CARTESIAN_POINT ( 'NONE',  ( -7.160000000000000142, -7.160000000000002807, 15.00000000000000000 ) ) ;
#220 = CARTESIAN_POINT ( 'NONE',  ( -16.98677274805552528, -3.118145040849297001, 10.17179592915918462 ) ) ;
#221 = CYLINDRICAL_SURFACE ( 'NONE', #364, 1.550000000000000933 ) ;
#222 = CARTESIAN_POINT ( 'NONE',  ( -20.62120474641496770, 2.000000000000002665, 15.00000000000000000 ) ) ;
#223 = AXIS2_PLACEMENT_3D ( 'NONE', #779, #1189, #1069 ) ;
#224 = ORIENTED_EDGE ( 'NONE', *, *, #764, .T. ) ;
#225 = DIRECTION ( 'NONE',  ( 0.000000000000000000, -1.000000000000000000, 0.000000000000000000 ) ) ;
#226 = CYLINDRICAL_SURFACE ( 'NONE', #898, 10.16000000000000192 ) ;
#227 = ORIENTED_EDGE ( 'NONE', *, *, #581, .F. ) ;
#228 = DIRECTION ( 'NONE',  ( 0.000000000000000000, 0.000000000000000000, -1.000000000000000000 ) ) ;
#229 = FACE_OUTER_BOUND ( 'NONE', #1084, .T. ) ;
#230 = EDGE_LOOP ( 'NONE', ( #129, #619 ) ) ;
#231 = CIRCLE ( 'NONE', #545, 2.999999999999999112 ) ;
#232 = FACE_OUTER_BOUND ( 'NONE', #899, .T. ) ;
#233 = DIRECTION ( 'NONE',  ( -0.000000000000000000, -1.000000000000000000, -0.000000000000000000 ) ) ;
#234 = ORIENTED_EDGE ( 'NONE', *, *, #494, .F. ) ;
#235 = FACE_OUTER_BOUND ( 'NONE', #1349, .T. ) ;
#236 = VECTOR ( 'NONE', #114, 1000.000000000000000 ) ;
#237 = CARTESIAN_POINT ( 'NONE',  ( -18.36937970522092556, 2.155902604609766016, 10.98430360570357323 ) ) ;
#238 = VERTEX_POINT ( 'NONE', #1498 ) ;
#239 = EDGE_CURVE ( 'NONE', #1305, #1232, #1637, .T. ) ;
#240 = DIRECTION ( 'NONE',  ( 1.000000000000000000, 0.000000000000000000, 0.000000000000000000 ) ) ;
#241 = CARTESIAN_POINT ( 'NONE',  ( -7.160000000000000142, 10.16000000000000192, 15.00000000000000000 ) ) ;
#242 = ORIENTED_EDGE ( 'NONE', *, *, #574, .F. ) ;
#243 = CIRCLE ( 'NONE', #616, 1.550000000000000933 ) ;
#244 = CARTESIAN_POINT ( 'NONE',  ( -14.32000000000000384, 0.000000000000000000, 15.00000000000000000 ) ) ;
#245 = CARTESIAN_POINT ( 'NONE',  ( -19.33315078358927153, 2.000000000000000000, 10.98495079963145926 ) ) ;
#246 = ORIENTED_EDGE ( 'NONE', *, *, #11, .F. ) ;
#247 = CIRCLE ( 'NONE', #223, 2.999999999999999112 ) ;
#248 = ORIENTED_EDGE ( 'NONE', *, *, #853, .F. ) ;
#249 = LINE ( 'NONE', #106, #70 ) ;
#250 = EDGE_LOOP ( 'NONE', ( #309, #1506, #163, #1500, #1382, #441 ) ) ;
#251 = EDGE_CURVE ( 'NONE', #1502, #498, #625, .T. ) ;
#252 = CARTESIAN_POINT ( 'NONE',  ( 16.63849939397875133, -3.664479534987448606, 9.670261098211254236 ) ) ;
#253 = CARTESIAN_POINT ( 'NONE',  ( 19.33315078358927153, -2.000000000000000000, 15.00000000000000000 ) ) ;
#254 = EDGE_CURVE ( 'NONE', #1653, #696, #803, .T. ) ;
#255 = CARTESIAN_POINT ( 'NONE',  ( -19.26277080327790259, 2.000000000000000000, 10.99499608727809452 ) ) ;
#256 = VERTEX_POINT ( 'NONE', #773 ) ;
#257 = ADVANCED_FACE ( 'NONE', ( #1320 ), #487, .F. ) ;
#258 = VERTEX_POINT ( 'NONE', #405 ) ;
#259 = EDGE_CURVE ( 'NONE', #707, #1363, #355, .T. ) ;
#260 = DIRECTION ( 'NONE',  ( -0.000000000000000000, -0.000000000000000000, -1.000000000000000000 ) ) ;
#261 = ORIENTED_EDGE ( 'NONE', *, *, #105, .F. ) ;
#262 = CARTESIAN_POINT ( 'NONE',  ( -12.50000000000000000, -23.91000000000000014, 9.999999999999998224 ) ) ;
#263 = AXIS2_PLACEMENT_3D ( 'NONE', #734, #1523, #1116 ) ;
#264 = CARTESIAN_POINT ( 'NONE',  ( 23.62120474641497125, -2.000000000000000000, 8.000000000000000000 ) ) ;
#265 = ORIENTED_EDGE ( 'NONE', *, *, #1158, .F. ) ;
#266 = ORIENTED_EDGE ( 'NONE', *, *, #722, .T. ) ;
#267 = ADVANCED_FACE ( 'NONE', ( #1355 ), #1008, .F. ) ;
#268 = AXIS2_PLACEMENT_3D ( 'NONE', #580, #1103, #27 ) ;
#269 = EDGE_LOOP ( 'NONE', ( #246, #1607, #1488, #1784, #393, #128 ) ) ;
#270 = CARTESIAN_POINT ( 'NONE',  ( 19.33315078358927153, -5.000000000000000000, 11.00000000000000000 ) ) ;
#271 = STYLED_ITEM ( 'NONE', ( #1418 ), #543 ) ;
#272 = ORIENTED_EDGE ( 'NONE', *, *, #1478, .T. ) ;
#273 = AXIS2_PLACEMENT_3D ( 'NONE', #1362, #123, #1452 ) ;
#274 = ORIENTED_EDGE ( 'NONE', *, *, #1425, .F. ) ;
#275 = EDGE_LOOP ( 'NONE', ( #836, #1179, #1673, #1029, #404 ) ) ;
#276 = ORIENTED_EDGE ( 'NONE', *, *, #743, .F. ) ;
#277 = FACE_OUTER_BOUND ( 'NONE', #289, .T. ) ;
#278 = ORIENTED_EDGE ( 'NONE', *, *, #1291, .F. ) ;
#279 = ORIENTED_EDGE ( 'NONE', *, *, #190, .F. ) ;
#280 = ORIENTED_EDGE ( 'NONE', *, *, #1158, .T. ) ;
#281 = VECTOR ( 'NONE', #705, 1000.000000000000000 ) ;
#282 = CARTESIAN_POINT ( 'NONE',  ( 7.159999999999997478, 10.16000000000000192, 15.00000000000000000 ) ) ;
#283 = EDGE_CURVE ( 'NONE', #551, #964, #1430, .T. ) ;
#284 = DIRECTION ( 'NONE',  ( 1.000000000000000000, 0.000000000000000000, 0.000000000000000000 ) ) ;
#285 = EDGE_LOOP ( 'NONE', ( #1073, #924, #561, #678, #615 ) ) ;
#286 = APPLICATION_PROTOCOL_DEFINITION ( 'draft international standard', 'automotive_design', 1998, #698 ) ;
#287 = CARTESIAN_POINT ( 'NONE',  ( -12.50000000000000000, -10.16000000000000192, 5.999999999999998224 ) ) ;
#288 = PLANE ( 'NONE',  #1583 ) ;
#289 = EDGE_LOOP ( 'NONE', ( #234, #1525, #349, #584, #1399, #406 ) ) ;
#290 = VECTOR ( 'NONE', #1565, 1000.000000000000000 ) ;
#291 = LINE ( 'NONE', #282, #14 ) ;
#292 = CIRCLE ( 'NONE', #1070, 1.550000000000000933 ) ;
#293 = CARTESIAN_POINT ( 'NONE',  ( 23.62120474641496770, 2.000000000000002665, 6.999999999999999112 ) ) ;
#294 = VERTEX_POINT ( 'NONE', #634 ) ;
#295 = DIRECTION ( 'NONE',  ( 8.673617379884035472E-16, 1.000000000000000000, 0.000000000000000000 ) ) ;
#296 = DIRECTION ( 'NONE',  ( 2.350988701644574742E-32, -1.261617073437678245E-16, -1.000000000000000000 ) ) ;
#297 = LINE ( 'NONE', #1264, #806 ) ;
#298 = VERTEX_POINT ( 'NONE', #63 ) ;
#299 = CARTESIAN_POINT ( 'NONE',  ( -23.62120474641496770, 2.000000000000000000, 8.000000000000000000 ) ) ;
#300 = AXIS2_PLACEMENT_3D ( 'NONE', #732, #565, #439 ) ;
#301 = CARTESIAN_POINT ( 'NONE',  ( -19.33315078358927153, 5.000000000000000000, 15.00000000000000000 ) ) ;
#302 = AXIS2_PLACEMENT_3D ( 'NONE', #1481, #665, #788 ) ;
#303 = DIRECTION ( 'NONE',  ( 0.000000000000000000, -1.000000000000000000, 0.000000000000000000 ) ) ;
#304 = VERTEX_POINT ( 'NONE', #614 ) ;
#305 =( NAMED_UNIT ( * ) SI_UNIT ( $, .STERADIAN. ) SOLID_ANGLE_UNIT ( ) );
#306 = CARTESIAN_POINT ( 'NONE',  ( -7.160000000000000142, 7.160000000000002807, 15.00000000000000000 ) ) ;
#307 = DIRECTION ( 'NONE',  ( 2.350988701644574742E-32, -1.261617073437678245E-16, -1.000000000000000000 ) ) ;
#308 = EDGE_CURVE ( 'NONE', #1358, #663, #1340, .T. ) ;
#309 = ORIENTED_EDGE ( 'NONE', *, *, #1539, .F. ) ;
#310 = EDGE_CURVE ( 'NONE', #651, #1305, #679, .T. ) ;
#311 = LINE ( 'NONE', #352, #1313 ) ;
#312 = LINE ( 'NONE', #1293, #819 ) ;
#313 = CARTESIAN_POINT ( 'NONE',  ( 23.62120474641496770, 1.000000000000000000, 6.999999999999999112 ) ) ;
#314 = ORIENTED_EDGE ( 'NONE', *, *, #440, .T. ) ;
#315 = AXIS2_PLACEMENT_3D ( 'NONE', #1270, #723, #1504 ) ;
#316 = DIRECTION ( 'NONE',  ( -0.000000000000000000, -0.000000000000000000, -1.000000000000000000 ) ) ;
#317 = DIRECTION ( 'NONE',  ( -1.000000000000000000, -0.000000000000000000, -2.350988701644575016E-32 ) ) ;
#318 = CARTESIAN_POINT ( 'NONE',  ( -20.62120474641496770, 2.000000000000002220, 8.000000000000000000 ) ) ;
#319 = PLANE ( 'NONE',  #1300 ) ;
#320 = AXIS2_PLACEMENT_3D ( 'NONE', #472, #738, #1286 ) ;
#321 = CARTESIAN_POINT ( 'NONE',  ( -23.62120474641496770, 2.000000000000005329, 15.00000000000000000 ) ) ;
#322 = ADVANCED_FACE ( 'NONE', ( #277 ), #1122, .T. ) ;
#323 = LINE ( 'NONE', #1327, #810 ) ;
#324 = CARTESIAN_POINT ( 'NONE',  ( -7.160000000000000142, 7.160000000000002807, 0.000000000000000000 ) ) ;
#325 = VECTOR ( 'NONE', #1750, 1000.000000000000000 ) ;
#326 = EDGE_CURVE ( 'NONE', #816, #536, #291, .T. ) ;
#327 = CARTESIAN_POINT ( 'NONE',  ( 18.12110339566991968, 2.252512908843945283, 10.92912986273192644 ) ) ;
#328 = FACE_OUTER_BOUND ( 'NONE', #8, .T. ) ;
#329 = EDGE_CURVE ( 'NONE', #488, #218, #1165, .T. ) ;
#330 = AXIS2_PLACEMENT_3D ( 'NONE', #6, #554, #1111 ) ;
#331 = DIRECTION ( 'NONE',  ( 1.000000000000000000, -3.469446951953614189E-15, 0.000000000000000000 ) ) ;
#332 = AXIS2_PLACEMENT_3D ( 'NONE', #1180, #185, #1317 ) ;
#333 = CARTESIAN_POINT ( 'NONE',  ( -18.63243607412890412, -2.082981162907116435, 11.00000000000000000 ) ) ;
#334 = CARTESIAN_POINT ( 'NONE',  ( 23.62120474641496770, 2.000000000000002665, 6.999999999999999112 ) ) ;
#335 = ORIENTED_EDGE ( 'NONE', *, *, #1528, .T. ) ;
#336 = CARTESIAN_POINT ( 'NONE',  ( 20.62120474641496770, -2.000000000000000000, 15.00000000000000000 ) ) ;
#337 = ORIENTED_EDGE ( 'NONE', *, *, #60, .T. ) ;
#338 = CARTESIAN_POINT ( 'NONE',  ( 7.000000000000000000, -11.61000000000000121, 5.999999999999999112 ) ) ;
#339 = ADVANCED_FACE ( 'NONE', ( #24, #854 ), #1396, .F. ) ;
#340 = EDGE_CURVE ( 'NONE', #1388, #695, #1240, .T. ) ;
#341 = DIRECTION ( 'NONE',  ( 0.000000000000000000, 1.000000000000000000, 0.000000000000000000 ) ) ;
#342 = FACE_OUTER_BOUND ( 'NONE', #940, .T. ) ;
#343 = DIRECTION ( 'NONE',  ( 2.350988701644574742E-32, -1.261617073437678245E-16, -1.000000000000000000 ) ) ;
#344 = DIRECTION ( 'NONE',  ( 1.000000000000000000, -0.000000000000000000, 2.350988701644575016E-32 ) ) ;
#345 = VERTEX_POINT ( 'NONE', #832 ) ;
#346 = CIRCLE ( 'NONE', #263, 1.000000000000000000 ) ;
#347 = FILL_AREA_STYLE ('',( #731 ) ) ;
#348 = DIRECTION ( 'NONE',  ( -0.000000000000000000, -0.000000000000000000, -1.000000000000000000 ) ) ;
#349 = ORIENTED_EDGE ( 'NONE', *, *, #122, .T. ) ;
#350 = CARTESIAN_POINT ( 'NONE',  ( 12.50000000000000000, -23.91000000000000014, 9.999999999999998224 ) ) ;
#351 = DIRECTION ( 'NONE',  ( 0.000000000000000000, 0.000000000000000000, 1.000000000000000000 ) ) ;
#352 = CARTESIAN_POINT ( 'NONE',  ( 20.62120474641496770, 2.000000000000000000, 6.999999999999999112 ) ) ;
#353 = DIRECTION ( 'NONE',  ( -0.000000000000000000, 0.000000000000000000, 1.000000000000000000 ) ) ;
#354 = CIRCLE ( 'NONE', #320, 2.999999999999999112 ) ;
#355 = LINE ( 'NONE', #941, #5 ) ;
#356 = ORIENTED_EDGE ( 'NONE', *, *, #310, .T. ) ;
#357 = AXIS2_PLACEMENT_3D ( 'NONE', #151, #1146, #847 ) ;
#358 = MECHANICAL_DESIGN_GEOMETRIC_PRESENTATION_REPRESENTATION (  '', ( #271 ), #499 ) ;
#359 = CIRCLE ( 'NONE', #1370, 10.16000000000000192 ) ;
#360 = CARTESIAN_POINT ( 'NONE',  ( -7.160000000000000142, -19.91000000000000014, 11.00000000000000000 ) ) ;
#361 = DIRECTION ( 'NONE',  ( 0.000000000000000000, -1.000000000000000000, 0.000000000000000000 ) ) ;
#362 = ORIENTED_EDGE ( 'NONE', *, *, #121, .F. ) ;
#363 = DIRECTION ( 'NONE',  ( -1.000000000000000000, 0.000000000000000000, -2.350988701644575016E-32 ) ) ;
#364 = AXIS2_PLACEMENT_3D ( 'NONE', #1737, #23, #203 ) ;
#365 = FACE_OUTER_BOUND ( 'NONE', #1177, .T. ) ;
#366 = EDGE_LOOP ( 'NONE', ( #539, #409, #193, #1755, #812, #969 ) ) ;
#367 = EDGE_CURVE ( 'NONE', #626, #1633, #231, .T. ) ;
#368 = LINE ( 'NONE', #915, #1131 ) ;
#369 = CARTESIAN_POINT ( 'NONE',  ( 16.55811641043062110, 3.860182370820669284, 15.00000000000000000 ) ) ;
#370 = ORIENTED_EDGE ( 'NONE', *, *, #1267, .T. ) ;
#371 = EDGE_CURVE ( 'NONE', #22, #1235, #1676, .T. ) ;
#372 = DIRECTION ( 'NONE',  ( 1.000000000000000000, -0.000000000000000000, 2.350988701644575016E-32 ) ) ;
#373 = CARTESIAN_POINT ( 'NONE',  ( -16.98675677194853861, 3.118164629209674299, 10.17177764681308538 ) ) ;
#374 = ORIENTED_EDGE ( 'NONE', *, *, #117, .F. ) ;
#375 = DIRECTION ( 'NONE',  ( -1.000000000000000000, 0.000000000000000000, 0.000000000000000000 ) ) ;
#376 = CARTESIAN_POINT ( 'NONE',  ( 23.62120474641496770, 2.000000000000002665, 15.00000000000000000 ) ) ;
#377 = ORIENTED_EDGE ( 'NONE', *, *, #1667, .F. ) ;
#378 = DIRECTION ( 'NONE',  ( -1.000000000000000000, 0.000000000000000000, -2.350988701644575016E-32 ) ) ;
#379 = PLANE ( 'NONE',  #1331 ) ;
#380 = ORIENTED_EDGE ( 'NONE', *, *, #308, .T. ) ;
#381 = CIRCLE ( 'NONE', #1475, 10.16000000000000192 ) ;
#382 = ORIENTED_EDGE ( 'NONE', *, *, #1080, .T. ) ;
#383 = AXIS2_PLACEMENT_3D ( 'NONE', #1436, #1592, #1579 ) ;
#384 = ADVANCED_FACE ( 'NONE', ( #1259 ), #954, .T. ) ;
#385 = LINE ( 'NONE', #112, #1339 ) ;
#386 = ADVANCED_FACE ( 'NONE', ( #165 ), #1689, .F. ) ;
#387 = ORIENTED_EDGE ( 'NONE', *, *, #254, .F. ) ;
#388 = CARTESIAN_POINT ( 'NONE',  ( 16.98675677194853861, -3.118164629209674299, 10.17177764681308538 ) ) ;
#389 = EDGE_CURVE ( 'NONE', #1649, #976, #1470, .T. ) ;
#390 = VECTOR ( 'NONE', #418, 1000.000000000000000 ) ;
#391 = CARTESIAN_POINT ( 'NONE',  ( -13.83801256992526696, -7.657006472239670458, 15.00000000000000000 ) ) ;
#392 = CARTESIAN_POINT ( 'NONE',  ( 7.160000000000000142, 0.000000000000000000, 15.00000000000000000 ) ) ;
#393 = ORIENTED_EDGE ( 'NONE', *, *, #122, .F. ) ;
#394 = EDGE_CURVE ( 'NONE', #473, #498, #780, .T. ) ;
#395 = CIRCLE ( 'NONE', #680, 10.16000000000000192 ) ;
#396 = ORIENTED_EDGE ( 'NONE', *, *, #1153, .F. ) ;
#397 = FACE_OUTER_BOUND ( 'NONE', #1723, .T. ) ;
#398 = ORIENTED_EDGE ( 'NONE', *, *, #553, .T. ) ;
#399 = DIRECTION ( 'NONE',  ( 0.000000000000000000, -5.421010862427522170E-17, -1.000000000000000000 ) ) ;
#400 = ADVANCED_FACE ( 'NONE', ( #576 ), #1786, .F. ) ;
#401 = DIRECTION ( 'NONE',  ( -2.350988701644575290E-32, 0.000000000000000000, 1.000000000000000000 ) ) ;
#402 = ORIENTED_EDGE ( 'NONE', *, *, #895, .F. ) ;
#403 = EDGE_LOOP ( 'NONE', ( #685, #1334, #994, #1670 ) ) ;
#404 = ORIENTED_EDGE ( 'NONE', *, *, #872, .T. ) ;
#405 = CARTESIAN_POINT ( 'NONE',  ( -23.62120474641497125, -1.999999999999994893, 15.00000000000000000 ) ) ;
#406 = ORIENTED_EDGE ( 'NONE', *, *, #453, .F. ) ;
#407 = DIRECTION ( 'NONE',  ( 0.000000000000000000, 0.000000000000000000, 1.000000000000000000 ) ) ;
#408 = ORIENTED_EDGE ( 'NONE', *, *, #1074, .F. ) ;
#409 = ORIENTED_EDGE ( 'NONE', *, *, #1631, .F. ) ;
#410 = ORIENTED_EDGE ( 'NONE', *, *, #627, .T. ) ;
#411 = DIRECTION ( 'NONE',  ( 0.000000000000000000, -0.000000000000000000, -1.000000000000000000 ) ) ;
#412 = ORIENTED_EDGE ( 'NONE', *, *, #470, .F. ) ;
#413 = AXIS2_PLACEMENT_3D ( 'NONE', #166, #724, #963 ) ;
#414 = ORIENTED_EDGE ( 'NONE', *, *, #1347, .F. ) ;
#415 = ORIENTED_EDGE ( 'NONE', *, *, #105, .T. ) ;
#416 = VECTOR ( 'NONE', #1423, 1000.000000000000000 ) ;
#417 = CARTESIAN_POINT ( 'NONE',  ( 16.46715137698245357, -10.67157594949938471, 15.00000000000000000 ) ) ;
#418 = DIRECTION ( 'NONE',  ( -8.673617379884035472E-16, 1.000000000000000000, -0.000000000000000000 ) ) ;
#419 = VERTEX_POINT ( 'NONE', #711 ) ;
#420 = EDGE_CURVE ( 'NONE', #1235, #651, #1196, .T. ) ;
#421 = DIRECTION ( 'NONE',  ( -0.000000000000000000, -0.000000000000000000, -1.000000000000000000 ) ) ;
#422 = DIRECTION ( 'NONE',  ( 1.000000000000000000, -0.000000000000000000, 2.350988701644575016E-32 ) ) ;
#423 = VERTEX_POINT ( 'NONE', #564 ) ;
#424 = CIRCLE ( 'NONE', #513, 2.000000000000001776 ) ;
#425 = CARTESIAN_POINT ( 'NONE',  ( 19.12120474641496770, 1.658500138128259874E-14, 11.00000000000000000 ) ) ;
#426 = CARTESIAN_POINT ( 'NONE',  ( -23.62120474641496770, 2.000000000000004885, 6.999999999999999112 ) ) ;
#427 = ORIENTED_EDGE ( 'NONE', *, *, #945, .F. ) ;
#428 = AXIS2_PLACEMENT_3D ( 'NONE', #1061, #378, #656 ) ;
#429 = DIRECTION ( 'NONE',  ( 0.000000000000000000, 0.000000000000000000, 1.000000000000000000 ) ) ;
#430 = CARTESIAN_POINT ( 'NONE',  ( -7.000000000000000000, -11.60999999999999943, 15.00000000000000355 ) ) ;
#431 = FACE_OUTER_BOUND ( 'NONE', #1763, .T. ) ;
#432 = ORIENTED_EDGE ( 'NONE', *, *, #1644, .T. ) ;
#433 = CARTESIAN_POINT ( 'NONE',  ( 19.12120474641496770, 1.658500138128259874E-14, 9.500000000000000000 ) ) ;
#434 = ADVANCED_FACE ( 'NONE', ( #436 ), #982, .T. ) ;
#435 = AXIS2_PLACEMENT_3D ( 'NONE', #1348, #1054, #814 ) ;
#436 = FACE_OUTER_BOUND ( 'NONE', #1091, .T. ) ;
#437 = EDGE_CURVE ( 'NONE', #1055, #482, #647, .T. ) ;
#438 = AXIS2_PLACEMENT_3D ( 'NONE', #495, #9, #1263 ) ;
#439 = DIRECTION ( 'NONE',  ( -1.000000000000000000, 0.000000000000000000, 0.000000000000000000 ) ) ;
#440 = EDGE_CURVE ( 'NONE', #153, #26, #88, .T. ) ;
#441 = ORIENTED_EDGE ( 'NONE', *, *, #420, .F. ) ;
#442 = DIRECTION ( 'NONE',  ( 0.000000000000000000, -0.000000000000000000, -1.000000000000000000 ) ) ;
#443 = DIRECTION ( 'NONE',  ( -1.000000000000000000, 0.000000000000000000, 0.000000000000000000 ) ) ;
#444 = CARTESIAN_POINT ( 'NONE',  ( 7.159999999999999254, -7.160000000000002807, 15.00000000000000000 ) ) ;
#445 = AXIS2_PLACEMENT_3D ( 'NONE', #196, #76, #1026 ) ;
#446 = ORIENTED_EDGE ( 'NONE', *, *, #239, .T. ) ;
#447 = CARTESIAN_POINT ( 'NONE',  ( 12.50000000000000000, -19.91000000000000014, 15.00000000000000000 ) ) ;
#448 = DIRECTION ( 'NONE',  ( 0.000000000000000000, 0.000000000000000000, 1.000000000000000000 ) ) ;
#449 = CIRCLE ( 'NONE', #563, 2.000000000000001776 ) ;
#450 = FACE_OUTER_BOUND ( 'NONE', #403, .T. ) ;
#451 = FACE_OUTER_BOUND ( 'NONE', #517, .T. ) ;
#452 = DIRECTION ( 'NONE',  ( 0.000000000000000000, 0.000000000000000000, -1.000000000000000000 ) ) ;
#453 = EDGE_CURVE ( 'NONE', #258, #1072, #596, .T. ) ;
#454 = ORIENTED_EDGE ( 'NONE', *, *, #197, .F. ) ;
#455 = DIRECTION ( 'NONE',  ( 0.000000000000000000, 1.000000000000000000, 0.000000000000000000 ) ) ;
#456 = CARTESIAN_POINT ( 'NONE',  ( 17.46964754062765834, 2.637646922976792485, 10.61575808500327689 ) ) ;
#457 = CARTESIAN_POINT ( 'NONE',  ( -12.50000000000000000, -10.16000000000000192, 15.00000000000000000 ) ) ;
#458 = DIRECTION ( 'NONE',  ( -1.000000000000000000, 0.000000000000000000, 0.000000000000000000 ) ) ;
#459 = DIRECTION ( 'NONE',  ( -1.000000000000000000, -1.440787226534068138E-49, -2.350988701644575290E-32 ) ) ;
#460 = ADVANCED_FACE ( 'NONE', ( #1160 ), #752, .F. ) ;
#461 = AXIS2_PLACEMENT_3D ( 'NONE', #664, #813, #750 ) ;
#462 = DIRECTION ( 'NONE',  ( 1.000000000000000000, 8.673617379884035472E-16, 0.000000000000000000 ) ) ;
#463 = CARTESIAN_POINT ( 'NONE',  ( 20.62120474641496415, 2.000000000000000000, 11.00000000000000000 ) ) ;
#464 = CIRCLE ( 'NONE', #435, 1.000000000000000000 ) ;
#465 = LINE ( 'NONE', #1567, #1511 ) ;
#466 = ORIENTED_EDGE ( 'NONE', *, *, #1345, .F. ) ;
#467 = CARTESIAN_POINT ( 'NONE',  ( -17.46964754062765834, -2.637646922976792485, 10.61575808500327689 ) ) ;
#468 = PLANE ( 'NONE',  #1744 ) ;
#469 = AXIS2_PLACEMENT_3D ( 'NONE', #7, #158, #555 ) ;
#470 = EDGE_CURVE ( 'NONE', #1777, #64, #1368, .T. ) ;
#471 = CARTESIAN_POINT ( 'NONE',  ( 7.160000000000000142, 0.000000000000000000, 5.999999999999996447 ) ) ;
#472 = CARTESIAN_POINT ( 'NONE',  ( 19.33315078358927153, 5.000000000000000000, 15.00000000000000000 ) ) ;
#473 = VERTEX_POINT ( 'NONE', #876 ) ;
#474 = DIRECTION ( 'NONE',  ( 0.000000000000000000, 0.000000000000000000, 1.000000000000000000 ) ) ;
#475 = CIRCLE ( 'NONE', #935, 2.000000000000001776 ) ;
#476 = CARTESIAN_POINT ( 'NONE',  ( 19.33315078358927153, -5.000000000000000000, 15.00000000000000000 ) ) ;
#477 = DIRECTION ( 'NONE',  ( 0.000000000000000000, 1.000000000000000000, 0.000000000000000000 ) ) ;
#478 = CARTESIAN_POINT ( 'NONE',  ( -7.160000000000000142, -10.16000000000000192, 15.00000000000000000 ) ) ;
#479 = ORIENTED_EDGE ( 'NONE', *, *, #1086, .F. ) ;
#480 = CARTESIAN_POINT ( 'NONE',  ( -13.83801256992526874, -7.657006472239670458, 15.00000000000000000 ) ) ;
#481 = LINE ( 'NONE', #191, #1009 ) ;
#482 = VERTEX_POINT ( 'NONE', #215 ) ;
#483 = CARTESIAN_POINT ( 'NONE',  ( 20.62120474641497125, -2.000000000000000000, 8.000000000000000000 ) ) ;
#484 = CARTESIAN_POINT ( 'NONE',  ( 7.000000000000000000, -13.16000000000000192, 5.999999999999999112 ) ) ;
#485 = DIRECTION ( 'NONE',  ( -1.000000000000000000, 0.000000000000000000, -0.000000000000000000 ) ) ;
#486 = FACE_BOUND ( 'NONE', #1024, .T. ) ;
#487 = CYLINDRICAL_SURFACE ( 'NONE', #1243, 2.000000000000001776 ) ;
#488 = VERTEX_POINT ( 'NONE', #896 ) ;
#489 = AXIS2_PLACEMENT_3D ( 'NONE', #1283, #1671, #443 ) ;
#490 = CARTESIAN_POINT ( 'NONE',  ( -7.000000000000000000, -13.16000000000000014, 15.00000000000000355 ) ) ;
#491 = DIRECTION ( 'NONE',  ( -1.000000000000000000, 0.000000000000000000, 0.000000000000000000 ) ) ;
#492 = ORIENTED_EDGE ( 'NONE', *, *, #726, .F. ) ;
#493 = CARTESIAN_POINT ( 'NONE',  ( -16.46715137698245712, -10.67157594949938293, 15.00000000000000000 ) ) ;
#494 = EDGE_CURVE ( 'NONE', #908, #258, #68, .T. ) ;
#495 = CARTESIAN_POINT ( 'NONE',  ( -7.000000000000000000, -13.16000000000000014, 15.00000000000000355 ) ) ;
#496 = CARTESIAN_POINT ( 'NONE',  ( -23.62120474641496770, 1.000000000000000000, 6.999999999999999112 ) ) ;
#497 = ADVANCED_FACE ( 'NONE', ( #1696 ), #1431, .F. ) ;
#498 = VERTEX_POINT ( 'NONE', #318 ) ;
#499 =( GEOMETRIC_REPRESENTATION_CONTEXT ( 3 ) GLOBAL_UNCERTAINTY_ASSIGNED_CONTEXT ( ( #1336 ) ) GLOBAL_UNIT_ASSIGNED_CONTEXT ( ( #608, #1278, #89 ) ) REPRESENTATION_CONTEXT ( 'NONE', 'WORKASPACE' ) );
#500 = AXIS2_PLACEMENT_3D ( 'NONE', #334, #353, #206 ) ;
#501 = DIRECTION ( 'NONE',  ( 2.350988701644575290E-32, 0.000000000000000000, -1.000000000000000000 ) ) ;
#502 = EDGE_CURVE ( 'NONE', #536, #1568, #312, .T. ) ;
#503 = AXIS2_PLACEMENT_3D ( 'NONE', #801, #233, #1353 ) ;
#504 = CARTESIAN_POINT ( 'NONE',  ( -7.160000000000000142, 0.000000000000000000, -2.999999999999999112 ) ) ;
#505 = ORIENTED_EDGE ( 'NONE', *, *, #1304, .F. ) ;
#506 = DIRECTION ( 'NONE',  ( 0.000000000000000000, 0.000000000000000000, 1.000000000000000000 ) ) ;
#507 = DIRECTION ( 'NONE',  ( 0.000000000000000000, 0.000000000000000000, -1.000000000000000000 ) ) ;
#508 = ORIENTED_EDGE ( 'NONE', *, *, #1663, .F. ) ;
#509 = CARTESIAN_POINT ( 'NONE',  ( -12.50000000000000000, -10.16000000000000192, 15.00000000000000000 ) ) ;
#510 = LINE ( 'NONE', #1617, #1280 ) ;
#511 = ORIENTED_EDGE ( 'NONE', *, *, #1539, .T. ) ;
#512 = DIRECTION ( 'NONE',  ( 0.000000000000000000, 0.000000000000000000, 1.000000000000000000 ) ) ;
#513 = AXIS2_PLACEMENT_3D ( 'NONE', #1429, #188, #152 ) ;
#514 = EDGE_CURVE ( 'NONE', #1234, #1007, #1687, .T. ) ;
#515 = LINE ( 'NONE', #1466, #1680 ) ;
#516 = ORIENTED_EDGE ( 'NONE', *, *, #907, .F. ) ;
#517 = EDGE_LOOP ( 'NONE', ( #1351, #1221, #1064, #1780 ) ) ;
#518 = EDGE_CURVE ( 'NONE', #782, #1485, #40, .T. ) ;
#519 = ADVANCED_FACE ( 'NONE', ( #1285 ), #1709, .F. ) ;
#520 = DIRECTION ( 'NONE',  ( -1.000000000000000000, 0.000000000000000000, -0.000000000000000000 ) ) ;
#521 = ORIENTED_EDGE ( 'NONE', *, *, #1218, .F. ) ;
#522 = CARTESIAN_POINT ( 'NONE',  ( 17.66597786398012460, -2.492932585297837900, 10.74502180936970142 ) ) ;
#523 = CARTESIAN_POINT ( 'NONE',  ( -19.12120474641497481, -2.007496219329688802, 11.00000000000000000 ) ) ;
#524 = CARTESIAN_POINT ( 'NONE',  ( -7.160000000000000142, -10.16000000000000192, 15.00000000000000000 ) ) ;
#525 = ORIENTED_EDGE ( 'NONE', *, *, #80, .F. ) ;
#526 = AXIS2_PLACEMENT_3D ( 'NONE', #109, #401, #789 ) ;
#527 = ORIENTED_EDGE ( 'NONE', *, *, #1678, .T. ) ;
#528 = CIRCLE ( 'NONE', #1767, 10.16000000000000192 ) ;
#529 = CARTESIAN_POINT ( 'NONE',  ( -7.160000000000000142, 0.000000000000000000, 9.500000000000000000 ) ) ;
#530 = EDGE_CURVE ( 'NONE', #218, #950, #189, .T. ) ;
#531 = ORIENTED_EDGE ( 'NONE', *, *, #1526, .F. ) ;
#532 = DIRECTION ( 'NONE',  ( 1.000000000000000000, 8.673617379884035472E-16, 0.000000000000000000 ) ) ;
#533 = AXIS2_PLACEMENT_3D ( 'NONE', #529, #1076, #1469 ) ;
#534 = CARTESIAN_POINT ( 'NONE',  ( 7.000000000000000000, -14.71000000000000085, 15.00000000000000355 ) ) ;
#535 = LINE ( 'NONE', #1620, #786 ) ;
#536 = VERTEX_POINT ( 'NONE', #744 ) ;
#537 = CIRCLE ( 'NONE', #78, 10.16000000000000192 ) ;
#538 = ORIENTED_EDGE ( 'NONE', *, *, #1776, .F. ) ;
#539 = ORIENTED_EDGE ( 'NONE', *, *, #440, .F. ) ;
#540 = CARTESIAN_POINT ( 'NONE',  ( 17.12995459218911520, -2.950784506018525377, 10.32874972556733617 ) ) ;
#541 = EDGE_LOOP ( 'NONE', ( #790, #521, #1360, #1187 ) ) ;
#542 = ORIENTED_EDGE ( 'NONE', *, *, #121, .T. ) ;
#543 = MANIFOLD_SOLID_BREP ( 'Cut-Extrude1', #1118 ) ;
#544 = EDGE_LOOP ( 'NONE', ( #630, #414, #1556, #1532, #910, #1239 ) ) ;
#545 = AXIS2_PLACEMENT_3D ( 'NONE', #301, #15, #842 ) ;
#546 = ORIENTED_EDGE ( 'NONE', *, *, #1225, .T. ) ;
#547 = DIRECTION ( 'NONE',  ( 0.000000000000000000, -0.000000000000000000, 1.000000000000000000 ) ) ;
#548 = ORIENTED_EDGE ( 'NONE', *, *, #1665, .T. ) ;
#549 = CARTESIAN_POINT ( 'NONE',  ( 16.46715137698245357, -10.67157594949938471, 5.999999999999998224 ) ) ;
#550 = VERTEX_POINT ( 'NONE', #1462 ) ;
#551 = VERTEX_POINT ( 'NONE', #97 ) ;
#552 = CIRCLE ( 'NONE', #268, 11.66000000000000369 ) ;
#553 = EDGE_CURVE ( 'NONE', #768, #298, #671, .T. ) ;
#554 = DIRECTION ( 'NONE',  ( 1.000000000000000000, 0.000000000000000000, 0.000000000000000000 ) ) ;
#555 = DIRECTION ( 'NONE',  ( -1.000000000000000000, 4.440892098500626162E-15, 0.000000000000000000 ) ) ;
#556 = ORIENTED_EDGE ( 'NONE', *, *, #1322, .F. ) ;
#557 = VECTOR ( 'NONE', #1065, 1000.000000000000000 ) ;
#558 = CARTESIAN_POINT ( 'NONE',  ( 20.62120474641496770, -2.000000000000000000, 11.00000000000000000 ) ) ;
#559 = CARTESIAN_POINT ( 'NONE',  ( 23.62120474641497125, -1.999999999999997335, 15.00000000000000000 ) ) ;
#560 = ORIENTED_EDGE ( 'NONE', *, *, #518, .T. ) ;
#561 = ORIENTED_EDGE ( 'NONE', *, *, #283, .T. ) ;
#562 = AXIS2_PLACEMENT_3D ( 'NONE', #86, #1298, #1778 ) ;
#563 = AXIS2_PLACEMENT_3D ( 'NONE', #934, #805, #1356 ) ;
#564 = CARTESIAN_POINT ( 'NONE',  ( -16.55811641043062110, 3.860182370820669284, 9.500000000000000000 ) ) ;
#565 = DIRECTION ( 'NONE',  ( -0.000000000000000000, -0.000000000000000000, -1.000000000000000000 ) ) ;
#566 = ORIENTED_EDGE ( 'NONE', *, *, #581, .T. ) ;
#567 = PLANE ( 'NONE',  #586 ) ;
#568 = DIRECTION ( 'NONE',  ( -1.000000000000000000, 0.000000000000000000, 0.000000000000000000 ) ) ;
#569 = CARTESIAN_POINT ( 'NONE',  ( -20.62120474641497125, -1.999999999999997335, 15.00000000000000000 ) ) ;
#570 = ADVANCED_FACE ( 'NONE', ( #776 ), #1050, .T. ) ;
#571 = ORIENTED_EDGE ( 'NONE', *, *, #1425, .T. ) ;
#572 = CARTESIAN_POINT ( 'NONE',  ( 7.160000000000000142, 0.000000000000000000, 9.500000000000000000 ) ) ;
#573 = VECTOR ( 'NONE', #967, 1000.000000000000000 ) ;
#574 = EDGE_CURVE ( 'NONE', #488, #1647, #1185, .T. ) ;
#575 = EDGE_CURVE ( 'NONE', #1276, #488, #1609, .T. ) ;
#576 = FACE_OUTER_BOUND ( 'NONE', #250, .T. ) ;
#577 = CARTESIAN_POINT ( 'NONE',  ( -12.50000000000000000, -23.91000000000000014, 14.99999999999999822 ) ) ;
#578 = EDGE_LOOP ( 'NONE', ( #1354, #1393, #885, #1453 ) ) ;
#579 = AXIS2_PLACEMENT_3D ( 'NONE', #1545, #28, #1691 ) ;
#580 = CARTESIAN_POINT ( 'NONE',  ( -7.160000000000000142, 0.000000000000000000, 11.00000000000000000 ) ) ;
#581 = EDGE_CURVE ( 'NONE', #238, #1087, #368, .T. ) ;
#582 = CARTESIAN_POINT ( 'NONE',  ( 7.160000000000000142, 0.000000000000000000, 15.00000000000000000 ) ) ;
#583 = EDGE_LOOP ( 'NONE', ( #261, #1108, #546, #1241, #1597, #1553, #335, #755, #1171, #914, #1614, #1282, #1119, #1543, #548, #124, #1127, #604, #1772, #1512 ) ) ;
#584 = ORIENTED_EDGE ( 'NONE', *, *, #389, .T. ) ;
#585 = DIRECTION ( 'NONE',  ( 1.000000000000000000, -0.000000000000000000, 2.350988701644575016E-32 ) ) ;
#586 = AXIS2_PLACEMENT_3D ( 'NONE', #1533, #1522, #295 ) ;
#587 = CARTESIAN_POINT ( 'NONE',  ( -12.50000000000000000, 6.161416406130987795E-96, -2.938735877055718770E-31 ) ) ;
#588 = ADVANCED_FACE ( 'NONE', ( #232 ), #783, .T. ) ;
#589 = DIRECTION ( 'NONE',  ( -8.673617379884035472E-16, -1.000000000000000000, 0.000000000000000000 ) ) ;
#590 = AXIS2_PLACEMENT_3D ( 'NONE', #867, #1314, #766 ) ;
#591 = LINE ( 'NONE', #599, #970 ) ;
#592 = CARTESIAN_POINT ( 'NONE',  ( -20.62120474641496770, 2.000000000000002220, 6.999999999999999112 ) ) ;
#593 = VECTOR ( 'NONE', #1707, 1000.000000000000000 ) ;
#594 = ORIENTED_EDGE ( 'NONE', *, *, #67, .F. ) ;
#595 = DIRECTION ( 'NONE',  ( 1.000000000000000000, -0.000000000000000000, 0.000000000000000000 ) ) ;
#596 = LINE ( 'NONE', #1574, #416 ) ;
#597 = TOROIDAL_SURFACE ( 'NONE', #1658, 11.66000000000000192, 1.500000000000000000 ) ;
#598 = DIRECTION ( 'NONE',  ( 8.673617379884035472E-16, 1.000000000000000000, -0.000000000000000000 ) ) ;
#599 = CARTESIAN_POINT ( 'NONE',  ( -7.160000000000001030, 10.16000000000000192, 15.00000000000000000 ) ) ;
#600 = DIRECTION ( 'NONE',  ( 1.000000000000000000, -8.673617379884035472E-16, 4.701977403289150032E-32 ) ) ;
#601 = DIRECTION ( 'NONE',  ( 0.000000000000000000, 1.000000000000000000, 0.000000000000000000 ) ) ;
#602 = CARTESIAN_POINT ( 'NONE',  ( -7.160000000000000142, 7.160000000000002807, 15.00000000000000000 ) ) ;
#603 = CARTESIAN_POINT ( 'NONE',  ( -7.160000000000000142, 0.000000000000000000, 15.00000000000000000 ) ) ;
#604 = ORIENTED_EDGE ( 'NONE', *, *, #209, .T. ) ;
#605 = PLANE ( 'NONE',  #757 ) ;
#606 = CARTESIAN_POINT ( 'NONE',  ( -20.62120474641497481, -1.999999999999997335, 9.500000000000000000 ) ) ;
#607 = AXIS2_PLACEMENT_3D ( 'NONE', #1582, #1176, #125 ) ;
#608 =( LENGTH_UNIT ( ) NAMED_UNIT ( * ) SI_UNIT ( .MILLI., .METRE. ) );
#609 = LINE ( 'NONE', #336, #290 ) ;
#610 = AXIS2_PLACEMENT_3D ( 'NONE', #524, #1071, #1629 ) ;
#611 = FACE_OUTER_BOUND ( 'NONE', #894, .T. ) ;
#612 = DIRECTION ( 'NONE',  ( 0.000000000000000000, -1.000000000000000000, 0.000000000000000000 ) ) ;
#613 = FACE_OUTER_BOUND ( 'NONE', #740, .T. ) ;
#614 = CARTESIAN_POINT ( 'NONE',  ( 7.160000000000000142, 7.160000000000002807, 0.000000000000000000 ) ) ;
#615 = ORIENTED_EDGE ( 'NONE', *, *, #960, .T. ) ;
#616 = AXIS2_PLACEMENT_3D ( 'NONE', #73, #746, #1295 ) ;
#617 = CARTESIAN_POINT ( 'NONE',  ( 20.62120474641496770, 1.788604398826520406E-14, 0.000000000000000000 ) ) ;
#618 = DIRECTION ( 'NONE',  ( 0.000000000000000000, 1.000000000000000000, 0.000000000000000000 ) ) ;
#619 = ORIENTED_EDGE ( 'NONE', *, *, #1268, .T. ) ;
#620 = DIRECTION ( 'NONE',  ( 1.000000000000000000, 0.000000000000000000, 0.000000000000000000 ) ) ;
#621 = VECTOR ( 'NONE', #1036, 1000.000000000000000 ) ;
#622 = DIRECTION ( 'NONE',  ( -0.000000000000000000, -0.000000000000000000, -1.000000000000000000 ) ) ;
#623 = LINE ( 'NONE', #299, #852 ) ;
#624 = DIRECTION ( 'NONE',  ( 0.000000000000000000, 0.000000000000000000, 1.000000000000000000 ) ) ;
#625 = LINE ( 'NONE', #222, #866 ) ;
#626 = VERTEX_POINT ( 'NONE', #1193 ) ;
#627 = EDGE_CURVE ( 'NONE', #1204, #536, #66, .T. ) ;
#628 = CARTESIAN_POINT ( 'NONE',  ( 18.49815052547628014, 2.115238705440819711, 11.00000000000137845 ) ) ;
#629 = EDGE_CURVE ( 'NONE', #186, #958, #1159, .T. ) ;
#630 = ORIENTED_EDGE ( 'NONE', *, *, #1646, .F. ) ;
#631 = CARTESIAN_POINT ( 'NONE',  ( 23.62120474641496770, 2.048812920223041470E-14, 0.000000000000000000 ) ) ;
#632 = CARTESIAN_POINT ( 'NONE',  ( 18.63243607412890412, -2.082981162907116435, 11.00000000000000000 ) ) ;
#633 = DIRECTION ( 'NONE',  ( 0.000000000000000000, 0.000000000000000000, 1.000000000000000000 ) ) ;
#634 = CARTESIAN_POINT ( 'NONE',  ( 20.62120474641496770, 1.000000000000000000, 6.999999999999999112 ) ) ;
#635 = ORIENTED_EDGE ( 'NONE', *, *, #67, .T. ) ;
#636 = DIRECTION ( 'NONE',  ( 0.000000000000000000, -0.000000000000000000, -1.000000000000000000 ) ) ;
#637 = ORIENTED_EDGE ( 'NONE', *, *, #494, .T. ) ;
#638 = CYLINDRICAL_SURFACE ( 'NONE', #991, 4.000000000000000000 ) ;
#639 = FACE_OUTER_BOUND ( 'NONE', #578, .T. ) ;
#640 = ORIENTED_EDGE ( 'NONE', *, *, #1003, .F. ) ;
#641 = EDGE_CURVE ( 'NONE', #964, #976, #1228, .T. ) ;
#642 = DIRECTION ( 'NONE',  ( -1.000000000000000000, 0.000000000000000000, -0.000000000000000000 ) ) ;
#643 = AXIS2_PLACEMENT_3D ( 'NONE', #1679, #984, #1542 ) ;
#644 = LINE ( 'NONE', #376, #557 ) ;
#645 = VERTEX_POINT ( 'NONE', #187 ) ;
#646 = DIRECTION ( 'NONE',  ( -1.000000000000000000, -0.000000000000000000, -0.000000000000000000 ) ) ;
#647 = CIRCLE ( 'NONE', #1105, 4.000000000000000000 ) ;
#648 = EDGE_CURVE ( 'NONE', #1232, #917, #841, .T. ) ;
#649 = UNCERTAINTY_MEASURE_WITH_UNIT (LENGTH_MEASURE( 1.000000000000000082E-05 ), #135, 'distance_accuracy_value', 'NONE');
#650 = LINE ( 'NONE', #1747, #1530 ) ;
#651 = VERTEX_POINT ( 'NONE', #632 ) ;
#652 = EDGE_CURVE ( 'NONE', #973, #419, #1173, .T. ) ;
#653 = ORIENTED_EDGE ( 'NONE', *, *, #1434, .F. ) ;
#654 = DIRECTION ( 'NONE',  ( -0.000000000000000000, -0.000000000000000000, -1.000000000000000000 ) ) ;
#655 = ORIENTED_EDGE ( 'NONE', *, *, #1515, .F. ) ;
#656 = DIRECTION ( 'NONE',  ( 0.000000000000000000, 0.000000000000000000, 1.000000000000000000 ) ) ;
#657 = CARTESIAN_POINT ( 'NONE',  ( -18.12109637496057601, 2.252515915152818682, 10.92912792339919292 ) ) ;
#658 = ORIENTED_EDGE ( 'NONE', *, *, #818, .F. ) ;
#659 = EDGE_CURVE ( 'NONE', #1197, #1102, #292, .T. ) ;
#660 = ORIENTED_EDGE ( 'NONE', *, *, #340, .F. ) ;
#661 = VECTOR ( 'NONE', #1401, 1000.000000000000000 ) ;
#662 = DIRECTION ( 'NONE',  ( 8.673617379884035472E-16, 1.000000000000000000, 0.000000000000000000 ) ) ;
#663 = VERTEX_POINT ( 'NONE', #1025 ) ;
#664 = CARTESIAN_POINT ( 'NONE',  ( -7.160000000000000142, 0.000000000000000000, 9.500000000000000000 ) ) ;
#665 = DIRECTION ( 'NONE',  ( -1.000000000000000000, 0.000000000000000000, 0.000000000000000000 ) ) ;
#666 = CARTESIAN_POINT ( 'NONE',  ( -17.46963372590830943, 2.637657566247863183, 10.61574854679742153 ) ) ;
#667 = EDGE_LOOP ( 'NONE', ( #566, #167, #949, #1751, #637, #55 ) ) ;
#668 = VECTOR ( 'NONE', #1440, 1000.000000000000000 ) ;
#669 = ORIENTED_EDGE ( 'NONE', *, *, #1646, .T. ) ;
#670 = CIRCLE ( 'NONE', #357, 10.16000000000000192 ) ;
#671 = CIRCLE ( 'NONE', #1508, 1.550000000000000933 ) ;
#672 = VECTOR ( 'NONE', #422, 1000.000000000000000 ) ;
#673 = EDGE_LOOP ( 'NONE', ( #107, #655, #466, #640, #279 ) ) ;
#674 = CARTESIAN_POINT ( 'NONE',  ( 18.49814859035392445, -2.115239170288246484, 11.00000000000002309 ) ) ;
#675 = ADVANCED_BREP_SHAPE_REPRESENTATION ( 'rear1', ( #543, #146 ), #1708 ) ;
#676 = ORIENTED_EDGE ( 'NONE', *, *, #895, .T. ) ;
#677 = DIRECTION ( 'NONE',  ( 1.000000000000000000, 0.000000000000000000, 0.000000000000000000 ) ) ;
#678 = ORIENTED_EDGE ( 'NONE', *, *, #1361, .T. ) ;
#679 = B_SPLINE_CURVE_WITH_KNOTS ( 'NONE', 3,
 ( #77, #674, #1183, #893, #1758, #522, #1067, #540, #388, #1489, #252, #1215 ),
 .UNSPECIFIED., .F., .F.,
 ( 4, 2, 2, 2, 2, 4 ),
 ( 2.304412992440092189E-16, 0.0004073537040577945964, 0.0008147074081153586915, 0.001629414816230479075, 0.002444122224345598917, 0.003258829632460719626 ),
 .UNSPECIFIED. ) ;
#680 = AXIS2_PLACEMENT_3D ( 'NONE', #1704, #474, #620 ) ;
#681 = EDGE_LOOP ( 'NONE', ( #998, #669, #799, #1448, #111, #1237 ) ) ;
#682 = ADVANCED_FACE ( 'NONE', ( #1428 ), #605, .T. ) ;
#683 = ORIENTED_EDGE ( 'NONE', *, *, #765, .F. ) ;
#684 = DIRECTION ( 'NONE',  ( -1.000000000000000000, 7.228014483236698330E-15, 0.000000000000000000 ) ) ;
#685 = ORIENTED_EDGE ( 'NONE', *, *, #1233, .T. ) ;
#686 = ORIENTED_EDGE ( 'NONE', *, *, #394, .F. ) ;
#687 = EDGE_LOOP ( 'NONE', ( #1483, #1078, #556, #1645 ) ) ;
#688 = ADVANCED_FACE ( 'NONE', ( #741 ), #888, .T. ) ;
#689 = CARTESIAN_POINT ( 'NONE',  ( 19.12120474641496770, 2.000000000000000000, 9.500000000000000000 ) ) ;
#690 = B_SPLINE_CURVE_WITH_KNOTS ( 'NONE', 3,
 ( #884, #745, #909, #753 ),
 .UNSPECIFIED., .F., .F.,
 ( 4, 4 ),
 ( 0.000000000000000000, 0.0002126118397687697689 ),
 .UNSPECIFIED. ) ;
#691 = LINE ( 'NONE', #293, #390 ) ;
#692 = ORIENTED_EDGE ( 'NONE', *, *, #1776, .T. ) ;
#693 = PRODUCT_CONTEXT ( 'NONE', #1005, 'mechanical' ) ;
#694 = DIRECTION ( 'NONE',  ( -0.000000000000000000, -0.000000000000000000, -1.000000000000000000 ) ) ;
#695 = VERTEX_POINT ( 'NONE', #870 ) ;
#696 = VERTEX_POINT ( 'NONE', #1444 ) ;
#697 = VECTOR ( 'NONE', #1613, 1000.000000000000000 ) ;
#698 = APPLICATION_CONTEXT ( 'automotive_design' ) ;
#699 = CARTESIAN_POINT ( 'NONE',  ( -20.62120474641497125, 1.000000000000000000, 8.000000000000000000 ) ) ;
#700 = EDGE_CURVE ( 'NONE', #419, #551, #1140, .T. ) ;
#701 = LINE ( 'NONE', #426, #1395 ) ;
#702 = EDGE_LOOP ( 'NONE', ( #525, #1063, #479, #927, #538, #21 ) ) ;
#703 = AXIS2_PLACEMENT_3D ( 'NONE', #993, #1552, #863 ) ;
#704 = CARTESIAN_POINT ( 'NONE',  ( -7.000000000000000000, -14.71000000000000263, 5.999999999999999112 ) ) ;
#705 = DIRECTION ( 'NONE',  ( -0.000000000000000000, -0.000000000000000000, 1.000000000000000000 ) ) ;
#706 = EDGE_CURVE ( 'NONE', #973, #950, #528, .T. ) ;
#707 = VERTEX_POINT ( 'NONE', #1318 ) ;
#708 = EDGE_CURVE ( 'NONE', #26, #22, #1536, .T. ) ;
#709 = CARTESIAN_POINT ( 'NONE',  ( -23.62120474641496770, 2.000000000000004885, 8.000000000000000000 ) ) ;
#710 = AXIS2_PLACEMENT_3D ( 'NONE', #1472, #1752, #925 ) ;
#711 = CARTESIAN_POINT ( 'NONE',  ( -16.55811641043062110, -3.860182370820669284, 9.500000000000000000 ) ) ;
#712 = EDGE_CURVE ( 'NONE', #958, #186, #212, .T. ) ;
#713 = DIRECTION ( 'NONE',  ( 8.673617379884035472E-16, 1.000000000000000000, -0.000000000000000000 ) ) ;
#714 = ORIENTED_EDGE ( 'NONE', *, *, #194, .F. ) ;
#715 = FACE_OUTER_BOUND ( 'NONE', #1438, .T. ) ;
#716 = CYLINDRICAL_SURFACE ( 'NONE', #489, 2.999999999999999112 ) ;
#717 = FACE_BOUND ( 'NONE', #138, .T. ) ;
#718 = B_SPLINE_CURVE_WITH_KNOTS ( 'NONE', 3,
 ( #1309, #890, #1297, #1581 ),
 .UNSPECIFIED., .F., .F.,
 ( 4, 4 ),
 ( 0.000000000000000000, 0.0002126118397687770060 ),
 .UNSPECIFIED. ) ;
#719 = EDGE_LOOP ( 'NONE', ( #809, #374 ) ) ;
#720 = DIRECTION ( 'NONE',  ( 1.000000000000000000, 0.000000000000000000, 0.000000000000000000 ) ) ;
#721 = ADVANCED_FACE ( 'NONE', ( #966 ), #1390, .F. ) ;
#722 = EDGE_CURVE ( 'NONE', #153, #1305, #670, .T. ) ;
#723 = DIRECTION ( 'NONE',  ( 1.000000000000000000, -0.000000000000000000, 2.350988701644575016E-32 ) ) ;
#724 = DIRECTION ( 'NONE',  ( 0.000000000000000000, 0.000000000000000000, 1.000000000000000000 ) ) ;
#725 = CIRCLE ( 'NONE', #115, 1.000000000000000000 ) ;
#726 = EDGE_CURVE ( 'NONE', #663, #707, #837, .T. ) ;
#727 = DIRECTION ( 'NONE',  ( -1.000000000000000000, 1.776356839400250267E-15, 0.000000000000000000 ) ) ;
#728 = CARTESIAN_POINT ( 'NONE',  ( -7.160000000000000142, 0.000000000000000000, 15.00000000000000000 ) ) ;
#729 = ORIENTED_EDGE ( 'NONE', *, *, #254, .T. ) ;
#730 = CYLINDRICAL_SURFACE ( 'NONE', #1143, 1.550000000000000933 ) ;
#731 = FILL_AREA_STYLE_COLOUR ( '', #1046 ) ;
#732 = CARTESIAN_POINT ( 'NONE',  ( -7.160000000000000142, 0.000000000000000000, 15.00000000000000000 ) ) ;
#733 = VECTOR ( 'NONE', #1599, 1000.000000000000000 ) ;
#734 = CARTESIAN_POINT ( 'NONE',  ( 23.62120474641496770, -1.000000000000000000, 8.000000000000000000 ) ) ;
#735 = ORIENTED_EDGE ( 'NONE', *, *, #174, .F. ) ;
#736 = VECTOR ( 'NONE', #1398, 1000.000000000000000 ) ;
#737 = DIRECTION ( 'NONE',  ( 1.000000000000000000, -8.673617379884035472E-16, 4.701977403289150032E-32 ) ) ;
#738 = DIRECTION ( 'NONE',  ( -0.000000000000000000, -0.000000000000000000, -1.000000000000000000 ) ) ;
#739 = DIRECTION ( 'NONE',  ( -8.673617379884035472E-16, 1.000000000000000000, 0.000000000000000000 ) ) ;
#740 = EDGE_LOOP ( 'NONE', ( #1717, #820, #3, #1435, #1602, #274 ) ) ;
#741 = FACE_OUTER_BOUND ( 'NONE', #1641, .T. ) ;
#742 = EDGE_LOOP ( 'NONE', ( #492, #1705, #30, #110, #145, #1630 ) ) ;
#743 = EDGE_CURVE ( 'NONE', #256, #1113, #346, .T. ) ;
#744 = CARTESIAN_POINT ( 'NONE',  ( 7.159999999999997478, 10.16000000000000192, -2.999999999999999112 ) ) ;
#745 = CARTESIAN_POINT ( 'NONE',  ( 19.26277080327790259, -2.000000000000000000, 10.99499608727809452 ) ) ;
#746 = DIRECTION ( 'NONE',  ( 2.350988701644575016E-32, -1.261617073437677999E-16, -1.000000000000000000 ) ) ;
#747 = DIRECTION ( 'NONE',  ( 1.000000000000000000, 0.000000000000000000, 0.000000000000000000 ) ) ;
#748 = DIRECTION ( 'NONE',  ( 1.000000000000000000, 0.000000000000000000, 0.000000000000000000 ) ) ;
#749 = VECTOR ( 'NONE', #1381, 1000.000000000000000 ) ;
#750 = DIRECTION ( 'NONE',  ( -1.000000000000000000, 0.000000000000000000, 0.000000000000000000 ) ) ;
#751 = ORIENTED_EDGE ( 'NONE', *, *, #210, .F. ) ;
#752 = CYLINDRICAL_SURFACE ( 'NONE', #126, 1.550000000000000933 ) ;
#753 = CARTESIAN_POINT ( 'NONE',  ( 19.12120474641497125, -2.007496219329688358, 11.00000000000000000 ) ) ;
#754 = CIRCLE ( 'NONE', #1216, 4.000000000000000000 ) ;
#755 = ORIENTED_EDGE ( 'NONE', *, *, #1459, .F. ) ;
#756 = CARTESIAN_POINT ( 'NONE',  ( -7.160000000000000142, 0.000000000000000000, 0.000000000000000000 ) ) ;
#757 = AXIS2_PLACEMENT_3D ( 'NONE', #1035, #1152, #1706 ) ;
#758 = CARTESIAN_POINT ( 'NONE',  ( -17.12997014686844111, -2.950768075832345794, 10.32876500172095113 ) ) ;
#759 = ADVANCED_FACE ( 'NONE', ( #20 ), #716, .F. ) ;
#760 = DIRECTION ( 'NONE',  ( 1.000000000000000000, 0.000000000000000000, 0.000000000000000000 ) ) ;
#761 = CARTESIAN_POINT ( 'NONE',  ( 12.50000000000000000, -19.91000000000000014, 5.999999999999999112 ) ) ;
#762 = CARTESIAN_POINT ( 'NONE',  ( 20.62120474641496770, 2.000000000000000000, 8.000000000000000000 ) ) ;
#763 = ORIENTED_EDGE ( 'NONE', *, *, #209, .F. ) ;
#764 = EDGE_CURVE ( 'NONE', #1653, #1485, #987, .T. ) ;
#765 = EDGE_CURVE ( 'NONE', #1651, #1388, #1534, .T. ) ;
#766 = DIRECTION ( 'NONE',  ( 0.000000000000000000, 0.000000000000000000, -1.000000000000000000 ) ) ;
#767 = LINE ( 'NONE', #201, #668 ) ;
#768 = VERTEX_POINT ( 'NONE', #704 ) ;
#769 = CARTESIAN_POINT ( 'NONE',  ( -7.160000000000000142, -10.16000000000000192, -2.999999999999999112 ) ) ;
#770 = CIRCLE ( 'NONE', #1402, 10.16000000000000192 ) ;
#771 = CARTESIAN_POINT ( 'NONE',  ( -19.26277080327790614, -2.000000000000000000, 10.99499608727813182 ) ) ;
#772 = CARTESIAN_POINT ( 'NONE',  ( -7.000000000000000000, -13.16000000000000014, 15.00000000000000355 ) ) ;
#773 = CARTESIAN_POINT ( 'NONE',  ( 23.62120474641497125, -1.999999999999997335, 8.000000000000000000 ) ) ;
#774 = EDGE_LOOP ( 'NONE', ( #103, #113, #1223, #1272 ) ) ;
#775 = EDGE_CURVE ( 'NONE', #1503, #256, #1138, .T. ) ;
#776 = FACE_OUTER_BOUND ( 'NONE', #1380, .T. ) ;
#777 = DIRECTION ( 'NONE',  ( -0.000000000000000000, -0.000000000000000000, -1.000000000000000000 ) ) ;
#778 = ORIENTED_EDGE ( 'NONE', *, *, #1028, .F. ) ;
#779 = CARTESIAN_POINT ( 'NONE',  ( -19.33315078358927153, 5.000000000000000000, 11.00000000000000000 ) ) ;
#780 = CIRCLE ( 'NONE', #1342, 1.000000000000000000 ) ;
#781 = CARTESIAN_POINT ( 'NONE',  ( -18.00081216121817818, 2.309073219730207072, 10.88900334358900146 ) ) ;
#782 = VERTEX_POINT ( 'NONE', #1104 ) ;
#783 = PLANE ( 'NONE',  #1219 ) ;
#784 = DIRECTION ( 'NONE',  ( -1.000000000000000000, 0.000000000000000000, 0.000000000000000000 ) ) ;
#785 = VERTEX_POINT ( 'NONE', #46 ) ;
#786 = VECTOR ( 'NONE', #102, 1000.000000000000000 ) ;
#787 = EDGE_CURVE ( 'NONE', #186, #298, #178, .T. ) ;
#788 = DIRECTION ( 'NONE',  ( 0.000000000000000000, 0.000000000000000000, 1.000000000000000000 ) ) ;
#789 = DIRECTION ( 'NONE',  ( 1.000000000000000000, 0.000000000000000000, 0.000000000000000000 ) ) ;
#790 = ORIENTED_EDGE ( 'NONE', *, *, #961, .F. ) ;
#791 = DIRECTION ( 'NONE',  ( 0.000000000000000000, 0.000000000000000000, 1.000000000000000000 ) ) ;
#792 = VECTOR ( 'NONE', #713, 1000.000000000000000 ) ;
#793 = CYLINDRICAL_SURFACE ( 'NONE', #1711, 1.500000000000001332 ) ;
#794 = ORIENTED_EDGE ( 'NONE', *, *, #907, .T. ) ;
#795 = AXIS2_PLACEMENT_3D ( 'NONE', #1251, #1100, #139 ) ;
#796 = LINE ( 'NONE', #1205, #1018 ) ;
#797 = VECTOR ( 'NONE', #1577, 1000.000000000000000 ) ;
#798 = CARTESIAN_POINT ( 'NONE',  ( -19.19212034753035567, 2.002473575506355630, 11.00000000000001421 ) ) ;
#799 = ORIENTED_EDGE ( 'NONE', *, *, #1361, .F. ) ;
#800 = ORIENTED_EDGE ( 'NONE', *, *, #251, .T. ) ;
#801 = CARTESIAN_POINT ( 'NONE',  ( -19.12120474641497125, 2.000000000000000000, 9.500000000000000000 ) ) ;
#802 = ORIENTED_EDGE ( 'NONE', *, *, #420, .T. ) ;
#803 = LINE ( 'NONE', #478, #93 ) ;
#804 = B_SPLINE_CURVE_WITH_KNOTS ( 'NONE', 3,
 ( #245, #255, #798, #1357 ),
 .UNSPECIFIED., .F., .F.,
 ( 4, 4 ),
 ( 0.000000000000000000, 0.0002126118397687697689 ),
 .UNSPECIFIED. ) ;
#805 = DIRECTION ( 'NONE',  ( -1.000000000000000000, 0.000000000000000000, -2.350988701644575016E-32 ) ) ;
#806 = VECTOR ( 'NONE', #1547, 1000.000000000000000 ) ;
#807 = CARTESIAN_POINT ( 'NONE',  ( -7.160000000000000142, -10.16000000000000192, 5.999999999999998224 ) ) ;
#808 = ORIENTED_EDGE ( 'NONE', *, *, #1291, .T. ) ;
#809 = ORIENTED_EDGE ( 'NONE', *, *, #887, .F. ) ;
#810 = VECTOR ( 'NONE', #646, 1000.000000000000000 ) ;
#811 = CARTESIAN_POINT ( 'NONE',  ( -19.12120474641497125, 1.658500138128260189E-14, 9.500000000000000000 ) ) ;
#812 = ORIENTED_EDGE ( 'NONE', *, *, #173, .F. ) ;
#813 = DIRECTION ( 'NONE',  ( 0.000000000000000000, 0.000000000000000000, -1.000000000000000000 ) ) ;
#814 = DIRECTION ( 'NONE',  ( 0.000000000000000000, 1.000000000000000000, 0.000000000000000000 ) ) ;
#815 = ORIENTED_EDGE ( 'NONE', *, *, #1677, .T. ) ;
#816 = VERTEX_POINT ( 'NONE', #161 ) ;
#817 = ADVANCED_FACE ( 'NONE', ( #1246 ), #1661, .T. ) ;
#818 = EDGE_CURVE ( 'NONE', #1686, #1568, #591, .T. ) ;
#819 = VECTOR ( 'NONE', #1169, 1000.000000000000000 ) ;
#820 = ORIENTED_EDGE ( 'NONE', *, *, #1137, .T. ) ;
#821 = CARTESIAN_POINT ( 'NONE',  ( 16.55811641043062110, 3.860182370820669284, 9.500000000000000000 ) ) ;
#822 = ORIENTED_EDGE ( 'NONE', *, *, #48, .F. ) ;
#823 = ORIENTED_EDGE ( 'NONE', *, *, #887, .T. ) ;
#824 = AXIS2_PLACEMENT_3D ( 'NONE', #631, #1724, #739 ) ;
#825 = ORIENTED_EDGE ( 'NONE', *, *, #722, .F. ) ;
#826 = DIRECTION ( 'NONE',  ( -2.350988701644575016E-32, 1.261617073437677999E-16, 1.000000000000000000 ) ) ;
#827 = ORIENTED_EDGE ( 'NONE', *, *, #71, .T. ) ;
#828 = ORIENTED_EDGE ( 'NONE', *, *, #1722, .F. ) ;
#829 = CIRCLE ( 'NONE', #53, 4.000000000000000000 ) ;
#830 = ORIENTED_EDGE ( 'NONE', *, *, #1074, .T. ) ;
#831 = EDGE_CURVE ( 'NONE', #1578, #87, #995, .T. ) ;
#832 = CARTESIAN_POINT ( 'NONE',  ( 12.50000000000000000, -23.91000000000000014, 11.00000000000000000 ) ) ;
#833 = ADVANCED_FACE ( 'NONE', ( #451 ), #1554, .F. ) ;
#834 = CARTESIAN_POINT ( 'NONE',  ( -19.33315078358927153, 2.000000000000000000, 11.00000000000000000 ) ) ;
#835 = EDGE_CURVE ( 'NONE', #482, #782, #858, .T. ) ;
#836 = ORIENTED_EDGE ( 'NONE', *, *, #1021, .T. ) ;
#837 = LINE ( 'NONE', #1254, #901 ) ;
#838 = DIRECTION ( 'NONE',  ( -0.000000000000000000, -0.000000000000000000, -1.000000000000000000 ) ) ;
#839 = ORIENTED_EDGE ( 'NONE', *, *, #1003, .T. ) ;
#840 = AXIS2_PLACEMENT_3D ( 'NONE', #549, #1238, #965 ) ;
#841 = CIRCLE ( 'NONE', #1625, 2.999999999999999112 ) ;
#842 = DIRECTION ( 'NONE',  ( 1.000000000000000000, 8.673617379884038430E-16, 0.000000000000000000 ) ) ;
#843 = AXIS2_PLACEMENT_3D ( 'NONE', #1236, #826, #1378 ) ;
#844 = CARTESIAN_POINT ( 'NONE',  ( 16.55811641043062110, -3.860182370820669284, 15.00000000000000000 ) ) ;
#845 = ORIENTED_EDGE ( 'NONE', *, *, #1028, .T. ) ;
#846 = CIRCLE ( 'NONE', #703, 1.499999999999999556 ) ;
#847 = DIRECTION ( 'NONE',  ( -1.000000000000000000, 0.000000000000000000, 0.000000000000000000 ) ) ;
#848 = LINE ( 'NONE', #1524, #1615 ) ;
#849 = EDGE_CURVE ( 'NONE', #1376, #64, #1588, .T. ) ;
#850 = VERTEX_POINT ( 'NONE', #1006 ) ;
#851 = DIRECTION ( 'NONE',  ( 0.000000000000000000, 0.000000000000000000, 1.000000000000000000 ) ) ;
#852 = VECTOR ( 'NONE', #485, 1000.000000000000000 ) ;
#853 = EDGE_CURVE ( 'NONE', #1151, #1162, #725, .T. ) ;
#854 = FACE_BOUND ( 'NONE', #719, .T. ) ;
#855 = FACE_OUTER_BOUND ( 'NONE', #1458, .T. ) ;
#856 = ORIENTED_EDGE ( 'NONE', *, *, #1098, .T. ) ;
#857 = DIRECTION ( 'NONE',  ( 1.000000000000000000, 0.000000000000000000, 0.000000000000000000 ) ) ;
#858 = LINE ( 'NONE', #1413, #1674 ) ;
#859 = CARTESIAN_POINT ( 'NONE',  ( -18.82000000000000384, 0.000000000000000000, 11.00000000000000000 ) ) ;
#860 = ORIENTED_EDGE ( 'NONE', *, *, #1188, .F. ) ;
#861 = CARTESIAN_POINT ( 'NONE',  ( -19.33315078358927153, 2.000000000000000000, 10.98495079963145926 ) ) ;
#862 = SURFACE_STYLE_USAGE ( .BOTH. , #56 ) ;
#863 = DIRECTION ( 'NONE',  ( 0.000000000000000000, 0.000000000000000000, -1.000000000000000000 ) ) ;
#864 = DIRECTION ( 'NONE',  ( -1.000000000000000000, -8.673617379884035472E-16, -0.000000000000000000 ) ) ;
#865 = CARTESIAN_POINT ( 'NONE',  ( -12.50000000000000000, -10.16000000000000192, 15.00000000000000000 ) ) ;
#866 = VECTOR ( 'NONE', #399, 1000.000000000000000 ) ;
#867 = CARTESIAN_POINT ( 'NONE',  ( -18.82000000000000384, 0.000000000000000000, 9.500000000000000000 ) ) ;
#868 = DIRECTION ( 'NONE',  ( 0.000000000000000000, 1.000000000000000000, -0.000000000000000000 ) ) ;
#869 = CARTESIAN_POINT ( 'NONE',  ( 7.160000000000001918, -10.16000000000000192, -2.999999999999999112 ) ) ;
#870 = CARTESIAN_POINT ( 'NONE',  ( 19.33315078358927153, 2.000000000000000000, 10.98495079963145926 ) ) ;
#871 = LINE ( 'NONE', #865, #1292 ) ;
#872 = EDGE_CURVE ( 'NONE', #304, #87, #323, .T. ) ;
#873 = VECTOR ( 'NONE', #34, 1000.000000000000000 ) ;
#874 = AXIS2_PLACEMENT_3D ( 'NONE', #1513, #33, #971 ) ;
#875 = VECTOR ( 'NONE', #720, 1000.000000000000000 ) ;
#876 = CARTESIAN_POINT ( 'NONE',  ( -20.62120474641496770, 1.000000000000000000, 6.999999999999999112 ) ) ;
#877 = DIRECTION ( 'NONE',  ( 1.000000000000000000, 0.000000000000000000, -0.000000000000000000 ) ) ;
#878 = CARTESIAN_POINT ( 'NONE',  ( 20.62120474641497125, -1.000000000000000000, 6.999999999999999112 ) ) ;
#879 = CARTESIAN_POINT ( 'NONE',  ( -19.19212034753035923, -2.002473575506370729, 11.00000000000000000 ) ) ;
#880 = FACE_BOUND ( 'NONE', #1257, .T. ) ;
#881 = ORIENTED_EDGE ( 'NONE', *, *, #1779, .F. ) ;
#882 = CARTESIAN_POINT ( 'NONE',  ( 16.98677274805552528, 3.118145040849297001, 10.17179592915918462 ) ) ;
#883 = ADVANCED_FACE ( 'NONE', ( #92 ), #1335, .F. ) ;
#884 = CARTESIAN_POINT ( 'NONE',  ( 19.33315078358927153, -2.000000000000000000, 10.98495079963145926 ) ) ;
#885 = ORIENTED_EDGE ( 'NONE', *, *, #329, .F. ) ;
#886 = FACE_OUTER_BOUND ( 'NONE', #1208, .T. ) ;
#887 = EDGE_CURVE ( 'NONE', #1514, #1367, #1501, .T. ) ;
#888 = CYLINDRICAL_SURFACE ( 'NONE', #383, 10.16000000000000192 ) ;
#889 = CARTESIAN_POINT ( 'NONE',  ( 7.000000000000000000, -14.71000000000000263, 5.999999999999999112 ) ) ;
#890 = CARTESIAN_POINT ( 'NONE',  ( 19.19212034753035212, 2.002473575506369841, 11.00000000000000000 ) ) ;
#891 = EDGE_CURVE ( 'NONE', #1411, #304, #1038, .T. ) ;
#892 = VECTOR ( 'NONE', #296, 1000.000000000000000 ) ;
#893 = CARTESIAN_POINT ( 'NONE',  ( 18.12109637496057601, -2.252515915152818682, 10.92912792339919292 ) ) ;
#894 = EDGE_LOOP ( 'NONE', ( #808, #380, #38, #1442, #1141, #920 ) ) ;
#895 = EDGE_CURVE ( 'NONE', #645, #1611, #1635, .T. ) ;
#896 = CARTESIAN_POINT ( 'NONE',  ( -12.50000000000000000, -10.16000000000000192, 5.999999999999998224 ) ) ;
#897 = FACE_OUTER_BOUND ( 'NONE', #1494, .T. ) ;
#898 = AXIS2_PLACEMENT_3D ( 'NONE', #50, #777, #1315 ) ;
#899 = EDGE_LOOP ( 'NONE', ( #1048, #1383, #985, #802 ) ) ;
#900 = LINE ( 'NONE', #219, #797 ) ;
#901 = VECTOR ( 'NONE', #37, 1000.000000000000000 ) ;
#902 = CARTESIAN_POINT ( 'NONE',  ( 19.33315078358927153, 5.000000000000000000, 11.00000000000000000 ) ) ;
#903 = FACE_OUTER_BOUND ( 'NONE', #541, .T. ) ;
#904 = CARTESIAN_POINT ( 'NONE',  ( -7.160000000000000142, 0.000000000000000000, -2.999999999999999112 ) ) ;
#905 = AXIS2_PLACEMENT_3D ( 'NONE', #49, #601, #1010 ) ;
#906 = DIRECTION ( 'NONE',  ( 1.000000000000000000, 0.000000000000000000, 0.000000000000000000 ) ) ;
#907 = EDGE_CURVE ( 'NONE', #1653, #218, #770, .T. ) ;
#908 = VERTEX_POINT ( 'NONE', #1217 ) ;
#909 = CARTESIAN_POINT ( 'NONE',  ( 19.19212034753035567, -2.002473575506355630, 11.00000000000001421 ) ) ;
#910 = ORIENTED_EDGE ( 'NONE', *, *, #1648, .F. ) ;
#911 = AXIS2_PLACEMENT_3D ( 'NONE', #756, #58, #1713 ) ;
#912 = CARTESIAN_POINT ( 'NONE',  ( 7.160000000000000142, 0.000000000000000000, 0.000000000000000000 ) ) ;
#913 = CARTESIAN_POINT ( 'NONE',  ( -16.74087305470627030, 3.474560588893077728, 9.842974707692865977 ) ) ;
#914 = ORIENTED_EDGE ( 'NONE', *, *, #1616, .T. ) ;
#915 = CARTESIAN_POINT ( 'NONE',  ( -23.62120474641496770, 2.000000000000005329, 15.00000000000000000 ) ) ;
#916 = DIRECTION ( 'NONE',  ( 0.000000000000000000, 0.000000000000000000, -1.000000000000000000 ) ) ;
#917 = VERTEX_POINT ( 'NONE', #253 ) ;
#918 = DIRECTION ( 'NONE',  ( 1.000000000000000000, 0.000000000000000000, -0.000000000000000000 ) ) ;
#919 = LINE ( 'NONE', #118, #697 ) ;
#920 = ORIENTED_EDGE ( 'NONE', *, *, #743, .T. ) ;
#921 = CARTESIAN_POINT ( 'NONE',  ( 0.000000000000000000, 0.000000000000000000, 11.00000000000000000 ) ) ;
#922 = CARTESIAN_POINT ( 'NONE',  ( -7.160000000000000142, -7.160000000000002807, 15.00000000000000000 ) ) ;
#923 = EDGE_CURVE ( 'NONE', #18, #1738, #449, .T. ) ;
#924 = ORIENTED_EDGE ( 'NONE', *, *, #1779, .T. ) ;
#925 = DIRECTION ( 'NONE',  ( 0.000000000000000000, 0.000000000000000000, -1.000000000000000000 ) ) ;
#926 = CARTESIAN_POINT ( 'NONE',  ( 7.000000000000000000, -14.71000000000000085, 15.00000000000000355 ) ) ;
#927 = ORIENTED_EDGE ( 'NONE', *, *, #853, .T. ) ;
#928 = ADVANCED_FACE ( 'NONE', ( #1746 ), #638, .T. ) ;
#929 = ORIENTED_EDGE ( 'NONE', *, *, #1350, .F. ) ;
#930 = CIRCLE ( 'NONE', #217, 10.16000000000000192 ) ;
#931 = DIRECTION ( 'NONE',  ( 0.000000000000000000, -0.000000000000000000, 1.000000000000000000 ) ) ;
#932 = VERTEX_POINT ( 'NONE', #116 ) ;
#933 = CARTESIAN_POINT ( 'NONE',  ( -13.83801256992526696, -7.657006472239669570, 5.999999999999998224 ) ) ;
#934 = CARTESIAN_POINT ( 'NONE',  ( 12.50000000000000000, -19.41000000000000014, 10.49999999999999822 ) ) ;
#935 = AXIS2_PLACEMENT_3D ( 'NONE', #1688, #363, #1695 ) ;
#936 = CARTESIAN_POINT ( 'NONE',  ( -20.62120474641497125, -1.999999999999997780, 9.500000000000000000 ) ) ;
#937 = ORIENTED_EDGE ( 'NONE', *, *, #326, .T. ) ;
#938 = ORIENTED_EDGE ( 'NONE', *, *, #1480, .F. ) ;
#939 = CYLINDRICAL_SURFACE ( 'NONE', #1049, 7.160000000000001918 ) ;
#940 = EDGE_LOOP ( 'NONE', ( #1733, #815, #398, #134 ) ) ;
#941 = CARTESIAN_POINT ( 'NONE',  ( 20.62120474641496415, 2.000000000000000000, 15.00000000000000000 ) ) ;
#942 = ADVANCED_FACE ( 'NONE', ( #235 ), #1761, .T. ) ;
#943 = LINE ( 'NONE', #264, #1765 ) ;
#944 = VERTEX_POINT ( 'NONE', #244 ) ;
#945 = EDGE_CURVE ( 'NONE', #932, #304, #796, .T. ) ;
#946 = EDGE_LOOP ( 'NONE', ( #823, #542, #1518, #1052 ) ) ;
#947 = ORIENTED_EDGE ( 'NONE', *, *, #641, .F. ) ;
#948 = CARTESIAN_POINT ( 'NONE',  ( -23.62120474641497125, -1.000000000000000000, 8.000000000000000000 ) ) ;
#949 = ORIENTED_EDGE ( 'NONE', *, *, #1350, .T. ) ;
#950 = VERTEX_POINT ( 'NONE', #391 ) ;
#951 = ORIENTED_EDGE ( 'NONE', *, *, #712, .T. ) ;
#952 = ORIENTED_EDGE ( 'NONE', *, *, #1648, .T. ) ;
#953 = AXIS2_PLACEMENT_3D ( 'NONE', #972, #1136, #1690 ) ;
#954 = PLANE ( 'NONE',  #1557 ) ;
#955 = ORIENTED_EDGE ( 'NONE', *, *, #574, .T. ) ;
#956 = APPLICATION_PROTOCOL_DEFINITION ( 'draft international standard', 'automotive_design', 1998, #1005 ) ;
#957 = ORIENTED_EDGE ( 'NONE', *, *, #1495, .F. ) ;
#958 = VERTEX_POINT ( 'NONE', #1770 ) ;
#959 = PRODUCT_RELATED_PRODUCT_CATEGORY ( 'part', '', ( #1783 ) ) ;
#960 = EDGE_CURVE ( 'NONE', #550, #1376, #247, .T. ) ;
#961 = EDGE_CURVE ( 'NONE', #1643, #1102, #1346, .T. ) ;
#962 = DIRECTION ( 'NONE',  ( 1.000000000000000000, 0.000000000000000000, 0.000000000000000000 ) ) ;
#963 = DIRECTION ( 'NONE',  ( 1.000000000000000000, 0.000000000000000000, 0.000000000000000000 ) ) ;
#964 = VERTEX_POINT ( 'NONE', #523 ) ;
#965 = DIRECTION ( 'NONE',  ( 0.000000000000000000, -1.000000000000000000, 2.168404344971008868E-16 ) ) ;
#966 = FACE_OUTER_BOUND ( 'NONE', #544, .T. ) ;
#967 = DIRECTION ( 'NONE',  ( -8.673617379884035472E-16, -1.000000000000000000, 0.000000000000000000 ) ) ;
#968 = AXIS2_PLACEMENT_3D ( 'NONE', #728, #162, #1275 ) ;
#969 = ORIENTED_EDGE ( 'NONE', *, *, #708, .F. ) ;
#970 = VECTOR ( 'NONE', #694, 1000.000000000000000 ) ;
#971 = DIRECTION ( 'NONE',  ( -1.000000000000000000, 0.000000000000000000, 0.000000000000000000 ) ) ;
#972 = CARTESIAN_POINT ( 'NONE',  ( -7.160000000000000142, 0.000000000000000000, 9.500000000000000000 ) ) ;
#973 = VERTEX_POINT ( 'NONE', #1490 ) ;
#974 = CARTESIAN_POINT ( 'NONE',  ( 12.50000000000000000, -19.41000000000000014, 12.50000000000000000 ) ) ;
#975 = CARTESIAN_POINT ( 'NONE',  ( 20.62120474641496770, 1.788604398826520406E-14, 9.500000000000000000 ) ) ;
#976 = VERTEX_POINT ( 'NONE', #999 ) ;
#977 = VERTEX_POINT ( 'NONE', #496 ) ;
#978 = ADVANCED_FACE ( 'NONE', ( #342 ), #730, .F. ) ;
#979 = CARTESIAN_POINT ( 'NONE',  ( 19.33315078358927153, 2.000000000000000000, 11.00000000000000000 ) ) ;
#980 = AXIS2_PLACEMENT_3D ( 'NONE', #902, #84, #1736 ) ;
#981 = VECTOR ( 'NONE', #1551, 1000.000000000000000 ) ;
#982 = CYLINDRICAL_SURFACE ( 'NONE', #330, 1.000000000000000000 ) ;
#983 = AXIS2_PLACEMENT_3D ( 'NONE', #1154, #343, #477 ) ;
#984 = DIRECTION ( 'NONE',  ( -1.000000000000000000, 0.000000000000000000, 0.000000000000000000 ) ) ;
#985 = ORIENTED_EDGE ( 'NONE', *, *, #371, .T. ) ;
#986 = CARTESIAN_POINT ( 'NONE',  ( 12.50000000000000000, -10.16000000000000192, 5.999999999999998224 ) ) ;
#987 = LINE ( 'NONE', #287, #749 ) ;
#988 = CARTESIAN_POINT ( 'NONE',  ( -7.160000000000000142, -7.160000000000002807, 15.00000000000000000 ) ) ;
#989 = ORIENTED_EDGE ( 'NONE', *, *, #818, .T. ) ;
#990 = CARTESIAN_POINT ( 'NONE',  ( -12.50000000000000000, -19.41000000000000014, 8.499999999999996447 ) ) ;
#991 = AXIS2_PLACEMENT_3D ( 'NONE', #1465, #372, #228 ) ;
#992 = CARTESIAN_POINT ( 'NONE',  ( 17.66598986934529947, 2.492924926954448228, 10.74502828047607927 ) ) ;
#993 = CARTESIAN_POINT ( 'NONE',  ( 19.12120474641497125, -2.000000000000000000, 9.500000000000000000 ) ) ;
#994 = ORIENTED_EDGE ( 'NONE', *, *, #1021, .F. ) ;
#995 = LINE ( 'NONE', #306, #1269 ) ;
#996 = CARTESIAN_POINT ( 'NONE',  ( -12.50000000000000000, -19.91000000000000014, 5.999999999999999112 ) ) ;
#997 = EDGE_CURVE ( 'NONE', #695, #1363, #1604, .T. ) ;
#998 = ORIENTED_EDGE ( 'NONE', *, *, #1407, .F. ) ;
#999 = CARTESIAN_POINT ( 'NONE',  ( -19.33315078358927153, -2.000000000000000000, 10.98495079963146104 ) ) ;
#1000 = VECTOR ( 'NONE', #133, 1000.000000000000000 ) ;
#1001 = CARTESIAN_POINT ( 'NONE',  ( 18.36938341802704144, 2.155901434248715720, 10.98430405164966217 ) ) ;
#1002 = CARTESIAN_POINT ( 'NONE',  ( -7.160000000000000142, 7.160000000000002807, 15.00000000000000000 ) ) ;
#1003 = EDGE_CURVE ( 'NONE', #36, #10, #75, .T. ) ;
#1004 = DIRECTION ( 'NONE',  ( 0.000000000000000000, 1.000000000000000000, 0.000000000000000000 ) ) ;
#1005 = APPLICATION_CONTEXT ( 'automotive_design' ) ;
#1006 = CARTESIAN_POINT ( 'NONE',  ( 7.000000000000000000, -11.60999999999999943, 15.00000000000000355 ) ) ;
#1007 = VERTEX_POINT ( 'NONE', #1142 ) ;
#1008 = TOROIDAL_SURFACE ( 'NONE', #461, 11.66000000000000192, 1.500000000000000000 ) ;
#1009 = VECTOR ( 'NONE', #1186, 1000.000000000000000 ) ;
#1010 = DIRECTION ( 'NONE',  ( 0.000000000000000000, -0.000000000000000000, 1.000000000000000000 ) ) ;
#1011 = DIRECTION ( 'NONE',  ( 2.350988701644575016E-32, -1.261617073437677999E-16, -1.000000000000000000 ) ) ;
#1012 = DIRECTION ( 'NONE',  ( 1.000000000000000000, 1.440787226534068138E-49, 2.350988701644575290E-32 ) ) ;
#1013 = CARTESIAN_POINT ( 'NONE',  ( -18.12110339566991968, -2.252512908843945283, 10.92912986273192644 ) ) ;
#1014 = FACE_OUTER_BOUND ( 'NONE', #1369, .T. ) ;
#1015 = AXIS2_PLACEMENT_3D ( 'NONE', #603, #1150, #192 ) ;
#1016 = ADVANCED_FACE ( 'NONE', ( #205 ), #597, .F. ) ;
#1017 = AXIS2_PLACEMENT_3D ( 'NONE', #1364, #532, #1227 ) ;
#1018 = VECTOR ( 'NONE', #1628, 1000.000000000000000 ) ;
#1019 = EDGE_CURVE ( 'NONE', #482, #1232, #537, .T. ) ;
#1020 = DIRECTION ( 'NONE',  ( 0.000000000000000000, 0.000000000000000000, -1.000000000000000000 ) ) ;
#1021 = EDGE_CURVE ( 'NONE', #87, #785, #1546, .T. ) ;
#1022 = EDGE_LOOP ( 'NONE', ( #1089, #511, #149, #1226, #660, #683 ) ) ;
#1023 = CARTESIAN_POINT ( 'NONE',  ( 12.50000000000000000, -19.91000000000000014, 11.00000000000000000 ) ) ;
#1024 = EDGE_LOOP ( 'NONE', ( #957, #1730 ) ) ;
#1025 = CARTESIAN_POINT ( 'NONE',  ( 23.62120474641496770, 2.000000000000002665, 8.000000000000000000 ) ) ;
#1026 = DIRECTION ( 'NONE',  ( 2.350988701644575290E-32, 0.000000000000000000, -1.000000000000000000 ) ) ;
#1027 = CARTESIAN_POINT ( 'NONE',  ( -12.50000000000000000, -19.41000000000000014, 10.49999999999999822 ) ) ;
#1028 = EDGE_CURVE ( 'NONE', #498, #1087, #623, .T. ) ;
#1029 = ORIENTED_EDGE ( 'NONE', *, *, #891, .T. ) ;
#1030 = DIRECTION ( 'NONE',  ( 0.000000000000000000, 1.000000000000000000, 0.000000000000000000 ) ) ;
#1031 = PLANE ( 'NONE',  #1563 ) ;
#1032 = ORIENTED_EDGE ( 'NONE', *, *, #700, .T. ) ;
#1033 = CARTESIAN_POINT ( 'NONE',  ( 23.62120474641497125, -1.000000000000000000, 6.999999999999999112 ) ) ;
#1034 = EDGE_CURVE ( 'NONE', #1514, #18, #1277, .T. ) ;
#1035 = CARTESIAN_POINT ( 'NONE',  ( 0.000000000000000000, 0.000000000000000000, 11.00000000000000000 ) ) ;
#1036 = DIRECTION ( 'NONE',  ( 1.000000000000000000, -0.000000000000000000, -0.000000000000000000 ) ) ;
#1037 = DIRECTION ( 'NONE',  ( -2.350988701644575016E-32, 1.261617073437677999E-16, 1.000000000000000000 ) ) ;
#1038 = CIRCLE ( 'NONE', #1441, 7.160000000000001918 ) ;
#1039 = DIRECTION ( 'NONE',  ( -1.000000000000000000, 0.000000000000000000, 0.000000000000000000 ) ) ;
#1040 = ORIENTED_EDGE ( 'NONE', *, *, #629, .T. ) ;
#1041 = DIRECTION ( 'NONE',  ( 2.350988701644575016E-32, -1.261617073437677999E-16, -1.000000000000000000 ) ) ;
#1042 = CARTESIAN_POINT ( 'NONE',  ( -7.160000000000000142, 0.000000000000000000, 9.500000000000000000 ) ) ;
#1043 = VECTOR ( 'NONE', #19, 1000.000000000000000 ) ;
#1044 = ORIENTED_EDGE ( 'NONE', *, *, #437, .F. ) ;
#1045 = LINE ( 'NONE', #447, #1692 ) ;
#1046 = COLOUR_RGB ( '',0.7921568627450980005, 0.8196078431372548767, 0.9333333333333333481 ) ;
#1047 = CARTESIAN_POINT ( 'NONE',  ( -12.50000000000000000, -23.91000000000000014, 9.999999999999998224 ) ) ;
#1048 = ORIENTED_EDGE ( 'NONE', *, *, #1304, .T. ) ;
#1049 = AXIS2_PLACEMENT_3D ( 'NONE', #1496, #260, #784 ) ;
#1050 = CYLINDRICAL_SURFACE ( 'NONE', #181, 4.000000000000000000 ) ;
#1051 = CARTESIAN_POINT ( 'NONE',  ( 7.159999999999999254, -7.160000000000002807, 0.000000000000000000 ) ) ;
#1052 = ORIENTED_EDGE ( 'NONE', *, *, #1034, .F. ) ;
#1053 = DIRECTION ( 'NONE',  ( 2.350988701644575016E-32, -1.261617073437677999E-16, -1.000000000000000000 ) ) ;
#1054 = DIRECTION ( 'NONE',  ( -1.000000000000000000, 8.673617379884035472E-16, -4.701977403289150032E-32 ) ) ;
#1055 = VERTEX_POINT ( 'NONE', #1538 ) ;
#1056 = CARTESIAN_POINT ( 'NONE',  ( 7.160000000000000142, 0.000000000000000000, -2.999999999999999112 ) ) ;
#1057 = CARTESIAN_POINT ( 'NONE',  ( -23.62120474641497125, -1.000000000000000000, 6.999999999999999112 ) ) ;
#1058 = VECTOR ( 'NONE', #317, 1000.000000000000000 ) ;
#1059 = ORIENTED_EDGE ( 'NONE', *, *, #1086, .T. ) ;
#1060 = ADVANCED_FACE ( 'NONE', ( #85 ), #1130, .F. ) ;
#1061 = CARTESIAN_POINT ( 'NONE',  ( -12.50000000000000000, -19.41000000000000014, 10.49999999999999822 ) ) ;
#1062 = DIRECTION ( 'NONE',  ( 1.000000000000000000, -0.000000000000000000, -0.000000000000000000 ) ) ;
#1063 = ORIENTED_EDGE ( 'NONE', *, *, #1188, .T. ) ;
#1064 = ORIENTED_EDGE ( 'NONE', *, *, #1345, .T. ) ;
#1065 = DIRECTION ( 'NONE',  ( 8.673617379884035472E-16, -1.000000000000000000, 0.000000000000000000 ) ) ;
#1066 = ORIENTED_EDGE ( 'NONE', *, *, #1719, .F. ) ;
#1067 = CARTESIAN_POINT ( 'NONE',  ( 17.46963372590830943, -2.637657566247863183, 10.61574854679742153 ) ) ;
#1068 = CIRCLE ( 'NONE', #1094, 1.550000000000000933 ) ;
#1069 = DIRECTION ( 'NONE',  ( -1.000000000000000000, -4.336808689942019314E-15, 0.000000000000000000 ) ) ;
#1070 = AXIS2_PLACEMENT_3D ( 'NONE', #484, #1456, #341 ) ;
#1071 = DIRECTION ( 'NONE',  ( 0.000000000000000000, 1.000000000000000000, 0.000000000000000000 ) ) ;
#1072 = VERTEX_POINT ( 'NONE', #1258 ) ;
#1073 = ORIENTED_EDGE ( 'NONE', *, *, #849, .T. ) ;
#1074 = EDGE_CURVE ( 'NONE', #1738, #18, #475, .T. ) ;
#1075 = CIRCLE ( 'NONE', #413, 7.160000000000001918 ) ;
#1076 = DIRECTION ( 'NONE',  ( 0.000000000000000000, 0.000000000000000000, -1.000000000000000000 ) ) ;
#1077 = EDGE_CURVE ( 'NONE', #1611, #1576, #1045, .T. ) ;
#1078 = ORIENTED_EDGE ( 'NONE', *, *, #1729, .T. ) ;
#1079 = CARTESIAN_POINT ( 'NONE',  ( -7.160000000000000142, 0.000000000000000000, 15.00000000000000000 ) ) ;
#1080 = EDGE_CURVE ( 'NONE', #423, #626, #1593, .T. ) ;
#1081 = VECTOR ( 'NONE', #633, 1000.000000000000000 ) ;
#1082 = CARTESIAN_POINT ( 'NONE',  ( -18.49814859035392445, 2.115239170288246484, 11.00000000000002309 ) ) ;
#1083 = ORIENTED_EDGE ( 'NONE', *, *, #1667, .T. ) ;
#1084 = EDGE_LOOP ( 'NONE', ( #1321, #729, #1479, #377 ) ) ;
#1085 = ORIENTED_EDGE ( 'NONE', *, *, #1098, .F. ) ;
#1086 = EDGE_CURVE ( 'NONE', #1151, #294, #311, .T. ) ;
#1087 = VERTEX_POINT ( 'NONE', #709 ) ;
#1088 = CARTESIAN_POINT ( 'NONE',  ( 20.62120474641497125, -2.000000000000000000, 15.00000000000000000 ) ) ;
#1089 = ORIENTED_EDGE ( 'NONE', *, *, #1359, .F. ) ;
#1090 = AXIS2_PLACEMENT_3D ( 'NONE', #1650, #1385, #147 ) ;
#1091 = EDGE_LOOP ( 'NONE', ( #1299, #1124, #860, #1 ) ) ;
#1092 = VERTEX_POINT ( 'NONE', #861 ) ;
#1093 = DIRECTION ( 'NONE',  ( 2.350988701644575290E-32, 0.000000000000000000, -1.000000000000000000 ) ) ;
#1094 = AXIS2_PLACEMENT_3D ( 'NONE', #1575, #1011, #618 ) ;
#1095 = EDGE_LOOP ( 'NONE', ( #1748, #427, #1201, #1754 ) ) ;
#1096 = ORIENTED_EDGE ( 'NONE', *, *, #1417, .T. ) ;
#1097 = VERTEX_POINT ( 'NONE', #172 ) ;
#1098 = EDGE_CURVE ( 'NONE', #977, #473, #1308, .T. ) ;
#1099 = CIRCLE ( 'NONE', #469, 11.66000000000000192 ) ;
#1100 = DIRECTION ( 'NONE',  ( 0.000000000000000000, -1.000000000000000000, 0.000000000000000000 ) ) ;
#1101 = PLANE ( 'NONE',  #1540 ) ;
#1102 = VERTEX_POINT ( 'NONE', #889 ) ;
#1103 = DIRECTION ( 'NONE',  ( -0.000000000000000000, -0.000000000000000000, 1.000000000000000000 ) ) ;
#1104 = CARTESIAN_POINT ( 'NONE',  ( 13.83801256992526341, -7.657006472239672235, 5.999999999999998224 ) ) ;
#1105 = AXIS2_PLACEMENT_3D ( 'NONE', #417, #1541, #962 ) ;
#1106 = CIRCLE ( 'NONE', #332, 1.000000000000000000 ) ;
#1107 = LINE ( 'NONE', #1290, #672 ) ;
#1108 = ORIENTED_EDGE ( 'NONE', *, *, #1077, .T. ) ;
#1109 = EDGE_CURVE ( 'NONE', #294, #1358, #1580, .T. ) ;
#1110 = ADVANCED_FACE ( 'NONE', ( #903 ), #221, .F. ) ;
#1111 = DIRECTION ( 'NONE',  ( 0.000000000000000000, 0.000000000000000000, -1.000000000000000000 ) ) ;
#1112 = CARTESIAN_POINT ( 'NONE',  ( 16.55811641043062110, -3.860182370820669284, 9.500000000000000000 ) ) ;
#1113 = VERTEX_POINT ( 'NONE', #1033 ) ;
#1114 = EDGE_CURVE ( 'NONE', #785, #1474, #1775, .T. ) ;
#1115 = CARTESIAN_POINT ( 'NONE',  ( -17.32000000000000028, 0.000000000000000000, 9.500000000000000000 ) ) ;
#1116 = DIRECTION ( 'NONE',  ( 0.000000000000000000, 1.000000000000000000, 0.000000000000000000 ) ) ;
#1117 = DIRECTION ( 'NONE',  ( -0.000000000000000000, 5.421010862427522170E-17, 1.000000000000000000 ) ) ;
#1118 = CLOSED_SHELL ( 'NONE', ( #156, #978, #257, #267, #1279, #1211, #1718, #1591, #688, #1595, #65, #1702, #1491, #1460, #833, #1330, #1586, #384, #322, #682, #1749, #1606, #588, #883, #1760, #13, #497, #131, #1156, #1060, #1405, #1510, #1016, #400, #1571, #759, #721, #1288, #942, #434, #817, #339, #141, #137, #519, #386, #1735, #1666, #570, #928, #460, #1110 ) ) ;
#1119 = ORIENTED_EDGE ( 'NONE', *, *, #1134, .T. ) ;
#1120 = DIRECTION ( 'NONE',  ( 0.000000000000000000, 0.000000000000000000, -1.000000000000000000 ) ) ;
#1121 = AXIS2_PLACEMENT_3D ( 'NONE', #101, #512, #918 ) ;
#1122 = PLANE ( 'NONE',  #795 ) ;
#1123 = FACE_OUTER_BOUND ( 'NONE', #1095, .T. ) ;
#1124 = ORIENTED_EDGE ( 'NONE', *, *, #1109, .F. ) ;
#1125 = FACE_OUTER_BOUND ( 'NONE', #1344, .T. ) ;
#1126 = DIRECTION ( 'NONE',  ( -0.000000000000000000, -0.000000000000000000, -1.000000000000000000 ) ) ;
#1127 = ORIENTED_EDGE ( 'NONE', *, *, #453, .T. ) ;
#1128 = ORIENTED_EDGE ( 'NONE', *, *, #1077, .F. ) ;
#1129 = AXIS2_PLACEMENT_3D ( 'NONE', #1721, #348, #1149 ) ;
#1130 = CYLINDRICAL_SURFACE ( 'NONE', #1461, 1.500000000000001332 ) ;
#1131 = VECTOR ( 'NONE', #1468, 1000.000000000000000 ) ;
#1132 = VECTOR ( 'NONE', #1564, 1000.000000000000000 ) ;
#1133 = CARTESIAN_POINT ( 'NONE',  ( -20.62120474641496415, 2.000000000000000000, 11.00000000000000000 ) ) ;
#1134 = EDGE_CURVE ( 'NONE', #1686, #626, #395, .T. ) ;
#1135 = VECTOR ( 'NONE', #1117, 1000.000000000000000 ) ;
#1136 = DIRECTION ( 'NONE',  ( 0.000000000000000000, 0.000000000000000000, -1.000000000000000000 ) ) ;
#1137 = EDGE_CURVE ( 'NONE', #1576, #345, #1229, .T. ) ;
#1138 = LINE ( 'NONE', #559, #1759 ) ;
#1139 = PLANE ( 'NONE',  #968 ) ;
#1140 = B_SPLINE_CURVE_WITH_KNOTS ( 'NONE', 3,
 ( #1289, #204, #59, #220, #758, #467, #54, #74, #1013, #1569, #1725, #333 ),
 .UNSPECIFIED., .F., .F.,
 ( 4, 2, 2, 2, 2, 4 ),
 ( -9.625199464115605959E-06, 0.0008090648019576937924, 0.001627754803379503033, 0.002446444804801312708, 0.002855789805512212991, 0.003265134806223113275 ),
 .UNSPECIFIED. ) ;
#1141 = ORIENTED_EDGE ( 'NONE', *, *, #775, .T. ) ;
#1142 = CARTESIAN_POINT ( 'NONE',  ( -20.62120474641497125, -1.000000000000000000, 6.999999999999999112 ) ) ;
#1143 = AXIS2_PLACEMENT_3D ( 'NONE', #772, #32, #455 ) ;
#1144 = DIRECTION ( 'NONE',  ( 0.000000000000000000, 1.000000000000000000, 0.000000000000000000 ) ) ;
#1145 = CARTESIAN_POINT ( 'NONE',  ( -12.50000000000000000, -19.41000000000000014, 12.50000000000000000 ) ) ;
#1146 = DIRECTION ( 'NONE',  ( 0.000000000000000000, 0.000000000000000000, -1.000000000000000000 ) ) ;
#1147 = FACE_BOUND ( 'NONE', #673, .T. ) ;
#1148 = CARTESIAN_POINT ( 'NONE',  ( -23.62120474641497125, -1.999999999999994893, 15.00000000000000000 ) ) ;
#1149 = DIRECTION ( 'NONE',  ( -1.000000000000000000, 0.000000000000000000, 0.000000000000000000 ) ) ;
#1150 = DIRECTION ( 'NONE',  ( -0.000000000000000000, -0.000000000000000000, -1.000000000000000000 ) ) ;
#1151 = VERTEX_POINT ( 'NONE', #878 ) ;
#1152 = DIRECTION ( 'NONE',  ( 0.000000000000000000, 0.000000000000000000, -1.000000000000000000 ) ) ;
#1153 = EDGE_CURVE ( 'NONE', #696, #1204, #1287, .T. ) ;
#1154 = CARTESIAN_POINT ( 'NONE',  ( 7.000000000000000000, -13.16000000000000014, 15.00000000000000355 ) ) ;
#1155 = CIRCLE ( 'NONE', #607, 2.999999999999999112 ) ;
#1156 = ADVANCED_FACE ( 'NONE', ( #611 ), #1433, .T. ) ;
#1157 = PRODUCT_DEFINITION_FORMATION_WITH_SPECIFIED_SOURCE ( 'ANY', '', #1783, .NOT_KNOWN. ) ;
#1158 = EDGE_CURVE ( 'NONE', #36, #1474, #900, .T. ) ;
#1159 = CIRCLE ( 'NONE', #1450, 1.550000000000000933 ) ;
#1160 = FACE_OUTER_BOUND ( 'NONE', #774, .T. ) ;
#1161 = CARTESIAN_POINT ( 'NONE',  ( 16.55811641043062465, 3.860182370820669284, 15.00000000000000000 ) ) ;
#1162 = VERTEX_POINT ( 'NONE', #483 ) ;
#1163 = DIRECTION ( 'NONE',  ( -0.000000000000000000, -0.000000000000000000, -1.000000000000000000 ) ) ;
#1164 = CARTESIAN_POINT ( 'NONE',  ( -19.12120474641497481, -2.007496219329688802, 11.00000000000000000 ) ) ;
#1165 = CIRCLE ( 'NONE', #843, 4.000000000000000000 ) ;
#1166 = PLANE ( 'NONE',  #445 ) ;
#1167 = CARTESIAN_POINT ( 'NONE',  ( -19.33315078358927153, -2.000000000000000000, 11.00000000000000000 ) ) ;
#1168 = EDGE_LOOP ( 'NONE', ( #929, #856, #79, #1764 ) ) ;
#1169 = DIRECTION ( 'NONE',  ( -1.000000000000000000, 0.000000000000000000, 0.000000000000000000 ) ) ;
#1170 = CARTESIAN_POINT ( 'NONE',  ( -7.160000000000000142, 0.000000000000000000, 0.000000000000000000 ) ) ;
#1171 = ORIENTED_EDGE ( 'NONE', *, *, #259, .T. ) ;
#1172 = LINE ( 'NONE', #1590, #736 ) ;
#1173 = LINE ( 'NONE', #1181, #1392 ) ;
#1174 = DIRECTION ( 'NONE',  ( 1.000000000000000000, 0.000000000000000000, 0.000000000000000000 ) ) ;
#1175 = LINE ( 'NONE', #606, #593 ) ;
#1176 = DIRECTION ( 'NONE',  ( -0.000000000000000000, -0.000000000000000000, -1.000000000000000000 ) ) ;
#1177 = EDGE_LOOP ( 'NONE', ( #1329, #4, #1312, #396, #735 ) ) ;
#1178 = DIRECTION ( 'NONE',  ( -1.000000000000000000, -0.000000000000000000, -0.000000000000000000 ) ) ;
#1179 = ORIENTED_EDGE ( 'NONE', *, *, #1114, .T. ) ;
#1180 = CARTESIAN_POINT ( 'NONE',  ( 20.62120474641496770, 1.000000000000000000, 8.000000000000000000 ) ) ;
#1181 = CARTESIAN_POINT ( 'NONE',  ( -16.55811641043062465, -3.860182370820669284, 15.00000000000000000 ) ) ;
#1182 = DIRECTION ( 'NONE',  ( -8.673617379884035472E-16, 1.000000000000000000, -0.000000000000000000 ) ) ;
#1183 = CARTESIAN_POINT ( 'NONE',  ( 18.36937970522092556, -2.155902604609766016, 10.98430360570357323 ) ) ;
#1184 = ORIENTED_EDGE ( 'NONE', *, *, #923, .T. ) ;
#1185 = LINE ( 'NONE', #1740, #733 ) ;
#1186 = DIRECTION ( 'NONE',  ( 1.000000000000000000, 0.000000000000000000, 0.000000000000000000 ) ) ;
#1187 = ORIENTED_EDGE ( 'NONE', *, *, #659, .T. ) ;
#1188 = EDGE_CURVE ( 'NONE', #202, #294, #1106, .T. ) ;
#1189 = DIRECTION ( 'NONE',  ( -0.000000000000000000, -0.000000000000000000, 1.000000000000000000 ) ) ;
#1190 = CARTESIAN_POINT ( 'NONE',  ( 20.62120474641497125, -2.000000000000000000, 9.500000000000000000 ) ) ;
#1191 = ORIENTED_EDGE ( 'NONE', *, *, #1644, .F. ) ;
#1192 = VECTOR ( 'NONE', #598, 1000.000000000000000 ) ;
#1193 = CARTESIAN_POINT ( 'NONE',  ( -16.55811641043062110, 3.860182370820669284, 15.00000000000000000 ) ) ;
#1194 = EDGE_CURVE ( 'NONE', #950, #1276, #1343, .T. ) ;
#1195 = FACE_OUTER_BOUND ( 'NONE', #1247, .T. ) ;
#1196 = CIRCLE ( 'NONE', #1572, 2.999999999999999112 ) ;
#1197 = VERTEX_POINT ( 'NONE', #338 ) ;
#1198 = DIRECTION ( 'NONE',  ( 1.000000000000000000, 0.000000000000000000, 0.000000000000000000 ) ) ;
#1199 = DIRECTION ( 'NONE',  ( -0.000000000000000000, -0.000000000000000000, -1.000000000000000000 ) ) ;
#1200 = ORIENTED_EDGE ( 'NONE', *, *, #652, .F. ) ;
#1201 = ORIENTED_EDGE ( 'NONE', *, *, #1515, .T. ) ;
#1202 = DIRECTION ( 'NONE',  ( 2.350988701644575290E-32, 0.000000000000000000, -1.000000000000000000 ) ) ;
#1203 = VECTOR ( 'NONE', #838, 1000.000000000000000 ) ;
#1204 = VERTEX_POINT ( 'NONE', #869 ) ;
#1205 = CARTESIAN_POINT ( 'NONE',  ( 7.160000000000000142, 7.160000000000002807, 15.00000000000000000 ) ) ;
#1206 = EDGE_CURVE ( 'NONE', #663, #202, #1734, .T. ) ;
#1207 = DIRECTION ( 'NONE',  ( 1.000000000000000000, 0.000000000000000000, -0.000000000000000000 ) ) ;
#1208 = EDGE_LOOP ( 'NONE', ( #1261, #1096, #1549, #387, #794, #1497, #72, #1660 ) ) ;
#1209 = AXIS2_PLACEMENT_3D ( 'NONE', #1274, #169, #727 ) ;
#1210 = ORIENTED_EDGE ( 'NONE', *, *, #1268, .F. ) ;
#1211 = ADVANCED_FACE ( 'NONE', ( #886 ), #1443, .T. ) ;
#1212 = EDGE_CURVE ( 'NONE', #1214, #345, #465, .T. ) ;
#1213 = PLANE ( 'NONE',  #1566 ) ;
#1214 = VERTEX_POINT ( 'NONE', #350 ) ;
#1215 = CARTESIAN_POINT ( 'NONE',  ( 16.55811641043062110, -3.860182370820669284, 9.500000000000000000 ) ) ;
#1216 = AXIS2_PLACEMENT_3D ( 'NONE', #1231, #94, #507 ) ;
#1217 = CARTESIAN_POINT ( 'NONE',  ( -23.62120474641497125, -1.999999999999995337, 8.000000000000000000 ) ) ;
#1218 = EDGE_CURVE ( 'NONE', #850, #1643, #243, .T. ) ;
#1219 = AXIS2_PLACEMENT_3D ( 'NONE', #921, #1332, #642 ) ;
#1220 = CARTESIAN_POINT ( 'NONE',  ( -17.12995459218911520, 2.950784506018525377, 10.32874972556733617 ) ) ;
#1221 = ORIENTED_EDGE ( 'NONE', *, *, #60, .F. ) ;
#1222 = PRESENTATION_LAYER_ASSIGNMENT (  '', '', ( #271 ) ) ;
#1223 = ORIENTED_EDGE ( 'NONE', *, *, #787, .T. ) ;
#1224 = AXIS2_PLACEMENT_3D ( 'NONE', #1079, #1728, #906 ) ;
#1225 = EDGE_CURVE ( 'NONE', #1576, #1055, #1172, .T. ) ;
#1226 = ORIENTED_EDGE ( 'NONE', *, *, #173, .T. ) ;
#1227 = DIRECTION ( 'NONE',  ( 0.000000000000000000, 1.000000000000000000, 0.000000000000000000 ) ) ;
#1228 = B_SPLINE_CURVE_WITH_KNOTS ( 'NONE', 3,
 ( #1164, #879, #771, #1714 ),
 .UNSPECIFIED., .F., .F.,
 ( 4, 4 ),
 ( 0.000000000000000000, 0.0002126118397687665163 ),
 .UNSPECIFIED. ) ;
#1229 = CIRCLE ( 'NONE', #1373, 4.000000000000000000 ) ;
#1230 = EDGE_LOOP ( 'NONE', ( #1640, #676, #415, #179, #955, #635 ) ) ;
#1231 = CARTESIAN_POINT ( 'NONE',  ( 12.50000000000000000, -19.91000000000000014, 9.999999999999998224 ) ) ;
#1232 = VERTEX_POINT ( 'NONE', #844 ) ;
#1233 = EDGE_CURVE ( 'NONE', #1578, #944, #1426, .T. ) ;
#1234 = VERTEX_POINT ( 'NONE', #1560 ) ;
#1235 = VERTEX_POINT ( 'NONE', #1244 ) ;
#1236 = CARTESIAN_POINT ( 'NONE',  ( -16.46715137698245712, -10.67157594949938293, 5.999999999999998224 ) ) ;
#1237 = ORIENTED_EDGE ( 'NONE', *, *, #180, .F. ) ;
#1238 = DIRECTION ( 'NONE',  ( -2.350988701644575016E-32, 1.261617073437677999E-16, 1.000000000000000000 ) ) ;
#1239 = ORIENTED_EDGE ( 'NONE', *, *, #960, .F. ) ;
#1240 = CIRCLE ( 'NONE', #1787, 1.499999999999999556 ) ;
#1241 = ORIENTED_EDGE ( 'NONE', *, *, #437, .T. ) ;
#1242 = DIRECTION ( 'NONE',  ( 1.000000000000000000, -8.673617379884035472E-16, 4.701977403289150032E-32 ) ) ;
#1243 = AXIS2_PLACEMENT_3D ( 'NONE', #1027, #1627, #1310 ) ;
#1244 = CARTESIAN_POINT ( 'NONE',  ( 19.12120474641497125, -2.007496219329688358, 11.00000000000000000 ) ) ;
#1245 = EDGE_LOOP ( 'NONE', ( #1782, #658, #1467, #937 ) ) ;
#1246 = FACE_OUTER_BOUND ( 'NONE', #119, .T. ) ;
#1247 = EDGE_LOOP ( 'NONE', ( #136, #265, #839, #337 ) ) ;
#1248 = ORIENTED_EDGE ( 'NONE', *, *, #1134, .F. ) ;
#1249 = EDGE_CURVE ( 'NONE', #258, #238, #1520, .T. ) ;
#1250 = AXIS2_PLACEMENT_3D ( 'NONE', #140, #1529, #1004 ) ;
#1251 = CARTESIAN_POINT ( 'NONE',  ( -20.62120474641496770, -2.000000000000000000, 11.00000000000000000 ) ) ;
#1252 = DIRECTION ( 'NONE',  ( -2.350988701644575290E-32, -0.000000000000000000, 1.000000000000000000 ) ) ;
#1253 = ORIENTED_EDGE ( 'NONE', *, *, #514, .F. ) ;
#1254 = CARTESIAN_POINT ( 'NONE',  ( 23.62120474641496770, 2.000000000000002665, 15.00000000000000000 ) ) ;
#1255 = AXIS2_PLACEMENT_3D ( 'NONE', #1266, #851, #760 ) ;
#1256 = LINE ( 'NONE', #569, #1135 ) ;
#1257 = EDGE_LOOP ( 'NONE', ( #1768, #531 ) ) ;
#1258 = CARTESIAN_POINT ( 'NONE',  ( -19.33315078358927153, -2.000000000000000000, 15.00000000000000000 ) ) ;
#1259 = FACE_OUTER_BOUND ( 'NONE', #1316, .T. ) ;
#1260 = CYLINDRICAL_SURFACE ( 'NONE', #300, 7.160000000000001918 ) ;
#1261 = ORIENTED_EDGE ( 'NONE', *, *, #1480, .T. ) ;
#1262 = PLANE ( 'NONE',  #207 ) ;
#1263 = DIRECTION ( 'NONE',  ( 0.000000000000000000, -1.000000000000000000, 0.000000000000000000 ) ) ;
#1264 = CARTESIAN_POINT ( 'NONE',  ( -14.32000000000000206, 0.000000000000000000, 15.00000000000000000 ) ) ;
#1265 = ORIENTED_EDGE ( 'NONE', *, *, #1631, .T. ) ;
#1266 = CARTESIAN_POINT ( 'NONE',  ( -7.160000000000000142, 0.000000000000000000, 0.000000000000000000 ) ) ;
#1267 = EDGE_CURVE ( 'NONE', #1774, #159, #17, .T. ) ;
#1268 = EDGE_CURVE ( 'NONE', #1643, #850, #100, .T. ) ;
#1269 = VECTOR ( 'NONE', #421, 1000.000000000000000 ) ;
#1270 = CARTESIAN_POINT ( 'NONE',  ( -12.50000000000000000, -19.41000000000000014, 10.49999999999999822 ) ) ;
#1271 = LINE ( 'NONE', #834, #873 ) ;
#1272 = ORIENTED_EDGE ( 'NONE', *, *, #1495, .T. ) ;
#1273 = DIRECTION ( 'NONE',  ( 1.000000000000000000, 0.000000000000000000, 0.000000000000000000 ) ) ;
#1274 = CARTESIAN_POINT ( 'NONE',  ( -7.160000000000000142, 0.000000000000000000, 11.00000000000000000 ) ) ;
#1275 = DIRECTION ( 'NONE',  ( 1.000000000000000000, 0.000000000000000000, -0.000000000000000000 ) ) ;
#1276 = VERTEX_POINT ( 'NONE', #457 ) ;
#1277 = LINE ( 'NONE', #990, #104 ) ;
#1278 =( NAMED_UNIT ( * ) PLANE_ANGLE_UNIT ( ) SI_UNIT ( $, .RADIAN. ) );
#1279 = ADVANCED_FACE ( 'NONE', ( #450 ), #1260, .F. ) ;
#1280 = VECTOR ( 'NONE', #1202, 1000.000000000000000 ) ;
#1281 = CARTESIAN_POINT ( 'NONE',  ( 12.50000000000000000, -10.16000000000000192, 5.999999999999998224 ) ) ;
#1282 = ORIENTED_EDGE ( 'NONE', *, *, #1397, .T. ) ;
#1283 = CARTESIAN_POINT ( 'NONE',  ( 19.33315078358927153, 5.000000000000000000, 15.00000000000000000 ) ) ;
#1284 = LINE ( 'NONE', #592, #573 ) ;
#1285 = FACE_OUTER_BOUND ( 'NONE', #687, .T. ) ;
#1286 = DIRECTION ( 'NONE',  ( 1.000000000000000000, -8.673617379884038430E-16, 0.000000000000000000 ) ) ;
#1287 = LINE ( 'NONE', #769, #1608 ) ;
#1288 = ADVANCED_FACE ( 'NONE', ( #855 ), #148, .T. ) ;
#1289 = CARTESIAN_POINT ( 'NONE',  ( -16.55811641043062110, -3.860182370820669284, 9.500000000000000000 ) ) ;
#1290 = CARTESIAN_POINT ( 'NONE',  ( -12.50000000000000000, -19.41000000000000014, 12.50000000000000000 ) ) ;
#1291 = EDGE_CURVE ( 'NONE', #1113, #1358, #691, .T. ) ;
#1292 = VECTOR ( 'NONE', #1422, 1000.000000000000000 ) ;
#1293 = CARTESIAN_POINT ( 'NONE',  ( -7.160000000000000142, 10.16000000000000192, -2.999999999999999112 ) ) ;
#1294 = LINE ( 'NONE', #1161, #1598 ) ;
#1295 = DIRECTION ( 'NONE',  ( 0.000000000000000000, 1.000000000000000000, 0.000000000000000000 ) ) ;
#1296 = DIRECTION ( 'NONE',  ( 1.000000000000000000, -1.734723475976807686E-15, 0.000000000000000000 ) ) ;
#1297 = CARTESIAN_POINT ( 'NONE',  ( 19.26277080327789903, 2.000000000000000000, 10.99499608727813005 ) ) ;
#1298 = DIRECTION ( 'NONE',  ( -0.000000000000000000, -0.000000000000000000, 1.000000000000000000 ) ) ;
#1299 = ORIENTED_EDGE ( 'NONE', *, *, #308, .F. ) ;
#1300 = AXIS2_PLACEMENT_3D ( 'NONE', #463, #868, #1424 ) ;
#1301 = AXIS2_PLACEMENT_3D ( 'NONE', #1056, #1476, #240 ) ;
#1302 = DIRECTION ( 'NONE',  ( 2.350988701644574742E-32, -1.261617073437678245E-16, -1.000000000000000000 ) ) ;
#1303 = CARTESIAN_POINT ( 'NONE',  ( 23.62120474641497125, -1.999999999999997335, 15.00000000000000000 ) ) ;
#1304 = EDGE_CURVE ( 'NONE', #651, #26, #1099, .T. ) ;
#1305 = VERTEX_POINT ( 'NONE', #1112 ) ;
#1306 = DIRECTION ( 'NONE',  ( -2.350988701644575290E-32, -0.000000000000000000, 1.000000000000000000 ) ) ;
#1307 = DIRECTION ( 'NONE',  ( -0.000000000000000000, -0.000000000000000000, -1.000000000000000000 ) ) ;
#1308 = LINE ( 'NONE', #41, #130 ) ;
#1309 = CARTESIAN_POINT ( 'NONE',  ( 19.12120474641496415, 2.007496219329688358, 11.00000000000000000 ) ) ;
#1310 = DIRECTION ( 'NONE',  ( 0.000000000000000000, 0.000000000000000000, -1.000000000000000000 ) ) ;
#1311 = CIRCLE ( 'NONE', #533, 10.16000000000000192 ) ;
#1312 = ORIENTED_EDGE ( 'NONE', *, *, #627, .F. ) ;
#1313 = VECTOR ( 'NONE', #1182, 1000.000000000000000 ) ;
#1314 = DIRECTION ( 'NONE',  ( -0.000000000000000000, -1.000000000000000000, -0.000000000000000000 ) ) ;
#1315 = DIRECTION ( 'NONE',  ( -1.000000000000000000, 0.000000000000000000, 0.000000000000000000 ) ) ;
#1316 = EDGE_LOOP ( 'NONE', ( #800, #845, #227, #1681, #91, #1712 ) ) ;
#1317 = DIRECTION ( 'NONE',  ( 0.000000000000000000, 1.000000000000000000, 0.000000000000000000 ) ) ;
#1318 = CARTESIAN_POINT ( 'NONE',  ( 23.62120474641496770, 2.000000000000002665, 15.00000000000000000 ) ) ;
#1319 = CARTESIAN_POINT ( 'NONE',  ( -16.55811641043062465, 3.860182370820669284, 15.00000000000000000 ) ) ;
#1320 = FACE_OUTER_BOUND ( 'NONE', #946, .T. ) ;
#1321 = ORIENTED_EDGE ( 'NONE', *, *, #764, .F. ) ;
#1322 = EDGE_CURVE ( 'NONE', #1664, #645, #25, .T. ) ;
#1323 = DIRECTION ( 'NONE',  ( 2.350988701644575016E-32, -1.261617073437677999E-16, -1.000000000000000000 ) ) ;
#1324 = PLANE ( 'NONE',  #35 ) ;
#1325 = AXIS2_PLACEMENT_3D ( 'NONE', #587, #1409, #1093 ) ;
#1326 = ORIENTED_EDGE ( 'NONE', *, *, #775, .F. ) ;
#1327 = CARTESIAN_POINT ( 'NONE',  ( -7.160000000000000142, 7.160000000000002807, 0.000000000000000000 ) ) ;
#1328 = CARTESIAN_POINT ( 'NONE',  ( -7.160000000000000142, 0.000000000000000000, -3.000000000000000000 ) ) ;
#1329 = ORIENTED_EDGE ( 'NONE', *, *, #1478, .F. ) ;
#1330 = ADVANCED_FACE ( 'NONE', ( #1123 ), #1101, .T. ) ;
#1331 = AXIS2_PLACEMENT_3D ( 'NONE', #1328, #1605, #1207 ) ;
#1332 = DIRECTION ( 'NONE',  ( 0.000000000000000000, 0.000000000000000000, -1.000000000000000000 ) ) ;
#1333 = FACE_OUTER_BOUND ( 'NONE', #681, .T. ) ;
#1334 = ORIENTED_EDGE ( 'NONE', *, *, #44, .T. ) ;
#1335 = PLANE ( 'NONE',  #1121 ) ;
#1336 = UNCERTAINTY_MEASURE_WITH_UNIT (LENGTH_MEASURE( 1.000000000000000082E-05 ), #608, 'distance_accuracy_value', 'NONE');
#1337 = CARTESIAN_POINT ( 'NONE',  ( -17.66597786398012460, 2.492932585297837900, 10.74502180936970142 ) ) ;
#1338 = ORIENTED_EDGE ( 'NONE', *, *, #849, .F. ) ;
#1339 = VECTOR ( 'NONE', #654, 1000.000000000000000 ) ;
#1340 = CIRCLE ( 'NONE', #1017, 1.000000000000000000 ) ;
#1341 = LINE ( 'NONE', #241, #325 ) ;
#1342 = AXIS2_PLACEMENT_3D ( 'NONE', #699, #1242, #1668 ) ;
#1343 = CIRCLE ( 'NONE', #16, 4.000000000000000000 ) ;
#1344 = EDGE_LOOP ( 'NONE', ( #1044, #571, #176, #39 ) ) ;
#1345 = EDGE_CURVE ( 'NONE', #10, #932, #1075, .T. ) ;
#1346 = LINE ( 'NONE', #534, #1573 ) ;
#1347 = EDGE_CURVE ( 'NONE', #1633, #1092, #1271, .T. ) ;
#1348 = CARTESIAN_POINT ( 'NONE',  ( -23.62120474641497125, 1.000000000000000000, 8.000000000000000000 ) ) ;
#1349 = EDGE_LOOP ( 'NONE', ( #714, #653, #1253, #120 ) ) ;
#1350 = EDGE_CURVE ( 'NONE', #977, #1509, #701, .T. ) ;
#1351 = ORIENTED_EDGE ( 'NONE', *, *, #891, .F. ) ;
#1352 = EDGE_CURVE ( 'NONE', #1777, #423, #1632, .T. ) ;
#1353 = DIRECTION ( 'NONE',  ( 0.000000000000000000, 0.000000000000000000, 1.000000000000000000 ) ) ;
#1354 = ORIENTED_EDGE ( 'NONE', *, *, #1194, .F. ) ;
#1355 = FACE_OUTER_BOUND ( 'NONE', #1464, .T. ) ;
#1356 = DIRECTION ( 'NONE',  ( 0.000000000000000000, 0.000000000000000000, 1.000000000000000000 ) ) ;
#1357 = CARTESIAN_POINT ( 'NONE',  ( -19.12120474641497125, 2.007496219329688358, 11.00000000000000000 ) ) ;
#1358 = VERTEX_POINT ( 'NONE', #313 ) ;
#1359 = EDGE_CURVE ( 'NONE', #1097, #1651, #846, .T. ) ;
#1360 = ORIENTED_EDGE ( 'NONE', *, *, #48, .T. ) ;
#1361 = EDGE_CURVE ( 'NONE', #964, #550, #1420, .T. ) ;
#1362 = CARTESIAN_POINT ( 'NONE',  ( -7.000000000000000000, -13.16000000000000192, 5.999999999999999112 ) ) ;
#1363 = VERTEX_POINT ( 'NONE', #45 ) ;
#1364 = CARTESIAN_POINT ( 'NONE',  ( 23.62120474641496770, 1.000000000000000000, 8.000000000000000000 ) ) ;
#1365 = AXIS2_PLACEMENT_3D ( 'NONE', #1652, #407, #1273 ) ;
#1366 = CARTESIAN_POINT ( 'NONE',  ( -7.160000000000000142, 10.16000000000000192, 15.00000000000000000 ) ) ;
#1367 = VERTEX_POINT ( 'NONE', #1145 ) ;
#1368 = CIRCLE ( 'NONE', #590, 1.499999999999999556 ) ;
#1369 = EDGE_LOOP ( 'NONE', ( #1210, #1493, #171, #822 ) ) ;
#1370 = AXIS2_PLACEMENT_3D ( 'NONE', #904, #624, #748 ) ;
#1371 = ORIENTED_EDGE ( 'NONE', *, *, #1109, .T. ) ;
#1372 = DIRECTION ( 'NONE',  ( -0.000000000000000000, -1.000000000000000000, 0.000000000000000000 ) ) ;
#1373 = AXIS2_PLACEMENT_3D ( 'NONE', #1023, #1012, #83 ) ;
#1374 = EDGE_LOOP ( 'NONE', ( #1377, #1537, #382, #1248, #989, #272 ) ) ;
#1375 = CARTESIAN_POINT ( 'NONE',  ( -12.50000000000000000, -23.91000000000000014, 11.00000000000000000 ) ) ;
#1376 = VERTEX_POINT ( 'NONE', #1697 ) ;
#1377 = ORIENTED_EDGE ( 'NONE', *, *, #1417, .F. ) ;
#1378 = DIRECTION ( 'NONE',  ( 0.000000000000000000, -1.000000000000000000, 2.168404344971008868E-16 ) ) ;
#1379 = DIRECTION ( 'NONE',  ( -3.110126208107282483E-48, -1.000000000000000000, 1.261617073437677999E-16 ) ) ;
#1380 = EDGE_LOOP ( 'NONE', ( #402, #1622, #1757, #1128 ) ) ;
#1381 = DIRECTION ( 'NONE',  ( 1.000000000000000000, -0.000000000000000000, 2.350988701644575016E-32 ) ) ;
#1382 = ORIENTED_EDGE ( 'NONE', *, *, #310, .F. ) ;
#1383 = ORIENTED_EDGE ( 'NONE', *, *, #708, .T. ) ;
#1384 = EDGE_CURVE ( 'NONE', #917, #1097, #249, .T. ) ;
#1385 = DIRECTION ( 'NONE',  ( -0.000000000000000000, 1.000000000000000000, -0.000000000000000000 ) ) ;
#1386 = DIRECTION ( 'NONE',  ( 0.000000000000000000, 0.000000000000000000, 1.000000000000000000 ) ) ;
#1387 = VECTOR ( 'NONE', #1178, 1000.000000000000000 ) ;
#1388 = VERTEX_POINT ( 'NONE', #1624 ) ;
#1389 = DIRECTION ( 'NONE',  ( -1.000000000000000000, 0.000000000000000000, -0.000000000000000000 ) ) ;
#1390 = CYLINDRICAL_SURFACE ( 'NONE', #1685, 2.999999999999999112 ) ;
#1391 = LINE ( 'NONE', #1662, #281 ) ;
#1392 = VECTOR ( 'NONE', #1307, 1000.000000000000000 ) ;
#1393 = ORIENTED_EDGE ( 'NONE', *, *, #530, .F. ) ;
#1394 = DIRECTION ( 'NONE',  ( -1.000000000000000000, 0.000000000000000000, 0.000000000000000000 ) ) ;
#1395 = VECTOR ( 'NONE', #589, 1000.000000000000000 ) ;
#1396 = PLANE ( 'NONE',  #1325 ) ;
#1397 = EDGE_CURVE ( 'NONE', #816, #1686, #1341, .T. ) ;
#1398 = DIRECTION ( 'NONE',  ( -3.110126208107282483E-48, 1.000000000000000000, 1.261617073437677999E-16 ) ) ;
#1399 = ORIENTED_EDGE ( 'NONE', *, *, #197, .T. ) ;
#1400 = FACE_OUTER_BOUND ( 'NONE', #667, .T. ) ;
#1401 = DIRECTION ( 'NONE',  ( -8.673617379884035472E-16, 1.000000000000000000, 0.000000000000000000 ) ) ;
#1402 = AXIS2_PLACEMENT_3D ( 'NONE', #1612, #1053, #1619 ) ;
#1403 = FACE_BOUND ( 'NONE', #230, .T. ) ;
#1404 = PRODUCT_DEFINITION ( 'UNKNOWN', '', #1157, #2 ) ;
#1405 = ADVANCED_FACE ( 'NONE', ( #1333 ), #793, .F. ) ;
#1406 = EDGE_LOOP ( 'NONE', ( #362, #1785, #1743, #408 ) ) ;
#1407 = EDGE_CURVE ( 'NONE', #1092, #1502, #1773, .T. ) ;
#1408 = CARTESIAN_POINT ( 'NONE',  ( -7.160000000000000142, -7.160000000000002807, 15.00000000000000000 ) ) ;
#1409 = DIRECTION ( 'NONE',  ( 1.000000000000000000, 1.440787226534068138E-49, 2.350988701644575290E-32 ) ) ;
#1410 = CARTESIAN_POINT ( 'NONE',  ( -7.160000000000000142, 0.000000000000000000, 15.00000000000000000 ) ) ;
#1411 = VERTEX_POINT ( 'NONE', #1051 ) ;
#1412 = CARTESIAN_POINT ( 'NONE',  ( 0.000000000000000000, 0.000000000000000000, 0.000000000000000000 ) ) ;
#1413 = CARTESIAN_POINT ( 'NONE',  ( 13.83801256992526696, -7.657006472239673123, 15.00000000000000000 ) ) ;
#1414 = FACE_OUTER_BOUND ( 'NONE', #583, .T. ) ;
#1415 = VERTEX_POINT ( 'NONE', #369 ) ;
#1416 = DIRECTION ( 'NONE',  ( -0.000000000000000000, -0.000000000000000000, 1.000000000000000000 ) ) ;
#1417 = EDGE_CURVE ( 'NONE', #1777, #1654, #385, .T. ) ;
#1418 = PRESENTATION_STYLE_ASSIGNMENT (( #862 ) ) ;
#1419 = VECTOR ( 'NONE', #1716, 1000.000000000000000 ) ;
#1420 = LINE ( 'NONE', #175, #1192 ) ;
#1421 = DIRECTION ( 'NONE',  ( 0.000000000000000000, 1.000000000000000000, 0.000000000000000000 ) ) ;
#1422 = DIRECTION ( 'NONE',  ( -3.110126208107282483E-48, 1.000000000000000000, 1.261617073437677999E-16 ) ) ;
#1423 = DIRECTION ( 'NONE',  ( 1.000000000000000000, 0.000000000000000000, 0.000000000000000000 ) ) ;
#1424 = DIRECTION ( 'NONE',  ( 0.000000000000000000, 0.000000000000000000, 1.000000000000000000 ) ) ;
#1425 = EDGE_CURVE ( 'NONE', #1055, #1774, #510, .T. ) ;
#1426 = CIRCLE ( 'NONE', #1745, 7.160000000000002807 ) ;
#1427 = CARTESIAN_POINT ( 'NONE',  ( 20.62120474641496770, 2.000000000000000000, 8.000000000000000000 ) ) ;
#1428 = FACE_OUTER_BOUND ( 'NONE', #285, .T. ) ;
#1429 = CARTESIAN_POINT ( 'NONE',  ( -12.50000000000000000, -19.41000000000000014, 10.49999999999999822 ) ) ;
#1430 = CIRCLE ( 'NONE', #562, 2.999999999999999112 ) ;
#1431 = PLANE ( 'NONE',  #1601 ) ;
#1432 = CARTESIAN_POINT ( 'NONE',  ( -23.62120474641497125, -1.000000000000000000, 6.999999999999999112 ) ) ;
#1433 = PLANE ( 'NONE',  #824 ) ;
#1434 = EDGE_CURVE ( 'NONE', #1007, #1509, #1756, .T. ) ;
#1435 = ORIENTED_EDGE ( 'NONE', *, *, #1722, .T. ) ;
#1436 = CARTESIAN_POINT ( 'NONE',  ( 7.160000000000000142, 0.000000000000000000, 15.00000000000000000 ) ) ;
#1437 = FACE_OUTER_BOUND ( 'NONE', #1589, .T. ) ;
#1438 = EDGE_LOOP ( 'NONE', ( #692, #527, #1326, #1584, #1618, #1639 ) ) ;
#1439 = CARTESIAN_POINT ( 'NONE',  ( 18.63243607412890412, 2.082981162907116435, 11.00000000000000000 ) ) ;
#1440 = DIRECTION ( 'NONE',  ( 1.000000000000000000, 0.000000000000000000, -0.000000000000000000 ) ) ;
#1441 = AXIS2_PLACEMENT_3D ( 'NONE', #912, #506, #1198 ) ;
#1442 = ORIENTED_EDGE ( 'NONE', *, *, #1459, .T. ) ;
#1443 = CYLINDRICAL_SURFACE ( 'NONE', #1015, 10.16000000000000192 ) ;
#1444 = CARTESIAN_POINT ( 'NONE',  ( -7.160000000000000142, -10.16000000000000192, -2.999999999999999112 ) ) ;
#1445 = DIRECTION ( 'NONE',  ( -1.000000000000000000, -8.673617379884027583E-16, 0.000000000000000000 ) ) ;
#1446 = CYLINDRICAL_SURFACE ( 'NONE', #983, 1.550000000000000933 ) ;
#1447 = CARTESIAN_POINT ( 'NONE',  ( 16.55811641043062465, -3.860182370820669284, 15.00000000000000000 ) ) ;
#1448 = ORIENTED_EDGE ( 'NONE', *, *, #641, .T. ) ;
#1449 = CIRCLE ( 'NONE', #840, 4.000000000000000000 ) ;
#1450 = AXIS2_PLACEMENT_3D ( 'NONE', #490, #1041, #612 ) ;
#1451 = SURFACE_STYLE_FILL_AREA ( #347 ) ;
#1452 = DIRECTION ( 'NONE',  ( 0.000000000000000000, -1.000000000000000000, 0.000000000000000000 ) ) ;
#1453 = ORIENTED_EDGE ( 'NONE', *, *, #575, .F. ) ;
#1454 = DIRECTION ( 'NONE',  ( 1.000000000000000000, 0.000000000000000000, 0.000000000000000000 ) ) ;
#1455 = AXIS2_PLACEMENT_3D ( 'NONE', #948, #208, #1642 ) ;
#1456 = DIRECTION ( 'NONE',  ( 2.350988701644575016E-32, -1.261617073437677999E-16, -1.000000000000000000 ) ) ;
#1457 = CARTESIAN_POINT ( 'NONE',  ( -7.000000000000000000, -11.60999999999999943, 15.00000000000000355 ) ) ;
#1458 = EDGE_LOOP ( 'NONE', ( #508, #778, #686, #1085 ) ) ;
#1459 = EDGE_CURVE ( 'NONE', #707, #1503, #644, .T. ) ;
#1460 = ADVANCED_FACE ( 'NONE', ( #1195 ), #1213, .T. ) ;
#1461 = AXIS2_PLACEMENT_3D ( 'NONE', #433, #1675, #1445 ) ;
#1462 = CARTESIAN_POINT ( 'NONE',  ( -19.12120474641497125, 2.007496219329688358, 11.00000000000000000 ) ) ;
#1463 = CARTESIAN_POINT ( 'NONE',  ( -7.160000000000001030, 10.16000000000000192, -2.999999999999999112 ) ) ;
#1464 = EDGE_LOOP ( 'NONE', ( #95, #211, #1338, #952 ) ) ;
#1465 = CARTESIAN_POINT ( 'NONE',  ( -12.50000000000000000, -19.91000000000000014, 9.999999999999998224 ) ) ;
#1466 = CARTESIAN_POINT ( 'NONE',  ( -7.000000000000000000, -14.71000000000000085, 15.00000000000000355 ) ) ;
#1467 = ORIENTED_EDGE ( 'NONE', *, *, #1397, .F. ) ;
#1468 = DIRECTION ( 'NONE',  ( 0.000000000000000000, -5.421010862427522170E-17, -1.000000000000000000 ) ) ;
#1469 = DIRECTION ( 'NONE',  ( -1.000000000000000000, 0.000000000000000000, 0.000000000000000000 ) ) ;
#1470 = CIRCLE ( 'NONE', #1090, 1.499999999999999556 ) ;
#1471 = ORIENTED_EDGE ( 'NONE', *, *, #283, .F. ) ;
#1472 = CARTESIAN_POINT ( 'NONE',  ( -12.50000000000000000, -19.91000000000000014, 11.00000000000000000 ) ) ;
#1473 = CARTESIAN_POINT ( 'NONE',  ( -12.50000000000000000, -19.91000000000000014, 5.999999999999999112 ) ) ;
#1474 = VERTEX_POINT ( 'NONE', #1486 ) ;
#1475 = AXIS2_PLACEMENT_3D ( 'NONE', #392, #127, #677 ) ;
#1476 = DIRECTION ( 'NONE',  ( 0.000000000000000000, 0.000000000000000000, 1.000000000000000000 ) ) ;
#1477 = DIRECTION ( 'NONE',  ( 0.000000000000000000, 1.000000000000000000, 0.000000000000000000 ) ) ;
#1478 = EDGE_CURVE ( 'NONE', #1568, #1654, #930, .T. ) ;
#1479 = ORIENTED_EDGE ( 'NONE', *, *, #1153, .T. ) ;
#1480 = EDGE_CURVE ( 'NONE', #419, #1777, #1311, .T. ) ;
#1481 = CARTESIAN_POINT ( 'NONE',  ( -20.62120474641496770, -1.000000000000000000, 8.000000000000000000 ) ) ;
#1482 = CARTESIAN_POINT ( 'NONE',  ( -16.55811641043062110, 3.860182370820669284, 9.500000000000000000 ) ) ;
#1483 = ORIENTED_EDGE ( 'NONE', *, *, #1212, .T. ) ;
#1484 = VECTOR ( 'NONE', #1379, 1000.000000000000000 ) ;
#1485 = VERTEX_POINT ( 'NONE', #1634 ) ;
#1486 = CARTESIAN_POINT ( 'NONE',  ( -7.160000000000000142, -7.160000000000002807, 0.000000000000000000 ) ) ;
#1487 = VECTOR ( 'NONE', #1416, 1000.000000000000000 ) ;
#1488 = ORIENTED_EDGE ( 'NONE', *, *, #251, .F. ) ;
#1489 = CARTESIAN_POINT ( 'NONE',  ( 16.74087305470627030, -3.474560588893077728, 9.842974707692865977 ) ) ;
#1490 = CARTESIAN_POINT ( 'NONE',  ( -16.55811641043062110, -3.860182370820669284, 15.00000000000000000 ) ) ;
#1491 = ADVANCED_FACE ( 'NONE', ( #397 ), #939, .F. ) ;
#1492 = DIRECTION ( 'NONE',  ( 2.350988701644574742E-32, -1.261617073437678245E-16, -1.000000000000000000 ) ) ;
#1493 = ORIENTED_EDGE ( 'NONE', *, *, #961, .T. ) ;
#1494 = EDGE_LOOP ( 'NONE', ( #412, #938, #1032, #881 ) ) ;
#1495 = EDGE_CURVE ( 'NONE', #298, #768, #42, .T. ) ;
#1496 = CARTESIAN_POINT ( 'NONE',  ( -7.160000000000000142, 0.000000000000000000, 15.00000000000000000 ) ) ;
#1497 = ORIENTED_EDGE ( 'NONE', *, *, #530, .T. ) ;
#1498 = CARTESIAN_POINT ( 'NONE',  ( -23.62120474641496770, 2.000000000000005329, 15.00000000000000000 ) ) ;
#1499 = CARTESIAN_POINT ( 'NONE',  ( -19.33315078358927153, 2.000000000000000000, 15.00000000000000000 ) ) ;
#1500 = ORIENTED_EDGE ( 'NONE', *, *, #239, .F. ) ;
#1501 = CIRCLE ( 'NONE', #428, 2.000000000000001776 ) ;
#1502 = VERTEX_POINT ( 'NONE', #57 ) ;
#1503 = VERTEX_POINT ( 'NONE', #1303 ) ;
#1504 = DIRECTION ( 'NONE',  ( 0.000000000000000000, 0.000000000000000000, -1.000000000000000000 ) ) ;
#1505 = PRODUCT_DEFINITION_SHAPE ( 'NONE', 'NONE',  #1404 ) ;
#1506 = ORIENTED_EDGE ( 'NONE', *, *, #1384, .F. ) ;
#1507 = ORIENTED_EDGE ( 'NONE', *, *, #326, .F. ) ;
#1508 = AXIS2_PLACEMENT_3D ( 'NONE', #1585, #1323, #225 ) ;
#1509 = VERTEX_POINT ( 'NONE', #1432 ) ;
#1510 = ADVANCED_FACE ( 'NONE', ( #897 ), #96, .F. ) ;
#1511 = VECTOR ( 'NONE', #1306, 1000.000000000000000 ) ;
#1512 = ORIENTED_EDGE ( 'NONE', *, *, #1194, .T. ) ;
#1513 = CARTESIAN_POINT ( 'NONE',  ( 19.33315078358927153, -5.000000000000000000, 15.00000000000000000 ) ) ;
#1514 = VERTEX_POINT ( 'NONE', #81 ) ;
#1515 = EDGE_CURVE ( 'NONE', #932, #1578, #69, .T. ) ;
#1516 = DIRECTION ( 'NONE',  ( 0.000000000000000000, -1.000000000000000000, 0.000000000000000000 ) ) ;
#1517 = ORIENTED_EDGE ( 'NONE', *, *, #835, .T. ) ;
#1518 = ORIENTED_EDGE ( 'NONE', *, *, #923, .F. ) ;
#1519 = CARTESIAN_POINT ( 'NONE',  ( 16.74088896814851779, 3.474533955434227828, 9.842999068590419398 ) ) ;
#1520 = LINE ( 'NONE', #321, #792 ) ;
#1521 = EDGE_LOOP ( 'NONE', ( #1184, #830 ) ) ;
#1522 = DIRECTION ( 'NONE',  ( 1.000000000000000000, -8.673617379884035472E-16, 4.701977403289150032E-32 ) ) ;
#1523 = DIRECTION ( 'NONE',  ( 1.000000000000000000, 8.673617379884035472E-16, 0.000000000000000000 ) ) ;
#1524 = CARTESIAN_POINT ( 'NONE',  ( 7.000000000000000000, -11.60999999999999943, 15.00000000000000355 ) ) ;
#1525 = ORIENTED_EDGE ( 'NONE', *, *, #1531, .T. ) ;
#1526 = EDGE_CURVE ( 'NONE', #1102, #1197, #1068, .T. ) ;
#1527 = CARTESIAN_POINT ( 'NONE',  ( 16.63889233594794703, 3.663522866619388196, 9.671093397881099563 ) ) ;
#1528 = EDGE_CURVE ( 'NONE', #917, #1503, #609, .T. ) ;
#1529 = DIRECTION ( 'NONE',  ( 2.350988701644575016E-32, -1.261617073437677999E-16, -1.000000000000000000 ) ) ;
#1530 = VECTOR ( 'NONE', #1199, 1000.000000000000000 ) ;
#1531 = EDGE_CURVE ( 'NONE', #908, #1234, #767, .T. ) ;
#1532 = ORIENTED_EDGE ( 'NONE', *, *, #1080, .F. ) ;
#1533 = CARTESIAN_POINT ( 'NONE',  ( -23.62120474641497125, 2.048812920223041786E-14, -9.696043874624217658E-31 ) ) ;
#1534 = LINE ( 'NONE', #975, #661 ) ;
#1535 = CARTESIAN_POINT ( 'NONE',  ( 18.63243607412890412, 2.082981162907116435, 11.00000000000000000 ) ) ;
#1536 = CIRCLE ( 'NONE', #980, 2.999999999999999112 ) ;
#1537 = ORIENTED_EDGE ( 'NONE', *, *, #1352, .T. ) ;
#1538 = CARTESIAN_POINT ( 'NONE',  ( 12.50000000000000000, -10.16000000000000192, 15.00000000000000000 ) ) ;
#1539 = EDGE_CURVE ( 'NONE', #1097, #1235, #690, .T. ) ;
#1540 = AXIS2_PLACEMENT_3D ( 'NONE', #1659, #303, #1669 ) ;
#1541 = DIRECTION ( 'NONE',  ( -0.000000000000000000, -0.000000000000000000, -1.000000000000000000 ) ) ;
#1542 = DIRECTION ( 'NONE',  ( 0.000000000000000000, 0.000000000000000000, 1.000000000000000000 ) ) ;
#1543 = ORIENTED_EDGE ( 'NONE', *, *, #367, .T. ) ;
#1544 =( NAMED_UNIT ( * ) PLANE_ANGLE_UNIT ( ) SI_UNIT ( $, .RADIAN. ) );
#1545 = CARTESIAN_POINT ( 'NONE',  ( 23.62120474641496770, -1.000000000000000000, 8.000000000000000000 ) ) ;
#1546 = CIRCLE ( 'NONE', #1255, 7.160000000000002807 ) ;
#1547 = DIRECTION ( 'NONE',  ( -0.000000000000000000, -0.000000000000000000, -1.000000000000000000 ) ) ;
#1548 = EDGE_CURVE ( 'NONE', #1474, #1411, #481, .T. ) ;
#1549 = ORIENTED_EDGE ( 'NONE', *, *, #174, .T. ) ;
#1550 = DIRECTION ( 'NONE',  ( 1.000000000000000000, -0.000000000000000000, 0.000000000000000000 ) ) ;
#1551 = DIRECTION ( 'NONE',  ( -0.000000000000000000, 5.421010862427522170E-17, 1.000000000000000000 ) ) ;
#1552 = DIRECTION ( 'NONE',  ( -0.000000000000000000, 1.000000000000000000, -0.000000000000000000 ) ) ;
#1553 = ORIENTED_EDGE ( 'NONE', *, *, #648, .T. ) ;
#1554 = CYLINDRICAL_SURFACE ( 'NONE', #31, 7.160000000000002807 ) ;
#1555 = CARTESIAN_POINT ( 'NONE',  ( 7.159999999999999254, -7.160000000000002807, 15.00000000000000000 ) ) ;
#1556 = ORIENTED_EDGE ( 'NONE', *, *, #367, .F. ) ;
#1557 = AXIS2_PLACEMENT_3D ( 'NONE', #1133, #157, #547 ) ;
#1558 = DIRECTION ( 'NONE',  ( -8.673617379884035472E-16, 1.000000000000000000, 0.000000000000000000 ) ) ;
#1559 = FACE_OUTER_BOUND ( 'NONE', #742, .T. ) ;
#1560 = CARTESIAN_POINT ( 'NONE',  ( -20.62120474641497125, -1.999999999999997780, 8.000000000000000000 ) ) ;
#1561 = CARTESIAN_POINT ( 'NONE',  ( 20.62120474641496770, -1.000000000000000000, 8.000000000000000000 ) ) ;
#1562 = CARTESIAN_POINT ( 'NONE',  ( 12.50000000000000000, -19.41000000000000014, 8.499999999999996447 ) ) ;
#1563 = AXIS2_PLACEMENT_3D ( 'NONE', #1170, #1587, #877 ) ;
#1564 = DIRECTION ( 'NONE',  ( 0.000000000000000000, 0.000000000000000000, 1.000000000000000000 ) ) ;
#1565 = DIRECTION ( 'NONE',  ( 1.000000000000000000, -0.000000000000000000, -0.000000000000000000 ) ) ;
#1566 = AXIS2_PLACEMENT_3D ( 'NONE', #922, #1477, #931 ) ;
#1567 = CARTESIAN_POINT ( 'NONE',  ( 12.50000000000000000, -23.91000000000000014, 14.99999999999999822 ) ) ;
#1568 = VERTEX_POINT ( 'NONE', #1463 ) ;
#1569 = CARTESIAN_POINT ( 'NONE',  ( -18.36938341802704144, -2.155901434248715720, 10.98430405164966217 ) ) ;
#1570 = CARTESIAN_POINT ( 'NONE',  ( 16.55811641043062110, 3.860182370820669284, 9.500000000000000000 ) ) ;
#1571 = ADVANCED_FACE ( 'NONE', ( #328 ), #90, .F. ) ;
#1572 = AXIS2_PLACEMENT_3D ( 'NONE', #270, #1656, #684 ) ;
#1573 = VECTOR ( 'NONE', #108, 1000.000000000000000 ) ;
#1574 = CARTESIAN_POINT ( 'NONE',  ( -20.62120474641496770, -2.000000000000000000, 15.00000000000000000 ) ) ;
#1575 = CARTESIAN_POINT ( 'NONE',  ( 7.000000000000000000, -13.16000000000000192, 5.999999999999999112 ) ) ;
#1576 = VERTEX_POINT ( 'NONE', #216 ) ;
#1577 = DIRECTION ( 'NONE',  ( -0.000000000000000000, -0.000000000000000000, -1.000000000000000000 ) ) ;
#1578 = VERTEX_POINT ( 'NONE', #602 ) ;
#1579 = DIRECTION ( 'NONE',  ( -1.000000000000000000, 0.000000000000000000, 0.000000000000000000 ) ) ;
#1580 = LINE ( 'NONE', #1726, #621 ) ;
#1581 = CARTESIAN_POINT ( 'NONE',  ( 19.33315078358927153, 2.000000000000000000, 10.98495079963145926 ) ) ;
#1582 = CARTESIAN_POINT ( 'NONE',  ( -19.33315078358927153, -5.000000000000000000, 15.00000000000000000 ) ) ;
#1583 = AXIS2_PLACEMENT_3D ( 'NONE', #47, #600, #1684 ) ;
#1584 = ORIENTED_EDGE ( 'NONE', *, *, #1528, .F. ) ;
#1585 = CARTESIAN_POINT ( 'NONE',  ( -7.000000000000000000, -13.16000000000000192, 5.999999999999999112 ) ) ;
#1586 = ADVANCED_FACE ( 'NONE', ( #1701 ), #1031, .T. ) ;
#1587 = DIRECTION ( 'NONE',  ( 0.000000000000000000, 0.000000000000000000, 1.000000000000000000 ) ) ;
#1588 = CIRCLE ( 'NONE', #1209, 11.66000000000000369 ) ;
#1589 = EDGE_LOOP ( 'NONE', ( #370, #827, #242, #1626, #516, #224, #142, #99 ) ) ;
#1590 = CARTESIAN_POINT ( 'NONE',  ( 12.50000000000000000, -10.16000000000000192, 15.00000000000000000 ) ) ;
#1591 = ADVANCED_FACE ( 'NONE', ( #1741 ), #226, .T. ) ;
#1592 = DIRECTION ( 'NONE',  ( -0.000000000000000000, -0.000000000000000000, -1.000000000000000000 ) ) ;
#1593 = LINE ( 'NONE', #1319, #1081 ) ;
#1594 = FACE_BOUND ( 'NONE', #1521, .T. ) ;
#1595 = ADVANCED_FACE ( 'NONE', ( #1732 ), #1324, .F. ) ;
#1596 = LINE ( 'NONE', #262, #1703 ) ;
#1597 = ORIENTED_EDGE ( 'NONE', *, *, #1019, .T. ) ;
#1598 = VECTOR ( 'NONE', #1710, 1000.000000000000000 ) ;
#1599 = DIRECTION ( 'NONE',  ( -3.110126208107282483E-48, -1.000000000000000000, 1.261617073437677999E-16 ) ) ;
#1600 = CARTESIAN_POINT ( 'NONE',  ( -7.160000000000000142, 10.16000000000000192, 15.00000000000000000 ) ) ;
#1601 = AXIS2_PLACEMENT_3D ( 'NONE', #617, #462, #1558 ) ;
#1602 = ORIENTED_EDGE ( 'NONE', *, *, #1267, .F. ) ;
#1603 = CIRCLE ( 'NONE', #1455, 1.000000000000000000 ) ;
#1604 = LINE ( 'NONE', #979, #1487 ) ;
#1605 = DIRECTION ( 'NONE',  ( 0.000000000000000000, 0.000000000000000000, 1.000000000000000000 ) ) ;
#1606 = ADVANCED_FACE ( 'NONE', ( #1559 ), #319, .T. ) ;
#1607 = ORIENTED_EDGE ( 'NONE', *, *, #394, .T. ) ;
#1608 = VECTOR ( 'NONE', #1454, 1000.000000000000000 ) ;
#1609 = LINE ( 'NONE', #509, #1657 ) ;
#1610 = DIRECTION ( 'NONE',  ( 0.000000000000000000, 0.000000000000000000, 1.000000000000000000 ) ) ;
#1611 = VERTEX_POINT ( 'NONE', #184 ) ;
#1612 = CARTESIAN_POINT ( 'NONE',  ( -7.160000000000000142, 0.000000000000000000, 5.999999999999996447 ) ) ;
#1613 = DIRECTION ( 'NONE',  ( -1.000000000000000000, 0.000000000000000000, 0.000000000000000000 ) ) ;
#1614 = ORIENTED_EDGE ( 'NONE', *, *, #1719, .T. ) ;
#1615 = VECTOR ( 'NONE', #307, 1000.000000000000000 ) ;
#1616 = EDGE_CURVE ( 'NONE', #1363, #1415, #354, .T. ) ;
#1617 = CARTESIAN_POINT ( 'NONE',  ( 12.50000000000000000, -10.16000000000000192, 15.00000000000000000 ) ) ;
#1618 = ORIENTED_EDGE ( 'NONE', *, *, #1384, .T. ) ;
#1619 = DIRECTION ( 'NONE',  ( 0.000000000000000000, -1.000000000000000000, 8.537024980200820092E-17 ) ) ;
#1620 = CARTESIAN_POINT ( 'NONE',  ( -20.62120474641496415, 2.000000000000000000, 15.00000000000000000 ) ) ;
#1621 = ORIENTED_EDGE ( 'NONE', *, *, #71, .F. ) ;
#1622 = ORIENTED_EDGE ( 'NONE', *, *, #1729, .F. ) ;
#1623 = VECTOR ( 'NONE', #1389, 1000.000000000000000 ) ;
#1624 = CARTESIAN_POINT ( 'NONE',  ( 20.62120474641496770, 2.000000000000000000, 9.500000000000000000 ) ) ;
#1625 = AXIS2_PLACEMENT_3D ( 'NONE', #476, #622, #1296 ) ;
#1626 = ORIENTED_EDGE ( 'NONE', *, *, #329, .T. ) ;
#1627 = DIRECTION ( 'NONE',  ( 1.000000000000000000, -0.000000000000000000, 2.350988701644575016E-32 ) ) ;
#1628 = DIRECTION ( 'NONE',  ( -0.000000000000000000, -0.000000000000000000, -1.000000000000000000 ) ) ;
#1629 = DIRECTION ( 'NONE',  ( 0.000000000000000000, -0.000000000000000000, 1.000000000000000000 ) ) ;
#1630 = ORIENTED_EDGE ( 'NONE', *, *, #259, .F. ) ;
#1631 = EDGE_CURVE ( 'NONE', #1415, #153, #1294, .T. ) ;
#1632 = CIRCLE ( 'NONE', #953, 10.16000000000000192 ) ;
#1633 = VERTEX_POINT ( 'NONE', #1499 ) ;
#1634 = CARTESIAN_POINT ( 'NONE',  ( 7.160000000000000142, -10.16000000000000192, 5.999999999999997335 ) ) ;
#1635 = CIRCLE ( 'NONE', #710, 4.000000000000000000 ) ;
#1636 = ORIENTED_EDGE ( 'NONE', *, *, #1019, .F. ) ;
#1637 = LINE ( 'NONE', #1447, #1419 ) ;
#1638 = CYLINDRICAL_SURFACE ( 'NONE', #526, 4.000000000000000000 ) ;
#1639 = ORIENTED_EDGE ( 'NONE', *, *, #1359, .T. ) ;
#1640 = ORIENTED_EDGE ( 'NONE', *, *, #1322, .T. ) ;
#1641 = EDGE_LOOP ( 'NONE', ( #1636, #1517, #560, #1083, #410, #1507, #1066, #1265, #266, #446 ) ) ;
#1642 = DIRECTION ( 'NONE',  ( 0.000000000000000000, 1.000000000000000000, 0.000000000000000000 ) ) ;
#1643 = VERTEX_POINT ( 'NONE', #926 ) ;
#1644 = EDGE_CURVE ( 'NONE', #1113, #1151, #919, .T. ) ;
#1645 = ORIENTED_EDGE ( 'NONE', *, *, #210, .T. ) ;
#1646 = EDGE_CURVE ( 'NONE', #1092, #550, #804, .T. ) ;
#1647 = VERTEX_POINT ( 'NONE', #1473 ) ;
#1648 = EDGE_CURVE ( 'NONE', #1376, #423, #177, .T. ) ;
#1649 = VERTEX_POINT ( 'NONE', #936 ) ;
#1650 = CARTESIAN_POINT ( 'NONE',  ( -19.12120474641497481, -2.000000000000000000, 9.500000000000000000 ) ) ;
#1651 = VERTEX_POINT ( 'NONE', #1190 ) ;
#1652 = CARTESIAN_POINT ( 'NONE',  ( 16.46715137698245357, -10.67157594949938471, 15.00000000000000000 ) ) ;
#1653 = VERTEX_POINT ( 'NONE', #807 ) ;
#1654 = VERTEX_POINT ( 'NONE', #1771 ) ;
#1655 = VECTOR ( 'NONE', #1252, 1000.000000000000000 ) ;
#1656 = DIRECTION ( 'NONE',  ( -0.000000000000000000, -0.000000000000000000, 1.000000000000000000 ) ) ;
#1657 = VECTOR ( 'NONE', #501, 1000.000000000000000 ) ;
#1658 = AXIS2_PLACEMENT_3D ( 'NONE', #572, #1120, #1394 ) ;
#1659 = CARTESIAN_POINT ( 'NONE',  ( -7.160000000000000142, 7.160000000000002807, 15.00000000000000000 ) ) ;
#1660 = ORIENTED_EDGE ( 'NONE', *, *, #652, .T. ) ;
#1661 = CYLINDRICAL_SURFACE ( 'NONE', #579, 1.000000000000000000 ) ;
#1662 = CARTESIAN_POINT ( 'NONE',  ( 20.62120474641496770, 2.000000000000000000, 15.00000000000000000 ) ) ;
#1663 = EDGE_CURVE ( 'NONE', #1087, #977, #464, .T. ) ;
#1664 = VERTEX_POINT ( 'NONE', #1047 ) ;
#1665 = EDGE_CURVE ( 'NONE', #1633, #238, #535, .T. ) ;
#1666 = ADVANCED_FACE ( 'NONE', ( #639 ), #1638, .F. ) ;
#1667 = EDGE_CURVE ( 'NONE', #1485, #1204, #650, .T. ) ;
#1668 = DIRECTION ( 'NONE',  ( 0.000000000000000000, 1.000000000000000000, 0.000000000000000000 ) ) ;
#1669 = DIRECTION ( 'NONE',  ( 0.000000000000000000, -0.000000000000000000, -1.000000000000000000 ) ) ;
#1670 = ORIENTED_EDGE ( 'NONE', *, *, #831, .F. ) ;
#1671 = DIRECTION ( 'NONE',  ( -0.000000000000000000, -0.000000000000000000, -1.000000000000000000 ) ) ;
#1672 = LINE ( 'NONE', #1555, #1203 ) ;
#1673 = ORIENTED_EDGE ( 'NONE', *, *, #1548, .T. ) ;
#1674 = VECTOR ( 'NONE', #316, 1000.000000000000000 ) ;
#1675 = DIRECTION ( 'NONE',  ( -8.673617379884035472E-16, 1.000000000000000000, 0.000000000000000000 ) ) ;
#1676 = LINE ( 'NONE', #425, #1000 ) ;
#1677 = EDGE_CURVE ( 'NONE', #958, #768, #515, .T. ) ;
#1678 = EDGE_CURVE ( 'NONE', #1162, #256, #943, .T. ) ;
#1679 = CARTESIAN_POINT ( 'NONE',  ( -23.62120474641496770, 1.000000000000000000, 8.000000000000000000 ) ) ;
#1680 = VECTOR ( 'NONE', #1492, 1000.000000000000000 ) ;
#1681 = ORIENTED_EDGE ( 'NONE', *, *, #1665, .F. ) ;
#1682 = LINE ( 'NONE', #1375, #1623 ) ;
#1683 = DIRECTION ( 'NONE',  ( -0.000000000000000000, -0.000000000000000000, -1.000000000000000000 ) ) ;
#1684 = DIRECTION ( 'NONE',  ( 8.673617379884035472E-16, 1.000000000000000000, 0.000000000000000000 ) ) ;
#1685 = AXIS2_PLACEMENT_3D ( 'NONE', #143, #1683, #568 ) ;
#1686 = VERTEX_POINT ( 'NONE', #1366 ) ;
#1687 = CIRCLE ( 'NONE', #1742, 1.000000000000000000 ) ;
#1688 = CARTESIAN_POINT ( 'NONE',  ( 12.50000000000000000, -19.41000000000000014, 10.49999999999999822 ) ) ;
#1689 = CYLINDRICAL_SURFACE ( 'NONE', #315, 2.000000000000001776 ) ;
#1690 = DIRECTION ( 'NONE',  ( -1.000000000000000000, 0.000000000000000000, 0.000000000000000000 ) ) ;
#1691 = DIRECTION ( 'NONE',  ( 0.000000000000000000, 0.000000000000000000, -1.000000000000000000 ) ) ;
#1692 = VECTOR ( 'NONE', #1550, 1000.000000000000000 ) ;
#1693 = CARTESIAN_POINT ( 'NONE',  ( -12.50000000000000000, -19.91000000000000014, 9.999999999999998224 ) ) ;
#1694 = ORIENTED_EDGE ( 'NONE', *, *, #700, .F. ) ;
#1695 = DIRECTION ( 'NONE',  ( 0.000000000000000000, 0.000000000000000000, 1.000000000000000000 ) ) ;
#1696 = FACE_OUTER_BOUND ( 'NONE', #702, .T. ) ;
#1697 = CARTESIAN_POINT ( 'NONE',  ( -18.63243607412890412, 2.082981162907116435, 11.00000000000000000 ) ) ;
#1698 = DIRECTION ( 'NONE',  ( 0.000000000000000000, 0.000000000000000000, -1.000000000000000000 ) ) ;
#1699 = LINE ( 'NONE', #996, #1058 ) ;
#1700 = DIRECTION ( 'NONE',  ( 0.000000000000000000, -1.000000000000000000, 8.537024980200820092E-17 ) ) ;
#1701 = FACE_OUTER_BOUND ( 'NONE', #275, .T. ) ;
#1702 = ADVANCED_FACE ( 'NONE', ( #365 ), #379, .F. ) ;
#1703 = VECTOR ( 'NONE', #344, 1000.000000000000000 ) ;
#1704 = CARTESIAN_POINT ( 'NONE',  ( -7.160000000000000142, 0.000000000000000000, 15.00000000000000000 ) ) ;
#1705 = ORIENTED_EDGE ( 'NONE', *, *, #1206, .T. ) ;
#1706 = DIRECTION ( 'NONE',  ( -1.000000000000000000, 0.000000000000000000, -0.000000000000000000 ) ) ;
#1707 = DIRECTION ( 'NONE',  ( -8.673617379884035472E-16, -1.000000000000000000, 0.000000000000000000 ) ) ;
#1708 =( GEOMETRIC_REPRESENTATION_CONTEXT ( 3 ) GLOBAL_UNCERTAINTY_ASSIGNED_CONTEXT ( ( #649 ) ) GLOBAL_UNIT_ASSIGNED_CONTEXT ( ( #135, #1544, #305 ) ) REPRESENTATION_CONTEXT ( 'NONE', 'WORKASPACE' ) );
#1709 = PLANE ( 'NONE',  #905 ) ;
#1710 = DIRECTION ( 'NONE',  ( -0.000000000000000000, -0.000000000000000000, -1.000000000000000000 ) ) ;
#1711 = AXIS2_PLACEMENT_3D ( 'NONE', #811, #662, #98 ) ;
#1712 = ORIENTED_EDGE ( 'NONE', *, *, #1407, .T. ) ;
#1713 = DIRECTION ( 'NONE',  ( 1.000000000000000000, 0.000000000000000000, 0.000000000000000000 ) ) ;
#1714 = CARTESIAN_POINT ( 'NONE',  ( -19.33315078358927153, -2.000000000000000000, 10.98495079963146104 ) ) ;
#1715 = PLANE ( 'NONE',  #500 ) ;
#1716 = DIRECTION ( 'NONE',  ( 0.000000000000000000, 0.000000000000000000, 1.000000000000000000 ) ) ;
#1717 = ORIENTED_EDGE ( 'NONE', *, *, #1225, .F. ) ;
#1718 = ADVANCED_FACE ( 'NONE', ( #229 ), #1762, .F. ) ;
#1719 = EDGE_CURVE ( 'NONE', #1415, #816, #381, .T. ) ;
#1720 = DIRECTION ( 'NONE',  ( 2.350988701644575016E-32, -1.261617073437677999E-16, -1.000000000000000000 ) ) ;
#1721 = CARTESIAN_POINT ( 'NONE',  ( -19.33315078358927153, -5.000000000000000000, 15.00000000000000000 ) ) ;
#1722 = EDGE_CURVE ( 'NONE', #1214, #159, #754, .T. ) ;
#1723 = EDGE_LOOP ( 'NONE', ( #199, #144, #280, #12 ) ) ;
#1724 = DIRECTION ( 'NONE',  ( 1.000000000000000000, 8.673617379884035472E-16, 0.000000000000000000 ) ) ;
#1725 = CARTESIAN_POINT ( 'NONE',  ( -18.49815052547628014, -2.115238705440819711, 11.00000000000137845 ) ) ;
#1726 = CARTESIAN_POINT ( 'NONE',  ( 23.62120474641496770, 1.000000000000000000, 6.999999999999999112 ) ) ;
#1727 = CARTESIAN_POINT ( 'NONE',  ( -12.50000000000000000, -10.16000000000000192, 5.999999999999998224 ) ) ;
#1728 = DIRECTION ( 'NONE',  ( 0.000000000000000000, 0.000000000000000000, 1.000000000000000000 ) ) ;
#1729 = EDGE_CURVE ( 'NONE', #345, #645, #1682, .T. ) ;
#1730 = ORIENTED_EDGE ( 'NONE', *, *, #553, .F. ) ;
#1731 = CARTESIAN_POINT ( 'NONE',  ( 18.00082063374822283, 2.309069100517103124, 10.88900633245527416 ) ) ;
#1732 = FACE_OUTER_BOUND ( 'NONE', #1245, .T. ) ;
#1733 = ORIENTED_EDGE ( 'NONE', *, *, #712, .F. ) ;
#1734 = LINE ( 'NONE', #1427, #155 ) ;
#1735 = ADVANCED_FACE ( 'NONE', ( #1125 ), #160, .F. ) ;
#1736 = DIRECTION ( 'NONE',  ( -1.000000000000000000, 0.000000000000000000, 0.000000000000000000 ) ) ;
#1737 = CARTESIAN_POINT ( 'NONE',  ( 7.000000000000000000, -13.16000000000000014, 15.00000000000000355 ) ) ;
#1738 = VERTEX_POINT ( 'NONE', #974 ) ;
#1739 = EDGE_CURVE ( 'NONE', #782, #1774, #1449, .T. ) ;
#1740 = CARTESIAN_POINT ( 'NONE',  ( -12.50000000000000000, -10.16000000000000192, 5.999999999999998224 ) ) ;
#1741 = FACE_OUTER_BOUND ( 'NONE', #1374, .T. ) ;
#1742 = AXIS2_PLACEMENT_3D ( 'NONE', #183, #737, #1030 ) ;
#1743 = ORIENTED_EDGE ( 'NONE', *, *, #1034, .T. ) ;
#1744 = AXIS2_PLACEMENT_3D ( 'NONE', #1727, #1037, #61 ) ;
#1745 = AXIS2_PLACEMENT_3D ( 'NONE', #1410, #1386, #284 ) ;
#1746 = FACE_OUTER_BOUND ( 'NONE', #132, .T. ) ;
#1747 = CARTESIAN_POINT ( 'NONE',  ( 7.160000000000001918, -10.16000000000000192, 15.00000000000000000 ) ) ;
#1748 = ORIENTED_EDGE ( 'NONE', *, *, #872, .F. ) ;
#1749 = ADVANCED_FACE ( 'NONE', ( #715 ), #1262, .T. ) ;
#1750 = DIRECTION ( 'NONE',  ( -1.000000000000000000, 0.000000000000000000, 0.000000000000000000 ) ) ;
#1751 = ORIENTED_EDGE ( 'NONE', *, *, #194, .T. ) ;
#1752 = DIRECTION ( 'NONE',  ( -1.000000000000000000, -1.440787226534068138E-49, -2.350988701644575290E-32 ) ) ;
#1753 = CARTESIAN_POINT ( 'NONE',  ( -18.63243607412890412, 2.082981162907116435, 11.00000000000000000 ) ) ;
#1754 = ORIENTED_EDGE ( 'NONE', *, *, #831, .T. ) ;
#1755 = ORIENTED_EDGE ( 'NONE', *, *, #997, .F. ) ;
#1756 = LINE ( 'NONE', #1057, #182 ) ;
#1757 = ORIENTED_EDGE ( 'NONE', *, *, #1137, .F. ) ;
#1758 = CARTESIAN_POINT ( 'NONE',  ( 18.00081216121817818, -2.309073219730207072, 10.88900334358900146 ) ) ;
#1759 = VECTOR ( 'NONE', #1698, 1000.000000000000000 ) ;
#1760 = ADVANCED_FACE ( 'NONE', ( #1400 ), #567, .F. ) ;
#1761 = CYLINDRICAL_SURFACE ( 'NONE', #302, 1.000000000000000888 ) ;
#1762 = PLANE ( 'NONE',  #610 ) ;
#1763 = EDGE_LOOP ( 'NONE', ( #1059, #1371, #278, #432 ) ) ;
#1764 = ORIENTED_EDGE ( 'NONE', *, *, #1434, .T. ) ;
#1765 = VECTOR ( 'NONE', #1062, 1000.000000000000000 ) ;
#1766 = DIRECTION ( 'NONE',  ( 1.000000000000000000, 0.000000000000000000, 0.000000000000000000 ) ) ;
#1767 = AXIS2_PLACEMENT_3D ( 'NONE', #195, #351, #747 ) ;
#1768 = ORIENTED_EDGE ( 'NONE', *, *, #659, .F. ) ;
#1769 = DIRECTION ( 'NONE',  ( -0.000000000000000000, 0.000000000000000000, -1.000000000000000000 ) ) ;
#1770 = CARTESIAN_POINT ( 'NONE',  ( -7.000000000000000000, -14.71000000000000085, 15.00000000000000355 ) ) ;
#1771 = CARTESIAN_POINT ( 'NONE',  ( -17.32000000000000028, 0.000000000000000000, -2.999999999999999112 ) ) ;
#1772 = ORIENTED_EDGE ( 'NONE', *, *, #706, .T. ) ;
#1773 = CIRCLE ( 'NONE', #503, 1.499999999999999556 ) ;
#1774 = VERTEX_POINT ( 'NONE', #986 ) ;
#1775 = CIRCLE ( 'NONE', #911, 7.160000000000002807 ) ;
#1776 = EDGE_CURVE ( 'NONE', #1651, #1162, #150, .T. ) ;
#1777 = VERTEX_POINT ( 'NONE', #1115 ) ;
#1778 = DIRECTION ( 'NONE',  ( -1.000000000000000000, -1.243218491116712119E-14, 0.000000000000000000 ) ) ;
#1779 = EDGE_CURVE ( 'NONE', #64, #551, #552, .T. ) ;
#1780 = ORIENTED_EDGE ( 'NONE', *, *, #945, .T. ) ;
#1781 = CARTESIAN_POINT ( 'NONE',  ( -16.63849939397875133, 3.664479534987448606, 9.670261098211254236 ) ) ;
#1782 = ORIENTED_EDGE ( 'NONE', *, *, #502, .T. ) ;
#1783 = PRODUCT ( 'rear1', 'rear1', '', ( #693 ) ) ;
#1784 = ORIENTED_EDGE ( 'NONE', *, *, #180, .T. ) ;
#1785 = ORIENTED_EDGE ( 'NONE', *, *, #117, .T. ) ;
#1786 = CYLINDRICAL_SURFACE ( 'NONE', #874, 2.999999999999999112 ) ;
#1787 = AXIS2_PLACEMENT_3D ( 'NONE', #689, #1372, #448 ) ;
ENDSEC;
END-ISO-10303-21;
