ISO-10303-21;
HEADER;
FILE_DESCRIPTION (( 'STEP AP214' ),
    '1' );
FILE_NAME ('wheel_pulley.STEP',
    '2025-03-17T21:49:46',
    ( '' ),
    ( '' ),
    'SwSTEP 2.0',
    'SolidWorks 2024',
    '' );
FILE_SCHEMA (( 'AUTOMOTIVE_DESIGN' ));
ENDSEC;

DATA;
#1 = EDGE_LOOP ( 'NONE', ( #1674, #1510, #1706, #2718 ) ) ;
#2 = AXIS2_PLACEMENT_3D ( 'NONE', #3102, #2749, #1355 ) ;
#3 = EDGE_CURVE ( 'NONE', #4258, #2415, #1331, .T. ) ;
#4 = CIRCLE ( 'NONE', #3543, 9.626600000000001600 ) ;
#5 = VECTOR ( 'NONE', #2312, 1000.000000000000227 ) ;
#6 = VERTEX_POINT ( 'NONE', #1374 ) ;
#7 = CARTESIAN_POINT ( 'NONE',  ( 7.940742894968048304, -2.161230768801539970, 23.83399999999999963 ) ) ;
#8 = ADVANCED_FACE ( 'NONE', ( #313 ), #1351, .T. ) ;
#9 = ORIENTED_EDGE ( 'NONE', *, *, #2048, .T. ) ;
#10 = DIRECTION ( 'NONE',  ( 0.000000000000000000, 0.000000000000000000, -1.000000000000000000 ) ) ;
#11 = DIRECTION ( 'NONE',  ( -0.9720781369857774967, -0.2346574004677030867, -0.000000000000000000 ) ) ;
#12 = CARTESIAN_POINT ( 'NONE',  ( 2.601697372106519079, -8.507421119615159455, 25.35104857481265128 ) ) ;
#13 = FACE_OUTER_BOUND ( 'NONE', #570, .T. ) ;
#14 = LINE ( 'NONE', #2697, #1077 ) ;
#15 = ORIENTED_EDGE ( 'NONE', *, *, #2298, .F. ) ;
#16 = CARTESIAN_POINT ( 'NONE',  ( -1.498157579597012790, -8.092085023447051384, 23.83399999999999963 ) ) ;
#17 = ORIENTED_EDGE ( 'NONE', *, *, #2152, .T. ) ;
#18 = PLANE ( 'NONE',  #209 ) ;
#19 = VERTEX_POINT ( 'NONE', #3353 ) ;
#20 = VECTOR ( 'NONE', #202, 1000.000000000000000 ) ;
#21 = VERTEX_POINT ( 'NONE', #3700 ) ;
#22 = LINE ( 'NONE', #2386, #730 ) ;
#23 = AXIS2_PLACEMENT_3D ( 'NONE', #2786, #4140, #4204 ) ;
#24 = ORIENTED_EDGE ( 'NONE', *, *, #3328, .T. ) ;
#25 = DIRECTION ( 'NONE',  ( -0.4450817844365820286, 0.8954899246573061466, 0.000000000000000000 ) ) ;
#26 = EDGE_LOOP ( 'NONE', ( #695, #4269, #57, #3523 ) ) ;
#27 = CARTESIAN_POINT ( 'NONE',  ( 0.000000000000000000, 0.000000000000000000, 49.44569045728920287 ) ) ;
#28 = VECTOR ( 'NONE', #2167, 1000.000000000000114 ) ;
#29 = EDGE_CURVE ( 'NONE', #776, #3931, #1283, .T. ) ;
#30 = CARTESIAN_POINT ( 'NONE',  ( 4.860817445659307623, 6.640690470122381228, 25.45808833122222836 ) ) ;
#31 = CARTESIAN_POINT ( 'NONE',  ( 0.000000000000000000, 0.000000000000000000, 23.83399999999999963 ) ) ;
#32 = DIRECTION ( 'NONE',  ( -0.4226182617406989972, -0.9063077870366501587, 0.000000000000000000 ) ) ;
#33 = DIRECTION ( 'NONE',  ( 0.000000000000000000, 0.000000000000000000, -1.000000000000000000 ) ) ;
#34 = CARTESIAN_POINT ( 'NONE',  ( -4.429546680213142018, 7.715190181085160859, 23.83399999999999963 ) ) ;
#35 = ORIENTED_EDGE ( 'NONE', *, *, #3404, .F. ) ;
#36 = CIRCLE ( 'NONE', #2508, 8.896349999999999980 ) ;
#37 = DIRECTION ( 'NONE',  ( 0.000000000000000000, 0.000000000000000000, -1.000000000000000000 ) ) ;
#38 = EDGE_CURVE ( 'NONE', #917, #2658, #999, .T. ) ;
#39 = EDGE_CURVE ( 'NONE', #4257, #634, #3762, .T. ) ;
#40 = ORIENTED_EDGE ( 'NONE', *, *, #3328, .F. ) ;
#41 = EDGE_LOOP ( 'NONE', ( #2685, #4274, #2857, #3482 ) ) ;
#42 = DIRECTION ( 'NONE',  ( 0.000000000000000000, 0.000000000000000000, -1.000000000000000000 ) ) ;
#43 = VERTEX_POINT ( 'NONE', #2724 ) ;
#44 = EDGE_CURVE ( 'NONE', #2372, #3718, #1738, .T. ) ;
#45 = VERTEX_POINT ( 'NONE', #1035 ) ;
#46 = LINE ( 'NONE', #3998, #1421 ) ;
#47 = ORIENTED_EDGE ( 'NONE', *, *, #2472, .F. ) ;
#48 = PRESENTATION_STYLE_ASSIGNMENT (( #340 ) ) ;
#49 = DIRECTION ( 'NONE',  ( -0.7818314824680248076, 0.6234898018587399227, 0.000000000000000000 ) ) ;
#50 = CARTESIAN_POINT ( 'NONE',  ( -6.536087391046780937, 6.035280021597940525, 19.76999999999999957 ) ) ;
#51 = DIRECTION ( 'NONE',  ( 0.000000000000000000, 0.000000000000000000, -1.000000000000000000 ) ) ;
#52 =( NAMED_UNIT ( * ) SI_UNIT ( $, .STERADIAN. ) SOLID_ANGLE_UNIT ( ) );
#53 = FACE_OUTER_BOUND ( 'NONE', #106, .T. ) ;
#54 = ADVANCED_FACE ( 'NONE', ( #4117 ), #3373, .T. ) ;
#55 = ORIENTED_EDGE ( 'NONE', *, *, #3510, .T. ) ;
#56 = CARTESIAN_POINT ( 'NONE',  ( 6.640690470122388334, 4.860817445659290748, 23.83399999999999963 ) ) ;
#57 = ORIENTED_EDGE ( 'NONE', *, *, #2941, .F. ) ;
#58 = VERTEX_POINT ( 'NONE', #1081 ) ;
#59 = DIRECTION ( 'NONE',  ( -0.6331879092341309301, 0.7739981082662347189, 0.000000000000000000 ) ) ;
#60 = DIRECTION ( 'NONE',  ( -0.000000000000000000, -0.000000000000000000, -1.000000000000000000 ) ) ;
#61 = FACE_OUTER_BOUND ( 'NONE', #1478, .T. ) ;
#62 = ORIENTED_EDGE ( 'NONE', *, *, #257, .T. ) ;
#63 = CARTESIAN_POINT ( 'NONE',  ( 8.793755758770707587, 1.347183349654709872, 19.76999999999999957 ) ) ;
#64 = ORIENTED_EDGE ( 'NONE', *, *, #473, .T. ) ;
#65 = VECTOR ( 'NONE', #1933, 1000.000000000000000 ) ;
#66 = LINE ( 'NONE', #1744, #1693 ) ;
#67 = VECTOR ( 'NONE', #1514, 999.9999999999998863 ) ;
#68 = VECTOR ( 'NONE', #3117, 1000.000000000000000 ) ;
#69 = CARTESIAN_POINT ( 'NONE',  ( 7.715190181085077370, -4.429546680213270804, 23.83399999999999963 ) ) ;
#70 = DIRECTION ( 'NONE',  ( -0.2588190451025213501, -3.169619151431772337E-17, -0.9659258262890680902 ) ) ;
#71 = FACE_OUTER_BOUND ( 'NONE', #2967, .T. ) ;
#72 = CARTESIAN_POINT ( 'NONE',  ( 0.000000000000000000, 0.000000000000000000, 23.83399999999999963 ) ) ;
#73 = CARTESIAN_POINT ( 'NONE',  ( 5.392560857682859421, -6.216639249320060401, 25.45808833122222836 ) ) ;
#74 = AXIS2_PLACEMENT_3D ( 'NONE', #3663, #4368, #1335 ) ;
#75 = LINE ( 'NONE', #4090, #2332 ) ;
#76 = PLANE ( 'NONE',  #733 ) ;
#77 = VERTEX_POINT ( 'NONE', #1410 ) ;
#78 = EDGE_CURVE ( 'NONE', #1085, #4012, #2013, .T. ) ;
#79 = ORIENTED_EDGE ( 'NONE', *, *, #4119, .T. ) ;
#80 = CARTESIAN_POINT ( 'NONE',  ( -7.940742894968079391, -2.161230768801430724, 19.76999999999999957 ) ) ;
#81 = DIRECTION ( 'NONE',  ( 0.7739981082662279466, 0.6331879092341390347, 0.000000000000000000 ) ) ;
#82 = EDGE_CURVE ( 'NONE', #738, #4185, #4193, .T. ) ;
#83 = VECTOR ( 'NONE', #4216, 1000.000000000000000 ) ;
#84 = VECTOR ( 'NONE', #3898, 1000.000000000000000 ) ;
#85 = DIRECTION ( 'NONE',  ( 0.000000000000000000, 0.000000000000000000, 1.000000000000000000 ) ) ;
#86 = CIRCLE ( 'NONE', #2355, 11.36650000000000027 ) ;
#87 = ORIENTED_EDGE ( 'NONE', *, *, #3535, .T. ) ;
#88 = CARTESIAN_POINT ( 'NONE',  ( -5.029237886897321985, 7.338379221564980348, 23.83399999999999963 ) ) ;
#89 = VERTEX_POINT ( 'NONE', #2703 ) ;
#90 = DIRECTION ( 'NONE',  ( -0.4226182617406989972, -0.9063077870366501587, 0.000000000000000000 ) ) ;
#91 = LINE ( 'NONE', #3487, #638 ) ;
#92 = AXIS2_PLACEMENT_3D ( 'NONE', #2510, #2157, #1492 ) ;
#93 = DIRECTION ( 'NONE',  ( 0.000000000000000000, 0.000000000000000000, -1.000000000000000000 ) ) ;
#94 = DIRECTION ( 'NONE',  ( 0.000000000000000000, 0.000000000000000000, -1.000000000000000000 ) ) ;
#95 = CARTESIAN_POINT ( 'NONE',  ( 7.260732802595027735, 3.874025726466020725, 19.76999999999999957 ) ) ;
#96 = VECTOR ( 'NONE', #1253, 1000.000000000000114 ) ;
#97 = PLANE ( 'NONE',  #2185 ) ;
#98 = PLANE ( 'NONE',  #2648 ) ;
#99 = ORIENTED_EDGE ( 'NONE', *, *, #1039, .F. ) ;
#100 = VERTEX_POINT ( 'NONE', #682 ) ;
#101 = CIRCLE ( 'NONE', #1792, 8.896349999999999980 ) ;
#102 = PLANE ( 'NONE',  #2053 ) ;
#103 = DIRECTION ( 'NONE',  ( -0.000000000000000000, -1.000000000000000000, -0.000000000000000000 ) ) ;
#104 = LINE ( 'NONE', #1457, #28 ) ;
#105 = VECTOR ( 'NONE', #664, 1000.000000000000227 ) ;
#106 = EDGE_LOOP ( 'NONE', ( #3806, #62, #3302, #3873 ) ) ;
#107 = LINE ( 'NONE', #1783, #885 ) ;
#108 = VERTEX_POINT ( 'NONE', #4057 ) ;
#109 = FACE_OUTER_BOUND ( 'NONE', #4175, .T. ) ;
#110 = CARTESIAN_POINT ( 'NONE',  ( 6.536087391046828010, -6.035280021597901445, 25.45808833122222836 ) ) ;
#111 = DIRECTION ( 'NONE',  ( 0.000000000000000000, 0.000000000000000000, -1.000000000000000000 ) ) ;
#112 = EDGE_CURVE ( 'NONE', #21, #681, #22, .T. ) ;
#113 = CARTESIAN_POINT ( 'NONE',  ( 8.793755758770718245, 1.347183349654709872, 19.76999999999999957 ) ) ;
#114 = DIRECTION ( 'NONE',  ( 0.000000000000000000, 0.000000000000000000, 1.000000000000000000 ) ) ;
#115 = VECTOR ( 'NONE', #3319, 1000.000000000000114 ) ;
#116 = EDGE_CURVE ( 'NONE', #3590, #379, #3208, .T. ) ;
#117 = EDGE_CURVE ( 'NONE', #3432, #1387, #1991, .T. ) ;
#118 = EDGE_CURVE ( 'NONE', #296, #461, #3455, .T. ) ;
#119 = CARTESIAN_POINT ( 'NONE',  ( -8.273501444959682871, -3.270201394830311248, 25.38015917909806873 ) ) ;
#120 = EDGE_CURVE ( 'NONE', #2927, #3224, #476, .T. ) ;
#121 = CARTESIAN_POINT ( 'NONE',  ( 0.000000000000000000, 0.000000000000000000, 19.76999999999999957 ) ) ;
#122 = ORIENTED_EDGE ( 'NONE', *, *, #2380, .T. ) ;
#123 = ORIENTED_EDGE ( 'NONE', *, *, #4325, .F. ) ;
#124 = CARTESIAN_POINT ( 'NONE',  ( -5.029237886897321985, 7.338379221564970578, 19.76999999999999957 ) ) ;
#125 = CARTESIAN_POINT ( 'NONE',  ( -1.347183349654619500, 8.793755758770730679, 19.76999999999999957 ) ) ;
#126 = ORIENTED_EDGE ( 'NONE', *, *, #2147, .T. ) ;
#127 = DIRECTION ( 'NONE',  ( 0.000000000000000000, 0.000000000000000000, 1.000000000000000000 ) ) ;
#128 = AXIS2_PLACEMENT_3D ( 'NONE', #868, #2546, #201 ) ;
#129 = ORIENTED_EDGE ( 'NONE', *, *, #3471, .T. ) ;
#130 = CARTESIAN_POINT ( 'NONE',  ( -4.429546680213142018, 7.715190181085160859, 19.76999999999999957 ) ) ;
#131 = VERTEX_POINT ( 'NONE', #1759 ) ;
#132 = ADVANCED_FACE ( 'NONE', ( #1105 ), #3867, .T. ) ;
#133 = ADVANCED_FACE ( 'NONE', ( #1437 ), #3214, .T. ) ;
#134 = CARTESIAN_POINT ( 'NONE',  ( -7.338379221564852450, 5.029237886897500509, 25.45808833122222836 ) ) ;
#135 = CARTESIAN_POINT ( 'NONE',  ( -8.793755758770734232, -1.347183349654650808, 19.76999999999999957 ) ) ;
#136 = FACE_OUTER_BOUND ( 'NONE', #4045, .T. ) ;
#137 = VERTEX_POINT ( 'NONE', #147 ) ;
#138 = VECTOR ( 'NONE', #559, 1000.000000000000000 ) ;
#139 = DIRECTION ( 'NONE',  ( 0.000000000000000000, 0.000000000000000000, -1.000000000000000000 ) ) ;
#140 = CARTESIAN_POINT ( 'NONE',  ( 11.36650000000000027, 1.391994784250839004E-15, 12.81039999999999779 ) ) ;
#141 = AXIS2_PLACEMENT_3D ( 'NONE', #1590, #2631, #930 ) ;
#142 = LINE ( 'NONE', #3882, #1857 ) ;
#143 = CARTESIAN_POINT ( 'NONE',  ( 0.000000000000000000, 0.000000000000000000, 19.76999999999999957 ) ) ;
#144 = ORIENTED_EDGE ( 'NONE', *, *, #315, .F. ) ;
#145 = EDGE_LOOP ( 'NONE', ( #2054, #3614, #933, #642 ) ) ;
#146 = CARTESIAN_POINT ( 'NONE',  ( 0.6433880940203661192, 8.873054439310788410, 23.83399999999999963 ) ) ;
#147 = CARTESIAN_POINT ( 'NONE',  ( -4.000000000000000000, 4.898587196589412829E-16, 13.00000000000000178 ) ) ;
#148 = CARTESIAN_POINT ( 'NONE',  ( 0.000000000000000000, 0.000000000000000000, 0.000000000000000000 ) ) ;
#149 = ORIENTED_EDGE ( 'NONE', *, *, #78, .T. ) ;
#150 = DIRECTION ( 'NONE',  ( 0.000000000000000000, 0.000000000000000000, 1.000000000000000000 ) ) ;
#151 = ORIENTED_EDGE ( 'NONE', *, *, #1705, .T. ) ;
#152 = DIRECTION ( 'NONE',  ( 1.000000000000000000, 0.000000000000000000, 0.000000000000000000 ) ) ;
#153 = EDGE_CURVE ( 'NONE', #4282, #337, #2184, .T. ) ;
#154 = VECTOR ( 'NONE', #1651, 1000.000000000000000 ) ;
#155 = VECTOR ( 'NONE', #2839, 1000.000000000000227 ) ;
#156 = ORIENTED_EDGE ( 'NONE', *, *, #2264, .T. ) ;
#157 = AXIS2_PLACEMENT_3D ( 'NONE', #1361, #4380, #4087 ) ;
#158 = LINE ( 'NONE', #3830, #3389 ) ;
#159 = LINE ( 'NONE', #1513, #584 ) ;
#160 = CARTESIAN_POINT ( 'NONE',  ( 4.429546680213187315, -7.715190181085119114, 25.38015917909807584 ) ) ;
#161 = ORIENTED_EDGE ( 'NONE', *, *, #4342, .F. ) ;
#162 = VECTOR ( 'NONE', #3080, 1000.000000000000114 ) ;
#163 = VECTOR ( 'NONE', #1290, 1000.000000000000000 ) ;
#164 = LINE ( 'NONE', #1490, #2823 ) ;
#165 = DIRECTION ( 'NONE',  ( 0.000000000000000000, 0.000000000000000000, -1.000000000000000000 ) ) ;
#166 = VECTOR ( 'NONE', #1565, 1000.000000000000000 ) ;
#167 = DIRECTION ( 'NONE',  ( -0.2346574004677160485, -0.9720781369857742771, 0.000000000000000000 ) ) ;
#168 = AXIS2_PLACEMENT_3D ( 'NONE', #2302, #629, #3653 ) ;
#169 = DIRECTION ( 'NONE',  ( -1.047444401652940164E-14, -1.000000000000000000, 0.000000000000000000 ) ) ;
#170 = EDGE_LOOP ( 'NONE', ( #185, #265, #3921, #578 ) ) ;
#171 = ORIENTED_EDGE ( 'NONE', *, *, #3971, .F. ) ;
#172 = DIRECTION ( 'NONE',  ( -0.6234898018587269330, 0.7818314824680351327, 0.000000000000000000 ) ) ;
#173 = DIRECTION ( 'NONE',  ( 0.9720781369857719456, -0.2346574004677259573, 0.000000000000000000 ) ) ;
#174 = EDGE_CURVE ( 'NONE', #1327, #1389, #1506, .T. ) ;
#175 = ADVANCED_FACE ( 'NONE', ( #767 ), #752, .T. ) ;
#176 = VERTEX_POINT ( 'NONE', #2495 ) ;
#177 = AXIS2_PLACEMENT_3D ( 'NONE', #3308, #1509, #1530 ) ;
#178 = DIRECTION ( 'NONE',  ( -0.2225209339563049560, 0.9749279121818257288, 0.000000000000000000 ) ) ;
#179 = ORIENTED_EDGE ( 'NONE', *, *, #1314, .F. ) ;
#180 = DIRECTION ( 'NONE',  ( 0.9999222924809747504, -0.01246631459542539393, 0.000000000000000000 ) ) ;
#181 = ORIENTED_EDGE ( 'NONE', *, *, #1314, .T. ) ;
#182 = ADVANCED_FACE ( 'NONE', ( #2139 ), #2452, .T. ) ;
#183 = CARTESIAN_POINT ( 'NONE',  ( 6.536087391046867978, 6.035280021597850819, 19.76999999999999957 ) ) ;
#184 = FACE_OUTER_BOUND ( 'NONE', #4000, .T. ) ;
#185 = ORIENTED_EDGE ( 'NONE', *, *, #362, .T. ) ;
#186 = VERTEX_POINT ( 'NONE', #2807 ) ;
#187 = DIRECTION ( 'NONE',  ( 1.000000000000000000, 0.000000000000000000, 0.000000000000000000 ) ) ;
#188 = CARTESIAN_POINT ( 'NONE',  ( 3.261253958267179343, 7.555828133281400127, 23.83399999999999963 ) ) ;
#189 = PLANE ( 'NONE',  #2737 ) ;
#190 = DIRECTION ( 'NONE',  ( -0.4338837391175620617, -0.9009688679024171476, 0.000000000000000000 ) ) ;
#191 = CARTESIAN_POINT ( 'NONE',  ( 8.507421119615148797, 2.601697372106550610, 19.76999999999999957 ) ) ;
#192 = EDGE_CURVE ( 'NONE', #3999, #918, #3419, .T. ) ;
#193 = ORIENTED_EDGE ( 'NONE', *, *, #390, .T. ) ;
#194 = LINE ( 'NONE', #3987, #1202 ) ;
#195 = EDGE_CURVE ( 'NONE', #2363, #1569, #4157, .T. ) ;
#196 = ORIENTED_EDGE ( 'NONE', *, *, #3270, .T. ) ;
#197 = DIRECTION ( 'NONE',  ( -0.000000000000000000, -0.000000000000000000, 1.000000000000000000 ) ) ;
#198 = ORIENTED_EDGE ( 'NONE', *, *, #1660, .T. ) ;
#199 = DIRECTION ( 'NONE',  ( 0.000000000000000000, 0.000000000000000000, -1.000000000000000000 ) ) ;
#200 = ORIENTED_EDGE ( 'NONE', *, *, #2163, .T. ) ;
#201 = DIRECTION ( 'NONE',  ( 1.000000000000000000, 0.000000000000000000, 0.000000000000000000 ) ) ;
#202 = DIRECTION ( 'NONE',  ( 0.000000000000000000, 0.000000000000000000, -1.000000000000000000 ) ) ;
#203 = LINE ( 'NONE', #223, #1059 ) ;
#204 = ORIENTED_EDGE ( 'NONE', *, *, #3781, .F. ) ;
#205 = VERTEX_POINT ( 'NONE', #1167 ) ;
#206 = VERTEX_POINT ( 'NONE', #3843 ) ;
#207 = LINE ( 'NONE', #2930, #1628 ) ;
#208 = DIRECTION ( 'NONE',  ( 1.000000000000000000, 0.000000000000000000, 0.000000000000000000 ) ) ;
#209 = AXIS2_PLACEMENT_3D ( 'NONE', #1367, #2719, #3753 ) ;
#210 = DIRECTION ( 'NONE',  ( -0.000000000000000000, -0.000000000000000000, -1.000000000000000000 ) ) ;
#211 = DIRECTION ( 'NONE',  ( 0.000000000000000000, 0.000000000000000000, -1.000000000000000000 ) ) ;
#212 = AXIS2_PLACEMENT_3D ( 'NONE', #3940, #4293, #1257 ) ;
#213 = CARTESIAN_POINT ( 'NONE',  ( -7.260732802594982438, 3.874025726466119757, 23.83399999999999963 ) ) ;
#214 = CIRCLE ( 'NONE', #2337, 8.896349999999999980 ) ;
#215 = ORIENTED_EDGE ( 'NONE', *, *, #3791, .F. ) ;
#216 = DIRECTION ( 'NONE',  ( 0.000000000000000000, 0.000000000000000000, -1.000000000000000000 ) ) ;
#217 = EDGE_CURVE ( 'NONE', #43, #1313, #2470, .T. ) ;
#218 = ORIENTED_EDGE ( 'NONE', *, *, #2473, .T. ) ;
#219 = ORIENTED_EDGE ( 'NONE', *, *, #2581, .T. ) ;
#220 = CYLINDRICAL_SURFACE ( 'NONE', #2231, 8.896349999999999980 ) ;
#221 = CARTESIAN_POINT ( 'NONE',  ( -2.161230768801411628, 7.940742894968079391, 23.83399999999999963 ) ) ;
#222 = DIRECTION ( 'NONE',  ( 0.01246631459542189499, 0.9999222924809746393, 0.000000000000000000 ) ) ;
#223 = CARTESIAN_POINT ( 'NONE',  ( 7.338379221564887089, -5.029237886897449883, 25.45808833122222836 ) ) ;
#224 = ORIENTED_EDGE ( 'NONE', *, *, #2031, .T. ) ;
#225 = ORIENTED_EDGE ( 'NONE', *, *, #3051, .F. ) ;
#226 = EDGE_CURVE ( 'NONE', #2915, #2678, #1848, .T. ) ;
#227 = VERTEX_POINT ( 'NONE', #3498 ) ;
#228 = CARTESIAN_POINT ( 'NONE',  ( -6.216639249320081717, -5.392560857682838993, 23.83399999999999963 ) ) ;
#229 = VECTOR ( 'NONE', #1133, 1000.000000000000000 ) ;
#230 = LINE ( 'NONE', #1271, #3202 ) ;
#231 = LINE ( 'NONE', #877, #1302 ) ;
#232 = EDGE_CURVE ( 'NONE', #1396, #2010, #1799, .T. ) ;
#233 = LINE ( 'NONE', #4287, #96 ) ;
#234 = CYLINDRICAL_SURFACE ( 'NONE', #953, 8.896349999999999980 ) ;
#235 = ORIENTED_EDGE ( 'NONE', *, *, #3073, .T. ) ;
#236 = DIRECTION ( 'NONE',  ( 0.6234898018587430313, 0.7818314824680221431, 0.000000000000000000 ) ) ;
#237 = EDGE_LOOP ( 'NONE', ( #2047, #662, #977, #756 ) ) ;
#238 = AXIS2_PLACEMENT_3D ( 'NONE', #3114, #748, #3514 ) ;
#239 = VERTEX_POINT ( 'NONE', #125 ) ;
#240 = ORIENTED_EDGE ( 'NONE', *, *, #3536, .T. ) ;
#241 = FACE_OUTER_BOUND ( 'NONE', #368, .T. ) ;
#242 = LINE ( 'NONE', #2642, #2780 ) ;
#243 = CARTESIAN_POINT ( 'NONE',  ( 6.035280021597878353, 6.536087391046850215, 19.76999999999999957 ) ) ;
#244 = CARTESIAN_POINT ( 'NONE',  ( 0.000000000000000000, 0.000000000000000000, 17.06883699999999493 ) ) ;
#245 = VECTOR ( 'NONE', #2999, 1000.000000000000114 ) ;
#246 = ORIENTED_EDGE ( 'NONE', *, *, #616, .F. ) ;
#247 = ORIENTED_EDGE ( 'NONE', *, *, #3233, .F. ) ;
#248 = VERTEX_POINT ( 'NONE', #1476 ) ;
#249 = DIRECTION ( 'NONE',  ( 0.000000000000000000, 0.000000000000000000, 1.000000000000000000 ) ) ;
#250 = DIRECTION ( 'NONE',  ( 1.000000000000000000, 0.000000000000000000, 0.000000000000000000 ) ) ;
#251 = ADVANCED_FACE ( 'NONE', ( #2829 ), #4177, .T. ) ;
#252 = CARTESIAN_POINT ( 'NONE',  ( -8.222570980932690787, -0.3400626758754271561, 19.76999999999999957 ) ) ;
#253 = CARTESIAN_POINT ( 'NONE',  ( 3.874025726465987862, -7.260732802595048163, 23.83399999999999963 ) ) ;
#254 = CYLINDRICAL_SURFACE ( 'NONE', #4349, 8.896349999999999980 ) ;
#255 = DIRECTION ( 'NONE',  ( 0.000000000000000000, 0.000000000000000000, 1.000000000000000000 ) ) ;
#256 = EDGE_CURVE ( 'NONE', #3745, #1623, #3189, .T. ) ;
#257 = EDGE_CURVE ( 'NONE', #613, #984, #3890, .T. ) ;
#258 = ORIENTED_EDGE ( 'NONE', *, *, #737, .T. ) ;
#259 = DIRECTION ( 'NONE',  ( 0.000000000000000000, 0.000000000000000000, -1.000000000000000000 ) ) ;
#260 = EDGE_CURVE ( 'NONE', #3267, #3643, #1871, .T. ) ;
#261 = ADVANCED_FACE ( 'NONE', ( #533 ), #4189, .T. ) ;
#262 = VERTEX_POINT ( 'NONE', #1787 ) ;
#263 = EDGE_LOOP ( 'NONE', ( #2739, #4145, #1635, #505 ) ) ;
#264 = AXIS2_PLACEMENT_3D ( 'NONE', #361, #2732, #1400 ) ;
#265 = ORIENTED_EDGE ( 'NONE', *, *, #2843, .T. ) ;
#266 = CARTESIAN_POINT ( 'NONE',  ( 5.392560857682859421, -6.216639249320060401, 19.76999999999999957 ) ) ;
#267 = CARTESIAN_POINT ( 'NONE',  ( -7.715190181085143983, -4.429546680213169552, 25.38015917909806873 ) ) ;
#268 = DIRECTION ( 'NONE',  ( 0.01246631459542539393, 0.9999222924809747504, 0.000000000000000000 ) ) ;
#269 = CARTESIAN_POINT ( 'NONE',  ( 8.793755758770707587, -1.347183349654770490, 25.35104857481265839 ) ) ;
#270 = ORIENTED_EDGE ( 'NONE', *, *, #1976, .T. ) ;
#271 = ORIENTED_EDGE ( 'NONE', *, *, #3781, .T. ) ;
#272 = VERTEX_POINT ( 'NONE', #3152 ) ;
#273 = LINE ( 'NONE', #4331, #703 ) ;
#274 = EDGE_CURVE ( 'NONE', #3931, #776, #2040, .T. ) ;
#275 = LINE ( 'NONE', #1977, #2349 ) ;
#276 = CARTESIAN_POINT ( 'NONE',  ( -3.270201394830279717, 8.273501444959700635, 25.38015917909806873 ) ) ;
#277 = CARTESIAN_POINT ( 'NONE',  ( -6.640690470122320832, 4.860817445659380454, 25.45808833122222836 ) ) ;
#278 = CARTESIAN_POINT ( 'NONE',  ( -8.873054439310800845, -0.6433880940202758580, 25.28650512035034126 ) ) ;
#279 = DIRECTION ( 'NONE',  ( 0.2225209339563250788, 0.9749279121818212879, 0.000000000000000000 ) ) ;
#280 = AXIS2_PLACEMENT_3D ( 'NONE', #72, #2460, #4149 ) ;
#281 = ORIENTED_EDGE ( 'NONE', *, *, #2612, .T. ) ;
#282 = DIRECTION ( 'NONE',  ( 0.6331879092341362592, -0.7739981082662302780, 0.000000000000000000 ) ) ;
#283 = ORIENTED_EDGE ( 'NONE', *, *, #2812, .T. ) ;
#284 = AXIS2_PLACEMENT_3D ( 'NONE', #625, #1248, #1559 ) ;
#285 = AXIS2_PLACEMENT_3D ( 'NONE', #423, #111, #1768 ) ;
#286 = VECTOR ( 'NONE', #413, 999.9999999999998863 ) ;
#287 = EDGE_LOOP ( 'NONE', ( #3183, #3722, #3222, #3371 ) ) ;
#288 = AXIS2_PLACEMENT_3D ( 'NONE', #4070, #3756, #2735 ) ;
#289 = ORIENTED_EDGE ( 'NONE', *, *, #1739, .F. ) ;
#290 = ADVANCED_FACE ( 'NONE', ( #109 ), #3171, .T. ) ;
#291 = VECTOR ( 'NONE', #317, 1000.000000000000000 ) ;
#292 = CARTESIAN_POINT ( 'NONE',  ( -5.029237886897321985, 7.338379221564980348, 23.83399999999999963 ) ) ;
#293 = DIRECTION ( 'NONE',  ( -0.4338837391175620617, -0.9009688679024171476, 0.000000000000000000 ) ) ;
#294 = DIRECTION ( 'NONE',  ( -3.491481338843130200E-15, -1.000000000000000000, 0.000000000000000000 ) ) ;
#295 = ORIENTED_EDGE ( 'NONE', *, *, #319, .F. ) ;
#296 = VERTEX_POINT ( 'NONE', #3526 ) ;
#297 = CARTESIAN_POINT ( 'NONE',  ( 4.429546680213249488, 7.715190181085091581, 23.83399999999999963 ) ) ;
#298 = CARTESIAN_POINT ( 'NONE',  ( 0.000000000000000000, 0.000000000000000000, 19.76999999999999957 ) ) ;
#299 = DIRECTION ( 'NONE',  ( 0.000000000000000000, 0.000000000000000000, -1.000000000000000000 ) ) ;
#300 = DIRECTION ( 'NONE',  ( -1.000000000000000000, 0.000000000000000000, 0.000000000000000000 ) ) ;
#301 = VECTOR ( 'NONE', #1505, 1000.000000000000114 ) ;
#302 = CIRCLE ( 'NONE', #2773, 8.896349999999999980 ) ;
#303 = CARTESIAN_POINT ( 'NONE',  ( 0.6433880940203695609, -8.873054439310790187, 23.83399999999999963 ) ) ;
#304 = CARTESIAN_POINT ( 'NONE',  ( -3.261253958267082531, 7.555828133281440095, 23.83399999999999963 ) ) ;
#305 = AXIS2_PLACEMENT_3D ( 'NONE', #3836, #3469, #1160 ) ;
#306 = ORIENTED_EDGE ( 'NONE', *, *, #4055, .F. ) ;
#307 = DIRECTION ( 'NONE',  ( 0.000000000000000000, 0.000000000000000000, 1.000000000000000000 ) ) ;
#308 = VERTEX_POINT ( 'NONE', #2882 ) ;
#309 = VECTOR ( 'NONE', #210, 1000.000000000000000 ) ;
#310 = ORIENTED_EDGE ( 'NONE', *, *, #1750, .T. ) ;
#311 = ADVANCED_FACE ( 'NONE', ( #2864 ), #1532, .T. ) ;
#312 = EDGE_CURVE ( 'NONE', #749, #108, #3244, .T. ) ;
#313 = FACE_OUTER_BOUND ( 'NONE', #2549, .T. ) ;
#314 = VECTOR ( 'NONE', #3088, 1000.000000000000114 ) ;
#315 = EDGE_CURVE ( 'NONE', #2404, #1184, #3553, .T. ) ;
#316 = CARTESIAN_POINT ( 'NONE',  ( 8.793755758770707587, -1.347183349654770490, 23.83399999999999963 ) ) ;
#317 = DIRECTION ( 'NONE',  ( 0.000000000000000000, 0.000000000000000000, -1.000000000000000000 ) ) ;
#318 = ORIENTED_EDGE ( 'NONE', *, *, #2895, .T. ) ;
#319 = EDGE_CURVE ( 'NONE', #3260, #1396, #443, .T. ) ;
#320 = EDGE_CURVE ( 'NONE', #817, #1569, #464, .T. ) ;
#321 = ORIENTED_EDGE ( 'NONE', *, *, #2077, .F. ) ;
#322 = FILL_AREA_STYLE_COLOUR ( '', #2263 ) ;
#323 = PLANE ( 'NONE',  #791 ) ;
#324 = VECTOR ( 'NONE', #418, 1000.000000000000114 ) ;
#325 = CARTESIAN_POINT ( 'NONE',  ( 0.000000000000000000, 0.000000000000000000, 19.13499999999999801 ) ) ;
#326 = CARTESIAN_POINT ( 'NONE',  ( -8.326672684688674053E-14, -11.36649999999999849, 25.10400000000000276 ) ) ;
#327 = DIRECTION ( 'NONE',  ( 0.000000000000000000, 0.000000000000000000, -1.000000000000000000 ) ) ;
#328 = CARTESIAN_POINT ( 'NONE',  ( -3.270201394830453356, -8.273501444959631357, 19.76999999999999957 ) ) ;
#329 = ORIENTED_EDGE ( 'NONE', *, *, #1965, .F. ) ;
#330 = LINE ( 'NONE', #2987, #2758 ) ;
#331 = ORIENTED_EDGE ( 'NONE', *, *, #1384, .F. ) ;
#332 = EDGE_CURVE ( 'NONE', #1334, #3540, #2814, .T. ) ;
#333 = ORIENTED_EDGE ( 'NONE', *, *, #3068, .T. ) ;
#334 = EDGE_CURVE ( 'NONE', #2877, #2175, #158, .T. ) ;
#335 = VERTEX_POINT ( 'NONE', #2194 ) ;
#336 = DIRECTION ( 'NONE',  ( 0.000000000000000000, 0.000000000000000000, 1.000000000000000000 ) ) ;
#337 = VERTEX_POINT ( 'NONE', #1512 ) ;
#338 = CARTESIAN_POINT ( 'NONE',  ( -3.261253958267082531, 7.555828133281440095, 19.76999999999999957 ) ) ;
#339 = ORIENTED_EDGE ( 'NONE', *, *, #2421, .T. ) ;
#340 = SURFACE_STYLE_USAGE ( .BOTH. , #401 ) ;
#341 = CARTESIAN_POINT ( 'NONE',  ( 11.36650000000000027, 1.391994784250839004E-15, 25.10400000000000276 ) ) ;
#342 = LINE ( 'NONE', #4106, #1037 ) ;
#343 = DIRECTION ( 'NONE',  ( -0.9999222924809749724, -0.01246631459540199945, -0.000000000000000000 ) ) ;
#344 = DIRECTION ( 'NONE',  ( -0.9776261689193050941, -0.2103498843454930378, 0.000000000000000000 ) ) ;
#345 = VECTOR ( 'NONE', #2126, 1000.000000000000000 ) ;
#346 = VERTEX_POINT ( 'NONE', #1804 ) ;
#347 = CARTESIAN_POINT ( 'NONE',  ( 7.555828133281388581, -3.261253958267210873, 25.38015917909807584 ) ) ;
#348 = VERTEX_POINT ( 'NONE', #510 ) ;
#349 = LINE ( 'NONE', #4113, #3533 ) ;
#350 = CIRCLE ( 'NONE', #280, 8.896349999999999980 ) ;
#351 = VERTEX_POINT ( 'NONE', #484 ) ;
#352 = ORIENTED_EDGE ( 'NONE', *, *, #4178, .T. ) ;
#353 = DIRECTION ( 'NONE',  ( 1.000000000000000000, 0.000000000000000000, 0.000000000000000000 ) ) ;
#354 = ADVANCED_FACE ( 'NONE', ( #1154 ), #2502, .T. ) ;
#355 = VECTOR ( 'NONE', #2711, 1000.000000000000000 ) ;
#356 = AXIS2_PLACEMENT_3D ( 'NONE', #1498, #2852, #3866 ) ;
#357 = ORIENTED_EDGE ( 'NONE', *, *, #3594, .F. ) ;
#358 = DIRECTION ( 'NONE',  ( 1.000000000000000000, -3.491481338843130200E-15, 0.000000000000000000 ) ) ;
#359 = ORIENTED_EDGE ( 'NONE', *, *, #2608, .F. ) ;
#360 = CARTESIAN_POINT ( 'NONE',  ( 8.507421119615127481, -2.601697372106609230, 25.35104857481265839 ) ) ;
#361 = CARTESIAN_POINT ( 'NONE',  ( 0.000000000000000000, 0.000000000000000000, 23.83399999999999963 ) ) ;
#362 = EDGE_CURVE ( 'NONE', #2927, #596, #1218, .T. ) ;
#363 = EDGE_CURVE ( 'NONE', #3704, #1592, #3876, .T. ) ;
#364 = DIRECTION ( 'NONE',  ( 0.000000000000000000, 0.000000000000000000, -1.000000000000000000 ) ) ;
#365 = FACE_OUTER_BOUND ( 'NONE', #4315, .T. ) ;
#366 = DIRECTION ( 'NONE',  ( 0.000000000000000000, 0.000000000000000000, -1.000000000000000000 ) ) ;
#367 = EDGE_CURVE ( 'NONE', #1623, #3500, #3807, .T. ) ;
#368 = EDGE_LOOP ( 'NONE', ( #2026, #1741, #3185, #1121 ) ) ;
#369 = LINE ( 'NONE', #3431, #2464 ) ;
#370 = VECTOR ( 'NONE', #3166, 1000.000000000000000 ) ;
#371 = ORIENTED_EDGE ( 'NONE', *, *, #4048, .T. ) ;
#372 = ORIENTED_EDGE ( 'NONE', *, *, #3286, .F. ) ;
#373 = DIRECTION ( 'NONE',  ( 0.000000000000000000, 0.000000000000000000, -1.000000000000000000 ) ) ;
#374 = DIRECTION ( 'NONE',  ( -1.000000000000000000, 0.000000000000000000, 0.000000000000000000 ) ) ;
#375 = AXIS2_PLACEMENT_3D ( 'NONE', #1143, #2162, #3518 ) ;
#376 = VECTOR ( 'NONE', #2582, 1000.000000000000000 ) ;
#377 = ORIENTED_EDGE ( 'NONE', *, *, #852, .T. ) ;
#378 = CARTESIAN_POINT ( 'NONE',  ( -7.338379221564959920, -5.029237886897349519, 19.76999999999999957 ) ) ;
#379 = VERTEX_POINT ( 'NONE', #841 ) ;
#380 = AXIS2_PLACEMENT_3D ( 'NONE', #2179, #2871, #4135 ) ;
#381 = EDGE_CURVE ( 'NONE', #2698, #2143, #1858, .T. ) ;
#382 = LINE ( 'NONE', #1726, #434 ) ;
#383 = CARTESIAN_POINT ( 'NONE',  ( -1.498157579596849587, 8.092085023447079806, 25.35104857481265128 ) ) ;
#384 = DIRECTION ( 'NONE',  ( 0.000000000000000000, 0.000000000000000000, -1.000000000000000000 ) ) ;
#385 = CARTESIAN_POINT ( 'NONE',  ( -11.50000000000000000, 0.000000000000000000, 0.000000000000000000 ) ) ;
#386 = CARTESIAN_POINT ( 'NONE',  ( 0.000000000000000000, 0.000000000000000000, 49.44569045728920287 ) ) ;
#387 = DIRECTION ( 'NONE',  ( -1.000000000000000000, -1.224646799147353700E-16, 0.000000000000000000 ) ) ;
#388 = VERTEX_POINT ( 'NONE', #183 ) ;
#389 = CARTESIAN_POINT ( 'NONE',  ( -4.860817445659352920, -6.640690470122337707, 23.83399999999999963 ) ) ;
#390 = EDGE_CURVE ( 'NONE', #3587, #2009, #1925, .T. ) ;
#391 = ORIENTED_EDGE ( 'NONE', *, *, #3374, .F. ) ;
#392 = ORIENTED_EDGE ( 'NONE', *, *, #3457, .T. ) ;
#393 = EDGE_CURVE ( 'NONE', #4091, #4187, #4017, .T. ) ;
#394 = EDGE_CURVE ( 'NONE', #1207, #4136, #3289, .T. ) ;
#395 = CARTESIAN_POINT ( 'NONE',  ( -7.715190181085143983, -4.429546680213169552, 23.83399999999999963 ) ) ;
#396 = CARTESIAN_POINT ( 'NONE',  ( 5.029237886897427678, 7.338379221564909294, 23.83399999999999963 ) ) ;
#397 = CARTESIAN_POINT ( 'NONE',  ( -8.092085023447042502, 1.498157579597040545, 25.35104857481265839 ) ) ;
#398 = VERTEX_POINT ( 'NONE', #3680 ) ;
#399 = CARTESIAN_POINT ( 'NONE',  ( -3.270201394830279717, 8.273501444959700635, 19.76999999999999957 ) ) ;
#400 = ORIENTED_EDGE ( 'NONE', *, *, #1249, .T. ) ;
#401 = SURFACE_SIDE_STYLE ('',( #2771 ) ) ;
#402 = FACE_OUTER_BOUND ( 'NONE', #2007, .T. ) ;
#403 = CARTESIAN_POINT ( 'NONE',  ( 1.498157579596960609, 8.092085023447060266, 19.76999999999999957 ) ) ;
#404 = DIRECTION ( 'NONE',  ( 0.000000000000000000, 0.000000000000000000, -1.000000000000000000 ) ) ;
#405 = EDGE_CURVE ( 'NONE', #2539, #379, #2393, .T. ) ;
#406 = FACE_OUTER_BOUND ( 'NONE', #3944, .T. ) ;
#407 = LINE ( 'NONE', #782, #2639 ) ;
#408 = ORIENTED_EDGE ( 'NONE', *, *, #2463, .T. ) ;
#409 = CARTESIAN_POINT ( 'NONE',  ( 6.035280021597828615, -6.536087391046888406, 19.76999999999999957 ) ) ;
#410 = DIRECTION ( 'NONE',  ( 0.000000000000000000, 0.000000000000000000, 1.000000000000000000 ) ) ;
#411 = ORIENTED_EDGE ( 'NONE', *, *, #3321, .F. ) ;
#412 = ORIENTED_EDGE ( 'NONE', *, *, #1948, .F. ) ;
#413 = DIRECTION ( 'NONE',  ( -0.9009688679024216995, -0.4338837391175529024, 0.000000000000000000 ) ) ;
#414 = CARTESIAN_POINT ( 'NONE',  ( -8.273501444959620699, 3.270201394830481334, 25.38015917909807584 ) ) ;
#415 = CARTESIAN_POINT ( 'NONE',  ( 0.3400626758755104229, -8.222570980932690787, 23.83399999999999963 ) ) ;
#416 = AXIS2_PLACEMENT_3D ( 'NONE', #2392, #688, #4039 ) ;
#417 = ORIENTED_EDGE ( 'NONE', *, *, #632, .F. ) ;
#418 = DIRECTION ( 'NONE',  ( -0.01246631459540199945, 0.9999222924809749724, 0.000000000000000000 ) ) ;
#419 = AXIS2_PLACEMENT_3D ( 'NONE', #721, #3429, #3669 ) ;
#420 = ORIENTED_EDGE ( 'NONE', *, *, #4251, .T. ) ;
#421 = VECTOR ( 'NONE', #575, 999.9999999999998863 ) ;
#422 = DIRECTION ( 'NONE',  ( 0.9776261689193066484, 0.2103498843454859324, 0.000000000000000000 ) ) ;
#423 = CARTESIAN_POINT ( 'NONE',  ( 0.000000000000000000, 0.000000000000000000, 49.44569045728920287 ) ) ;
#424 = LINE ( 'NONE', #1769, #2787 ) ;
#425 = DIRECTION ( 'NONE',  ( 0.000000000000000000, 0.000000000000000000, -1.000000000000000000 ) ) ;
#426 = CARTESIAN_POINT ( 'NONE',  ( 6.536087391046867978, 6.035280021597850819, 25.45808833122222836 ) ) ;
#427 = LINE ( 'NONE', #2098, #2397 ) ;
#428 = FACE_OUTER_BOUND ( 'NONE', #2892, .T. ) ;
#429 = ORIENTED_EDGE ( 'NONE', *, *, #2181, .F. ) ;
#430 = ORIENTED_EDGE ( 'NONE', *, *, #82, .T. ) ;
#431 = CARTESIAN_POINT ( 'NONE',  ( -3.874025726465942565, 7.260732802595071256, 25.38015917909806873 ) ) ;
#432 = CARTESIAN_POINT ( 'NONE',  ( 5.392560857682897613, 6.216639249320031091, 25.45808833122222836 ) ) ;
#433 = VECTOR ( 'NONE', #1825, 1000.000000000000000 ) ;
#434 = VECTOR ( 'NONE', #49, 1000.000000000000114 ) ;
#435 = CARTESIAN_POINT ( 'NONE',  ( 0.000000000000000000, 0.000000000000000000, 19.76999999999999957 ) ) ;
#436 = AXIS2_PLACEMENT_3D ( 'NONE', #3048, #2734, #3090 ) ;
#437 = EDGE_LOOP ( 'NONE', ( #3757, #2722, #1908, #3337 ) ) ;
#438 = LINE ( 'NONE', #1418, #2934 ) ;
#439 = ORIENTED_EDGE ( 'NONE', *, *, #2147, .F. ) ;
#440 = ADVANCED_FACE ( 'NONE', ( #3598 ), #1902, .T. ) ;
#441 = EDGE_CURVE ( 'NONE', #351, #3412, #1577, .T. ) ;
#442 = EDGE_CURVE ( 'NONE', #4100, #1207, #620, .T. ) ;
#443 = LINE ( 'NONE', #134, #1262 ) ;
#444 = LINE ( 'NONE', #4164, #229 ) ;
#445 = CARTESIAN_POINT ( 'NONE',  ( 4.860817445659307623, 6.640690470122381228, 19.76999999999999957 ) ) ;
#446 = EDGE_CURVE ( 'NONE', #1079, #2792, #3263, .T. ) ;
#447 = VECTOR ( 'NONE', #1634, 1000.000000000000000 ) ;
#448 = CARTESIAN_POINT ( 'NONE',  ( -4.429546680213301890, -7.715190181085060495, 25.38015917909807584 ) ) ;
#449 = APPLICATION_PROTOCOL_DEFINITION ( 'draft international standard', 'automotive_design', 1998, #4271 ) ;
#450 = CARTESIAN_POINT ( 'NONE',  ( -5.029237886897471199, -7.338379221564869326, 19.76999999999999957 ) ) ;
#451 = CARTESIAN_POINT ( 'NONE',  ( 5.029237886897427678, 7.338379221564909294, 25.45808833122222836 ) ) ;
#452 = FACE_OUTER_BOUND ( 'NONE', #1473, .T. ) ;
#453 = EDGE_LOOP ( 'NONE', ( #3622, #1819, #359, #932 ) ) ;
#454 = EDGE_LOOP ( 'NONE', ( #4182, #3326 ) ) ;
#455 = CIRCLE ( 'NONE', #3850, 4.000000000000000000 ) ;
#456 = LINE ( 'NONE', #4176, #566 ) ;
#457 = DIRECTION ( 'NONE',  ( 0.000000000000000000, 0.000000000000000000, -1.000000000000000000 ) ) ;
#458 = EDGE_CURVE ( 'NONE', #4303, #1307, #980, .T. ) ;
#459 = EDGE_CURVE ( 'NONE', #2698, #3716, #913, .T. ) ;
#460 = DIRECTION ( 'NONE',  ( 0.000000000000000000, 0.000000000000000000, -1.000000000000000000 ) ) ;
#461 = VERTEX_POINT ( 'NONE', #4277 ) ;
#462 = CARTESIAN_POINT ( 'NONE',  ( 0.000000000000000000, 0.000000000000000000, 24.46899999999999764 ) ) ;
#463 = ORIENTED_EDGE ( 'NONE', *, *, #3594, .T. ) ;
#464 = LINE ( 'NONE', #2523, #3607 ) ;
#465 = DIRECTION ( 'NONE',  ( 0.000000000000000000, 0.000000000000000000, 1.000000000000000000 ) ) ;
#466 = DIRECTION ( 'NONE',  ( 0.000000000000000000, 0.000000000000000000, -1.000000000000000000 ) ) ;
#467 = DIRECTION ( 'NONE',  ( 1.000000000000000000, 0.000000000000000000, 0.000000000000000000 ) ) ;
#468 = DIRECTION ( 'NONE',  ( 0.4338837391175560665, -0.9009688679024201452, 0.000000000000000000 ) ) ;
#469 = AXIS2_PLACEMENT_3D ( 'NONE', #2672, #2712, #3729 ) ;
#470 = CARTESIAN_POINT ( 'NONE',  ( 7.260732802595027735, 3.874025726466020725, 19.76999999999999957 ) ) ;
#471 = DIRECTION ( 'NONE',  ( -0.01246631459541279810, 0.9999222924809748614, 0.000000000000000000 ) ) ;
#472 = ORIENTED_EDGE ( 'NONE', *, *, #274, .F. ) ;
#473 = EDGE_CURVE ( 'NONE', #3592, #45, #3770, .T. ) ;
#474 = ORIENTED_EDGE ( 'NONE', *, *, #3854, .F. ) ;
#475 = LINE ( 'NONE', #146, #2273 ) ;
#476 = LINE ( 'NONE', #414, #1924 ) ;
#477 = LINE ( 'NONE', #3113, #1550 ) ;
#478 = ORIENTED_EDGE ( 'NONE', *, *, #2258, .T. ) ;
#479 = DIRECTION ( 'NONE',  ( -0.2225209339563179456, -0.9749279121818227312, 0.000000000000000000 ) ) ;
#480 = ORIENTED_EDGE ( 'NONE', *, *, #1930, .T. ) ;
#481 = DIRECTION ( 'NONE',  ( -1.000000000000000000, 0.000000000000000000, 0.000000000000000000 ) ) ;
#482 = ORIENTED_EDGE ( 'NONE', *, *, #678, .F. ) ;
#483 = AXIS2_PLACEMENT_3D ( 'NONE', #711, #1823, #3520 ) ;
#484 = CARTESIAN_POINT ( 'NONE',  ( 7.338379221564918176, 5.029237886897400145, 23.83399999999999963 ) ) ;
#485 = DIRECTION ( 'NONE',  ( 0.000000000000000000, 0.000000000000000000, 1.000000000000000000 ) ) ;
#486 = CARTESIAN_POINT ( 'NONE',  ( 7.260732802594998425, -3.874025726466060693, 23.83399999999999963 ) ) ;
#487 = ORIENTED_EDGE ( 'NONE', *, *, #1608, .T. ) ;
#488 = AXIS2_PLACEMENT_3D ( 'NONE', #3316, #249, #4022 ) ;
#489 = LINE ( 'NONE', #539, #1273 ) ;
#490 = AXIS2_PLACEMENT_3D ( 'NONE', #2444, #4147, #3154 ) ;
#491 = VECTOR ( 'NONE', #635, 1000.000000000000000 ) ;
#492 = DIRECTION ( 'NONE',  ( 0.000000000000000000, 0.000000000000000000, -1.000000000000000000 ) ) ;
#493 = ADVANCED_FACE ( 'NONE', ( #2662 ), #3619, .T. ) ;
#494 = EDGE_CURVE ( 'NONE', #634, #2363, #242, .T. ) ;
#495 = PLANE ( 'NONE',  #2006 ) ;
#496 = FACE_OUTER_BOUND ( 'NONE', #145, .T. ) ;
#497 = ORIENTED_EDGE ( 'NONE', *, *, #3822, .T. ) ;
#498 = VERTEX_POINT ( 'NONE', #2973 ) ;
#499 = AXIS2_PLACEMENT_3D ( 'NONE', #870, #555, #3642 ) ;
#500 = CARTESIAN_POINT ( 'NONE',  ( 3.261253958267179343, 7.555828133281400127, 25.38015917909807584 ) ) ;
#501 = DIRECTION ( 'NONE',  ( 0.000000000000000000, 0.000000000000000000, -1.000000000000000000 ) ) ;
#502 = EDGE_CURVE ( 'NONE', #3452, #4079, #1993, .T. ) ;
#503 = ORIENTED_EDGE ( 'NONE', *, *, #1812, .F. ) ;
#504 = DIRECTION ( 'NONE',  ( 0.7895433483002309849, -0.6136947947920531332, 0.000000000000000000 ) ) ;
#505 = ORIENTED_EDGE ( 'NONE', *, *, #153, .F. ) ;
#506 = PLANE ( 'NONE',  #4072 ) ;
#507 = AXIS2_PLACEMENT_3D ( 'NONE', #2173, #485, #3877 ) ;
#508 = VERTEX_POINT ( 'NONE', #316 ) ;
#509 = AXIS2_PLACEMENT_3D ( 'NONE', #386, #1692, #1385 ) ;
#510 = CARTESIAN_POINT ( 'NONE',  ( 7.555828133281407233, 3.261253958267160691, 19.76999999999999957 ) ) ;
#511 = LINE ( 'NONE', #821, #155 ) ;
#512 = CARTESIAN_POINT ( 'NONE',  ( -1.347183349654800022, -8.793755758770698705, 19.76999999999999957 ) ) ;
#513 = ORIENTED_EDGE ( 'NONE', *, *, #1311, .T. ) ;
#514 = VECTOR ( 'NONE', #574, 1000.000000000000114 ) ;
#515 = ORIENTED_EDGE ( 'NONE', *, *, #3557, .F. ) ;
#516 = LINE ( 'NONE', #1864, #922 ) ;
#517 = EDGE_CURVE ( 'NONE', #4013, #4303, #2589, .T. ) ;
#518 = CARTESIAN_POINT ( 'NONE',  ( -3.874025726465942565, 7.260732802595071256, 23.83399999999999963 ) ) ;
#519 = ADVANCED_FACE ( 'NONE', ( #3019 ), #4299, .T. ) ;
#520 = AXIS2_PLACEMENT_3D ( 'NONE', #2489, #2203, #2134 ) ;
#521 = CARTESIAN_POINT ( 'NONE',  ( 7.555828133281388581, -3.261253958267210873, 19.76999999999999957 ) ) ;
#522 = CIRCLE ( 'NONE', #3363, 11.36650000000000027 ) ;
#523 = CARTESIAN_POINT ( 'NONE',  ( 8.273501444959658002, 3.270201394830370312, 23.83399999999999963 ) ) ;
#524 = EDGE_LOOP ( 'NONE', ( #1943, #2621, #15, #2701 ) ) ;
#525 = CARTESIAN_POINT ( 'NONE',  ( -2.161230768801411628, 7.940742894968079391, 19.76999999999999957 ) ) ;
#526 = DIRECTION ( 'NONE',  ( 0.2346574004677219327, 0.9720781369857728338, 0.000000000000000000 ) ) ;
#527 = ORIENTED_EDGE ( 'NONE', *, *, #581, .F. ) ;
#528 = VECTOR ( 'NONE', #180, 999.9999999999998863 ) ;
#529 = CARTESIAN_POINT ( 'NONE',  ( 0.3400626758755104229, -8.222570980932690787, 23.83399999999999963 ) ) ;
#530 = ORIENTED_EDGE ( 'NONE', *, *, #1295, .T. ) ;
#531 = CARTESIAN_POINT ( 'NONE',  ( -6.216639249319970695, 5.392560857682971331, 19.76999999999999957 ) ) ;
#532 = EDGE_LOOP ( 'NONE', ( #3307, #1954 ) ) ;
#533 = FACE_OUTER_BOUND ( 'NONE', #2748, .T. ) ;
#534 = LINE ( 'NONE', #3264, #84 ) ;
#535 = CARTESIAN_POINT ( 'NONE',  ( 0.000000000000000000, 0.000000000000000000, 3.000000000000000000 ) ) ;
#536 = ORIENTED_EDGE ( 'NONE', *, *, #2799, .F. ) ;
#537 = VERTEX_POINT ( 'NONE', #3972 ) ;
#538 = EDGE_LOOP ( 'NONE', ( #679, #3939, #659, #889 ) ) ;
#539 = CARTESIAN_POINT ( 'NONE',  ( 1.347183349654737405, 8.793755758770709363, 19.76999999999999957 ) ) ;
#540 = CARTESIAN_POINT ( 'NONE',  ( 8.507421119615127481, -2.601697372106609230, 19.76999999999999957 ) ) ;
#541 = DIRECTION ( 'NONE',  ( 1.000000000000000000, 0.000000000000000000, 0.000000000000000000 ) ) ;
#542 = EDGE_CURVE ( 'NONE', #348, #3366, #4367, .T. ) ;
#543 = PLANE ( 'NONE',  #3144 ) ;
#544 = ADVANCED_FACE ( 'NONE', ( #960 ), #3924, .T. ) ;
#545 = CARTESIAN_POINT ( 'NONE',  ( -8.222570980932690787, -0.3400626758754271561, 23.83399999999999963 ) ) ;
#546 = ORIENTED_EDGE ( 'NONE', *, *, #3450, .T. ) ;
#547 = PLANE ( 'NONE',  #1060 ) ;
#548 = ORIENTED_EDGE ( 'NONE', *, *, #394, .T. ) ;
#549 = DIRECTION ( 'NONE',  ( 0.000000000000000000, 0.000000000000000000, 1.000000000000000000 ) ) ;
#550 = ORIENTED_EDGE ( 'NONE', *, *, #1036, .T. ) ;
#551 = LINE ( 'NONE', #2190, #1239 ) ;
#552 = AXIS2_PLACEMENT_3D ( 'NONE', #3855, #2149, #1195 ) ;
#553 = DIRECTION ( 'NONE',  ( -0.2346574004677028369, 0.9720781369857774967, 0.000000000000000000 ) ) ;
#554 = FACE_OUTER_BOUND ( 'NONE', #2595, .T. ) ;
#555 = DIRECTION ( 'NONE',  ( -0.000000000000000000, -0.000000000000000000, -1.000000000000000000 ) ) ;
#556 = ORIENTED_EDGE ( 'NONE', *, *, #2310, .T. ) ;
#557 = ORIENTED_EDGE ( 'NONE', *, *, #459, .T. ) ;
#558 = ORIENTED_EDGE ( 'NONE', *, *, #2581, .F. ) ;
#559 = DIRECTION ( 'NONE',  ( 0.000000000000000000, 0.000000000000000000, -1.000000000000000000 ) ) ;
#560 = DIRECTION ( 'NONE',  ( 0.9063077870366486044, -0.4226182617407023279, 0.000000000000000000 ) ) ;
#561 = VECTOR ( 'NONE', #3385, 1000.000000000000000 ) ;
#562 = DIRECTION ( 'NONE',  ( -0.7818314824680221431, 0.6234898018587431423, 0.000000000000000000 ) ) ;
#563 = DIRECTION ( 'NONE',  ( 0.9999222924809748614, 0.01246631459540549665, 0.000000000000000000 ) ) ;
#564 = AXIS2_PLACEMENT_3D ( 'NONE', #1185, #3889, #883 ) ;
#565 = LINE ( 'NONE', #1609, #447 ) ;
#566 = VECTOR ( 'NONE', #59, 1000.000000000000114 ) ;
#567 = VERTEX_POINT ( 'NONE', #2578 ) ;
#568 = PLANE ( 'NONE',  #3887 ) ;
#569 = VERTEX_POINT ( 'NONE', #1890 ) ;
#570 = EDGE_LOOP ( 'NONE', ( #3494, #1017, #4347, #701 ) ) ;
#571 = EDGE_LOOP ( 'NONE', ( #3986, #3039, #2217, #3416 ) ) ;
#572 = CARTESIAN_POINT ( 'NONE',  ( -8.273501444959620699, 3.270201394830481334, 19.76999999999999957 ) ) ;
#573 = ADVANCED_FACE ( 'NONE', ( #4334 ), #2300, .T. ) ;
#574 = DIRECTION ( 'NONE',  ( -0.2346574004677028369, 0.9720781369857774967, 0.000000000000000000 ) ) ;
#575 = DIRECTION ( 'NONE',  ( 0.2346574004677099701, -0.9720781369857759424, 0.000000000000000000 ) ) ;
#576 = DIRECTION ( 'NONE',  ( 0.8954899246572962657, -0.4450817844366020681, 0.000000000000000000 ) ) ;
#577 = VERTEX_POINT ( 'NONE', #2598 ) ;
#578 = ORIENTED_EDGE ( 'NONE', *, *, #120, .F. ) ;
#579 = EDGE_CURVE ( 'NONE', #2768, #1677, #3606, .T. ) ;
#580 = ORIENTED_EDGE ( 'NONE', *, *, #2813, .T. ) ;
#581 = EDGE_CURVE ( 'NONE', #647, #3767, #731, .T. ) ;
#582 = DIRECTION ( 'NONE',  ( -0.6234898018587369251, -0.7818314824680270281, 0.000000000000000000 ) ) ;
#583 = AXIS2_PLACEMENT_3D ( 'NONE', #4223, #3240, #479 ) ;
#584 = VECTOR ( 'NONE', #2925, 1000.000000000000000 ) ;
#585 = DIRECTION ( 'NONE',  ( 0.000000000000000000, 0.000000000000000000, -1.000000000000000000 ) ) ;
#586 = EDGE_CURVE ( 'NONE', #2055, #2545, #3421, .T. ) ;
#587 = AXIS2_PLACEMENT_3D ( 'NONE', #1779, #3802, #1456 ) ;
#588 = CARTESIAN_POINT ( 'NONE',  ( -2.161230768801411628, 7.940742894968079391, 25.35104857481265128 ) ) ;
#589 = LINE ( 'NONE', #3651, #115 ) ;
#590 = FACE_OUTER_BOUND ( 'NONE', #3092, .T. ) ;
#591 = DIRECTION ( 'NONE',  ( 0.6331879092341362592, -0.7739981082662302780, 0.000000000000000000 ) ) ;
#592 = ORIENTED_EDGE ( 'NONE', *, *, #3472, .F. ) ;
#593 = FACE_OUTER_BOUND ( 'NONE', #1371, .T. ) ;
#594 = VERTEX_POINT ( 'NONE', #1605 ) ;
#595 = VECTOR ( 'NONE', #1814, 1000.000000000000227 ) ;
#596 = VERTEX_POINT ( 'NONE', #3909 ) ;
#597 = ORIENTED_EDGE ( 'NONE', *, *, #174, .T. ) ;
#598 = CYLINDRICAL_SURFACE ( 'NONE', #2014, 8.896349999999999980 ) ;
#599 = EDGE_CURVE ( 'NONE', #3391, #346, #231, .T. ) ;
#600 = EDGE_CURVE ( 'NONE', #2315, #2539, #1507, .T. ) ;
#601 = CARTESIAN_POINT ( 'NONE',  ( -0.6433880940203695609, 8.873054439310788410, 23.83399999999999963 ) ) ;
#602 = CARTESIAN_POINT ( 'NONE',  ( 6.640690470122359024, -4.860817445659328939, 23.83399999999999963 ) ) ;
#603 = PLANE ( 'NONE',  #3541 ) ;
#604 = VECTOR ( 'NONE', #3617, 1000.000000000000000 ) ;
#605 = ORIENTED_EDGE ( 'NONE', *, *, #315, .T. ) ;
#606 = ORIENTED_EDGE ( 'NONE', *, *, #1332, .F. ) ;
#607 = LINE ( 'NONE', #297, #4317 ) ;
#608 = FACE_OUTER_BOUND ( 'NONE', #3851, .T. ) ;
#609 = CARTESIAN_POINT ( 'NONE',  ( -8.222570980932690787, -0.3400626758754271561, 23.83399999999999963 ) ) ;
#610 = DIRECTION ( 'NONE',  ( -1.000000000000000000, 0.000000000000000000, 0.000000000000000000 ) ) ;
#611 = CARTESIAN_POINT ( 'NONE',  ( 11.50000000000000000, 1.408343819019456176E-15, 3.000000000000000000 ) ) ;
#612 = DIRECTION ( 'NONE',  ( 0.000000000000000000, 0.000000000000000000, -1.000000000000000000 ) ) ;
#613 = VERTEX_POINT ( 'NONE', #1912 ) ;
#614 = DIRECTION ( 'NONE',  ( -1.000000000000000000, 0.000000000000000000, 0.000000000000000000 ) ) ;
#615 = ORIENTED_EDGE ( 'NONE', *, *, #2683, .T. ) ;
#616 = EDGE_CURVE ( 'NONE', #738, #4383, #1303, .T. ) ;
#617 = EDGE_LOOP ( 'NONE', ( #271, #3022, #788, #4243 ) ) ;
#618 = ORIENTED_EDGE ( 'NONE', *, *, #192, .T. ) ;
#619 = PRODUCT ( 'wheel_pulley', 'wheel_pulley', '', ( #1402 ) ) ;
#620 = LINE ( 'NONE', #3309, #872 ) ;
#621 = LINE ( 'NONE', #914, #421 ) ;
#622 = FACE_OUTER_BOUND ( 'NONE', #2389, .T. ) ;
#623 = ORIENTED_EDGE ( 'NONE', *, *, #2181, .T. ) ;
#624 = ORIENTED_EDGE ( 'NONE', *, *, #3907, .F. ) ;
#625 = CARTESIAN_POINT ( 'NONE',  ( 0.000000000000000000, 0.000000000000000000, 18.50000000000000000 ) ) ;
#626 = DIRECTION ( 'NONE',  ( 0.000000000000000000, 0.000000000000000000, 1.000000000000000000 ) ) ;
#627 = CARTESIAN_POINT ( 'NONE',  ( 8.273501444959640239, -3.270201394830420494, 25.38015917909807584 ) ) ;
#628 = FACE_OUTER_BOUND ( 'NONE', #1390, .T. ) ;
#629 = DIRECTION ( 'NONE',  ( 0.6234898018587288204, -0.7818314824680336894, 0.000000000000000000 ) ) ;
#630 = EDGE_CURVE ( 'NONE', #1886, #2168, #1585, .T. ) ;
#631 = CARTESIAN_POINT ( 'NONE',  ( -4.860817445659352920, -6.640690470122337707, 19.76999999999999957 ) ) ;
#632 = EDGE_CURVE ( 'NONE', #1647, #1188, #3936, .T. ) ;
#633 = AXIS2_PLACEMENT_3D ( 'NONE', #1420, #2442, #4372 ) ;
#634 = VERTEX_POINT ( 'NONE', #4263 ) ;
#635 = DIRECTION ( 'NONE',  ( -0.000000000000000000, -0.000000000000000000, 1.000000000000000000 ) ) ;
#636 = ORIENTED_EDGE ( 'NONE', *, *, #3400, .F. ) ;
#637 = VECTOR ( 'NONE', #801, 1000.000000000000114 ) ;
#638 = VECTOR ( 'NONE', #1789, 1000.000000000000114 ) ;
#639 = VECTOR ( 'NONE', #955, 999.9999999999998863 ) ;
#640 = ORIENTED_EDGE ( 'NONE', *, *, #405, .F. ) ;
#641 = ADVANCED_FACE ( 'NONE', ( #628 ), #2626, .T. ) ;
#642 = ORIENTED_EDGE ( 'NONE', *, *, #4119, .F. ) ;
#643 = TOROIDAL_SURFACE ( 'NONE', #2553, 9.626600000000001600, 2.701162999999999759 ) ;
#644 = DIRECTION ( 'NONE',  ( 0.7818314824680286934, -0.6234898018587349267, 0.000000000000000000 ) ) ;
#645 = CYLINDRICAL_SURFACE ( 'NONE', #3618, 8.896349999999999980 ) ;
#646 = CARTESIAN_POINT ( 'NONE',  ( 2.161230768801508439, 7.940742894968050081, 23.83399999999999963 ) ) ;
#647 = VERTEX_POINT ( 'NONE', #1226 ) ;
#648 = EDGE_LOOP ( 'NONE', ( #3062, #487, #35, #1784 ) ) ;
#649 = DIRECTION ( 'NONE',  ( 0.9063077870366511579, 0.4226182617406970543, 0.000000000000000000 ) ) ;
#650 = DIRECTION ( 'NONE',  ( 0.6331879092341490267, 0.7739981082662199530, 0.000000000000000000 ) ) ;
#651 = ADVANCED_FACE ( 'NONE', ( #2651 ), #189, .T. ) ;
#652 = CYLINDRICAL_SURFACE ( 'NONE', #3468, 11.36650000000000027 ) ;
#653 = CARTESIAN_POINT ( 'NONE',  ( 6.320508075688764826, 0.000000000000000000, 13.00000000000000178 ) ) ;
#654 = AXIS2_PLACEMENT_3D ( 'NONE', #3147, #150, #813 ) ;
#655 = CARTESIAN_POINT ( 'NONE',  ( -7.555828133281431214, -3.261253958267099851, 23.83399999999999963 ) ) ;
#656 = EDGE_CURVE ( 'NONE', #6, #2293, #589, .T. ) ;
#657 = DIRECTION ( 'NONE',  ( -0.8954899246573048144, -0.4450817844365848597, 0.000000000000000000 ) ) ;
#658 = AXIS2_PLACEMENT_3D ( 'NONE', #3108, #2446, #2096 ) ;
#659 = ORIENTED_EDGE ( 'NONE', *, *, #3928, .F. ) ;
#660 = PLANE ( 'NONE',  #3749 ) ;
#661 = ORIENTED_EDGE ( 'NONE', *, *, #1333, .T. ) ;
#662 = ORIENTED_EDGE ( 'NONE', *, *, #684, .T. ) ;
#663 = ORIENTED_EDGE ( 'NONE', *, *, #1468, .T. ) ;
#664 = DIRECTION ( 'NONE',  ( 0.9063077870366538225, 0.4226182617406909481, 0.000000000000000000 ) ) ;
#665 = AXIS2_PLACEMENT_3D ( 'NONE', #121, #4173, #1139 ) ;
#666 = VECTOR ( 'NONE', #3777, 1000.000000000000000 ) ;
#667 = ORIENTED_EDGE ( 'NONE', *, *, #1705, .F. ) ;
#668 = FACE_OUTER_BOUND ( 'NONE', #2290, .T. ) ;
#669 = ORIENTED_EDGE ( 'NONE', *, *, #3077, .T. ) ;
#670 = DIRECTION ( 'NONE',  ( -1.000000000000000000, 0.000000000000000000, 0.000000000000000000 ) ) ;
#671 = CIRCLE ( 'NONE', #1449, 8.896349999999999980 ) ;
#672 = DIRECTION ( 'NONE',  ( 0.000000000000000000, 0.000000000000000000, -1.000000000000000000 ) ) ;
#673 = CARTESIAN_POINT ( 'NONE',  ( -6.640690470122320832, 4.860817445659380454, 19.76999999999999957 ) ) ;
#674 = LINE ( 'NONE', #743, #1089 ) ;
#675 = CARTESIAN_POINT ( 'NONE',  ( 0.000000000000000000, 0.000000000000000000, 0.000000000000000000 ) ) ;
#676 = ORIENTED_EDGE ( 'NONE', *, *, #3146, .T. ) ;
#677 = CARTESIAN_POINT ( 'NONE',  ( -4.429546680213142018, 7.715190181085160859, 19.76999999999999957 ) ) ;
#678 = EDGE_CURVE ( 'NONE', #2896, #1941, #4007, .T. ) ;
#679 = ORIENTED_EDGE ( 'NONE', *, *, #312, .T. ) ;
#680 = ORIENTED_EDGE ( 'NONE', *, *, #739, .T. ) ;
#681 = VERTEX_POINT ( 'NONE', #253 ) ;
#682 = CARTESIAN_POINT ( 'NONE',  ( -11.36650000000000027, 0.000000000000000000, 25.10400000000000276 ) ) ;
#683 = ADVANCED_FACE ( 'NONE', ( #2959 ), #4308, .T. ) ;
#684 = EDGE_CURVE ( 'NONE', #3696, #3148, #2319, .T. ) ;
#685 = ORIENTED_EDGE ( 'NONE', *, *, #819, .T. ) ;
#686 = CARTESIAN_POINT ( 'NONE',  ( 8.222570980932687235, 0.3400626758754843881, 25.28650512035034126 ) ) ;
#687 = ORIENTED_EDGE ( 'NONE', *, *, #1038, .F. ) ;
#688 = DIRECTION ( 'NONE',  ( 0.000000000000000000, 0.000000000000000000, 1.000000000000000000 ) ) ;
#689 = ADVANCED_FACE ( 'NONE', ( #1324 ), #2396, .T. ) ;
#690 = DIRECTION ( 'NONE',  ( 0.000000000000000000, 0.000000000000000000, -1.000000000000000000 ) ) ;
#691 = PLANE ( 'NONE',  #827 ) ;
#692 = CARTESIAN_POINT ( 'NONE',  ( -1.347183349654619500, 8.793755758770730679, 25.35104857481265128 ) ) ;
#693 = CARTESIAN_POINT ( 'NONE',  ( 4.429546680213249488, 7.715190181085091581, 25.38015917909807584 ) ) ;
#694 = VECTOR ( 'NONE', #797, 1000.000000000000114 ) ;
#695 = ORIENTED_EDGE ( 'NONE', *, *, #1015, .T. ) ;
#696 = FACE_OUTER_BOUND ( 'NONE', #1946, .T. ) ;
#697 = ORIENTED_EDGE ( 'NONE', *, *, #3967, .F. ) ;
#698 = DIRECTION ( 'NONE',  ( 0.2588190451025213501, 0.000000000000000000, -0.9659258262890680902 ) ) ;
#699 = AXIS2_PLACEMENT_3D ( 'NONE', #4102, #2039, #3023 ) ;
#700 = EDGE_LOOP ( 'NONE', ( #3827, #2160, #1694, #3258 ) ) ;
#701 = ORIENTED_EDGE ( 'NONE', *, *, #1467, .F. ) ;
#702 = CARTESIAN_POINT ( 'NONE',  ( 7.260732802594998425, -3.874025726466060693, 25.38015917909807584 ) ) ;
#703 = VECTOR ( 'NONE', #4355, 1000.000000000000000 ) ;
#704 = VECTOR ( 'NONE', #3878, 1000.000000000000000 ) ;
#705 = AXIS2_PLACEMENT_3D ( 'NONE', #588, #1935, #1604 ) ;
#706 = AXIS2_PLACEMENT_3D ( 'NONE', #1280, #3961, #3612 ) ;
#707 = VERTEX_POINT ( 'NONE', #50 ) ;
#708 = DIRECTION ( 'NONE',  ( 0.000000000000000000, 0.000000000000000000, -1.000000000000000000 ) ) ;
#709 = EDGE_CURVE ( 'NONE', #3716, #1731, #3423, .T. ) ;
#710 = ORIENTED_EDGE ( 'NONE', *, *, #1595, .F. ) ;
#711 = CARTESIAN_POINT ( 'NONE',  ( 0.000000000000000000, 0.000000000000000000, 12.81039999999999779 ) ) ;
#712 = CARTESIAN_POINT ( 'NONE',  ( 6.035280021597878353, 6.536087391046850215, 25.45808833122222836 ) ) ;
#713 = DIRECTION ( 'NONE',  ( -0.9749279121818250626, -0.2225209339563080368, 0.000000000000000000 ) ) ;
#714 = EDGE_CURVE ( 'NONE', #2175, #3824, #3379, .T. ) ;
#715 = DIRECTION ( 'NONE',  ( 0.2103498843454989775, 0.9776261689193038729, 0.000000000000000000 ) ) ;
#716 = EDGE_CURVE ( 'NONE', #2915, #4222, #2382, .T. ) ;
#717 = ADVANCED_FACE ( 'NONE', ( #1708 ), #2064, .T. ) ;
#718 = DIRECTION ( 'NONE',  ( -1.000000000000000000, 0.000000000000000000, 0.000000000000000000 ) ) ;
#719 = DIRECTION ( 'NONE',  ( 0.4450817844365880238, -0.8954899246573031490, 0.000000000000000000 ) ) ;
#720 = VECTOR ( 'NONE', #165, 1000.000000000000000 ) ;
#721 = CARTESIAN_POINT ( 'NONE',  ( 0.000000000000000000, 0.000000000000000000, 19.76999999999999957 ) ) ;
#722 = ORIENTED_EDGE ( 'NONE', *, *, #911, .F. ) ;
#723 = VECTOR ( 'NONE', #422, 1000.000000000000114 ) ;
#724 = DIRECTION ( 'NONE',  ( 0.2225209339563080368, -0.9749279121818251737, 0.000000000000000000 ) ) ;
#725 = CIRCLE ( 'NONE', #2067, 2.000000000000000000 ) ;
#726 = ORIENTED_EDGE ( 'NONE', *, *, #1786, .F. ) ;
#727 = EDGE_LOOP ( 'NONE', ( #861, #4036, #4295, #3929 ) ) ;
#728 = DIRECTION ( 'NONE',  ( -1.000000000000000000, 0.000000000000000000, 0.000000000000000000 ) ) ;
#729 = ORIENTED_EDGE ( 'NONE', *, *, #4251, .F. ) ;
#730 = VECTOR ( 'NONE', #3740, 1000.000000000000114 ) ;
#731 = CIRCLE ( 'NONE', #948, 11.36650000000000027 ) ;
#732 = CARTESIAN_POINT ( 'NONE',  ( -7.338379221564959920, -5.029237886897349519, 19.76999999999999957 ) ) ;
#733 = AXIS2_PLACEMENT_3D ( 'NONE', #1817, #2849, #169 ) ;
#734 = EDGE_CURVE ( 'NONE', #3112, #2603, #3086, .T. ) ;
#735 = EDGE_LOOP ( 'NONE', ( #3624, #2668, #1222, #372 ) ) ;
#736 = DIRECTION ( 'NONE',  ( -1.000000000000000000, 0.000000000000000000, 0.000000000000000000 ) ) ;
#737 = EDGE_CURVE ( 'NONE', #3503, #1279, #1393, .T. ) ;
#738 = VERTEX_POINT ( 'NONE', #1727 ) ;
#739 = EDGE_CURVE ( 'NONE', #3083, #2899, #342, .T. ) ;
#740 = VECTOR ( 'NONE', #2674, 1000.000000000000000 ) ;
#741 = DIRECTION ( 'NONE',  ( 0.000000000000000000, 0.000000000000000000, -1.000000000000000000 ) ) ;
#742 = FACE_OUTER_BOUND ( 'NONE', #3845, .T. ) ;
#743 = CARTESIAN_POINT ( 'NONE',  ( 2.601697372106519079, -8.507421119615159455, 25.35104857481265128 ) ) ;
#744 = AXIS2_PLACEMENT_3D ( 'NONE', #3703, #2728, #3059 ) ;
#745 = DIRECTION ( 'NONE',  ( 0.000000000000000000, 0.000000000000000000, -1.000000000000000000 ) ) ;
#746 = ORIENTED_EDGE ( 'NONE', *, *, #910, .F. ) ;
#747 = CARTESIAN_POINT ( 'NONE',  ( 2.161230768801460034, -7.940742894968068732, 25.35104857481265128 ) ) ;
#748 = DIRECTION ( 'NONE',  ( 0.000000000000000000, 0.000000000000000000, 1.000000000000000000 ) ) ;
#749 = VERTEX_POINT ( 'NONE', #4083 ) ;
#750 = ORIENTED_EDGE ( 'NONE', *, *, #979, .F. ) ;
#751 = CARTESIAN_POINT ( 'NONE',  ( 6.216639249320039973, 5.392560857682880737, 25.45808833122222836 ) ) ;
#752 = PLANE ( 'NONE',  #23 ) ;
#753 = DIRECTION ( 'NONE',  ( 0.000000000000000000, 0.000000000000000000, 1.000000000000000000 ) ) ;
#754 = ORIENTED_EDGE ( 'NONE', *, *, #983, .T. ) ;
#755 = CARTESIAN_POINT ( 'NONE',  ( -3.261253958267231745, -7.555828133281379699, 25.38015917909807584 ) ) ;
#756 = ORIENTED_EDGE ( 'NONE', *, *, #2666, .F. ) ;
#757 = LINE ( 'NONE', #110, #864 ) ;
#758 = DIRECTION ( 'NONE',  ( 0.9749279121818233973, -0.2225209339563148925, 0.000000000000000000 ) ) ;
#759 = CARTESIAN_POINT ( 'NONE',  ( -11.36650000000000027, 0.000000000000000000, 18.50000000000000000 ) ) ;
#760 = DIRECTION ( 'NONE',  ( -0.7739981082662321654, -0.6331879092341340387, 0.000000000000000000 ) ) ;
#761 = LINE ( 'NONE', #3093, #3040 ) ;
#762 = ADVANCED_FACE ( 'NONE', ( #742 ), #691, .T. ) ;
#763 = DIRECTION ( 'NONE',  ( 0.000000000000000000, 0.000000000000000000, -1.000000000000000000 ) ) ;
#764 = ORIENTED_EDGE ( 'NONE', *, *, #44, .T. ) ;
#765 = ORIENTED_EDGE ( 'NONE', *, *, #2074, .T. ) ;
#766 = PLANE ( 'NONE',  #3970 ) ;
#767 = FACE_OUTER_BOUND ( 'NONE', #2427, .T. ) ;
#768 = ADVANCED_FACE ( 'NONE', ( #3773, #3342 ), #4375, .F. ) ;
#769 = ADVANCED_FACE ( 'NONE', ( #1654, #1686 ), #3007, .F. ) ;
#770 = ADVANCED_FACE ( 'NONE', ( #989 ), #4025, .T. ) ;
#771 = LINE ( 'NONE', #2104, #944 ) ;
#772 =( GEOMETRIC_REPRESENTATION_CONTEXT ( 3 ) GLOBAL_UNCERTAINTY_ASSIGNED_CONTEXT ( ( #2401 ) ) GLOBAL_UNIT_ASSIGNED_CONTEXT ( ( #2154, #1116, #52 ) ) REPRESENTATION_CONTEXT ( 'NONE', 'WORKASPACE' ) );
#773 = ORIENTED_EDGE ( 'NONE', *, *, #1250, .F. ) ;
#774 = CARTESIAN_POINT ( 'NONE',  ( 8.873054439310786634, -0.6433880940203990928, 19.76999999999999957 ) ) ;
#775 = VECTOR ( 'NONE', #2318, 1000.000000000000227 ) ;
#776 = VERTEX_POINT ( 'NONE', #653 ) ;
#777 = CIRCLE ( 'NONE', #2830, 8.896349999999999980 ) ;
#778 = CARTESIAN_POINT ( 'NONE',  ( 7.260732802595027735, 3.874025726466020725, 25.38015917909807584 ) ) ;
#779 = CARTESIAN_POINT ( 'NONE',  ( 5.392560857682897613, 6.216639249320031091, 19.76999999999999957 ) ) ;
#780 = FACE_OUTER_BOUND ( 'NONE', #2367, .T. ) ;
#781 = CARTESIAN_POINT ( 'NONE',  ( -0.6433880940203695609, -8.873054439310790187, 25.28650512035034126 ) ) ;
#782 = CARTESIAN_POINT ( 'NONE',  ( 7.338379221564918176, 5.029237886897400145, 19.76999999999999957 ) ) ;
#783 = PRODUCT_RELATED_PRODUCT_CATEGORY ( 'part', '', ( #619 ) ) ;
#784 = ADVANCED_FACE ( 'NONE', ( #2003 ), #3708, .T. ) ;
#785 = DIRECTION ( 'NONE',  ( 0.000000000000000000, 0.000000000000000000, -1.000000000000000000 ) ) ;
#786 = DIRECTION ( 'NONE',  ( -0.9009688679024159264, 0.4338837391175649483, 0.000000000000000000 ) ) ;
#787 = ORIENTED_EDGE ( 'NONE', *, *, #2346, .T. ) ;
#788 = ORIENTED_EDGE ( 'NONE', *, *, #714, .F. ) ;
#789 = PLANE ( 'NONE',  #3470 ) ;
#790 = DIRECTION ( 'NONE',  ( 0.000000000000000000, 0.000000000000000000, -1.000000000000000000 ) ) ;
#791 = AXIS2_PLACEMENT_3D ( 'NONE', #397, #2767, #85 ) ;
#792 = AXIS2_PLACEMENT_3D ( 'NONE', #1903, #4230, #2503 ) ;
#793 = CYLINDRICAL_SURFACE ( 'NONE', #1146, 8.896349999999999980 ) ;
#794 = ORIENTED_EDGE ( 'NONE', *, *, #1152, .T. ) ;
#795 = CARTESIAN_POINT ( 'NONE',  ( -6.216639249320081717, -5.392560857682838993, 19.76999999999999957 ) ) ;
#796 = VERTEX_POINT ( 'NONE', #3026 ) ;
#797 = DIRECTION ( 'NONE',  ( 0.9009688679024249192, 0.4338837391175459635, 0.000000000000000000 ) ) ;
#798 = DIRECTION ( 'NONE',  ( 0.000000000000000000, 0.000000000000000000, -1.000000000000000000 ) ) ;
#799 = DIRECTION ( 'NONE',  ( -0.000000000000000000, -0.000000000000000000, -1.000000000000000000 ) ) ;
#800 = VECTOR ( 'NONE', #3654, 1000.000000000000000 ) ;
#801 = DIRECTION ( 'NONE',  ( 0.9776261689193038729, -0.2103498843454989775, 0.000000000000000000 ) ) ;
#802 = PLANE ( 'NONE',  #3390 ) ;
#803 = CARTESIAN_POINT ( 'NONE',  ( 7.260732802594998425, -3.874025726466060693, 19.76999999999999957 ) ) ;
#804 = CYLINDRICAL_SURFACE ( 'NONE', #92, 4.000000000000000000 ) ;
#805 = CARTESIAN_POINT ( 'NONE',  ( 3.261253958267127384, -7.555828133281421444, 25.38015917909807584 ) ) ;
#806 = ORIENTED_EDGE ( 'NONE', *, *, #2347, .T. ) ;
#807 = EDGE_CURVE ( 'NONE', #2010, #1433, #1007, .T. ) ;
#808 = ORIENTED_EDGE ( 'NONE', *, *, #441, .F. ) ;
#809 = CIRCLE ( 'NONE', #1315, 2.701162999999999315 ) ;
#810 = DIRECTION ( 'NONE',  ( 0.000000000000000000, 0.000000000000000000, -1.000000000000000000 ) ) ;
#811 = DIRECTION ( 'NONE',  ( 0.000000000000000000, 0.000000000000000000, -1.000000000000000000 ) ) ;
#812 = VERTEX_POINT ( 'NONE', #4129 ) ;
#813 = DIRECTION ( 'NONE',  ( 1.000000000000000000, 0.000000000000000000, 0.000000000000000000 ) ) ;
#814 = VECTOR ( 'NONE', #2682, 1000.000000000000114 ) ;
#815 = EDGE_LOOP ( 'NONE', ( #1801, #1836 ) ) ;
#816 = CARTESIAN_POINT ( 'NONE',  ( -6.536087391046913275, -6.035280021597810851, 19.76999999999999957 ) ) ;
#817 = VERTEX_POINT ( 'NONE', #445 ) ;
#818 = ADVANCED_FACE ( 'NONE', ( #1488 ), #1423, .T. ) ;
#819 = EDGE_CURVE ( 'NONE', #1110, #308, #1091, .T. ) ;
#820 = DIRECTION ( 'NONE',  ( 0.7895433483002366470, 0.6136947947920458057, 0.000000000000000000 ) ) ;
#821 = CARTESIAN_POINT ( 'NONE',  ( 7.338379221564887089, -5.029237886897449883, 23.83399999999999963 ) ) ;
#822 = CARTESIAN_POINT ( 'NONE',  ( 0.000000000000000000, 0.000000000000000000, 49.44569045728920287 ) ) ;
#823 = ORIENTED_EDGE ( 'NONE', *, *, #1097, .F. ) ;
#824 = DIRECTION ( 'NONE',  ( 0.9999222924809748614, -0.01246631459541499773, 0.000000000000000000 ) ) ;
#825 = EDGE_CURVE ( 'NONE', #796, #2994, #4191, .T. ) ;
#826 = DIRECTION ( 'NONE',  ( 1.000000000000000000, 0.000000000000000000, 0.000000000000000000 ) ) ;
#827 = AXIS2_PLACEMENT_3D ( 'NONE', #1047, #2751, #2336 ) ;
#828 = FACE_OUTER_BOUND ( 'NONE', #3409, .T. ) ;
#829 = CARTESIAN_POINT ( 'NONE',  ( 8.222570980932687235, -0.3400626758755433965, 19.76999999999999957 ) ) ;
#830 = ORIENTED_EDGE ( 'NONE', *, *, #1284, .T. ) ;
#831 = ORIENTED_EDGE ( 'NONE', *, *, #1966, .F. ) ;
#832 = CARTESIAN_POINT ( 'NONE',  ( 1.347183349654737405, 8.793755758770709363, 19.76999999999999957 ) ) ;
#833 = CARTESIAN_POINT ( 'NONE',  ( 4.429546680213249488, 7.715190181085091581, 19.76999999999999957 ) ) ;
#834 = ORIENTED_EDGE ( 'NONE', *, *, #367, .F. ) ;
#835 = DIRECTION ( 'NONE',  ( -0.9999222924809748614, -0.01246631459540549665, 0.000000000000000000 ) ) ;
#836 = ORIENTED_EDGE ( 'NONE', *, *, #1136, .T. ) ;
#837 = DIRECTION ( 'NONE',  ( 0.000000000000000000, 0.000000000000000000, -1.000000000000000000 ) ) ;
#838 = EDGE_CURVE ( 'NONE', #1165, #2493, #3130, .T. ) ;
#839 = ORIENTED_EDGE ( 'NONE', *, *, #256, .T. ) ;
#840 = VECTOR ( 'NONE', #582, 1000.000000000000114 ) ;
#841 = CARTESIAN_POINT ( 'NONE',  ( 9.626600000000001600, 1.285456635959014851E-15, 23.83399999999999963 ) ) ;
#842 = DIRECTION ( 'NONE',  ( 0.6136947947920378121, -0.7895433483002427533, 0.000000000000000000 ) ) ;
#843 = DIRECTION ( 'NONE',  ( 0.000000000000000000, 0.000000000000000000, -1.000000000000000000 ) ) ;
#844 = ORIENTED_EDGE ( 'NONE', *, *, #2438, .F. ) ;
#845 = ORIENTED_EDGE ( 'NONE', *, *, #2629, .T. ) ;
#846 = DIRECTION ( 'NONE',  ( 0.2103498843454958966, -0.9776261689193044280, 0.000000000000000000 ) ) ;
#847 = VECTOR ( 'NONE', #758, 1000.000000000000114 ) ;
#848 = VECTOR ( 'NONE', #1317, 1000.000000000000000 ) ;
#849 = VECTOR ( 'NONE', #1308, 1000.000000000000114 ) ;
#850 = CARTESIAN_POINT ( 'NONE',  ( 0.000000000000000000, 0.000000000000000000, 13.00000000000000178 ) ) ;
#851 = PRODUCT_DEFINITION_CONTEXT ( 'detailed design', #3597, 'design' ) ;
#852 = EDGE_CURVE ( 'NONE', #1731, #239, #91, .T. ) ;
#853 = DIRECTION ( 'NONE',  ( 0.000000000000000000, 1.000000000000000000, 0.000000000000000000 ) ) ;
#854 = DIRECTION ( 'NONE',  ( 1.047444401652940164E-14, 1.000000000000000000, 0.000000000000000000 ) ) ;
#855 = ORIENTED_EDGE ( 'NONE', *, *, #2250, .F. ) ;
#856 = CIRCLE ( 'NONE', #3550, 9.000000000000000000 ) ;
#857 = CARTESIAN_POINT ( 'NONE',  ( -7.555828133281431214, -3.261253958267099851, 19.76999999999999957 ) ) ;
#858 = CARTESIAN_POINT ( 'NONE',  ( 2.601697372106578143, 8.507421119615139915, 25.35104857481265839 ) ) ;
#859 = ORIENTED_EDGE ( 'NONE', *, *, #232, .T. ) ;
#860 = LINE ( 'NONE', #529, #433 ) ;
#861 = ORIENTED_EDGE ( 'NONE', *, *, #4316, .T. ) ;
#862 = FACE_OUTER_BOUND ( 'NONE', #4272, .T. ) ;
#863 = VECTOR ( 'NONE', #835, 1000.000000000000227 ) ;
#864 = VECTOR ( 'NONE', #690, 1000.000000000000000 ) ;
#865 = EDGE_LOOP ( 'NONE', ( #3351, #1661, #3194, #729 ) ) ;
#866 = VECTOR ( 'NONE', #991, 1000.000000000000114 ) ;
#867 = ADVANCED_FACE ( 'NONE', ( #3173 ), #2775, .T. ) ;
#868 = CARTESIAN_POINT ( 'NONE',  ( 0.000000000000000000, 0.000000000000000000, 13.00000000000000178 ) ) ;
#869 = CARTESIAN_POINT ( 'NONE',  ( -3.270201394830453356, -8.273501444959631357, 23.83399999999999963 ) ) ;
#870 = CARTESIAN_POINT ( 'NONE',  ( 0.000000000000000000, 0.000000000000000000, 3.000000000000000000 ) ) ;
#871 = VERTEX_POINT ( 'NONE', #2525 ) ;
#872 = VECTOR ( 'NONE', #3661, 1000.000000000000114 ) ;
#873 = ADVANCED_FACE ( 'NONE', ( #2816 ), #3748, .T. ) ;
#874 = ORIENTED_EDGE ( 'NONE', *, *, #3812, .F. ) ;
#875 = CARTESIAN_POINT ( 'NONE',  ( -6.320508075688764826, -9.381105588101710271E-16, 13.00000000000000178 ) ) ;
#876 = LINE ( 'NONE', #3583, #3560 ) ;
#877 = CARTESIAN_POINT ( 'NONE',  ( 0.6433880940203695609, -8.873054439310790187, 19.76999999999999957 ) ) ;
#878 = AXIS2_PLACEMENT_3D ( 'NONE', #3301, #255, #2204 ) ;
#879 = CARTESIAN_POINT ( 'NONE',  ( 8.873054439310786634, 0.6433880940203383636, 23.83399999999999963 ) ) ;
#880 = AXIS2_PLACEMENT_3D ( 'NONE', #3671, #3364, #1606 ) ;
#881 = CARTESIAN_POINT ( 'NONE',  ( -8.507421119615120375, 2.601697372106670070, 25.35104857481265839 ) ) ;
#882 = ORIENTED_EDGE ( 'NONE', *, *, #1100, .F. ) ;
#883 = DIRECTION ( 'NONE',  ( -1.000000000000000000, 0.000000000000000000, 0.000000000000000000 ) ) ;
#884 = ORIENTED_EDGE ( 'NONE', *, *, #1965, .T. ) ;
#885 = VECTOR ( 'NONE', #2144, 1000.000000000000000 ) ;
#886 = PLANE ( 'NONE',  #4348 ) ;
#887 = ORIENTED_EDGE ( 'NONE', *, *, #1734, .F. ) ;
#888 = CARTESIAN_POINT ( 'NONE',  ( 0.000000000000000000, 0.000000000000000000, 49.44569045728920287 ) ) ;
#889 = ORIENTED_EDGE ( 'NONE', *, *, #2380, .F. ) ;
#890 = DIRECTION ( 'NONE',  ( -1.224646799147353207E-16, 1.000000000000000000, 0.000000000000000000 ) ) ;
#891 = CARTESIAN_POINT ( 'NONE',  ( -1.498157579596849587, 8.092085023447079806, 19.76999999999999957 ) ) ;
#892 = DIRECTION ( 'NONE',  ( 0.000000000000000000, 0.000000000000000000, -1.000000000000000000 ) ) ;
#893 = VERTEX_POINT ( 'NONE', #1156 ) ;
#894 = ORIENTED_EDGE ( 'NONE', *, *, #256, .F. ) ;
#895 = ORIENTED_EDGE ( 'NONE', *, *, #3347, .T. ) ;
#896 = DIRECTION ( 'NONE',  ( -0.2103498843455020306, -0.9776261689193032067, 0.000000000000000000 ) ) ;
#897 = DIRECTION ( 'NONE',  ( 0.000000000000000000, 0.000000000000000000, 1.000000000000000000 ) ) ;
#898 = CARTESIAN_POINT ( 'NONE',  ( 7.338379221564887089, -5.029237886897449883, 25.45808833122222836 ) ) ;
#899 = CARTESIAN_POINT ( 'NONE',  ( -6.536087391046780937, 6.035280021597940525, 25.45808833122222836 ) ) ;
#900 = DIRECTION ( 'NONE',  ( 0.2225209339563111177, -0.9749279121818243965, 0.000000000000000000 ) ) ;
#901 = ORIENTED_EDGE ( 'NONE', *, *, #1038, .T. ) ;
#902 = DIRECTION ( 'NONE',  ( 1.000000000000000000, 0.000000000000000000, 0.000000000000000000 ) ) ;
#903 = ORIENTED_EDGE ( 'NONE', *, *, #1752, .F. ) ;
#904 = EDGE_CURVE ( 'NONE', #2493, #3170, #3794, .T. ) ;
#905 = ORIENTED_EDGE ( 'NONE', *, *, #2747, .T. ) ;
#906 = ORIENTED_EDGE ( 'NONE', *, *, #2222, .F. ) ;
#907 = ADVANCED_FACE ( 'NONE', ( #780 ), #3528, .T. ) ;
#908 = CARTESIAN_POINT ( 'NONE',  ( 5.392560857682859421, -6.216639249320060401, 23.83399999999999963 ) ) ;
#909 = ADVANCED_FACE ( 'NONE', ( #136 ), #2128, .T. ) ;
#910 = EDGE_CURVE ( 'NONE', #3631, #2107, #2174, .T. ) ;
#911 = EDGE_CURVE ( 'NONE', #3659, #308, #1835, .T. ) ;
#912 = VECTOR ( 'NONE', #2569, 1000.000000000000000 ) ;
#913 = LINE ( 'NONE', #221, #2996 ) ;
#914 = CARTESIAN_POINT ( 'NONE',  ( 5.029237886897377052, -7.338379221564938604, 19.76999999999999957 ) ) ;
#915 = LINE ( 'NONE', #269, #2411 ) ;
#916 = EDGE_LOOP ( 'NONE', ( #2166, #2705, #1352, #331 ) ) ;
#917 = VERTEX_POINT ( 'NONE', #486 ) ;
#918 = VERTEX_POINT ( 'NONE', #4165 ) ;
#919 = VECTOR ( 'NONE', #3771, 1000.000000000000000 ) ;
#920 = CARTESIAN_POINT ( 'NONE',  ( 1.347183349654678564, -8.793755758770720021, 25.35104857481265128 ) ) ;
#921 = DIRECTION ( 'NONE',  ( 1.000000000000000000, 0.000000000000000000, 0.000000000000000000 ) ) ;
#922 = VECTOR ( 'NONE', #1115, 1000.000000000000114 ) ;
#923 = CARTESIAN_POINT ( 'NONE',  ( 8.092085023447047831, -1.498157579596979705, 23.83399999999999963 ) ) ;
#924 = DIRECTION ( 'NONE',  ( -0.6331879092341309301, 0.7739981082662347189, 0.000000000000000000 ) ) ;
#925 = AXIS2_PLACEMENT_3D ( 'NONE', #3980, #4024, #988 ) ;
#926 = DIRECTION ( 'NONE',  ( 0.000000000000000000, 0.000000000000000000, -1.000000000000000000 ) ) ;
#927 = VECTOR ( 'NONE', #4327, 1000.000000000000114 ) ;
#928 = EDGE_CURVE ( 'NONE', #1736, #2143, #2840, .T. ) ;
#929 = EDGE_LOOP ( 'NONE', ( #1269, #546, #1044, #171 ) ) ;
#930 = DIRECTION ( 'NONE',  ( 1.000000000000000000, 0.000000000000000000, 0.000000000000000000 ) ) ;
#931 = EDGE_CURVE ( 'NONE', #2635, #1163, #3199, .T. ) ;
#932 = ORIENTED_EDGE ( 'NONE', *, *, #2802, .F. ) ;
#933 = ORIENTED_EDGE ( 'NONE', *, *, #542, .F. ) ;
#934 = AXIS2_PLACEMENT_3D ( 'NONE', #3388, #3413, #1392 ) ;
#935 = VERTEX_POINT ( 'NONE', #3443 ) ;
#936 = CARTESIAN_POINT ( 'NONE',  ( -7.260732802595062374, -3.874025726465959885, 19.76999999999999957 ) ) ;
#937 = CARTESIAN_POINT ( 'NONE',  ( 8.273501444959658002, 3.270201394830370312, 19.76999999999999957 ) ) ;
#938 = CARTESIAN_POINT ( 'NONE',  ( -7.555828133281361936, 3.261253958267261055, 23.83399999999999963 ) ) ;
#939 = DIRECTION ( 'NONE',  ( -0.2225209339563049560, 0.9749279121818257288, 0.000000000000000000 ) ) ;
#940 = EDGE_LOOP ( 'NONE', ( #1763, #1074, #3076, #2314 ) ) ;
#941 = ORIENTED_EDGE ( 'NONE', *, *, #118, .F. ) ;
#942 = ORIENTED_EDGE ( 'NONE', *, *, #1873, .T. ) ;
#943 = CARTESIAN_POINT ( 'NONE',  ( -7.715190181085143983, -4.429546680213169552, 19.76999999999999957 ) ) ;
#944 = VECTOR ( 'NONE', #1440, 1000.000000000000000 ) ;
#945 = LINE ( 'NONE', #4262, #2132 ) ;
#946 = VECTOR ( 'NONE', #2535, 1000.000000000000000 ) ;
#947 = DIRECTION ( 'NONE',  ( 0.000000000000000000, 0.000000000000000000, 1.000000000000000000 ) ) ;
#948 = AXIS2_PLACEMENT_3D ( 'NONE', #1564, #3275, #610 ) ;
#949 = DIRECTION ( 'NONE',  ( 0.6234898018587349267, 0.7818314824680288044, 0.000000000000000000 ) ) ;
#950 = EDGE_CURVE ( 'NONE', #3931, #3054, #3832, .T. ) ;
#951 = DIRECTION ( 'NONE',  ( -0.8954899246573048144, -0.4450817844365848597, 0.000000000000000000 ) ) ;
#952 = DIRECTION ( 'NONE',  ( -0.2346574004677160763, -0.9720781369857743881, 0.000000000000000000 ) ) ;
#953 = AXIS2_PLACEMENT_3D ( 'NONE', #3277, #2277, #4338 ) ;
#954 = ORIENTED_EDGE ( 'NONE', *, *, #1558, .T. ) ;
#955 = DIRECTION ( 'NONE',  ( -0.7895433483002288755, 0.6136947947920559088, 0.000000000000000000 ) ) ;
#956 = ORIENTED_EDGE ( 'NONE', *, *, #2862, .T. ) ;
#957 = AXIS2_PLACEMENT_3D ( 'NONE', #1135, #824, #1537 ) ;
#958 = ORIENTED_EDGE ( 'NONE', *, *, #3177, .T. ) ;
#959 = ORIENTED_EDGE ( 'NONE', *, *, #1332, .T. ) ;
#960 = FACE_OUTER_BOUND ( 'NONE', #3278, .T. ) ;
#961 = DIRECTION ( 'NONE',  ( 0.000000000000000000, 0.000000000000000000, -1.000000000000000000 ) ) ;
#962 = PLANE ( 'NONE',  #1208 ) ;
#963 = ORIENTED_EDGE ( 'NONE', *, *, #2765, .F. ) ;
#964 = EDGE_CURVE ( 'NONE', #1307, #2009, #2109, .T. ) ;
#965 = ADVANCED_FACE ( 'NONE', ( #2975 ), #603, .T. ) ;
#966 = ORIENTED_EDGE ( 'NONE', *, *, #1424, .T. ) ;
#967 = FACE_OUTER_BOUND ( 'NONE', #1853, .T. ) ;
#968 = LINE ( 'NONE', #1106, #3697 ) ;
#969 = LINE ( 'NONE', #276, #2692 ) ;
#970 = DIRECTION ( 'NONE',  ( 0.000000000000000000, 0.000000000000000000, -1.000000000000000000 ) ) ;
#971 = CARTESIAN_POINT ( 'NONE',  ( -6.640690470122431854, -4.860817445659238345, 19.76999999999999957 ) ) ;
#972 = EDGE_CURVE ( 'NONE', #2764, #577, #203, .T. ) ;
#973 = CARTESIAN_POINT ( 'NONE',  ( -0.3400626758755173618, -8.222570980932690787, 19.76999999999999957 ) ) ;
#974 = ORIENTED_EDGE ( 'NONE', *, *, #3870, .T. ) ;
#975 = DIRECTION ( 'NONE',  ( -3.491481338843130200E-15, -1.000000000000000000, 0.000000000000000000 ) ) ;
#976 = ORIENTED_EDGE ( 'NONE', *, *, #320, .F. ) ;
#977 = ORIENTED_EDGE ( 'NONE', *, *, #1474, .F. ) ;
#978 = VERTEX_POINT ( 'NONE', #2884 ) ;
#979 = EDGE_CURVE ( 'NONE', #3503, #1165, #3948, .T. ) ;
#980 = LINE ( 'NONE', #292, #514 ) ;
#981 = DIRECTION ( 'NONE',  ( 0.000000000000000000, 0.000000000000000000, -1.000000000000000000 ) ) ;
#982 = LINE ( 'NONE', #4352, #1945 ) ;
#983 = EDGE_CURVE ( 'NONE', #43, #4013, #1220, .T. ) ;
#984 = VERTEX_POINT ( 'NONE', #2243 ) ;
#985 = ORIENTED_EDGE ( 'NONE', *, *, #2259, .T. ) ;
#986 = CARTESIAN_POINT ( 'NONE',  ( 8.873054439310786634, 0.6433880940203383636, 25.28650512035034126 ) ) ;
#987 = FACE_OUTER_BOUND ( 'NONE', #735, .T. ) ;
#988 = DIRECTION ( 'NONE',  ( 0.000000000000000000, 0.000000000000000000, -1.000000000000000000 ) ) ;
#989 = FACE_OUTER_BOUND ( 'NONE', #3570, .T. ) ;
#990 = CARTESIAN_POINT ( 'NONE',  ( 4.429546680213249488, 7.715190181085091581, 23.83399999999999963 ) ) ;
#991 = DIRECTION ( 'NONE',  ( 0.7895433483002332054, -0.6136947947920502466, 0.000000000000000000 ) ) ;
#992 = AXIS2_PLACEMENT_3D ( 'NONE', #2069, #2797, #2819 ) ;
#993 = VERTEX_POINT ( 'NONE', #512 ) ;
#994 = CARTESIAN_POINT ( 'NONE',  ( -7.715190181085143983, -4.429546680213169552, 19.76999999999999957 ) ) ;
#995 = ORIENTED_EDGE ( 'NONE', *, *, #3853, .F. ) ;
#996 = VECTOR ( 'NONE', #2335, 1000.000000000000000 ) ;
#997 = AXIS2_PLACEMENT_3D ( 'NONE', #2763, #2183, #3801 ) ;
#998 = VERTEX_POINT ( 'NONE', #3246 ) ;
#999 = LINE ( 'NONE', #702, #1839 ) ;
#1000 = VERTEX_POINT ( 'NONE', #4255 ) ;
#1001 = CARTESIAN_POINT ( 'NONE',  ( -7.940742894968079391, -2.161230768801430724, 23.83399999999999963 ) ) ;
#1002 = ORIENTED_EDGE ( 'NONE', *, *, #3852, .T. ) ;
#1003 = FACE_OUTER_BOUND ( 'NONE', #3951, .T. ) ;
#1004 = EDGE_CURVE ( 'NONE', #2269, #1212, #4279, .T. ) ;
#1005 = LINE ( 'NONE', #2334, #2772 ) ;
#1006 = DIRECTION ( 'NONE',  ( 0.8954899246573018168, 0.4450817844365908549, 0.000000000000000000 ) ) ;
#1007 = LINE ( 'NONE', #673, #3164 ) ;
#1008 = CIRCLE ( 'NONE', #4050, 8.896349999999999980 ) ;
#1009 = CARTESIAN_POINT ( 'NONE',  ( 8.273501444959640239, -3.270201394830420494, 23.83399999999999963 ) ) ;
#1010 = CARTESIAN_POINT ( 'NONE',  ( -8.092085023447042502, 1.498157579597040545, 19.76999999999999957 ) ) ;
#1011 = VECTOR ( 'NONE', #3711, 1000.000000000000227 ) ;
#1012 = ORIENTED_EDGE ( 'NONE', *, *, #473, .F. ) ;
#1013 = DIRECTION ( 'NONE',  ( 0.6331879092341461401, 0.7739981082662222844, 0.000000000000000000 ) ) ;
#1014 = ORIENTED_EDGE ( 'NONE', *, *, #3077, .F. ) ;
#1015 = EDGE_CURVE ( 'NONE', #2665, #2601, #1292, .T. ) ;
#1016 = ORIENTED_EDGE ( 'NONE', *, *, #656, .F. ) ;
#1017 = ORIENTED_EDGE ( 'NONE', *, *, #2410, .T. ) ;
#1018 = VERTEX_POINT ( 'NONE', #3926 ) ;
#1019 = VECTOR ( 'NONE', #2600, 1000.000000000000000 ) ;
#1020 = ORIENTED_EDGE ( 'NONE', *, *, #4228, .F. ) ;
#1021 = DIRECTION ( 'NONE',  ( 0.000000000000000000, 0.000000000000000000, 1.000000000000000000 ) ) ;
#1022 = VERTEX_POINT ( 'NONE', #1927 ) ;
#1023 = CYLINDRICAL_SURFACE ( 'NONE', #3742, 8.896349999999999980 ) ;
#1024 = VECTOR ( 'NONE', #3168, 1000.000000000000000 ) ;
#1025 = DIRECTION ( 'NONE',  ( -1.000000000000000000, 0.000000000000000000, 0.000000000000000000 ) ) ;
#1026 = DIRECTION ( 'NONE',  ( 0.000000000000000000, 0.000000000000000000, -1.000000000000000000 ) ) ;
#1027 = DIRECTION ( 'NONE',  ( 0.7739981082662321654, 0.6331879092341341497, 0.000000000000000000 ) ) ;
#1028 = DIRECTION ( 'NONE',  ( 0.000000000000000000, 0.000000000000000000, -1.000000000000000000 ) ) ;
#1029 = ORIENTED_EDGE ( 'NONE', *, *, #972, .F. ) ;
#1030 = FACE_OUTER_BOUND ( 'NONE', #2881, .T. ) ;
#1031 = ORIENTED_EDGE ( 'NONE', *, *, #4122, .F. ) ;
#1032 = DIRECTION ( 'NONE',  ( 0.2346574004677099701, -0.9720781369857759424, 0.000000000000000000 ) ) ;
#1033 = ORIENTED_EDGE ( 'NONE', *, *, #1702, .T. ) ;
#1034 = ORIENTED_EDGE ( 'NONE', *, *, #319, .T. ) ;
#1035 = CARTESIAN_POINT ( 'NONE',  ( 1.347183349654678564, -8.793755758770720021, 23.83399999999999963 ) ) ;
#1036 = EDGE_CURVE ( 'NONE', #2760, #2592, #1904, .T. ) ;
#1037 = VECTOR ( 'NONE', #2023, 1000.000000000000000 ) ;
#1038 = EDGE_CURVE ( 'NONE', #1998, #2586, #4231, .T. ) ;
#1039 = EDGE_CURVE ( 'NONE', #2020, #812, #3600, .T. ) ;
#1040 = ORIENTED_EDGE ( 'NONE', *, *, #4180, .T. ) ;
#1041 = DIRECTION ( 'NONE',  ( 1.000000000000000000, 0.000000000000000000, 0.000000000000000000 ) ) ;
#1042 = ADVANCED_FACE ( 'NONE', ( #184 ), #643, .T. ) ;
#1043 = EDGE_CURVE ( 'NONE', #4297, #2032, #1598, .T. ) ;
#1044 = ORIENTED_EDGE ( 'NONE', *, *, #3535, .F. ) ;
#1045 = FACE_OUTER_BOUND ( 'NONE', #3694, .T. ) ;
#1046 = DIRECTION ( 'NONE',  ( 0.000000000000000000, 0.000000000000000000, -1.000000000000000000 ) ) ;
#1047 = CARTESIAN_POINT ( 'NONE',  ( 7.715190181085077370, -4.429546680213270804, 25.38015917909807584 ) ) ;
#1048 = LINE ( 'NONE', #1401, #1310 ) ;
#1049 = DIRECTION ( 'NONE',  ( 0.000000000000000000, 0.000000000000000000, 1.000000000000000000 ) ) ;
#1050 = DIRECTION ( 'NONE',  ( 0.2103498843454958966, -0.9776261689193044280, 0.000000000000000000 ) ) ;
#1051 = ORIENTED_EDGE ( 'NONE', *, *, #2611, .F. ) ;
#1052 = PLANE ( 'NONE',  #2114 ) ;
#1053 = ORIENTED_EDGE ( 'NONE', *, *, #334, .T. ) ;
#1054 = ADVANCED_FACE ( 'NONE', ( #2548 ), #3555, .T. ) ;
#1055 = ORIENTED_EDGE ( 'NONE', *, *, #1502, .F. ) ;
#1056 = CARTESIAN_POINT ( 'NONE',  ( 0.000000000000000000, 0.000000000000000000, 19.76999999999999957 ) ) ;
#1057 = DIRECTION ( 'NONE',  ( 0.000000000000000000, 0.000000000000000000, -1.000000000000000000 ) ) ;
#1058 = AXIS2_PLACEMENT_3D ( 'NONE', #986, #3667, #649 ) ;
#1059 = VECTOR ( 'NONE', #3227, 1000.000000000000000 ) ;
#1060 = AXIS2_PLACEMENT_3D ( 'NONE', #1713, #3050, #307 ) ;
#1061 = ORIENTED_EDGE ( 'NONE', *, *, #393, .F. ) ;
#1062 = CARTESIAN_POINT ( 'NONE',  ( 5.029237886897377052, -7.338379221564938604, 19.76999999999999957 ) ) ;
#1063 = VERTEX_POINT ( 'NONE', #3975 ) ;
#1064 = FACE_OUTER_BOUND ( 'NONE', #3440, .T. ) ;
#1065 = VECTOR ( 'NONE', #1197, 1000.000000000000114 ) ;
#1066 = AXIS2_PLACEMENT_3D ( 'NONE', #1679, #4366, #2348 ) ;
#1067 = LINE ( 'NONE', #2419, #4120 ) ;
#1068 = DIRECTION ( 'NONE',  ( 0.000000000000000000, 0.000000000000000000, -1.000000000000000000 ) ) ;
#1069 = FACE_OUTER_BOUND ( 'NONE', #3733, .T. ) ;
#1070 = DIRECTION ( 'NONE',  ( -0.9063077870366501587, 0.4226182617406990527, 0.000000000000000000 ) ) ;
#1071 = LINE ( 'NONE', #3157, #1298 ) ;
#1072 = EDGE_CURVE ( 'NONE', #508, #1022, #915, .T. ) ;
#1073 = AXIS2_PLACEMENT_3D ( 'NONE', #850, #2229, #2910 ) ;
#1074 = ORIENTED_EDGE ( 'NONE', *, *, #29, .F. ) ;
#1075 = VECTOR ( 'NONE', #1617, 1000.000000000000000 ) ;
#1076 = DIRECTION ( 'NONE',  ( -1.000000000000000000, 0.000000000000000000, 0.000000000000000000 ) ) ;
#1077 = VECTOR ( 'NONE', #2714, 1000.000000000000114 ) ;
#1078 = ORIENTED_EDGE ( 'NONE', *, *, #1641, .F. ) ;
#1079 = VERTEX_POINT ( 'NONE', #2949 ) ;
#1080 = DIRECTION ( 'NONE',  ( 0.8954899246572962657, -0.4450817844366020681, 0.000000000000000000 ) ) ;
#1081 = CARTESIAN_POINT ( 'NONE',  ( 9.000000000000000000, 0.000000000000000000, 3.000000000000000000 ) ) ;
#1082 = VECTOR ( 'NONE', #2997, 1000.000000000000000 ) ;
#1083 = CARTESIAN_POINT ( 'NONE',  ( -3.270201394830453356, -8.273501444959631357, 23.83399999999999963 ) ) ;
#1084 = VECTOR ( 'NONE', #785, 1000.000000000000000 ) ;
#1085 = VERTEX_POINT ( 'NONE', #1266 ) ;
#1086 = DIRECTION ( 'NONE',  ( 0.4450817844365988485, 0.8954899246572978200, 0.000000000000000000 ) ) ;
#1087 = ORIENTED_EDGE ( 'NONE', *, *, #3121, .T. ) ;
#1088 = FACE_BOUND ( 'NONE', #2851, .T. ) ;
#1089 = VECTOR ( 'NONE', #51, 1000.000000000000000 ) ;
#1090 = DIRECTION ( 'NONE',  ( 0.000000000000000000, 0.000000000000000000, -1.000000000000000000 ) ) ;
#1091 = LINE ( 'NONE', #1464, #3184 ) ;
#1092 = EDGE_CURVE ( 'NONE', #1376, #3684, #3578, .T. ) ;
#1093 = EDGE_CURVE ( 'NONE', #3054, #58, #856, .T. ) ;
#1094 = LINE ( 'NONE', #2445, #3709 ) ;
#1095 = VECTOR ( 'NONE', #1921, 1000.000000000000000 ) ;
#1096 = CARTESIAN_POINT ( 'NONE',  ( -6.536087391046780937, 6.035280021597940525, 19.76999999999999957 ) ) ;
#1097 = EDGE_CURVE ( 'NONE', #2601, #1170, #1884, .T. ) ;
#1098 = EDGE_CURVE ( 'NONE', #3716, #2378, #2706, .T. ) ;
#1099 = FACE_OUTER_BOUND ( 'NONE', #617, .T. ) ;
#1100 = EDGE_CURVE ( 'NONE', #1389, #3767, #3392, .T. ) ;
#1101 = CARTESIAN_POINT ( 'NONE',  ( 5.029237886897377052, -7.338379221564938604, 25.45808833122222836 ) ) ;
#1102 = ORIENTED_EDGE ( 'NONE', *, *, #195, .T. ) ;
#1103 = ORIENTED_EDGE ( 'NONE', *, *, #2720, .T. ) ;
#1104 = CARTESIAN_POINT ( 'NONE',  ( -6.035280021597783318, 6.536087391046930151, 25.45808833122222836 ) ) ;
#1105 = FACE_OUTER_BOUND ( 'NONE', #2050, .T. ) ;
#1106 = CARTESIAN_POINT ( 'NONE',  ( -4.860817445659352920, -6.640690470122337707, 25.45808833122222836 ) ) ;
#1107 = ORIENTED_EDGE ( 'NONE', *, *, #174, .F. ) ;
#1108 = CARTESIAN_POINT ( 'NONE',  ( -5.392560857682950015, -6.216639249319991123, 23.83399999999999963 ) ) ;
#1109 = EDGE_CURVE ( 'NONE', #3745, #351, #3691, .T. ) ;
#1110 = VERTEX_POINT ( 'NONE', #646 ) ;
#1111 = EDGE_CURVE ( 'NONE', #4383, #176, #2766, .T. ) ;
#1112 = ADVANCED_FACE ( 'NONE', ( #3082 ), #3356, .T. ) ;
#1113 = CARTESIAN_POINT ( 'NONE',  ( -8.873054439310781305, 0.6433880940204614873, 25.28650512035034126 ) ) ;
#1114 = DIRECTION ( 'NONE',  ( -3.491481338843130200E-15, -1.000000000000000000, 0.000000000000000000 ) ) ;
#1115 = DIRECTION ( 'NONE',  ( -0.9063077870366454958, 0.4226182617407091002, 0.000000000000000000 ) ) ;
#1116 =( NAMED_UNIT ( * ) PLANE_ANGLE_UNIT ( ) SI_UNIT ( $, .RADIAN. ) );
#1117 = CARTESIAN_POINT ( 'NONE',  ( 3.261253958267179343, 7.555828133281400127, 19.76999999999999957 ) ) ;
#1118 = LINE ( 'NONE', #3448, #2261 ) ;
#1119 = VECTOR ( 'NONE', #3354, 1000.000000000000114 ) ;
#1120 = CARTESIAN_POINT ( 'NONE',  ( -8.793755758770734232, -1.347183349654650808, 19.76999999999999957 ) ) ;
#1121 = ORIENTED_EDGE ( 'NONE', *, *, #2835, .F. ) ;
#1122 = ORIENTED_EDGE ( 'NONE', *, *, #381, .T. ) ;
#1123 = DIRECTION ( 'NONE',  ( 0.000000000000000000, 0.000000000000000000, -1.000000000000000000 ) ) ;
#1124 = DIRECTION ( 'NONE',  ( 0.000000000000000000, 0.000000000000000000, -1.000000000000000000 ) ) ;
#1125 = FACE_OUTER_BOUND ( 'NONE', #2742, .T. ) ;
#1126 = VECTOR ( 'NONE', #37, 1000.000000000000000 ) ;
#1127 = EDGE_LOOP ( 'NONE', ( #1676, #3673, #1370, #2729 ) ) ;
#1128 = DIRECTION ( 'NONE',  ( -1.000000000000000000, 0.000000000000000000, 0.000000000000000000 ) ) ;
#1129 = VECTOR ( 'NONE', #172, 999.9999999999998863 ) ;
#1130 = ORIENTED_EDGE ( 'NONE', *, *, #3401, .T. ) ;
#1131 = AXIS2_PLACEMENT_3D ( 'NONE', #2451, #3785, #1123 ) ;
#1132 = CARTESIAN_POINT ( 'NONE',  ( -3.874025726465942565, 7.260732802595071256, 19.76999999999999957 ) ) ;
#1133 = DIRECTION ( 'NONE',  ( -1.000000000000000000, 0.000000000000000000, 0.000000000000000000 ) ) ;
#1134 = DIRECTION ( 'NONE',  ( 0.6136947947920378121, -0.7895433483002427533, 0.000000000000000000 ) ) ;
#1135 = CARTESIAN_POINT ( 'NONE',  ( 3.270201394830387631, 8.273501444959650897, 25.38015917909807584 ) ) ;
#1136 = EDGE_CURVE ( 'NONE', #935, #3170, #46, .T. ) ;
#1137 = DIRECTION ( 'NONE',  ( 0.9720781369857750542, 0.2346574004677129954, 0.000000000000000000 ) ) ;
#1138 = CARTESIAN_POINT ( 'NONE',  ( -8.873054439310800845, -0.6433880940202758580, 23.83399999999999963 ) ) ;
#1139 = DIRECTION ( 'NONE',  ( 1.000000000000000000, 0.000000000000000000, 0.000000000000000000 ) ) ;
#1140 = ORIENTED_EDGE ( 'NONE', *, *, #2521, .F. ) ;
#1141 = ORIENTED_EDGE ( 'NONE', *, *, #1036, .F. ) ;
#1142 = CARTESIAN_POINT ( 'NONE',  ( -8.793755758770698705, 1.347183349654829554, 25.35104857481265839 ) ) ;
#1143 = CARTESIAN_POINT ( 'NONE',  ( -7.338379221564959920, -5.029237886897349519, 25.45808833122222836 ) ) ;
#1144 = EDGE_CURVE ( 'NONE', #1396, #1453, #1989, .T. ) ;
#1145 = ADVANCED_FACE ( 'NONE', ( #2351, #1995 ), #962, .T. ) ;
#1146 = AXIS2_PLACEMENT_3D ( 'NONE', #2122, #2497, #3919 ) ;
#1147 = VERTEX_POINT ( 'NONE', #3723 ) ;
#1148 = CARTESIAN_POINT ( 'NONE',  ( -8.273501444959682871, -3.270201394830311248, 23.83399999999999963 ) ) ;
#1149 = VECTOR ( 'NONE', #811, 1000.000000000000000 ) ;
#1150 = VERTEX_POINT ( 'NONE', #3038 ) ;
#1151 = LINE ( 'NONE', #816, #2439 ) ;
#1152 = EDGE_CURVE ( 'NONE', #1153, #262, #2313, .T. ) ;
#1153 = VERTEX_POINT ( 'NONE', #2371 ) ;
#1154 = FACE_OUTER_BOUND ( 'NONE', #4074, .T. ) ;
#1155 = CARTESIAN_POINT ( 'NONE',  ( 7.715190181085109344, 4.429546680213220178, 19.76999999999999957 ) ) ;
#1156 = CARTESIAN_POINT ( 'NONE',  ( -6.216639249319970695, 5.392560857682971331, 23.83399999999999963 ) ) ;
#1157 = ORIENTED_EDGE ( 'NONE', *, *, #2015, .F. ) ;
#1158 = VECTOR ( 'NONE', #2556, 1000.000000000000114 ) ;
#1159 = FACE_OUTER_BOUND ( 'NONE', #3864, .T. ) ;
#1160 = DIRECTION ( 'NONE',  ( 0.000000000000000000, 0.000000000000000000, 1.000000000000000000 ) ) ;
#1161 = LINE ( 'NONE', #2890, #595 ) ;
#1162 = CARTESIAN_POINT ( 'NONE',  ( -7.338379221564852450, 5.029237886897500509, 23.83399999999999963 ) ) ;
#1163 = VERTEX_POINT ( 'NONE', #2059 ) ;
#1164 = ADVANCED_FACE ( 'NONE', ( #622 ), #2037, .T. ) ;
#1165 = VERTEX_POINT ( 'NONE', #2686 ) ;
#1166 = LINE ( 'NONE', #500, #3402 ) ;
#1167 = CARTESIAN_POINT ( 'NONE',  ( 6.035280021597869471, 6.536087391046850215, 19.76999999999999957 ) ) ;
#1168 = VERTEX_POINT ( 'NONE', #1001 ) ;
#1169 = FACE_OUTER_BOUND ( 'NONE', #3977, .T. ) ;
#1170 = VERTEX_POINT ( 'NONE', #378 ) ;
#1171 = CARTESIAN_POINT ( 'NONE',  ( 0.000000000000000000, 0.000000000000000000, 49.44569045728920287 ) ) ;
#1172 = VERTEX_POINT ( 'NONE', #3682 ) ;
#1173 = EDGE_CURVE ( 'NONE', #978, #3587, #1377, .T. ) ;
#1174 = EDGE_CURVE ( 'NONE', #6, #2908, #3370, .T. ) ;
#1175 = DIRECTION ( 'NONE',  ( 0.000000000000000000, 0.000000000000000000, -1.000000000000000000 ) ) ;
#1176 = CARTESIAN_POINT ( 'NONE',  ( 3.261253958267179343, 7.555828133281400127, 19.76999999999999957 ) ) ;
#1177 = EDGE_CURVE ( 'NONE', #893, #335, #982, .T. ) ;
#1178 = CARTESIAN_POINT ( 'NONE',  ( -7.555828133281431214, -3.261253958267099851, 25.38015917909806873 ) ) ;
#1179 = ORIENTED_EDGE ( 'NONE', *, *, #3449, .T. ) ;
#1180 = DIRECTION ( 'NONE',  ( 0.000000000000000000, 0.000000000000000000, 1.000000000000000000 ) ) ;
#1181 = FACE_OUTER_BOUND ( 'NONE', #3521, .T. ) ;
#1182 = DIRECTION ( 'NONE',  ( 0.000000000000000000, 0.000000000000000000, 1.000000000000000000 ) ) ;
#1183 = DIRECTION ( 'NONE',  ( 0.000000000000000000, 0.000000000000000000, 1.000000000000000000 ) ) ;
#1184 = VERTEX_POINT ( 'NONE', #338 ) ;
#1185 = CARTESIAN_POINT ( 'NONE',  ( 0.000000000000000000, 0.000000000000000000, 49.44569045728920287 ) ) ;
#1186 = DIRECTION ( 'NONE',  ( 0.000000000000000000, 0.000000000000000000, -1.000000000000000000 ) ) ;
#1187 = ADVANCED_FACE ( 'NONE', ( #668 ), #1318, .T. ) ;
#1188 = VERTEX_POINT ( 'NONE', #7 ) ;
#1189 = DIRECTION ( 'NONE',  ( 1.000000000000000000, 0.000000000000000000, 0.000000000000000000 ) ) ;
#1190 = EDGE_CURVE ( 'NONE', #248, #1404, #3715, .T. ) ;
#1191 = ORIENTED_EDGE ( 'NONE', *, *, #1641, .T. ) ;
#1192 = LINE ( 'NONE', #2262, #604 ) ;
#1193 = ORIENTED_EDGE ( 'NONE', *, *, #517, .T. ) ;
#1194 = VECTOR ( 'NONE', #698, 1000.000000000000000 ) ;
#1195 = DIRECTION ( 'NONE',  ( 0.000000000000000000, 0.000000000000000000, 1.000000000000000000 ) ) ;
#1196 = CARTESIAN_POINT ( 'NONE',  ( 8.092085023447047831, -1.498157579596979705, 25.35104857481265839 ) ) ;
#1197 = DIRECTION ( 'NONE',  ( -0.8954899246572991522, 0.4450817844365960174, 0.000000000000000000 ) ) ;
#1198 = VERTEX_POINT ( 'NONE', #3123 ) ;
#1199 = VECTOR ( 'NONE', #2979, 1000.000000000000227 ) ;
#1200 = ORIENTED_EDGE ( 'NONE', *, *, #117, .F. ) ;
#1201 = CARTESIAN_POINT ( 'NONE',  ( 3.874025726465987862, -7.260732802595048163, 25.38015917909807584 ) ) ;
#1202 = VECTOR ( 'NONE', #2534, 1000.000000000000000 ) ;
#1203 = DIRECTION ( 'NONE',  ( 0.4338837391175588976, 0.9009688679024188129, 0.000000000000000000 ) ) ;
#1204 = DIRECTION ( 'NONE',  ( 0.000000000000000000, 0.000000000000000000, -1.000000000000000000 ) ) ;
#1205 = DIRECTION ( 'NONE',  ( 0.000000000000000000, -0.000000000000000000, 1.000000000000000000 ) ) ;
#1206 = DIRECTION ( 'NONE',  ( -0.6136947947920557977, -0.7895433483002288755, -0.000000000000000000 ) ) ;
#1207 = VERTEX_POINT ( 'NONE', #2790 ) ;
#1208 = AXIS2_PLACEMENT_3D ( 'NONE', #1704, #4037, #2329 ) ;
#1209 = LINE ( 'NONE', #2305, #1761 ) ;
#1210 = ORIENTED_EDGE ( 'NONE', *, *, #4378, .T. ) ;
#1211 = FACE_OUTER_BOUND ( 'NONE', #1775, .T. ) ;
#1212 = VERTEX_POINT ( 'NONE', #2414 ) ;
#1213 = PLANE ( 'NONE',  #4357 ) ;
#1214 = CIRCLE ( 'NONE', #2845, 8.896349999999999980 ) ;
#1215 = VECTOR ( 'NONE', #1287, 1000.000000000000114 ) ;
#1216 = ORIENTED_EDGE ( 'NONE', *, *, #2066, .T. ) ;
#1217 = AXIS2_PLACEMENT_3D ( 'NONE', #1793, #114, #826 ) ;
#1218 = LINE ( 'NONE', #3897, #2965 ) ;
#1219 = CARTESIAN_POINT ( 'NONE',  ( -2.601697372106470674, 8.507421119615180771, 19.76999999999999957 ) ) ;
#1220 = LINE ( 'NONE', #2905, #4103 ) ;
#1221 = VERTEX_POINT ( 'NONE', #4099 ) ;
#1222 = ORIENTED_EDGE ( 'NONE', *, *, #2292, .F. ) ;
#1223 = ORIENTED_EDGE ( 'NONE', *, *, #3660, .F. ) ;
#1224 = FACE_OUTER_BOUND ( 'NONE', #1481, .T. ) ;
#1225 = CARTESIAN_POINT ( 'NONE',  ( 4.000000000000000000, 0.000000000000000000, 13.00000000000000178 ) ) ;
#1226 = CARTESIAN_POINT ( 'NONE',  ( 11.36650000000000027, 1.391994784250839004E-15, 18.50000000000000000 ) ) ;
#1227 = CIRCLE ( 'NONE', #380, 8.896349999999999980 ) ;
#1228 = LINE ( 'NONE', #1138, #2218 ) ;
#1229 = AXIS2_PLACEMENT_3D ( 'NONE', #4043, #2110, #1027 ) ;
#1230 = CARTESIAN_POINT ( 'NONE',  ( 7.338379221564918176, 5.029237886897400145, 19.76999999999999957 ) ) ;
#1231 = EDGE_CURVE ( 'NONE', #4091, #4258, #1443, .T. ) ;
#1232 = EDGE_CURVE ( 'NONE', #2723, #1334, #1151, .T. ) ;
#1233 = ORIENTED_EDGE ( 'NONE', *, *, #2488, .T. ) ;
#1234 = FACE_OUTER_BOUND ( 'NONE', #2385, .T. ) ;
#1235 = EDGE_CURVE ( 'NONE', #1184, #3095, #3195, .T. ) ;
#1236 = ORIENTED_EDGE ( 'NONE', *, *, #2340, .F. ) ;
#1237 = EDGE_CURVE ( 'NONE', #4115, #398, #107, .T. ) ;
#1238 = VERTEX_POINT ( 'NONE', #1108 ) ;
#1239 = VECTOR ( 'NONE', #1547, 1000.000000000000000 ) ;
#1240 = ORIENTED_EDGE ( 'NONE', *, *, #1930, .F. ) ;
#1241 = DIRECTION ( 'NONE',  ( -0.4450817844365960729, -0.8954899246572992633, -0.000000000000000000 ) ) ;
#1242 = CARTESIAN_POINT ( 'NONE',  ( 0.000000000000000000, 0.000000000000000000, 23.83399999999999963 ) ) ;
#1243 = LINE ( 'NONE', #2998, #3764 ) ;
#1244 = CARTESIAN_POINT ( 'NONE',  ( -7.338379221564959920, -5.029237886897349519, 25.45808833122222836 ) ) ;
#1245 = EDGE_LOOP ( 'NONE', ( #1461, #122, #844, #4371 ) ) ;
#1246 = ORIENTED_EDGE ( 'NONE', *, *, #1873, .F. ) ;
#1247 = EDGE_LOOP ( 'NONE', ( #1364, #3382, #3737, #2863 ) ) ;
#1248 = DIRECTION ( 'NONE',  ( 0.000000000000000000, 0.000000000000000000, -1.000000000000000000 ) ) ;
#1249 = EDGE_CURVE ( 'NONE', #3704, #1079, #671, .T. ) ;
#1250 = EDGE_CURVE ( 'NONE', #2833, #1567, #2455, .T. ) ;
#1251 = CYLINDRICAL_SURFACE ( 'NONE', #1844, 11.36650000000000027 ) ;
#1252 = DIRECTION ( 'NONE',  ( 0.000000000000000000, 0.000000000000000000, -1.000000000000000000 ) ) ;
#1253 = DIRECTION ( 'NONE',  ( 0.6234898018587319291, -0.7818314824680310249, 0.000000000000000000 ) ) ;
#1254 = VECTOR ( 'NONE', #713, 1000.000000000000114 ) ;
#1255 = CARTESIAN_POINT ( 'NONE',  ( -6.536087391046780937, 6.035280021597940525, 25.45808833122222836 ) ) ;
#1256 = ORIENTED_EDGE ( 'NONE', *, *, #600, .F. ) ;
#1257 = DIRECTION ( 'NONE',  ( 1.000000000000000000, 0.000000000000000000, 0.000000000000000000 ) ) ;
#1258 = ORIENTED_EDGE ( 'NONE', *, *, #2463, .F. ) ;
#1259 = ORIENTED_EDGE ( 'NONE', *, *, #1100, .T. ) ;
#1260 = ORIENTED_EDGE ( 'NONE', *, *, #1750, .F. ) ;
#1261 = CARTESIAN_POINT ( 'NONE',  ( 8.273501444959640239, -3.270201394830420494, 19.76999999999999957 ) ) ;
#1262 = VECTOR ( 'NONE', #4229, 1000.000000000000000 ) ;
#1263 = ADVANCED_FACE ( 'NONE', ( #2834 ), #3481, .T. ) ;
#1264 = DIRECTION ( 'NONE',  ( 0.000000000000000000, 0.000000000000000000, 1.000000000000000000 ) ) ;
#1265 = LINE ( 'NONE', #1971, #2695 ) ;
#1266 = CARTESIAN_POINT ( 'NONE',  ( -6.536087391046913275, -6.035280021597810851, 23.83399999999999963 ) ) ;
#1267 = ORIENTED_EDGE ( 'NONE', *, *, #4247, .T. ) ;
#1268 = ORIENTED_EDGE ( 'NONE', *, *, #2938, .F. ) ;
#1269 = ORIENTED_EDGE ( 'NONE', *, *, #2093, .T. ) ;
#1270 = CARTESIAN_POINT ( 'NONE',  ( -8.793755758770734232, -1.347183349654650808, 23.83399999999999963 ) ) ;
#1271 = CARTESIAN_POINT ( 'NONE',  ( -5.392560857682950015, -6.216639249319991123, 25.45808833122222836 ) ) ;
#1272 = FACE_OUTER_BOUND ( 'NONE', #727, .T. ) ;
#1273 = VECTOR ( 'NONE', #846, 1000.000000000000114 ) ;
#1274 = CARTESIAN_POINT ( 'NONE',  ( 4.860817445659307623, 6.640690470122381228, 25.45808833122222836 ) ) ;
#1275 = EDGE_CURVE ( 'NONE', #3037, #1147, #101, .T. ) ;
#1276 = CARTESIAN_POINT ( 'NONE',  ( 0.000000000000000000, 0.000000000000000000, 25.10400000000000276 ) ) ;
#1277 = CIRCLE ( 'NONE', #1633, 2.701162999999999315 ) ;
#1278 = CARTESIAN_POINT ( 'NONE',  ( 8.873054439310786634, 0.6433880940203383636, 25.28650512035034126 ) ) ;
#1279 = VERTEX_POINT ( 'NONE', #2086 ) ;
#1280 = CARTESIAN_POINT ( 'NONE',  ( 0.000000000000000000, 0.000000000000000000, 19.76999999999999957 ) ) ;
#1281 = ORIENTED_EDGE ( 'NONE', *, *, #3368, .F. ) ;
#1282 = VERTEX_POINT ( 'NONE', #1062 ) ;
#1283 = CIRCLE ( 'NONE', #1066, 6.320508075688764826 ) ;
#1284 = EDGE_CURVE ( 'NONE', #2539, #2315, #2659, .T. ) ;
#1285 = EDGE_CURVE ( 'NONE', #3075, #3888, #4143, .T. ) ;
#1286 = ORIENTED_EDGE ( 'NONE', *, *, #312, .F. ) ;
#1287 = DIRECTION ( 'NONE',  ( 0.6234898018587319291, -0.7818314824680310249, 0.000000000000000000 ) ) ;
#1288 = CIRCLE ( 'NONE', #4118, 8.896349999999999980 ) ;
#1289 = EDGE_CURVE ( 'NONE', #2280, #2257, #455, .T. ) ;
#1290 = DIRECTION ( 'NONE',  ( 0.000000000000000000, 0.000000000000000000, -1.000000000000000000 ) ) ;
#1291 = LINE ( 'NONE', #2643, #5 ) ;
#1292 = LINE ( 'NONE', #4328, #4296 ) ;
#1293 = VECTOR ( 'NONE', #2524, 1000.000000000000000 ) ;
#1294 = ORIENTED_EDGE ( 'NONE', *, *, #3847, .T. ) ;
#1295 = EDGE_CURVE ( 'NONE', #77, #461, #2155, .T. ) ;
#1296 = ORIENTED_EDGE ( 'NONE', *, *, #1231, .T. ) ;
#1297 = LINE ( 'NONE', #1909, #2046 ) ;
#1298 = VECTOR ( 'NONE', #760, 1000.000000000000227 ) ;
#1299 = CARTESIAN_POINT ( 'NONE',  ( -1.999999999999999556, 2.449293598294705921E-16, 25.10400000000000276 ) ) ;
#1300 = AXIS2_PLACEMENT_3D ( 'NONE', #1526, #3143, #1821 ) ;
#1301 = LINE ( 'NONE', #2374, #996 ) ;
#1302 = VECTOR ( 'NONE', #1958, 1000.000000000000114 ) ;
#1303 = LINE ( 'NONE', #2889, #309 ) ;
#1304 = DIRECTION ( 'NONE',  ( 0.01246631459540549838, -0.9999222924809749724, 0.000000000000000000 ) ) ;
#1305 = DIRECTION ( 'NONE',  ( 0.000000000000000000, 0.000000000000000000, 1.000000000000000000 ) ) ;
#1306 = VECTOR ( 'NONE', #3958, 1000.000000000000114 ) ;
#1307 = VERTEX_POINT ( 'NONE', #88 ) ;
#1308 = DIRECTION ( 'NONE',  ( -0.4338837391175499603, 0.9009688679024230318, 0.000000000000000000 ) ) ;
#1309 = ORIENTED_EDGE ( 'NONE', *, *, #4067, .T. ) ;
#1310 = VECTOR ( 'NONE', #2094, 1000.000000000000000 ) ;
#1311 = EDGE_CURVE ( 'NONE', #1756, #1279, #1802, .T. ) ;
#1312 = ORIENTED_EDGE ( 'NONE', *, *, #3273, .F. ) ;
#1313 = VERTEX_POINT ( 'NONE', #3789 ) ;
#1314 = EDGE_CURVE ( 'NONE', #3170, #1212, #3439, .T. ) ;
#1315 = AXIS2_PLACEMENT_3D ( 'NONE', #2216, #3945, #2922 ) ;
#1316 = DIRECTION ( 'NONE',  ( 0.9749279121818263949, 0.2225209339563019029, 0.000000000000000000 ) ) ;
#1317 = DIRECTION ( 'NONE',  ( 0.000000000000000000, 0.000000000000000000, -1.000000000000000000 ) ) ;
#1318 = PLANE ( 'NONE',  #2579 ) ;
#1319 = ORIENTED_EDGE ( 'NONE', *, *, #3755, .F. ) ;
#1320 = ORIENTED_EDGE ( 'NONE', *, *, #1415, .T. ) ;
#1321 = DIRECTION ( 'NONE',  ( 0.7739981082662279466, 0.6331879092341390347, 0.000000000000000000 ) ) ;
#1322 = CYLINDRICAL_SURFACE ( 'NONE', #2417, 8.896349999999999980 ) ;
#1323 = DIRECTION ( 'NONE',  ( 1.000000000000000000, 0.000000000000000000, 0.000000000000000000 ) ) ;
#1324 = FACE_OUTER_BOUND ( 'NONE', #1591, .T. ) ;
#1325 = CARTESIAN_POINT ( 'NONE',  ( 5.029237886897377052, -7.338379221564938604, 25.45808833122222836 ) ) ;
#1326 = CARTESIAN_POINT ( 'NONE',  ( -3.270201394830279717, 8.273501444959700635, 23.83399999999999963 ) ) ;
#1327 = VERTEX_POINT ( 'NONE', #2124 ) ;
#1328 = DIRECTION ( 'NONE',  ( -0.4338837391175460190, 0.9009688679024250302, 0.000000000000000000 ) ) ;
#1329 = VERTEX_POINT ( 'NONE', #63 ) ;
#1330 = ORIENTED_EDGE ( 'NONE', *, *, #3971, .T. ) ;
#1331 = LINE ( 'NONE', #2369, #2836 ) ;
#1332 = EDGE_CURVE ( 'NONE', #2100, #2877, #438, .T. ) ;
#1333 = EDGE_CURVE ( 'NONE', #4232, #3988, #2769, .T. ) ;
#1334 = VERTEX_POINT ( 'NONE', #795 ) ;
#1335 = DIRECTION ( 'NONE',  ( 1.000000000000000000, 0.000000000000000000, 0.000000000000000000 ) ) ;
#1336 = VERTEX_POINT ( 'NONE', #130 ) ;
#1337 = FACE_OUTER_BOUND ( 'NONE', #4248, .T. ) ;
#1338 = DIRECTION ( 'NONE',  ( 0.000000000000000000, 0.000000000000000000, -1.000000000000000000 ) ) ;
#1339 = CARTESIAN_POINT ( 'NONE',  ( 5.392560857682897613, 6.216639249320031091, 23.83399999999999963 ) ) ;
#1340 = DIRECTION ( 'NONE',  ( 1.000000000000000000, 0.000000000000000000, 0.000000000000000000 ) ) ;
#1341 = PLANE ( 'NONE',  #2573 ) ;
#1342 = CARTESIAN_POINT ( 'NONE',  ( 8.222570980932687235, 0.3400626758754843881, 19.76999999999999957 ) ) ;
#1343 = VECTOR ( 'NONE', #4073, 1000.000000000000114 ) ;
#1344 = ORIENTED_EDGE ( 'NONE', *, *, #441, .T. ) ;
#1345 = CARTESIAN_POINT ( 'NONE',  ( 9.626600000000001600, 1.178918487667191093E-15, 17.06883699999999493 ) ) ;
#1346 = ORIENTED_EDGE ( 'NONE', *, *, #3812, .T. ) ;
#1347 = CIRCLE ( 'NONE', #2827, 8.896349999999999980 ) ;
#1348 = VECTOR ( 'NONE', #4093, 1000.000000000000114 ) ;
#1349 = ORIENTED_EDGE ( 'NONE', *, *, #2971, .F. ) ;
#1350 = ORIENTED_EDGE ( 'NONE', *, *, #3933, .T. ) ;
#1351 = CYLINDRICAL_SURFACE ( 'NONE', #934, 8.896349999999999980 ) ;
#1352 = ORIENTED_EDGE ( 'NONE', *, *, #116, .F. ) ;
#1353 = CARTESIAN_POINT ( 'NONE',  ( 0.000000000000000000, 0.000000000000000000, 19.76999999999999957 ) ) ;
#1354 = EDGE_LOOP ( 'NONE', ( #55, #2180, #2271, #697 ) ) ;
#1355 = DIRECTION ( 'NONE',  ( 1.000000000000000000, 0.000000000000000000, 0.000000000000000000 ) ) ;
#1356 = PLANE ( 'NONE',  #2118 ) ;
#1357 = CARTESIAN_POINT ( 'NONE',  ( 1.347183349654737405, 8.793755758770709363, 25.35104857481265839 ) ) ;
#1358 = VECTOR ( 'NONE', #1414, 1000.000000000000000 ) ;
#1359 = CIRCLE ( 'NONE', #507, 11.50000000000000000 ) ;
#1360 = CARTESIAN_POINT ( 'NONE',  ( 5.392560857682859421, -6.216639249320060401, 23.83399999999999963 ) ) ;
#1361 = CARTESIAN_POINT ( 'NONE',  ( 2.601697372106578143, 8.507421119615139915, 25.35104857481265839 ) ) ;
#1362 = AXIS2_PLACEMENT_3D ( 'NONE', #2853, #2875, #3118 ) ;
#1363 = EDGE_CURVE ( 'NONE', #3452, #812, #551, .T. ) ;
#1364 = ORIENTED_EDGE ( 'NONE', *, *, #2388, .T. ) ;
#1365 = LINE ( 'NONE', #677, #4320 ) ;
#1366 = ORIENTED_EDGE ( 'NONE', *, *, #3885, .F. ) ;
#1367 = CARTESIAN_POINT ( 'NONE',  ( 7.260732802595027735, 3.874025726466020725, 25.38015917909807584 ) ) ;
#1368 = ADVANCED_FACE ( 'NONE', ( #241 ), #220, .T. ) ;
#1369 = EDGE_CURVE ( 'NONE', #6, #993, #3894, .T. ) ;
#1370 = ORIENTED_EDGE ( 'NONE', *, *, #2340, .T. ) ;
#1371 = EDGE_LOOP ( 'NONE', ( #392, #3993, #3200, #4094 ) ) ;
#1372 = ADVANCED_FACE ( 'NONE', ( #862 ), #598, .T. ) ;
#1373 = ADVANCED_FACE ( 'NONE', ( #2239 ), #506, .T. ) ;
#1374 = CARTESIAN_POINT ( 'NONE',  ( -1.347183349654800022, -8.793755758770698705, 23.83399999999999963 ) ) ;
#1375 = CONICAL_SURFACE ( 'NONE', #2859, 9.000000000000000000, 0.2617993877991500740 ) ;
#1376 = VERTEX_POINT ( 'NONE', #1261 ) ;
#1377 = LINE ( 'NONE', #1645, #245 ) ;
#1378 = ORIENTED_EDGE ( 'NONE', *, *, #1311, .F. ) ;
#1379 = DIRECTION ( 'NONE',  ( 0.000000000000000000, 1.000000000000000000, 0.000000000000000000 ) ) ;
#1380 = AXIS2_PLACEMENT_3D ( 'NONE', #3223, #2565, #1594 ) ;
#1381 = CARTESIAN_POINT ( 'NONE',  ( 0.000000000000000000, 0.000000000000000000, 13.00000000000000178 ) ) ;
#1382 = CARTESIAN_POINT ( 'NONE',  ( 0.000000000000000000, 0.000000000000000000, 49.44569045728920287 ) ) ;
#1383 = CARTESIAN_POINT ( 'NONE',  ( 7.555828133281388581, -3.261253958267210873, 19.76999999999999957 ) ) ;
#1384 = EDGE_CURVE ( 'NONE', #2315, #3590, #809, .T. ) ;
#1385 = DIRECTION ( 'NONE',  ( -1.000000000000000000, 0.000000000000000000, 0.000000000000000000 ) ) ;
#1386 = CARTESIAN_POINT ( 'NONE',  ( -11.36650000000000027, 0.000000000000000000, 24.46899999999999764 ) ) ;
#1387 = VERTEX_POINT ( 'NONE', #908 ) ;
#1388 = CARTESIAN_POINT ( 'NONE',  ( -0.3400626758755173618, 8.222570980932689011, 23.83399999999999963 ) ) ;
#1389 = VERTEX_POINT ( 'NONE', #3549 ) ;
#1390 = EDGE_LOOP ( 'NONE', ( #219, #954, #3338, #3782 ) ) ;
#1391 = CARTESIAN_POINT ( 'NONE',  ( 7.555828133281388581, -3.261253958267210873, 25.38015917909807584 ) ) ;
#1392 = DIRECTION ( 'NONE',  ( -1.000000000000000000, 0.000000000000000000, 0.000000000000000000 ) ) ;
#1393 = CIRCLE ( 'NONE', #3943, 8.896349999999999980 ) ;
#1394 = ORIENTED_EDGE ( 'NONE', *, *, #911, .T. ) ;
#1395 = DIRECTION ( 'NONE',  ( 0.000000000000000000, 0.000000000000000000, -1.000000000000000000 ) ) ;
#1396 = VERTEX_POINT ( 'NONE', #1900 ) ;
#1397 = CARTESIAN_POINT ( 'NONE',  ( 6.216639249320008886, -5.392560857682918929, 19.76999999999999957 ) ) ;
#1398 = ADVANCED_FACE ( 'NONE', ( #4249 ), #1213, .T. ) ;
#1399 = CARTESIAN_POINT ( 'NONE',  ( -4.429546680213301890, -7.715190181085060495, 19.76999999999999957 ) ) ;
#1400 = DIRECTION ( 'NONE',  ( 1.000000000000000000, 0.000000000000000000, 0.000000000000000000 ) ) ;
#1401 = CARTESIAN_POINT ( 'NONE',  ( -0.3400626758755173618, 8.222570980932689011, 23.83399999999999963 ) ) ;
#1402 = PRODUCT_CONTEXT ( 'NONE', #4271, 'mechanical' ) ;
#1403 = DIRECTION ( 'NONE',  ( 0.000000000000000000, 0.000000000000000000, -1.000000000000000000 ) ) ;
#1404 = VERTEX_POINT ( 'NONE', #2609 ) ;
#1405 = DIRECTION ( 'NONE',  ( -0.6331879092341407000, -0.7739981082662267253, 0.000000000000000000 ) ) ;
#1406 = CIRCLE ( 'NONE', #2821, 1.999999999999999556 ) ;
#1407 = ORIENTED_EDGE ( 'NONE', *, *, #737, .F. ) ;
#1408 = ORIENTED_EDGE ( 'NONE', *, *, #2015, .T. ) ;
#1409 = FACE_OUTER_BOUND ( 'NONE', #2196, .T. ) ;
#1410 = CARTESIAN_POINT ( 'NONE',  ( 5.029237886897427678, 7.338379221564909294, 19.76999999999999957 ) ) ;
#1411 = AXIS2_PLACEMENT_3D ( 'NONE', #1448, #4167, #2796 ) ;
#1412 = AXIS2_PLACEMENT_3D ( 'NONE', #822, #2866, #3463 ) ;
#1413 = CIRCLE ( 'NONE', #2623, 9.626600000000001600 ) ;
#1414 = DIRECTION ( 'NONE',  ( 0.000000000000000000, 0.000000000000000000, -1.000000000000000000 ) ) ;
#1415 = EDGE_CURVE ( 'NONE', #1018, #984, #3014, .T. ) ;
#1416 = EDGE_CURVE ( 'NONE', #3260, #89, #36, .T. ) ;
#1417 = ORIENTED_EDGE ( 'NONE', *, *, #1776, .T. ) ;
#1418 = CARTESIAN_POINT ( 'NONE',  ( 2.601697372106519079, -8.507421119615159455, 23.83399999999999963 ) ) ;
#1419 = ORIENTED_EDGE ( 'NONE', *, *, #3869, .F. ) ;
#1420 = CARTESIAN_POINT ( 'NONE',  ( 0.000000000000000000, 0.000000000000000000, 49.44569045728920287 ) ) ;
#1421 = VECTOR ( 'NONE', #1395, 1000.000000000000000 ) ;
#1422 = DIRECTION ( 'NONE',  ( 0.000000000000000000, 0.000000000000000000, -1.000000000000000000 ) ) ;
#1423 = CYLINDRICAL_SURFACE ( 'NONE', #285, 8.896349999999999980 ) ;
#1424 = EDGE_CURVE ( 'NONE', #3224, #3075, #4275, .T. ) ;
#1425 = DIRECTION ( 'NONE',  ( -0.9749279121818250626, -0.2225209339563080368, 0.000000000000000000 ) ) ;
#1426 = CARTESIAN_POINT ( 'NONE',  ( 0.000000000000000000, 0.000000000000000000, 25.10400000000000276 ) ) ;
#1427 = DIRECTION ( 'NONE',  ( 0.000000000000000000, 0.000000000000000000, -1.000000000000000000 ) ) ;
#1428 = CIRCLE ( 'NONE', #3982, 8.896349999999999980 ) ;
#1429 = VECTOR ( 'NONE', #1552, 1000.000000000000000 ) ;
#1430 = DIRECTION ( 'NONE',  ( 0.000000000000000000, 0.000000000000000000, -1.000000000000000000 ) ) ;
#1431 = VECTOR ( 'NONE', #2045, 1000.000000000000000 ) ;
#1432 = DIRECTION ( 'NONE',  ( 1.000000000000000000, 0.000000000000000000, 0.000000000000000000 ) ) ;
#1433 = VERTEX_POINT ( 'NONE', #531 ) ;
#1434 = ORIENTED_EDGE ( 'NONE', *, *, #2795, .F. ) ;
#1435 = EDGE_CURVE ( 'NONE', #2293, #4100, #1192, .T. ) ;
#1436 = CARTESIAN_POINT ( 'NONE',  ( -6.035280021597783318, 6.536087391046930151, 19.76999999999999957 ) ) ;
#1437 = FACE_OUTER_BOUND ( 'NONE', #1247, .T. ) ;
#1438 = EDGE_CURVE ( 'NONE', #1279, #1329, #3969, .T. ) ;
#1439 = EDGE_CURVE ( 'NONE', #871, #2107, #2946, .T. ) ;
#1440 = DIRECTION ( 'NONE',  ( 0.000000000000000000, 0.000000000000000000, -1.000000000000000000 ) ) ;
#1441 = CIRCLE ( 'NONE', #665, 8.896349999999999980 ) ;
#1442 = ORIENTED_EDGE ( 'NONE', *, *, #3405, .T. ) ;
#1443 = LINE ( 'NONE', #2500, #4138 ) ;
#1444 = ORIENTED_EDGE ( 'NONE', *, *, #29, .T. ) ;
#1445 = AXIS2_PLACEMENT_3D ( 'NONE', #2733, #2423, #4066 ) ;
#1446 = LINE ( 'NONE', #3793, #3829 ) ;
#1447 = CARTESIAN_POINT ( 'NONE',  ( 0.000000000000000000, 0.000000000000000000, 3.000000000000000000 ) ) ;
#1448 = CARTESIAN_POINT ( 'NONE',  ( 0.000000000000000000, 0.000000000000000000, 23.83399999999999963 ) ) ;
#1449 = AXIS2_PLACEMENT_3D ( 'NONE', #3768, #3100, #1459 ) ;
#1450 = DIRECTION ( 'NONE',  ( -0.2225209339563220257, -0.9749279121818219540, -0.000000000000000000 ) ) ;
#1451 = CARTESIAN_POINT ( 'NONE',  ( -7.940742894968079391, -2.161230768801430724, 25.35104857481265128 ) ) ;
#1452 = DIRECTION ( 'NONE',  ( -0.8954899246572978200, 0.4450817844365989040, 0.000000000000000000 ) ) ;
#1453 = VERTEX_POINT ( 'NONE', #2283 ) ;
#1454 = ORIENTED_EDGE ( 'NONE', *, *, #1152, .F. ) ;
#1455 = CARTESIAN_POINT ( 'NONE',  ( 8.793755758770707587, -1.347183349654770490, 25.35104857481265839 ) ) ;
#1456 = DIRECTION ( 'NONE',  ( 0.000000000000000000, 0.000000000000000000, -1.000000000000000000 ) ) ;
#1457 = CARTESIAN_POINT ( 'NONE',  ( -7.338379221564852450, 5.029237886897500509, 23.83399999999999963 ) ) ;
#1458 = ORIENTED_EDGE ( 'NONE', *, *, #4015, .T. ) ;
#1459 = DIRECTION ( 'NONE',  ( 1.000000000000000000, 0.000000000000000000, 0.000000000000000000 ) ) ;
#1460 = ADVANCED_FACE ( 'NONE', ( #3638 ), #1947, .T. ) ;
#1461 = ORIENTED_EDGE ( 'NONE', *, *, #3400, .T. ) ;
#1462 = DIRECTION ( 'NONE',  ( 0.7818314824680286934, -0.6234898018587349267, 0.000000000000000000 ) ) ;
#1463 = DIRECTION ( 'NONE',  ( -0.4226182617407088227, -0.9063077870366456068, -0.000000000000000000 ) ) ;
#1464 = CARTESIAN_POINT ( 'NONE',  ( 2.161230768801508439, 7.940742894968050081, 25.35104857481265839 ) ) ;
#1465 = CARTESIAN_POINT ( 'NONE',  ( 0.000000000000000000, 0.000000000000000000, 23.83399999999999963 ) ) ;
#1466 = CYLINDRICAL_SURFACE ( 'NONE', #4264, 8.896349999999999980 ) ;
#1467 = EDGE_CURVE ( 'NONE', #2592, #1184, #4208, .T. ) ;
#1468 = EDGE_CURVE ( 'NONE', #398, #3988, #1854, .T. ) ;
#1469 = FACE_OUTER_BOUND ( 'NONE', #4126, .T. ) ;
#1470 = VECTOR ( 'NONE', #3485, 999.9999999999998863 ) ;
#1471 = CARTESIAN_POINT ( 'NONE',  ( -7.715190181085143983, -4.429546680213169552, 23.83399999999999963 ) ) ;
#1472 = VERTEX_POINT ( 'NONE', #2638 ) ;
#1473 = EDGE_LOOP ( 'NONE', ( #1544, #3033, #941, #1648 ) ) ;
#1474 = EDGE_CURVE ( 'NONE', #2032, #3148, #4322, .T. ) ;
#1475 = CARTESIAN_POINT ( 'NONE',  ( -6.640690470122320832, 4.860817445659380454, 19.76999999999999957 ) ) ;
#1476 = CARTESIAN_POINT ( 'NONE',  ( -8.793755758770698705, 1.347183349654829554, 19.76999999999999957 ) ) ;
#1477 = VECTOR ( 'NONE', #425, 1000.000000000000000 ) ;
#1478 = EDGE_LOOP ( 'NONE', ( #318, #2762, #3602, #3476 ) ) ;
#1479 = CARTESIAN_POINT ( 'NONE',  ( 4.429546680213187315, -7.715190181085119114, 19.76999999999999957 ) ) ;
#1480 = CIRCLE ( 'NONE', #1411, 8.896349999999999980 ) ;
#1481 = EDGE_LOOP ( 'NONE', ( #2159, #2520, #3192, #215 ) ) ;
#1482 = DIRECTION ( 'NONE',  ( 1.000000000000000000, 0.000000000000000000, 0.000000000000000000 ) ) ;
#1483 = CIRCLE ( 'NONE', #2976, 11.36650000000000027 ) ;
#1484 = EDGE_LOOP ( 'NONE', ( #235, #4294, #808, #1546 ) ) ;
#1485 = VECTOR ( 'NONE', #1080, 1000.000000000000000 ) ;
#1486 = DIRECTION ( 'NONE',  ( 0.000000000000000000, 0.000000000000000000, -1.000000000000000000 ) ) ;
#1487 = CARTESIAN_POINT ( 'NONE',  ( 0.000000000000000000, 0.000000000000000000, 26.53516300000000072 ) ) ;
#1488 = FACE_OUTER_BOUND ( 'NONE', #2028, .T. ) ;
#1489 = ORIENTED_EDGE ( 'NONE', *, *, #458, .F. ) ;
#1490 = CARTESIAN_POINT ( 'NONE',  ( 3.270201394830387631, 8.273501444959650897, 25.38015917909807584 ) ) ;
#1491 = CARTESIAN_POINT ( 'NONE',  ( -6.640690470122431854, -4.860817445659238345, 23.83399999999999963 ) ) ;
#1492 = DIRECTION ( 'NONE',  ( 1.000000000000000000, 0.000000000000000000, 0.000000000000000000 ) ) ;
#1493 = EDGE_CURVE ( 'NONE', #1221, #248, #2969, .T. ) ;
#1494 = DIRECTION ( 'NONE',  ( -0.000000000000000000, -0.000000000000000000, -1.000000000000000000 ) ) ;
#1495 = ORIENTED_EDGE ( 'NONE', *, *, #4379, .T. ) ;
#1496 = VECTOR ( 'NONE', #3823, 1000.000000000000000 ) ;
#1497 = ORIENTED_EDGE ( 'NONE', *, *, #3589, .F. ) ;
#1498 = CARTESIAN_POINT ( 'NONE',  ( 0.000000000000000000, 0.000000000000000000, 49.44569045728920287 ) ) ;
#1499 = CARTESIAN_POINT ( 'NONE',  ( -9.626600000000001600, 0.000000000000000000, 17.06883699999999493 ) ) ;
#1500 = EDGE_CURVE ( 'NONE', #346, #2586, #444, .T. ) ;
#1501 = AXIS2_PLACEMENT_3D ( 'NONE', #2788, #3765, #2084 ) ;
#1502 = EDGE_CURVE ( 'NONE', #2325, #796, #4128, .T. ) ;
#1503 = EDGE_CURVE ( 'NONE', #248, #2603, #2731, .T. ) ;
#1504 = ORIENTED_EDGE ( 'NONE', *, *, #1688, .F. ) ;
#1505 = DIRECTION ( 'NONE',  ( -0.6234898018587369251, -0.7818314824680270281, 0.000000000000000000 ) ) ;
#1506 = CIRCLE ( 'NONE', #2285, 2.701162999999999315 ) ;
#1507 = CIRCLE ( 'NONE', #2426, 11.36650000000000027 ) ;
#1508 = ORIENTED_EDGE ( 'NONE', *, *, #3885, .T. ) ;
#1509 = DIRECTION ( 'NONE',  ( -0.2103498843455051115, -0.9776261689193025406, -0.000000000000000000 ) ) ;
#1510 = ORIENTED_EDGE ( 'NONE', *, *, #2993, .T. ) ;
#1511 = VECTOR ( 'NONE', #2233, 1000.000000000000114 ) ;
#1512 = CARTESIAN_POINT ( 'NONE',  ( -3.874025726466091779, -7.260732802594989543, 19.76999999999999957 ) ) ;
#1513 = CARTESIAN_POINT ( 'NONE',  ( -2.601697372106640760, -8.507421119615120375, 25.35104857481265839 ) ) ;
#1514 = DIRECTION ( 'NONE',  ( -0.9009688679024216995, -0.4338837391175529024, 0.000000000000000000 ) ) ;
#1515 = ORIENTED_EDGE ( 'NONE', *, *, #4370, .T. ) ;
#1516 = CIRCLE ( 'NONE', #3181, 8.896349999999999980 ) ;
#1517 = DIRECTION ( 'NONE',  ( 1.000000000000000000, 0.000000000000000000, 0.000000000000000000 ) ) ;
#1518 = DIRECTION ( 'NONE',  ( 0.000000000000000000, 0.000000000000000000, -1.000000000000000000 ) ) ;
#1519 = ADVANCED_FACE ( 'NONE', ( #402 ), #4105, .T. ) ;
#1520 = EDGE_CURVE ( 'NONE', #2826, #137, #3204, .T. ) ;
#1521 = DIRECTION ( 'NONE',  ( 1.000000000000000000, 0.000000000000000000, 0.000000000000000000 ) ) ;
#1522 = EDGE_CURVE ( 'NONE', #1998, #2908, #2063, .T. ) ;
#1523 = DIRECTION ( 'NONE',  ( -0.9776261689193025406, 0.2103498843455049172, 0.000000000000000000 ) ) ;
#1524 = EDGE_LOOP ( 'NONE', ( #3818, #79, #1874, #834 ) ) ;
#1525 = FACE_OUTER_BOUND ( 'NONE', #2978, .T. ) ;
#1526 = CARTESIAN_POINT ( 'NONE',  ( 1.498157579596960609, 8.092085023447060266, 25.35104857481265839 ) ) ;
#1527 = ORIENTED_EDGE ( 'NONE', *, *, #1072, .F. ) ;
#1528 = DIRECTION ( 'NONE',  ( 1.000000000000000000, 0.000000000000000000, 0.000000000000000000 ) ) ;
#1529 = ORIENTED_EDGE ( 'NONE', *, *, #38, .F. ) ;
#1530 = DIRECTION ( 'NONE',  ( 0.000000000000000000, 0.000000000000000000, -1.000000000000000000 ) ) ;
#1531 = ORIENTED_EDGE ( 'NONE', *, *, #3852, .F. ) ;
#1532 = PLANE ( 'NONE',  #552 ) ;
#1533 = CYLINDRICAL_SURFACE ( 'NONE', #792, 8.896349999999999980 ) ;
#1534 = CARTESIAN_POINT ( 'NONE',  ( 6.035280021597828615, -6.536087391046888406, 19.76999999999999957 ) ) ;
#1535 = ORIENTED_EDGE ( 'NONE', *, *, #3956, .F. ) ;
#1536 = ORIENTED_EDGE ( 'NONE', *, *, #825, .F. ) ;
#1537 = DIRECTION ( 'NONE',  ( -0.01246631459541499599, -0.9999222924809747504, 0.000000000000000000 ) ) ;
#1538 = DIRECTION ( 'NONE',  ( 0.000000000000000000, 0.000000000000000000, 1.000000000000000000 ) ) ;
#1539 = DIRECTION ( 'NONE',  ( 0.000000000000000000, 0.000000000000000000, 1.000000000000000000 ) ) ;
#1540 = CARTESIAN_POINT ( 'NONE',  ( 0.000000000000000000, 0.000000000000000000, 19.76999999999999957 ) ) ;
#1541 = CARTESIAN_POINT ( 'NONE',  ( -2.601697372106640760, -8.507421119615120375, 23.83399999999999963 ) ) ;
#1542 = VERTEX_POINT ( 'NONE', #69 ) ;
#1543 = CARTESIAN_POINT ( 'NONE',  ( 0.000000000000000000, 0.000000000000000000, 23.83399999999999963 ) ) ;
#1544 = ORIENTED_EDGE ( 'NONE', *, *, #4001, .T. ) ;
#1545 = CARTESIAN_POINT ( 'NONE',  ( -7.940742894968079391, -2.161230768801430724, 23.83399999999999963 ) ) ;
#1546 = ORIENTED_EDGE ( 'NONE', *, *, #1109, .F. ) ;
#1547 = DIRECTION ( 'NONE',  ( 0.000000000000000000, 0.000000000000000000, -1.000000000000000000 ) ) ;
#1548 = ORIENTED_EDGE ( 'NONE', *, *, #390, .F. ) ;
#1549 = EDGE_CURVE ( 'NONE', #1168, #2020, #1446, .T. ) ;
#1550 = VECTOR ( 'NONE', #1405, 1000.000000000000000 ) ;
#1551 = CARTESIAN_POINT ( 'NONE',  ( -8.873054439310781305, 0.6433880940204614873, 23.83399999999999963 ) ) ;
#1552 = DIRECTION ( 'NONE',  ( 0.000000000000000000, 0.000000000000000000, -1.000000000000000000 ) ) ;
#1553 = CARTESIAN_POINT ( 'NONE',  ( -1.347183349654800022, -8.793755758770698705, 25.35104857481265839 ) ) ;
#1554 = VECTOR ( 'NONE', #1006, 1000.000000000000000 ) ;
#1555 = EDGE_LOOP ( 'NONE', ( #4098, #4224, #1259, #527 ) ) ;
#1556 = ORIENTED_EDGE ( 'NONE', *, *, #3401, .F. ) ;
#1557 = ORIENTED_EDGE ( 'NONE', *, *, #3869, .T. ) ;
#1558 = EDGE_CURVE ( 'NONE', #2331, #2757, #757, .T. ) ;
#1559 = DIRECTION ( 'NONE',  ( -1.000000000000000000, 0.000000000000000000, 0.000000000000000000 ) ) ;
#1560 = VECTOR ( 'NONE', #3842, 1000.000000000000000 ) ;
#1561 = DIRECTION ( 'NONE',  ( -1.000000000000000000, 0.000000000000000000, 0.000000000000000000 ) ) ;
#1562 = EDGE_CURVE ( 'NONE', #1623, #594, #2108, .T. ) ;
#1563 = EDGE_CURVE ( 'NONE', #2350, #2539, #1767, .T. ) ;
#1564 = CARTESIAN_POINT ( 'NONE',  ( 0.000000000000000000, 0.000000000000000000, 18.50000000000000000 ) ) ;
#1565 = DIRECTION ( 'NONE',  ( 0.01246631459540899559, -0.9999222924809748614, 0.000000000000000000 ) ) ;
#1566 = CARTESIAN_POINT ( 'NONE',  ( 0.6433880940203695609, -8.873054439310790187, 19.76999999999999957 ) ) ;
#1567 = VERTEX_POINT ( 'NONE', #4146 ) ;
#1568 = LINE ( 'NONE', #4220, #3679 ) ;
#1569 = VERTEX_POINT ( 'NONE', #779 ) ;
#1570 = ADVANCED_FACE ( 'NONE', ( #3398 ), #3486, .T. ) ;
#1571 = ORIENTED_EDGE ( 'NONE', *, *, #1881, .T. ) ;
#1572 = DIRECTION ( 'NONE',  ( 0.000000000000000000, 0.000000000000000000, -1.000000000000000000 ) ) ;
#1573 = AXIS2_PLACEMENT_3D ( 'NONE', #3778, #745, #3232 ) ;
#1574 = PRODUCT_DEFINITION ( 'UNKNOWN', '', #2478, #851 ) ;
#1575 = VECTOR ( 'NONE', #1707, 1000.000000000000000 ) ;
#1576 = ADVANCED_FACE ( 'NONE', ( #2750 ), #2127, .T. ) ;
#1577 = LINE ( 'NONE', #3946, #912 ) ;
#1578 = LINE ( 'NONE', #1196, #20 ) ;
#1579 = DIRECTION ( 'NONE',  ( 0.000000000000000000, 0.000000000000000000, 1.000000000000000000 ) ) ;
#1580 = ORIENTED_EDGE ( 'NONE', *, *, #4122, .T. ) ;
#1581 = ORIENTED_EDGE ( 'NONE', *, *, #2956, .T. ) ;
#1582 = EDGE_LOOP ( 'NONE', ( #1444, #3029 ) ) ;
#1583 = LINE ( 'NONE', #2954, #138 ) ;
#1584 = DIRECTION ( 'NONE',  ( 0.000000000000000000, 0.000000000000000000, 1.000000000000000000 ) ) ;
#1585 = LINE ( 'NONE', #2230, #3990 ) ;
#1586 = CIRCLE ( 'NONE', #1720, 8.896349999999999980 ) ;
#1587 = DIRECTION ( 'NONE',  ( 0.000000000000000000, 0.000000000000000000, -1.000000000000000000 ) ) ;
#1588 = CARTESIAN_POINT ( 'NONE',  ( -8.273501444959682871, -3.270201394830311248, 19.76999999999999957 ) ) ;
#1589 = ORIENTED_EDGE ( 'NONE', *, *, #3991, .F. ) ;
#1590 = CARTESIAN_POINT ( 'NONE',  ( 0.000000000000000000, 0.000000000000000000, 13.00000000000000178 ) ) ;
#1591 = EDGE_LOOP ( 'NONE', ( #959, #1053, #887, #4030 ) ) ;
#1592 = VERTEX_POINT ( 'NONE', #2091 ) ;
#1593 = ORIENTED_EDGE ( 'NONE', *, *, #4247, .F. ) ;
#1594 = DIRECTION ( 'NONE',  ( 1.000000000000000000, 0.000000000000000000, 0.000000000000000000 ) ) ;
#1595 = EDGE_CURVE ( 'NONE', #19, #998, #3442, .T. ) ;
#1596 = CARTESIAN_POINT ( 'NONE',  ( -5.392560857682822117, 6.216639249320100369, 23.83399999999999963 ) ) ;
#1597 = CARTESIAN_POINT ( 'NONE',  ( -2.161230768801411628, 7.940742894968079391, 19.76999999999999957 ) ) ;
#1598 = LINE ( 'NONE', #1534, #1065 ) ;
#1599 = ORIENTED_EDGE ( 'NONE', *, *, #1948, .T. ) ;
#1600 = ORIENTED_EDGE ( 'NONE', *, *, #3847, .F. ) ;
#1601 = ORIENTED_EDGE ( 'NONE', *, *, #1136, .F. ) ;
#1602 = PLANE ( 'NONE',  #1058 ) ;
#1603 = LINE ( 'NONE', #2957, #83 ) ;
#1604 = DIRECTION ( 'NONE',  ( 0.000000000000000000, 0.000000000000000000, 1.000000000000000000 ) ) ;
#1605 = CARTESIAN_POINT ( 'NONE',  ( 7.555828133281407233, 3.261253958267160691, 23.83399999999999963 ) ) ;
#1606 = DIRECTION ( 'NONE',  ( 0.000000000000000000, 0.000000000000000000, -1.000000000000000000 ) ) ;
#1607 = VECTOR ( 'NONE', #1936, 1000.000000000000000 ) ;
#1608 = EDGE_CURVE ( 'NONE', #634, #817, #3064, .T. ) ;
#1609 = CARTESIAN_POINT ( 'NONE',  ( -8.273501444959682871, -3.270201394830311248, 25.38015917909806873 ) ) ;
#1610 = EDGE_CURVE ( 'NONE', #1147, #205, #3750, .T. ) ;
#1611 = ORIENTED_EDGE ( 'NONE', *, *, #82, .F. ) ;
#1612 = PRODUCT_DEFINITION_SHAPE ( 'NONE', 'NONE',  #1574 ) ;
#1613 = CARTESIAN_POINT ( 'NONE',  ( 6.640690470122359024, -4.860817445659328939, 19.76999999999999957 ) ) ;
#1614 = ORIENTED_EDGE ( 'NONE', *, *, #116, .T. ) ;
#1615 = EDGE_LOOP ( 'NONE', ( #1722, #2551, #2886, #2902 ) ) ;
#1616 = ORIENTED_EDGE ( 'NONE', *, *, #2673, .T. ) ;
#1617 = DIRECTION ( 'NONE',  ( -0.7818314824680332453, -0.6234898018587291535, 0.000000000000000000 ) ) ;
#1618 = DIRECTION ( 'NONE',  ( -0.6136947947920531332, -0.7895433483002309849, 0.000000000000000000 ) ) ;
#1619 = LINE ( 'NONE', #938, #1348 ) ;
#1620 = DIRECTION ( 'NONE',  ( 0.000000000000000000, 0.000000000000000000, -1.000000000000000000 ) ) ;
#1621 = ORIENTED_EDGE ( 'NONE', *, *, #4144, .F. ) ;
#1622 = ORIENTED_EDGE ( 'NONE', *, *, #1111, .T. ) ;
#1623 = VERTEX_POINT ( 'NONE', #3422 ) ;
#1624 = VECTOR ( 'NONE', #3473, 1000.000000000000114 ) ;
#1625 = CARTESIAN_POINT ( 'NONE',  ( -5.029237886897471199, -7.338379221564869326, 19.76999999999999957 ) ) ;
#1626 = CARTESIAN_POINT ( 'NONE',  ( 0.000000000000000000, 0.000000000000000000, 49.44569045728920287 ) ) ;
#1627 = LINE ( 'NONE', #4006, #775 ) ;
#1628 = VECTOR ( 'NONE', #2576, 1000.000000000000114 ) ;
#1629 = CARTESIAN_POINT ( 'NONE',  ( 0.000000000000000000, 0.000000000000000000, 23.83399999999999963 ) ) ;
#1630 = VECTOR ( 'NONE', #1951, 1000.000000000000227 ) ;
#1631 = EDGE_CURVE ( 'NONE', #2594, #3447, #382, .T. ) ;
#1632 = DIRECTION ( 'NONE',  ( 1.000000000000000000, 0.000000000000000000, 0.000000000000000000 ) ) ;
#1633 = AXIS2_PLACEMENT_3D ( 'NONE', #1345, #3713, #387 ) ;
#1634 = DIRECTION ( 'NONE',  ( 0.000000000000000000, 0.000000000000000000, -1.000000000000000000 ) ) ;
#1635 = ORIENTED_EDGE ( 'NONE', *, *, #2675, .F. ) ;
#1636 = CARTESIAN_POINT ( 'NONE',  ( -1.347183349654619500, 8.793755758770730679, 25.35104857481265128 ) ) ;
#1637 = ORIENTED_EDGE ( 'NONE', *, *, #3913, .F. ) ;
#1638 = VECTOR ( 'NONE', #3311, 1000.000000000000114 ) ;
#1639 = VERTEX_POINT ( 'NONE', #1399 ) ;
#1640 = EDGE_LOOP ( 'NONE', ( #3542, #1216 ) ) ;
#1641 = EDGE_CURVE ( 'NONE', #2415, #1941, #1067, .T. ) ;
#1642 = VECTOR ( 'NONE', #460, 1000.000000000000000 ) ;
#1643 = DIRECTION ( 'NONE',  ( -0.7739981082662222844, 0.6331879092341461401, 0.000000000000000000 ) ) ;
#1644 = DIRECTION ( 'NONE',  ( -1.000000000000000000, 0.000000000000000000, 0.000000000000000000 ) ) ;
#1645 = CARTESIAN_POINT ( 'NONE',  ( -5.392560857682822117, 6.216639249320100369, 19.76999999999999957 ) ) ;
#1646 = VECTOR ( 'NONE', #2150, 1000.000000000000227 ) ;
#1647 = VERTEX_POINT ( 'NONE', #2220 ) ;
#1648 = ORIENTED_EDGE ( 'NONE', *, *, #2141, .F. ) ;
#1649 = DIRECTION ( 'NONE',  ( 0.000000000000000000, 0.000000000000000000, -1.000000000000000000 ) ) ;
#1650 = VECTOR ( 'NONE', #2655, 1000.000000000000000 ) ;
#1651 = DIRECTION ( 'NONE',  ( -0.9720781369857766085, -0.2346574004677068892, 0.000000000000000000 ) ) ;
#1652 = LINE ( 'NONE', #252, #355 ) ;
#1653 = AXIS2_PLACEMENT_3D ( 'NONE', #1242, #2947, #2265 ) ;
#1654 = FACE_BOUND ( 'NONE', #1988, .T. ) ;
#1655 = DIRECTION ( 'NONE',  ( 0.000000000000000000, 0.000000000000000000, -1.000000000000000000 ) ) ;
#1656 = FACE_OUTER_BOUND ( 'NONE', #1967, .T. ) ;
#1657 = AXIS2_PLACEMENT_3D ( 'NONE', #4266, #1305, #4311 ) ;
#1658 = VERTEX_POINT ( 'NONE', #1859 ) ;
#1659 = DIRECTION ( 'NONE',  ( 0.000000000000000000, 0.000000000000000000, -1.000000000000000000 ) ) ;
#1660 = EDGE_CURVE ( 'NONE', #3267, #1658, #2916, .T. ) ;
#1661 = ORIENTED_EDGE ( 'NONE', *, *, #4291, .T. ) ;
#1662 = AXIS2_PLACEMENT_3D ( 'NONE', #3133, #343, #404 ) ;
#1663 = ORIENTED_EDGE ( 'NONE', *, *, #367, .T. ) ;
#1664 = VERTEX_POINT ( 'NONE', #1155 ) ;
#1665 = DIRECTION ( 'NONE',  ( 0.7818314824680373532, 0.6234898018587240465, 0.000000000000000000 ) ) ;
#1666 = DIRECTION ( 'NONE',  ( 0.7818314824680271391, -0.6234898018587370361, 0.000000000000000000 ) ) ;
#1667 = ORIENTED_EDGE ( 'NONE', *, *, #1811, .F. ) ;
#1668 = EDGE_LOOP ( 'NONE', ( #3840, #2907, #1319, #687 ) ) ;
#1669 = CARTESIAN_POINT ( 'NONE',  ( 0.000000000000000000, 0.000000000000000000, 49.44569045728920287 ) ) ;
#1670 = DIRECTION ( 'NONE',  ( 0.000000000000000000, 0.000000000000000000, -1.000000000000000000 ) ) ;
#1671 = DIRECTION ( 'NONE',  ( 0.000000000000000000, 0.000000000000000000, 1.000000000000000000 ) ) ;
#1672 = DIRECTION ( 'NONE',  ( -0.000000000000000000, -0.000000000000000000, -1.000000000000000000 ) ) ;
#1673 = CARTESIAN_POINT ( 'NONE',  ( -6.035280021597921873, -6.536087391046809358, 19.76999999999999957 ) ) ;
#1674 = ORIENTED_EDGE ( 'NONE', *, *, #3826, .T. ) ;
#1675 = LINE ( 'NONE', #4382, #491 ) ;
#1676 = ORIENTED_EDGE ( 'NONE', *, *, #3774, .F. ) ;
#1677 = VERTEX_POINT ( 'NONE', #4254 ) ;
#1678 = ORIENTED_EDGE ( 'NONE', *, *, #2747, .F. ) ;
#1679 = CARTESIAN_POINT ( 'NONE',  ( 0.000000000000000000, 0.000000000000000000, 13.00000000000000178 ) ) ;
#1680 = ORIENTED_EDGE ( 'NONE', *, *, #1691, .F. ) ;
#1681 = DIRECTION ( 'NONE',  ( 0.9999222924809749724, 0.01246631459540899732, 0.000000000000000000 ) ) ;
#1682 = ADVANCED_FACE ( 'NONE', ( #554 ), #1533, .T. ) ;
#1683 = ORIENTED_EDGE ( 'NONE', *, *, #3719, .F. ) ;
#1684 = VECTOR ( 'NONE', #1175, 1000.000000000000000 ) ;
#1685 = DIRECTION ( 'NONE',  ( 0.000000000000000000, 0.000000000000000000, -1.000000000000000000 ) ) ;
#1686 = FACE_OUTER_BOUND ( 'NONE', #2885, .T. ) ;
#1687 = ADVANCED_FACE ( 'NONE', ( #2481 ), #3484, .T. ) ;
#1688 = EDGE_CURVE ( 'NONE', #2764, #1886, #511, .T. ) ;
#1689 = CARTESIAN_POINT ( 'NONE',  ( -1.498157579596849587, 8.092085023447079806, 23.83399999999999963 ) ) ;
#1690 = EDGE_CURVE ( 'NONE', #2633, #1639, #4052, .T. ) ;
#1691 = EDGE_CURVE ( 'NONE', #4013, #978, #534, .T. ) ;
#1692 = DIRECTION ( 'NONE',  ( 0.000000000000000000, 0.000000000000000000, -1.000000000000000000 ) ) ;
#1693 = VECTOR ( 'NONE', #10, 1000.000000000000000 ) ;
#1694 = ORIENTED_EDGE ( 'NONE', *, *, #1043, .F. ) ;
#1695 = CARTESIAN_POINT ( 'NONE',  ( 8.873054439310786634, -0.6433880940203990928, 23.83399999999999963 ) ) ;
#1696 = ORIENTED_EDGE ( 'NONE', *, *, #3934, .T. ) ;
#1697 = VECTOR ( 'NONE', #3695, 1000.000000000000000 ) ;
#1698 = DIRECTION ( 'NONE',  ( 0.000000000000000000, 0.000000000000000000, -1.000000000000000000 ) ) ;
#1699 = ORIENTED_EDGE ( 'NONE', *, *, #363, .F. ) ;
#1700 = ORIENTED_EDGE ( 'NONE', *, *, #3125, .T. ) ;
#1701 = DIRECTION ( 'NONE',  ( -1.000000000000000000, 0.000000000000000000, 0.000000000000000000 ) ) ;
#1702 = EDGE_CURVE ( 'NONE', #176, #4383, #1359, .T. ) ;
#1703 = ORIENTED_EDGE ( 'NONE', *, *, #838, .F. ) ;
#1704 = CARTESIAN_POINT ( 'NONE',  ( 0.000000000000000000, 0.000000000000000000, 3.000000000000000000 ) ) ;
#1705 = EDGE_CURVE ( 'NONE', #1647, #1968, #1578, .T. ) ;
#1706 = ORIENTED_EDGE ( 'NONE', *, *, #3074, .F. ) ;
#1707 = DIRECTION ( 'NONE',  ( 0.000000000000000000, 0.000000000000000000, -1.000000000000000000 ) ) ;
#1708 = FACE_OUTER_BOUND ( 'NONE', #3859, .T. ) ;
#1709 = VECTOR ( 'NONE', #1956, 1000.000000000000000 ) ;
#1710 = LINE ( 'NONE', #1360, #666 ) ;
#1711 = CARTESIAN_POINT ( 'NONE',  ( 11.36650000000000027, 1.391994784250839004E-15, 24.46899999999999764 ) ) ;
#1712 = VECTOR ( 'NONE', #173, 1000.000000000000114 ) ;
#1713 = CARTESIAN_POINT ( 'NONE',  ( -3.270201394830453356, -8.273501444959631357, 25.38015917909807584 ) ) ;
#1714 = ORIENTED_EDGE ( 'NONE', *, *, #1892, .T. ) ;
#1715 = CARTESIAN_POINT ( 'NONE',  ( -3.874025726466091779, -7.260732802594989543, 23.83399999999999963 ) ) ;
#1716 = EDGE_LOOP ( 'NONE', ( #3804, #1223 ) ) ;
#1717 = ORIENTED_EDGE ( 'NONE', *, *, #656, .T. ) ;
#1718 = DIRECTION ( 'NONE',  ( -1.000000000000000000, 0.000000000000000000, 0.000000000000000000 ) ) ;
#1719 = CARTESIAN_POINT ( 'NONE',  ( 6.035280021597828615, -6.536087391046888406, 23.83399999999999963 ) ) ;
#1720 = AXIS2_PLACEMENT_3D ( 'NONE', #143, #3817, #2158 ) ;
#1721 = EDGE_CURVE ( 'NONE', #2915, #2833, #3925, .T. ) ;
#1722 = ORIENTED_EDGE ( 'NONE', *, *, #2522, .T. ) ;
#1723 = DIRECTION ( 'NONE',  ( 0.000000000000000000, 0.000000000000000000, 1.000000000000000000 ) ) ;
#1724 = ORIENTED_EDGE ( 'NONE', *, *, #3991, .T. ) ;
#1725 =( LENGTH_UNIT ( ) NAMED_UNIT ( * ) SI_UNIT ( .MILLI., .METRE. ) );
#1726 = CARTESIAN_POINT ( 'NONE',  ( -4.860817445659352920, -6.640690470122337707, 19.76999999999999957 ) ) ;
#1727 = CARTESIAN_POINT ( 'NONE',  ( -11.50000000000000000, 0.000000000000000000, 3.000000000000000000 ) ) ;
#1728 = CYLINDRICAL_SURFACE ( 'NONE', #1445, 8.896349999999999980 ) ;
#1729 = CYLINDRICAL_SURFACE ( 'NONE', #436, 8.896349999999999980 ) ;
#1730 = CARTESIAN_POINT ( 'NONE',  ( 8.507421119615127481, -2.601697372106609230, 19.76999999999999957 ) ) ;
#1731 = VERTEX_POINT ( 'NONE', #891 ) ;
#1732 = DIRECTION ( 'NONE',  ( -0.2103498843455020584, -0.9776261689193032067, 0.000000000000000000 ) ) ;
#1733 = EDGE_CURVE ( 'NONE', #993, #4100, #4190, .T. ) ;
#1734 = EDGE_CURVE ( 'NONE', #2702, #2175, #3577, .T. ) ;
#1735 = ORIENTED_EDGE ( 'NONE', *, *, #4144, .T. ) ;
#1736 = VERTEX_POINT ( 'NONE', #1219 ) ;
#1737 = LINE ( 'NONE', #243, #2901 ) ;
#1738 = LINE ( 'NONE', #4032, #105 ) ;
#1739 = EDGE_CURVE ( 'NONE', #2906, #346, #1805, .T. ) ;
#1740 = DIRECTION ( 'NONE',  ( -1.000000000000000000, 0.000000000000000000, 0.000000000000000000 ) ) ;
#1741 = ORIENTED_EDGE ( 'NONE', *, *, #1190, .T. ) ;
#1742 = DIRECTION ( 'NONE',  ( 0.9063077870366486044, -0.4226182617407023279, 0.000000000000000000 ) ) ;
#1743 = ORIENTED_EDGE ( 'NONE', *, *, #3286, .T. ) ;
#1744 = CARTESIAN_POINT ( 'NONE',  ( 7.555828133281407233, 3.261253958267160691, 25.38015917909807584 ) ) ;
#1745 = DIRECTION ( 'NONE',  ( 1.000000000000000000, 0.000000000000000000, 0.000000000000000000 ) ) ;
#1746 = DIRECTION ( 'NONE',  ( 0.000000000000000000, 0.000000000000000000, -1.000000000000000000 ) ) ;
#1747 = CARTESIAN_POINT ( 'NONE',  ( -8.222570980932690787, -0.3400626758754271561, 19.76999999999999957 ) ) ;
#1748 = CARTESIAN_POINT ( 'NONE',  ( 0.6433880940203661192, 8.873054439310788410, 25.28650512035034126 ) ) ;
#1749 = DIRECTION ( 'NONE',  ( 0.000000000000000000, 0.000000000000000000, -1.000000000000000000 ) ) ;
#1750 = EDGE_CURVE ( 'NONE', #4222, #4136, #159, .T. ) ;
#1751 = ORIENTED_EDGE ( 'NONE', *, *, #1608, .F. ) ;
#1752 = EDGE_CURVE ( 'NONE', #4282, #1658, #4278, .T. ) ;
#1753 = CYLINDRICAL_SURFACE ( 'NONE', #3810, 8.896349999999999980 ) ;
#1754 = CIRCLE ( 'NONE', #992, 8.896349999999999980 ) ;
#1755 = CARTESIAN_POINT ( 'NONE',  ( -8.222570980932690787, -0.3400626758754271561, 25.28650512035034126 ) ) ;
#1756 = VERTEX_POINT ( 'NONE', #2865 ) ;
#1757 = ORIENTED_EDGE ( 'NONE', *, *, #1232, .T. ) ;
#1758 = DIRECTION ( 'NONE',  ( -0.2103498843454859324, 0.9776261689193066484, 0.000000000000000000 ) ) ;
#1759 = CARTESIAN_POINT ( 'NONE',  ( 2.000000000000000000, 0.000000000000000000, 0.000000000000000000 ) ) ;
#1760 = VECTOR ( 'NONE', #2333, 1000.000000000000000 ) ;
#1761 = VECTOR ( 'NONE', #236, 1000.000000000000114 ) ;
#1762 = DIRECTION ( 'NONE',  ( -1.000000000000000000, 0.000000000000000000, 0.000000000000000000 ) ) ;
#1763 = ORIENTED_EDGE ( 'NONE', *, *, #950, .F. ) ;
#1764 = DIRECTION ( 'NONE',  ( 0.000000000000000000, 0.000000000000000000, -1.000000000000000000 ) ) ;
#1765 = ORIENTED_EDGE ( 'NONE', *, *, #2721, .T. ) ;
#1766 = VECTOR ( 'NONE', #708, 1000.000000000000000 ) ;
#1767 = LINE ( 'NONE', #2793, #2352 ) ;
#1768 = DIRECTION ( 'NONE',  ( -1.000000000000000000, 0.000000000000000000, 0.000000000000000000 ) ) ;
#1769 = CARTESIAN_POINT ( 'NONE',  ( 1.498157579596898215, -8.092085023447072700, 25.35104857481265128 ) ) ;
#1770 = LINE ( 'NONE', #140, #2995 ) ;
#1771 = AXIS2_PLACEMENT_3D ( 'NONE', #4141, #3005, #2691 ) ;
#1772 = AXIS2_PLACEMENT_3D ( 'NONE', #3808, #1090, #3153 ) ;
#1773 = DIRECTION ( 'NONE',  ( 0.000000000000000000, 0.000000000000000000, -1.000000000000000000 ) ) ;
#1774 = CARTESIAN_POINT ( 'NONE',  ( 0.000000000000000000, 0.000000000000000000, 3.000000000000000000 ) ) ;
#1775 = EDGE_LOOP ( 'NONE', ( #1887, #3698, #2526, #667 ) ) ;
#1776 = EDGE_CURVE ( 'NONE', #2055, #2698, #3172, .T. ) ;
#1777 = VERTEX_POINT ( 'NONE', #135 ) ;
#1778 = CARTESIAN_POINT ( 'NONE',  ( 5.392560857682859421, -6.216639249320060401, 19.76999999999999957 ) ) ;
#1779 = CARTESIAN_POINT ( 'NONE',  ( -4.860817445659352920, -6.640690470122337707, 25.45808833122222836 ) ) ;
#1780 = CARTESIAN_POINT ( 'NONE',  ( -3.270201394830279717, 8.273501444959691753, 19.76999999999999957 ) ) ;
#1781 = AXIS2_PLACEMENT_3D ( 'NONE', #3539, #3474, #1183 ) ;
#1782 = VERTEX_POINT ( 'NONE', #1883 ) ;
#1783 = CARTESIAN_POINT ( 'NONE',  ( 6.216639249320039973, 5.392560857682880737, 25.45808833122222836 ) ) ;
#1784 = ORIENTED_EDGE ( 'NONE', *, *, #2746, .F. ) ;
#1785 = VECTOR ( 'NONE', #1984, 999.9999999999998863 ) ;
#1786 = EDGE_CURVE ( 'NONE', #2688, #296, #2904, .T. ) ;
#1787 = CARTESIAN_POINT ( 'NONE',  ( 3.270201394830338781, -8.273501444959672213, 19.76999999999999957 ) ) ;
#1788 = CARTESIAN_POINT ( 'NONE',  ( -8.793755758770698705, 1.347183349654829554, 25.35104857481265839 ) ) ;
#1789 = DIRECTION ( 'NONE',  ( 0.2103498843455079703, 0.9776261689193018745, 0.000000000000000000 ) ) ;
#1790 = DIRECTION ( 'NONE',  ( 0.000000000000000000, 0.000000000000000000, -1.000000000000000000 ) ) ;
#1791 = APPLICATION_PROTOCOL_DEFINITION ( 'draft international standard', 'automotive_design', 1998, #3597 ) ;
#1792 = AXIS2_PLACEMENT_3D ( 'NONE', #3849, #2169, #3524 ) ;
#1793 = CARTESIAN_POINT ( 'NONE',  ( 0.000000000000000000, 0.000000000000000000, 19.76999999999999957 ) ) ;
#1794 = CARTESIAN_POINT ( 'NONE',  ( 0.000000000000000000, 0.000000000000000000, 0.000000000000000000 ) ) ;
#1795 = DIRECTION ( 'NONE',  ( 0.9720781369857759424, 0.2346574004677099701, 0.000000000000000000 ) ) ;
#1796 = ORIENTED_EDGE ( 'NONE', *, *, #3287, .T. ) ;
#1797 = ORIENTED_EDGE ( 'NONE', *, *, #3268, .T. ) ;
#1798 = DIRECTION ( 'NONE',  ( 0.000000000000000000, 0.000000000000000000, 1.000000000000000000 ) ) ;
#1799 = LINE ( 'NONE', #3163, #1712 ) ;
#1800 = CARTESIAN_POINT ( 'NONE',  ( -9.000000000000000000, -1.102182119232617714E-15, 3.000000000000000000 ) ) ;
#1801 = ORIENTED_EDGE ( 'NONE', *, *, #1289, .F. ) ;
#1802 = LINE ( 'NONE', #3805, #2726 ) ;
#1803 = ORIENTED_EDGE ( 'NONE', *, *, #3405, .F. ) ;
#1804 = CARTESIAN_POINT ( 'NONE',  ( 0.3400626758755104229, -8.222570980932690787, 19.76999999999999957 ) ) ;
#1805 = LINE ( 'NONE', #2570, #1429 ) ;
#1806 = DIRECTION ( 'NONE',  ( 0.000000000000000000, 0.000000000000000000, -1.000000000000000000 ) ) ;
#1807 = EDGE_CURVE ( 'NONE', #19, #613, #302, .T. ) ;
#1808 = CARTESIAN_POINT ( 'NONE',  ( 0.000000000000000000, 0.000000000000000000, 0.000000000000000000 ) ) ;
#1809 = FACE_OUTER_BOUND ( 'NONE', #1, .T. ) ;
#1810 = EDGE_CURVE ( 'NONE', #2768, #1168, #1243, .T. ) ;
#1811 = EDGE_CURVE ( 'NONE', #2143, #1731, #2590, .T. ) ;
#1812 = EDGE_CURVE ( 'NONE', #1782, #871, #2266, .T. ) ;
#1813 = ADVANCED_FACE ( 'NONE', ( #4018 ), #3290, .T. ) ;
#1814 = DIRECTION ( 'NONE',  ( 0.4226182617406989972, 0.9063077870366501587, 0.000000000000000000 ) ) ;
#1815 = EDGE_CURVE ( 'NONE', #1389, #537, #4336, .T. ) ;
#1816 = AXIS2_PLACEMENT_3D ( 'NONE', #2172, #4253, #820 ) ;
#1817 = CARTESIAN_POINT ( 'NONE',  ( -8.222570980932690787, -0.3400626758754271561, 25.28650512035034126 ) ) ;
#1818 = ORIENTED_EDGE ( 'NONE', *, *, #4345, .F. ) ;
#1819 = ORIENTED_EDGE ( 'NONE', *, *, #3074, .T. ) ;
#1820 = CARTESIAN_POINT ( 'NONE',  ( 8.092085023447047831, -1.498157579596979705, 19.76999999999999957 ) ) ;
#1821 = DIRECTION ( 'NONE',  ( 0.000000000000000000, 0.000000000000000000, -1.000000000000000000 ) ) ;
#1822 = CIRCLE ( 'NONE', #2, 8.896349999999999980 ) ;
#1823 = DIRECTION ( 'NONE',  ( 0.000000000000000000, 0.000000000000000000, -1.000000000000000000 ) ) ;
#1824 = ORIENTED_EDGE ( 'NONE', *, *, #1976, .F. ) ;
#1825 = DIRECTION ( 'NONE',  ( -1.000000000000000000, 0.000000000000000000, 0.000000000000000000 ) ) ;
#1826 = VECTOR ( 'NONE', #1888, 999.9999999999998863 ) ;
#1827 = VERTEX_POINT ( 'NONE', #2741 ) ;
#1828 = CARTESIAN_POINT ( 'NONE',  ( 0.000000000000000000, 0.000000000000000000, 19.76999999999999957 ) ) ;
#1829 = VECTOR ( 'NONE', #1114, 1000.000000000000000 ) ;
#1830 = VECTOR ( 'NONE', #4341, 999.9999999999998863 ) ;
#1831 = ORIENTED_EDGE ( 'NONE', *, *, #1177, .F. ) ;
#1832 = EDGE_CURVE ( 'NONE', #2533, #2325, #1265, .T. ) ;
#1833 = DIRECTION ( 'NONE',  ( 0.9999222924809747504, -0.01246631459542539393, 0.000000000000000000 ) ) ;
#1834 = CARTESIAN_POINT ( 'NONE',  ( -1.347183349654800022, -8.793755758770698705, 19.76999999999999957 ) ) ;
#1835 = LINE ( 'NONE', #403, #847 ) ;
#1836 = ORIENTED_EDGE ( 'NONE', *, *, #2876, .F. ) ;
#1837 = CARTESIAN_POINT ( 'NONE',  ( -6.536087391046913275, -6.035280021597810851, 25.45808833122222836 ) ) ;
#1838 = VECTOR ( 'NONE', #939, 1000.000000000000000 ) ;
#1839 = VECTOR ( 'NONE', #1057, 1000.000000000000000 ) ;
#1840 = DIRECTION ( 'NONE',  ( -1.000000000000000000, 0.000000000000000000, 0.000000000000000000 ) ) ;
#1841 = LINE ( 'NONE', #3207, #2567 ) ;
#1842 = CARTESIAN_POINT ( 'NONE',  ( 8.273501444959658002, 3.270201394830370312, 25.38015917909807584 ) ) ;
#1843 = ORIENTED_EDGE ( 'NONE', *, *, #3177, .F. ) ;
#1844 = AXIS2_PLACEMENT_3D ( 'NONE', #2888, #2554, #1561 ) ;
#1845 = ORIENTED_EDGE ( 'NONE', *, *, #979, .T. ) ;
#1846 = VECTOR ( 'NONE', #961, 1000.000000000000000 ) ;
#1847 = DIRECTION ( 'NONE',  ( 0.000000000000000000, 0.000000000000000000, -1.000000000000000000 ) ) ;
#1848 = LINE ( 'NONE', #2103, #2847 ) ;
#1849 = AXIS2_PLACEMENT_3D ( 'NONE', #4044, #2399, #1028 ) ;
#1850 = ORIENTED_EDGE ( 'NONE', *, *, #1039, .T. ) ;
#1851 = PLANE ( 'NONE',  #583 ) ;
#1852 = VECTOR ( 'NONE', #3640, 1000.000000000000114 ) ;
#1853 = EDGE_LOOP ( 'NONE', ( #1845, #4071, #2270, #1312 ) ) ;
#1854 = LINE ( 'NONE', #2880, #1215 ) ;
#1855 = EDGE_CURVE ( 'NONE', #4362, #4114, #2328, .T. ) ;
#1856 = ORIENTED_EDGE ( 'NONE', *, *, #3495, .T. ) ;
#1857 = VECTOR ( 'NONE', #3862, 1000.000000000000000 ) ;
#1858 = LINE ( 'NONE', #3225, #345 ) ;
#1859 = CARTESIAN_POINT ( 'NONE',  ( -4.429546680213301890, -7.715190181085060495, 23.83399999999999963 ) ) ;
#1860 = DIRECTION ( 'NONE',  ( -1.000000000000000000, 0.000000000000000000, 0.000000000000000000 ) ) ;
#1861 = ORIENTED_EDGE ( 'NONE', *, *, #2360, .F. ) ;
#1862 = VECTOR ( 'NONE', #1587, 1000.000000000000000 ) ;
#1863 = ORIENTED_EDGE ( 'NONE', *, *, #394, .F. ) ;
#1864 = CARTESIAN_POINT ( 'NONE',  ( -8.873054439310781305, 0.6433880940204614873, 19.76999999999999957 ) ) ;
#1865 = DIRECTION ( 'NONE',  ( 1.000000000000000000, 0.000000000000000000, 0.000000000000000000 ) ) ;
#1866 = VECTOR ( 'NONE', #4125, 1000.000000000000000 ) ;
#1867 = FACE_OUTER_BOUND ( 'NONE', #648, .T. ) ;
#1868 = LINE ( 'NONE', #1278, #376 ) ;
#1869 = ORIENTED_EDGE ( 'NONE', *, *, #260, .F. ) ;
#1870 = DIRECTION ( 'NONE',  ( -0.4226182617406910036, 0.9063077870366539335, 0.000000000000000000 ) ) ;
#1871 = LINE ( 'NONE', #3569, #3955 ) ;
#1872 = EDGE_CURVE ( 'NONE', #1327, #1472, #3815, .T. ) ;
#1873 = EDGE_CURVE ( 'NONE', #3664, #1307, #777, .T. ) ;
#1874 = ORIENTED_EDGE ( 'NONE', *, *, #2683, .F. ) ;
#1875 = LINE ( 'NONE', #3479, #1642 ) ;
#1876 = ORIENTED_EDGE ( 'NONE', *, *, #1072, .T. ) ;
#1877 = DIRECTION ( 'NONE',  ( 0.000000000000000000, 0.000000000000000000, -1.000000000000000000 ) ) ;
#1878 = EDGE_CURVE ( 'NONE', #596, #3369, #1619, .T. ) ;
#1879 = EDGE_CURVE ( 'NONE', #3239, #1782, #2288, .T. ) ;
#1880 = ORIENTED_EDGE ( 'NONE', *, *, #3343, .T. ) ;
#1881 = EDGE_CURVE ( 'NONE', #3148, #1282, #621, .T. ) ;
#1882 = DIRECTION ( 'NONE',  ( 0.9009688679024216995, 0.4338837391175528468, 0.000000000000000000 ) ) ;
#1883 = CARTESIAN_POINT ( 'NONE',  ( -7.260732802595062374, -3.874025726465959885, 23.83399999999999963 ) ) ;
#1884 = LINE ( 'NONE', #1244, #2199 ) ;
#1885 = ORIENTED_EDGE ( 'NONE', *, *, #3721, .T. ) ;
#1886 = VERTEX_POINT ( 'NONE', #602 ) ;
#1887 = ORIENTED_EDGE ( 'NONE', *, *, #632, .T. ) ;
#1888 = DIRECTION ( 'NONE',  ( -0.9009688679024159264, 0.4338837391175649483, 0.000000000000000000 ) ) ;
#1889 = DIRECTION ( 'NONE',  ( 0.000000000000000000, 0.000000000000000000, -1.000000000000000000 ) ) ;
#1890 = CARTESIAN_POINT ( 'NONE',  ( -8.222570980932690787, 0.3400626758756006285, 19.76999999999999957 ) ) ;
#1891 = DIRECTION ( 'NONE',  ( 0.9063077870366498257, 0.4226182617406998854, 0.000000000000000000 ) ) ;
#1892 = EDGE_CURVE ( 'NONE', #1569, #205, #1737, .T. ) ;
#1893 = LINE ( 'NONE', #1255, #1019 ) ;
#1894 = ORIENTED_EDGE ( 'NONE', *, *, #1249, .F. ) ;
#1895 = DIRECTION ( 'NONE',  ( 0.9776261689193052051, 0.2103498843454930656, 0.000000000000000000 ) ) ;
#1896 = ADVANCED_FACE ( 'NONE', ( #3761 ), #1926, .T. ) ;
#1897 = EDGE_LOOP ( 'NONE', ( #2744, #2708, #2661, #2189 ) ) ;
#1898 = CARTESIAN_POINT ( 'NONE',  ( -6.035280021597921873, -6.536087391046809358, 25.45808833122222836 ) ) ;
#1899 = ORIENTED_EDGE ( 'NONE', *, *, #4151, .T. ) ;
#1900 = CARTESIAN_POINT ( 'NONE',  ( -7.338379221564852450, 5.029237886897500509, 19.76999999999999957 ) ) ;
#1901 = TOROIDAL_SURFACE ( 'NONE', #4312, 9.626600000000001600, 2.701162999999999759 ) ;
#1902 = PLANE ( 'NONE',  #2817 ) ;
#1903 = CARTESIAN_POINT ( 'NONE',  ( 0.000000000000000000, 0.000000000000000000, 49.44569045728920287 ) ) ;
#1904 = LINE ( 'NONE', #2644, #1638 ) ;
#1905 = VECTOR ( 'NONE', #2379, 1000.000000000000114 ) ;
#1906 = VERTEX_POINT ( 'NONE', #2948 ) ;
#1907 = ORIENTED_EDGE ( 'NONE', *, *, #1173, .T. ) ;
#1908 = ORIENTED_EDGE ( 'NONE', *, *, #2673, .F. ) ;
#1909 = CARTESIAN_POINT ( 'NONE',  ( -7.940742894968030541, 2.161230768801590152, 25.35104857481265839 ) ) ;
#1910 = AXIS2_PLACEMENT_3D ( 'NONE', #3681, #268, #3434 ) ;
#1911 = CARTESIAN_POINT ( 'NONE',  ( -8.273501444959682871, -3.270201394830311248, 23.83399999999999963 ) ) ;
#1912 = CARTESIAN_POINT ( 'NONE',  ( 2.601697372106578143, 8.507421119615139915, 23.83399999999999963 ) ) ;
#1913 = PLANE ( 'NONE',  #168 ) ;
#1914 = CARTESIAN_POINT ( 'NONE',  ( 4.429546680213187315, -7.715190181085119114, 19.76999999999999957 ) ) ;
#1915 = ORIENTED_EDGE ( 'NONE', *, *, #852, .F. ) ;
#1916 = CARTESIAN_POINT ( 'NONE',  ( 2.601697372106519079, -8.507421119615159455, 23.83399999999999963 ) ) ;
#1917 = ORIENTED_EDGE ( 'NONE', *, *, #1690, .T. ) ;
#1918 = EDGE_CURVE ( 'NONE', #308, #984, #2974, .T. ) ;
#1919 = ORIENTED_EDGE ( 'NONE', *, *, #118, .T. ) ;
#1920 = ORIENTED_EDGE ( 'NONE', *, *, #4181, .T. ) ;
#1921 = DIRECTION ( 'NONE',  ( 0.000000000000000000, 0.000000000000000000, -1.000000000000000000 ) ) ;
#1922 = CIRCLE ( 'NONE', #2914, 11.50000000000000000 ) ;
#1923 = VECTOR ( 'NONE', #2457, 1000.000000000000114 ) ;
#1924 = VECTOR ( 'NONE', #457, 1000.000000000000000 ) ;
#1925 = LINE ( 'NONE', #1949, #3035 ) ;
#1926 = PLANE ( 'NONE',  #1910 ) ;
#1927 = CARTESIAN_POINT ( 'NONE',  ( 8.793755758770707587, -1.347183349654770490, 19.76999999999999957 ) ) ;
#1928 = EDGE_LOOP ( 'NONE', ( #1717, #3819, #3657, #2562 ) ) ;
#1929 = EDGE_LOOP ( 'NONE', ( #1051, #680, #2193, #1157 ) ) ;
#1930 = EDGE_CURVE ( 'NONE', #2326, #1110, #1291, .T. ) ;
#1931 = EDGE_CURVE ( 'NONE', #1906, #2010, #3662, .T. ) ;
#1932 = ORIENTED_EDGE ( 'NONE', *, *, #807, .F. ) ;
#1933 = DIRECTION ( 'NONE',  ( 0.000000000000000000, 0.000000000000000000, -1.000000000000000000 ) ) ;
#1934 = DIRECTION ( 'NONE',  ( 0.000000000000000000, 0.000000000000000000, 1.000000000000000000 ) ) ;
#1935 = DIRECTION ( 'NONE',  ( -0.2225209339563019029, 0.9749279121818265059, 0.000000000000000000 ) ) ;
#1936 = DIRECTION ( 'NONE',  ( 0.000000000000000000, 0.000000000000000000, -1.000000000000000000 ) ) ;
#1937 = VECTOR ( 'NONE', #2961, 999.9999999999998863 ) ;
#1938 = ADVANCED_FACE ( 'NONE', ( #2663 ), #645, .T. ) ;
#1939 = FACE_OUTER_BOUND ( 'NONE', #437, .T. ) ;
#1940 = CARTESIAN_POINT ( 'NONE',  ( -8.092085023447042502, 1.498157579597040545, 19.76999999999999957 ) ) ;
#1941 = VERTEX_POINT ( 'NONE', #4139 ) ;
#1942 = CARTESIAN_POINT ( 'NONE',  ( -8.507421119615120375, 2.601697372106670070, 23.83399999999999963 ) ) ;
#1943 = ORIENTED_EDGE ( 'NONE', *, *, #1879, .T. ) ;
#1944 = ORIENTED_EDGE ( 'NONE', *, *, #1416, .F. ) ;
#1945 = VECTOR ( 'NONE', #25, 1000.000000000000114 ) ;
#1946 = EDGE_LOOP ( 'NONE', ( #1417, #1122, #3923, #3031 ) ) ;
#1947 = PLANE ( 'NONE',  #177 ) ;
#1948 = EDGE_CURVE ( 'NONE', #681, #1827, #2469, .T. ) ;
#1949 = CARTESIAN_POINT ( 'NONE',  ( -5.029237886897321985, 7.338379221564980348, 19.76999999999999957 ) ) ;
#1950 = CARTESIAN_POINT ( 'NONE',  ( -7.260732802595062374, -3.874025726465959885, 25.38015917909806873 ) ) ;
#1951 = DIRECTION ( 'NONE',  ( -0.9063077870366510469, -0.4226182617406969988, 0.000000000000000000 ) ) ;
#1952 = EDGE_LOOP ( 'NONE', ( #3247, #3255, #1033, #246 ) ) ;
#1953 = ORIENTED_EDGE ( 'NONE', *, *, #3274, .F. ) ;
#1954 = ORIENTED_EDGE ( 'NONE', *, *, #1093, .F. ) ;
#1955 = LINE ( 'NONE', #1625, #1199 ) ;
#1956 = DIRECTION ( 'NONE',  ( 0.9009688679024188129, -0.4338837391175588976, 0.000000000000000000 ) ) ;
#1957 = CARTESIAN_POINT ( 'NONE',  ( 0.000000000000000000, 0.000000000000000000, 19.76999999999999957 ) ) ;
#1958 = DIRECTION ( 'NONE',  ( -0.4226182617407002740, 0.9063077870366494926, 0.000000000000000000 ) ) ;
#1959 = CARTESIAN_POINT ( 'NONE',  ( 0.3400626758755104229, -8.222570980932690787, 25.28650512035034126 ) ) ;
#1960 = AXIS2_PLACEMENT_3D ( 'NONE', #326, #2420, #300 ) ;
#1961 = FACE_OUTER_BOUND ( 'NONE', #2406, .T. ) ;
#1962 = ADVANCED_FACE ( 'NONE', ( #3820 ), #789, .T. ) ;
#1963 = ORIENTED_EDGE ( 'NONE', *, *, #1467, .T. ) ;
#1964 = CARTESIAN_POINT ( 'NONE',  ( 1.347183349654737405, 8.793755758770709363, 23.83399999999999963 ) ) ;
#1965 = EDGE_CURVE ( 'NONE', #998, #2688, #1166, .T. ) ;
#1966 = EDGE_CURVE ( 'NONE', #3369, #89, #456, .T. ) ;
#1967 = EDGE_LOOP ( 'NONE', ( #3558, #3016, #4304, #1894 ) ) ;
#1968 = VERTEX_POINT ( 'NONE', #1820 ) ;
#1969 = ORIENTED_EDGE ( 'NONE', *, *, #3073, .F. ) ;
#1970 = CARTESIAN_POINT ( 'NONE',  ( 9.626600000000001600, 1.178918487667191093E-15, 26.53516300000000072 ) ) ;
#1971 = CARTESIAN_POINT ( 'NONE',  ( 8.507421119615148797, 2.601697372106550610, 23.83399999999999963 ) ) ;
#1972 = DIRECTION ( 'NONE',  ( 1.000000000000000000, 0.000000000000000000, 0.000000000000000000 ) ) ;
#1973 = ORIENTED_EDGE ( 'NONE', *, *, #2611, .T. ) ;
#1974 = ORIENTED_EDGE ( 'NONE', *, *, #2048, .F. ) ;
#1975 = LINE ( 'NONE', #2247, #3678 ) ;
#1976 = EDGE_CURVE ( 'NONE', #1313, #978, #3454, .T. ) ;
#1977 = CARTESIAN_POINT ( 'NONE',  ( -8.092085023447042502, 1.498157579597040545, 23.83399999999999963 ) ) ;
#1978 = CARTESIAN_POINT ( 'NONE',  ( 0.000000000000000000, 0.000000000000000000, 49.44569045728920287 ) ) ;
#1979 = AXIS2_PLACEMENT_3D ( 'NONE', #2483, #3582, #467 ) ;
#1980 = CARTESIAN_POINT ( 'NONE',  ( 6.536087391046828010, -6.035280021597901445, 25.45808833122222836 ) ) ;
#1981 = ADVANCED_FACE ( 'NONE', ( #3497 ), #766, .T. ) ;
#1982 = VECTOR ( 'NONE', #1134, 1000.000000000000114 ) ;
#1983 = CIRCLE ( 'NONE', #3111, 8.896349999999999980 ) ;
#1984 = DIRECTION ( 'NONE',  ( -0.7895433483002288755, 0.6136947947920559088, 0.000000000000000000 ) ) ;
#1985 = FACE_OUTER_BOUND ( 'NONE', #2016, .T. ) ;
#1986 = EDGE_LOOP ( 'NONE', ( #3099, #3021, #3529, #2784 ) ) ;
#1987 = PLANE ( 'NONE',  #3042 ) ;
#1988 = EDGE_LOOP ( 'NONE', ( #47, #3283, #1191, #3002, #1281, #1508, #1394, #4364, #3900, #974, #2105, #1919, #3375, #3647, #2920, #1714, #3759, #240, #663, #845, #2182, #1920, #615, #2088, #2789, #1442, #2646, #1557, #3655, #3575, #2058, #181, #1621, #1885, #1581, #787, #3306, #2011, #4155, #24, #3950, #339, #669, #1696, #2804, #4329, #3312, #1571, #161, #3165, #1990, #2977, #1556, #3387, #3372, #2278, #321, #2245, #3496, #4330, #1974, #3324, #3788, #548, #2841, #2825, #2353, #3357, #3714, #3430, #4207, #2330, #3914, #1757, #2918, #3743, #4313, #4021, #3081, #1880, #225, #4365, #1850, #3315, #1843, #764, #3459, #3243, #2304, #2962, #2953, #87, #3769, #966, #3901, #2867, #3377, #859, #3960, #1616, #4053, #270, #1907, #193, #1268, #2282, #605, #3294, #2246, #3930, #3683, #377 ) ) ;
#1989 = CIRCLE ( 'NONE', #74, 8.896349999999999980 ) ;
#1990 = ORIENTED_EDGE ( 'NONE', *, *, #931, .T. ) ;
#1991 = LINE ( 'NONE', #1719, #162 ) ;
#1992 = AXIS2_PLACEMENT_3D ( 'NONE', #2563, #197, #1189 ) ;
#1993 = LINE ( 'NONE', #4326, #1082 ) ;
#1994 = CARTESIAN_POINT ( 'NONE',  ( 0.000000000000000000, 0.000000000000000000, 49.44569045728920287 ) ) ;
#1995 = FACE_OUTER_BOUND ( 'NONE', #2117, .T. ) ;
#1996 = AXIS2_PLACEMENT_3D ( 'NONE', #1487, #798, #3507 ) ;
#1997 = ORIENTED_EDGE ( 'NONE', *, *, #458, .T. ) ;
#1998 = VERTEX_POINT ( 'NONE', #3162 ) ;
#1999 = DIRECTION ( 'NONE',  ( 0.000000000000000000, 0.000000000000000000, -1.000000000000000000 ) ) ;
#2000 = AXIS2_PLACEMENT_3D ( 'NONE', #2177, #1450, #1749 ) ;
#2001 = DIRECTION ( 'NONE',  ( 0.000000000000000000, 0.000000000000000000, -1.000000000000000000 ) ) ;
#2002 = DIRECTION ( 'NONE',  ( 0.000000000000000000, 0.000000000000000000, -1.000000000000000000 ) ) ;
#2003 = FACE_OUTER_BOUND ( 'NONE', #3644, .T. ) ;
#2004 = DIRECTION ( 'NONE',  ( 0.000000000000000000, -1.000000000000000000, 0.000000000000000000 ) ) ;
#2005 = CARTESIAN_POINT ( 'NONE',  ( 8.793755758770707587, -1.347183349654770490, 23.83399999999999963 ) ) ;
#2006 = AXIS2_PLACEMENT_3D ( 'NONE', #2232, #1205, #853 ) ;
#2007 = EDGE_LOOP ( 'NONE', ( #1899, #3675, #2945, #1012 ) ) ;
#2008 = DIRECTION ( 'NONE',  ( 0.000000000000000000, 0.000000000000000000, -1.000000000000000000 ) ) ;
#2009 = VERTEX_POINT ( 'NONE', #124 ) ;
#2010 = VERTEX_POINT ( 'NONE', #1475 ) ;
#2011 = ORIENTED_EDGE ( 'NONE', *, *, #1092, .T. ) ;
#2012 = EDGE_CURVE ( 'NONE', #918, #4124, #2806, .T. ) ;
#2013 = LINE ( 'NONE', #4076, #3282 ) ;
#2014 = AXIS2_PLACEMENT_3D ( 'NONE', #888, #1572, #3922 ) ;
#2015 = EDGE_CURVE ( 'NONE', #131, #1150, #4156, .T. ) ;
#2016 = EDGE_LOOP ( 'NONE', ( #3327, #530, #3219, #2501 ) ) ;
#2017 = CARTESIAN_POINT ( 'NONE',  ( 3.270201394830338781, -8.273501444959672213, 25.38015917909807584 ) ) ;
#2018 = ADVANCED_FACE ( 'NONE', ( #2828 ), #3188, .T. ) ;
#2019 = EDGE_CURVE ( 'NONE', #2760, #2404, #2494, .T. ) ;
#2020 = VERTEX_POINT ( 'NONE', #80 ) ;
#2021 = DIRECTION ( 'NONE',  ( 0.000000000000000000, -0.000000000000000000, 1.000000000000000000 ) ) ;
#2022 = PLANE ( 'NONE',  #2268 ) ;
#2023 = DIRECTION ( 'NONE',  ( -0.000000000000000000, -0.000000000000000000, 1.000000000000000000 ) ) ;
#2024 = PLANE ( 'NONE',  #957 ) ;
#2025 = DIRECTION ( 'NONE',  ( -0.9749279121818218430, 0.2225209339563219979, 0.000000000000000000 ) ) ;
#2026 = ORIENTED_EDGE ( 'NONE', *, *, #1493, .T. ) ;
#2027 = DIRECTION ( 'NONE',  ( 0.7895433483002428643, 0.6136947947920378121, 0.000000000000000000 ) ) ;
#2028 = EDGE_LOOP ( 'NONE', ( #2921, #281, #2123, #536 ) ) ;
#2029 = AXIS2_PLACEMENT_3D ( 'NONE', #3362, #2694, #2042 ) ;
#2030 = DIRECTION ( 'NONE',  ( 0.000000000000000000, 0.000000000000000000, -1.000000000000000000 ) ) ;
#2031 = EDGE_CURVE ( 'NONE', #2896, #918, #475, .T. ) ;
#2032 = VERTEX_POINT ( 'NONE', #1778 ) ;
#2033 = ADVANCED_FACE ( 'NONE', ( #1409 ), #2514, .T. ) ;
#2034 = ORIENTED_EDGE ( 'NONE', *, *, #226, .T. ) ;
#2035 = DIRECTION ( 'NONE',  ( 0.4450817844365988485, 0.8954899246572978200, 0.000000000000000000 ) ) ;
#2036 = VERTEX_POINT ( 'NONE', #832 ) ;
#2037 = PLANE ( 'NONE',  #4280 ) ;
#2038 = ORIENTED_EDGE ( 'NONE', *, *, #678, .T. ) ;
#2039 = DIRECTION ( 'NONE',  ( 0.000000000000000000, 0.000000000000000000, 1.000000000000000000 ) ) ;
#2040 = CIRCLE ( 'NONE', #128, 6.320508075688764826 ) ;
#2041 = DIRECTION ( 'NONE',  ( 0.000000000000000000, 0.000000000000000000, -1.000000000000000000 ) ) ;
#2042 = DIRECTION ( 'NONE',  ( 0.000000000000000000, 0.000000000000000000, -1.000000000000000000 ) ) ;
#2043 = VECTOR ( 'NONE', #2778, 1000.000000000000000 ) ;
#2044 = PLANE ( 'NONE',  #4133 ) ;
#2045 = DIRECTION ( 'NONE',  ( 0.01246631459540899559, -0.9999222924809748614, 0.000000000000000000 ) ) ;
#2046 = VECTOR ( 'NONE', #1999, 1000.000000000000000 ) ;
#2047 = ORIENTED_EDGE ( 'NONE', *, *, #3738, .T. ) ;
#2048 = EDGE_CURVE ( 'NONE', #993, #3281, #4170, .T. ) ;
#2049 = CARTESIAN_POINT ( 'NONE',  ( -3.874025726465942565, 7.260732802595071256, 25.38015917909806873 ) ) ;
#2050 = EDGE_LOOP ( 'NONE', ( #480, #685, #722, #2368 ) ) ;
#2051 = VECTOR ( 'NONE', #344, 1000.000000000000114 ) ;
#2052 = LINE ( 'NONE', #389, #1343 ) ;
#2053 = AXIS2_PLACEMENT_3D ( 'NONE', #1455, #2254, #1895 ) ;
#2054 = ORIENTED_EDGE ( 'NONE', *, *, #3406, .T. ) ;
#2055 = VERTEX_POINT ( 'NONE', #3544 ) ;
#2056 = CARTESIAN_POINT ( 'NONE',  ( 0.000000000000000000, 0.000000000000000000, 23.83399999999999963 ) ) ;
#2057 = ADVANCED_FACE ( 'NONE', ( #2119 ), #4116, .T. ) ;
#2058 = ORIENTED_EDGE ( 'NONE', *, *, #904, .T. ) ;
#2059 = CARTESIAN_POINT ( 'NONE',  ( 3.261253958267127384, -7.555828133281421444, 19.76999999999999957 ) ) ;
#2060 = EDGE_LOOP ( 'NONE', ( #472, #2240, #2186, #3726 ) ) ;
#2061 = FACE_OUTER_BOUND ( 'NONE', #2879, .T. ) ;
#2062 = AXIS2_PLACEMENT_3D ( 'NONE', #3687, #650, #1338 ) ;
#2063 = LINE ( 'NONE', #2395, #2418 ) ;
#2064 = CYLINDRICAL_SURFACE ( 'NONE', #3313, 8.896349999999999980 ) ;
#2065 = ADVANCED_FACE ( 'NONE', ( #3142 ), #102, .T. ) ;
#2066 = EDGE_CURVE ( 'NONE', #137, #2826, #2756, .T. ) ;
#2067 = AXIS2_PLACEMENT_3D ( 'NONE', #675, #4150, #3176 ) ;
#2068 = DIRECTION ( 'NONE',  ( -0.000000000000000000, -0.000000000000000000, 1.000000000000000000 ) ) ;
#2069 = CARTESIAN_POINT ( 'NONE',  ( 0.000000000000000000, 0.000000000000000000, 23.83399999999999963 ) ) ;
#2070 = FACE_OUTER_BOUND ( 'NONE', #2566, .T. ) ;
#2071 = AXIS2_PLACEMENT_3D ( 'NONE', #3545, #2120, #3478 ) ;
#2072 = VECTOR ( 'NONE', #2249, 999.9999999999998863 ) ;
#2073 = LINE ( 'NONE', #1730, #2898 ) ;
#2074 = EDGE_CURVE ( 'NONE', #1472, #1327, #1413, .T. ) ;
#2075 = ORIENTED_EDGE ( 'NONE', *, *, #3087, .F. ) ;
#2076 = CARTESIAN_POINT ( 'NONE',  ( -2.601697372106640760, -8.507421119615120375, 23.83399999999999963 ) ) ;
#2077 = EDGE_CURVE ( 'NONE', #3391, #4281, #3332, .T. ) ;
#2078 = VECTOR ( 'NONE', #279, 999.9999999999998863 ) ;
#2079 = ORIENTED_EDGE ( 'NONE', *, *, #4316, .F. ) ;
#2080 = ORIENTED_EDGE ( 'NONE', *, *, #1144, .T. ) ;
#2081 = DIRECTION ( 'NONE',  ( 0.9749279121818263949, 0.2225209339563019029, 0.000000000000000000 ) ) ;
#2082 = ORIENTED_EDGE ( 'NONE', *, *, #2765, .T. ) ;
#2083 = VECTOR ( 'NONE', #2599, 999.9999999999998863 ) ;
#2084 = DIRECTION ( 'NONE',  ( -1.000000000000000000, 0.000000000000000000, 0.000000000000000000 ) ) ;
#2085 = VERTEX_POINT ( 'NONE', #3256 ) ;
#2086 = CARTESIAN_POINT ( 'NONE',  ( 8.793755758770718245, 1.347183349654709872, 23.83399999999999963 ) ) ;
#2087 = VECTOR ( 'NONE', #4298, 1000.000000000000114 ) ;
#2088 = ORIENTED_EDGE ( 'NONE', *, *, #542, .T. ) ;
#2089 = DIRECTION ( 'NONE',  ( 0.000000000000000000, 0.000000000000000000, -1.000000000000000000 ) ) ;
#2090 = ADVANCED_FACE ( 'NONE', ( #593 ), #568, .T. ) ;
#2091 = CARTESIAN_POINT ( 'NONE',  ( 7.555828133281388581, -3.261253958267210873, 23.83399999999999963 ) ) ;
#2092 = CARTESIAN_POINT ( 'NONE',  ( 8.222570980932687235, 0.3400626758754843881, 25.28650512035034126 ) ) ;
#2093 = EDGE_CURVE ( 'NONE', #206, #1198, #3238, .T. ) ;
#2094 = DIRECTION ( 'NONE',  ( 1.000000000000000000, 0.000000000000000000, 0.000000000000000000 ) ) ;
#2095 = CARTESIAN_POINT ( 'NONE',  ( -5.029237886897471199, -7.338379221564869326, 25.45808833122222836 ) ) ;
#2096 = DIRECTION ( 'NONE',  ( 1.000000000000000000, 0.000000000000000000, 0.000000000000000000 ) ) ;
#2097 = ORIENTED_EDGE ( 'NONE', *, *, #1439, .F. ) ;
#2098 = CARTESIAN_POINT ( 'NONE',  ( 8.273501444959640239, -3.270201394830420494, 25.38015917909807584 ) ) ;
#2099 = PLANE ( 'NONE',  #2142 ) ;
#2100 = VERTEX_POINT ( 'NONE', #1916 ) ;
#2101 = ORIENTED_EDGE ( 'NONE', *, *, #260, .T. ) ;
#2102 = DIRECTION ( 'NONE',  ( 0.7818314824680311359, 0.6234898018587320401, 0.000000000000000000 ) ) ;
#2103 = CARTESIAN_POINT ( 'NONE',  ( -3.270201394830453356, -8.273501444959631357, 25.38015917909807584 ) ) ;
#2104 = CARTESIAN_POINT ( 'NONE',  ( 1.347183349654737405, 8.793755758770709363, 25.35104857481265839 ) ) ;
#2105 = ORIENTED_EDGE ( 'NONE', *, *, #1786, .T. ) ;
#2106 = DIRECTION ( 'NONE',  ( 0.000000000000000000, 0.000000000000000000, -1.000000000000000000 ) ) ;
#2107 = VERTEX_POINT ( 'NONE', #857 ) ;
#2108 = LINE ( 'NONE', #2774, #3352 ) ;
#2109 = LINE ( 'NONE', #2151, #2972 ) ;
#2110 = DIRECTION ( 'NONE',  ( 0.6331879092341341497, -0.7739981082662321654, 0.000000000000000000 ) ) ;
#2111 = EDGE_CURVE ( 'NONE', #3432, #2331, #1983, .T. ) ;
#2112 = FACE_OUTER_BOUND ( 'NONE', #41, .T. ) ;
#2113 = CARTESIAN_POINT ( 'NONE',  ( 0.6433880940203695609, -8.873054439310790187, 23.83399999999999963 ) ) ;
#2114 = AXIS2_PLACEMENT_3D ( 'NONE', #747, #724, #2447 ) ;
#2115 = PLANE ( 'NONE',  #3069 ) ;
#2116 = ORIENTED_EDGE ( 'NONE', *, *, #3068, .F. ) ;
#2117 = EDGE_LOOP ( 'NONE', ( #430, #580 ) ) ;
#2118 = AXIS2_PLACEMENT_3D ( 'NONE', #627, #2625, #2357 ) ;
#2119 = FACE_OUTER_BOUND ( 'NONE', #3461, .T. ) ;
#2120 = DIRECTION ( 'NONE',  ( 0.000000000000000000, 0.000000000000000000, 1.000000000000000000 ) ) ;
#2121 = VECTOR ( 'NONE', #3632, 1000.000000000000000 ) ;
#2122 = CARTESIAN_POINT ( 'NONE',  ( 0.000000000000000000, 0.000000000000000000, 49.44569045728920287 ) ) ;
#2123 = ORIENTED_EDGE ( 'NONE', *, *, #3450, .F. ) ;
#2124 = CARTESIAN_POINT ( 'NONE',  ( -9.626600000000001600, 0.000000000000000000, 19.76999999999999957 ) ) ;
#2125 = ORIENTED_EDGE ( 'NONE', *, *, #1231, .F. ) ;
#2126 = DIRECTION ( 'NONE',  ( 0.000000000000000000, 0.000000000000000000, -1.000000000000000000 ) ) ;
#2127 = PLANE ( 'NONE',  #3279 ) ;
#2128 = PLANE ( 'NONE',  #4318 ) ;
#2129 = CYLINDRICAL_SURFACE ( 'NONE', #3395, 2.000000000000000000 ) ;
#2130 = CARTESIAN_POINT ( 'NONE',  ( 1.498157579596960609, 8.092085023447060266, 25.35104857481265839 ) ) ;
#2131 = PLANE ( 'NONE',  #305 ) ;
#2132 = VECTOR ( 'NONE', #560, 1000.000000000000000 ) ;
#2133 = AXIS2_PLACEMENT_3D ( 'NONE', #2547, #465, #2883 ) ;
#2134 = DIRECTION ( 'NONE',  ( 1.000000000000000000, 0.000000000000000000, 0.000000000000000000 ) ) ;
#2135 = DIRECTION ( 'NONE',  ( 0.9063077870366501587, -0.4226182617406990527, 0.000000000000000000 ) ) ;
#2136 = ORIENTED_EDGE ( 'NONE', *, *, #3078, .F. ) ;
#2137 = ORIENTED_EDGE ( 'NONE', *, *, #1810, .F. ) ;
#2138 = DIRECTION ( 'NONE',  ( 0.4450817844366020681, 0.8954899246572962657, 0.000000000000000000 ) ) ;
#2139 = FACE_OUTER_BOUND ( 'NONE', #1986, .T. ) ;
#2140 = DIRECTION ( 'NONE',  ( 0.000000000000000000, 0.000000000000000000, 1.000000000000000000 ) ) ;
#2141 = EDGE_CURVE ( 'NONE', #498, #296, #194, .T. ) ;
#2142 = AXIS2_PLACEMENT_3D ( 'NONE', #1101, #1795, #3210 ) ;
#2143 = VERTEX_POINT ( 'NONE', #525 ) ;
#2144 = DIRECTION ( 'NONE',  ( 0.000000000000000000, 0.000000000000000000, -1.000000000000000000 ) ) ;
#2145 = ORIENTED_EDGE ( 'NONE', *, *, #1250, .T. ) ;
#2146 = EDGE_CURVE ( 'NONE', #21, #3071, #1568, .T. ) ;
#2147 = EDGE_CURVE ( 'NONE', #1906, #893, #1209, .T. ) ;
#2148 = EDGE_CURVE ( 'NONE', #3239, #3949, #2584, .T. ) ;
#2149 = DIRECTION ( 'NONE',  ( -0.2346574004677130232, 0.9720781369857751653, 0.000000000000000000 ) ) ;
#2150 = DIRECTION ( 'NONE',  ( -0.7739981082662321654, -0.6331879092341340387, 0.000000000000000000 ) ) ;
#2151 = CARTESIAN_POINT ( 'NONE',  ( -5.029237886897321985, 7.338379221564980348, 25.45808833122222836 ) ) ;
#2152 = EDGE_CURVE ( 'NONE', #21, #567, #214, .T. ) ;
#2153 = LINE ( 'NONE', #3880, #4240 ) ;
#2154 =( LENGTH_UNIT ( ) NAMED_UNIT ( * ) SI_UNIT ( .MILLI., .METRE. ) );
#2155 = CIRCLE ( 'NONE', #3299, 8.896349999999999980 ) ;
#2156 = CARTESIAN_POINT ( 'NONE',  ( -5.029237886897471199, -7.338379221564869326, 25.45808833122222836 ) ) ;
#2157 = DIRECTION ( 'NONE',  ( -0.000000000000000000, -0.000000000000000000, 1.000000000000000000 ) ) ;
#2158 = DIRECTION ( 'NONE',  ( 1.000000000000000000, 0.000000000000000000, 0.000000000000000000 ) ) ;
#2159 = ORIENTED_EDGE ( 'NONE', *, *, #3916, .T. ) ;
#2160 = ORIENTED_EDGE ( 'NONE', *, *, #2666, .T. ) ;
#2161 = CARTESIAN_POINT ( 'NONE',  ( 2.000000000000000000, 0.000000000000000000, 0.000000000000000000 ) ) ;
#2162 = DIRECTION ( 'NONE',  ( 0.2346574004677068892, -0.9720781369857766085, 0.000000000000000000 ) ) ;
#2163 = EDGE_CURVE ( 'NONE', #3949, #1170, #4104, .T. ) ;
#2164 = DIRECTION ( 'NONE',  ( 1.000000000000000000, 0.000000000000000000, 0.000000000000000000 ) ) ;
#2165 = ADVANCED_FACE ( 'NONE', ( #2874 ), #2602, .T. ) ;
#2166 = ORIENTED_EDGE ( 'NONE', *, *, #600, .T. ) ;
#2167 = DIRECTION ( 'NONE',  ( 0.9720781369857719456, -0.2346574004677259573, 0.000000000000000000 ) ) ;
#2168 = VERTEX_POINT ( 'NONE', #1613 ) ;
#2169 = DIRECTION ( 'NONE',  ( 0.000000000000000000, 0.000000000000000000, 1.000000000000000000 ) ) ;
#2170 = ORIENTED_EDGE ( 'NONE', *, *, #3418, .F. ) ;
#2171 = VECTOR ( 'NONE', #2375, 1000.000000000000000 ) ;
#2172 = CARTESIAN_POINT ( 'NONE',  ( 8.507421119615148797, 2.601697372106550610, 25.35104857481265839 ) ) ;
#2173 = CARTESIAN_POINT ( 'NONE',  ( 0.000000000000000000, 0.000000000000000000, 0.000000000000000000 ) ) ;
#2174 = LINE ( 'NONE', #1178, #3110 ) ;
#2175 = VERTEX_POINT ( 'NONE', #3656 ) ;
#2176 = LINE ( 'NONE', #1837, #2538 ) ;
#2177 = CARTESIAN_POINT ( 'NONE',  ( -1.498157579597012790, -8.092085023447051384, 25.35104857481265839 ) ) ;
#2178 = PLANE ( 'NONE',  #4270 ) ;
#2179 = CARTESIAN_POINT ( 'NONE',  ( 0.000000000000000000, 0.000000000000000000, 19.76999999999999957 ) ) ;
#2180 = ORIENTED_EDGE ( 'NONE', *, *, #1237, .T. ) ;
#2181 = EDGE_CURVE ( 'NONE', #379, #3590, #4, .T. ) ;
#2182 = ORIENTED_EDGE ( 'NONE', *, *, #3203, .F. ) ;
#2183 = DIRECTION ( 'NONE',  ( 0.000000000000000000, 0.000000000000000000, 1.000000000000000000 ) ) ;
#2184 = LINE ( 'NONE', #4221, #2490 ) ;
#2185 = AXIS2_PLACEMENT_3D ( 'NONE', #1451, #3816, #2030 ) ;
#2186 = ORIENTED_EDGE ( 'NONE', *, *, #1093, .T. ) ;
#2187 = CARTESIAN_POINT ( 'NONE',  ( -8.092085023447042502, 1.498157579597040545, 23.83399999999999963 ) ) ;
#2188 = CIRCLE ( 'NONE', #284, 11.36650000000000027 ) ;
#2189 = ORIENTED_EDGE ( 'NONE', *, *, #4214, .F. ) ;
#2190 = CARTESIAN_POINT ( 'NONE',  ( -8.092085023447083358, -1.498157579596870459, 25.35104857481265128 ) ) ;
#2191 = VECTOR ( 'NONE', #4301, 1000.000000000000000 ) ;
#2192 = AXIS2_PLACEMENT_3D ( 'NONE', #1978, #2002, #4374 ) ;
#2193 = ORIENTED_EDGE ( 'NONE', *, *, #4370, .F. ) ;
#2194 = CARTESIAN_POINT ( 'NONE',  ( -6.536087391046780937, 6.035280021597940525, 23.83399999999999963 ) ) ;
#2195 = CARTESIAN_POINT ( 'NONE',  ( 0.000000000000000000, 0.000000000000000000, 23.83399999999999963 ) ) ;
#2196 = EDGE_LOOP ( 'NONE', ( #1876, #1735, #2244, #1258 ) ) ;
#2197 = ORIENTED_EDGE ( 'NONE', *, *, #1878, .F. ) ;
#2198 = CARTESIAN_POINT ( 'NONE',  ( 1.347183349654678564, -8.793755758770720021, 23.83399999999999963 ) ) ;
#2199 = VECTOR ( 'NONE', #2591, 1000.000000000000000 ) ;
#2200 = FACE_BOUND ( 'NONE', #1640, .T. ) ;
#2201 = EDGE_CURVE ( 'NONE', #4012, #2665, #3280, .T. ) ;
#2202 = ADVANCED_FACE ( 'NONE', ( #1525 ), #2235, .T. ) ;
#2203 = DIRECTION ( 'NONE',  ( 0.000000000000000000, 0.000000000000000000, 1.000000000000000000 ) ) ;
#2204 = DIRECTION ( 'NONE',  ( 1.000000000000000000, 0.000000000000000000, 0.000000000000000000 ) ) ;
#2205 = CIRCLE ( 'NONE', #2485, 8.896349999999999980 ) ;
#2206 = ORIENTED_EDGE ( 'NONE', *, *, #2286, .T. ) ;
#2207 = AXIS2_PLACEMENT_3D ( 'NONE', #3245, #3226, #3599 ) ;
#2208 = DIRECTION ( 'NONE',  ( 1.000000000000000000, 0.000000000000000000, 0.000000000000000000 ) ) ;
#2209 = DIRECTION ( 'NONE',  ( 0.000000000000000000, 0.000000000000000000, -1.000000000000000000 ) ) ;
#2210 = ADVANCED_FACE ( 'NONE', ( #1234 ), #547, .T. ) ;
#2211 = VECTOR ( 'NONE', #3861, 1000.000000000000000 ) ;
#2212 = ORIENTED_EDGE ( 'NONE', *, *, #1807, .F. ) ;
#2213 = FACE_OUTER_BOUND ( 'NONE', #1929, .T. ) ;
#2214 = VECTOR ( 'NONE', #1204, 1000.000000000000000 ) ;
#2215 = ORIENTED_EDGE ( 'NONE', *, *, #1872, .T. ) ;
#2216 = CARTESIAN_POINT ( 'NONE',  ( -9.626600000000001600, 0.000000000000000000, 26.53516300000000072 ) ) ;
#2217 = ORIENTED_EDGE ( 'NONE', *, *, #3610, .F. ) ;
#2218 = VECTOR ( 'NONE', #2846, 1000.000000000000227 ) ;
#2219 = CARTESIAN_POINT ( 'NONE',  ( 8.273501444959640239, -3.270201394830420494, 23.83399999999999963 ) ) ;
#2220 = CARTESIAN_POINT ( 'NONE',  ( 8.092085023447047831, -1.498157579596979705, 23.83399999999999963 ) ) ;
#2221 = CARTESIAN_POINT ( 'NONE',  ( -0.3400626758755173618, -8.222570980932690787, 25.28650512035034126 ) ) ;
#2222 = EDGE_CURVE ( 'NONE', #1592, #3684, #3383, .T. ) ;
#2223 = ORIENTED_EDGE ( 'NONE', *, *, #579, .T. ) ;
#2224 = VECTOR ( 'NONE', #924, 1000.000000000000114 ) ;
#2225 = ORIENTED_EDGE ( 'NONE', *, *, #2629, .F. ) ;
#2226 = DIRECTION ( 'NONE',  ( 0.000000000000000000, 0.000000000000000000, -1.000000000000000000 ) ) ;
#2227 = EDGE_CURVE ( 'NONE', #3664, #2760, #4046, .T. ) ;
#2228 = ADVANCED_FACE ( 'NONE', ( #696 ), #1987, .T. ) ;
#2229 = DIRECTION ( 'NONE',  ( 0.000000000000000000, 0.000000000000000000, 1.000000000000000000 ) ) ;
#2230 = CARTESIAN_POINT ( 'NONE',  ( 6.640690470122359024, -4.860817445659328939, 25.45808833122222836 ) ) ;
#2231 = AXIS2_PLACEMENT_3D ( 'NONE', #1171, #1877, #3242 ) ;
#2232 = CARTESIAN_POINT ( 'NONE',  ( -8.326672684688674053E-14, -11.36649999999999849, 18.50000000000000000 ) ) ;
#2233 = DIRECTION ( 'NONE',  ( 0.9999222924809747504, 0.01246631459541279636, 0.000000000000000000 ) ) ;
#2234 = ORIENTED_EDGE ( 'NONE', *, *, #2761, .F. ) ;
#2235 = CYLINDRICAL_SURFACE ( 'NONE', #564, 8.896349999999999980 ) ;
#2236 = ORIENTED_EDGE ( 'NONE', *, *, #3774, .T. ) ;
#2237 = DIRECTION ( 'NONE',  ( 0.4450817844365849152, -0.8954899246573048144, 0.000000000000000000 ) ) ;
#2238 = EDGE_LOOP ( 'NONE', ( #218, #151, #3480, #1527 ) ) ;
#2239 = FACE_OUTER_BOUND ( 'NONE', #700, .T. ) ;
#2240 = ORIENTED_EDGE ( 'NONE', *, *, #950, .T. ) ;
#2241 = DIRECTION ( 'NONE',  ( -1.000000000000000000, -1.224646799147353700E-16, 0.000000000000000000 ) ) ;
#2242 = DIRECTION ( 'NONE',  ( 1.000000000000000000, 0.000000000000000000, 0.000000000000000000 ) ) ;
#2243 = CARTESIAN_POINT ( 'NONE',  ( 2.601697372106578143, 8.507421119615139915, 19.76999999999999957 ) ) ;
#2244 = ORIENTED_EDGE ( 'NONE', *, *, #1004, .F. ) ;
#2245 = ORIENTED_EDGE ( 'NONE', *, *, #599, .T. ) ;
#2246 = ORIENTED_EDGE ( 'NONE', *, *, #3268, .F. ) ;
#2247 = CARTESIAN_POINT ( 'NONE',  ( -2.161230768801571056, -7.940742894968041199, 25.35104857481265839 ) ) ;
#2248 = LINE ( 'NONE', #3649, #3126 ) ;
#2249 = DIRECTION ( 'NONE',  ( -0.2225209339563179733, -0.9749279121818228422, 0.000000000000000000 ) ) ;
#2250 = EDGE_CURVE ( 'NONE', #1782, #3631, #2364, .T. ) ;
#2251 = DIRECTION ( 'NONE',  ( 0.000000000000000000, 0.000000000000000000, -1.000000000000000000 ) ) ;
#2252 = DIRECTION ( 'NONE',  ( 0.000000000000000000, 0.000000000000000000, -1.000000000000000000 ) ) ;
#2253 = EDGE_LOOP ( 'NONE', ( #2101, #956, #2637, #4381 ) ) ;
#2254 = DIRECTION ( 'NONE',  ( 0.2103498843454930656, -0.9776261689193052051, 0.000000000000000000 ) ) ;
#2255 = EDGE_LOOP ( 'NONE', ( #333, #3433, #99, #3094 ) ) ;
#2256 = VECTOR ( 'NONE', #4210, 1000.000000000000114 ) ;
#2257 = VERTEX_POINT ( 'NONE', #3030 ) ;
#2258 = EDGE_CURVE ( 'NONE', #3999, #2326, #2403, .T. ) ;
#2259 = EDGE_CURVE ( 'NONE', #1592, #917, #2342, .T. ) ;
#2260 = ORIENTED_EDGE ( 'NONE', *, *, #616, .T. ) ;
#2261 = VECTOR ( 'NONE', #1698, 1000.000000000000000 ) ;
#2262 = CARTESIAN_POINT ( 'NONE',  ( -1.498157579597012790, -8.092085023447051384, 25.35104857481265839 ) ) ;
#2263 = COLOUR_RGB ( '',0.7921568627450980005, 0.8196078431372548767, 0.9333333333333333481 ) ;
#2264 = EDGE_CURVE ( 'NONE', #2378, #239, #3012, .T. ) ;
#2265 = DIRECTION ( 'NONE',  ( 1.000000000000000000, 0.000000000000000000, 0.000000000000000000 ) ) ;
#2266 = LINE ( 'NONE', #1950, #1846 ) ;
#2267 = DIRECTION ( 'NONE',  ( 0.000000000000000000, 0.000000000000000000, -1.000000000000000000 ) ) ;
#2268 = AXIS2_PLACEMENT_3D ( 'NONE', #3378, #11, #299 ) ;
#2269 = VERTEX_POINT ( 'NONE', #1695 ) ;
#2270 = ORIENTED_EDGE ( 'NONE', *, *, #4016, .F. ) ;
#2271 = ORIENTED_EDGE ( 'NONE', *, *, #3536, .F. ) ;
#2272 = LINE ( 'NONE', #3625, #840 ) ;
#2273 = VECTOR ( 'NONE', #4203, 1000.000000000000227 ) ;
#2274 = FACE_OUTER_BOUND ( 'NONE', #4069, .T. ) ;
#2275 = DIRECTION ( 'NONE',  ( -0.2346574004677189074, -0.9720781369857737220, -0.000000000000000000 ) ) ;
#2276 = CARTESIAN_POINT ( 'NONE',  ( 0.000000000000000000, 0.000000000000000000, 49.44569045728920287 ) ) ;
#2277 = DIRECTION ( 'NONE',  ( 0.000000000000000000, 0.000000000000000000, -1.000000000000000000 ) ) ;
#2278 = ORIENTED_EDGE ( 'NONE', *, *, #4197, .T. ) ;
#2279 = DIRECTION ( 'NONE',  ( -0.6234898018587241575, 0.7818314824680373532, 0.000000000000000000 ) ) ;
#2280 = VERTEX_POINT ( 'NONE', #2699 ) ;
#2281 = ORIENTED_EDGE ( 'NONE', *, *, #3270, .F. ) ;
#2282 = ORIENTED_EDGE ( 'NONE', *, *, #2292, .T. ) ;
#2283 = CARTESIAN_POINT ( 'NONE',  ( -7.715190181085053389, 4.429546680213331200, 19.76999999999999957 ) ) ;
#2284 = VECTOR ( 'NONE', #178, 1000.000000000000000 ) ;
#2285 = AXIS2_PLACEMENT_3D ( 'NONE', #1499, #103, #501 ) ;
#2286 = EDGE_CURVE ( 'NONE', #917, #1542, #2679, .T. ) ;
#2287 = DIRECTION ( 'NONE',  ( 0.7739981082662267253, -0.6331879092341407000, 0.000000000000000000 ) ) ;
#2288 = LINE ( 'NONE', #395, #3262 ) ;
#2289 = CARTESIAN_POINT ( 'NONE',  ( 8.873054439310786634, 0.6433880940203383636, 23.83399999999999963 ) ) ;
#2290 = EDGE_LOOP ( 'NONE', ( #1179, #794, #3304, #2281 ) ) ;
#2291 = ORIENTED_EDGE ( 'NONE', *, *, #2019, .F. ) ;
#2292 = EDGE_CURVE ( 'NONE', #1336, #2404, #1365, .T. ) ;
#2293 = VERTEX_POINT ( 'NONE', #16 ) ;
#2294 = ADVANCED_FACE ( 'NONE', ( #4363 ), #2717, .T. ) ;
#2295 = LINE ( 'NONE', #3271, #65 ) ;
#2296 = DIRECTION ( 'NONE',  ( 0.000000000000000000, 0.000000000000000000, -1.000000000000000000 ) ) ;
#2297 = ADVANCED_FACE ( 'NONE', ( #1030 ), #660, .T. ) ;
#2298 = EDGE_CURVE ( 'NONE', #3949, #871, #3408, .T. ) ;
#2299 = CARTESIAN_POINT ( 'NONE',  ( -1.347183349654619500, 8.793755758770730679, 23.83399999999999963 ) ) ;
#2300 = PLANE ( 'NONE',  #4127 ) ;
#2301 = VECTOR ( 'NONE', #763, 1000.000000000000000 ) ;
#2302 = CARTESIAN_POINT ( 'NONE',  ( 5.392560857682859421, -6.216639249320060401, 25.45808833122222836 ) ) ;
#2303 = LINE ( 'NONE', #191, #800 ) ;
#2304 = ORIENTED_EDGE ( 'NONE', *, *, #1190, .F. ) ;
#2305 = CARTESIAN_POINT ( 'NONE',  ( -6.640690470122320832, 4.860817445659380454, 23.83399999999999963 ) ) ;
#2306 = ORIENTED_EDGE ( 'NONE', *, *, #1416, .T. ) ;
#2307 = ORIENTED_EDGE ( 'NONE', *, *, #3907, .T. ) ;
#2308 = ORIENTED_EDGE ( 'NONE', *, *, #1563, .F. ) ;
#2309 = EDGE_CURVE ( 'NONE', #1165, #935, #3070, .T. ) ;
#2310 = EDGE_CURVE ( 'NONE', #1542, #4060, #330, .T. ) ;
#2311 = CARTESIAN_POINT ( 'NONE',  ( 8.507421119615127481, -2.601697372106609230, 25.35104857481265839 ) ) ;
#2312 = DIRECTION ( 'NONE',  ( 0.9749279121818233973, -0.2225209339563150868, 0.000000000000000000 ) ) ;
#2313 = LINE ( 'NONE', #3335, #1766 ) ;
#2314 = ORIENTED_EDGE ( 'NONE', *, *, #2872, .T. ) ;
#2315 = VERTEX_POINT ( 'NONE', #1386 ) ;
#2316 = CARTESIAN_POINT ( 'NONE',  ( 6.035280021597828615, -6.536087391046888406, 25.45808833122222836 ) ) ;
#2317 = CARTESIAN_POINT ( 'NONE',  ( -2.601697372106470674, 8.507421119615180771, 25.35104857481265128 ) ) ;
#2318 = DIRECTION ( 'NONE',  ( -0.9720781369857736109, 0.2346574004677188796, 0.000000000000000000 ) ) ;
#2319 = LINE ( 'NONE', #3670, #4084 ) ;
#2320 = CARTESIAN_POINT ( 'NONE',  ( -7.715190181085053389, 4.429546680213331200, 19.76999999999999957 ) ) ;
#2321 = LINE ( 'NONE', #3381, #4339 ) ;
#2322 = ORIENTED_EDGE ( 'NONE', *, *, #3406, .F. ) ;
#2323 = CARTESIAN_POINT ( 'NONE',  ( 7.940742894968058962, 2.161230768801489788, 23.83399999999999963 ) ) ;
#2324 = EDGE_LOOP ( 'NONE', ( #2645, #884, #3676, #1600 ) ) ;
#2325 = VERTEX_POINT ( 'NONE', #2323 ) ;
#2326 = VERTEX_POINT ( 'NONE', #4088 ) ;
#2327 = CARTESIAN_POINT ( 'NONE',  ( -2.601697372106640760, -8.507421119615120375, 19.76999999999999957 ) ) ;
#2328 = LINE ( 'NONE', #3620, #3046 ) ;
#2329 = DIRECTION ( 'NONE',  ( 1.000000000000000000, 0.000000000000000000, -0.000000000000000000 ) ) ;
#2330 = ORIENTED_EDGE ( 'NONE', *, *, #2608, .T. ) ;
#2331 = VERTEX_POINT ( 'NONE', #3674 ) ;
#2332 = VECTOR ( 'NONE', #1430, 1000.000000000000000 ) ;
#2333 = DIRECTION ( 'NONE',  ( 0.000000000000000000, 0.000000000000000000, -1.000000000000000000 ) ) ;
#2334 = CARTESIAN_POINT ( 'NONE',  ( 8.092085023447047831, -1.498157579596979705, 19.76999999999999957 ) ) ;
#2335 = DIRECTION ( 'NONE',  ( 0.000000000000000000, 0.000000000000000000, -1.000000000000000000 ) ) ;
#2336 = DIRECTION ( 'NONE',  ( 0.000000000000000000, 0.000000000000000000, -1.000000000000000000 ) ) ;
#2337 = AXIS2_PLACEMENT_3D ( 'NONE', #1543, #2940, #902 ) ;
#2338 = FACE_OUTER_BOUND ( 'NONE', #865, .T. ) ;
#2339 = PLANE ( 'NONE',  #157 ) ;
#2340 = EDGE_CURVE ( 'NONE', #2826, #2280, #1675, .T. ) ;
#2341 = EDGE_LOOP ( 'NONE', ( #1233, #1344, #2225, #4137 ) ) ;
#2342 = LINE ( 'NONE', #3734, #1905 ) ;
#2343 = ORIENTED_EDGE ( 'NONE', *, *, #3472, .T. ) ;
#2344 = EDGE_CURVE ( 'NONE', #1472, #537, #1277, .T. ) ;
#2345 = EDGE_LOOP ( 'NONE', ( #1743, #2587, #2620, #1246 ) ) ;
#2346 = EDGE_CURVE ( 'NONE', #2860, #2792, #2073, .T. ) ;
#2347 = EDGE_CURVE ( 'NONE', #186, #3366, #4168, .T. ) ;
#2348 = DIRECTION ( 'NONE',  ( 1.000000000000000000, 0.000000000000000000, 0.000000000000000000 ) ) ;
#2349 = VECTOR ( 'NONE', #4023, 999.9999999999998863 ) ;
#2350 = VERTEX_POINT ( 'NONE', #341 ) ;
#2351 = FACE_BOUND ( 'NONE', #532, .T. ) ;
#2352 = VECTOR ( 'NONE', #2041, 1000.000000000000000 ) ;
#2353 = ORIENTED_EDGE ( 'NONE', *, *, #3235, .T. ) ;
#2354 = PLANE ( 'NONE',  #4033 ) ;
#2355 = AXIS2_PLACEMENT_3D ( 'NONE', #3814, #4110, #2425 ) ;
#2356 = ADVANCED_FACE ( 'NONE', ( #3361 ), #2981, .T. ) ;
#2357 = DIRECTION ( 'NONE',  ( 0.000000000000000000, 0.000000000000000000, -1.000000000000000000 ) ) ;
#2358 = DIRECTION ( 'NONE',  ( -0.7895433483002389785, -0.6136947947920429192, -0.000000000000000000 ) ) ;
#2359 = FACE_OUTER_BOUND ( 'NONE', #263, .T. ) ;
#2360 = EDGE_CURVE ( 'NONE', #537, #1389, #1483, .T. ) ;
#2361 = LINE ( 'NONE', #1673, #3206 ) ;
#2362 = VECTOR ( 'NONE', #612, 1000.000000000000000 ) ;
#2363 = VERTEX_POINT ( 'NONE', #1339 ) ;
#2364 = LINE ( 'NONE', #3349, #849 ) ;
#2365 = ORIENTED_EDGE ( 'NONE', *, *, #3967, .T. ) ;
#2366 = VECTOR ( 'NONE', #1425, 1000.000000000000114 ) ;
#2367 = EDGE_LOOP ( 'NONE', ( #2365, #676, #3800, #2770 ) ) ;
#2368 = ORIENTED_EDGE ( 'NONE', *, *, #4378, .F. ) ;
#2369 = CARTESIAN_POINT ( 'NONE',  ( -0.6433880940203695609, 8.873054439310788410, 19.76999999999999957 ) ) ;
#2370 = ORIENTED_EDGE ( 'NONE', *, *, #586, .F. ) ;
#2371 = CARTESIAN_POINT ( 'NONE',  ( 3.270201394830338781, -8.273501444959672213, 23.83399999999999963 ) ) ;
#2372 = VERTEX_POINT ( 'NONE', #3297 ) ;
#2373 = CARTESIAN_POINT ( 'NONE',  ( 0.6433880940203695609, -8.873054439310790187, 25.28650512035034126 ) ) ;
#2374 = CARTESIAN_POINT ( 'NONE',  ( -8.222570980932690787, 0.3400626758756006285, 25.28650512035034126 ) ) ;
#2375 = DIRECTION ( 'NONE',  ( 0.000000000000000000, 0.000000000000000000, -1.000000000000000000 ) ) ;
#2376 = FACE_OUTER_BOUND ( 'NONE', #2811, .T. ) ;
#2377 = CARTESIAN_POINT ( 'NONE',  ( 8.507421119615148797, 2.601697372106550610, 23.83399999999999963 ) ) ;
#2378 = VERTEX_POINT ( 'NONE', #2299 ) ;
#2379 = DIRECTION ( 'NONE',  ( -0.4338837391175620617, -0.9009688679024171476, 0.000000000000000000 ) ) ;
#2380 = EDGE_CURVE ( 'NONE', #749, #569, #1301, .T. ) ;
#2381 = ORIENTED_EDGE ( 'NONE', *, *, #3775, .T. ) ;
#2382 = CIRCLE ( 'NONE', #264, 8.896349999999999980 ) ;
#2383 = LINE ( 'NONE', #3410, #1126 ) ;
#2384 = EDGE_LOOP ( 'NONE', ( #1997, #3358, #1548, #3011 ) ) ;
#2385 = EDGE_LOOP ( 'NONE', ( #2492, #2145, #4283, #3739 ) ) ;
#2386 = CARTESIAN_POINT ( 'NONE',  ( 4.429546680213187315, -7.715190181085119114, 23.83399999999999963 ) ) ;
#2387 = ADVANCED_FACE ( 'NONE', ( #3025 ), #652, .T. ) ;
#2388 = EDGE_CURVE ( 'NONE', #2363, #1147, #3043, .T. ) ;
#2389 = EDGE_LOOP ( 'NONE', ( #2990, #836, #2986, #1703 ) ) ;
#2390 = CARTESIAN_POINT ( 'NONE',  ( 0.000000000000000000, 0.000000000000000000, 23.83399999999999963 ) ) ;
#2391 = ORIENTED_EDGE ( 'NONE', *, *, #3966, .F. ) ;
#2392 = CARTESIAN_POINT ( 'NONE',  ( 0.000000000000000000, 0.000000000000000000, 19.76999999999999957 ) ) ;
#2393 = CIRCLE ( 'NONE', #4159, 2.701162999999999315 ) ;
#2394 = ADVANCED_FACE ( 'NONE', ( #3341 ), #1356, .T. ) ;
#2395 = CARTESIAN_POINT ( 'NONE',  ( -0.6433880940203695609, -8.873054439310790187, 23.83399999999999963 ) ) ;
#2396 = PLANE ( 'NONE',  #3868 ) ;
#2397 = VECTOR ( 'NONE', #2738, 1000.000000000000000 ) ;
#2398 = CARTESIAN_POINT ( 'NONE',  ( -4.000000000000000000, 4.898587196589412829E-16, 0.000000000000000000 ) ) ;
#2399 = DIRECTION ( 'NONE',  ( 0.2346574004677259850, 0.9720781369857720566, 0.000000000000000000 ) ) ;
#2400 = CIRCLE ( 'NONE', #2970, 8.896349999999999980 ) ;
#2401 = UNCERTAINTY_MEASURE_WITH_UNIT (LENGTH_MEASURE( 1.000000000000000082E-05 ), #2154, 'distance_accuracy_value', 'NONE');
#2402 = VECTOR ( 'NONE', #70, 1000.000000000000000 ) ;
#2403 = LINE ( 'NONE', #1964, #3336 ) ;
#2404 = VERTEX_POINT ( 'NONE', #2650 ) ;
#2405 = CARTESIAN_POINT ( 'NONE',  ( 9.000000000000000000, 0.000000000000000000, 3.000000000000000000 ) ) ;
#2406 = EDGE_LOOP ( 'NONE', ( #2223, #3229, #2413, #4252 ) ) ;
#2407 = ORIENTED_EDGE ( 'NONE', *, *, #1562, .F. ) ;
#2408 = DIRECTION ( 'NONE',  ( 0.6331879092341461401, 0.7739981082662222844, 0.000000000000000000 ) ) ;
#2409 = VERTEX_POINT ( 'NONE', #3707 ) ;
#2410 = EDGE_CURVE ( 'NONE', #2545, #3095, #969, .T. ) ;
#2411 = VECTOR ( 'NONE', #1620, 1000.000000000000000 ) ;
#2412 = CARTESIAN_POINT ( 'NONE',  ( 0.000000000000000000, 0.000000000000000000, 19.76999999999999957 ) ) ;
#2413 = ORIENTED_EDGE ( 'NONE', *, *, #3287, .F. ) ;
#2414 = CARTESIAN_POINT ( 'NONE',  ( 8.873054439310786634, -0.6433880940203990928, 19.76999999999999957 ) ) ;
#2415 = VERTEX_POINT ( 'NONE', #4063 ) ;
#2416 = DIRECTION ( 'NONE',  ( -1.000000000000000000, 0.000000000000000000, 0.000000000000000000 ) ) ;
#2417 = AXIS2_PLACEMENT_3D ( 'NONE', #1626, #3340, #2435 ) ;
#2418 = VECTOR ( 'NONE', #90, 1000.000000000000227 ) ;
#2419 = CARTESIAN_POINT ( 'NONE',  ( -0.3400626758755173618, 8.222570980932689011, 19.76999999999999957 ) ) ;
#2420 = DIRECTION ( 'NONE',  ( 0.000000000000000000, 0.000000000000000000, -1.000000000000000000 ) ) ;
#2421 = EDGE_CURVE ( 'NONE', #577, #2168, #1627, .T. ) ;
#2422 = TOROIDAL_SURFACE ( 'NONE', #2919, 9.626600000000001600, 2.701162999999999759 ) ;
#2423 = DIRECTION ( 'NONE',  ( 0.000000000000000000, 0.000000000000000000, -1.000000000000000000 ) ) ;
#2424 = ADVANCED_FACE ( 'NONE', ( #3650 ), #2022, .T. ) ;
#2425 = DIRECTION ( 'NONE',  ( -1.000000000000000000, 0.000000000000000000, 0.000000000000000000 ) ) ;
#2426 = AXIS2_PLACEMENT_3D ( 'NONE', #3298, #3252, #2911 ) ;
#2427 = EDGE_LOOP ( 'NONE', ( #3212, #371, #1536, #1055 ) ) ;
#2428 = CARTESIAN_POINT ( 'NONE',  ( -0.6433880940203695609, 8.873054439310788410, 19.76999999999999957 ) ) ;
#2429 = CIRCLE ( 'NONE', #520, 8.896349999999999980 ) ;
#2430 = ORIENTED_EDGE ( 'NONE', *, *, #1832, .F. ) ;
#2431 = ORIENTED_EDGE ( 'NONE', *, *, #1776, .F. ) ;
#2432 = DIRECTION ( 'NONE',  ( -0.000000000000000000, -0.000000000000000000, 1.000000000000000000 ) ) ;
#2433 = CARTESIAN_POINT ( 'NONE',  ( 0.000000000000000000, 0.000000000000000000, 3.000000000000000000 ) ) ;
#2434 = VECTOR ( 'NONE', #1672, 1000.000000000000000 ) ;
#2435 = DIRECTION ( 'NONE',  ( -1.000000000000000000, 0.000000000000000000, 0.000000000000000000 ) ) ;
#2436 = ORIENTED_EDGE ( 'NONE', *, *, #2799, .T. ) ;
#2437 = DIRECTION ( 'NONE',  ( 0.000000000000000000, 0.000000000000000000, 1.000000000000000000 ) ) ;
#2438 = EDGE_CURVE ( 'NONE', #3718, #569, #1652, .T. ) ;
#2439 = VECTOR ( 'NONE', #1086, 1000.000000000000000 ) ;
#2440 = ORIENTED_EDGE ( 'NONE', *, *, #446, .T. ) ;
#2441 = ADVANCED_FACE ( 'NONE', ( #3006 ), #4358, .T. ) ;
#2442 = DIRECTION ( 'NONE',  ( 0.000000000000000000, 0.000000000000000000, -1.000000000000000000 ) ) ;
#2443 = DIRECTION ( 'NONE',  ( -0.000000000000000000, -0.000000000000000000, -1.000000000000000000 ) ) ;
#2444 = CARTESIAN_POINT ( 'NONE',  ( 0.000000000000000000, 0.000000000000000000, 49.44569045728920287 ) ) ;
#2445 = CARTESIAN_POINT ( 'NONE',  ( -0.6433880940203695609, -8.873054439310790187, 19.76999999999999957 ) ) ;
#2446 = DIRECTION ( 'NONE',  ( 0.000000000000000000, 0.000000000000000000, 1.000000000000000000 ) ) ;
#2447 = DIRECTION ( 'NONE',  ( 0.9749279121818251737, 0.2225209339563080368, 0.000000000000000000 ) ) ;
#2448 = CARTESIAN_POINT ( 'NONE',  ( -0.6433880940203695609, -8.873054439310790187, 25.28650512035034126 ) ) ;
#2449 = ORIENTED_EDGE ( 'NONE', *, *, #2876, .T. ) ;
#2450 = VERTEX_POINT ( 'NONE', #609 ) ;
#2451 = CARTESIAN_POINT ( 'NONE',  ( -7.715190181085053389, 4.429546680213331200, 25.38015917909807584 ) ) ;
#2452 = PLANE ( 'NONE',  #587 ) ;
#2453 = DIRECTION ( 'NONE',  ( 1.000000000000000000, 0.000000000000000000, 0.000000000000000000 ) ) ;
#2454 = ORIENTED_EDGE ( 'NONE', *, *, #2111, .F. ) ;
#2455 = LINE ( 'NONE', #755, #1866 ) ;
#2456 = ORIENTED_EDGE ( 'NONE', *, *, #3552, .T. ) ;
#2457 = DIRECTION ( 'NONE',  ( -0.01246631459541499426, -0.9999222924809747504, 0.000000000000000000 ) ) ;
#2458 = DIRECTION ( 'NONE',  ( 0.000000000000000000, 0.000000000000000000, -1.000000000000000000 ) ) ;
#2459 = CARTESIAN_POINT ( 'NONE',  ( 6.536087391046828010, -6.035280021597901445, 19.76999999999999957 ) ) ;
#2460 = DIRECTION ( 'NONE',  ( 0.000000000000000000, 0.000000000000000000, 1.000000000000000000 ) ) ;
#2461 = CARTESIAN_POINT ( 'NONE',  ( 2.601697372106519079, -8.507421119615159455, 19.76999999999999957 ) ) ;
#2462 = CARTESIAN_POINT ( 'NONE',  ( -4.860817445659221470, 6.640690470122440736, 23.83399999999999963 ) ) ;
#2463 = EDGE_CURVE ( 'NONE', #508, #2269, #1347, .T. ) ;
#2464 = VECTOR ( 'NONE', #1732, 1000.000000000000000 ) ;
#2465 = FACE_OUTER_BOUND ( 'NONE', #4014, .T. ) ;
#2466 = ORIENTED_EDGE ( 'NONE', *, *, #3738, .F. ) ;
#2467 = EDGE_LOOP ( 'NONE', ( #3875, #3161, #3032, #2585 ) ) ;
#2468 = AXIS2_PLACEMENT_3D ( 'NONE', #4244, #2279, #2560 ) ;
#2469 = LINE ( 'NONE', #2785, #286 ) ;
#2470 = LINE ( 'NONE', #3821, #1149 ) ;
#2471 = ADVANCED_FACE ( 'NONE', ( #1272 ), #2671, .T. ) ;
#2472 = EDGE_CURVE ( 'NONE', #4258, #239, #3397, .T. ) ;
#2473 = EDGE_CURVE ( 'NONE', #508, #1647, #3688, .T. ) ;
#2474 = ADVANCED_FACE ( 'NONE', ( #1656 ), #3427, .T. ) ;
#2475 = CARTESIAN_POINT ( 'NONE',  ( -6.035280021597921873, -6.536087391046809358, 25.45808833122222836 ) ) ;
#2476 = ORIENTED_EDGE ( 'NONE', *, *, #4345, .T. ) ;
#2477 = DIRECTION ( 'NONE',  ( -0.6136947947920429192, 0.7895433483002388675, 0.000000000000000000 ) ) ;
#2478 = PRODUCT_DEFINITION_FORMATION_WITH_SPECIFIED_SOURCE ( 'ANY', '', #619, .NOT_KNOWN. ) ;
#2479 = EDGE_LOOP ( 'NONE', ( #3665, #1611, #2260, #1622 ) ) ;
#2480 = CARTESIAN_POINT ( 'NONE',  ( -6.216639249320081717, -5.392560857682838993, 19.76999999999999957 ) ) ;
#2481 = FACE_OUTER_BOUND ( 'NONE', #916, .T. ) ;
#2482 = CARTESIAN_POINT ( 'NONE',  ( 3.874025726465987862, -7.260732802595048163, 19.76999999999999957 ) ) ;
#2483 = CARTESIAN_POINT ( 'NONE',  ( 0.000000000000000000, 0.000000000000000000, 23.83399999999999963 ) ) ;
#2484 = LINE ( 'NONE', #1096, #2211 ) ;
#2485 = AXIS2_PLACEMENT_3D ( 'NONE', #2412, #4158, #1528 ) ;
#2486 = ADVANCED_FACE ( 'NONE', ( #1985 ), #1729, .T. ) ;
#2487 = VECTOR ( 'NONE', #222, 1000.000000000000227 ) ;
#2488 = EDGE_CURVE ( 'NONE', #4232, #351, #2321, .T. ) ;
#2489 = CARTESIAN_POINT ( 'NONE',  ( 0.000000000000000000, 0.000000000000000000, 23.83399999999999963 ) ) ;
#2490 = VECTOR ( 'NONE', #1186, 1000.000000000000000 ) ;
#2491 = LINE ( 'NONE', #805, #2362 ) ;
#2492 = ORIENTED_EDGE ( 'NONE', *, *, #1721, .T. ) ;
#2493 = VERTEX_POINT ( 'NONE', #1342 ) ;
#2494 = LINE ( 'NONE', #431, #1560 ) ;
#2495 = CARTESIAN_POINT ( 'NONE',  ( 11.50000000000000000, 1.408343819019456176E-15, 0.000000000000000000 ) ) ;
#2496 = ORIENTED_EDGE ( 'NONE', *, *, #716, .F. ) ;
#2497 = DIRECTION ( 'NONE',  ( 0.000000000000000000, 0.000000000000000000, -1.000000000000000000 ) ) ;
#2498 = AXIS2_PLACEMENT_3D ( 'NONE', #2824, #1452, #410 ) ;
#2499 = ORIENTED_EDGE ( 'NONE', *, *, #3826, .F. ) ;
#2500 = CARTESIAN_POINT ( 'NONE',  ( -0.6433880940203695609, 8.873054439310788410, 25.28650512035034126 ) ) ;
#2501 = ORIENTED_EDGE ( 'NONE', *, *, #3933, .F. ) ;
#2502 = PLANE ( 'NONE',  #1816 ) ;
#2503 = DIRECTION ( 'NONE',  ( -1.000000000000000000, 0.000000000000000000, 0.000000000000000000 ) ) ;
#2504 = DIRECTION ( 'NONE',  ( -0.6331879092341440307, -0.7739981082662240608, -0.000000000000000000 ) ) ;
#2505 = ORIENTED_EDGE ( 'NONE', *, *, #734, .F. ) ;
#2506 = ADVANCED_FACE ( 'NONE', ( #53 ), #2339, .T. ) ;
#2507 = DIRECTION ( 'NONE',  ( 0.000000000000000000, 0.000000000000000000, 1.000000000000000000 ) ) ;
#2508 = AXIS2_PLACEMENT_3D ( 'NONE', #2519, #3574, #3593 ) ;
#2509 = DIRECTION ( 'NONE',  ( -0.9720781369857729448, 0.2346574004677219605, 0.000000000000000000 ) ) ;
#2510 = CARTESIAN_POINT ( 'NONE',  ( 0.000000000000000000, 0.000000000000000000, 0.000000000000000000 ) ) ;
#2511 = DIRECTION ( 'NONE',  ( -0.4226182617406990527, -0.9063077870366501587, 0.000000000000000000 ) ) ;
#2512 = ORIENTED_EDGE ( 'NONE', *, *, #232, .F. ) ;
#2513 = ORIENTED_EDGE ( 'NONE', *, *, #3510, .F. ) ;
#2514 = CYLINDRICAL_SURFACE ( 'NONE', #356, 8.896349999999999980 ) ;
#2515 = CARTESIAN_POINT ( 'NONE',  ( 7.715190181085109344, 4.429546680213220178, 23.83399999999999963 ) ) ;
#2516 = ORIENTED_EDGE ( 'NONE', *, *, #502, .F. ) ;
#2517 = CARTESIAN_POINT ( 'NONE',  ( -2.601697372106640760, -8.507421119615120375, 25.35104857481265839 ) ) ;
#2518 = ORIENTED_EDGE ( 'NONE', *, *, #217, .T. ) ;
#2519 = CARTESIAN_POINT ( 'NONE',  ( 0.000000000000000000, 0.000000000000000000, 23.83399999999999963 ) ) ;
#2520 = ORIENTED_EDGE ( 'NONE', *, *, #3724, .T. ) ;
#2521 = EDGE_CURVE ( 'NONE', #1221, #3112, #14, .T. ) ;
#2522 = EDGE_CURVE ( 'NONE', #2293, #272, #3672, .T. ) ;
#2523 = CARTESIAN_POINT ( 'NONE',  ( 4.860817445659307623, 6.640690470122381228, 19.76999999999999957 ) ) ;
#2524 = DIRECTION ( 'NONE',  ( 0.9009688679024188129, -0.4338837391175588976, 0.000000000000000000 ) ) ;
#2525 = CARTESIAN_POINT ( 'NONE',  ( -7.260732802595062374, -3.874025726465959885, 19.76999999999999957 ) ) ;
#2526 = ORIENTED_EDGE ( 'NONE', *, *, #2956, .F. ) ;
#2527 = PLANE ( 'NONE',  #3746 ) ;
#2528 = CYLINDRICAL_SURFACE ( 'NONE', #1771, 8.896349999999999980 ) ;
#2529 = ADVANCED_FACE ( 'NONE', ( #365 ), #3010, .T. ) ;
#2530 = UNCERTAINTY_MEASURE_WITH_UNIT (LENGTH_MEASURE( 1.000000000000000082E-05 ), #1725, 'distance_accuracy_value', 'NONE');
#2531 = CYLINDRICAL_SURFACE ( 'NONE', #4130, 4.000000000000000000 ) ;
#2532 = CARTESIAN_POINT ( 'NONE',  ( -3.261253958267231745, -7.555828133281379699, 19.76999999999999957 ) ) ;
#2533 = VERTEX_POINT ( 'NONE', #2377 ) ;
#2534 = DIRECTION ( 'NONE',  ( 0.000000000000000000, 0.000000000000000000, -1.000000000000000000 ) ) ;
#2535 = DIRECTION ( 'NONE',  ( -0.6331879092341407000, -0.7739981082662267253, 0.000000000000000000 ) ) ;
#2536 = ORIENTED_EDGE ( 'NONE', *, *, #1881, .F. ) ;
#2537 = LINE ( 'NONE', #2475, #1496 ) ;
#2538 = VECTOR ( 'NONE', #4234, 1000.000000000000000 ) ;
#2539 = VERTEX_POINT ( 'NONE', #1711 ) ;
#2540 = DIRECTION ( 'NONE',  ( 0.000000000000000000, 0.000000000000000000, -1.000000000000000000 ) ) ;
#2541 = AXIS2_PLACEMENT_3D ( 'NONE', #1447, #799, #3809 ) ;
#2542 = AXIS2_PLACEMENT_3D ( 'NONE', #751, #2102, #3477 ) ;
#2543 = ADVANCED_FACE ( 'NONE', ( #2070 ), #2422, .T. ) ;
#2544 = EDGE_CURVE ( 'NONE', #3548, #461, #3732, .T. ) ;
#2545 = VERTEX_POINT ( 'NONE', #1326 ) ;
#2546 = DIRECTION ( 'NONE',  ( 0.000000000000000000, 0.000000000000000000, 1.000000000000000000 ) ) ;
#2547 = CARTESIAN_POINT ( 'NONE',  ( 0.000000000000000000, 0.000000000000000000, 19.76999999999999957 ) ) ;
#2548 = FACE_OUTER_BOUND ( 'NONE', #2479, .T. ) ;
#2549 = EDGE_LOOP ( 'NONE', ( #3918, #129, #3293, #4319 ) ) ;
#2550 = ORIENTED_EDGE ( 'NONE', *, *, #2344, .T. ) ;
#2551 = ORIENTED_EDGE ( 'NONE', *, *, #3956, .T. ) ;
#2552 = CARTESIAN_POINT ( 'NONE',  ( 1.498157579596898215, -8.092085023447072700, 19.76999999999999957 ) ) ;
#2553 = AXIS2_PLACEMENT_3D ( 'NONE', #244, #892, #1860 ) ;
#2554 = DIRECTION ( 'NONE',  ( 0.000000000000000000, 0.000000000000000000, -1.000000000000000000 ) ) ;
#2555 = CARTESIAN_POINT ( 'NONE',  ( -8.507421119615173666, -2.601697372106499984, 25.35104857481265128 ) ) ;
#2556 = DIRECTION ( 'NONE',  ( 0.6136947947920479152, 0.7895433483002349817, 0.000000000000000000 ) ) ;
#2557 = CARTESIAN_POINT ( 'NONE',  ( -0.6433880940203695609, -8.873054439310790187, 19.76999999999999957 ) ) ;
#2558 = ORIENTED_EDGE ( 'NONE', *, *, #3131, .F. ) ;
#2559 = AXIS2_PLACEMENT_3D ( 'NONE', #1391, #3641, #293 ) ;
#2560 = DIRECTION ( 'NONE',  ( 0.000000000000000000, 0.000000000000000000, 1.000000000000000000 ) ) ;
#2561 = VECTOR ( 'NONE', #468, 1000.000000000000114 ) ;
#2562 = ORIENTED_EDGE ( 'NONE', *, *, #1369, .F. ) ;
#2563 = CARTESIAN_POINT ( 'NONE',  ( 0.000000000000000000, 0.000000000000000000, 0.000000000000000000 ) ) ;
#2564 = ORIENTED_EDGE ( 'NONE', *, *, #217, .F. ) ;
#2565 = DIRECTION ( 'NONE',  ( 0.000000000000000000, 0.000000000000000000, 1.000000000000000000 ) ) ;
#2566 = EDGE_LOOP ( 'NONE', ( #2215, #2550, #3196, #1107 ) ) ;
#2567 = VECTOR ( 'NONE', #3253, 999.9999999999998863 ) ;
#2568 = EDGE_CURVE ( 'NONE', #1163, #262, #4009, .T. ) ;
#2569 = DIRECTION ( 'NONE',  ( 0.000000000000000000, 0.000000000000000000, -1.000000000000000000 ) ) ;
#2570 = CARTESIAN_POINT ( 'NONE',  ( 0.3400626758755104229, -8.222570980932690787, 25.28650512035034126 ) ) ;
#2571 = DIRECTION ( 'NONE',  ( -0.9720781369857766085, -0.2346574004677068892, 0.000000000000000000 ) ) ;
#2572 = ORIENTED_EDGE ( 'NONE', *, *, #1174, .T. ) ;
#2573 = AXIS2_PLACEMENT_3D ( 'NONE', #1959, #2004, #1632 ) ;
#2574 = ORIENTED_EDGE ( 'NONE', *, *, #1931, .F. ) ;
#2575 = ORIENTED_EDGE ( 'NONE', *, *, #4067, .F. ) ;
#2576 = DIRECTION ( 'NONE',  ( -0.01246631459540199945, 0.9999222924809749724, 0.000000000000000000 ) ) ;
#2577 = CARTESIAN_POINT ( 'NONE',  ( -3.261253958267231745, -7.555828133281379699, 23.83399999999999963 ) ) ;
#2578 = CARTESIAN_POINT ( 'NONE',  ( 5.029237886897377052, -7.338379221564938604, 23.83399999999999963 ) ) ;
#2579 = AXIS2_PLACEMENT_3D ( 'NONE', #2017, #1681, #4019 ) ;
#2580 = DIRECTION ( 'NONE',  ( -0.000000000000000000, -0.000000000000000000, 1.000000000000000000 ) ) ;
#2581 = EDGE_CURVE ( 'NONE', #4362, #2331, #3754, .T. ) ;
#2582 = DIRECTION ( 'NONE',  ( 0.000000000000000000, 0.000000000000000000, -1.000000000000000000 ) ) ;
#2583 = ORIENTED_EDGE ( 'NONE', *, *, #1721, .F. ) ;
#2584 = LINE ( 'NONE', #3915, #2121 ) ;
#2585 = ORIENTED_EDGE ( 'NONE', *, *, #2843, .F. ) ;
#2586 = VERTEX_POINT ( 'NONE', #973 ) ;
#2587 = ORIENTED_EDGE ( 'NONE', *, *, #2938, .T. ) ;
#2588 = DIRECTION ( 'NONE',  ( 0.000000000000000000, 0.000000000000000000, -1.000000000000000000 ) ) ;
#2589 = LINE ( 'NONE', #1596, #2641 ) ;
#2590 = LINE ( 'NONE', #1597, #3905 ) ;
#2591 = DIRECTION ( 'NONE',  ( 0.000000000000000000, 0.000000000000000000, -1.000000000000000000 ) ) ;
#2592 = VERTEX_POINT ( 'NONE', #304 ) ;
#2593 = AXIS2_PLACEMENT_3D ( 'NONE', #1274, #949, #970 ) ;
#2594 = VERTEX_POINT ( 'NONE', #631 ) ;
#2595 = EDGE_LOOP ( 'NONE', ( #1034, #2080, #2391, #1944 ) ) ;
#2596 = PLANE ( 'NONE',  #4166 ) ;
#2597 = CARTESIAN_POINT ( 'NONE',  ( -8.507421119615173666, -2.601697372106499984, 23.83399999999999963 ) ) ;
#2598 = CARTESIAN_POINT ( 'NONE',  ( 7.338379221564887089, -5.029237886897449883, 19.76999999999999957 ) ) ;
#2599 = DIRECTION ( 'NONE',  ( -0.4450817844365929088, -0.8954899246573009286, 0.000000000000000000 ) ) ;
#2600 = DIRECTION ( 'NONE',  ( 0.000000000000000000, 0.000000000000000000, -1.000000000000000000 ) ) ;
#2601 = VERTEX_POINT ( 'NONE', #3346 ) ;
#2602 = PLANE ( 'NONE',  #2468 ) ;
#2603 = VERTEX_POINT ( 'NONE', #1010 ) ;
#2604 = EDGE_CURVE ( 'NONE', #1188, #1079, #4361, .T. ) ;
#2605 = AXIS2_PLACEMENT_3D ( 'NONE', #2838, #1486, #3197 ) ;
#2606 = ORIENTED_EDGE ( 'NONE', *, *, #3449, .F. ) ;
#2607 = ORIENTED_EDGE ( 'NONE', *, *, #3235, .F. ) ;
#2608 = EDGE_CURVE ( 'NONE', #3447, #227, #2361, .T. ) ;
#2609 = CARTESIAN_POINT ( 'NONE',  ( -8.873054439310781305, 0.6433880940204597110, 19.76999999999999957 ) ) ;
#2610 = EDGE_CURVE ( 'NONE', #2678, #1567, #3365, .T. ) ;
#2611 = EDGE_CURVE ( 'NONE', #3083, #131, #725, .T. ) ;
#2612 = EDGE_CURVE ( 'NONE', #3224, #1000, #3563, .T. ) ;
#2613 = ADVANCED_FACE ( 'NONE', ( #3490 ), #3446, .T. ) ;
#2614 = VECTOR ( 'NONE', #139, 1000.000000000000000 ) ;
#2615 = DIRECTION ( 'NONE',  ( 0.000000000000000000, 0.000000000000000000, 1.000000000000000000 ) ) ;
#2616 = DIRECTION ( 'NONE',  ( 0.000000000000000000, 0.000000000000000000, 1.000000000000000000 ) ) ;
#2617 = CARTESIAN_POINT ( 'NONE',  ( 8.273501444959640239, -3.270201394830420494, 19.76999999999999957 ) ) ;
#2618 = VECTOR ( 'NONE', #975, 1000.000000000000000 ) ;
#2619 = ORIENTED_EDGE ( 'NONE', *, *, #3001, .T. ) ;
#2620 = ORIENTED_EDGE ( 'NONE', *, *, #964, .F. ) ;
#2621 = ORIENTED_EDGE ( 'NONE', *, *, #1812, .T. ) ;
#2622 = LINE ( 'NONE', #3978, #2894 ) ;
#2623 = AXIS2_PLACEMENT_3D ( 'NONE', #3568, #216, #2963 ) ;
#2624 = CARTESIAN_POINT ( 'NONE',  ( -6.536087391046913275, -6.035280021597810851, 19.76999999999999957 ) ) ;
#2625 = DIRECTION ( 'NONE',  ( -0.01246631459541839605, -0.9999222924809747504, -0.000000000000000000 ) ) ;
#2626 = PLANE ( 'NONE',  #3519 ) ;
#2627 = LINE ( 'NONE', #2654, #1785 ) ;
#2628 = CARTESIAN_POINT ( 'NONE',  ( 7.940742894968058962, 2.161230768801489788, 23.83399999999999963 ) ) ;
#2629 = EDGE_CURVE ( 'NONE', #3988, #3412, #407, .T. ) ;
#2630 = ORIENTED_EDGE ( 'NONE', *, *, #39, .F. ) ;
#2631 = DIRECTION ( 'NONE',  ( -0.000000000000000000, -0.000000000000000000, -1.000000000000000000 ) ) ;
#2632 = EDGE_CURVE ( 'NONE', #537, #647, #1770, .T. ) ;
#2633 = VERTEX_POINT ( 'NONE', #450 ) ;
#2634 = AXIS2_PLACEMENT_3D ( 'NONE', #2517, #504, #2858 ) ;
#2635 = VERTEX_POINT ( 'NONE', #4169 ) ;
#2636 = VECTOR ( 'NONE', #3198, 999.9999999999998863 ) ;
#2637 = ORIENTED_EDGE ( 'NONE', *, *, #4004, .F. ) ;
#2638 = CARTESIAN_POINT ( 'NONE',  ( 9.626600000000001600, 1.285456635959014851E-15, 19.76999999999999957 ) ) ;
#2639 = VECTOR ( 'NONE', #1137, 1000.000000000000227 ) ;
#2640 = VECTOR ( 'NONE', #81, 1000.000000000000114 ) ;
#2641 = VECTOR ( 'NONE', #1665, 1000.000000000000114 ) ;
#2642 = CARTESIAN_POINT ( 'NONE',  ( 4.860817445659307623, 6.640690470122381228, 23.83399999999999963 ) ) ;
#2643 = CARTESIAN_POINT ( 'NONE',  ( 1.498157579596960609, 8.092085023447060266, 23.83399999999999963 ) ) ;
#2644 = CARTESIAN_POINT ( 'NONE',  ( -3.874025726465942565, 7.260732802595071256, 23.83399999999999963 ) ) ;
#2645 = ORIENTED_EDGE ( 'NONE', *, *, #1595, .T. ) ;
#2646 = ORIENTED_EDGE ( 'NONE', *, *, #825, .T. ) ;
#2647 = CARTESIAN_POINT ( 'NONE',  ( 8.873054439310786634, 0.6433880940203383636, 19.76999999999999957 ) ) ;
#2648 = AXIS2_PLACEMENT_3D ( 'NONE', #1842, #471, #4153 ) ;
#2649 = LINE ( 'NONE', #732, #154 ) ;
#2650 = CARTESIAN_POINT ( 'NONE',  ( -3.874025726465942565, 7.260732802595071256, 19.76999999999999957 ) ) ;
#2651 = FACE_OUTER_BOUND ( 'NONE', #2942, .T. ) ;
#2652 = VECTOR ( 'NONE', #951, 1000.000000000000114 ) ;
#2653 = ADVANCED_FACE ( 'NONE', ( #2844 ), #2820, .T. ) ;
#2654 = CARTESIAN_POINT ( 'NONE',  ( -8.507421119615120375, 2.601697372106670070, 19.76999999999999957 ) ) ;
#2655 = DIRECTION ( 'NONE',  ( 0.000000000000000000, 0.000000000000000000, -1.000000000000000000 ) ) ;
#2656 = EDGE_LOOP ( 'NONE', ( #1294, #1320, #4077, #2212 ) ) ;
#2657 = CARTESIAN_POINT ( 'NONE',  ( 7.715190181085077370, -4.429546680213270804, 23.83399999999999963 ) ) ;
#2658 = VERTEX_POINT ( 'NONE', #803 ) ;
#2659 = CIRCLE ( 'NONE', #3228, 11.36650000000000027 ) ;
#2660 = EDGE_LOOP ( 'NONE', ( #985, #2988, #3058, #906 ) ) ;
#2661 = ORIENTED_EDGE ( 'NONE', *, *, #1092, .F. ) ;
#2662 = FACE_OUTER_BOUND ( 'NONE', #524, .T. ) ;
#2663 = FACE_OUTER_BOUND ( 'NONE', #1484, .T. ) ;
#2664 = CARTESIAN_POINT ( 'NONE',  ( -11.36650000000000027, 0.000000000000000000, 12.81039999999999779 ) ) ;
#2665 = VERTEX_POINT ( 'NONE', #1491 ) ;
#2666 = EDGE_CURVE ( 'NONE', #1387, #2032, #4132, .T. ) ;
#2667 = ADVANCED_FACE ( 'NONE', ( #3205 ), #3796, .T. ) ;
#2668 = ORIENTED_EDGE ( 'NONE', *, *, #2019, .T. ) ;
#2669 = CARTESIAN_POINT ( 'NONE',  ( -5.392560857682822117, 6.216639249320100369, 23.83399999999999963 ) ) ;
#2670 = DIRECTION ( 'NONE',  ( -0.2225209339563179733, -0.9749279121818228422, 0.000000000000000000 ) ) ;
#2671 = PLANE ( 'NONE',  #925 ) ;
#2672 = CARTESIAN_POINT ( 'NONE',  ( -6.245004513516505540E-14, -9.055099999999999483, 19.76999999999999957 ) ) ;
#2673 = EDGE_CURVE ( 'NONE', #1433, #707, #2484, .T. ) ;
#2674 = DIRECTION ( 'NONE',  ( 0.000000000000000000, 0.000000000000000000, -1.000000000000000000 ) ) ;
#2675 = EDGE_CURVE ( 'NONE', #337, #1639, #1071, .T. ) ;
#2676 = ADVANCED_FACE ( 'NONE', ( #2112 ), #2131, .T. ) ;
#2677 = CARTESIAN_POINT ( 'NONE',  ( 0.000000000000000000, 0.000000000000000000, 17.06883699999999493 ) ) ;
#2678 = VERTEX_POINT ( 'NONE', #3512 ) ;
#2679 = LINE ( 'NONE', #2657, #4034 ) ;
#2680 = ORIENTED_EDGE ( 'NONE', *, *, #494, .T. ) ;
#2681 = ORIENTED_EDGE ( 'NONE', *, *, #2309, .F. ) ;
#2682 = DIRECTION ( 'NONE',  ( -0.2346574004677160763, -0.9720781369857743881, 0.000000000000000000 ) ) ;
#2683 = EDGE_CURVE ( 'NONE', #3500, #348, #3135, .T. ) ;
#2684 = EDGE_CURVE ( 'NONE', #1376, #2792, #3701, .T. ) ;
#2685 = ORIENTED_EDGE ( 'NONE', *, *, #1810, .T. ) ;
#2686 = CARTESIAN_POINT ( 'NONE',  ( 8.222570980932687235, 0.3400626758754843881, 23.83399999999999963 ) ) ;
#2687 = ADVANCED_FACE ( 'NONE', ( #1809 ), #1466, .T. ) ;
#2688 = VERTEX_POINT ( 'NONE', #1117 ) ;
#2689 = AXIS2_PLACEMENT_3D ( 'NONE', #3445, #3466, #3835 ) ;
#2690 = CARTESIAN_POINT ( 'NONE',  ( 0.000000000000000000, 0.000000000000000000, 26.53516300000000072 ) ) ;
#2691 = DIRECTION ( 'NONE',  ( -1.000000000000000000, 0.000000000000000000, 0.000000000000000000 ) ) ;
#2692 = VECTOR ( 'NONE', #672, 1000.000000000000000 ) ;
#2693 = DIRECTION ( 'NONE',  ( -1.000000000000000000, 0.000000000000000000, 0.000000000000000000 ) ) ;
#2694 = DIRECTION ( 'NONE',  ( -0.9009688679024230318, -0.4338837391175499603, -0.000000000000000000 ) ) ;
#2695 = VECTOR ( 'NONE', #3355, 1000.000000000000000 ) ;
#2696 = FACE_OUTER_BOUND ( 'NONE', #2324, .T. ) ;
#2697 = CARTESIAN_POINT ( 'NONE',  ( -8.793755758770698705, 1.347183349654829554, 23.83399999999999963 ) ) ;
#2698 = VERTEX_POINT ( 'NONE', #2754 ) ;
#2699 = CARTESIAN_POINT ( 'NONE',  ( 4.000000000000000000, 0.000000000000000000, 18.50000000000000000 ) ) ;
#2700 = ORIENTED_EDGE ( 'NONE', *, *, #112, .T. ) ;
#2701 = ORIENTED_EDGE ( 'NONE', *, *, #2148, .F. ) ;
#2702 = VERTEX_POINT ( 'NONE', #2461 ) ;
#2703 = CARTESIAN_POINT ( 'NONE',  ( -7.715190181085053389, 4.429546680213331200, 23.83399999999999963 ) ) ;
#2704 = VECTOR ( 'NONE', #4306, 1000.000000000000000 ) ;
#2705 = ORIENTED_EDGE ( 'NONE', *, *, #405, .T. ) ;
#2706 = LINE ( 'NONE', #3744, #4111 ) ;
#2707 = VECTOR ( 'NONE', #1046, 1000.000000000000000 ) ;
#2708 = ORIENTED_EDGE ( 'NONE', *, *, #2222, .T. ) ;
#2709 = DIRECTION ( 'NONE',  ( 0.000000000000000000, 0.000000000000000000, -1.000000000000000000 ) ) ;
#2710 = EDGE_CURVE ( 'NONE', #100, #2350, #86, .T. ) ;
#2711 = DIRECTION ( 'NONE',  ( 1.047444401652940164E-14, 1.000000000000000000, 0.000000000000000000 ) ) ;
#2712 = DIRECTION ( 'NONE',  ( 0.000000000000000000, 0.000000000000000000, -1.000000000000000000 ) ) ;
#2713 = DIRECTION ( 'NONE',  ( 0.000000000000000000, 0.000000000000000000, 1.000000000000000000 ) ) ;
#2714 = DIRECTION ( 'NONE',  ( 0.9776261689193066484, 0.2103498843454859324, 0.000000000000000000 ) ) ;
#2715 = AXIS2_PLACEMENT_3D ( 'NONE', #881, #1206, #2252 ) ;
#2716 = ORIENTED_EDGE ( 'NONE', *, *, #1015, .F. ) ;
#2717 = PLANE ( 'NONE',  #288 ) ;
#2718 = ORIENTED_EDGE ( 'NONE', *, *, #3121, .F. ) ;
#2719 = DIRECTION ( 'NONE',  ( 0.9009688679024201452, 0.4338837391175560665, 0.000000000000000000 ) ) ;
#2720 = EDGE_CURVE ( 'NONE', #2899, #1150, #3985, .T. ) ;
#2721 = EDGE_CURVE ( 'NONE', #2768, #2736, #1008, .T. ) ;
#2722 = ORIENTED_EDGE ( 'NONE', *, *, #3374, .T. ) ;
#2723 = VERTEX_POINT ( 'NONE', #2624 ) ;
#2724 = CARTESIAN_POINT ( 'NONE',  ( -6.035280021597783318, 6.536087391046930151, 23.83399999999999963 ) ) ;
#2725 = ADVANCED_FACE ( 'NONE', ( #3935, #2200 ), #3881, .T. ) ;
#2726 = VECTOR ( 'NONE', #2745, 1000.000000000000114 ) ;
#2727 = ORIENTED_EDGE ( 'NONE', *, *, #1468, .F. ) ;
#2728 = DIRECTION ( 'NONE',  ( 0.000000000000000000, 0.000000000000000000, 1.000000000000000000 ) ) ;
#2729 = ORIENTED_EDGE ( 'NONE', *, *, #1289, .T. ) ;
#2730 = CARTESIAN_POINT ( 'NONE',  ( -2.601697372106640760, -8.507421119615120375, 19.76999999999999957 ) ) ;
#2731 = LINE ( 'NONE', #3103, #723 ) ;
#2732 = DIRECTION ( 'NONE',  ( 0.000000000000000000, 0.000000000000000000, 1.000000000000000000 ) ) ;
#2733 = CARTESIAN_POINT ( 'NONE',  ( 0.000000000000000000, 0.000000000000000000, 49.44569045728920287 ) ) ;
#2734 = DIRECTION ( 'NONE',  ( 0.000000000000000000, 0.000000000000000000, -1.000000000000000000 ) ) ;
#2735 = DIRECTION ( 'NONE',  ( 0.000000000000000000, 0.000000000000000000, 1.000000000000000000 ) ) ;
#2736 = VERTEX_POINT ( 'NONE', #1911 ) ;
#2737 = AXIS2_PLACEMENT_3D ( 'NONE', #898, #2275, #3627 ) ;
#2738 = DIRECTION ( 'NONE',  ( 0.000000000000000000, 0.000000000000000000, -1.000000000000000000 ) ) ;
#2739 = ORIENTED_EDGE ( 'NONE', *, *, #1752, .T. ) ;
#2740 = ORIENTED_EDGE ( 'NONE', *, *, #2146, .T. ) ;
#2741 = CARTESIAN_POINT ( 'NONE',  ( 3.261253958267127384, -7.555828133281421444, 23.83399999999999963 ) ) ;
#2742 = EDGE_LOOP ( 'NONE', ( #2518, #497, #391, #2558 ) ) ;
#2743 = ADVANCED_FACE ( 'NONE', ( #608 ), #1251, .T. ) ;
#2744 = ORIENTED_EDGE ( 'NONE', *, *, #363, .T. ) ;
#2745 = DIRECTION ( 'NONE',  ( 0.9776261689193038729, -0.2103498843454989775, 0.000000000000000000 ) ) ;
#2746 = EDGE_CURVE ( 'NONE', #4257, #77, #2248, .T. ) ;
#2747 = EDGE_CURVE ( 'NONE', #100, #2315, #4285, .T. ) ;
#2748 = EDGE_LOOP ( 'NONE', ( #1599, #196, #3712, #874 ) ) ;
#2749 = DIRECTION ( 'NONE',  ( 0.000000000000000000, 0.000000000000000000, 1.000000000000000000 ) ) ;
#2750 = FACE_OUTER_BOUND ( 'NONE', #2966, .T. ) ;
#2751 = DIRECTION ( 'NONE',  ( 0.7739981082662303891, 0.6331879092341362592, 0.000000000000000000 ) ) ;
#2752 = CIRCLE ( 'NONE', #2689, 8.896349999999999980 ) ;
#2753 = DIRECTION ( 'NONE',  ( -1.000000000000000000, 0.000000000000000000, 0.000000000000000000 ) ) ;
#2754 = CARTESIAN_POINT ( 'NONE',  ( -2.161230768801411628, 7.940742894968079391, 23.83399999999999963 ) ) ;
#2755 = VECTOR ( 'NONE', #2226, 1000.000000000000000 ) ;
#2756 = CIRCLE ( 'NONE', #141, 4.000000000000000000 ) ;
#2757 = VERTEX_POINT ( 'NONE', #3605 ) ;
#2758 = VECTOR ( 'NONE', #366, 1000.000000000000000 ) ;
#2759 = CARTESIAN_POINT ( 'NONE',  ( 11.50000000000000000, 1.408343819019456176E-15, 3.000000000000000000 ) ) ;
#2760 = VERTEX_POINT ( 'NONE', #518 ) ;
#2761 = EDGE_CURVE ( 'NONE', #935, #2269, #945, .T. ) ;
#2762 = ORIENTED_EDGE ( 'NONE', *, *, #3368, .T. ) ;
#2763 = CARTESIAN_POINT ( 'NONE',  ( 0.000000000000000000, 0.000000000000000000, 19.76999999999999957 ) ) ;
#2764 = VERTEX_POINT ( 'NONE', #3953 ) ;
#2765 = EDGE_CURVE ( 'NONE', #998, #498, #2931, .T. ) ;
#2766 = CIRCLE ( 'NONE', #3119, 11.50000000000000000 ) ;
#2767 = DIRECTION ( 'NONE',  ( -0.9749279121818211769, 0.2225209339563250510, 0.000000000000000000 ) ) ;
#2768 = VERTEX_POINT ( 'NONE', #2597 ) ;
#2769 = LINE ( 'NONE', #3825, #1024 ) ;
#2770 = ORIENTED_EDGE ( 'NONE', *, *, #1275, .F. ) ;
#2771 = SURFACE_STYLE_FILL_AREA ( #3396 ) ;
#2772 = VECTOR ( 'NONE', #2670, 999.9999999999998863 ) ;
#2773 = AXIS2_PLACEMENT_3D ( 'NONE', #2195, #3554, #3997 ) ;
#2774 = CARTESIAN_POINT ( 'NONE',  ( 7.260732802595027735, 3.874025726466020725, 23.83399999999999963 ) ) ;
#2775 = CYLINDRICAL_SURFACE ( 'NONE', #490, 8.896349999999999980 ) ;
#2776 = VECTOR ( 'NONE', #2025, 1000.000000000000114 ) ;
#2777 = CARTESIAN_POINT ( 'NONE',  ( 4.860817445659259661, -6.640690470122410538, 23.83399999999999963 ) ) ;
#2778 = DIRECTION ( 'NONE',  ( 0.000000000000000000, 0.000000000000000000, -1.000000000000000000 ) ) ;
#2779 = DIRECTION ( 'NONE',  ( 0.000000000000000000, 0.000000000000000000, 1.000000000000000000 ) ) ;
#2780 = VECTOR ( 'NONE', #644, 999.9999999999998863 ) ;
#2781 = FACE_OUTER_BOUND ( 'NONE', #4028, .T. ) ;
#2782 = LINE ( 'NONE', #2532, #4199 ) ;
#2783 = ORIENTED_EDGE ( 'NONE', *, *, #586, .T. ) ;
#2784 = ORIENTED_EDGE ( 'NONE', *, *, #2862, .F. ) ;
#2785 = CARTESIAN_POINT ( 'NONE',  ( 3.874025726465987862, -7.260732802595048163, 23.83399999999999963 ) ) ;
#2786 = CARTESIAN_POINT ( 'NONE',  ( 7.940742894968058962, 2.161230768801489788, 25.35104857481265839 ) ) ;
#2787 = VECTOR ( 'NONE', #93, 1000.000000000000000 ) ;
#2788 = CARTESIAN_POINT ( 'NONE',  ( 0.000000000000000000, 0.000000000000000000, 49.44569045728920287 ) ) ;
#2789 = ORIENTED_EDGE ( 'NONE', *, *, #2347, .F. ) ;
#2790 = CARTESIAN_POINT ( 'NONE',  ( -2.161230768801571056, -7.940742894968041199, 19.76999999999999957 ) ) ;
#2791 = AXIS2_PLACEMENT_3D ( 'NONE', #3501, #2106, #736 ) ;
#2792 = VERTEX_POINT ( 'NONE', #540 ) ;
#2793 = CARTESIAN_POINT ( 'NONE',  ( 11.36650000000000027, 1.391994784250839004E-15, 12.81039999999999779 ) ) ;
#2794 = CARTESIAN_POINT ( 'NONE',  ( 8.222570980932687235, 0.3400626758754843881, 19.76999999999999957 ) ) ;
#2795 = EDGE_CURVE ( 'NONE', #4058, #3366, #4235, .T. ) ;
#2796 = DIRECTION ( 'NONE',  ( 1.000000000000000000, 0.000000000000000000, 0.000000000000000000 ) ) ;
#2797 = DIRECTION ( 'NONE',  ( 0.000000000000000000, 0.000000000000000000, 1.000000000000000000 ) ) ;
#2798 = CARTESIAN_POINT ( 'NONE',  ( 0.000000000000000000, 0.000000000000000000, 49.44569045728920287 ) ) ;
#2799 = EDGE_CURVE ( 'NONE', #2927, #1198, #1214, .T. ) ;
#2800 = ADVANCED_FACE ( 'NONE', ( #2274 ), #3906, .T. ) ;
#2801 = CARTESIAN_POINT ( 'NONE',  ( 5.029237886897427678, 7.338379221564909294, 23.83399999999999963 ) ) ;
#2802 = EDGE_CURVE ( 'NONE', #1238, #3447, #230, .T. ) ;
#2803 = LINE ( 'NONE', #1120, #3137 ) ;
#2804 = ORIENTED_EDGE ( 'NONE', *, *, #4178, .F. ) ;
#2805 = ORIENTED_EDGE ( 'NONE', *, *, #4054, .F. ) ;
#2806 = LINE ( 'NONE', #3517, #68 ) ;
#2807 = CARTESIAN_POINT ( 'NONE',  ( 8.507421119615148797, 2.601697372106550610, 19.76999999999999957 ) ) ;
#2808 = LINE ( 'NONE', #1545, #2284 ) ;
#2809 = EDGE_LOOP ( 'NONE', ( #2680, #1102, #976, #1751 ) ) ;
#2810 = DIRECTION ( 'NONE',  ( 0.000000000000000000, 0.000000000000000000, -1.000000000000000000 ) ) ;
#2811 = EDGE_LOOP ( 'NONE', ( #513, #3394, #1419, #3292 ) ) ;
#2812 = EDGE_CURVE ( 'NONE', #4303, #3587, #876, .T. ) ;
#2813 = EDGE_CURVE ( 'NONE', #4185, #738, #1922, .T. ) ;
#2814 = LINE ( 'NONE', #2480, #1470 ) ;
#2815 = CARTESIAN_POINT ( 'NONE',  ( 3.270201394830387631, 8.273501444959650897, 23.83399999999999963 ) ) ;
#2816 = FACE_OUTER_BOUND ( 'NONE', #940, .T. ) ;
#2817 = AXIS2_PLACEMENT_3D ( 'NONE', #3333, #2287, #2924 ) ;
#2818 = DIRECTION ( 'NONE',  ( 0.000000000000000000, 0.000000000000000000, 1.000000000000000000 ) ) ;
#2819 = DIRECTION ( 'NONE',  ( 1.000000000000000000, 0.000000000000000000, 0.000000000000000000 ) ) ;
#2820 = PLANE ( 'NONE',  #2000 ) ;
#2821 = AXIS2_PLACEMENT_3D ( 'NONE', #1426, #94, #718 ) ;
#2822 = LINE ( 'NONE', #521, #3639 ) ;
#2823 = VECTOR ( 'NONE', #2842, 1000.000000000000000 ) ;
#2824 = CARTESIAN_POINT ( 'NONE',  ( -6.536087391046913275, -6.035280021597810851, 25.45808833122222836 ) ) ;
#2825 = ORIENTED_EDGE ( 'NONE', *, *, #2610, .T. ) ;
#2826 = VERTEX_POINT ( 'NONE', #1225 ) ;
#2827 = AXIS2_PLACEMENT_3D ( 'NONE', #2958, #4307, #1323 ) ;
#2828 = FACE_OUTER_BOUND ( 'NONE', #571, .T. ) ;
#2829 = FACE_OUTER_BOUND ( 'NONE', #26, .T. ) ;
#2830 = AXIS2_PLACEMENT_3D ( 'NONE', #3973, #2616, #3079 ) ;
#2831 = ORIENTED_EDGE ( 'NONE', *, *, #112, .F. ) ;
#2832 = CARTESIAN_POINT ( 'NONE',  ( -7.555828133281361936, 3.261253958267261055, 19.76999999999999957 ) ) ;
#2833 = VERTEX_POINT ( 'NONE', #2577 ) ;
#2834 = FACE_OUTER_BOUND ( 'NONE', #4213, .T. ) ;
#2835 = EDGE_CURVE ( 'NONE', #1221, #108, #3057, .T. ) ;
#2836 = VECTOR ( 'NONE', #3435, 1000.000000000000114 ) ;
#2837 = ORIENTED_EDGE ( 'NONE', *, *, #1369, .T. ) ;
#2838 = CARTESIAN_POINT ( 'NONE',  ( 0.000000000000000000, 0.000000000000000000, 49.44569045728920287 ) ) ;
#2839 = DIRECTION ( 'NONE',  ( -0.9720781369857736109, 0.2346574004677188796, 0.000000000000000000 ) ) ;
#2840 = LINE ( 'NONE', #3858, #1982 ) ;
#2841 = ORIENTED_EDGE ( 'NONE', *, *, #4015, .F. ) ;
#2842 = DIRECTION ( 'NONE',  ( 0.000000000000000000, 0.000000000000000000, -1.000000000000000000 ) ) ;
#2843 = EDGE_CURVE ( 'NONE', #596, #3075, #1603, .T. ) ;
#2844 = FACE_OUTER_BOUND ( 'NONE', #1615, .T. ) ;
#2845 = AXIS2_PLACEMENT_3D ( 'NONE', #3979, #897, #921 ) ;
#2846 = DIRECTION ( 'NONE',  ( 0.9063077870366538225, 0.4226182617406909481, 0.000000000000000000 ) ) ;
#2847 = VECTOR ( 'NONE', #790, 1000.000000000000000 ) ;
#2848 = AXIS2_PLACEMENT_3D ( 'NONE', #3996, #4350, #1264 ) ;
#2849 = DIRECTION ( 'NONE',  ( -1.000000000000000000, 1.047444401652940164E-14, 0.000000000000000000 ) ) ;
#2850 = ORIENTED_EDGE ( 'NONE', *, *, #3652, .F. ) ;
#2851 = EDGE_LOOP ( 'NONE', ( #2964, #3453, #3122, #2431, #2783, #2805, #1141, #3783, #942, #1489, #3891, #3475, #4321, #1831, #439, #4201, #2306, #831, #2197, #4340, #2436, #3848, #1349, #1140, #3386, #1286, #636, #3101, #1580, #2516, #2116, #2137, #1765, #2075, #855, #4226, #4209, #2716, #3623, #3167, #1087, #515, #3049, #1869, #198, #903, #624, #2583, #3677, #3976, #4092, #1016, #2572, #3116, #2136, #2079, #64, #3329, #204, #606, #2476, #2606, #412, #2831, #17, #1020, #2466, #1200, #4089, #558, #2575, #1504, #1856, #3515, #3151, #1699, #400, #3525, #417, #3314, #408, #2234, #2681, #750, #258, #1378, #1953, #2430, #1002, #2322, #2407, #894, #3140, #2939, #2850, #2513, #2928, #3551, #4369, #2630, #1350, #3616, #963, #710, #4142, #3603, #1240, #4192, #618, #3633, #1683, #1061 ) ) ;
#2852 = DIRECTION ( 'NONE',  ( 0.000000000000000000, 0.000000000000000000, -1.000000000000000000 ) ) ;
#2853 = CARTESIAN_POINT ( 'NONE',  ( 6.035280021597878353, 6.536087391046850215, 25.45808833122222836 ) ) ;
#2854 = ADVANCED_FACE ( 'NONE', ( #1181 ), #2528, .T. ) ;
#2855 = ADVANCED_FACE ( 'NONE', ( #4003 ), #323, .T. ) ;
#2856 = VECTOR ( 'NONE', #900, 1000.000000000000000 ) ;
#2857 = ORIENTED_EDGE ( 'NONE', *, *, #4227, .F. ) ;
#2858 = DIRECTION ( 'NONE',  ( -0.6136947947920531332, -0.7895433483002309849, 0.000000000000000000 ) ) ;
#2859 = AXIS2_PLACEMENT_3D ( 'NONE', #1774, #1494, #3798 ) ;
#2860 = VERTEX_POINT ( 'NONE', #4356 ) ;
#2861 = CARTESIAN_POINT ( 'NONE',  ( 8.793755758770718245, 1.347183349654709872, 25.35104857481265839 ) ) ;
#2862 = EDGE_CURVE ( 'NONE', #3643, #2594, #968, .T. ) ;
#2863 = ORIENTED_EDGE ( 'NONE', *, *, #195, .F. ) ;
#2864 = FACE_OUTER_BOUND ( 'NONE', #2341, .T. ) ;
#2865 = CARTESIAN_POINT ( 'NONE',  ( 8.092085023447069148, 1.498157579596929523, 23.83399999999999963 ) ) ;
#2866 = DIRECTION ( 'NONE',  ( 0.000000000000000000, 0.000000000000000000, -1.000000000000000000 ) ) ;
#2867 = ORIENTED_EDGE ( 'NONE', *, *, #3610, .T. ) ;
#2868 = DIRECTION ( 'NONE',  ( 1.000000000000000000, 0.000000000000000000, 0.000000000000000000 ) ) ;
#2869 = CARTESIAN_POINT ( 'NONE',  ( 0.000000000000000000, 0.000000000000000000, 23.83399999999999963 ) ) ;
#2870 = CARTESIAN_POINT ( 'NONE',  ( 3.270201394830338781, -8.273501444959672213, 23.83399999999999963 ) ) ;
#2871 = DIRECTION ( 'NONE',  ( 0.000000000000000000, 0.000000000000000000, 1.000000000000000000 ) ) ;
#2872 = EDGE_CURVE ( 'NONE', #58, #3054, #2989, .T. ) ;
#2873 = ORIENTED_EDGE ( 'NONE', *, *, #3087, .T. ) ;
#2874 = FACE_OUTER_BOUND ( 'NONE', #3211, .T. ) ;
#2875 = DIRECTION ( 'NONE',  ( -0.4450817844365908549, 0.8954899246573018168, 0.000000000000000000 ) ) ;
#2876 = EDGE_CURVE ( 'NONE', #2257, #2280, #3763, .T. ) ;
#2877 = VERTEX_POINT ( 'NONE', #2980 ) ;
#2878 = PLANE ( 'NONE',  #2634 ) ;
#2879 = EDGE_LOOP ( 'NONE', ( #2034, #1458, #1260, #2496 ) ) ;
#2880 = CARTESIAN_POINT ( 'NONE',  ( 6.216639249320039973, 5.392560857682880737, 19.76999999999999957 ) ) ;
#2881 = EDGE_LOOP ( 'NONE', ( #550, #1963, #144, #2291 ) ) ;
#2882 = CARTESIAN_POINT ( 'NONE',  ( 2.161230768801508439, 7.940742894968050081, 19.76999999999999957 ) ) ;
#2883 = DIRECTION ( 'NONE',  ( 1.000000000000000000, 0.000000000000000000, 0.000000000000000000 ) ) ;
#2884 = CARTESIAN_POINT ( 'NONE',  ( -5.392560857682822117, 6.216639249320100369, 19.76999999999999957 ) ) ;
#2885 = EDGE_LOOP ( 'NONE', ( #3636, #4038 ) ) ;
#2886 = ORIENTED_EDGE ( 'NONE', *, *, #442, .F. ) ;
#2887 = LINE ( 'NONE', #1201, #3428 ) ;
#2888 = CARTESIAN_POINT ( 'NONE',  ( 0.000000000000000000, 0.000000000000000000, 12.81039999999999779 ) ) ;
#2889 = CARTESIAN_POINT ( 'NONE',  ( -11.50000000000000000, 0.000000000000000000, 3.000000000000000000 ) ) ;
#2890 = CARTESIAN_POINT ( 'NONE',  ( 0.6433880940203661192, 8.873054439310788410, 19.76999999999999957 ) ) ;
#2891 = PLANE ( 'NONE',  #2715 ) ;
#2892 = EDGE_LOOP ( 'NONE', ( #149, #420, #3266, #2499 ) ) ;
#2893 = DIRECTION ( 'NONE',  ( 0.000000000000000000, 0.000000000000000000, 1.000000000000000000 ) ) ;
#2894 = VECTOR ( 'NONE', #2709, 1000.000000000000000 ) ;
#2895 = EDGE_CURVE ( 'NONE', #3999, #2036, #771, .T. ) ;
#2896 = VERTEX_POINT ( 'NONE', #4121 ) ;
#2897 = LINE ( 'NONE', #1148, #863 ) ;
#2898 = VECTOR ( 'NONE', #3091, 1000.000000000000114 ) ;
#2899 = VERTEX_POINT ( 'NONE', #1299 ) ;
#2900 = CARTESIAN_POINT ( 'NONE',  ( 6.035280021597828615, -6.536087391046888406, 25.45808833122222836 ) ) ;
#2901 = VECTOR ( 'NONE', #3310, 1000.000000000000000 ) ;
#2902 = ORIENTED_EDGE ( 'NONE', *, *, #1435, .F. ) ;
#2903 = DIRECTION ( 'NONE',  ( -0.9063077870366454958, 0.4226182617407088227, 0.000000000000000000 ) ) ;
#2904 = LINE ( 'NONE', #1176, #1293 ) ;
#2905 = CARTESIAN_POINT ( 'NONE',  ( -6.035280021597783318, 6.536087391046930151, 23.83399999999999963 ) ) ;
#2906 = VERTEX_POINT ( 'NONE', #415 ) ;
#2907 = ORIENTED_EDGE ( 'NONE', *, *, #3854, .T. ) ;
#2908 = VERTEX_POINT ( 'NONE', #3458 ) ;
#2909 = DIRECTION ( 'NONE',  ( -0.9063077870366510469, -0.4226182617406969988, 0.000000000000000000 ) ) ;
#2910 = DIRECTION ( 'NONE',  ( 1.000000000000000000, 0.000000000000000000, -0.000000000000000000 ) ) ;
#2911 = DIRECTION ( 'NONE',  ( -1.000000000000000000, 0.000000000000000000, 0.000000000000000000 ) ) ;
#2912 = CARTESIAN_POINT ( 'NONE',  ( 6.035280021597828615, -6.536087391046888406, 23.83399999999999963 ) ) ;
#2913 = LINE ( 'NONE', #3984, #3492 ) ;
#2914 = AXIS2_PLACEMENT_3D ( 'NONE', #3251, #1584, #208 ) ;
#2915 = VERTEX_POINT ( 'NONE', #1083 ) ;
#2916 = CIRCLE ( 'NONE', #2207, 8.896349999999999980 ) ;
#2917 = CARTESIAN_POINT ( 'NONE',  ( 0.000000000000000000, 0.000000000000000000, 23.83399999999999963 ) ) ;
#2918 = ORIENTED_EDGE ( 'NONE', *, *, #332, .T. ) ;
#2919 = AXIS2_PLACEMENT_3D ( 'NONE', #2677, #33, #3067 ) ;
#2920 = ORIENTED_EDGE ( 'NONE', *, *, #320, .T. ) ;
#2921 = ORIENTED_EDGE ( 'NONE', *, *, #120, .T. ) ;
#2922 = DIRECTION ( 'NONE',  ( 0.000000000000000000, 0.000000000000000000, -1.000000000000000000 ) ) ;
#2923 = VECTOR ( 'NONE', #591, 1000.000000000000114 ) ;
#2924 = DIRECTION ( 'NONE',  ( -0.6331879092341407000, -0.7739981082662267253, 0.000000000000000000 ) ) ;
#2925 = DIRECTION ( 'NONE',  ( 0.000000000000000000, 0.000000000000000000, -1.000000000000000000 ) ) ;
#2926 = DIRECTION ( 'NONE',  ( 1.000000000000000000, 0.000000000000000000, 0.000000000000000000 ) ) ;
#2927 = VERTEX_POINT ( 'NONE', #4040 ) ;
#2928 = ORIENTED_EDGE ( 'NONE', *, *, #1275, .T. ) ;
#2929 = ORIENTED_EDGE ( 'NONE', *, *, #3660, .T. ) ;
#2930 = CARTESIAN_POINT ( 'NONE',  ( -3.270201394830279717, 8.273501444959700635, 23.83399999999999963 ) ) ;
#2931 = LINE ( 'NONE', #188, #1709 ) ;
#2932 = ADVANCED_FACE ( 'NONE', ( #61 ), #3317, .T. ) ;
#2933 = DIRECTION ( 'NONE',  ( 0.8954899246573032601, 0.4450817844365880793, 0.000000000000000000 ) ) ;
#2934 = VECTOR ( 'NONE', #2477, 999.9999999999998863 ) ;
#2935 = CARTESIAN_POINT ( 'NONE',  ( -6.035280021597921873, -6.536087391046809358, 23.83399999999999963 ) ) ;
#2936 = DIRECTION ( 'NONE',  ( -0.9999222924809748614, -0.01246631459540549665, 0.000000000000000000 ) ) ;
#2937 = EDGE_CURVE ( 'NONE', #2055, #1736, #3120, .T. ) ;
#2938 = EDGE_CURVE ( 'NONE', #1336, #2009, #4335, .T. ) ;
#2939 = ORIENTED_EDGE ( 'NONE', *, *, #2488, .F. ) ;
#2940 = DIRECTION ( 'NONE',  ( 0.000000000000000000, 0.000000000000000000, 1.000000000000000000 ) ) ;
#2941 = EDGE_CURVE ( 'NONE', #3540, #1170, #2649, .T. ) ;
#2942 = EDGE_LOOP ( 'NONE', ( #3438, #3411, #3056, #1029 ) ) ;
#2943 = ADVANCED_FACE ( 'NONE', ( #3668 ), #1322, .T. ) ;
#2944 = ORIENTED_EDGE ( 'NONE', *, *, #581, .T. ) ;
#2945 = ORIENTED_EDGE ( 'NONE', *, *, #3724, .F. ) ;
#2946 = LINE ( 'NONE', #936, #2087 ) ;
#2947 = DIRECTION ( 'NONE',  ( 0.000000000000000000, 0.000000000000000000, 1.000000000000000000 ) ) ;
#2948 = CARTESIAN_POINT ( 'NONE',  ( -6.640690470122320832, 4.860817445659380454, 23.83399999999999963 ) ) ;
#2949 = CARTESIAN_POINT ( 'NONE',  ( 8.507421119615127481, -2.601697372106609230, 23.83399999999999963 ) ) ;
#2950 = ORIENTED_EDGE ( 'NONE', *, *, #1237, .F. ) ;
#2951 = AXIS2_PLACEMENT_3D ( 'NONE', #1357, #3689, #1026 ) ;
#2952 = ORIENTED_EDGE ( 'NONE', *, *, #1815, .T. ) ;
#2953 = ORIENTED_EDGE ( 'NONE', *, *, #3393, .T. ) ;
#2954 = CARTESIAN_POINT ( 'NONE',  ( 8.092085023447069148, 1.498157579596929523, 25.35104857481265839 ) ) ;
#2955 = ADVANCED_FACE ( 'NONE', ( #3437 ), #3787, .T. ) ;
#2956 = EDGE_CURVE ( 'NONE', #1968, #2860, #1005, .T. ) ;
#2957 = CARTESIAN_POINT ( 'NONE',  ( -7.555828133281361936, 3.261253958267261055, 25.38015917909807584 ) ) ;
#2958 = CARTESIAN_POINT ( 'NONE',  ( 0.000000000000000000, 0.000000000000000000, 23.83399999999999963 ) ) ;
#2959 = FACE_OUTER_BOUND ( 'NONE', #2809, .T. ) ;
#2960 = CARTESIAN_POINT ( 'NONE',  ( 1.498157579596898215, -8.092085023447072700, 23.83399999999999963 ) ) ;
#2961 = DIRECTION ( 'NONE',  ( -0.6136947947920531332, -0.7895433483002309849, 0.000000000000000000 ) ) ;
#2962 = ORIENTED_EDGE ( 'NONE', *, *, #1503, .T. ) ;
#2963 = DIRECTION ( 'NONE',  ( -1.000000000000000000, 0.000000000000000000, 0.000000000000000000 ) ) ;
#2964 = ORIENTED_EDGE ( 'NONE', *, *, #4325, .T. ) ;
#2965 = VECTOR ( 'NONE', #1833, 999.9999999999998863 ) ;
#2966 = EDGE_LOOP ( 'NONE', ( #3962, #2440, #4047, #1497 ) ) ;
#2967 = EDGE_LOOP ( 'NONE', ( #3799, #156, #1915, #3249 ) ) ;
#2968 = CIRCLE ( 'NONE', #416, 8.896349999999999980 ) ;
#2969 = LINE ( 'NONE', #1788, #1575 ) ;
#2970 = AXIS2_PLACEMENT_3D ( 'NONE', #1465, #2818, #1517 ) ;
#2971 = EDGE_CURVE ( 'NONE', #3112, #206, #275, .T. ) ;
#2972 = VECTOR ( 'NONE', #466, 1000.000000000000000 ) ;
#2973 = CARTESIAN_POINT ( 'NONE',  ( 3.874025726466038044, 7.260732802595020630, 23.83399999999999963 ) ) ;
#2974 = LINE ( 'NONE', #3947, #927 ) ;
#2975 = FACE_OUTER_BOUND ( 'NONE', #1928, .T. ) ;
#2976 = AXIS2_PLACEMENT_3D ( 'NONE', #325, #1670, #1025 ) ;
#2977 = ORIENTED_EDGE ( 'NONE', *, *, #2568, .T. ) ;
#2978 = EDGE_LOOP ( 'NONE', ( #2456, #958, #1589, #1031 ) ) ;
#2979 = DIRECTION ( 'NONE',  ( 0.2346574004677219327, 0.9720781369857728338, 0.000000000000000000 ) ) ;
#2980 = CARTESIAN_POINT ( 'NONE',  ( 2.161230768801460034, -7.940742894968068732, 23.83399999999999963 ) ) ;
#2981 = CYLINDRICAL_SURFACE ( 'NONE', #2192, 8.896349999999999980 ) ;
#2982 = DIRECTION ( 'NONE',  ( 0.000000000000000000, 0.000000000000000000, -1.000000000000000000 ) ) ;
#2983 = VECTOR ( 'NONE', #3265, 1000.000000000000114 ) ;
#2984 = CARTESIAN_POINT ( 'NONE',  ( -4.860817445659352920, -6.640690470122337707, 23.83399999999999963 ) ) ;
#2985 = LINE ( 'NONE', #1588, #3838 ) ;
#2986 = ORIENTED_EDGE ( 'NONE', *, *, #904, .F. ) ;
#2987 = CARTESIAN_POINT ( 'NONE',  ( 7.715190181085077370, -4.429546680213270804, 25.38015917909807584 ) ) ;
#2988 = ORIENTED_EDGE ( 'NONE', *, *, #38, .T. ) ;
#2989 = CIRCLE ( 'NONE', #4188, 9.000000000000000000 ) ;
#2990 = ORIENTED_EDGE ( 'NONE', *, *, #2309, .T. ) ;
#2991 = VECTOR ( 'NONE', #3085, 1000.000000000000000 ) ;
#2992 = ADVANCED_FACE ( 'NONE', ( #987 ), #4373, .T. ) ;
#2993 = EDGE_CURVE ( 'NONE', #2723, #227, #2205, .T. ) ;
#2994 = VERTEX_POINT ( 'NONE', #3220 ) ;
#2995 = VECTOR ( 'NONE', #1403, 1000.000000000000000 ) ;
#2996 = VECTOR ( 'NONE', #1316, 1000.000000000000114 ) ;
#2997 = DIRECTION ( 'NONE',  ( -0.9776261689193025406, 0.2103498843455049172, 0.000000000000000000 ) ) ;
#2998 = CARTESIAN_POINT ( 'NONE',  ( -8.507421119615173666, -2.601697372106499984, 23.83399999999999963 ) ) ;
#2999 = DIRECTION ( 'NONE',  ( 0.7818314824680373532, 0.6234898018587240465, 0.000000000000000000 ) ) ;
#3000 = ORIENTED_EDGE ( 'NONE', *, *, #2937, .T. ) ;
#3001 = EDGE_CURVE ( 'NONE', #893, #1433, #1875, .T. ) ;
#3002 = ORIENTED_EDGE ( 'NONE', *, *, #3418, .T. ) ;
#3003 = CARTESIAN_POINT ( 'NONE',  ( 1.347183349654737405, 8.793755758770709363, 23.83399999999999963 ) ) ;
#3004 = CIRCLE ( 'NONE', #3288, 8.896349999999999980 ) ;
#3005 = DIRECTION ( 'NONE',  ( 0.000000000000000000, 0.000000000000000000, -1.000000000000000000 ) ) ;
#3006 = FACE_OUTER_BOUND ( 'NONE', #4051, .T. ) ;
#3007 = PLANE ( 'NONE',  #469 ) ;
#3008 = VECTOR ( 'NONE', #2068, 1000.000000000000000 ) ;
#3009 = FACE_OUTER_BOUND ( 'NONE', #237, .T. ) ;
#3010 = PLANE ( 'NONE',  #1849 ) ;
#3011 = ORIENTED_EDGE ( 'NONE', *, *, #2812, .F. ) ;
#3012 = LINE ( 'NONE', #1636, #1697 ) ;
#3013 = ORIENTED_EDGE ( 'NONE', *, *, #2012, .T. ) ;
#3014 = CIRCLE ( 'NONE', #1380, 8.896349999999999980 ) ;
#3015 = ADVANCED_FACE ( 'NONE', ( #1211 ), #1851, .T. ) ;
#3016 = ORIENTED_EDGE ( 'NONE', *, *, #2684, .T. ) ;
#3017 = ADVANCED_FACE ( 'NONE', ( #1169 ), #2878, .T. ) ;
#3018 = EDGE_LOOP ( 'NONE', ( #4010, #2038, #1078, #592 ) ) ;
#3019 = FACE_OUTER_BOUND ( 'NONE', #3018, .T. ) ;
#3020 = CARTESIAN_POINT ( 'NONE',  ( 6.640690470122359024, -4.860817445659328939, 25.45808833122222836 ) ) ;
#3021 = ORIENTED_EDGE ( 'NONE', *, *, #2802, .T. ) ;
#3022 = ORIENTED_EDGE ( 'NONE', *, *, #3791, .T. ) ;
#3023 = DIRECTION ( 'NONE',  ( 1.000000000000000000, 0.000000000000000000, 0.000000000000000000 ) ) ;
#3024 = DIRECTION ( 'NONE',  ( 1.000000000000000000, 0.000000000000000000, 0.000000000000000000 ) ) ;
#3025 = FACE_OUTER_BOUND ( 'NONE', #1555, .T. ) ;
#3026 = CARTESIAN_POINT ( 'NONE',  ( 7.940742894968058962, 2.161230768801489788, 19.76999999999999957 ) ) ;
#3027 = CARTESIAN_POINT ( 'NONE',  ( -4.860817445659221470, 6.640690470122440736, 19.76999999999999957 ) ) ;
#3028 = DIRECTION ( 'NONE',  ( 0.9720781369857750542, 0.2346574004677129954, 0.000000000000000000 ) ) ;
#3029 = ORIENTED_EDGE ( 'NONE', *, *, #274, .T. ) ;
#3030 = CARTESIAN_POINT ( 'NONE',  ( -4.000000000000000000, 4.898587196589412829E-16, 18.50000000000000000 ) ) ;
#3031 = ORIENTED_EDGE ( 'NONE', *, *, #2937, .F. ) ;
#3032 = ORIENTED_EDGE ( 'NONE', *, *, #1285, .F. ) ;
#3033 = ORIENTED_EDGE ( 'NONE', *, *, #2544, .T. ) ;
#3034 = ORIENTED_EDGE ( 'NONE', *, *, #2141, .T. ) ;
#3035 = VECTOR ( 'NONE', #553, 1000.000000000000114 ) ;
#3036 = ADVANCED_FACE ( 'NONE', ( #1125 ), #793, .T. ) ;
#3037 = VERTEX_POINT ( 'NONE', #3547 ) ;
#3038 = CARTESIAN_POINT ( 'NONE',  ( 1.999999999999999556, 0.000000000000000000, 25.10400000000000276 ) ) ;
#3039 = ORIENTED_EDGE ( 'NONE', *, *, #3966, .T. ) ;
#3040 = VECTOR ( 'NONE', #1032, 999.9999999999998863 ) ;
#3041 = CARTESIAN_POINT ( 'NONE',  ( -6.245004513516505540E-14, -9.055099999999999483, 23.83399999999999963 ) ) ;
#3042 = AXIS2_PLACEMENT_3D ( 'NONE', #4029, #2027, #1659 ) ;
#3043 = LINE ( 'NONE', #4041, #1554 ) ;
#3044 = DIRECTION ( 'NONE',  ( 0.000000000000000000, 0.000000000000000000, -1.000000000000000000 ) ) ;
#3045 = ADVANCED_FACE ( 'NONE', ( #2213 ), #3522, .F. ) ;
#3046 = VECTOR ( 'NONE', #42, 1000.000000000000000 ) ;
#3047 = LINE ( 'NONE', #3425, #3920 ) ;
#3048 = CARTESIAN_POINT ( 'NONE',  ( 0.000000000000000000, 0.000000000000000000, 49.44569045728920287 ) ) ;
#3049 = ORIENTED_EDGE ( 'NONE', *, *, #4183, .F. ) ;
#3050 = DIRECTION ( 'NONE',  ( -0.9999222924809747504, 0.01246631459542189672, 0.000000000000000000 ) ) ;
#3051 = EDGE_CURVE ( 'NONE', #1677, #3968, #1288, .T. ) ;
#3052 = EDGE_LOOP ( 'NONE', ( #1040, #1973 ) ) ;
#3053 = FACE_OUTER_BOUND ( 'NONE', #1524, .T. ) ;
#3054 = VERTEX_POINT ( 'NONE', #1800 ) ;
#3055 = ORIENTED_EDGE ( 'NONE', *, *, #1931, .T. ) ;
#3056 = ORIENTED_EDGE ( 'NONE', *, *, #2421, .F. ) ;
#3057 = CIRCLE ( 'NONE', #3630, 8.896349999999999980 ) ;
#3058 = ORIENTED_EDGE ( 'NONE', *, *, #3456, .F. ) ;
#3059 = DIRECTION ( 'NONE',  ( 1.000000000000000000, 0.000000000000000000, 0.000000000000000000 ) ) ;
#3060 = VECTOR ( 'NONE', #842, 1000.000000000000114 ) ;
#3061 = VECTOR ( 'NONE', #1124, 1000.000000000000000 ) ;
#3062 = ORIENTED_EDGE ( 'NONE', *, *, #39, .T. ) ;
#3063 = CARTESIAN_POINT ( 'NONE',  ( -0.6433880940203695609, 8.873054439310788410, 23.83399999999999963 ) ) ;
#3064 = LINE ( 'NONE', #30, #2707 ) ;
#3065 = DIRECTION ( 'NONE',  ( -1.000000000000000000, 0.000000000000000000, 0.000000000000000000 ) ) ;
#3066 = CARTESIAN_POINT ( 'NONE',  ( 7.715190181085109344, 4.429546680213220178, 23.83399999999999963 ) ) ;
#3067 = DIRECTION ( 'NONE',  ( -1.000000000000000000, 0.000000000000000000, 0.000000000000000000 ) ) ;
#3068 = EDGE_CURVE ( 'NONE', #1168, #3452, #2808, .T. ) ;
#3069 = AXIS2_PLACEMENT_3D ( 'NONE', #2448, #2135, #2511 ) ;
#3070 = LINE ( 'NONE', #3367, #2618 ) ;
#3071 = VERTEX_POINT ( 'NONE', #1479 ) ;
#3072 = LINE ( 'NONE', #2405, #1194 ) ;
#3073 = EDGE_CURVE ( 'NONE', #3745, #1664, #4206, .T. ) ;
#3074 = EDGE_CURVE ( 'NONE', #1063, #227, #2537, .T. ) ;
#3075 = VERTEX_POINT ( 'NONE', #2832 ) ;
#3076 = ORIENTED_EDGE ( 'NONE', *, *, #4196, .T. ) ;
#3077 = EDGE_CURVE ( 'NONE', #2168, #4114, #3193, .T. ) ;
#3078 = EDGE_CURVE ( 'NONE', #2906, #1998, #860, .T. ) ;
#3079 = DIRECTION ( 'NONE',  ( 1.000000000000000000, 0.000000000000000000, 0.000000000000000000 ) ) ;
#3080 = DIRECTION ( 'NONE',  ( -0.8954899246572991522, 0.4450817844365960174, 0.000000000000000000 ) ) ;
#3081 = ORIENTED_EDGE ( 'NONE', *, *, #1439, .T. ) ;
#3082 = FACE_OUTER_BOUND ( 'NONE', #3871, .T. ) ;
#3083 = VERTEX_POINT ( 'NONE', #4184 ) ;
#3084 = DIRECTION ( 'NONE',  ( 0.000000000000000000, 0.000000000000000000, -1.000000000000000000 ) ) ;
#3085 = DIRECTION ( 'NONE',  ( 0.000000000000000000, 0.000000000000000000, -1.000000000000000000 ) ) ;
#3086 = LINE ( 'NONE', #3751, #3730 ) ;
#3087 = EDGE_CURVE ( 'NONE', #3631, #2736, #2897, .T. ) ;
#3088 = DIRECTION ( 'NONE',  ( -0.9776261689193050941, -0.2103498843454930378, 0.000000000000000000 ) ) ;
#3089 = EDGE_CURVE ( 'NONE', #1172, #1329, #1428, .T. ) ;
#3090 = DIRECTION ( 'NONE',  ( -1.000000000000000000, 0.000000000000000000, 0.000000000000000000 ) ) ;
#3091 = DIRECTION ( 'NONE',  ( 0.7895433483002332054, -0.6136947947920502466, 0.000000000000000000 ) ) ;
#3092 = EDGE_LOOP ( 'NONE', ( #3779, #901, #4219, #289 ) ) ;
#3093 = CARTESIAN_POINT ( 'NONE',  ( 5.029237886897377052, -7.338379221564938604, 23.83399999999999963 ) ) ;
#3094 = ORIENTED_EDGE ( 'NONE', *, *, #1549, .F. ) ;
#3095 = VERTEX_POINT ( 'NONE', #1780 ) ;
#3096 = CARTESIAN_POINT ( 'NONE',  ( 0.000000000000000000, 0.000000000000000000, 19.13499999999999801 ) ) ;
#3097 = CARTESIAN_POINT ( 'NONE',  ( 0.000000000000000000, 0.000000000000000000, 3.000000000000000000 ) ) ;
#3098 = DIRECTION ( 'NONE',  ( 0.000000000000000000, 0.000000000000000000, -1.000000000000000000 ) ) ;
#3099 = ORIENTED_EDGE ( 'NONE', *, *, #4183, .T. ) ;
#3100 = DIRECTION ( 'NONE',  ( 0.000000000000000000, 0.000000000000000000, 1.000000000000000000 ) ) ;
#3101 = ORIENTED_EDGE ( 'NONE', *, *, #3457, .F. ) ;
#3102 = CARTESIAN_POINT ( 'NONE',  ( 0.000000000000000000, 0.000000000000000000, 23.83399999999999963 ) ) ;
#3103 = CARTESIAN_POINT ( 'NONE',  ( -8.793755758770698705, 1.347183349654829554, 19.76999999999999957 ) ) ;
#3104 = CARTESIAN_POINT ( 'NONE',  ( -9.000000000000000000, -1.102182119232617714E-15, 3.000000000000000000 ) ) ;
#3105 = CIRCLE ( 'NONE', #3959, 2.000000000000000000 ) ;
#3106 = CARTESIAN_POINT ( 'NONE',  ( 2.161230768801460034, -7.940742894968068732, 23.83399999999999963 ) ) ;
#3107 = LINE ( 'NONE', #2130, #1477 ) ;
#3108 = CARTESIAN_POINT ( 'NONE',  ( 0.000000000000000000, 0.000000000000000000, 19.76999999999999957 ) ) ;
#3109 = VECTOR ( 'NONE', #4284, 1000.000000000000000 ) ;
#3110 = VECTOR ( 'NONE', #1746, 1000.000000000000000 ) ;
#3111 = AXIS2_PLACEMENT_3D ( 'NONE', #4268, #2893, #2208 ) ;
#3112 = VERTEX_POINT ( 'NONE', #2187 ) ;
#3113 = CARTESIAN_POINT ( 'NONE',  ( 7.715190181085109344, 4.429546680213220178, 19.76999999999999957 ) ) ;
#3114 = CARTESIAN_POINT ( 'NONE',  ( 0.000000000000000000, 0.000000000000000000, 19.76999999999999957 ) ) ;
#3115 = ORIENTED_EDGE ( 'NONE', *, *, #1438, .F. ) ;
#3116 = ORIENTED_EDGE ( 'NONE', *, *, #1522, .F. ) ;
#3117 = DIRECTION ( 'NONE',  ( 0.000000000000000000, 0.000000000000000000, -1.000000000000000000 ) ) ;
#3118 = DIRECTION ( 'NONE',  ( 0.000000000000000000, 0.000000000000000000, 1.000000000000000000 ) ) ;
#3119 = AXIS2_PLACEMENT_3D ( 'NONE', #4059, #1723, #1972 ) ;
#3120 = LINE ( 'NONE', #2317, #1358 ) ;
#3121 = EDGE_CURVE ( 'NONE', #1085, #1063, #3904, .T. ) ;
#3122 = ORIENTED_EDGE ( 'NONE', *, *, #459, .F. ) ;
#3123 = CARTESIAN_POINT ( 'NONE',  ( -8.507421119615120375, 2.601697372106670070, 23.83399999999999963 ) ) ;
#3124 = ORIENTED_EDGE ( 'NONE', *, *, #2344, .F. ) ;
#3125 = EDGE_CURVE ( 'NONE', #3260, #1906, #104, .T. ) ;
#3126 = VECTOR ( 'NONE', #2296, 1000.000000000000000 ) ;
#3127 = AXIS2_PLACEMENT_3D ( 'NONE', #1113, #1463, #3772 ) ;
#3128 = ADVANCED_FACE ( 'NONE', ( #3499 ), #886, .T. ) ;
#3129 = DIRECTION ( 'NONE',  ( 0.4338837391175560665, -0.9009688679024201452, 0.000000000000000000 ) ) ;
#3130 = LINE ( 'NONE', #2092, #3886 ) ;
#3131 = EDGE_CURVE ( 'NONE', #43, #335, #3004, .T. ) ;
#3132 = AXIS2_PLACEMENT_3D ( 'NONE', #2156, #2509, #2779 ) ;
#3133 = CARTESIAN_POINT ( 'NONE',  ( -3.270201394830279717, 8.273501444959700635, 25.38015917909806873 ) ) ;
#3134 = DIRECTION ( 'NONE',  ( 1.000000000000000000, 0.000000000000000000, 0.000000000000000000 ) ) ;
#3135 = LINE ( 'NONE', #95, #2561 ) ;
#3136 = FACE_OUTER_BOUND ( 'NONE', #2255, .T. ) ;
#3137 = VECTOR ( 'NONE', #1523, 1000.000000000000000 ) ;
#3138 = LINE ( 'NONE', #1755, #2301 ) ;
#3139 = EDGE_LOOP ( 'NONE', ( #4154, #2343, #4292, #2125 ) ) ;
#3140 = ORIENTED_EDGE ( 'NONE', *, *, #1109, .T. ) ;
#3141 = EDGE_CURVE ( 'NONE', #2450, #3718, #3138, .T. ) ;
#3142 = FACE_OUTER_BOUND ( 'NONE', #2238, .T. ) ;
#3143 = DIRECTION ( 'NONE',  ( 0.2225209339563148925, 0.9749279121818235083, 0.000000000000000000 ) ) ;
#3144 = AXIS2_PLACEMENT_3D ( 'NONE', #3564, #1891, #211 ) ;
#3145 = ADVANCED_FACE ( 'NONE', ( #3182 ), #2115, .T. ) ;
#3146 = EDGE_CURVE ( 'NONE', #388, #205, #1586, .T. ) ;
#3147 = CARTESIAN_POINT ( 'NONE',  ( 0.000000000000000000, 0.000000000000000000, 23.83399999999999963 ) ) ;
#3148 = VERTEX_POINT ( 'NONE', #3493 ) ;
#3149 = CARTESIAN_POINT ( 'NONE',  ( 0.000000000000000000, 0.000000000000000000, 18.50000000000000000 ) ) ;
#3150 = VECTOR ( 'NONE', #1742, 1000.000000000000000 ) ;
#3151 = ORIENTED_EDGE ( 'NONE', *, *, #2259, .F. ) ;
#3152 = CARTESIAN_POINT ( 'NONE',  ( -2.161230768801571056, -7.940742894968041199, 23.83399999999999963 ) ) ;
#3153 = DIRECTION ( 'NONE',  ( -1.000000000000000000, 0.000000000000000000, 0.000000000000000000 ) ) ;
#3154 = DIRECTION ( 'NONE',  ( -1.000000000000000000, 0.000000000000000000, 0.000000000000000000 ) ) ;
#3155 = DIRECTION ( 'NONE',  ( 1.000000000000000000, 0.000000000000000000, -0.000000000000000000 ) ) ;
#3156 = SHAPE_DEFINITION_REPRESENTATION ( #1612, #4288 ) ;
#3157 = CARTESIAN_POINT ( 'NONE',  ( -4.429546680213301890, -7.715190181085060495, 19.76999999999999957 ) ) ;
#3158 = PLANE ( 'NONE',  #4273 ) ;
#3159 = CARTESIAN_POINT ( 'NONE',  ( -5.029237886897471199, -7.338379221564869326, 23.83399999999999963 ) ) ;
#3160 = ORIENTED_EDGE ( 'NONE', *, *, #1384, .T. ) ;
#3161 = ORIENTED_EDGE ( 'NONE', *, *, #4081, .T. ) ;
#3162 = CARTESIAN_POINT ( 'NONE',  ( -0.3400626758755173618, -8.222570980932690787, 23.83399999999999963 ) ) ;
#3163 = CARTESIAN_POINT ( 'NONE',  ( -7.338379221564852450, 5.029237886897500509, 19.76999999999999957 ) ) ;
#3164 = VECTOR ( 'NONE', #3399, 1000.000000000000114 ) ;
#3165 = ORIENTED_EDGE ( 'NONE', *, *, #3321, .T. ) ;
#3166 = DIRECTION ( 'NONE',  ( 0.000000000000000000, 0.000000000000000000, -1.000000000000000000 ) ) ;
#3167 = ORIENTED_EDGE ( 'NONE', *, *, #78, .F. ) ;
#3168 = DIRECTION ( 'NONE',  ( 0.000000000000000000, 0.000000000000000000, -1.000000000000000000 ) ) ;
#3169 = ADVANCED_FACE ( 'NONE', ( #3863 ), #1375, .T. ) ;
#3170 = VERTEX_POINT ( 'NONE', #829 ) ;
#3171 = CYLINDRICAL_SURFACE ( 'NONE', #2605, 8.896349999999999980 ) ;
#3172 = LINE ( 'NONE', #4211, #3060 ) ;
#3173 = FACE_OUTER_BOUND ( 'NONE', #2345, .T. ) ;
#3174 = VECTOR ( 'NONE', #2903, 1000.000000000000000 ) ;
#3175 = CARTESIAN_POINT ( 'NONE',  ( 0.000000000000000000, 0.000000000000000000, 19.76999999999999957 ) ) ;
#3176 = DIRECTION ( 'NONE',  ( 1.000000000000000000, 0.000000000000000000, 0.000000000000000000 ) ) ;
#3177 = EDGE_CURVE ( 'NONE', #2372, #1777, #1227, .T. ) ;
#3178 = ADVANCED_FACE ( 'NONE', ( #428 ), #3839, .T. ) ;
#3179 = MECHANICAL_DESIGN_GEOMETRIC_PRESENTATION_REPRESENTATION (  '', ( #4237 ), #4097 ) ;
#3180 = DIRECTION ( 'NONE',  ( 1.000000000000000000, 0.000000000000000000, 0.000000000000000000 ) ) ;
#3181 = AXIS2_PLACEMENT_3D ( 'NONE', #3175, #1180, #2868 ) ;
#3182 = FACE_OUTER_BOUND ( 'NONE', #1668, .T. ) ;
#3183 = ORIENTED_EDGE ( 'NONE', *, *, #2521, .T. ) ;
#3184 = VECTOR ( 'NONE', #1806, 1000.000000000000000 ) ;
#3185 = ORIENTED_EDGE ( 'NONE', *, *, #4236, .F. ) ;
#3186 = ADVANCED_FACE ( 'NONE', ( #452 ), #4200, .T. ) ;
#3187 = VECTOR ( 'NONE', #2008, 1000.000000000000000 ) ;
#3188 = PLANE ( 'NONE',  #1131 ) ;
#3189 = LINE ( 'NONE', #2515, #946 ) ;
#3190 = AXIS2_PLACEMENT_3D ( 'NONE', #1056, #4300, #1644 ) ;
#3191 = DIRECTION ( 'NONE',  ( 0.000000000000000000, 0.000000000000000000, 1.000000000000000000 ) ) ;
#3192 = ORIENTED_EDGE ( 'NONE', *, *, #4197, .F. ) ;
#3193 = LINE ( 'NONE', #4246, #301 ) ;
#3194 = ORIENTED_EDGE ( 'NONE', *, *, #332, .F. ) ;
#3195 = LINE ( 'NONE', #399, #324 ) ;
#3196 = ORIENTED_EDGE ( 'NONE', *, *, #1815, .F. ) ;
#3197 = DIRECTION ( 'NONE',  ( -1.000000000000000000, 0.000000000000000000, 0.000000000000000000 ) ) ;
#3198 = DIRECTION ( 'NONE',  ( -0.6136947947920429192, 0.7895433483002388675, 0.000000000000000000 ) ) ;
#3199 = LINE ( 'NONE', #2482, #67 ) ;
#3200 = ORIENTED_EDGE ( 'NONE', *, *, #44, .F. ) ;
#3201 = LINE ( 'NONE', #3509, #1826 ) ;
#3202 = VECTOR ( 'NONE', #1518, 1000.000000000000000 ) ;
#3203 = EDGE_CURVE ( 'NONE', #1664, #3412, #4062, .T. ) ;
#3204 = CIRCLE ( 'NONE', #4261, 4.000000000000000000 ) ;
#3205 = FACE_OUTER_BOUND ( 'NONE', #2253, .T. ) ;
#3206 = VECTOR ( 'NONE', #657, 1000.000000000000114 ) ;
#3207 = CARTESIAN_POINT ( 'NONE',  ( 6.536087391046867978, 6.035280021597850819, 23.83399999999999963 ) ) ;
#3208 = CIRCLE ( 'NONE', #3634, 9.626600000000001600 ) ;
#3209 = AXIS2_PLACEMENT_3D ( 'NONE', #1629, #1539, #541 ) ;
#3210 = DIRECTION ( 'NONE',  ( 0.000000000000000000, 0.000000000000000000, -1.000000000000000000 ) ) ;
#3211 = EDGE_LOOP ( 'NONE', ( #1193, #283, #4202, #1680 ) ) ;
#3212 = ORIENTED_EDGE ( 'NONE', *, *, #3274, .T. ) ;
#3213 = DIRECTION ( 'NONE',  ( 0.000000000000000000, 0.000000000000000000, 1.000000000000000000 ) ) ;
#3214 = PLANE ( 'NONE',  #1362 ) ;
#3215 = ADVANCED_FACE ( 'NONE', ( #496 ), #98, .T. ) ;
#3216 = VECTOR ( 'NONE', #926, 1000.000000000000000 ) ;
#3217 = ADVANCED_FACE ( 'NONE', ( #2465 ), #2099, .T. ) ;
#3218 = ADVANCED_FACE ( 'NONE', ( #4218 ), #76, .T. ) ;
#3219 = ORIENTED_EDGE ( 'NONE', *, *, #2544, .F. ) ;
#3220 = CARTESIAN_POINT ( 'NONE',  ( 8.092085023447069148, 1.498157579596929523, 19.76999999999999957 ) ) ;
#3221 = AXIS2_PLACEMENT_3D ( 'NONE', #899, #3937, #2251 ) ;
#3222 = ORIENTED_EDGE ( 'NONE', *, *, #1503, .F. ) ;
#3223 = CARTESIAN_POINT ( 'NONE',  ( 0.000000000000000000, 0.000000000000000000, 19.76999999999999957 ) ) ;
#3224 = VERTEX_POINT ( 'NONE', #3451 ) ;
#3225 = CARTESIAN_POINT ( 'NONE',  ( -2.161230768801411628, 7.940742894968079391, 25.35104857481265128 ) ) ;
#3226 = DIRECTION ( 'NONE',  ( 0.000000000000000000, 0.000000000000000000, 1.000000000000000000 ) ) ;
#3227 = DIRECTION ( 'NONE',  ( 0.000000000000000000, 0.000000000000000000, -1.000000000000000000 ) ) ;
#3228 = AXIS2_PLACEMENT_3D ( 'NONE', #462, #2810, #481 ) ;
#3229 = ORIENTED_EDGE ( 'NONE', *, *, #3051, .T. ) ;
#3230 = ORIENTED_EDGE ( 'NONE', *, *, #2148, .T. ) ;
#3231 = CARTESIAN_POINT ( 'NONE',  ( -7.260732802594982438, 3.874025726466119757, 19.76999999999999957 ) ) ;
#3232 = DIRECTION ( 'NONE',  ( -1.000000000000000000, 0.000000000000000000, 0.000000000000000000 ) ) ;
#3233 = EDGE_CURVE ( 'NONE', #812, #1777, #2803, .T. ) ;
#3234 = CARTESIAN_POINT ( 'NONE',  ( -8.092085023447083358, -1.498157579596870459, 23.83399999999999963 ) ) ;
#3235 = EDGE_CURVE ( 'NONE', #1567, #337, #2782, .T. ) ;
#3236 = LINE ( 'NONE', #1541, #1937 ) ;
#3237 = ORIENTED_EDGE ( 'NONE', *, *, #2250, .T. ) ;
#3238 = LINE ( 'NONE', #1942, #639 ) ;
#3239 = VERTEX_POINT ( 'NONE', #1471 ) ;
#3240 = DIRECTION ( 'NONE',  ( 0.9749279121818228422, -0.2225209339563179733, 0.000000000000000000 ) ) ;
#3241 = ORIENTED_EDGE ( 'NONE', *, *, #2146, .F. ) ;
#3242 = DIRECTION ( 'NONE',  ( -1.000000000000000000, 0.000000000000000000, 0.000000000000000000 ) ) ;
#3243 = ORIENTED_EDGE ( 'NONE', *, *, #3928, .T. ) ;
#3244 = LINE ( 'NONE', #1551, #3174 ) ;
#3245 = CARTESIAN_POINT ( 'NONE',  ( 0.000000000000000000, 0.000000000000000000, 23.83399999999999963 ) ) ;
#3246 = CARTESIAN_POINT ( 'NONE',  ( 3.261253958267179343, 7.555828133281400127, 23.83399999999999963 ) ) ;
#3247 = ORIENTED_EDGE ( 'NONE', *, *, #2813, .F. ) ;
#3248 = ORIENTED_EDGE ( 'NONE', *, *, #2720, .F. ) ;
#3249 = ORIENTED_EDGE ( 'NONE', *, *, #709, .F. ) ;
#3250 = LINE ( 'NONE', #2198, #3331 ) ;
#3251 = CARTESIAN_POINT ( 'NONE',  ( 0.000000000000000000, 0.000000000000000000, 3.000000000000000000 ) ) ;
#3252 = DIRECTION ( 'NONE',  ( 0.000000000000000000, 0.000000000000000000, -1.000000000000000000 ) ) ;
#3253 = DIRECTION ( 'NONE',  ( -0.4450817844365929088, -0.8954899246573009286, 0.000000000000000000 ) ) ;
#3254 = CARTESIAN_POINT ( 'NONE',  ( 8.273501444959658002, 3.270201394830370312, 19.76999999999999957 ) ) ;
#3255 = ORIENTED_EDGE ( 'NONE', *, *, #3613, .T. ) ;
#3256 = CARTESIAN_POINT ( 'NONE',  ( -8.873054439310800845, -0.6433880940202758580, 23.83399999999999963 ) ) ;
#3257 = PRESENTATION_LAYER_ASSIGNMENT (  '', '', ( #4237 ) ) ;
#3258 = ORIENTED_EDGE ( 'NONE', *, *, #4005, .F. ) ;
#3259 = DIRECTION ( 'NONE',  ( 0.8954899246573048144, 0.4450817844365849152, 0.000000000000000000 ) ) ;
#3260 = VERTEX_POINT ( 'NONE', #1162 ) ;
#3261 = CARTESIAN_POINT ( 'NONE',  ( -1.347183349654800022, -8.793755758770698705, 25.35104857481265839 ) ) ;
#3262 = VECTOR ( 'NONE', #2408, 1000.000000000000000 ) ;
#3263 = LINE ( 'NONE', #2311, #163 ) ;
#3264 = CARTESIAN_POINT ( 'NONE',  ( -5.392560857682822117, 6.216639249320100369, 25.45808833122222836 ) ) ;
#3265 = DIRECTION ( 'NONE',  ( -0.9999222924809747504, 0.01246631459541839432, 0.000000000000000000 ) ) ;
#3266 = ORIENTED_EDGE ( 'NONE', *, *, #1232, .F. ) ;
#3267 = VERTEX_POINT ( 'NONE', #3159 ) ;
#3268 = EDGE_CURVE ( 'NONE', #1736, #3095, #1441, .T. ) ;
#3269 = ORIENTED_EDGE ( 'NONE', *, *, #2264, .F. ) ;
#3270 = EDGE_CURVE ( 'NONE', #1827, #1163, #2491, .T. ) ;
#3271 = CARTESIAN_POINT ( 'NONE',  ( -7.715190181085053389, 4.429546680213331200, 25.38015917909807584 ) ) ;
#3272 = CARTESIAN_POINT ( 'NONE',  ( 8.273501444959658002, 3.270201394830370312, 25.38015917909807584 ) ) ;
#3273 = EDGE_CURVE ( 'NONE', #3503, #1172, #1868, .T. ) ;
#3274 = EDGE_CURVE ( 'NONE', #2325, #1756, #3884, .T. ) ;
#3275 = DIRECTION ( 'NONE',  ( 0.000000000000000000, 0.000000000000000000, -1.000000000000000000 ) ) ;
#3276 = LINE ( 'NONE', #611, #2434 ) ;
#3277 = CARTESIAN_POINT ( 'NONE',  ( 0.000000000000000000, 0.000000000000000000, 49.44569045728920287 ) ) ;
#3278 = EDGE_LOOP ( 'NONE', ( #2307, #3896, #2607, #773 ) ) ;
#3279 = AXIS2_PLACEMENT_3D ( 'NONE', #360, #4082, #741 ) ;
#3280 = LINE ( 'NONE', #3588, #1129 ) ;
#3281 = VERTEX_POINT ( 'NONE', #2557 ) ;
#3282 = VECTOR ( 'NONE', #2035, 1000.000000000000000 ) ;
#3283 = ORIENTED_EDGE ( 'NONE', *, *, #3, .T. ) ;
#3284 = ORIENTED_EDGE ( 'NONE', *, *, #1004, .T. ) ;
#3285 = DIRECTION ( 'NONE',  ( 0.4226182617407027164, 0.9063077870366484934, 0.000000000000000000 ) ) ;
#3286 = EDGE_CURVE ( 'NONE', #3664, #1336, #3938, .T. ) ;
#3287 = EDGE_CURVE ( 'NONE', #2736, #3968, #565, .T. ) ;
#3288 = AXIS2_PLACEMENT_3D ( 'NONE', #3591, #549, #1432 ) ;
#3289 = LINE ( 'NONE', #2327, #4309 ) ;
#3290 = PLANE ( 'NONE',  #2559 ) ;
#3291 = DIRECTION ( 'NONE',  ( -0.9776261689193059823, -0.2103498843454890133, -0.000000000000000000 ) ) ;
#3292 = ORIENTED_EDGE ( 'NONE', *, *, #4048, .F. ) ;
#3293 = ORIENTED_EDGE ( 'NONE', *, *, #2310, .F. ) ;
#3294 = ORIENTED_EDGE ( 'NONE', *, *, #1235, .T. ) ;
#3295 = CARTESIAN_POINT ( 'NONE',  ( -8.273501444959682871, -3.270201394830311248, 19.76999999999999957 ) ) ;
#3296 = CARTESIAN_POINT ( 'NONE',  ( -11.36650000000000027, 0.000000000000000000, 12.81039999999999779 ) ) ;
#3297 = CARTESIAN_POINT ( 'NONE',  ( -8.873054439310800845, -0.6433880940202758580, 19.76999999999999957 ) ) ;
#3298 = CARTESIAN_POINT ( 'NONE',  ( 0.000000000000000000, 0.000000000000000000, 24.46899999999999764 ) ) ;
#3299 = AXIS2_PLACEMENT_3D ( 'NONE', #1828, #2437, #152 ) ;
#3300 = LINE ( 'NONE', #4008, #1862 ) ;
#3301 = CARTESIAN_POINT ( 'NONE',  ( 0.000000000000000000, 0.000000000000000000, 19.76999999999999957 ) ) ;
#3302 = ORIENTED_EDGE ( 'NONE', *, *, #1918, .F. ) ;
#3303 = DIRECTION ( 'NONE',  ( 0.000000000000000000, 0.000000000000000000, -1.000000000000000000 ) ) ;
#3304 = ORIENTED_EDGE ( 'NONE', *, *, #2568, .F. ) ;
#3305 = ADVANCED_FACE ( 'NONE', ( #3586 ), #2891, .T. ) ;
#3306 = ORIENTED_EDGE ( 'NONE', *, *, #2684, .F. ) ;
#3307 = ORIENTED_EDGE ( 'NONE', *, *, #2872, .F. ) ;
#3308 = CARTESIAN_POINT ( 'NONE',  ( -8.793755758770734232, -1.347183349654650808, 25.35104857481265128 ) ) ;
#3309 = CARTESIAN_POINT ( 'NONE',  ( -1.498157579597012790, -8.092085023447051384, 19.76999999999999957 ) ) ;
#3310 = DIRECTION ( 'NONE',  ( 0.8954899246573018168, 0.4450817844365908549, 0.000000000000000000 ) ) ;
#3311 = DIRECTION ( 'NONE',  ( 0.9009688679024249192, 0.4338837391175459635, 0.000000000000000000 ) ) ;
#3312 = ORIENTED_EDGE ( 'NONE', *, *, #1474, .T. ) ;
#3313 = AXIS2_PLACEMENT_3D ( 'NONE', #1382, #4064, #3065 ) ;
#3314 = ORIENTED_EDGE ( 'NONE', *, *, #2473, .F. ) ;
#3315 = ORIENTED_EDGE ( 'NONE', *, *, #3233, .T. ) ;
#3316 = CARTESIAN_POINT ( 'NONE',  ( 0.000000000000000000, 0.000000000000000000, 19.76999999999999957 ) ) ;
#3317 = CYLINDRICAL_SURFACE ( 'NONE', #3414, 8.896349999999999980 ) ;
#3318 = DIRECTION ( 'NONE',  ( 1.000000000000000000, 0.000000000000000000, 0.000000000000000000 ) ) ;
#3319 = DIRECTION ( 'NONE',  ( -0.2103498843454889855, 0.9776261689193058713, 0.000000000000000000 ) ) ;
#3320 = LINE ( 'NONE', #4377, #2083 ) ;
#3321 = EDGE_CURVE ( 'NONE', #3071, #2635, #3609, .T. ) ;
#3322 = LINE ( 'NONE', #523, #1511 ) ;
#3323 = ADVANCED_FACE ( 'NONE', ( #1961 ), #234, .T. ) ;
#3324 = ORIENTED_EDGE ( 'NONE', *, *, #1733, .T. ) ;
#3325 = DIRECTION ( 'NONE',  ( 0.000000000000000000, 0.000000000000000000, 1.000000000000000000 ) ) ;
#3326 = ORIENTED_EDGE ( 'NONE', *, *, #1702, .F. ) ;
#3327 = ORIENTED_EDGE ( 'NONE', *, *, #2746, .T. ) ;
#3328 = EDGE_CURVE ( 'NONE', #2658, #4060, #4290, .T. ) ;
#3329 = ORIENTED_EDGE ( 'NONE', *, *, #3916, .F. ) ;
#3330 = CIRCLE ( 'NONE', #699, 8.896349999999999980 ) ;
#3331 = VECTOR ( 'NONE', #3559, 1000.000000000000000 ) ;
#3332 = CIRCLE ( 'NONE', #706, 8.896349999999999980 ) ;
#3333 = CARTESIAN_POINT ( 'NONE',  ( 7.715190181085109344, 4.429546680213220178, 25.38015917909807584 ) ) ;
#3334 = CARTESIAN_POINT ( 'NONE',  ( -6.640690470122320832, 4.860817445659380454, 25.45808833122222836 ) ) ;
#3335 = CARTESIAN_POINT ( 'NONE',  ( 3.270201394830338781, -8.273501444959672213, 25.38015917909807584 ) ) ;
#3336 = VECTOR ( 'NONE', #1050, 1000.000000000000114 ) ;
#3337 = ORIENTED_EDGE ( 'NONE', *, *, #3001, .F. ) ;
#3338 = ORIENTED_EDGE ( 'NONE', *, *, #3934, .F. ) ;
#3339 = CARTESIAN_POINT ( 'NONE',  ( 6.536087391046867978, 6.035280021597850819, 25.45808833122222836 ) ) ;
#3340 = DIRECTION ( 'NONE',  ( 0.000000000000000000, 0.000000000000000000, -1.000000000000000000 ) ) ;
#3341 = FACE_OUTER_BOUND ( 'NONE', #1897, .T. ) ;
#3342 = FACE_BOUND ( 'NONE', #3941, .T. ) ;
#3343 = EDGE_CURVE ( 'NONE', #2107, #3968, #2985, .T. ) ;
#3344 = AXIS2_PLACEMENT_3D ( 'NONE', #3020, #1666, #3376 ) ;
#3345 = CARTESIAN_POINT ( 'NONE',  ( -9.626600000000001600, 0.000000000000000000, 23.83399999999999963 ) ) ;
#3346 = CARTESIAN_POINT ( 'NONE',  ( -7.338379221564959920, -5.029237886897349519, 23.83399999999999963 ) ) ;
#3347 = EDGE_CURVE ( 'NONE', #272, #4222, #3236, .T. ) ;
#3348 = ORIENTED_EDGE ( 'NONE', *, *, #1691, .T. ) ;
#3349 = CARTESIAN_POINT ( 'NONE',  ( -7.260732802595062374, -3.874025726465959885, 23.83399999999999963 ) ) ;
#3350 = ORIENTED_EDGE ( 'NONE', *, *, #1832, .T. ) ;
#3351 = ORIENTED_EDGE ( 'NONE', *, *, #2201, .T. ) ;
#3352 = VECTOR ( 'NONE', #3129, 1000.000000000000114 ) ;
#3353 = CARTESIAN_POINT ( 'NONE',  ( 3.270201394830387631, 8.273501444959650897, 23.83399999999999963 ) ) ;
#3354 = DIRECTION ( 'NONE',  ( 0.4226182617407002740, -0.9063077870366494926, 0.000000000000000000 ) ) ;
#3355 = DIRECTION ( 'NONE',  ( -0.7895433483002366470, -0.6136947947920458057, 0.000000000000000000 ) ) ;
#3356 = PLANE ( 'NONE',  #3344 ) ;
#3357 = ORIENTED_EDGE ( 'NONE', *, *, #2675, .T. ) ;
#3358 = ORIENTED_EDGE ( 'NONE', *, *, #964, .T. ) ;
#3359 = CARTESIAN_POINT ( 'NONE',  ( 6.216639249320039973, 5.392560857682880737, 23.83399999999999963 ) ) ;
#3360 = CARTESIAN_POINT ( 'NONE',  ( 0.000000000000000000, 0.000000000000000000, 18.50000000000000000 ) ) ;
#3361 = FACE_OUTER_BOUND ( 'NONE', #3992, .T. ) ;
#3362 = CARTESIAN_POINT ( 'NONE',  ( -7.260732802595062374, -3.874025726465959885, 25.38015917909806873 ) ) ;
#3363 = AXIS2_PLACEMENT_3D ( 'NONE', #1276, #364, #2753 ) ;
#3364 = DIRECTION ( 'NONE',  ( -0.7818314824680351327, -0.6234898018587269330, -0.000000000000000000 ) ) ;
#3365 = LINE ( 'NONE', #328, #1011 ) ;
#3366 = VERTEX_POINT ( 'NONE', #3254 ) ;
#3367 = CARTESIAN_POINT ( 'NONE',  ( 8.222570980932687235, 0.3400626758754843881, 23.83399999999999963 ) ) ;
#3368 = EDGE_CURVE ( 'NONE', #2036, #4124, #3424, .T. ) ;
#3369 = VERTEX_POINT ( 'NONE', #213 ) ;
#3370 = CIRCLE ( 'NONE', #744, 8.896349999999999980 ) ;
#3371 = ORIENTED_EDGE ( 'NONE', *, *, #1493, .F. ) ;
#3372 = ORIENTED_EDGE ( 'NONE', *, *, #714, .T. ) ;
#3373 = CYLINDRICAL_SURFACE ( 'NONE', #3989, 11.50000000000000000 ) ;
#3374 = EDGE_CURVE ( 'NONE', #335, #707, #1893, .T. ) ;
#3375 = ORIENTED_EDGE ( 'NONE', *, *, #1295, .F. ) ;
#3376 = DIRECTION ( 'NONE',  ( -0.6234898018587369251, -0.7818314824680270281, 0.000000000000000000 ) ) ;
#3377 = ORIENTED_EDGE ( 'NONE', *, *, #1144, .F. ) ;
#3378 = CARTESIAN_POINT ( 'NONE',  ( -5.029237886897321985, 7.338379221564980348, 25.45808833122222836 ) ) ;
#3379 = LINE ( 'NONE', #4359, #1254 ) ;
#3380 = CARTESIAN_POINT ( 'NONE',  ( -4.429546680213142018, 7.715190181085160859, 23.83399999999999963 ) ) ;
#3381 = CARTESIAN_POINT ( 'NONE',  ( 7.338379221564918176, 5.029237886897400145, 23.83399999999999963 ) ) ;
#3382 = ORIENTED_EDGE ( 'NONE', *, *, #1610, .T. ) ;
#3383 = LINE ( 'NONE', #347, #3187 ) ;
#3384 = ORIENTED_EDGE ( 'NONE', *, *, #2152, .F. ) ;
#3385 = DIRECTION ( 'NONE',  ( 0.7895433483002410879, 0.6136947947920400326, 0.000000000000000000 ) ) ;
#3386 = ORIENTED_EDGE ( 'NONE', *, *, #2835, .T. ) ;
#3387 = ORIENTED_EDGE ( 'NONE', *, *, #1734, .T. ) ;
#3388 = CARTESIAN_POINT ( 'NONE',  ( 0.000000000000000000, 0.000000000000000000, 49.44569045728920287 ) ) ;
#3389 = VECTOR ( 'NONE', #3576, 1000.000000000000000 ) ;
#3390 = AXIS2_PLACEMENT_3D ( 'NONE', #1748, #1070, #1049 ) ;
#3391 = VERTEX_POINT ( 'NONE', #1566 ) ;
#3392 = LINE ( 'NONE', #2664, #291 ) ;
#3393 = EDGE_CURVE ( 'NONE', #2603, #2409, #4241, .T. ) ;
#3394 = ORIENTED_EDGE ( 'NONE', *, *, #1438, .T. ) ;
#3395 = AXIS2_PLACEMENT_3D ( 'NONE', #1808, #3860, #187 ) ;
#3396 = FILL_AREA_STYLE ('',( #322 ) ) ;
#3397 = CIRCLE ( 'NONE', #3965, 8.896349999999999980 ) ;
#3398 = FACE_OUTER_BOUND ( 'NONE', #538, .T. ) ;
#3399 = DIRECTION ( 'NONE',  ( 0.6234898018587430313, 0.7818314824680221431, 0.000000000000000000 ) ) ;
#3400 = EDGE_CURVE ( 'NONE', #2450, #749, #3912, .T. ) ;
#3401 = EDGE_CURVE ( 'NONE', #2702, #262, #3706, .T. ) ;
#3402 = VECTOR ( 'NONE', #1847, 1000.000000000000000 ) ;
#3403 = PLANE ( 'NONE',  #3995 ) ;
#3404 = EDGE_CURVE ( 'NONE', #77, #817, #2913, .T. ) ;
#3405 = EDGE_CURVE ( 'NONE', #186, #796, #2303, .T. ) ;
#3406 = EDGE_CURVE ( 'NONE', #594, #4058, #3322, .T. ) ;
#3407 = CARTESIAN_POINT ( 'NONE',  ( 6.536087391046828010, -6.035280021597901445, 23.83399999999999963 ) ) ;
#3408 = LINE ( 'NONE', #994, #3813 ) ;
#3409 = EDGE_LOOP ( 'NONE', ( #4385, #2944 ) ) ;
#3410 = CARTESIAN_POINT ( 'NONE',  ( 8.507421119615148797, 2.601697372106550610, 25.35104857481265839 ) ) ;
#3411 = ORIENTED_EDGE ( 'NONE', *, *, #630, .T. ) ;
#3412 = VERTEX_POINT ( 'NONE', #1230 ) ;
#3413 = DIRECTION ( 'NONE',  ( 0.000000000000000000, 0.000000000000000000, -1.000000000000000000 ) ) ;
#3414 = AXIS2_PLACEMENT_3D ( 'NONE', #1669, #4332, #1762 ) ;
#3415 = ADVANCED_FACE ( 'NONE', ( #1867 ), #2178, .T. ) ;
#3416 = ORIENTED_EDGE ( 'NONE', *, *, #4081, .F. ) ;
#3417 = DIRECTION ( 'NONE',  ( 0.2103498843455079703, 0.9776261689193018745, 0.000000000000000000 ) ) ;
#3418 = EDGE_CURVE ( 'NONE', #1941, #4124, #1161, .T. ) ;
#3419 = CIRCLE ( 'NONE', #2071, 8.896349999999999980 ) ;
#3420 = ORIENTED_EDGE ( 'NONE', *, *, #709, .T. ) ;
#3421 = CIRCLE ( 'NONE', #3209, 8.896349999999999980 ) ;
#3422 = CARTESIAN_POINT ( 'NONE',  ( 7.260732802595027735, 3.874025726466020725, 23.83399999999999963 ) ) ;
#3423 = LINE ( 'NONE', #383, #2171 ) ;
#3424 = CIRCLE ( 'NONE', #1657, 8.896349999999999980 ) ;
#3425 = CARTESIAN_POINT ( 'NONE',  ( 1.347183349654678564, -8.793755758770720021, 25.35104857481265128 ) ) ;
#3426 = LINE ( 'NONE', #2095, #2043 ) ;
#3427 = CYLINDRICAL_SURFACE ( 'NONE', #509, 8.896349999999999980 ) ;
#3428 = VECTOR ( 'NONE', #1790, 1000.000000000000000 ) ;
#3429 = DIRECTION ( 'NONE',  ( 0.000000000000000000, 0.000000000000000000, 1.000000000000000000 ) ) ;
#3430 = ORIENTED_EDGE ( 'NONE', *, *, #4004, .T. ) ;
#3431 = CARTESIAN_POINT ( 'NONE',  ( 1.347183349654678564, -8.793755758770720021, 19.76999999999999957 ) ) ;
#3432 = VERTEX_POINT ( 'NONE', #2912 ) ;
#3433 = ORIENTED_EDGE ( 'NONE', *, *, #1363, .T. ) ;
#3434 = DIRECTION ( 'NONE',  ( 0.000000000000000000, 0.000000000000000000, -1.000000000000000000 ) ) ;
#3435 = DIRECTION ( 'NONE',  ( 0.4226182617407002740, -0.9063077870366494926, 0.000000000000000000 ) ) ;
#3436 = EDGE_CURVE ( 'NONE', #1110, #613, #3513, .T. ) ;
#3437 = FACE_OUTER_BOUND ( 'NONE', #3702, .T. ) ;
#3438 = ORIENTED_EDGE ( 'NONE', *, *, #1688, .T. ) ;
#3439 = LINE ( 'NONE', #774, #3150 ) ;
#3440 = EDGE_LOOP ( 'NONE', ( #2740, #3546, #357, #3384 ) ) ;
#3441 =( NAMED_UNIT ( * ) PLANE_ANGLE_UNIT ( ) SI_UNIT ( $, .RADIAN. ) );
#3442 = LINE ( 'NONE', #2815, #1923 ) ;
#3443 = CARTESIAN_POINT ( 'NONE',  ( 8.222570980932687235, -0.3400626758755433965, 23.83399999999999963 ) ) ;
#3444 = LINE ( 'NONE', #3106, #2366 ) ;
#3445 = CARTESIAN_POINT ( 'NONE',  ( 0.000000000000000000, 0.000000000000000000, 19.76999999999999957 ) ) ;
#3446 = PLANE ( 'NONE',  #3766 ) ;
#3447 = VERTEX_POINT ( 'NONE', #3537 ) ;
#3448 = CARTESIAN_POINT ( 'NONE',  ( -6.640690470122431854, -4.860817445659238345, 25.45808833122222836 ) ) ;
#3449 = EDGE_CURVE ( 'NONE', #1827, #1153, #4171, .T. ) ;
#3450 = EDGE_CURVE ( 'NONE', #1198, #1000, #4198, .T. ) ;
#3451 = CARTESIAN_POINT ( 'NONE',  ( -8.273501444959620699, 3.270201394830481334, 19.76999999999999957 ) ) ;
#3452 = VERTEX_POINT ( 'NONE', #3234 ) ;
#3453 = ORIENTED_EDGE ( 'NONE', *, *, #1098, .F. ) ;
#3454 = LINE ( 'NONE', #1436, #1485 ) ;
#3455 = LINE ( 'NONE', #833, #2640 ) ;
#3456 = EDGE_CURVE ( 'NONE', #3684, #2658, #2822, .T. ) ;
#3457 = EDGE_CURVE ( 'NONE', #2085, #2450, #1228, .T. ) ;
#3458 = CARTESIAN_POINT ( 'NONE',  ( -0.6433880940203695609, -8.873054439310790187, 23.83399999999999963 ) ) ;
#3459 = ORIENTED_EDGE ( 'NONE', *, *, #2438, .T. ) ;
#3460 = CARTESIAN_POINT ( 'NONE',  ( -7.555828133281361936, 3.261253958267261055, 19.76999999999999957 ) ) ;
#3461 = EDGE_LOOP ( 'NONE', ( #4162, #661, #2727, #2950 ) ) ;
#3462 = CARTESIAN_POINT ( 'NONE',  ( 7.940742894968058962, 2.161230768801489788, 25.35104857481265839 ) ) ;
#3463 = DIRECTION ( 'NONE',  ( -1.000000000000000000, 0.000000000000000000, 0.000000000000000000 ) ) ;
#3464 = AXIS2_PLACEMENT_3D ( 'NONE', #4109, #3489, #3134 ) ;
#3465 = LINE ( 'NONE', #2398, #3008 ) ;
#3466 = DIRECTION ( 'NONE',  ( 0.000000000000000000, 0.000000000000000000, 1.000000000000000000 ) ) ;
#3467 = ADVANCED_FACE ( 'NONE', ( #1469 ), #2531, .T. ) ;
#3468 = AXIS2_PLACEMENT_3D ( 'NONE', #4333, #1685, #2693 ) ;
#3469 = DIRECTION ( 'NONE',  ( -0.6136947947920406987, 0.7895433483002406438, 0.000000000000000000 ) ) ;
#3470 = AXIS2_PLACEMENT_3D ( 'NONE', #1104, #2138, #810 ) ;
#3471 = EDGE_CURVE ( 'NONE', #577, #4060, #3994, .T. ) ;
#3472 = EDGE_CURVE ( 'NONE', #4187, #2415, #142, .T. ) ;
#3473 = DIRECTION ( 'NONE',  ( -0.4226182617407002740, 0.9063077870366494926, 0.000000000000000000 ) ) ;
#3474 = DIRECTION ( 'NONE',  ( -0.6331879092341391457, 0.7739981082662280576, 0.000000000000000000 ) ) ;
#3475 = ORIENTED_EDGE ( 'NONE', *, *, #983, .F. ) ;
#3476 = ORIENTED_EDGE ( 'NONE', *, *, #192, .F. ) ;
#3477 = DIRECTION ( 'NONE',  ( 0.000000000000000000, 0.000000000000000000, -1.000000000000000000 ) ) ;
#3478 = DIRECTION ( 'NONE',  ( 1.000000000000000000, 0.000000000000000000, 0.000000000000000000 ) ) ;
#3479 = CARTESIAN_POINT ( 'NONE',  ( -6.216639249319970695, 5.392560857682971331, 25.45808833122222836 ) ) ;
#3480 = ORIENTED_EDGE ( 'NONE', *, *, #3721, .F. ) ;
#3481 = CYLINDRICAL_SURFACE ( 'NONE', #2791, 11.36650000000000027 ) ;
#3482 = ORIENTED_EDGE ( 'NONE', *, *, #579, .F. ) ;
#3483 = AXIS2_PLACEMENT_3D ( 'NONE', #3626, #1203, #585 ) ;
#3484 = TOROIDAL_SURFACE ( 'NONE', #1996, 9.626600000000001600, 2.701162999999999759 ) ;
#3485 = DIRECTION ( 'NONE',  ( -0.6234898018587269330, 0.7818314824680351327, 0.000000000000000000 ) ) ;
#3486 = PLANE ( 'NONE',  #3127 ) ;
#3487 = CARTESIAN_POINT ( 'NONE',  ( -1.347183349654619500, 8.793755758770730679, 19.76999999999999957 ) ) ;
#3488 = LINE ( 'NONE', #113, #637 ) ;
#3489 = DIRECTION ( 'NONE',  ( 0.000000000000000000, 0.000000000000000000, 1.000000000000000000 ) ) ;
#3490 = FACE_OUTER_BOUND ( 'NONE', #1354, .T. ) ;
#3491 = FACE_OUTER_BOUND ( 'NONE', #3611, .T. ) ;
#3492 = VECTOR ( 'NONE', #952, 1000.000000000000114 ) ;
#3493 = CARTESIAN_POINT ( 'NONE',  ( 4.860817445659259661, -6.640690470122410538, 19.76999999999999957 ) ) ;
#3494 = ORIENTED_EDGE ( 'NONE', *, *, #4054, .T. ) ;
#3495 = EDGE_CURVE ( 'NONE', #2764, #1542, #2429, .T. ) ;
#3496 = ORIENTED_EDGE ( 'NONE', *, *, #1500, .T. ) ;
#3497 = FACE_OUTER_BOUND ( 'NONE', #287, .T. ) ;
#3498 = CARTESIAN_POINT ( 'NONE',  ( -6.035280021597921873, -6.536087391046809358, 19.76999999999999957 ) ) ;
#3499 = FACE_OUTER_BOUND ( 'NONE', #453, .T. ) ;
#3500 = VERTEX_POINT ( 'NONE', #470 ) ;
#3501 = CARTESIAN_POINT ( 'NONE',  ( 0.000000000000000000, 0.000000000000000000, 12.81039999999999779 ) ) ;
#3502 = VECTOR ( 'NONE', #199, 1000.000000000000000 ) ;
#3503 = VERTEX_POINT ( 'NONE', #879 ) ;
#3504 = ADVANCED_FACE ( 'NONE', ( #3837 ), #804, .T. ) ;
#3505 = ADVANCED_FACE ( 'NONE', ( #4239, #828 ), #495, .F. ) ;
#3506 = CARTESIAN_POINT ( 'NONE',  ( 3.874025726465987862, -7.260732802595048163, 25.38015917909807584 ) ) ;
#3507 = DIRECTION ( 'NONE',  ( -1.000000000000000000, 0.000000000000000000, 0.000000000000000000 ) ) ;
#3508 = CARTESIAN_POINT ( 'NONE',  ( 7.940742894968058962, 2.161230768801489788, 19.76999999999999957 ) ) ;
#3509 = CARTESIAN_POINT ( 'NONE',  ( -3.261253958267231745, -7.555828133281379699, 23.83399999999999963 ) ) ;
#3510 = EDGE_CURVE ( 'NONE', #3037, #4115, #1841, .T. ) ;
#3511 = CARTESIAN_POINT ( 'NONE',  ( 6.216639249320008886, -5.392560857682918929, 23.83399999999999963 ) ) ;
#3512 = CARTESIAN_POINT ( 'NONE',  ( -3.270201394830453356, -8.273501444959631357, 19.76999999999999957 ) ) ;
#3513 = LINE ( 'NONE', #4265, #1158 ) ;
#3514 = DIRECTION ( 'NONE',  ( 1.000000000000000000, 0.000000000000000000, 0.000000000000000000 ) ) ;
#3515 = ORIENTED_EDGE ( 'NONE', *, *, #2286, .F. ) ;
#3516 = ORIENTED_EDGE ( 'NONE', *, *, #2761, .T. ) ;
#3517 = CARTESIAN_POINT ( 'NONE',  ( 0.6433880940203661192, 8.873054439310788410, 25.28650512035034126 ) ) ;
#3518 = DIRECTION ( 'NONE',  ( 0.9720781369857766085, 0.2346574004677068892, 0.000000000000000000 ) ) ;
#3519 = AXIS2_PLACEMENT_3D ( 'NONE', #1980, #2933, #2982 ) ;
#3520 = DIRECTION ( 'NONE',  ( -1.000000000000000000, 0.000000000000000000, 0.000000000000000000 ) ) ;
#3521 = EDGE_LOOP ( 'NONE', ( #1267, #806, #1434, #1531 ) ) ;
#3522 = CYLINDRICAL_SURFACE ( 'NONE', #1992, 2.000000000000000000 ) ;
#3523 = ORIENTED_EDGE ( 'NONE', *, *, #4291, .F. ) ;
#3524 = DIRECTION ( 'NONE',  ( 1.000000000000000000, 0.000000000000000000, 0.000000000000000000 ) ) ;
#3525 = ORIENTED_EDGE ( 'NONE', *, *, #2604, .F. ) ;
#3526 = CARTESIAN_POINT ( 'NONE',  ( 3.874025726466038044, 7.260732802595020630, 19.76999999999999957 ) ) ;
#3527 = CARTESIAN_POINT ( 'NONE',  ( 2.601697372106519079, -8.507421119615159455, 19.76999999999999957 ) ) ;
#3528 = CYLINDRICAL_SURFACE ( 'NONE', #1412, 8.896349999999999980 ) ;
#3529 = ORIENTED_EDGE ( 'NONE', *, *, #1631, .F. ) ;
#3530 = ADVANCED_FACE ( 'NONE', ( #4217 ), #543, .T. ) ;
#3531 = LINE ( 'NONE', #781, #2755 ) ;
#3532 = DIRECTION ( 'NONE',  ( -0.4450817844365928533, -0.8954899246573008176, 0.000000000000000000 ) ) ;
#3533 = VECTOR ( 'NONE', #3758, 1000.000000000000000 ) ;
#3534 = ADVANCED_FACE ( 'NONE', ( #3491 ), #3158, .T. ) ;
#3535 = EDGE_CURVE ( 'NONE', #2409, #1000, #2627, .T. ) ;
#3536 = EDGE_CURVE ( 'NONE', #388, #398, #3320, .T. ) ;
#3537 = CARTESIAN_POINT ( 'NONE',  ( -5.392560857682950015, -6.216639249319991123, 19.76999999999999957 ) ) ;
#3538 = CIRCLE ( 'NONE', #1979, 8.896349999999999980 ) ;
#3539 = CARTESIAN_POINT ( 'NONE',  ( 4.429546680213249488, 7.715190181085091581, 25.38015917909807584 ) ) ;
#3540 = VERTEX_POINT ( 'NONE', #971 ) ;
#3541 = AXIS2_PLACEMENT_3D ( 'NONE', #1553, #3291, #2267 ) ;
#3542 = ORIENTED_EDGE ( 'NONE', *, *, #1520, .T. ) ;
#3543 = AXIS2_PLACEMENT_3D ( 'NONE', #2917, #259, #614 ) ;
#3544 = CARTESIAN_POINT ( 'NONE',  ( -2.601697372106470674, 8.507421119615180771, 23.83399999999999963 ) ) ;
#3545 = CARTESIAN_POINT ( 'NONE',  ( 0.000000000000000000, 0.000000000000000000, 23.83399999999999963 ) ) ;
#3546 = ORIENTED_EDGE ( 'NONE', *, *, #4342, .T. ) ;
#3547 = CARTESIAN_POINT ( 'NONE',  ( 6.536087391046867978, 6.035280021597850819, 23.83399999999999963 ) ) ;
#3548 = VERTEX_POINT ( 'NONE', #990 ) ;
#3549 = CARTESIAN_POINT ( 'NONE',  ( -11.36649999999999849, 0.000000000000000000, 19.13499999999999801 ) ) ;
#3550 = AXIS2_PLACEMENT_3D ( 'NONE', #535, #1579, #2926 ) ;
#3551 = ORIENTED_EDGE ( 'NONE', *, *, #2388, .F. ) ;
#3552 = EDGE_CURVE ( 'NONE', #2085, #2372, #3957, .T. ) ;
#3553 = LINE ( 'NONE', #1132, #694 ) ;
#3554 = DIRECTION ( 'NONE',  ( 0.000000000000000000, 0.000000000000000000, 1.000000000000000000 ) ) ;
#3555 = CYLINDRICAL_SURFACE ( 'NONE', #499, 11.50000000000000000 ) ;
#3556 = ORIENTED_EDGE ( 'NONE', *, *, #502, .T. ) ;
#3557 = EDGE_CURVE ( 'NONE', #1238, #1063, #3983, .T. ) ;
#3558 = ORIENTED_EDGE ( 'NONE', *, *, #4214, .T. ) ;
#3559 = DIRECTION ( 'NONE',  ( -0.2103498843455020584, -0.9776261689193032067, 0.000000000000000000 ) ) ;
#3560 = VECTOR ( 'NONE', #1889, 1000.000000000000000 ) ;
#3561 = VECTOR ( 'NONE', #3856, 1000.000000000000114 ) ;
#3562 = CARTESIAN_POINT ( 'NONE',  ( 0.000000000000000000, 0.000000000000000000, 23.83399999999999963 ) ) ;
#3563 = CIRCLE ( 'NONE', #658, 8.896349999999999980 ) ;
#3564 = CARTESIAN_POINT ( 'NONE',  ( -0.6433880940203695609, 8.873054439310788410, 25.28650512035034126 ) ) ;
#3565 = AXIS2_PLACEMENT_3D ( 'NONE', #267, #1643, #2615 ) ;
#3566 = CARTESIAN_POINT ( 'NONE',  ( -4.429546680213142018, 7.715190181085160859, 25.38015917909806873 ) ) ;
#3567 = ORIENTED_EDGE ( 'NONE', *, *, #4181, .F. ) ;
#3568 = CARTESIAN_POINT ( 'NONE',  ( 0.000000000000000000, 0.000000000000000000, 19.76999999999999957 ) ) ;
#3569 = CARTESIAN_POINT ( 'NONE',  ( -5.029237886897471199, -7.338379221564869326, 23.83399999999999963 ) ) ;
#3570 = EDGE_LOOP ( 'NONE', ( #478, #1210, #1366, #3760 ) ) ;
#3571 = CARTESIAN_POINT ( 'NONE',  ( 0.000000000000000000, 0.000000000000000000, 19.76999999999999957 ) ) ;
#3572 = VECTOR ( 'NONE', #1655, 1000.000000000000000 ) ;
#3573 = ORIENTED_EDGE ( 'NONE', *, *, #630, .F. ) ;
#3574 = DIRECTION ( 'NONE',  ( 0.000000000000000000, 0.000000000000000000, 1.000000000000000000 ) ) ;
#3575 = ORIENTED_EDGE ( 'NONE', *, *, #4016, .T. ) ;
#3576 = DIRECTION ( 'NONE',  ( 0.000000000000000000, 0.000000000000000000, -1.000000000000000000 ) ) ;
#3577 = LINE ( 'NONE', #3527, #2636 ) ;
#3578 = LINE ( 'NONE', #2617, #2983 ) ;
#3579 = VECTOR ( 'NONE', #837, 1000.000000000000000 ) ;
#3580 = ORIENTED_EDGE ( 'NONE', *, *, #4005, .T. ) ;
#3581 = ORIENTED_EDGE ( 'NONE', *, *, #2472, .T. ) ;
#3582 = DIRECTION ( 'NONE',  ( 0.000000000000000000, 0.000000000000000000, 1.000000000000000000 ) ) ;
#3583 = CARTESIAN_POINT ( 'NONE',  ( -4.860817445659221470, 6.640690470122440736, 25.45808833122222836 ) ) ;
#3584 = DIRECTION ( 'NONE',  ( -0.4338837391175649483, -0.9009688679024158153, -0.000000000000000000 ) ) ;
#3585 = DIRECTION ( 'NONE',  ( 0.9720781369857743881, -0.2346574004677160763, 0.000000000000000000 ) ) ;
#3586 = FACE_OUTER_BOUND ( 'NONE', #929, .T. ) ;
#3587 = VERTEX_POINT ( 'NONE', #3027 ) ;
#3588 = CARTESIAN_POINT ( 'NONE',  ( -6.216639249320081717, -5.392560857682838993, 23.83399999999999963 ) ) ;
#3589 = EDGE_CURVE ( 'NONE', #1188, #2860, #3300, .T. ) ;
#3590 = VERTEX_POINT ( 'NONE', #3345 ) ;
#3591 = CARTESIAN_POINT ( 'NONE',  ( 0.000000000000000000, 0.000000000000000000, 23.83399999999999963 ) ) ;
#3592 = VERTEX_POINT ( 'NONE', #303 ) ;
#3593 = DIRECTION ( 'NONE',  ( 1.000000000000000000, 0.000000000000000000, 0.000000000000000000 ) ) ;
#3594 = EDGE_CURVE ( 'NONE', #567, #1282, #4337, .T. ) ;
#3595 = ADVANCED_FACE ( 'NONE', ( #3009 ), #1913, .T. ) ;
#3596 = ADVANCED_FACE ( 'NONE', ( #4360 ), #254, .T. ) ;
#3597 = APPLICATION_CONTEXT ( 'automotive_design' ) ;
#3598 = FACE_OUTER_BOUND ( 'NONE', #3735, .T. ) ;
#3599 = DIRECTION ( 'NONE',  ( 1.000000000000000000, 0.000000000000000000, 0.000000000000000000 ) ) ;
#3600 = LINE ( 'NONE', #3899, #1838 ) ;
#3601 = ORIENTED_EDGE ( 'NONE', *, *, #1502, .T. ) ;
#3602 = ORIENTED_EDGE ( 'NONE', *, *, #2012, .F. ) ;
#3603 = ORIENTED_EDGE ( 'NONE', *, *, #3436, .F. ) ;
#3604 = LINE ( 'NONE', #2647, #4101 ) ;
#3605 = CARTESIAN_POINT ( 'NONE',  ( 6.536087391046828010, -6.035280021597890787, 19.76999999999999957 ) ) ;
#3606 = LINE ( 'NONE', #2555, #2214 ) ;
#3607 = VECTOR ( 'NONE', #1462, 999.9999999999998863 ) ;
#3608 = PLANE ( 'NONE',  #3221 ) ;
#3609 = LINE ( 'NONE', #1914, #1306 ) ;
#3610 = EDGE_CURVE ( 'NONE', #3888, #1453, #4026, .T. ) ;
#3611 = EDGE_LOOP ( 'NONE', ( #2873, #1796, #3790, #746 ) ) ;
#3612 = DIRECTION ( 'NONE',  ( 1.000000000000000000, 0.000000000000000000, 0.000000000000000000 ) ) ;
#3613 = EDGE_CURVE ( 'NONE', #4185, #176, #3276, .T. ) ;
#3614 = ORIENTED_EDGE ( 'NONE', *, *, #2795, .T. ) ;
#3615 = ORIENTED_EDGE ( 'NONE', *, *, #739, .F. ) ;
#3616 = ORIENTED_EDGE ( 'NONE', *, *, #4001, .F. ) ;
#3617 = DIRECTION ( 'NONE',  ( 0.000000000000000000, 0.000000000000000000, -1.000000000000000000 ) ) ;
#3618 = AXIS2_PLACEMENT_3D ( 'NONE', #1994, #373, #1718 ) ;
#3619 = PLANE ( 'NONE',  #3565 ) ;
#3620 = CARTESIAN_POINT ( 'NONE',  ( 6.216639249320008886, -5.392560857682918929, 25.45808833122222836 ) ) ;
#3621 = CARTESIAN_POINT ( 'NONE',  ( 8.873054439310786634, -0.6433880940203990928, 25.28650512035034126 ) ) ;
#3622 = ORIENTED_EDGE ( 'NONE', *, *, #3557, .T. ) ;
#3623 = ORIENTED_EDGE ( 'NONE', *, *, #2201, .F. ) ;
#3624 = ORIENTED_EDGE ( 'NONE', *, *, #2227, .T. ) ;
#3625 = CARTESIAN_POINT ( 'NONE',  ( 6.640690470122359024, -4.860817445659328939, 23.83399999999999963 ) ) ;
#3626 = CARTESIAN_POINT ( 'NONE',  ( 3.261253958267179343, 7.555828133281400127, 25.38015917909807584 ) ) ;
#3627 = DIRECTION ( 'NONE',  ( 0.000000000000000000, 0.000000000000000000, -1.000000000000000000 ) ) ;
#3628 = DIRECTION ( 'NONE',  ( -1.000000000000000000, 0.000000000000000000, 0.000000000000000000 ) ) ;
#3629 = CARTESIAN_POINT ( 'NONE',  ( 7.715190181085077370, -4.429546680213270804, 19.76999999999999957 ) ) ;
#3630 = AXIS2_PLACEMENT_3D ( 'NONE', #2869, #1934, #250 ) ;
#3631 = VERTEX_POINT ( 'NONE', #655 ) ;
#3632 = DIRECTION ( 'NONE',  ( 0.000000000000000000, 0.000000000000000000, -1.000000000000000000 ) ) ;
#3633 = ORIENTED_EDGE ( 'NONE', *, *, #2031, .F. ) ;
#3634 = AXIS2_PLACEMENT_3D ( 'NONE', #2056, #3786, #374 ) ;
#3635 = ADVANCED_FACE ( 'NONE', ( #590 ), #1341, .T. ) ;
#3636 = ORIENTED_EDGE ( 'NONE', *, *, #1872, .F. ) ;
#3637 = ORIENTED_EDGE ( 'NONE', *, *, #3273, .T. ) ;
#3638 = FACE_OUTER_BOUND ( 'NONE', #4020, .T. ) ;
#3639 = VECTOR ( 'NONE', #190, 1000.000000000000114 ) ;
#3640 = DIRECTION ( 'NONE',  ( 0.9999222924809747504, 0.01246631459541269402, 0.000000000000000000 ) ) ;
#3641 = DIRECTION ( 'NONE',  ( 0.9009688679024172586, -0.4338837391175621172, 0.000000000000000000 ) ) ;
#3642 = DIRECTION ( 'NONE',  ( -1.000000000000000000, 0.000000000000000000, 0.000000000000000000 ) ) ;
#3643 = VERTEX_POINT ( 'NONE', #2984 ) ;
#3644 = EDGE_LOOP ( 'NONE', ( #3237, #4031, #2097, #503 ) ) ;
#3645 = ADVANCED_FACE ( 'NONE', ( #2338 ), #3692, .T. ) ;
#3646 = ADVANCED_FACE ( 'NONE', ( #1939 ), #3608, .T. ) ;
#3647 = ORIENTED_EDGE ( 'NONE', *, *, #3404, .T. ) ;
#3648 = LINE ( 'NONE', #3339, #3109 ) ;
#3649 = CARTESIAN_POINT ( 'NONE',  ( 5.029237886897427678, 7.338379221564909294, 25.45808833122222836 ) ) ;
#3650 = FACE_OUTER_BOUND ( 'NONE', #2384, .T. ) ;
#3651 = CARTESIAN_POINT ( 'NONE',  ( -1.347183349654800022, -8.793755758770698705, 23.83399999999999963 ) ) ;
#3652 = EDGE_CURVE ( 'NONE', #4115, #4232, #233, .T. ) ;
#3653 = DIRECTION ( 'NONE',  ( 0.7818314824680335784, 0.6234898018587287094, 0.000000000000000000 ) ) ;
#3654 = DIRECTION ( 'NONE',  ( -0.7895433483002366470, -0.6136947947920458057, 0.000000000000000000 ) ) ;
#3655 = ORIENTED_EDGE ( 'NONE', *, *, #3089, .F. ) ;
#3656 = CARTESIAN_POINT ( 'NONE',  ( 2.161230768801460034, -7.940742894968068732, 19.76999999999999957 ) ) ;
#3657 = ORIENTED_EDGE ( 'NONE', *, *, #1733, .F. ) ;
#3658 = VERTEX_POINT ( 'NONE', #2960 ) ;
#3659 = VERTEX_POINT ( 'NONE', #4310 ) ;
#3660 = EDGE_CURVE ( 'NONE', #2350, #100, #522, .T. ) ;
#3661 = DIRECTION ( 'NONE',  ( -0.9749279121818218430, 0.2225209339563219979, 0.000000000000000000 ) ) ;
#3662 = LINE ( 'NONE', #3334, #848 ) ;
#3663 = CARTESIAN_POINT ( 'NONE',  ( 0.000000000000000000, 0.000000000000000000, 19.76999999999999957 ) ) ;
#3664 = VERTEX_POINT ( 'NONE', #3380 ) ;
#3665 = ORIENTED_EDGE ( 'NONE', *, *, #3613, .F. ) ;
#3666 = ADVANCED_FACE ( 'NONE', ( #13 ), #4108, .T. ) ;
#3667 = DIRECTION ( 'NONE',  ( 0.4226182617406970543, -0.9063077870366511579, 0.000000000000000000 ) ) ;
#3668 = FACE_OUTER_BOUND ( 'NONE', #2656, .T. ) ;
#3669 = DIRECTION ( 'NONE',  ( 1.000000000000000000, 0.000000000000000000, 0.000000000000000000 ) ) ;
#3670 = CARTESIAN_POINT ( 'NONE',  ( 4.860817445659259661, -6.640690470122410538, 25.45808833122222836 ) ) ;
#3671 = CARTESIAN_POINT ( 'NONE',  ( -6.216639249320081717, -5.392560857682838993, 25.45808833122222836 ) ) ;
#3672 = LINE ( 'NONE', #4068, #2776 ) ;
#3673 = ORIENTED_EDGE ( 'NONE', *, *, #1520, .F. ) ;
#3674 = CARTESIAN_POINT ( 'NONE',  ( 6.536087391046828010, -6.035280021597901445, 23.83399999999999963 ) ) ;
#3675 = ORIENTED_EDGE ( 'NONE', *, *, #2077, .T. ) ;
#3676 = ORIENTED_EDGE ( 'NONE', *, *, #3870, .F. ) ;
#3677 = ORIENTED_EDGE ( 'NONE', *, *, #716, .T. ) ;
#3678 = VECTOR ( 'NONE', #1649, 1000.000000000000000 ) ;
#3679 = VECTOR ( 'NONE', #3303, 1000.000000000000000 ) ;
#3680 = CARTESIAN_POINT ( 'NONE',  ( 6.216639249320039973, 5.392560857682880737, 19.76999999999999957 ) ) ;
#3681 = CARTESIAN_POINT ( 'NONE',  ( -8.273501444959620699, 3.270201394830481334, 25.38015917909807584 ) ) ;
#3682 = CARTESIAN_POINT ( 'NONE',  ( 8.873054439310786634, 0.6433880940203383636, 19.76999999999999957 ) ) ;
#3683 = ORIENTED_EDGE ( 'NONE', *, *, #1811, .T. ) ;
#3684 = VERTEX_POINT ( 'NONE', #1383 ) ;
#3685 = DIRECTION ( 'NONE',  ( 0.4450817844365880238, -0.8954899246573031490, 0.000000000000000000 ) ) ;
#3686 = ADVANCED_FACE ( 'NONE', ( #1069 ), #1728, .T. ) ;
#3687 = CARTESIAN_POINT ( 'NONE',  ( -4.429546680213142018, 7.715190181085160859, 25.38015917909806873 ) ) ;
#3688 = LINE ( 'NONE', #2005, #2051 ) ;
#3689 = DIRECTION ( 'NONE',  ( 0.9776261689193045390, 0.2103498843454961187, 0.000000000000000000 ) ) ;
#3690 = ADVANCED_FACE ( 'NONE', ( #2359 ), #4086, .T. ) ;
#3691 = CIRCLE ( 'NONE', #3895, 8.896349999999999980 ) ;
#3692 = PLANE ( 'NONE',  #880 ) ;
#3693 = CARTESIAN_POINT ( 'NONE',  ( 3.270201394830338781, -8.273501444959672213, 19.76999999999999957 ) ) ;
#3694 = EDGE_LOOP ( 'NONE', ( #1614, #623 ) ) ;
#3695 = DIRECTION ( 'NONE',  ( 0.000000000000000000, 0.000000000000000000, -1.000000000000000000 ) ) ;
#3696 = VERTEX_POINT ( 'NONE', #2777 ) ;
#3697 = VECTOR ( 'NONE', #2001, 1000.000000000000000 ) ;
#3698 = ORIENTED_EDGE ( 'NONE', *, *, #3589, .T. ) ;
#3699 = VECTOR ( 'NONE', #3728, 1000.000000000000000 ) ;
#3700 = CARTESIAN_POINT ( 'NONE',  ( 4.429546680213187315, -7.715190181085119114, 23.83399999999999963 ) ) ;
#3701 = CIRCLE ( 'NONE', #1217, 8.896349999999999980 ) ;
#3702 = EDGE_LOOP ( 'NONE', ( #3230, #200, #823, #1637 ) ) ;
#3703 = CARTESIAN_POINT ( 'NONE',  ( 0.000000000000000000, 0.000000000000000000, 23.83399999999999963 ) ) ;
#3704 = VERTEX_POINT ( 'NONE', #1009 ) ;
#3705 = CARTESIAN_POINT ( 'NONE',  ( -1.498157579597012790, -8.092085023447051384, 19.76999999999999957 ) ) ;
#3706 = CIRCLE ( 'NONE', #878, 8.896349999999999980 ) ;
#3707 = CARTESIAN_POINT ( 'NONE',  ( -7.940742894968030541, 2.161230768801590152, 19.76999999999999957 ) ) ;
#3708 = PLANE ( 'NONE',  #2029 ) ;
#3709 = VECTOR ( 'NONE', #32, 1000.000000000000227 ) ;
#3710 = DIRECTION ( 'NONE',  ( -0.9776261689193018745, 0.2103498843455079703, 0.000000000000000000 ) ) ;
#3711 = DIRECTION ( 'NONE',  ( 0.01246631459542189499, 0.9999222924809746393, 0.000000000000000000 ) ) ;
#3712 = ORIENTED_EDGE ( 'NONE', *, *, #931, .F. ) ;
#3713 = DIRECTION ( 'NONE',  ( -1.224646799147353207E-16, 1.000000000000000000, 0.000000000000000000 ) ) ;
#3714 = ORIENTED_EDGE ( 'NONE', *, *, #1690, .F. ) ;
#3715 = CIRCLE ( 'NONE', #3784, 8.896349999999999980 ) ;
#3716 = VERTEX_POINT ( 'NONE', #1689 ) ;
#3717 = ORIENTED_EDGE ( 'NONE', *, *, #4180, .F. ) ;
#3718 = VERTEX_POINT ( 'NONE', #1747 ) ;
#3719 = EDGE_CURVE ( 'NONE', #4187, #2896, #1048, .T. ) ;
#3720 = ADVANCED_FACE ( 'NONE', ( #2376 ), #2044, .T. ) ;
#3721 = EDGE_CURVE ( 'NONE', #1022, #1968, #3731, .T. ) ;
#3722 = ORIENTED_EDGE ( 'NONE', *, *, #734, .T. ) ;
#3723 = CARTESIAN_POINT ( 'NONE',  ( 6.035280021597878353, 6.536087391046850215, 23.83399999999999963 ) ) ;
#3724 = EDGE_CURVE ( 'NONE', #45, #4281, #3047, .T. ) ;
#3725 = ADVANCED_FACE ( 'NONE', ( #71 ), #3403, .T. ) ;
#3726 = ORIENTED_EDGE ( 'NONE', *, *, #4196, .F. ) ;
#3727 = CYLINDRICAL_SURFACE ( 'NONE', #633, 8.896349999999999980 ) ;
#3728 = DIRECTION ( 'NONE',  ( 0.000000000000000000, 0.000000000000000000, -1.000000000000000000 ) ) ;
#3729 = DIRECTION ( 'NONE',  ( -1.000000000000000000, 0.000000000000000000, 0.000000000000000000 ) ) ;
#3730 = VECTOR ( 'NONE', #3044, 1000.000000000000000 ) ;
#3731 = LINE ( 'NONE', #3795, #314 ) ;
#3732 = LINE ( 'NONE', #693, #1650 ) ;
#3733 = EDGE_LOOP ( 'NONE', ( #3637, #4233, #3115, #1407 ) ) ;
#3734 = CARTESIAN_POINT ( 'NONE',  ( 7.555828133281388581, -3.261253958267210873, 23.83399999999999963 ) ) ;
#3735 = EDGE_LOOP ( 'NONE', ( #839, #1663, #3567, #1969 ) ) ;
#3736 = CARTESIAN_POINT ( 'NONE',  ( -8.507421119615173666, -2.601697372106499984, 19.76999999999999957 ) ) ;
#3737 = ORIENTED_EDGE ( 'NONE', *, *, #1892, .F. ) ;
#3738 = EDGE_CURVE ( 'NONE', #1387, #3696, #1710, .T. ) ;
#3739 = ORIENTED_EDGE ( 'NONE', *, *, #226, .F. ) ;
#3740 = DIRECTION ( 'NONE',  ( -0.7739981082662240608, 0.6331879092341440307, 0.000000000000000000 ) ) ;
#3741 = AXIS2_PLACEMENT_3D ( 'NONE', #3506, #4163, #1882 ) ;
#3742 = AXIS2_PLACEMENT_3D ( 'NONE', #27, #2089, #670 ) ;
#3743 = ORIENTED_EDGE ( 'NONE', *, *, #2941, .T. ) ;
#3744 = CARTESIAN_POINT ( 'NONE',  ( -1.347183349654619500, 8.793755758770730679, 23.83399999999999963 ) ) ;
#3745 = VERTEX_POINT ( 'NONE', #3066 ) ;
#3746 = AXIS2_PLACEMENT_3D ( 'NONE', #4215, #2507, #3155 ) ;
#3747 = CYLINDRICAL_SURFACE ( 'NONE', #483, 11.36650000000000027 ) ;
#3748 = CONICAL_SURFACE ( 'NONE', #2541, 9.000000000000000000, 0.2617993877991500740 ) ;
#3749 = AXIS2_PLACEMENT_3D ( 'NONE', #2049, #1328, #3325 ) ;
#3750 = LINE ( 'NONE', #712, #2991 ) ;
#3751 = CARTESIAN_POINT ( 'NONE',  ( -8.092085023447042502, 1.498157579597040545, 25.35104857481265839 ) ) ;
#3752 = CARTESIAN_POINT ( 'NONE',  ( 8.793755758770718245, 1.347183349654709872, 25.35104857481265839 ) ) ;
#3753 = DIRECTION ( 'NONE',  ( 0.000000000000000000, 0.000000000000000000, -1.000000000000000000 ) ) ;
#3754 = LINE ( 'NONE', #3407, #3910 ) ;
#3755 = EDGE_CURVE ( 'NONE', #2586, #3281, #1094, .T. ) ;
#3756 = DIRECTION ( 'NONE',  ( -0.9009688679024142610, 0.4338837391175681124, 0.000000000000000000 ) ) ;
#3757 = ORIENTED_EDGE ( 'NONE', *, *, #1177, .T. ) ;
#3758 = DIRECTION ( 'NONE',  ( 0.000000000000000000, 0.000000000000000000, -1.000000000000000000 ) ) ;
#3759 = ORIENTED_EDGE ( 'NONE', *, *, #3146, .F. ) ;
#3760 = ORIENTED_EDGE ( 'NONE', *, *, #2895, .F. ) ;
#3761 = FACE_OUTER_BOUND ( 'NONE', #170, .T. ) ;
#3762 = LINE ( 'NONE', #396, #814 ) ;
#3763 = CIRCLE ( 'NONE', #4260, 4.000000000000000000 ) ;
#3764 = VECTOR ( 'NONE', #4351, 999.9999999999998863 ) ;
#3765 = DIRECTION ( 'NONE',  ( 0.000000000000000000, 0.000000000000000000, -1.000000000000000000 ) ) ;
#3766 = AXIS2_PLACEMENT_3D ( 'NONE', #426, #4195, #3532 ) ;
#3767 = VERTEX_POINT ( 'NONE', #759 ) ;
#3768 = CARTESIAN_POINT ( 'NONE',  ( 0.000000000000000000, 0.000000000000000000, 23.83399999999999963 ) ) ;
#3769 = ORIENTED_EDGE ( 'NONE', *, *, #2612, .F. ) ;
#3770 = CIRCLE ( 'NONE', #1653, 8.896349999999999980 ) ;
#3771 = DIRECTION ( 'NONE',  ( 0.000000000000000000, 0.000000000000000000, -1.000000000000000000 ) ) ;
#3772 = DIRECTION ( 'NONE',  ( 0.000000000000000000, 0.000000000000000000, -1.000000000000000000 ) ) ;
#3773 = FACE_OUTER_BOUND ( 'NONE', #1716, .T. ) ;
#3774 = EDGE_CURVE ( 'NONE', #137, #2257, #3465, .T. ) ;
#3775 = EDGE_CURVE ( 'NONE', #2100, #2702, #674, .T. ) ;
#3776 = AXIS2_PLACEMENT_3D ( 'NONE', #1540, #1182, #3180 ) ;
#3777 = DIRECTION ( 'NONE',  ( -0.7818314824680332453, -0.6234898018587291535, 0.000000000000000000 ) ) ;
#3778 = CARTESIAN_POINT ( 'NONE',  ( 0.000000000000000000, 0.000000000000000000, 25.10400000000000276 ) ) ;
#3779 = ORIENTED_EDGE ( 'NONE', *, *, #3078, .T. ) ;
#3780 = CARTESIAN_POINT ( 'NONE',  ( 1.347183349654678564, -8.793755758770720021, 19.76999999999999957 ) ) ;
#3781 = EDGE_CURVE ( 'NONE', #2877, #3658, #3444, .T. ) ;
#3782 = ORIENTED_EDGE ( 'NONE', *, *, #1855, .F. ) ;
#3783 = ORIENTED_EDGE ( 'NONE', *, *, #2227, .F. ) ;
#3784 = AXIS2_PLACEMENT_3D ( 'NONE', #1353, #1021, #1482 ) ;
#3785 = DIRECTION ( 'NONE',  ( -0.7739981082662348300, -0.6331879092341309301, -0.000000000000000000 ) ) ;
#3786 = DIRECTION ( 'NONE',  ( 0.000000000000000000, 0.000000000000000000, -1.000000000000000000 ) ) ;
#3787 = CYLINDRICAL_SURFACE ( 'NONE', #1501, 8.896349999999999980 ) ;
#3788 = ORIENTED_EDGE ( 'NONE', *, *, #442, .T. ) ;
#3789 = CARTESIAN_POINT ( 'NONE',  ( -6.035280021597783318, 6.536087391046930151, 19.76999999999999957 ) ) ;
#3790 = ORIENTED_EDGE ( 'NONE', *, *, #3343, .F. ) ;
#3791 = EDGE_CURVE ( 'NONE', #3658, #3824, #424, .T. ) ;
#3792 = ADVANCED_FACE ( 'NONE', ( #2696 ), #2024, .T. ) ;
#3793 = CARTESIAN_POINT ( 'NONE',  ( -7.940742894968079391, -2.161230768801430724, 25.35104857481265128 ) ) ;
#3794 = LINE ( 'NONE', #2794, #1829 ) ;
#3795 = CARTESIAN_POINT ( 'NONE',  ( 8.793755758770707587, -1.347183349654770490, 19.76999999999999957 ) ) ;
#3796 = PLANE ( 'NONE',  #3132 ) ;
#3797 = LINE ( 'NONE', #2113, #1624 ) ;
#3798 = DIRECTION ( 'NONE',  ( 1.000000000000000000, 0.000000000000000000, 0.000000000000000000 ) ) ;
#3799 = ORIENTED_EDGE ( 'NONE', *, *, #1098, .T. ) ;
#3800 = ORIENTED_EDGE ( 'NONE', *, *, #1610, .F. ) ;
#3801 = DIRECTION ( 'NONE',  ( 1.000000000000000000, 0.000000000000000000, 0.000000000000000000 ) ) ;
#3802 = DIRECTION ( 'NONE',  ( -0.6234898018587399227, -0.7818314824680248076, -0.000000000000000000 ) ) ;
#3803 = CARTESIAN_POINT ( 'NONE',  ( 0.000000000000000000, 0.000000000000000000, 3.000000000000000000 ) ) ;
#3804 = ORIENTED_EDGE ( 'NONE', *, *, #2710, .F. ) ;
#3805 = CARTESIAN_POINT ( 'NONE',  ( 8.793755758770718245, 1.347183349654709872, 23.83399999999999963 ) ) ;
#3806 = ORIENTED_EDGE ( 'NONE', *, *, #3436, .T. ) ;
#3807 = LINE ( 'NONE', #778, #1684 ) ;
#3808 = CARTESIAN_POINT ( 'NONE',  ( 0.000000000000000000, 0.000000000000000000, 49.44569045728920287 ) ) ;
#3809 = DIRECTION ( 'NONE',  ( 1.000000000000000000, 0.000000000000000000, 0.000000000000000000 ) ) ;
#3810 = AXIS2_PLACEMENT_3D ( 'NONE', #4134, #1773, #1076 ) ;
#3811 = FACE_BOUND ( 'NONE', #3052, .T. ) ;
#3812 = EDGE_CURVE ( 'NONE', #681, #2635, #2887, .T. ) ;
#3813 = VECTOR ( 'NONE', #1013, 1000.000000000000000 ) ;
#3814 = CARTESIAN_POINT ( 'NONE',  ( 0.000000000000000000, 0.000000000000000000, 25.10400000000000276 ) ) ;
#3815 = CIRCLE ( 'NONE', #3190, 9.626600000000001600 ) ;
#3816 = DIRECTION ( 'NONE',  ( -0.9749279121818257288, -0.2225209339563049560, -0.000000000000000000 ) ) ;
#3817 = DIRECTION ( 'NONE',  ( 0.000000000000000000, 0.000000000000000000, 1.000000000000000000 ) ) ;
#3818 = ORIENTED_EDGE ( 'NONE', *, *, #1562, .T. ) ;
#3819 = ORIENTED_EDGE ( 'NONE', *, *, #1435, .T. ) ;
#3820 = FACE_OUTER_BOUND ( 'NONE', #3902, .T. ) ;
#3821 = CARTESIAN_POINT ( 'NONE',  ( -6.035280021597783318, 6.536087391046930151, 25.45808833122222836 ) ) ;
#3822 = EDGE_CURVE ( 'NONE', #1313, #707, #1516, .T. ) ;
#3823 = DIRECTION ( 'NONE',  ( 0.000000000000000000, 0.000000000000000000, -1.000000000000000000 ) ) ;
#3824 = VERTEX_POINT ( 'NONE', #2552 ) ;
#3825 = CARTESIAN_POINT ( 'NONE',  ( 6.640690470122388334, 4.860817445659290748, 25.45808833122222836 ) ) ;
#3826 = EDGE_CURVE ( 'NONE', #1085, #2723, #2176, .T. ) ;
#3827 = ORIENTED_EDGE ( 'NONE', *, *, #117, .T. ) ;
#3828 = AXIS2_PLACEMENT_3D ( 'NONE', #298, #626, #3024 ) ;
#3829 = VECTOR ( 'NONE', #1422, 1000.000000000000000 ) ;
#3830 = CARTESIAN_POINT ( 'NONE',  ( 2.161230768801460034, -7.940742894968068732, 25.35104857481265128 ) ) ;
#3831 = CARTESIAN_POINT ( 'NONE',  ( -4.429546680213301890, -7.715190181085060495, 23.83399999999999963 ) ) ;
#3832 = LINE ( 'NONE', #3104, #2402 ) ;
#3833 = AXIS2_PLACEMENT_3D ( 'NONE', #2433, #336, #353 ) ;
#3834 = FACE_OUTER_BOUND ( 'NONE', #454, .T. ) ;
#3835 = DIRECTION ( 'NONE',  ( 1.000000000000000000, 0.000000000000000000, 0.000000000000000000 ) ) ;
#3836 = CARTESIAN_POINT ( 'NONE',  ( -8.507421119615173666, -2.601697372106499984, 25.35104857481265128 ) ) ;
#3837 = FACE_OUTER_BOUND ( 'NONE', #1127, .T. ) ;
#3838 = VECTOR ( 'NONE', #2936, 1000.000000000000227 ) ;
#3839 = PLANE ( 'NONE',  #2498 ) ;
#3840 = ORIENTED_EDGE ( 'NONE', *, *, #1522, .T. ) ;
#3841 = EDGE_LOOP ( 'NONE', ( #1495, #1917, #995, #3865 ) ) ;
#3842 = DIRECTION ( 'NONE',  ( 0.000000000000000000, 0.000000000000000000, -1.000000000000000000 ) ) ;
#3843 = CARTESIAN_POINT ( 'NONE',  ( -7.940742894968030541, 2.161230768801590152, 23.83399999999999963 ) ) ;
#3844 =( NAMED_UNIT ( * ) SI_UNIT ( $, .STERADIAN. ) SOLID_ANGLE_UNIT ( ) );
#3845 = EDGE_LOOP ( 'NONE', ( #2206, #556, #40, #1529 ) ) ;
#3846 = DIRECTION ( 'NONE',  ( 1.000000000000000000, 0.000000000000000000, 0.000000000000000000 ) ) ;
#3847 = EDGE_CURVE ( 'NONE', #19, #1018, #164, .T. ) ;
#3848 = ORIENTED_EDGE ( 'NONE', *, *, #2093, .F. ) ;
#3849 = CARTESIAN_POINT ( 'NONE',  ( 0.000000000000000000, 0.000000000000000000, 23.83399999999999963 ) ) ;
#3850 = AXIS2_PLACEMENT_3D ( 'NONE', #3149, #1764, #1128 ) ;
#3851 = EDGE_LOOP ( 'NONE', ( #2308, #2929, #905, #4075 ) ) ;
#3852 = EDGE_CURVE ( 'NONE', #2533, #4058, #3538, .T. ) ;
#3853 = EDGE_CURVE ( 'NONE', #1658, #1639, #4194, .T. ) ;
#3854 = EDGE_CURVE ( 'NONE', #2908, #3281, #3531, .T. ) ;
#3855 = CARTESIAN_POINT ( 'NONE',  ( 7.338379221564918176, 5.029237886897400145, 25.45808833122222836 ) ) ;
#3856 = DIRECTION ( 'NONE',  ( -0.2103498843454889855, 0.9776261689193058713, 0.000000000000000000 ) ) ;
#3857 = ADVANCED_FACE ( 'NONE', ( #3811, #3834 ), #2527, .F. ) ;
#3858 = CARTESIAN_POINT ( 'NONE',  ( -2.601697372106470674, 8.507421119615180771, 19.76999999999999957 ) ) ;
#3859 = EDGE_LOOP ( 'NONE', ( #3269, #123, #1296, #3581 ) ) ;
#3860 = DIRECTION ( 'NONE',  ( -0.000000000000000000, -0.000000000000000000, 1.000000000000000000 ) ) ;
#3861 = DIRECTION ( 'NONE',  ( -0.4450817844365812515, 0.8954899246573065907, 0.000000000000000000 ) ) ;
#3862 = DIRECTION ( 'NONE',  ( 0.000000000000000000, 0.000000000000000000, -1.000000000000000000 ) ) ;
#3863 = FACE_OUTER_BOUND ( 'NONE', #2060, .T. ) ;
#3864 = EDGE_LOOP ( 'NONE', ( #3615, #3717, #1408, #3248 ) ) ;
#3865 = ORIENTED_EDGE ( 'NONE', *, *, #1660, .F. ) ;
#3866 = DIRECTION ( 'NONE',  ( -1.000000000000000000, 0.000000000000000000, 0.000000000000000000 ) ) ;
#3867 = PLANE ( 'NONE',  #1300 ) ;
#3868 = AXIS2_PLACEMENT_3D ( 'NONE', #12, #2358, #1068 ) ;
#3869 = EDGE_CURVE ( 'NONE', #2994, #1329, #3488, .T. ) ;
#3870 = EDGE_CURVE ( 'NONE', #1018, #2688, #2153, .T. ) ;
#3871 = EDGE_LOOP ( 'NONE', ( #1309, #4302, #1014, #3573 ) ) ;
#3872 = DIRECTION ( 'NONE',  ( 1.000000000000000000, 0.000000000000000000, 0.000000000000000000 ) ) ;
#3873 = ORIENTED_EDGE ( 'NONE', *, *, #819, .F. ) ;
#3874 = CARTESIAN_POINT ( 'NONE',  ( -3.261253958267082531, 7.555828133281440095, 25.38015917909806873 ) ) ;
#3875 = ORIENTED_EDGE ( 'NONE', *, *, #1878, .T. ) ;
#3876 = LINE ( 'NONE', #2219, #2256 ) ;
#3877 = DIRECTION ( 'NONE',  ( 1.000000000000000000, 0.000000000000000000, 0.000000000000000000 ) ) ;
#3878 = DIRECTION ( 'NONE',  ( 0.2225209339563111177, -0.9749279121818243965, 0.000000000000000000 ) ) ;
#3879 = EDGE_LOOP ( 'NONE', ( #3516, #3284, #179, #1601 ) ) ;
#3880 = CARTESIAN_POINT ( 'NONE',  ( 3.270201394830387631, 8.273501444959650897, 19.76999999999999957 ) ) ;
#3881 = PLANE ( 'NONE',  #1073 ) ;
#3882 = CARTESIAN_POINT ( 'NONE',  ( -0.3400626758755173618, 8.222570980932689011, 25.28650512035034126 ) ) ;
#3883 = VECTOR ( 'NONE', #3685, 1000.000000000000114 ) ;
#3884 = LINE ( 'NONE', #2628, #2856 ) ;
#3885 = EDGE_CURVE ( 'NONE', #2036, #3659, #489, .T. ) ;
#3886 = VECTOR ( 'NONE', #2458, 1000.000000000000000 ) ;
#3887 = AXIS2_PLACEMENT_3D ( 'NONE', #4314, #1870, #3213 ) ;
#3888 = VERTEX_POINT ( 'NONE', #3231 ) ;
#3889 = DIRECTION ( 'NONE',  ( 0.000000000000000000, 0.000000000000000000, -1.000000000000000000 ) ) ;
#3890 = LINE ( 'NONE', #858, #4056 ) ;
#3891 = ORIENTED_EDGE ( 'NONE', *, *, #517, .F. ) ;
#3892 = CARTESIAN_POINT ( 'NONE',  ( 7.715190181085109344, 4.429546680213220178, 25.38015917909807584 ) ) ;
#3893 = ORIENTED_EDGE ( 'NONE', *, *, #2971, .T. ) ;
#3894 = LINE ( 'NONE', #3261, #3502 ) ;
#3895 = AXIS2_PLACEMENT_3D ( 'NONE', #2390, #4078, #1041 ) ;
#3896 = ORIENTED_EDGE ( 'NONE', *, *, #153, .T. ) ;
#3897 = CARTESIAN_POINT ( 'NONE',  ( -8.273501444959620699, 3.270201394830481334, 23.83399999999999963 ) ) ;
#3898 = DIRECTION ( 'NONE',  ( 0.000000000000000000, 0.000000000000000000, -1.000000000000000000 ) ) ;
#3899 = CARTESIAN_POINT ( 'NONE',  ( -7.940742894968079391, -2.161230768801430724, 19.76999999999999957 ) ) ;
#3900 = ORIENTED_EDGE ( 'NONE', *, *, #1415, .F. ) ;
#3901 = ORIENTED_EDGE ( 'NONE', *, *, #1285, .T. ) ;
#3902 = EDGE_LOOP ( 'NONE', ( #754, #3348, #1824, #2564 ) ) ;
#3903 = DIRECTION ( 'NONE',  ( -0.01246631459541499426, -0.9999222924809747504, 0.000000000000000000 ) ) ;
#3904 = CIRCLE ( 'NONE', #654, 8.896349999999999980 ) ;
#3905 = VECTOR ( 'NONE', #2081, 1000.000000000000114 ) ;
#3906 = PLANE ( 'NONE',  #3483 ) ;
#3907 = EDGE_CURVE ( 'NONE', #2833, #4282, #3201, .T. ) ;
#3908 = ADVANCED_FACE ( 'NONE', ( #1159 ), #2129, .F. ) ;
#3909 = CARTESIAN_POINT ( 'NONE',  ( -7.555828133281361936, 3.261253958267261055, 23.83399999999999963 ) ) ;
#3910 = VECTOR ( 'NONE', #719, 1000.000000000000114 ) ;
#3911 = CARTESIAN_POINT ( 'NONE',  ( -8.507421119615120375, 2.601697372106670070, 25.35104857481265839 ) ) ;
#3912 = LINE ( 'NONE', #545, #3917 ) ;
#3913 = EDGE_CURVE ( 'NONE', #3239, #2601, #2400, .T. ) ;
#3914 = ORIENTED_EDGE ( 'NONE', *, *, #2993, .F. ) ;
#3915 = CARTESIAN_POINT ( 'NONE',  ( -7.715190181085143983, -4.429546680213169552, 25.38015917909806873 ) ) ;
#3916 = EDGE_CURVE ( 'NONE', #3658, #45, #3250, .T. ) ;
#3917 = VECTOR ( 'NONE', #854, 1000.000000000000000 ) ;
#3918 = ORIENTED_EDGE ( 'NONE', *, *, #972, .T. ) ;
#3919 = DIRECTION ( 'NONE',  ( -1.000000000000000000, 0.000000000000000000, 0.000000000000000000 ) ) ;
#3920 = VECTOR ( 'NONE', #384, 1000.000000000000000 ) ;
#3921 = ORIENTED_EDGE ( 'NONE', *, *, #1424, .F. ) ;
#3922 = DIRECTION ( 'NONE',  ( -1.000000000000000000, 0.000000000000000000, 0.000000000000000000 ) ) ;
#3923 = ORIENTED_EDGE ( 'NONE', *, *, #928, .F. ) ;
#3924 = PLANE ( 'NONE',  #4344 ) ;
#3925 = LINE ( 'NONE', #869, #2487 ) ;
#3926 = CARTESIAN_POINT ( 'NONE',  ( 3.270201394830387631, 8.273501444959650897, 19.76999999999999957 ) ) ;
#3927 = VECTOR ( 'NONE', #4161, 1000.000000000000114 ) ;
#3928 = EDGE_CURVE ( 'NONE', #569, #1404, #516, .T. ) ;
#3929 = ORIENTED_EDGE ( 'NONE', *, *, #4151, .F. ) ;
#3930 = ORIENTED_EDGE ( 'NONE', *, *, #928, .T. ) ;
#3931 = VERTEX_POINT ( 'NONE', #875 ) ;
#3932 = DIRECTION ( 'NONE',  ( 0.9776261689193032067, -0.2103498843455020306, 0.000000000000000000 ) ) ;
#3933 = EDGE_CURVE ( 'NONE', #4257, #3548, #1480, .T. ) ;
#3934 = EDGE_CURVE ( 'NONE', #4114, #2757, #4148, .T. ) ;
#3935 = FACE_OUTER_BOUND ( 'NONE', #1582, .T. ) ;
#3936 = LINE ( 'NONE', #923, #2072 ) ;
#3937 = DIRECTION ( 'NONE',  ( -0.8954899246573065907, -0.4450817844365812515, -0.000000000000000000 ) ) ;
#3938 = LINE ( 'NONE', #3566, #3216 ) ;
#3939 = ORIENTED_EDGE ( 'NONE', *, *, #4236, .T. ) ;
#3940 = CARTESIAN_POINT ( 'NONE',  ( 0.000000000000000000, 0.000000000000000000, 19.76999999999999957 ) ) ;
#3941 = EDGE_LOOP ( 'NONE', ( #1515, #1103 ) ) ;
#3942 = ORIENTED_EDGE ( 'NONE', *, *, #3393, .F. ) ;
#3943 = AXIS2_PLACEMENT_3D ( 'NONE', #31, #1671, #1340 ) ;
#3944 = EDGE_LOOP ( 'NONE', ( #224, #3013, #2170, #482 ) ) ;
#3945 = DIRECTION ( 'NONE',  ( -0.000000000000000000, -1.000000000000000000, -0.000000000000000000 ) ) ;
#3946 = CARTESIAN_POINT ( 'NONE',  ( 7.338379221564918176, 5.029237886897400145, 25.45808833122222836 ) ) ;
#3947 = CARTESIAN_POINT ( 'NONE',  ( 2.601697372106578143, 8.507421119615139915, 19.76999999999999957 ) ) ;
#3948 = LINE ( 'NONE', #2289, #1630 ) ;
#3949 = VERTEX_POINT ( 'NONE', #943 ) ;
#3950 = ORIENTED_EDGE ( 'NONE', *, *, #3471, .F. ) ;
#3951 = EDGE_LOOP ( 'NONE', ( #2952, #4245, #306, #882 ) ) ;
#3952 = LINE ( 'NONE', #2316, #1760 ) ;
#3953 = CARTESIAN_POINT ( 'NONE',  ( 7.338379221564887089, -5.029237886897449883, 23.83399999999999963 ) ) ;
#3954 = DIRECTION ( 'NONE',  ( 0.000000000000000000, 0.000000000000000000, 1.000000000000000000 ) ) ;
#3955 = VECTOR ( 'NONE', #526, 1000.000000000000227 ) ;
#3956 = EDGE_CURVE ( 'NONE', #272, #1207, #1975, .T. ) ;
#3957 = LINE ( 'NONE', #278, #3572 ) ;
#3958 = DIRECTION ( 'NONE',  ( -0.7739981082662240608, 0.6331879092341440307, 0.000000000000000000 ) ) ;
#3959 = AXIS2_PLACEMENT_3D ( 'NONE', #148, #3191, #2164 ) ;
#3960 = ORIENTED_EDGE ( 'NONE', *, *, #807, .T. ) ;
#3961 = DIRECTION ( 'NONE',  ( 0.000000000000000000, 0.000000000000000000, 1.000000000000000000 ) ) ;
#3962 = ORIENTED_EDGE ( 'NONE', *, *, #2604, .T. ) ;
#3963 = CIRCLE ( 'NONE', #488, 8.896349999999999980 ) ;
#3964 = ORIENTED_EDGE ( 'NONE', *, *, #2410, .F. ) ;
#3965 = AXIS2_PLACEMENT_3D ( 'NONE', #1957, #947, #3318 ) ;
#3966 = EDGE_CURVE ( 'NONE', #89, #1453, #2295, .T. ) ;
#3967 = EDGE_CURVE ( 'NONE', #3037, #388, #3648, .T. ) ;
#3968 = VERTEX_POINT ( 'NONE', #3295 ) ;
#3969 = LINE ( 'NONE', #2861, #1095 ) ;
#3970 = AXIS2_PLACEMENT_3D ( 'NONE', #1142, #1758, #1798 ) ;
#3971 = EDGE_CURVE ( 'NONE', #206, #2409, #1297, .T. ) ;
#3972 = CARTESIAN_POINT ( 'NONE',  ( 11.36649999999999849, 1.391994784250838806E-15, 19.13499999999999801 ) ) ;
#3973 = CARTESIAN_POINT ( 'NONE',  ( 0.000000000000000000, 0.000000000000000000, 23.83399999999999963 ) ) ;
#3974 = CLOSED_SHELL ( 'NONE', ( #4179, #2543, #1687, #1263, #3467, #3045, #3169, #54, #2725, #1054, #1145, #3857, #873, #3908, #3504, #3725, #2441, #2228, #3666, #2297, #2992, #2424, #2165, #1962, #3646, #573, #2529, #2018, #2294, #1896, #3305, #2855, #1981, #1570, #3218, #2090, #1460, #4323, #2676, #3534, #784, #493, #251, #3645, #3178, #3128, #182, #2667, #3690, #544, #2210, #3017, #2653, #965, #3145, #3635, #2471, #4065, #4289, #689, #1187, #261, #909, #3217, #3595, #1373, #641, #1112, #651, #762, #1813, #2394, #1576, #3015, #2065, #1398, #1164, #4049, #3720, #175, #354, #3215, #4324, #440, #311, #2057, #2613, #133, #683, #3415, #3186, #2800, #3792, #2506, #132, #770, #4376, #519, #3530, #3505, #769, #4096, #768, #2932, #2943, #2486, #907, #1938, #2854, #3686, #2033, #2474, #8, #290, #4095, #2356, #1519, #1372, #4172, #3596, #2687, #2955, #3323, #2202, #1368, #818, #1682, #3036, #867, #717, #4276, #2743, #4107, #1042, #2387 ) ) ;
#3975 = CARTESIAN_POINT ( 'NONE',  ( -6.035280021597921873, -6.536087391046809358, 23.83399999999999963 ) ) ;
#3976 = ORIENTED_EDGE ( 'NONE', *, *, #3347, .F. ) ;
#3977 = EDGE_LOOP ( 'NONE', ( #895, #310, #1863, #1535 ) ) ;
#3978 = CARTESIAN_POINT ( 'NONE',  ( -7.260732802594982438, 3.874025726466119757, 25.38015917909807584 ) ) ;
#3979 = CARTESIAN_POINT ( 'NONE',  ( 0.000000000000000000, 0.000000000000000000, 23.83399999999999963 ) ) ;
#3980 = CARTESIAN_POINT ( 'NONE',  ( 0.6433880940203695609, -8.873054439310790187, 25.28650512035034126 ) ) ;
#3981 = CARTESIAN_POINT ( 'NONE',  ( 0.3400626758755104229, 8.222570980932689011, 25.28650512035034126 ) ) ;
#3982 = AXIS2_PLACEMENT_3D ( 'NONE', #435, #2140, #3846 ) ;
#3983 = LINE ( 'NONE', #2935, #2652 ) ;
#3984 = CARTESIAN_POINT ( 'NONE',  ( 5.029237886897427678, 7.338379221564909294, 19.76999999999999957 ) ) ;
#3985 = CIRCLE ( 'NONE', #1573, 1.999999999999999556 ) ;
#3986 = ORIENTED_EDGE ( 'NONE', *, *, #1966, .T. ) ;
#3987 = CARTESIAN_POINT ( 'NONE',  ( 3.874025726466038044, 7.260732802595020630, 25.38015917909807584 ) ) ;
#3988 = VERTEX_POINT ( 'NONE', #4002 ) ;
#3989 = AXIS2_PLACEMENT_3D ( 'NONE', #3097, #60, #1701 ) ;
#3990 = VECTOR ( 'NONE', #4238, 1000.000000000000000 ) ;
#3991 = EDGE_CURVE ( 'NONE', #4079, #1777, #273, .T. ) ;
#3992 = EDGE_LOOP ( 'NONE', ( #2381, #1130, #1454, #1818 ) ) ;
#3993 = ORIENTED_EDGE ( 'NONE', *, *, #3141, .T. ) ;
#3994 = CIRCLE ( 'NONE', #3776, 8.896349999999999980 ) ;
#3995 = AXIS2_PLACEMENT_3D ( 'NONE', #692, #3710, #2713 ) ;
#3996 = CARTESIAN_POINT ( 'NONE',  ( -0.3400626758755173618, 8.222570980932689011, 25.28650512035034126 ) ) ;
#3997 = DIRECTION ( 'NONE',  ( 1.000000000000000000, 0.000000000000000000, 0.000000000000000000 ) ) ;
#3998 = CARTESIAN_POINT ( 'NONE',  ( 8.222570980932687235, -0.3400626758755433965, 25.28650512035034126 ) ) ;
#3999 = VERTEX_POINT ( 'NONE', #3003 ) ;
#4000 = EDGE_LOOP ( 'NONE', ( #3124, #765, #597, #1861 ) ) ;
#4001 = EDGE_CURVE ( 'NONE', #498, #3548, #607, .T. ) ;
#4002 = CARTESIAN_POINT ( 'NONE',  ( 6.640690470122388334, 4.860817445659290748, 19.76999999999999957 ) ) ;
#4003 = FACE_OUTER_BOUND ( 'NONE', #4174, .T. ) ;
#4004 = EDGE_CURVE ( 'NONE', #2633, #2594, #1955, .T. ) ;
#4005 = EDGE_CURVE ( 'NONE', #3432, #4297, #3952, .T. ) ;
#4006 = CARTESIAN_POINT ( 'NONE',  ( 7.338379221564887089, -5.029237886897449883, 19.76999999999999957 ) ) ;
#4007 = LINE ( 'NONE', #3981, #1607 ) ;
#4008 = CARTESIAN_POINT ( 'NONE',  ( 7.940742894968048304, -2.161230768801539970, 25.35104857481265839 ) ) ;
#4009 = LINE ( 'NONE', #3693, #1431 ) ;
#4010 = ORIENTED_EDGE ( 'NONE', *, *, #3719, .T. ) ;
#4011 = DIRECTION ( 'NONE',  ( 0.7739981082662198419, -0.6331879092341490267, 0.000000000000000000 ) ) ;
#4012 = VERTEX_POINT ( 'NONE', #228 ) ;
#4013 = VERTEX_POINT ( 'NONE', #2669 ) ;
#4014 = EDGE_LOOP ( 'NONE', ( #4160, #463, #2536, #4343 ) ) ;
#4015 = EDGE_CURVE ( 'NONE', #2678, #4136, #3963, .T. ) ;
#4016 = EDGE_CURVE ( 'NONE', #1172, #2493, #3604, .T. ) ;
#4017 = LINE ( 'NONE', #601, #1119 ) ;
#4018 = FACE_OUTER_BOUND ( 'NONE', #2660, .T. ) ;
#4019 = DIRECTION ( 'NONE',  ( 0.000000000000000000, 0.000000000000000000, -1.000000000000000000 ) ) ;
#4020 = EDGE_LOOP ( 'NONE', ( #3556, #1724, #247, #4267 ) ) ;
#4021 = ORIENTED_EDGE ( 'NONE', *, *, #2298, .T. ) ;
#4022 = DIRECTION ( 'NONE',  ( 1.000000000000000000, 0.000000000000000000, 0.000000000000000000 ) ) ;
#4023 = DIRECTION ( 'NONE',  ( 0.2225209339563250788, 0.9749279121818212879, 0.000000000000000000 ) ) ;
#4024 = DIRECTION ( 'NONE',  ( -0.9063077870366498257, -0.4226182617406998854, -0.000000000000000000 ) ) ;
#4025 = PLANE ( 'NONE',  #2951 ) ;
#4026 = LINE ( 'NONE', #2320, #2224 ) ;
#4027 = CARTESIAN_POINT ( 'NONE',  ( 8.507421119615127481, -2.601697372106609230, 23.83399999999999963 ) ) ;
#4028 = EDGE_LOOP ( 'NONE', ( #3000, #1797, #3964, #2370 ) ) ;
#4029 = CARTESIAN_POINT ( 'NONE',  ( -2.601697372106470674, 8.507421119615180771, 25.35104857481265128 ) ) ;
#4030 = ORIENTED_EDGE ( 'NONE', *, *, #3775, .F. ) ;
#4031 = ORIENTED_EDGE ( 'NONE', *, *, #910, .T. ) ;
#4032 = CARTESIAN_POINT ( 'NONE',  ( -8.873054439310800845, -0.6433880940202758580, 19.76999999999999957 ) ) ;
#4033 = AXIS2_PLACEMENT_3D ( 'NONE', #3041, #2021, #1379 ) ;
#4034 = VECTOR ( 'NONE', #282, 1000.000000000000114 ) ;
#4035 = VECTOR ( 'NONE', #2432, 1000.000000000000000 ) ;
#4036 = ORIENTED_EDGE ( 'NONE', *, *, #1739, .T. ) ;
#4037 = DIRECTION ( 'NONE',  ( 0.000000000000000000, 0.000000000000000000, 1.000000000000000000 ) ) ;
#4038 = ORIENTED_EDGE ( 'NONE', *, *, #2074, .F. ) ;
#4039 = DIRECTION ( 'NONE',  ( 1.000000000000000000, 0.000000000000000000, 0.000000000000000000 ) ) ;
#4040 = CARTESIAN_POINT ( 'NONE',  ( -8.273501444959620699, 3.270201394830481334, 23.83399999999999963 ) ) ;
#4041 = CARTESIAN_POINT ( 'NONE',  ( 6.035280021597878353, 6.536087391046850215, 23.83399999999999963 ) ) ;
#4042 = DIRECTION ( 'NONE',  ( 0.000000000000000000, 0.000000000000000000, -1.000000000000000000 ) ) ;
#4043 = CARTESIAN_POINT ( 'NONE',  ( -4.429546680213301890, -7.715190181085060495, 25.38015917909807584 ) ) ;
#4044 = CARTESIAN_POINT ( 'NONE',  ( -7.338379221564852450, 5.029237886897500509, 25.45808833122222836 ) ) ;
#4045 = EDGE_LOOP ( 'NONE', ( #2700, #1346, #411, #3241 ) ) ;
#4046 = LINE ( 'NONE', #34, #1830 ) ;
#4047 = ORIENTED_EDGE ( 'NONE', *, *, #2346, .F. ) ;
#4048 = EDGE_CURVE ( 'NONE', #1756, #2994, #1583, .T. ) ;
#4049 = ADVANCED_FACE ( 'NONE', ( #967 ), #1602, .T. ) ;
#4050 = AXIS2_PLACEMENT_3D ( 'NONE', #3562, #1538, #1865 ) ;
#4051 = EDGE_LOOP ( 'NONE', ( #557, #3420, #1667, #4205 ) ) ;
#4052 = CIRCLE ( 'NONE', #2133, 8.896349999999999980 ) ;
#4053 = ORIENTED_EDGE ( 'NONE', *, *, #3822, .F. ) ;
#4054 = EDGE_CURVE ( 'NONE', #2592, #2545, #207, .T. ) ;
#4055 = EDGE_CURVE ( 'NONE', #3767, #647, #2188, .T. ) ;
#4056 = VECTOR ( 'NONE', #2209, 1000.000000000000000 ) ;
#4057 = CARTESIAN_POINT ( 'NONE',  ( -8.873054439310781305, 0.6433880940204614873, 23.83399999999999963 ) ) ;
#4058 = VERTEX_POINT ( 'NONE', #4305 ) ;
#4059 = CARTESIAN_POINT ( 'NONE',  ( 0.000000000000000000, 0.000000000000000000, 0.000000000000000000 ) ) ;
#4060 = VERTEX_POINT ( 'NONE', #4259 ) ;
#4061 = CARTESIAN_POINT ( 'NONE',  ( 0.6433880940203661192, 8.873054439310788410, 19.76999999999999957 ) ) ;
#4062 = CIRCLE ( 'NONE', #238, 8.896349999999999980 ) ;
#4063 = CARTESIAN_POINT ( 'NONE',  ( -0.3400626758755173618, 8.222570980932689011, 19.76999999999999957 ) ) ;
#4064 = DIRECTION ( 'NONE',  ( 0.000000000000000000, 0.000000000000000000, -1.000000000000000000 ) ) ;
#4065 = ADVANCED_FACE ( 'NONE', ( #1224 ), #2596, .T. ) ;
#4066 = DIRECTION ( 'NONE',  ( -1.000000000000000000, 0.000000000000000000, 0.000000000000000000 ) ) ;
#4067 = EDGE_CURVE ( 'NONE', #1886, #4362, #2272, .T. ) ;
#4068 = CARTESIAN_POINT ( 'NONE',  ( -1.498157579597012790, -8.092085023447051384, 23.83399999999999963 ) ) ;
#4069 = EDGE_LOOP ( 'NONE', ( #2082, #3034, #726, #329 ) ) ;
#4070 = CARTESIAN_POINT ( 'NONE',  ( -7.555828133281361936, 3.261253958267261055, 25.38015917909807584 ) ) ;
#4071 = ORIENTED_EDGE ( 'NONE', *, *, #838, .T. ) ;
#4072 = AXIS2_PLACEMENT_3D ( 'NONE', #2900, #1241, #2540 ) ;
#4073 = DIRECTION ( 'NONE',  ( -0.7818314824680248076, 0.6234898018587399227, 0.000000000000000000 ) ) ;
#4074 = EDGE_LOOP ( 'NONE', ( #3350, #3601, #1803, #1593 ) ) ;
#4075 = ORIENTED_EDGE ( 'NONE', *, *, #1284, .F. ) ;
#4076 = CARTESIAN_POINT ( 'NONE',  ( -6.536087391046913275, -6.035280021597810851, 23.83399999999999963 ) ) ;
#4077 = ORIENTED_EDGE ( 'NONE', *, *, #257, .F. ) ;
#4078 = DIRECTION ( 'NONE',  ( 0.000000000000000000, 0.000000000000000000, 1.000000000000000000 ) ) ;
#4079 = VERTEX_POINT ( 'NONE', #1270 ) ;
#4080 = LINE ( 'NONE', #2373, #919 ) ;
#4081 = EDGE_CURVE ( 'NONE', #3369, #3888, #2622, .T. ) ;
#4082 = DIRECTION ( 'NONE',  ( 0.6136947947920502466, 0.7895433483002332054, 0.000000000000000000 ) ) ;
#4083 = CARTESIAN_POINT ( 'NONE',  ( -8.222570980932690787, 0.3400626758756006285, 23.83399999999999963 ) ) ;
#4084 = VECTOR ( 'NONE', #4042, 1000.000000000000000 ) ;
#4085 = MANIFOLD_SOLID_BREP ( 'Boss-Extrude3', #3974 ) ;
#4086 = PLANE ( 'NONE',  #1229 ) ;
#4087 = DIRECTION ( 'NONE',  ( 0.000000000000000000, 0.000000000000000000, 1.000000000000000000 ) ) ;
#4088 = CARTESIAN_POINT ( 'NONE',  ( 1.498157579596960609, 8.092085023447060266, 23.83399999999999963 ) ) ;
#4089 = ORIENTED_EDGE ( 'NONE', *, *, #2111, .T. ) ;
#4090 = CARTESIAN_POINT ( 'NONE',  ( -8.873054439310781305, 0.6433880940204614873, 25.28650512035034126 ) ) ;
#4091 = VERTEX_POINT ( 'NONE', #3063 ) ;
#4092 = ORIENTED_EDGE ( 'NONE', *, *, #2522, .F. ) ;
#4093 = DIRECTION ( 'NONE',  ( 0.4338837391175681124, 0.9009688679024143720, 0.000000000000000000 ) ) ;
#4094 = ORIENTED_EDGE ( 'NONE', *, *, #3552, .F. ) ;
#4095 = ADVANCED_FACE ( 'NONE', ( #1064 ), #1023, .T. ) ;
#4096 = ADVANCED_FACE ( 'NONE', ( #1088, #1045 ), #2354, .F. ) ;
#4097 =( GEOMETRIC_REPRESENTATION_CONTEXT ( 3 ) GLOBAL_UNCERTAINTY_ASSIGNED_CONTEXT ( ( #2530 ) ) GLOBAL_UNIT_ASSIGNED_CONTEXT ( ( #1725, #3441, #3844 ) ) REPRESENTATION_CONTEXT ( 'NONE', 'WORKASPACE' ) );
#4098 = ORIENTED_EDGE ( 'NONE', *, *, #2632, .F. ) ;
#4099 = CARTESIAN_POINT ( 'NONE',  ( -8.793755758770698705, 1.347183349654829554, 23.83399999999999963 ) ) ;
#4100 = VERTEX_POINT ( 'NONE', #3705 ) ;
#4101 = VECTOR ( 'NONE', #2909, 1000.000000000000227 ) ;
#4102 = CARTESIAN_POINT ( 'NONE',  ( 0.000000000000000000, 0.000000000000000000, 19.76999999999999957 ) ) ;
#4103 = VECTOR ( 'NONE', #576, 1000.000000000000000 ) ;
#4104 = CIRCLE ( 'NONE', #212, 8.896349999999999980 ) ;
#4105 = CYLINDRICAL_SURFACE ( 'NONE', #1772, 8.896349999999999980 ) ;
#4106 = CARTESIAN_POINT ( 'NONE',  ( -2.000000000000000000, 2.449293598294706414E-16, 0.000000000000000000 ) ) ;
#4107 = ADVANCED_FACE ( 'NONE', ( #1337 ), #1901, .T. ) ;
#4108 = PLANE ( 'NONE',  #1662 ) ;
#4109 = CARTESIAN_POINT ( 'NONE',  ( 0.000000000000000000, 0.000000000000000000, 0.000000000000000000 ) ) ;
#4110 = DIRECTION ( 'NONE',  ( 0.000000000000000000, 0.000000000000000000, -1.000000000000000000 ) ) ;
#4111 = VECTOR ( 'NONE', #3417, 1000.000000000000114 ) ;
#4112 = ORIENTED_EDGE ( 'NONE', *, *, #1563, .T. ) ;
#4113 = CARTESIAN_POINT ( 'NONE',  ( -6.216639249320081717, -5.392560857682838993, 25.45808833122222836 ) ) ;
#4114 = VERTEX_POINT ( 'NONE', #1397 ) ;
#4115 = VERTEX_POINT ( 'NONE', #3359 ) ;
#4116 = PLANE ( 'NONE',  #2542 ) ;
#4117 = FACE_OUTER_BOUND ( 'NONE', #1952, .T. ) ;
#4118 = AXIS2_PLACEMENT_3D ( 'NONE', #3571, #127, #3872 ) ;
#4119 = EDGE_CURVE ( 'NONE', #594, #348, #66, .T. ) ;
#4120 = VECTOR ( 'NONE', #2242, 1000.000000000000000 ) ;
#4121 = CARTESIAN_POINT ( 'NONE',  ( 0.3400626758755104229, 8.222570980932689011, 23.83399999999999963 ) ) ;
#4122 = EDGE_CURVE ( 'NONE', #2085, #4079, #1822, .T. ) ;
#4123 = VECTOR ( 'NONE', #1427, 1000.000000000000000 ) ;
#4124 = VERTEX_POINT ( 'NONE', #4061 ) ;
#4125 = DIRECTION ( 'NONE',  ( 0.000000000000000000, 0.000000000000000000, -1.000000000000000000 ) ) ;
#4126 = EDGE_LOOP ( 'NONE', ( #4353, #2236, #2449, #1236 ) ) ;
#4127 = AXIS2_PLACEMENT_3D ( 'NONE', #277, #562, #3954 ) ;
#4128 = LINE ( 'NONE', #3462, #3699 ) ;
#4129 = CARTESIAN_POINT ( 'NONE',  ( -8.092085023447083358, -1.498157579596870459, 19.76999999999999957 ) ) ;
#4130 = AXIS2_PLACEMENT_3D ( 'NONE', #1794, #2580, #1521 ) ;
#4131 = DIRECTION ( 'NONE',  ( 0.000000000000000000, 0.000000000000000000, -1.000000000000000000 ) ) ;
#4132 = LINE ( 'NONE', #73, #4123 ) ;
#4133 = AXIS2_PLACEMENT_3D ( 'NONE', #3752, #715, #4131 ) ;
#4134 = CARTESIAN_POINT ( 'NONE',  ( 0.000000000000000000, 0.000000000000000000, 49.44569045728920287 ) ) ;
#4135 = DIRECTION ( 'NONE',  ( 1.000000000000000000, 0.000000000000000000, 0.000000000000000000 ) ) ;
#4136 = VERTEX_POINT ( 'NONE', #2730 ) ;
#4137 = ORIENTED_EDGE ( 'NONE', *, *, #1333, .F. ) ;
#4138 = VECTOR ( 'NONE', #4186, 1000.000000000000000 ) ;
#4139 = CARTESIAN_POINT ( 'NONE',  ( 0.3400626758755104229, 8.222570980932689011, 19.76999999999999957 ) ) ;
#4140 = DIRECTION ( 'NONE',  ( 0.9749279121818243965, 0.2225209339563111177, 0.000000000000000000 ) ) ;
#4141 = CARTESIAN_POINT ( 'NONE',  ( 0.000000000000000000, 0.000000000000000000, 49.44569045728920287 ) ) ;
#4142 = ORIENTED_EDGE ( 'NONE', *, *, #1807, .T. ) ;
#4143 = LINE ( 'NONE', #3460, #3927 ) ;
#4144 = EDGE_CURVE ( 'NONE', #1022, #1212, #3330, .T. ) ;
#4145 = ORIENTED_EDGE ( 'NONE', *, *, #3853, .T. ) ;
#4146 = CARTESIAN_POINT ( 'NONE',  ( -3.261253958267231745, -7.555828133281379699, 19.76999999999999957 ) ) ;
#4147 = DIRECTION ( 'NONE',  ( 0.000000000000000000, 0.000000000000000000, -1.000000000000000000 ) ) ;
#4148 = LINE ( 'NONE', #2459, #3883 ) ;
#4149 = DIRECTION ( 'NONE',  ( 1.000000000000000000, 0.000000000000000000, 0.000000000000000000 ) ) ;
#4150 = DIRECTION ( 'NONE',  ( 0.000000000000000000, 0.000000000000000000, 1.000000000000000000 ) ) ;
#4151 = EDGE_CURVE ( 'NONE', #3592, #3391, #4080, .T. ) ;
#4152 = LINE ( 'NONE', #3736, #561 ) ;
#4153 = DIRECTION ( 'NONE',  ( 0.000000000000000000, 0.000000000000000000, 1.000000000000000000 ) ) ;
#4154 = ORIENTED_EDGE ( 'NONE', *, *, #393, .T. ) ;
#4155 = ORIENTED_EDGE ( 'NONE', *, *, #3456, .T. ) ;
#4156 = LINE ( 'NONE', #2161, #4035 ) ;
#4157 = LINE ( 'NONE', #432, #3061 ) ;
#4158 = DIRECTION ( 'NONE',  ( 0.000000000000000000, 0.000000000000000000, 1.000000000000000000 ) ) ;
#4159 = AXIS2_PLACEMENT_3D ( 'NONE', #1970, #890, #2241 ) ;
#4160 = ORIENTED_EDGE ( 'NONE', *, *, #4228, .T. ) ;
#4161 = DIRECTION ( 'NONE',  ( 0.4338837391175681124, 0.9009688679024143720, 0.000000000000000000 ) ) ;
#4162 = ORIENTED_EDGE ( 'NONE', *, *, #3652, .T. ) ;
#4163 = DIRECTION ( 'NONE',  ( 0.4338837391175528468, -0.9009688679024216995, 0.000000000000000000 ) ) ;
#4164 = CARTESIAN_POINT ( 'NONE',  ( 0.3400626758755104229, -8.222570980932690787, 19.76999999999999957 ) ) ;
#4165 = CARTESIAN_POINT ( 'NONE',  ( 0.6433880940203661192, 8.873054439310788410, 23.83399999999999963 ) ) ;
#4166 = AXIS2_PLACEMENT_3D ( 'NONE', #920, #3932, #896 ) ;
#4167 = DIRECTION ( 'NONE',  ( 0.000000000000000000, 0.000000000000000000, 1.000000000000000000 ) ) ;
#4168 = CIRCLE ( 'NONE', #419, 8.896349999999999980 ) ;
#4169 = CARTESIAN_POINT ( 'NONE',  ( 3.874025726465987862, -7.260732802595048163, 19.76999999999999957 ) ) ;
#4170 = CIRCLE ( 'NONE', #997, 8.896349999999999980 ) ;
#4171 = LINE ( 'NONE', #2870, #166 ) ;
#4172 = ADVANCED_FACE ( 'NONE', ( #2061 ), #3727, .T. ) ;
#4173 = DIRECTION ( 'NONE',  ( 0.000000000000000000, 0.000000000000000000, 1.000000000000000000 ) ) ;
#4174 = EDGE_LOOP ( 'NONE', ( #3893, #1330, #3942, #2505 ) ) ;
#4175 = EDGE_LOOP ( 'NONE', ( #3580, #352, #4346, #2454 ) ) ;
#4176 = CARTESIAN_POINT ( 'NONE',  ( -7.715190181085053389, 4.429546680213331200, 23.83399999999999963 ) ) ;
#4177 = PLANE ( 'NONE',  #375 ) ;
#4178 = EDGE_CURVE ( 'NONE', #4297, #2757, #2968, .T. ) ;
#4179 = ADVANCED_FACE ( 'NONE', ( #1003 ), #3747, .T. ) ;
#4180 = EDGE_CURVE ( 'NONE', #131, #3083, #3105, .T. ) ;
#4181 = EDGE_CURVE ( 'NONE', #1664, #3500, #477, .T. ) ;
#4182 = ORIENTED_EDGE ( 'NONE', *, *, #1111, .F. ) ;
#4183 = EDGE_CURVE ( 'NONE', #3643, #1238, #2052, .T. ) ;
#4184 = CARTESIAN_POINT ( 'NONE',  ( -2.000000000000000000, 2.449293598294706414E-16, 0.000000000000000000 ) ) ;
#4185 = VERTEX_POINT ( 'NONE', #2759 ) ;
#4186 = DIRECTION ( 'NONE',  ( 0.000000000000000000, 0.000000000000000000, -1.000000000000000000 ) ) ;
#4187 = VERTEX_POINT ( 'NONE', #1388 ) ;
#4188 = AXIS2_PLACEMENT_3D ( 'NONE', #3803, #753, #2453 ) ;
#4189 = PLANE ( 'NONE',  #3741 ) ;
#4190 = LINE ( 'NONE', #1834, #3561 ) ;
#4191 = LINE ( 'NONE', #3508, #704 ) ;
#4192 = ORIENTED_EDGE ( 'NONE', *, *, #2258, .F. ) ;
#4193 = CIRCLE ( 'NONE', #3833, 11.50000000000000000 ) ;
#4194 = LINE ( 'NONE', #448, #2614 ) ;
#4195 = DIRECTION ( 'NONE',  ( 0.8954899246573008176, -0.4450817844365928533, 0.000000000000000000 ) ) ;
#4196 = EDGE_CURVE ( 'NONE', #776, #58, #3072, .T. ) ;
#4197 = EDGE_CURVE ( 'NONE', #3824, #4281, #369, .T. ) ;
#4198 = LINE ( 'NONE', #3911, #1084 ) ;
#4199 = VECTOR ( 'NONE', #786, 999.9999999999998863 ) ;
#4200 = PLANE ( 'NONE',  #1781 ) ;
#4201 = ORIENTED_EDGE ( 'NONE', *, *, #3125, .F. ) ;
#4202 = ORIENTED_EDGE ( 'NONE', *, *, #1173, .F. ) ;
#4203 = DIRECTION ( 'NONE',  ( 0.4226182617406989972, 0.9063077870366501587, 0.000000000000000000 ) ) ;
#4204 = DIRECTION ( 'NONE',  ( 0.000000000000000000, 0.000000000000000000, -1.000000000000000000 ) ) ;
#4205 = ORIENTED_EDGE ( 'NONE', *, *, #381, .F. ) ;
#4206 = LINE ( 'NONE', #3892, #370 ) ;
#4207 = ORIENTED_EDGE ( 'NONE', *, *, #1631, .T. ) ;
#4208 = LINE ( 'NONE', #3874, #3579 ) ;
#4209 = ORIENTED_EDGE ( 'NONE', *, *, #3913, .T. ) ;
#4210 = DIRECTION ( 'NONE',  ( -0.9999222924809747504, 0.01246631459541839432, 0.000000000000000000 ) ) ;
#4211 = CARTESIAN_POINT ( 'NONE',  ( -2.601697372106470674, 8.507421119615180771, 23.83399999999999963 ) ) ;
#4212 = DIRECTION ( 'NONE',  ( 0.000000000000000000, 0.000000000000000000, -1.000000000000000000 ) ) ;
#4213 = EDGE_LOOP ( 'NONE', ( #4354, #4112, #1256, #1678 ) ) ;
#4214 = EDGE_CURVE ( 'NONE', #3704, #1376, #427, .T. ) ;
#4215 = CARTESIAN_POINT ( 'NONE',  ( 0.000000000000000000, 0.000000000000000000, 0.000000000000000000 ) ) ;
#4216 = DIRECTION ( 'NONE',  ( 0.000000000000000000, 0.000000000000000000, -1.000000000000000000 ) ) ;
#4217 = FACE_OUTER_BOUND ( 'NONE', #3139, .T. ) ;
#4218 = FACE_OUTER_BOUND ( 'NONE', #1245, .T. ) ;
#4219 = ORIENTED_EDGE ( 'NONE', *, *, #1500, .F. ) ;
#4220 = CARTESIAN_POINT ( 'NONE',  ( 4.429546680213187315, -7.715190181085119114, 25.38015917909807584 ) ) ;
#4221 = CARTESIAN_POINT ( 'NONE',  ( -3.874025726466091779, -7.260732802594989543, 25.38015917909807584 ) ) ;
#4222 = VERTEX_POINT ( 'NONE', #2076 ) ;
#4223 = CARTESIAN_POINT ( 'NONE',  ( 8.092085023447047831, -1.498157579596979705, 25.35104857481265839 ) ) ;
#4224 = ORIENTED_EDGE ( 'NONE', *, *, #2360, .T. ) ;
#4225 = CARTESIAN_POINT ( 'NONE',  ( 8.873054439310786634, -0.6433880940203990928, 25.28650512035034126 ) ) ;
#4226 = ORIENTED_EDGE ( 'NONE', *, *, #1879, .F. ) ;
#4227 = EDGE_CURVE ( 'NONE', #1677, #2020, #4152, .T. ) ;
#4228 = EDGE_CURVE ( 'NONE', #3696, #567, #761, .T. ) ;
#4229 = DIRECTION ( 'NONE',  ( 0.000000000000000000, 0.000000000000000000, -1.000000000000000000 ) ) ;
#4230 = DIRECTION ( 'NONE',  ( 0.000000000000000000, 0.000000000000000000, -1.000000000000000000 ) ) ;
#4231 = LINE ( 'NONE', #2221, #4250 ) ;
#4232 = VERTEX_POINT ( 'NONE', #56 ) ;
#4233 = ORIENTED_EDGE ( 'NONE', *, *, #3089, .T. ) ;
#4234 = DIRECTION ( 'NONE',  ( 0.000000000000000000, 0.000000000000000000, -1.000000000000000000 ) ) ;
#4235 = LINE ( 'NONE', #3272, #720 ) ;
#4236 = EDGE_CURVE ( 'NONE', #108, #1404, #75, .T. ) ;
#4237 = STYLED_ITEM ( 'NONE', ( #48 ), #4085 ) ;
#4238 = DIRECTION ( 'NONE',  ( 0.000000000000000000, 0.000000000000000000, -1.000000000000000000 ) ) ;
#4239 = FACE_BOUND ( 'NONE', #815, .T. ) ;
#4240 = VECTOR ( 'NONE', #3903, 1000.000000000000114 ) ;
#4241 = LINE ( 'NONE', #1940, #2078 ) ;
#4242 = AXIS2_PLACEMENT_3D ( 'NONE', #3096, #981, #728 ) ;
#4243 = ORIENTED_EDGE ( 'NONE', *, *, #334, .F. ) ;
#4244 = CARTESIAN_POINT ( 'NONE',  ( -5.392560857682822117, 6.216639249320100369, 25.45808833122222836 ) ) ;
#4245 = ORIENTED_EDGE ( 'NONE', *, *, #2632, .T. ) ;
#4246 = CARTESIAN_POINT ( 'NONE',  ( 6.640690470122359024, -4.860817445659328939, 19.76999999999999957 ) ) ;
#4247 = EDGE_CURVE ( 'NONE', #2533, #186, #2383, .T. ) ;
#4248 = EDGE_LOOP ( 'NONE', ( #640, #830, #3160, #429 ) ) ;
#4249 = FACE_OUTER_BOUND ( 'NONE', #3879, .T. ) ;
#4250 = VECTOR ( 'NONE', #843, 1000.000000000000000 ) ;
#4251 = EDGE_CURVE ( 'NONE', #4012, #1334, #349, .T. ) ;
#4252 = ORIENTED_EDGE ( 'NONE', *, *, #2721, .F. ) ;
#4253 = DIRECTION ( 'NONE',  ( 0.6136947947920458057, -0.7895433483002366470, 0.000000000000000000 ) ) ;
#4254 = CARTESIAN_POINT ( 'NONE',  ( -8.507421119615173666, -2.601697372106499984, 19.76999999999999957 ) ) ;
#4255 = CARTESIAN_POINT ( 'NONE',  ( -8.507421119615120375, 2.601697372106670070, 19.76999999999999957 ) ) ;
#4256 = ORIENTED_EDGE ( 'NONE', *, *, #1174, .F. ) ;
#4257 = VERTEX_POINT ( 'NONE', #2801 ) ;
#4258 = VERTEX_POINT ( 'NONE', #2428 ) ;
#4259 = CARTESIAN_POINT ( 'NONE',  ( 7.715190181085077370, -4.429546680213270804, 19.76999999999999957 ) ) ;
#4260 = AXIS2_PLACEMENT_3D ( 'NONE', #3360, #3098, #1740 ) ;
#4261 = AXIS2_PLACEMENT_3D ( 'NONE', #1381, #2443, #1745 ) ;
#4262 = CARTESIAN_POINT ( 'NONE',  ( 8.873054439310786634, -0.6433880940203990928, 23.83399999999999963 ) ) ;
#4263 = CARTESIAN_POINT ( 'NONE',  ( 4.860817445659307623, 6.640690470122381228, 23.83399999999999963 ) ) ;
#4264 = AXIS2_PLACEMENT_3D ( 'NONE', #2798, #492, #1840 ) ;
#4265 = CARTESIAN_POINT ( 'NONE',  ( 2.601697372106578143, 8.507421119615139915, 23.83399999999999963 ) ) ;
#4266 = CARTESIAN_POINT ( 'NONE',  ( 0.000000000000000000, 0.000000000000000000, 19.76999999999999957 ) ) ;
#4267 = ORIENTED_EDGE ( 'NONE', *, *, #1363, .F. ) ;
#4268 = CARTESIAN_POINT ( 'NONE',  ( 0.000000000000000000, 0.000000000000000000, 23.83399999999999963 ) ) ;
#4269 = ORIENTED_EDGE ( 'NONE', *, *, #1097, .T. ) ;
#4270 = AXIS2_PLACEMENT_3D ( 'NONE', #451, #3585, #167 ) ;
#4271 = APPLICATION_CONTEXT ( 'automotive_design' ) ;
#4272 = EDGE_LOOP ( 'NONE', ( #2837, #9, #474, #4256 ) ) ;
#4273 = AXIS2_PLACEMENT_3D ( 'NONE', #119, #1304, #563 ) ;
#4274 = ORIENTED_EDGE ( 'NONE', *, *, #1549, .T. ) ;
#4275 = LINE ( 'NONE', #572, #528 ) ;
#4276 = ADVANCED_FACE ( 'NONE', ( #2781 ), #1753, .T. ) ;
#4277 = CARTESIAN_POINT ( 'NONE',  ( 4.429546680213249488, 7.715190181085091581, 19.76999999999999957 ) ) ;
#4278 = LINE ( 'NONE', #3831, #1646 ) ;
#4279 = LINE ( 'NONE', #3621, #2191 ) ;
#4280 = AXIS2_PLACEMENT_3D ( 'NONE', #686, #358, #294 ) ;
#4281 = VERTEX_POINT ( 'NONE', #3780 ) ;
#4282 = VERTEX_POINT ( 'NONE', #1715 ) ;
#4283 = ORIENTED_EDGE ( 'NONE', *, *, #2610, .F. ) ;
#4284 = DIRECTION ( 'NONE',  ( 0.000000000000000000, 0.000000000000000000, -1.000000000000000000 ) ) ;
#4285 = LINE ( 'NONE', #3296, #2704 ) ;
#4286 = CARTESIAN_POINT ( 'NONE',  ( -3.261253958267231745, -7.555828133281379699, 25.38015917909807584 ) ) ;
#4287 = CARTESIAN_POINT ( 'NONE',  ( 6.216639249320039973, 5.392560857682880737, 23.83399999999999963 ) ) ;
#4288 = ADVANCED_BREP_SHAPE_REPRESENTATION ( 'wheel_pulley', ( #4085, #3464 ), #772 ) ;
#4289 = ADVANCED_FACE ( 'NONE', ( #1099 ), #1052, .T. ) ;
#4290 = LINE ( 'NONE', #3629, #2923 ) ;
#4291 = EDGE_CURVE ( 'NONE', #2665, #3540, #1118, .T. ) ;
#4292 = ORIENTED_EDGE ( 'NONE', *, *, #3, .F. ) ;
#4293 = DIRECTION ( 'NONE',  ( 0.000000000000000000, 0.000000000000000000, 1.000000000000000000 ) ) ;
#4294 = ORIENTED_EDGE ( 'NONE', *, *, #3203, .T. ) ;
#4295 = ORIENTED_EDGE ( 'NONE', *, *, #599, .F. ) ;
#4296 = VECTOR ( 'NONE', #2571, 1000.000000000000000 ) ;
#4297 = VERTEX_POINT ( 'NONE', #409 ) ;
#4298 = DIRECTION ( 'NONE',  ( -0.4338837391175499603, 0.9009688679024230318, 0.000000000000000000 ) ) ;
#4299 = PLANE ( 'NONE',  #2848 ) ;
#4300 = DIRECTION ( 'NONE',  ( 0.000000000000000000, 0.000000000000000000, -1.000000000000000000 ) ) ;
#4301 = DIRECTION ( 'NONE',  ( 0.000000000000000000, 0.000000000000000000, -1.000000000000000000 ) ) ;
#4302 = ORIENTED_EDGE ( 'NONE', *, *, #1855, .T. ) ;
#4303 = VERTEX_POINT ( 'NONE', #2462 ) ;
#4304 = ORIENTED_EDGE ( 'NONE', *, *, #446, .F. ) ;
#4305 = CARTESIAN_POINT ( 'NONE',  ( 8.273501444959658002, 3.270201394830370312, 23.83399999999999963 ) ) ;
#4306 = DIRECTION ( 'NONE',  ( 0.000000000000000000, 0.000000000000000000, -1.000000000000000000 ) ) ;
#4307 = DIRECTION ( 'NONE',  ( 0.000000000000000000, 0.000000000000000000, 1.000000000000000000 ) ) ;
#4308 = PLANE ( 'NONE',  #2593 ) ;
#4309 = VECTOR ( 'NONE', #1618, 999.9999999999998863 ) ;
#4310 = CARTESIAN_POINT ( 'NONE',  ( 1.498157579596960609, 8.092085023447060266, 19.76999999999999957 ) ) ;
#4311 = DIRECTION ( 'NONE',  ( 1.000000000000000000, 0.000000000000000000, 0.000000000000000000 ) ) ;
#4312 = AXIS2_PLACEMENT_3D ( 'NONE', #2690, #3084, #2416 ) ;
#4313 = ORIENTED_EDGE ( 'NONE', *, *, #2163, .F. ) ;
#4314 = CARTESIAN_POINT ( 'NONE',  ( -8.873054439310800845, -0.6433880940202758580, 25.28650512035034126 ) ) ;
#4315 = EDGE_LOOP ( 'NONE', ( #1700, #3055, #2512, #295 ) ) ;
#4316 = EDGE_CURVE ( 'NONE', #3592, #2906, #3797, .T. ) ;
#4317 = VECTOR ( 'NONE', #1321, 1000.000000000000114 ) ;
#4318 = AXIS2_PLACEMENT_3D ( 'NONE', #160, #2504, #4212 ) ;
#4319 = ORIENTED_EDGE ( 'NONE', *, *, #3495, .F. ) ;
#4320 = VECTOR ( 'NONE', #4011, 999.9999999999998863 ) ;
#4321 = ORIENTED_EDGE ( 'NONE', *, *, #3131, .T. ) ;
#4322 = LINE ( 'NONE', #266, #1075 ) ;
#4323 = ADVANCED_FACE ( 'NONE', ( #3136 ), #97, .T. ) ;
#4324 = ADVANCED_FACE ( 'NONE', ( #3053 ), #18, .T. ) ;
#4325 = EDGE_CURVE ( 'NONE', #4091, #2378, #350, .T. ) ;
#4326 = CARTESIAN_POINT ( 'NONE',  ( -8.793755758770734232, -1.347183349654650808, 23.83399999999999963 ) ) ;
#4327 = DIRECTION ( 'NONE',  ( 0.6136947947920479152, 0.7895433483002349817, 0.000000000000000000 ) ) ;
#4328 = CARTESIAN_POINT ( 'NONE',  ( -7.338379221564959920, -5.029237886897349519, 23.83399999999999963 ) ) ;
#4329 = ORIENTED_EDGE ( 'NONE', *, *, #1043, .T. ) ;
#4330 = ORIENTED_EDGE ( 'NONE', *, *, #3755, .T. ) ;
#4331 = CARTESIAN_POINT ( 'NONE',  ( -8.793755758770734232, -1.347183349654650808, 25.35104857481265128 ) ) ;
#4332 = DIRECTION ( 'NONE',  ( 0.000000000000000000, 0.000000000000000000, -1.000000000000000000 ) ) ;
#4333 = CARTESIAN_POINT ( 'NONE',  ( 0.000000000000000000, 0.000000000000000000, 12.81039999999999779 ) ) ;
#4334 = FACE_OUTER_BOUND ( 'NONE', #4384, .T. ) ;
#4335 = CIRCLE ( 'NONE', #3828, 8.896349999999999980 ) ;
#4336 = CIRCLE ( 'NONE', #4242, 11.36650000000000027 ) ;
#4337 = LINE ( 'NONE', #1325, #740 ) ;
#4338 = DIRECTION ( 'NONE',  ( -1.000000000000000000, 0.000000000000000000, 0.000000000000000000 ) ) ;
#4339 = VECTOR ( 'NONE', #3028, 1000.000000000000227 ) ;
#4340 = ORIENTED_EDGE ( 'NONE', *, *, #362, .F. ) ;
#4341 = DIRECTION ( 'NONE',  ( 0.7739981082662198419, -0.6331879092341490267, 0.000000000000000000 ) ) ;
#4342 = EDGE_CURVE ( 'NONE', #3071, #1282, #2752, .T. ) ;
#4343 = ORIENTED_EDGE ( 'NONE', *, *, #684, .F. ) ;
#4344 = AXIS2_PLACEMENT_3D ( 'NONE', #4286, #3584, #1252 ) ;
#4345 = EDGE_CURVE ( 'NONE', #2100, #1153, #1754, .T. ) ;
#4346 = ORIENTED_EDGE ( 'NONE', *, *, #1558, .F. ) ;
#4347 = ORIENTED_EDGE ( 'NONE', *, *, #1235, .F. ) ;
#4348 = AXIS2_PLACEMENT_3D ( 'NONE', #1898, #2237, #3259 ) ;
#4349 = AXIS2_PLACEMENT_3D ( 'NONE', #2276, #327, #3628 ) ;
#4350 = DIRECTION ( 'NONE',  ( 0.000000000000000000, 1.000000000000000000, 0.000000000000000000 ) ) ;
#4351 = DIRECTION ( 'NONE',  ( 0.7895433483002405328, 0.6136947947920406987, 0.000000000000000000 ) ) ;
#4352 = CARTESIAN_POINT ( 'NONE',  ( -6.536087391046780937, 6.035280021597940525, 23.83399999999999963 ) ) ;
#4353 = ORIENTED_EDGE ( 'NONE', *, *, #2066, .F. ) ;
#4354 = ORIENTED_EDGE ( 'NONE', *, *, #2710, .T. ) ;
#4355 = DIRECTION ( 'NONE',  ( 0.000000000000000000, 0.000000000000000000, -1.000000000000000000 ) ) ;
#4356 = CARTESIAN_POINT ( 'NONE',  ( 7.940742894968048304, -2.161230768801539970, 19.76999999999999957 ) ) ;
#4357 = AXIS2_PLACEMENT_3D ( 'NONE', #4225, #3285, #2588 ) ;
#4358 = PLANE ( 'NONE',  #705 ) ;
#4359 = CARTESIAN_POINT ( 'NONE',  ( 2.161230768801460034, -7.940742894968068732, 19.76999999999999957 ) ) ;
#4360 = FACE_OUTER_BOUND ( 'NONE', #3841, .T. ) ;
#4361 = LINE ( 'NONE', #4027, #866 ) ;
#4362 = VERTEX_POINT ( 'NONE', #3511 ) ;
#4363 = FACE_OUTER_BOUND ( 'NONE', #2467, .T. ) ;
#4364 = ORIENTED_EDGE ( 'NONE', *, *, #1918, .T. ) ;
#4365 = ORIENTED_EDGE ( 'NONE', *, *, #4227, .T. ) ;
#4366 = DIRECTION ( 'NONE',  ( 0.000000000000000000, 0.000000000000000000, 1.000000000000000000 ) ) ;
#4367 = LINE ( 'NONE', #937, #1852 ) ;
#4368 = DIRECTION ( 'NONE',  ( 0.000000000000000000, 0.000000000000000000, 1.000000000000000000 ) ) ;
#4369 = ORIENTED_EDGE ( 'NONE', *, *, #494, .F. ) ;
#4370 = EDGE_CURVE ( 'NONE', #1150, #2899, #1406, .T. ) ;
#4371 = ORIENTED_EDGE ( 'NONE', *, *, #3141, .F. ) ;
#4372 = DIRECTION ( 'NONE',  ( -1.000000000000000000, 0.000000000000000000, 0.000000000000000000 ) ) ;
#4373 = PLANE ( 'NONE',  #2062 ) ;
#4374 = DIRECTION ( 'NONE',  ( -1.000000000000000000, 0.000000000000000000, 0.000000000000000000 ) ) ;
#4375 = PLANE ( 'NONE',  #1960 ) ;
#4376 = ADVANCED_FACE ( 'NONE', ( #406 ), #802, .T. ) ;
#4377 = CARTESIAN_POINT ( 'NONE',  ( 6.536087391046867978, 6.035280021597850819, 19.76999999999999957 ) ) ;
#4378 = EDGE_CURVE ( 'NONE', #2326, #3659, #3107, .T. ) ;
#4379 = EDGE_CURVE ( 'NONE', #3267, #2633, #3426, .T. ) ;
#4380 = DIRECTION ( 'NONE',  ( -0.7895433483002349817, 0.6136947947920479152, 0.000000000000000000 ) ) ;
#4381 = ORIENTED_EDGE ( 'NONE', *, *, #4379, .F. ) ;
#4382 = CARTESIAN_POINT ( 'NONE',  ( 4.000000000000000000, 0.000000000000000000, 0.000000000000000000 ) ) ;
#4383 = VERTEX_POINT ( 'NONE', #385 ) ;
#4384 = EDGE_LOOP ( 'NONE', ( #126, #2619, #1932, #2574 ) ) ;
#4385 = ORIENTED_EDGE ( 'NONE', *, *, #4055, .T. ) ;
ENDSEC;
END-ISO-10303-21;
