ISO-10303-21;
HEADER;
FILE_DESCRIPTION (( 'STEP AP214' ),
    '1' );
FILE_NAME ('2 hole mount.STEP',
    '2025-02-23T10:49:24',
    ( '' ),
    ( '' ),
    'SwSTEP 2.0',
    'SolidWorks 2023',
    '' );
FILE_SCHEMA (( 'AUTOMOTIVE_DESIGN' ));
ENDSEC;

DATA;
#1 = DIRECTION ( 'NONE',  ( -0.000000000000000000, -0.000000000000000000, 1.000000000000000000 ) ) ;
#2 = ORIENTED_EDGE ( 'NONE', *, *, #1809, .F. ) ;
#3 = FACE_OUTER_BOUND ( 'NONE', #1410, .T. ) ;
#4 = VERTEX_POINT ( 'NONE', #841 ) ;
#5 = VECTOR ( 'NONE', #1677, 1000.000000000000000 ) ;
#6 = CARTESIAN_POINT ( 'NONE',  ( -16.57499999999999574, 18.49999999999999645, -6.657999999999999474 ) ) ;
#7 = EDGE_CURVE ( 'NONE', #632, #1813, #433, .T. ) ;
#8 = ORIENTED_EDGE ( 'NONE', *, *, #475, .T. ) ;
#9 = CARTESIAN_POINT ( 'NONE',  ( 59.25000000000000000, 7.000000000000000000, -5.300000000000007816 ) ) ;
#10 = FACE_OUTER_BOUND ( 'NONE', #218, .T. ) ;
#11 = DIRECTION ( 'NONE',  ( 1.000000000000000000, 9.912705577010318647E-16, -0.000000000000000000 ) ) ;
#12 = ORIENTED_EDGE ( 'NONE', *, *, #962, .F. ) ;
#13 = DIRECTION ( 'NONE',  ( -1.000000000000000000, -0.000000000000000000, -0.000000000000000000 ) ) ;
#14 = ORIENTED_EDGE ( 'NONE', *, *, #1567, .T. ) ;
#15 = LINE ( 'NONE', #1552, #769 ) ;
#16 = EDGE_LOOP ( 'NONE', ( #949, #1167, #1269, #244 ) ) ;
#17 = DIRECTION ( 'NONE',  ( -1.000000000000000000, 0.000000000000000000, 0.000000000000000000 ) ) ;
#18 = EDGE_CURVE ( 'NONE', #834, #893, #1281, .T. ) ;
#19 = DIRECTION ( 'NONE',  ( -0.000000000000000000, -1.000000000000000000, -0.000000000000000000 ) ) ;
#20 = PLANE ( 'NONE',  #440 ) ;
#21 = ORIENTED_EDGE ( 'NONE', *, *, #990, .F. ) ;
#22 = DIRECTION ( 'NONE',  ( -0.000000000000000000, -1.000000000000000000, -0.000000000000000000 ) ) ;
#23 = AXIS2_PLACEMENT_3D ( 'NONE', #42, #1047, #1347 ) ;
#24 = ORIENTED_EDGE ( 'NONE', *, *, #1068, .F. ) ;
#25 = AXIS2_PLACEMENT_3D ( 'NONE', #1774, #1046, #478 ) ;
#26 = DIRECTION ( 'NONE',  ( -0.000000000000000000, 0.000000000000000000, -1.000000000000000000 ) ) ;
#27 = ORIENTED_EDGE ( 'NONE', *, *, #1792, .F. ) ;
#28 = DIRECTION ( 'NONE',  ( -0.000000000000000000, -0.000000000000000000, 1.000000000000000000 ) ) ;
#29 = DIRECTION ( 'NONE',  ( 0.000000000000000000, -0.000000000000000000, 1.000000000000000000 ) ) ;
#30 = EDGE_CURVE ( 'NONE', #1536, #1782, #1832, .T. ) ;
#31 = CARTESIAN_POINT ( 'NONE',  ( -18.07499999999999929, 20.49999999999999645, 1.257000000000002116 ) ) ;
#32 = EDGE_CURVE ( 'NONE', #562, #815, #206, .T. ) ;
#33 = VERTEX_POINT ( 'NONE', #1041 ) ;
#34 = LINE ( 'NONE', #170, #923 ) ;
#35 = ORIENTED_EDGE ( 'NONE', *, *, #674, .F. ) ;
#36 = LINE ( 'NONE', #1145, #1295 ) ;
#37 = VERTEX_POINT ( 'NONE', #1182 ) ;
#38 = AXIS2_PLACEMENT_3D ( 'NONE', #423, #957, #1520 ) ;
#39 = CARTESIAN_POINT ( 'NONE',  ( 59.25000000000000000, 1.000000000000017319, -9.699999999999992184 ) ) ;
#40 = CIRCLE ( 'NONE', #1393, 1.999999999999999556 ) ;
#41 = DIRECTION ( 'NONE',  ( -1.000000000000000000, -0.000000000000000000, -0.000000000000000000 ) ) ;
#42 = CARTESIAN_POINT ( 'NONE',  ( 5.749999999999998224, 7.000000000000000000, -7.500000000000000000 ) ) ;
#43 = DIRECTION ( 'NONE',  ( -0.000000000000000000, -0.000000000000000000, -1.000000000000000000 ) ) ;
#44 = EDGE_CURVE ( 'NONE', #33, #248, #489, .T. ) ;
#45 = CARTESIAN_POINT ( 'NONE',  ( -22.07499999999999574, 16.00000000000000000, 3.342000000000000526 ) ) ;
#46 = EDGE_LOOP ( 'NONE', ( #1237, #1616, #1712, #235 ) ) ;
#47 = ORIENTED_EDGE ( 'NONE', *, *, #916, .F. ) ;
#48 = CARTESIAN_POINT ( 'NONE',  ( -10.07499999999999396, 22.00000000000000000, -6.657999999999999474 ) ) ;
#49 = FACE_OUTER_BOUND ( 'NONE', #1352, .T. ) ;
#50 = CARTESIAN_POINT ( 'NONE',  ( -3.207263013298953420E-15, 19.99999999999999645, 3.342000000000000526 ) ) ;
#51 = DIRECTION ( 'NONE',  ( -9.912705577010318647E-16, 1.000000000000000000, 0.000000000000000000 ) ) ;
#52 = ORIENTED_EDGE ( 'NONE', *, *, #1396, .T. ) ;
#53 = ADVANCED_FACE ( 'NONE', ( #1197 ), #1023, .T. ) ;
#54 = VECTOR ( 'NONE', #683, 1000.000000000000000 ) ;
#55 = ORIENTED_EDGE ( 'NONE', *, *, #1466, .F. ) ;
#56 = VECTOR ( 'NONE', #66, 1000.000000000000000 ) ;
#57 = LINE ( 'NONE', #1481, #889 ) ;
#58 = CARTESIAN_POINT ( 'NONE',  ( 59.25000000000000000, 0.000000000000000000, -7.500000000000000000 ) ) ;
#59 = CARTESIAN_POINT ( 'NONE',  ( 5.749999999999998224, 1.000000000000010436, -9.699999999999997513 ) ) ;
#60 = ORIENTED_EDGE ( 'NONE', *, *, #179, .T. ) ;
#61 = EDGE_LOOP ( 'NONE', ( #329, #314, #941, #790 ) ) ;
#62 = EDGE_CURVE ( 'NONE', #1478, #615, #1034, .T. ) ;
#63 = DIRECTION ( 'NONE',  ( -1.000000000000000000, 0.000000000000000000, 0.000000000000000000 ) ) ;
#64 = VECTOR ( 'NONE', #282, 1000.000000000000000 ) ;
#65 = AXIS2_PLACEMENT_3D ( 'NONE', #970, #1240, #1259 ) ;
#66 = DIRECTION ( 'NONE',  ( -0.000000000000000000, -0.000000000000000000, -1.000000000000000000 ) ) ;
#67 = CIRCLE ( 'NONE', #96, 1.500000000000001332 ) ;
#68 = CARTESIAN_POINT ( 'NONE',  ( -11.57499999999999396, 22.00000000000000000, 3.342000000000000526 ) ) ;
#69 = LINE ( 'NONE', #199, #1513 ) ;
#70 = EDGE_LOOP ( 'NONE', ( #139, #1078, #1704, #164 ) ) ;
#71 = SHAPE_DEFINITION_REPRESENTATION ( #1348, #1407 ) ;
#72 = ORIENTED_EDGE ( 'NONE', *, *, #1432, .F. ) ;
#73 = PRODUCT ( '2 hole mount', '2 hole mount', '', ( #1623 ) ) ;
#74 = LINE ( 'NONE', #365, #650 ) ;
#75 = EDGE_CURVE ( 'NONE', #1099, #627, #1503, .T. ) ;
#76 = DIRECTION ( 'NONE',  ( -1.000000000000000000, 0.000000000000000000, 0.000000000000000000 ) ) ;
#77 = CARTESIAN_POINT ( 'NONE',  ( -9.379999999999997229, 22.00000000000000000, 1.257000000000001227 ) ) ;
#78 = CYLINDRICAL_SURFACE ( 'NONE', #534, 2.000000000000000000 ) ;
#79 = ORIENTED_EDGE ( 'NONE', *, *, #1528, .F. ) ;
#80 = ORIENTED_EDGE ( 'NONE', *, *, #1779, .F. ) ;
#81 = DIRECTION ( 'NONE',  ( -0.000000000000000000, -1.000000000000000000, -0.000000000000000000 ) ) ;
#82 = VECTOR ( 'NONE', #610, 1000.000000000000000 ) ;
#83 = DIRECTION ( 'NONE',  ( 1.000000000000000000, 9.912705577010318647E-16, -0.000000000000000000 ) ) ;
#84 = EDGE_CURVE ( 'NONE', #797, #1436, #890, .T. ) ;
#85 = DIRECTION ( 'NONE',  ( -0.000000000000000000, -1.000000000000000000, -0.000000000000000000 ) ) ;
#86 = CARTESIAN_POINT ( 'NONE',  ( -23.57499999999999929, 22.00000000000000000, 1.842000000000000748 ) ) ;
#87 = ADVANCED_FACE ( 'NONE', ( #1049 ), #1056, .F. ) ;
#88 = ORIENTED_EDGE ( 'NONE', *, *, #44, .T. ) ;
#89 = ORIENTED_EDGE ( 'NONE', *, *, #393, .F. ) ;
#90 = FACE_OUTER_BOUND ( 'NONE', #184, .T. ) ;
#91 = DIRECTION ( 'NONE',  ( 0.000000000000000000, -0.000000000000000000, 1.000000000000000000 ) ) ;
#92 = LINE ( 'NONE', #77, #1274 ) ;
#93 = VECTOR ( 'NONE', #1143, 1000.000000000000000 ) ;
#94 = EDGE_CURVE ( 'NONE', #823, #389, #1602, .T. ) ;
#95 = CARTESIAN_POINT ( 'NONE',  ( -23.57499999999999929, 16.00000000000000000, -4.573000000000000398 ) ) ;
#96 = AXIS2_PLACEMENT_3D ( 'NONE', #655, #1778, #977 ) ;
#97 = ORIENTED_EDGE ( 'NONE', *, *, #1068, .T. ) ;
#98 = EDGE_CURVE ( 'NONE', #1184, #498, #334, .T. ) ;
#99 = EDGE_LOOP ( 'NONE', ( #1218, #200 ) ) ;
#100 = SURFACE_STYLE_FILL_AREA ( #1385 ) ;
#101 = CYLINDRICAL_SURFACE ( 'NONE', #592, 2.199999999999991740 ) ;
#102 = CARTESIAN_POINT ( 'NONE',  ( 32.50000000000000000, 0.000000000000000000, -7.500000000000000000 ) ) ;
#103 = VERTEX_POINT ( 'NONE', #359 ) ;
#104 = EDGE_CURVE ( 'NONE', #1782, #379, #1189, .T. ) ;
#105 = ORIENTED_EDGE ( 'NONE', *, *, #1444, .T. ) ;
#106 = CARTESIAN_POINT ( 'NONE',  ( 65.00000000000000000, 7.000000000000000000, -15.00000000000000000 ) ) ;
#107 = ORIENTED_EDGE ( 'NONE', *, *, #1593, .T. ) ;
#108 = AXIS2_PLACEMENT_3D ( 'NONE', #705, #446, #274 ) ;
#109 = AXIS2_PLACEMENT_3D ( 'NONE', #1491, #928, #196 ) ;
#110 = AXIS2_PLACEMENT_3D ( 'NONE', #866, #431, #737 ) ;
#111 = DIRECTION ( 'NONE',  ( 0.000000000000000000, 0.000000000000000000, -1.000000000000000000 ) ) ;
#112 = ORIENTED_EDGE ( 'NONE', *, *, #1285, .F. ) ;
#113 = CARTESIAN_POINT ( 'NONE',  ( 32.50000000000000000, 3.299999999999999822, -7.500000000000000000 ) ) ;
#114 = EDGE_LOOP ( 'NONE', ( #387, #12, #702, #1351 ) ) ;
#115 = SURFACE_SIDE_STYLE ('',( #100 ) ) ;
#116 = ADVANCED_FACE ( 'NONE', ( #640 ), #770, .F. ) ;
#117 = DIRECTION ( 'NONE',  ( -0.000000000000000000, -0.000000000000000000, -1.000000000000000000 ) ) ;
#118 = FACE_OUTER_BOUND ( 'NONE', #573, .T. ) ;
#119 = AXIS2_PLACEMENT_3D ( 'NONE', #1564, #318, #578 ) ;
#120 = VERTEX_POINT ( 'NONE', #50 ) ;
#121 = AXIS2_PLACEMENT_3D ( 'NONE', #1268, #1, #569 ) ;
#122 = DIRECTION ( 'NONE',  ( 0.000000000000000000, 0.000000000000000000, 1.000000000000000000 ) ) ;
#123 = ORIENTED_EDGE ( 'NONE', *, *, #905, .T. ) ;
#124 = CARTESIAN_POINT ( 'NONE',  ( -2.602085213965210642E-15, 6.999999999999996447, -6.657999999999999474 ) ) ;
#125 = DIRECTION ( 'NONE',  ( 1.000000000000000000, 0.000000000000000000, 0.000000000000000000 ) ) ;
#126 = DIRECTION ( 'NONE',  ( 1.000000000000000000, 0.000000000000000000, 0.000000000000000000 ) ) ;
#127 = EDGE_CURVE ( 'NONE', #1606, #37, #942, .T. ) ;
#128 = DIRECTION ( 'NONE',  ( 0.000000000000000000, -0.000000000000000000, 1.000000000000000000 ) ) ;
#129 = DIRECTION ( 'NONE',  ( 1.084202172485504434E-16, -1.000000000000000000, 0.000000000000000000 ) ) ;
#130 = FACE_OUTER_BOUND ( 'NONE', #1757, .T. ) ;
#131 = VERTEX_POINT ( 'NONE', #920 ) ;
#132 = ORIENTED_EDGE ( 'NONE', *, *, #1698, .T. ) ;
#133 = CARTESIAN_POINT ( 'NONE',  ( 59.25000000000000000, 1.000000000000017319, -7.500000000000000000 ) ) ;
#134 = DIRECTION ( 'NONE',  ( 0.000000000000000000, -1.000000000000000000, 0.000000000000000000 ) ) ;
#135 = CONICAL_SURFACE ( 'NONE', #499, 2.199999999999997069, 0.7853981633974482790 ) ;
#136 = EDGE_CURVE ( 'NONE', #1478, #308, #1763, .T. ) ;
#137 = LINE ( 'NONE', #1092, #1542 ) ;
#138 = VECTOR ( 'NONE', #1202, 1000.000000000000000 ) ;
#139 = ORIENTED_EDGE ( 'NONE', *, *, #699, .T. ) ;
#140 = EDGE_CURVE ( 'NONE', #731, #1583, #350, .T. ) ;
#141 = DIRECTION ( 'NONE',  ( 0.000000000000000000, 0.000000000000000000, -1.000000000000000000 ) ) ;
#142 = VECTOR ( 'NONE', #43, 1000.000000000000000 ) ;
#143 = VERTEX_POINT ( 'NONE', #1590 ) ;
#144 = ORIENTED_EDGE ( 'NONE', *, *, #364, .F. ) ;
#145 = CARTESIAN_POINT ( 'NONE',  ( 59.25000000000000000, 7.000000000000000000, -7.500000000000000000 ) ) ;
#146 = CARTESIAN_POINT ( 'NONE',  ( -3.000000000000002665, 2.000000000000000000, -6.657999999999999474 ) ) ;
#147 = CYLINDRICAL_SURFACE ( 'NONE', #230, 1.500000000000001332 ) ;
#148 = ORIENTED_EDGE ( 'NONE', *, *, #762, .T. ) ;
#149 = DIRECTION ( 'NONE',  ( -1.000000000000000000, 0.000000000000000000, -0.000000000000000000 ) ) ;
#150 = ORIENTED_EDGE ( 'NONE', *, *, #1609, .T. ) ;
#151 = EDGE_CURVE ( 'NONE', #260, #773, #1483, .T. ) ;
#152 = AXIS2_PLACEMENT_3D ( 'NONE', #443, #335, #1004 ) ;
#153 = CARTESIAN_POINT ( 'NONE',  ( -15.23446609406725827, 19.00000000000000000, -2.758000000000000451 ) ) ;
#154 = ORIENTED_EDGE ( 'NONE', *, *, #1334, .F. ) ;
#155 = CARTESIAN_POINT ( 'NONE',  ( -23.57499999999999929, 22.00000000000000000, -5.157999999999999474 ) ) ;
#156 = AXIS2_PLACEMENT_3D ( 'NONE', #1074, #566, #125 ) ;
#157 = DIRECTION ( 'NONE',  ( 1.000000000000000000, -0.000000000000000000, 0.000000000000000000 ) ) ;
#158 = DIRECTION ( 'NONE',  ( -1.000000000000000000, 0.000000000000000000, 0.000000000000000000 ) ) ;
#159 = VERTEX_POINT ( 'NONE', #322 ) ;
#160 = LINE ( 'NONE', #1166, #511 ) ;
#161 = ORIENTED_EDGE ( 'NONE', *, *, #439, .T. ) ;
#162 = EDGE_CURVE ( 'NONE', #386, #372, #835, .T. ) ;
#163 = LINE ( 'NONE', #717, #620 ) ;
#164 = ORIENTED_EDGE ( 'NONE', *, *, #263, .F. ) ;
#165 = LINE ( 'NONE', #309, #1456 ) ;
#166 = CARTESIAN_POINT ( 'NONE',  ( 32.50000000000000000, 3.299999999999999822, -7.500000000000000000 ) ) ;
#167 = DIRECTION ( 'NONE',  ( -0.000000000000000000, 1.000000000000000000, -0.000000000000000000 ) ) ;
#168 = ORIENTED_EDGE ( 'NONE', *, *, #945, .F. ) ;
#169 =( GEOMETRIC_REPRESENTATION_CONTEXT ( 3 ) GLOBAL_UNCERTAINTY_ASSIGNED_CONTEXT ( ( #574 ) ) GLOBAL_UNIT_ASSIGNED_CONTEXT ( ( #1264, #873, #995 ) ) REPRESENTATION_CONTEXT ( 'NONE', 'WORKASPACE' ) );
#170 = CARTESIAN_POINT ( 'NONE',  ( -3.000000000000002665, -0.000000000000000000, 0.000000000000000000 ) ) ;
#171 = CIRCLE ( 'NONE', #1263, 1.499999999999999556 ) ;
#172 = CIRCLE ( 'NONE', #625, 2.000000000000000000 ) ;
#173 = ORIENTED_EDGE ( 'NONE', *, *, #75, .F. ) ;
#174 = VECTOR ( 'NONE', #348, 1000.000000000000000 ) ;
#175 = DIRECTION ( 'NONE',  ( -1.000000000000000000, -0.000000000000000000, -0.000000000000000000 ) ) ;
#176 = VERTEX_POINT ( 'NONE', #223 ) ;
#177 = DIRECTION ( 'NONE',  ( -0.000000000000000000, -0.000000000000000000, 1.000000000000000000 ) ) ;
#178 = PLANE ( 'NONE',  #1473 ) ;
#179 = EDGE_CURVE ( 'NONE', #1154, #1415, #92, .T. ) ;
#180 = CARTESIAN_POINT ( 'NONE',  ( -18.07499999999999929, 20.49999999999999645, -6.657999999999999474 ) ) ;
#181 = CARTESIAN_POINT ( 'NONE',  ( -2.550472239454626336E-15, 9.000000000000001776, 1.999999999999999112 ) ) ;
#182 = CARTESIAN_POINT ( 'NONE',  ( 42.69999999999999574, 5.000000000000000000, -15.00000000000000533 ) ) ;
#183 = ORIENTED_EDGE ( 'NONE', *, *, #816, .F. ) ;
#184 = EDGE_LOOP ( 'NONE', ( #1451, #396, #405, #1225, #958, #1805 ) ) ;
#185 = CIRCLE ( 'NONE', #152, 1.250000000000001554 ) ;
#186 = CARTESIAN_POINT ( 'NONE',  ( -10.07499999999999396, 22.00000000000000000, -6.657999999999999474 ) ) ;
#187 = CIRCLE ( 'NONE', #65, 2.000000000000000000 ) ;
#188 = DIRECTION ( 'NONE',  ( 1.000000000000000000, 0.000000000000000000, 0.000000000000000000 ) ) ;
#189 = CARTESIAN_POINT ( 'NONE',  ( -10.07499999999999396, 20.49999999999999645, -6.657999999999999474 ) ) ;
#190 = EDGE_CURVE ( 'NONE', #820, #389, #855, .T. ) ;
#191 = DIRECTION ( 'NONE',  ( 1.000000000000000000, 0.000000000000000000, -9.251858538542971828E-16 ) ) ;
#192 = CARTESIAN_POINT ( 'NONE',  ( 32.50000000000000000, 3.299999999999999822, -7.500000000000000000 ) ) ;
#193 = EDGE_LOOP ( 'NONE', ( #1423, #1839, #1494, #869 ) ) ;
#194 = VERTEX_POINT ( 'NONE', #647 ) ;
#195 = FACE_OUTER_BOUND ( 'NONE', #305, .T. ) ;
#196 = DIRECTION ( 'NONE',  ( 0.000000000000000000, -0.000000000000000000, -1.000000000000000000 ) ) ;
#197 = DIRECTION ( 'NONE',  ( -1.000000000000000000, 0.000000000000000000, 0.000000000000000000 ) ) ;
#198 = EDGE_CURVE ( 'NONE', #733, #445, #1213, .T. ) ;
#199 = CARTESIAN_POINT ( 'NONE',  ( -11.57499999999999574, 18.49999999999999645, -4.573000000000000398 ) ) ;
#200 = ORIENTED_EDGE ( 'NONE', *, *, #965, .F. ) ;
#201 = EDGE_CURVE ( 'NONE', #605, #878, #509, .T. ) ;
#202 = AXIS2_PLACEMENT_3D ( 'NONE', #1181, #1743, #1448 ) ;
#203 = ORIENTED_EDGE ( 'NONE', *, *, #201, .F. ) ;
#204 = AXIS2_PLACEMENT_3D ( 'NONE', #349, #83, #1354 ) ;
#205 = CARTESIAN_POINT ( 'NONE',  ( -2.000000000000001776, 22.00000000000000000, -6.657999999999999474 ) ) ;
#206 = CIRCLE ( 'NONE', #557, 2.000000000000000000 ) ;
#207 = LINE ( 'NONE', #1212, #1656 ) ;
#208 = CARTESIAN_POINT ( 'NONE',  ( 42.69999999999999574, 5.000000000000000000, -15.00000000000000533 ) ) ;
#209 = DIRECTION ( 'NONE',  ( -9.251858538542971828E-16, -0.000000000000000000, -1.000000000000000000 ) ) ;
#210 = VERTEX_POINT ( 'NONE', #1109 ) ;
#211 = EDGE_CURVE ( 'NONE', #1106, #1241, #1492, .T. ) ;
#212 = ORIENTED_EDGE ( 'NONE', *, *, #465, .T. ) ;
#213 = LINE ( 'NONE', #493, #1378 ) ;
#214 = PLANE ( 'NONE',  #204 ) ;
#215 = CARTESIAN_POINT ( 'NONE',  ( -23.57499999999999929, 22.00000000000000000, 1.842000000000000304 ) ) ;
#216 = DIRECTION ( 'NONE',  ( 0.000000000000000000, -1.000000000000000000, 0.000000000000000000 ) ) ;
#217 = ORIENTED_EDGE ( 'NONE', *, *, #98, .T. ) ;
#218 = EDGE_LOOP ( 'NONE', ( #1746, #817, #154, #273 ) ) ;
#219 = ADVANCED_FACE ( 'NONE', ( #544 ), #968, .F. ) ;
#220 = CARTESIAN_POINT ( 'NONE',  ( -10.07499999999999396, 22.00000000000000000, -4.573000000000000398 ) ) ;
#221 = EDGE_CURVE ( 'NONE', #159, #664, #1760, .T. ) ;
#222 = CARTESIAN_POINT ( 'NONE',  ( -2.000000000000000000, -1.879015110887255531E-15, -6.657999999999999474 ) ) ;
#223 = CARTESIAN_POINT ( 'NONE',  ( -18.76999999999999957, 19.00000000000000000, -0.2579999999999973981 ) ) ;
#224 = LINE ( 'NONE', #1795, #783 ) ;
#225 = ORIENTED_EDGE ( 'NONE', *, *, #1260, .T. ) ;
#226 = ORIENTED_EDGE ( 'NONE', *, *, #1779, .T. ) ;
#227 = COLOUR_RGB ( '',0.7921568627450980005, 0.8196078431372548767, 0.9333333333333333481 ) ;
#228 = AXIS2_PLACEMENT_3D ( 'NONE', #457, #1574, #1125 ) ;
#229 = LINE ( 'NONE', #1793, #706 ) ;
#230 = AXIS2_PLACEMENT_3D ( 'NONE', #180, #721, #450 ) ;
#231 = DIRECTION ( 'NONE',  ( 1.000000000000000000, 0.000000000000000000, 0.000000000000000000 ) ) ;
#232 = ADVANCED_FACE ( 'NONE', ( #1691 ), #276, .T. ) ;
#233 = CARTESIAN_POINT ( 'NONE',  ( -9.379999999999997229, 16.00000000000000000, -4.573000000000000398 ) ) ;
#234 = CARTESIAN_POINT ( 'NONE',  ( -18.07499999999999929, 22.00000000000000000, 1.257000000000001227 ) ) ;
#235 = ORIENTED_EDGE ( 'NONE', *, *, #413, .F. ) ;
#236 = ORIENTED_EDGE ( 'NONE', *, *, #151, .T. ) ;
#237 = LINE ( 'NONE', #1088, #380 ) ;
#238 = VERTEX_POINT ( 'NONE', #233 ) ;
#239 = DIRECTION ( 'NONE',  ( 0.000000000000000000, 0.000000000000000000, -1.000000000000000000 ) ) ;
#240 = VECTOR ( 'NONE', #663, 1000.000000000000000 ) ;
#241 = ADVANCED_FACE ( 'NONE', ( #1819 ), #1128, .F. ) ;
#242 = LINE ( 'NONE', #410, #1486 ) ;
#243 = ORIENTED_EDGE ( 'NONE', *, *, #613, .T. ) ;
#244 = ORIENTED_EDGE ( 'NONE', *, *, #774, .F. ) ;
#245 = PRESENTATION_STYLE_ASSIGNMENT (( #1653 ) ) ;
#246 = DIRECTION ( 'NONE',  ( 0.000000000000000000, -0.000000000000000000, -1.000000000000000000 ) ) ;
#247 = LINE ( 'NONE', #955, #926 ) ;
#248 = VERTEX_POINT ( 'NONE', #805 ) ;
#249 = EDGE_CURVE ( 'NONE', #791, #809, #553, .T. ) ;
#250 = DIRECTION ( 'NONE',  ( 1.000000000000000000, 0.000000000000000000, 0.000000000000000000 ) ) ;
#251 = ORIENTED_EDGE ( 'NONE', *, *, #1071, .F. ) ;
#252 = EDGE_CURVE ( 'NONE', #1158, #4, #67, .T. ) ;
#253 = CARTESIAN_POINT ( 'NONE',  ( 32.50000000000000000, 5.000000000000000000, -9.199999999999999289 ) ) ;
#254 = ORIENTED_EDGE ( 'NONE', *, *, #587, .T. ) ;
#255 = VECTOR ( 'NONE', #1739, 1000.000000000000000 ) ;
#256 = CONICAL_SURFACE ( 'NONE', #1414, 2.199999999999991740, 0.7853981633974480570 ) ;
#257 = FACE_OUTER_BOUND ( 'NONE', #1262, .T. ) ;
#258 = AXIS2_PLACEMENT_3D ( 'NONE', #339, #927, #1039 ) ;
#259 = PLANE ( 'NONE',  #271 ) ;
#260 = VERTEX_POINT ( 'NONE', #1404 ) ;
#261 = CARTESIAN_POINT ( 'NONE',  ( 5.749999999999998224, 1.000000000000010436, -5.300000000000001599 ) ) ;
#262 = ORIENTED_EDGE ( 'NONE', *, *, #1598, .T. ) ;
#263 = EDGE_CURVE ( 'NONE', #176, #131, #696, .T. ) ;
#264 = CARTESIAN_POINT ( 'NONE',  ( -16.57499999999999574, 18.49999999999999645, -6.657999999999999474 ) ) ;
#265 = ORIENTED_EDGE ( 'NONE', *, *, #343, .F. ) ;
#266 = DIRECTION ( 'NONE',  ( 0.000000000000000000, -1.000000000000000000, 0.000000000000000000 ) ) ;
#267 = DIRECTION ( 'NONE',  ( 0.000000000000000000, -1.000000000000000000, 0.000000000000000000 ) ) ;
#268 = CARTESIAN_POINT ( 'NONE',  ( 32.50000000000000000, 3.299999999999999822, -10.50000000000000000 ) ) ;
#269 = VECTOR ( 'NONE', #1443, 1000.000000000000000 ) ;
#270 = ORIENTED_EDGE ( 'NONE', *, *, #793, .T. ) ;
#271 = AXIS2_PLACEMENT_3D ( 'NONE', #1101, #432, #128 ) ;
#272 = PLANE ( 'NONE',  #1369 ) ;
#273 = ORIENTED_EDGE ( 'NONE', *, *, #104, .T. ) ;
#274 = DIRECTION ( 'NONE',  ( 0.000000000000000000, 0.000000000000000000, -1.000000000000000000 ) ) ;
#275 = ORIENTED_EDGE ( 'NONE', *, *, #1821, .F. ) ;
#276 = CYLINDRICAL_SURFACE ( 'NONE', #156, 1.499999999999999556 ) ;
#277 = EDGE_CURVE ( 'NONE', #103, #1719, #1648, .T. ) ;
#278 = CARTESIAN_POINT ( 'NONE',  ( -2.214987905135827361E-15, 22.00000000000000000, 1.999999999999999112 ) ) ;
#279 = EDGE_CURVE ( 'NONE', #103, #1688, #1395, .T. ) ;
#280 = LINE ( 'NONE', #1517, #1163 ) ;
#281 = ORIENTED_EDGE ( 'NONE', *, *, #1644, .F. ) ;
#282 = DIRECTION ( 'NONE',  ( 0.000000000000000000, 0.000000000000000000, 1.000000000000000000 ) ) ;
#283 = ORIENTED_EDGE ( 'NONE', *, *, #784, .T. ) ;
#284 = LINE ( 'NONE', #315, #1682 ) ;
#285 = VERTEX_POINT ( 'NONE', #988 ) ;
#286 = DIRECTION ( 'NONE',  ( -0.000000000000000000, -1.000000000000000000, -0.000000000000000000 ) ) ;
#287 = DIRECTION ( 'NONE',  ( -0.000000000000000000, 1.000000000000000000, -0.000000000000000000 ) ) ;
#288 = PRODUCT_DEFINITION ( 'UNKNOWN', '', #738, #296 ) ;
#289 =( GEOMETRIC_REPRESENTATION_CONTEXT ( 3 ) GLOBAL_UNCERTAINTY_ASSIGNED_CONTEXT ( ( #703 ) ) GLOBAL_UNIT_ASSIGNED_CONTEXT ( ( #1661, #694, #833 ) ) REPRESENTATION_CONTEXT ( 'NONE', 'WORKASPACE' ) );
#290 = CARTESIAN_POINT ( 'NONE',  ( -23.57499999999999929, 16.00000000000000000, -6.657999999999999474 ) ) ;
#291 = EDGE_CURVE ( 'NONE', #1415, #733, #1365, .T. ) ;
#292 = VECTOR ( 'NONE', #1516, 1000.000000000000000 ) ;
#293 = EDGE_LOOP ( 'NONE', ( #925, #593, #1326, #1175, #1265, #47, #168, #1659, #1121, #1124 ) ) ;
#294 = DIRECTION ( 'NONE',  ( -1.000000000000000000, 0.000000000000000000, 0.000000000000000000 ) ) ;
#295 = EDGE_LOOP ( 'NONE', ( #1293, #336, #522, #411 ) ) ;
#296 = PRODUCT_DEFINITION_CONTEXT ( 'detailed design', #1104, 'design' ) ;
#297 = EDGE_LOOP ( 'NONE', ( #506, #27, #1521, #1507 ) ) ;
#298 = LINE ( 'NONE', #735, #1729 ) ;
#299 = DIRECTION ( 'NONE',  ( -0.000000000000000000, -1.000000000000000000, -0.000000000000000000 ) ) ;
#300 = DIRECTION ( 'NONE',  ( 0.000000000000000000, -0.000000000000000000, 1.000000000000000000 ) ) ;
#301 = VERTEX_POINT ( 'NONE', #1639 ) ;
#302 = EDGE_CURVE ( 'NONE', #404, #1773, #1247, .T. ) ;
#303 = CARTESIAN_POINT ( 'NONE',  ( -10.07499999999999396, 20.49999999999999645, -6.657999999999999474 ) ) ;
#304 = CIRCLE ( 'NONE', #570, 1.700000000000000178 ) ;
#305 = EDGE_LOOP ( 'NONE', ( #371, #1142, #382, #150 ) ) ;
#306 = CIRCLE ( 'NONE', #1642, 2.199999999999997069 ) ;
#307 = LINE ( 'NONE', #153, #589 ) ;
#308 = VERTEX_POINT ( 'NONE', #1298 ) ;
#309 = CARTESIAN_POINT ( 'NONE',  ( -5.000000000000002665, 2.000000000000000000, -6.657999999999999474 ) ) ;
#310 = LINE ( 'NONE', #876, #1299 ) ;
#311 = DIRECTION ( 'NONE',  ( 0.000000000000000000, 0.000000000000000000, -1.000000000000000000 ) ) ;
#312 = ORIENTED_EDGE ( 'NONE', *, *, #1749, .F. ) ;
#313 = DIRECTION ( 'NONE',  ( -0.000000000000000000, -1.000000000000000000, -0.000000000000000000 ) ) ;
#314 = ORIENTED_EDGE ( 'NONE', *, *, #487, .F. ) ;
#315 = CARTESIAN_POINT ( 'NONE',  ( -18.07499999999999929, 22.00000000000000000, -6.657999999999999474 ) ) ;
#316 = EDGE_CURVE ( 'NONE', #1624, #1436, #172, .T. ) ;
#317 = ORIENTED_EDGE ( 'NONE', *, *, #475, .F. ) ;
#318 = DIRECTION ( 'NONE',  ( -1.000000000000000000, -0.000000000000000000, -0.000000000000000000 ) ) ;
#319 = APPLICATION_CONTEXT ( 'automotive_design' ) ;
#320 = DIRECTION ( 'NONE',  ( 0.000000000000000000, 0.000000000000000000, 1.000000000000000000 ) ) ;
#321 = CARTESIAN_POINT ( 'NONE',  ( -18.07499999999999929, 22.00000000000000000, -6.657999999999999474 ) ) ;
#322 = CARTESIAN_POINT ( 'NONE',  ( 59.25000000000000000, 1.000000000000017319, -5.300000000000007816 ) ) ;
#323 = PRESENTATION_LAYER_ASSIGNMENT (  '', '', ( #1083 ) ) ;
#324 = DIRECTION ( 'NONE',  ( -9.251858538542971828E-16, -0.000000000000000000, -1.000000000000000000 ) ) ;
#325 = AXIS2_PLACEMENT_3D ( 'NONE', #710, #1110, #953 ) ;
#326 = ORIENTED_EDGE ( 'NONE', *, *, #1735, .F. ) ;
#327 = AXIS2_PLACEMENT_3D ( 'NONE', #332, #1151, #1588 ) ;
#328 = VECTOR ( 'NONE', #906, 1000.000000000000000 ) ;
#329 = ORIENTED_EDGE ( 'NONE', *, *, #656, .F. ) ;
#330 = DIRECTION ( 'NONE',  ( -1.000000000000000000, -0.000000000000000000, -0.000000000000000000 ) ) ;
#331 = ADVANCED_FACE ( 'NONE', ( #1138 ), #1309, .F. ) ;
#332 = CARTESIAN_POINT ( 'NONE',  ( -2.000000000000000000, 7.000000000000000000, -8.657999999999999474 ) ) ;
#333 = CARTESIAN_POINT ( 'NONE',  ( 65.00000000000000000, 7.000000000000000000, 0.000000000000000000 ) ) ;
#334 = LINE ( 'NONE', #68, #711 ) ;
#335 = DIRECTION ( 'NONE',  ( 1.000000000000000000, -0.000000000000000000, -0.000000000000000000 ) ) ;
#336 = ORIENTED_EDGE ( 'NONE', *, *, #1609, .F. ) ;
#337 = VERTEX_POINT ( 'NONE', #155 ) ;
#338 = VECTOR ( 'NONE', #437, 1000.000000000000000 ) ;
#339 = CARTESIAN_POINT ( 'NONE',  ( -5.000000000000004441, 16.00000000000000000, -6.657999999999999474 ) ) ;
#340 =( BOUNDED_CURVE ( )  B_SPLINE_CURVE ( 3, ( #1577, #1453, #1587, #1008 ),
 .UNSPECIFIED., .F., .F. ) 
 B_SPLINE_CURVE_WITH_KNOTS ( ( 4, 4 ),
 ( 0.000000000000000000, 1.570796326794896558 ),
 .UNSPECIFIED. ) 
 CURVE ( )  GEOMETRIC_REPRESENTATION_ITEM ( )  RATIONAL_B_SPLINE_CURVE ( ( 1.000000000000000000, 0.8047378541243649375, 0.8047378541243649375, 1.000000000000000000 ) ) 
 REPRESENTATION_ITEM ( '' )  );
#341 = VECTOR ( 'NONE', #929, 1000.000000000000000 ) ;
#342 = PLANE ( 'NONE',  #1442 ) ;
#343 = EDGE_CURVE ( 'NONE', #744, #451, #298, .T. ) ;
#344 = CARTESIAN_POINT ( 'NONE',  ( 0.000000000000000000, 7.000000000000000000, -15.00000000000000000 ) ) ;
#345 = CARTESIAN_POINT ( 'NONE',  ( -16.57499999999999929, 20.49999999999999645, 3.342000000000000526 ) ) ;
#346 = ORIENTED_EDGE ( 'NONE', *, *, #860, .F. ) ;
#347 = EDGE_LOOP ( 'NONE', ( #1419, #1645, #1798, #1081 ) ) ;
#348 = DIRECTION ( 'NONE',  ( 0.000000000000000000, 0.000000000000000000, 1.000000000000000000 ) ) ;
#349 = CARTESIAN_POINT ( 'NONE',  ( -16.57499999999999929, 22.00000000000000000, -6.657999999999999474 ) ) ;
#350 = LINE ( 'NONE', #912, #501 ) ;
#351 = EDGE_CURVE ( 'NONE', #664, #1099, #586, .T. ) ;
#352 = CARTESIAN_POINT ( 'NONE',  ( -7.000000000000006217, 16.00000000000000000, 3.342000000000000526 ) ) ;
#353 = ORIENTED_EDGE ( 'NONE', *, *, #279, .T. ) ;
#354 = VECTOR ( 'NONE', #1257, 1000.000000000000000 ) ;
#355 = VERTEX_POINT ( 'NONE', #9 ) ;
#356 = VECTOR ( 'NONE', #1009, 1000.000000000000000 ) ;
#357 = CARTESIAN_POINT ( 'NONE',  ( 5.749999999999998224, 1.000000000000010436, -7.500000000000000000 ) ) ;
#358 = DIRECTION ( 'NONE',  ( -1.000000000000000000, -0.000000000000000000, -0.000000000000000000 ) ) ;
#359 = CARTESIAN_POINT ( 'NONE',  ( -11.57499999999999574, 18.49999999999999645, -6.657999999999999474 ) ) ;
#360 = FACE_OUTER_BOUND ( 'NONE', #533, .T. ) ;
#361 = ORIENTED_EDGE ( 'NONE', *, *, #32, .T. ) ;
#362 = EDGE_CURVE ( 'NONE', #1276, #635, #1425, .T. ) ;
#363 = ORIENTED_EDGE ( 'NONE', *, *, #1489, .T. ) ;
#364 = EDGE_CURVE ( 'NONE', #451, #707, #728, .T. ) ;
#365 = CARTESIAN_POINT ( 'NONE',  ( 22.29999999999999716, 7.000000000000000000, -15.00000000000000178 ) ) ;
#366 = VECTOR ( 'NONE', #1708, 1000.000000000000000 ) ;
#367 = VECTOR ( 'NONE', #209, 1000.000000000000000 ) ;
#368 = FACE_BOUND ( 'NONE', #551, .T. ) ;
#369 = CARTESIAN_POINT ( 'NONE',  ( 0.000000000000000000, 0.000000000000000000, 0.000000000000000000 ) ) ;
#370 = DIRECTION ( 'NONE',  ( 0.000000000000000000, 0.000000000000000000, -1.000000000000000000 ) ) ;
#371 = ORIENTED_EDGE ( 'NONE', *, *, #1325, .T. ) ;
#372 = VERTEX_POINT ( 'NONE', #884 ) ;
#373 = EDGE_CURVE ( 'NONE', #379, #194, #1741, .T. ) ;
#374 = CARTESIAN_POINT ( 'NONE',  ( -22.07499999999999574, 0.000000000000000000, 1.842000000000000304 ) ) ;
#375 = FACE_OUTER_BOUND ( 'NONE', #695, .T. ) ;
#376 = DIRECTION ( 'NONE',  ( -0.000000000000000000, -0.000000000000000000, 1.000000000000000000 ) ) ;
#377 = CARTESIAN_POINT ( 'NONE',  ( -3.000000000000002665, -1.252676740591502570E-15, 3.342000000000000526 ) ) ;
#378 = ORIENTED_EDGE ( 'NONE', *, *, #291, .T. ) ;
#379 = VERTEX_POINT ( 'NONE', #1159 ) ;
#380 = VECTOR ( 'NONE', #975, 1000.000000000000000 ) ;
#381 = VECTOR ( 'NONE', #1405, 1000.000000000000000 ) ;
#382 = ORIENTED_EDGE ( 'NONE', *, *, #7, .F. ) ;
#383 = EDGE_CURVE ( 'NONE', #1318, #260, #448, .T. ) ;
#384 = CARTESIAN_POINT ( 'NONE',  ( -23.57499999999999929, 16.00000000000000000, -5.157999999999999474 ) ) ;
#385 = CARTESIAN_POINT ( 'NONE',  ( 32.50000000000000000, 5.000000000000000000, -7.500000000000000000 ) ) ;
#386 = VERTEX_POINT ( 'NONE', #598 ) ;
#387 = ORIENTED_EDGE ( 'NONE', *, *, #1698, .F. ) ;
#388 = DIRECTION ( 'NONE',  ( -4.655213841028788848E-17, 1.000000000000000000, -0.000000000000000000 ) ) ;
#389 = VERTEX_POINT ( 'NONE', #468 ) ;
#390 = DIRECTION ( 'NONE',  ( 0.000000000000000000, 0.000000000000000000, -1.000000000000000000 ) ) ;
#391 = VECTOR ( 'NONE', #1340, 1000.000000000000000 ) ;
#392 = DIRECTION ( 'NONE',  ( 0.000000000000000000, 0.000000000000000000, -1.000000000000000000 ) ) ;
#393 = EDGE_CURVE ( 'NONE', #1606, #1572, #459, .T. ) ;
#394 = ORIENTED_EDGE ( 'NONE', *, *, #393, .T. ) ;
#395 = PLANE ( 'NONE',  #38 ) ;
#396 = ORIENTED_EDGE ( 'NONE', *, *, #362, .T. ) ;
#397 = CARTESIAN_POINT ( 'NONE',  ( -11.57499999999999574, 18.49999999999999645, -4.573000000000000398 ) ) ;
#398 = EDGE_LOOP ( 'NONE', ( #1052, #225, #1796, #378, #956, #1210, #265, #1093, #1003, #161 ) ) ;
#399 = CARTESIAN_POINT ( 'NONE',  ( -16.57499999999999574, 18.49999999999999645, -4.573000000000000398 ) ) ;
#400 = CARTESIAN_POINT ( 'NONE',  ( -2.550472239454626336E-15, 9.000000000000001776, 1.999999999999999112 ) ) ;
#401 = ORIENTED_EDGE ( 'NONE', *, *, #590, .T. ) ;
#402 = EDGE_CURVE ( 'NONE', #973, #635, #340, .T. ) ;
#403 = PLANE ( 'NONE',  #754 ) ;
#404 = VERTEX_POINT ( 'NONE', #875 ) ;
#405 = ORIENTED_EDGE ( 'NONE', *, *, #1689, .T. ) ;
#406 = CARTESIAN_POINT ( 'NONE',  ( 22.30000000000000426, 5.000000000000000000, 0.000000000000000000 ) ) ;
#407 = VECTOR ( 'NONE', #1439, 1000.000000000000000 ) ;
#408 = AXIS2_PLACEMENT_3D ( 'NONE', #1628, #512, #919 ) ;
#409 = DIRECTION ( 'NONE',  ( -1.000000000000000000, 0.000000000000000000, 0.000000000000000000 ) ) ;
#410 = CARTESIAN_POINT ( 'NONE',  ( -22.07499999999999574, 16.00000000000000000, 3.342000000000000526 ) ) ;
#411 = ORIENTED_EDGE ( 'NONE', *, *, #1567, .F. ) ;
#412 = LINE ( 'NONE', #1122, #1130 ) ;
#413 = EDGE_CURVE ( 'NONE', #815, #1813, #165, .T. ) ;
#414 = EDGE_LOOP ( 'NONE', ( #270, #1076, #651, #1062 ) ) ;
#415 = CARTESIAN_POINT ( 'NONE',  ( 65.00000000000000000, 7.000000000000000000, -15.00000000000000000 ) ) ;
#416 = EDGE_CURVE ( 'NONE', #1706, #355, #837, .T. ) ;
#417 = CARTESIAN_POINT ( 'NONE',  ( -2.000000000000000000, 0.000000000000000000, -6.657999999999999474 ) ) ;
#418 = LINE ( 'NONE', #399, #1116 ) ;
#419 = DIRECTION ( 'NONE',  ( -4.956352788505159323E-16, -1.000000000000000000, 0.000000000000000000 ) ) ;
#420 = AXIS2_PLACEMENT_3D ( 'NONE', #303, #603, #1323 ) ;
#421 = ORIENTED_EDGE ( 'NONE', *, *, #279, .F. ) ;
#422 = AXIS2_PLACEMENT_3D ( 'NONE', #558, #1399, #419 ) ;
#423 = CARTESIAN_POINT ( 'NONE',  ( -18.76999999999999957, 22.00000000000000000, -4.573000000000000398 ) ) ;
#424 = VERTEX_POINT ( 'NONE', #1596 ) ;
#425 = EDGE_CURVE ( 'NONE', #1572, #1553, #894, .T. ) ;
#426 = DIRECTION ( 'NONE',  ( -4.655213841028788848E-17, 1.000000000000000000, -0.000000000000000000 ) ) ;
#427 = ORIENTED_EDGE ( 'NONE', *, *, #1663, .F. ) ;
#428 = CARTESIAN_POINT ( 'NONE',  ( -16.57499999999999574, 18.49999999999999645, -6.657999999999999474 ) ) ;
#429 = VECTOR ( 'NONE', #1266, 1000.000000000000000 ) ;
#430 = ADVANCED_FACE ( 'NONE', ( #1277 ), #842, .F. ) ;
#431 = DIRECTION ( 'NONE',  ( -0.000000000000000000, 1.000000000000000000, 0.000000000000000000 ) ) ;
#432 = DIRECTION ( 'NONE',  ( 0.000000000000000000, 1.000000000000000000, 0.000000000000000000 ) ) ;
#433 = LINE ( 'NONE', #1400, #1447 ) ;
#434 = CARTESIAN_POINT ( 'NONE',  ( 65.00000000000000000, 7.000000000000000000, 0.000000000000000000 ) ) ;
#435 = ORIENTED_EDGE ( 'NONE', *, *, #689, .T. ) ;
#436 = ORIENTED_EDGE ( 'NONE', *, *, #714, .F. ) ;
#437 = DIRECTION ( 'NONE',  ( 0.000000000000000000, 0.000000000000000000, 1.000000000000000000 ) ) ;
#438 = DIRECTION ( 'NONE',  ( 0.000000000000000000, 0.000000000000000000, -1.000000000000000000 ) ) ;
#439 = EDGE_CURVE ( 'NONE', #308, #823, #412, .T. ) ;
#440 = AXIS2_PLACEMENT_3D ( 'NONE', #290, #1568, #1320 ) ;
#441 = DIRECTION ( 'NONE',  ( 0.000000000000000000, -1.000000000000000000, 0.000000000000000000 ) ) ;
#442 = VERTEX_POINT ( 'NONE', #701 ) ;
#443 = CARTESIAN_POINT ( 'NONE',  ( -18.76999999999999957, 19.00000000000000000, -1.507999999999998897 ) ) ;
#444 = VECTOR ( 'NONE', #1465, 1000.000000000000000 ) ;
#445 = VERTEX_POINT ( 'NONE', #681 ) ;
#446 = DIRECTION ( 'NONE',  ( 0.000000000000000000, -1.000000000000000000, 0.000000000000000000 ) ) ;
#447 = EDGE_LOOP ( 'NONE', ( #1488, #1518, #624, #236 ) ) ;
#448 = LINE ( 'NONE', #1416, #338 ) ;
#449 = CARTESIAN_POINT ( 'NONE',  ( -16.57499999999999929, 20.49999999999999645, 1.257000000000002116 ) ) ;
#450 = DIRECTION ( 'NONE',  ( 1.000000000000000000, 0.000000000000000000, 0.000000000000000000 ) ) ;
#451 = VERTEX_POINT ( 'NONE', #1261 ) ;
#452 = ADVANCED_FACE ( 'NONE', ( #963 ), #984, .F. ) ;
#453 = FACE_OUTER_BOUND ( 'NONE', #1807, .T. ) ;
#454 = AXIS2_PLACEMENT_3D ( 'NONE', #1825, #830, #1537 ) ;
#455 = EDGE_LOOP ( 'NONE', ( #80, #8, #1791, #1368 ) ) ;
#456 = CONICAL_SURFACE ( 'NONE', #606, 2.199999999999991740, 0.7853981633974480570 ) ;
#457 = CARTESIAN_POINT ( 'NONE',  ( -23.57499999999999929, 22.00000000000000000, -6.657999999999999474 ) ) ;
#458 = ORIENTED_EDGE ( 'NONE', *, *, #1735, .T. ) ;
#459 = LINE ( 'NONE', #998, #269 ) ;
#460 = LINE ( 'NONE', #729, #1150 ) ;
#461 = CARTESIAN_POINT ( 'NONE',  ( 59.25000000000000000, 0.000000000000000000, -10.70000000000000817 ) ) ;
#462 = CARTESIAN_POINT ( 'NONE',  ( 0.8284271247461877374, 7.000000000000000888, 4.336808689942017736E-16 ) ) ;
#463 = LINE ( 'NONE', #763, #1311 ) ;
#464 = ORIENTED_EDGE ( 'NONE', *, *, #291, .F. ) ;
#465 = EDGE_CURVE ( 'NONE', #627, #1099, #1244, .T. ) ;
#466 = DIRECTION ( 'NONE',  ( 0.000000000000000000, -0.000000000000000000, -1.000000000000000000 ) ) ;
#467 = ORIENTED_EDGE ( 'NONE', *, *, #1113, .T. ) ;
#468 = CARTESIAN_POINT ( 'NONE',  ( -11.57499999999999574, 18.49999999999999645, 3.342000000000000526 ) ) ;
#469 = FACE_OUTER_BOUND ( 'NONE', #114, .T. ) ;
#470 = CARTESIAN_POINT ( 'NONE',  ( -10.07499999999999396, 22.00000000000000000, -6.657999999999999474 ) ) ;
#471 = CARTESIAN_POINT ( 'NONE',  ( -16.57499999999999929, 20.49999999999999645, -6.657999999999999474 ) ) ;
#472 = CARTESIAN_POINT ( 'NONE',  ( 59.25000000000000000, 0.000000000000000000, -4.299999999999990941 ) ) ;
#473 = VECTOR ( 'NONE', #358, 1000.000000000000000 ) ;
#474 = ORIENTED_EDGE ( 'NONE', *, *, #896, .T. ) ;
#475 = EDGE_CURVE ( 'NONE', #951, #143, #1815, .T. ) ;
#476 = ORIENTED_EDGE ( 'NONE', *, *, #351, .T. ) ;
#477 = EDGE_CURVE ( 'NONE', #878, #605, #1424, .T. ) ;
#478 = DIRECTION ( 'NONE',  ( 0.000000000000000000, -0.000000000000000000, -1.000000000000000000 ) ) ;
#479 = FACE_OUTER_BOUND ( 'NONE', #293, .T. ) ;
#480 = CARTESIAN_POINT ( 'NONE',  ( -2.000000000000002220, 19.99999999999999645, -6.657999999999999474 ) ) ;
#481 = CARTESIAN_POINT ( 'NONE',  ( -11.57499999999999574, 18.49999999999999645, -6.657999999999999474 ) ) ;
#482 = VERTEX_POINT ( 'NONE', #1271 ) ;
#483 = VECTOR ( 'NONE', #85, 1000.000000000000000 ) ;
#484 = ORIENTED_EDGE ( 'NONE', *, *, #1260, .F. ) ;
#485 = AXIS2_PLACEMENT_3D ( 'NONE', #481, #1015, #1042 ) ;
#486 = DIRECTION ( 'NONE',  ( -1.000000000000000000, -0.000000000000000000, 1.700709290173340409E-16 ) ) ;
#487 = EDGE_CURVE ( 'NONE', #797, #931, #1390, .T. ) ;
#488 = DIRECTION ( 'NONE',  ( 0.000000000000000000, 0.000000000000000000, -1.000000000000000000 ) ) ;
#489 = LINE ( 'NONE', #1770, #142 ) ;
#490 = LINE ( 'NONE', #1787, #868 ) ;
#491 = VERTEX_POINT ( 'NONE', #1252 ) ;
#492 = ORIENTED_EDGE ( 'NONE', *, *, #1432, .T. ) ;
#493 = CARTESIAN_POINT ( 'NONE',  ( -5.000000000000004441, 14.00000000000000000, -6.657999999999999474 ) ) ;
#494 = FACE_BOUND ( 'NONE', #1581, .T. ) ;
#495 = ADVANCED_FACE ( 'NONE', ( #1114 ), #1806, .F. ) ;
#496 = DIRECTION ( 'NONE',  ( 2.580648725529220225E-17, 1.000000000000000000, 0.000000000000000000 ) ) ;
#497 = CARTESIAN_POINT ( 'NONE',  ( -11.57499999999999396, 20.49999999999999645, 3.342000000000000526 ) ) ;
#498 = VERTEX_POINT ( 'NONE', #715 ) ;
#499 = AXIS2_PLACEMENT_3D ( 'NONE', #357, #785, #918 ) ;
#500 = EDGE_LOOP ( 'NONE', ( #1678, #1431, #782, #436 ) ) ;
#501 = VECTOR ( 'NONE', #1338, 1000.000000000000000 ) ;
#502 = DIRECTION ( 'NONE',  ( 0.000000000000000000, 0.000000000000000000, -1.000000000000000000 ) ) ;
#503 = CARTESIAN_POINT ( 'NONE',  ( 0.000000000000000000, 7.000000000000000000, 0.000000000000000000 ) ) ;
#504 = DIRECTION ( 'NONE',  ( 0.000000000000000000, 0.000000000000000000, -1.000000000000000000 ) ) ;
#505 = DIRECTION ( 'NONE',  ( 0.000000000000000000, 1.000000000000000000, 0.000000000000000000 ) ) ;
#506 = ORIENTED_EDGE ( 'NONE', *, *, #1014, .F. ) ;
#507 = ADVANCED_FACE ( 'NONE', ( #1835 ), #1550, .F. ) ;
#508 = ORIENTED_EDGE ( 'NONE', *, *, #954, .T. ) ;
#509 = CIRCLE ( 'NONE', #568, 3.000000000000000888 ) ;
#510 = CARTESIAN_POINT ( 'NONE',  ( 5.749999999999998224, 7.000000000000000000, -5.300000000000001599 ) ) ;
#511 = VECTOR ( 'NONE', #313, 1000.000000000000000 ) ;
#512 = DIRECTION ( 'NONE',  ( 1.000000000000000000, -0.000000000000000000, 0.000000000000000000 ) ) ;
#513 = DIRECTION ( 'NONE',  ( -2.580648725529220225E-17, -1.000000000000000000, 0.000000000000000000 ) ) ;
#514 = DIRECTION ( 'NONE',  ( 0.000000000000000000, 0.000000000000000000, 1.000000000000000000 ) ) ;
#515 = ORIENTED_EDGE ( 'NONE', *, *, #425, .T. ) ;
#516 = ADVANCED_FACE ( 'NONE', ( #3 ), #403, .F. ) ;
#517 = ORIENTED_EDGE ( 'NONE', *, *, #316, .T. ) ;
#518 = DIRECTION ( 'NONE',  ( -1.000000000000000000, -0.000000000000000000, -0.000000000000000000 ) ) ;
#519 = DIRECTION ( 'NONE',  ( 1.000000000000000000, 0.000000000000000000, 0.000000000000000000 ) ) ;
#520 = CARTESIAN_POINT ( 'NONE',  ( 42.69999999999999574, 7.000000000000000000, -15.00000000000000533 ) ) ;
#521 = EDGE_LOOP ( 'NONE', ( #1037, #1433 ) ) ;
#522 = ORIENTED_EDGE ( 'NONE', *, *, #881, .F. ) ;
#523 = ADVANCED_FACE ( 'NONE', ( #1687 ), #272, .F. ) ;
#524 = LINE ( 'NONE', #264, #1559 ) ;
#525 = AXIS2_PLACEMENT_3D ( 'NONE', #31, #1589, #611 ) ;
#526 = EDGE_CURVE ( 'NONE', #337, #773, #1094, .T. ) ;
#527 = CARTESIAN_POINT ( 'NONE',  ( 59.25000000000000000, 7.000000000000000000, -7.500000000000000000 ) ) ;
#528 = DIRECTION ( 'NONE',  ( 0.000000000000000000, 0.000000000000000000, -1.000000000000000000 ) ) ;
#529 = ORIENTED_EDGE ( 'NONE', *, *, #1511, .T. ) ;
#530 = DIRECTION ( 'NONE',  ( 0.000000000000000000, 0.000000000000000000, -1.000000000000000000 ) ) ;
#531 = ORIENTED_EDGE ( 'NONE', *, *, #804, .T. ) ;
#532 = CARTESIAN_POINT ( 'NONE',  ( -22.07499999999999574, 16.00000000000000000, -5.157999999999999474 ) ) ;
#533 = EDGE_LOOP ( 'NONE', ( #892, #148, #173, #799 ) ) ;
#534 = AXIS2_PLACEMENT_3D ( 'NONE', #948, #1780, #779 ) ;
#535 = CYLINDRICAL_SURFACE ( 'NONE', #327, 2.000000000000000000 ) ;
#536 = ADVANCED_FACE ( 'NONE', ( #130 ), #561, .T. ) ;
#537 = AXIS2_PLACEMENT_3D ( 'NONE', #1664, #1693, #982 ) ;
#538 = CARTESIAN_POINT ( 'NONE',  ( 42.69999999999999574, 7.000000000000000000, -15.00000000000000533 ) ) ;
#539 = EDGE_LOOP ( 'NONE', ( #987, #1036, #1592, #1543 ) ) ;
#540 = CARTESIAN_POINT ( 'NONE',  ( 32.50000000000000000, 3.299999999999999822, -7.500000000000000000 ) ) ;
#541 = ORIENTED_EDGE ( 'NONE', *, *, #140, .T. ) ;
#542 = CARTESIAN_POINT ( 'NONE',  ( -16.57499999999999929, 22.00000000000000000, 3.342000000000000526 ) ) ;
#543 = ORIENTED_EDGE ( 'NONE', *, *, #84, .F. ) ;
#544 = FACE_OUTER_BOUND ( 'NONE', #347, .T. ) ;
#545 = PLANE ( 'NONE',  #1501 ) ;
#546 = ADVANCED_FACE ( 'NONE', ( #851, #1668 ), #395, .F. ) ;
#547 = DIRECTION ( 'NONE',  ( 0.000000000000000000, -0.000000000000000000, 1.000000000000000000 ) ) ;
#548 = EDGE_LOOP ( 'NONE', ( #2, #254, #1685, #52 ) ) ;
#549 = EDGE_CURVE ( 'NONE', #1480, #210, #463, .T. ) ;
#550 = DIRECTION ( 'NONE',  ( 8.659560562354932858E-17, -0.7071067811865474617, 0.7071067811865474617 ) ) ;
#551 = EDGE_LOOP ( 'NONE', ( #693, #212 ) ) ;
#552 = CYLINDRICAL_SURFACE ( 'NONE', #1355, 1.499999999999999556 ) ;
#553 = LINE ( 'NONE', #684, #341 ) ;
#554 = VECTOR ( 'NONE', #1662, 1000.000000000000000 ) ;
#555 = CARTESIAN_POINT ( 'NONE',  ( -18.76999999999999957, 19.00000000000000000, -2.758000000000000451 ) ) ;
#556 = CIRCLE ( 'NONE', #741, 1.500000000000000000 ) ;
#557 = AXIS2_PLACEMENT_3D ( 'NONE', #1613, #621, #1315 ) ;
#558 = CARTESIAN_POINT ( 'NONE',  ( -11.57499999999999574, 18.49999999999999645, -6.657999999999999474 ) ) ;
#559 = ORIENTED_EDGE ( 'NONE', *, *, #616, .T. ) ;
#560 = VECTOR ( 'NONE', #609, 1000.000000000000000 ) ;
#561 = PLANE ( 'NONE',  #811 ) ;
#562 = VERTEX_POINT ( 'NONE', #891 ) ;
#563 = EDGE_CURVE ( 'NONE', #1818, #1158, #594, .T. ) ;
#564 = DIRECTION ( 'NONE',  ( -1.000000000000000000, -0.000000000000000000, -0.000000000000000000 ) ) ;
#565 = ORIENTED_EDGE ( 'NONE', *, *, #916, .T. ) ;
#566 = DIRECTION ( 'NONE',  ( 0.000000000000000000, -0.000000000000000000, 1.000000000000000000 ) ) ;
#567 = CARTESIAN_POINT ( 'NONE',  ( -9.379999999999997229, 22.00000000000000000, 1.257000000000001227 ) ) ;
#568 = AXIS2_PLACEMENT_3D ( 'NONE', #1357, #1204, #1827 ) ;
#569 = DIRECTION ( 'NONE',  ( -1.000000000000000000, 0.000000000000000000, 0.000000000000000000 ) ) ;
#570 = AXIS2_PLACEMENT_3D ( 'NONE', #192, #1183, #753 ) ;
#571 = VERTEX_POINT ( 'NONE', #1450 ) ;
#572 = CARTESIAN_POINT ( 'NONE',  ( 22.29999999999999716, 5.000000000000000000, -15.00000000000000178 ) ) ;
#573 = EDGE_LOOP ( 'NONE', ( #1837, #132, #226, #1538 ) ) ;
#574 = UNCERTAINTY_MEASURE_WITH_UNIT (LENGTH_MEASURE( 1.000000000000000082E-05 ), #1264, 'distance_accuracy_value', 'NONE');
#575 = EDGE_CURVE ( 'NONE', #731, #562, #34, .T. ) ;
#576 = DIRECTION ( 'NONE',  ( -0.000000000000000000, -1.000000000000000000, -0.000000000000000000 ) ) ;
#577 = ORIENTED_EDGE ( 'NONE', *, *, #402, .T. ) ;
#578 = DIRECTION ( 'NONE',  ( 0.000000000000000000, 0.000000000000000000, 1.000000000000000000 ) ) ;
#579 = PLANE ( 'NONE',  #1776 ) ;
#580 = DIRECTION ( 'NONE',  ( 0.000000000000000000, 0.000000000000000000, -1.000000000000000000 ) ) ;
#581 = ORIENTED_EDGE ( 'NONE', *, *, #1759, .T. ) ;
#582 = DIRECTION ( 'NONE',  ( 1.000000000000000000, -0.000000000000000000, -0.000000000000000000 ) ) ;
#583 = ORIENTED_EDGE ( 'NONE', *, *, #94, .F. ) ;
#584 = LINE ( 'NONE', #6, #407 ) ;
#585 = ORIENTED_EDGE ( 'NONE', *, *, #1176, .F. ) ;
#586 = LINE ( 'NONE', #39, #1069 ) ;
#587 = EDGE_CURVE ( 'NONE', #1287, #176, #1812, .T. ) ;
#588 = LINE ( 'NONE', #1721, #356 ) ;
#589 = VECTOR ( 'NONE', #175, 1000.000000000000000 ) ;
#590 = EDGE_CURVE ( 'NONE', #707, #285, #1591, .T. ) ;
#591 = DIRECTION ( 'NONE',  ( 0.000000000000000000, -1.000000000000000000, 0.000000000000000000 ) ) ;
#592 = AXIS2_PLACEMENT_3D ( 'NONE', #527, #1091, #390 ) ;
#593 = ORIENTED_EDGE ( 'NONE', *, *, #575, .T. ) ;
#594 = LINE ( 'NONE', #1283, #1610 ) ;
#595 = ORIENTED_EDGE ( 'NONE', *, *, #84, .T. ) ;
#596 = FACE_OUTER_BOUND ( 'NONE', #757, .T. ) ;
#597 = ORIENTED_EDGE ( 'NONE', *, *, #1249, .T. ) ;
#598 = CARTESIAN_POINT ( 'NONE',  ( 22.30000000000000426, 5.000000000000000000, 0.000000000000000000 ) ) ;
#599 = DIRECTION ( 'NONE',  ( 0.000000000000000000, 0.000000000000000000, 1.000000000000000000 ) ) ;
#600 = FACE_BOUND ( 'NONE', #521, .T. ) ;
#601 = EDGE_CURVE ( 'NONE', #248, #1572, #1665, .T. ) ;
#602 = DIRECTION ( 'NONE',  ( 0.000000000000000000, 0.000000000000000000, 1.000000000000000000 ) ) ;
#603 = DIRECTION ( 'NONE',  ( 0.000000000000000000, 0.000000000000000000, -1.000000000000000000 ) ) ;
#604 = AXIS2_PLACEMENT_3D ( 'NONE', #1024, #732, #1756 ) ;
#605 = VERTEX_POINT ( 'NONE', #723 ) ;
#606 = AXIS2_PLACEMENT_3D ( 'NONE', #1485, #216, #789 ) ;
#607 = FACE_BOUND ( 'NONE', #1651, .T. ) ;
#608 = ORIENTED_EDGE ( 'NONE', *, *, #1195, .F. ) ;
#609 = DIRECTION ( 'NONE',  ( 1.000000000000000000, 0.000000000000000000, 0.000000000000000000 ) ) ;
#610 = DIRECTION ( 'NONE',  ( -0.000000000000000000, -1.000000000000000000, -0.000000000000000000 ) ) ;
#611 = DIRECTION ( 'NONE',  ( 1.000000000000000000, 0.000000000000000000, 0.000000000000000000 ) ) ;
#612 = DIRECTION ( 'NONE',  ( 1.000000000000000000, -2.580648725529220225E-17, 0.000000000000000000 ) ) ;
#613 = EDGE_CURVE ( 'NONE', #372, #1108, #614, .T. ) ;
#614 = LINE ( 'NONE', #182, #1096 ) ;
#615 = VERTEX_POINT ( 'NONE', #345 ) ;
#616 = EDGE_CURVE ( 'NONE', #571, #1362, #304, .T. ) ;
#617 = ORIENTED_EDGE ( 'NONE', *, *, #383, .F. ) ;
#618 = DIRECTION ( 'NONE',  ( 0.000000000000000000, 0.000000000000000000, 1.000000000000000000 ) ) ;
#619 = CARTESIAN_POINT ( 'NONE',  ( -22.07499999999999574, 16.00000000000000000, 1.842000000000000304 ) ) ;
#620 = VECTOR ( 'NONE', #576, 1000.000000000000000 ) ;
#621 = DIRECTION ( 'NONE',  ( 0.000000000000000000, 0.000000000000000000, -1.000000000000000000 ) ) ;
#622 = CARTESIAN_POINT ( 'NONE',  ( -2.000000000000000000, 0.000000000000000000, -8.657999999999999474 ) ) ;
#623 = AXIS2_PLACEMENT_3D ( 'NONE', #1828, #117, #519 ) ;
#624 = ORIENTED_EDGE ( 'NONE', *, *, #383, .T. ) ;
#625 = AXIS2_PLACEMENT_3D ( 'NONE', #865, #177, #17 ) ;
#626 = EDGE_CURVE ( 'NONE', #1231, #1773, #160, .T. ) ;
#627 = VERTEX_POINT ( 'NONE', #472 ) ;
#628 = FACE_OUTER_BOUND ( 'NONE', #1826, .T. ) ;
#629 = PLANE ( 'NONE',  #408 ) ;
#630 = DIRECTION ( 'NONE',  ( 0.000000000000000000, 0.000000000000000000, -1.000000000000000000 ) ) ;
#631 = DIRECTION ( 'NONE',  ( -4.956352788505159323E-16, -1.000000000000000000, 0.000000000000000000 ) ) ;
#632 = VERTEX_POINT ( 'NONE', #1571 ) ;
#633 = AXIS2_PLACEMENT_3D ( 'NONE', #133, #266, #504 ) ;
#634 = VECTOR ( 'NONE', #1720, 1000.000000000000000 ) ;
#635 = VERTEX_POINT ( 'NONE', #1316 ) ;
#636 = AXIS2_PLACEMENT_3D ( 'NONE', #113, #1412, #530 ) ;
#637 = EDGE_CURVE ( 'NONE', #707, #4, #1614, .T. ) ;
#638 = LINE ( 'NONE', #934, #174 ) ;
#639 = DIRECTION ( 'NONE',  ( -1.000000000000000000, 0.000000000000000000, -0.000000000000000000 ) ) ;
#640 = FACE_OUTER_BOUND ( 'NONE', #414, .T. ) ;
#641 = DIRECTION ( 'NONE',  ( 0.000000000000000000, 0.000000000000000000, 1.000000000000000000 ) ) ;
#642 = ORIENTED_EDGE ( 'NONE', *, *, #1344, .T. ) ;
#643 = EDGE_LOOP ( 'NONE', ( #597, #1115, #1361, #262, #1529, #183 ) ) ;
#644 = CYLINDRICAL_SURFACE ( 'NONE', #1207, 3.000000000000000888 ) ;
#645 = FACE_OUTER_BOUND ( 'NONE', #1737, .T. ) ;
#646 = EDGE_CURVE ( 'NONE', #1241, #194, #1278, .T. ) ;
#647 = CARTESIAN_POINT ( 'NONE',  ( 0.000000000000000000, 0.000000000000000000, -8.657999999999999474 ) ) ;
#648 = CARTESIAN_POINT ( 'NONE',  ( -18.07499999999999929, 20.49999999999999645, 3.342000000000000526 ) ) ;
#649 = ORIENTED_EDGE ( 'NONE', *, *, #7, .T. ) ;
#650 = VECTOR ( 'NONE', #667, 1000.000000000000000 ) ;
#651 = ORIENTED_EDGE ( 'NONE', *, *, #613, .F. ) ;
#652 = VECTOR ( 'NONE', #81, 1000.000000000000000 ) ;
#653 = CARTESIAN_POINT ( 'NONE',  ( 32.50000000000000000, 3.299999999999999822, -7.500000000000000000 ) ) ;
#654 = DIRECTION ( 'NONE',  ( 1.000000000000000000, 0.000000000000000000, -0.000000000000000000 ) ) ;
#655 = CARTESIAN_POINT ( 'NONE',  ( -18.07499999999999929, 20.49999999999999645, -4.573000000000000398 ) ) ;
#656 = EDGE_CURVE ( 'NONE', #931, #337, #1161, .T. ) ;
#657 = CARTESIAN_POINT ( 'NONE',  ( -5.000000000000002665, 2.000000000000000000, -6.657999999999999474 ) ) ;
#658 = ORIENTED_EDGE ( 'NONE', *, *, #1346, .F. ) ;
#659 = VERTEX_POINT ( 'NONE', #45 ) ;
#660 = FILL_AREA_STYLE_COLOUR ( '', #227 ) ;
#661 = AXIS2_PLACEMENT_3D ( 'NONE', #821, #1233, #1242 ) ;
#662 = CARTESIAN_POINT ( 'NONE',  ( -16.57499999999999574, 18.49999999999999645, 3.342000000000000526 ) ) ;
#663 = DIRECTION ( 'NONE',  ( 1.000000000000000000, 0.000000000000000000, 0.000000000000000000 ) ) ;
#664 = VERTEX_POINT ( 'NONE', #1603 ) ;
#665 = ORIENTED_EDGE ( 'NONE', *, *, #1139, .F. ) ;
#666 = ADVANCED_FACE ( 'NONE', ( #453 ), #1292, .T. ) ;
#667 = DIRECTION ( 'NONE',  ( 4.625929269271485914E-16, 0.000000000000000000, 1.000000000000000000 ) ) ;
#668 = CARTESIAN_POINT ( 'NONE',  ( 0.000000000000000000, 7.000000000000000000, 0.000000000000000000 ) ) ;
#669 = DIRECTION ( 'NONE',  ( 0.000000000000000000, -1.000000000000000000, 0.000000000000000000 ) ) ;
#670 = ORIENTED_EDGE ( 'NONE', *, *, #563, .F. ) ;
#671 = EDGE_LOOP ( 'NONE', ( #595, #14, #608, #97, #617, #997 ) ) ;
#672 = AXIS2_PLACEMENT_3D ( 'NONE', #1336, #63, #1767 ) ;
#673 = VECTOR ( 'NONE', #1534, 1000.000000000000000 ) ;
#674 = EDGE_CURVE ( 'NONE', #1789, #1158, #1035, .T. ) ;
#675 = FACE_OUTER_BOUND ( 'NONE', #295, .T. ) ;
#676 = CIRCLE ( 'NONE', #110, 1.699999999999999289 ) ;
#677 = AXIS2_PLACEMENT_3D ( 'NONE', #480, #1331, #197 ) ;
#678 = FACE_OUTER_BOUND ( 'NONE', #16, .T. ) ;
#679 = DIRECTION ( 'NONE',  ( 1.000000000000000000, -6.263383702957512848E-16, 0.000000000000000000 ) ) ;
#680 = EDGE_LOOP ( 'NONE', ( #1223, #1765, #1549, #72 ) ) ;
#681 = CARTESIAN_POINT ( 'NONE',  ( -18.76999999999999957, 16.00000000000000000, 1.257000000000001227 ) ) ;
#682 = ORIENTED_EDGE ( 'NONE', *, *, #736, .T. ) ;
#683 = DIRECTION ( 'NONE',  ( -0.000000000000000000, -0.000000000000000000, -1.000000000000000000 ) ) ;
#684 = CARTESIAN_POINT ( 'NONE',  ( 5.749999999999998224, 7.000000000000000000, -9.699999999999997513 ) ) ;
#685 = EDGE_CURVE ( 'NONE', #442, #131, #1539, .T. ) ;
#686 = VECTOR ( 'NONE', #550, 1000.000000000000114 ) ;
#687 = CARTESIAN_POINT ( 'NONE',  ( 0.000000000000000000, 7.000000000000000000, 0.000000000000000000 ) ) ;
#688 = VECTOR ( 'NONE', #698, 1000.000000000000000 ) ;
#689 = EDGE_CURVE ( 'NONE', #498, #820, #1786, .T. ) ;
#690 = DIRECTION ( 'NONE',  ( -9.912705577010318647E-16, 1.000000000000000000, -0.000000000000000000 ) ) ;
#691 = ORIENTED_EDGE ( 'NONE', *, *, #1630, .T. ) ;
#692 = DIRECTION ( 'NONE',  ( -1.000000000000000000, 0.000000000000000000, 4.625929269271485914E-16 ) ) ;
#693 = ORIENTED_EDGE ( 'NONE', *, *, #75, .T. ) ;
#694 =( NAMED_UNIT ( * ) PLANE_ANGLE_UNIT ( ) SI_UNIT ( $, .RADIAN. ) );
#695 = EDGE_LOOP ( 'NONE', ( #107, #464, #1728, #1156 ) ) ;
#696 = LINE ( 'NONE', #1533, #1612 ) ;
#697 = LINE ( 'NONE', #1387, #381 ) ;
#698 = DIRECTION ( 'NONE',  ( 0.000000000000000000, 0.000000000000000000, -1.000000000000000000 ) ) ;
#699 = EDGE_CURVE ( 'NONE', #176, #1287, #185, .T. ) ;
#700 = ORIENTED_EDGE ( 'NONE', *, *, #1152, .F. ) ;
#701 = CARTESIAN_POINT ( 'NONE',  ( -23.57499999999999929, 19.00000000000000000, -2.758000000000000451 ) ) ;
#702 = ORIENTED_EDGE ( 'NONE', *, *, #249, .T. ) ;
#703 = UNCERTAINTY_MEASURE_WITH_UNIT (LENGTH_MEASURE( 1.000000000000000082E-05 ), #1661, 'distance_accuracy_value', 'NONE');
#704 =( BOUNDED_CURVE ( )  B_SPLINE_CURVE ( 3, ( #959, #1522, #1239, #1810 ),
 .UNSPECIFIED., .F., .F. ) 
 B_SPLINE_CURVE_WITH_KNOTS ( ( 4, 4 ),
 ( 1.570796326794896558, 3.141592653589793116 ),
 .UNSPECIFIED. ) 
 CURVE ( )  GEOMETRIC_REPRESENTATION_ITEM ( )  RATIONAL_B_SPLINE_CURVE ( ( 1.000000000000000000, 0.8047378541243649375, 0.8047378541243649375, 1.000000000000000000 ) ) 
 REPRESENTATION_ITEM ( '' )  );
#705 = CARTESIAN_POINT ( 'NONE',  ( 5.749999999999998224, 1.000000000000010436, -7.500000000000000000 ) ) ;
#706 = VECTOR ( 'NONE', #1515, 1000.000000000000000 ) ;
#707 = VERTEX_POINT ( 'NONE', #870 ) ;
#708 = CARTESIAN_POINT ( 'NONE',  ( 1.999999999999997335, 7.000000000000000000, 2.000000000000000000 ) ) ;
#709 = CIRCLE ( 'NONE', #739, 1.500000000000000000 ) ;
#710 = CARTESIAN_POINT ( 'NONE',  ( 1.999999999999997335, 9.000000000000001776, 0.000000000000000000 ) ) ;
#711 = VECTOR ( 'NONE', #898, 1000.000000000000000 ) ;
#712 = PLANE ( 'NONE',  #537 ) ;
#713 = ORIENTED_EDGE ( 'NONE', *, *, #822, .F. ) ;
#714 = EDGE_CURVE ( 'NONE', #285, #238, #1430, .T. ) ;
#715 = CARTESIAN_POINT ( 'NONE',  ( -10.07499999999999396, 22.00000000000000000, 3.342000000000000526 ) ) ;
#716 = ORIENTED_EDGE ( 'NONE', *, *, #364, .T. ) ;
#717 = CARTESIAN_POINT ( 'NONE',  ( 59.25000000000000000, 7.000000000000000000, -5.300000000000007816 ) ) ;
#718 = ORIENTED_EDGE ( 'NONE', *, *, #252, .T. ) ;
#719 = DIRECTION ( 'NONE',  ( 0.000000000000000000, -0.000000000000000000, 1.000000000000000000 ) ) ;
#720 = CARTESIAN_POINT ( 'NONE',  ( 32.50000000000000000, 3.299999999999999822, -10.50000000000000000 ) ) ;
#721 = DIRECTION ( 'NONE',  ( 0.000000000000000000, -0.000000000000000000, 1.000000000000000000 ) ) ;
#722 = ORIENTED_EDGE ( 'NONE', *, *, #1139, .T. ) ;
#723 = CARTESIAN_POINT ( 'NONE',  ( 32.50000000000000000, 3.299999999999999822, -4.499999999999998224 ) ) ;
#724 = ORIENTED_EDGE ( 'NONE', *, *, #945, .T. ) ;
#725 = LINE ( 'NONE', #1727, #255 ) ;
#726 = EDGE_CURVE ( 'NONE', #33, #1719, #69, .T. ) ;
#727 = ORIENTED_EDGE ( 'NONE', *, *, #1313, .T. ) ;
#728 = LINE ( 'NONE', #1149, #634 ) ;
#729 = CARTESIAN_POINT ( 'NONE',  ( 32.50000000000000000, 7.000000000000000000, -9.199999999999999289 ) ) ;
#730 = LINE ( 'NONE', #1722, #1329 ) ;
#731 = VERTEX_POINT ( 'NONE', #377 ) ;
#732 = DIRECTION ( 'NONE',  ( 0.000000000000000000, 1.000000000000000000, 0.000000000000000000 ) ) ;
#733 = VERTEX_POINT ( 'NONE', #1502 ) ;
#734 = ORIENTED_EDGE ( 'NONE', *, *, #1673, .T. ) ;
#735 = CARTESIAN_POINT ( 'NONE',  ( -18.76999999999999957, 22.00000000000000000, 1.257000000000001227 ) ) ;
#736 = EDGE_CURVE ( 'NONE', #1551, #386, #1075, .T. ) ;
#737 = DIRECTION ( 'NONE',  ( 0.000000000000000000, 0.000000000000000000, 1.000000000000000000 ) ) ;
#738 = PRODUCT_DEFINITION_FORMATION_WITH_SPECIFIED_SOURCE ( 'ANY', '', #73, .NOT_KNOWN. ) ;
#739 = AXIS2_PLACEMENT_3D ( 'NONE', #619, #591, #1428 ) ;
#740 = CARTESIAN_POINT ( 'NONE',  ( 1.999999999999997335, 0.000000000000000000, 2.000000000000000000 ) ) ;
#741 = AXIS2_PLACEMENT_3D ( 'NONE', #1555, #1446, #599 ) ;
#742 = EDGE_LOOP ( 'NONE', ( #484, #1317, #1085, #21 ) ) ;
#743 = DIRECTION ( 'NONE',  ( 0.000000000000000000, 0.000000000000000000, 1.000000000000000000 ) ) ;
#744 = VERTEX_POINT ( 'NONE', #234 ) ;
#745 = CARTESIAN_POINT ( 'NONE',  ( -16.57499999999999574, 18.49999999999999645, -4.573000000000000398 ) ) ;
#746 = ORIENTED_EDGE ( 'NONE', *, *, #587, .F. ) ;
#747 = DIRECTION ( 'NONE',  ( 0.000000000000000000, -1.000000000000000000, 0.000000000000000000 ) ) ;
#748 = DIRECTION ( 'NONE',  ( 0.000000000000000000, 1.000000000000000000, 0.000000000000000000 ) ) ;
#749 = EDGE_CURVE ( 'NONE', #973, #1106, #1657, .T. ) ;
#750 = CARTESIAN_POINT ( 'NONE',  ( 5.749999999999998224, 1.000000000000010436, -7.500000000000000000 ) ) ;
#751 = ADVANCED_FACE ( 'NONE', ( #1350 ), #78, .T. ) ;
#752 = CARTESIAN_POINT ( 'NONE',  ( 0.000000000000000000, 7.000000000000000000, -15.00000000000000000 ) ) ;
#753 = DIRECTION ( 'NONE',  ( 0.000000000000000000, 0.000000000000000000, -1.000000000000000000 ) ) ;
#754 = AXIS2_PLACEMENT_3D ( 'NONE', #572, #692, #1705 ) ;
#755 = ORIENTED_EDGE ( 'NONE', *, *, #1584, .F. ) ;
#756 = AXIS2_PLACEMENT_3D ( 'NONE', #771, #1332, #1359 ) ;
#757 = EDGE_LOOP ( 'NONE', ( #1044, #727, #1586, #1694, #1045, #105, #1429, #766, #901, #716 ) ) ;
#758 = FACE_BOUND ( 'NONE', #500, .T. ) ;
#759 = EDGE_CURVE ( 'NONE', #615, #1480, #781, .T. ) ;
#760 = CARTESIAN_POINT ( 'NONE',  ( 65.00000000000000000, 0.000000000000000000, -15.00000000000000000 ) ) ;
#761 = DIRECTION ( 'NONE',  ( -0.000000000000000000, 1.000000000000000000, -0.000000000000000000 ) ) ;
#762 = EDGE_CURVE ( 'NONE', #159, #627, #796, .T. ) ;
#763 = CARTESIAN_POINT ( 'NONE',  ( -23.57499999999999929, 22.00000000000000000, 3.342000000000000526 ) ) ;
#764 = ORIENTED_EDGE ( 'NONE', *, *, #1598, .F. ) ;
#765 = DIRECTION ( 'NONE',  ( 1.000000000000000000, 0.000000000000000000, 0.000000000000000000 ) ) ;
#766 = ORIENTED_EDGE ( 'NONE', *, *, #1792, .T. ) ;
#767 = PLANE ( 'NONE',  #258 ) ;
#768 = FACE_OUTER_BOUND ( 'NONE', #1632, .T. ) ;
#769 = VECTOR ( 'NONE', #426, 1000.000000000000000 ) ;
#770 = PLANE ( 'NONE',  #1476 ) ;
#771 = CARTESIAN_POINT ( 'NONE',  ( 0.000000000000000000, 0.000000000000000000, 3.342000000000000526 ) ) ;
#772 = AXIS2_PLACEMENT_3D ( 'NONE', #740, #1153, #1418 ) ;
#773 = VERTEX_POINT ( 'NONE', #86 ) ;
#774 = EDGE_CURVE ( 'NONE', #194, #1276, #224, .T. ) ;
#775 = ORIENTED_EDGE ( 'NONE', *, *, #749, .F. ) ;
#776 = FACE_OUTER_BOUND ( 'NONE', #1504, .T. ) ;
#777 = DIRECTION ( 'NONE',  ( 0.000000000000000000, 0.000000000000000000, 1.000000000000000000 ) ) ;
#778 = CARTESIAN_POINT ( 'NONE',  ( -16.57499999999999929, 22.00000000000000000, 1.257000000000002116 ) ) ;
#779 = DIRECTION ( 'NONE',  ( 1.000000000000000000, 0.000000000000000000, 0.000000000000000000 ) ) ;
#780 = ORIENTED_EDGE ( 'NONE', *, *, #1509, .T. ) ;
#781 = CIRCLE ( 'NONE', #1339, 1.500000000000001332 ) ;
#782 = ORIENTED_EDGE ( 'NONE', *, *, #1593, .F. ) ;
#783 = VECTOR ( 'NONE', #505, 1000.000000000000000 ) ;
#784 = EDGE_CURVE ( 'NONE', #491, #1707, #1731, .T. ) ;
#785 = DIRECTION ( 'NONE',  ( 0.000000000000000000, -1.000000000000000000, 0.000000000000000000 ) ) ;
#786 = AXIS2_PLACEMENT_3D ( 'NONE', #846, #1680, #1701 ) ;
#787 = CARTESIAN_POINT ( 'NONE',  ( -2.000000000000001776, 22.00000000000000000, -6.657999999999999474 ) ) ;
#788 = DIRECTION ( 'NONE',  ( -0.000000000000000000, 1.000000000000000000, -0.000000000000000000 ) ) ;
#789 = DIRECTION ( 'NONE',  ( 0.000000000000000000, 0.000000000000000000, -1.000000000000000000 ) ) ;
#790 = ORIENTED_EDGE ( 'NONE', *, *, #1356, .F. ) ;
#791 = VERTEX_POINT ( 'NONE', #1214 ) ;
#792 = DIRECTION ( 'NONE',  ( 0.000000000000000000, 0.000000000000000000, 1.000000000000000000 ) ) ;
#793 = EDGE_CURVE ( 'NONE', #1070, #864, #921, .T. ) ;
#794 = LINE ( 'NONE', #278, #354 ) ;
#795 = CARTESIAN_POINT ( 'NONE',  ( -11.57499999999999574, 18.49999999999999645, 3.342000000000000526 ) ) ;
#796 = LINE ( 'NONE', #1050, #1667 ) ;
#797 = VERTEX_POINT ( 'NONE', #1649 ) ;
#798 = AXIS2_PLACEMENT_3D ( 'NONE', #980, #134, #239 ) ;
#799 = ORIENTED_EDGE ( 'NONE', *, *, #351, .F. ) ;
#800 = CIRCLE ( 'NONE', #967, 3.200000000000008171 ) ;
#801 = VECTOR ( 'NONE', #1755, 1000.000000000000000 ) ;
#802 = CARTESIAN_POINT ( 'NONE',  ( 59.25000000000000000, 7.000000000000000000, -9.699999999999992184 ) ) ;
#803 = PLANE ( 'NONE',  #1180 ) ;
#804 = EDGE_CURVE ( 'NONE', #1563, #1251, #1246, .T. ) ;
#805 = CARTESIAN_POINT ( 'NONE',  ( -11.57499999999999396, 20.49999999999999645, -6.657999999999999474 ) ) ;
#806 = DIRECTION ( 'NONE',  ( -0.000000000000000000, -0.000000000000000000, 1.000000000000000000 ) ) ;
#807 = ADVANCED_FACE ( 'NONE', ( #1641 ), #1493, .F. ) ;
#808 = ORIENTED_EDGE ( 'NONE', *, *, #190, .T. ) ;
#809 = VERTEX_POINT ( 'NONE', #59 ) ;
#810 = LINE ( 'NONE', #124, #1713 ) ;
#811 = AXIS2_PLACEMENT_3D ( 'NONE', #1695, #1421, #149 ) ;
#812 = ORIENTED_EDGE ( 'NONE', *, *, #1519, .T. ) ;
#813 = CARTESIAN_POINT ( 'NONE',  ( 32.50000000000000000, 3.299999999999999822, -9.199999999999999289 ) ) ;
#814 = CARTESIAN_POINT ( 'NONE',  ( 5.749999999999998224, 7.000000000000000000, -7.500000000000000000 ) ) ;
#815 = VERTEX_POINT ( 'NONE', #657 ) ;
#816 = EDGE_CURVE ( 'NONE', #424, #1583, #490, .T. ) ;
#817 = ORIENTED_EDGE ( 'NONE', *, *, #774, .T. ) ;
#818 = CARTESIAN_POINT ( 'NONE',  ( -5.000000000000004441, 16.00000000000000000, -6.657999999999999474 ) ) ;
#819 = DIRECTION ( 'NONE',  ( 1.000000000000000000, 0.000000000000000000, 0.000000000000000000 ) ) ;
#820 = VERTEX_POINT ( 'NONE', #497 ) ;
#821 = CARTESIAN_POINT ( 'NONE',  ( -18.76999999999999957, 22.00000000000000000, -4.573000000000000398 ) ) ;
#822 = EDGE_CURVE ( 'NONE', #120, #1184, #40, .T. ) ;
#823 = VERTEX_POINT ( 'NONE', #1621 ) ;
#824 = VECTOR ( 'NONE', #231, 1000.000000000000000 ) ;
#825 = DIRECTION ( 'NONE',  ( 0.000000000000000000, -1.000000000000000000, 0.000000000000000000 ) ) ;
#826 = VECTOR ( 'NONE', #41, 1000.000000000000000 ) ;
#827 = CARTESIAN_POINT ( 'NONE',  ( 0.000000000000000000, 7.000000000000000000, -8.657999999999999474 ) ) ;
#828 = CYLINDRICAL_SURFACE ( 'NONE', #1098, 1.500000000000001332 ) ;
#829 = ORIENTED_EDGE ( 'NONE', *, *, #465, .F. ) ;
#830 = DIRECTION ( 'NONE',  ( -1.000000000000000000, -0.000000000000000000, -0.000000000000000000 ) ) ;
#831 = VERTEX_POINT ( 'NONE', #352 ) ;
#832 = EDGE_CURVE ( 'NONE', #809, #951, #306, .T. ) ;
#833 =( NAMED_UNIT ( * ) SI_UNIT ( $, .STERADIAN. ) SOLID_ANGLE_UNIT ( ) );
#834 = VERTEX_POINT ( 'NONE', #1631 ) ;
#835 = LINE ( 'NONE', #406, #1573 ) ;
#836 = ADVANCED_FACE ( 'NONE', ( #360 ), #456, .F. ) ;
#837 = CIRCLE ( 'NONE', #1484, 2.199999999999991740 ) ;
#838 = FACE_OUTER_BOUND ( 'NONE', #539, .T. ) ;
#839 = AXIS2_PLACEMENT_3D ( 'NONE', #385, #1066, #641 ) ;
#840 = FACE_OUTER_BOUND ( 'NONE', #297, .T. ) ;
#841 = CARTESIAN_POINT ( 'NONE',  ( -18.07499999999999929, 22.00000000000000000, -4.573000000000000398 ) ) ;
#842 = CYLINDRICAL_SURFACE ( 'NONE', #636, 3.000000000000000888 ) ;
#843 = ORIENTED_EDGE ( 'NONE', *, *, #1313, .F. ) ;
#844 = FACE_OUTER_BOUND ( 'NONE', #1561, .T. ) ;
#845 = ORIENTED_EDGE ( 'NONE', *, *, #626, .F. ) ;
#846 = CARTESIAN_POINT ( 'NONE',  ( 59.25000000000000000, 7.000000000000000000, -7.500000000000000000 ) ) ;
#847 = LINE ( 'NONE', #668, #1086 ) ;
#848 = EDGE_CURVE ( 'NONE', #562, #1241, #247, .T. ) ;
#849 = CARTESIAN_POINT ( 'NONE',  ( 5.749999999999998224, 1.000000000000010436, -5.300000000000001599 ) ) ;
#850 = ORIENTED_EDGE ( 'NONE', *, *, #590, .F. ) ;
#851 = FACE_BOUND ( 'NONE', #944, .T. ) ;
#852 = ORIENTED_EDGE ( 'NONE', *, *, #201, .T. ) ;
#853 = DIRECTION ( 'NONE',  ( -0.000000000000000000, -1.000000000000000000, -0.000000000000000000 ) ) ;
#854 = EDGE_LOOP ( 'NONE', ( #1389, #1051 ) ) ;
#855 = LINE ( 'NONE', #795, #1129 ) ;
#856 = AXIS2_PLACEMENT_3D ( 'NONE', #189, #1172, #1435 ) ;
#857 = DIRECTION ( 'NONE',  ( 0.000000000000000000, 0.000000000000000000, -1.000000000000000000 ) ) ;
#858 = CYLINDRICAL_SURFACE ( 'NONE', #202, 1.700000000000000178 ) ;
#859 = EDGE_LOOP ( 'NONE', ( #317, #1333, #1380, #1386 ) ) ;
#860 = EDGE_CURVE ( 'NONE', #1688, #1789, #137, .T. ) ;
#861 = DIRECTION ( 'NONE',  ( 0.000000000000000000, 0.000000000000000000, 1.000000000000000000 ) ) ;
#862 = ORIENTED_EDGE ( 'NONE', *, *, #1420, .T. ) ;
#863 = CARTESIAN_POINT ( 'NONE',  ( -5.000000000000002665, 2.000000000000000000, 3.342000000000000526 ) ) ;
#864 = VERTEX_POINT ( 'NONE', #538 ) ;
#865 = CARTESIAN_POINT ( 'NONE',  ( -7.000000000000006217, 14.00000000000000000, -6.657999999999999474 ) ) ;
#866 = CARTESIAN_POINT ( 'NONE',  ( 32.50000000000000000, 5.000000000000000000, -7.500000000000000000 ) ) ;
#867 = FACE_OUTER_BOUND ( 'NONE', #1724, .T. ) ;
#868 = VECTOR ( 'NONE', #514, 1000.000000000000000 ) ;
#869 = ORIENTED_EDGE ( 'NONE', *, *, #94, .T. ) ;
#870 = CARTESIAN_POINT ( 'NONE',  ( -18.76999999999999957, 22.00000000000000000, -4.573000000000000398 ) ) ;
#871 = ORIENTED_EDGE ( 'NONE', *, *, #18, .F. ) ;
#872 = ADVANCED_FACE ( 'NONE', ( #1822 ), #259, .T. ) ;
#873 =( NAMED_UNIT ( * ) PLANE_ANGLE_UNIT ( ) SI_UNIT ( $, .RADIAN. ) );
#874 = ORIENTED_EDGE ( 'NONE', *, *, #848, .F. ) ;
#875 = CARTESIAN_POINT ( 'NONE',  ( 1.999999999999997335, 0.000000000000000000, 0.000000000000000000 ) ) ;
#876 = CARTESIAN_POINT ( 'NONE',  ( 22.29999999999999716, 5.000000000000000000, -15.00000000000000178 ) ) ;
#877 = CARTESIAN_POINT ( 'NONE',  ( -16.57499999999999929, 22.00000000000000000, -6.657999999999999474 ) ) ;
#878 = VERTEX_POINT ( 'NONE', #268 ) ;
#879 = DIRECTION ( 'NONE',  ( -1.000000000000000000, 0.000000000000000000, 0.000000000000000000 ) ) ;
#880 = EDGE_LOOP ( 'NONE', ( #1438, #983, #217, #435, #808, #1469, #1306, #976, #1487, #123, #1308, #1177, #649, #508, #541 ) ) ;
#881 = EDGE_CURVE ( 'NONE', #831, #632, #187, .T. ) ;
#882 = CARTESIAN_POINT ( 'NONE',  ( 32.50000000000000000, 7.000000000000000000, -5.800000000000000711 ) ) ;
#883 = ORIENTED_EDGE ( 'NONE', *, *, #1676, .F. ) ;
#884 = CARTESIAN_POINT ( 'NONE',  ( 42.70000000000000995, 5.000000000000000000, -3.747419205390900109E-15 ) ) ;
#885 = EDGE_CURVE ( 'NONE', #355, #1706, #1788, .T. ) ;
#886 = DIRECTION ( 'NONE',  ( 0.000000000000000000, 0.000000000000000000, -1.000000000000000000 ) ) ;
#887 = VECTOR ( 'NONE', #1482, 1000.000000000000000 ) ;
#888 = LINE ( 'NONE', #333, #1031 ) ;
#889 = VECTOR ( 'NONE', #618, 1000.000000000000000 ) ;
#890 = LINE ( 'NONE', #1164, #444 ) ;
#891 = CARTESIAN_POINT ( 'NONE',  ( -3.000000000000002665, -1.252676740591502570E-15, -6.657999999999999474 ) ) ;
#892 = ORIENTED_EDGE ( 'NONE', *, *, #221, .F. ) ;
#893 = VERTEX_POINT ( 'NONE', #400 ) ;
#894 = LINE ( 'NONE', #186, #1010 ) ;
#895 = CARTESIAN_POINT ( 'NONE',  ( 5.749999999999998224, 0.000000000000000000, -7.500000000000000000 ) ) ;
#896 = EDGE_CURVE ( 'NONE', #1551, #1536, #1408, .T. ) ;
#897 = LINE ( 'NONE', #470, #1358 ) ;
#898 = DIRECTION ( 'NONE',  ( -1.000000000000000000, -0.000000000000000000, -0.000000000000000000 ) ) ;
#899 = CARTESIAN_POINT ( 'NONE',  ( -18.76999999999999957, 19.00000000000000000, -1.507999999999998897 ) ) ;
#900 = VECTOR ( 'NONE', #28, 1000.000000000000000 ) ;
#901 = ORIENTED_EDGE ( 'NONE', *, *, #343, .T. ) ;
#902 = ORIENTED_EDGE ( 'NONE', *, *, #425, .F. ) ;
#903 = CARTESIAN_POINT ( 'NONE',  ( 32.50000000000000000, 0.000000000000000000, -10.50000000000000000 ) ) ;
#904 = PLANE ( 'NONE',  #1230 ) ;
#905 = EDGE_CURVE ( 'NONE', #210, #659, #242, .T. ) ;
#906 = DIRECTION ( 'NONE',  ( -1.000000000000000000, -0.000000000000000000, -0.000000000000000000 ) ) ;
#907 = CARTESIAN_POINT ( 'NONE',  ( -16.57499999999999929, 20.49999999999999645, -6.657999999999999474 ) ) ;
#908 = ORIENTED_EDGE ( 'NONE', *, *, #151, .F. ) ;
#909 = ORIENTED_EDGE ( 'NONE', *, *, #1152, .T. ) ;
#910 = DIRECTION ( 'NONE',  ( -0.000000000000000000, -1.000000000000000000, -0.000000000000000000 ) ) ;
#911 = LINE ( 'NONE', #1618, #138 ) ;
#912 = CARTESIAN_POINT ( 'NONE',  ( -5.000000000000002665, 0.000000000000000000, 3.342000000000000526 ) ) ;
#913 = DIRECTION ( 'NONE',  ( 0.000000000000000000, -1.000000000000000000, 0.000000000000000000 ) ) ;
#914 = VECTOR ( 'NONE', #299, 1000.000000000000000 ) ;
#915 = EDGE_LOOP ( 'NONE', ( #871, #1675, #1253, #112 ) ) ;
#916 = EDGE_CURVE ( 'NONE', #1007, #379, #280, .T. ) ;
#917 = ORIENTED_EDGE ( 'NONE', *, *, #62, .T. ) ;
#918 = DIRECTION ( 'NONE',  ( 0.000000000000000000, 0.000000000000000000, -1.000000000000000000 ) ) ;
#919 = DIRECTION ( 'NONE',  ( 0.000000000000000000, 0.000000000000000000, -1.000000000000000000 ) ) ;
#920 = CARTESIAN_POINT ( 'NONE',  ( -23.57499999999999929, 19.00000000000000000, -0.2579999999999973981 ) ) ;
#921 = LINE ( 'NONE', #520, #367 ) ;
#922 = ORIENTED_EDGE ( 'NONE', *, *, #1322, .T. ) ;
#923 = VECTOR ( 'NONE', #1155, 1000.000000000000000 ) ;
#924 = ADVANCED_FACE ( 'NONE', ( #840 ), #828, .T. ) ;
#925 = ORIENTED_EDGE ( 'NONE', *, *, #140, .F. ) ;
#926 = VECTOR ( 'NONE', #679, 1000.000000000000000 ) ;
#927 = DIRECTION ( 'NONE',  ( -1.000000000000000000, -1.084202172485504434E-16, 0.000000000000000000 ) ) ;
#928 = DIRECTION ( 'NONE',  ( 0.000000000000000000, -1.000000000000000000, 0.000000000000000000 ) ) ;
#929 = DIRECTION ( 'NONE',  ( -0.000000000000000000, -1.000000000000000000, -0.000000000000000000 ) ) ;
#930 = DIRECTION ( 'NONE',  ( 8.659560562354931626E-17, -0.7071067811865477948, 0.7071067811865473507 ) ) ;
#931 = VERTEX_POINT ( 'NONE', #1830 ) ;
#932 = ORIENTED_EDGE ( 'NONE', *, *, #487, .T. ) ;
#933 = ADVANCED_FACE ( 'NONE', ( #118 ), #1111, .F. ) ;
#934 = CARTESIAN_POINT ( 'NONE',  ( -7.000000000000006217, 16.00000000000000000, 3.342000000000000526 ) ) ;
#935 = ADVANCED_FACE ( 'NONE', ( #1811 ), #1804, .T. ) ;
#936 = LINE ( 'NONE', #1040, #887 ) ;
#937 = DIRECTION ( 'NONE',  ( -1.000000000000000000, -0.000000000000000000, -0.000000000000000000 ) ) ;
#938 = VECTOR ( 'NONE', #1463, 1000.000000000000000 ) ;
#939 = DIRECTION ( 'NONE',  ( 4.625929269271485914E-16, 0.000000000000000000, 1.000000000000000000 ) ) ;
#940 = ORIENTED_EDGE ( 'NONE', *, *, #1102, .F. ) ;
#941 = ORIENTED_EDGE ( 'NONE', *, *, #1038, .F. ) ;
#942 = CIRCLE ( 'NONE', #677, 1.999999999999999556 ) ;
#943 = DIRECTION ( 'NONE',  ( 0.000000000000000000, -0.000000000000000000, -1.000000000000000000 ) ) ;
#944 = EDGE_LOOP ( 'NONE', ( #1650, #746 ) ) ;
#945 = EDGE_CURVE ( 'NONE', #1773, #1007, #1683, .T. ) ;
#946 = LINE ( 'NONE', #818, #554 ) ;
#947 = ADVANCED_FACE ( 'NONE', ( #1674 ), #712, .T. ) ;
#948 = CARTESIAN_POINT ( 'NONE',  ( -2.000000000000002220, 19.99999999999999645, -6.657999999999999474 ) ) ;
#949 = ORIENTED_EDGE ( 'NONE', *, *, #646, .F. ) ;
#950 = AXIS2_PLACEMENT_3D ( 'NONE', #708, #513, #1118 ) ;
#951 = VERTEX_POINT ( 'NONE', #849 ) ;
#952 = VECTOR ( 'NONE', #1305, 1000.000000000000000 ) ;
#953 = DIRECTION ( 'NONE',  ( 1.000000000000000000, 0.000000000000000000, 0.000000000000000000 ) ) ;
#954 = EDGE_CURVE ( 'NONE', #1813, #731, #1578, .T. ) ;
#955 = CARTESIAN_POINT ( 'NONE',  ( -5.000000000000002665, 0.000000000000000000, -6.657999999999999474 ) ) ;
#956 = ORIENTED_EDGE ( 'NONE', *, *, #198, .T. ) ;
#957 = DIRECTION ( 'NONE',  ( -1.000000000000000000, 0.000000000000000000, 0.000000000000000000 ) ) ;
#958 = ORIENTED_EDGE ( 'NONE', *, *, #1630, .F. ) ;
#959 = CARTESIAN_POINT ( 'NONE',  ( -2.000000000000000000, 9.000000000000001776, -6.657999999999999474 ) ) ;
#960 = CARTESIAN_POINT ( 'NONE',  ( 22.29999999999999716, 5.000000000000000000, -15.00000000000000178 ) ) ;
#961 = ORIENTED_EDGE ( 'NONE', *, *, #860, .T. ) ;
#962 = EDGE_CURVE ( 'NONE', #791, #1532, #1814, .T. ) ;
#963 = FACE_OUTER_BOUND ( 'NONE', #1696, .T. ) ;
#964 = ORIENTED_EDGE ( 'NONE', *, *, #563, .T. ) ;
#965 = EDGE_CURVE ( 'NONE', #1251, #1563, #1562, .T. ) ;
#966 = LINE ( 'NONE', #1220, #54 ) ;
#967 = AXIS2_PLACEMENT_3D ( 'NONE', #1427, #287, #857 ) ;
#968 = CYLINDRICAL_SURFACE ( 'NONE', #950, 2.000000000000000000 ) ;
#969 = LINE ( 'NONE', #1802, #673 ) ;
#970 = CARTESIAN_POINT ( 'NONE',  ( -7.000000000000006217, 14.00000000000000000, 3.342000000000000526 ) ) ;
#971 = ORIENTED_EDGE ( 'NONE', *, *, #1346, .T. ) ;
#972 = CARTESIAN_POINT ( 'NONE',  ( -18.76999999999999957, 22.00000000000000000, 1.257000000000001227 ) ) ;
#973 = VERTEX_POINT ( 'NONE', #1229 ) ;
#974 = ADVANCED_FACE ( 'NONE', ( #1754 ), #1524, .F. ) ;
#975 = DIRECTION ( 'NONE',  ( 0.000000000000000000, 0.000000000000000000, 1.000000000000000000 ) ) ;
#976 = ORIENTED_EDGE ( 'NONE', *, *, #759, .T. ) ;
#977 = DIRECTION ( 'NONE',  ( -1.000000000000000000, 0.000000000000000000, 0.000000000000000000 ) ) ;
#978 = VECTOR ( 'NONE', #788, 1000.000000000000000 ) ;
#979 = AXIS2_PLACEMENT_3D ( 'NONE', #1134, #1382, #141 ) ;
#980 = CARTESIAN_POINT ( 'NONE',  ( 59.25000000000000000, 1.000000000000017319, -7.500000000000000000 ) ) ;
#981 = AXIS2_PLACEMENT_3D ( 'NONE', #1367, #1084, #370 ) ;
#982 = DIRECTION ( 'NONE',  ( 0.000000000000000000, -0.000000000000000000, 1.000000000000000000 ) ) ;
#983 = ORIENTED_EDGE ( 'NONE', *, *, #822, .T. ) ;
#984 = PLANE ( 'NONE',  #661 ) ;
#985 = EDGE_LOOP ( 'NONE', ( #1291, #1413 ) ) ;
#986 = LINE ( 'NONE', #1838, #996 ) ;
#987 = ORIENTED_EDGE ( 'NONE', *, *, #1821, .T. ) ;
#988 = CARTESIAN_POINT ( 'NONE',  ( -18.77000000000000313, 16.00000000000000000, -4.573000000000000398 ) ) ;
#989 = DIRECTION ( 'NONE',  ( -0.000000000000000000, 1.000000000000000000, -0.000000000000000000 ) ) ;
#990 = EDGE_CURVE ( 'NONE', #1505, #498, #897, .T. ) ;
#991 = DIRECTION ( 'NONE',  ( -0.000000000000000000, -0.000000000000000000, 1.000000000000000000 ) ) ;
#992 = EDGE_LOOP ( 'NONE', ( #1512, #458, #1462, #1127 ) ) ;
#993 = CARTESIAN_POINT ( 'NONE',  ( -22.07499999999999574, 0.000000000000000000, -6.657999999999999474 ) ) ;
#994 = ORIENTED_EDGE ( 'NONE', *, *, #104, .F. ) ;
#995 =( NAMED_UNIT ( * ) SI_UNIT ( $, .STERADIAN. ) SOLID_ANGLE_UNIT ( ) );
#996 = VECTOR ( 'NONE', #1286, 1000.000000000000114 ) ;
#997 = ORIENTED_EDGE ( 'NONE', *, *, #1038, .T. ) ;
#998 = CARTESIAN_POINT ( 'NONE',  ( -11.57499999999999396, 22.00000000000000000, -6.657999999999999474 ) ) ;
#999 = CIRCLE ( 'NONE', #772, 2.000000000000000000 ) ;
#1000 = CARTESIAN_POINT ( 'NONE',  ( -10.07499999999999396, 22.00000000000000000, 1.257000000000001227 ) ) ;
#1001 = CARTESIAN_POINT ( 'NONE',  ( -10.07499999999999396, 20.49999999999999645, -4.573000000000000398 ) ) ;
#1002 = ADVANCED_FACE ( 'NONE', ( #867 ), #1032, .T. ) ;
#1003 = ORIENTED_EDGE ( 'NONE', *, *, #136, .T. ) ;
#1004 = DIRECTION ( 'NONE',  ( 0.000000000000000000, 0.000000000000000000, 1.000000000000000000 ) ) ;
#1005 = ORIENTED_EDGE ( 'NONE', *, *, #1519, .F. ) ;
#1006 = CARTESIAN_POINT ( 'NONE',  ( 32.50000000000000000, 3.299999999999999822, -7.500000000000000000 ) ) ;
#1007 = VERTEX_POINT ( 'NONE', #760 ) ;
#1008 = CARTESIAN_POINT ( 'NONE',  ( 1.999999999999997335, 7.000000000000000000, -8.657999999999999474 ) ) ;
#1009 = DIRECTION ( 'NONE',  ( -2.580648725529220225E-17, -1.000000000000000000, 0.000000000000000000 ) ) ;
#1010 = VECTOR ( 'NONE', #719, 1000.000000000000000 ) ;
#1011 = DIRECTION ( 'NONE',  ( -9.912705577010318647E-16, 1.000000000000000000, 0.000000000000000000 ) ) ;
#1012 = AXIS2_PLACEMENT_3D ( 'NONE', #814, #1373, #528 ) ;
#1013 = ORIENTED_EDGE ( 'NONE', *, *, #1273, .F. ) ;
#1014 = EDGE_CURVE ( 'NONE', #744, #1478, #1715, .T. ) ;
#1015 = DIRECTION ( 'NONE',  ( -1.000000000000000000, 4.956352788505159323E-16, 0.000000000000000000 ) ) ;
#1016 = ORIENTED_EDGE ( 'NONE', *, *, #252, .F. ) ;
#1017 = ADVANCED_FACE ( 'NONE', ( #1457 ), #1733, .T. ) ;
#1018 = CARTESIAN_POINT ( 'NONE',  ( 0.000000000000000000, 7.000000000000000000, -15.00000000000000000 ) ) ;
#1019 = EDGE_LOOP ( 'NONE', ( #1209, #1671, #251, #902 ) ) ;
#1020 = DIRECTION ( 'NONE',  ( 0.000000000000000000, 0.000000000000000000, 1.000000000000000000 ) ) ;
#1021 = DIRECTION ( 'NONE',  ( -0.000000000000000000, -1.000000000000000000, -0.000000000000000000 ) ) ;
#1022 = CARTESIAN_POINT ( 'NONE',  ( 42.70000000000000995, 5.000000000000000000, -3.747419205390900109E-15 ) ) ;
#1023 = PLANE ( 'NONE',  #1753 ) ;
#1024 = CARTESIAN_POINT ( 'NONE',  ( -22.07499999999999574, 22.00000000000000000, -5.157999999999999474 ) ) ;
#1025 = ORIENTED_EDGE ( 'NONE', *, *, #1676, .T. ) ;
#1026 = CARTESIAN_POINT ( 'NONE',  ( 0.000000000000000000, 0.000000000000000000, 0.000000000000000000 ) ) ;
#1027 = EDGE_CURVE ( 'NONE', #1231, #1669, #888, .T. ) ;
#1028 = ORIENTED_EDGE ( 'NONE', *, *, #277, .F. ) ;
#1029 = DIRECTION ( 'NONE',  ( 0.000000000000000000, 0.000000000000000000, -1.000000000000000000 ) ) ;
#1030 = FACE_OUTER_BOUND ( 'NONE', #1495, .T. ) ;
#1031 = VECTOR ( 'NONE', #580, 1000.000000000000000 ) ;
#1032 = PLANE ( 'NONE',  #1057 ) ;
#1033 = AXIS2_PLACEMENT_3D ( 'NONE', #1300, #1742, #320 ) ;
#1034 = LINE ( 'NONE', #471, #1235 ) ;
#1035 = LINE ( 'NONE', #907, #952 ) ;
#1036 = ORIENTED_EDGE ( 'NONE', *, *, #793, .F. ) ;
#1037 = ORIENTED_EDGE ( 'NONE', *, *, #1396, .F. ) ;
#1038 = EDGE_CURVE ( 'NONE', #1318, #797, #1775, .T. ) ;
#1039 = DIRECTION ( 'NONE',  ( 1.084202172485504434E-16, -1.000000000000000000, 0.000000000000000000 ) ) ;
#1040 = CARTESIAN_POINT ( 'NONE',  ( -18.76999999999999957, 22.00000000000000000, -4.573000000000000398 ) ) ;
#1041 = CARTESIAN_POINT ( 'NONE',  ( -11.57499999999999396, 20.49999999999999645, -4.573000000000000398 ) ) ;
#1042 = DIRECTION ( 'NONE',  ( -4.956352788505159323E-16, -1.000000000000000000, 0.000000000000000000 ) ) ;
#1043 = AXIS2_PLACEMENT_3D ( 'NONE', #622, #1714, #1736 ) ;
#1044 = ORIENTED_EDGE ( 'NONE', *, *, #637, .T. ) ;
#1045 = ORIENTED_EDGE ( 'NONE', *, *, #526, .T. ) ;
#1046 = DIRECTION ( 'NONE',  ( 0.000000000000000000, -1.000000000000000000, 0.000000000000000000 ) ) ;
#1047 = DIRECTION ( 'NONE',  ( 0.000000000000000000, -1.000000000000000000, 0.000000000000000000 ) ) ;
#1048 = EDGE_CURVE ( 'NONE', #605, #1251, #730, .T. ) ;
#1049 = FACE_OUTER_BOUND ( 'NONE', #992, .T. ) ;
#1050 = CARTESIAN_POINT ( 'NONE',  ( 59.25000000000000000, 1.000000000000017319, -5.300000000000007816 ) ) ;
#1051 = ORIENTED_EDGE ( 'NONE', *, *, #885, .T. ) ;
#1052 = ORIENTED_EDGE ( 'NONE', *, *, #1126, .T. ) ;
#1053 = DIRECTION ( 'NONE',  ( -0.000000000000000000, -0.000000000000000000, -1.000000000000000000 ) ) ;
#1054 = CARTESIAN_POINT ( 'NONE',  ( 65.00000000000000000, 7.000000000000000000, 0.000000000000000000 ) ) ;
#1055 = AXIS2_PLACEMENT_3D ( 'NONE', #1808, #1097, #1670 ) ;
#1056 = CYLINDRICAL_SURFACE ( 'NONE', #1600, 1.700000000000000178 ) ;
#1057 = AXIS2_PLACEMENT_3D ( 'NONE', #877, #11, #1011 ) ;
#1058 = ADVANCED_FACE ( 'NONE', ( #600, #1711 ), #20, .T. ) ;
#1059 = CARTESIAN_POINT ( 'NONE',  ( 5.749999999999998224, 1.000000000000010436, -7.500000000000000000 ) ) ;
#1060 = CIRCLE ( 'NONE', #1033, 1.250000000000001554 ) ;
#1061 = ORIENTED_EDGE ( 'NONE', *, *, #1048, .F. ) ;
#1062 = ORIENTED_EDGE ( 'NONE', *, *, #1102, .T. ) ;
#1063 = CYLINDRICAL_SURFACE ( 'NONE', #1445, 1.500000000000000000 ) ;
#1064 = CARTESIAN_POINT ( 'NONE',  ( -16.57499999999999929, 20.49999999999999645, -4.573000000000000398 ) ) ;
#1065 = CARTESIAN_POINT ( 'NONE',  ( -11.57499999999999574, 18.49999999999999645, -6.657999999999999474 ) ) ;
#1066 = DIRECTION ( 'NONE',  ( -0.000000000000000000, 1.000000000000000000, 0.000000000000000000 ) ) ;
#1067 = VERTEX_POINT ( 'NONE', #321 ) ;
#1068 = EDGE_CURVE ( 'NONE', #659, #260, #709, .T. ) ;
#1069 = VECTOR ( 'NONE', #1170, 999.9999999999998863 ) ;
#1070 = VERTEX_POINT ( 'NONE', #1141 ) ;
#1071 = EDGE_CURVE ( 'NONE', #1553, #33, #171, .T. ) ;
#1072 = CARTESIAN_POINT ( 'NONE',  ( 22.29999999999999716, 7.000000000000000000, -15.00000000000000178 ) ) ;
#1073 = CARTESIAN_POINT ( 'NONE',  ( 0.000000000000000000, 7.000000000000000000, -15.00000000000000000 ) ) ;
#1074 = CARTESIAN_POINT ( 'NONE',  ( -10.07499999999999396, 20.49999999999999645, -6.657999999999999474 ) ) ;
#1075 = LINE ( 'NONE', #1771, #1426 ) ;
#1076 = ORIENTED_EDGE ( 'NONE', *, *, #1769, .F. ) ;
#1077 = ADVANCED_FACE ( 'NONE', ( #49 ), #858, .F. ) ;
#1078 = ORIENTED_EDGE ( 'NONE', *, *, #1809, .T. ) ;
#1079 = EDGE_CURVE ( 'NONE', #404, #424, #999, .T. ) ;
#1080 = DIRECTION ( 'NONE',  ( 0.000000000000000000, -1.000000000000000000, 0.000000000000000000 ) ) ;
#1081 = ORIENTED_EDGE ( 'NONE', *, *, #1079, .F. ) ;
#1082 = FACE_OUTER_BOUND ( 'NONE', #915, .T. ) ;
#1083 = STYLED_ITEM ( 'NONE', ( #245 ), #1636 ) ;
#1084 = DIRECTION ( 'NONE',  ( 0.000000000000000000, -1.000000000000000000, 0.000000000000000000 ) ) ;
#1085 = ORIENTED_EDGE ( 'NONE', *, *, #689, .F. ) ;
#1086 = VECTOR ( 'NONE', #126, 1000.000000000000000 ) ;
#1087 = EDGE_LOOP ( 'NONE', ( #724, #883, #1272, #1215 ) ) ;
#1088 = CARTESIAN_POINT ( 'NONE',  ( 1.999999999999997335, 7.000000000000000000, 0.000000000000000000 ) ) ;
#1089 = ORIENTED_EDGE ( 'NONE', *, *, #1759, .F. ) ;
#1090 = ADVANCED_FACE ( 'NONE', ( #1162 ), #147, .T. ) ;
#1091 = DIRECTION ( 'NONE',  ( -0.000000000000000000, -1.000000000000000000, -0.000000000000000000 ) ) ;
#1092 = CARTESIAN_POINT ( 'NONE',  ( -16.57499999999999929, 22.00000000000000000, -6.657999999999999474 ) ) ;
#1093 = ORIENTED_EDGE ( 'NONE', *, *, #1014, .T. ) ;
#1094 = LINE ( 'NONE', #1401, #64 ) ;
#1095 = ORIENTED_EDGE ( 'NONE', *, *, #98, .F. ) ;
#1096 = VECTOR ( 'NONE', #324, 1000.000000000000000 ) ;
#1097 = DIRECTION ( 'NONE',  ( 0.000000000000000000, 0.000000000000000000, -1.000000000000000000 ) ) ;
#1098 = AXIS2_PLACEMENT_3D ( 'NONE', #1703, #547, #819 ) ;
#1099 = VERTEX_POINT ( 'NONE', #461 ) ;
#1100 = CARTESIAN_POINT ( 'NONE',  ( 32.50000000000000000, 0.000000000000000000, -4.499999999999998224 ) ) ;
#1101 = CARTESIAN_POINT ( 'NONE',  ( -16.57499999999999574, 18.49999999999999645, -6.657999999999999474 ) ) ;
#1102 = EDGE_CURVE ( 'NONE', #372, #1070, #1280, .T. ) ;
#1103 = EDGE_LOOP ( 'NONE', ( #1304, #665, #713, #764 ) ) ;
#1104 = APPLICATION_CONTEXT ( 'automotive_design' ) ;
#1105 = DIRECTION ( 'NONE',  ( 1.000000000000000000, 0.000000000000000000, -0.000000000000000000 ) ) ;
#1106 = VERTEX_POINT ( 'NONE', #1580 ) ;
#1107 = DIRECTION ( 'NONE',  ( -9.912705577010318647E-16, 1.000000000000000000, -0.000000000000000000 ) ) ;
#1108 = VERTEX_POINT ( 'NONE', #1312 ) ;
#1109 = CARTESIAN_POINT ( 'NONE',  ( -22.07499999999999574, 22.00000000000000000, 3.342000000000000526 ) ) ;
#1110 = DIRECTION ( 'NONE',  ( 0.000000000000000000, 0.000000000000000000, 1.000000000000000000 ) ) ;
#1111 = CYLINDRICAL_SURFACE ( 'NONE', #1341, 2.199999999999997069 ) ;
#1112 = EDGE_LOOP ( 'NONE', ( #682, #1726, #243, #812 ) ) ;
#1113 = EDGE_CURVE ( 'NONE', #1532, #791, #1803, .T. ) ;
#1114 = FACE_OUTER_BOUND ( 'NONE', #398, .T. ) ;
#1115 = ORIENTED_EDGE ( 'NONE', *, *, #1285, .T. ) ;
#1116 = VECTOR ( 'NONE', #409, 1000.000000000000000 ) ;
#1117 = LINE ( 'NONE', #415, #1747 ) ;
#1118 = DIRECTION ( 'NONE',  ( 1.000000000000000000, 0.000000000000000000, 0.000000000000000000 ) ) ;
#1119 = CARTESIAN_POINT ( 'NONE',  ( -18.07499999999999929, 22.00000000000000000, -6.657999999999999474 ) ) ;
#1120 = DIRECTION ( 'NONE',  ( -0.000000000000000000, -1.000000000000000000, -0.000000000000000000 ) ) ;
#1121 = ORIENTED_EDGE ( 'NONE', *, *, #1079, .T. ) ;
#1122 = CARTESIAN_POINT ( 'NONE',  ( -16.57499999999999574, 18.49999999999999645, 1.257000000000002116 ) ) ;
#1123 = ADVANCED_FACE ( 'NONE', ( #375 ), #629, .F. ) ;
#1124 = ORIENTED_EDGE ( 'NONE', *, *, #816, .T. ) ;
#1125 = DIRECTION ( 'NONE',  ( 0.000000000000000000, -0.000000000000000000, 1.000000000000000000 ) ) ;
#1126 = EDGE_CURVE ( 'NONE', #823, #1594, #911, .T. ) ;
#1127 = ORIENTED_EDGE ( 'NONE', *, *, #1509, .F. ) ;
#1128 = CYLINDRICAL_SURFACE ( 'NONE', #786, 2.199999999999991740 ) ;
#1129 = VECTOR ( 'NONE', #1840, 1000.000000000000000 ) ;
#1130 = VECTOR ( 'NONE', #250, 1000.000000000000000 ) ;
#1131 = CARTESIAN_POINT ( 'NONE',  ( 59.25000000000000000, 7.000000000000000000, -9.699999999999992184 ) ) ;
#1132 = DIRECTION ( 'NONE',  ( 0.000000000000000000, -1.000000000000000000, 0.000000000000000000 ) ) ;
#1133 = ORIENTED_EDGE ( 'NONE', *, *, #162, .F. ) ;
#1134 = CARTESIAN_POINT ( 'NONE',  ( 59.25000000000000000, 0.000000000000000000, -7.500000000000000000 ) ) ;
#1135 = EDGE_LOOP ( 'NONE', ( #312, #1169, #492, #971 ) ) ;
#1136 = VECTOR ( 'NONE', #286, 1000.000000000000000 ) ;
#1137 = ORIENTED_EDGE ( 'NONE', *, *, #477, .T. ) ;
#1138 = FACE_OUTER_BOUND ( 'NONE', #70, .T. ) ;
#1139 = EDGE_CURVE ( 'NONE', #1184, #1606, #1188, .T. ) ;
#1140 = LINE ( 'NONE', #1131, #82 ) ;
#1141 = CARTESIAN_POINT ( 'NONE',  ( 42.70000000000000995, 7.000000000000000000, 0.000000000000000000 ) ) ;
#1142 = ORIENTED_EDGE ( 'NONE', *, *, #413, .T. ) ;
#1143 = DIRECTION ( 'NONE',  ( 1.000000000000000000, 0.000000000000000000, 0.000000000000000000 ) ) ;
#1144 = ORIENTED_EDGE ( 'NONE', *, *, #1458, .T. ) ;
#1145 = CARTESIAN_POINT ( 'NONE',  ( 0.000000000000000000, 7.000000000000000000, -15.00000000000000000 ) ) ;
#1146 = VECTOR ( 'NONE', #1541, 1000.000000000000000 ) ;
#1147 = ORIENTED_EDGE ( 'NONE', *, *, #30, .F. ) ;
#1148 = CIRCLE ( 'NONE', #1626, 1.500000000000001332 ) ;
#1149 = CARTESIAN_POINT ( 'NONE',  ( -18.76999999999999957, 22.00000000000000000, -4.573000000000000398 ) ) ;
#1150 = VECTOR ( 'NONE', #19, 1000.000000000000000 ) ;
#1151 = DIRECTION ( 'NONE',  ( 0.000000000000000000, 1.000000000000000000, 0.000000000000000000 ) ) ;
#1152 = EDGE_CURVE ( 'NONE', #1553, #1154, #936, .T. ) ;
#1153 = DIRECTION ( 'NONE',  ( -0.000000000000000000, 1.000000000000000000, -0.000000000000000000 ) ) ;
#1154 = VERTEX_POINT ( 'NONE', #1762 ) ;
#1155 = DIRECTION ( 'NONE',  ( -0.000000000000000000, -0.000000000000000000, -1.000000000000000000 ) ) ;
#1156 = ORIENTED_EDGE ( 'NONE', *, *, #1584, .T. ) ;
#1157 = LINE ( 'NONE', #882, #1327 ) ;
#1158 = VERTEX_POINT ( 'NONE', #1064 ) ;
#1159 = CARTESIAN_POINT ( 'NONE',  ( 0.000000000000000000, 0.000000000000000000, -15.00000000000000000 ) ) ;
#1160 = DIRECTION ( 'NONE',  ( 0.000000000000000000, 0.000000000000000000, -1.000000000000000000 ) ) ;
#1161 = CIRCLE ( 'NONE', #604, 1.500000000000000000 ) ;
#1162 = FACE_OUTER_BOUND ( 'NONE', #1622, .T. ) ;
#1163 = VECTOR ( 'NONE', #1523, 1000.000000000000000 ) ;
#1164 = CARTESIAN_POINT ( 'NONE',  ( -23.57499999999999929, 16.00000000000000000, -6.657999999999999474 ) ) ;
#1165 = ADVANCED_FACE ( 'NONE', ( #645 ), #214, .T. ) ;
#1166 = CARTESIAN_POINT ( 'NONE',  ( 65.00000000000000000, 7.000000000000000000, 0.000000000000000000 ) ) ;
#1167 = ORIENTED_EDGE ( 'NONE', *, *, #211, .F. ) ;
#1168 = CARTESIAN_POINT ( 'NONE',  ( 0.000000000000000000, 7.000000000000000000, 0.000000000000000000 ) ) ;
#1169 = ORIENTED_EDGE ( 'NONE', *, *, #416, .F. ) ;
#1170 = DIRECTION ( 'NONE',  ( 0.000000000000000000, -0.7071067811865477948, -0.7071067811865473507 ) ) ;
#1171 = CARTESIAN_POINT ( 'NONE',  ( 5.749999999999998224, 0.000000000000000000, -10.70000000000000817 ) ) ;
#1172 = DIRECTION ( 'NONE',  ( 0.000000000000000000, -0.000000000000000000, 1.000000000000000000 ) ) ;
#1173 = DIRECTION ( 'NONE',  ( 0.000000000000000000, 0.000000000000000000, -1.000000000000000000 ) ) ;
#1174 = DIRECTION ( 'NONE',  ( -0.000000000000000000, -0.000000000000000000, 1.000000000000000000 ) ) ;
#1175 = ORIENTED_EDGE ( 'NONE', *, *, #646, .T. ) ;
#1176 = EDGE_CURVE ( 'NONE', #1067, #1789, #1148, .T. ) ;
#1177 = ORIENTED_EDGE ( 'NONE', *, *, #881, .T. ) ;
#1178 = VECTOR ( 'NONE', #518, 1000.000000000000000 ) ;
#1179 = CARTESIAN_POINT ( 'NONE',  ( -11.57499999999999396, 20.49999999999999645, 1.257000000000002116 ) ) ;
#1180 = AXIS2_PLACEMENT_3D ( 'NONE', #503, #1364, #639 ) ;
#1181 = CARTESIAN_POINT ( 'NONE',  ( 32.50000000000000000, 7.000000000000000000, -7.500000000000000000 ) ) ;
#1182 = CARTESIAN_POINT ( 'NONE',  ( -3.207263013298953420E-15, 19.99999999999999645, -6.657999999999999474 ) ) ;
#1183 = DIRECTION ( 'NONE',  ( -0.000000000000000000, 1.000000000000000000, -0.000000000000000000 ) ) ;
#1184 = VERTEX_POINT ( 'NONE', #1337 ) ;
#1185 = ORIENTED_EDGE ( 'NONE', *, *, #1176, .T. ) ;
#1186 = ADVANCED_FACE ( 'NONE', ( #1611 ), #342, .F. ) ;
#1187 = CARTESIAN_POINT ( 'NONE',  ( -2.276220245093195330E-15, -3.131691851478756325E-15, 3.342000000000000526 ) ) ;
#1188 = LINE ( 'NONE', #787, #56 ) ;
#1189 = LINE ( 'NONE', #344, #1836 ) ;
#1190 = CARTESIAN_POINT ( 'NONE',  ( -2.000000000000002220, 19.99999999999999645, 3.342000000000000526 ) ) ;
#1191 = AXIS2_PLACEMENT_3D ( 'NONE', #1437, #1174, #1745 ) ;
#1192 = ORIENTED_EDGE ( 'NONE', *, *, #736, .F. ) ;
#1193 = ORIENTED_EDGE ( 'NONE', *, *, #439, .F. ) ;
#1194 = CYLINDRICAL_SURFACE ( 'NONE', #672, 2.000000000000000000 ) ;
#1195 = EDGE_CURVE ( 'NONE', #659, #831, #1474, .T. ) ;
#1196 = FACE_OUTER_BOUND ( 'NONE', #1112, .T. ) ;
#1197 = FACE_OUTER_BOUND ( 'NONE', #643, .T. ) ;
#1198 = DIRECTION ( 'NONE',  ( -1.000000000000000000, 0.000000000000000000, 0.000000000000000000 ) ) ;
#1199 = ORIENTED_EDGE ( 'NONE', *, *, #601, .T. ) ;
#1200 = ORIENTED_EDGE ( 'NONE', *, *, #477, .F. ) ;
#1201 = PLANE ( 'NONE',  #25 ) ;
#1202 = DIRECTION ( 'NONE',  ( 4.956352788505159323E-16, 1.000000000000000000, -0.000000000000000000 ) ) ;
#1203 = EDGE_CURVE ( 'NONE', #386, #482, #207, .T. ) ;
#1204 = DIRECTION ( 'NONE',  ( 0.000000000000000000, -1.000000000000000000, 0.000000000000000000 ) ) ;
#1205 = VECTOR ( 'NONE', #167, 1000.000000000000000 ) ;
#1206 = DIRECTION ( 'NONE',  ( -1.000000000000000000, 0.000000000000000000, 0.000000000000000000 ) ) ;
#1207 = AXIS2_PLACEMENT_3D ( 'NONE', #653, #1319, #502 ) ;
#1208 = ADVANCED_FACE ( 'NONE', ( #768 ), #803, .F. ) ;
#1209 = ORIENTED_EDGE ( 'NONE', *, *, #601, .F. ) ;
#1210 = ORIENTED_EDGE ( 'NONE', *, *, #1570, .F. ) ;
#1211 = FACE_OUTER_BOUND ( 'NONE', #671, .T. ) ;
#1212 = CARTESIAN_POINT ( 'NONE',  ( 22.30000000000000426, 5.000000000000000000, 0.000000000000000000 ) ) ;
#1213 = LINE ( 'NONE', #1256, #1638 ) ;
#1214 = CARTESIAN_POINT ( 'NONE',  ( 5.749999999999998224, 7.000000000000000000, -9.699999999999997513 ) ) ;
#1215 = ORIENTED_EDGE ( 'NONE', *, *, #626, .T. ) ;
#1216 = ADVANCED_FACE ( 'NONE', ( #1784, #1196 ), #904, .T. ) ;
#1217 = AXIS2_PLACEMENT_3D ( 'NONE', #540, #1527, #1560 ) ;
#1218 = ORIENTED_EDGE ( 'NONE', *, *, #804, .F. ) ;
#1219 = AXIS2_PLACEMENT_3D ( 'NONE', #1388, #1510, #1250 ) ;
#1220 = CARTESIAN_POINT ( 'NONE',  ( -11.57499999999999396, 20.49999999999999645, -6.657999999999999474 ) ) ;
#1221 = CARTESIAN_POINT ( 'NONE',  ( 0.000000000000000000, 5.000000000000000000, 0.000000000000000000 ) ) ;
#1222 = CARTESIAN_POINT ( 'NONE',  ( 0.000000000000000000, 9.000000000000001776, -6.657999999999999474 ) ) ;
#1223 = ORIENTED_EDGE ( 'NONE', *, *, #885, .F. ) ;
#1224 = ADVANCED_FACE ( 'NONE', ( #368, #494, #1647, #479 ), #1464, .T. ) ;
#1225 = ORIENTED_EDGE ( 'NONE', *, *, #1273, .T. ) ;
#1226 = CARTESIAN_POINT ( 'NONE',  ( -18.76999999999999957, 22.00000000000000000, 1.257000000000001227 ) ) ;
#1227 = EDGE_LOOP ( 'NONE', ( #1147, #1569, #1005, #1282, #275, #1025, #565, #994 ) ) ;
#1228 = FACE_OUTER_BOUND ( 'NONE', #680, .T. ) ;
#1229 = CARTESIAN_POINT ( 'NONE',  ( -2.695189490785786727E-15, 9.000000000000001776, -6.657999999999999474 ) ) ;
#1230 = AXIS2_PLACEMENT_3D ( 'NONE', #1221, #1768, #91 ) ;
#1231 = VERTEX_POINT ( 'NONE', #1054 ) ;
#1232 = AXIS2_PLACEMENT_3D ( 'NONE', #102, #669, #392 ) ;
#1233 = DIRECTION ( 'NONE',  ( 0.000000000000000000, 0.000000000000000000, -1.000000000000000000 ) ) ;
#1234 = ORIENTED_EDGE ( 'NONE', *, *, #990, .T. ) ;
#1235 = VECTOR ( 'NONE', #602, 1000.000000000000000 ) ;
#1236 = PLANE ( 'NONE',  #1829 ) ;
#1237 = ORIENTED_EDGE ( 'NONE', *, *, #32, .F. ) ;
#1238 = EDGE_CURVE ( 'NONE', #389, #301, #1330, .T. ) ;
#1239 = CARTESIAN_POINT ( 'NONE',  ( -5.771571661589457421E-16, 7.000000000000000888, -7.486427124746188433 ) ) ;
#1240 = DIRECTION ( 'NONE',  ( 0.000000000000000000, 0.000000000000000000, -1.000000000000000000 ) ) ;
#1241 = VERTEX_POINT ( 'NONE', #222 ) ;
#1242 = DIRECTION ( 'NONE',  ( -1.000000000000000000, 0.000000000000000000, -0.000000000000000000 ) ) ;
#1243 = ORIENTED_EDGE ( 'NONE', *, *, #762, .F. ) ;
#1244 = CIRCLE ( 'NONE', #979, 3.200000000000008171 ) ;
#1245 = LINE ( 'NONE', #542, #1470 ) ;
#1246 = CIRCLE ( 'NONE', #981, 3.000000000000000888 ) ;
#1247 = LINE ( 'NONE', #369, #560 ) ;
#1248 = CARTESIAN_POINT ( 'NONE',  ( -2.550472239454626336E-15, 9.000000000000001776, -6.657999999999999474 ) ) ;
#1249 = EDGE_CURVE ( 'NONE', #424, #893, #794, .T. ) ;
#1250 = DIRECTION ( 'NONE',  ( 0.000000000000000000, 0.000000000000000000, -1.000000000000000000 ) ) ;
#1251 = VERTEX_POINT ( 'NONE', #1100 ) ;
#1252 = CARTESIAN_POINT ( 'NONE',  ( 32.50000000000000000, 5.000000000000000000, -5.799999999999999822 ) ) ;
#1253 = ORIENTED_EDGE ( 'NONE', *, *, #402, .F. ) ;
#1254 = DIRECTION ( 'NONE',  ( -0.000000000000000000, -1.000000000000000000, -0.000000000000000000 ) ) ;
#1255 = ORIENTED_EDGE ( 'NONE', *, *, #127, .T. ) ;
#1256 = CARTESIAN_POINT ( 'NONE',  ( -23.57499999999999929, 16.00000000000000000, 1.257000000000002116 ) ) ;
#1257 = DIRECTION ( 'NONE',  ( 2.580648725529220225E-17, 1.000000000000000000, -0.000000000000000000 ) ) ;
#1258 = ADVANCED_FACE ( 'NONE', ( #257 ), #256, .F. ) ;
#1259 = DIRECTION ( 'NONE',  ( -1.000000000000000000, 0.000000000000000000, 0.000000000000000000 ) ) ;
#1260 = EDGE_CURVE ( 'NONE', #1594, #1505, #1472, .T. ) ;
#1261 = CARTESIAN_POINT ( 'NONE',  ( -18.76999999999999957, 22.00000000000000000, 1.257000000000001227 ) ) ;
#1262 = EDGE_LOOP ( 'NONE', ( #1243, #658, #476, #829 ) ) ;
#1263 = AXIS2_PLACEMENT_3D ( 'NONE', #1001, #991, #158 ) ;
#1264 =( LENGTH_UNIT ( ) NAMED_UNIT ( * ) SI_UNIT ( .MILLI., .METRE. ) );
#1265 = ORIENTED_EDGE ( 'NONE', *, *, #373, .F. ) ;
#1266 = DIRECTION ( 'NONE',  ( 0.000000000000000000, 0.000000000000000000, 1.000000000000000000 ) ) ;
#1267 = CARTESIAN_POINT ( 'NONE',  ( 5.749999999999998224, 7.000000000000000000, -7.500000000000000000 ) ) ;
#1268 = CARTESIAN_POINT ( 'NONE',  ( -3.000000000000002665, 2.000000000000000000, 3.342000000000000526 ) ) ;
#1269 = ORIENTED_EDGE ( 'NONE', *, *, #1376, .T. ) ;
#1270 = ADVANCED_FACE ( 'NONE', ( #1546, #838 ), #545, .F. ) ;
#1271 = CARTESIAN_POINT ( 'NONE',  ( 22.30000000000000426, 7.000000000000000000, 0.000000000000000000 ) ) ;
#1272 = ORIENTED_EDGE ( 'NONE', *, *, #1027, .F. ) ;
#1273 = EDGE_CURVE ( 'NONE', #834, #482, #847, .T. ) ;
#1274 = VECTOR ( 'NONE', #376, 1000.000000000000000 ) ;
#1275 = DIRECTION ( 'NONE',  ( 0.000000000000000000, -1.000000000000000000, 0.000000000000000000 ) ) ;
#1276 = VERTEX_POINT ( 'NONE', #827 ) ;
#1277 = FACE_OUTER_BOUND ( 'NONE', #1370, .T. ) ;
#1278 = CIRCLE ( 'NONE', #1043, 2.000000000000000000 ) ;
#1279 = FACE_OUTER_BOUND ( 'NONE', #46, .T. ) ;
#1280 = LINE ( 'NONE', #1022, #1205 ) ;
#1281 =( BOUNDED_CURVE ( )  B_SPLINE_CURVE ( 3, ( #1449, #462, #1744, #181 ),
 .UNSPECIFIED., .F., .F. ) 
 B_SPLINE_CURVE_WITH_KNOTS ( ( 4, 4 ),
 ( 0.000000000000000000, 1.570796326794896780 ),
 .UNSPECIFIED. ) 
 CURVE ( )  GEOMETRIC_REPRESENTATION_ITEM ( )  RATIONAL_B_SPLINE_CURVE ( ( 1.000000000000000000, 0.8047378541243649375, 0.8047378541243649375, 1.000000000000000000 ) ) 
 REPRESENTATION_ITEM ( '' )  );
#1282 = ORIENTED_EDGE ( 'NONE', *, *, #1769, .T. ) ;
#1283 = CARTESIAN_POINT ( 'NONE',  ( -16.57499999999999929, 22.00000000000000000, -4.573000000000000398 ) ) ;
#1284 = ORIENTED_EDGE ( 'NONE', *, *, #1570, .T. ) ;
#1285 = EDGE_CURVE ( 'NONE', #893, #973, #1794, .T. ) ;
#1286 = DIRECTION ( 'NONE',  ( 0.000000000000000000, -0.7071067811865474617, -0.7071067811865474617 ) ) ;
#1287 = VERTEX_POINT ( 'NONE', #555 ) ;
#1288 = CARTESIAN_POINT ( 'NONE',  ( 0.000000000000000000, 7.000000000000000000, -8.657999999999999474 ) ) ;
#1289 = CYLINDRICAL_SURFACE ( 'NONE', #1627, 2.199999999999997069 ) ;
#1290 = DIRECTION ( 'NONE',  ( 0.000000000000000000, 0.000000000000000000, -1.000000000000000000 ) ) ;
#1291 = ORIENTED_EDGE ( 'NONE', *, *, #1455, .F. ) ;
#1292 = PLANE ( 'NONE',  #485 ) ;
#1293 = ORIENTED_EDGE ( 'NONE', *, *, #316, .F. ) ;
#1294 = APPLICATION_PROTOCOL_DEFINITION ( 'draft international standard', 'automotive_design', 1998, #319 ) ;
#1295 = VECTOR ( 'NONE', #564, 1000.000000000000000 ) ;
#1296 = ORIENTED_EDGE ( 'NONE', *, *, #1344, .F. ) ;
#1297 = CIRCLE ( 'NONE', #798, 2.199999999999991740 ) ;
#1298 = CARTESIAN_POINT ( 'NONE',  ( -16.57499999999999574, 18.49999999999999645, 1.257000000000002116 ) ) ;
#1299 = VECTOR ( 'NONE', #486, 1000.000000000000000 ) ;
#1300 = CARTESIAN_POINT ( 'NONE',  ( -23.57499999999999929, 19.00000000000000000, -1.507999999999998897 ) ) ;
#1301 = VECTOR ( 'NONE', #1620, 1000.000000000000000 ) ;
#1302 = ADVANCED_FACE ( 'NONE', ( #1082 ), #1820, .F. ) ;
#1303 = DIRECTION ( 'NONE',  ( -0.000000000000000000, -1.000000000000000000, -0.000000000000000000 ) ) ;
#1304 = ORIENTED_EDGE ( 'NONE', *, *, #127, .F. ) ;
#1305 = DIRECTION ( 'NONE',  ( 0.000000000000000000, 0.000000000000000000, 1.000000000000000000 ) ) ;
#1306 = ORIENTED_EDGE ( 'NONE', *, *, #1723, .T. ) ;
#1307 = PLANE ( 'NONE',  #228 ) ;
#1308 = ORIENTED_EDGE ( 'NONE', *, *, #1195, .T. ) ;
#1309 = CYLINDRICAL_SURFACE ( 'NONE', #119, 1.250000000000001554 ) ;
#1310 = CARTESIAN_POINT ( 'NONE',  ( -23.57499999999999929, 22.00000000000000000, -6.657999999999999474 ) ) ;
#1311 = VECTOR ( 'NONE', #13, 1000.000000000000000 ) ;
#1312 = CARTESIAN_POINT ( 'NONE',  ( 42.69999999999999574, 5.000000000000000000, -15.00000000000000533 ) ) ;
#1313 = EDGE_CURVE ( 'NONE', #4, #1067, #1681, .T. ) ;
#1314 = VECTOR ( 'NONE', #1548, 1000.000000000000000 ) ;
#1315 = DIRECTION ( 'NONE',  ( -1.000000000000000000, 0.000000000000000000, 0.000000000000000000 ) ) ;
#1316 = CARTESIAN_POINT ( 'NONE',  ( 1.999999999999997335, 7.000000000000000000, -8.657999999999999474 ) ) ;
#1317 = ORIENTED_EDGE ( 'NONE', *, *, #1652, .F. ) ;
#1318 = VERTEX_POINT ( 'NONE', #384 ) ;
#1319 = DIRECTION ( 'NONE',  ( -0.000000000000000000, -1.000000000000000000, -0.000000000000000000 ) ) ;
#1320 = DIRECTION ( 'NONE',  ( 0.000000000000000000, 0.000000000000000000, 1.000000000000000000 ) ) ;
#1321 = DIRECTION ( 'NONE',  ( -9.251858538542971828E-16, 0.000000000000000000, -1.000000000000000000 ) ) ;
#1322 = EDGE_CURVE ( 'NONE', #445, #285, #697, .T. ) ;
#1323 = DIRECTION ( 'NONE',  ( -1.000000000000000000, 0.000000000000000000, 0.000000000000000000 ) ) ;
#1324 = ORIENTED_EDGE ( 'NONE', *, *, #211, .T. ) ;
#1325 = EDGE_CURVE ( 'NONE', #1624, #815, #946, .T. ) ;
#1326 = ORIENTED_EDGE ( 'NONE', *, *, #848, .T. ) ;
#1327 = VECTOR ( 'NONE', #853, 1000.000000000000000 ) ;
#1328 = LINE ( 'NONE', #1353, #1686 ) ;
#1329 = VECTOR ( 'NONE', #1303, 1000.000000000000000 ) ;
#1330 = LINE ( 'NONE', #662, #473 ) ;
#1331 = DIRECTION ( 'NONE',  ( 0.000000000000000000, 0.000000000000000000, -1.000000000000000000 ) ) ;
#1332 = DIRECTION ( 'NONE',  ( 0.000000000000000000, 0.000000000000000000, -1.000000000000000000 ) ) ;
#1333 = ORIENTED_EDGE ( 'NONE', *, *, #832, .F. ) ;
#1334 = EDGE_CURVE ( 'NONE', #1782, #1276, #1508, .T. ) ;
#1335 = ORIENTED_EDGE ( 'NONE', *, *, #726, .F. ) ;
#1336 = CARTESIAN_POINT ( 'NONE',  ( 0.000000000000000000, 9.000000000000001776, -8.657999999999999474 ) ) ;
#1337 = CARTESIAN_POINT ( 'NONE',  ( -2.000000000000001776, 22.00000000000000000, 3.342000000000000526 ) ) ;
#1338 = DIRECTION ( 'NONE',  ( 1.000000000000000000, -6.263383702957512848E-16, 0.000000000000000000 ) ) ;
#1339 = AXIS2_PLACEMENT_3D ( 'NONE', #648, #806, #1206 ) ;
#1340 = DIRECTION ( 'NONE',  ( -1.000000000000000000, 0.000000000000000000, 0.000000000000000000 ) ) ;
#1341 = AXIS2_PLACEMENT_3D ( 'NONE', #1379, #1120, #111 ) ;
#1342 = ORIENTED_EDGE ( 'NONE', *, *, #362, .F. ) ;
#1343 = ORIENTED_EDGE ( 'NONE', *, *, #1723, .F. ) ;
#1344 = EDGE_CURVE ( 'NONE', #1719, #1818, #418, .T. ) ;
#1345 = CARTESIAN_POINT ( 'NONE',  ( -5.000000000000004441, 14.00000000000000000, -6.657999999999999474 ) ) ;
#1346 = EDGE_CURVE ( 'NONE', #664, #159, #1297, .T. ) ;
#1347 = DIRECTION ( 'NONE',  ( 0.000000000000000000, 0.000000000000000000, -1.000000000000000000 ) ) ;
#1348 = PRODUCT_DEFINITION_SHAPE ( 'NONE', 'NONE',  #288 ) ;
#1349 = CARTESIAN_POINT ( 'NONE',  ( -2.214987905135827361E-15, 22.00000000000000000, -6.657999999999999474 ) ) ;
#1350 = FACE_OUTER_BOUND ( 'NONE', #1103, .T. ) ;
#1351 = ORIENTED_EDGE ( 'NONE', *, *, #832, .T. ) ;
#1352 = EDGE_LOOP ( 'NONE', ( #326, #283, #780, #1660 ) ) ;
#1353 = CARTESIAN_POINT ( 'NONE',  ( -9.379999999999997229, 22.00000000000000000, -4.573000000000000398 ) ) ;
#1354 = DIRECTION ( 'NONE',  ( -9.912705577010318647E-16, 1.000000000000000000, 0.000000000000000000 ) ) ;
#1355 = AXIS2_PLACEMENT_3D ( 'NONE', #532, #825, #1506 ) ;
#1356 = EDGE_CURVE ( 'NONE', #337, #1318, #969, .T. ) ;
#1357 = CARTESIAN_POINT ( 'NONE',  ( 32.50000000000000000, 3.299999999999999822, -7.500000000000000000 ) ) ;
#1358 = VECTOR ( 'NONE', #300, 1000.000000000000000 ) ;
#1359 = DIRECTION ( 'NONE',  ( -1.000000000000000000, 0.000000000000000000, -0.000000000000000000 ) ) ;
#1360 = CIRCLE ( 'NONE', #1597, 3.200000000000008171 ) ;
#1361 = ORIENTED_EDGE ( 'NONE', *, *, #1663, .T. ) ;
#1362 = VERTEX_POINT ( 'NONE', #813 ) ;
#1363 = CYLINDRICAL_SURFACE ( 'NONE', #1055, 2.000000000000000000 ) ;
#1364 = DIRECTION ( 'NONE',  ( 0.000000000000000000, 0.000000000000000000, -1.000000000000000000 ) ) ;
#1365 = LINE ( 'NONE', #1554, #1136 ) ;
#1366 = ADVANCED_FACE ( 'NONE', ( #1228 ), #101, .F. ) ;
#1367 = CARTESIAN_POINT ( 'NONE',  ( 32.50000000000000000, 0.000000000000000000, -7.500000000000000000 ) ) ;
#1368 = ORIENTED_EDGE ( 'NONE', *, *, #1799, .F. ) ;
#1369 = AXIS2_PLACEMENT_3D ( 'NONE', #434, #294, #861 ) ;
#1370 = EDGE_LOOP ( 'NONE', ( #203, #1558, #1643, #1758 ) ) ;
#1371 = CARTESIAN_POINT ( 'NONE',  ( 0.000000000000000000, 7.000000000000000000, 0.000000000000000000 ) ) ;
#1372 = DIRECTION ( 'NONE',  ( -0.000000000000000000, 0.000000000000000000, -1.000000000000000000 ) ) ;
#1373 = DIRECTION ( 'NONE',  ( 0.000000000000000000, -1.000000000000000000, 0.000000000000000000 ) ) ;
#1374 = ORIENTED_EDGE ( 'NONE', *, *, #962, .T. ) ;
#1375 = ORIENTED_EDGE ( 'NONE', *, *, #1444, .F. ) ;
#1376 = EDGE_CURVE ( 'NONE', #1106, #1276, #704, .T. ) ;
#1377 = DIRECTION ( 'NONE',  ( -0.000000000000000000, -0.000000000000000000, 1.000000000000000000 ) ) ;
#1378 = VECTOR ( 'NONE', #1053, 1000.000000000000000 ) ;
#1379 = CARTESIAN_POINT ( 'NONE',  ( 5.749999999999998224, 7.000000000000000000, -7.500000000000000000 ) ) ;
#1380 = ORIENTED_EDGE ( 'NONE', *, *, #1799, .T. ) ;
#1381 = VECTOR ( 'NONE', #1783, 1000.000000000000000 ) ;
#1382 = DIRECTION ( 'NONE',  ( -0.000000000000000000, 1.000000000000000000, -0.000000000000000000 ) ) ;
#1383 = EDGE_LOOP ( 'NONE', ( #1374, #467 ) ) ;
#1384 = ADVANCED_FACE ( 'NONE', ( #678 ), #535, .F. ) ;
#1385 = FILL_AREA_STYLE ('',( #660 ) ) ;
#1386 = ORIENTED_EDGE ( 'NONE', *, *, #1458, .F. ) ;
#1387 = CARTESIAN_POINT ( 'NONE',  ( -18.76999999999999957, 16.00000000000000000, -6.657999999999999474 ) ) ;
#1388 = CARTESIAN_POINT ( 'NONE',  ( 59.25000000000000000, 7.000000000000000000, -7.500000000000000000 ) ) ;
#1389 = ORIENTED_EDGE ( 'NONE', *, *, #416, .T. ) ;
#1390 = LINE ( 'NONE', #993, #5 ) ;
#1391 = ORIENTED_EDGE ( 'NONE', *, *, #1203, .F. ) ;
#1392 = AXIS2_PLACEMENT_3D ( 'NONE', #972, #122, #1105 ) ;
#1393 = AXIS2_PLACEMENT_3D ( 'NONE', #1190, #1764, #1198 ) ;
#1394 = ORIENTED_EDGE ( 'NONE', *, *, #1376, .F. ) ;
#1395 = LINE ( 'NONE', #428, #1547 ) ;
#1396 = EDGE_CURVE ( 'NONE', #131, #442, #1060, .T. ) ;
#1397 = DIRECTION ( 'NONE',  ( 0.000000000000000000, -1.000000000000000000, 0.000000000000000000 ) ) ;
#1398 = ADVANCED_FACE ( 'NONE', ( #469 ), #1289, .F. ) ;
#1399 = DIRECTION ( 'NONE',  ( -1.000000000000000000, 4.956352788505159323E-16, 0.000000000000000000 ) ) ;
#1400 = CARTESIAN_POINT ( 'NONE',  ( -5.000000000000004441, 16.00000000000000000, 3.342000000000000526 ) ) ;
#1401 = CARTESIAN_POINT ( 'NONE',  ( -23.57499999999999929, 22.00000000000000000, -6.657999999999999474 ) ) ;
#1402 = ORIENTED_EDGE ( 'NONE', *, *, #1325, .F. ) ;
#1403 = LINE ( 'NONE', #1168, #1146 ) ;
#1404 = CARTESIAN_POINT ( 'NONE',  ( -23.57499999999999929, 16.00000000000000000, 1.842000000000000748 ) ) ;
#1405 = DIRECTION ( 'NONE',  ( 0.000000000000000000, 0.000000000000000000, -1.000000000000000000 ) ) ;
#1406 = EDGE_CURVE ( 'NONE', #1362, #571, #1717, .T. ) ;
#1407 = ADVANCED_BREP_SHAPE_REPRESENTATION ( '2 hole mount', ( #1636, #1440 ), #169 ) ;
#1408 = LINE ( 'NONE', #960, #1314 ) ;
#1409 = ADVANCED_FACE ( 'NONE', ( #1030 ), #178, .T. ) ;
#1410 = EDGE_LOOP ( 'NONE', ( #691, #1391, #1192, #474 ) ) ;
#1411 = AXIS2_PLACEMENT_3D ( 'NONE', #1006, #1275, #466 ) ;
#1412 = DIRECTION ( 'NONE',  ( -0.000000000000000000, -1.000000000000000000, -0.000000000000000000 ) ) ;
#1413 = ORIENTED_EDGE ( 'NONE', *, *, #784, .F. ) ;
#1414 = AXIS2_PLACEMENT_3D ( 'NONE', #1672, #267, #1655 ) ;
#1415 = VERTEX_POINT ( 'NONE', #567 ) ;
#1416 = CARTESIAN_POINT ( 'NONE',  ( -23.57499999999999929, 16.00000000000000000, -6.657999999999999474 ) ) ;
#1417 = CYLINDRICAL_SURFACE ( 'NONE', #1834, 2.000000000000000000 ) ;
#1418 = DIRECTION ( 'NONE',  ( 0.000000000000000000, 0.000000000000000000, -1.000000000000000000 ) ) ;
#1419 = ORIENTED_EDGE ( 'NONE', *, *, #1511, .F. ) ;
#1420 = EDGE_CURVE ( 'NONE', #1468, #143, #1360, .T. ) ;
#1421 = DIRECTION ( 'NONE',  ( 0.000000000000000000, 0.000000000000000000, -1.000000000000000000 ) ) ;
#1422 = ORIENTED_EDGE ( 'NONE', *, *, #1528, .T. ) ;
#1423 = ORIENTED_EDGE ( 'NONE', *, *, #190, .F. ) ;
#1424 = CIRCLE ( 'NONE', #1217, 3.000000000000000888 ) ;
#1425 = LINE ( 'NONE', #1288, #366 ) ;
#1426 = VECTOR ( 'NONE', #939, 1000.000000000000000 ) ;
#1427 = CARTESIAN_POINT ( 'NONE',  ( 5.749999999999998224, 0.000000000000000000, -7.500000000000000000 ) ) ;
#1428 = DIRECTION ( 'NONE',  ( 0.000000000000000000, 0.000000000000000000, -1.000000000000000000 ) ) ;
#1429 = ORIENTED_EDGE ( 'NONE', *, *, #549, .F. ) ;
#1430 = LINE ( 'NONE', #95, #240 ) ;
#1431 = ORIENTED_EDGE ( 'NONE', *, *, #198, .F. ) ;
#1432 = EDGE_CURVE ( 'NONE', #1706, #664, #1140, .T. ) ;
#1433 = ORIENTED_EDGE ( 'NONE', *, *, #685, .F. ) ;
#1434 = LINE ( 'NONE', #720, #914 ) ;
#1435 = DIRECTION ( 'NONE',  ( 1.000000000000000000, 0.000000000000000000, 0.000000000000000000 ) ) ;
#1436 = VERTEX_POINT ( 'NONE', #1579 ) ;
#1437 = CARTESIAN_POINT ( 'NONE',  ( -10.07499999999999396, 20.49999999999999645, 3.342000000000000526 ) ) ;
#1438 = ORIENTED_EDGE ( 'NONE', *, *, #1790, .T. ) ;
#1439 = DIRECTION ( 'NONE',  ( 0.000000000000000000, 0.000000000000000000, 1.000000000000000000 ) ) ;
#1440 = AXIS2_PLACEMENT_3D ( 'NONE', #1026, #1748, #765 ) ;
#1441 = ORIENTED_EDGE ( 'NONE', *, *, #905, .F. ) ;
#1442 = AXIS2_PLACEMENT_3D ( 'NONE', #1073, #777, #654 ) ;
#1443 = DIRECTION ( 'NONE',  ( -1.000000000000000000, -0.000000000000000000, -0.000000000000000000 ) ) ;
#1444 = EDGE_CURVE ( 'NONE', #773, #210, #556, .T. ) ;
#1445 = AXIS2_PLACEMENT_3D ( 'NONE', #374, #1617, #792 ) ;
#1446 = DIRECTION ( 'NONE',  ( 0.000000000000000000, 1.000000000000000000, 0.000000000000000000 ) ) ;
#1447 = VECTOR ( 'NONE', #129, 1000.000000000000000 ) ;
#1448 = DIRECTION ( 'NONE',  ( 0.000000000000000000, 0.000000000000000000, -1.000000000000000000 ) ) ;
#1449 = CARTESIAN_POINT ( 'NONE',  ( 1.999999999999997335, 7.000000000000000000, 0.000000000000000000 ) ) ;
#1450 = CARTESIAN_POINT ( 'NONE',  ( 32.50000000000000000, 3.299999999999999822, -5.799999999999999822 ) ) ;
#1451 = ORIENTED_EDGE ( 'NONE', *, *, #1334, .T. ) ;
#1452 = ORIENTED_EDGE ( 'NONE', *, *, #1644, .T. ) ;
#1453 = CARTESIAN_POINT ( 'NONE',  ( -2.168404344971008868E-15, 7.828427124746191623, -6.657999999999999474 ) ) ;
#1454 = DIRECTION ( 'NONE',  ( 0.000000000000000000, 0.000000000000000000, 1.000000000000000000 ) ) ;
#1455 = EDGE_CURVE ( 'NONE', #1707, #491, #676, .T. ) ;
#1456 = VECTOR ( 'NONE', #1020, 1000.000000000000000 ) ;
#1457 = FACE_OUTER_BOUND ( 'NONE', #742, .T. ) ;
#1458 = EDGE_CURVE ( 'NONE', #143, #1468, #800, .T. ) ;
#1459 = CARTESIAN_POINT ( 'NONE',  ( -11.57499999999999574, 18.49999999999999645, -6.657999999999999474 ) ) ;
#1460 = CARTESIAN_POINT ( 'NONE',  ( -18.76999999999999957, 22.00000000000000000, -4.573000000000000398 ) ) ;
#1461 = EDGE_LOOP ( 'NONE', ( #1375, #908, #24, #1441 ) ) ;
#1462 = ORIENTED_EDGE ( 'NONE', *, *, #1406, .F. ) ;
#1463 = DIRECTION ( 'NONE',  ( -0.000000000000000000, 0.000000000000000000, 1.000000000000000000 ) ) ;
#1464 = PLANE ( 'NONE',  #109 ) ;
#1465 = DIRECTION ( 'NONE',  ( 1.000000000000000000, 0.000000000000000000, 0.000000000000000000 ) ) ;
#1466 = EDGE_CURVE ( 'NONE', #1067, #931, #1566, .T. ) ;
#1467 = DIRECTION ( 'NONE',  ( 0.000000000000000000, 0.000000000000000000, 1.000000000000000000 ) ) ;
#1468 = VERTEX_POINT ( 'NONE', #1171 ) ;
#1469 = ORIENTED_EDGE ( 'NONE', *, *, #1238, .T. ) ;
#1470 = VECTOR ( 'NONE', #1107, 1000.000000000000000 ) ;
#1471 = FACE_OUTER_BOUND ( 'NONE', #1461, .T. ) ;
#1472 = CIRCLE ( 'NONE', #623, 1.499999999999999556 ) ;
#1473 = AXIS2_PLACEMENT_3D ( 'NONE', #1599, #748, #29 ) ;
#1474 = LINE ( 'NONE', #1777, #824 ) ;
#1475 = DIRECTION ( 'NONE',  ( -0.000000000000000000, -1.000000000000000000, -0.000000000000000000 ) ) ;
#1476 = AXIS2_PLACEMENT_3D ( 'NONE', #208, #191, #1321 ) ;
#1477 = DIRECTION ( 'NONE',  ( 0.000000000000000000, 0.000000000000000000, -1.000000000000000000 ) ) ;
#1478 = VERTEX_POINT ( 'NONE', #449 ) ;
#1479 = ADVANCED_FACE ( 'NONE', ( #1279 ), #1417, .T. ) ;
#1480 = VERTEX_POINT ( 'NONE', #1732 ) ;
#1481 = CARTESIAN_POINT ( 'NONE',  ( -9.379999999999997229, 16.00000000000000000, -6.657999999999999474 ) ) ;
#1482 = DIRECTION ( 'NONE',  ( 1.000000000000000000, 0.000000000000000000, 0.000000000000000000 ) ) ;
#1483 = LINE ( 'NONE', #215, #978 ) ;
#1484 = AXIS2_PLACEMENT_3D ( 'NONE', #145, #747, #1029 ) ;
#1485 = CARTESIAN_POINT ( 'NONE',  ( 59.25000000000000000, 1.000000000000017319, -7.500000000000000000 ) ) ;
#1486 = VECTOR ( 'NONE', #1132, 1000.000000000000000 ) ;
#1487 = ORIENTED_EDGE ( 'NONE', *, *, #549, .T. ) ;
#1488 = ORIENTED_EDGE ( 'NONE', *, *, #526, .F. ) ;
#1489 = EDGE_CURVE ( 'NONE', #878, #1563, #1434, .T. ) ;
#1490 = CARTESIAN_POINT ( 'NONE',  ( -11.57499999999999574, 18.49999999999999645, -6.657999999999999474 ) ) ;
#1491 = CARTESIAN_POINT ( 'NONE',  ( 0.000000000000000000, 0.000000000000000000, 0.000000000000000000 ) ) ;
#1492 = LINE ( 'NONE', #417, #483 ) ;
#1493 = PLANE ( 'NONE',  #756 ) ;
#1494 = ORIENTED_EDGE ( 'NONE', *, *, #1126, .F. ) ;
#1495 = EDGE_LOOP ( 'NONE', ( #1095, #722, #394, #515, #909, #60, #734, #1234 ) ) ;
#1496 = LINE ( 'NONE', #1490, #1381 ) ;
#1497 = ADVANCED_FACE ( 'NONE', ( #10 ), #579, .F. ) ;
#1498 = MECHANICAL_DESIGN_GEOMETRIC_PRESENTATION_REPRESENTATION (  '', ( #1083 ), #289 ) ;
#1499 = CARTESIAN_POINT ( 'NONE',  ( -18.07499999999999929, 20.49999999999999645, -6.657999999999999474 ) ) ;
#1500 = DIRECTION ( 'NONE',  ( 1.000000000000000000, 0.000000000000000000, -1.836970198721029194E-16 ) ) ;
#1501 = AXIS2_PLACEMENT_3D ( 'NONE', #687, #1397, #246 ) ;
#1502 = CARTESIAN_POINT ( 'NONE',  ( -9.379999999999997229, 16.00000000000000000, 1.257000000000001227 ) ) ;
#1503 = CIRCLE ( 'NONE', #1658, 3.200000000000008171 ) ;
#1504 = EDGE_LOOP ( 'NONE', ( #577, #1342, #1394, #775 ) ) ;
#1505 = VERTEX_POINT ( 'NONE', #1000 ) ;
#1506 = DIRECTION ( 'NONE',  ( 0.000000000000000000, 0.000000000000000000, -1.000000000000000000 ) ) ;
#1507 = ORIENTED_EDGE ( 'NONE', *, *, #62, .F. ) ;
#1508 = LINE ( 'NONE', #1692, #1595 ) ;
#1509 = EDGE_CURVE ( 'NONE', #1707, #1362, #460, .T. ) ;
#1510 = DIRECTION ( 'NONE',  ( 0.000000000000000000, -1.000000000000000000, 0.000000000000000000 ) ) ;
#1511 = EDGE_CURVE ( 'NONE', #834, #404, #588, .T. ) ;
#1512 = ORIENTED_EDGE ( 'NONE', *, *, #1455, .T. ) ;
#1513 = VECTOR ( 'NONE', #631, 1000.000000000000000 ) ;
#1514 = ORIENTED_EDGE ( 'NONE', *, *, #1071, .T. ) ;
#1515 = DIRECTION ( 'NONE',  ( -0.000000000000000000, -1.000000000000000000, -0.000000000000000000 ) ) ;
#1516 = DIRECTION ( 'NONE',  ( -0.000000000000000000, -0.000000000000000000, -1.000000000000000000 ) ) ;
#1517 = CARTESIAN_POINT ( 'NONE',  ( 0.000000000000000000, 0.000000000000000000, -15.00000000000000000 ) ) ;
#1518 = ORIENTED_EDGE ( 'NONE', *, *, #1356, .T. ) ;
#1519 = EDGE_CURVE ( 'NONE', #1108, #1551, #310, .T. ) ;
#1520 = DIRECTION ( 'NONE',  ( 0.000000000000000000, 0.000000000000000000, 1.000000000000000000 ) ) ;
#1521 = ORIENTED_EDGE ( 'NONE', *, *, #759, .F. ) ;
#1522 = CARTESIAN_POINT ( 'NONE',  ( -0.8284271247461902909, 7.828427124746191623, -6.657999999999999474 ) ) ;
#1523 = DIRECTION ( 'NONE',  ( -1.000000000000000000, -0.000000000000000000, -0.000000000000000000 ) ) ;
#1524 = CONICAL_SURFACE ( 'NONE', #1684, 2.199999999999997069, 0.7853981633974482790 ) ;
#1525 = ORIENTED_EDGE ( 'NONE', *, *, #637, .F. ) ;
#1526 = AXIS2_PLACEMENT_3D ( 'NONE', #166, #1841, #1160 ) ;
#1527 = DIRECTION ( 'NONE',  ( 0.000000000000000000, -1.000000000000000000, 0.000000000000000000 ) ) ;
#1528 = EDGE_CURVE ( 'NONE', #248, #103, #1496, .T. ) ;
#1529 = ORIENTED_EDGE ( 'NONE', *, *, #1790, .F. ) ;
#1530 = FACE_OUTER_BOUND ( 'NONE', #61, .T. ) ;
#1531 = ADVANCED_FACE ( 'NONE', ( #758, #1211 ), #1201, .T. ) ;
#1532 = VERTEX_POINT ( 'NONE', #510 ) ;
#1533 = CARTESIAN_POINT ( 'NONE',  ( -15.23446609406725827, 19.00000000000000000, -0.2579999999999973981 ) ) ;
#1534 = DIRECTION ( 'NONE',  ( 0.000000000000000000, -1.000000000000000000, 0.000000000000000000 ) ) ;
#1535 = CARTESIAN_POINT ( 'NONE',  ( 65.00000000000000000, 0.000000000000000000, 0.000000000000000000 ) ) ;
#1536 = VERTEX_POINT ( 'NONE', #1072 ) ;
#1537 = DIRECTION ( 'NONE',  ( 0.000000000000000000, 0.000000000000000000, 1.000000000000000000 ) ) ;
#1538 = ORIENTED_EDGE ( 'NONE', *, *, #249, .F. ) ;
#1539 = CIRCLE ( 'NONE', #1640, 1.250000000000001554 ) ;
#1540 = ADVANCED_FACE ( 'NONE', ( #195 ), #767, .T. ) ;
#1541 = DIRECTION ( 'NONE',  ( 1.000000000000000000, 0.000000000000000000, 0.000000000000000000 ) ) ;
#1542 = VECTOR ( 'NONE', #690, 1000.000000000000000 ) ;
#1543 = ORIENTED_EDGE ( 'NONE', *, *, #1027, .T. ) ;
#1544 = DIRECTION ( 'NONE',  ( -1.000000000000000000, -0.000000000000000000, -0.000000000000000000 ) ) ;
#1545 = ADVANCED_FACE ( 'NONE', ( #628 ), #644, .F. ) ;
#1546 = FACE_BOUND ( 'NONE', #854, .T. ) ;
#1547 = VECTOR ( 'NONE', #937, 1000.000000000000000 ) ;
#1548 = DIRECTION ( 'NONE',  ( -0.000000000000000000, 1.000000000000000000, -0.000000000000000000 ) ) ;
#1549 = ORIENTED_EDGE ( 'NONE', *, *, #221, .T. ) ;
#1550 = CYLINDRICAL_SURFACE ( 'NONE', #454, 1.250000000000001554 ) ;
#1551 = VERTEX_POINT ( 'NONE', #1646 ) ;
#1552 = CARTESIAN_POINT ( 'NONE',  ( -2.602085213965210642E-15, 6.999999999999996447, 3.342000000000000526 ) ) ;
#1553 = VERTEX_POINT ( 'NONE', #220 ) ;
#1554 = CARTESIAN_POINT ( 'NONE',  ( -9.379999999999997229, 22.00000000000000000, 1.257000000000001227 ) ) ;
#1555 = CARTESIAN_POINT ( 'NONE',  ( -22.07499999999999574, 22.00000000000000000, 1.842000000000000304 ) ) ;
#1556 = ADVANCED_FACE ( 'NONE', ( #1471 ), #1063, .T. ) ;
#1557 = CARTESIAN_POINT ( 'NONE',  ( -22.07499999999999574, 16.00000000000000000, -5.157999999999999474 ) ) ;
#1558 = ORIENTED_EDGE ( 'NONE', *, *, #1048, .T. ) ;
#1559 = VECTOR ( 'NONE', #1817, 1000.000000000000000 ) ;
#1560 = DIRECTION ( 'NONE',  ( 0.000000000000000000, 0.000000000000000000, -1.000000000000000000 ) ) ;
#1561 = EDGE_LOOP ( 'NONE', ( #1137, #852 ) ) ;
#1562 = CIRCLE ( 'NONE', #1232, 3.000000000000000888 ) ;
#1563 = VERTEX_POINT ( 'NONE', #903 ) ;
#1564 = CARTESIAN_POINT ( 'NONE',  ( -15.23446609406725827, 19.00000000000000000, -1.507999999999998897 ) ) ;
#1565 = CLOSED_SHELL ( 'NONE', ( #331, #1619, #836, #933, #1366, #430, #87, #1165, #872, #935, #1077, #1633, #1497, #1208, #523, #1186, #1270, #1224, #516, #116, #1216, #1823, #1545, #241, #1398, #1258, #974, #53, #1738, #1002, #947, #666, #1409, #1540, #1531, #1058, #536, #807, #546, #495, #1123, #452, #1090, #232, #1017, #924, #1654, #1556, #1479, #1710, #751, #219, #1384, #507, #1302, #1607 ) ) ;
#1566 = LINE ( 'NONE', #1310, #826 ) ;
#1567 = EDGE_CURVE ( 'NONE', #1436, #831, #638, .T. ) ;
#1568 = DIRECTION ( 'NONE',  ( -1.000000000000000000, 0.000000000000000000, 0.000000000000000000 ) ) ;
#1569 = ORIENTED_EDGE ( 'NONE', *, *, #896, .F. ) ;
#1570 = EDGE_CURVE ( 'NONE', #451, #445, #1608, .T. ) ;
#1571 = CARTESIAN_POINT ( 'NONE',  ( -5.000000000000004441, 14.00000000000000000, 3.342000000000000526 ) ) ;
#1572 = VERTEX_POINT ( 'NONE', #48 ) ;
#1573 = VECTOR ( 'NONE', #1500, 1000.000000000000000 ) ;
#1574 = DIRECTION ( 'NONE',  ( 0.000000000000000000, 1.000000000000000000, 0.000000000000000000 ) ) ;
#1575 = ORIENTED_EDGE ( 'NONE', *, *, #1203, .T. ) ;
#1576 = AXIS2_PLACEMENT_3D ( 'NONE', #899, #582, #743 ) ;
#1577 = CARTESIAN_POINT ( 'NONE',  ( -2.695189490785786727E-15, 9.000000000000001776, -6.657999999999999474 ) ) ;
#1578 = CIRCLE ( 'NONE', #121, 2.000000000000000000 ) ;
#1579 = CARTESIAN_POINT ( 'NONE',  ( -7.000000000000006217, 16.00000000000000000, -6.657999999999999474 ) ) ;
#1580 = CARTESIAN_POINT ( 'NONE',  ( -2.000000000000000000, 9.000000000000001776, -6.657999999999999474 ) ) ;
#1581 = EDGE_LOOP ( 'NONE', ( #862, #1144 ) ) ;
#1582 = CARTESIAN_POINT ( 'NONE',  ( -23.57499999999999929, 19.00000000000000000, -1.507999999999998897 ) ) ;
#1583 = VERTEX_POINT ( 'NONE', #1187 ) ;
#1584 = EDGE_CURVE ( 'NONE', #1154, #238, #1328, .T. ) ;
#1585 = CARTESIAN_POINT ( 'NONE',  ( 65.00000000000000000, 0.000000000000000000, 0.000000000000000000 ) ) ;
#1586 = ORIENTED_EDGE ( 'NONE', *, *, #1466, .T. ) ;
#1587 = CARTESIAN_POINT ( 'NONE',  ( 0.8284271247461877374, 7.000000000000000888, -7.486427124746188433 ) ) ;
#1588 = DIRECTION ( 'NONE',  ( 0.000000000000000000, 0.000000000000000000, 1.000000000000000000 ) ) ;
#1589 = DIRECTION ( 'NONE',  ( -0.000000000000000000, -0.000000000000000000, -1.000000000000000000 ) ) ;
#1590 = CARTESIAN_POINT ( 'NONE',  ( 5.749999999999998224, 0.000000000000000000, -4.299999999999990941 ) ) ;
#1591 = LINE ( 'NONE', #1460, #1697 ) ;
#1592 = ORIENTED_EDGE ( 'NONE', *, *, #1833, .T. ) ;
#1593 = EDGE_CURVE ( 'NONE', #238, #733, #57, .T. ) ;
#1594 = VERTEX_POINT ( 'NONE', #1179 ) ;
#1595 = VECTOR ( 'NONE', #1377, 1000.000000000000000 ) ;
#1596 = CARTESIAN_POINT ( 'NONE',  ( -2.276220245093195330E-15, -3.131691851478756325E-15, 1.999999999999999112 ) ) ;
#1597 = AXIS2_PLACEMENT_3D ( 'NONE', #895, #989, #1702 ) ;
#1598 = EDGE_CURVE ( 'NONE', #37, #120, #1752, .T. ) ;
#1599 = CARTESIAN_POINT ( 'NONE',  ( -11.57499999999999396, 22.00000000000000000, -6.657999999999999474 ) ) ;
#1600 = AXIS2_PLACEMENT_3D ( 'NONE', #1629, #1734, #630 ) ;
#1601 = DIRECTION ( 'NONE',  ( 0.000000000000000000, -1.000000000000000000, 0.000000000000000000 ) ) ;
#1602 = LINE ( 'NONE', #1459, #801 ) ;
#1603 = CARTESIAN_POINT ( 'NONE',  ( 59.25000000000000000, 1.000000000000017319, -9.699999999999992184 ) ) ;
#1604 = ORIENTED_EDGE ( 'NONE', *, *, #302, .T. ) ;
#1605 = APPLICATION_PROTOCOL_DEFINITION ( 'draft international standard', 'automotive_design', 1998, #1104 ) ;
#1606 = VERTEX_POINT ( 'NONE', #205 ) ;
#1607 = ADVANCED_FACE ( 'NONE', ( #776 ), #1194, .F. ) ;
#1608 = LINE ( 'NONE', #1635, #652 ) ;
#1609 = EDGE_CURVE ( 'NONE', #632, #1624, #213, .T. ) ;
#1610 = VECTOR ( 'NONE', #51, 1000.000000000000000 ) ;
#1611 = FACE_OUTER_BOUND ( 'NONE', #1227, .T. ) ;
#1612 = VECTOR ( 'NONE', #1544, 1000.000000000000000 ) ;
#1613 = CARTESIAN_POINT ( 'NONE',  ( -3.000000000000002665, 2.000000000000000000, -6.657999999999999474 ) ) ;
#1614 = LINE ( 'NONE', #1725, #93 ) ;
#1615 = ORIENTED_EDGE ( 'NONE', *, *, #714, .T. ) ;
#1616 = ORIENTED_EDGE ( 'NONE', *, *, #575, .F. ) ;
#1617 = DIRECTION ( 'NONE',  ( 0.000000000000000000, 1.000000000000000000, 0.000000000000000000 ) ) ;
#1618 = CARTESIAN_POINT ( 'NONE',  ( -11.57499999999999574, 18.49999999999999645, 1.257000000000002116 ) ) ;
#1619 = ADVANCED_FACE ( 'NONE', ( #1625 ), #135, .F. ) ;
#1620 = DIRECTION ( 'NONE',  ( 9.912705577010318647E-16, -1.000000000000000000, 0.000000000000000000 ) ) ;
#1621 = CARTESIAN_POINT ( 'NONE',  ( -11.57499999999999574, 18.49999999999999645, 1.257000000000002116 ) ) ;
#1622 = EDGE_LOOP ( 'NONE', ( #585, #843, #1016, #35 ) ) ;
#1623 = PRODUCT_CONTEXT ( 'NONE', #319, 'mechanical' ) ;
#1624 = VERTEX_POINT ( 'NONE', #1345 ) ;
#1625 = FACE_OUTER_BOUND ( 'NONE', #455, .T. ) ;
#1626 = AXIS2_PLACEMENT_3D ( 'NONE', #1499, #488, #76 ) ;
#1627 = AXIS2_PLACEMENT_3D ( 'NONE', #1267, #1021, #886 ) ;
#1628 = CARTESIAN_POINT ( 'NONE',  ( -9.379999999999997229, 22.00000000000000000, 1.257000000000001227 ) ) ;
#1629 = CARTESIAN_POINT ( 'NONE',  ( 32.50000000000000000, 7.000000000000000000, -7.500000000000000000 ) ) ;
#1630 = EDGE_CURVE ( 'NONE', #1536, #482, #74, .T. ) ;
#1631 = CARTESIAN_POINT ( 'NONE',  ( 1.999999999999997335, 7.000000000000000000, 0.000000000000000000 ) ) ;
#1632 = EDGE_LOOP ( 'NONE', ( #1013, #529, #1604, #845, #1781, #940, #1133, #1575 ) ) ;
#1633 = ADVANCED_FACE ( 'NONE', ( #1679, #90 ), #1236, .F. ) ;
#1634 = EDGE_LOOP ( 'NONE', ( #1296, #1028, #353, #581 ) ) ;
#1635 = CARTESIAN_POINT ( 'NONE',  ( -18.76999999999999957, 22.00000000000000000, 1.257000000000001227 ) ) ;
#1636 = MANIFOLD_SOLID_BREP ( 'Fillet5', #1565 ) ;
#1637 = DIRECTION ( 'NONE',  ( -0.000000000000000000, 1.000000000000000000, -0.000000000000000000 ) ) ;
#1638 = VECTOR ( 'NONE', #1785, 1000.000000000000000 ) ;
#1639 = CARTESIAN_POINT ( 'NONE',  ( -16.57499999999999574, 18.49999999999999645, 3.342000000000000526 ) ) ;
#1640 = AXIS2_PLACEMENT_3D ( 'NONE', #1582, #879, #1467 ) ;
#1641 = FACE_OUTER_BOUND ( 'NONE', #880, .T. ) ;
#1642 = AXIS2_PLACEMENT_3D ( 'NONE', #1059, #913, #1477 ) ;
#1643 = ORIENTED_EDGE ( 'NONE', *, *, #965, .T. ) ;
#1644 = EDGE_CURVE ( 'NONE', #308, #301, #524, .T. ) ;
#1645 = ORIENTED_EDGE ( 'NONE', *, *, #18, .T. ) ;
#1646 = CARTESIAN_POINT ( 'NONE',  ( 22.29999999999999716, 5.000000000000000000, -15.00000000000000178 ) ) ;
#1647 = FACE_BOUND ( 'NONE', #99, .T. ) ;
#1648 = LINE ( 'NONE', #1065, #429 ) ;
#1649 = CARTESIAN_POINT ( 'NONE',  ( -22.07499999999999574, 16.00000000000000000, -6.657999999999999474 ) ) ;
#1650 = ORIENTED_EDGE ( 'NONE', *, *, #699, .F. ) ;
#1651 = EDGE_LOOP ( 'NONE', ( #1716, #559 ) ) ;
#1652 = EDGE_CURVE ( 'NONE', #820, #1594, #966, .T. ) ;
#1653 = SURFACE_STYLE_USAGE ( .BOTH. , #115 ) ;
#1654 = ADVANCED_FACE ( 'NONE', ( #1530 ), #552, .T. ) ;
#1655 = DIRECTION ( 'NONE',  ( 0.000000000000000000, 0.000000000000000000, -1.000000000000000000 ) ) ;
#1656 = VECTOR ( 'NONE', #1637, 1000.000000000000000 ) ;
#1657 = LINE ( 'NONE', #1222, #391 ) ;
#1658 = AXIS2_PLACEMENT_3D ( 'NONE', #58, #761, #1173 ) ;
#1659 = ORIENTED_EDGE ( 'NONE', *, *, #302, .F. ) ;
#1660 = ORIENTED_EDGE ( 'NONE', *, *, #616, .F. ) ;
#1661 =( LENGTH_UNIT ( ) NAMED_UNIT ( * ) SI_UNIT ( .MILLI., .METRE. ) );
#1662 = DIRECTION ( 'NONE',  ( 1.084202172485504434E-16, -1.000000000000000000, 0.000000000000000000 ) ) ;
#1663 = EDGE_CURVE ( 'NONE', #973, #37, #810, .T. ) ;
#1664 = CARTESIAN_POINT ( 'NONE',  ( -16.57499999999999574, 18.49999999999999645, -6.657999999999999474 ) ) ;
#1665 = CIRCLE ( 'NONE', #420, 1.499999999999999556 ) ;
#1666 = ORIENTED_EDGE ( 'NONE', *, *, #1238, .F. ) ;
#1667 = VECTOR ( 'NONE', #930, 999.9999999999998863 ) ;
#1668 = FACE_OUTER_BOUND ( 'NONE', #1750, .T. ) ;
#1669 = VERTEX_POINT ( 'NONE', #106 ) ;
#1670 = DIRECTION ( 'NONE',  ( -1.000000000000000000, 0.000000000000000000, 0.000000000000000000 ) ) ;
#1671 = ORIENTED_EDGE ( 'NONE', *, *, #44, .F. ) ;
#1672 = CARTESIAN_POINT ( 'NONE',  ( 59.25000000000000000, 1.000000000000017319, -7.500000000000000000 ) ) ;
#1673 = EDGE_CURVE ( 'NONE', #1415, #1505, #1690, .T. ) ;
#1674 = FACE_OUTER_BOUND ( 'NONE', #1634, .T. ) ;
#1675 = ORIENTED_EDGE ( 'NONE', *, *, #1689, .F. ) ;
#1676 = EDGE_CURVE ( 'NONE', #1669, #1007, #1117, .T. ) ;
#1677 = DIRECTION ( 'NONE',  ( -0.000000000000000000, 1.000000000000000000, -0.000000000000000000 ) ) ;
#1678 = ORIENTED_EDGE ( 'NONE', *, *, #1322, .F. ) ;
#1679 = FACE_BOUND ( 'NONE', #1383, .T. ) ;
#1680 = DIRECTION ( 'NONE',  ( -0.000000000000000000, -1.000000000000000000, -0.000000000000000000 ) ) ;
#1681 = LINE ( 'NONE', #1119, #1751 ) ;
#1682 = VECTOR ( 'NONE', #26, 1000.000000000000000 ) ;
#1683 = LINE ( 'NONE', #1535, #688 ) ;
#1684 = AXIS2_PLACEMENT_3D ( 'NONE', #750, #441, #311 ) ;
#1685 = ORIENTED_EDGE ( 'NONE', *, *, #263, .T. ) ;
#1686 = VECTOR ( 'NONE', #910, 1000.000000000000000 ) ;
#1687 = FACE_OUTER_BOUND ( 'NONE', #1087, .T. ) ;
#1688 = VERTEX_POINT ( 'NONE', #1800 ) ;
#1689 = EDGE_CURVE ( 'NONE', #635, #834, #237, .T. ) ;
#1690 = LINE ( 'NONE', #1226, #1178 ) ;
#1691 = FACE_OUTER_BOUND ( 'NONE', #1019, .T. ) ;
#1692 = CARTESIAN_POINT ( 'NONE',  ( 0.000000000000000000, 7.000000000000000000, 0.000000000000000000 ) ) ;
#1693 = DIRECTION ( 'NONE',  ( 0.000000000000000000, 1.000000000000000000, 0.000000000000000000 ) ) ;
#1694 = ORIENTED_EDGE ( 'NONE', *, *, #656, .T. ) ;
#1695 = CARTESIAN_POINT ( 'NONE',  ( 0.000000000000000000, 0.000000000000000000, -6.657999999999999474 ) ) ;
#1696 = EDGE_LOOP ( 'NONE', ( #964, #718, #1525, #401, #1615, #755, #700, #1514, #1700, #642 ) ) ;
#1697 = VECTOR ( 'NONE', #22, 1000.000000000000000 ) ;
#1698 = EDGE_CURVE ( 'NONE', #1532, #951, #229, .T. ) ;
#1699 = CARTESIAN_POINT ( 'NONE',  ( -16.57499999999999929, 20.49999999999999645, -6.657999999999999474 ) ) ;
#1700 = ORIENTED_EDGE ( 'NONE', *, *, #726, .T. ) ;
#1701 = DIRECTION ( 'NONE',  ( 0.000000000000000000, 0.000000000000000000, -1.000000000000000000 ) ) ;
#1702 = DIRECTION ( 'NONE',  ( 0.000000000000000000, 0.000000000000000000, -1.000000000000000000 ) ) ;
#1703 = CARTESIAN_POINT ( 'NONE',  ( -18.07499999999999929, 20.49999999999999645, -6.657999999999999474 ) ) ;
#1704 = ORIENTED_EDGE ( 'NONE', *, *, #685, .T. ) ;
#1705 = DIRECTION ( 'NONE',  ( 4.625929269271485914E-16, 0.000000000000000000, 1.000000000000000000 ) ) ;
#1706 = VERTEX_POINT ( 'NONE', #802 ) ;
#1707 = VERTEX_POINT ( 'NONE', #253 ) ;
#1708 = DIRECTION ( 'NONE',  ( 1.000000000000000000, -0.000000000000000000, -0.000000000000000000 ) ) ;
#1709 = CARTESIAN_POINT ( 'NONE',  ( 0.000000000000000000, 7.000000000000000000, 0.000000000000000000 ) ) ;
#1710 = ADVANCED_FACE ( 'NONE', ( #675 ), #1363, .F. ) ;
#1711 = FACE_OUTER_BOUND ( 'NONE', #447, .T. ) ;
#1712 = ORIENTED_EDGE ( 'NONE', *, *, #954, .F. ) ;
#1713 = VECTOR ( 'NONE', #388, 1000.000000000000000 ) ;
#1714 = DIRECTION ( 'NONE',  ( -0.000000000000000000, 1.000000000000000000, -0.000000000000000000 ) ) ;
#1715 = CIRCLE ( 'NONE', #525, 1.500000000000001332 ) ;
#1716 = ORIENTED_EDGE ( 'NONE', *, *, #1406, .T. ) ;
#1717 = CIRCLE ( 'NONE', #1526, 1.700000000000000178 ) ;
#1718 = PLANE ( 'NONE',  #1411 ) ;
#1719 = VERTEX_POINT ( 'NONE', #397 ) ;
#1720 = DIRECTION ( 'NONE',  ( -0.000000000000000000, -0.000000000000000000, -1.000000000000000000 ) ) ;
#1721 = CARTESIAN_POINT ( 'NONE',  ( 1.999999999999997335, 7.000000000000000000, 0.000000000000000000 ) ) ;
#1722 = CARTESIAN_POINT ( 'NONE',  ( 32.50000000000000000, 3.299999999999999822, -4.499999999999999112 ) ) ;
#1723 = EDGE_CURVE ( 'NONE', #301, #615, #1245, .T. ) ;
#1724 = EDGE_LOOP ( 'NONE', ( #961, #1816, #670, #1089 ) ) ;
#1725 = CARTESIAN_POINT ( 'NONE',  ( -18.76999999999999957, 22.00000000000000000, -4.573000000000000398 ) ) ;
#1726 = ORIENTED_EDGE ( 'NONE', *, *, #162, .T. ) ;
#1727 = CARTESIAN_POINT ( 'NONE',  ( 42.69999999999999574, 5.000000000000000000, -15.00000000000000533 ) ) ;
#1728 = ORIENTED_EDGE ( 'NONE', *, *, #179, .F. ) ;
#1729 = VECTOR ( 'NONE', #330, 1000.000000000000000 ) ;
#1730 = CARTESIAN_POINT ( 'NONE',  ( 0.000000000000000000, 0.000000000000000000, 0.000000000000000000 ) ) ;
#1731 = CIRCLE ( 'NONE', #839, 1.699999999999999289 ) ;
#1732 = CARTESIAN_POINT ( 'NONE',  ( -18.07499999999999929, 22.00000000000000000, 3.342000000000000526 ) ) ;
#1733 = CYLINDRICAL_SURFACE ( 'NONE', #856, 1.499999999999999556 ) ;
#1734 = DIRECTION ( 'NONE',  ( -0.000000000000000000, -1.000000000000000000, -0.000000000000000000 ) ) ;
#1735 = EDGE_CURVE ( 'NONE', #491, #571, #1157, .T. ) ;
#1736 = DIRECTION ( 'NONE',  ( 0.000000000000000000, 0.000000000000000000, -1.000000000000000000 ) ) ;
#1737 = EDGE_LOOP ( 'NONE', ( #1772, #917, #1343, #281 ) ) ;
#1738 = ADVANCED_FACE ( 'NONE', ( #596 ), #1307, .T. ) ;
#1739 = DIRECTION ( 'NONE',  ( -0.000000000000000000, 1.000000000000000000, -0.000000000000000000 ) ) ;
#1740 = ORIENTED_EDGE ( 'NONE', *, *, #277, .T. ) ;
#1741 = LINE ( 'NONE', #1730, #900 ) ;
#1742 = DIRECTION ( 'NONE',  ( -1.000000000000000000, 0.000000000000000000, 0.000000000000000000 ) ) ;
#1743 = DIRECTION ( 'NONE',  ( -0.000000000000000000, -1.000000000000000000, -0.000000000000000000 ) ) ;
#1744 = CARTESIAN_POINT ( 'NONE',  ( -2.387041813089135426E-15, 7.828427124746191623, 0.8284271247461908461 ) ) ;
#1745 = DIRECTION ( 'NONE',  ( -1.000000000000000000, 0.000000000000000000, 0.000000000000000000 ) ) ;
#1746 = ORIENTED_EDGE ( 'NONE', *, *, #373, .T. ) ;
#1747 = VECTOR ( 'NONE', #1254, 1000.000000000000000 ) ;
#1748 = DIRECTION ( 'NONE',  ( 0.000000000000000000, 0.000000000000000000, 1.000000000000000000 ) ) ;
#1749 = EDGE_CURVE ( 'NONE', #355, #159, #163, .T. ) ;
#1750 = EDGE_LOOP ( 'NONE', ( #922, #850, #144, #1284 ) ) ;
#1751 = VECTOR ( 'NONE', #1372, 1000.000000000000000 ) ;
#1752 = LINE ( 'NONE', #1761, #938 ) ;
#1753 = AXIS2_PLACEMENT_3D ( 'NONE', #1349, #612, #496 ) ;
#1754 = FACE_OUTER_BOUND ( 'NONE', #859, .T. ) ;
#1755 = DIRECTION ( 'NONE',  ( 0.000000000000000000, 0.000000000000000000, 1.000000000000000000 ) ) ;
#1756 = DIRECTION ( 'NONE',  ( 0.000000000000000000, 0.000000000000000000, 1.000000000000000000 ) ) ;
#1757 = EDGE_LOOP ( 'NONE', ( #427, #1824, #1324, #874, #361, #1402, #517, #543, #932, #55, #1185, #346, #421, #79, #1199, #89, #1255 ) ) ;
#1758 = ORIENTED_EDGE ( 'NONE', *, *, #1489, .F. ) ;
#1759 = EDGE_CURVE ( 'NONE', #1688, #1818, #584, .T. ) ;
#1760 = CIRCLE ( 'NONE', #633, 2.199999999999991740 ) ;
#1761 = CARTESIAN_POINT ( 'NONE',  ( -2.266600879646412062E-15, 19.99999999999999645, -6.657999999999999474 ) ) ;
#1762 = CARTESIAN_POINT ( 'NONE',  ( -9.379999999999997229, 22.00000000000000000, -4.573000000000000398 ) ) ;
#1763 = LINE ( 'NONE', #778, #1301 ) ;
#1764 = DIRECTION ( 'NONE',  ( -0.000000000000000000, -0.000000000000000000, 1.000000000000000000 ) ) ;
#1765 = ORIENTED_EDGE ( 'NONE', *, *, #1749, .T. ) ;
#1766 = EDGE_LOOP ( 'NONE', ( #1193, #1452, #1666, #583 ) ) ;
#1767 = DIRECTION ( 'NONE',  ( 0.000000000000000000, 0.000000000000000000, 1.000000000000000000 ) ) ;
#1768 = DIRECTION ( 'NONE',  ( -0.000000000000000000, 1.000000000000000000, 0.000000000000000000 ) ) ;
#1769 = EDGE_CURVE ( 'NONE', #1108, #864, #725, .T. ) ;
#1770 = CARTESIAN_POINT ( 'NONE',  ( -11.57499999999999396, 20.49999999999999645, -6.657999999999999474 ) ) ;
#1771 = CARTESIAN_POINT ( 'NONE',  ( 22.29999999999999716, 5.000000000000000000, -15.00000000000000178 ) ) ;
#1772 = ORIENTED_EDGE ( 'NONE', *, *, #136, .F. ) ;
#1773 = VERTEX_POINT ( 'NONE', #1585 ) ;
#1774 = CARTESIAN_POINT ( 'NONE',  ( -23.57499999999999929, 16.00000000000000000, -6.657999999999999474 ) ) ;
#1775 = CIRCLE ( 'NONE', #1831, 1.499999999999999556 ) ;
#1776 = AXIS2_PLACEMENT_3D ( 'NONE', #1709, #157, #438 ) ;
#1777 = CARTESIAN_POINT ( 'NONE',  ( -23.57499999999999929, 16.00000000000000000, 3.342000000000000526 ) ) ;
#1778 = DIRECTION ( 'NONE',  ( -0.000000000000000000, -0.000000000000000000, 1.000000000000000000 ) ) ;
#1779 = EDGE_CURVE ( 'NONE', #951, #809, #1801, .T. ) ;
#1780 = DIRECTION ( 'NONE',  ( -0.000000000000000000, 0.000000000000000000, 1.000000000000000000 ) ) ;
#1781 = ORIENTED_EDGE ( 'NONE', *, *, #1833, .F. ) ;
#1782 = VERTEX_POINT ( 'NONE', #1018 ) ;
#1783 = DIRECTION ( 'NONE',  ( -4.956352788505159323E-16, -1.000000000000000000, -0.000000000000000000 ) ) ;
#1784 = FACE_BOUND ( 'NONE', #985, .T. ) ;
#1785 = DIRECTION ( 'NONE',  ( -1.000000000000000000, 0.000000000000000000, 0.000000000000000000 ) ) ;
#1786 = CIRCLE ( 'NONE', #1191, 1.499999999999999556 ) ;
#1787 = CARTESIAN_POINT ( 'NONE',  ( -2.276220245093195330E-15, -3.131691851478756325E-15, -6.657999999999999474 ) ) ;
#1788 = CIRCLE ( 'NONE', #1219, 2.199999999999991740 ) ;
#1789 = VERTEX_POINT ( 'NONE', #1699 ) ;
#1790 = EDGE_CURVE ( 'NONE', #1583, #120, #15, .T. ) ;
#1791 = ORIENTED_EDGE ( 'NONE', *, *, #1420, .F. ) ;
#1792 = EDGE_CURVE ( 'NONE', #1480, #744, #284, .T. ) ;
#1793 = CARTESIAN_POINT ( 'NONE',  ( 5.749999999999998224, 7.000000000000000000, -5.300000000000001599 ) ) ;
#1794 = LINE ( 'NONE', #1248, #292 ) ;
#1795 = CARTESIAN_POINT ( 'NONE',  ( 0.000000000000000000, 7.000000000000000000, -8.657999999999999474 ) ) ;
#1796 = ORIENTED_EDGE ( 'NONE', *, *, #1673, .F. ) ;
#1797 = PRODUCT_RELATED_PRODUCT_CATEGORY ( 'part', '', ( #73 ) ) ;
#1798 = ORIENTED_EDGE ( 'NONE', *, *, #1249, .F. ) ;
#1799 = EDGE_CURVE ( 'NONE', #809, #1468, #986, .T. ) ;
#1800 = CARTESIAN_POINT ( 'NONE',  ( -16.57499999999999574, 18.49999999999999645, -6.657999999999999474 ) ) ;
#1801 = CIRCLE ( 'NONE', #108, 2.199999999999997069 ) ;
#1802 = CARTESIAN_POINT ( 'NONE',  ( -23.57499999999999929, 16.00000000000000000, -5.157999999999999474 ) ) ;
#1803 = CIRCLE ( 'NONE', #23, 2.199999999999997069 ) ;
#1804 = PLANE ( 'NONE',  #422 ) ;
#1805 = ORIENTED_EDGE ( 'NONE', *, *, #30, .T. ) ;
#1806 = PLANE ( 'NONE',  #1392 ) ;
#1807 = EDGE_LOOP ( 'NONE', ( #1335, #88, #1422, #1740 ) ) ;
#1808 = CARTESIAN_POINT ( 'NONE',  ( -7.000000000000006217, 14.00000000000000000, -6.657999999999999474 ) ) ;
#1809 = EDGE_CURVE ( 'NONE', #1287, #442, #307, .T. ) ;
#1810 = CARTESIAN_POINT ( 'NONE',  ( 0.000000000000000000, 7.000000000000000000, -8.657999999999999474 ) ) ;
#1811 = FACE_OUTER_BOUND ( 'NONE', #193, .T. ) ;
#1812 = CIRCLE ( 'NONE', #1576, 1.250000000000001554 ) ;
#1813 = VERTEX_POINT ( 'NONE', #863 ) ;
#1814 = CIRCLE ( 'NONE', #1012, 2.199999999999997069 ) ;
#1815 = LINE ( 'NONE', #261, #686 ) ;
#1816 = ORIENTED_EDGE ( 'NONE', *, *, #674, .T. ) ;
#1817 = DIRECTION ( 'NONE',  ( 0.000000000000000000, 0.000000000000000000, 1.000000000000000000 ) ) ;
#1818 = VERTEX_POINT ( 'NONE', #745 ) ;
#1819 = FACE_OUTER_BOUND ( 'NONE', #1135, .T. ) ;
#1820 = CYLINDRICAL_SURFACE ( 'NONE', #325, 2.000000000000000000 ) ;
#1821 = EDGE_CURVE ( 'NONE', #1669, #864, #36, .T. ) ;
#1822 = FACE_OUTER_BOUND ( 'NONE', #1766, .T. ) ;
#1823 = ADVANCED_FACE ( 'NONE', ( #844, #607 ), #1718, .T. ) ;
#1824 = ORIENTED_EDGE ( 'NONE', *, *, #749, .T. ) ;
#1825 = CARTESIAN_POINT ( 'NONE',  ( -15.23446609406725827, 19.00000000000000000, -1.507999999999998897 ) ) ;
#1826 = EDGE_LOOP ( 'NONE', ( #1061, #1200, #363, #531 ) ) ;
#1827 = DIRECTION ( 'NONE',  ( 0.000000000000000000, 0.000000000000000000, -1.000000000000000000 ) ) ;
#1828 = CARTESIAN_POINT ( 'NONE',  ( -10.07499999999999396, 20.49999999999999645, 1.257000000000002116 ) ) ;
#1829 = AXIS2_PLACEMENT_3D ( 'NONE', #1371, #1080, #943 ) ;
#1830 = CARTESIAN_POINT ( 'NONE',  ( -22.07499999999999574, 22.00000000000000000, -6.657999999999999474 ) ) ;
#1831 = AXIS2_PLACEMENT_3D ( 'NONE', #1557, #1601, #1290 ) ;
#1832 = LINE ( 'NONE', #752, #328 ) ;
#1833 = EDGE_CURVE ( 'NONE', #1070, #1231, #1403, .T. ) ;
#1834 = AXIS2_PLACEMENT_3D ( 'NONE', #146, #1454, #188 ) ;
#1835 = FACE_OUTER_BOUND ( 'NONE', #548, .T. ) ;
#1836 = VECTOR ( 'NONE', #1475, 1000.000000000000000 ) ;
#1837 = ORIENTED_EDGE ( 'NONE', *, *, #1113, .F. ) ;
#1838 = CARTESIAN_POINT ( 'NONE',  ( 5.749999999999998224, 1.000000000000010436, -9.699999999999997513 ) ) ;
#1839 = ORIENTED_EDGE ( 'NONE', *, *, #1652, .T. ) ;
#1840 = DIRECTION ( 'NONE',  ( -4.956352788505159323E-16, -1.000000000000000000, -0.000000000000000000 ) ) ;
#1841 = DIRECTION ( 'NONE',  ( -0.000000000000000000, 1.000000000000000000, -0.000000000000000000 ) ) ;
ENDSEC;
END-ISO-10303-21;
