ISO-10303-21;
HEADER;
FILE_DESCRIPTION (( 'STEP AP214' ),
    '1' );
FILE_NAME ('front1.STEP',
    '2025-03-17T21:48:08',
    ( '' ),
    ( '' ),
    'SwSTEP 2.0',
    'SolidWorks 2024',
    '' );
FILE_SCHEMA (( 'AUTOMOTIVE_DESIGN' ));
ENDSEC;

DATA;
#1 = ORIENTED_EDGE ( 'NONE', *, *, #432, .F. ) ;
#2 = EDGE_CURVE ( 'NONE', #20, #1793, #1164, .T. ) ;
#3 = EDGE_CURVE ( 'NONE', #1350, #323, #1767, .T. ) ;
#4 = ORIENTED_EDGE ( 'NONE', *, *, #714, .F. ) ;
#5 = ORIENTED_EDGE ( 'NONE', *, *, #680, .T. ) ;
#6 = DIRECTION ( 'NONE',  ( -1.000000000000000000, 0.000000000000000000, 0.000000000000000000 ) ) ;
#7 = ORIENTED_EDGE ( 'NONE', *, *, #1395, .F. ) ;
#8 = CARTESIAN_POINT ( 'NONE',  ( -20.62120474641496770, 1.000000000000000000, 22.99999999999999645 ) ) ;
#9 = CARTESIAN_POINT ( 'NONE',  ( -6.999999999999998224, -13.16000000000000192, 14.99999999999999645 ) ) ;
#10 = EDGE_CURVE ( 'NONE', #309, #785, #1457, .T. ) ;
#11 = EDGE_CURVE ( 'NONE', #917, #1177, #428, .T. ) ;
#12 = CIRCLE ( 'NONE', #97, 10.16000000000000192 ) ;
#13 = CARTESIAN_POINT ( 'NONE',  ( -16.46715137698245712, -10.67157594949938293, 14.99999999999999645 ) ) ;
#14 = CARTESIAN_POINT ( 'NONE',  ( 5.410000000000000142, 2.143131898507869530E-16, 32.99999999999999289 ) ) ;
#15 = UNCERTAINTY_MEASURE_WITH_UNIT (LENGTH_MEASURE( 1.000000000000000082E-05 ), #1733, 'distance_accuracy_value', 'NONE');
#16 = VERTEX_POINT ( 'NONE', #560 ) ;
#17 = ORIENTED_EDGE ( 'NONE', *, *, #72, .T. ) ;
#18 = ORIENTED_EDGE ( 'NONE', *, *, #26, .T. ) ;
#19 = CARTESIAN_POINT ( 'NONE',  ( -20.62120474641496770, -2.000000000000000000, 14.99999999999999645 ) ) ;
#20 = VERTEX_POINT ( 'NONE', #994 ) ;
#21 = LINE ( 'NONE', #1784, #888 ) ;
#22 = DIRECTION ( 'NONE',  ( 1.000000000000000000, 0.000000000000000000, 0.000000000000000000 ) ) ;
#23 = DIRECTION ( 'NONE',  ( -8.673617379884035472E-16, -1.000000000000000000, -0.000000000000000000 ) ) ;
#24 = DIRECTION ( 'NONE',  ( -1.000000000000000000, -8.673617379884035472E-16, -0.000000000000000000 ) ) ;
#25 = AXIS2_PLACEMENT_3D ( 'NONE', #1542, #370, #962 ) ;
#26 = EDGE_CURVE ( 'NONE', #1623, #601, #941, .T. ) ;
#27 = EDGE_LOOP ( 'NONE', ( #173, #4 ) ) ;
#28 = ORIENTED_EDGE ( 'NONE', *, *, #491, .T. ) ;
#29 = AXIS2_PLACEMENT_3D ( 'NONE', #171, #317, #344 ) ;
#30 = ORIENTED_EDGE ( 'NONE', *, *, #644, .F. ) ;
#31 = LINE ( 'NONE', #460, #808 ) ;
#32 = ORIENTED_EDGE ( 'NONE', *, *, #814, .T. ) ;
#33 = CARTESIAN_POINT ( 'NONE',  ( 19.12120474641496770, 1.658500138128259874E-14, 20.49999999999999645 ) ) ;
#34 = LINE ( 'NONE', #335, #58 ) ;
#35 = CARTESIAN_POINT ( 'NONE',  ( 13.83801256992526341, -7.657006472239672235, 14.99999999999999645 ) ) ;
#36 = ORIENTED_EDGE ( 'NONE', *, *, #1531, .F. ) ;
#37 = AXIS2_PLACEMENT_3D ( 'NONE', #544, #555, #1597 ) ;
#38 = EDGE_CURVE ( 'NONE', #1215, #1460, #1181, .T. ) ;
#39 = ORIENTED_EDGE ( 'NONE', *, *, #1933, .F. ) ;
#40 = DIRECTION ( 'NONE',  ( -0.000000000000000000, -0.000000000000000000, -1.000000000000000000 ) ) ;
#41 = ORIENTED_EDGE ( 'NONE', *, *, #584, .T. ) ;
#42 = CARTESIAN_POINT ( 'NONE',  ( -20.62120474641497125, -1.999999999999997335, 14.99999999999999645 ) ) ;
#43 = FACE_OUTER_BOUND ( 'NONE', #1478, .T. ) ;
#44 = CARTESIAN_POINT ( 'NONE',  ( -7.160000000000000142, 0.000000000000000000, 32.99999999999999289 ) ) ;
#45 = AXIS2_PLACEMENT_3D ( 'NONE', #1576, #238, #1431 ) ;
#46 = ORIENTED_EDGE ( 'NONE', *, *, #1013, .F. ) ;
#47 = VECTOR ( 'NONE', #776, 1000.000000000000000 ) ;
#48 = ORIENTED_EDGE ( 'NONE', *, *, #796, .F. ) ;
#49 = DIRECTION ( 'NONE',  ( -2.350988701644575016E-32, 1.261617073437677999E-16, -1.000000000000000000 ) ) ;
#50 = DIRECTION ( 'NONE',  ( 1.000000000000000000, 0.000000000000000000, 0.000000000000000000 ) ) ;
#51 = DIRECTION ( 'NONE',  ( -1.000000000000000000, 0.000000000000000000, 0.000000000000000000 ) ) ;
#52 = AXIS2_PLACEMENT_3D ( 'NONE', #1419, #374, #1563 ) ;
#53 = EDGE_LOOP ( 'NONE', ( #834, #7 ) ) ;
#54 = LINE ( 'NONE', #1146, #1259 ) ;
#55 = ADVANCED_FACE ( 'NONE', ( #1437 ), #116, .F. ) ;
#56 = AXIS2_PLACEMENT_3D ( 'NONE', #1852, #978, #972 ) ;
#57 = VERTEX_POINT ( 'NONE', #367 ) ;
#58 = VECTOR ( 'NONE', #1079, 1000.000000000000000 ) ;
#59 = DIRECTION ( 'NONE',  ( 0.000000000000000000, 0.000000000000000000, 1.000000000000000000 ) ) ;
#60 = AXIS2_PLACEMENT_3D ( 'NONE', #1267, #84, #1881 ) ;
#61 = CARTESIAN_POINT ( 'NONE',  ( -8.549999999999998934, -13.16000000000000192, 14.99999999999999645 ) ) ;
#62 = DIRECTION ( 'NONE',  ( -0.000000000000000000, -0.000000000000000000, 1.000000000000000000 ) ) ;
#63 = DIRECTION ( 'NONE',  ( 0.000000000000000000, 1.000000000000000000, 0.000000000000000000 ) ) ;
#64 = VECTOR ( 'NONE', #835, 1000.000000000000000 ) ;
#65 = DIRECTION ( 'NONE',  ( 2.350988701644575290E-32, 0.000000000000000000, 1.000000000000000000 ) ) ;
#66 = EDGE_CURVE ( 'NONE', #773, #1815, #1255, .T. ) ;
#67 = FACE_BOUND ( 'NONE', #53, .T. ) ;
#68 = CARTESIAN_POINT ( 'NONE',  ( 12.50000000000000000, -10.16000000000000192, 14.99999999999999645 ) ) ;
#69 = CARTESIAN_POINT ( 'NONE',  ( 7.000000000000001776, -13.16000000000000014, 23.99999999999999645 ) ) ;
#70 = PLANE ( 'NONE',  #1151 ) ;
#71 = EDGE_CURVE ( 'NONE', #854, #20, #1412, .T. ) ;
#72 = EDGE_CURVE ( 'NONE', #572, #1361, #918, .T. ) ;
#73 = DIRECTION ( 'NONE',  ( 0.000000000000000000, -1.000000000000000000, 0.000000000000000000 ) ) ;
#74 = DIRECTION ( 'NONE',  ( 0.000000000000000000, 0.000000000000000000, 1.000000000000000000 ) ) ;
#75 = CARTESIAN_POINT ( 'NONE',  ( -12.50000000000000000, -23.91000000000000014, 18.99999999999999645 ) ) ;
#76 = PLANE ( 'NONE',  #1836 ) ;
#77 = ADVANCED_FACE ( 'NONE', ( #1728, #1548 ), #376, .F. ) ;
#78 = CARTESIAN_POINT ( 'NONE',  ( 19.26277080327790259, -2.000000000000000000, 19.00500391272190015 ) ) ;
#79 = CARTESIAN_POINT ( 'NONE',  ( 16.55811641043062465, -3.860182370820669284, 14.99999999999999645 ) ) ;
#80 = AXIS2_PLACEMENT_3D ( 'NONE', #1010, #1584, #1601 ) ;
#81 = CARTESIAN_POINT ( 'NONE',  ( 19.33315078358927153, 2.000000000000000000, 14.99999999999999645 ) ) ;
#82 = DIRECTION ( 'NONE',  ( 1.000000000000000000, 0.000000000000000000, 0.000000000000000000 ) ) ;
#83 = ADVANCED_FACE ( 'NONE', ( #682 ), #960, .T. ) ;
#84 = DIRECTION ( 'NONE',  ( 0.000000000000000000, 0.000000000000000000, 1.000000000000000000 ) ) ;
#85 = ADVANCED_FACE ( 'NONE', ( #211 ), #561, .F. ) ;
#86 = VERTEX_POINT ( 'NONE', #827 ) ;
#87 = CARTESIAN_POINT ( 'NONE',  ( 7.160000000000000142, 0.000000000000000000, 14.99999999999999645 ) ) ;
#88 = EDGE_CURVE ( 'NONE', #323, #1350, #1501, .T. ) ;
#89 = DIRECTION ( 'NONE',  ( -8.673617379884035472E-16, -1.000000000000000000, -0.000000000000000000 ) ) ;
#90 = CARTESIAN_POINT ( 'NONE',  ( 20.62120474641496770, 1.000000000000000000, 21.99999999999999645 ) ) ;
#91 = DIRECTION ( 'NONE',  ( 1.000000000000000000, 0.000000000000000000, 0.000000000000000000 ) ) ;
#92 = B_SPLINE_CURVE_WITH_KNOTS ( 'NONE', 3,
 ( #541, #236, #720, #977 ),
 .UNSPECIFIED., .F., .F.,
 ( 4, 4 ),
 ( 0.000000000000000000, 0.0002126118397687768705 ),
 .UNSPECIFIED. ) ;
#93 = CARTESIAN_POINT ( 'NONE',  ( -19.33315078358927153, -5.000000000000000000, 14.99999999999999645 ) ) ;
#94 = FACE_OUTER_BOUND ( 'NONE', #1338, .T. ) ;
#95 = VERTEX_POINT ( 'NONE', #1263 ) ;
#96 = DIRECTION ( 'NONE',  ( 0.000000000000000000, 1.000000000000000000, 0.000000000000000000 ) ) ;
#97 = AXIS2_PLACEMENT_3D ( 'NONE', #1886, #1865, #551 ) ;
#98 = CARTESIAN_POINT ( 'NONE',  ( -12.50000000000000000, -19.41000000000000014, 21.50000000000000000 ) ) ;
#99 = CARTESIAN_POINT ( 'NONE',  ( -17.46963372590830943, 2.637657566247860963, 19.38425145320256959 ) ) ;
#100 = CARTESIAN_POINT ( 'NONE',  ( 18.12109637496057601, -2.252515915152818682, 19.07087207660080708 ) ) ;
#101 = EDGE_LOOP ( 'NONE', ( #1191, #1363, #1783, #475 ) ) ;
#102 = ORIENTED_EDGE ( 'NONE', *, *, #1499, .F. ) ;
#103 = EDGE_CURVE ( 'NONE', #1187, #1695, #1115, .T. ) ;
#104 = CIRCLE ( 'NONE', #1450, 4.000000000000000000 ) ;
#105 = DIRECTION ( 'NONE',  ( 1.000000000000000000, -3.469446951953614189E-15, 0.000000000000000000 ) ) ;
#106 = VECTOR ( 'NONE', #231, 1000.000000000000000 ) ;
#107 = DIRECTION ( 'NONE',  ( -0.000000000000000000, -0.000000000000000000, 1.000000000000000000 ) ) ;
#108 = CARTESIAN_POINT ( 'NONE',  ( -12.50000000000000000, -19.91000000000000014, 23.99999999999999645 ) ) ;
#109 = CARTESIAN_POINT ( 'NONE',  ( -5.449999999999998401, -13.16000000000000192, 14.99999999999999645 ) ) ;
#110 = AXIS2_PLACEMENT_3D ( 'NONE', #1265, #361, #1697 ) ;
#111 = VECTOR ( 'NONE', #1575, 1000.000000000000000 ) ;
#112 = DIRECTION ( 'NONE',  ( 1.000000000000000000, 0.000000000000000000, 0.000000000000000000 ) ) ;
#113 = EDGE_CURVE ( 'NONE', #20, #86, #816, .T. ) ;
#114 = CIRCLE ( 'NONE', #624, 10.16000000000000192 ) ;
#115 = ORIENTED_EDGE ( 'NONE', *, *, #1933, .T. ) ;
#116 = PLANE ( 'NONE',  #315 ) ;
#117 = CARTESIAN_POINT ( 'NONE',  ( 23.62120474641496770, 2.000000000000002665, 22.99999999999999645 ) ) ;
#118 = EDGE_LOOP ( 'NONE', ( #163, #1208, #1, #1758, #1740, #102 ) ) ;
#119 = B_SPLINE_CURVE_WITH_KNOTS ( 'NONE', 3,
 ( #841, #1433, #1752, #264, #1440, #724, #99, #1331, #275, #883, #417, #1745 ),
 .UNSPECIFIED., .F., .F.,
 ( 4, 2, 2, 2, 2, 4 ),
 ( 2.304412992440092189E-16, 0.0004073537040577945964, 0.0008147074081153586915, 0.001629414816230479075, 0.002444122224345598917, 0.003258829632460719626 ),
 .UNSPECIFIED. ) ;
#120 = FACE_OUTER_BOUND ( 'NONE', #101, .T. ) ;
#121 = CARTESIAN_POINT ( 'NONE',  ( 8.910000000000001918, 0.000000000000000000, 29.99999999999999645 ) ) ;
#122 = CARTESIAN_POINT ( 'NONE',  ( -20.62120474641496770, 2.000000000000002220, 21.99999999999999645 ) ) ;
#123 = TOROIDAL_SURFACE ( 'NONE', #37, 11.66000000000000192, 1.500000000000000000 ) ;
#124 = CARTESIAN_POINT ( 'NONE',  ( -12.50000000000000000, -10.16000000000000192, 14.99999999999999645 ) ) ;
#125 = EDGE_LOOP ( 'NONE', ( #1038, #258, #1915, #743, #1756, #617 ) ) ;
#126 = VERTEX_POINT ( 'NONE', #1712 ) ;
#127 = VERTEX_POINT ( 'NONE', #1429 ) ;
#128 = ORIENTED_EDGE ( 'NONE', *, *, #38, .F. ) ;
#129 = ORIENTED_EDGE ( 'NONE', *, *, #356, .T. ) ;
#130 = DIRECTION ( 'NONE',  ( 0.000000000000000000, 0.000000000000000000, 1.000000000000000000 ) ) ;
#131 = CYLINDRICAL_SURFACE ( 'NONE', #721, 1.750000000000000666 ) ;
#132 = CARTESIAN_POINT ( 'NONE',  ( 17.12995459218911520, -2.950784506018524489, 19.67125027443265850 ) ) ;
#133 = AXIS2_PLACEMENT_3D ( 'NONE', #1486, #1764, #873 ) ;
#134 = CIRCLE ( 'NONE', #1242, 1.749999999999999778 ) ;
#135 = CARTESIAN_POINT ( 'NONE',  ( -6.999999999999998224, -13.16000000000000192, 14.99999999999999645 ) ) ;
#136 = EDGE_CURVE ( 'NONE', #1488, #1536, #976, .T. ) ;
#137 = ORIENTED_EDGE ( 'NONE', *, *, #209, .T. ) ;
#138 = ORIENTED_EDGE ( 'NONE', *, *, #1686, .T. ) ;
#139 = ORIENTED_EDGE ( 'NONE', *, *, #1761, .T. ) ;
#140 = EDGE_LOOP ( 'NONE', ( #1469, #338, #1085, #1342 ) ) ;
#141 = DIRECTION ( 'NONE',  ( 0.000000000000000000, 0.000000000000000000, 1.000000000000000000 ) ) ;
#142 = DIRECTION ( 'NONE',  ( 0.000000000000000000, 1.000000000000000000, 0.000000000000000000 ) ) ;
#143 = CARTESIAN_POINT ( 'NONE',  ( 18.63243607412890412, -2.082981162907116435, 18.99999999999999645 ) ) ;
#144 = EDGE_CURVE ( 'NONE', #359, #1872, #1676, .T. ) ;
#145 = DIRECTION ( 'NONE',  ( -1.000000000000000000, -0.000000000000000000, 0.000000000000000000 ) ) ;
#146 = CIRCLE ( 'NONE', #395, 7.160000000000001918 ) ;
#147 = ADVANCED_FACE ( 'NONE', ( #357 ), #1422, .F. ) ;
#148 = EDGE_CURVE ( 'NONE', #937, #591, #1744, .T. ) ;
#149 = CIRCLE ( 'NONE', #1123, 1.550000000000000266 ) ;
#150 = ORIENTED_EDGE ( 'NONE', *, *, #915, .F. ) ;
#151 = ORIENTED_EDGE ( 'NONE', *, *, #1679, .F. ) ;
#152 = ORIENTED_EDGE ( 'NONE', *, *, #1201, .T. ) ;
#153 = ORIENTED_EDGE ( 'NONE', *, *, #832, .T. ) ;
#154 = EDGE_CURVE ( 'NONE', #1090, #1635, #1717, .T. ) ;
#155 = EDGE_CURVE ( 'NONE', #1359, #939, #1313, .T. ) ;
#156 = DIRECTION ( 'NONE',  ( -0.000000000000000000, -0.000000000000000000, 1.000000000000000000 ) ) ;
#157 = ORIENTED_EDGE ( 'NONE', *, *, #1040, .F. ) ;
#158 = DIRECTION ( 'NONE',  ( -0.000000000000000000, -0.000000000000000000, 1.000000000000000000 ) ) ;
#159 = LINE ( 'NONE', #932, #836 ) ;
#160 = AXIS2_PLACEMENT_3D ( 'NONE', #87, #804, #1283 ) ;
#161 = LINE ( 'NONE', #419, #623 ) ;
#162 = LINE ( 'NONE', #760, #1097 ) ;
#163 = ORIENTED_EDGE ( 'NONE', *, *, #174, .T. ) ;
#164 = VERTEX_POINT ( 'NONE', #538 ) ;
#165 = ORIENTED_EDGE ( 'NONE', *, *, #1131, .T. ) ;
#166 = DIRECTION ( 'NONE',  ( 1.000000000000000000, 0.000000000000000000, 0.000000000000000000 ) ) ;
#167 = VERTEX_POINT ( 'NONE', #1398 ) ;
#168 = DIRECTION ( 'NONE',  ( 1.000000000000000000, 0.000000000000000000, 0.000000000000000000 ) ) ;
#169 = DIRECTION ( 'NONE',  ( 0.000000000000000000, 0.000000000000000000, -1.000000000000000000 ) ) ;
#170 = CARTESIAN_POINT ( 'NONE',  ( 8.550000000000002487, -13.16000000000000014, 14.99999999999999645 ) ) ;
#171 = CARTESIAN_POINT ( 'NONE',  ( 7.160000000000000142, 0.000000000000000000, 14.99999999999999645 ) ) ;
#172 = ORIENTED_EDGE ( 'NONE', *, *, #847, .F. ) ;
#173 = ORIENTED_EDGE ( 'NONE', *, *, #148, .F. ) ;
#174 = EDGE_CURVE ( 'NONE', #1180, #293, #54, .T. ) ;
#175 = ORIENTED_EDGE ( 'NONE', *, *, #66, .T. ) ;
#176 = LINE ( 'NONE', #595, #1571 ) ;
#177 = ORIENTED_EDGE ( 'NONE', *, *, #644, .T. ) ;
#178 = CARTESIAN_POINT ( 'NONE',  ( -14.32000000000000384, 0.000000000000000000, 14.99999999999999645 ) ) ;
#179 = DIRECTION ( 'NONE',  ( -2.350988701644575016E-32, 1.261617073437677999E-16, -1.000000000000000000 ) ) ;
#180 = CARTESIAN_POINT ( 'NONE',  ( 18.63243607412890412, 2.082981162907116435, 18.99999999999999645 ) ) ;
#181 = EDGE_CURVE ( 'NONE', #293, #95, #1762, .T. ) ;
#182 = ORIENTED_EDGE ( 'NONE', *, *, #958, .T. ) ;
#183 = VECTOR ( 'NONE', #516, 1000.000000000000000 ) ;
#184 = ORIENTED_EDGE ( 'NONE', *, *, #1189, .T. ) ;
#185 = FACE_OUTER_BOUND ( 'NONE', #1818, .T. ) ;
#186 = ORIENTED_EDGE ( 'NONE', *, *, #1387, .T. ) ;
#187 = DIRECTION ( 'NONE',  ( 0.000000000000000000, 0.000000000000000000, 1.000000000000000000 ) ) ;
#188 = PLANE ( 'NONE',  #266 ) ;
#189 = FACE_BOUND ( 'NONE', #1672, .T. ) ;
#190 = EDGE_LOOP ( 'NONE', ( #752, #635, #1009, #1778, #1626, #296, #1490, #1029, #1688, #1512 ) ) ;
#191 = VECTOR ( 'NONE', #1638, 1000.000000000000000 ) ;
#192 = ORIENTED_EDGE ( 'NONE', *, *, #410, .T. ) ;
#193 = DIRECTION ( 'NONE',  ( 1.000000000000000000, 0.000000000000000000, 0.000000000000000000 ) ) ;
#194 = MANIFOLD_SOLID_BREP ( 'Cut-Extrude2', #337 ) ;
#195 = CARTESIAN_POINT ( 'NONE',  ( 7.000000000000001776, -13.16000000000000014, 23.99999999999999645 ) ) ;
#196 = DIRECTION ( 'NONE',  ( -0.000000000000000000, -0.000000000000000000, 1.000000000000000000 ) ) ;
#197 = DIRECTION ( 'NONE',  ( 1.000000000000000000, 0.000000000000000000, -2.350988701644575016E-32 ) ) ;
#198 = CIRCLE ( 'NONE', #855, 11.66000000000000369 ) ;
#199 = EDGE_CURVE ( 'NONE', #1177, #766, #1888, .T. ) ;
#200 = ORIENTED_EDGE ( 'NONE', *, *, #71, .F. ) ;
#201 = AXIS2_PLACEMENT_3D ( 'NONE', #1530, #1682, #193 ) ;
#202 = DIRECTION ( 'NONE',  ( -0.000000000000000000, -0.000000000000000000, 1.000000000000000000 ) ) ;
#203 = ORIENTED_EDGE ( 'NONE', *, *, #88, .F. ) ;
#204 = FACE_OUTER_BOUND ( 'NONE', #906, .T. ) ;
#205 = DIRECTION ( 'NONE',  ( -1.000000000000000000, 0.000000000000000000, 0.000000000000000000 ) ) ;
#206 = DIRECTION ( 'NONE',  ( -0.000000000000000000, -0.000000000000000000, 1.000000000000000000 ) ) ;
#207 = FACE_BOUND ( 'NONE', #1172, .T. ) ;
#208 = PRESENTATION_LAYER_ASSIGNMENT (  '', '', ( #1797 ) ) ;
#209 = EDGE_CURVE ( 'NONE', #1467, #1623, #1025, .T. ) ;
#210 = VECTOR ( 'NONE', #1570, 1000.000000000000000 ) ;
#211 = FACE_OUTER_BOUND ( 'NONE', #593, .T. ) ;
#212 = VECTOR ( 'NONE', #988, 1000.000000000000000 ) ;
#213 = AXIS2_PLACEMENT_3D ( 'NONE', #135, #1475, #1008 ) ;
#214 = DIRECTION ( 'NONE',  ( 1.000000000000000000, 0.000000000000000000, 0.000000000000000000 ) ) ;
#215 = PRODUCT_RELATED_PRODUCT_CATEGORY ( 'part', '', ( #562 ) ) ;
#216 = AXIS2_PLACEMENT_3D ( 'NONE', #1811, #1049, #908 ) ;
#217 = FACE_BOUND ( 'NONE', #445, .T. ) ;
#218 = ADVANCED_FACE ( 'NONE', ( #286, #698 ), #882, .T. ) ;
#219 = CYLINDRICAL_SURFACE ( 'NONE', #966, 1.550000000000000266 ) ;
#220 = DIRECTION ( 'NONE',  ( 1.000000000000000000, 0.000000000000000000, -2.350988701644575016E-32 ) ) ;
#221 = AXIS2_PLACEMENT_3D ( 'NONE', #1703, #1873, #952 ) ;
#222 = CARTESIAN_POINT ( 'NONE',  ( 7.000000000000001776, -13.16000000000000014, 14.99999999999999645 ) ) ;
#223 = FACE_BOUND ( 'NONE', #297, .T. ) ;
#224 = FACE_OUTER_BOUND ( 'NONE', #499, .T. ) ;
#225 = DIRECTION ( 'NONE',  ( -3.110126208107282483E-48, 1.000000000000000000, -1.261617073437677999E-16 ) ) ;
#226 = EDGE_CURVE ( 'NONE', #433, #713, #416, .T. ) ;
#227 = CARTESIAN_POINT ( 'NONE',  ( 16.55811641043062465, 3.860182370820669284, 14.99999999999999645 ) ) ;
#228 = VECTOR ( 'NONE', #300, 1000.000000000000000 ) ;
#229 = CARTESIAN_POINT ( 'NONE',  ( -16.74088896814851779, -3.474533955434228272, 20.15700093140958415 ) ) ;
#230 = DIRECTION ( 'NONE',  ( 0.000000000000000000, 0.000000000000000000, -1.000000000000000000 ) ) ;
#231 = DIRECTION ( 'NONE',  ( -0.000000000000000000, -0.000000000000000000, 1.000000000000000000 ) ) ;
#232 = CARTESIAN_POINT ( 'NONE',  ( 19.12120474641496415, 2.007496219329688358, 18.99999999999999645 ) ) ;
#233 = EDGE_CURVE ( 'NONE', #250, #126, #104, .T. ) ;
#234 = ORIENTED_EDGE ( 'NONE', *, *, #326, .T. ) ;
#235 = DIRECTION ( 'NONE',  ( 8.673617379884035472E-16, 1.000000000000000000, 0.000000000000000000 ) ) ;
#236 = CARTESIAN_POINT ( 'NONE',  ( 19.19212034753035212, 2.002473575506370285, 18.99999999999999645 ) ) ;
#237 = CIRCLE ( 'NONE', #1708, 1.749999999999999778 ) ;
#238 = DIRECTION ( 'NONE',  ( -0.000000000000000000, -0.000000000000000000, 1.000000000000000000 ) ) ;
#239 = DIRECTION ( 'NONE',  ( 1.000000000000000000, -8.673617379884035472E-16, -4.701977403289150032E-32 ) ) ;
#240 = DIRECTION ( 'NONE',  ( 1.000000000000000000, 0.000000000000000000, 0.000000000000000000 ) ) ;
#241 = CARTESIAN_POINT ( 'NONE',  ( -20.62120474641496770, -2.000000000000000000, 18.99999999999999645 ) ) ;
#242 = VERTEX_POINT ( 'NONE', #438 ) ;
#243 = DIRECTION ( 'NONE',  ( 0.000000000000000000, 0.000000000000000000, 1.000000000000000000 ) ) ;
#244 = CARTESIAN_POINT ( 'NONE',  ( -19.33315078358927153, 2.000000000000000000, 19.01504920036853719 ) ) ;
#245 = CARTESIAN_POINT ( 'NONE',  ( 8.550000000000002487, -13.16000000000000014, 23.99999999999999645 ) ) ;
#246 = CARTESIAN_POINT ( 'NONE',  ( -23.62120474641496770, 2.000000000000000000, 21.99999999999999645 ) ) ;
#247 = CARTESIAN_POINT ( 'NONE',  ( -7.160000000000000142, -7.160000000000002807, 14.99999999999999645 ) ) ;
#248 = DIRECTION ( 'NONE',  ( 0.000000000000000000, 0.000000000000000000, 1.000000000000000000 ) ) ;
#249 = ADVANCED_FACE ( 'NONE', ( #1014 ), #892, .T. ) ;
#250 = VERTEX_POINT ( 'NONE', #574 ) ;
#251 = VERTEX_POINT ( 'NONE', #744 ) ;
#252 = CARTESIAN_POINT ( 'NONE',  ( -18.12110339566991257, -2.252512908843945283, 19.07087013726806646 ) ) ;
#253 = DIRECTION ( 'NONE',  ( 1.000000000000000000, 0.000000000000000000, 0.000000000000000000 ) ) ;
#254 = DIRECTION ( 'NONE',  ( -1.000000000000000000, 0.000000000000000000, 0.000000000000000000 ) ) ;
#255 = CARTESIAN_POINT ( 'NONE',  ( 18.36937970522092556, -2.155902604609766016, 19.01569639429642677 ) ) ;
#256 = DIRECTION ( 'NONE',  ( -3.110126208107282483E-48, 1.000000000000000000, -1.261617073437677999E-16 ) ) ;
#257 = PRODUCT_DEFINITION_FORMATION_WITH_SPECIFIED_SOURCE ( 'ANY', '', #562, .NOT_KNOWN. ) ;
#258 = ORIENTED_EDGE ( 'NONE', *, *, #1396, .F. ) ;
#259 = CARTESIAN_POINT ( 'NONE',  ( 19.33315078358927153, 5.000000000000000000, 18.99999999999999645 ) ) ;
#260 = AXIS2_PLACEMENT_3D ( 'NONE', #765, #1239, #755 ) ;
#261 = DIRECTION ( 'NONE',  ( -0.000000000000000000, -0.000000000000000000, -1.000000000000000000 ) ) ;
#262 = EDGE_LOOP ( 'NONE', ( #928, #345 ) ) ;
#263 = CARTESIAN_POINT ( 'NONE',  ( -23.62120474641496770, 2.000000000000005329, 14.99999999999999645 ) ) ;
#264 = CARTESIAN_POINT ( 'NONE',  ( -18.12109637496057601, 2.252515915152818682, 19.07087207660080708 ) ) ;
#265 = FACE_OUTER_BOUND ( 'NONE', #739, .T. ) ;
#266 = AXIS2_PLACEMENT_3D ( 'NONE', #1675, #1378, #610 ) ;
#267 = CYLINDRICAL_SURFACE ( 'NONE', #1554, 4.000000000000000000 ) ;
#268 = CIRCLE ( 'NONE', #1377, 1.000000000000000000 ) ;
#269 = ORIENTED_EDGE ( 'NONE', *, *, #1228, .F. ) ;
#270 = ORIENTED_EDGE ( 'NONE', *, *, #1113, .T. ) ;
#271 = EDGE_LOOP ( 'NONE', ( #887, #845, #1680, #899 ) ) ;
#272 = EDGE_LOOP ( 'NONE', ( #1600, #1304 ) ) ;
#273 = VERTEX_POINT ( 'NONE', #859 ) ;
#274 =( NAMED_UNIT ( * ) PLANE_ANGLE_UNIT ( ) SI_UNIT ( $, .RADIAN. ) );
#275 = CARTESIAN_POINT ( 'NONE',  ( -16.98675677194853861, 3.118164629209674743, 19.82822235318691639 ) ) ;
#276 = DIRECTION ( 'NONE',  ( 1.000000000000000000, -8.673617379884035472E-16, -4.701977403289150032E-32 ) ) ;
#277 = AXIS2_PLACEMENT_3D ( 'NONE', #922, #1773, #629 ) ;
#278 = EDGE_CURVE ( 'NONE', #1173, #1905, #407, .T. ) ;
#279 = PLANE ( 'NONE',  #550 ) ;
#280 = EDGE_LOOP ( 'NONE', ( #444, #331, #1059, #41 ) ) ;
#281 = EDGE_LOOP ( 'NONE', ( #1637, #864, #645, #754, #706 ) ) ;
#282 = ADVANCED_FACE ( 'NONE', ( #120 ), #723, .F. ) ;
#283 = ORIENTED_EDGE ( 'NONE', *, *, #1308, .F. ) ;
#284 = ORIENTED_EDGE ( 'NONE', *, *, #782, .T. ) ;
#285 = AXIS2_PLACEMENT_3D ( 'NONE', #90, #684, #586 ) ;
#286 = FACE_OUTER_BOUND ( 'NONE', #1152, .T. ) ;
#287 = EDGE_CURVE ( 'NONE', #307, #1541, #1596, .T. ) ;
#288 = CARTESIAN_POINT ( 'NONE',  ( -7.160000000000000142, 0.000000000000000000, 14.99999999999999645 ) ) ;
#289 = FACE_OUTER_BOUND ( 'NONE', #1104, .T. ) ;
#290 = AXIS2_PLACEMENT_3D ( 'NONE', #1474, #587, #1159 ) ;
#291 = VECTOR ( 'NONE', #1808, 1000.000000000000000 ) ;
#292 = CARTESIAN_POINT ( 'NONE',  ( 19.33315078358927153, -5.000000000000000000, 14.99999999999999645 ) ) ;
#293 = VERTEX_POINT ( 'NONE', #709 ) ;
#294 = ADVANCED_FACE ( 'NONE', ( #1309 ), #1319, .T. ) ;
#295 = ORIENTED_EDGE ( 'NONE', *, *, #287, .F. ) ;
#296 = ORIENTED_EDGE ( 'NONE', *, *, #915, .T. ) ;
#297 = EDGE_LOOP ( 'NONE', ( #889, #993 ) ) ;
#298 = LINE ( 'NONE', #1217, #453 ) ;
#299 = ORIENTED_EDGE ( 'NONE', *, *, #919, .T. ) ;
#300 = DIRECTION ( 'NONE',  ( -0.000000000000000000, -0.000000000000000000, 1.000000000000000000 ) ) ;
#301 = CIRCLE ( 'NONE', #547, 1.750000000000000666 ) ;
#302 = CARTESIAN_POINT ( 'NONE',  ( -6.999999999999998224, -13.16000000000000192, 14.99999999999999645 ) ) ;
#303 = DIRECTION ( 'NONE',  ( 0.000000000000000000, 0.000000000000000000, 1.000000000000000000 ) ) ;
#304 = CYLINDRICAL_SURFACE ( 'NONE', #1614, 10.16000000000000192 ) ;
#305 = VECTOR ( 'NONE', #196, 1000.000000000000000 ) ;
#306 = VECTOR ( 'NONE', #530, 1000.000000000000000 ) ;
#307 = VERTEX_POINT ( 'NONE', #1075 ) ;
#308 = ORIENTED_EDGE ( 'NONE', *, *, #1189, .F. ) ;
#309 = VERTEX_POINT ( 'NONE', #920 ) ;
#310 = EDGE_LOOP ( 'NONE', ( #857, #423, #17, #157 ) ) ;
#311 = LINE ( 'NONE', #19, #291 ) ;
#312 = ORIENTED_EDGE ( 'NONE', *, *, #642, .F. ) ;
#313 = CARTESIAN_POINT ( 'NONE',  ( -20.62120474641497125, -1.000000000000000000, 21.99999999999999645 ) ) ;
#314 = CARTESIAN_POINT ( 'NONE',  ( -7.160000000000000142, 0.000000000000000000, 29.99999999999999645 ) ) ;
#315 = AXIS2_PLACEMENT_3D ( 'NONE', #717, #96, #1105 ) ;
#316 = DIRECTION ( 'NONE',  ( 1.000000000000000000, -8.673617379884035472E-16, -4.701977403289150032E-32 ) ) ;
#317 = DIRECTION ( 'NONE',  ( -0.000000000000000000, -0.000000000000000000, 1.000000000000000000 ) ) ;
#318 = EDGE_CURVE ( 'NONE', #1361, #126, #31, .T. ) ;
#319 = ORIENTED_EDGE ( 'NONE', *, *, #491, .F. ) ;
#320 = ORIENTED_EDGE ( 'NONE', *, *, #1102, .T. ) ;
#321 = VERTEX_POINT ( 'NONE', #1828 ) ;
#322 = DIRECTION ( 'NONE',  ( -0.000000000000000000, -0.000000000000000000, 1.000000000000000000 ) ) ;
#323 = VERTEX_POINT ( 'NONE', #1230 ) ;
#324 = CARTESIAN_POINT ( 'NONE',  ( 7.160000000000001918, -10.16000000000000192, 32.99999999999999289 ) ) ;
#325 = DIRECTION ( 'NONE',  ( -0.000000000000000000, -0.000000000000000000, 1.000000000000000000 ) ) ;
#326 = EDGE_CURVE ( 'NONE', #1695, #1254, #1118, .T. ) ;
#327 = VECTOR ( 'NONE', #907, 1000.000000000000000 ) ;
#328 = CARTESIAN_POINT ( 'NONE',  ( -20.62120474641497125, 1.788604398826520722E-14, 29.99999999999999645 ) ) ;
#329 = DIRECTION ( 'NONE',  ( -1.000000000000000000, 0.000000000000000000, 0.000000000000000000 ) ) ;
#330 = VERTEX_POINT ( 'NONE', #1792 ) ;
#331 = ORIENTED_EDGE ( 'NONE', *, *, #1404, .F. ) ;
#332 = DIRECTION ( 'NONE',  ( -0.000000000000000000, -0.000000000000000000, 1.000000000000000000 ) ) ;
#333 = ORIENTED_EDGE ( 'NONE', *, *, #558, .T. ) ;
#334 = LINE ( 'NONE', #940, #1824 ) ;
#335 = CARTESIAN_POINT ( 'NONE',  ( -12.50000000000000000, -23.91000000000000014, 18.99999999999999645 ) ) ;
#336 = CARTESIAN_POINT ( 'NONE',  ( 17.66598986934529947, 2.492924926954447784, 19.25497171952392605 ) ) ;
#337 = CLOSED_SHELL ( 'NONE', ( #730, #848, #1754, #540, #1706, #85, #282, #1403, #1718, #1444, #669, #472, #692, #1336, #664, #1477, #1326, #1140, #1537, #1480, #1533, #634, #1660, #1605, #249, #352, #1125, #1641, #944, #414, #83, #1087, #557, #504, #867, #1681, #849, #1132, #770, #581, #1199, #294, #1223, #77, #218, #503, #55, #1421, #875, #1794, #788, #1925, #147, #1257, #1368, #1007 ) ) ;
#338 = ORIENTED_EDGE ( 'NONE', *, *, #525, .T. ) ;
#339 = EDGE_LOOP ( 'NONE', ( #1227, #1371 ) ) ;
#340 = DIRECTION ( 'NONE',  ( 1.000000000000000000, 0.000000000000000000, 0.000000000000000000 ) ) ;
#341 = PLANE ( 'NONE',  #1553 ) ;
#342 = EDGE_CURVE ( 'NONE', #164, #913, #1298, .T. ) ;
#343 = CARTESIAN_POINT ( 'NONE',  ( 19.33315078358927153, -2.000000000000000000, 14.99999999999999645 ) ) ;
#344 = DIRECTION ( 'NONE',  ( 1.000000000000000000, 0.000000000000000000, 0.000000000000000000 ) ) ;
#345 = ORIENTED_EDGE ( 'NONE', *, *, #680, .F. ) ;
#346 = ORIENTED_EDGE ( 'NONE', *, *, #318, .T. ) ;
#347 = PLANE ( 'NONE',  #1723 ) ;
#348 = EDGE_CURVE ( 'NONE', #926, #795, #1479, .T. ) ;
#349 = CARTESIAN_POINT ( 'NONE',  ( 19.12120474641496770, 2.000000000000000000, 20.49999999999999645 ) ) ;
#350 = LINE ( 'NONE', #1545, #368 ) ;
#351 = EDGE_CURVE ( 'NONE', #307, #1070, #1879, .T. ) ;
#352 = ADVANCED_FACE ( 'NONE', ( #1084 ), #1391, .F. ) ;
#353 = CARTESIAN_POINT ( 'NONE',  ( -20.62120474641497125, -2.000000000000000000, 21.99999999999999645 ) ) ;
#354 = CIRCLE ( 'NONE', #45, 7.160000000000002807 ) ;
#355 = EDGE_CURVE ( 'NONE', #412, #984, #1819, .T. ) ;
#356 = EDGE_CURVE ( 'NONE', #1635, #1760, #1142, .T. ) ;
#357 = FACE_OUTER_BOUND ( 'NONE', #280, .T. ) ;
#358 = EDGE_CURVE ( 'NONE', #1070, #1663, #176, .T. ) ;
#359 = VERTEX_POINT ( 'NONE', #1782 ) ;
#360 = DIRECTION ( 'NONE',  ( 1.000000000000000000, 0.000000000000000000, 0.000000000000000000 ) ) ;
#361 = DIRECTION ( 'NONE',  ( -0.000000000000000000, -0.000000000000000000, 1.000000000000000000 ) ) ;
#362 = CARTESIAN_POINT ( 'NONE',  ( 5.450000000000001954, -13.16000000000000014, 14.99999999999999645 ) ) ;
#363 = CIRCLE ( 'NONE', #673, 10.16000000000000192 ) ;
#364 = FACE_OUTER_BOUND ( 'NONE', #118, .T. ) ;
#365 = AXIS2_PLACEMENT_3D ( 'NONE', #1165, #1297, #1918 ) ;
#366 = AXIS2_PLACEMENT_3D ( 'NONE', #1859, #380, #979 ) ;
#367 = CARTESIAN_POINT ( 'NONE',  ( -20.62120474641497125, -1.999999999999997780, 20.49999999999999645 ) ) ;
#368 = VECTOR ( 'NONE', #206, 1000.000000000000000 ) ;
#369 = AXIS2_PLACEMENT_3D ( 'NONE', #924, #1832, #496 ) ;
#370 = DIRECTION ( 'NONE',  ( -0.000000000000000000, -0.000000000000000000, 1.000000000000000000 ) ) ;
#371 = EDGE_CURVE ( 'NONE', #937, #716, #1504, .T. ) ;
#372 = AXIS2_PLACEMENT_3D ( 'NONE', #611, #950, #1367 ) ;
#373 = LINE ( 'NONE', #495, #904 ) ;
#374 = DIRECTION ( 'NONE',  ( 0.000000000000000000, 0.000000000000000000, 1.000000000000000000 ) ) ;
#375 = CARTESIAN_POINT ( 'NONE',  ( -7.160000000000000142, 7.160000000000002807, 29.99999999999999645 ) ) ;
#376 = PLANE ( 'NONE',  #975 ) ;
#377 = AXIS2_PLACEMENT_3D ( 'NONE', #1015, #1578, #408 ) ;
#378 = APPLICATION_PROTOCOL_DEFINITION ( 'draft international standard', 'automotive_design', 1998, #1277 ) ;
#379 = DIRECTION ( 'NONE',  ( -1.000000000000000000, 0.000000000000000000, 0.000000000000000000 ) ) ;
#380 = DIRECTION ( 'NONE',  ( 0.000000000000000000, 0.000000000000000000, 1.000000000000000000 ) ) ;
#381 = CARTESIAN_POINT ( 'NONE',  ( 13.83801256992526696, -7.657006472239673123, 14.99999999999999645 ) ) ;
#382 = EDGE_CURVE ( 'NONE', #127, #583, #298, .T. ) ;
#383 = CARTESIAN_POINT ( 'NONE',  ( -16.55811641043062465, -3.860182370820669284, 14.99999999999999645 ) ) ;
#384 = VECTOR ( 'NONE', #1185, 1000.000000000000000 ) ;
#385 = VECTOR ( 'NONE', #332, 1000.000000000000000 ) ;
#386 =( LENGTH_UNIT ( ) NAMED_UNIT ( * ) SI_UNIT ( .MILLI., .METRE. ) );
#387 = FACE_OUTER_BOUND ( 'NONE', #1052, .T. ) ;
#388 = DIRECTION ( 'NONE',  ( 1.000000000000000000, -8.673617379884038430E-16, 0.000000000000000000 ) ) ;
#389 = FACE_OUTER_BOUND ( 'NONE', #1928, .T. ) ;
#390 = LINE ( 'NONE', #353, #183 ) ;
#391 = ORIENTED_EDGE ( 'NONE', *, *, #1540, .F. ) ;
#392 = CARTESIAN_POINT ( 'NONE',  ( -20.62120474641497125, 1.000000000000000000, 21.99999999999999645 ) ) ;
#393 = DIRECTION ( 'NONE',  ( 0.000000000000000000, 0.000000000000000000, -1.000000000000000000 ) ) ;
#394 = CIRCLE ( 'NONE', #707, 1.000000000000000000 ) ;
#395 = AXIS2_PLACEMENT_3D ( 'NONE', #454, #442, #738 ) ;
#396 = DIRECTION ( 'NONE',  ( 0.000000000000000000, 0.000000000000000000, 1.000000000000000000 ) ) ;
#397 = DIRECTION ( 'NONE',  ( 0.000000000000000000, 5.421010862427522170E-17, -1.000000000000000000 ) ) ;
#398 = CIRCLE ( 'NONE', #216, 11.66000000000000192 ) ;
#399 = FACE_OUTER_BOUND ( 'NONE', #310, .T. ) ;
#400 = CARTESIAN_POINT ( 'NONE',  ( -20.62120474641496770, 2.000000000000002220, 22.99999999999999645 ) ) ;
#401 = EDGE_CURVE ( 'NONE', #1760, #1617, #1523, .T. ) ;
#402 = ORIENTED_EDGE ( 'NONE', *, *, #790, .F. ) ;
#403 = ORIENTED_EDGE ( 'NONE', *, *, #501, .F. ) ;
#404 = COLOUR_RGB ( '',0.7921568627450980005, 0.8196078431372548767, 0.9333333333333333481 ) ;
#405 = CARTESIAN_POINT ( 'NONE',  ( 23.62120474641496770, 1.000000000000000000, 22.99999999999999645 ) ) ;
#406 = CARTESIAN_POINT ( 'NONE',  ( -7.160000000000000142, 0.000000000000000000, 20.49999999999999645 ) ) ;
#407 = LINE ( 'NONE', #1484, #1054 ) ;
#408 = DIRECTION ( 'NONE',  ( 1.000000000000000000, 0.000000000000000000, 0.000000000000000000 ) ) ;
#409 = DIRECTION ( 'NONE',  ( -1.000000000000000000, -0.000000000000000000, 0.000000000000000000 ) ) ;
#410 = EDGE_CURVE ( 'NONE', #913, #1815, #1382, .T. ) ;
#411 = DIRECTION ( 'NONE',  ( 0.000000000000000000, 0.000000000000000000, -1.000000000000000000 ) ) ;
#412 = VERTEX_POINT ( 'NONE', #606 ) ;
#413 = ORIENTED_EDGE ( 'NONE', *, *, #103, .T. ) ;
#414 = ADVANCED_FACE ( 'NONE', ( #185 ), #484, .F. ) ;
#415 = CARTESIAN_POINT ( 'NONE',  ( 19.12120474641497125, -2.007496219329688358, 18.99999999999999645 ) ) ;
#416 = LINE ( 'NONE', #851, #1855 ) ;
#417 = CARTESIAN_POINT ( 'NONE',  ( -16.63849939397875133, 3.664479534987449050, 20.32973890178873688 ) ) ;
#418 = CARTESIAN_POINT ( 'NONE',  ( -7.160000000000000142, 7.160000000000002807, 14.99999999999999645 ) ) ;
#419 = CARTESIAN_POINT ( 'NONE',  ( -12.50000000000000000, -10.16000000000000192, 23.99999999999999645 ) ) ;
#420 = AXIS2_PLACEMENT_3D ( 'NONE', #1719, #1875, #868 ) ;
#421 = VERTEX_POINT ( 'NONE', #627 ) ;
#422 = ORIENTED_EDGE ( 'NONE', *, *, #1294, .T. ) ;
#423 = ORIENTED_EDGE ( 'NONE', *, *, #1449, .T. ) ;
#424 = ORIENTED_EDGE ( 'NONE', *, *, #1846, .T. ) ;
#425 = ORIENTED_EDGE ( 'NONE', *, *, #226, .T. ) ;
#426 = EDGE_CURVE ( 'NONE', #293, #330, #311, .T. ) ;
#427 = SURFACE_SIDE_STYLE ('',( #1330 ) ) ;
#428 = CIRCLE ( 'NONE', #1521, 1.000000000000000000 ) ;
#429 = DIRECTION ( 'NONE',  ( -8.673617379884035472E-16, 1.000000000000000000, 0.000000000000000000 ) ) ;
#430 = CARTESIAN_POINT ( 'NONE',  ( -20.62120474641496415, 2.000000000000000000, 14.99999999999999645 ) ) ;
#431 = CARTESIAN_POINT ( 'NONE',  ( -17.32000000000000028, 0.000000000000000000, 20.49999999999999645 ) ) ;
#432 = EDGE_CURVE ( 'NONE', #1793, #330, #474, .T. ) ;
#433 = VERTEX_POINT ( 'NONE', #1373 ) ;
#434 = ORIENTED_EDGE ( 'NONE', *, *, #1869, .T. ) ;
#435 = EDGE_CURVE ( 'NONE', #1617, #421, #694, .T. ) ;
#436 = ORIENTED_EDGE ( 'NONE', *, *, #1102, .F. ) ;
#437 = ORIENTED_EDGE ( 'NONE', *, *, #1395, .T. ) ;
#438 = CARTESIAN_POINT ( 'NONE',  ( 23.62120474641496770, 2.000000000000002665, 21.99999999999999645 ) ) ;
#439 = CARTESIAN_POINT ( 'NONE',  ( 5.410000000000000142, 2.143131898507869037E-16, 14.99999999999999645 ) ) ;
#440 = LINE ( 'NONE', #109, #1861 ) ;
#441 = AXIS2_PLACEMENT_3D ( 'NONE', #1664, #1525, #1810 ) ;
#442 = DIRECTION ( 'NONE',  ( -0.000000000000000000, -0.000000000000000000, 1.000000000000000000 ) ) ;
#443 = EDGE_CURVE ( 'NONE', #936, #16, #1393, .T. ) ;
#444 = ORIENTED_EDGE ( 'NONE', *, *, #508, .F. ) ;
#445 = EDGE_LOOP ( 'NONE', ( #1204, #914, #774, #880, #138 ) ) ;
#446 = EDGE_LOOP ( 'NONE', ( #1032, #596, #1397, #733, #234, #1657 ) ) ;
#447 = ORIENTED_EDGE ( 'NONE', *, *, #1293, .T. ) ;
#448 = VECTOR ( 'NONE', #1720, 1000.000000000000000 ) ;
#449 = DIRECTION ( 'NONE',  ( -0.000000000000000000, -0.000000000000000000, 1.000000000000000000 ) ) ;
#450 = ORIENTED_EDGE ( 'NONE', *, *, #790, .T. ) ;
#451 = LINE ( 'NONE', #42, #384 ) ;
#452 = DIRECTION ( 'NONE',  ( 1.000000000000000000, 1.440787226534068138E-49, -2.350988701644575290E-32 ) ) ;
#453 = VECTOR ( 'NONE', #322, 1000.000000000000000 ) ;
#454 = CARTESIAN_POINT ( 'NONE',  ( 7.160000000000000142, 0.000000000000000000, 14.99999999999999645 ) ) ;
#455 = ORIENTED_EDGE ( 'NONE', *, *, #751, .T. ) ;
#456 = ORIENTED_EDGE ( 'NONE', *, *, #688, .T. ) ;
#457 = CARTESIAN_POINT ( 'NONE',  ( 0.000000000000000000, 0.000000000000000000, 0.000000000000000000 ) ) ;
#458 = ORIENTED_EDGE ( 'NONE', *, *, #912, .T. ) ;
#459 = ORIENTED_EDGE ( 'NONE', *, *, #1360, .T. ) ;
#460 = CARTESIAN_POINT ( 'NONE',  ( 12.50000000000000000, -10.16000000000000192, 23.99999999999999645 ) ) ;
#461 = ORIENTED_EDGE ( 'NONE', *, *, #1246, .F. ) ;
#462 = DIRECTION ( 'NONE',  ( -8.673617379884035472E-16, 1.000000000000000000, 0.000000000000000000 ) ) ;
#463 = VECTOR ( 'NONE', #965, 1000.000000000000000 ) ;
#464 = FACE_OUTER_BOUND ( 'NONE', #1399, .T. ) ;
#465 = EDGE_CURVE ( 'NONE', #583, #984, #134, .T. ) ;
#466 = LINE ( 'NONE', #170, #1858 ) ;
#467 = CIRCLE ( 'NONE', #1405, 1.000000000000000000 ) ;
#468 = CARTESIAN_POINT ( 'NONE',  ( 12.50000000000000000, -19.41000000000000014, 17.49999999999999645 ) ) ;
#469 = AXIS2_PLACEMENT_3D ( 'NONE', #758, #452, #1210 ) ;
#470 = EDGE_LOOP ( 'NONE', ( #705, #1471 ) ) ;
#471 = VERTEX_POINT ( 'NONE', #1837 ) ;
#472 = ADVANCED_FACE ( 'NONE', ( #204 ), #347, .F. ) ;
#473 = ORIENTED_EDGE ( 'NONE', *, *, #1896, .T. ) ;
#474 = LINE ( 'NONE', #1513, #47 ) ;
#475 = ORIENTED_EDGE ( 'NONE', *, *, #552, .F. ) ;
#476 = CARTESIAN_POINT ( 'NONE',  ( -7.160000000000000142, -10.16000000000000192, 14.99999999999999645 ) ) ;
#477 = LINE ( 'NONE', #1355, #748 ) ;
#478 = VECTOR ( 'NONE', #1439, 1000.000000000000000 ) ;
#479 = DIRECTION ( 'NONE',  ( -0.000000000000000000, -0.000000000000000000, 1.000000000000000000 ) ) ;
#480 = CARTESIAN_POINT ( 'NONE',  ( 17.46964754062766190, 2.637646922976792041, 19.38424191499671778 ) ) ;
#481 = AXIS2_PLACEMENT_3D ( 'NONE', #93, #1451, #254 ) ;
#482 = ORIENTED_EDGE ( 'NONE', *, *, #814, .F. ) ;
#483 = ORIENTED_EDGE ( 'NONE', *, *, #1072, .F. ) ;
#484 = PLANE ( 'NONE',  #643 ) ;
#485 = ORIENTED_EDGE ( 'NONE', *, *, #103, .F. ) ;
#486 = CARTESIAN_POINT ( 'NONE',  ( 23.62120474641496770, 2.000000000000002665, 14.99999999999999645 ) ) ;
#487 = VECTOR ( 'NONE', #712, 1000.000000000000000 ) ;
#488 = DIRECTION ( 'NONE',  ( 0.000000000000000000, -1.000000000000000000, 0.000000000000000000 ) ) ;
#489 = DIRECTION ( 'NONE',  ( -0.000000000000000000, -0.000000000000000000, 1.000000000000000000 ) ) ;
#490 = ORIENTED_EDGE ( 'NONE', *, *, #985, .T. ) ;
#491 = EDGE_CURVE ( 'NONE', #1760, #1369, #1632, .T. ) ;
#492 = ORIENTED_EDGE ( 'NONE', *, *, #688, .F. ) ;
#493 = CARTESIAN_POINT ( 'NONE',  ( 20.62120474641496770, -1.000000000000000000, 21.99999999999999645 ) ) ;
#494 = ORIENTED_EDGE ( 'NONE', *, *, #1732, .T. ) ;
#495 = CARTESIAN_POINT ( 'NONE',  ( -12.50000000000000000, -10.16000000000000192, 23.99999999999999645 ) ) ;
#496 = DIRECTION ( 'NONE',  ( 1.000000000000000000, 8.673617379884038430E-16, 0.000000000000000000 ) ) ;
#497 = CARTESIAN_POINT ( 'NONE',  ( 18.49815052547628369, 2.115238705440819267, 18.99999999999860734 ) ) ;
#498 = AXIS2_PLACEMENT_3D ( 'NONE', #292, #759, #1640 ) ;
#499 = EDGE_LOOP ( 'NONE', ( #165, #1381, #186, #1171, #803, #391 ) ) ;
#500 = AXIS2_PLACEMENT_3D ( 'NONE', #747, #1148, #248 ) ;
#501 = EDGE_CURVE ( 'NONE', #1541, #1663, #1642, .T. ) ;
#502 = ORIENTED_EDGE ( 'NONE', *, *, #10, .T. ) ;
#503 = ADVANCED_FACE ( 'NONE', ( #67, #806, #505 ), #657, .F. ) ;
#504 = ADVANCED_FACE ( 'NONE', ( #1401 ), #1887, .F. ) ;
#505 = FACE_OUTER_BOUND ( 'NONE', #726, .T. ) ;
#506 = DIRECTION ( 'NONE',  ( 0.000000000000000000, 1.000000000000000000, 0.000000000000000000 ) ) ;
#507 = FACE_OUTER_BOUND ( 'NONE', #446, .T. ) ;
#508 = EDGE_CURVE ( 'NONE', #510, #1911, #1845, .T. ) ;
#509 = EDGE_CURVE ( 'NONE', #421, #1069, #839, .T. ) ;
#510 = VERTEX_POINT ( 'NONE', #362 ) ;
#511 = CARTESIAN_POINT ( 'NONE',  ( 23.62120474641497125, -1.999999999999997335, 14.99999999999999645 ) ) ;
#512 = ORIENTED_EDGE ( 'NONE', *, *, #1464, .F. ) ;
#513 = DIRECTION ( 'NONE',  ( -0.000000000000000000, -0.000000000000000000, 1.000000000000000000 ) ) ;
#514 = FACE_OUTER_BOUND ( 'NONE', #1789, .T. ) ;
#515 = CARTESIAN_POINT ( 'NONE',  ( -23.62120474641496770, 1.000000000000000000, 21.99999999999999645 ) ) ;
#516 = DIRECTION ( 'NONE',  ( 1.000000000000000000, 0.000000000000000000, 0.000000000000000000 ) ) ;
#517 = CARTESIAN_POINT ( 'NONE',  ( -7.160000000000000142, 10.16000000000000192, 14.99999999999999645 ) ) ;
#518 = CARTESIAN_POINT ( 'NONE',  ( -7.160000000000000142, 0.000000000000000000, 20.49999999999999645 ) ) ;
#519 = CARTESIAN_POINT ( 'NONE',  ( 7.159999999999999254, -7.160000000000002807, 29.99999999999999645 ) ) ;
#520 = CARTESIAN_POINT ( 'NONE',  ( 5.410000000000000142, 2.143131898507869530E-16, 29.99999999999999645 ) ) ;
#521 = EDGE_CURVE ( 'NONE', #16, #570, #685, .T. ) ;
#522 = DIRECTION ( 'NONE',  ( 0.000000000000000000, 0.000000000000000000, 1.000000000000000000 ) ) ;
#523 = DIRECTION ( 'NONE',  ( -1.000000000000000000, 0.000000000000000000, 0.000000000000000000 ) ) ;
#524 = CIRCLE ( 'NONE', #1611, 4.000000000000000000 ) ;
#525 = EDGE_CURVE ( 'NONE', #1522, #1069, #809, .T. ) ;
#526 = CARTESIAN_POINT ( 'NONE',  ( -16.98677274805552173, -3.118145040849297445, 19.82820407084081538 ) ) ;
#527 = CIRCLE ( 'NONE', #783, 1.550000000000000266 ) ;
#528 = CARTESIAN_POINT ( 'NONE',  ( -7.160000000000000142, 0.000000000000000000, 14.99999999999999645 ) ) ;
#529 = FACE_OUTER_BOUND ( 'NONE', #1329, .T. ) ;
#530 = DIRECTION ( 'NONE',  ( -0.000000000000000000, -0.000000000000000000, 1.000000000000000000 ) ) ;
#531 = DIRECTION ( 'NONE',  ( 1.000000000000000000, 1.440787226534068138E-49, -2.350988701644575290E-32 ) ) ;
#532 = CARTESIAN_POINT ( 'NONE',  ( -7.160000000000000142, 0.000000000000000000, 32.99999999999999289 ) ) ;
#533 = DIRECTION ( 'NONE',  ( 0.000000000000000000, 0.000000000000000000, -1.000000000000000000 ) ) ;
#534 = CARTESIAN_POINT ( 'NONE',  ( -8.910000000000001918, 2.143131898507867558E-16, 32.99999999999999289 ) ) ;
#535 = CARTESIAN_POINT ( 'NONE',  ( 7.160000000000000142, 0.000000000000000000, 32.99999999999999289 ) ) ;
#536 = CIRCLE ( 'NONE', #800, 1.500000000000001332 ) ;
#537 = VERTEX_POINT ( 'NONE', #1555 ) ;
#538 = CARTESIAN_POINT ( 'NONE',  ( 20.62120474641497125, -1.000000000000000000, 22.99999999999999645 ) ) ;
#539 = AXIS2_PLACEMENT_3D ( 'NONE', #929, #947, #1195 ) ;
#540 = ADVANCED_FACE ( 'NONE', ( #1406 ), #219, .F. ) ;
#541 = CARTESIAN_POINT ( 'NONE',  ( 19.12120474641496415, 2.007496219329688358, 18.99999999999999645 ) ) ;
#542 = CARTESIAN_POINT ( 'NONE',  ( 19.33315078358927153, -5.000000000000000000, 18.99999999999999645 ) ) ;
#543 = DIRECTION ( 'NONE',  ( 0.000000000000000000, 1.000000000000000000, 0.000000000000000000 ) ) ;
#544 = CARTESIAN_POINT ( 'NONE',  ( 7.160000000000000142, 0.000000000000000000, 20.49999999999999645 ) ) ;
#545 = DIRECTION ( 'NONE',  ( 0.000000000000000000, 0.000000000000000000, -1.000000000000000000 ) ) ;
#546 = ORIENTED_EDGE ( 'NONE', *, *, #356, .F. ) ;
#547 = AXIS2_PLACEMENT_3D ( 'NONE', #1260, #1714, #678 ) ;
#548 = CARTESIAN_POINT ( 'NONE',  ( 20.62120474641496415, 2.000000000000000000, 14.99999999999999645 ) ) ;
#549 = CARTESIAN_POINT ( 'NONE',  ( -16.63889233594795058, -3.663522866619389085, 20.32890660211889511 ) ) ;
#550 = AXIS2_PLACEMENT_3D ( 'NONE', #1766, #1037, #411 ) ;
#551 = DIRECTION ( 'NONE',  ( 1.000000000000000000, 0.000000000000000000, 0.000000000000000000 ) ) ;
#552 = EDGE_CURVE ( 'NONE', #878, #433, #819, .T. ) ;
#553 = FILL_AREA_STYLE ('',( #871 ) ) ;
#554 = AXIS2_PLACEMENT_3D ( 'NONE', #314, #169, #1785 ) ;
#555 = DIRECTION ( 'NONE',  ( 0.000000000000000000, 0.000000000000000000, 1.000000000000000000 ) ) ;
#556 = FACE_OUTER_BOUND ( 'NONE', #1098, .T. ) ;
#557 = ADVANCED_FACE ( 'NONE', ( #224 ), #659, .F. ) ;
#558 = EDGE_CURVE ( 'NONE', #1375, #716, #301, .T. ) ;
#559 = EDGE_LOOP ( 'NONE', ( #319, #1661, #1549, #450 ) ) ;
#560 = CARTESIAN_POINT ( 'NONE',  ( -12.50000000000000000, -23.91000000000000014, 19.99999999999999645 ) ) ;
#561 = TOROIDAL_SURFACE ( 'NONE', #1842, 11.66000000000000192, 1.500000000000000000 ) ;
#562 = PRODUCT ( 'front1', 'front1', '', ( #1057 ) ) ;
#563 = DIRECTION ( 'NONE',  ( -1.000000000000000000, 0.000000000000000000, 0.000000000000000000 ) ) ;
#564 = CARTESIAN_POINT ( 'NONE',  ( -6.999999999999998224, -13.16000000000000192, 23.99999999999999645 ) ) ;
#565 = CARTESIAN_POINT ( 'NONE',  ( 16.63849939397875133, -3.664479534987449050, 20.32973890178873688 ) ) ;
#566 = LINE ( 'NONE', #590, #1251 ) ;
#567 = ORIENTED_EDGE ( 'NONE', *, *, #435, .F. ) ;
#568 = ORIENTED_EDGE ( 'NONE', *, *, #342, .F. ) ;
#569 = EDGE_CURVE ( 'NONE', #1369, #854, #619, .T. ) ;
#570 = VERTEX_POINT ( 'NONE', #75 ) ;
#571 = VECTOR ( 'NONE', #1920, 1000.000000000000000 ) ;
#572 = VERTEX_POINT ( 'NONE', #666 ) ;
#573 = ORIENTED_EDGE ( 'NONE', *, *, #642, .T. ) ;
#574 = CARTESIAN_POINT ( 'NONE',  ( 12.50000000000000000, -23.91000000000000014, 19.99999999999999645 ) ) ;
#575 = CARTESIAN_POINT ( 'NONE',  ( 20.62120474641497125, -2.000000000000000000, 21.99999999999999645 ) ) ;
#576 = CARTESIAN_POINT ( 'NONE',  ( 19.33315078358927153, 5.000000000000000000, 14.99999999999999645 ) ) ;
#577 = EDGE_LOOP ( 'NONE', ( #1616, #628, #1428, #1481, #1883, #1324 ) ) ;
#578 = FACE_OUTER_BOUND ( 'NONE', #881, .T. ) ;
#579 = ORIENTED_EDGE ( 'NONE', *, *, #1591, .T. ) ;
#580 = ORIENTED_EDGE ( 'NONE', *, *, #602, .T. ) ;
#581 = ADVANCED_FACE ( 'NONE', ( #529 ), #1848, .T. ) ;
#582 = EDGE_LOOP ( 'NONE', ( #456, #1358, #490, #1500 ) ) ;
#583 = VERTEX_POINT ( 'NONE', #534 ) ;
#584 = EDGE_CURVE ( 'NONE', #784, #1911, #1800, .T. ) ;
#585 = PRESENTATION_STYLE_ASSIGNMENT (( #1461 ) ) ;
#586 = DIRECTION ( 'NONE',  ( 0.000000000000000000, 1.000000000000000000, 0.000000000000000000 ) ) ;
#587 = DIRECTION ( 'NONE',  ( -2.350988701644575016E-32, 1.261617073437677999E-16, -1.000000000000000000 ) ) ;
#588 = CIRCLE ( 'NONE', #1340, 1.500000000000001332 ) ;
#589 = ORIENTED_EDGE ( 'NONE', *, *, #1262, .F. ) ;
#590 = CARTESIAN_POINT ( 'NONE',  ( 12.50000000000000000, -23.91000000000000014, 14.99999999999999822 ) ) ;
#591 = VERTEX_POINT ( 'NONE', #520 ) ;
#592 = EDGE_LOOP ( 'NONE', ( #36, #1327, #731, #1492 ) ) ;
#593 = EDGE_LOOP ( 'NONE', ( #129, #28, #1236, #1041 ) ) ;
#594 = ORIENTED_EDGE ( 'NONE', *, *, #1871, .T. ) ;
#595 = CARTESIAN_POINT ( 'NONE',  ( -14.32000000000000206, 0.000000000000000000, 14.99999999999999645 ) ) ;
#596 = ORIENTED_EDGE ( 'NONE', *, *, #401, .T. ) ;
#597 = CARTESIAN_POINT ( 'NONE',  ( -16.55811641043062110, -3.860182370820669284, 14.99999999999999645 ) ) ;
#598 = DIRECTION ( 'NONE',  ( 0.000000000000000000, 0.000000000000000000, 1.000000000000000000 ) ) ;
#599 = CARTESIAN_POINT ( 'NONE',  ( -12.50000000000000000, -19.41000000000000014, 19.49999999999999645 ) ) ;
#600 = ORIENTED_EDGE ( 'NONE', *, *, #432, .T. ) ;
#601 = VERTEX_POINT ( 'NONE', #1119 ) ;
#602 = EDGE_CURVE ( 'NONE', #785, #1488, #865, .T. ) ;
#603 = ORIENTED_EDGE ( 'NONE', *, *, #278, .T. ) ;
#604 = ORIENTED_EDGE ( 'NONE', *, *, #1846, .F. ) ;
#605 = AXIS2_PLACEMENT_3D ( 'NONE', #1278, #1156, #1742 ) ;
#606 = CARTESIAN_POINT ( 'NONE',  ( -5.410000000000000142, 0.000000000000000000, 29.99999999999999645 ) ) ;
#607 = ORIENTED_EDGE ( 'NONE', *, *, #1034, .F. ) ;
#608 = CARTESIAN_POINT ( 'NONE',  ( 23.62120474641496770, 2.000000000000002665, 14.99999999999999645 ) ) ;
#609 = DIRECTION ( 'NONE',  ( 8.673617379884035472E-16, -1.000000000000000000, -0.000000000000000000 ) ) ;
#610 = DIRECTION ( 'NONE',  ( 0.000000000000000000, 0.000000000000000000, -1.000000000000000000 ) ) ;
#611 = CARTESIAN_POINT ( 'NONE',  ( -19.12120474641497481, -2.000000000000000000, 20.49999999999999645 ) ) ;
#612 = EDGE_LOOP ( 'NONE', ( #1018, #1633, #5, #1106 ) ) ;
#613 = ORIENTED_EDGE ( 'NONE', *, *, #981, .F. ) ;
#614 =( GEOMETRIC_REPRESENTATION_CONTEXT ( 3 ) GLOBAL_UNCERTAINTY_ASSIGNED_CONTEXT ( ( #1518 ) ) GLOBAL_UNIT_ASSIGNED_CONTEXT ( ( #386, #1585, #1307 ) ) REPRESENTATION_CONTEXT ( 'NONE', 'WORKASPACE' ) );
#615 = ORIENTED_EDGE ( 'NONE', *, *, #1591, .F. ) ;
#616 = DIRECTION ( 'NONE',  ( -3.110126208107282483E-48, -1.000000000000000000, -1.261617073437677999E-16 ) ) ;
#617 = ORIENTED_EDGE ( 'NONE', *, *, #751, .F. ) ;
#618 = DIRECTION ( 'NONE',  ( -1.000000000000000000, -0.000000000000000000, -0.000000000000000000 ) ) ;
#619 = CIRCLE ( 'NONE', #366, 11.66000000000000369 ) ;
#620 = DIRECTION ( 'NONE',  ( -0.000000000000000000, -0.000000000000000000, 1.000000000000000000 ) ) ;
#621 = DIRECTION ( 'NONE',  ( 0.000000000000000000, 0.000000000000000000, -1.000000000000000000 ) ) ;
#622 = DIRECTION ( 'NONE',  ( -1.000000000000000000, 0.000000000000000000, 0.000000000000000000 ) ) ;
#623 = VECTOR ( 'NONE', #1630, 1000.000000000000000 ) ;
#624 = AXIS2_PLACEMENT_3D ( 'NONE', #1685, #1096, #1235 ) ;
#625 = VERTEX_POINT ( 'NONE', #1709 ) ;
#626 = ORIENTED_EDGE ( 'NONE', *, *, #558, .F. ) ;
#627 = CARTESIAN_POINT ( 'NONE',  ( -7.160000000000000142, -10.16000000000000192, 32.99999999999999289 ) ) ;
#628 = ORIENTED_EDGE ( 'NONE', *, *, #796, .T. ) ;
#629 = DIRECTION ( 'NONE',  ( 1.000000000000000000, 0.000000000000000000, 0.000000000000000000 ) ) ;
#630 = DIRECTION ( 'NONE',  ( 0.000000000000000000, -1.000000000000000000, 0.000000000000000000 ) ) ;
#631 = DIRECTION ( 'NONE',  ( 0.000000000000000000, 0.000000000000000000, 1.000000000000000000 ) ) ;
#632 = VECTOR ( 'NONE', #1821, 1000.000000000000000 ) ;
#633 = EDGE_LOOP ( 'NONE', ( #1659, #637, #1529, #1934 ) ) ;
#634 = ADVANCED_FACE ( 'NONE', ( #824 ), #973, .T. ) ;
#635 = ORIENTED_EDGE ( 'NONE', *, *, #1831, .F. ) ;
#636 = DIRECTION ( 'NONE',  ( 0.000000000000000000, 0.000000000000000000, -1.000000000000000000 ) ) ;
#637 = ORIENTED_EDGE ( 'NONE', *, *, #351, .F. ) ;
#638 = DIRECTION ( 'NONE',  ( 1.000000000000000000, 0.000000000000000000, 0.000000000000000000 ) ) ;
#639 = VECTOR ( 'NONE', #1209, 1000.000000000000000 ) ;
#640 = PLANE ( 'NONE',  #905 ) ;
#641 = FACE_OUTER_BOUND ( 'NONE', #271, .T. ) ;
#642 = EDGE_CURVE ( 'NONE', #646, #1541, #672, .T. ) ;
#643 = AXIS2_PLACEMENT_3D ( 'NONE', #1650, #636, #166 ) ;
#644 = EDGE_CURVE ( 'NONE', #766, #1202, #1218, .T. ) ;
#645 = ORIENTED_EDGE ( 'NONE', *, *, #509, .T. ) ;
#646 = VERTEX_POINT ( 'NONE', #1691 ) ;
#647 = DIRECTION ( 'NONE',  ( 0.000000000000000000, -1.000000000000000000, 0.000000000000000000 ) ) ;
#648 = FACE_OUTER_BOUND ( 'NONE', #633, .T. ) ;
#649 = B_SPLINE_CURVE_WITH_KNOTS ( 'NONE', 3,
 ( #674, #959, #1546, #1710 ),
 .UNSPECIFIED., .F., .F.,
 ( 4, 4 ),
 ( 0.000000000000000000, 0.0002126118397687696605 ),
 .UNSPECIFIED. ) ;
#650 = EDGE_CURVE ( 'NONE', #1695, #1820, #350, .T. ) ;
#651 = LINE ( 'NONE', #980, #1838 ) ;
#652 = CIRCLE ( 'NONE', #1803, 7.160000000000002807 ) ;
#653 = CIRCLE ( 'NONE', #1736, 2.999999999999999112 ) ;
#654 = ORIENTED_EDGE ( 'NONE', *, *, #1415, .T. ) ;
#655 = CARTESIAN_POINT ( 'NONE',  ( -7.160000000000000142, 0.000000000000000000, 20.49999999999999645 ) ) ;
#656 = ORIENTED_EDGE ( 'NONE', *, *, #1046, .T. ) ;
#657 = PLANE ( 'NONE',  #1149 ) ;
#658 = DIRECTION ( 'NONE',  ( -0.000000000000000000, -0.000000000000000000, 1.000000000000000000 ) ) ;
#659 = CYLINDRICAL_SURFACE ( 'NONE', #1550, 1.500000000000001332 ) ;
#660 = FACE_OUTER_BOUND ( 'NONE', #1383, .T. ) ;
#661 = VECTOR ( 'NONE', #235, 1000.000000000000000 ) ;
#662 = DIRECTION ( 'NONE',  ( 0.000000000000000000, 0.000000000000000000, 1.000000000000000000 ) ) ;
#663 = DIRECTION ( 'NONE',  ( 0.000000000000000000, 0.000000000000000000, 1.000000000000000000 ) ) ;
#664 = ADVANCED_FACE ( 'NONE', ( #648 ), #1713, .F. ) ;
#665 = DIRECTION ( 'NONE',  ( -0.000000000000000000, -0.000000000000000000, 1.000000000000000000 ) ) ;
#666 = CARTESIAN_POINT ( 'NONE',  ( 13.83801256992526341, -7.657006472239672235, 23.99999999999999645 ) ) ;
#667 = FACE_OUTER_BOUND ( 'NONE', #1765, .T. ) ;
#668 = B_SPLINE_CURVE_WITH_KNOTS ( 'NONE', 3,
 ( #143, #1006, #255, #100, #1311, #861, #1900, #132, #1931, #999, #565, #1332 ),
 .UNSPECIFIED., .F., .F.,
 ( 4, 2, 2, 2, 2, 4 ),
 ( 2.304412992440092189E-16, 0.0004073537040577945964, 0.0008147074081153586915, 0.001629414816230479075, 0.002444122224345598917, 0.003258829632460719626 ),
 .UNSPECIFIED. ) ;
#669 = ADVANCED_FACE ( 'NONE', ( #1543 ), #1568, .T. ) ;
#670 = DIRECTION ( 'NONE',  ( 2.350988701644575016E-32, -1.261617073437677999E-16, 1.000000000000000000 ) ) ;
#671 = CARTESIAN_POINT ( 'NONE',  ( 8.910000000000001918, 0.000000000000000000, 32.99999999999999289 ) ) ;
#672 = LINE ( 'NONE', #1271, #212 ) ;
#673 = AXIS2_PLACEMENT_3D ( 'NONE', #532, #858, #683 ) ;
#674 = CARTESIAN_POINT ( 'NONE',  ( -19.33315078358927153, 2.000000000000000000, 19.01504920036853719 ) ) ;
#675 = DIRECTION ( 'NONE',  ( 1.000000000000000000, 0.000000000000000000, 0.000000000000000000 ) ) ;
#676 = LINE ( 'NONE', #405, #1603 ) ;
#677 = CARTESIAN_POINT ( 'NONE',  ( -7.160000000000000142, 0.000000000000000000, 18.99999999999999645 ) ) ;
#678 = DIRECTION ( 'NONE',  ( 1.000000000000000000, 0.000000000000000000, 0.000000000000000000 ) ) ;
#679 = CARTESIAN_POINT ( 'NONE',  ( 20.62120474641496770, 2.000000000000000000, 21.99999999999999645 ) ) ;
#680 = EDGE_CURVE ( 'NONE', #1911, #784, #1061, .T. ) ;
#681 = ORIENTED_EDGE ( 'NONE', *, *, #1699, .T. ) ;
#682 = FACE_OUTER_BOUND ( 'NONE', #125, .T. ) ;
#683 = DIRECTION ( 'NONE',  ( 1.000000000000000000, 0.000000000000000000, 0.000000000000000000 ) ) ;
#684 = DIRECTION ( 'NONE',  ( 1.000000000000000000, 8.673617379884035472E-16, 0.000000000000000000 ) ) ;
#685 = LINE ( 'NONE', #830, #463 ) ;
#686 = DIRECTION ( 'NONE',  ( 1.000000000000000000, 0.000000000000000000, 0.000000000000000000 ) ) ;
#687 = PLANE ( 'NONE',  #1122 ) ;
#688 = EDGE_CURVE ( 'NONE', #273, #1180, #394, .T. ) ;
#689 = CIRCLE ( 'NONE', #285, 1.000000000000000000 ) ;
#690 = EDGE_CURVE ( 'NONE', #1488, #1187, #1735, .T. ) ;
#691 = ORIENTED_EDGE ( 'NONE', *, *, #1046, .F. ) ;
#692 = ADVANCED_FACE ( 'NONE', ( #1707, #223, #1561, #217 ), #341, .T. ) ;
#693 = ORIENTED_EDGE ( 'NONE', *, *, #1869, .F. ) ;
#694 = CIRCLE ( 'NONE', #1826, 10.16000000000000192 ) ;
#695 = CARTESIAN_POINT ( 'NONE',  ( -17.46964754062766190, -2.637646922976792041, 19.38424191499671778 ) ) ;
#696 = LINE ( 'NONE', #838, #448 ) ;
#697 = EDGE_CURVE ( 'NONE', #1663, #433, #652, .T. ) ;
#698 = FACE_BOUND ( 'NONE', #1063, .T. ) ;
#699 = EDGE_CURVE ( 'NONE', #945, #1820, #1241, .T. ) ;
#700 = ADVANCED_BREP_SHAPE_REPRESENTATION ( 'front1', ( #194, #1701 ), #614 ) ;
#701 = LINE ( 'NONE', #1724, #1622 ) ;
#702 = DIRECTION ( 'NONE',  ( -0.000000000000000000, -0.000000000000000000, 1.000000000000000000 ) ) ;
#703 = EDGE_CURVE ( 'NONE', #1790, #936, #373, .T. ) ;
#704 =( GEOMETRIC_REPRESENTATION_CONTEXT ( 3 ) GLOBAL_UNCERTAINTY_ASSIGNED_CONTEXT ( ( #15 ) ) GLOBAL_UNIT_ASSIGNED_CONTEXT ( ( #1733, #274, #1897 ) ) REPRESENTATION_CONTEXT ( 'NONE', 'WORKASPACE' ) );
#705 = ORIENTED_EDGE ( 'NONE', *, *, #1739, .T. ) ;
#706 = ORIENTED_EDGE ( 'NONE', *, *, #699, .T. ) ;
#707 = AXIS2_PLACEMENT_3D ( 'NONE', #1839, #1249, #506 ) ;
#708 = VECTOR ( 'NONE', #828, 1000.000000000000000 ) ;
#709 = CARTESIAN_POINT ( 'NONE',  ( -23.62120474641497125, -1.999999999999994893, 14.99999999999999645 ) ) ;
#710 = AXIS2_PLACEMENT_3D ( 'NONE', #1653, #792, #329 ) ;
#711 = CARTESIAN_POINT ( 'NONE',  ( 16.55811641043062110, -3.860182370820669284, 14.99999999999999645 ) ) ;
#712 = DIRECTION ( 'NONE',  ( -8.673617379884035472E-16, -1.000000000000000000, -0.000000000000000000 ) ) ;
#713 = VERTEX_POINT ( 'NONE', #519 ) ;
#714 = EDGE_CURVE ( 'NONE', #591, #937, #1489, .T. ) ;
#715 = CARTESIAN_POINT ( 'NONE',  ( -8.549999999999998934, -13.16000000000000192, 23.99999999999999645 ) ) ;
#716 = VERTEX_POINT ( 'NONE', #671 ) ;
#717 = CARTESIAN_POINT ( 'NONE',  ( -12.50000000000000000, -23.91000000000000014, 14.99999999999999822 ) ) ;
#718 = ORIENTED_EDGE ( 'NONE', *, *, #3, .F. ) ;
#719 = AXIS2_PLACEMENT_3D ( 'NONE', #1566, #670, #73 ) ;
#720 = CARTESIAN_POINT ( 'NONE',  ( 19.26277080327789903, 2.000000000000000000, 19.00500391272186107 ) ) ;
#721 = AXIS2_PLACEMENT_3D ( 'NONE', #1147, #998, #686 ) ;
#722 = EDGE_LOOP ( 'NONE', ( #1834, #1929, #1001, #1002, #728, #283 ) ) ;
#723 = CYLINDRICAL_SURFACE ( 'NONE', #1702, 7.160000000000001918 ) ;
#724 = CARTESIAN_POINT ( 'NONE',  ( -17.66597786398012460, 2.492932585297837456, 19.25497819063029681 ) ) ;
#725 = CARTESIAN_POINT ( 'NONE',  ( 7.160000000000000142, 10.16000000000000192, 14.99999999999999645 ) ) ;
#726 = EDGE_LOOP ( 'NONE', ( #1190, #1835, #951, #1593, #1510, #1162, #1174, #876 ) ) ;
#727 = CARTESIAN_POINT ( 'NONE',  ( -12.50000000000000000, -19.41000000000000014, 19.49999999999999645 ) ) ;
#728 = ORIENTED_EDGE ( 'NONE', *, *, #1761, .F. ) ;
#729 = ORIENTED_EDGE ( 'NONE', *, *, #602, .F. ) ;
#730 = ADVANCED_FACE ( 'NONE', ( #1270 ), #799, .F. ) ;
#731 = ORIENTED_EDGE ( 'NONE', *, *, #1072, .T. ) ;
#732 = ORIENTED_EDGE ( 'NONE', *, *, #113, .F. ) ;
#733 = ORIENTED_EDGE ( 'NONE', *, *, #650, .F. ) ;
#734 = AXIS2_PLACEMENT_3D ( 'NONE', #938, #40, #6 ) ;
#735 = CARTESIAN_POINT ( 'NONE',  ( 0.000000000000000000, 0.000000000000000000, 18.99999999999999645 ) ) ;
#736 = CARTESIAN_POINT ( 'NONE',  ( -18.63243607412890412, -2.082981162907116435, 18.99999999999999645 ) ) ;
#737 = LINE ( 'NONE', #430, #1169 ) ;
#738 = DIRECTION ( 'NONE',  ( 1.000000000000000000, 0.000000000000000000, 0.000000000000000000 ) ) ;
#739 = EDGE_LOOP ( 'NONE', ( #1902, #1341, #424, #1926, #580, #1769 ) ) ;
#740 = ORIENTED_EDGE ( 'NONE', *, *, #847, .T. ) ;
#741 = DIRECTION ( 'NONE',  ( 1.000000000000000000, 0.000000000000000000, 0.000000000000000000 ) ) ;
#742 = ORIENTED_EDGE ( 'NONE', *, *, #1738, .T. ) ;
#743 = ORIENTED_EDGE ( 'NONE', *, *, #1051, .F. ) ;
#744 = CARTESIAN_POINT ( 'NONE',  ( 16.55811641043062110, -3.860182370820669284, 20.49999999999999645 ) ) ;
#745 = AXIS2_PLACEMENT_3D ( 'NONE', #727, #1188, #1932 ) ;
#746 = CARTESIAN_POINT ( 'NONE',  ( 7.160000000000000142, 7.160000000000002807, 14.99999999999999645 ) ) ;
#747 = CARTESIAN_POINT ( 'NONE',  ( 23.62120474641496770, -1.000000000000000000, 21.99999999999999645 ) ) ;
#748 = VECTOR ( 'NONE', #609, 1000.000000000000000 ) ;
#749 = LINE ( 'NONE', #1454, #1062 ) ;
#750 = ORIENTED_EDGE ( 'NONE', *, *, #985, .F. ) ;
#751 = EDGE_CURVE ( 'NONE', #1170, #242, #467, .T. ) ;
#752 = ORIENTED_EDGE ( 'NONE', *, *, #155, .T. ) ;
#753 = ORIENTED_EDGE ( 'NONE', *, *, #763, .T. ) ;
#754 = ORIENTED_EDGE ( 'NONE', *, *, #840, .T. ) ;
#755 = DIRECTION ( 'NONE',  ( 0.000000000000000000, 0.000000000000000000, 1.000000000000000000 ) ) ;
#756 = ORIENTED_EDGE ( 'NONE', *, *, #233, .F. ) ;
#757 = LINE ( 'NONE', #400, #487 ) ;
#758 = CARTESIAN_POINT ( 'NONE',  ( -12.50000000000000000, -19.91000000000000014, 18.99999999999999645 ) ) ;
#759 = DIRECTION ( 'NONE',  ( -0.000000000000000000, -0.000000000000000000, 1.000000000000000000 ) ) ;
#760 = CARTESIAN_POINT ( 'NONE',  ( -16.55811641043062465, 3.860182370820669284, 14.99999999999999645 ) ) ;
#761 = ORIENTED_EDGE ( 'NONE', *, *, #181, .F. ) ;
#762 = EDGE_LOOP ( 'NONE', ( #856, #1055, #927, #483 ) ) ;
#763 = EDGE_CURVE ( 'NONE', #1775, #1153, #536, .T. ) ;
#764 = VERTEX_POINT ( 'NONE', #1847 ) ;
#765 = CARTESIAN_POINT ( 'NONE',  ( 20.62120474641496415, 1.000000000000000000, 21.99999999999999645 ) ) ;
#766 = VERTEX_POINT ( 'NONE', #1392 ) ;
#767 = FACE_OUTER_BOUND ( 'NONE', #1194, .T. ) ;
#768 = DIRECTION ( 'NONE',  ( 1.000000000000000000, 0.000000000000000000, 0.000000000000000000 ) ) ;
#769 = EDGE_CURVE ( 'NONE', #1503, #1768, #1402, .T. ) ;
#770 = ADVANCED_FACE ( 'NONE', ( #514 ), #1108, .F. ) ;
#771 = CARTESIAN_POINT ( 'NONE',  ( -20.62120474641497481, -1.999999999999997335, 20.49999999999999645 ) ) ;
#772 = CARTESIAN_POINT ( 'NONE',  ( 17.12997014686844111, 2.950768075832345350, 19.67123499827904709 ) ) ;
#773 = VERTEX_POINT ( 'NONE', #1411 ) ;
#774 = ORIENTED_EDGE ( 'NONE', *, *, #1730, .T. ) ;
#775 = VERTEX_POINT ( 'NONE', #68 ) ;
#776 = DIRECTION ( 'NONE',  ( -0.000000000000000000, -0.000000000000000000, -1.000000000000000000 ) ) ;
#777 = ORIENTED_EDGE ( 'NONE', *, *, #1268, .F. ) ;
#778 = LINE ( 'NONE', #1077, #1238 ) ;
#779 = FACE_OUTER_BOUND ( 'NONE', #953, .T. ) ;
#780 = CYLINDRICAL_SURFACE ( 'NONE', #1253, 2.000000000000001776 ) ;
#781 = CIRCLE ( 'NONE', #369, 2.999999999999999112 ) ;
#782 = EDGE_CURVE ( 'NONE', #330, #1090, #1442, .T. ) ;
#783 = AXIS2_PLACEMENT_3D ( 'NONE', #1226, #1667, #1357 ) ;
#784 = VERTEX_POINT ( 'NONE', #245 ) ;
#785 = VERTEX_POINT ( 'NONE', #81 ) ;
#786 = CARTESIAN_POINT ( 'NONE',  ( 8.910000000000001918, 0.000000000000000000, 14.99999999999999645 ) ) ;
#787 = ORIENTED_EDGE ( 'NONE', *, *, #1293, .F. ) ;
#788 = ADVANCED_FACE ( 'NONE', ( #387 ), #1876, .T. ) ;
#789 = CYLINDRICAL_SURFACE ( 'NONE', #1141, 1.500000000000001332 ) ;
#790 = EDGE_CURVE ( 'NONE', #1494, #1369, #198, .T. ) ;
#791 = CARTESIAN_POINT ( 'NONE',  ( -20.62120474641496770, 2.000000000000002665, 14.99999999999999645 ) ) ;
#792 = DIRECTION ( 'NONE',  ( -0.000000000000000000, -0.000000000000000000, 1.000000000000000000 ) ) ;
#793 = CIRCLE ( 'NONE', #377, 7.160000000000001918 ) ;
#794 = EDGE_CURVE ( 'NONE', #1760, #537, #1289, .T. ) ;
#795 = VERTEX_POINT ( 'NONE', #98 ) ;
#796 = EDGE_CURVE ( 'NONE', #1872, #1372, #1139, .T. ) ;
#797 = ORIENTED_EDGE ( 'NONE', *, *, #443, .T. ) ;
#798 = CARTESIAN_POINT ( 'NONE',  ( -7.160000000000000142, 0.000000000000000000, 14.99999999999999645 ) ) ;
#799 = CYLINDRICAL_SURFACE ( 'NONE', #1302, 1.749999999999999778 ) ;
#800 = AXIS2_PLACEMENT_3D ( 'NONE', #349, #955, #807 ) ;
#801 = FACE_OUTER_BOUND ( 'NONE', #281, .T. ) ;
#802 = AXIS2_PLACEMENT_3D ( 'NONE', #1851, #954, #1410 ) ;
#803 = ORIENTED_EDGE ( 'NONE', *, *, #113, .T. ) ;
#804 = DIRECTION ( 'NONE',  ( -0.000000000000000000, -0.000000000000000000, 1.000000000000000000 ) ) ;
#805 = ORIENTED_EDGE ( 'NONE', *, *, #1294, .F. ) ;
#806 = FACE_BOUND ( 'NONE', #262, .T. ) ;
#807 = DIRECTION ( 'NONE',  ( 0.000000000000000000, 0.000000000000000000, -1.000000000000000000 ) ) ;
#808 = VECTOR ( 'NONE', #616, 1000.000000000000000 ) ;
#809 = LINE ( 'NONE', #957, #210 ) ;
#810 = VECTOR ( 'NONE', #91, 1000.000000000000000 ) ;
#811 = CARTESIAN_POINT ( 'NONE',  ( 12.50000000000000000, -10.16000000000000192, 14.99999999999999645 ) ) ;
#812 = AXIS2_PLACEMENT_3D ( 'NONE', #1577, #239, #543 ) ;
#813 = CIRCLE ( 'NONE', #745, 2.000000000000001776 ) ;
#814 = EDGE_CURVE ( 'NONE', #321, #164, #696, .T. ) ;
#815 = CIRCLE ( 'NONE', #60, 2.999999999999999112 ) ;
#816 = LINE ( 'NONE', #1124, #661 ) ;
#817 = CARTESIAN_POINT ( 'NONE',  ( -7.160000000000000142, 0.000000000000000000, 32.99999999999999289 ) ) ;
#818 = DIRECTION ( 'NONE',  ( -1.000000000000000000, 0.000000000000000000, 0.000000000000000000 ) ) ;
#819 = LINE ( 'NONE', #1128, #1400 ) ;
#820 = DIRECTION ( 'NONE',  ( 0.000000000000000000, 0.000000000000000000, 1.000000000000000000 ) ) ;
#821 = VECTOR ( 'NONE', #1843, 1000.000000000000000 ) ;
#822 = CARTESIAN_POINT ( 'NONE',  ( -12.50000000000000000, 6.161416406130987795E-96, 29.99999999999999645 ) ) ;
#823 = DIRECTION ( 'NONE',  ( -3.110126208107282483E-48, -1.000000000000000000, -1.261617073437677999E-16 ) ) ;
#824 = FACE_OUTER_BOUND ( 'NONE', #1693, .T. ) ;
#825 = DIRECTION ( 'NONE',  ( 0.000000000000000000, 0.000000000000000000, -1.000000000000000000 ) ) ;
#826 = CIRCLE ( 'NONE', #133, 1.500000000000001332 ) ;
#827 = CARTESIAN_POINT ( 'NONE',  ( -19.12120474641497125, 2.007496219329688358, 18.99999999999999645 ) ) ;
#828 = DIRECTION ( 'NONE',  ( 1.000000000000000000, 0.000000000000000000, -2.350988701644575016E-32 ) ) ;
#829 = CARTESIAN_POINT ( 'NONE',  ( -7.160000000000000142, 0.000000000000000000, 29.99999999999999645 ) ) ;
#830 = CARTESIAN_POINT ( 'NONE',  ( -12.50000000000000000, -23.91000000000000014, 14.99999999999999822 ) ) ;
#831 = DIRECTION ( 'NONE',  ( -1.000000000000000000, 0.000000000000000000, 0.000000000000000000 ) ) ;
#832 = EDGE_CURVE ( 'NONE', #1790, #1282, #1109, .T. ) ;
#833 = CIRCLE ( 'NONE', #1923, 10.16000000000000192 ) ;
#834 = ORIENTED_EDGE ( 'NONE', *, *, #919, .F. ) ;
#835 = DIRECTION ( 'NONE',  ( -1.000000000000000000, 0.000000000000000000, 0.000000000000000000 ) ) ;
#836 = VECTOR ( 'NONE', #923, 1000.000000000000000 ) ;
#837 = CARTESIAN_POINT ( 'NONE',  ( -17.66598986934529947, -2.492924926954447784, 19.25497171952392605 ) ) ;
#838 = CARTESIAN_POINT ( 'NONE',  ( 20.62120474641497125, -1.000000000000000000, 22.99999999999999645 ) ) ;
#839 = LINE ( 'NONE', #1698, #810 ) ;
#840 = EDGE_CURVE ( 'NONE', #1069, #945, #12, .T. ) ;
#841 = CARTESIAN_POINT ( 'NONE',  ( -18.63243607412890412, 2.082981162907116435, 18.99999999999999645 ) ) ;
#842 = DIRECTION ( 'NONE',  ( 0.000000000000000000, -1.000000000000000000, 0.000000000000000000 ) ) ;
#843 = EDGE_CURVE ( 'NONE', #1070, #878, #354, .T. ) ;
#844 = EDGE_CURVE ( 'NONE', #471, #1229, #689, .T. ) ;
#845 = ORIENTED_EDGE ( 'NONE', *, *, #714, .T. ) ;
#846 = VERTEX_POINT ( 'NONE', #1618 ) ;
#847 = EDGE_CURVE ( 'NONE', #1759, #913, #1310, .T. ) ;
#848 = ADVANCED_FACE ( 'NONE', ( #1026 ), #131, .F. ) ;
#849 = ADVANCED_FACE ( 'NONE', ( #389 ), #872, .F. ) ;
#850 = DIRECTION ( 'NONE',  ( 1.000000000000000000, 1.734723475976807686E-15, 0.000000000000000000 ) ) ;
#851 = CARTESIAN_POINT ( 'NONE',  ( -7.160000000000000142, -7.160000000000002807, 29.99999999999999645 ) ) ;
#852 = CARTESIAN_POINT ( 'NONE',  ( -7.160000000000000142, -10.16000000000000192, 23.99999999999999645 ) ) ;
#853 = DIRECTION ( 'NONE',  ( 0.000000000000000000, 0.000000000000000000, -1.000000000000000000 ) ) ;
#854 = VERTEX_POINT ( 'NONE', #736 ) ;
#855 = AXIS2_PLACEMENT_3D ( 'NONE', #677, #396, #1145 ) ;
#856 = ORIENTED_EDGE ( 'NONE', *, *, #348, .F. ) ;
#857 = ORIENTED_EDGE ( 'NONE', *, *, #1656, .T. ) ;
#858 = DIRECTION ( 'NONE',  ( -0.000000000000000000, -0.000000000000000000, 1.000000000000000000 ) ) ;
#859 = CARTESIAN_POINT ( 'NONE',  ( -23.62120474641497125, -1.000000000000000000, 22.99999999999999645 ) ) ;
#860 = DIRECTION ( 'NONE',  ( 0.000000000000000000, 0.000000000000000000, -1.000000000000000000 ) ) ;
#861 = CARTESIAN_POINT ( 'NONE',  ( 17.66597786398012460, -2.492932585297837456, 19.25497819063029681 ) ) ;
#862 = DIRECTION ( 'NONE',  ( -2.350988701644575290E-32, 0.000000000000000000, -1.000000000000000000 ) ) ;
#863 = VECTOR ( 'NONE', #107, 1000.000000000000000 ) ;
#864 = ORIENTED_EDGE ( 'NONE', *, *, #435, .T. ) ;
#865 = CIRCLE ( 'NONE', #1120, 2.999999999999999112 ) ;
#866 = DIRECTION ( 'NONE',  ( -1.000000000000000000, 0.000000000000000000, 0.000000000000000000 ) ) ;
#867 = ADVANCED_FACE ( 'NONE', ( #1287 ), #123, .F. ) ;
#868 = DIRECTION ( 'NONE',  ( 0.000000000000000000, 0.000000000000000000, 1.000000000000000000 ) ) ;
#869 = VECTOR ( 'NONE', #225, 1000.000000000000000 ) ;
#870 = EDGE_LOOP ( 'NONE', ( #1625, #436, #740, #568, #1651, #1380 ) ) ;
#871 = FILL_AREA_STYLE_COLOUR ( '', #404 ) ;
#872 = CYLINDRICAL_SURFACE ( 'NONE', #481, 2.999999999999999112 ) ;
#873 = DIRECTION ( 'NONE',  ( 0.000000000000000000, 0.000000000000000000, -1.000000000000000000 ) ) ;
#874 = DIRECTION ( 'NONE',  ( 1.000000000000000000, 0.000000000000000000, 0.000000000000000000 ) ) ;
#875 = ADVANCED_FACE ( 'NONE', ( #399 ), #1899, .F. ) ;
#876 = ORIENTED_EDGE ( 'NONE', *, *, #1580, .F. ) ;
#877 = ORIENTED_EDGE ( 'NONE', *, *, #1656, .F. ) ;
#878 = VERTEX_POINT ( 'NONE', #247 ) ;
#879 = AXIS2_PLACEMENT_3D ( 'NONE', #313, #1506, #142 ) ;
#880 = ORIENTED_EDGE ( 'NONE', *, *, #1781, .T. ) ;
#881 = EDGE_LOOP ( 'NONE', ( #115, #1844, #153, #422 ) ) ;
#882 = PLANE ( 'NONE',  #365 ) ;
#883 = CARTESIAN_POINT ( 'NONE',  ( -16.74087305470627030, 3.474560588893076396, 20.15702529230712869 ) ) ;
#884 = CARTESIAN_POINT ( 'NONE',  ( -23.62120474641497125, -1.999999999999995337, 21.99999999999999645 ) ) ;
#885 = CARTESIAN_POINT ( 'NONE',  ( -7.160000000000000142, -7.160000000000002807, 14.99999999999999645 ) ) ;
#886 = VERTEX_POINT ( 'NONE', #852 ) ;
#887 = ORIENTED_EDGE ( 'NONE', *, *, #1113, .F. ) ;
#888 = VECTOR ( 'NONE', #893, 1000.000000000000000 ) ;
#889 = ORIENTED_EDGE ( 'NONE', *, *, #1404, .T. ) ;
#890 = EDGE_LOOP ( 'NONE', ( #797, #1205, #1291, #1193 ) ) ;
#891 = AXIS2_PLACEMENT_3D ( 'NONE', #798, #1044, #1671 ) ;
#892 = PLANE ( 'NONE',  #1214 ) ;
#893 = DIRECTION ( 'NONE',  ( 2.350988701644575290E-32, 0.000000000000000000, 1.000000000000000000 ) ) ;
#894 = DIRECTION ( 'NONE',  ( -1.000000000000000000, 0.000000000000000000, 0.000000000000000000 ) ) ;
#895 = FACE_OUTER_BOUND ( 'NONE', #1073, .T. ) ;
#896 = EDGE_CURVE ( 'NONE', #1494, #537, #119, .T. ) ;
#897 = AXIS2_PLACEMENT_3D ( 'NONE', #1284, #995, #105 ) ;
#898 = EDGE_LOOP ( 'NONE', ( #1615, #502, #1482, #1472, #1292, #512 ) ) ;
#899 = ORIENTED_EDGE ( 'NONE', *, *, #1470, .T. ) ;
#900 = APPLICATION_PROTOCOL_DEFINITION ( 'draft international standard', 'automotive_design', 1998, #1772 ) ;
#901 = ORIENTED_EDGE ( 'NONE', *, *, #1594, .T. ) ;
#902 = ORIENTED_EDGE ( 'NONE', *, *, #697, .F. ) ;
#903 = CARTESIAN_POINT ( 'NONE',  ( -17.32000000000000028, 0.000000000000000000, 14.99999999999999645 ) ) ;
#904 = VECTOR ( 'NONE', #823, 1000.000000000000000 ) ;
#905 = AXIS2_PLACEMENT_3D ( 'NONE', #1822, #630, #1508 ) ;
#906 = EDGE_LOOP ( 'NONE', ( #1649, #150, #413, #1316 ) ) ;
#907 = DIRECTION ( 'NONE',  ( -0.000000000000000000, -0.000000000000000000, 1.000000000000000000 ) ) ;
#908 = DIRECTION ( 'NONE',  ( -1.000000000000000000, 4.440892098500626162E-15, 0.000000000000000000 ) ) ;
#909 = AXIS2_PLACEMENT_3D ( 'NONE', #1089, #1799, #51 ) ;
#910 = CYLINDRICAL_SURFACE ( 'NONE', #498, 2.999999999999999112 ) ;
#911 = FACE_OUTER_BOUND ( 'NONE', #592, .T. ) ;
#912 = EDGE_CURVE ( 'NONE', #713, #646, #793, .T. ) ;
#913 = VERTEX_POINT ( 'NONE', #575 ) ;
#914 = ORIENTED_EDGE ( 'NONE', *, *, #843, .T. ) ;
#915 = EDGE_CURVE ( 'NONE', #1187, #945, #701, .T. ) ;
#916 = ORIENTED_EDGE ( 'NONE', *, *, #465, .T. ) ;
#917 = VERTEX_POINT ( 'NONE', #1889 ) ;
#918 = CIRCLE ( 'NONE', #719, 4.000000000000000000 ) ;
#919 = EDGE_CURVE ( 'NONE', #167, #1768, #1232, .T. ) ;
#920 = CARTESIAN_POINT ( 'NONE',  ( 23.62120474641496770, 2.000000000000002665, 14.99999999999999645 ) ) ;
#921 = ORIENTED_EDGE ( 'NONE', *, *, #1131, .F. ) ;
#922 = CARTESIAN_POINT ( 'NONE',  ( -6.999999999999998224, -13.16000000000000192, 14.99999999999999645 ) ) ;
#923 = DIRECTION ( 'NONE',  ( 0.000000000000000000, 0.000000000000000000, -1.000000000000000000 ) ) ;
#924 = CARTESIAN_POINT ( 'NONE',  ( -19.33315078358927153, 5.000000000000000000, 14.99999999999999645 ) ) ;
#925 = CARTESIAN_POINT ( 'NONE',  ( 12.50000000000000000, -10.16000000000000192, 23.99999999999999645 ) ) ;
#926 = VERTEX_POINT ( 'NONE', #989 ) ;
#927 = ORIENTED_EDGE ( 'NONE', *, *, #3, .T. ) ;
#928 = ORIENTED_EDGE ( 'NONE', *, *, #584, .F. ) ;
#929 = CARTESIAN_POINT ( 'NONE',  ( -12.50000000000000000, -19.41000000000000014, 19.49999999999999645 ) ) ;
#930 = ORIENTED_EDGE ( 'NONE', *, *, #1871, .F. ) ;
#931 = CARTESIAN_POINT ( 'NONE',  ( 19.33315078358927153, -2.000000000000000000, 18.99999999999999645 ) ) ;
#932 = CARTESIAN_POINT ( 'NONE',  ( -13.83801256992526874, -7.657006472239670458, 14.99999999999999645 ) ) ;
#933 = EDGE_CURVE ( 'NONE', #471, #1775, #1608, .T. ) ;
#934 = CARTESIAN_POINT ( 'NONE',  ( 16.46715137698245357, -10.67157594949938471, 14.99999999999999645 ) ) ;
#935 = DIRECTION ( 'NONE',  ( 0.000000000000000000, 0.000000000000000000, -1.000000000000000000 ) ) ;
#936 = VERTEX_POINT ( 'NONE', #108 ) ;
#937 = VERTEX_POINT ( 'NONE', #121 ) ;
#938 = CARTESIAN_POINT ( 'NONE',  ( -7.160000000000000142, 0.000000000000000000, 20.49999999999999645 ) ) ;
#939 = VERTEX_POINT ( 'NONE', #711 ) ;
#940 = CARTESIAN_POINT ( 'NONE',  ( 20.62120474641496770, 1.788604398826520406E-14, 20.49999999999999645 ) ) ;
#941 = CIRCLE ( 'NONE', #80, 4.000000000000000000 ) ;
#942 = FACE_OUTER_BOUND ( 'NONE', #898, .T. ) ;
#943 = CARTESIAN_POINT ( 'NONE',  ( -12.50000000000000000, -19.41000000000000014, 19.49999999999999645 ) ) ;
#944 = ADVANCED_FACE ( 'NONE', ( #1320 ), #1908, .F. ) ;
#945 = VERTEX_POINT ( 'NONE', #1473 ) ;
#946 = ORIENTED_EDGE ( 'NONE', *, *, #844, .T. ) ;
#947 = DIRECTION ( 'NONE',  ( 1.000000000000000000, -0.000000000000000000, -2.350988701644575016E-32 ) ) ;
#948 = CARTESIAN_POINT ( 'NONE',  ( 23.62120474641496770, 1.000000000000000000, 21.99999999999999645 ) ) ;
#949 = LINE ( 'NONE', #771, #1339 ) ;
#950 = DIRECTION ( 'NONE',  ( 0.000000000000000000, -1.000000000000000000, 0.000000000000000000 ) ) ;
#951 = ORIENTED_EDGE ( 'NONE', *, *, #1565, .T. ) ;
#952 = DIRECTION ( 'NONE',  ( 0.000000000000000000, 0.000000000000000000, -1.000000000000000000 ) ) ;
#953 = EDGE_LOOP ( 'NONE', ( #1099, #750, #1741, #151, #1777, #1033 ) ) ;
#954 = DIRECTION ( 'NONE',  ( 0.000000000000000000, 1.000000000000000000, -0.000000000000000000 ) ) ;
#955 = DIRECTION ( 'NONE',  ( 0.000000000000000000, 1.000000000000000000, 0.000000000000000000 ) ) ;
#956 = AXIS2_PLACEMENT_3D ( 'NONE', #406, #1438, #996 ) ;
#957 = CARTESIAN_POINT ( 'NONE',  ( 7.160000000000001918, -10.16000000000000192, 14.99999999999999645 ) ) ;
#958 = EDGE_CURVE ( 'NONE', #95, #766, #1048, .T. ) ;
#959 = CARTESIAN_POINT ( 'NONE',  ( -19.26277080327790259, 2.000000000000000000, 19.00500391272190015 ) ) ;
#960 = PLANE ( 'NONE',  #1562 ) ;
#961 = EDGE_LOOP ( 'NONE', ( #139, #39, #787, #1801, #1082, #1829, #308, #1780, #1825, #485, #1924, #729, #1645, #1179, #1436, #1058, #1351, #877, #1643, #1841 ) ) ;
#962 = DIRECTION ( 'NONE',  ( 1.000000000000000000, 0.000000000000000000, 0.000000000000000000 ) ) ;
#963 = CARTESIAN_POINT ( 'NONE',  ( -19.33315078358927153, 5.000000000000000000, 14.99999999999999645 ) ) ;
#964 = VECTOR ( 'NONE', #1907, 1000.000000000000000 ) ;
#965 = DIRECTION ( 'NONE',  ( -2.350988701644575290E-32, 0.000000000000000000, -1.000000000000000000 ) ) ;
#966 = AXIS2_PLACEMENT_3D ( 'NONE', #1425, #1878, #82 ) ;
#967 = DIRECTION ( 'NONE',  ( 1.000000000000000000, 0.000000000000000000, 0.000000000000000000 ) ) ;
#968 = AXIS2_PLACEMENT_3D ( 'NONE', #1101, #1417, #1258 ) ;
#969 = VECTOR ( 'NONE', #393, 1000.000000000000000 ) ;
#970 = CIRCLE ( 'NONE', #554, 1.750000000000000666 ) ;
#971 = CARTESIAN_POINT ( 'NONE',  ( 19.19212034753035567, -2.002473575506355630, 18.99999999999998224 ) ) ;
#972 = DIRECTION ( 'NONE',  ( -1.000000000000000000, 0.000000000000000000, 0.000000000000000000 ) ) ;
#973 = PLANE ( 'NONE',  #52 ) ;
#974 = LINE ( 'NONE', #811, #869 ) ;
#975 = AXIS2_PLACEMENT_3D ( 'NONE', #822, #531, #65 ) ;
#976 = LINE ( 'NONE', #227, #821 ) ;
#977 = CARTESIAN_POINT ( 'NONE',  ( 19.33315078358927153, 2.000000000000000000, 19.01504920036853719 ) ) ;
#978 = DIRECTION ( 'NONE',  ( -0.000000000000000000, -0.000000000000000000, 1.000000000000000000 ) ) ;
#979 = DIRECTION ( 'NONE',  ( -1.000000000000000000, 0.000000000000000000, 0.000000000000000000 ) ) ;
#980 = CARTESIAN_POINT ( 'NONE',  ( -12.50000000000000000, -10.16000000000000192, 14.99999999999999645 ) ) ;
#981 = EDGE_CURVE ( 'NONE', #1503, #625, #1867, .T. ) ;
#982 = AXIS2_PLACEMENT_3D ( 'NONE', #288, #1384, #1627 ) ;
#983 = AXIS2_PLACEMENT_3D ( 'NONE', #1705, #1116, #1264 ) ;
#984 = VERTEX_POINT ( 'NONE', #1930 ) ;
#985 = EDGE_CURVE ( 'NONE', #764, #1669, #1715, .T. ) ;
#986 = EDGE_CURVE ( 'NONE', #242, #309, #1652, .T. ) ;
#987 = CARTESIAN_POINT ( 'NONE',  ( -7.160000000000000142, -19.91000000000000014, 18.99999999999999645 ) ) ;
#988 = DIRECTION ( 'NONE',  ( -1.000000000000000000, -0.000000000000000000, 0.000000000000000000 ) ) ;
#989 = CARTESIAN_POINT ( 'NONE',  ( -12.50000000000000000, -19.41000000000000014, 17.49999999999999645 ) ) ;
#990 = CARTESIAN_POINT ( 'NONE',  ( -12.50000000000000000, -19.41000000000000014, 17.49999999999999645 ) ) ;
#991 = EDGE_CURVE ( 'NONE', #412, #127, #1281, .T. ) ;
#992 = VECTOR ( 'NONE', #256, 1000.000000000000000 ) ;
#993 = ORIENTED_EDGE ( 'NONE', *, *, #1333, .T. ) ;
#994 = CARTESIAN_POINT ( 'NONE',  ( -19.12120474641497481, -2.007496219329688802, 18.99999999999999645 ) ) ;
#995 = DIRECTION ( 'NONE',  ( 0.000000000000000000, 0.000000000000000000, -1.000000000000000000 ) ) ;
#996 = DIRECTION ( 'NONE',  ( -1.000000000000000000, 0.000000000000000000, 0.000000000000000000 ) ) ;
#997 = DIRECTION ( 'NONE',  ( -1.000000000000000000, -0.000000000000000000, -0.000000000000000000 ) ) ;
#998 = DIRECTION ( 'NONE',  ( -0.000000000000000000, -0.000000000000000000, 1.000000000000000000 ) ) ;
#999 = CARTESIAN_POINT ( 'NONE',  ( 16.74087305470627030, -3.474560588893076396, 20.15702529230712869 ) ) ;
#1000 = PRODUCT_DEFINITION_SHAPE ( 'NONE', 'NONE',  #1877 ) ;
#1001 = ORIENTED_EDGE ( 'NONE', *, *, #703, .F. ) ;
#1002 = ORIENTED_EDGE ( 'NONE', *, *, #1435, .F. ) ;
#1003 = CARTESIAN_POINT ( 'NONE',  ( -23.62120474641496770, 2.000000000000004885, 22.99999999999999645 ) ) ;
#1004 = CARTESIAN_POINT ( 'NONE',  ( -7.160000000000000142, 0.000000000000000000, 14.99999999999999645 ) ) ;
#1005 = CARTESIAN_POINT ( 'NONE',  ( 20.62120474641496770, 2.000000000000000000, 14.99999999999999645 ) ) ;
#1006 = CARTESIAN_POINT ( 'NONE',  ( 18.49814859035392445, -2.115239170288246484, 18.99999999999997158 ) ) ;
#1007 = ADVANCED_FACE ( 'NONE', ( #767 ), #1364, .F. ) ;
#1008 = DIRECTION ( 'NONE',  ( 1.000000000000000000, 0.000000000000000000, 0.000000000000000000 ) ) ;
#1009 = ORIENTED_EDGE ( 'NONE', *, *, #1360, .F. ) ;
#1010 = CARTESIAN_POINT ( 'NONE',  ( 12.50000000000000000, -19.91000000000000014, 18.99999999999999645 ) ) ;
#1011 = CARTESIAN_POINT ( 'NONE',  ( -16.55811641043062110, -3.860182370820669284, 20.49999999999999645 ) ) ;
#1012 = EDGE_LOOP ( 'NONE', ( #434, #1325, #1807, #607 ) ) ;
#1013 = EDGE_CURVE ( 'NONE', #1592, #359, #1354, .T. ) ;
#1014 = FACE_OUTER_BOUND ( 'NONE', #1779, .T. ) ;
#1015 = CARTESIAN_POINT ( 'NONE',  ( 7.160000000000000142, 0.000000000000000000, 29.99999999999999645 ) ) ;
#1016 = DIRECTION ( 'NONE',  ( 8.673617379884035472E-16, 1.000000000000000000, 0.000000000000000000 ) ) ;
#1017 = CARTESIAN_POINT ( 'NONE',  ( 20.62120474641496770, 2.000000000000000000, 20.49999999999999645 ) ) ;
#1018 = ORIENTED_EDGE ( 'NONE', *, *, #1333, .F. ) ;
#1019 = CARTESIAN_POINT ( 'NONE',  ( 12.50000000000000000, -19.41000000000000014, 19.49999999999999645 ) ) ;
#1020 = ORIENTED_EDGE ( 'NONE', *, *, #1817, .F. ) ;
#1021 = AXIS2_PLACEMENT_3D ( 'NONE', #259, #243, #866 ) ;
#1022 = AXIS2_PLACEMENT_3D ( 'NONE', #599, #1168, #1335 ) ;
#1023 = EDGE_LOOP ( 'NONE', ( #1143, #921, #1348, #184, #182, #1091 ) ) ;
#1024 = ORIENTED_EDGE ( 'NONE', *, *, #1396, .T. ) ;
#1025 = LINE ( 'NONE', #1751, #964 ) ;
#1026 = FACE_OUTER_BOUND ( 'NONE', #1483, .T. ) ;
#1027 = CARTESIAN_POINT ( 'NONE',  ( 23.62120474641496770, 1.000000000000000000, 22.99999999999999645 ) ) ;
#1028 = DIRECTION ( 'NONE',  ( -2.350988701644575290E-32, 0.000000000000000000, -1.000000000000000000 ) ) ;
#1029 = ORIENTED_EDGE ( 'NONE', *, *, #525, .F. ) ;
#1030 = ORIENTED_EDGE ( 'NONE', *, *, #71, .T. ) ;
#1031 = VECTOR ( 'NONE', #860, 1000.000000000000000 ) ;
#1032 = ORIENTED_EDGE ( 'NONE', *, *, #794, .F. ) ;
#1033 = ORIENTED_EDGE ( 'NONE', *, *, #11, .F. ) ;
#1034 = EDGE_CURVE ( 'NONE', #1202, #917, #1515, .T. ) ;
#1035 = LINE ( 'NONE', #476, #327 ) ;
#1036 = DIRECTION ( 'NONE',  ( -0.000000000000000000, -0.000000000000000000, 1.000000000000000000 ) ) ;
#1037 = DIRECTION ( 'NONE',  ( 0.000000000000000000, 1.000000000000000000, 0.000000000000000000 ) ) ;
#1038 = ORIENTED_EDGE ( 'NONE', *, *, #1863, .F. ) ;
#1039 = ORIENTED_EDGE ( 'NONE', *, *, #1686, .F. ) ;
#1040 = EDGE_CURVE ( 'NONE', #775, #1361, #21, .T. ) ;
#1041 = ORIENTED_EDGE ( 'NONE', *, *, #1896, .F. ) ;
#1042 = ORIENTED_EDGE ( 'NONE', *, *, #1559, .T. ) ;
#1043 = VECTOR ( 'NONE', #1662, 1000.000000000000000 ) ;
#1044 = DIRECTION ( 'NONE',  ( -0.000000000000000000, -0.000000000000000000, 1.000000000000000000 ) ) ;
#1045 = ORIENTED_EDGE ( 'NONE', *, *, #26, .F. ) ;
#1046 = EDGE_CURVE ( 'NONE', #1771, #646, #1221, .T. ) ;
#1047 = EDGE_CURVE ( 'NONE', #1669, #273, #778, .T. ) ;
#1048 = LINE ( 'NONE', #1485, #632 ) ;
#1049 = DIRECTION ( 'NONE',  ( 0.000000000000000000, 0.000000000000000000, 1.000000000000000000 ) ) ;
#1050 = CARTESIAN_POINT ( 'NONE',  ( -12.50000000000000000, -10.16000000000000192, 23.99999999999999645 ) ) ;
#1051 = EDGE_CURVE ( 'NONE', #309, #773, #1795, .T. ) ;
#1052 = EDGE_LOOP ( 'NONE', ( #1182, #137, #18, #901 ) ) ;
#1053 = EDGE_CURVE ( 'NONE', #886, #421, #1035, .T. ) ;
#1054 = VECTOR ( 'NONE', #141, 1000.000000000000000 ) ;
#1055 = ORIENTED_EDGE ( 'NONE', *, *, #1531, .T. ) ;
#1056 = AXIS2_PLACEMENT_3D ( 'NONE', #518, #663, #1696 ) ;
#1057 = PRODUCT_CONTEXT ( 'NONE', #1277, 'mechanical' ) ;
#1058 = ORIENTED_EDGE ( 'NONE', *, *, #1802, .F. ) ;
#1059 = ORIENTED_EDGE ( 'NONE', *, *, #1590, .T. ) ;
#1060 = DIRECTION ( 'NONE',  ( 0.000000000000000000, 1.000000000000000000, 0.000000000000000000 ) ) ;
#1061 = CIRCLE ( 'NONE', #1250, 1.550000000000000266 ) ;
#1062 = VECTOR ( 'NONE', #145, 1000.000000000000000 ) ;
#1063 = EDGE_LOOP ( 'NONE', ( #203, #718 ) ) ;
#1064 = LINE ( 'NONE', #1345, #639 ) ;
#1065 = CYLINDRICAL_SURFACE ( 'NONE', #1582, 1.550000000000000266 ) ;
#1066 = CIRCLE ( 'NONE', #1303, 1.750000000000000666 ) ;
#1067 = CARTESIAN_POINT ( 'NONE',  ( -16.55811641043062110, -3.860182370820669284, 20.49999999999999645 ) ) ;
#1068 = DIRECTION ( 'NONE',  ( 0.000000000000000000, 0.000000000000000000, -1.000000000000000000 ) ) ;
#1069 = VERTEX_POINT ( 'NONE', #324 ) ;
#1070 = VERTEX_POINT ( 'NONE', #178 ) ;
#1071 = SHAPE_DEFINITION_REPRESENTATION ( #1000, #700 ) ;
#1072 = EDGE_CURVE ( 'NONE', #795, #323, #1064, .T. ) ;
#1073 = EDGE_LOOP ( 'NONE', ( #613, #1524, #437, #1337 ) ) ;
#1074 = VECTOR ( 'NONE', #202, 1000.000000000000000 ) ;
#1075 = CARTESIAN_POINT ( 'NONE',  ( -7.160000000000000142, 7.160000000000002807, 14.99999999999999645 ) ) ;
#1076 = EDGE_LOOP ( 'NONE', ( #1245, #320, #753, #604, #1583, #1634 ) ) ;
#1077 = CARTESIAN_POINT ( 'NONE',  ( -23.62120474641497125, -1.000000000000000000, 22.99999999999999645 ) ) ;
#1078 = CARTESIAN_POINT ( 'NONE',  ( -13.83801256992526696, -7.657006472239669570, 23.99999999999999645 ) ) ;
#1079 = DIRECTION ( 'NONE',  ( -1.000000000000000000, -0.000000000000000000, -0.000000000000000000 ) ) ;
#1080 = CARTESIAN_POINT ( 'NONE',  ( 18.36938341802703789, 2.155901434248715276, 19.01569594835033072 ) ) ;
#1081 = VERTEX_POINT ( 'NONE', #1086 ) ;
#1082 = ORIENTED_EDGE ( 'NONE', *, *, #426, .F. ) ;
#1083 = VECTOR ( 'NONE', #168, 1000.000000000000000 ) ;
#1084 = FACE_OUTER_BOUND ( 'NONE', #1012, .T. ) ;
#1085 = ORIENTED_EDGE ( 'NONE', *, *, #509, .F. ) ;
#1086 = CARTESIAN_POINT ( 'NONE',  ( -12.50000000000000000, -10.16000000000000192, 14.99999999999999645 ) ) ;
#1087 = ADVANCED_FACE ( 'NONE', ( #1376 ), #789, .F. ) ;
#1088 = DIRECTION ( 'NONE',  ( -1.000000000000000000, -0.000000000000000000, 2.350988701644575016E-32 ) ) ;
#1089 = CARTESIAN_POINT ( 'NONE',  ( 7.000000000000001776, -13.16000000000000014, 14.99999999999999645 ) ) ;
#1090 = VERTEX_POINT ( 'NONE', #597 ) ;
#1091 = ORIENTED_EDGE ( 'NONE', *, *, #199, .F. ) ;
#1092 = DIRECTION ( 'NONE',  ( 1.000000000000000000, 8.673617379884035472E-16, 0.000000000000000000 ) ) ;
#1093 = DIRECTION ( 'NONE',  ( -0.000000000000000000, -0.000000000000000000, 1.000000000000000000 ) ) ;
#1094 = VECTOR ( 'NONE', #1798, 1000.000000000000000 ) ;
#1095 = CARTESIAN_POINT ( 'NONE',  ( 7.159999999999999254, -7.160000000000002807, 14.99999999999999645 ) ) ;
#1096 = DIRECTION ( 'NONE',  ( -0.000000000000000000, -0.000000000000000000, -1.000000000000000000 ) ) ;
#1097 = VECTOR ( 'NONE', #935, 1000.000000000000000 ) ;
#1098 = EDGE_LOOP ( 'NONE', ( #1328, #761, #1240, #492, #693, #30 ) ) ;
#1099 = ORIENTED_EDGE ( 'NONE', *, *, #1114, .T. ) ;
#1100 = DIRECTION ( 'NONE',  ( 0.000000000000000000, -1.000000000000000000, -1.261617073437677999E-16 ) ) ;
#1101 = CARTESIAN_POINT ( 'NONE',  ( 7.160000000000000142, 0.000000000000000000, 29.99999999999999645 ) ) ;
#1102 = EDGE_CURVE ( 'NONE', #1759, #1775, #334, .T. ) ;
#1103 = CARTESIAN_POINT ( 'NONE',  ( 18.00082063374822283, 2.309069100517103568, 19.11099366754472229 ) ) ;
#1104 = EDGE_LOOP ( 'NONE', ( #1024, #32, #1183, #192 ) ) ;
#1105 = DIRECTION ( 'NONE',  ( 0.000000000000000000, 0.000000000000000000, -1.000000000000000000 ) ) ;
#1106 = ORIENTED_EDGE ( 'NONE', *, *, #1590, .F. ) ;
#1107 = CARTESIAN_POINT ( 'NONE',  ( -7.160000000000000142, 10.16000000000000192, 14.99999999999999645 ) ) ;
#1108 = CYLINDRICAL_SURFACE ( 'NONE', #1786, 2.999999999999999112 ) ;
#1109 = CIRCLE ( 'NONE', #605, 4.000000000000000000 ) ;
#1110 = CARTESIAN_POINT ( 'NONE',  ( 5.450000000000001954, -13.16000000000000014, 14.99999999999999645 ) ) ;
#1111 = EDGE_CURVE ( 'NONE', #764, #57, #451, .T. ) ;
#1112 = CARTESIAN_POINT ( 'NONE',  ( 7.160000000000000142, -10.16000000000000192, 23.99999999999999645 ) ) ;
#1113 = EDGE_CURVE ( 'NONE', #591, #1375, #1495, .T. ) ;
#1114 = EDGE_CURVE ( 'NONE', #917, #1669, #757, .T. ) ;
#1115 = LINE ( 'NONE', #517, #64 ) ;
#1116 = DIRECTION ( 'NONE',  ( 1.000000000000000000, 1.440787226534068138E-49, -2.350988701644575290E-32 ) ) ;
#1117 = DIRECTION ( 'NONE',  ( 1.000000000000000000, 0.000000000000000000, 0.000000000000000000 ) ) ;
#1118 = CIRCLE ( 'NONE', #1370, 10.16000000000000192 ) ;
#1119 = CARTESIAN_POINT ( 'NONE',  ( 12.50000000000000000, -23.91000000000000014, 18.99999999999999645 ) ) ;
#1120 = AXIS2_PLACEMENT_3D ( 'NONE', #1722, #1432, #388 ) ;
#1121 = FACE_BOUND ( 'NONE', #27, .T. ) ;
#1122 = AXIS2_PLACEMENT_3D ( 'NONE', #241, #842, #522 ) ;
#1123 = AXIS2_PLACEMENT_3D ( 'NONE', #1833, #631, #1677 ) ;
#1124 = CARTESIAN_POINT ( 'NONE',  ( -19.12120474641497125, 1.999999999999998668, 18.99999999999999645 ) ) ;
#1125 = ADVANCED_FACE ( 'NONE', ( #556 ), #1619, .F. ) ;
#1126 = CARTESIAN_POINT ( 'NONE',  ( -18.49815052547628369, -2.115238705440819267, 18.99999999999860734 ) ) ;
#1127 = DIRECTION ( 'NONE',  ( 1.000000000000000000, 0.000000000000000000, 0.000000000000000000 ) ) ;
#1128 = CARTESIAN_POINT ( 'NONE',  ( -7.160000000000000142, -7.160000000000002807, 14.99999999999999645 ) ) ;
#1129 = PLANE ( 'NONE',  #1374 ) ;
#1130 = AXIS2_PLACEMENT_3D ( 'NONE', #1588, #1299, #240 ) ;
#1131 = EDGE_CURVE ( 'NONE', #1905, #1445, #826, .T. ) ;
#1132 = ADVANCED_FACE ( 'NONE', ( #265 ), #1909, .F. ) ;
#1133 = DIRECTION ( 'NONE',  ( -1.000000000000000000, 0.000000000000000000, 0.000000000000000000 ) ) ;
#1134 = CARTESIAN_POINT ( 'NONE',  ( 5.450000000000001954, -13.16000000000000014, 23.99999999999999645 ) ) ;
#1135 = DIRECTION ( 'NONE',  ( 0.000000000000000000, 0.000000000000000000, -1.000000000000000000 ) ) ;
#1136 = EDGE_CURVE ( 'NONE', #164, #1229, #1176, .T. ) ;
#1137 = DIRECTION ( 'NONE',  ( -1.000000000000000000, 0.000000000000000000, 0.000000000000000000 ) ) ;
#1138 = CARTESIAN_POINT ( 'NONE',  ( -20.62120474641496415, 2.000000000000000000, 18.99999999999999645 ) ) ;
#1139 = CIRCLE ( 'NONE', #1203, 2.999999999999999112 ) ;
#1140 = ADVANCED_FACE ( 'NONE', ( #1441 ), #1598, .T. ) ;
#1141 = AXIS2_PLACEMENT_3D ( 'NONE', #33, #1233, #1673 ) ;
#1142 = CIRCLE ( 'NONE', #734, 10.16000000000000192 ) ;
#1143 = ORIENTED_EDGE ( 'NONE', *, *, #1621, .F. ) ;
#1144 = DIRECTION ( 'NONE',  ( 0.000000000000000000, 0.000000000000000000, 1.000000000000000000 ) ) ;
#1145 = DIRECTION ( 'NONE',  ( -1.000000000000000000, 1.776356839400250267E-15, 0.000000000000000000 ) ) ;
#1146 = CARTESIAN_POINT ( 'NONE',  ( -23.62120474641497125, -1.999999999999994893, 14.99999999999999645 ) ) ;
#1147 = CARTESIAN_POINT ( 'NONE',  ( 7.160000000000000142, 0.000000000000000000, 14.99999999999999645 ) ) ;
#1148 = DIRECTION ( 'NONE',  ( 1.000000000000000000, 0.000000000000000000, 0.000000000000000000 ) ) ;
#1149 = AXIS2_PLACEMENT_3D ( 'NONE', #1248, #49, #1100 ) ;
#1150 = AXIS2_PLACEMENT_3D ( 'NONE', #1683, #665, #1117 ) ;
#1151 = AXIS2_PLACEMENT_3D ( 'NONE', #1288, #545, #1420 ) ;
#1152 = EDGE_LOOP ( 'NONE', ( #1042, #1770, #346, #756, #742, #1045 ) ) ;
#1153 = VERTEX_POINT ( 'NONE', #1734 ) ;
#1154 = AXIS2_PLACEMENT_3D ( 'NONE', #1414, #1572, #831 ) ;
#1155 = LINE ( 'NONE', #1459, #1519 ) ;
#1156 = DIRECTION ( 'NONE',  ( 2.350988701644575016E-32, -1.261617073437677999E-16, 1.000000000000000000 ) ) ;
#1157 = EDGE_CURVE ( 'NONE', #886, #1282, #1476, .T. ) ;
#1158 = DIRECTION ( 'NONE',  ( 0.000000000000000000, 0.000000000000000000, 1.000000000000000000 ) ) ;
#1159 = DIRECTION ( 'NONE',  ( 0.000000000000000000, -1.000000000000000000, 0.000000000000000000 ) ) ;
#1160 = CARTESIAN_POINT ( 'NONE',  ( -7.160000000000000142, 10.16000000000000192, 14.99999999999999645 ) ) ;
#1161 = VECTOR ( 'NONE', #1144, 1000.000000000000000 ) ;
#1162 = ORIENTED_EDGE ( 'NONE', *, *, #832, .F. ) ;
#1163 = CARTESIAN_POINT ( 'NONE',  ( -19.19212034753035923, -2.002473575506370729, 18.99999999999999645 ) ) ;
#1164 = B_SPLINE_CURVE_WITH_KNOTS ( 'NONE', 3,
 ( #1914, #1163, #1757, #1749 ),
 .UNSPECIFIED., .F., .F.,
 ( 4, 4 ),
 ( 0.000000000000000000, 0.0002126118397687665163 ),
 .UNSPECIFIED. ) ;
#1165 = CARTESIAN_POINT ( 'NONE',  ( 12.50000000000000000, 6.161416406130987795E-96, 29.99999999999999645 ) ) ;
#1166 = DIRECTION ( 'NONE',  ( 1.000000000000000000, 0.000000000000000000, 0.000000000000000000 ) ) ;
#1167 = CARTESIAN_POINT ( 'NONE',  ( -23.62120474641496770, 1.000000000000000000, 22.99999999999999645 ) ) ;
#1168 = DIRECTION ( 'NONE',  ( 1.000000000000000000, 0.000000000000000000, -2.350988701644575016E-32 ) ) ;
#1169 = VECTOR ( 'NONE', #409, 1000.000000000000000 ) ;
#1170 = VERTEX_POINT ( 'NONE', #1027 ) ;
#1171 = ORIENTED_EDGE ( 'NONE', *, *, #2, .F. ) ;
#1172 = EDGE_LOOP ( 'NONE', ( #1443, #589 ) ) ;
#1173 = VERTEX_POINT ( 'NONE', #1746 ) ;
#1174 = ORIENTED_EDGE ( 'NONE', *, *, #703, .T. ) ;
#1175 = CARTESIAN_POINT ( 'NONE',  ( 20.62120474641496770, 1.788604398826520406E-14, 29.99999999999999645 ) ) ;
#1176 = LINE ( 'NONE', #1609, #571 ) ;
#1177 = VERTEX_POINT ( 'NONE', #122 ) ;
#1178 = CARTESIAN_POINT ( 'NONE',  ( 23.62120474641497125, -1.999999999999997335, 21.99999999999999645 ) ) ;
#1179 = ORIENTED_EDGE ( 'NONE', *, *, #1051, .T. ) ;
#1180 = VERTEX_POINT ( 'NONE', #884 ) ;
#1181 = CIRCLE ( 'NONE', #1021, 2.999999999999999112 ) ;
#1182 = ORIENTED_EDGE ( 'NONE', *, *, #1308, .T. ) ;
#1183 = ORIENTED_EDGE ( 'NONE', *, *, #342, .T. ) ;
#1184 = DIRECTION ( 'NONE',  ( -1.000000000000000000, -1.440787226534068138E-49, 2.350988701644575290E-32 ) ) ;
#1185 = DIRECTION ( 'NONE',  ( 0.000000000000000000, 5.421010862427522170E-17, -1.000000000000000000 ) ) ;
#1186 = FACE_OUTER_BOUND ( 'NONE', #582, .T. ) ;
#1187 = VERTEX_POINT ( 'NONE', #725 ) ;
#1188 = DIRECTION ( 'NONE',  ( 1.000000000000000000, -0.000000000000000000, -2.350988701644575016E-32 ) ) ;
#1189 = EDGE_CURVE ( 'NONE', #1173, #95, #737, .T. ) ;
#1190 = ORIENTED_EDGE ( 'NONE', *, *, #318, .F. ) ;
#1191 = ORIENTED_EDGE ( 'NONE', *, *, #843, .F. ) ;
#1192 = EDGE_CURVE ( 'NONE', #1372, #251, #668, .T. ) ;
#1193 = ORIENTED_EDGE ( 'NONE', *, *, #1580, .T. ) ;
#1194 = EDGE_LOOP ( 'NONE', ( #1727, #1220, #1903, #494 ) ) ;
#1195 = DIRECTION ( 'NONE',  ( 0.000000000000000000, 0.000000000000000000, -1.000000000000000000 ) ) ;
#1196 = ORIENTED_EDGE ( 'NONE', *, *, #912, .F. ) ;
#1197 = DIRECTION ( 'NONE',  ( 8.673617379884035472E-16, -1.000000000000000000, 0.000000000000000000 ) ) ;
#1198 = CARTESIAN_POINT ( 'NONE',  ( 20.62120474641496770, 1.000000000000000000, 22.99999999999999645 ) ) ;
#1199 = ADVANCED_FACE ( 'NONE', ( #1186 ), #1452, .T. ) ;
#1200 = CYLINDRICAL_SURFACE ( 'NONE', #213, 1.550000000000000266 ) ;
#1201 = EDGE_CURVE ( 'NONE', #625, #167, #440, .T. ) ;
#1202 = VERTEX_POINT ( 'NONE', #1167 ) ;
#1203 = AXIS2_PLACEMENT_3D ( 'NONE', #542, #1296, #1586 ) ;
#1204 = ORIENTED_EDGE ( 'NONE', *, *, #351, .T. ) ;
#1205 = ORIENTED_EDGE ( 'NONE', *, *, #1817, .T. ) ;
#1206 = ORIENTED_EDGE ( 'NONE', *, *, #1470, .F. ) ;
#1207 = DIRECTION ( 'NONE',  ( -0.000000000000000000, -0.000000000000000000, 1.000000000000000000 ) ) ;
#1208 = ORIENTED_EDGE ( 'NONE', *, *, #426, .T. ) ;
#1209 = DIRECTION ( 'NONE',  ( 1.000000000000000000, 0.000000000000000000, -2.350988701644575016E-32 ) ) ;
#1210 = DIRECTION ( 'NONE',  ( 0.000000000000000000, 0.000000000000000000, 1.000000000000000000 ) ) ;
#1211 = LINE ( 'NONE', #1684, #305 ) ;
#1212 = CARTESIAN_POINT ( 'NONE',  ( 16.74088896814851779, 3.474533955434228272, 20.15700093140958415 ) ) ;
#1213 = ORIENTED_EDGE ( 'NONE', *, *, #355, .F. ) ;
#1214 = AXIS2_PLACEMENT_3D ( 'NONE', #735, #1606, #563 ) ;
#1215 = VERTEX_POINT ( 'NONE', #1628 ) ;
#1216 = ORIENTED_EDGE ( 'NONE', *, *, #569, .F. ) ;
#1217 = CARTESIAN_POINT ( 'NONE',  ( -8.910000000000001918, 2.143131898507868297E-16, 14.99999999999999645 ) ) ;
#1218 = CIRCLE ( 'NONE', #812, 1.000000000000000000 ) ;
#1219 = VECTOR ( 'NONE', #89, 1000.000000000000000 ) ;
#1220 = ORIENTED_EDGE ( 'NONE', *, *, #1262, .T. ) ;
#1221 = LINE ( 'NONE', #746, #228 ) ;
#1222 = FACE_OUTER_BOUND ( 'NONE', #1893, .T. ) ;
#1223 = ADVANCED_FACE ( 'NONE', ( #289 ), #1753, .T. ) ;
#1224 = CIRCLE ( 'NONE', #372, 1.500000000000001332 ) ;
#1225 = CARTESIAN_POINT ( 'NONE',  ( -12.50000000000000000, -19.91000000000000014, 23.99999999999999645 ) ) ;
#1226 = CARTESIAN_POINT ( 'NONE',  ( 7.000000000000001776, -13.16000000000000014, 14.99999999999999645 ) ) ;
#1227 = ORIENTED_EDGE ( 'NONE', *, *, #1246, .T. ) ;
#1228 = EDGE_CURVE ( 'NONE', #359, #1759, #588, .T. ) ;
#1229 = VERTEX_POINT ( 'NONE', #1198 ) ;
#1230 = CARTESIAN_POINT ( 'NONE',  ( 12.50000000000000000, -19.41000000000000014, 21.50000000000000000 ) ) ;
#1231 = EDGE_LOOP ( 'NONE', ( #573, #295, #1039, #656 ) ) ;
#1232 = CIRCLE ( 'NONE', #1816, 1.550000000000000266 ) ;
#1233 = DIRECTION ( 'NONE',  ( -8.673617379884035472E-16, 1.000000000000000000, 0.000000000000000000 ) ) ;
#1234 = FACE_OUTER_BOUND ( 'NONE', #577, .T. ) ;
#1235 = DIRECTION ( 'NONE',  ( -1.000000000000000000, 0.000000000000000000, 0.000000000000000000 ) ) ;
#1236 = ORIENTED_EDGE ( 'NONE', *, *, #569, .T. ) ;
#1237 = ORIENTED_EDGE ( 'NONE', *, *, #2, .T. ) ;
#1238 = VECTOR ( 'NONE', #618, 1000.000000000000000 ) ;
#1239 = DIRECTION ( 'NONE',  ( 1.000000000000000000, 0.000000000000000000, 0.000000000000000000 ) ) ;
#1240 = ORIENTED_EDGE ( 'NONE', *, *, #174, .F. ) ;
#1241 = LINE ( 'NONE', #1830, #1644 ) ;
#1242 = AXIS2_PLACEMENT_3D ( 'NONE', #817, #1689, #214 ) ;
#1243 = CARTESIAN_POINT ( 'NONE',  ( -14.32000000000000384, 0.000000000000000000, 29.99999999999999645 ) ) ;
#1244 = CARTESIAN_POINT ( 'NONE',  ( -18.82000000000000384, 0.000000000000000000, 18.99999999999999645 ) ) ;
#1245 = ORIENTED_EDGE ( 'NONE', *, *, #1228, .T. ) ;
#1246 = EDGE_CURVE ( 'NONE', #625, #1503, #1306, .T. ) ;
#1247 = ORIENTED_EDGE ( 'NONE', *, *, #148, .T. ) ;
#1248 = CARTESIAN_POINT ( 'NONE',  ( -12.50000000000000000, -10.16000000000000192, 23.99999999999999645 ) ) ;
#1249 = DIRECTION ( 'NONE',  ( 1.000000000000000000, -8.673617379884035472E-16, -4.701977403289150032E-32 ) ) ;
#1250 = AXIS2_PLACEMENT_3D ( 'NONE', #195, #74, #379 ) ;
#1251 = VECTOR ( 'NONE', #862, 1000.000000000000000 ) ;
#1252 = DIRECTION ( 'NONE',  ( 1.000000000000000000, 0.000000000000000000, 0.000000000000000000 ) ) ;
#1253 = AXIS2_PLACEMENT_3D ( 'NONE', #943, #197, #1394 ) ;
#1254 = VERTEX_POINT ( 'NONE', #1507 ) ;
#1255 = LINE ( 'NONE', #511, #1161 ) ;
#1256 = EDGE_LOOP ( 'NONE', ( #1906, #1505, #916, #1213 ) ) ;
#1257 = ADVANCED_FACE ( 'NONE', ( #1222 ), #1065, .F. ) ;
#1258 = DIRECTION ( 'NONE',  ( -1.000000000000000000, 0.000000000000000000, 0.000000000000000000 ) ) ;
#1259 = VECTOR ( 'NONE', #397, 1000.000000000000000 ) ;
#1260 = CARTESIAN_POINT ( 'NONE',  ( 7.160000000000000142, 0.000000000000000000, 32.99999999999999289 ) ) ;
#1261 = DIRECTION ( 'NONE',  ( 0.000000000000000000, 1.000000000000000000, 0.000000000000000000 ) ) ;
#1262 = EDGE_CURVE ( 'NONE', #127, #412, #970, .T. ) ;
#1263 = CARTESIAN_POINT ( 'NONE',  ( -23.62120474641496770, 2.000000000000005329, 14.99999999999999645 ) ) ;
#1264 = DIRECTION ( 'NONE',  ( 0.000000000000000000, 0.000000000000000000, 1.000000000000000000 ) ) ;
#1265 = CARTESIAN_POINT ( 'NONE',  ( 7.160000000000000142, 0.000000000000000000, 14.99999999999999645 ) ) ;
#1266 = DIRECTION ( 'NONE',  ( 0.000000000000000000, 0.000000000000000000, 1.000000000000000000 ) ) ;
#1267 = CARTESIAN_POINT ( 'NONE',  ( -19.33315078358927153, 5.000000000000000000, 18.99999999999999645 ) ) ;
#1268 = EDGE_CURVE ( 'NONE', #1372, #1215, #398, .T. ) ;
#1269 = CARTESIAN_POINT ( 'NONE',  ( 23.62120474641496770, 2.048812920223041470E-14, 29.99999999999999645 ) ) ;
#1270 = FACE_OUTER_BOUND ( 'NONE', #1256, .T. ) ;
#1271 = CARTESIAN_POINT ( 'NONE',  ( -7.160000000000000142, 7.160000000000002807, 29.99999999999999645 ) ) ;
#1272 = CARTESIAN_POINT ( 'NONE',  ( -12.50000000000000000, -19.91000000000000014, 14.99999999999999822 ) ) ;
#1273 = AXIS2_PLACEMENT_3D ( 'NONE', #1019, #1305, #1315 ) ;
#1274 = CARTESIAN_POINT ( 'NONE',  ( 7.160000000000000142, 0.000000000000000000, 29.99999999999999645 ) ) ;
#1275 = EDGE_CURVE ( 'NONE', #1460, #1872, #477, .T. ) ;
#1276 = CARTESIAN_POINT ( 'NONE',  ( -18.36938341802703789, -2.155901434248715276, 19.01569594835033072 ) ) ;
#1277 = APPLICATION_CONTEXT ( 'automotive_design' ) ;
#1278 = CARTESIAN_POINT ( 'NONE',  ( -16.46715137698245712, -10.67157594949938293, 23.99999999999999645 ) ) ;
#1279 = DIRECTION ( 'NONE',  ( -1.000000000000000000, 0.000000000000000000, 0.000000000000000000 ) ) ;
#1280 = DIRECTION ( 'NONE',  ( -1.000000000000000000, 0.000000000000000000, 0.000000000000000000 ) ) ;
#1281 = CIRCLE ( 'NONE', #441, 1.750000000000000666 ) ;
#1282 = VERTEX_POINT ( 'NONE', #1078 ) ;
#1283 = DIRECTION ( 'NONE',  ( 1.000000000000000000, 0.000000000000000000, 0.000000000000000000 ) ) ;
#1284 = CARTESIAN_POINT ( 'NONE',  ( -16.46715137698245712, -10.67157594949938293, 14.99999999999999645 ) ) ;
#1285 = CARTESIAN_POINT ( 'NONE',  ( -19.33315078358927153, -5.000000000000000000, 14.99999999999999645 ) ) ;
#1286 = DIRECTION ( 'NONE',  ( -1.000000000000000000, 8.673617379884027583E-16, 0.000000000000000000 ) ) ;
#1287 = FACE_OUTER_BOUND ( 'NONE', #1314, .T. ) ;
#1288 = CARTESIAN_POINT ( 'NONE',  ( -7.160000000000000142, 0.000000000000000000, 29.99999999999999645 ) ) ;
#1289 = CIRCLE ( 'NONE', #956, 10.16000000000000192 ) ;
#1290 = VECTOR ( 'NONE', #449, 1000.000000000000000 ) ;
#1291 = ORIENTED_EDGE ( 'NONE', *, *, #233, .T. ) ;
#1292 = ORIENTED_EDGE ( 'NONE', *, *, #933, .F. ) ;
#1293 = EDGE_CURVE ( 'NONE', #1090, #846, #1557, .T. ) ;
#1294 = EDGE_CURVE ( 'NONE', #1282, #846, #159, .T. ) ;
#1295 = LINE ( 'NONE', #1003, #1219 ) ;
#1296 = DIRECTION ( 'NONE',  ( 0.000000000000000000, 0.000000000000000000, 1.000000000000000000 ) ) ;
#1297 = DIRECTION ( 'NONE',  ( 1.000000000000000000, 1.440787226534068138E-49, -2.350988701644575290E-32 ) ) ;
#1298 = CIRCLE ( 'NONE', #1885, 1.000000000000000000 ) ;
#1299 = DIRECTION ( 'NONE',  ( 0.000000000000000000, 0.000000000000000000, -1.000000000000000000 ) ) ;
#1300 = DIRECTION ( 'NONE',  ( 0.000000000000000000, -1.000000000000000000, 0.000000000000000000 ) ) ;
#1301 = ORIENTED_EDGE ( 'NONE', *, *, #1447, .T. ) ;
#1302 = AXIS2_PLACEMENT_3D ( 'NONE', #1857, #1093, #1127 ) ;
#1303 = AXIS2_PLACEMENT_3D ( 'NONE', #535, #820, #967 ) ;
#1304 = ORIENTED_EDGE ( 'NONE', *, *, #465, .F. ) ;
#1305 = DIRECTION ( 'NONE',  ( 1.000000000000000000, -0.000000000000000000, -2.350988701644575016E-32 ) ) ;
#1306 = CIRCLE ( 'NONE', #1737, 1.550000000000000266 ) ;
#1307 =( NAMED_UNIT ( * ) SI_UNIT ( $, .STERADIAN. ) SOLID_ANGLE_UNIT ( ) );
#1308 = EDGE_CURVE ( 'NONE', #570, #1467, #1711, .T. ) ;
#1309 = FACE_OUTER_BOUND ( 'NONE', #1520, .T. ) ;
#1310 = LINE ( 'NONE', #1880, #1389 ) ;
#1311 = CARTESIAN_POINT ( 'NONE',  ( 18.00081216121817818, -2.309073219730207072, 19.11099665641099676 ) ) ;
#1312 = LINE ( 'NONE', #124, #992 ) ;
#1313 = CIRCLE ( 'NONE', #160, 10.16000000000000192 ) ;
#1314 = EDGE_LOOP ( 'NONE', ( #459, #1390, #1573, #1349 ) ) ;
#1315 = DIRECTION ( 'NONE',  ( 0.000000000000000000, 0.000000000000000000, -1.000000000000000000 ) ) ;
#1316 = ORIENTED_EDGE ( 'NONE', *, *, #650, .T. ) ;
#1317 = DIRECTION ( 'NONE',  ( 1.000000000000000000, -0.000000000000000000, -0.000000000000000000 ) ) ;
#1318 = VERTEX_POINT ( 'NONE', #1796 ) ;
#1319 = CYLINDRICAL_SURFACE ( 'NONE', #260, 1.000000000000000888 ) ;
#1320 = FACE_OUTER_BOUND ( 'NONE', #870, .T. ) ;
#1321 = CARTESIAN_POINT ( 'NONE',  ( -23.62120474641497125, 2.048812920223041786E-14, 29.99999999999999645 ) ) ;
#1322 = DIRECTION ( 'NONE',  ( 0.000000000000000000, 0.000000000000000000, -1.000000000000000000 ) ) ;
#1323 = AXIS2_PLACEMENT_3D ( 'NONE', #576, #702, #894 ) ;
#1324 = ORIENTED_EDGE ( 'NONE', *, *, #1013, .T. ) ;
#1325 = ORIENTED_EDGE ( 'NONE', *, *, #1047, .F. ) ;
#1326 = ADVANCED_FACE ( 'NONE', ( #464 ), #1639, .F. ) ;
#1327 = ORIENTED_EDGE ( 'NONE', *, *, #1739, .F. ) ;
#1328 = ORIENTED_EDGE ( 'NONE', *, *, #958, .F. ) ;
#1329 = EDGE_LOOP ( 'NONE', ( #177, #1456, #1491, #1502 ) ) ;
#1330 = SURFACE_STYLE_FILL_AREA ( #553 ) ;
#1331 = CARTESIAN_POINT ( 'NONE',  ( -17.12995459218911520, 2.950784506018524489, 19.67125027443265850 ) ) ;
#1332 = CARTESIAN_POINT ( 'NONE',  ( 16.55811641043062110, -3.860182370820669284, 20.49999999999999645 ) ) ;
#1333 = EDGE_CURVE ( 'NONE', #510, #1318, #1806, .T. ) ;
#1334 = ORIENTED_EDGE ( 'NONE', *, *, #401, .F. ) ;
#1335 = DIRECTION ( 'NONE',  ( 0.000000000000000000, 0.000000000000000000, 1.000000000000000000 ) ) ;
#1336 = ADVANCED_FACE ( 'NONE', ( #1379, #189, #801 ), #1386, .F. ) ;
#1337 = ORIENTED_EDGE ( 'NONE', *, *, #1201, .F. ) ;
#1338 = EDGE_LOOP ( 'NONE', ( #403, #312, #1196, #1670, #902 ) ) ;
#1339 = VECTOR ( 'NONE', #23, 1000.000000000000000 ) ;
#1340 = AXIS2_PLACEMENT_3D ( 'NONE', #1346, #1300, #598 ) ;
#1341 = ORIENTED_EDGE ( 'NONE', *, *, #38, .T. ) ;
#1342 = ORIENTED_EDGE ( 'NONE', *, *, #1053, .F. ) ;
#1343 = EDGE_CURVE ( 'NONE', #1536, #1215, #1870, .T. ) ;
#1344 = DIRECTION ( 'NONE',  ( -0.000000000000000000, -0.000000000000000000, 1.000000000000000000 ) ) ;
#1345 = CARTESIAN_POINT ( 'NONE',  ( -12.50000000000000000, -19.41000000000000014, 21.50000000000000000 ) ) ;
#1346 = CARTESIAN_POINT ( 'NONE',  ( 19.12120474641497125, -2.000000000000000000, 20.49999999999999645 ) ) ;
#1347 = LINE ( 'NONE', #1901, #1646 ) ;
#1348 = ORIENTED_EDGE ( 'NONE', *, *, #278, .F. ) ;
#1349 = ORIENTED_EDGE ( 'NONE', *, *, #1343, .F. ) ;
#1350 = VERTEX_POINT ( 'NONE', #468 ) ;
#1351 = ORIENTED_EDGE ( 'NONE', *, *, #155, .F. ) ;
#1352 = CARTESIAN_POINT ( 'NONE',  ( 23.62120474641497125, -2.000000000000000000, 21.99999999999999645 ) ) ;
#1353 = ORIENTED_EDGE ( 'NONE', *, *, #1053, .T. ) ;
#1354 = LINE ( 'NONE', #931, #1721 ) ;
#1355 = CARTESIAN_POINT ( 'NONE',  ( 19.12120474641496770, 1.658500138128259874E-14, 18.99999999999999645 ) ) ;
#1356 = CARTESIAN_POINT ( 'NONE',  ( -7.160000000000000142, 0.000000000000000000, 32.99999999999999289 ) ) ;
#1357 = DIRECTION ( 'NONE',  ( -1.000000000000000000, 0.000000000000000000, 0.000000000000000000 ) ) ;
#1358 = ORIENTED_EDGE ( 'NONE', *, *, #1499, .T. ) ;
#1359 = VERTEX_POINT ( 'NONE', #35 ) ;
#1360 = EDGE_CURVE ( 'NONE', #1536, #251, #114, .T. ) ;
#1361 = VERTEX_POINT ( 'NONE', #925 ) ;
#1362 = CARTESIAN_POINT ( 'NONE',  ( -7.160000000000000142, 0.000000000000000000, 14.99999999999999645 ) ) ;
#1363 = ORIENTED_EDGE ( 'NONE', *, *, #358, .T. ) ;
#1364 = CYLINDRICAL_SURFACE ( 'NONE', #982, 1.749999999999999778 ) ;
#1365 = DIRECTION ( 'NONE',  ( 0.000000000000000000, 0.000000000000000000, 1.000000000000000000 ) ) ;
#1366 = CARTESIAN_POINT ( 'NONE',  ( -17.32000000000000028, 0.000000000000000000, 32.99999999999999289 ) ) ;
#1367 = DIRECTION ( 'NONE',  ( 0.000000000000000000, 0.000000000000000000, 1.000000000000000000 ) ) ;
#1368 = ADVANCED_FACE ( 'NONE', ( #641 ), #1517, .F. ) ;
#1369 = VERTEX_POINT ( 'NONE', #1244 ) ;
#1370 = AXIS2_PLACEMENT_3D ( 'NONE', #1362, #1207, #340 ) ;
#1371 = ORIENTED_EDGE ( 'NONE', *, *, #981, .T. ) ;
#1372 = VERTEX_POINT ( 'NONE', #1527 ) ;
#1373 = CARTESIAN_POINT ( 'NONE',  ( -7.160000000000000142, -7.160000000000002807, 29.99999999999999645 ) ) ;
#1374 = AXIS2_PLACEMENT_3D ( 'NONE', #1716, #1261, #1854 ) ;
#1375 = VERTEX_POINT ( 'NONE', #14 ) ;
#1376 = FACE_OUTER_BOUND ( 'NONE', #1076, .T. ) ;
#1377 = AXIS2_PLACEMENT_3D ( 'NONE', #1840, #24, #1535 ) ;
#1378 = DIRECTION ( 'NONE',  ( 0.000000000000000000, 1.000000000000000000, 0.000000000000000000 ) ) ;
#1379 = FACE_BOUND ( 'NONE', #272, .T. ) ;
#1380 = ORIENTED_EDGE ( 'NONE', *, *, #844, .F. ) ;
#1381 = ORIENTED_EDGE ( 'NONE', *, *, #1679, .T. ) ;
#1382 = LINE ( 'NONE', #1352, #1544 ) ;
#1383 = EDGE_LOOP ( 'NONE', ( #1334, #546, #1687, #447, #805, #1921, #1353, #567 ) ) ;
#1384 = DIRECTION ( 'NONE',  ( -0.000000000000000000, -0.000000000000000000, 1.000000000000000000 ) ) ;
#1385 = DIRECTION ( 'NONE',  ( 8.673617379884035472E-16, 1.000000000000000000, 0.000000000000000000 ) ) ;
#1386 = PLANE ( 'NONE',  #1647 ) ;
#1387 = EDGE_CURVE ( 'NONE', #57, #1793, #1224, .T. ) ;
#1388 = ORIENTED_EDGE ( 'NONE', *, *, #1275, .F. ) ;
#1389 = VECTOR ( 'NONE', #1158, 1000.000000000000000 ) ;
#1390 = ORIENTED_EDGE ( 'NONE', *, *, #1192, .F. ) ;
#1391 = PLANE ( 'NONE',  #201 ) ;
#1392 = CARTESIAN_POINT ( 'NONE',  ( -23.62120474641496770, 2.000000000000004885, 21.99999999999999645 ) ) ;
#1393 = CIRCLE ( 'NONE', #983, 4.000000000000000000 ) ;
#1394 = DIRECTION ( 'NONE',  ( 0.000000000000000000, 0.000000000000000000, 1.000000000000000000 ) ) ;
#1395 = EDGE_CURVE ( 'NONE', #1768, #167, #149, .T. ) ;
#1396 = EDGE_CURVE ( 'NONE', #1815, #321, #268, .T. ) ;
#1397 = ORIENTED_EDGE ( 'NONE', *, *, #1904, .F. ) ;
#1398 = CARTESIAN_POINT ( 'NONE',  ( -5.449999999999998401, -13.16000000000000192, 23.99999999999999645 ) ) ;
#1399 = EDGE_LOOP ( 'NONE', ( #458, #691, #1916, #579 ) ) ;
#1400 = VECTOR ( 'NONE', #62, 1000.000000000000000 ) ;
#1401 = FACE_OUTER_BOUND ( 'NONE', #559, .T. ) ;
#1402 = LINE ( 'NONE', #61, #1874 ) ;
#1403 = ADVANCED_FACE ( 'NONE', ( #507 ), #304, .T. ) ;
#1404 = EDGE_CURVE ( 'NONE', #1318, #510, #527, .T. ) ;
#1405 = AXIS2_PLACEMENT_3D ( 'NONE', #948, #1532, #1690 ) ;
#1406 = FACE_OUTER_BOUND ( 'NONE', #612, .T. ) ;
#1407 = DIRECTION ( 'NONE',  ( 2.350988701644575290E-32, 0.000000000000000000, 1.000000000000000000 ) ) ;
#1408 = VECTOR ( 'NONE', #1280, 1000.000000000000000 ) ;
#1409 = DIRECTION ( 'NONE',  ( -1.000000000000000000, -1.243218491116712119E-14, 0.000000000000000000 ) ) ;
#1410 = DIRECTION ( 'NONE',  ( 0.000000000000000000, 0.000000000000000000, 1.000000000000000000 ) ) ;
#1411 = CARTESIAN_POINT ( 'NONE',  ( 23.62120474641497125, -1.999999999999997335, 14.99999999999999645 ) ) ;
#1412 = CIRCLE ( 'NONE', #1658, 2.999999999999999112 ) ;
#1413 = DIRECTION ( 'NONE',  ( 8.673617379884035472E-16, 1.000000000000000000, 0.000000000000000000 ) ) ;
#1414 = CARTESIAN_POINT ( 'NONE',  ( -7.160000000000000142, 0.000000000000000000, 14.99999999999999645 ) ) ;
#1415 = EDGE_CURVE ( 'NONE', #537, #1254, #162, .T. ) ;
#1416 = DIRECTION ( 'NONE',  ( -8.673617379884035472E-16, 1.000000000000000000, 0.000000000000000000 ) ) ;
#1417 = DIRECTION ( 'NONE',  ( 0.000000000000000000, 0.000000000000000000, -1.000000000000000000 ) ) ;
#1418 = VECTOR ( 'NONE', #158, 1000.000000000000000 ) ;
#1419 = CARTESIAN_POINT ( 'NONE',  ( 0.000000000000000000, 0.000000000000000000, 18.99999999999999645 ) ) ;
#1420 = DIRECTION ( 'NONE',  ( 1.000000000000000000, 0.000000000000000000, 0.000000000000000000 ) ) ;
#1421 = ADVANCED_FACE ( 'NONE', ( #911 ), #780, .F. ) ;
#1422 = CYLINDRICAL_SURFACE ( 'NONE', #1814, 1.550000000000000266 ) ;
#1423 = LINE ( 'NONE', #79, #969 ) ;
#1424 = DIRECTION ( 'NONE',  ( -0.000000000000000000, -0.000000000000000000, 1.000000000000000000 ) ) ;
#1425 = CARTESIAN_POINT ( 'NONE',  ( 7.000000000000001776, -13.16000000000000014, 14.99999999999999645 ) ) ;
#1426 = LINE ( 'NONE', #679, #1408 ) ;
#1427 = VECTOR ( 'NONE', #1613, 1000.000000000000000 ) ;
#1428 = ORIENTED_EDGE ( 'NONE', *, *, #1192, .T. ) ;
#1429 = CARTESIAN_POINT ( 'NONE',  ( -8.910000000000001918, 2.143131898507867558E-16, 29.99999999999999645 ) ) ;
#1430 = CARTESIAN_POINT ( 'NONE',  ( -18.63243607412890412, -2.082981162907116435, 18.99999999999999645 ) ) ;
#1431 = DIRECTION ( 'NONE',  ( 1.000000000000000000, 0.000000000000000000, 0.000000000000000000 ) ) ;
#1432 = DIRECTION ( 'NONE',  ( 0.000000000000000000, 0.000000000000000000, -1.000000000000000000 ) ) ;
#1433 = CARTESIAN_POINT ( 'NONE',  ( -18.49814859035392445, 2.115239170288246484, 18.99999999999997158 ) ) ;
#1434 = CARTESIAN_POINT ( 'NONE',  ( -20.62120474641496770, 2.000000000000002220, 20.49999999999999645 ) ) ;
#1435 = EDGE_CURVE ( 'NONE', #1081, #1790, #651, .T. ) ;
#1436 = ORIENTED_EDGE ( 'NONE', *, *, #1699, .F. ) ;
#1437 = FACE_OUTER_BOUND ( 'NONE', #1788, .T. ) ;
#1438 = DIRECTION ( 'NONE',  ( -0.000000000000000000, -0.000000000000000000, -1.000000000000000000 ) ) ;
#1439 = DIRECTION ( 'NONE',  ( 8.673617379884035472E-16, 1.000000000000000000, 0.000000000000000000 ) ) ;
#1440 = CARTESIAN_POINT ( 'NONE',  ( -18.00081216121817818, 2.309073219730207072, 19.11099665641099676 ) ) ;
#1441 = FACE_OUTER_BOUND ( 'NONE', #1231, .T. ) ;
#1442 = CIRCLE ( 'NONE', #1629, 2.999999999999999112 ) ;
#1443 = ORIENTED_EDGE ( 'NONE', *, *, #991, .F. ) ;
#1444 = ADVANCED_FACE ( 'NONE', ( #660 ), #1860, .T. ) ;
#1445 = VERTEX_POINT ( 'NONE', #1434 ) ;
#1446 = CYLINDRICAL_SURFACE ( 'NONE', #420, 4.000000000000000000 ) ;
#1447 = EDGE_CURVE ( 'NONE', #86, #1494, #815, .T. ) ;
#1448 = CARTESIAN_POINT ( 'NONE',  ( -7.160000000000000142, 7.160000000000002807, 14.99999999999999645 ) ) ;
#1449 = EDGE_CURVE ( 'NONE', #1359, #572, #1564, .T. ) ;
#1450 = AXIS2_PLACEMENT_3D ( 'NONE', #1743, #1184, #130 ) ;
#1451 = DIRECTION ( 'NONE',  ( -0.000000000000000000, -0.000000000000000000, 1.000000000000000000 ) ) ;
#1452 = CYLINDRICAL_SURFACE ( 'NONE', #1892, 1.000000000000000888 ) ;
#1453 = AXIS2_PLACEMENT_3D ( 'NONE', #515, #1279, #1866 ) ;
#1454 = CARTESIAN_POINT ( 'NONE',  ( -7.160000000000000142, 7.160000000000002807, 14.99999999999999645 ) ) ;
#1455 = VECTOR ( 'NONE', #220, 1000.000000000000000 ) ;
#1456 = ORIENTED_EDGE ( 'NONE', *, *, #1034, .T. ) ;
#1457 = LINE ( 'NONE', #548, #1427 ) ;
#1458 = AXIS2_PLACEMENT_3D ( 'NONE', #1665, #325, #1496 ) ;
#1459 = CARTESIAN_POINT ( 'NONE',  ( 19.33315078358927153, 2.000000000000000000, 18.99999999999999645 ) ) ;
#1460 = VERTEX_POINT ( 'NONE', #232 ) ;
#1461 = SURFACE_STYLE_USAGE ( .BOTH. , #427 ) ;
#1462 = DIRECTION ( 'NONE',  ( 0.000000000000000000, 0.000000000000000000, 1.000000000000000000 ) ) ;
#1463 = DIRECTION ( 'NONE',  ( 0.000000000000000000, -1.000000000000000000, 0.000000000000000000 ) ) ;
#1464 = EDGE_CURVE ( 'NONE', #242, #471, #1426, .T. ) ;
#1465 = CARTESIAN_POINT ( 'NONE',  ( 20.62120474641497125, -2.000000000000000000, 20.49999999999999645 ) ) ;
#1466 = AXIS2_PLACEMENT_3D ( 'NONE', #1175, #1763, #429 ) ;
#1467 = VERTEX_POINT ( 'NONE', #1272 ) ;
#1468 = ORIENTED_EDGE ( 'NONE', *, *, #896, .T. ) ;
#1469 = ORIENTED_EDGE ( 'NONE', *, *, #1729, .T. ) ;
#1470 = EDGE_CURVE ( 'NONE', #716, #1375, #1066, .T. ) ;
#1471 = ORIENTED_EDGE ( 'NONE', *, *, #348, .T. ) ;
#1472 = ORIENTED_EDGE ( 'NONE', *, *, #763, .F. ) ;
#1473 = CARTESIAN_POINT ( 'NONE',  ( 7.159999999999997478, 10.16000000000000192, 32.99999999999999289 ) ) ;
#1474 = CARTESIAN_POINT ( 'NONE',  ( -7.160000000000000142, 0.000000000000000000, 24.00000000000000000 ) ) ;
#1475 = DIRECTION ( 'NONE',  ( -0.000000000000000000, -0.000000000000000000, 1.000000000000000000 ) ) ;
#1476 = CIRCLE ( 'NONE', #290, 10.16000000000000192 ) ;
#1477 = ADVANCED_FACE ( 'NONE', ( #667 ), #1129, .T. ) ;
#1478 = EDGE_LOOP ( 'NONE', ( #172, #269, #46, #681, #175, #1804 ) ) ;
#1479 = CIRCLE ( 'NONE', #539, 2.000000000000001776 ) ;
#1480 = ADVANCED_FACE ( 'NONE', ( #1868 ), #76, .T. ) ;
#1481 = ORIENTED_EDGE ( 'NONE', *, *, #1831, .T. ) ;
#1482 = ORIENTED_EDGE ( 'NONE', *, *, #1882, .F. ) ;
#1483 = EDGE_LOOP ( 'NONE', ( #1247, #270, #333, #1748 ) ) ;
#1484 = CARTESIAN_POINT ( 'NONE',  ( -19.33315078358927153, 2.000000000000000000, 18.99999999999999645 ) ) ;
#1485 = CARTESIAN_POINT ( 'NONE',  ( -23.62120474641496770, 2.000000000000005329, 14.99999999999999645 ) ) ;
#1486 = CARTESIAN_POINT ( 'NONE',  ( -19.12120474641497125, 2.000000000000000000, 20.49999999999999645 ) ) ;
#1487 = FACE_OUTER_BOUND ( 'NONE', #762, .T. ) ;
#1488 = VERTEX_POINT ( 'NONE', #1849 ) ;
#1489 = CIRCLE ( 'NONE', #968, 1.750000000000000666 ) ;
#1490 = ORIENTED_EDGE ( 'NONE', *, *, #840, .F. ) ;
#1491 = ORIENTED_EDGE ( 'NONE', *, *, #11, .T. ) ;
#1492 = ORIENTED_EDGE ( 'NONE', *, *, #88, .T. ) ;
#1493 = DIRECTION ( 'NONE',  ( 1.000000000000000000, -0.000000000000000000, -0.000000000000000000 ) ) ;
#1494 = VERTEX_POINT ( 'NONE', #1725 ) ;
#1495 = LINE ( 'NONE', #439, #1418 ) ;
#1496 = DIRECTION ( 'NONE',  ( 1.000000000000000000, 0.000000000000000000, 0.000000000000000000 ) ) ;
#1497 = DIRECTION ( 'NONE',  ( 1.000000000000000000, 0.000000000000000000, 0.000000000000000000 ) ) ;
#1498 = CARTESIAN_POINT ( 'NONE',  ( 18.12110339566991257, 2.252512908843945283, 19.07087013726806646 ) ) ;
#1499 = EDGE_CURVE ( 'NONE', #1180, #764, #390, .T. ) ;
#1500 = ORIENTED_EDGE ( 'NONE', *, *, #1047, .T. ) ;
#1501 = CIRCLE ( 'NONE', #221, 2.000000000000001776 ) ;
#1502 = ORIENTED_EDGE ( 'NONE', *, *, #199, .T. ) ;
#1503 = VERTEX_POINT ( 'NONE', #1556 ) ;
#1504 = LINE ( 'NONE', #786, #1290 ) ;
#1505 = ORIENTED_EDGE ( 'NONE', *, *, #382, .T. ) ;
#1506 = DIRECTION ( 'NONE',  ( -1.000000000000000000, 8.673617379884035472E-16, 4.701977403289150032E-32 ) ) ;
#1507 = CARTESIAN_POINT ( 'NONE',  ( -16.55811641043062110, 3.860182370820669284, 14.99999999999999645 ) ) ;
#1508 = DIRECTION ( 'NONE',  ( 0.000000000000000000, 0.000000000000000000, 1.000000000000000000 ) ) ;
#1509 = CARTESIAN_POINT ( 'NONE',  ( 16.63889233594795058, 3.663522866619389085, 20.32890660211889511 ) ) ;
#1510 = ORIENTED_EDGE ( 'NONE', *, *, #1157, .T. ) ;
#1511 = ORIENTED_EDGE ( 'NONE', *, *, #1863, .T. ) ;
#1512 = ORIENTED_EDGE ( 'NONE', *, *, #1449, .F. ) ;
#1513 = CARTESIAN_POINT ( 'NONE',  ( -19.33315078358927153, -2.000000000000000000, 18.99999999999999645 ) ) ;
#1514 = ORIENTED_EDGE ( 'NONE', *, *, #552, .T. ) ;
#1515 = LINE ( 'NONE', #8, #1083 ) ;
#1516 = DIRECTION ( 'NONE',  ( 1.000000000000000000, 0.000000000000000000, 0.000000000000000000 ) ) ;
#1517 = CYLINDRICAL_SURFACE ( 'NONE', #29, 1.750000000000000666 ) ;
#1518 = UNCERTAINTY_MEASURE_WITH_UNIT (LENGTH_MEASURE( 1.000000000000000082E-05 ), #386, 'distance_accuracy_value', 'NONE');
#1519 = VECTOR ( 'NONE', #261, 1000.000000000000000 ) ;
#1520 = EDGE_LOOP ( 'NONE', ( #455, #1624, #946, #594 ) ) ;
#1521 = AXIS2_PLACEMENT_3D ( 'NONE', #392, #1894, #1884 ) ;
#1522 = VERTEX_POINT ( 'NONE', #1112 ) ;
#1523 = LINE ( 'NONE', #903, #385 ) ;
#1524 = ORIENTED_EDGE ( 'NONE', *, *, #769, .T. ) ;
#1525 = DIRECTION ( 'NONE',  ( 0.000000000000000000, 0.000000000000000000, -1.000000000000000000 ) ) ;
#1526 = LINE ( 'NONE', #791, #1094 ) ;
#1527 = CARTESIAN_POINT ( 'NONE',  ( 18.63243607412890412, -2.082981162907116435, 18.99999999999999645 ) ) ;
#1528 = ORIENTED_EDGE ( 'NONE', *, *, #1738, .F. ) ;
#1529 = ORIENTED_EDGE ( 'NONE', *, *, #287, .T. ) ;
#1530 = CARTESIAN_POINT ( 'NONE',  ( -23.62120474641496770, 2.000000000000004885, 22.99999999999999645 ) ) ;
#1531 = EDGE_CURVE ( 'NONE', #926, #1350, #1700, .T. ) ;
#1532 = DIRECTION ( 'NONE',  ( -1.000000000000000000, -8.673617379884035472E-16, -0.000000000000000000 ) ) ;
#1533 = ADVANCED_FACE ( 'NONE', ( #364 ), #687, .T. ) ;
#1534 = CARTESIAN_POINT ( 'NONE',  ( -20.62120474641497125, -1.000000000000000000, 22.99999999999999645 ) ) ;
#1535 = DIRECTION ( 'NONE',  ( 0.000000000000000000, 1.000000000000000000, 0.000000000000000000 ) ) ;
#1536 = VERTEX_POINT ( 'NONE', #1579 ) ;
#1537 = ADVANCED_FACE ( 'NONE', ( #207, #1121, #94 ), #70, .T. ) ;
#1538 = AXIS2_PLACEMENT_3D ( 'NONE', #987, #1731, #1135 ) ;
#1539 = DIRECTION ( 'NONE',  ( -0.000000000000000000, -0.000000000000000000, 1.000000000000000000 ) ) ;
#1540 = EDGE_CURVE ( 'NONE', #1905, #86, #649, .T. ) ;
#1541 = VERTEX_POINT ( 'NONE', #375 ) ;
#1542 = CARTESIAN_POINT ( 'NONE',  ( -7.160000000000000142, 0.000000000000000000, 29.99999999999999645 ) ) ;
#1543 = FACE_OUTER_BOUND ( 'NONE', #190, .T. ) ;
#1544 = VECTOR ( 'NONE', #1493, 1000.000000000000000 ) ;
#1545 = CARTESIAN_POINT ( 'NONE',  ( -7.160000000000001030, 10.16000000000000192, 14.99999999999999645 ) ) ;
#1546 = CARTESIAN_POINT ( 'NONE',  ( -19.19212034753035567, 2.002473575506355630, 18.99999999999998224 ) ) ;
#1547 = MECHANICAL_DESIGN_GEOMETRIC_PRESENTATION_REPRESENTATION (  '', ( #1797 ), #704 ) ;
#1548 = FACE_BOUND ( 'NONE', #470, .T. ) ;
#1549 = ORIENTED_EDGE ( 'NONE', *, *, #896, .F. ) ;
#1550 = AXIS2_PLACEMENT_3D ( 'NONE', #1853, #1413, #1286 ) ;
#1551 = CARTESIAN_POINT ( 'NONE',  ( -7.160000000000000142, 0.000000000000000000, 32.99999999999999289 ) ) ;
#1552 = DIRECTION ( 'NONE',  ( -0.000000000000000000, -0.000000000000000000, 1.000000000000000000 ) ) ;
#1553 = AXIS2_PLACEMENT_3D ( 'NONE', #528, #230, #50 ) ;
#1555 = CARTESIAN_POINT ( 'NONE',  ( -16.55811641043062110, 3.860182370820669284, 20.49999999999999645 ) ) ;
#1554 = AXIS2_PLACEMENT_3D ( 'NONE', #13, #1028, #874 ) ;
#1556 = CARTESIAN_POINT ( 'NONE',  ( -8.549999999999998934, -13.16000000000000192, 14.99999999999999645 ) ) ;
#1557 = CIRCLE ( 'NONE', #1458, 10.16000000000000192 ) ;
#1558 = PRODUCT_DEFINITION_CONTEXT ( 'detailed design', #1772, 'design' ) ;
#1559 = EDGE_CURVE ( 'NONE', #1623, #775, #974, .T. ) ;
#1560 = CARTESIAN_POINT ( 'NONE',  ( 19.12120474641497125, -2.007496219329688358, 18.99999999999999645 ) ) ;
#1561 = FACE_OUTER_BOUND ( 'NONE', #961, .T. ) ;
#1562 = AXIS2_PLACEMENT_3D ( 'NONE', #1269, #1856, #1416 ) ;
#1563 = DIRECTION ( 'NONE',  ( -1.000000000000000000, 0.000000000000000000, 0.000000000000000000 ) ) ;
#1564 = LINE ( 'NONE', #381, #306 ) ;
#1565 = EDGE_CURVE ( 'NONE', #572, #1522, #833, .T. ) ;
#1566 = CARTESIAN_POINT ( 'NONE',  ( 16.46715137698245357, -10.67157594949938471, 23.99999999999999645 ) ) ;
#1567 = CARTESIAN_POINT ( 'NONE',  ( -12.50000000000000000, -23.91000000000000014, 19.99999999999999645 ) ) ;
#1568 = CYLINDRICAL_SURFACE ( 'NONE', #110, 10.16000000000000192 ) ;
#1569 = AXIS2_PLACEMENT_3D ( 'NONE', #418, #1463, #1890 ) ;
#1570 = DIRECTION ( 'NONE',  ( -0.000000000000000000, -0.000000000000000000, 1.000000000000000000 ) ) ;
#1571 = VECTOR ( 'NONE', #156, 1000.000000000000000 ) ;
#1572 = DIRECTION ( 'NONE',  ( -0.000000000000000000, -0.000000000000000000, 1.000000000000000000 ) ) ;
#1573 = ORIENTED_EDGE ( 'NONE', *, *, #1268, .T. ) ;
#1574 = DIRECTION ( 'NONE',  ( 0.000000000000000000, 0.000000000000000000, 1.000000000000000000 ) ) ;
#1575 = DIRECTION ( 'NONE',  ( -8.673617379884035472E-16, 1.000000000000000000, 0.000000000000000000 ) ) ;
#1576 = CARTESIAN_POINT ( 'NONE',  ( -7.160000000000000142, 0.000000000000000000, 14.99999999999999645 ) ) ;
#1577 = CARTESIAN_POINT ( 'NONE',  ( -23.62120474641497125, 1.000000000000000000, 21.99999999999999645 ) ) ;
#1578 = DIRECTION ( 'NONE',  ( -0.000000000000000000, -0.000000000000000000, 1.000000000000000000 ) ) ;
#1579 = CARTESIAN_POINT ( 'NONE',  ( 16.55811641043062110, 3.860182370820669284, 20.49999999999999645 ) ) ;
#1580 = EDGE_CURVE ( 'NONE', #126, #936, #1812, .T. ) ;
#1581 = AXIS2_PLACEMENT_3D ( 'NONE', #328, #316, #1385 ) ;
#1582 = AXIS2_PLACEMENT_3D ( 'NONE', #302, #620, #768 ) ;
#1583 = ORIENTED_EDGE ( 'NONE', *, *, #1275, .T. ) ;
#1584 = DIRECTION ( 'NONE',  ( -1.000000000000000000, -1.440787226534068138E-49, 2.350988701644575290E-32 ) ) ;
#1585 =( NAMED_UNIT ( * ) PLANE_ANGLE_UNIT ( ) SI_UNIT ( $, .RADIAN. ) );
#1586 = DIRECTION ( 'NONE',  ( -1.000000000000000000, 7.228014483236698330E-15, 0.000000000000000000 ) ) ;
#1587 = DIRECTION ( 'NONE',  ( -1.000000000000000000, 0.000000000000000000, 0.000000000000000000 ) ) ;
#1588 = CARTESIAN_POINT ( 'NONE',  ( 16.46715137698245357, -10.67157594949938471, 14.99999999999999645 ) ) ;
#1589 = DIRECTION ( 'NONE',  ( -1.000000000000000000, 0.000000000000000000, 0.000000000000000000 ) ) ;
#1590 = EDGE_CURVE ( 'NONE', #1318, #784, #466, .T. ) ;
#1591 = EDGE_CURVE ( 'NONE', #1678, #713, #1211, .T. ) ;
#1592 = VERTEX_POINT ( 'NONE', #343 ) ;
#1593 = ORIENTED_EDGE ( 'NONE', *, *, #1729, .F. ) ;
#1594 = EDGE_CURVE ( 'NONE', #601, #570, #34, .T. ) ;
#1595 = CARTESIAN_POINT ( 'NONE',  ( -18.00082063374822283, -2.309069100517103568, 19.11099366754472229 ) ) ;
#1596 = LINE ( 'NONE', #1448, #863 ) ;
#1597 = DIRECTION ( 'NONE',  ( -1.000000000000000000, 0.000000000000000000, 0.000000000000000000 ) ) ;
#1598 = PLANE ( 'NONE',  #1569 ) ;
#1599 = LINE ( 'NONE', #885, #1891 ) ;
#1600 = ORIENTED_EDGE ( 'NONE', *, *, #1732, .F. ) ;
#1601 = DIRECTION ( 'NONE',  ( 0.000000000000000000, 0.000000000000000000, 1.000000000000000000 ) ) ;
#1602 = CARTESIAN_POINT ( 'NONE',  ( -17.12997014686844111, -2.950768075832345350, 19.67123499827904709 ) ) ;
#1603 = VECTOR ( 'NONE', #1317, 1000.000000000000000 ) ;
#1604 = ORIENTED_EDGE ( 'NONE', *, *, #1136, .F. ) ;
#1605 = ADVANCED_FACE ( 'NONE', ( #942 ), #188, .T. ) ;
#1606 = DIRECTION ( 'NONE',  ( 0.000000000000000000, 0.000000000000000000, 1.000000000000000000 ) ) ;
#1607 = VECTOR ( 'NONE', #997, 1000.000000000000000 ) ;
#1608 = LINE ( 'NONE', #1005, #1031 ) ;
#1609 = CARTESIAN_POINT ( 'NONE',  ( 20.62120474641496770, 2.000000000000000000, 22.99999999999999645 ) ) ;
#1610 = CARTESIAN_POINT ( 'NONE',  ( -19.33315078358927153, -2.000000000000000000, 19.01504920036853363 ) ) ;
#1611 = AXIS2_PLACEMENT_3D ( 'NONE', #934, #621, #1516 ) ;
#1612 = ORIENTED_EDGE ( 'NONE', *, *, #1447, .F. ) ;
#1613 = DIRECTION ( 'NONE',  ( -1.000000000000000000, 0.000000000000000000, 0.000000000000000000 ) ) ;
#1614 = AXIS2_PLACEMENT_3D ( 'NONE', #1823, #489, #622 ) ;
#1615 = ORIENTED_EDGE ( 'NONE', *, *, #986, .T. ) ;
#1616 = ORIENTED_EDGE ( 'NONE', *, *, #144, .T. ) ;
#1617 = VERTEX_POINT ( 'NONE', #1366 ) ;
#1618 = CARTESIAN_POINT ( 'NONE',  ( -13.83801256992526696, -7.657006472239670458, 14.99999999999999645 ) ) ;
#1619 = PLANE ( 'NONE',  #1910 ) ;
#1620 = LINE ( 'NONE', #1567, #708 ) ;
#1621 = EDGE_CURVE ( 'NONE', #1445, #1177, #1526, .T. ) ;
#1622 = VECTOR ( 'NONE', #1919, 1000.000000000000000 ) ;
#1623 = VERTEX_POINT ( 'NONE', #1666 ) ;
#1624 = ORIENTED_EDGE ( 'NONE', *, *, #1464, .T. ) ;
#1625 = ORIENTED_EDGE ( 'NONE', *, *, #933, .T. ) ;
#1626 = ORIENTED_EDGE ( 'NONE', *, *, #690, .T. ) ;
#1627 = DIRECTION ( 'NONE',  ( 1.000000000000000000, 0.000000000000000000, 0.000000000000000000 ) ) ;
#1628 = CARTESIAN_POINT ( 'NONE',  ( 18.63243607412890412, 2.082981162907116435, 18.99999999999999645 ) ) ;
#1629 = AXIS2_PLACEMENT_3D ( 'NONE', #1285, #533, #850 ) ;
#1630 = DIRECTION ( 'NONE',  ( 1.000000000000000000, 0.000000000000000000, -2.350988701644575016E-32 ) ) ;
#1631 = ORIENTED_EDGE ( 'NONE', *, *, #769, .F. ) ;
#1632 = CIRCLE ( 'NONE', #802, 1.500000000000001332 ) ;
#1633 = ORIENTED_EDGE ( 'NONE', *, *, #508, .T. ) ;
#1634 = ORIENTED_EDGE ( 'NONE', *, *, #144, .F. ) ;
#1635 = VERTEX_POINT ( 'NONE', #1067 ) ;
#1636 = CARTESIAN_POINT ( 'NONE',  ( -5.410000000000001030, 0.000000000000000000, 14.99999999999999645 ) ) ;
#1637 = ORIENTED_EDGE ( 'NONE', *, *, #1904, .T. ) ;
#1638 = DIRECTION ( 'NONE',  ( 0.000000000000000000, 0.000000000000000000, -1.000000000000000000 ) ) ;
#1639 = CYLINDRICAL_SURFACE ( 'NONE', #710, 7.160000000000002807 ) ;
#1640 = DIRECTION ( 'NONE',  ( -1.000000000000000000, 0.000000000000000000, 0.000000000000000000 ) ) ;
#1641 = ADVANCED_FACE ( 'NONE', ( #779 ), #1654, .T. ) ;
#1642 = CIRCLE ( 'NONE', #25, 7.160000000000002807 ) ;
#1643 = ORIENTED_EDGE ( 'NONE', *, *, #1559, .F. ) ;
#1644 = VECTOR ( 'NONE', #205, 1000.000000000000000 ) ;
#1645 = ORIENTED_EDGE ( 'NONE', *, *, #10, .F. ) ;
#1646 = VECTOR ( 'NONE', #1922, 1000.000000000000000 ) ;
#1647 = AXIS2_PLACEMENT_3D ( 'NONE', #44, #1068, #1252 ) ;
#1648 = ORIENTED_EDGE ( 'NONE', *, *, #1730, .F. ) ;
#1649 = ORIENTED_EDGE ( 'NONE', *, *, #699, .F. ) ;
#1650 = CARTESIAN_POINT ( 'NONE',  ( 23.62120474641496770, 2.000000000000002665, 22.99999999999999645 ) ) ;
#1651 = ORIENTED_EDGE ( 'NONE', *, *, #1136, .T. ) ;
#1652 = LINE ( 'NONE', #486, #191 ) ;
#1653 = CARTESIAN_POINT ( 'NONE',  ( 7.160000000000000142, 0.000000000000000000, 14.99999999999999645 ) ) ;
#1654 = PLANE ( 'NONE',  #1581 ) ;
#1655 = CARTESIAN_POINT ( 'NONE',  ( 16.55811641043062110, 3.860182370820669284, 20.49999999999999645 ) ) ;
#1656 = EDGE_CURVE ( 'NONE', #775, #1359, #524, .T. ) ;
#1657 = ORIENTED_EDGE ( 'NONE', *, *, #1415, .F. ) ;
#1658 = AXIS2_PLACEMENT_3D ( 'NONE', #1850, #662, #1409 ) ;
#1659 = ORIENTED_EDGE ( 'NONE', *, *, #358, .F. ) ;
#1660 = ADVANCED_FACE ( 'NONE', ( #43 ), #640, .T. ) ;
#1661 = ORIENTED_EDGE ( 'NONE', *, *, #794, .T. ) ;
#1662 = DIRECTION ( 'NONE',  ( -0.000000000000000000, -0.000000000000000000, 1.000000000000000000 ) ) ;
#1663 = VERTEX_POINT ( 'NONE', #1243 ) ;
#1664 = CARTESIAN_POINT ( 'NONE',  ( -7.160000000000000142, 0.000000000000000000, 29.99999999999999645 ) ) ;
#1665 = CARTESIAN_POINT ( 'NONE',  ( -7.160000000000000142, 0.000000000000000000, 14.99999999999999645 ) ) ;
#1666 = CARTESIAN_POINT ( 'NONE',  ( 12.50000000000000000, -19.91000000000000014, 14.99999999999999822 ) ) ;
#1667 = DIRECTION ( 'NONE',  ( 0.000000000000000000, 0.000000000000000000, 1.000000000000000000 ) ) ;
#1668 = VECTOR ( 'NONE', #1197, 1000.000000000000000 ) ;
#1669 = VERTEX_POINT ( 'NONE', #1534 ) ;
#1670 = ORIENTED_EDGE ( 'NONE', *, *, #226, .F. ) ;
#1671 = DIRECTION ( 'NONE',  ( 1.000000000000000000, 0.000000000000000000, 0.000000000000000000 ) ) ;
#1672 = EDGE_LOOP ( 'NONE', ( #1206, #626 ) ) ;
#1673 = DIRECTION ( 'NONE',  ( -1.000000000000000000, -8.673617379884027583E-16, 0.000000000000000000 ) ) ;
#1674 = EDGE_CURVE ( 'NONE', #1254, #1173, #781, .T. ) ;
#1675 = CARTESIAN_POINT ( 'NONE',  ( 20.62120474641496415, 2.000000000000000000, 18.99999999999999645 ) ) ;
#1676 = B_SPLINE_CURVE_WITH_KNOTS ( 'NONE', 3,
 ( #1694, #78, #971, #1560 ),
 .UNSPECIFIED., .F., .F.,
 ( 4, 4 ),
 ( 0.000000000000000000, 0.0002126118397687696605 ),
 .UNSPECIFIED. ) ;
#1677 = DIRECTION ( 'NONE',  ( 1.000000000000000000, 0.000000000000000000, 0.000000000000000000 ) ) ;
#1678 = VERTEX_POINT ( 'NONE', #1095 ) ;
#1679 = EDGE_CURVE ( 'NONE', #1445, #57, #949, .T. ) ;
#1680 = ORIENTED_EDGE ( 'NONE', *, *, #371, .T. ) ;
#1681 = ADVANCED_FACE ( 'NONE', ( #1234 ), #910, .F. ) ;
#1682 = DIRECTION ( 'NONE',  ( 0.000000000000000000, 0.000000000000000000, -1.000000000000000000 ) ) ;
#1683 = CARTESIAN_POINT ( 'NONE',  ( 7.160000000000000142, 0.000000000000000000, 14.99999999999999645 ) ) ;
#1684 = CARTESIAN_POINT ( 'NONE',  ( 7.159999999999999254, -7.160000000000002807, 14.99999999999999645 ) ) ;
#1685 = CARTESIAN_POINT ( 'NONE',  ( 7.160000000000000142, 0.000000000000000000, 20.49999999999999645 ) ) ;
#1686 = EDGE_CURVE ( 'NONE', #1771, #307, #749, .T. ) ;
#1687 = ORIENTED_EDGE ( 'NONE', *, *, #154, .F. ) ;
#1688 = ORIENTED_EDGE ( 'NONE', *, *, #1565, .F. ) ;
#1689 = DIRECTION ( 'NONE',  ( 0.000000000000000000, 0.000000000000000000, 1.000000000000000000 ) ) ;
#1690 = DIRECTION ( 'NONE',  ( 0.000000000000000000, 1.000000000000000000, 0.000000000000000000 ) ) ;
#1691 = CARTESIAN_POINT ( 'NONE',  ( 7.160000000000000142, 7.160000000000002807, 29.99999999999999645 ) ) ;
#1692 = CARTESIAN_POINT ( 'NONE',  ( 7.160000000000000142, 0.000000000000000000, 24.00000000000000000 ) ) ;
#1693 = EDGE_LOOP ( 'NONE', ( #402, #1612, #732, #200, #1216 ) ) ;
#1694 = CARTESIAN_POINT ( 'NONE',  ( 19.33315078358927153, -2.000000000000000000, 19.01504920036853719 ) ) ;
#1695 = VERTEX_POINT ( 'NONE', #1160 ) ;
#1696 = DIRECTION ( 'NONE',  ( -1.000000000000000000, 0.000000000000000000, 0.000000000000000000 ) ) ;
#1697 = DIRECTION ( 'NONE',  ( -1.000000000000000000, 0.000000000000000000, 0.000000000000000000 ) ) ;
#1698 = CARTESIAN_POINT ( 'NONE',  ( -7.160000000000000142, -10.16000000000000192, 32.99999999999999289 ) ) ;
#1699 = EDGE_CURVE ( 'NONE', #1592, #773, #1347, .T. ) ;
#1700 = LINE ( 'NONE', #990, #1455 ) ;
#1701 = AXIS2_PLACEMENT_3D ( 'NONE', #457, #1927, #741 ) ;
#1702 = AXIS2_PLACEMENT_3D ( 'NONE', #1004, #1344, #1587 ) ;
#1703 = CARTESIAN_POINT ( 'NONE',  ( 12.50000000000000000, -19.41000000000000014, 19.49999999999999645 ) ) ;
#1704 = AXIS2_PLACEMENT_3D ( 'NONE', #69, #1266, #1137 ) ;
#1705 = CARTESIAN_POINT ( 'NONE',  ( -12.50000000000000000, -19.91000000000000014, 19.99999999999999645 ) ) ;
#1706 = ADVANCED_FACE ( 'NONE', ( #1487 ), #1747, .F. ) ;
#1707 = FACE_BOUND ( 'NONE', #339, .T. ) ;
#1709 = CARTESIAN_POINT ( 'NONE',  ( -5.449999999999998401, -13.16000000000000192, 14.99999999999999645 ) ) ;
#1708 = AXIS2_PLACEMENT_3D ( 'NONE', #1356, #303, #1497 ) ;
#1710 = CARTESIAN_POINT ( 'NONE',  ( -19.12120474641497125, 2.007496219329688358, 18.99999999999999645 ) ) ;
#1711 = CIRCLE ( 'NONE', #469, 4.000000000000000000 ) ;
#1712 = CARTESIAN_POINT ( 'NONE',  ( 12.50000000000000000, -19.91000000000000014, 23.99999999999999645 ) ) ;
#1713 = CYLINDRICAL_SURFACE ( 'NONE', #56, 7.160000000000001918 ) ;
#1714 = DIRECTION ( 'NONE',  ( 0.000000000000000000, 0.000000000000000000, 1.000000000000000000 ) ) ;
#1715 = CIRCLE ( 'NONE', #879, 1.000000000000000000 ) ;
#1716 = CARTESIAN_POINT ( 'NONE',  ( -7.160000000000000142, -7.160000000000002807, 14.99999999999999645 ) ) ;
#1717 = LINE ( 'NONE', #383, #1074 ) ;
#1718 = ADVANCED_FACE ( 'NONE', ( #1755 ), #279, .F. ) ;
#1719 = CARTESIAN_POINT ( 'NONE',  ( -12.50000000000000000, -19.91000000000000014, 19.99999999999999645 ) ) ;
#1720 = DIRECTION ( 'NONE',  ( -1.000000000000000000, 0.000000000000000000, 0.000000000000000000 ) ) ;
#1721 = VECTOR ( 'NONE', #187, 1000.000000000000000 ) ;
#1722 = CARTESIAN_POINT ( 'NONE',  ( 19.33315078358927153, 5.000000000000000000, 14.99999999999999645 ) ) ;
#1723 = AXIS2_PLACEMENT_3D ( 'NONE', #1107, #647, #59 ) ;
#1724 = CARTESIAN_POINT ( 'NONE',  ( 7.159999999999997478, 10.16000000000000192, 14.99999999999999645 ) ) ;
#1725 = CARTESIAN_POINT ( 'NONE',  ( -18.63243607412890412, 2.082981162907116435, 18.99999999999999645 ) ) ;
#1726 = CIRCLE ( 'NONE', #897, 4.000000000000000000 ) ;
#1727 = ORIENTED_EDGE ( 'NONE', *, *, #382, .F. ) ;
#1728 = FACE_OUTER_BOUND ( 'NONE', #722, .T. ) ;
#1729 = EDGE_CURVE ( 'NONE', #886, #1522, #161, .T. ) ;
#1730 = EDGE_CURVE ( 'NONE', #878, #1678, #1599, .T. ) ;
#1731 = DIRECTION ( 'NONE',  ( -1.000000000000000000, 0.000000000000000000, 0.000000000000000000 ) ) ;
#1732 = EDGE_CURVE ( 'NONE', #984, #583, #237, .T. ) ;
#1733 =( LENGTH_UNIT ( ) NAMED_UNIT ( * ) SI_UNIT ( .MILLI., .METRE. ) );
#1734 = CARTESIAN_POINT ( 'NONE',  ( 19.33315078358927153, 2.000000000000000000, 19.01504920036853719 ) ) ;
#1735 = CIRCLE ( 'NONE', #1150, 10.16000000000000192 ) ;
#1736 = AXIS2_PLACEMENT_3D ( 'NONE', #1776, #1322, #1912 ) ;
#1737 = AXIS2_PLACEMENT_3D ( 'NONE', #9, #1365, #22 ) ;
#1738 = EDGE_CURVE ( 'NONE', #250, #601, #566, .T. ) ;
#1739 = EDGE_CURVE ( 'NONE', #795, #926, #813, .T. ) ;
#1740 = ORIENTED_EDGE ( 'NONE', *, *, #1111, .F. ) ;
#1741 = ORIENTED_EDGE ( 'NONE', *, *, #1111, .T. ) ;
#1742 = DIRECTION ( 'NONE',  ( 0.000000000000000000, -1.000000000000000000, 0.000000000000000000 ) ) ;
#1743 = CARTESIAN_POINT ( 'NONE',  ( 12.50000000000000000, -19.91000000000000014, 19.99999999999999645 ) ) ;
#1744 = CIRCLE ( 'NONE', #1898, 1.750000000000000666 ) ;
#1745 = CARTESIAN_POINT ( 'NONE',  ( -16.55811641043062110, 3.860182370820669284, 20.49999999999999645 ) ) ;
#1746 = CARTESIAN_POINT ( 'NONE',  ( -19.33315078358927153, 2.000000000000000000, 14.99999999999999645 ) ) ;
#1747 = CYLINDRICAL_SURFACE ( 'NONE', #1022, 2.000000000000001776 ) ;
#1748 = ORIENTED_EDGE ( 'NONE', *, *, #371, .F. ) ;
#1749 = CARTESIAN_POINT ( 'NONE',  ( -19.33315078358927153, -2.000000000000000000, 19.01504920036853363 ) ) ;
#1750 = LINE ( 'NONE', #117, #111 ) ;
#1751 = CARTESIAN_POINT ( 'NONE',  ( 12.50000000000000000, -19.91000000000000014, 14.99999999999999645 ) ) ;
#1752 = CARTESIAN_POINT ( 'NONE',  ( -18.36937970522092556, 2.155902604609766016, 19.01569639429642677 ) ) ;
#1753 = CYLINDRICAL_SURFACE ( 'NONE', #500, 1.000000000000000888 ) ;
#1754 = ADVANCED_FACE ( 'NONE', ( #895 ), #1200, .F. ) ;
#1755 = FACE_OUTER_BOUND ( 'NONE', #140, .T. ) ;
#1756 = ORIENTED_EDGE ( 'NONE', *, *, #986, .F. ) ;
#1757 = CARTESIAN_POINT ( 'NONE',  ( -19.26277080327790614, -2.000000000000000000, 19.00500391272186107 ) ) ;
#1758 = ORIENTED_EDGE ( 'NONE', *, *, #1387, .F. ) ;
#1759 = VERTEX_POINT ( 'NONE', #1465 ) ;
#1760 = VERTEX_POINT ( 'NONE', #431 ) ;
#1761 = EDGE_CURVE ( 'NONE', #1467, #1081, #1312, .T. ) ;
#1762 = LINE ( 'NONE', #263, #478 ) ;
#1763 = DIRECTION ( 'NONE',  ( 1.000000000000000000, 8.673617379884035472E-16, 0.000000000000000000 ) ) ;
#1764 = DIRECTION ( 'NONE',  ( 0.000000000000000000, 1.000000000000000000, 0.000000000000000000 ) ) ;
#1765 = EDGE_LOOP ( 'NONE', ( #425, #615, #1648, #1514 ) ) ;
#1766 = CARTESIAN_POINT ( 'NONE',  ( -7.160000000000000142, -10.16000000000000192, 14.99999999999999645 ) ) ;
#1767 = CIRCLE ( 'NONE', #1273, 2.000000000000001776 ) ;
#1768 = VERTEX_POINT ( 'NONE', #715 ) ;
#1769 = ORIENTED_EDGE ( 'NONE', *, *, #136, .T. ) ;
#1770 = ORIENTED_EDGE ( 'NONE', *, *, #1040, .T. ) ;
#1771 = VERTEX_POINT ( 'NONE', #1787 ) ;
#1772 = APPLICATION_CONTEXT ( 'automotive_design' ) ;
#1773 = DIRECTION ( 'NONE',  ( 0.000000000000000000, 0.000000000000000000, 1.000000000000000000 ) ) ;
#1774 = CARTESIAN_POINT ( 'NONE',  ( -20.62120474641496770, -1.000000000000000000, 21.99999999999999645 ) ) ;
#1775 = VERTEX_POINT ( 'NONE', #1017 ) ;
#1776 = CARTESIAN_POINT ( 'NONE',  ( 19.33315078358927153, -5.000000000000000000, 14.99999999999999645 ) ) ;
#1777 = ORIENTED_EDGE ( 'NONE', *, *, #1621, .T. ) ;
#1778 = ORIENTED_EDGE ( 'NONE', *, *, #136, .F. ) ;
#1779 = EDGE_LOOP ( 'NONE', ( #777, #48, #1388, #128 ) ) ;
#1780 = ORIENTED_EDGE ( 'NONE', *, *, #1674, .F. ) ;
#1781 = EDGE_CURVE ( 'NONE', #1678, #1771, #146, .T. ) ;
#1782 = CARTESIAN_POINT ( 'NONE',  ( 19.33315078358927153, -2.000000000000000000, 19.01504920036853719 ) ) ;
#1783 = ORIENTED_EDGE ( 'NONE', *, *, #697, .T. ) ;
#1784 = CARTESIAN_POINT ( 'NONE',  ( 12.50000000000000000, -10.16000000000000192, 14.99999999999999645 ) ) ;
#1785 = DIRECTION ( 'NONE',  ( -1.000000000000000000, 0.000000000000000000, 0.000000000000000000 ) ) ;
#1786 = AXIS2_PLACEMENT_3D ( 'NONE', #963, #1552, #818 ) ;
#1787 = CARTESIAN_POINT ( 'NONE',  ( 7.160000000000000142, 7.160000000000002807, 14.99999999999999645 ) ) ;
#1788 = EDGE_LOOP ( 'NONE', ( #1528, #1020, #1809, #1827 ) ) ;
#1789 = EDGE_LOOP ( 'NONE', ( #1791, #1301, #1468, #654, #1913, #603 ) ) ;
#1790 = VERTEX_POINT ( 'NONE', #1050 ) ;
#1791 = ORIENTED_EDGE ( 'NONE', *, *, #1540, .T. ) ;
#1792 = CARTESIAN_POINT ( 'NONE',  ( -19.33315078358927153, -2.000000000000000000, 14.99999999999999645 ) ) ;
#1793 = VERTEX_POINT ( 'NONE', #1610 ) ;
#1794 = ADVANCED_FACE ( 'NONE', ( #578 ), #267, .F. ) ;
#1795 = LINE ( 'NONE', #608, #1668 ) ;
#1796 = CARTESIAN_POINT ( 'NONE',  ( 8.550000000000002487, -13.16000000000000014, 14.99999999999999645 ) ) ;
#1797 = STYLED_ITEM ( 'NONE', ( #585 ), #194 ) ;
#1798 = DIRECTION ( 'NONE',  ( 0.000000000000000000, -5.421010862427522170E-17, 1.000000000000000000 ) ) ;
#1799 = DIRECTION ( 'NONE',  ( 0.000000000000000000, 0.000000000000000000, 1.000000000000000000 ) ) ;
#1800 = CIRCLE ( 'NONE', #1704, 1.550000000000000266 ) ;
#1801 = ORIENTED_EDGE ( 'NONE', *, *, #782, .F. ) ;
#1802 = EDGE_CURVE ( 'NONE', #939, #1592, #653, .T. ) ;
#1803 = AXIS2_PLACEMENT_3D ( 'NONE', #829, #1424, #638 ) ;
#1804 = ORIENTED_EDGE ( 'NONE', *, *, #410, .F. ) ;
#1805 = VECTOR ( 'NONE', #1088, 1000.000000000000000 ) ;
#1806 = CIRCLE ( 'NONE', #909, 1.550000000000000266 ) ;
#1807 = ORIENTED_EDGE ( 'NONE', *, *, #1114, .F. ) ;
#1808 = DIRECTION ( 'NONE',  ( 1.000000000000000000, 0.000000000000000000, 0.000000000000000000 ) ) ;
#1809 = ORIENTED_EDGE ( 'NONE', *, *, #521, .T. ) ;
#1810 = DIRECTION ( 'NONE',  ( -1.000000000000000000, 0.000000000000000000, 0.000000000000000000 ) ) ;
#1811 = CARTESIAN_POINT ( 'NONE',  ( 7.160000000000000142, 0.000000000000000000, 18.99999999999999645 ) ) ;
#1812 = LINE ( 'NONE', #1225, #1805 ) ;
#1813 = CARTESIAN_POINT ( 'NONE',  ( 16.98677274805552173, 3.118145040849297445, 19.82820407084081538 ) ) ;
#1814 = AXIS2_PLACEMENT_3D ( 'NONE', #222, #1539, #675 ) ;
#1815 = VERTEX_POINT ( 'NONE', #1178 ) ;
#1816 = AXIS2_PLACEMENT_3D ( 'NONE', #564, #1462, #1166 ) ;
#1817 = EDGE_CURVE ( 'NONE', #16, #250, #1620, .T. ) ;
#1818 = EDGE_LOOP ( 'NONE', ( #1604, #482, #1511, #930 ) ) ;
#1819 = LINE ( 'NONE', #1636, #1043 ) ;
#1820 = VERTEX_POINT ( 'NONE', #1864 ) ;
#1821 = DIRECTION ( 'NONE',  ( 0.000000000000000000, -5.421010862427522170E-17, 1.000000000000000000 ) ) ;
#1822 = CARTESIAN_POINT ( 'NONE',  ( 20.62120474641496770, -2.000000000000000000, 18.99999999999999645 ) ) ;
#1823 = CARTESIAN_POINT ( 'NONE',  ( -7.160000000000000142, 0.000000000000000000, 14.99999999999999645 ) ) ;
#1824 = VECTOR ( 'NONE', #462, 1000.000000000000000 ) ;
#1825 = ORIENTED_EDGE ( 'NONE', *, *, #326, .F. ) ;
#1826 = AXIS2_PLACEMENT_3D ( 'NONE', #1551, #513, #360 ) ;
#1827 = ORIENTED_EDGE ( 'NONE', *, *, #1594, .F. ) ;
#1828 = CARTESIAN_POINT ( 'NONE',  ( 23.62120474641497125, -1.000000000000000000, 22.99999999999999645 ) ) ;
#1829 = ORIENTED_EDGE ( 'NONE', *, *, #181, .T. ) ;
#1830 = CARTESIAN_POINT ( 'NONE',  ( -7.160000000000000142, 10.16000000000000192, 32.99999999999999289 ) ) ;
#1831 = EDGE_CURVE ( 'NONE', #251, #939, #1423, .T. ) ;
#1832 = DIRECTION ( 'NONE',  ( 0.000000000000000000, 0.000000000000000000, -1.000000000000000000 ) ) ;
#1833 = CARTESIAN_POINT ( 'NONE',  ( -6.999999999999998224, -13.16000000000000192, 23.99999999999999645 ) ) ;
#1834 = ORIENTED_EDGE ( 'NONE', *, *, #521, .F. ) ;
#1835 = ORIENTED_EDGE ( 'NONE', *, *, #72, .F. ) ;
#1836 = AXIS2_PLACEMENT_3D ( 'NONE', #1138, #63, #825 ) ;
#1837 = CARTESIAN_POINT ( 'NONE',  ( 20.62120474641496770, 2.000000000000000000, 21.99999999999999645 ) ) ;
#1838 = VECTOR ( 'NONE', #1407, 1000.000000000000000 ) ;
#1839 = CARTESIAN_POINT ( 'NONE',  ( -23.62120474641497125, -1.000000000000000000, 21.99999999999999645 ) ) ;
#1840 = CARTESIAN_POINT ( 'NONE',  ( 23.62120474641496770, -1.000000000000000000, 21.99999999999999645 ) ) ;
#1841 = ORIENTED_EDGE ( 'NONE', *, *, #209, .F. ) ;
#1842 = AXIS2_PLACEMENT_3D ( 'NONE', #655, #1574, #523 ) ;
#1843 = DIRECTION ( 'NONE',  ( -0.000000000000000000, -0.000000000000000000, 1.000000000000000000 ) ) ;
#1844 = ORIENTED_EDGE ( 'NONE', *, *, #1435, .T. ) ;
#1845 = LINE ( 'NONE', #1110, #106 ) ;
#1846 = EDGE_CURVE ( 'NONE', #1460, #1153, #92, .T. ) ;
#1847 = CARTESIAN_POINT ( 'NONE',  ( -20.62120474641497125, -1.999999999999997780, 21.99999999999999645 ) ) ;
#1848 = CYLINDRICAL_SURFACE ( 'NONE', #1453, 1.000000000000000888 ) ;
#1849 = CARTESIAN_POINT ( 'NONE',  ( 16.55811641043062110, 3.860182370820669284, 14.99999999999999645 ) ) ;
#1850 = CARTESIAN_POINT ( 'NONE',  ( -19.33315078358927153, -5.000000000000000000, 18.99999999999999645 ) ) ;
#1851 = CARTESIAN_POINT ( 'NONE',  ( -18.82000000000000384, 0.000000000000000000, 20.49999999999999645 ) ) ;
#1852 = CARTESIAN_POINT ( 'NONE',  ( -7.160000000000000142, 0.000000000000000000, 14.99999999999999645 ) ) ;
#1853 = CARTESIAN_POINT ( 'NONE',  ( -19.12120474641497125, 1.658500138128260189E-14, 20.49999999999999645 ) ) ;
#1854 = DIRECTION ( 'NONE',  ( 0.000000000000000000, 0.000000000000000000, -1.000000000000000000 ) ) ;
#1855 = VECTOR ( 'NONE', #253, 1000.000000000000000 ) ;
#1856 = DIRECTION ( 'NONE',  ( 1.000000000000000000, 8.673617379884035472E-16, 0.000000000000000000 ) ) ;
#1857 = CARTESIAN_POINT ( 'NONE',  ( -7.160000000000000142, 0.000000000000000000, 14.99999999999999645 ) ) ;
#1859 = CARTESIAN_POINT ( 'NONE',  ( -7.160000000000000142, 0.000000000000000000, 18.99999999999999645 ) ) ;
#1858 = VECTOR ( 'NONE', #479, 1000.000000000000000 ) ;
#1860 = CYLINDRICAL_SURFACE ( 'NONE', #1154, 10.16000000000000192 ) ;
#1861 = VECTOR ( 'NONE', #1036, 1000.000000000000000 ) ;
#1862 = DIRECTION ( 'NONE',  ( 0.000000000000000000, 0.000000000000000000, -1.000000000000000000 ) ) ;
#1863 = EDGE_CURVE ( 'NONE', #321, #1170, #1750, .T. ) ;
#1864 = CARTESIAN_POINT ( 'NONE',  ( -7.160000000000001030, 10.16000000000000192, 32.99999999999999289 ) ) ;
#1865 = DIRECTION ( 'NONE',  ( -0.000000000000000000, -0.000000000000000000, 1.000000000000000000 ) ) ;
#1866 = DIRECTION ( 'NONE',  ( 0.000000000000000000, 0.000000000000000000, -1.000000000000000000 ) ) ;
#1867 = CIRCLE ( 'NONE', #277, 1.550000000000000266 ) ;
#1868 = FACE_OUTER_BOUND ( 'NONE', #1023, .T. ) ;
#1869 = EDGE_CURVE ( 'NONE', #1202, #273, #1295, .T. ) ;
#1870 = B_SPLINE_CURVE_WITH_KNOTS ( 'NONE', 3,
 ( #1655, #1509, #1212, #1813, #772, #480, #336, #1103, #1498, #1080, #497, #180 ),
 .UNSPECIFIED., .F., .F.,
 ( 4, 2, 2, 2, 2, 4 ),
 ( -9.625199464115605959E-06, 0.0008090648019576932503, 0.001627754803379501949, 0.002446444804801310539, 0.002855789805512212558, 0.003265134806223114576 ),
 .UNSPECIFIED. ) ;
#1871 = EDGE_CURVE ( 'NONE', #1229, #1170, #676, .T. ) ;
#1872 = VERTEX_POINT ( 'NONE', #415 ) ;
#1873 = DIRECTION ( 'NONE',  ( 1.000000000000000000, -0.000000000000000000, -2.350988701644575016E-32 ) ) ;
#1874 = VECTOR ( 'NONE', #658, 1000.000000000000000 ) ;
#1875 = DIRECTION ( 'NONE',  ( 1.000000000000000000, 0.000000000000000000, -2.350988701644575016E-32 ) ) ;
#1876 = CYLINDRICAL_SURFACE ( 'NONE', #1538, 4.000000000000000000 ) ;
#1877 = PRODUCT_DEFINITION ( 'UNKNOWN', '', #257, #1558 ) ;
#1878 = DIRECTION ( 'NONE',  ( -0.000000000000000000, -0.000000000000000000, 1.000000000000000000 ) ) ;
#1879 = CIRCLE ( 'NONE', #891, 7.160000000000002807 ) ;
#1880 = CARTESIAN_POINT ( 'NONE',  ( 20.62120474641497125, -2.000000000000000000, 14.99999999999999645 ) ) ;
#1881 = DIRECTION ( 'NONE',  ( -1.000000000000000000, -4.336808689942019314E-15, 0.000000000000000000 ) ) ;
#1882 = EDGE_CURVE ( 'NONE', #1153, #785, #1155, .T. ) ;
#1883 = ORIENTED_EDGE ( 'NONE', *, *, #1802, .T. ) ;
#1884 = DIRECTION ( 'NONE',  ( 0.000000000000000000, 1.000000000000000000, 0.000000000000000000 ) ) ;
#1885 = AXIS2_PLACEMENT_3D ( 'NONE', #493, #1092, #1060 ) ;
#1886 = CARTESIAN_POINT ( 'NONE',  ( 7.160000000000000142, 0.000000000000000000, 32.99999999999999289 ) ) ;
#1887 = TOROIDAL_SURFACE ( 'NONE', #1056, 11.66000000000000192, 1.500000000000000000 ) ;
#1888 = LINE ( 'NONE', #246, #1607 ) ;
#1889 = CARTESIAN_POINT ( 'NONE',  ( -20.62120474641496770, 1.000000000000000000, 22.99999999999999645 ) ) ;
#1890 = DIRECTION ( 'NONE',  ( 0.000000000000000000, 0.000000000000000000, 1.000000000000000000 ) ) ;
#1891 = VECTOR ( 'NONE', #112, 1000.000000000000000 ) ;
#1892 = AXIS2_PLACEMENT_3D ( 'NONE', #1774, #1589, #853 ) ;
#1893 = EDGE_LOOP ( 'NONE', ( #1631, #461, #152, #299 ) ) ;
#1894 = DIRECTION ( 'NONE',  ( -1.000000000000000000, 8.673617379884035472E-16, 4.701977403289150032E-32 ) ) ;
#1895 = FACE_OUTER_BOUND ( 'NONE', #890, .T. ) ;
#1896 = EDGE_CURVE ( 'NONE', #1635, #854, #1935, .T. ) ;
#1897 =( NAMED_UNIT ( * ) SI_UNIT ( $, .STERADIAN. ) SOLID_ANGLE_UNIT ( ) );
#1898 = AXIS2_PLACEMENT_3D ( 'NONE', #1274, #1862, #1133 ) ;
#1899 = CYLINDRICAL_SURFACE ( 'NONE', #1130, 4.000000000000000000 ) ;
#1900 = CARTESIAN_POINT ( 'NONE',  ( 17.46963372590830943, -2.637657566247860963, 19.38425145320256959 ) ) ;
#1901 = CARTESIAN_POINT ( 'NONE',  ( 20.62120474641496770, -2.000000000000000000, 14.99999999999999645 ) ) ;
#1902 = ORIENTED_EDGE ( 'NONE', *, *, #1343, .T. ) ;
#1903 = ORIENTED_EDGE ( 'NONE', *, *, #355, .T. ) ;
#1904 = EDGE_CURVE ( 'NONE', #1820, #1617, #363, .T. ) ;
#1905 = VERTEX_POINT ( 'NONE', #244 ) ;
#1906 = ORIENTED_EDGE ( 'NONE', *, *, #991, .T. ) ;
#1907 = DIRECTION ( 'NONE',  ( 1.000000000000000000, 0.000000000000000000, 0.000000000000000000 ) ) ;
#1908 = PLANE ( 'NONE',  #1466 ) ;
#1909 = CYLINDRICAL_SURFACE ( 'NONE', #1323, 2.999999999999999112 ) ;
#1910 = AXIS2_PLACEMENT_3D ( 'NONE', #1321, #276, #1016 ) ;
#1911 = VERTEX_POINT ( 'NONE', #1134 ) ;
#1912 = DIRECTION ( 'NONE',  ( 1.000000000000000000, -1.734723475976807686E-15, 0.000000000000000000 ) ) ;
#1913 = ORIENTED_EDGE ( 'NONE', *, *, #1674, .T. ) ;
#1914 = CARTESIAN_POINT ( 'NONE',  ( -19.12120474641497481, -2.007496219329688802, 18.99999999999999645 ) ) ;
#1915 = ORIENTED_EDGE ( 'NONE', *, *, #66, .F. ) ;
#1916 = ORIENTED_EDGE ( 'NONE', *, *, #1781, .F. ) ;
#1917 = ORIENTED_EDGE ( 'NONE', *, *, #154, .T. ) ;
#1918 = DIRECTION ( 'NONE',  ( 2.350988701644575290E-32, 0.000000000000000000, 1.000000000000000000 ) ) ;
#1919 = DIRECTION ( 'NONE',  ( 0.000000000000000000, 0.000000000000000000, 1.000000000000000000 ) ) ;
#1920 = DIRECTION ( 'NONE',  ( -8.673617379884035472E-16, 1.000000000000000000, 0.000000000000000000 ) ) ;
#1921 = ORIENTED_EDGE ( 'NONE', *, *, #1157, .F. ) ;
#1922 = DIRECTION ( 'NONE',  ( 1.000000000000000000, 0.000000000000000000, 0.000000000000000000 ) ) ;
#1923 = AXIS2_PLACEMENT_3D ( 'NONE', #1692, #179, #488 ) ;
#1924 = ORIENTED_EDGE ( 'NONE', *, *, #690, .F. ) ;
#1925 = ADVANCED_FACE ( 'NONE', ( #1895 ), #1446, .T. ) ;
#1926 = ORIENTED_EDGE ( 'NONE', *, *, #1882, .T. ) ;
#1927 = DIRECTION ( 'NONE',  ( 0.000000000000000000, 0.000000000000000000, 1.000000000000000000 ) ) ;
#1928 = EDGE_LOOP ( 'NONE', ( #473, #1030, #1237, #600, #284, #1917 ) ) ;
#1929 = ORIENTED_EDGE ( 'NONE', *, *, #443, .F. ) ;
#1930 = CARTESIAN_POINT ( 'NONE',  ( -5.410000000000001030, 0.000000000000000000, 32.99999999999999289 ) ) ;
#1931 = CARTESIAN_POINT ( 'NONE',  ( 16.98675677194853861, -3.118164629209674743, 19.82822235318691639 ) ) ;
#1932 = DIRECTION ( 'NONE',  ( 0.000000000000000000, 0.000000000000000000, -1.000000000000000000 ) ) ;
#1933 = EDGE_CURVE ( 'NONE', #846, #1081, #1726, .T. ) ;
#1934 = ORIENTED_EDGE ( 'NONE', *, *, #501, .T. ) ;
#1935 = B_SPLINE_CURVE_WITH_KNOTS ( 'NONE', 3,
 ( #1011, #549, #229, #526, #1602, #695, #837, #1595, #252, #1276, #1126, #1430 ),
 .UNSPECIFIED., .F., .F.,
 ( 4, 2, 2, 2, 2, 4 ),
 ( -9.625199464115605959E-06, 0.0008090648019576932503, 0.001627754803379501949, 0.002446444804801310539, 0.002855789805512212558, 0.003265134806223114576 ),
 .UNSPECIFIED. ) ;
ENDSEC;
END-ISO-10303-21;
