ISO-10303-21;
HEADER;
FILE_DESCRIPTION (( 'STEP AP214' ),
    '1' );
FILE_NAME ('7.5OD_motor_gear.STEP',
    '2025-03-25T02:19:16',
    ( '' ),
    ( '' ),
    'SwSTEP 2.0',
    'SolidWorks 2023',
    '' );
FILE_SCHEMA (( 'AUTOMOTIVE_DESIGN' ));
ENDSEC;

DATA;
#1 = DIRECTION ( 'NONE',  ( 1.000000000000000000, 0.000000000000000000, 0.000000000000000000 ) ) ;
#2 = CARTESIAN_POINT ( 'NONE',  ( -3.545951877715329825, -0.07768036026355409907, -1.000000000000000000 ) ) ;
#3 = LINE ( 'NONE', #1133, #2723 ) ;
#4 = ORIENTED_EDGE ( 'NONE', *, *, #925, .F. ) ;
#5 = ORIENTED_EDGE ( 'NONE', *, *, #2919, .T. ) ;
#6 = AXIS2_PLACEMENT_3D ( 'NONE', #481, #771, #2223 ) ;
#7 = CARTESIAN_POINT ( 'NONE',  ( 2.112360622440709879, -2.294815484850040388, -4.000000000000000000 ) ) ;
#8 = DIRECTION ( 'NONE',  ( 1.000000000000000000, 0.000000000000000000, 0.000000000000000000 ) ) ;
#9 = ORIENTED_EDGE ( 'NONE', *, *, #354, .F. ) ;
#10 = VECTOR ( 'NONE', #1241, 1000.000000000000000 ) ;
#11 = CARTESIAN_POINT ( 'NONE',  ( 3.484614976550524990, 0.6612619924381989422, -9.719499999999998252 ) ) ;
#12 = ORIENTED_EDGE ( 'NONE', *, *, #476, .F. ) ;
#13 = CARTESIAN_POINT ( 'NONE',  ( 2.020910775106314894, -2.581438067825824856, -9.719499999999998252 ) ) ;
#14 = DIRECTION ( 'NONE',  ( 1.000000000000000000, 0.000000000000000000, 0.000000000000000000 ) ) ;
#15 = ADVANCED_FACE ( 'NONE', ( #1804 ), #1318, .F. ) ;
#16 = EDGE_CURVE ( 'NONE', #480, #3767, #3426, .T. ) ;
#17 = PLANE ( 'NONE',  #2229 ) ;
#18 = CARTESIAN_POINT ( 'NONE',  ( 0.2933980814763980094, -3.534646590994565241, -1.000000000000000000 ) ) ;
#19 = DIRECTION ( 'NONE',  ( 0.000000000000000000, 0.000000000000000000, 1.000000000000000000 ) ) ;
#20 = CARTESIAN_POINT ( 'NONE',  ( -3.270983679872624617, -1.371304022983409920, -9.719499999999998252 ) ) ;
#21 = ORIENTED_EDGE ( 'NONE', *, *, #1527, .T. ) ;
#22 = DIRECTION ( 'NONE',  ( 1.000000000000000000, 0.000000000000000000, 0.000000000000000000 ) ) ;
#23 = DIRECTION ( 'NONE',  ( 0.000000000000000000, 0.000000000000000000, 1.000000000000000000 ) ) ;
#24 = DIRECTION ( 'NONE',  ( 1.000000000000000000, 0.000000000000000000, 0.000000000000000000 ) ) ;
#25 = CARTESIAN_POINT ( 'NONE',  ( -1.687256277579660013, 2.853896419658324746, -1.000000000000000000 ) ) ;
#26 = EDGE_CURVE ( 'NONE', #3004, #1727, #1584, .T. ) ;
#27 = ORIENTED_EDGE ( 'NONE', *, *, #1390, .T. ) ;
#28 = LINE ( 'NONE', #3649, #1371 ) ;
#29 = VECTOR ( 'NONE', #106, 1000.000000000000000 ) ;
#30 = EDGE_LOOP ( 'NONE', ( #299, #1869, #3419, #1768 ) ) ;
#31 = DIRECTION ( 'NONE',  ( -0.000000000000000000, -0.000000000000000000, 1.000000000000000000 ) ) ;
#32 = CARTESIAN_POINT ( 'NONE',  ( -2.314977172283870122, 2.687134095881360096, -7.000000000000000000 ) ) ;
#33 = AXIS2_PLACEMENT_3D ( 'NONE', #2, #3043, #2737 ) ;
#34 = AXIS2_PLACEMENT_3D ( 'NONE', #3661, #3341, #2169 ) ;
#35 = DIRECTION ( 'NONE',  ( 1.000000000000000000, 0.000000000000000000, 0.000000000000000000 ) ) ;
#36 = ORIENTED_EDGE ( 'NONE', *, *, #3711, .T. ) ;
#37 = CIRCLE ( 'NONE', #1648, 0.1963495408492193228 ) ;
#38 = VECTOR ( 'NONE', #3017, 1000.000000000000000 ) ;
#39 = DIRECTION ( 'NONE',  ( -0.000000000000000000, -0.000000000000000000, 1.000000000000000000 ) ) ;
#40 = CIRCLE ( 'NONE', #2754, 1.973045005896730153 ) ;
#41 = CARTESIAN_POINT ( 'NONE',  ( -3.812946277482006874, -1.877216206255268638, -9.719499999999998252 ) ) ;
#42 = EDGE_CURVE ( 'NONE', #1153, #1001, #2802, .T. ) ;
#43 = VERTEX_POINT ( 'NONE', #1544 ) ;
#44 = VERTEX_POINT ( 'NONE', #1771 ) ;
#45 = CARTESIAN_POINT ( 'NONE',  ( 2.061442435782715243, 2.340662426045209799, -4.000000000000000000 ) ) ;
#46 = DIRECTION ( 'NONE',  ( -0.8660254037844513642, -0.4999999999999780176, 0.000000000000000000 ) ) ;
#47 = DIRECTION ( 'NONE',  ( -0.000000000000000000, -0.000000000000000000, -1.000000000000000000 ) ) ;
#48 = ORIENTED_EDGE ( 'NONE', *, *, #569, .T. ) ;
#49 = AXIS2_PLACEMENT_3D ( 'NONE', #1219, #3293, #3592 ) ;
#50 = ORIENTED_EDGE ( 'NONE', *, *, #760, .T. ) ;
#51 = DIRECTION ( 'NONE',  ( 0.000000000000000000, 0.000000000000000000, 1.000000000000000000 ) ) ;
#52 = DIRECTION ( 'NONE',  ( 0.000000000000000000, 0.000000000000000000, 1.000000000000000000 ) ) ;
#53 = DIRECTION ( 'NONE',  ( 0.000000000000000000, 0.000000000000000000, 1.000000000000000000 ) ) ;
#54 = ORIENTED_EDGE ( 'NONE', *, *, #2524, .F. ) ;
#55 = CARTESIAN_POINT ( 'NONE',  ( 2.266443087373127163, -3.534646590994565241, -9.719499999999998252 ) ) ;
#56 = CYLINDRICAL_SURFACE ( 'NONE', #1565, 1.973045005896730153 ) ;
#57 = ORIENTED_EDGE ( 'NONE', *, *, #843, .T. ) ;
#58 = ORIENTED_EDGE ( 'NONE', *, *, #2128, .F. ) ;
#59 = EDGE_CURVE ( 'NONE', #2118, #3652, #1027, .T. ) ;
#60 = CARTESIAN_POINT ( 'NONE',  ( -2.661896170629185043, 1.976326718222530143, -7.000000000000000000 ) ) ;
#61 = CARTESIAN_POINT ( 'NONE',  ( 0.000000000000000000, 0.000000000000000000, -1.000000000000000000 ) ) ;
#62 = DIRECTION ( 'NONE',  ( -0.9510565162951458706, -0.3090169943749707659, 0.000000000000000000 ) ) ;
#63 = CIRCLE ( 'NONE', #1367, 3.000000000000000444 ) ;
#64 = AXIS2_PLACEMENT_3D ( 'NONE', #2280, #3139, #2545 ) ;
#65 = DIRECTION ( 'NONE',  ( -1.000000000000000000, 0.000000000000000000, 0.000000000000000000 ) ) ;
#66 = ORIENTED_EDGE ( 'NONE', *, *, #1130, .F. ) ;
#67 = CIRCLE ( 'NONE', #3026, 1.973045005897158255 ) ;
#68 = DIRECTION ( 'NONE',  ( 1.000000000000000000, 0.000000000000000000, 0.000000000000000000 ) ) ;
#69 = APPLICATION_CONTEXT ( 'automotive_design' ) ;
#70 = CYLINDRICAL_SURFACE ( 'NONE', #2701, 0.1963495408493620142 ) ;
#71 = VECTOR ( 'NONE', #1920, 1000.000000000000000 ) ;
#72 = CARTESIAN_POINT ( 'NONE',  ( -0.1176199352020350780, 3.276288816603964982, -9.719499999999998252 ) ) ;
#73 = VERTEX_POINT ( 'NONE', #2487 ) ;
#74 = CARTESIAN_POINT ( 'NONE',  ( 0.8034072016300940478, -3.348396088319579800, -1.000000000000000000 ) ) ;
#75 = VECTOR ( 'NONE', #2914, 1000.000000000000000 ) ;
#76 = EDGE_CURVE ( 'NONE', #1940, #551, #1206, .T. ) ;
#77 = DIRECTION ( 'NONE',  ( 0.000000000000000000, 0.000000000000000000, -1.000000000000000000 ) ) ;
#78 = DIRECTION ( 'NONE',  ( 0.000000000000000000, 0.000000000000000000, 1.000000000000000000 ) ) ;
#79 = EDGE_CURVE ( 'NONE', #2734, #3393, #1519, .T. ) ;
#80 = ORIENTED_EDGE ( 'NONE', *, *, #3608, .F. ) ;
#81 = ADVANCED_FACE ( 'NONE', ( #1009 ), #2973, .T. ) ;
#82 = DIRECTION ( 'NONE',  ( 0.000000000000000000, 0.000000000000000000, 1.000000000000000000 ) ) ;
#83 = CARTESIAN_POINT ( 'NONE',  ( -1.559412698566947419, 2.700982023886201677, -1.000000000000000000 ) ) ;
#84 = DIRECTION ( 'NONE',  ( 0.000000000000000000, 0.000000000000000000, 1.000000000000000000 ) ) ;
#85 = ORIENTED_EDGE ( 'NONE', *, *, #2306, .T. ) ;
#86 = EDGE_CURVE ( 'NONE', #2118, #3468, #2070, .T. ) ;
#87 = ADVANCED_FACE ( 'NONE', ( #3544 ), #716, .F. ) ;
#88 = CARTESIAN_POINT ( 'NONE',  ( -1.440037872544766895, -2.945198428730791740, -9.719499999999998252 ) ) ;
#89 = EDGE_LOOP ( 'NONE', ( #124, #1282, #3825, #2930 ) ) ;
#90 = CARTESIAN_POINT ( 'NONE',  ( 0.6070735070740499451, 4.206419113331448578, -9.719499999999998252 ) ) ;
#91 = EDGE_CURVE ( 'NONE', #2037, #646, #3836, .T. ) ;
#92 = EDGE_LOOP ( 'NONE', ( #3450, #3063, #2535, #3747 ) ) ;
#93 = AXIS2_PLACEMENT_3D ( 'NONE', #3052, #1604, #3600 ) ;
#94 = EDGE_CURVE ( 'NONE', #560, #2161, #2642, .T. ) ;
#95 = CARTESIAN_POINT ( 'NONE',  ( -0.3600769430757399525, -3.098159147592462581, -9.719499999999998252 ) ) ;
#96 = DIRECTION ( 'NONE',  ( 0.000000000000000000, 0.000000000000000000, -1.000000000000000000 ) ) ;
#97 = CARTESIAN_POINT ( 'NONE',  ( 0.000000000000000000, 0.000000000000000000, -1.000000000000000000 ) ) ;
#98 = VECTOR ( 'NONE', #2849, 1000.000000000000114 ) ;
#99 = EDGE_CURVE ( 'NONE', #1036, #3695, #1485, .T. ) ;
#100 = FACE_OUTER_BOUND ( 'NONE', #1381, .T. ) ;
#101 = AXIS2_PLACEMENT_3D ( 'NONE', #3713, #2576, #3427 ) ;
#102 = CIRCLE ( 'NONE', #2863, 1.973045005897299697 ) ;
#103 = CARTESIAN_POINT ( 'NONE',  ( 4.119919448517789462, -1.043438420659080101, -7.000000000000000000 ) ) ;
#104 = ORIENTED_EDGE ( 'NONE', *, *, #784, .T. ) ;
#105 = AXIS2_PLACEMENT_3D ( 'NONE', #1563, #3627, #2669 ) ;
#106 = DIRECTION ( 'NONE',  ( 0.000000000000000000, 0.000000000000000000, -1.000000000000000000 ) ) ;
#107 = AXIS2_PLACEMENT_3D ( 'NONE', #3344, #2175, #2744 ) ;
#108 = CARTESIAN_POINT ( 'NONE',  ( 2.112360622440804026, -2.294815484850144305, -9.719499999999998252 ) ) ;
#109 = DIRECTION ( 'NONE',  ( -1.000000000000000000, 0.000000000000000000, 0.000000000000000000 ) ) ;
#110 = ORIENTED_EDGE ( 'NONE', *, *, #2192, .F. ) ;
#111 = CARTESIAN_POINT ( 'NONE',  ( 1.981338335720387311, 3.759893402663974538, -9.719499999999998252 ) ) ;
#112 = ORIENTED_EDGE ( 'NONE', *, *, #3585, .F. ) ;
#113 = DIRECTION ( 'NONE',  ( 0.000000000000000000, 0.000000000000000000, -1.000000000000000000 ) ) ;
#114 = ORIENTED_EDGE ( 'NONE', *, *, #1270, .F. ) ;
#115 = CARTESIAN_POINT ( 'NONE',  ( 1.840249104221044929, -3.032044226566819933, -1.000000000000000000 ) ) ;
#116 = EDGE_CURVE ( 'NONE', #128, #1364, #2462, .T. ) ;
#117 = ADVANCED_FACE ( 'NONE', ( #176 ), #2813, .F. ) ;
#118 = FACE_OUTER_BOUND ( 'NONE', #2916, .T. ) ;
#119 = CIRCLE ( 'NONE', #3639, 1.973045005897155590 ) ;
#120 = CARTESIAN_POINT ( 'NONE',  ( -1.169637804266592251, 3.348396088319595343, -9.719499999999998252 ) ) ;
#121 = CARTESIAN_POINT ( 'NONE',  ( 3.118825397134030286, 0.03425858924962450064, -4.000000000000000000 ) ) ;
#122 = ORIENTED_EDGE ( 'NONE', *, *, #2827, .F. ) ;
#123 = ADVANCED_FACE ( 'NONE', ( #2831 ), #1703, .T. ) ;
#124 = ORIENTED_EDGE ( 'NONE', *, *, #3618, .F. ) ;
#125 = CARTESIAN_POINT ( 'NONE',  ( -2.702169557679734879, 1.920895156410014959, -7.000000000000000000 ) ) ;
#126 = CARTESIAN_POINT ( 'NONE',  ( 3.452313666459049468, 0.8132277084701610148, -9.719499999999998252 ) ) ;
#127 = CARTESIAN_POINT ( 'NONE',  ( 0.000000000000000000, 0.000000000000000000, 11.00100000000000122 ) ) ;
#128 = VERTEX_POINT ( 'NONE', #2868 ) ;
#129 = DIRECTION ( 'NONE',  ( 0.000000000000000000, 0.000000000000000000, -1.000000000000000000 ) ) ;
#130 = ORIENTED_EDGE ( 'NONE', *, *, #1748, .F. ) ;
#131 = PLANE ( 'NONE',  #3056 ) ;
#132 = ORIENTED_EDGE ( 'NONE', *, *, #197, .F. ) ;
#133 = VECTOR ( 'NONE', #502, 1000.000000000000114 ) ;
#134 = CARTESIAN_POINT ( 'NONE',  ( -2.543319442294934341, -1.805483792004299870, -9.719499999999998252 ) ) ;
#135 = CARTESIAN_POINT ( 'NONE',  ( -0.3600769430756984302, 3.098159147592467022, -9.719499999999998252 ) ) ;
#136 = CIRCLE ( 'NONE', #2294, 1.899999999999999911 ) ;
#137 = DIRECTION ( 'NONE',  ( 0.000000000000000000, 0.000000000000000000, 1.000000000000000000 ) ) ;
#138 = CARTESIAN_POINT ( 'NONE',  ( 4.119919448518960969, 1.043438420658610699, -1.000000000000000000 ) ) ;
#139 = AXIS2_PLACEMENT_3D ( 'NONE', #1151, #3205, #2039 ) ;
#140 = DIRECTION ( 'NONE',  ( 0.000000000000000000, 0.000000000000000000, -1.000000000000000000 ) ) ;
#141 = ORIENTED_EDGE ( 'NONE', *, *, #3822, .F. ) ;
#142 = EDGE_LOOP ( 'NONE', ( #1901, #110, #2809, #246 ) ) ;
#143 = DIRECTION ( 'NONE',  ( 0.000000000000000000, 0.000000000000000000, 1.000000000000000000 ) ) ;
#144 = DIRECTION ( 'NONE',  ( 0.000000000000000000, 0.000000000000000000, -1.000000000000000000 ) ) ;
#145 = FACE_OUTER_BOUND ( 'NONE', #92, .T. ) ;
#146 = EDGE_LOOP ( 'NONE', ( #3571, #1294, #3599, #855 ) ) ;
#147 = DIRECTION ( 'NONE',  ( 0.000000000000000000, 0.000000000000000000, 1.000000000000000000 ) ) ;
#148 = ORIENTED_EDGE ( 'NONE', *, *, #2171, .F. ) ;
#149 = EDGE_CURVE ( 'NONE', #3393, #2250, #3511, .T. ) ;
#150 = ORIENTED_EDGE ( 'NONE', *, *, #1918, .T. ) ;
#151 = LINE ( 'NONE', #2810, #1738 ) ;
#152 = CARTESIAN_POINT ( 'NONE',  ( -0.5212799434827579681, -3.081216029512150012, -7.000000000000000000 ) ) ;
#153 = EDGE_CURVE ( 'NONE', #1718, #1697, #1667, .T. ) ;
#154 = CARTESIAN_POINT ( 'NONE',  ( 2.896159312914920125, -1.536282556425515144, -7.000000000000000000 ) ) ;
#155 = AXIS2_PLACEMENT_3D ( 'NONE', #1934, #2010, #2910 ) ;
#156 = LINE ( 'NONE', #3046, #1540 ) ;
#157 = CIRCLE ( 'NONE', #2197, 0.1963495408492206273 ) ;
#158 = CARTESIAN_POINT ( 'NONE',  ( 3.079589269441387334, -1.124292128631490417, -1.000000000000000000 ) ) ;
#159 = ORIENTED_EDGE ( 'NONE', *, *, #3640, .T. ) ;
#160 = AXIS2_PLACEMENT_3D ( 'NONE', #282, #555, #1427 ) ;
#161 = AXIS2_PLACEMENT_3D ( 'NONE', #2816, #721, #3047 ) ;
#162 = ORIENTED_EDGE ( 'NONE', *, *, #3278, .F. ) ;
#163 = CARTESIAN_POINT ( 'NONE',  ( -1.687256277579699981, -2.853896419658300321, -1.000000000000000000 ) ) ;
#164 = DIRECTION ( 'NONE',  ( -0.000000000000000000, -0.000000000000000000, -1.000000000000000000 ) ) ;
#165 = ADVANCED_FACE ( 'NONE', ( #737 ), #1650, .F. ) ;
#166 = VERTEX_POINT ( 'NONE', #2582 ) ;
#167 = VECTOR ( 'NONE', #1503, 1000.000000000000000 ) ;
#168 = CIRCLE ( 'NONE', #2503, 1.973045005897157811 ) ;
#169 = AXIS2_PLACEMENT_3D ( 'NONE', #979, #3307, #2419 ) ;
#170 = DIRECTION ( 'NONE',  ( 0.000000000000000000, 0.000000000000000000, 1.000000000000000000 ) ) ;
#171 = ORIENTED_EDGE ( 'NONE', *, *, #2416, .F. ) ;
#172 = VERTEX_POINT ( 'NONE', #2564 ) ;
#173 = DIRECTION ( 'NONE',  ( 1.000000000000000000, 0.000000000000000000, 0.000000000000000000 ) ) ;
#174 = CARTESIAN_POINT ( 'NONE',  ( 0.000000000000000000, 0.000000000000000000, -7.000000000000000000 ) ) ;
#175 = AXIS2_PLACEMENT_3D ( 'NONE', #120, #1050, #1857 ) ;
#176 = FACE_OUTER_BOUND ( 'NONE', #1674, .T. ) ;
#177 = FACE_OUTER_BOUND ( 'NONE', #3612, .T. ) ;
#178 = AXIS2_PLACEMENT_3D ( 'NONE', #1085, #2567, #2009 ) ;
#179 = LINE ( 'NONE', #1952, #782 ) ;
#180 = ORIENTED_EDGE ( 'NONE', *, *, #504, .T. ) ;
#181 = EDGE_LOOP ( 'NONE', ( #2120, #334 ) ) ;
#182 = CARTESIAN_POINT ( 'NONE',  ( -3.039258109536164376, -0.7227735835918119855, -9.719499999999998252 ) ) ;
#183 = CARTESIAN_POINT ( 'NONE',  ( 2.849188774732202667, 1.268540572369788899, -1.000000000000000000 ) ) ;
#184 = ORIENTED_EDGE ( 'NONE', *, *, #2002, .T. ) ;
#185 = ADVANCED_FACE ( 'NONE', ( #3719 ), #1030, .T. ) ;
#186 = ADVANCED_FACE ( 'NONE', ( #3701 ), #1686, .T. ) ;
#187 = CARTESIAN_POINT ( 'NONE',  ( 4.188138338523319071, -0.7224937767114592013, -1.000000000000000000 ) ) ;
#188 = ORIENTED_EDGE ( 'NONE', *, *, #2450, .F. ) ;
#189 = VERTEX_POINT ( 'NONE', #1631 ) ;
#190 = CARTESIAN_POINT ( 'NONE',  ( 3.339329057572906656, 2.628950635755751275, -1.000000000000000000 ) ) ;
#191 = PLANE ( 'NONE',  #2925 ) ;
#192 = CARTESIAN_POINT ( 'NONE',  ( 0.2933980814764465261, 3.534646590994565241, -7.000000000000000000 ) ) ;
#193 = CIRCLE ( 'NONE', #1123, 1.973045005897158699 ) ;
#194 = DIRECTION ( 'NONE',  ( -0.000000000000000000, -0.000000000000000000, 1.000000000000000000 ) ) ;
#195 = DIRECTION ( 'NONE',  ( 0.000000000000000000, 0.000000000000000000, -1.000000000000000000 ) ) ;
#196 = AXIS2_PLACEMENT_3D ( 'NONE', #1758, #2921, #1721 ) ;
#197 = EDGE_CURVE ( 'NONE', #1179, #3461, #3157, .T. ) ;
#198 = VERTEX_POINT ( 'NONE', #2508 ) ;
#199 = CIRCLE ( 'NONE', #3340, 4.249999999998979483 ) ;
#200 = ORIENTED_EDGE ( 'NONE', *, *, #2689, .T. ) ;
#201 = LINE ( 'NONE', #1091, #1598 ) ;
#202 = DIRECTION ( 'NONE',  ( -1.000000000000000000, 0.000000000000000000, 0.000000000000000000 ) ) ;
#203 = ORIENTED_EDGE ( 'NONE', *, *, #1985, .T. ) ;
#204 = DIRECTION ( 'NONE',  ( 0.000000000000000000, 0.000000000000000000, 1.000000000000000000 ) ) ;
#205 = ORIENTED_EDGE ( 'NONE', *, *, #1400, .T. ) ;
#206 = EDGE_LOOP ( 'NONE', ( #963, #255, #2549, #824 ) ) ;
#207 = EDGE_CURVE ( 'NONE', #1877, #2000, #2260, .T. ) ;
#208 = VERTEX_POINT ( 'NONE', #2225 ) ;
#209 = CARTESIAN_POINT ( 'NONE',  ( 1.840249104221085119, 3.032044226566794620, -7.000000000000000000 ) ) ;
#210 = DIRECTION ( 'NONE',  ( 0.000000000000000000, 0.000000000000000000, -1.000000000000000000 ) ) ;
#211 = DIRECTION ( 'NONE',  ( 1.000000000000000000, 0.000000000000000000, 0.000000000000000000 ) ) ;
#212 = EDGE_CURVE ( 'NONE', #2333, #2641, #3211, .T. ) ;
#213 = DIRECTION ( 'NONE',  ( 1.000000000000000000, 0.000000000000000000, 0.000000000000000000 ) ) ;
#214 = DIRECTION ( 'NONE',  ( 1.000000000000000000, 0.000000000000000000, 0.000000000000000000 ) ) ;
#215 = VERTEX_POINT ( 'NONE', #3415 ) ;
#216 = ADVANCED_FACE ( 'NONE', ( #3456 ), #524, .T. ) ;
#217 = CIRCLE ( 'NONE', #1820, 4.249999999998979483 ) ;
#218 = ORIENTED_EDGE ( 'NONE', *, *, #590, .F. ) ;
#219 = DIRECTION ( 'NONE',  ( 1.000000000000000000, 0.000000000000000000, 0.000000000000000000 ) ) ;
#220 = CARTESIAN_POINT ( 'NONE',  ( -2.543319442294998289, 1.805483792004446419, -9.719499999999998252 ) ) ;
#221 = ORIENTED_EDGE ( 'NONE', *, *, #2422, .F. ) ;
#222 = AXIS2_PLACEMENT_3D ( 'NONE', #3564, #3230, #2097 ) ;
#223 = CIRCLE ( 'NONE', #3679, 4.249999999999058531 ) ;
#224 = AXIS2_PLACEMENT_3D ( 'NONE', #1635, #140, #1320 ) ;
#225 = DIRECTION ( 'NONE',  ( 0.000000000000000000, 0.000000000000000000, -1.000000000000000000 ) ) ;
#226 = CIRCLE ( 'NONE', #160, 1.973045005896728155 ) ;
#227 = AXIS2_PLACEMENT_3D ( 'NONE', #1808, #338, #928 ) ;
#228 = VERTEX_POINT ( 'NONE', #3738 ) ;
#229 = VERTEX_POINT ( 'NONE', #1083 ) ;
#230 = AXIS2_PLACEMENT_3D ( 'NONE', #2668, #3267, #631 ) ;
#231 = ORIENTED_EDGE ( 'NONE', *, *, #1913, .F. ) ;
#232 = CYLINDRICAL_SURFACE ( 'NONE', #6, 0.1963495408493620142 ) ;
#233 = DIRECTION ( 'NONE',  ( 1.000000000000000000, 0.000000000000000000, 0.000000000000000000 ) ) ;
#234 = AXIS2_PLACEMENT_3D ( 'NONE', #2166, #1784, #2468 ) ;
#235 = CARTESIAN_POINT ( 'NONE',  ( -3.152282387150849630, 0.9005657169910941118, -7.000000000000000000 ) ) ;
#236 = ADVANCED_FACE ( 'NONE', ( #3435 ), #3838, .T. ) ;
#237 = DIRECTION ( 'NONE',  ( -0.4067366430758164175, -0.9135454576425936501, 0.000000000000000000 ) ) ;
#238 = DIRECTION ( 'NONE',  ( 1.000000000000000000, 0.000000000000000000, 0.000000000000000000 ) ) ;
#239 = ORIENTED_EDGE ( 'NONE', *, *, #2518, .T. ) ;
#240 = AXIS2_PLACEMENT_3D ( 'NONE', #2123, #1552, #2715 ) ;
#241 = EDGE_LOOP ( 'NONE', ( #1876, #1128, #3744, #1764 ) ) ;
#242 = PLANE ( 'NONE',  #3821 ) ;
#243 = DIRECTION ( 'NONE',  ( 1.000000000000000000, 0.000000000000000000, 0.000000000000000000 ) ) ;
#244 = VERTEX_POINT ( 'NONE', #2006 ) ;
#245 = DIRECTION ( 'NONE',  ( 1.000000000000000000, 0.000000000000000000, 0.000000000000000000 ) ) ;
#246 = ORIENTED_EDGE ( 'NONE', *, *, #2338, .F. ) ;
#247 = ORIENTED_EDGE ( 'NONE', *, *, #79, .T. ) ;
#248 = ORIENTED_EDGE ( 'NONE', *, *, #3789, .T. ) ;
#249 = DIRECTION ( 'NONE',  ( 0.000000000000000000, 0.000000000000000000, -1.000000000000000000 ) ) ;
#250 = ORIENTED_EDGE ( 'NONE', *, *, #2012, .T. ) ;
#251 = CARTESIAN_POINT ( 'NONE',  ( 0.7962284048838044193, -3.180239485670429911, -1.000000000000000000 ) ) ;
#252 = CYLINDRICAL_SURFACE ( 'NONE', #1477, 0.1963495408493620142 ) ;
#253 = CARTESIAN_POINT ( 'NONE',  ( 0.4479077197208464756, -3.518406973625709977, -1.000000000000000000 ) ) ;
#254 = CARTESIAN_POINT ( 'NONE',  ( -1.440037872544320585, 2.945198428730935181, -1.000000000000000000 ) ) ;
#255 = ORIENTED_EDGE ( 'NONE', *, *, #149, .F. ) ;
#256 = EDGE_CURVE ( 'NONE', #2195, #2131, #1783, .T. ) ;
#257 = VECTOR ( 'NONE', #750, 1000.000000000000000 ) ;
#258 = ORIENTED_EDGE ( 'NONE', *, *, #908, .T. ) ;
#259 = DIRECTION ( 'NONE',  ( 0.000000000000000000, 0.000000000000000000, -1.000000000000000000 ) ) ;
#260 = DIRECTION ( 'NONE',  ( 0.000000000000000000, 0.000000000000000000, 1.000000000000000000 ) ) ;
#261 = VECTOR ( 'NONE', #1049, 1000.000000000000000 ) ;
#262 = VECTOR ( 'NONE', #871, 1000.000000000000000 ) ;
#263 = DIRECTION ( 'NONE',  ( -4.430664177148927446E-14, -1.000000000000000000, 0.000000000000000000 ) ) ;
#264 = ORIENTED_EDGE ( 'NONE', *, *, #1120, .T. ) ;
#265 = VECTOR ( 'NONE', #279, 1000.000000000000000 ) ;
#266 = ORIENTED_EDGE ( 'NONE', *, *, #2266, .T. ) ;
#267 = ADVANCED_FACE ( 'NONE', ( #3221 ), #1474, .T. ) ;
#268 = ORIENTED_EDGE ( 'NONE', *, *, #3520, .F. ) ;
#269 = CARTESIAN_POINT ( 'NONE',  ( -1.021880978632973891, -3.396405191220809971, -1.000000000000000000 ) ) ;
#270 = EDGE_LOOP ( 'NONE', ( #1737, #837, #407, #3314 ) ) ;
#271 = EDGE_CURVE ( 'NONE', #2333, #560, #647, .T. ) ;
#272 = DIRECTION ( 'NONE',  ( 0.000000000000000000, 0.000000000000000000, 1.000000000000000000 ) ) ;
#273 = CARTESIAN_POINT ( 'NONE',  ( 2.020910775106315338, -2.581438067825823968, -1.000000000000000000 ) ) ;
#274 = DIRECTION ( 'NONE',  ( 0.7431448254773883599, 0.6691306063588646769, -0.000000000000000000 ) ) ;
#275 = CYLINDRICAL_SURFACE ( 'NONE', #2259, 4.250000000000000000 ) ;
#276 = VERTEX_POINT ( 'NONE', #562 ) ;
#277 = ADVANCED_FACE ( 'NONE', ( #3197 ), #252, .F. ) ;
#278 = CARTESIAN_POINT ( 'NONE',  ( 1.705702773494270019, -3.109724586830400206, -9.719499999999998252 ) ) ;
#279 = DIRECTION ( 'NONE',  ( 0.000000000000000000, 0.000000000000000000, -1.000000000000000000 ) ) ;
#280 = ORIENTED_EDGE ( 'NONE', *, *, #3346, .T. ) ;
#281 = ADVANCED_FACE ( 'NONE', ( #1780 ), #3496, .F. ) ;
#282 = CARTESIAN_POINT ( 'NONE',  ( -1.021880978632927928, 3.396405191220819741, -1.000000000000000000 ) ) ;
#283 = VERTEX_POINT ( 'NONE', #3536 ) ;
#284 = AXIS2_PLACEMENT_3D ( 'NONE', #2906, #2946, #3173 ) ;
#285 = VERTEX_POINT ( 'NONE', #2032 ) ;
#286 = CIRCLE ( 'NONE', #3368, 0.1963495408493615701 ) ;
#287 = AXIS2_PLACEMENT_3D ( 'NONE', #1439, #547, #1458 ) ;
#288 = DIRECTION ( 'NONE',  ( 0.000000000000000000, 0.000000000000000000, 1.000000000000000000 ) ) ;
#289 = ORIENTED_EDGE ( 'NONE', *, *, #1173, .T. ) ;
#290 = DIRECTION ( 'NONE',  ( 1.000000000000000000, 0.000000000000000000, 0.000000000000000000 ) ) ;
#291 = CARTESIAN_POINT ( 'NONE',  ( 3.118825397134030286, -0.1963495408493620142, -7.000000000000000000 ) ) ;
#292 = LINE ( 'NONE', #1512, #2412 ) ;
#293 = VECTOR ( 'NONE', #2248, 1000.000000000000000 ) ;
#294 = CARTESIAN_POINT ( 'NONE',  ( 0.000000000000000000, 0.000000000000000000, -7.000000000000000000 ) ) ;
#295 = ORIENTED_EDGE ( 'NONE', *, *, #2167, .T. ) ;
#296 = CARTESIAN_POINT ( 'NONE',  ( 0.000000000000000000, 0.000000000000000000, -9.719499999999998252 ) ) ;
#297 = CARTESIAN_POINT ( 'NONE',  ( -3.946402564646191546, 1.577468477575791006, -1.000000000000000000 ) ) ;
#298 = ORIENTED_EDGE ( 'NONE', *, *, #79, .F. ) ;
#299 = ORIENTED_EDGE ( 'NONE', *, *, #1590, .T. ) ;
#300 = VECTOR ( 'NONE', #2964, 1000.000000000000000 ) ;
#301 = LINE ( 'NONE', #1135, #2502 ) ;
#302 = CARTESIAN_POINT ( 'NONE',  ( 0.000000000000000000, 0.000000000000000000, -1.000000000000000000 ) ) ;
#303 = CIRCLE ( 'NONE', #1290, 4.249999999998979483 ) ;
#304 = EDGE_CURVE ( 'NONE', #2522, #646, #857, .T. ) ;
#305 = VERTEX_POINT ( 'NONE', #1741 ) ;
#306 = DIRECTION ( 'NONE',  ( 0.000000000000000000, 0.000000000000000000, 1.000000000000000000 ) ) ;
#307 = ORIENTED_EDGE ( 'NONE', *, *, #1173, .F. ) ;
#308 = CYLINDRICAL_SURFACE ( 'NONE', #1586, 0.1963495408493620142 ) ;
#309 = DIRECTION ( 'NONE',  ( 0.000000000000000000, 0.000000000000000000, 1.000000000000000000 ) ) ;
#310 = EDGE_CURVE ( 'NONE', #3430, #2000, #2066, .T. ) ;
#311 = DIRECTION ( 'NONE',  ( 0.000000000000000000, 0.000000000000000000, 1.000000000000000000 ) ) ;
#312 = DIRECTION ( 'NONE',  ( -1.000000000000000000, 0.000000000000000000, 0.000000000000000000 ) ) ;
#313 = DIRECTION ( 'NONE',  ( 1.000000000000000000, 0.000000000000000000, 0.000000000000000000 ) ) ;
#314 = CARTESIAN_POINT ( 'NONE',  ( 1.899999999999999911, 2.326828918379971365E-16, 11.00000000000000000 ) ) ;
#315 = EDGE_CURVE ( 'NONE', #2664, #424, #3313, .T. ) ;
#316 = ORIENTED_EDGE ( 'NONE', *, *, #59, .F. ) ;
#317 = DIRECTION ( 'NONE',  ( 1.000000000000000000, 0.000000000000000000, 0.000000000000000000 ) ) ;
#318 = AXIS2_PLACEMENT_3D ( 'NONE', #1064, #1045, #1701 ) ;
#319 = DIRECTION ( 'NONE',  ( -0.000000000000000000, -0.000000000000000000, 1.000000000000000000 ) ) ;
#320 = CYLINDRICAL_SURFACE ( 'NONE', #3818, 1.973045005896730597 ) ;
#321 = AXIS2_PLACEMENT_3D ( 'NONE', #3270, #1432, #2904 ) ;
#322 = ORIENTED_EDGE ( 'NONE', *, *, #3192, .F. ) ;
#323 = AXIS2_PLACEMENT_3D ( 'NONE', #2057, #3788, #841 ) ;
#324 = DIRECTION ( 'NONE',  ( -0.000000000000000000, -0.000000000000000000, 1.000000000000000000 ) ) ;
#325 = VERTEX_POINT ( 'NONE', #273 ) ;
#326 = EDGE_CURVE ( 'NONE', #1909, #770, #2632, .T. ) ;
#327 = DIRECTION ( 'NONE',  ( 0.000000000000000000, 0.000000000000000000, 1.000000000000000000 ) ) ;
#328 = FACE_OUTER_BOUND ( 'NONE', #2232, .T. ) ;
#329 = FACE_OUTER_BOUND ( 'NONE', #2859, .T. ) ;
#330 = VERTEX_POINT ( 'NONE', #2924 ) ;
#331 = EDGE_CURVE ( 'NONE', #1414, #1941, #2881, .T. ) ;
#332 = CARTESIAN_POINT ( 'NONE',  ( 3.118825397134030286, -0.03425858924962450064, -9.719499999999998252 ) ) ;
#333 = DIRECTION ( 'NONE',  ( 0.000000000000000000, 0.000000000000000000, 1.000000000000000000 ) ) ;
#334 = ORIENTED_EDGE ( 'NONE', *, *, #2984, .F. ) ;
#335 = VERTEX_POINT ( 'NONE', #1166 ) ;
#336 = CARTESIAN_POINT ( 'NONE',  ( -2.661896170629215241, -1.976326718222495504, -9.719499999999998252 ) ) ;
#337 = LINE ( 'NONE', #667, #1534 ) ;
#338 = DIRECTION ( 'NONE',  ( 0.000000000000000000, 0.000000000000000000, 1.000000000000000000 ) ) ;
#339 = VECTOR ( 'NONE', #2765, 1000.000000000000000 ) ;
#340 = ORIENTED_EDGE ( 'NONE', *, *, #2915, .F. ) ;
#341 = CARTESIAN_POINT ( 'NONE',  ( 0.9963519047475749568, 2.955592730849684990, -7.000000000000000000 ) ) ;
#342 = AXIS2_PLACEMENT_3D ( 'NONE', #2485, #19, #313 ) ;
#343 = ORIENTED_EDGE ( 'NONE', *, *, #2030, .T. ) ;
#344 = DIRECTION ( 'NONE',  ( 0.000000000000000000, 0.000000000000000000, 1.000000000000000000 ) ) ;
#345 = ADVANCED_FACE ( 'NONE', ( #895 ), #3551, .F. ) ;
#346 = DIRECTION ( 'NONE',  ( -0.7431448254773861395, 0.6691306063588671194, 0.000000000000000000 ) ) ;
#347 = AXIS2_PLACEMENT_3D ( 'NONE', #2363, #23, #2939 ) ;
#348 = AXIS2_PLACEMENT_3D ( 'NONE', #3159, #3458, #238 ) ;
#349 = DIRECTION ( 'NONE',  ( 0.000000000000000000, 0.000000000000000000, -1.000000000000000000 ) ) ;
#350 = ORIENTED_EDGE ( 'NONE', *, *, #825, .T. ) ;
#351 = AXIS2_PLACEMENT_3D ( 'NONE', #1486, #3809, #1156 ) ;
#352 = VECTOR ( 'NONE', #2092, 1000.000000000000000 ) ;
#353 = DIRECTION ( 'NONE',  ( 1.000000000000000000, 0.000000000000000000, 0.000000000000000000 ) ) ;
#354 = EDGE_CURVE ( 'NONE', #2854, #1680, #2153, .T. ) ;
#355 = AXIS2_PLACEMENT_3D ( 'NONE', #3726, #3365, #1902 ) ;
#356 = CARTESIAN_POINT ( 'NONE',  ( 3.042497229473239972, 1.317106346890114077, -1.000000000000000000 ) ) ;
#357 = EDGE_LOOP ( 'NONE', ( #2920, #693, #1617, #3333 ) ) ;
#358 = CARTESIAN_POINT ( 'NONE',  ( 2.769326221617629979, -1.447914803522992067, -7.000000000000000000 ) ) ;
#359 = DIRECTION ( 'NONE',  ( -1.000000000000000000, 0.000000000000000000, 0.000000000000000000 ) ) ;
#360 = EDGE_CURVE ( 'NONE', #2664, #3093, #2942, .T. ) ;
#361 = LINE ( 'NONE', #2364, #2807 ) ;
#362 = LINE ( 'NONE', #1548, #720 ) ;
#363 = AXIS2_PLACEMENT_3D ( 'NONE', #544, #1723, #2656 ) ;
#364 = AXIS2_PLACEMENT_3D ( 'NONE', #2527, #3721, #3802 ) ;
#365 = SURFACE_STYLE_FILL_AREA ( #2140 ) ;
#366 = ORIENTED_EDGE ( 'NONE', *, *, #702, .F. ) ;
#367 = DIRECTION ( 'NONE',  ( 0.000000000000000000, 0.000000000000000000, 1.000000000000000000 ) ) ;
#368 = CYLINDRICAL_SURFACE ( 'NONE', #240, 1.973045005896730597 ) ;
#369 = DIRECTION ( 'NONE',  ( 0.000000000000000000, 0.000000000000000000, -1.000000000000000000 ) ) ;
#370 = ORIENTED_EDGE ( 'NONE', *, *, #1114, .T. ) ;
#371 = CARTESIAN_POINT ( 'NONE',  ( 2.266443087373127163, -3.534646590994565241, -1.000000000000000000 ) ) ;
#372 = EDGE_CURVE ( 'NONE', #2235, #2228, #3780, .T. ) ;
#373 = DIRECTION ( 'NONE',  ( -1.000000000000000000, 0.000000000000000000, 0.000000000000000000 ) ) ;
#374 = CARTESIAN_POINT ( 'NONE',  ( -3.043548818098396946, -0.6819502185625323509, -9.719499999999998252 ) ) ;
#375 = ADVANCED_FACE ( 'NONE', ( #328 ), #1510, .F. ) ;
#376 = EDGE_LOOP ( 'NONE', ( #689, #2892, #322, #673 ) ) ;
#377 = CARTESIAN_POINT ( 'NONE',  ( -2.719767133969195783, -3.265787307368978265, -9.719499999999998252 ) ) ;
#378 = DIRECTION ( 'NONE',  ( -0.7431448254773787010, 0.6691306063588754460, 0.000000000000000000 ) ) ;
#379 = CYLINDRICAL_SURFACE ( 'NONE', #2996, 0.1963495408493620142 ) ;
#380 = EDGE_CURVE ( 'NONE', #1998, #3684, #2512, .T. ) ;
#381 = AXIS2_PLACEMENT_3D ( 'NONE', #658, #2183, #1836 ) ;
#382 = ADVANCED_FACE ( 'NONE', ( #1815 ), #368, .T. ) ;
#383 = LINE ( 'NONE', #2480, #509 ) ;
#384 = ORIENTED_EDGE ( 'NONE', *, *, #3040, .T. ) ;
#385 = CIRCLE ( 'NONE', #2536, 1.973045005897155590 ) ;
#386 = DIRECTION ( 'NONE',  ( 1.000000000000000000, 0.000000000000000000, 0.000000000000000000 ) ) ;
#387 = EDGE_CURVE ( 'NONE', #3303, #1036, #1662, .T. ) ;
#388 = AXIS2_PLACEMENT_3D ( 'NONE', #3246, #333, #2992 ) ;
#389 = ORIENTED_EDGE ( 'NONE', *, *, #3034, .T. ) ;
#390 = DIRECTION ( 'NONE',  ( 0.000000000000000000, 0.000000000000000000, -1.000000000000000000 ) ) ;
#391 = VERTEX_POINT ( 'NONE', #1254 ) ;
#392 = CARTESIAN_POINT ( 'NONE',  ( -1.529743889979035876, -2.718111318510969099, -9.719499999999998252 ) ) ;
#393 = DIRECTION ( 'NONE',  ( 0.000000000000000000, 0.000000000000000000, 1.000000000000000000 ) ) ;
#394 = AXIS2_PLACEMENT_3D ( 'NONE', #20, #1204, #3598 ) ;
#395 = DIRECTION ( 'NONE',  ( 0.000000000000000000, 0.000000000000000000, -1.000000000000000000 ) ) ;
#396 = CARTESIAN_POINT ( 'NONE',  ( 3.339329057571644999, -2.628950635755705090, -7.000000000000000000 ) ) ;
#397 = ORIENTED_EDGE ( 'NONE', *, *, #3002, .T. ) ;
#398 = CYLINDRICAL_SURFACE ( 'NONE', #1265, 0.1963495408493620142 ) ;
#399 = DIRECTION ( 'NONE',  ( -0.000000000000000000, -0.000000000000000000, 1.000000000000000000 ) ) ;
#400 = DIRECTION ( 'NONE',  ( -0.000000000000000000, -0.000000000000000000, 1.000000000000000000 ) ) ;
#401 = ORIENTED_EDGE ( 'NONE', *, *, #2297, .F. ) ;
#402 = ADVANCED_FACE ( 'NONE', ( #933 ), #2674, .T. ) ;
#403 = ADVANCED_FACE ( 'NONE', ( #1835 ), #70, .F. ) ;
#404 = CARTESIAN_POINT ( 'NONE',  ( 0.000000000000000000, 0.000000000000000000, 6.000000000000000000 ) ) ;
#405 = ORIENTED_EDGE ( 'NONE', *, *, #1809, .T. ) ;
#406 = CARTESIAN_POINT ( 'NONE',  ( -1.589081507155084783, -2.683852729261305470, -9.719499999999998252 ) ) ;
#407 = ORIENTED_EDGE ( 'NONE', *, *, #1059, .T. ) ;
#408 = CARTESIAN_POINT ( 'NONE',  ( -3.946402564645520528, -1.577468477574724970, -7.000000000000000000 ) ) ;
#409 = CARTESIAN_POINT ( 'NONE',  ( -1.899999999999999911, 0.000000000000000000, 11.00000000000000000 ) ) ;
#410 = CIRCLE ( 'NONE', #1332, 0.1963495408493628747 ) ;
#411 = AXIS2_PLACEMENT_3D ( 'NONE', #739, #1071, #697 ) ;
#412 = CARTESIAN_POINT ( 'NONE',  ( 0.2807562157273614800, 4.240716442691390142, -7.000000000000000000 ) ) ;
#413 = CIRCLE ( 'NONE', #1335, 1.973045005896730153 ) ;
#414 = VECTOR ( 'NONE', #2720, 999.9999999999998863 ) ;
#415 = FACE_OUTER_BOUND ( 'NONE', #2001, .T. ) ;
#416 = ORIENTED_EDGE ( 'NONE', *, *, #1408, .T. ) ;
#417 = ORIENTED_EDGE ( 'NONE', *, *, #2764, .F. ) ;
#418 = FACE_OUTER_BOUND ( 'NONE', #2806, .T. ) ;
#419 = AXIS2_PLACEMENT_3D ( 'NONE', #695, #3637, #2757 ) ;
#420 = CARTESIAN_POINT ( 'NONE',  ( -2.465546629779995058, -1.976326718222495504, -9.719499999999998252 ) ) ;
#421 = DIRECTION ( 'NONE',  ( -1.000000000000000000, 0.000000000000000000, 0.000000000000000000 ) ) ;
#422 = ORIENTED_EDGE ( 'NONE', *, *, #2365, .F. ) ;
#423 = CARTESIAN_POINT ( 'NONE',  ( -3.152282387151039700, -0.9005657169906650106, -9.719499999999998252 ) ) ;
#424 = VERTEX_POINT ( 'NONE', #1236 ) ;
#425 = CARTESIAN_POINT ( 'NONE',  ( -3.057794340530235466, -0.6149303048044399977, -1.000000000000000000 ) ) ;
#426 = CIRCLE ( 'NONE', #175, 1.973045005897158255 ) ;
#427 = ORIENTED_EDGE ( 'NONE', *, *, #780, .F. ) ;
#428 = CARTESIAN_POINT ( 'NONE',  ( -3.545951877715329825, -0.07768036026355409907, -9.719499999999998252 ) ) ;
#429 = FACE_OUTER_BOUND ( 'NONE', #3401, .T. ) ;
#430 = CARTESIAN_POINT ( 'NONE',  ( -2.661896170629185043, 1.976326718222530143, -1.000000000000000000 ) ) ;
#431 = DIRECTION ( 'NONE',  ( 0.000000000000000000, 0.000000000000000000, 1.000000000000000000 ) ) ;
#432 = DIRECTION ( 'NONE',  ( 0.000000000000000000, 0.000000000000000000, -1.000000000000000000 ) ) ;
#433 = VERTEX_POINT ( 'NONE', #2408 ) ;
#434 = EDGE_CURVE ( 'NONE', #2670, #1680, #3007, .T. ) ;
#435 = ORIENTED_EDGE ( 'NONE', *, *, #1390, .F. ) ;
#436 = EDGE_CURVE ( 'NONE', #2828, #3461, #550, .T. ) ;
#437 = LINE ( 'NONE', #3708, #607 ) ;
#438 = DIRECTION ( 'NONE',  ( -1.000000000000000000, 0.000000000000000000, 0.000000000000000000 ) ) ;
#439 = ORIENTED_EDGE ( 'NONE', *, *, #2314, .T. ) ;
#440 = LINE ( 'NONE', #3149, #1947 ) ;
#441 = DIRECTION ( 'NONE',  ( 0.000000000000000000, 0.000000000000000000, 1.000000000000000000 ) ) ;
#442 = ORIENTED_EDGE ( 'NONE', *, *, #1278, .T. ) ;
#443 = ORIENTED_EDGE ( 'NONE', *, *, #1748, .T. ) ;
#444 = CIRCLE ( 'NONE', #1799, 1.973045005896730597 ) ;
#445 = CARTESIAN_POINT ( 'NONE',  ( 0.000000000000000000, 0.000000000000000000, -9.719499999999998252 ) ) ;
#446 = DIRECTION ( 'NONE',  ( 1.000000000000000000, 0.000000000000000000, 0.000000000000000000 ) ) ;
#447 = AXIS2_PLACEMENT_3D ( 'NONE', #209, #1372, #2542 ) ;
#448 = CARTESIAN_POINT ( 'NONE',  ( -2.661896170629185043, 1.976326718222530143, -7.000000000000000000 ) ) ;
#449 = ADVANCED_FACE ( 'NONE', ( #1536, #2697 ), #2509, .T. ) ;
#450 = DIRECTION ( 'NONE',  ( -1.000000000000000000, 0.000000000000000000, 0.000000000000000000 ) ) ;
#451 = CIRCLE ( 'NONE', #2598, 1.973045005897158255 ) ;
#452 = DIRECTION ( 'NONE',  ( 0.000000000000000000, 0.000000000000000000, 1.000000000000000000 ) ) ;
#453 = ORIENTED_EDGE ( 'NONE', *, *, #1594, .T. ) ;
#454 = ORIENTED_EDGE ( 'NONE', *, *, #2596, .F. ) ;
#455 = CARTESIAN_POINT ( 'NONE',  ( -0.2919351088493370439, 3.105321142968429093, -1.000000000000000000 ) ) ;
#456 = DIRECTION ( 'NONE',  ( 0.000000000000000000, 0.000000000000000000, 1.000000000000000000 ) ) ;
#457 = EDGE_LOOP ( 'NONE', ( #27, #1850, #1797, #997 ) ) ;
#458 = PLANE ( 'NONE',  #967 ) ;
#459 = ORIENTED_EDGE ( 'NONE', *, *, #2055, .F. ) ;
#460 = ORIENTED_EDGE ( 'NONE', *, *, #2974, .F. ) ;
#461 = CYLINDRICAL_SURFACE ( 'NONE', #1497, 0.1963495408493620142 ) ;
#462 = DIRECTION ( 'NONE',  ( -0.000000000000000000, -0.000000000000000000, 1.000000000000000000 ) ) ;
#463 = CARTESIAN_POINT ( 'NONE',  ( 0.000000000000000000, 0.000000000000000000, 11.00000000000000000 ) ) ;
#464 = VECTOR ( 'NONE', #1245, 1000.000000000000000 ) ;
#465 = FACE_OUTER_BOUND ( 'NONE', #2786, .T. ) ;
#466 = CIRCLE ( 'NONE', #1396, 1.973045005896731485 ) ;
#467 = DIRECTION ( 'NONE',  ( -0.000000000000000000, -0.000000000000000000, 1.000000000000000000 ) ) ;
#468 = EDGE_CURVE ( 'NONE', #1189, #469, #2093, .T. ) ;
#469 = VERTEX_POINT ( 'NONE', #138 ) ;
#470 = AXIS2_PLACEMENT_3D ( 'NONE', #2696, #51, #1551 ) ;
#471 = VERTEX_POINT ( 'NONE', #3678 ) ;
#472 = DIRECTION ( 'NONE',  ( 0.000000000000000000, 0.000000000000000000, 1.000000000000000000 ) ) ;
#473 = DIRECTION ( 'NONE',  ( -0.000000000000000000, -0.000000000000000000, 1.000000000000000000 ) ) ;
#474 = ORIENTED_EDGE ( 'NONE', *, *, #2251, .F. ) ;
#475 = CIRCLE ( 'NONE', #3244, 0.1963495408493637351 ) ;
#476 = EDGE_CURVE ( 'NONE', #1860, #2444, #3441, .T. ) ;
#477 = AXIS2_PLACEMENT_3D ( 'NONE', #3162, #1672, #822 ) ;
#478 = DIRECTION ( 'NONE',  ( -1.000000000000000000, 0.000000000000000000, -0.000000000000000000 ) ) ;
#479 = ORIENTED_EDGE ( 'NONE', *, *, #2932, .F. ) ;
#480 = VERTEX_POINT ( 'NONE', #2168 ) ;
#481 = CARTESIAN_POINT ( 'NONE',  ( -3.235607650385375234, 0.7227735835918559504, -7.000000000000000000 ) ) ;
#482 = DIRECTION ( 'NONE',  ( 0.000000000000000000, 0.000000000000000000, 1.000000000000000000 ) ) ;
#483 = AXIS2_PLACEMENT_3D ( 'NONE', #584, #2948, #1142 ) ;
#484 = DIRECTION ( 'NONE',  ( 1.000000000000000000, 0.000000000000000000, 0.000000000000000000 ) ) ;
#485 = CARTESIAN_POINT ( 'NONE',  ( -2.465546629779823640, 1.976326718222530143, -1.000000000000000000 ) ) ;
#486 = EDGE_CURVE ( 'NONE', #2795, #1866, #3508, .T. ) ;
#487 = CIRCLE ( 'NONE', #3704, 1.973045005896731929 ) ;
#488 = CARTESIAN_POINT ( 'NONE',  ( -0.3600769430757135292, 3.098159147592464802, -1.000000000000000000 ) ) ;
#489 = ORIENTED_EDGE ( 'NONE', *, *, #2938, .F. ) ;
#490 = AXIS2_PLACEMENT_3D ( 'NONE', #1418, #1355, #1991 ) ;
#491 = EDGE_CURVE ( 'NONE', #3367, #2044, #426, .T. ) ;
#492 = ORIENTED_EDGE ( 'NONE', *, *, #2705, .F. ) ;
#493 = DIRECTION ( 'NONE',  ( -1.000000000000000000, 0.000000000000000000, 0.000000000000000000 ) ) ;
#494 = DIRECTION ( 'NONE',  ( 1.000000000000000000, 0.000000000000000000, 0.000000000000000000 ) ) ;
#495 = ORIENTED_EDGE ( 'NONE', *, *, #3027, .T. ) ;
#496 = EDGE_CURVE ( 'NONE', #3833, #1052, #1840, .T. ) ;
#497 = DIRECTION ( 'NONE',  ( 1.000000000000000000, 0.000000000000000000, 0.000000000000000000 ) ) ;
#498 = ORIENTED_EDGE ( 'NONE', *, *, #1524, .T. ) ;
#499 = EDGE_LOOP ( 'NONE', ( #1327, #427, #1558, #1976 ) ) ;
#500 = EDGE_CURVE ( 'NONE', #2235, #2631, #3187, .T. ) ;
#501 = ORIENTED_EDGE ( 'NONE', *, *, #2075, .T. ) ;
#502 = DIRECTION ( 'NONE',  ( 0.5877852522924567058, 0.8090169943749593306, 0.000000000000000000 ) ) ;
#503 = DIRECTION ( 'NONE',  ( 1.000000000000000000, 0.000000000000000000, 0.000000000000000000 ) ) ;
#504 = EDGE_CURVE ( 'NONE', #1940, #1052, #156, .T. ) ;
#505 = CARTESIAN_POINT ( 'NONE',  ( -3.043548818098394726, -0.6819502185625320179, -4.000000000000000000 ) ) ;
#506 = CIRCLE ( 'NONE', #2717, 4.249999999998979483 ) ;
#507 = DIRECTION ( 'NONE',  ( 0.000000000000000000, 0.000000000000000000, 1.000000000000000000 ) ) ;
#508 = CARTESIAN_POINT ( 'NONE',  ( -3.057794340530225252, 0.6149303048044829634, -4.000000000000000000 ) ) ;
#509 = VECTOR ( 'NONE', #1831, 1000.000000000000000 ) ;
#510 = ORIENTED_EDGE ( 'NONE', *, *, #1945, .F. ) ;
#511 = CIRCLE ( 'NONE', #3094, 1.973045005896730153 ) ;
#512 = ORIENTED_EDGE ( 'NONE', *, *, #2246, .T. ) ;
#513 = CARTESIAN_POINT ( 'NONE',  ( -0.3124592246176304822, 3.300595060488625165, -1.000000000000000000 ) ) ;
#514 = CARTESIAN_POINT ( 'NONE',  ( 0.000000000000000000, 0.000000000000000000, -7.000000000000000000 ) ) ;
#515 = VERTEX_POINT ( 'NONE', #3703 ) ;
#516 = CARTESIAN_POINT ( 'NONE',  ( 0.000000000000000000, 0.000000000000000000, 11.00000000000000000 ) ) ;
#517 = ORIENTED_EDGE ( 'NONE', *, *, #212, .F. ) ;
#518 = ORIENTED_EDGE ( 'NONE', *, *, #2323, .F. ) ;
#519 = EDGE_CURVE ( 'NONE', #1153, #3797, #2186, .T. ) ;
#520 = EDGE_CURVE ( 'NONE', #3024, #759, #669, .T. ) ;
#521 = ORIENTED_EDGE ( 'NONE', *, *, #2139, .F. ) ;
#522 = FACE_OUTER_BOUND ( 'NONE', #376, .T. ) ;
#523 = CARTESIAN_POINT ( 'NONE',  ( -3.235607650385385003, -0.7227735835918119855, -1.000000000000000000 ) ) ;
#524 = CYLINDRICAL_SURFACE ( 'NONE', #844, 1.973045005896730153 ) ;
#525 = CARTESIAN_POINT ( 'NONE',  ( 2.863122998320080104, -1.237243793775609335, -9.719499999999998252 ) ) ;
#526 = FACE_OUTER_BOUND ( 'NONE', #1341, .T. ) ;
#527 = VERTEX_POINT ( 'NONE', #2152 ) ;
#528 = ORIENTED_EDGE ( 'NONE', *, *, #3346, .F. ) ;
#529 = DIRECTION ( 'NONE',  ( -1.000000000000000000, 0.000000000000000000, -0.000000000000000000 ) ) ;
#530 = DIRECTION ( 'NONE',  ( 0.000000000000000000, 0.000000000000000000, 1.000000000000000000 ) ) ;
#531 = ORIENTED_EDGE ( 'NONE', *, *, #500, .T. ) ;
#532 = AXIS2_PLACEMENT_3D ( 'NONE', #873, #3218, #2597 ) ;
#533 = CARTESIAN_POINT ( 'NONE',  ( 2.863122998320096535, 1.237243793775572032, -1.000000000000000000 ) ) ;
#534 = CIRCLE ( 'NONE', #1271, 4.249999999998979483 ) ;
#535 = AXIS2_PLACEMENT_3D ( 'NONE', #927, #3583, #2159 ) ;
#536 = ORIENTED_EDGE ( 'NONE', *, *, #1575, .T. ) ;
#537 = ORIENTED_EDGE ( 'NONE', *, *, #3629, .F. ) ;
#538 = VECTOR ( 'NONE', #898, 1000.000000000000000 ) ;
#539 = ORIENTED_EDGE ( 'NONE', *, *, #1579, .T. ) ;
#540 = CARTESIAN_POINT ( 'NONE',  ( 3.315174937983395242, 0.03425858924962450064, -7.000000000000000000 ) ) ;
#541 = EDGE_CURVE ( 'NONE', #2826, #3484, #3321, .T. ) ;
#542 = ADVANCED_FACE ( 'NONE', ( #3028 ), #1576, .F. ) ;
#543 = FACE_OUTER_BOUND ( 'NONE', #2585, .T. ) ;
#544 = CARTESIAN_POINT ( 'NONE',  ( -3.235607650385375234, 0.7227735835918559504, -7.000000000000000000 ) ) ;
#545 = CYLINDRICAL_SURFACE ( 'NONE', #364, 4.250000000000000000 ) ;
#546 = CARTESIAN_POINT ( 'NONE',  ( -1.529743889978995020, 2.718111318510990415, -9.719499999999998252 ) ) ;
#547 = DIRECTION ( 'NONE',  ( 0.000000000000000000, 0.000000000000000000, 1.000000000000000000 ) ) ;
#548 = ORIENTED_EDGE ( 'NONE', *, *, #3574, .T. ) ;
#549 = ADVANCED_FACE ( 'NONE', ( #100 ), #1280, .F. ) ;
#550 = CIRCLE ( 'NONE', #2818, 1.973045005896732373 ) ;
#551 = VERTEX_POINT ( 'NONE', #1319 ) ;
#552 = DIRECTION ( 'NONE',  ( 0.000000000000000000, 0.000000000000000000, 1.000000000000000000 ) ) ;
#553 = LINE ( 'NONE', #2328, #820 ) ;
#554 = EDGE_CURVE ( 'NONE', #957, #3290, #3357, .T. ) ;
#555 = DIRECTION ( 'NONE',  ( 0.000000000000000000, 0.000000000000000000, 1.000000000000000000 ) ) ;
#556 = ORIENTED_EDGE ( 'NONE', *, *, #2421, .F. ) ;
#557 = ORIENTED_EDGE ( 'NONE', *, *, #3585, .T. ) ;
#558 = ORIENTED_EDGE ( 'NONE', *, *, #1688, .T. ) ;
#559 = DIRECTION ( 'NONE',  ( 1.000000000000000000, 0.000000000000000000, 0.000000000000000000 ) ) ;
#560 = VERTEX_POINT ( 'NONE', #1600 ) ;
#561 = CARTESIAN_POINT ( 'NONE',  ( 2.914394700463180055, 2.021413487477434767, -7.000000000000000000 ) ) ;
#562 = CARTESIAN_POINT ( 'NONE',  ( -0.5661290900510886903, -3.229148604873895767, -9.719499999999998252 ) ) ;
#563 = EDGE_CURVE ( 'NONE', #3697, #2783, #2759, .T. ) ;
#564 = CARTESIAN_POINT ( 'NONE',  ( -0.2919351088493812307, -3.105321142968427761, -9.719499999999998252 ) ) ;
#565 = CARTESIAN_POINT ( 'NONE',  ( -3.270983679872624617, -1.371304022983409920, -7.000000000000000000 ) ) ;
#566 = DIRECTION ( 'NONE',  ( 0.000000000000000000, 0.000000000000000000, 1.000000000000000000 ) ) ;
#567 = CIRCLE ( 'NONE', #3720, 3.000000000000000444 ) ;
#568 = VERTEX_POINT ( 'NONE', #3659 ) ;
#569 = EDGE_CURVE ( 'NONE', #1871, #1697, #1043, .T. ) ;
#570 = CIRCLE ( 'NONE', #1926, 4.249999999998978595 ) ;
#571 = VERTEX_POINT ( 'NONE', #2791 ) ;
#572 = DIRECTION ( 'NONE',  ( 1.000000000000000000, 0.000000000000000000, 0.000000000000000000 ) ) ;
#573 = DIRECTION ( 'NONE',  ( -0.000000000000000000, -0.000000000000000000, 1.000000000000000000 ) ) ;
#574 = VERTEX_POINT ( 'NONE', #1615 ) ;
#575 = AXIS2_PLACEMENT_3D ( 'NONE', #1907, #441, #3372 ) ;
#576 = CARTESIAN_POINT ( 'NONE',  ( 2.356053982267039881, -2.279673768679364887, -7.000000000000000000 ) ) ;
#577 = ORIENTED_EDGE ( 'NONE', *, *, #1971, .F. ) ;
#578 = CIRCLE ( 'NONE', #3729, 1.973045005896728155 ) ;
#579 = UNCERTAINTY_MEASURE_WITH_UNIT (LENGTH_MEASURE( 1.000000000000000082E-05 ), #3181, 'distance_accuracy_value', 'NONE');
#580 = ORIENTED_EDGE ( 'NONE', *, *, #504, .F. ) ;
#581 = DIRECTION ( 'NONE',  ( 0.000000000000000000, 0.000000000000000000, 1.000000000000000000 ) ) ;
#582 = VERTEX_POINT ( 'NONE', #2775 ) ;
#583 = DIRECTION ( 'NONE',  ( 0.000000000000000000, 0.000000000000000000, 1.000000000000000000 ) ) ;
#584 = CARTESIAN_POINT ( 'NONE',  ( -3.270983679872604633, 1.371304022983455884, -7.000000000000000000 ) ) ;
#585 = CYLINDRICAL_SURFACE ( 'NONE', #2654, 4.250000000000000000 ) ;
#586 = CARTESIAN_POINT ( 'NONE',  ( -1.627918660403679940, 2.888155008907944854, -7.000000000000000000 ) ) ;
#587 = EDGE_LOOP ( 'NONE', ( #2059, #3479, #3038, #1822 ) ) ;
#588 = FACE_OUTER_BOUND ( 'NONE', #1881, .T. ) ;
#589 = CYLINDRICAL_SURFACE ( 'NONE', #2236, 1.973045005896730153 ) ;
#590 = EDGE_CURVE ( 'NONE', #3115, #957, #1170, .T. ) ;
#591 = EDGE_CURVE ( 'NONE', #2623, #1877, #1663, .T. ) ;
#592 = ORIENTED_EDGE ( 'NONE', *, *, #2151, .T. ) ;
#593 = ORIENTED_EDGE ( 'NONE', *, *, #149, .T. ) ;
#594 = AXIS2_PLACEMENT_3D ( 'NONE', #1862, #3033, #359 ) ;
#595 = DIRECTION ( 'NONE',  ( 1.000000000000000000, 0.000000000000000000, 0.000000000000000000 ) ) ;
#596 = EDGE_CURVE ( 'NONE', #1508, #1966, #3446, .T. ) ;
#597 = ORIENTED_EDGE ( 'NONE', *, *, #1084, .T. ) ;
#598 = VECTOR ( 'NONE', #1348, 1000.000000000000000 ) ;
#599 = VECTOR ( 'NONE', #860, 1000.000000000000000 ) ;
#600 = LINE ( 'NONE', #3815, #1002 ) ;
#601 = ORIENTED_EDGE ( 'NONE', *, *, #3082, .F. ) ;
#602 = FACE_OUTER_BOUND ( 'NONE', #357, .T. ) ;
#603 = AXIS2_PLACEMENT_3D ( 'NONE', #1539, #1555, #3010 ) ;
#604 = DIRECTION ( 'NONE',  ( 0.000000000000000000, 0.000000000000000000, 1.000000000000000000 ) ) ;
#605 = ADVANCED_FACE ( 'NONE', ( #1124 ), #545, .T. ) ;
#606 = CARTESIAN_POINT ( 'NONE',  ( 2.356053982266796520, -2.279673768679716606, -9.719499999999998252 ) ) ;
#607 = VECTOR ( 'NONE', #1345, 1000.000000000000000 ) ;
#608 = CARTESIAN_POINT ( 'NONE',  ( -2.513460179390325067, 2.104856476242574992, -7.000000000000000000 ) ) ;
#609 = CARTESIAN_POINT ( 'NONE',  ( -0.2919351088493960522, -3.105321142968426429, -1.000000000000000000 ) ) ;
#610 = DIRECTION ( 'NONE',  ( 0.000000000000000000, 0.000000000000000000, 1.000000000000000000 ) ) ;
#611 = EDGE_LOOP ( 'NONE', ( #558, #1583, #634, #3755 ) ) ;
#612 = ORIENTED_EDGE ( 'NONE', *, *, #42, .T. ) ;
#613 = AXIS2_PLACEMENT_3D ( 'NONE', #2739, #2453, #1031 ) ;
#614 = CARTESIAN_POINT ( 'NONE',  ( -1.627918660403720130, -2.888155008907924870, -1.000000000000000000 ) ) ;
#615 = CARTESIAN_POINT ( 'NONE',  ( -3.249853172817224856, -0.6557536698337228520, -1.000000000000000000 ) ) ;
#616 = AXIS2_PLACEMENT_3D ( 'NONE', #3122, #1668, #1950 ) ;
#617 = ADVANCED_FACE ( 'NONE', ( #3475 ), #2814, .T. ) ;
#618 = ORIENTED_EDGE ( 'NONE', *, *, #387, .T. ) ;
#619 = CARTESIAN_POINT ( 'NONE',  ( -1.627918660403720130, -2.888155008907924870, -9.719499999999998252 ) ) ;
#620 = ORIENTED_EDGE ( 'NONE', *, *, #3095, .T. ) ;
#621 = CYLINDRICAL_SURFACE ( 'NONE', #3812, 1.973045005896730153 ) ;
#622 = DIRECTION ( 'NONE',  ( 1.000000000000000000, 0.000000000000000000, 0.000000000000000000 ) ) ;
#623 = DIRECTION ( 'NONE',  ( 1.000000000000000000, 0.000000000000000000, 0.000000000000000000 ) ) ;
#624 = DIRECTION ( 'NONE',  ( -1.000000000000000000, 0.000000000000000000, 0.000000000000000000 ) ) ;
#625 = DIRECTION ( 'NONE',  ( 1.000000000000000000, 0.000000000000000000, 0.000000000000000000 ) ) ;
#626 = CARTESIAN_POINT ( 'NONE',  ( 2.823075960151754771, 2.147102950642279851, -7.000000000000000000 ) ) ;
#627 = VERTEX_POINT ( 'NONE', #3457 ) ;
#628 = CARTESIAN_POINT ( 'NONE',  ( 2.835254551144287927, 1.299837350964050176, -9.719499999999998252 ) ) ;
#629 = AXIS2_PLACEMENT_3D ( 'NONE', #1119, #1081, #812 ) ;
#630 = LINE ( 'NONE', #1546, #339 ) ;
#631 = DIRECTION ( 'NONE',  ( 1.000000000000000000, 0.000000000000000000, 0.000000000000000000 ) ) ;
#632 = CARTESIAN_POINT ( 'NONE',  ( 1.100000000000000089, 1.347111479062088503E-16, 11.00100000000000122 ) ) ;
#633 = VECTOR ( 'NONE', #2750, 1000.000000000000000 ) ;
#634 = ORIENTED_EDGE ( 'NONE', *, *, #2155, .F. ) ;
#635 = AXIS2_PLACEMENT_3D ( 'NONE', #1016, #1639, #202 ) ;
#636 = SURFACE_SIDE_STYLE ('',( #365 ) ) ;
#637 = ORIENTED_EDGE ( 'NONE', *, *, #2596, .T. ) ;
#638 = DIRECTION ( 'NONE',  ( 1.000000000000000000, 0.000000000000000000, 0.000000000000000000 ) ) ;
#639 = EDGE_CURVE ( 'NONE', #2734, #3468, #776, .T. ) ;
#640 = CARTESIAN_POINT ( 'NONE',  ( -0.3806010588440339459, -3.293433065112659541, -1.000000000000000000 ) ) ;
#641 = DIRECTION ( 'NONE',  ( 0.000000000000000000, 0.000000000000000000, 1.000000000000000000 ) ) ;
#642 = ORIENTED_EDGE ( 'NONE', *, *, #2689, .F. ) ;
#643 = CARTESIAN_POINT ( 'NONE',  ( 3.339329057572520743, -2.628950635756198917, -1.000000000000000000 ) ) ;
#644 = ADVANCED_FACE ( 'NONE', ( #177 ), #2600, .T. ) ;
#645 = CYLINDRICAL_SURFACE ( 'NONE', #845, 3.000000000000000444 ) ;
#646 = VERTEX_POINT ( 'NONE', #485 ) ;
#647 = LINE ( 'NONE', #3474, #796 ) ;
#648 = DIRECTION ( 'NONE',  ( 0.000000000000000000, 0.000000000000000000, 1.000000000000000000 ) ) ;
#649 = CYLINDRICAL_SURFACE ( 'NONE', #535, 4.250000000000000000 ) ;
#650 = CARTESIAN_POINT ( 'NONE',  ( 3.270635594739176089, -0.2254898343303638752, -9.719499999999998252 ) ) ;
#651 =( NAMED_UNIT ( * ) SI_UNIT ( $, .STERADIAN. ) SOLID_ANGLE_UNIT ( ) );
#652 = ORIENTED_EDGE ( 'NONE', *, *, #2155, .T. ) ;
#653 = FACE_OUTER_BOUND ( 'NONE', #1413, .T. ) ;
#654 = DIRECTION ( 'NONE',  ( 0.000000000000000000, 0.000000000000000000, 1.000000000000000000 ) ) ;
#655 = VECTOR ( 'NONE', #1773, 1000.000000000000000 ) ;
#656 = VECTOR ( 'NONE', #2411, 1000.000000000000000 ) ;
#657 = ADVANCED_FACE ( 'NONE', ( #465 ), #2832, .F. ) ;
#658 = CARTESIAN_POINT ( 'NONE',  ( -3.249853172817215086, 0.6557536698337659287, -7.000000000000000000 ) ) ;
#659 = ORIENTED_EDGE ( 'NONE', *, *, #3098, .T. ) ;
#660 = AXIS2_PLACEMENT_3D ( 'NONE', #25, #1209, #2977 ) ;
#661 = DIRECTION ( 'NONE',  ( 1.000000000000000000, 0.000000000000000000, 0.000000000000000000 ) ) ;
#662 = CARTESIAN_POINT ( 'NONE',  ( 0.000000000000000000, 0.000000000000000000, 6.000000000000000000 ) ) ;
#663 = LINE ( 'NONE', #103, #10 ) ;
#664 = ADVANCED_FACE ( 'NONE', ( #816 ), #2547, .T. ) ;
#665 = ORIENTED_EDGE ( 'NONE', *, *, #519, .T. ) ;
#666 = LINE ( 'NONE', #3305, #2796 ) ;
#667 = CARTESIAN_POINT ( 'NONE',  ( -1.529743889979034988, -2.718111318510970431, -4.000000000000000000 ) ) ;
#668 = DIRECTION ( 'NONE',  ( 0.000000000000000000, 0.000000000000000000, 1.000000000000000000 ) ) ;
#669 = CIRCLE ( 'NONE', #982, 3.000000000000000444 ) ;
#670 = EDGE_CURVE ( 'NONE', #1733, #3290, #119, .T. ) ;
#671 = AXIS2_PLACEMENT_3D ( 'NONE', #1475, #2067, #3839 ) ;
#672 = DIRECTION ( 'NONE',  ( 0.000000000000000000, 0.000000000000000000, -1.000000000000000000 ) ) ;
#673 = ORIENTED_EDGE ( 'NONE', *, *, #326, .T. ) ;
#674 = CARTESIAN_POINT ( 'NONE',  ( -3.009848214285025136, 0.8404990939705160313, -7.000000000000000000 ) ) ;
#675 = ORIENTED_EDGE ( 'NONE', *, *, #3325, .T. ) ;
#676 = DIRECTION ( 'NONE',  ( 0.000000000000000000, 0.000000000000000000, -1.000000000000000000 ) ) ;
#677 = ORIENTED_EDGE ( 'NONE', *, *, #2190, .F. ) ;
#678 = DIRECTION ( 'NONE',  ( -0.000000000000000000, -0.000000000000000000, 1.000000000000000000 ) ) ;
#679 = DIRECTION ( 'NONE',  ( 1.000000000000000000, 0.000000000000000000, 0.000000000000000000 ) ) ;
#680 = CARTESIAN_POINT ( 'NONE',  ( 0.000000000000000000, 0.000000000000000000, -7.000000000000000000 ) ) ;
#681 = EDGE_CURVE ( 'NONE', #1757, #3833, #3831, .T. ) ;
#682 = ORIENTED_EDGE ( 'NONE', *, *, #1125, .F. ) ;
#683 = LINE ( 'NONE', #1580, #3294 ) ;
#684 = FACE_OUTER_BOUND ( 'NONE', #3161, .T. ) ;
#685 = DIRECTION ( 'NONE',  ( -1.000000000000000000, 0.000000000000000000, 0.000000000000000000 ) ) ;
#686 = ORIENTED_EDGE ( 'NONE', *, *, #2400, .T. ) ;
#687 = VECTOR ( 'NONE', #2125, 1000.000000000000000 ) ;
#688 = CARTESIAN_POINT ( 'NONE',  ( 2.020910775106314894, -2.581438067825824856, -7.000000000000000000 ) ) ;
#689 = ORIENTED_EDGE ( 'NONE', *, *, #1973, .F. ) ;
#690 = CIRCLE ( 'NONE', #2474, 1.973045005897158255 ) ;
#691 = CYLINDRICAL_SURFACE ( 'NONE', #1028, 1.973045005896730153 ) ;
#692 = CIRCLE ( 'NONE', #3151, 1.973045005896730597 ) ;
#693 = ORIENTED_EDGE ( 'NONE', *, *, #1120, .F. ) ;
#694 = DIRECTION ( 'NONE',  ( -1.000000000000000000, 0.000000000000000000, 0.000000000000000000 ) ) ;
#695 = CARTESIAN_POINT ( 'NONE',  ( 0.000000000000000000, 0.000000000000000000, -9.719499999999998252 ) ) ;
#696 = DIRECTION ( 'NONE',  ( 1.000000000000000000, 0.000000000000000000, 0.000000000000000000 ) ) ;
#697 = DIRECTION ( 'NONE',  ( 1.000000000000000000, 0.000000000000000000, 0.000000000000000000 ) ) ;
#698 = ORIENTED_EDGE ( 'NONE', *, *, #1883, .F. ) ;
#699 = ORIENTED_EDGE ( 'NONE', *, *, #3671, .T. ) ;
#700 = EDGE_CURVE ( 'NONE', #1664, #2288, #863, .T. ) ;
#701 = DIRECTION ( 'NONE',  ( 0.000000000000000000, 0.000000000000000000, 1.000000000000000000 ) ) ;
#702 = EDGE_CURVE ( 'NONE', #3833, #551, #1992, .T. ) ;
#703 = LINE ( 'NONE', #2476, #293 ) ;
#704 = FACE_OUTER_BOUND ( 'NONE', #939, .T. ) ;
#705 = ORIENTED_EDGE ( 'NONE', *, *, #2030, .F. ) ;
#706 = PRESENTATION_STYLE_ASSIGNMENT (( #2179 ) ) ;
#707 = ORIENTED_EDGE ( 'NONE', *, *, #3686, .F. ) ;
#708 = CARTESIAN_POINT ( 'NONE',  ( -3.235607650385375234, 0.7227735835918559504, -1.000000000000000000 ) ) ;
#709 = ORIENTED_EDGE ( 'NONE', *, *, #2306, .F. ) ;
#710 = VECTOR ( 'NONE', #2727, 1000.000000000000000 ) ;
#711 = DIRECTION ( 'NONE',  ( 0.000000000000000000, 0.000000000000000000, -1.000000000000000000 ) ) ;
#712 = CARTESIAN_POINT ( 'NONE',  ( -3.050671579314320869, 0.6484402616834654687, -1.000000000000000000 ) ) ;
#713 = EDGE_CURVE ( 'NONE', #571, #2783, #1480, .T. ) ;
#714 = AXIS2_PLACEMENT_3D ( 'NONE', #3699, #482, #503 ) ;
#715 = CIRCLE ( 'NONE', #1948, 0.1963495408493576566 ) ;
#716 = CYLINDRICAL_SURFACE ( 'NONE', #1357, 0.1963495408493620142 ) ;
#717 = ADVANCED_FACE ( 'NONE', ( #3140 ), #3781, .T. ) ;
#718 = CARTESIAN_POINT ( 'NONE',  ( -3.235607650385375234, 0.7227735835918559504, -1.000000000000000000 ) ) ;
#719 = AXIS2_PLACEMENT_3D ( 'NONE', #674, #3632, #1568 ) ;
#720 = VECTOR ( 'NONE', #62, 1000.000000000000114 ) ;
#721 = DIRECTION ( 'NONE',  ( -0.000000000000000000, -0.000000000000000000, 1.000000000000000000 ) ) ;
#722 = ORIENTED_EDGE ( 'NONE', *, *, #1953, .F. ) ;
#723 = CIRCLE ( 'NONE', #2870, 1.973045005896732373 ) ;
#724 = EDGE_CURVE ( 'NONE', #198, #1055, #1395, .T. ) ;
#725 = VERTEX_POINT ( 'NONE', #1704 ) ;
#726 = CARTESIAN_POINT ( 'NONE',  ( 2.863122998320210222, -1.237243793775667289, -9.719499999999998252 ) ) ;
#727 = AXIS2_PLACEMENT_3D ( 'NONE', #2643, #1873, #625 ) ;
#728 = DIRECTION ( 'NONE',  ( 0.000000000000000000, 0.000000000000000000, 1.000000000000000000 ) ) ;
#729 = CARTESIAN_POINT ( 'NONE',  ( 3.014628782297434917, 1.379699904078589778, -9.719499999999998252 ) ) ;
#730 = ORIENTED_EDGE ( 'NONE', *, *, #3711, .F. ) ;
#731 = CARTESIAN_POINT ( 'NONE',  ( -1.830597722194828858, -2.719708594400556123, -9.719499999999998252 ) ) ;
#732 = ORIENTED_EDGE ( 'NONE', *, *, #774, .T. ) ;
#733 = AXIS2_PLACEMENT_3D ( 'NONE', #1258, #2722, #1338 ) ;
#734 = EDGE_LOOP ( 'NONE', ( #1429, #2778, #839, #1399 ) ) ;
#735 = DIRECTION ( 'NONE',  ( -1.000000000000000000, 0.000000000000000000, 0.000000000000000000 ) ) ;
#736 = DIRECTION ( 'NONE',  ( 0.000000000000000000, 0.000000000000000000, 1.000000000000000000 ) ) ;
#737 = FACE_OUTER_BOUND ( 'NONE', #2861, .T. ) ;
#738 = CARTESIAN_POINT ( 'NONE',  ( 0.000000000000000000, 0.000000000000000000, -1.000000000000000000 ) ) ;
#739 = CARTESIAN_POINT ( 'NONE',  ( -1.627918660403679940, 2.888155008907944854, -1.000000000000000000 ) ) ;
#740 = ORIENTED_EDGE ( 'NONE', *, *, #541, .T. ) ;
#741 = ORIENTED_EDGE ( 'NONE', *, *, #1632, .T. ) ;
#742 = CARTESIAN_POINT ( 'NONE',  ( -1.529743889978995020, 2.718111318510990415, -1.000000000000000000 ) ) ;
#743 = DIRECTION ( 'NONE',  ( 0.000000000000000000, 0.000000000000000000, 1.000000000000000000 ) ) ;
#744 = VERTEX_POINT ( 'NONE', #2869 ) ;
#745 = LINE ( 'NONE', #2825, #1213 ) ;
#746 = ORIENTED_EDGE ( 'NONE', *, *, #2546, .F. ) ;
#747 = EDGE_LOOP ( 'NONE', ( #740, #2593, #722, #762 ) ) ;
#748 = ORIENTED_EDGE ( 'NONE', *, *, #1190, .T. ) ;
#749 = AXIS2_PLACEMENT_3D ( 'NONE', #2560, #3154, #3433 ) ;
#750 = DIRECTION ( 'NONE',  ( 0.000000000000000000, 0.000000000000000000, 1.000000000000000000 ) ) ;
#751 = EDGE_CURVE ( 'NONE', #1853, #1508, #487, .T. ) ;
#752 = EDGE_CURVE ( 'NONE', #2414, #2522, #799, .T. ) ;
#753 = CYLINDRICAL_SURFACE ( 'NONE', #1460, 4.250000000000000000 ) ;
#754 = CIRCLE ( 'NONE', #1861, 0.1963495408492196004 ) ;
#755 = DIRECTION ( 'NONE',  ( -0.000000000000000000, -0.000000000000000000, -1.000000000000000000 ) ) ;
#756 = DIRECTION ( 'NONE',  ( -1.000000000000000000, 0.000000000000000000, 0.000000000000000000 ) ) ;
#757 = VECTOR ( 'NONE', #3186, 1000.000000000000227 ) ;
#758 = CARTESIAN_POINT ( 'NONE',  ( 1.981338335720388644, 3.759893402663975426, -1.000000000000000000 ) ) ;
#759 = VERTEX_POINT ( 'NONE', #1457 ) ;
#760 = EDGE_CURVE ( 'NONE', #3118, #1653, #2947, .T. ) ;
#761 = DIRECTION ( 'NONE',  ( 1.000000000000000000, 0.000000000000000000, 0.000000000000000000 ) ) ;
#762 = ORIENTED_EDGE ( 'NONE', *, *, #1073, .F. ) ;
#763 = DIRECTION ( 'NONE',  ( 0.000000000000000000, 0.000000000000000000, 1.000000000000000000 ) ) ;
#764 = CARTESIAN_POINT ( 'NONE',  ( -1.431569119554499725, -2.888155008907924870, -1.000000000000000000 ) ) ;
#765 = ORIENTED_EDGE ( 'NONE', *, *, #1740, .F. ) ;
#766 = EDGE_CURVE ( 'NONE', #2177, #2828, #303, .T. ) ;
#767 = FACE_BOUND ( 'NONE', #181, .T. ) ;
#768 = ORIENTED_EDGE ( 'NONE', *, *, #3155, .T. ) ;
#769 = EDGE_CURVE ( 'NONE', #2044, #3124, #2107, .T. ) ;
#770 = VERTEX_POINT ( 'NONE', #934 ) ;
#771 = DIRECTION ( 'NONE',  ( 0.000000000000000000, 0.000000000000000000, 1.000000000000000000 ) ) ;
#772 = DIRECTION ( 'NONE',  ( -1.000000000000000000, 0.000000000000000000, 0.000000000000000000 ) ) ;
#773 = CARTESIAN_POINT ( 'NONE',  ( -2.314977172283904761, -2.687134095881329898, -7.000000000000000000 ) ) ;
#774 = EDGE_CURVE ( 'NONE', #3090, #954, #3199, .T. ) ;
#775 = EDGE_CURVE ( 'NONE', #1538, #582, #2318, .T. ) ;
#776 = LINE ( 'NONE', #3103, #2157 ) ;
#777 = VECTOR ( 'NONE', #210, 1000.000000000000000 ) ;
#778 = DIRECTION ( 'NONE',  ( 1.000000000000000000, 0.000000000000000000, 0.000000000000000000 ) ) ;
#779 = ORIENTED_EDGE ( 'NONE', *, *, #2793, .F. ) ;
#780 = EDGE_CURVE ( 'NONE', #2444, #1352, #3087, .T. ) ;
#781 = CIRCLE ( 'NONE', #3113, 0.1963495408492184624 ) ;
#782 = VECTOR ( 'NONE', #1011, 1000.000000000000000 ) ;
#783 = EDGE_LOOP ( 'NONE', ( #3811, #2540, #501, #2217 ) ) ;
#784 = EDGE_CURVE ( 'NONE', #2755, #2026, #1781, .T. ) ;
#785 = LINE ( 'NONE', #1053, #2627 ) ;
#786 = CARTESIAN_POINT ( 'NONE',  ( -2.430432687826065141, 2.583177482750675047, -7.000000000000000000 ) ) ;
#787 = VERTEX_POINT ( 'NONE', #606 ) ;
#788 = AXIS2_PLACEMENT_3D ( 'NONE', #980, #3603, #1864 ) ;
#789 = DIRECTION ( 'NONE',  ( 1.000000000000000000, 0.000000000000000000, 0.000000000000000000 ) ) ;
#790 = EDGE_CURVE ( 'NONE', #335, #744, #506, .T. ) ;
#791 = EDGE_LOOP ( 'NONE', ( #3164, #2882, #2361, #748 ) ) ;
#792 = ORIENTED_EDGE ( 'NONE', *, *, #2893, .F. ) ;
#793 = VERTEX_POINT ( 'NONE', #1183 ) ;
#794 = FACE_OUTER_BOUND ( 'NONE', #2591, .T. ) ;
#795 = CYLINDRICAL_SURFACE ( 'NONE', #1705, 1.973045005896730153 ) ;
#796 = VECTOR ( 'NONE', #309, 1000.000000000000000 ) ;
#797 = DIRECTION ( 'NONE',  ( -1.000000000000000000, 0.000000000000000000, 0.000000000000000000 ) ) ;
#798 = DIRECTION ( 'NONE',  ( -1.000000000000000000, 0.000000000000000000, 0.000000000000000000 ) ) ;
#799 = CIRCLE ( 'NONE', #671, 0.1963495408493615701 ) ;
#800 = FACE_OUTER_BOUND ( 'NONE', #2336, .T. ) ;
#801 = ORIENTED_EDGE ( 'NONE', *, *, #99, .F. ) ;
#802 = ORIENTED_EDGE ( 'NONE', *, *, #1753, .F. ) ;
#803 = AXIS2_PLACEMENT_3D ( 'NONE', #463, #755, #3121 ) ;
#804 = CARTESIAN_POINT ( 'NONE',  ( -1.156315544684377805, -4.089674114292309426, -1.000000000000000000 ) ) ;
#805 = DIRECTION ( 'NONE',  ( 0.000000000000000000, 0.000000000000000000, 1.000000000000000000 ) ) ;
#806 = ADVANCED_FACE ( 'NONE', ( #2033 ), #17, .F. ) ;
#807 = EDGE_LOOP ( 'NONE', ( #1942, #1113, #652, #2592 ) ) ;
#808 = CARTESIAN_POINT ( 'NONE',  ( 2.896159312914922790, -1.536282556425517143, -1.000000000000000000 ) ) ;
#809 = ORIENTED_EDGE ( 'NONE', *, *, #3081, .T. ) ;
#810 = ORIENTED_EDGE ( 'NONE', *, *, #3736, .T. ) ;
#811 = ORIENTED_EDGE ( 'NONE', *, *, #91, .F. ) ;
#812 = DIRECTION ( 'NONE',  ( -1.000000000000000000, 0.000000000000000000, 0.000000000000000000 ) ) ;
#813 = FACE_OUTER_BOUND ( 'NONE', #146, .T. ) ;
#814 = CARTESIAN_POINT ( 'NONE',  ( 0.000000000000000000, 0.000000000000000000, 11.00100000000000122 ) ) ;
#815 = VECTOR ( 'NONE', #3498, 1000.000000000000000 ) ;
#816 = FACE_OUTER_BOUND ( 'NONE', #2967, .T. ) ;
#817 = CYLINDRICAL_SURFACE ( 'NONE', #348, 0.1963495408493620142 ) ;
#818 = AXIS2_PLACEMENT_3D ( 'NONE', #1489, #2886, #930 ) ;
#819 = VERTEX_POINT ( 'NONE', #2372 ) ;
#820 = VECTOR ( 'NONE', #3827, 1000.000000000000114 ) ;
#821 = EDGE_LOOP ( 'NONE', ( #2326, #3257, #2301, #2162 ) ) ;
#822 = DIRECTION ( 'NONE',  ( 1.000000000000000000, 0.000000000000000000, 0.000000000000000000 ) ) ;
#823 = CYLINDRICAL_SURFACE ( 'NONE', #1627, 0.1963495408493620142 ) ;
#824 = ORIENTED_EDGE ( 'NONE', *, *, #1756, .T. ) ;
#825 = EDGE_CURVE ( 'NONE', #3586, #3393, #3554, .T. ) ;
#826 = CARTESIAN_POINT ( 'NONE',  ( 2.112360622440708546, -2.294815484850038612, -9.719499999999998252 ) ) ;
#827 = ORIENTED_EDGE ( 'NONE', *, *, #3206, .T. ) ;
#828 = ORIENTED_EDGE ( 'NONE', *, *, #491, .T. ) ;
#829 = ORIENTED_EDGE ( 'NONE', *, *, #1492, .F. ) ;
#830 = DIRECTION ( 'NONE',  ( 0.000000000000000000, 0.000000000000000000, 1.000000000000000000 ) ) ;
#831 = FACE_OUTER_BOUND ( 'NONE', #1097, .T. ) ;
#832 = DIRECTION ( 'NONE',  ( 1.000000000000000000, 0.000000000000000000, 0.000000000000000000 ) ) ;
#833 = DIRECTION ( 'NONE',  ( 1.000000000000000000, 0.000000000000000000, 0.000000000000000000 ) ) ;
#834 = CARTESIAN_POINT ( 'NONE',  ( 1.100000000000000089, 1.347111479062088503E-16, -21.00000000000000000 ) ) ;
#835 = AXIS2_PLACEMENT_3D ( 'NONE', #60, #2418, #761 ) ;
#836 = EDGE_CURVE ( 'NONE', #244, #1954, #2961, .T. ) ;
#837 = ORIENTED_EDGE ( 'NONE', *, *, #3034, .F. ) ;
#838 = CIRCLE ( 'NONE', #2800, 1.973045005896731041 ) ;
#839 = ORIENTED_EDGE ( 'NONE', *, *, #1295, .T. ) ;
#840 = CARTESIAN_POINT ( 'NONE',  ( 0.2807562157281140447, 4.240716442692360033, -9.719499999999998252 ) ) ;
#841 = DIRECTION ( 'NONE',  ( -1.000000000000000000, 0.000000000000000000, 0.000000000000000000 ) ) ;
#842 = ORIENTED_EDGE ( 'NONE', *, *, #1409, .T. ) ;
#843 = EDGE_CURVE ( 'NONE', #3290, #2854, #998, .T. ) ;
#844 = AXIS2_PLACEMENT_3D ( 'NONE', #773, #1949, #484 ) ;
#845 = AXIS2_PLACEMENT_3D ( 'NONE', #2455, #1842, #3642 ) ;
#846 = CLOSED_SHELL ( 'NONE', ( #117, #2883, #1865, #3673, #3635, #2865, #1465, #2061, #165, #281, #2101, #3291, #123, #3397, #1731, #382, #1517, #3607, #236, #1289, #3231, #3049, #2132, #3454, #3824, #2042, #185, #216, #2950, #1699, #402, #717, #2638, #267, #2360, #1560, #1176, #3219, #3233, #186, #2544, #3014, #3348, #1839, #2529, #345, #1068, #1004, #1644, #403, #3403, #542, #3032, #2940, #1107, #3790, #87, #3615, #2753, #1231, #2122, #806, #3460, #375, #549, #1960, #2963, #2090, #277, #1884, #3287, #3252, #3715, #3352, #1008, #3332, #657, #3416, #3213, #1145, #1224, #3107, #2845, #3283, #2320, #1249, #3198, #15, #1802, #1813, #2085, #2486, #1633, #1445, #1061, #3062, #2041, #664, #883, #644, #875, #1478, #3130, #605, #2649, #449, #617, #2808, #81, #3447, #1469, #3523, #2565 ) ) ;
#847 = DIRECTION ( 'NONE',  ( 1.000000000000000000, 0.000000000000000000, 0.000000000000000000 ) ) ;
#848 = AXIS2_PLACEMENT_3D ( 'NONE', #3529, #2898, #245 ) ;
#849 = AXIS2_PLACEMENT_3D ( 'NONE', #1798, #39, #1222 ) ;
#850 = ORIENTED_EDGE ( 'NONE', *, *, #360, .F. ) ;
#851 = ORIENTED_EDGE ( 'NONE', *, *, #2985, .F. ) ;
#852 = CIRCLE ( 'NONE', #3558, 4.249999999999488409 ) ;
#853 = ORIENTED_EDGE ( 'NONE', *, *, #1283, .T. ) ;
#854 = CARTESIAN_POINT ( 'NONE',  ( 0.000000000000000000, 0.000000000000000000, -1.000000000000000000 ) ) ;
#855 = ORIENTED_EDGE ( 'NONE', *, *, #1594, .F. ) ;
#856 = LINE ( 'NONE', #1434, #3425 ) ;
#857 = LINE ( 'NONE', #1761, #3633 ) ;
#858 = CARTESIAN_POINT ( 'NONE',  ( 0.000000000000000000, 0.000000000000000000, -9.719499999999998252 ) ) ;
#859 = DIRECTION ( 'NONE',  ( 1.000000000000000000, 0.000000000000000000, 0.000000000000000000 ) ) ;
#860 = DIRECTION ( 'NONE',  ( 0.000000000000000000, 0.000000000000000000, 1.000000000000000000 ) ) ;
#861 = AXIS2_PLACEMENT_3D ( 'NONE', #2145, #3312, #951 ) ;
#862 = ORIENTED_EDGE ( 'NONE', *, *, #500, .F. ) ;
#863 = CIRCLE ( 'NONE', #1105, 1.973045005896731041 ) ;
#864 = ORIENTED_EDGE ( 'NONE', *, *, #3686, .T. ) ;
#865 = CARTESIAN_POINT ( 'NONE',  ( -0.3124592246176750021, -3.300595060488625165, -7.000000000000000000 ) ) ;
#866 = FACE_OUTER_BOUND ( 'NONE', #1463, .T. ) ;
#867 = ORIENTED_EDGE ( 'NONE', *, *, #468, .F. ) ;
#868 = CARTESIAN_POINT ( 'NONE',  ( 3.484614976550514776, -0.6612619924382469039, -7.000000000000000000 ) ) ;
#869 = ORIENTED_EDGE ( 'NONE', *, *, #2893, .T. ) ;
#870 = EDGE_LOOP ( 'NONE', ( #442, #3828 ) ) ;
#871 = DIRECTION ( 'NONE',  ( 0.2079116908177462419, 0.9781476007338084644, 0.000000000000000000 ) ) ;
#872 = EDGE_LOOP ( 'NONE', ( #3407, #422, #3183, #2342 ) ) ;
#873 = CARTESIAN_POINT ( 'NONE',  ( 0.7770305399062549245, -3.026854562091314982, -7.000000000000000000 ) ) ;
#874 = DIRECTION ( 'NONE',  ( 0.000000000000000000, 0.000000000000000000, 1.000000000000000000 ) ) ;
#875 = ADVANCED_FACE ( 'NONE', ( #3519 ), #896, .T. ) ;
#876 = DIRECTION ( 'NONE',  ( 0.000000000000000000, 0.000000000000000000, -1.000000000000000000 ) ) ;
#877 = FACE_OUTER_BOUND ( 'NONE', #1164, .T. ) ;
#878 = CIRCLE ( 'NONE', #3022, 1.973045005896588044 ) ;
#879 = ORIENTED_EDGE ( 'NONE', *, *, #2128, .T. ) ;
#880 = AXIS2_PLACEMENT_3D ( 'NONE', #961, #1549, #65 ) ;
#881 = CARTESIAN_POINT ( 'NONE',  ( -3.000000000000000444, 3.673940397442060361E-16, -21.00000000000000000 ) ) ;
#882 = CARTESIAN_POINT ( 'NONE',  ( 2.265494034368390253, -3.595836033556575106, -7.000000000000000000 ) ) ;
#883 = ADVANCED_FACE ( 'NONE', ( #329 ), #585, .T. ) ;
#884 = VERTEX_POINT ( 'NONE', #1796 ) ;
#885 = AXIS2_PLACEMENT_3D ( 'NONE', #448, #2526, #211 ) ;
#886 = AXIS2_PLACEMENT_3D ( 'NONE', #899, #1462, #1112 ) ;
#887 = DIRECTION ( 'NONE',  ( 0.000000000000000000, 0.000000000000000000, -1.000000000000000000 ) ) ;
#888 = AXIS2_PLACEMENT_3D ( 'NONE', #680, #1858, #937 ) ;
#889 = EDGE_CURVE ( 'NONE', #1733, #1387, #292, .T. ) ;
#890 = ORIENTED_EDGE ( 'NONE', *, *, #2008, .T. ) ;
#891 = CYLINDRICAL_SURFACE ( 'NONE', #3400, 1.973045005896730597 ) ;
#892 = ORIENTED_EDGE ( 'NONE', *, *, #1302, .F. ) ;
#893 = FACE_OUTER_BOUND ( 'NONE', #1005, .T. ) ;
#894 = EDGE_CURVE ( 'NONE', #759, #3024, #63, .T. ) ;
#895 = FACE_OUTER_BOUND ( 'NONE', #3445, .T. ) ;
#896 = CYLINDRICAL_SURFACE ( 'NONE', #3272, 4.250000000000000000 ) ;
#897 = CARTESIAN_POINT ( 'NONE',  ( -2.702169557679759748, -1.920895156409979876, -1.000000000000000000 ) ) ;
#898 = DIRECTION ( 'NONE',  ( 0.8660254037844513642, 0.4999999999999779621, 0.000000000000000000 ) ) ;
#899 = CARTESIAN_POINT ( 'NONE',  ( 0.000000000000000000, 0.000000000000000000, -9.719499999999998252 ) ) ;
#900 = EDGE_CURVE ( 'NONE', #2444, #330, #1893, .T. ) ;
#901 = ORIENTED_EDGE ( 'NONE', *, *, #3770, .T. ) ;
#902 = CARTESIAN_POINT ( 'NONE',  ( 3.014628782297434917, 1.379699904078589778, -1.000000000000000000 ) ) ;
#903 = EDGE_CURVE ( 'NONE', #2025, #1550, #988, .T. ) ;
#904 = DIRECTION ( 'NONE',  ( -1.000000000000000000, 0.000000000000000000, 0.000000000000000000 ) ) ;
#905 = CARTESIAN_POINT ( 'NONE',  ( 2.020910775106349533, 2.581438067825796434, -9.719499999999998252 ) ) ;
#906 = AXIS2_PLACEMENT_3D ( 'NONE', #1191, #3657, #22 ) ;
#907 = VECTOR ( 'NONE', #432, 1000.000000000000000 ) ;
#908 = EDGE_CURVE ( 'NONE', #744, #949, #193, .T. ) ;
#909 = ORIENTED_EDGE ( 'NONE', *, *, #1492, .T. ) ;
#910 = AXIS2_PLACEMENT_3D ( 'NONE', #2424, #3606, #1833 ) ;
#911 = VECTOR ( 'NONE', #393, 1000.000000000000000 ) ;
#912 = DIRECTION ( 'NONE',  ( -0.000000000000000000, -0.000000000000000000, 1.000000000000000000 ) ) ;
#913 = ORIENTED_EDGE ( 'NONE', *, *, #2445, .F. ) ;
#914 = DIRECTION ( 'NONE',  ( 0.8090169943749426773, -0.5877852522924796874, 0.000000000000000000 ) ) ;
#915 = AXIS2_PLACEMENT_3D ( 'NONE', #61, #2709, #24 ) ;
#916 = DIRECTION ( 'NONE',  ( 0.000000000000000000, 0.000000000000000000, 1.000000000000000000 ) ) ;
#917 = DIRECTION ( 'NONE',  ( 0.000000000000000000, 0.000000000000000000, 1.000000000000000000 ) ) ;
#918 = AXIS2_PLACEMENT_3D ( 'NONE', #3065, #1187, #2358 ) ;
#919 = LINE ( 'NONE', #1201, #414 ) ;
#920 = CYLINDRICAL_SURFACE ( 'NONE', #2497, 0.1963495408493620142 ) ;
#921 = DIRECTION ( 'NONE',  ( 0.000000000000000000, 0.000000000000000000, 1.000000000000000000 ) ) ;
#922 = ORIENTED_EDGE ( 'NONE', *, *, #360, .T. ) ;
#923 = ORIENTED_EDGE ( 'NONE', *, *, #563, .T. ) ;
#924 = VECTOR ( 'NONE', #1874, 1000.000000000000000 ) ;
#925 = EDGE_CURVE ( 'NONE', #469, #568, #3589, .T. ) ;
#926 = LINE ( 'NONE', #2708, #3358 ) ;
#927 = CARTESIAN_POINT ( 'NONE',  ( 0.000000000000000000, 0.000000000000000000, -7.000000000000000000 ) ) ;
#928 = DIRECTION ( 'NONE',  ( 1.000000000000000000, 0.000000000000000000, 0.000000000000000000 ) ) ;
#929 = ORIENTED_EDGE ( 'NONE', *, *, #1017, .T. ) ;
#930 = DIRECTION ( 'NONE',  ( 1.000000000000000000, 0.000000000000000000, 0.000000000000000000 ) ) ;
#931 = ORIENTED_EDGE ( 'NONE', *, *, #2211, .F. ) ;
#932 = CARTESIAN_POINT ( 'NONE',  ( 3.452313666459034813, -0.8132277084702069780, -7.000000000000000000 ) ) ;
#933 = FACE_OUTER_BOUND ( 'NONE', #142, .T. ) ;
#934 = CARTESIAN_POINT ( 'NONE',  ( 3.118825397134032951, 0.03425858924962452839, -1.000000000000000000 ) ) ;
#935 = VERTEX_POINT ( 'NONE', #3080 ) ;
#936 = CARTESIAN_POINT ( 'NONE',  ( 1.840249104221085119, 3.032044226566794620, -9.719499999999998252 ) ) ;
#937 = DIRECTION ( 'NONE',  ( 1.000000000000000000, 0.000000000000000000, 0.000000000000000000 ) ) ;
#938 = ORIENTED_EDGE ( 'NONE', *, *, #3250, .T. ) ;
#939 = EDGE_LOOP ( 'NONE', ( #3075, #3088, #3390, #1677 ) ) ;
#940 = AXIS2_PLACEMENT_3D ( 'NONE', #2467, #3295, #2735 ) ;
#941 = LINE ( 'NONE', #3284, #29 ) ;
#942 = CARTESIAN_POINT ( 'NONE',  ( 3.532190061753490262, 2.363500236435895019, -7.000000000000000000 ) ) ;
#943 = DIRECTION ( 'NONE',  ( 0.000000000000000000, 0.000000000000000000, 1.000000000000000000 ) ) ;
#944 = CIRCLE ( 'NONE', #2173, 0.1963495408493641792 ) ;
#945 = EDGE_CURVE ( 'NONE', #2604, #3813, #1854, .T. ) ;
#946 = EDGE_CURVE ( 'NONE', #793, #787, #2350, .T. ) ;
#947 = ORIENTED_EDGE ( 'NONE', *, *, #1299, .T. ) ;
#948 = DIRECTION ( 'NONE',  ( 0.000000000000000000, 0.000000000000000000, 1.000000000000000000 ) ) ;
#949 = VERTEX_POINT ( 'NONE', #1255 ) ;
#950 = DIRECTION ( 'NONE',  ( -0.000000000000000000, -0.000000000000000000, 1.000000000000000000 ) ) ;
#951 = DIRECTION ( 'NONE',  ( -1.000000000000000000, 0.000000000000000000, 0.000000000000000000 ) ) ;
#952 = EDGE_CURVE ( 'NONE', #2741, #2275, #444, .T. ) ;
#953 = DIRECTION ( 'NONE',  ( 0.000000000000000000, 0.000000000000000000, 1.000000000000000000 ) ) ;
#954 = VERTEX_POINT ( 'NONE', #95 ) ;
#955 = DIRECTION ( 'NONE',  ( 0.000000000000000000, 0.000000000000000000, 1.000000000000000000 ) ) ;
#956 = DIRECTION ( 'NONE',  ( -1.000000000000000000, 0.000000000000000000, 0.000000000000000000 ) ) ;
#957 = VERTEX_POINT ( 'NONE', #1872 ) ;
#958 = CARTESIAN_POINT ( 'NONE',  ( -0.1176199352020340094, 3.276288816603964982, -7.000000000000000000 ) ) ;
#959 = LINE ( 'NONE', #2976, #1407 ) ;
#960 = CARTESIAN_POINT ( 'NONE',  ( -3.249853172817224856, -0.6557536698337228520, -9.719499999999998252 ) ) ;
#961 = CARTESIAN_POINT ( 'NONE',  ( 2.192825923109499975, -2.486578571312304753, -9.719499999999998252 ) ) ;
#962 = CIRCLE ( 'NONE', #3614, 0.1963495408493620142 ) ;
#963 = ORIENTED_EDGE ( 'NONE', *, *, #3623, .F. ) ;
#964 = EDGE_CURVE ( 'NONE', #2541, #1252, #3208, .T. ) ;
#965 = LINE ( 'NONE', #3061, #2927 ) ;
#966 = DIRECTION ( 'NONE',  ( 0.000000000000000000, 0.000000000000000000, 1.000000000000000000 ) ) ;
#967 = AXIS2_PLACEMENT_3D ( 'NONE', #516, #147, #1365 ) ;
#968 = AXIS2_PLACEMENT_3D ( 'NONE', #3201, #566, #3476 ) ;
#969 = ORIENTED_EDGE ( 'NONE', *, *, #491, .F. ) ;
#970 = CARTESIAN_POINT ( 'NONE',  ( -1.589081507155019946, -2.683852729261340109, -7.000000000000000000 ) ) ;
#971 = ORIENTED_EDGE ( 'NONE', *, *, #1968, .F. ) ;
#972 = AXIS2_PLACEMENT_3D ( 'NONE', #1880, #2710, #109 ) ;
#973 = LINE ( 'NONE', #2109, #656 ) ;
#974 = VECTOR ( 'NONE', #2625, 1000.000000000000000 ) ;
#975 = CARTESIAN_POINT ( 'NONE',  ( 0.9637700502028919702, 2.966179217131049040, -1.000000000000000000 ) ) ;
#976 = CYLINDRICAL_SURFACE ( 'NONE', #3220, 0.1963495408493620142 ) ;
#977 = ORIENTED_EDGE ( 'NONE', *, *, #2711, .T. ) ;
#978 = CARTESIAN_POINT ( 'NONE',  ( -3.812946277480790069, -1.877216206255434949, -7.000000000000000000 ) ) ;
#979 = CARTESIAN_POINT ( 'NONE',  ( -3.235607650385375234, 0.7227735835918559504, -1.000000000000000000 ) ) ;
#980 = CARTESIAN_POINT ( 'NONE',  ( 0.4479077197208954919, 3.518406973625700207, -7.000000000000000000 ) ) ;
#981 = ORIENTED_EDGE ( 'NONE', *, *, #670, .T. ) ;
#982 = AXIS2_PLACEMENT_3D ( 'NONE', #1556, #77, #450 ) ;
#983 = DIRECTION ( 'NONE',  ( 0.000000000000000000, 0.000000000000000000, 1.000000000000000000 ) ) ;
#984 = ORIENTED_EDGE ( 'NONE', *, *, #751, .F. ) ;
#985 = DIRECTION ( 'NONE',  ( 1.000000000000000000, 0.000000000000000000, 0.000000000000000000 ) ) ;
#986 = ORIENTED_EDGE ( 'NONE', *, *, #2139, .T. ) ;
#987 = AXIS2_PLACEMENT_3D ( 'NONE', #3102, #1912, #1393 ) ;
#988 = LINE ( 'NONE', #2772, #1622 ) ;
#989 = DIRECTION ( 'NONE',  ( 1.000000000000000000, 0.000000000000000000, 0.000000000000000000 ) ) ;
#990 = EDGE_CURVE ( 'NONE', #198, #3695, #3594, .T. ) ;
#991 = DIRECTION ( 'NONE',  ( 0.000000000000000000, 0.000000000000000000, 1.000000000000000000 ) ) ;
#992 = DIRECTION ( 'NONE',  ( 1.000000000000000000, 0.000000000000000000, 0.000000000000000000 ) ) ;
#993 = ORIENTED_EDGE ( 'NONE', *, *, #2824, .F. ) ;
#994 = DIRECTION ( 'NONE',  ( -0.000000000000000000, -0.000000000000000000, -1.000000000000000000 ) ) ;
#995 = DIRECTION ( 'NONE',  ( 0.000000000000000000, 0.000000000000000000, -1.000000000000000000 ) ) ;
#996 = CARTESIAN_POINT ( 'NONE',  ( -1.627918660403679940, 2.888155008907944854, -9.719499999999998252 ) ) ;
#997 = ORIENTED_EDGE ( 'NONE', *, *, #1690, .F. ) ;
#998 = CIRCLE ( 'NONE', #1060, 4.249999999998978595 ) ;
#999 = EDGE_CURVE ( 'NONE', #1608, #3375, #567, .T. ) ;
#1000 = LINE ( 'NONE', #1251, #2721 ) ;
#1001 = VERTEX_POINT ( 'NONE', #1238 ) ;
#1002 = VECTOR ( 'NONE', #249, 1000.000000000000000 ) ;
#1003 = DIRECTION ( 'NONE',  ( 0.000000000000000000, 0.000000000000000000, 1.000000000000000000 ) ) ;
#1004 = ADVANCED_FACE ( 'NONE', ( #1571 ), #1297, .F. ) ;
#1005 = EDGE_LOOP ( 'NONE', ( #250, #2126, #2398, #3387 ) ) ;
#1006 = CARTESIAN_POINT ( 'NONE',  ( -2.523182748769603023, -1.833199572910632735, -1.000000000000000000 ) ) ;
#1007 = LINE ( 'NONE', #3541, #538 ) ;
#1008 = ADVANCED_FACE ( 'NONE', ( #3654 ), #1274, .F. ) ;
#1009 = FACE_OUTER_BOUND ( 'NONE', #791, .T. ) ;
#1010 = CARTESIAN_POINT ( 'NONE',  ( 0.2933980814763980094, -3.534646590994565241, -9.719499999999998252 ) ) ;
#1011 = DIRECTION ( 'NONE',  ( 0.000000000000000000, 0.000000000000000000, 1.000000000000000000 ) ) ;
#1012 = ORIENTED_EDGE ( 'NONE', *, *, #1400, .F. ) ;
#1013 = ORIENTED_EDGE ( 'NONE', *, *, #2240, .T. ) ;
#1014 = CARTESIAN_POINT ( 'NONE',  ( 0.9311881956577039432, 2.976765703412579622, -1.000000000000000000 ) ) ;
#1015 = DIRECTION ( 'NONE',  ( -1.000000000000000000, 0.000000000000000000, 0.000000000000000000 ) ) ;
#1016 = CARTESIAN_POINT ( 'NONE',  ( 1.057027249707708005, -3.142332241146045035, -9.719499999999998252 ) ) ;
#1017 = EDGE_CURVE ( 'NONE', #2769, #3330, #3008, .T. ) ;
#1018 = EDGE_LOOP ( 'NONE', ( #3316, #2461, #479, #1636 ) ) ;
#1019 = CARTESIAN_POINT ( 'NONE',  ( -1.529743889979035876, -2.718111318510968655, -1.000000000000000000 ) ) ;
#1020 = EDGE_LOOP ( 'NONE', ( #730, #802, #2602, #1994 ) ) ;
#1021 = ORIENTED_EDGE ( 'NONE', *, *, #903, .F. ) ;
#1022 = AXIS2_PLACEMENT_3D ( 'NONE', #565, #143, #3500 ) ;
#1023 = VERTEX_POINT ( 'NONE', #72 ) ;
#1024 = CIRCLE ( 'NONE', #155, 1.100000000000000089 ) ;
#1025 = DIRECTION ( 'NONE',  ( 1.000000000000000000, 0.000000000000000000, 0.000000000000000000 ) ) ;
#1026 = DIRECTION ( 'NONE',  ( -1.000000000000000000, 0.000000000000000000, 0.000000000000000000 ) ) ;
#1027 = CIRCLE ( 'NONE', #3748, 1.973045005897155590 ) ;
#1028 = AXIS2_PLACEMENT_3D ( 'NONE', #2752, #344, #1253 ) ;
#1029 = AXIS2_PLACEMENT_3D ( 'NONE', #1496, #1184, #1 ) ;
#1030 = CYLINDRICAL_SURFACE ( 'NONE', #1374, 1.973045005896730153 ) ;
#1031 = DIRECTION ( 'NONE',  ( 1.000000000000000000, 0.000000000000000000, 0.000000000000000000 ) ) ;
#1032 = AXIS2_PLACEMENT_3D ( 'NONE', #2537, #3774, #1078 ) ;
#1033 = VECTOR ( 'NONE', #1208, 1000.000000000000000 ) ;
#1034 = LINE ( 'NONE', #1669, #3171 ) ;
#1035 = ORIENTED_EDGE ( 'NONE', *, *, #1409, .F. ) ;
#1036 = VERTEX_POINT ( 'NONE', #3675 ) ;
#1037 = LINE ( 'NONE', #2797, #2329 ) ;
#1038 = LINE ( 'NONE', #2515, #71 ) ;
#1039 = ORIENTED_EDGE ( 'NONE', *, *, #3466, .T. ) ;
#1040 = EDGE_CURVE ( 'NONE', #935, #2026, #3354, .T. ) ;
#1041 = DIRECTION ( 'NONE',  ( 1.000000000000000000, 0.000000000000000000, 0.000000000000000000 ) ) ;
#1042 = ORIENTED_EDGE ( 'NONE', *, *, #2254, .T. ) ;
#1043 = CIRCLE ( 'NONE', #3190, 0.1963495408493620142 ) ;
#1044 = ORIENTED_EDGE ( 'NONE', *, *, #1456, .F. ) ;
#1045 = DIRECTION ( 'NONE',  ( 0.000000000000000000, 0.000000000000000000, 1.000000000000000000 ) ) ;
#1046 = AXIS2_PLACEMENT_3D ( 'NONE', #814, #1376, #797 ) ;
#1047 = EDGE_CURVE ( 'NONE', #2541, #2899, #2449, .T. ) ;
#1048 = DIRECTION ( 'NONE',  ( 0.000000000000000000, 0.000000000000000000, 1.000000000000000000 ) ) ;
#1049 = DIRECTION ( 'NONE',  ( 0.000000000000000000, 0.000000000000000000, 1.000000000000000000 ) ) ;
#1050 = DIRECTION ( 'NONE',  ( 0.000000000000000000, 0.000000000000000000, -1.000000000000000000 ) ) ;
#1051 = DIRECTION ( 'NONE',  ( 0.000000000000000000, 0.000000000000000000, 1.000000000000000000 ) ) ;
#1052 = VERTEX_POINT ( 'NONE', #3636 ) ;
#1053 = CARTESIAN_POINT ( 'NONE',  ( -0.5661290900510910218, -3.229148604873899764, -7.000000000000000000 ) ) ;
#1054 = CARTESIAN_POINT ( 'NONE',  ( -3.043548818098387621, 0.6819502185625730961, -1.000000000000000000 ) ) ;
#1055 = VERTEX_POINT ( 'NONE', #134 ) ;
#1056 = EDGE_CURVE ( 'NONE', #3459, #1131, #878, .T. ) ;
#1057 = CARTESIAN_POINT ( 'NONE',  ( 2.835254551144262170, 1.299837350964107907, -1.000000000000000000 ) ) ;
#1058 = ORIENTED_EDGE ( 'NONE', *, *, #2820, .T. ) ;
#1059 = EDGE_CURVE ( 'NONE', #172, #3695, #3611, .T. ) ;
#1060 = AXIS2_PLACEMENT_3D ( 'NONE', #1143, #311, #2340 ) ;
#1061 = ADVANCED_FACE ( 'NONE', ( #2239 ), #1928, .T. ) ;
#1062 = ORIENTED_EDGE ( 'NONE', *, *, #775, .F. ) ;
#1063 = AXIS2_PLACEMENT_3D ( 'NONE', #1736, #2348, #1471 ) ;
#1064 = CARTESIAN_POINT ( 'NONE',  ( -2.314977172283904761, -2.687134095881329898, -1.000000000000000000 ) ) ;
#1065 = CARTESIAN_POINT ( 'NONE',  ( 3.315174937983395242, 0.03425858924962450064, -9.719499999999998252 ) ) ;
#1066 = CIRCLE ( 'NONE', #635, 0.1963495408493610150 ) ;
#1067 = DIRECTION ( 'NONE',  ( 0.000000000000000000, 0.000000000000000000, 1.000000000000000000 ) ) ;
#1068 = ADVANCED_FACE ( 'NONE', ( #522 ), #461, .F. ) ;
#1069 = CARTESIAN_POINT ( 'NONE',  ( 0.000000000000000000, 0.000000000000000000, -7.000000000000000000 ) ) ;
#1070 = VECTOR ( 'NONE', #1281, 1000.000000000000000 ) ;
#1071 = DIRECTION ( 'NONE',  ( 0.000000000000000000, 0.000000000000000000, 1.000000000000000000 ) ) ;
#1072 = ORIENTED_EDGE ( 'NONE', *, *, #2764, .T. ) ;
#1073 = EDGE_CURVE ( 'NONE', #2826, #3367, #3528, .T. ) ;
#1074 = VERTEX_POINT ( 'NONE', #2523 ) ;
#1075 = LINE ( 'NONE', #1638, #1095 ) ;
#1076 = FACE_OUTER_BOUND ( 'NONE', #3009, .T. ) ;
#1077 = EDGE_LOOP ( 'NONE', ( #2064, #1671, #48, #2844 ) ) ;
#1078 = DIRECTION ( 'NONE',  ( 1.000000000000000000, 0.000000000000000000, 0.000000000000000000 ) ) ;
#1079 = EDGE_LOOP ( 'NONE', ( #2713, #1243 ) ) ;
#1080 = VERTEX_POINT ( 'NONE', #3698 ) ;
#1081 = DIRECTION ( 'NONE',  ( -0.000000000000000000, -0.000000000000000000, 1.000000000000000000 ) ) ;
#1082 = DIRECTION ( 'NONE',  ( -1.000000000000000000, 0.000000000000000000, 0.000000000000000000 ) ) ;
#1083 = CARTESIAN_POINT ( 'NONE',  ( 1.899999999999999911, 2.326828918379971365E-16, 6.000000000000000000 ) ) ;
#1084 = EDGE_CURVE ( 'NONE', #2448, #2131, #3334, .T. ) ;
#1085 = CARTESIAN_POINT ( 'NONE',  ( 0.000000000000000000, 0.000000000000000000, -7.000000000000000000 ) ) ;
#1086 = CARTESIAN_POINT ( 'NONE',  ( -2.503046055244335655, 1.860915353816874784, -1.000000000000000000 ) ) ;
#1087 = EDGE_LOOP ( 'NONE', ( #2751, #397, #851, #986, #3229, #1710, #188, #1921, #2997, #1138, #370, #2349, #1330, #677, #1140, #801, #1607, #2554, #2794, #3634, #2047, #1042, #1162, #765, #981, #57, #3563, #1177, #453, #3706, #2843, #3621, #1242, #3777, #1292, #150, #1273, #2736, #1388, #2464, #512, #2267, #1720, #3271, #21, #3725, #2958, #2466, #180, #268, #203, #2763, #3048, #1728, #1431, #2247, #890, #2530, #3776, #3488, #2406, #3202, #3210, #2557, #1117, #221, #1843, #2719, #922, #2877, #2345, #295, #3166, #665, #3786, #85, #3580, #2944, #3794, #1433, #104, #2389, #1331, #3191, #3421, #3644, #231, #1755, #556, #1453, #2577, #3234, #130, #811, #686, #1786, #2578, #3347, #2695, #2404 ) ) ;
#1088 = AXIS2_PLACEMENT_3D ( 'NONE', #3693, #170, #1041 ) ;
#1089 = AXIS2_PLACEMENT_3D ( 'NONE', #3359, #3069, #2760 ) ;
#1090 = ORIENTED_EDGE ( 'NONE', *, *, #2820, .F. ) ;
#1091 = CARTESIAN_POINT ( 'NONE',  ( -1.899999999999999911, 0.000000000000000000, 11.00000000000000000 ) ) ;
#1092 = CARTESIAN_POINT ( 'NONE',  ( 1.705702773494270019, -3.109724586830400206, -7.000000000000000000 ) ) ;
#1093 = ORIENTED_EDGE ( 'NONE', *, *, #1269, .F. ) ;
#1094 = VECTOR ( 'NONE', #955, 1000.000000000000000 ) ;
#1095 = VECTOR ( 'NONE', #995, 1000.000000000000000 ) ;
#1096 = DIRECTION ( 'NONE',  ( 0.000000000000000000, 0.000000000000000000, -1.000000000000000000 ) ) ;
#1097 = EDGE_LOOP ( 'NONE', ( #2182, #969, #1108, #993 ) ) ;
#1098 = ORIENTED_EDGE ( 'NONE', *, *, #1846, .T. ) ;
#1099 = ORIENTED_EDGE ( 'NONE', *, *, #3174, .F. ) ;
#1100 = LINE ( 'NONE', #2278, #3089 ) ;
#1101 = CYLINDRICAL_SURFACE ( 'NONE', #714, 4.250000000000000000 ) ;
#1102 = AXIS2_PLACEMENT_3D ( 'NONE', #291, #2371, #2339 ) ;
#1103 = DIRECTION ( 'NONE',  ( 1.000000000000000000, 0.000000000000000000, 0.000000000000000000 ) ) ;
#1104 = CARTESIAN_POINT ( 'NONE',  ( -2.543319442294909916, -1.805483792004330068, -7.000000000000000000 ) ) ;
#1105 = AXIS2_PLACEMENT_3D ( 'NONE', #1972, #3398, #1725 ) ;
#1106 = DIRECTION ( 'NONE',  ( 0.000000000000000000, 0.000000000000000000, 1.000000000000000000 ) ) ;
#1107 = ADVANCED_FACE ( 'NONE', ( #3413 ), #232, .F. ) ;
#1108 = ORIENTED_EDGE ( 'NONE', *, *, #1953, .T. ) ;
#1109 = EDGE_CURVE ( 'NONE', #3595, #1871, #3100, .T. ) ;
#1110 = VERTEX_POINT ( 'NONE', #190 ) ;
#1111 = CARTESIAN_POINT ( 'NONE',  ( 2.192825923109499975, -2.486578571312304753, -1.000000000000000000 ) ) ;
#1112 = DIRECTION ( 'NONE',  ( -1.000000000000000000, 0.000000000000000000, 0.000000000000000000 ) ) ;
#1113 = ORIENTED_EDGE ( 'NONE', *, *, #908, .F. ) ;
#1114 = EDGE_CURVE ( 'NONE', #1234, #330, #2170, .T. ) ;
#1115 = CARTESIAN_POINT ( 'NONE',  ( 0.2807562157281131565, 4.240716442692360033, -1.000000000000000000 ) ) ;
#1116 = ORIENTED_EDGE ( 'NONE', *, *, #16, .F. ) ;
#1117 = ORIENTED_EDGE ( 'NONE', *, *, #1790, .T. ) ;
#1118 = EDGE_LOOP ( 'NONE', ( #1513, #1403, #601, #2847 ) ) ;
#1119 = CARTESIAN_POINT ( 'NONE',  ( -1.627918660403720130, -2.888155008907924870, -9.719499999999998252 ) ) ;
#1120 = EDGE_CURVE ( 'NONE', #1698, #2414, #2505, .T. ) ;
#1121 = FACE_OUTER_BOUND ( 'NONE', #2779, .T. ) ;
#1122 = CARTESIAN_POINT ( 'NONE',  ( 2.232817674378795303, 2.186355468120789958, -7.000000000000000000 ) ) ;
#1123 = AXIS2_PLACEMENT_3D ( 'NONE', #428, #711, #735 ) ;
#1124 = FACE_OUTER_BOUND ( 'NONE', #2771, .T. ) ;
#1125 = EDGE_CURVE ( 'NONE', #1387, #2025, #2292, .T. ) ;
#1126 = CARTESIAN_POINT ( 'NONE',  ( -2.513460179390349936, -2.104856476242539909, -7.000000000000000000 ) ) ;
#1127 = AXIS2_PLACEMENT_3D ( 'NONE', #3394, #1353, #2848 ) ;
#1128 = ORIENTED_EDGE ( 'NONE', *, *, #2811, .F. ) ;
#1129 = AXIS2_PLACEMENT_3D ( 'NONE', #1425, #573, #1767 ) ;
#1130 = EDGE_CURVE ( 'NONE', #1483, #3681, #151, .T. ) ;
#1131 = VERTEX_POINT ( 'NONE', #3472 ) ;
#1132 = CARTESIAN_POINT ( 'NONE',  ( 3.270635594739164542, -0.2254898343303584907, -7.000000000000000000 ) ) ;
#1133 = CARTESIAN_POINT ( 'NONE',  ( 3.532190061753459620, -2.363500236435939872, -7.000000000000000000 ) ) ;
#1134 = ORIENTED_EDGE ( 'NONE', *, *, #2370, .F. ) ;
#1135 = CARTESIAN_POINT ( 'NONE',  ( 3.118825397134032951, 0.03425858924962450064, -9.719499999999998252 ) ) ;
#1136 = ORIENTED_EDGE ( 'NONE', *, *, #3664, .F. ) ;
#1137 = ORIENTED_EDGE ( 'NONE', *, *, #76, .F. ) ;
#1138 = ORIENTED_EDGE ( 'NONE', *, *, #3098, .F. ) ;
#1139 = CARTESIAN_POINT ( 'NONE',  ( 1.940985383844630041, -2.449122442774455344, -7.000000000000000000 ) ) ;
#1140 = ORIENTED_EDGE ( 'NONE', *, *, #990, .T. ) ;
#1141 = FACE_OUTER_BOUND ( 'NONE', #587, .T. ) ;
#1142 = DIRECTION ( 'NONE',  ( 1.000000000000000000, 0.000000000000000000, 0.000000000000000000 ) ) ;
#1143 = CARTESIAN_POINT ( 'NONE',  ( 0.000000000000000000, 0.000000000000000000, -1.000000000000000000 ) ) ;
#1144 = DIRECTION ( 'NONE',  ( -0.000000000000000000, -0.000000000000000000, 1.000000000000000000 ) ) ;
#1145 = ADVANCED_FACE ( 'NONE', ( #2864 ), #3119, .F. ) ;
#1146 = VECTOR ( 'NONE', #701, 1000.000000000000000 ) ;
#1147 = ORIENTED_EDGE ( 'NONE', *, *, #751, .T. ) ;
#1148 = CIRCLE ( 'NONE', #3111, 1.973045005896729487 ) ;
#1149 = VERTEX_POINT ( 'NONE', #2004 ) ;
#1150 = DIRECTION ( 'NONE',  ( 0.000000000000000000, 0.000000000000000000, 1.000000000000000000 ) ) ;
#1151 = CARTESIAN_POINT ( 'NONE',  ( -3.235607650385375234, 0.7227735835918559504, -9.719499999999998252 ) ) ;
#1152 = AXIS2_PLACEMENT_3D ( 'NONE', #902, #2707, #2185 ) ;
#1153 = VERTEX_POINT ( 'NONE', #3172 ) ;
#1154 = AXIS2_PLACEMENT_3D ( 'NONE', #868, #2023, #1207 ) ;
#1155 = CIRCLE ( 'NONE', #161, 0.1963495408492201832 ) ;
#1156 = DIRECTION ( 'NONE',  ( 1.000000000000000000, 0.000000000000000000, 0.000000000000000000 ) ) ;
#1157 = AXIS2_PLACEMENT_3D ( 'NONE', #1466, #2629, #2060 ) ;
#1158 = AXIS2_PLACEMENT_3D ( 'NONE', #3613, #678, #2678 ) ;
#1159 = EDGE_LOOP ( 'NONE', ( #3015, #1169, #2189, #1618 ) ) ;
#1160 = EDGE_CURVE ( 'NONE', #43, #1653, #2788, .T. ) ;
#1161 = CIRCLE ( 'NONE', #2383, 1.973045005896587600 ) ;
#1162 = ORIENTED_EDGE ( 'NONE', *, *, #3539, .F. ) ;
#1163 = CARTESIAN_POINT ( 'NONE',  ( -3.057794340530227029, 0.6149303048044836295, -9.719499999999998252 ) ) ;
#1164 = EDGE_LOOP ( 'NONE', ( #879, #2302, #637, #1093 ) ) ;
#1165 = CARTESIAN_POINT ( 'NONE',  ( -2.963603903834345132, 3.046235693632469932, -7.000000000000000000 ) ) ;
#1166 = CARTESIAN_POINT ( 'NONE',  ( -3.946402564646191546, 1.577468477575791894, -9.719499999999998252 ) ) ;
#1167 = DIRECTION ( 'NONE',  ( -1.000000000000000000, 0.000000000000000000, 0.000000000000000000 ) ) ;
#1168 = DIRECTION ( 'NONE',  ( 0.000000000000000000, 0.000000000000000000, 1.000000000000000000 ) ) ;
#1169 = ORIENTED_EDGE ( 'NONE', *, *, #2240, .F. ) ;
#1170 = CIRCLE ( 'NONE', #616, 4.249999999998978595 ) ;
#1171 = LINE ( 'NONE', #1132, #2143 ) ;
#1172 = CYLINDRICAL_SURFACE ( 'NONE', #1990, 4.250000000000000000 ) ;
#1173 = EDGE_CURVE ( 'NONE', #1441, #1664, #1987, .T. ) ;
#1174 = ORIENTED_EDGE ( 'NONE', *, *, #2254, .F. ) ;
#1175 = FACE_OUTER_BOUND ( 'NONE', #1020, .T. ) ;
#1176 = ADVANCED_FACE ( 'NONE', ( #794 ), #1967, .T. ) ;
#1177 = ORIENTED_EDGE ( 'NONE', *, *, #434, .F. ) ;
#1178 = DIRECTION ( 'NONE',  ( 0.000000000000000000, 0.000000000000000000, 1.000000000000000000 ) ) ;
#1179 = VERTEX_POINT ( 'NONE', #3734 ) ;
#1180 = EDGE_CURVE ( 'NONE', #283, #3118, #1100, .T. ) ;
#1181 = DIRECTION ( 'NONE',  ( -1.000000000000000000, 0.000000000000000000, 0.000000000000000000 ) ) ;
#1182 = DIRECTION ( 'NONE',  ( 0.2079116908177127132, -0.9781476007338155698, 0.000000000000000000 ) ) ;
#1183 = CARTESIAN_POINT ( 'NONE',  ( 3.339329057572447912, -2.628950635756333920, -9.719499999999998252 ) ) ;
#1184 = DIRECTION ( 'NONE',  ( 0.000000000000000000, 0.000000000000000000, 1.000000000000000000 ) ) ;
#1185 = EDGE_CURVE ( 'NONE', #1518, #2440, #600, .T. ) ;
#1186 = STYLED_ITEM ( 'NONE', ( #706 ), #1394 ) ;
#1187 = DIRECTION ( 'NONE',  ( -0.000000000000000000, -0.000000000000000000, 1.000000000000000000 ) ) ;
#1188 = CARTESIAN_POINT ( 'NONE',  ( 3.000000000000000444, 0.000000000000000000, -9.719499999999998252 ) ) ;
#1189 = VERTEX_POINT ( 'NONE', #3533 ) ;
#1190 = EDGE_CURVE ( 'NONE', #2410, #229, #2965, .T. ) ;
#1191 = CARTESIAN_POINT ( 'NONE',  ( 1.057027249707747973, 3.142332241146029936, -1.000000000000000000 ) ) ;
#1192 = AXIS2_PLACEMENT_3D ( 'NONE', #1092, #456, #1958 ) ;
#1193 = CARTESIAN_POINT ( 'NONE',  ( 2.356053982267043434, 2.279673768679314261, -9.719499999999998252 ) ) ;
#1194 = DIRECTION ( 'NONE',  ( 0.000000000000000000, 0.000000000000000000, 1.000000000000000000 ) ) ;
#1195 = ORIENTED_EDGE ( 'NONE', *, *, #2758, .F. ) ;
#1196 = DIRECTION ( 'NONE',  ( 0.000000000000000000, 0.000000000000000000, -1.000000000000000000 ) ) ;
#1197 = VERTEX_POINT ( 'NONE', #2046 ) ;
#1198 = CARTESIAN_POINT ( 'NONE',  ( 3.452313666459034813, -0.8132277084702069780, -9.719499999999998252 ) ) ;
#1199 = DIRECTION ( 'NONE',  ( 0.000000000000000000, 0.000000000000000000, 1.000000000000000000 ) ) ;
#1200 = CARTESIAN_POINT ( 'NONE',  ( 0.000000000000000000, 0.000000000000000000, -7.000000000000000000 ) ) ;
#1201 = CARTESIAN_POINT ( 'NONE',  ( -1.559412698567038236, -2.700982023886149275, -1.000000000000000000 ) ) ;
#1202 = EDGE_CURVE ( 'NONE', #2541, #2918, #754, .T. ) ;
#1203 = DIRECTION ( 'NONE',  ( -1.000000000000000000, 0.000000000000000000, 0.000000000000000000 ) ) ;
#1204 = DIRECTION ( 'NONE',  ( 0.000000000000000000, 0.000000000000000000, -1.000000000000000000 ) ) ;
#1205 = EDGE_LOOP ( 'NONE', ( #1021, #682, #1938, #2532 ) ) ;
#1206 = LINE ( 'NONE', #1823, #2990 ) ;
#1207 = DIRECTION ( 'NONE',  ( 1.000000000000000000, 0.000000000000000000, 0.000000000000000000 ) ) ;
#1208 = DIRECTION ( 'NONE',  ( 0.000000000000000000, 0.000000000000000000, 1.000000000000000000 ) ) ;
#1209 = DIRECTION ( 'NONE',  ( 0.000000000000000000, 0.000000000000000000, 1.000000000000000000 ) ) ;
#1210 = VECTOR ( 'NONE', #1739, 1000.000000000000000 ) ;
#1211 = CIRCLE ( 'NONE', #1830, 1.973045005896729709 ) ;
#1212 = ORIENTED_EDGE ( 'NONE', *, *, #519, .F. ) ;
#1213 = VECTOR ( 'NONE', #3076, 1000.000000000000000 ) ;
#1214 = VECTOR ( 'NONE', #1247, 1000.000000000000000 ) ;
#1215 = DIRECTION ( 'NONE',  ( 0.000000000000000000, 0.000000000000000000, 1.000000000000000000 ) ) ;
#1216 = EDGE_LOOP ( 'NONE', ( #2387, #2238, #1239, #746 ) ) ;
#1217 = DIRECTION ( 'NONE',  ( 0.000000000000000000, 0.000000000000000000, 1.000000000000000000 ) ) ;
#1218 = CIRCLE ( 'NONE', #2999, 0.1963495408493628747 ) ;
#1219 = CARTESIAN_POINT ( 'NONE',  ( -2.661896170629215241, -1.976326718222495504, -1.000000000000000000 ) ) ;
#1220 = DIRECTION ( 'NONE',  ( 0.000000000000000000, 0.000000000000000000, -1.000000000000000000 ) ) ;
#1221 = ORIENTED_EDGE ( 'NONE', *, *, #3578, .F. ) ;
#1222 = DIRECTION ( 'NONE',  ( -1.000000000000000000, 0.000000000000000000, 0.000000000000000000 ) ) ;
#1223 = DIRECTION ( 'NONE',  ( 1.000000000000000000, 0.000000000000000000, 0.000000000000000000 ) ) ;
#1224 = ADVANCED_FACE ( 'NONE', ( #1507 ), #3194, .F. ) ;
#1225 = ORIENTED_EDGE ( 'NONE', *, *, #3527, .F. ) ;
#1226 = DIRECTION ( 'NONE',  ( -0.9135454576426006446, 0.4067366430758008744, 0.000000000000000000 ) ) ;
#1227 = VECTOR ( 'NONE', #2432, 1000.000000000000000 ) ;
#1228 = CARTESIAN_POINT ( 'NONE',  ( -2.778539377712864411, -1.740006260178437403, -1.000000000000000000 ) ) ;
#1229 = DIRECTION ( 'NONE',  ( 0.000000000000000000, 0.000000000000000000, 1.000000000000000000 ) ) ;
#1230 = LINE ( 'NONE', #3054, #2443 ) ;
#1231 = ADVANCED_FACE ( 'NONE', ( #3513 ), #2388, .F. ) ;
#1232 = ORIENTED_EDGE ( 'NONE', *, *, #3337, .T. ) ;
#1233 = DIRECTION ( 'NONE',  ( 0.000000000000000000, 0.000000000000000000, 1.000000000000000000 ) ) ;
#1234 = VERTEX_POINT ( 'NONE', #2594 ) ;
#1235 = FACE_OUTER_BOUND ( 'NONE', #3099, .T. ) ;
#1236 = CARTESIAN_POINT ( 'NONE',  ( 2.061442435782706806, 2.340662426045219568, -1.000000000000000000 ) ) ;
#1237 = EDGE_CURVE ( 'NONE', #2199, #2347, #944, .T. ) ;
#1238 = CARTESIAN_POINT ( 'NONE',  ( 1.225135557480255599, 3.040879103936680039, -1.000000000000000000 ) ) ;
#1239 = ORIENTED_EDGE ( 'NONE', *, *, #3391, .T. ) ;
#1240 = CARTESIAN_POINT ( 'NONE',  ( 3.079589269441419308, 1.124292128631311227, -9.719499999999998252 ) ) ;
#1241 = DIRECTION ( 'NONE',  ( 0.000000000000000000, 0.000000000000000000, 1.000000000000000000 ) ) ;
#1242 = ORIENTED_EDGE ( 'NONE', *, *, #94, .T. ) ;
#1243 = ORIENTED_EDGE ( 'NONE', *, *, #3696, .T. ) ;
#1244 = AXIS2_PLACEMENT_3D ( 'NONE', #2580, #3137, #3760 ) ;
#1245 = DIRECTION ( 'NONE',  ( 0.000000000000000000, 0.000000000000000000, 1.000000000000000000 ) ) ;
#1246 = CARTESIAN_POINT ( 'NONE',  ( 4.188138338523299531, -0.7224937767115711118, -9.719499999999998252 ) ) ;
#1247 = DIRECTION ( 'NONE',  ( 0.000000000000000000, 0.000000000000000000, 1.000000000000000000 ) ) ;
#1248 = CIRCLE ( 'NONE', #3212, 0.1963495408492196559 ) ;
#1249 = ADVANCED_FACE ( 'NONE', ( #2028 ), #3798, .F. ) ;
#1250 = AXIS2_PLACEMENT_3D ( 'NONE', #2154, #610, #1223 ) ;
#1251 = CARTESIAN_POINT ( 'NONE',  ( 1.899999999999999911, 2.326828918379971365E-16, 11.00000000000000000 ) ) ;
#1252 = VERTEX_POINT ( 'NONE', #2613 ) ;
#1253 = DIRECTION ( 'NONE',  ( 1.000000000000000000, 0.000000000000000000, 0.000000000000000000 ) ) ;
#1254 = CARTESIAN_POINT ( 'NONE',  ( -2.963603903834561404, 3.046235693633679631, -9.719499999999998252 ) ) ;
#1255 = CARTESIAN_POINT ( 'NONE',  ( -2.778539377712673453, 1.740006260178867947, -9.719499999999998252 ) ) ;
#1256 = ORIENTED_EDGE ( 'NONE', *, *, #2716, .F. ) ;
#1257 = CARTESIAN_POINT ( 'NONE',  ( -3.057794340530235022, -0.6149303048044428843, -7.000000000000000000 ) ) ;
#1258 = CARTESIAN_POINT ( 'NONE',  ( 0.000000000000000000, 0.000000000000000000, -9.719499999999998252 ) ) ;
#1259 = FACE_OUTER_BOUND ( 'NONE', #3510, .T. ) ;
#1260 = ORIENTED_EDGE ( 'NONE', *, *, #3280, .T. ) ;
#1261 = CARTESIAN_POINT ( 'NONE',  ( 0.000000000000000000, 0.000000000000000000, -9.719499999999998252 ) ) ;
#1262 = FACE_OUTER_BOUND ( 'NONE', #1087, .T. ) ;
#1263 = DIRECTION ( 'NONE',  ( 1.000000000000000000, 0.000000000000000000, 0.000000000000000000 ) ) ;
#1264 = ORIENTED_EDGE ( 'NONE', *, *, #952, .T. ) ;
#1265 = AXIS2_PLACEMENT_3D ( 'NONE', #125, #3624, #1845 ) ;
#1266 = AXIS2_PLACEMENT_3D ( 'NONE', #561, #327, #290 ) ;
#1267 = EDGE_LOOP ( 'NONE', ( #1713, #1637 ) ) ;
#1268 = DIRECTION ( 'NONE',  ( 1.000000000000000000, 0.000000000000000000, 0.000000000000000000 ) ) ;
#1269 = EDGE_CURVE ( 'NONE', #3303, #571, #67, .T. ) ;
#1270 = EDGE_CURVE ( 'NONE', #1451, #305, #570, .T. ) ;
#1271 = AXIS2_PLACEMENT_3D ( 'NONE', #2714, #3311, #68 ) ;
#1272 = CIRCLE ( 'NONE', #3429, 1.973045005896729487 ) ;
#1273 = ORIENTED_EDGE ( 'NONE', *, *, #2036, .F. ) ;
#1274 = CYLINDRICAL_SURFACE ( 'NONE', #381, 0.1963495408493620142 ) ;
#1275 = CARTESIAN_POINT ( 'NONE',  ( -3.235607650385385003, -0.7227735835918119855, -9.719499999999998252 ) ) ;
#1276 = AXIS2_PLACEMENT_3D ( 'NONE', #18, #2700, #661 ) ;
#1277 = DIRECTION ( 'NONE',  ( 0.000000000000000000, 0.000000000000000000, 1.000000000000000000 ) ) ;
#1278 = EDGE_CURVE ( 'NONE', #1364, #128, #1742, .T. ) ;
#1279 = CIRCLE ( 'NONE', #2507, 0.1963495408493606265 ) ;
#1280 = CYLINDRICAL_SURFACE ( 'NONE', #2218, 0.1963495408493620142 ) ;
#1281 = DIRECTION ( 'NONE',  ( 0.000000000000000000, 0.000000000000000000, 1.000000000000000000 ) ) ;
#1282 = ORIENTED_EDGE ( 'NONE', *, *, #894, .F. ) ;
#1283 = EDGE_CURVE ( 'NONE', #1080, #3681, #2335, .T. ) ;
#1284 = CARTESIAN_POINT ( 'NONE',  ( -3.043548818098387176, 0.6819502185625729851, -9.719499999999998252 ) ) ;
#1285 = CARTESIAN_POINT ( 'NONE',  ( 0.9963519047475365431, -2.955592730849699201, -9.719499999999998252 ) ) ;
#1286 = CARTESIAN_POINT ( 'NONE',  ( -1.899999999999999911, 0.000000000000000000, 6.000000000000000000 ) ) ;
#1287 = ORIENTED_EDGE ( 'NONE', *, *, #2266, .F. ) ;
#1288 = AXIS2_PLACEMENT_3D ( 'NONE', #1122, #2106, #346 ) ;
#1289 = ADVANCED_FACE ( 'NONE', ( #2633 ), #891, .T. ) ;
#1290 = AXIS2_PLACEMENT_3D ( 'NONE', #1743, #2909, #35 ) ;
#1291 =( LENGTH_UNIT ( ) NAMED_UNIT ( * ) SI_UNIT ( .MILLI., .METRE. ) );
#1292 = ORIENTED_EDGE ( 'NONE', *, *, #2307, .F. ) ;
#1293 = FACE_OUTER_BOUND ( 'NONE', #783, .T. ) ;
#1294 = ORIENTED_EDGE ( 'NONE', *, *, #774, .F. ) ;
#1295 = EDGE_CURVE ( 'NONE', #2641, #1252, #3235, .T. ) ;
#1296 = EDGE_CURVE ( 'NONE', #2025, #2994, #3656, .T. ) ;
#1297 = CYLINDRICAL_SURFACE ( 'NONE', #940, 0.1963495408493620142 ) ;
#1298 = CYLINDRICAL_SURFACE ( 'NONE', #234, 1.973045005896730153 ) ;
#1299 = EDGE_CURVE ( 'NONE', #3650, #2795, #2233, .T. ) ;
#1300 = CARTESIAN_POINT ( 'NONE',  ( -1.468371204554044018, -3.988281084078600713, -7.000000000000000000 ) ) ;
#1301 = DIRECTION ( 'NONE',  ( 0.000000000000000000, 0.000000000000000000, 1.000000000000000000 ) ) ;
#1302 = EDGE_CURVE ( 'NONE', #2522, #433, #2903, .T. ) ;
#1303 = ORIENTED_EDGE ( 'NONE', *, *, #2827, .T. ) ;
#1304 = ORIENTED_EDGE ( 'NONE', *, *, #1790, .F. ) ;
#1305 = DIRECTION ( 'NONE',  ( -1.000000000000000000, 0.000000000000000000, 0.000000000000000000 ) ) ;
#1306 = DIRECTION ( 'NONE',  ( -1.000000000000000000, 0.000000000000000000, 0.000000000000000000 ) ) ;
#1307 = DIRECTION ( 'NONE',  ( 1.000000000000000000, 0.000000000000000000, 0.000000000000000000 ) ) ;
#1308 = ORIENTED_EDGE ( 'NONE', *, *, #1493, .F. ) ;
#1309 = EDGE_CURVE ( 'NONE', #2899, #3090, #1248, .T. ) ;
#1310 = VECTOR ( 'NONE', #3064, 1000.000000000000000 ) ;
#1311 = DIRECTION ( 'NONE',  ( 0.000000000000000000, 0.000000000000000000, -1.000000000000000000 ) ) ;
#1312 = EDGE_LOOP ( 'NONE', ( #2980, #2104, #709, #2853 ) ) ;
#1313 = DIRECTION ( 'NONE',  ( 0.8090169943749505599, 0.5877852522924688072, 0.000000000000000000 ) ) ;
#1314 = AXIS2_PLACEMENT_3D ( 'NONE', #1363, #2767, #1307 ) ;
#1315 = ORIENTED_EDGE ( 'NONE', *, *, #760, .F. ) ;
#1316 = CARTESIAN_POINT ( 'NONE',  ( 2.823075960151754771, -2.147102950642279851, -1.000000000000000000 ) ) ;
#1317 = DIRECTION ( 'NONE',  ( -1.000000000000000000, 0.000000000000000000, 0.000000000000000000 ) ) ;
#1318 = PLANE ( 'NONE',  #3175 ) ;
#1319 = CARTESIAN_POINT ( 'NONE',  ( 2.835254551144268831, -1.299837350964085925, -9.719499999999998252 ) ) ;
#1320 = DIRECTION ( 'NONE',  ( -1.000000000000000000, 0.000000000000000000, 0.000000000000000000 ) ) ;
#1321 = EDGE_CURVE ( 'NONE', #3090, #2918, #28, .T. ) ;
#1322 = ORIENTED_EDGE ( 'NONE', *, *, #700, .T. ) ;
#1323 = ORIENTED_EDGE ( 'NONE', *, *, #3618, .T. ) ;
#1324 = DIRECTION ( 'NONE',  ( 0.000000000000000000, 0.000000000000000000, 1.000000000000000000 ) ) ;
#1325 = CARTESIAN_POINT ( 'NONE',  ( 0.9311881956576668617, -2.976765703412589392, -1.000000000000000000 ) ) ;
#1326 = DIRECTION ( 'NONE',  ( 1.000000000000000000, 0.000000000000000000, 0.000000000000000000 ) ) ;
#1327 = ORIENTED_EDGE ( 'NONE', *, *, #2055, .T. ) ;
#1328 = LINE ( 'NONE', #2803, #1890 ) ;
#1329 = ORIENTED_EDGE ( 'NONE', *, *, #1493, .T. ) ;
#1330 = ORIENTED_EDGE ( 'NONE', *, *, #16, .T. ) ;
#1331 = ORIENTED_EDGE ( 'NONE', *, *, #3527, .T. ) ;
#1332 = AXIS2_PLACEMENT_3D ( 'NONE', #1647, #3083, #446 ) ;
#1333 = DIRECTION ( 'NONE',  ( 0.000000000000000000, 0.000000000000000000, 1.000000000000000000 ) ) ;
#1334 = DIRECTION ( 'NONE',  ( 0.000000000000000000, 0.000000000000000000, 1.000000000000000000 ) ) ;
#1335 = AXIS2_PLACEMENT_3D ( 'NONE', #2346, #1999, #904 ) ;
#1336 = CIRCLE ( 'NONE', #1526, 0.1963495408493611261 ) ;
#1337 = DIRECTION ( 'NONE',  ( 0.000000000000000000, 0.000000000000000000, 1.000000000000000000 ) ) ;
#1338 = DIRECTION ( 'NONE',  ( -1.000000000000000000, 0.000000000000000000, 0.000000000000000000 ) ) ;
#1339 = CIRCLE ( 'NONE', #1157, 1.973045005896731041 ) ;
#1340 = CARTESIAN_POINT ( 'NONE',  ( -3.249853172817215086, 0.6557536698337659287, -9.719499999999998252 ) ) ;
#1341 = EDGE_LOOP ( 'NONE', ( #401, #2634, #2274, #9 ) ) ;
#1342 = VECTOR ( 'NONE', #96, 1000.000000000000000 ) ;
#1343 = ORIENTED_EDGE ( 'NONE', *, *, #1450, .T. ) ;
#1344 = EDGE_CURVE ( 'NONE', #1153, #3791, #1585, .T. ) ;
#1345 = DIRECTION ( 'NONE',  ( 0.9510565162951242213, -0.3090169943750378234, 0.000000000000000000 ) ) ;
#1346 = CARTESIAN_POINT ( 'NONE',  ( -3.812946277481725321, 1.877216206255785336, -1.000000000000000000 ) ) ;
#1347 = ORIENTED_EDGE ( 'NONE', *, *, #3250, .F. ) ;
#1348 = DIRECTION ( 'NONE',  ( 0.000000000000000000, 0.000000000000000000, 1.000000000000000000 ) ) ;
#1349 = VERTEX_POINT ( 'NONE', #2463 ) ;
#1350 = EDGE_CURVE ( 'NONE', #1360, #3217, #1559, .T. ) ;
#1351 = AXIS2_PLACEMENT_3D ( 'NONE', #3739, #194, #1651 ) ;
#1352 = VERTEX_POINT ( 'NONE', #423 ) ;
#1353 = DIRECTION ( 'NONE',  ( 0.5000000000000003331, 0.8660254037844384856, 0.000000000000000000 ) ) ;
#1354 = DIRECTION ( 'NONE',  ( 0.000000000000000000, 0.000000000000000000, 1.000000000000000000 ) ) ;
#1355 = DIRECTION ( 'NONE',  ( -0.000000000000000000, -0.000000000000000000, 1.000000000000000000 ) ) ;
#1356 = EDGE_CURVE ( 'NONE', #1727, #229, #1000, .T. ) ;
#1357 = AXIS2_PLACEMENT_3D ( 'NONE', #1896, #3066, #2079 ) ;
#1358 = DIRECTION ( 'NONE',  ( 0.000000000000000000, 0.000000000000000000, 1.000000000000000000 ) ) ;
#1359 = CARTESIAN_POINT ( 'NONE',  ( -2.778539377712839542, 1.740006260178474928, -7.000000000000000000 ) ) ;
#1360 = VERTEX_POINT ( 'NONE', #3309 ) ;
#1361 = ORIENTED_EDGE ( 'NONE', *, *, #681, .F. ) ;
#1362 = CARTESIAN_POINT ( 'NONE',  ( 3.014628782297414933, -1.379699904078629968, -9.719499999999998252 ) ) ;
#1363 = CARTESIAN_POINT ( 'NONE',  ( 0.000000000000000000, 0.000000000000000000, -7.000000000000000000 ) ) ;
#1364 = VERTEX_POINT ( 'NONE', #1849 ) ;
#1365 = DIRECTION ( 'NONE',  ( 1.000000000000000000, 0.000000000000000000, -0.000000000000000000 ) ) ;
#1366 = ORIENTED_EDGE ( 'NONE', *, *, #2307, .T. ) ;
#1367 = AXIS2_PLACEMENT_3D ( 'NONE', #2392, #369, #1553 ) ;
#1368 = EDGE_CURVE ( 'NONE', #3093, #1414, #3723, .T. ) ;
#1369 = EDGE_CURVE ( 'NONE', #1866, #1197, #385, .T. ) ;
#1370 = ORIENTED_EDGE ( 'NONE', *, *, #1818, .T. ) ;
#1371 = VECTOR ( 'NONE', #1885, 1000.000000000000000 ) ;
#1372 = DIRECTION ( 'NONE',  ( 0.000000000000000000, 0.000000000000000000, 1.000000000000000000 ) ) ;
#1373 = DIRECTION ( 'NONE',  ( 0.1045284632676570097, 0.9945218953682730678, 0.000000000000000000 ) ) ;
#1374 = AXIS2_PLACEMENT_3D ( 'NONE', #3396, #1067, #2207 ) ;
#1375 = CIRCLE ( 'NONE', #1685, 0.1963495408493598215 ) ;
#1376 = DIRECTION ( 'NONE',  ( -0.000000000000000000, -0.000000000000000000, -1.000000000000000000 ) ) ;
#1377 = CARTESIAN_POINT ( 'NONE',  ( -3.235607650385385003, -0.7227735835918119855, -7.000000000000000000 ) ) ;
#1378 = CIRCLE ( 'NONE', #394, 1.973045005896732818 ) ;
#1379 = LINE ( 'NONE', #1359, #907 ) ;
#1380 = EDGE_LOOP ( 'NONE', ( #862, #2500, #577, #2768 ) ) ;
#1381 = EDGE_LOOP ( 'NONE', ( #3389, #829, #2277, #1964 ) ) ;
#1382 = FACE_OUTER_BOUND ( 'NONE', #1700, .T. ) ;
#1383 = CARTESIAN_POINT ( 'NONE',  ( -3.246046332586537631, 0.4594410361110302099, -1.000000000000000000 ) ) ;
#1384 = ORIENTED_EDGE ( 'NONE', *, *, #1040, .T. ) ;
#1385 = FACE_OUTER_BOUND ( 'NONE', #1118, .T. ) ;
#1386 = ORIENTED_EDGE ( 'NONE', *, *, #1883, .T. ) ;
#1387 = VERTEX_POINT ( 'NONE', #88 ) ;
#1388 = ORIENTED_EDGE ( 'NONE', *, *, #3319, .T. ) ;
#1389 = CARTESIAN_POINT ( 'NONE',  ( 0.000000000000000000, 0.000000000000000000, -9.719499999999998252 ) ) ;
#1390 = EDGE_CURVE ( 'NONE', #3470, #2195, #2694, .T. ) ;
#1391 = EDGE_CURVE ( 'NONE', #819, #2440, #690, .T. ) ;
#1392 = FACE_OUTER_BOUND ( 'NONE', #611, .T. ) ;
#1393 = DIRECTION ( 'NONE',  ( 1.000000000000000000, 0.000000000000000000, 0.000000000000000000 ) ) ;
#1394 = MANIFOLD_SOLID_BREP ( 'Boss-Extrude8', #846 ) ;
#1395 = LINE ( 'NONE', #1104, #3318 ) ;
#1396 = AXIS2_PLACEMENT_3D ( 'NONE', #1198, #3237, #3258 ) ;
#1397 = AXIS2_PLACEMENT_3D ( 'NONE', #2489, #3680, #778 ) ;
#1398 = DIRECTION ( 'NONE',  ( 0.000000000000000000, 0.000000000000000000, 1.000000000000000000 ) ) ;
#1399 = ORIENTED_EDGE ( 'NONE', *, *, #964, .F. ) ;
#1400 = EDGE_CURVE ( 'NONE', #189, #2161, #383, .T. ) ;
#1401 = AXIS2_PLACEMENT_3D ( 'NONE', #2667, #3830, #595 ) ;
#1402 = AXIS2_PLACEMENT_3D ( 'NONE', #2403, #2160, #3327 ) ;
#1403 = ORIENTED_EDGE ( 'NONE', *, *, #1450, .F. ) ;
#1404 = FACE_OUTER_BOUND ( 'NONE', #821, .T. ) ;
#1405 = FACE_OUTER_BOUND ( 'NONE', #2880, .T. ) ;
#1406 = VERTEX_POINT ( 'NONE', #1019 ) ;
#1407 = VECTOR ( 'NONE', #2134, 1000.000000000000000 ) ;
#1408 = EDGE_CURVE ( 'NONE', #1364, #2589, #3670, .T. ) ;
#1409 = EDGE_CURVE ( 'NONE', #228, #3281, #2731, .T. ) ;
#1410 = AXIS2_PLACEMENT_3D ( 'NONE', #2073, #2933, #3655 ) ;
#1411 = DIRECTION ( 'NONE',  ( 0.000000000000000000, 0.000000000000000000, 1.000000000000000000 ) ) ;
#1412 = ORIENTED_EDGE ( 'NONE', *, *, #3319, .F. ) ;
#1413 = EDGE_LOOP ( 'NONE', ( #592, #1308, #2615, #3478 ) ) ;
#1414 = VERTEX_POINT ( 'NONE', #2979 ) ;
#1415 = CARTESIAN_POINT ( 'NONE',  ( -2.503046055244360080, -1.860915353816845030, -4.000000000000000000 ) ) ;
#1416 = DIRECTION ( 'NONE',  ( 1.000000000000000000, 0.000000000000000000, 0.000000000000000000 ) ) ;
#1417 = VECTOR ( 'NONE', #1182, 1000.000000000000114 ) ;
#1418 = CARTESIAN_POINT ( 'NONE',  ( 3.042497229473239972, 1.317106346890114077, -9.719499999999998252 ) ) ;
#1419 = DIRECTION ( 'NONE',  ( 0.000000000000000000, 0.000000000000000000, 1.000000000000000000 ) ) ;
#1420 = DIRECTION ( 'NONE',  ( 1.000000000000000000, 0.000000000000000000, 0.000000000000000000 ) ) ;
#1421 = ORIENTED_EDGE ( 'NONE', *, *, #2630, .F. ) ;
#1422 = EDGE_CURVE ( 'NONE', #229, #2410, #136, .T. ) ;
#1423 = ORIENTED_EDGE ( 'NONE', *, *, #3789, .F. ) ;
#1424 = DIRECTION ( 'NONE',  ( 0.000000000000000000, 0.000000000000000000, -1.000000000000000000 ) ) ;
#1425 = CARTESIAN_POINT ( 'NONE',  ( 2.243744109767524808, -2.440731630117105144, -9.719499999999998252 ) ) ;
#1426 = ORIENTED_EDGE ( 'NONE', *, *, #3466, .F. ) ;
#1427 = DIRECTION ( 'NONE',  ( 1.000000000000000000, 0.000000000000000000, 0.000000000000000000 ) ) ;
#1428 = EDGE_CURVE ( 'NONE', #3217, #325, #3289, .T. ) ;
#1429 = ORIENTED_EDGE ( 'NONE', *, *, #1047, .T. ) ;
#1430 = ORIENTED_EDGE ( 'NONE', *, *, #1527, .F. ) ;
#1431 = ORIENTED_EDGE ( 'NONE', *, *, #3822, .T. ) ;
#1432 = DIRECTION ( 'NONE',  ( 0.000000000000000000, 0.000000000000000000, 1.000000000000000000 ) ) ;
#1433 = ORIENTED_EDGE ( 'NONE', *, *, #2878, .F. ) ;
#1434 = CARTESIAN_POINT ( 'NONE',  ( -1.431569119554318092, 2.888155008907944854, -7.000000000000000000 ) ) ;
#1435 = CARTESIAN_POINT ( 'NONE',  ( 2.192825923109535058, 2.486578571312274999, -1.000000000000000000 ) ) ;
#1436 = VECTOR ( 'NONE', #53, 1000.000000000000000 ) ;
#1437 = DIRECTION ( 'NONE',  ( 1.000000000000000000, 0.000000000000000000, 0.000000000000000000 ) ) ;
#1438 =( NAMED_UNIT ( * ) SI_UNIT ( $, .STERADIAN. ) SOLID_ANGLE_UNIT ( ) );
#1439 = CARTESIAN_POINT ( 'NONE',  ( 0.2933980814764465261, 3.534646590994565241, -7.000000000000000000 ) ) ;
#1440 = AXIS2_PLACEMENT_3D ( 'NONE', #1389, #1665, #2829 ) ;
#1441 = VERTEX_POINT ( 'NONE', #111 ) ;
#1442 = ORIENTED_EDGE ( 'NONE', *, *, #1690, .T. ) ;
#1443 = DIRECTION ( 'NONE',  ( 0.000000000000000000, 0.000000000000000000, 1.000000000000000000 ) ) ;
#1444 = DIRECTION ( 'NONE',  ( -1.000000000000000000, 0.000000000000000000, 0.000000000000000000 ) ) ;
#1445 = ADVANCED_FACE ( 'NONE', ( #1624 ), #3077, .T. ) ;
#1446 = VERTEX_POINT ( 'NONE', #731 ) ;
#1447 = CARTESIAN_POINT ( 'NONE',  ( -0.3600769430757399525, -3.098159147592459917, -7.000000000000000000 ) ) ;
#1448 = ORIENTED_EDGE ( 'NONE', *, *, #1073, .T. ) ;
#1449 = VERTEX_POINT ( 'NONE', #1937 ) ;
#1450 = EDGE_CURVE ( 'NONE', #1197, #2734, #3532, .T. ) ;
#1451 = VERTEX_POINT ( 'NONE', #1658 ) ;
#1452 = DIRECTION ( 'NONE',  ( 1.000000000000000000, 0.000000000000000000, 0.000000000000000000 ) ) ;
#1453 = ORIENTED_EDGE ( 'NONE', *, *, #1852, .T. ) ;
#1454 = CYLINDRICAL_SURFACE ( 'NONE', #1266, 1.973045005896730153 ) ;
#1455 = CARTESIAN_POINT ( 'NONE',  ( 0.000000000000000000, 0.000000000000000000, -1.000000000000000000 ) ) ;
#1456 = EDGE_CURVE ( 'NONE', #3586, #3468, #3444, .T. ) ;
#1457 = CARTESIAN_POINT ( 'NONE',  ( 3.000000000000000444, 0.000000000000000000, -21.00000000000000000 ) ) ;
#1458 = DIRECTION ( 'NONE',  ( 1.000000000000000000, 0.000000000000000000, 0.000000000000000000 ) ) ;
#1459 = ORIENTED_EDGE ( 'NONE', *, *, #1391, .T. ) ;
#1460 = AXIS2_PLACEMENT_3D ( 'NONE', #174, #1354, #3156 ) ;
#1461 = CYLINDRICAL_SURFACE ( 'NONE', #2083, 0.1963495408493620142 ) ;
#1462 = DIRECTION ( 'NONE',  ( 0.000000000000000000, 0.000000000000000000, -1.000000000000000000 ) ) ;
#1463 = EDGE_LOOP ( 'NONE', ( #2220, #2954, #642, #2513 ) ) ;
#1464 = VECTOR ( 'NONE', #1051, 1000.000000000000000 ) ;
#1465 = ADVANCED_FACE ( 'NONE', ( #145 ), #3668, .F. ) ;
#1466 = CARTESIAN_POINT ( 'NONE',  ( 0.4479077197208954919, 3.518406973625700207, -9.719499999999998252 ) ) ;
#1467 = VECTOR ( 'NONE', #378, 1000.000000000000114 ) ;
#1468 = CIRCLE ( 'NONE', #477, 1.973045005897157811 ) ;
#1469 = ADVANCED_FACE ( 'NONE', ( #2782 ), #2838, .F. ) ;
#1470 = VERTEX_POINT ( 'NONE', #1606 ) ;
#1471 = DIRECTION ( 'NONE',  ( 1.000000000000000000, 0.000000000000000000, 0.000000000000000000 ) ) ;
#1472 = ORIENTED_EDGE ( 'NONE', *, *, #2200, .F. ) ;
#1473 = CARTESIAN_POINT ( 'NONE',  ( -1.468371204554240972, -3.988281084079585259, -1.000000000000000000 ) ) ;
#1474 = CYLINDRICAL_SURFACE ( 'NONE', #483, 1.973045005896730153 ) ;
#1475 = CARTESIAN_POINT ( 'NONE',  ( -2.661896170629185043, 1.976326718222530143, -9.719499999999998252 ) ) ;
#1476 = CARTESIAN_POINT ( 'NONE',  ( -1.021880978632973891, -3.396405191220809971, -7.000000000000000000 ) ) ;
#1477 = AXIS2_PLACEMENT_3D ( 'NONE', #2889, #604, #832 ) ;
#1478 = ADVANCED_FACE ( 'NONE', ( #1978 ), #3109, .T. ) ;
#1479 = ORIENTED_EDGE ( 'NONE', *, *, #836, .T. ) ;
#1480 = CIRCLE ( 'NONE', #3011, 4.249999999998979483 ) ;
#1481 = DIRECTION ( 'NONE',  ( 0.000000000000000000, 0.000000000000000000, -1.000000000000000000 ) ) ;
#1482 = CARTESIAN_POINT ( 'NONE',  ( 2.192825923109499975, -2.486578571312304753, -7.000000000000000000 ) ) ;
#1483 = VERTEX_POINT ( 'NONE', #1054 ) ;
#1484 = CARTESIAN_POINT ( 'NONE',  ( 0.000000000000000000, 0.000000000000000000, 11.00000000000000000 ) ) ;
#1485 = CIRCLE ( 'NONE', #2704, 0.1963495408492201832 ) ;
#1486 = CARTESIAN_POINT ( 'NONE',  ( -1.627918660403720130, -2.888155008907924870, -7.000000000000000000 ) ) ;
#1487 = FACE_OUTER_BOUND ( 'NONE', #3079, .T. ) ;
#1488 = VERTEX_POINT ( 'NONE', #1383 ) ;
#1489 = CARTESIAN_POINT ( 'NONE',  ( 0.000000000000000000, 0.000000000000000000, 6.000000000000000000 ) ) ;
#1490 = VERTEX_POINT ( 'NONE', #1346 ) ;
#1491 = DIRECTION ( 'NONE',  ( 1.000000000000000000, 0.000000000000000000, 0.000000000000000000 ) ) ;
#1492 = EDGE_CURVE ( 'NONE', #2473, #2284, #2969, .T. ) ;
#1493 = EDGE_CURVE ( 'NONE', #1877, #1995, #1903, .T. ) ;
#1494 = CARTESIAN_POINT ( 'NONE',  ( 3.315174937983395242, 0.03425858924962450064, -1.000000000000000000 ) ) ;
#1495 = CARTESIAN_POINT ( 'NONE',  ( -2.314977172283904761, -2.687134095881329898, -9.719499999999998252 ) ) ;
#1496 = CARTESIAN_POINT ( 'NONE',  ( 2.914394700463180055, 2.021413487477434767, -1.000000000000000000 ) ) ;
#1497 = AXIS2_PLACEMENT_3D ( 'NONE', #540, #1333, #173 ) ;
#1498 = AXIS2_PLACEMENT_3D ( 'NONE', #11, #1196, #3548 ) ;
#1499 = DIRECTION ( 'NONE',  ( 0.9945218953682729568, 0.1045284632676579534, 0.000000000000000000 ) ) ;
#1500 = FACE_OUTER_BOUND ( 'NONE', #3492, .T. ) ;
#1501 = ORIENTED_EDGE ( 'NONE', *, *, #1180, .F. ) ;
#1502 = DIRECTION ( 'NONE',  ( 0.000000000000000000, 0.000000000000000000, 1.000000000000000000 ) ) ;
#1503 = DIRECTION ( 'NONE',  ( 0.000000000000000000, 0.000000000000000000, 1.000000000000000000 ) ) ;
#1504 = DIRECTION ( 'NONE',  ( 1.000000000000000000, 0.000000000000000000, 0.000000000000000000 ) ) ;
#1505 = LINE ( 'NONE', #3268, #2624 ) ;
#1506 = ORIENTED_EDGE ( 'NONE', *, *, #2846, .F. ) ;
#1507 = FACE_OUTER_BOUND ( 'NONE', #1205, .T. ) ;
#1508 = VERTEX_POINT ( 'NONE', #3386 ) ;
#1509 = CARTESIAN_POINT ( 'NONE',  ( 1.225135557480210080, -3.040879103936689809, -7.000000000000000000 ) ) ;
#1510 = PLANE ( 'NONE',  #1288 ) ;
#1511 = EDGE_CURVE ( 'NONE', #2275, #2610, #1066, .T. ) ;
#1512 = CARTESIAN_POINT ( 'NONE',  ( -1.440037872544359887, -2.945198428730914753, -7.000000000000000000 ) ) ;
#1513 = ORIENTED_EDGE ( 'NONE', *, *, #639, .F. ) ;
#1514 = CARTESIAN_POINT ( 'NONE',  ( -3.812946277480765200, 1.877216206255485131, -7.000000000000000000 ) ) ;
#1515 = CIRCLE ( 'NONE', #3743, 0.1963495408492201832 ) ;
#1516 = FACE_OUTER_BOUND ( 'NONE', #872, .T. ) ;
#1517 = ADVANCED_FACE ( 'NONE', ( #2494 ), #2553, .T. ) ;
#1518 = VERTEX_POINT ( 'NONE', #3746 ) ;
#1519 = LINE ( 'NONE', #628, #2439 ) ;
#1520 = VECTOR ( 'NONE', #1894, 1000.000000000000114 ) ;
#1521 = DIRECTION ( 'NONE',  ( -0.000000000000000000, -0.000000000000000000, 1.000000000000000000 ) ) ;
#1522 = DIRECTION ( 'NONE',  ( 0.000000000000000000, 0.000000000000000000, 1.000000000000000000 ) ) ;
#1523 = DIRECTION ( 'NONE',  ( 1.000000000000000000, 0.000000000000000000, 0.000000000000000000 ) ) ;
#1524 = EDGE_CURVE ( 'NONE', #2044, #1149, #451, .T. ) ;
#1525 = AXIS2_PLACEMENT_3D ( 'NONE', #2981, #2465, #1268 ) ;
#1526 = AXIS2_PLACEMENT_3D ( 'NONE', #2911, #1106, #214 ) ;
#1527 = EDGE_CURVE ( 'NONE', #627, #2177, #2237, .T. ) ;
#1528 = ORIENTED_EDGE ( 'NONE', *, *, #591, .T. ) ;
#1529 = AXIS2_PLACEMENT_3D ( 'NONE', #3112, #1676, #478 ) ;
#1530 = CIRCLE ( 'NONE', #3057, 0.1963495408493615701 ) ;
#1531 = DIRECTION ( 'NONE',  ( -1.000000000000000000, 0.000000000000000000, 0.000000000000000000 ) ) ;
#1532 = ORIENTED_EDGE ( 'NONE', *, *, #3174, .T. ) ;
#1533 = CYLINDRICAL_SURFACE ( 'NONE', #1769, 1.973045005896730153 ) ;
#1534 = VECTOR ( 'NONE', #1522, 1000.000000000000000 ) ;
#1535 = EDGE_CURVE ( 'NONE', #1470, #1189, #1038, .T. ) ;
#1536 = FACE_BOUND ( 'NONE', #1267, .T. ) ;
#1537 = DIRECTION ( 'NONE',  ( 0.000000000000000000, 0.000000000000000000, -1.000000000000000000 ) ) ;
#1538 = VERTEX_POINT ( 'NONE', #3092 ) ;
#1539 = CARTESIAN_POINT ( 'NONE',  ( 0.000000000000000000, 0.000000000000000000, -1.000000000000000000 ) ) ;
#1540 = VECTOR ( 'NONE', #3616, 1000.000000000000000 ) ;
#1541 = FACE_OUTER_BOUND ( 'NONE', #3694, .T. ) ;
#1542 = EDGE_CURVE ( 'NONE', #1698, #3439, #2798, .T. ) ;
#1543 = ORIENTED_EDGE ( 'NONE', *, *, #2151, .F. ) ;
#1544 = CARTESIAN_POINT ( 'NONE',  ( -3.000000000000000444, 0.000000000000000000, 6.000000000000000000 ) ) ;
#1545 = AXIS2_PLACEMENT_3D ( 'NONE', #2298, #874, #2089 ) ;
#1546 = CARTESIAN_POINT ( 'NONE',  ( -3.246046332586534966, 0.4594410361108869911, -7.000000000000000000 ) ) ;
#1547 = FACE_OUTER_BOUND ( 'NONE', #2483, .T. ) ;
#1548 = CARTESIAN_POINT ( 'NONE',  ( 0.9963519047475363211, -2.955592730849698313, -9.719499999999998252 ) ) ;
#1549 = DIRECTION ( 'NONE',  ( -0.000000000000000000, -0.000000000000000000, 1.000000000000000000 ) ) ;
#1550 = VERTEX_POINT ( 'NONE', #764 ) ;
#1551 = DIRECTION ( 'NONE',  ( 1.000000000000000000, 0.000000000000000000, 0.000000000000000000 ) ) ;
#1552 = DIRECTION ( 'NONE',  ( 0.000000000000000000, 0.000000000000000000, 1.000000000000000000 ) ) ;
#1553 = DIRECTION ( 'NONE',  ( -1.000000000000000000, 0.000000000000000000, 0.000000000000000000 ) ) ;
#1554 = VERTEX_POINT ( 'NONE', #2822 ) ;
#1555 = DIRECTION ( 'NONE',  ( 0.000000000000000000, 0.000000000000000000, 1.000000000000000000 ) ) ;
#1556 = CARTESIAN_POINT ( 'NONE',  ( 0.000000000000000000, 0.000000000000000000, -21.00000000000000000 ) ) ;
#1557 = LINE ( 'NONE', #3705, #1464 ) ;
#1558 = ORIENTED_EDGE ( 'NONE', *, *, #900, .T. ) ;
#1559 = CIRCLE ( 'NONE', #880, 0.1963495408493628747 ) ;
#1560 = ADVANCED_FACE ( 'NONE', ( #1076 ), #3423, .T. ) ;
#1561 = LINE ( 'NONE', #958, #710 ) ;
#1562 = LINE ( 'NONE', #83, #2017 ) ;
#1563 = CARTESIAN_POINT ( 'NONE',  ( -2.314977172283870122, 2.687134095881360096, -1.000000000000000000 ) ) ;
#1564 = VECTOR ( 'NONE', #2477, 1000.000000000000114 ) ;
#1565 = AXIS2_PLACEMENT_3D ( 'NONE', #626, #921, #3030 ) ;
#1566 =( NAMED_UNIT ( * ) PLANE_ANGLE_UNIT ( ) SI_UNIT ( $, .RADIAN. ) );
#1567 = ORIENTED_EDGE ( 'NONE', *, *, #3730, .F. ) ;
#1568 = DIRECTION ( 'NONE',  ( 0.000000000000000000, 0.000000000000000000, -1.000000000000000000 ) ) ;
#1569 = EDGE_CURVE ( 'NONE', #2631, #725, #1673, .T. ) ;
#1570 = ORIENTED_EDGE ( 'NONE', *, *, #3440, .T. ) ;
#1571 = FACE_OUTER_BOUND ( 'NONE', #3288, .T. ) ;
#1572 = ORIENTED_EDGE ( 'NONE', *, *, #3516, .T. ) ;
#1573 = CYLINDRICAL_SURFACE ( 'NONE', #1410, 0.1963495408493620142 ) ;
#1574 = CARTESIAN_POINT ( 'NONE',  ( 2.061442435782706806, 2.340662426045219124, -9.719499999999998252 ) ) ;
#1575 = EDGE_CURVE ( 'NONE', #189, #2333, #511, .T. ) ;
#1576 = CYLINDRICAL_SURFACE ( 'NONE', #613, 0.1963495408493620142 ) ;
#1577 = CARTESIAN_POINT ( 'NONE',  ( -3.270983679872604633, 1.371304022983455884, -1.000000000000000000 ) ) ;
#1578 = ORIENTED_EDGE ( 'NONE', *, *, #1160, .F. ) ;
#1579 = EDGE_CURVE ( 'NONE', #3697, #244, #199, .T. ) ;
#1580 = CARTESIAN_POINT ( 'NONE',  ( 2.356053982267070079, 2.279673768679329804, -7.000000000000000000 ) ) ;
#1581 = CARTESIAN_POINT ( 'NONE',  ( 1.057027249707747973, 3.142332241146029936, -9.719499999999998252 ) ) ;
#1582 = CARTESIAN_POINT ( 'NONE',  ( 0.9918635406178379910, -3.163505213708935226, -1.000000000000000000 ) ) ;
#1583 = ORIENTED_EDGE ( 'NONE', *, *, #2550, .F. ) ;
#1584 = CIRCLE ( 'NONE', #2136, 1.899999999999999911 ) ;
#1585 = LINE ( 'NONE', #341, #3402 ) ;
#1586 = AXIS2_PLACEMENT_3D ( 'NONE', #3196, #272, #1779 ) ;
#1587 = CIRCLE ( 'NONE', #2072, 1.973045005896731041 ) ;
#1588 = EDGE_LOOP ( 'NONE', ( #2202, #366, #3021, #580 ) ) ;
#1589 = CYLINDRICAL_SURFACE ( 'NONE', #3176, 1.973045005896729709 ) ;
#1590 = EDGE_CURVE ( 'NONE', #884, #2828, #3, .T. ) ;
#1591 = CIRCLE ( 'NONE', #3753, 4.249999999998979483 ) ;
#1592 = AXIS2_PLACEMENT_3D ( 'NONE', #2891, #1144, #2322 ) ;
#1593 = ORIENTED_EDGE ( 'NONE', *, *, #639, .T. ) ;
#1594 = EDGE_CURVE ( 'NONE', #2670, #2918, #553, .T. ) ;
#1595 = DIRECTION ( 'NONE',  ( 0.000000000000000000, 0.000000000000000000, -1.000000000000000000 ) ) ;
#1596 = CARTESIAN_POINT ( 'NONE',  ( -0.1176199352025007472, -3.276288816604018272, -9.719499999999998252 ) ) ;
#1597 = CIRCLE ( 'NONE', #1402, 1.973045005896730153 ) ;
#1598 = VECTOR ( 'NONE', #259, 1000.000000000000000 ) ;
#1599 = EDGE_CURVE ( 'NONE', #471, #1149, #3525, .T. ) ;
#1600 = CARTESIAN_POINT ( 'NONE',  ( 0.6070735070730671756, -4.206419113331672399, -1.000000000000000000 ) ) ;
#1601 = PLANE ( 'NONE',  #1089 ) ;
#1602 = ORIENTED_EDGE ( 'NONE', *, *, #1350, .T. ) ;
#1603 = ORIENTED_EDGE ( 'NONE', *, *, #3325, .F. ) ;
#1604 = DIRECTION ( 'NONE',  ( 0.000000000000000000, 0.000000000000000000, 1.000000000000000000 ) ) ;
#1605 = CYLINDRICAL_SURFACE ( 'NONE', #107, 1.973045005896730153 ) ;
#1606 = CARTESIAN_POINT ( 'NONE',  ( 4.188138338522913173, 0.7224937767108101649, -9.719499999999998252 ) ) ;
#1607 = ORIENTED_EDGE ( 'NONE', *, *, #387, .F. ) ;
#1608 = VERTEX_POINT ( 'NONE', #1188 ) ;
#1609 = CARTESIAN_POINT ( 'NONE',  ( -2.638594113175289912, -1.674349457525735163, -7.000000000000000000 ) ) ;
#1610 = ORIENTED_EDGE ( 'NONE', *, *, #2884, .F. ) ;
#1611 = DIRECTION ( 'NONE',  ( 0.000000000000000000, 0.000000000000000000, -1.000000000000000000 ) ) ;
#1612 = EDGE_CURVE ( 'NONE', #787, #2645, #2417, .T. ) ;
#1613 = CYLINDRICAL_SURFACE ( 'NONE', #342, 1.973045005896729709 ) ;
#1614 = DIRECTION ( 'NONE',  ( 0.000000000000000000, 0.000000000000000000, 1.000000000000000000 ) ) ;
#1615 = CARTESIAN_POINT ( 'NONE',  ( 3.118825397134030730, -0.03425858924962447288, -1.000000000000000000 ) ) ;
#1616 = CARTESIAN_POINT ( 'NONE',  ( 3.452313666459049468, 0.8132277084701610148, -1.000000000000000000 ) ) ;
#1617 = ORIENTED_EDGE ( 'NONE', *, *, #1542, .T. ) ;
#1618 = ORIENTED_EDGE ( 'NONE', *, *, #2190, .T. ) ;
#1619 = CYLINDRICAL_SURFACE ( 'NONE', #1714, 0.1963495408493620142 ) ;
#1620 = CARTESIAN_POINT ( 'NONE',  ( -1.169637804266592251, 3.348396088319595343, -9.719499999999998252 ) ) ;
#1621 = ORIENTED_EDGE ( 'NONE', *, *, #3497, .F. ) ;
#1622 = VECTOR ( 'NONE', #3315, 1000.000000000000000 ) ;
#1623 = CYLINDRICAL_SURFACE ( 'NONE', #2804, 0.1963495408493620142 ) ;
#1624 = FACE_OUTER_BOUND ( 'NONE', #457, .T. ) ;
#1625 = ORIENTED_EDGE ( 'NONE', *, *, #3601, .F. ) ;
#1626 = VECTOR ( 'NONE', #306, 1000.000000000000000 ) ;
#1627 = AXIS2_PLACEMENT_3D ( 'NONE', #1482, #260, #243 ) ;
#1628 = ORIENTED_EDGE ( 'NONE', *, *, #946, .T. ) ;
#1629 = DIRECTION ( 'NONE',  ( 0.000000000000000000, 0.000000000000000000, -1.000000000000000000 ) ) ;
#1630 = CARTESIAN_POINT ( 'NONE',  ( 2.266443087373177789, 3.534646590994565241, -1.000000000000000000 ) ) ;
#1631 = CARTESIAN_POINT ( 'NONE',  ( 0.8034072016300940478, -3.348396088319579800, -9.719499999999998252 ) ) ;
#1632 = EDGE_CURVE ( 'NONE', #1908, #2253, #3215, .T. ) ;
#1633 = ADVANCED_FACE ( 'NONE', ( #2876 ), #1172, .T. ) ;
#1634 = CARTESIAN_POINT ( 'NONE',  ( 0.000000000000000000, 0.000000000000000000, -9.719499999999998252 ) ) ;
#1635 = CARTESIAN_POINT ( 'NONE',  ( 0.4479077197208464756, -3.518406973625709977, -9.719499999999998252 ) ) ;
#1636 = ORIENTED_EDGE ( 'NONE', *, *, #91, .T. ) ;
#1637 = ORIENTED_EDGE ( 'NONE', *, *, #1422, .F. ) ;
#1638 = CARTESIAN_POINT ( 'NONE',  ( 2.061442435782685045, -2.340662426045239553, -7.000000000000000000 ) ) ;
#1639 = DIRECTION ( 'NONE',  ( -0.000000000000000000, -0.000000000000000000, 1.000000000000000000 ) ) ;
#1640 = VERTEX_POINT ( 'NONE', #297 ) ;
#1641 = DIRECTION ( 'NONE',  ( 1.000000000000000000, 0.000000000000000000, 0.000000000000000000 ) ) ;
#1642 = ORIENTED_EDGE ( 'NONE', *, *, #1185, .T. ) ;
#1643 = CIRCLE ( 'NONE', #93, 1.899999999999999911 ) ;
#1644 = ADVANCED_FACE ( 'NONE', ( #866 ), #823, .F. ) ;
#1645 = ORIENTED_EDGE ( 'NONE', *, *, #2268, .F. ) ;
#1646 = DIRECTION ( 'NONE',  ( -1.000000000000000000, 0.000000000000000000, 0.000000000000000000 ) ) ;
#1647 = CARTESIAN_POINT ( 'NONE',  ( 3.014628782297414933, -1.379699904078629968, -1.000000000000000000 ) ) ;
#1648 = AXIS2_PLACEMENT_3D ( 'NONE', #2234, #3388, #3096 ) ;
#1649 = VECTOR ( 'NONE', #3123, 1000.000000000000114 ) ;
#1650 = CYLINDRICAL_SURFACE ( 'NONE', #885, 0.1963495408493620142 ) ;
#1651 = DIRECTION ( 'NONE',  ( -1.000000000000000000, 0.000000000000000000, 0.000000000000000000 ) ) ;
#1652 = DIRECTION ( 'NONE',  ( 1.000000000000000000, 0.000000000000000000, 0.000000000000000000 ) ) ;
#1653 = VERTEX_POINT ( 'NONE', #2588 ) ;
#1654 = CIRCLE ( 'NONE', #1895, 0.1963495408493628747 ) ;
#1655 = DIRECTION ( 'NONE',  ( 4.430664177148928708E-14, 1.000000000000000000, -0.000000000000000000 ) ) ;
#1656 = ORIENTED_EDGE ( 'NONE', *, *, #2666, .F. ) ;
#1657 = DIRECTION ( 'NONE',  ( -1.000000000000000000, 0.000000000000000000, 0.000000000000000000 ) ) ;
#1658 = CARTESIAN_POINT ( 'NONE',  ( -2.719767133969146933, 3.265787307369015569, -1.000000000000000000 ) ) ;
#1659 = ORIENTED_EDGE ( 'NONE', *, *, #3044, .F. ) ;
#1660 = CARTESIAN_POINT ( 'NONE',  ( -2.543319442294821098, 1.805483792004446419, -1.000000000000000000 ) ) ;
#1661 = ORIENTED_EDGE ( 'NONE', *, *, #1309, .T. ) ;
#1662 = CIRCLE ( 'NONE', #49, 0.1963495408492201832 ) ;
#1663 = CIRCLE ( 'NONE', #2457, 0.1963495408492206273 ) ;
#1664 = VERTEX_POINT ( 'NONE', #2644 ) ;
#1665 = DIRECTION ( 'NONE',  ( 0.000000000000000000, 0.000000000000000000, -1.000000000000000000 ) ) ;
#1666 = CARTESIAN_POINT ( 'NONE',  ( 0.000000000000000000, 0.000000000000000000, -9.719499999999998252 ) ) ;
#1667 = LINE ( 'NONE', #235, #3658 ) ;
#1668 = DIRECTION ( 'NONE',  ( 0.000000000000000000, 0.000000000000000000, -1.000000000000000000 ) ) ;
#1669 = CARTESIAN_POINT ( 'NONE',  ( 0.9311881956576679720, -2.976765703412589836, -7.000000000000000000 ) ) ;
#1670 = ORIENTED_EDGE ( 'NONE', *, *, #2495, .T. ) ;
#1671 = ORIENTED_EDGE ( 'NONE', *, *, #1109, .T. ) ;
#1672 = DIRECTION ( 'NONE',  ( 0.000000000000000000, 0.000000000000000000, 1.000000000000000000 ) ) ;
#1673 = LINE ( 'NONE', #882, #75 ) ;
#1674 = EDGE_LOOP ( 'NONE', ( #3710, #2362, #3323, #2761 ) ) ;
#1675 = EDGE_CURVE ( 'NONE', #2994, #3330, #3481, .T. ) ;
#1676 = DIRECTION ( 'NONE',  ( 0.000000000000000000, 0.000000000000000000, -1.000000000000000000 ) ) ;
#1677 = ORIENTED_EDGE ( 'NONE', *, *, #2036, .T. ) ;
#1678 = ORIENTED_EDGE ( 'NONE', *, *, #1296, .F. ) ;
#1679 = VECTOR ( 'NONE', #830, 1000.000000000000000 ) ;
#1680 = VERTEX_POINT ( 'NONE', #1730 ) ;
#1681 = MECHANICAL_DESIGN_GEOMETRIC_PRESENTATION_REPRESENTATION (  '', ( #1186 ), #3465 ) ;
#1682 = DIRECTION ( 'NONE',  ( 0.000000000000000000, 0.000000000000000000, -1.000000000000000000 ) ) ;
#1683 = EDGE_CURVE ( 'NONE', #1074, #1001, #2896, .T. ) ;
#1684 = DIRECTION ( 'NONE',  ( 0.000000000000000000, 0.000000000000000000, -1.000000000000000000 ) ) ;
#1685 = AXIS2_PLACEMENT_3D ( 'NONE', #356, #3620, #3263 ) ;
#1686 = CYLINDRICAL_SURFACE ( 'NONE', #1924, 1.973045005896730153 ) ;
#1687 = DIRECTION ( 'NONE',  ( 0.000000000000000000, 0.000000000000000000, 1.000000000000000000 ) ) ;
#1688 = EDGE_CURVE ( 'NONE', #335, #1640, #3807, .T. ) ;
#1689 = CYLINDRICAL_SURFACE ( 'NONE', #3750, 1.973045005896730153 ) ;
#1690 = EDGE_CURVE ( 'NONE', #3470, #819, #2661, .T. ) ;
#1691 = ORIENTED_EDGE ( 'NONE', *, *, #3735, .F. ) ;
#1692 = ORIENTED_EDGE ( 'NONE', *, *, #2984, .T. ) ;
#1693 = CARTESIAN_POINT ( 'NONE',  ( -1.589081507155084783, -2.683852729261305470, -1.000000000000000000 ) ) ;
#1694 = DIRECTION ( 'NONE',  ( 0.000000000000000000, 0.000000000000000000, 1.000000000000000000 ) ) ;
#1695 = ORIENTED_EDGE ( 'NONE', *, *, #1391, .F. ) ;
#1696 = FACE_OUTER_BOUND ( 'NONE', #2040, .T. ) ;
#1697 = VERTEX_POINT ( 'NONE', #2626 ) ;
#1698 = VERTEX_POINT ( 'NONE', #220 ) ;
#1699 = ADVANCED_FACE ( 'NONE', ( #1405 ), #589, .T. ) ;
#1700 = EDGE_LOOP ( 'NONE', ( #3769, #3193, #3714, #3254 ) ) ;
#1701 = DIRECTION ( 'NONE',  ( 1.000000000000000000, 0.000000000000000000, 0.000000000000000000 ) ) ;
#1702 = DIRECTION ( 'NONE',  ( 0.000000000000000000, 0.000000000000000000, -1.000000000000000000 ) ) ;
#1703 = CYLINDRICAL_SURFACE ( 'NONE', #2397, 1.973045005896730153 ) ;
#1704 = CARTESIAN_POINT ( 'NONE',  ( 2.265494034368173537, -3.595836033558011291, -1.000000000000000000 ) ) ;
#1705 = AXIS2_PLACEMENT_3D ( 'NONE', #1946, #1911, #233 ) ;
#1706 = AXIS2_PLACEMENT_3D ( 'NONE', #1476, #2871, #2052 ) ;
#1707 = DIRECTION ( 'NONE',  ( 0.000000000000000000, 0.000000000000000000, 1.000000000000000000 ) ) ;
#1708 = ORIENTED_EDGE ( 'NONE', *, *, #1753, .T. ) ;
#1709 = AXIS2_PLACEMENT_3D ( 'NONE', #615, #3253, #8 ) ;
#1710 = ORIENTED_EDGE ( 'NONE', *, *, #2206, .T. ) ;
#1711 = CARTESIAN_POINT ( 'NONE',  ( 0.000000000000000000, 0.000000000000000000, -9.719499999999998252 ) ) ;
#1712 = DIRECTION ( 'NONE',  ( 1.000000000000000000, 0.000000000000000000, 0.000000000000000000 ) ) ;
#1713 = ORIENTED_EDGE ( 'NONE', *, *, #1190, .F. ) ;
#1714 = AXIS2_PLACEMENT_3D ( 'NONE', #2781, #3687, #3091 ) ;
#1715 = AXIS2_PLACEMENT_3D ( 'NONE', #3355, #2451, #989 ) ;
#1716 = CYLINDRICAL_SURFACE ( 'NONE', #1154, 1.973045005896730153 ) ;
#1717 = ORIENTED_EDGE ( 'NONE', *, *, #271, .F. ) ;
#1718 = VERTEX_POINT ( 'NONE', #1997 ) ;
#1719 = EDGE_CURVE ( 'NONE', #3269, #3816, #692, .T. ) ;
#1720 = ORIENTED_EDGE ( 'NONE', *, *, #775, .T. ) ;
#1721 = DIRECTION ( 'NONE',  ( 1.000000000000000000, 0.000000000000000000, 0.000000000000000000 ) ) ;
#1722 = FACE_OUTER_BOUND ( 'NONE', #3055, .T. ) ;
#1723 = DIRECTION ( 'NONE',  ( 0.000000000000000000, 0.000000000000000000, 1.000000000000000000 ) ) ;
#1724 = EDGE_CURVE ( 'NONE', #3595, #1718, #2907, .T. ) ;
#1725 = DIRECTION ( 'NONE',  ( -1.000000000000000000, 0.000000000000000000, 0.000000000000000000 ) ) ;
#1726 = DIRECTION ( 'NONE',  ( 0.000000000000000000, 0.000000000000000000, -1.000000000000000000 ) ) ;
#1727 = VERTEX_POINT ( 'NONE', #314 ) ;
#1728 = ORIENTED_EDGE ( 'NONE', *, *, #3561, .F. ) ;
#1729 = DIRECTION ( 'NONE',  ( 1.000000000000000000, 0.000000000000000000, 0.000000000000000000 ) ) ;
#1730 = CARTESIAN_POINT ( 'NONE',  ( -0.5661290900510888013, -3.229148604873897099, -1.000000000000000000 ) ) ;
#1731 = ADVANCED_FACE ( 'NONE', ( #1259 ), #1821, .T. ) ;
#1732 = CARTESIAN_POINT ( 'NONE',  ( -3.039258109536012942, 0.7227735835918559504, -9.719499999999998252 ) ) ;
#1733 = VERTEX_POINT ( 'NONE', #2683 ) ;
#1734 = ORIENTED_EDGE ( 'NONE', *, *, #3370, .T. ) ;
#1735 = ORIENTED_EDGE ( 'NONE', *, *, #1278, .F. ) ;
#1736 = CARTESIAN_POINT ( 'NONE',  ( 0.000000000000000000, 0.000000000000000000, 11.00000000000000000 ) ) ;
#1737 = ORIENTED_EDGE ( 'NONE', *, *, #724, .T. ) ;
#1738 = VECTOR ( 'NONE', #2257, 1000.000000000000000 ) ;
#1739 = DIRECTION ( 'NONE',  ( 0.000000000000000000, 0.000000000000000000, -1.000000000000000000 ) ) ;
#1740 = EDGE_CURVE ( 'NONE', #1733, #1550, #2053, .T. ) ;
#1741 = CARTESIAN_POINT ( 'NONE',  ( -2.963603903834560516, 3.046235693633680075, -1.000000000000000000 ) ) ;
#1742 = CIRCLE ( 'NONE', #1063, 1.100000000000000089 ) ;
#1743 = CARTESIAN_POINT ( 'NONE',  ( 0.000000000000000000, 0.000000000000000000, -1.000000000000000000 ) ) ;
#1744 = LINE ( 'NONE', #3364, #1882 ) ;
#1745 = CARTESIAN_POINT ( 'NONE',  ( 2.896159312915024930, 1.536282556425360601, -1.000000000000000000 ) ) ;
#1746 = VECTOR ( 'NONE', #1988, 1000.000000000000000 ) ;
#1747 = ORIENTED_EDGE ( 'NONE', *, *, #1852, .F. ) ;
#1748 = EDGE_CURVE ( 'NONE', #646, #166, #3408, .T. ) ;
#1749 = AXIS2_PLACEMENT_3D ( 'NONE', #2534, #473, #2249 ) ;
#1750 = LINE ( 'NONE', #2875, #1955 ) ;
#1751 = DIRECTION ( 'NONE',  ( 0.000000000000000000, 0.000000000000000000, 1.000000000000000000 ) ) ;
#1752 = ORIENTED_EDGE ( 'NONE', *, *, #3280, .F. ) ;
#1753 = EDGE_CURVE ( 'NONE', #2435, #1023, #2539, .T. ) ;
#1754 = LINE ( 'NONE', #3793, #167 ) ;
#1755 = ORIENTED_EDGE ( 'NONE', *, *, #2546, .T. ) ;
#1756 = EDGE_CURVE ( 'NONE', #3586, #568, #1375, .T. ) ;
#1757 = VERTEX_POINT ( 'NONE', #1785 ) ;
#1758 = CARTESIAN_POINT ( 'NONE',  ( 2.243744109767559891, 2.440731630117074946, -7.000000000000000000 ) ) ;
#1759 = ORIENTED_EDGE ( 'NONE', *, *, #2679, .T. ) ;
#1760 = DIRECTION ( 'NONE',  ( 1.000000000000000000, 0.000000000000000000, 0.000000000000000000 ) ) ;
#1761 = CARTESIAN_POINT ( 'NONE',  ( -2.465546629779823196, 1.976326718222530143, -7.000000000000000000 ) ) ;
#1762 = DIRECTION ( 'NONE',  ( -1.000000000000000000, 0.000000000000000000, 0.000000000000000000 ) ) ;
#1763 = CARTESIAN_POINT ( 'NONE',  ( -1.156315544683800045, 4.089674114292448870, -1.000000000000000000 ) ) ;
#1764 = ORIENTED_EDGE ( 'NONE', *, *, #436, .F. ) ;
#1765 = AXIS2_PLACEMENT_3D ( 'NONE', #2337, #914, #2888 ) ;
#1766 = CARTESIAN_POINT ( 'NONE',  ( -1.830597722194789334, 2.719708594400580548, -1.000000000000000000 ) ) ;
#1767 = DIRECTION ( 'NONE',  ( -1.000000000000000000, 0.000000000000000000, 0.000000000000000000 ) ) ;
#1768 = ORIENTED_EDGE ( 'NONE', *, *, #3702, .F. ) ;
#1769 = AXIS2_PLACEMENT_3D ( 'NONE', #2142, #3331, #638 ) ;
#1770 = CIRCLE ( 'NONE', #2928, 1.973045005896732373 ) ;
#1771 = CARTESIAN_POINT ( 'NONE',  ( 2.112360622440739633, 2.294815484850012410, -9.719499999999998252 ) ) ;
#1772 = EDGE_CURVE ( 'NONE', #2255, #1917, #663, .T. ) ;
#1773 = DIRECTION ( 'NONE',  ( 0.000000000000000000, 0.000000000000000000, -1.000000000000000000 ) ) ;
#1774 = AXIS2_PLACEMENT_3D ( 'NONE', #1582, #3018, #1523 ) ;
#1775 = AXIS2_PLACEMENT_3D ( 'NONE', #163, #472, #3073 ) ;
#1776 = EDGE_LOOP ( 'NONE', ( #3835, #1752, #3131, #2836 ) ) ;
#1777 = DIRECTION ( 'NONE',  ( -1.000000000000000000, 0.000000000000000000, 0.000000000000000000 ) ) ;
#1778 = ORIENTED_EDGE ( 'NONE', *, *, #2075, .F. ) ;
#1779 = DIRECTION ( 'NONE',  ( 1.000000000000000000, 0.000000000000000000, 0.000000000000000000 ) ) ;
#1780 = FACE_OUTER_BOUND ( 'NONE', #1077, .T. ) ;
#1781 = LINE ( 'NONE', #1816, #815 ) ;
#1782 = CARTESIAN_POINT ( 'NONE',  ( 0.9311881956576669728, -2.976765703412589836, -9.719499999999998252 ) ) ;
#1783 = CIRCLE ( 'NONE', #3829, 1.973045005896730597 ) ;
#1784 = DIRECTION ( 'NONE',  ( 0.000000000000000000, 0.000000000000000000, 1.000000000000000000 ) ) ;
#1785 = CARTESIAN_POINT ( 'NONE',  ( 3.079589269441307398, -1.124292128631909637, -9.719499999999998252 ) ) ;
#1786 = ORIENTED_EDGE ( 'NONE', *, *, #3377, .F. ) ;
#1787 = ORIENTED_EDGE ( 'NONE', *, *, #2314, .F. ) ;
#1788 = FACE_OUTER_BOUND ( 'NONE', #3105, .T. ) ;
#1789 = CARTESIAN_POINT ( 'NONE',  ( -3.946402564646465549, -1.577468477575104222, -9.719499999999998252 ) ) ;
#1790 = EDGE_CURVE ( 'NONE', #1110, #3195, #2178, .T. ) ;
#1791 = ORIENTED_EDGE ( 'NONE', *, *, #1683, .F. ) ;
#1792 = DIRECTION ( 'NONE',  ( -1.000000000000000000, 0.000000000000000000, 0.000000000000000000 ) ) ;
#1793 = ORIENTED_EDGE ( 'NONE', *, *, #1772, .F. ) ;
#1794 = CARTESIAN_POINT ( 'NONE',  ( -1.169637804266636216, -3.348396088319579800, -7.000000000000000000 ) ) ;
#1795 = DIRECTION ( 'NONE',  ( 1.000000000000000000, 0.000000000000000000, 0.000000000000000000 ) ) ;
#1796 = CARTESIAN_POINT ( 'NONE',  ( 3.532190061753924137, -2.363500236437080737, -9.719499999999998252 ) ) ;
#1797 = ORIENTED_EDGE ( 'NONE', *, *, #3487, .F. ) ;
#1798 = CARTESIAN_POINT ( 'NONE',  ( 2.243744109767559891, 2.440731630117074946, -9.719499999999998252 ) ) ;
#1799 = AXIS2_PLACEMENT_3D ( 'NONE', #2409, #390, #2484 ) ;
#1800 = FACE_OUTER_BOUND ( 'NONE', #2607, .T. ) ;
#1801 = CARTESIAN_POINT ( 'NONE',  ( -2.719767133969146933, 3.265787307369016013, -9.719499999999998252 ) ) ;
#1802 = ADVANCED_FACE ( 'NONE', ( #1500 ), #976, .F. ) ;
#1803 = EDGE_LOOP ( 'NONE', ( #2725, #1412, #792, #3689 ) ) ;
#1804 = FACE_OUTER_BOUND ( 'NONE', #1588, .T. ) ;
#1805 = VECTOR ( 'NONE', #2231, 1000.000000000000000 ) ;
#1806 = DIRECTION ( 'NONE',  ( -1.000000000000000000, 0.000000000000000000, 0.000000000000000000 ) ) ;
#1807 = CARTESIAN_POINT ( 'NONE',  ( -1.100000000000000089, 0.000000000000000000, -21.00000000000000000 ) ) ;
#1809 = EDGE_CURVE ( 'NONE', #1446, #3697, #1378, .T. ) ;
#1808 = CARTESIAN_POINT ( 'NONE',  ( 2.243744109767559891, 2.440731630117074946, -1.000000000000000000 ) ) ;
#1810 = EDGE_LOOP ( 'NONE', ( #1659, #3037, #850, #2860 ) ) ;
#1811 = DIRECTION ( 'NONE',  ( -0.000000000000000000, -0.000000000000000000, -1.000000000000000000 ) ) ;
#1812 = ORIENTED_EDGE ( 'NONE', *, *, #2297, .T. ) ;
#1813 = ADVANCED_FACE ( 'NONE', ( #1541 ), #3579, .T. ) ;
#1814 = CYLINDRICAL_SURFACE ( 'NONE', #470, 0.1963495408493620142 ) ;
#1815 = FACE_OUTER_BOUND ( 'NONE', #2305, .T. ) ;
#1816 = CARTESIAN_POINT ( 'NONE',  ( -0.3260060259625632839, 3.101740145280443173, -1.000000000000000000 ) ) ;
#1817 = ORIENTED_EDGE ( 'NONE', *, *, #2450, .T. ) ;
#1818 = EDGE_CURVE ( 'NONE', #433, #391, #578, .T. ) ;
#1819 = CARTESIAN_POINT ( 'NONE',  ( -3.207792781939549975, 1.513233103517119815, -1.000000000000000000 ) ) ;
#1820 = AXIS2_PLACEMENT_3D ( 'NONE', #1261, #3582, #1806 ) ;
#1821 = CYLINDRICAL_SURFACE ( 'NONE', #1250, 1.973045005896730153 ) ;
#1822 = ORIENTED_EDGE ( 'NONE', *, *, #2421, .T. ) ;
#1823 = CARTESIAN_POINT ( 'NONE',  ( 2.835254551144270163, -1.299837350964085925, -7.000000000000000000 ) ) ;
#1824 = FACE_OUTER_BOUND ( 'NONE', #1018, .T. ) ;
#1825 = CARTESIAN_POINT ( 'NONE',  ( -1.431569119554318537, 2.888155008907944854, -1.000000000000000000 ) ) ;
#1826 = LINE ( 'NONE', #632, #2380 ) ;
#1827 = AXIS2_PLACEMENT_3D ( 'NONE', #3133, #2219, #497 ) ;
#1828 = AXIS2_PLACEMENT_3D ( 'NONE', #1340, #467, #2510 ) ;
#1829 = VECTOR ( 'NONE', #2975, 1000.000000000000000 ) ;
#1830 = AXIS2_PLACEMENT_3D ( 'NONE', #1819, #2150, #353 ) ;
#1831 = DIRECTION ( 'NONE',  ( 0.000000000000000000, 0.000000000000000000, 1.000000000000000000 ) ) ;
#1832 = ORIENTED_EDGE ( 'NONE', *, *, #952, .F. ) ;
#1833 = DIRECTION ( 'NONE',  ( 0.000000000000000000, 0.000000000000000000, -1.000000000000000000 ) ) ;
#1834 = AXIS2_PLACEMENT_3D ( 'NONE', #1581, #399, #1657 ) ;
#1835 = FACE_OUTER_BOUND ( 'NONE', #2271, .T. ) ;
#1836 = DIRECTION ( 'NONE',  ( 1.000000000000000000, 0.000000000000000000, 0.000000000000000000 ) ) ;
#1837 = ORIENTED_EDGE ( 'NONE', *, *, #1675, .F. ) ;
#1838 = DIRECTION ( 'NONE',  ( 0.000000000000000000, 0.000000000000000000, 1.000000000000000000 ) ) ;
#1839 = ADVANCED_FACE ( 'NONE', ( #1516 ), #56, .T. ) ;
#1840 = LINE ( 'NONE', #3085, #1227 ) ;
#1841 = AXIS2_PLACEMENT_3D ( 'NONE', #1455, #3819, #3801 ) ;
#1842 = DIRECTION ( 'NONE',  ( -0.000000000000000000, -0.000000000000000000, 1.000000000000000000 ) ) ;
#1843 = ORIENTED_EDGE ( 'NONE', *, *, #2445, .T. ) ;
#1844 = AXIS2_PLACEMENT_3D ( 'NONE', #3436, #3765, #798 ) ;
#1845 = DIRECTION ( 'NONE',  ( 1.000000000000000000, 0.000000000000000000, 0.000000000000000000 ) ) ;
#1846 = EDGE_CURVE ( 'NONE', #793, #2177, #2413, .T. ) ;
#1847 = DIRECTION ( 'NONE',  ( 0.000000000000000000, 0.000000000000000000, 1.000000000000000000 ) ) ;
#1848 = CARTESIAN_POINT ( 'NONE',  ( -2.503046055244335655, 1.860915353816875006, -9.719499999999998252 ) ) ;
#1849 = CARTESIAN_POINT ( 'NONE',  ( -1.100000000000000089, 0.000000000000000000, 11.00000000000000000 ) ) ;
#1850 = ORIENTED_EDGE ( 'NONE', *, *, #2801, .F. ) ;
#1851 = DIRECTION ( 'NONE',  ( 1.000000000000000000, 0.000000000000000000, 0.000000000000000000 ) ) ;
#1852 = EDGE_CURVE ( 'NONE', #2937, #1451, #1770, .T. ) ;
#1853 = VERTEX_POINT ( 'NONE', #1801 ) ;
#1854 = LINE ( 'NONE', #3023, #1922 ) ;
#1855 = ORIENTED_EDGE ( 'NONE', *, *, #3643, .F. ) ;
#1856 = LINE ( 'NONE', #3025, #911 ) ;
#1857 = DIRECTION ( 'NONE',  ( -1.000000000000000000, 0.000000000000000000, 0.000000000000000000 ) ) ;
#1858 = DIRECTION ( 'NONE',  ( 0.000000000000000000, 0.000000000000000000, 1.000000000000000000 ) ) ;
#1859 = AXIS2_PLACEMENT_3D ( 'NONE', #2756, #676, #694 ) ;
#1860 = VERTEX_POINT ( 'NONE', #41 ) ;
#1861 = AXIS2_PLACEMENT_3D ( 'NONE', #3216, #581, #2103 ) ;
#1862 = CARTESIAN_POINT ( 'NONE',  ( -3.545951877715329825, 0.07768036026360160273, -9.719499999999998252 ) ) ;
#1863 = CARTESIAN_POINT ( 'NONE',  ( 3.118825397134032951, 0.03425858924962450064, -9.719499999999998252 ) ) ;
#1864 = DIRECTION ( 'NONE',  ( 1.000000000000000000, 0.000000000000000000, 0.000000000000000000 ) ) ;
#1865 = ADVANCED_FACE ( 'NONE', ( #3279 ), #645, .T. ) ;
#1866 = VERTEX_POINT ( 'NONE', #3013 ) ;
#1867 = AXIS2_PLACEMENT_3D ( 'NONE', #127, #164, #421 ) ;
#1868 = FILL_AREA_STYLE_COLOUR ( '', #2841 ) ;
#1869 = ORIENTED_EDGE ( 'NONE', *, *, #766, .F. ) ;
#1870 = DIRECTION ( 'NONE',  ( -1.000000000000000000, 0.000000000000000000, 0.000000000000000000 ) ) ;
#1871 = VERTEX_POINT ( 'NONE', #2074 ) ;
#1872 = CARTESIAN_POINT ( 'NONE',  ( -1.468371204554392850, -3.988281084079555505, -9.719499999999998252 ) ) ;
#1873 = DIRECTION ( 'NONE',  ( 0.000000000000000000, 0.000000000000000000, 1.000000000000000000 ) ) ;
#1874 = DIRECTION ( 'NONE',  ( 0.000000000000000000, 0.000000000000000000, 1.000000000000000000 ) ) ;
#1875 = CARTESIAN_POINT ( 'NONE',  ( 0.9637700502026833593, -2.966179217131117873, -1.000000000000000000 ) ) ;
#1876 = ORIENTED_EDGE ( 'NONE', *, *, #1590, .F. ) ;
#1877 = VERTEX_POINT ( 'NONE', #374 ) ;
#1878 = CARTESIAN_POINT ( 'NONE',  ( 2.265494034368440435, 3.595836033556544908, -7.000000000000000000 ) ) ;
#1879 = FACE_OUTER_BOUND ( 'NONE', #3507, .T. ) ;
#1880 = CARTESIAN_POINT ( 'NONE',  ( -3.235607650385375234, 0.7227735835918559504, -9.719499999999998252 ) ) ;
#1881 = EDGE_LOOP ( 'NONE', ( #1506, #1787, #1543, #1817 ) ) ;
#1882 = VECTOR ( 'NONE', #1655, 1000.000000000000000 ) ;
#1883 = EDGE_CURVE ( 'NONE', #2570, #3797, #1557, .T. ) ;
#1884 = ADVANCED_FACE ( 'NONE', ( #2187 ), #2227, .F. ) ;
#1885 = DIRECTION ( 'NONE',  ( 0.000000000000000000, 0.000000000000000000, 1.000000000000000000 ) ) ;
#1886 = VECTOR ( 'NONE', #3517, 1000.000000000000000 ) ;
#1887 = CIRCLE ( 'NONE', #2375, 1.973045005896732373 ) ;
#1888 = ORIENTED_EDGE ( 'NONE', *, *, #3561, .T. ) ;
#1889 = FACE_OUTER_BOUND ( 'NONE', #1380, .T. ) ;
#1890 = VECTOR ( 'NONE', #2498, 1000.000000000000000 ) ;
#1891 = CIRCLE ( 'NONE', #227, 0.1963495408493620142 ) ;
#1892 = ORIENTED_EDGE ( 'NONE', *, *, #3206, .F. ) ;
#1893 = LINE ( 'NONE', #408, #1436 ) ;
#1894 = DIRECTION ( 'NONE',  ( -0.2079116908177462142, -0.9781476007338084644, 0.000000000000000000 ) ) ;
#1895 = AXIS2_PLACEMENT_3D ( 'NONE', #1362, #2533, #2038 ) ;
#1896 = CARTESIAN_POINT ( 'NONE',  ( -1.627918660403679940, 2.888155008907944854, -7.000000000000000000 ) ) ;
#1897 = AXIS2_PLACEMENT_3D ( 'NONE', #296, #1481, #1317 ) ;
#1898 = DIRECTION ( 'NONE',  ( 1.000000000000000000, 0.000000000000000000, 0.000000000000000000 ) ) ;
#1899 = CARTESIAN_POINT ( 'NONE',  ( 0.2933980814763980094, -3.534646590994565241, -1.000000000000000000 ) ) ;
#1900 = EDGE_LOOP ( 'NONE', ( #929, #1837, #2481, #1174 ) ) ;
#1901 = ORIENTED_EDGE ( 'NONE', *, *, #1688, .F. ) ;
#1902 = DIRECTION ( 'NONE',  ( -1.000000000000000000, 0.000000000000000000, 0.000000000000000000 ) ) ;
#1903 = LINE ( 'NONE', #2216, #1564 ) ;
#1904 = ORIENTED_EDGE ( 'NONE', *, *, #3629, .T. ) ;
#1905 = AXIS2_PLACEMENT_3D ( 'NONE', #2352, #916, #1795 ) ;
#1906 = CARTESIAN_POINT ( 'NONE',  ( -3.057794340530221255, 0.6149303048045134945, -1.000000000000000000 ) ) ;
#1907 = CARTESIAN_POINT ( 'NONE',  ( 0.000000000000000000, 0.000000000000000000, -7.000000000000000000 ) ) ;
#1908 = VERTEX_POINT ( 'NONE', #3418 ) ;
#1909 = VERTEX_POINT ( 'NONE', #3399 ) ;
#1910 = DIRECTION ( 'NONE',  ( 0.000000000000000000, 0.000000000000000000, 1.000000000000000000 ) ) ;
#1911 = DIRECTION ( 'NONE',  ( 0.000000000000000000, 0.000000000000000000, 1.000000000000000000 ) ) ;
#1912 = DIRECTION ( 'NONE',  ( 0.000000000000000000, 0.000000000000000000, 1.000000000000000000 ) ) ;
#1913 = EDGE_CURVE ( 'NONE', #2604, #2448, #3683, .T. ) ;
#1914 = DIRECTION ( 'NONE',  ( 0.000000000000000000, 0.000000000000000000, 1.000000000000000000 ) ) ;
#1915 = LINE ( 'NONE', #1875, #1649 ) ;
#1916 = ORIENTED_EDGE ( 'NONE', *, *, #1185, .F. ) ;
#1917 = VERTEX_POINT ( 'NONE', #3722 ) ;
#1918 = EDGE_CURVE ( 'NONE', #2706, #2823, #1915, .T. ) ;
#1919 = CARTESIAN_POINT ( 'NONE',  ( 2.265494034368198850, -3.595836033558184486, -9.719499999999998252 ) ) ;
#1920 = DIRECTION ( 'NONE',  ( 0.000000000000000000, 0.000000000000000000, 1.000000000000000000 ) ) ;
#1921 = ORIENTED_EDGE ( 'NONE', *, *, #310, .T. ) ;
#1922 = VECTOR ( 'NONE', #1595, 1000.000000000000000 ) ;
#1923 = CARTESIAN_POINT ( 'NONE',  ( -1.468371204553696296, 3.988281084079813965, -9.719499999999998252 ) ) ;
#1924 = AXIS2_PLACEMENT_3D ( 'NONE', #192, #3763, #1103 ) ;
#1925 = EDGE_LOOP ( 'NONE', ( #1778, #705, #707, #2586 ) ) ;
#1926 = AXIS2_PLACEMENT_3D ( 'NONE', #854, #2312, #559 ) ;
#1927 = ORIENTED_EDGE ( 'NONE', *, *, #2365, .T. ) ;
#1928 = CYLINDRICAL_SURFACE ( 'NONE', #749, 4.250000000000000000 ) ;
#1929 = LINE ( 'NONE', #3718, #777 ) ;
#1930 = DIRECTION ( 'NONE',  ( 0.000000000000000000, 0.000000000000000000, 1.000000000000000000 ) ) ;
#1931 = CARTESIAN_POINT ( 'NONE',  ( 0.000000000000000000, 0.000000000000000000, -21.00000000000000000 ) ) ;
#1932 = LINE ( 'NONE', #121, #2559 ) ;
#1933 = EDGE_LOOP ( 'NONE', ( #248, #3150, #492, #460 ) ) ;
#1934 = CARTESIAN_POINT ( 'NONE',  ( 0.000000000000000000, 0.000000000000000000, -21.00000000000000000 ) ) ;
#1935 = ORIENTED_EDGE ( 'NONE', *, *, #3228, .F. ) ;
#1936 = DIRECTION ( 'NONE',  ( -0.000000000000000000, -0.000000000000000000, 1.000000000000000000 ) ) ;
#1937 = CARTESIAN_POINT ( 'NONE',  ( -2.778539377712785363, 1.740006260178603270, -1.000000000000000000 ) ) ;
#1938 = ORIENTED_EDGE ( 'NONE', *, *, #889, .F. ) ;
#1939 = PLANE ( 'NONE',  #1529 ) ;
#1940 = VERTEX_POINT ( 'NONE', #2471 ) ;
#1941 = VERTEX_POINT ( 'NONE', #758 ) ;
#1942 = ORIENTED_EDGE ( 'NONE', *, *, #1980, .T. ) ;
#1943 = CIRCLE ( 'NONE', #3486, 4.249999999998978595 ) ;
#1944 = CARTESIAN_POINT ( 'NONE',  ( -3.039258109536012942, 0.7227735835918559504, -7.000000000000000000 ) ) ;
#1945 = EDGE_CURVE ( 'NONE', #1954, #2609, #1155, .T. ) ;
#1946 = CARTESIAN_POINT ( 'NONE',  ( 1.840249104221044929, -3.032044226566819933, -7.000000000000000000 ) ) ;
#1947 = VECTOR ( 'NONE', #225, 1000.000000000000000 ) ;
#1948 = AXIS2_PLACEMENT_3D ( 'NONE', #897, #3596, #3538 ) ;
#1949 = DIRECTION ( 'NONE',  ( 0.000000000000000000, 0.000000000000000000, 1.000000000000000000 ) ) ;
#1950 = DIRECTION ( 'NONE',  ( -1.000000000000000000, 0.000000000000000000, 0.000000000000000000 ) ) ;
#1951 = AXIS2_PLACEMENT_3D ( 'NONE', #2127, #3261, #624 ) ;
#1952 = CARTESIAN_POINT ( 'NONE',  ( 0.6070735070739039507, 4.206419113330439608, -7.000000000000000000 ) ) ;
#1953 = EDGE_CURVE ( 'NONE', #3367, #3756, #179, .T. ) ;
#1954 = VERTEX_POINT ( 'NONE', #2833 ) ;
#1955 = VECTOR ( 'NONE', #3826, 1000.000000000000000 ) ;
#1956 = ORIENTED_EDGE ( 'NONE', *, *, #1913, .T. ) ;
#1957 = CARTESIAN_POINT ( 'NONE',  ( 0.000000000000000000, 0.000000000000000000, -21.00000000000000000 ) ) ;
#1958 = DIRECTION ( 'NONE',  ( 1.000000000000000000, 0.000000000000000000, 0.000000000000000000 ) ) ;
#1959 = ORIENTED_EDGE ( 'NONE', *, *, #476, .T. ) ;
#1960 = ADVANCED_FACE ( 'NONE', ( #415 ), #1601, .F. ) ;
#1961 = LINE ( 'NONE', #2289, #598 ) ;
#1962 = ORIENTED_EDGE ( 'NONE', *, *, #2730, .F. ) ;
#1963 = AXIS2_PLACEMENT_3D ( 'NONE', #1435, #2908, #2599 ) ;
#1964 = ORIENTED_EDGE ( 'NONE', *, *, #315, .T. ) ;
#1965 = AXIS2_PLACEMENT_3D ( 'NONE', #3537, #2639, #3240 ) ;
#1966 = VERTEX_POINT ( 'NONE', #2792 ) ;
#1967 = CYLINDRICAL_SURFACE ( 'NONE', #447, 1.973045005896729709 ) ;
#1968 = EDGE_CURVE ( 'NONE', #2589, #2141, #2013, .T. ) ;
#1969 = CARTESIAN_POINT ( 'NONE',  ( -4.246832370088709396, -0.1640573691061663064, -1.000000000000000000 ) ) ;
#1970 = DIRECTION ( 'NONE',  ( 1.000000000000000000, 0.000000000000000000, 0.000000000000000000 ) ) ;
#1971 = EDGE_CURVE ( 'NONE', #725, #2228, #1272, .T. ) ;
#1972 = CARTESIAN_POINT ( 'NONE',  ( 0.2933980814764465261, 3.534646590994565241, -9.719499999999998252 ) ) ;
#1973 = EDGE_CURVE ( 'NONE', #2490, #770, #1932, .T. ) ;
#1974 = DIRECTION ( 'NONE',  ( 0.000000000000000000, 0.000000000000000000, -1.000000000000000000 ) ) ;
#1975 = ORIENTED_EDGE ( 'NONE', *, *, #2323, .T. ) ;
#1976 = ORIENTED_EDGE ( 'NONE', *, *, #1114, .F. ) ;
#1977 = DIRECTION ( 'NONE',  ( 0.000000000000000000, 0.000000000000000000, -1.000000000000000000 ) ) ;
#1978 = FACE_OUTER_BOUND ( 'NONE', #1803, .T. ) ;
#1979 = ORIENTED_EDGE ( 'NONE', *, *, #3440, .F. ) ;
#1980 = EDGE_CURVE ( 'NONE', #1449, #949, #1379, .T. ) ;
#1981 = CARTESIAN_POINT ( 'NONE',  ( 3.014628782297434917, 1.379699904078589778, -7.000000000000000000 ) ) ;
#1982 = ORIENTED_EDGE ( 'NONE', *, *, #486, .T. ) ;
#1983 = ORIENTED_EDGE ( 'NONE', *, *, #2002, .F. ) ;
#1984 = AXIS2_PLACEMENT_3D ( 'NONE', #2966, #876, #1167 ) ;
#1985 = EDGE_CURVE ( 'NONE', #2029, #1917, #102, .T. ) ;
#1986 = ORIENTED_EDGE ( 'NONE', *, *, #1719, .F. ) ;
#1987 = CIRCLE ( 'NONE', #1440, 4.249999999998979483 ) ;
#1988 = DIRECTION ( 'NONE',  ( -0.000000000000000000, -0.000000000000000000, -1.000000000000000000 ) ) ;
#1989 = CARTESIAN_POINT ( 'NONE',  ( 3.000000000000000444, 0.000000000000000000, -21.00000000000000000 ) ) ;
#1990 = AXIS2_PLACEMENT_3D ( 'NONE', #514, #1751, #2606 ) ;
#1991 = DIRECTION ( 'NONE',  ( -1.000000000000000000, 0.000000000000000000, 0.000000000000000000 ) ) ;
#1992 = LINE ( 'NONE', #525, #3132 ) ;
#1993 = DIRECTION ( 'NONE',  ( 1.000000000000000000, 0.000000000000000000, 0.000000000000000000 ) ) ;
#1994 = ORIENTED_EDGE ( 'NONE', *, *, #2878, .T. ) ;
#1995 = VERTEX_POINT ( 'NONE', #2244 ) ;
#1996 = CARTESIAN_POINT ( 'NONE',  ( 4.119919448517805449, 1.043438420659026145, -7.000000000000000000 ) ) ;
#1997 = CARTESIAN_POINT ( 'NONE',  ( -3.152282387150849630, 0.9005657169910937787, -9.719499999999998252 ) ) ;
#1998 = VERTEX_POINT ( 'NONE', #2776 ) ;
#1999 = DIRECTION ( 'NONE',  ( 0.000000000000000000, 0.000000000000000000, -1.000000000000000000 ) ) ;
#2000 = VERTEX_POINT ( 'NONE', #2548 ) ;
#2001 = EDGE_LOOP ( 'NONE', ( #3531, #1962, #1386, #1212 ) ) ;
#2002 = EDGE_CURVE ( 'NONE', #957, #1387, #2805, .T. ) ;
#2003 = ORIENTED_EDGE ( 'NONE', *, *, #2208, .F. ) ;
#2004 = CARTESIAN_POINT ( 'NONE',  ( 0.7962284048839876061, 3.180239485670408150, -9.719499999999998252 ) ) ;
#2005 = DIRECTION ( 'NONE',  ( 0.000000000000000000, 0.000000000000000000, 1.000000000000000000 ) ) ;
#2006 = CARTESIAN_POINT ( 'NONE',  ( -2.963603903835096975, -3.046235693633160047, -9.719499999999998252 ) ) ;
#2007 = CIRCLE ( 'NONE', #3299, 3.000000000000000444 ) ;
#2008 = EDGE_CURVE ( 'NONE', #1909, #1189, #2442, .T. ) ;
#2009 = DIRECTION ( 'NONE',  ( 1.000000000000000000, 0.000000000000000000, 0.000000000000000000 ) ) ;
#2010 = DIRECTION ( 'NONE',  ( 0.000000000000000000, 0.000000000000000000, -1.000000000000000000 ) ) ;
#2011 = CIRCLE ( 'NONE', #3301, 0.1963495408492204053 ) ;
#2012 = EDGE_CURVE ( 'NONE', #2706, #2212, #1034, .T. ) ;
#2013 = CIRCLE ( 'NONE', #2748, 1.100000000000000089 ) ;
#2014 = CARTESIAN_POINT ( 'NONE',  ( -3.152282387150860288, -0.9005657169910510351, -7.000000000000000000 ) ) ;
#2015 = ORIENTED_EDGE ( 'NONE', *, *, #1237, .F. ) ;
#2016 = AXIS2_PLACEMENT_3D ( 'NONE', #3039, #950, #2446 ) ;
#2017 = VECTOR ( 'NONE', #46, 1000.000000000000114 ) ;
#2018 = EDGE_LOOP ( 'NONE', ( #3051, #1099, #2021, #3384 ) ) ;
#2019 = FACE_OUTER_BOUND ( 'NONE', #2102, .T. ) ;
#2020 = CARTESIAN_POINT ( 'NONE',  ( -1.529743889979035876, -2.718111318510969099, -9.719499999999998252 ) ) ;
#2021 = ORIENTED_EDGE ( 'NONE', *, *, #1428, .T. ) ;
#2022 = AXIS2_PLACEMENT_3D ( 'NONE', #3524, #3480, #1729 ) ;
#2023 = DIRECTION ( 'NONE',  ( 0.000000000000000000, 0.000000000000000000, 1.000000000000000000 ) ) ;
#2024 = ORIENTED_EDGE ( 'NONE', *, *, #2603, .F. ) ;
#2025 = VERTEX_POINT ( 'NONE', #3382 ) ;
#2026 = VERTEX_POINT ( 'NONE', #488 ) ;
#2027 = AXIS2_PLACEMENT_3D ( 'NONE', #32, #654, #2425 ) ;
#2028 = FACE_OUTER_BOUND ( 'NONE', #2313, .T. ) ;
#2029 = VERTEX_POINT ( 'NONE', #158 ) ;
#2030 = EDGE_CURVE ( 'NONE', #3684, #1080, #3114, .T. ) ;
#2031 = CARTESIAN_POINT ( 'NONE',  ( -1.687256277579660013, 2.853896419658324746, -7.000000000000000000 ) ) ;
#2032 = CARTESIAN_POINT ( 'NONE',  ( -1.431569119554318537, 2.888155008907944854, -9.719499999999998252 ) ) ;
#2033 = FACE_OUTER_BOUND ( 'NONE', #3424, .T. ) ;
#2034 = FACE_OUTER_BOUND ( 'NONE', #3534, .T. ) ;
#2035 = ORIENTED_EDGE ( 'NONE', *, *, #1511, .T. ) ;
#2036 = EDGE_CURVE ( 'NONE', #3269, #2823, #1336, .T. ) ;
#2037 = VERTEX_POINT ( 'NONE', #1086 ) ;
#2038 = DIRECTION ( 'NONE',  ( -1.000000000000000000, 0.000000000000000000, 0.000000000000000000 ) ) ;
#2039 = DIRECTION ( 'NONE',  ( -1.000000000000000000, 0.000000000000000000, 0.000000000000000000 ) ) ;
#2040 = EDGE_LOOP ( 'NONE', ( #2972, #1983, #2551, #2799 ) ) ;
#2041 = ADVANCED_FACE ( 'NONE', ( #2341 ), #2584, .T. ) ;
#2042 = ADVANCED_FACE ( 'NONE', ( #877 ), #3783, .T. ) ;
#2043 = DIRECTION ( 'NONE',  ( 0.000000000000000000, 0.000000000000000000, 1.000000000000000000 ) ) ;
#2044 = VERTEX_POINT ( 'NONE', #3223 ) ;
#2045 = ORIENTED_EDGE ( 'NONE', *, *, #256, .F. ) ;
#2046 = CARTESIAN_POINT ( 'NONE',  ( 2.896159312915196793, 1.536282556425134338, -9.719499999999998252 ) ) ;
#2047 = ORIENTED_EDGE ( 'NONE', *, *, #2711, .F. ) ;
#2048 = DIRECTION ( 'NONE',  ( 0.000000000000000000, 0.000000000000000000, 1.000000000000000000 ) ) ;
#2049 = CARTESIAN_POINT ( 'NONE',  ( 0.2933980814763980094, -3.534646590994565241, -7.000000000000000000 ) ) ;
#2050 = AXIS2_PLACEMENT_3D ( 'NONE', #3349, #2196, #3003 ) ;
#2051 = CARTESIAN_POINT ( 'NONE',  ( 0.000000000000000000, 0.000000000000000000, -7.000000000000000000 ) ) ;
#2052 = DIRECTION ( 'NONE',  ( 1.000000000000000000, 0.000000000000000000, 0.000000000000000000 ) ) ;
#2053 = CIRCLE ( 'NONE', #2479, 0.1963495408492204053 ) ;
#2054 = ORIENTED_EDGE ( 'NONE', *, *, #2974, .T. ) ;
#2055 = EDGE_CURVE ( 'NONE', #1234, #1352, #2263, .T. ) ;
#2056 = LINE ( 'NONE', #135, #2690 ) ;
#2057 = CARTESIAN_POINT ( 'NONE',  ( -3.207792781939549975, 1.513233103517119815, -9.719499999999998252 ) ) ;
#2058 = ORIENTED_EDGE ( 'NONE', *, *, #563, .F. ) ;
#2059 = ORIENTED_EDGE ( 'NONE', *, *, #3391, .F. ) ;
#2060 = DIRECTION ( 'NONE',  ( -1.000000000000000000, 0.000000000000000000, 0.000000000000000000 ) ) ;
#2061 = ADVANCED_FACE ( 'NONE', ( #800 ), #2601, .F. ) ;
#2062 = EDGE_LOOP ( 'NONE', ( #3514, #205, #2076, #1717 ) ) ;
#2063 = DIRECTION ( 'NONE',  ( 1.000000000000000000, 0.000000000000000000, 0.000000000000000000 ) ) ;
#2064 = ORIENTED_EDGE ( 'NONE', *, *, #1724, .F. ) ;
#2065 = DIRECTION ( 'NONE',  ( 0.000000000000000000, 0.000000000000000000, 1.000000000000000000 ) ) ;
#2066 = LINE ( 'NONE', #2637, #1417 ) ;
#2067 = DIRECTION ( 'NONE',  ( -0.000000000000000000, -0.000000000000000000, 1.000000000000000000 ) ) ;
#2068 = DIRECTION ( 'NONE',  ( 0.000000000000000000, 0.000000000000000000, -1.000000000000000000 ) ) ;
#2069 = CIRCLE ( 'NONE', #594, 1.973045005896731929 ) ;
#2070 = CIRCLE ( 'NONE', #1152, 0.1963495408492197392 ) ;
#2071 = CIRCLE ( 'NONE', #33, 1.973045005897159143 ) ;
#2072 = AXIS2_PLACEMENT_3D ( 'NONE', #3298, #3577, #312 ) ;
#2073 = CARTESIAN_POINT ( 'NONE',  ( 0.9918635406178789582, 3.163505213708925012, -7.000000000000000000 ) ) ;
#2074 = CARTESIAN_POINT ( 'NONE',  ( -3.039258109536012942, 0.7227735835918559504, -1.000000000000000000 ) ) ;
#2075 = EDGE_CURVE ( 'NONE', #1080, #3503, #3437, .T. ) ;
#2076 = ORIENTED_EDGE ( 'NONE', *, *, #94, .F. ) ;
#2077 = CIRCLE ( 'NONE', #347, 0.1963495408493641792 ) ;
#2078 = AXIS2_PLACEMENT_3D ( 'NONE', #2660, #3317, #2988 ) ;
#2079 = DIRECTION ( 'NONE',  ( 1.000000000000000000, 0.000000000000000000, 0.000000000000000000 ) ) ;
#2080 = DIRECTION ( 'NONE',  ( -0.7431448254773883599, -0.6691306063588646769, 0.000000000000000000 ) ) ;
#2081 = CIRCLE ( 'NONE', #105, 1.973045005896731485 ) ;
#2082 = CARTESIAN_POINT ( 'NONE',  ( -0.1176199352022195554, -3.276288816603982301, -1.000000000000000000 ) ) ;
#2083 = AXIS2_PLACEMENT_3D ( 'NONE', #3145, #2573, #2303 ) ;
#2084 = ORIENTED_EDGE ( 'NONE', *, *, #700, .F. ) ;
#2085 = ADVANCED_FACE ( 'NONE', ( #2929 ), #275, .T. ) ;
#2086 = CARTESIAN_POINT ( 'NONE',  ( -2.661896170629185043, 1.976326718222530143, -9.719499999999998252 ) ) ;
#2087 = VERTEX_POINT ( 'NONE', #1763 ) ;
#2088 = CARTESIAN_POINT ( 'NONE',  ( 1.225135557480210746, -3.040879103936689365, -1.000000000000000000 ) ) ;
#2089 = DIRECTION ( 'NONE',  ( 1.000000000000000000, 0.000000000000000000, 0.000000000000000000 ) ) ;
#2090 = ADVANCED_FACE ( 'NONE', ( #2034 ), #3740, .F. ) ;
#2091 = DIRECTION ( 'NONE',  ( 0.000000000000000000, 0.000000000000000000, -1.000000000000000000 ) ) ;
#2092 = DIRECTION ( 'NONE',  ( 0.000000000000000000, 0.000000000000000000, 1.000000000000000000 ) ) ;
#2093 = CIRCLE ( 'NONE', #3700, 4.249999999998978595 ) ;
#2094 = CYLINDRICAL_SURFACE ( 'NONE', #727, 0.1963495408493620142 ) ;
#2095 = DIRECTION ( 'NONE',  ( 1.000000000000000000, 0.000000000000000000, 0.000000000000000000 ) ) ;
#2096 = EDGE_LOOP ( 'NONE', ( #435, #3383, #266, #2045 ) ) ;
#2097 = DIRECTION ( 'NONE',  ( 1.000000000000000000, 0.000000000000000000, 0.000000000000000000 ) ) ;
#2098 = CYLINDRICAL_SURFACE ( 'NONE', #2675, 3.000000000000000444 ) ;
#2099 = DIRECTION ( 'NONE',  ( 0.000000000000000000, 0.000000000000000000, 1.000000000000000000 ) ) ;
#2100 = CARTESIAN_POINT ( 'NONE',  ( 0.9918635406178789582, 3.163505213708925012, -9.719499999999998252 ) ) ;
#2101 = ADVANCED_FACE ( 'NONE', ( #3803 ), #3182, .T. ) ;
#2102 = EDGE_LOOP ( 'NONE', ( #1691, #1670, #3060, #2309 ) ) ;
#2103 = DIRECTION ( 'NONE',  ( 1.000000000000000000, 0.000000000000000000, 0.000000000000000000 ) ) ;
#2104 = ORIENTED_EDGE ( 'NONE', *, *, #769, .T. ) ;
#2105 = DIRECTION ( 'NONE',  ( 0.000000000000000000, 0.000000000000000000, 1.000000000000000000 ) ) ;
#2106 = DIRECTION ( 'NONE',  ( -0.6691306063588672304, -0.7431448254773862505, 0.000000000000000000 ) ) ;
#2107 = LINE ( 'NONE', #2355, #3653 ) ;
#2108 = ORIENTED_EDGE ( 'NONE', *, *, #596, .T. ) ;
#2109 = CARTESIAN_POINT ( 'NONE',  ( 2.266443087373176901, 3.534646590994565241, -7.000000000000000000 ) ) ;
#2110 = VECTOR ( 'NONE', #274, 1000.000000000000227 ) ;
#2111 = DIRECTION ( 'NONE',  ( 0.000000000000000000, 0.000000000000000000, 1.000000000000000000 ) ) ;
#2112 = EDGE_LOOP ( 'NONE', ( #1232, #1832, #869, #1986 ) ) ;
#2113 = ORIENTED_EDGE ( 'NONE', *, *, #945, .F. ) ;
#2114 = AXIS2_PLACEMENT_3D ( 'NONE', #3688, #743, #2194 ) ;
#2115 = CARTESIAN_POINT ( 'NONE',  ( 1.981338335719304844, 3.759893402663395001, -7.000000000000000000 ) ) ;
#2116 = FACE_BOUND ( 'NONE', #2874, .T. ) ;
#2117 = LINE ( 'NONE', #3001, #1214 ) ;
#2118 = VERTEX_POINT ( 'NONE', #1745 ) ;
#2119 = DIRECTION ( 'NONE',  ( 1.000000000000000000, 0.000000000000000000, 0.000000000000000000 ) ) ;
#2120 = ORIENTED_EDGE ( 'NONE', *, *, #999, .F. ) ;
#2121 = DIRECTION ( 'NONE',  ( 0.000000000000000000, 0.000000000000000000, 1.000000000000000000 ) ) ;
#2122 = ADVANCED_FACE ( 'NONE', ( #2622 ), #817, .F. ) ;
#2123 = CARTESIAN_POINT ( 'NONE',  ( 3.452313666459049468, 0.8132277084701610148, -7.000000000000000000 ) ) ;
#2124 = PRODUCT_DEFINITION_SHAPE ( 'NONE', 'NONE',  #3392 ) ;
#2125 = DIRECTION ( 'NONE',  ( 0.5877852522924836842, -0.8090169943749396797, 0.000000000000000000 ) ) ;
#2126 = ORIENTED_EDGE ( 'NONE', *, *, #2434, .F. ) ;
#2127 = CARTESIAN_POINT ( 'NONE',  ( -1.169637804266636216, -3.348396088319579800, -9.719499999999998252 ) ) ;
#2128 = EDGE_CURVE ( 'NONE', #3303, #1954, #3141, .T. ) ;
#2129 = CIRCLE ( 'NONE', #2492, 3.000000000000000444 ) ;
#2130 = DIRECTION ( 'NONE',  ( 0.000000000000000000, 0.000000000000000000, 1.000000000000000000 ) ) ;
#2131 = VERTEX_POINT ( 'NONE', #254 ) ;
#2132 = ADVANCED_FACE ( 'NONE', ( #526 ), #1689, .T. ) ;
#2133 = FACE_OUTER_BOUND ( 'NONE', #3799, .T. ) ;
#2134 = DIRECTION ( 'NONE',  ( 0.000000000000000000, 0.000000000000000000, 1.000000000000000000 ) ) ;
#2135 = CYLINDRICAL_SURFACE ( 'NONE', #788, 1.973045005896729709 ) ;
#2136 = AXIS2_PLACEMENT_3D ( 'NONE', #1484, #137, #3265 ) ;
#2137 = AXIS2_PLACEMENT_3D ( 'NONE', #708, #2105, #3651 ) ;
#2138 = CIRCLE ( 'NONE', #603, 4.249999999998978595 ) ;
#2139 = EDGE_CURVE ( 'NONE', #1488, #2819, #2682, .T. ) ;
#2140 = FILL_AREA_STYLE ('',( #1868 ) ) ;
#2141 = VERTEX_POINT ( 'NONE', #834 ) ;
#2142 = CARTESIAN_POINT ( 'NONE',  ( 0.2933980814763980094, -3.534646590994565241, -7.000000000000000000 ) ) ;
#2143 = VECTOR ( 'NONE', #3504, 1000.000000000000000 ) ;
#2144 = ADVANCED_BREP_SHAPE_REPRESENTATION ( '7.5OD_motor_gear', ( #1394, #2614 ), #3420 ) ;
#2145 = CARTESIAN_POINT ( 'NONE',  ( -3.207792781939569959, -1.513233103517074962, -9.719499999999998252 ) ) ;
#2146 = ORIENTED_EDGE ( 'NONE', *, *, #1056, .F. ) ;
#2147 = EDGE_CURVE ( 'NONE', #2212, #228, #3490, .T. ) ;
#2148 = CARTESIAN_POINT ( 'NONE',  ( -0.3600769430756984857, 3.098159147592464802, -4.000000000000000000 ) ) ;
#2149 = ORIENTED_EDGE ( 'NONE', *, *, #780, .T. ) ;
#2150 = DIRECTION ( 'NONE',  ( 0.000000000000000000, 0.000000000000000000, 1.000000000000000000 ) ) ;
#2151 = EDGE_CURVE ( 'NONE', #3430, #1995, #3277, .T. ) ;
#2152 = CARTESIAN_POINT ( 'NONE',  ( -2.778539377712863079, -1.740006260178439179, -9.719499999999998252 ) ) ;
#2153 = CIRCLE ( 'NONE', #1905, 1.973045005896730597 ) ;
#2154 = CARTESIAN_POINT ( 'NONE',  ( 2.823075960151754771, -2.147102950642279851, -7.000000000000000000 ) ) ;
#2155 = EDGE_CURVE ( 'NONE', #744, #1490, #2356, .T. ) ;
#2156 = ORIENTED_EDGE ( 'NONE', *, *, #3506, .T. ) ;
#2157 = VECTOR ( 'NONE', #1419, 1000.000000000000000 ) ;
#2158 = CARTESIAN_POINT ( 'NONE',  ( 0.6070735070738936257, 4.206419113331445914, -1.000000000000000000 ) ) ;
#2159 = DIRECTION ( 'NONE',  ( 1.000000000000000000, 0.000000000000000000, 0.000000000000000000 ) ) ;
#2160 = DIRECTION ( 'NONE',  ( 0.000000000000000000, 0.000000000000000000, -1.000000000000000000 ) ) ;
#2161 = VERTEX_POINT ( 'NONE', #74 ) ;
#2162 = ORIENTED_EDGE ( 'NONE', *, *, #2840, .F. ) ;
#2163 = CARTESIAN_POINT ( 'NONE',  ( -0.3806010588439899811, 3.293433065112664870, -1.000000000000000000 ) ) ;
#2164 = EDGE_LOOP ( 'NONE', ( #2058, #2922, #3464, #1621 ) ) ;
#2165 = CARTESIAN_POINT ( 'NONE',  ( 3.452313666459034813, -0.8132277084702069780, -1.000000000000000000 ) ) ;
#2166 = CARTESIAN_POINT ( 'NONE',  ( -3.207792781939549975, 1.513233103517119815, -7.000000000000000000 ) ) ;
#2167 = EDGE_CURVE ( 'NONE', #1941, #1001, #3619, .T. ) ;
#2168 = CARTESIAN_POINT ( 'NONE',  ( -3.812946277482008206, -1.877216206255266862, -1.000000000000000000 ) ) ;
#2169 = DIRECTION ( 'NONE',  ( 0.000000000000000000, 0.000000000000000000, -1.000000000000000000 ) ) ;
#2170 = CIRCLE ( 'NONE', #318, 1.973045005897158255 ) ;
#2171 = EDGE_CURVE ( 'NONE', #2288, #3093, #973, .T. ) ;
#2172 = ORIENTED_EDGE ( 'NONE', *, *, #681, .T. ) ;
#2173 = AXIS2_PLACEMENT_3D ( 'NONE', #2367, #3570, #1777 ) ;
#2174 = DIRECTION ( 'NONE',  ( 0.7431448254773787010, -0.6691306063588754460, 0.000000000000000000 ) ) ;
#2175 = DIRECTION ( 'NONE',  ( 0.000000000000000000, 0.000000000000000000, 1.000000000000000000 ) ) ;
#2176 = DIRECTION ( 'NONE',  ( -0.000000000000000000, -0.000000000000000000, 1.000000000000000000 ) ) ;
#2177 = VERTEX_POINT ( 'NONE', #643 ) ;
#2178 = CIRCLE ( 'NONE', #2726, 1.973045005896733262 ) ;
#2179 = SURFACE_STYLE_USAGE ( .BOTH. , #636 ) ;
#2180 = ORIENTED_EDGE ( 'NONE', *, *, #946, .F. ) ;
#2181 = DIRECTION ( 'NONE',  ( 0.000000000000000000, 0.000000000000000000, 1.000000000000000000 ) ) ;
#2182 = ORIENTED_EDGE ( 'NONE', *, *, #769, .F. ) ;
#2183 = DIRECTION ( 'NONE',  ( 0.000000000000000000, 0.000000000000000000, 1.000000000000000000 ) ) ;
#2184 = DIRECTION ( 'NONE',  ( -1.000000000000000000, 0.000000000000000000, 0.000000000000000000 ) ) ;
#2185 = DIRECTION ( 'NONE',  ( 1.000000000000000000, 0.000000000000000000, 0.000000000000000000 ) ) ;
#2186 = LINE ( 'NONE', #975, #2334 ) ;
#2187 = FACE_OUTER_BOUND ( 'NONE', #1216, .T. ) ;
#2188 = ORIENTED_EDGE ( 'NONE', *, *, #3832, .F. ) ;
#2189 = ORIENTED_EDGE ( 'NONE', *, *, #724, .F. ) ;
#2190 = EDGE_CURVE ( 'NONE', #198, #3767, #715, .T. ) ;
#2191 = CARTESIAN_POINT ( 'NONE',  ( 1.981338335720411514, -3.759893402664042927, -1.000000000000000000 ) ) ;
#2192 = EDGE_CURVE ( 'NONE', #1718, #335, #1587, .T. ) ;
#2193 = LINE ( 'NONE', #2493, #3762 ) ;
#2194 = DIRECTION ( 'NONE',  ( 1.000000000000000000, 0.000000000000000000, 0.000000000000000000 ) ) ;
#2195 = VERTEX_POINT ( 'NONE', #2394 ) ;
#2196 = DIRECTION ( 'NONE',  ( 0.000000000000000000, 0.000000000000000000, 1.000000000000000000 ) ) ;
#2197 = AXIS2_PLACEMENT_3D ( 'NONE', #523, #1048, #3395 ) ;
#2198 = AXIS2_PLACEMENT_3D ( 'NONE', #586, #1398, #2569 ) ;
#2199 = VERTEX_POINT ( 'NONE', #332 ) ;
#2200 = EDGE_CURVE ( 'NONE', #1023, #2826, #1887, .T. ) ;
#2201 = VECTOR ( 'NONE', #113, 1000.000000000000000 ) ;
#2202 = ORIENTED_EDGE ( 'NONE', *, *, #76, .T. ) ;
#2203 = DIRECTION ( 'NONE',  ( 1.000000000000000000, 0.000000000000000000, 0.000000000000000000 ) ) ;
#2204 = CARTESIAN_POINT ( 'NONE',  ( 0.2933980814764465261, 3.534646590994565241, -9.719499999999998252 ) ) ;
#2205 = AXIS2_PLACEMENT_3D ( 'NONE', #3787, #1424, #3185 ) ;
#2206 = EDGE_CURVE ( 'NONE', #3184, #215, #1211, .T. ) ;
#2207 = DIRECTION ( 'NONE',  ( 1.000000000000000000, 0.000000000000000000, 0.000000000000000000 ) ) ;
#2208 = EDGE_CURVE ( 'NONE', #433, #166, #3243, .T. ) ;
#2209 = DIRECTION ( 'NONE',  ( 1.000000000000000000, 0.000000000000000000, -0.000000000000000000 ) ) ;
#2210 = DIRECTION ( 'NONE',  ( 0.000000000000000000, 0.000000000000000000, -1.000000000000000000 ) ) ;
#2211 = EDGE_CURVE ( 'NONE', #285, #2653, #3495, .T. ) ;
#2212 = VERTEX_POINT ( 'NONE', #1782 ) ;
#2213 = ORIENTED_EDGE ( 'NONE', *, *, #1968, .T. ) ;
#2214 = CARTESIAN_POINT ( 'NONE',  ( 0.9963519047475749568, 2.955592730849682326, -9.719499999999998252 ) ) ;
#2215 = FACE_OUTER_BOUND ( 'NONE', #3167, .T. ) ;
#2216 = CARTESIAN_POINT ( 'NONE',  ( -3.043548818098396946, -0.6819502185625323509, -9.719499999999998252 ) ) ;
#2217 = ORIENTED_EDGE ( 'NONE', *, *, #3002, .F. ) ;
#2218 = AXIS2_PLACEMENT_3D ( 'NONE', #3641, #3339, #696 ) ;
#2219 = DIRECTION ( 'NONE',  ( 0.000000000000000000, 0.000000000000000000, 1.000000000000000000 ) ) ;
#2220 = ORIENTED_EDGE ( 'NONE', *, *, #1428, .F. ) ;
#2221 = EDGE_CURVE ( 'NONE', #3756, #3484, #2138, .T. ) ;
#2222 = ORIENTED_EDGE ( 'NONE', *, *, #2945, .F. ) ;
#2223 = DIRECTION ( 'NONE',  ( 1.000000000000000000, 0.000000000000000000, 0.000000000000000000 ) ) ;
#2224 = CARTESIAN_POINT ( 'NONE',  ( 3.000000000000000444, 3.673940397442060361E-16, -1.000000000000000000 ) ) ;
#2225 = CARTESIAN_POINT ( 'NONE',  ( 2.112360622440739633, 2.294815484850012410, -1.000000000000000000 ) ) ;
#2226 = DIRECTION ( 'NONE',  ( 1.000000000000000000, 0.000000000000000000, 0.000000000000000000 ) ) ;
#2227 = PLANE ( 'NONE',  #34 ) ;
#2228 = VERTEX_POINT ( 'NONE', #371 ) ;
#2229 = AXIS2_PLACEMENT_3D ( 'NONE', #3275, #2949, #2986 ) ;
#2230 = CARTESIAN_POINT ( 'NONE',  ( 1.981338335720372434, -3.759893402664073125, -9.719499999999998252 ) ) ;
#2231 = DIRECTION ( 'NONE',  ( -0.4067366430757817786, 0.9135454576426090822, 0.000000000000000000 ) ) ;
#2232 = EDGE_LOOP ( 'NONE', ( #2156, #1567, #2429, #913 ) ) ;
#2233 = CIRCLE ( 'NONE', #1498, 1.973045005896733262 ) ;
#2234 = CARTESIAN_POINT ( 'NONE',  ( 3.042497229473224873, -1.317106346890154045, -1.000000000000000000 ) ) ;
#2235 = VERTEX_POINT ( 'NONE', #55 ) ;
#2236 = AXIS2_PLACEMENT_3D ( 'NONE', #2574, #2286, #3463 ) ;
#2237 = CIRCLE ( 'NONE', #2114, 1.973045005897160475 ) ;
#2238 = ORIENTED_EDGE ( 'NONE', *, *, #2919, .F. ) ;
#2239 = FACE_OUTER_BOUND ( 'NONE', #3110, .T. ) ;
#2240 = EDGE_CURVE ( 'NONE', #1055, #527, #2686, .T. ) ;
#2241 = DIRECTION ( 'NONE',  ( -0.000000000000000000, -0.000000000000000000, 1.000000000000000000 ) ) ;
#2242 = CARTESIAN_POINT ( 'NONE',  ( -2.661896170629215241, -1.976326718222495504, -1.000000000000000000 ) ) ;
#2243 = DIRECTION ( 'NONE',  ( 0.000000000000000000, 0.000000000000000000, 1.000000000000000000 ) ) ;
#2244 = CARTESIAN_POINT ( 'NONE',  ( -3.057794340530235022, -0.6149303048044398867, -9.719499999999998252 ) ) ;
#2245 = ORIENTED_EDGE ( 'NONE', *, *, #3664, .T. ) ;
#2246 = EDGE_CURVE ( 'NONE', #2228, #325, #3431, .T. ) ;
#2247 = ORIENTED_EDGE ( 'NONE', *, *, #326, .F. ) ;
#2248 = DIRECTION ( 'NONE',  ( 0.000000000000000000, 0.000000000000000000, 1.000000000000000000 ) ) ;
#2249 = DIRECTION ( 'NONE',  ( -1.000000000000000000, 0.000000000000000000, 0.000000000000000000 ) ) ;
#2250 = VERTEX_POINT ( 'NONE', #1240 ) ;
#2251 = EDGE_CURVE ( 'NONE', #2795, #1110, #1856, .T. ) ;
#2252 = DIRECTION ( 'NONE',  ( 0.000000000000000000, 0.000000000000000000, 1.000000000000000000 ) ) ;
#2253 = VERTEX_POINT ( 'NONE', #2951 ) ;
#2254 = EDGE_CURVE ( 'NONE', #2769, #1406, #919, .T. ) ;
#2255 = VERTEX_POINT ( 'NONE', #2373 ) ;
#2256 = CIRCLE ( 'NONE', #3050, 1.973045005896731485 ) ;
#2257 = DIRECTION ( 'NONE',  ( 0.000000000000000000, 0.000000000000000000, -1.000000000000000000 ) ) ;
#2258 = CARTESIAN_POINT ( 'NONE',  ( 0.2933980814763980094, -3.534646590994565241, -9.719499999999998252 ) ) ;
#2259 = AXIS2_PLACEMENT_3D ( 'NONE', #3501, #1168, #1420 ) ;
#2260 = LINE ( 'NONE', #505, #261 ) ;
#2261 = DIRECTION ( 'NONE',  ( 0.000000000000000000, 0.000000000000000000, 1.000000000000000000 ) ) ;
#2262 = CIRCLE ( 'NONE', #849, 0.1963495408493620142 ) ;
#2263 = LINE ( 'NONE', #2014, #2621 ) ;
#2264 = ORIENTED_EDGE ( 'NONE', *, *, #2273, .T. ) ;
#2265 = CIRCLE ( 'NONE', #230, 0.1963495408493615701 ) ;
#2266 = EDGE_CURVE ( 'NONE', #2653, #2131, #3557, .T. ) ;
#2267 = ORIENTED_EDGE ( 'NONE', *, *, #2815, .F. ) ;
#2268 = EDGE_CURVE ( 'NONE', #228, #189, #3622, .T. ) ;
#2269 = CYLINDRICAL_SURFACE ( 'NONE', #3625, 0.1963495408493620142 ) ;
#2270 = CARTESIAN_POINT ( 'NONE',  ( -3.235607650385385003, -0.7227735835918119855, -7.000000000000000000 ) ) ;
#2271 = EDGE_LOOP ( 'NONE', ( #1035, #2646, #2885, #1366 ) ) ;
#2272 = DIRECTION ( 'NONE',  ( -1.000000000000000000, 0.000000000000000000, 0.000000000000000000 ) ) ;
#2273 = EDGE_CURVE ( 'NONE', #44, #3650, #2262, .T. ) ;
#2274 = ORIENTED_EDGE ( 'NONE', *, *, #2666, .T. ) ;
#2275 = VERTEX_POINT ( 'NONE', #2738 ) ;
#2276 = AXIS2_PLACEMENT_3D ( 'NONE', #3158, #1687, #213 ) ;
#2277 = ORIENTED_EDGE ( 'NONE', *, *, #2659, .F. ) ;
#2278 = CARTESIAN_POINT ( 'NONE',  ( 3.000000000000000444, 3.673940397442060361E-16, 6.000000000000000000 ) ) ;
#2279 = CARTESIAN_POINT ( 'NONE',  ( 0.8034072016305656705, 3.348396088319595343, -1.000000000000000000 ) ) ;
#2280 = CARTESIAN_POINT ( 'NONE',  ( 0.000000000000000000, 0.000000000000000000, -9.719499999999998252 ) ) ;
#2281 = DIRECTION ( 'NONE',  ( 0.000000000000000000, 0.000000000000000000, -1.000000000000000000 ) ) ;
#2282 = DIRECTION ( 'NONE',  ( 0.000000000000000000, 0.000000000000000000, 1.000000000000000000 ) ) ;
#2283 = ORIENTED_EDGE ( 'NONE', *, *, #2208, .T. ) ;
#2284 = VERTEX_POINT ( 'NONE', #1574 ) ;
#2285 = CARTESIAN_POINT ( 'NONE',  ( 0.9963519047475365431, -2.955592730849698757, -1.000000000000000000 ) ) ;
#2286 = DIRECTION ( 'NONE',  ( 0.000000000000000000, 0.000000000000000000, 1.000000000000000000 ) ) ;
#2287 = EDGE_CURVE ( 'NONE', #1917, #3459, #2563, .T. ) ;
#2288 = VERTEX_POINT ( 'NONE', #2452 ) ;
#2289 = CARTESIAN_POINT ( 'NONE',  ( -1.156315544683381935, 4.089674114291534934, -7.000000000000000000 ) ) ;
#2290 = EDGE_LOOP ( 'NONE', ( #1347, #171, #2113, #1956 ) ) ;
#2291 = ORIENTED_EDGE ( 'NONE', *, *, #1612, .T. ) ;
#2292 = CIRCLE ( 'NONE', #629, 0.1963495408492204053 ) ;
#2293 = EDGE_LOOP ( 'NONE', ( #3411, #2538, #3328, #2887 ) ) ;
#2294 = AXIS2_PLACEMENT_3D ( 'NONE', #404, #983, #2119 ) ;
#2295 = CARTESIAN_POINT ( 'NONE',  ( 0.000000000000000000, 0.000000000000000000, -9.719499999999998252 ) ) ;
#2296 = CYLINDRICAL_SURFACE ( 'NONE', #284, 0.1963495408493620142 ) ;
#2297 = EDGE_CURVE ( 'NONE', #3115, #2854, #1230, .T. ) ;
#2298 = CARTESIAN_POINT ( 'NONE',  ( 0.2933980814764465261, 3.534646590994565241, -1.000000000000000000 ) ) ;
#2299 = DIRECTION ( 'NONE',  ( -0.000000000000000000, -0.000000000000000000, 1.000000000000000000 ) ) ;
#2300 = DIRECTION ( 'NONE',  ( 0.1045284632676433401, -0.9945218953682744001, 0.000000000000000000 ) ) ;
#2301 = ORIENTED_EDGE ( 'NONE', *, *, #1422, .T. ) ;
#2302 = ORIENTED_EDGE ( 'NONE', *, *, #836, .F. ) ;
#2303 = DIRECTION ( 'NONE',  ( 1.000000000000000000, 0.000000000000000000, 0.000000000000000000 ) ) ;
#2304 = DIRECTION ( 'NONE',  ( 0.000000000000000000, 0.000000000000000000, -1.000000000000000000 ) ) ;
#2305 = EDGE_LOOP ( 'NONE', ( #3041, #2746, #3796, #2936 ) ) ;
#2306 = EDGE_CURVE ( 'NONE', #471, #3124, #168, .T. ) ;
#2307 = EDGE_CURVE ( 'NONE', #2706, #3281, #2749, .T. ) ;
#2308 = LINE ( 'NONE', #1447, #655 ) ;
#2309 = ORIENTED_EDGE ( 'NONE', *, *, #1059, .F. ) ;
#2310 = VERTEX_POINT ( 'NONE', #3286 ) ;
#2311 = EDGE_LOOP ( 'NONE', ( #1136, #3485, #3471, #1116 ) ) ;
#2312 = DIRECTION ( 'NONE',  ( 0.000000000000000000, 0.000000000000000000, 1.000000000000000000 ) ) ;
#2313 = EDGE_LOOP ( 'NONE', ( #200, #112, #159, #1062 ) ) ;
#2314 = EDGE_CURVE ( 'NONE', #1995, #1908, #475, .T. ) ;
#2315 = CYLINDRICAL_SURFACE ( 'NONE', #3749, 0.1963495408493620142 ) ;
#2316 = DIRECTION ( 'NONE',  ( 0.000000000000000000, 0.000000000000000000, 1.000000000000000000 ) ) ;
#2317 = CIRCLE ( 'NONE', #2862, 0.1963495408492206273 ) ;
#2318 = LINE ( 'NONE', #3575, #2110 ) ;
#2319 = PRODUCT_CONTEXT ( 'NONE', #3712, 'mechanical' ) ;
#2320 = ADVANCED_FACE ( 'NONE', ( #704 ), #379, .F. ) ;
#2321 = VECTOR ( 'NONE', #1838, 1000.000000000000000 ) ;
#2322 = DIRECTION ( 'NONE',  ( -1.000000000000000000, 0.000000000000000000, 0.000000000000000000 ) ) ;
#2323 = EDGE_CURVE ( 'NONE', #1149, #2570, #1530, .T. ) ;
#2324 = ORIENTED_EDGE ( 'NONE', *, *, #3129, .F. ) ;
#2325 = VECTOR ( 'NONE', #319, 1000.000000000000000 ) ;
#2326 = ORIENTED_EDGE ( 'NONE', *, *, #3696, .F. ) ;
#2327 = LINE ( 'NONE', #1996, #974 ) ;
#2328 = CARTESIAN_POINT ( 'NONE',  ( -0.3260060259626934021, -3.101740145280431182, -1.000000000000000000 ) ) ;
#2329 = VECTOR ( 'NONE', #3646, 1000.000000000000000 ) ;
#2330 = ORIENTED_EDGE ( 'NONE', *, *, #843, .F. ) ;
#2331 = LINE ( 'NONE', #7, #2995 ) ;
#2332 = ORIENTED_EDGE ( 'NONE', *, *, #1369, .F. ) ;
#2333 = VERTEX_POINT ( 'NONE', #2438 ) ;
#2334 = VECTOR ( 'NONE', #3300, 1000.000000000000114 ) ;
#2335 = LINE ( 'NONE', #1163, #262 ) ;
#2336 = EDGE_LOOP ( 'NONE', ( #931, #938, #597, #1287 ) ) ;
#2337 = CARTESIAN_POINT ( 'NONE',  ( -2.407771384363955214, 1.992049688295469689, -7.000000000000000000 ) ) ;
#2338 = EDGE_CURVE ( 'NONE', #1640, #1697, #2081, .T. ) ;
#2339 = DIRECTION ( 'NONE',  ( 0.000000000000000000, 0.000000000000000000, 1.000000000000000000 ) ) ;
#2340 = DIRECTION ( 'NONE',  ( 1.000000000000000000, 0.000000000000000000, 0.000000000000000000 ) ) ;
#2341 = FACE_OUTER_BOUND ( 'NONE', #1933, .T. ) ;
#2342 = ORIENTED_EDGE ( 'NONE', *, *, #2008, .F. ) ;
#2343 = DIRECTION ( 'NONE',  ( -1.000000000000000000, 0.000000000000000000, 0.000000000000000000 ) ) ;
#2344 = DIRECTION ( 'NONE',  ( -1.000000000000000000, 0.000000000000000000, 0.000000000000000000 ) ) ;
#2345 = ORIENTED_EDGE ( 'NONE', *, *, #331, .T. ) ;
#2346 = CARTESIAN_POINT ( 'NONE',  ( -2.430432687826100224, -2.583177482750639964, -9.719499999999998252 ) ) ;
#2347 = VERTEX_POINT ( 'NONE', #650 ) ;
#2348 = DIRECTION ( 'NONE',  ( -0.000000000000000000, -0.000000000000000000, -1.000000000000000000 ) ) ;
#2349 = ORIENTED_EDGE ( 'NONE', *, *, #3578, .T. ) ;
#2350 = CIRCLE ( 'NONE', #1859, 1.973045005897160031 ) ;
#2351 = CARTESIAN_POINT ( 'NONE',  ( 3.270635594739164542, 0.2254898343303584907, -7.000000000000000000 ) ) ;
#2352 = CARTESIAN_POINT ( 'NONE',  ( -2.430432687826100224, -2.583177482750639964, -1.000000000000000000 ) ) ;
#2353 = AXIS2_PLACEMENT_3D ( 'NONE', #2086, #3256, #1792 ) ;
#2354 = EDGE_CURVE ( 'NONE', #2755, #2435, #1505, .T. ) ;
#2355 = CARTESIAN_POINT ( 'NONE',  ( 0.8034072016301380126, 3.348396088319595343, -7.000000000000000000 ) ) ;
#2356 = LINE ( 'NONE', #1514, #2321 ) ;
#2357 = AXIS2_PLACEMENT_3D ( 'NONE', #2270, #805, #1326 ) ;
#2358 = DIRECTION ( 'NONE',  ( -1.000000000000000000, 0.000000000000000000, 0.000000000000000000 ) ) ;
#2359 = CARTESIAN_POINT ( 'NONE',  ( -3.946402564645500544, 1.577468477574775152, -7.000000000000000000 ) ) ;
#2360 = ADVANCED_FACE ( 'NONE', ( #2729 ), #2135, .T. ) ;
#2361 = ORIENTED_EDGE ( 'NONE', *, *, #2840, .T. ) ;
#2362 = ORIENTED_EDGE ( 'NONE', *, *, #2427, .T. ) ;
#2363 = CARTESIAN_POINT ( 'NONE',  ( 3.315174937983395242, -0.03425858924962450064, -1.000000000000000000 ) ) ;
#2364 = CARTESIAN_POINT ( 'NONE',  ( -2.465546629779852950, -1.976326718222495504, -7.000000000000000000 ) ) ;
#2365 = EDGE_CURVE ( 'NONE', #1470, #2310, #1597, .T. ) ;
#2366 = ORIENTED_EDGE ( 'NONE', *, *, #212, .T. ) ;
#2367 = CARTESIAN_POINT ( 'NONE',  ( 3.315174937983395242, -0.03425858924962450064, -9.719499999999998252 ) ) ;
#2368 = ORIENTED_EDGE ( 'NONE', *, *, #1017, .F. ) ;
#2369 = DIRECTION ( 'NONE',  ( 1.000000000000000000, 0.000000000000000000, 0.000000000000000000 ) ) ;
#2370 = EDGE_CURVE ( 'NONE', #3681, #3595, #3556, .T. ) ;
#2371 = DIRECTION ( 'NONE',  ( -1.000000000000000000, 0.000000000000000000, 0.000000000000000000 ) ) ;
#2372 = CARTESIAN_POINT ( 'NONE',  ( -1.156315544683655938, 4.089674114292515483, -9.719499999999998252 ) ) ;
#2373 = CARTESIAN_POINT ( 'NONE',  ( 4.119919448519273608, -1.043438420659454469, -9.719499999999998252 ) ) ;
#2374 = VECTOR ( 'NONE', #82, 1000.000000000000000 ) ;
#2375 = AXIS2_PLACEMENT_3D ( 'NONE', #936, #2068, #2430 ) ;
#2376 = CARTESIAN_POINT ( 'NONE',  ( 1.981338335719254884, -3.759893402663419870, -7.000000000000000000 ) ) ;
#2377 = DIRECTION ( 'NONE',  ( 0.000000000000000000, 0.000000000000000000, -1.000000000000000000 ) ) ;
#2378 = ORIENTED_EDGE ( 'NONE', *, *, #3320, .T. ) ;
#2379 = CIRCLE ( 'NONE', #2441, 0.1963495408492187677 ) ;
#2380 = VECTOR ( 'NONE', #47, 1000.000000000000000 ) ;
#2381 = DIRECTION ( 'NONE',  ( 0.4067366430757817786, -0.9135454576426090822, 0.000000000000000000 ) ) ;
#2382 = CARTESIAN_POINT ( 'NONE',  ( 0.000000000000000000, 0.000000000000000000, -1.000000000000000000 ) ) ;
#2383 = AXIS2_PLACEMENT_3D ( 'NONE', #2459, #3035, #1015 ) ;
#2384 = DIRECTION ( 'NONE',  ( 1.000000000000000000, 0.000000000000000000, 0.000000000000000000 ) ) ;
#2385 = DIRECTION ( 'NONE',  ( -1.000000000000000000, 0.000000000000000000, 0.000000000000000000 ) ) ;
#2386 = CIRCLE ( 'NONE', #2873, 4.249999999998979483 ) ;
#2387 = ORIENTED_EDGE ( 'NONE', *, *, #945, .T. ) ;
#2388 = CYLINDRICAL_SURFACE ( 'NONE', #196, 0.1963495408493620142 ) ;
#2389 = ORIENTED_EDGE ( 'NONE', *, *, #3320, .F. ) ;
#2390 = LINE ( 'NONE', #2407, #2681 ) ;
#2391 = CARTESIAN_POINT ( 'NONE',  ( 0.9918635406178379910, -3.163505213708935226, -7.000000000000000000 ) ) ;
#2392 = CARTESIAN_POINT ( 'NONE',  ( 0.000000000000000000, 0.000000000000000000, -21.00000000000000000 ) ) ;
#2393 = ORIENTED_EDGE ( 'NONE', *, *, #2811, .T. ) ;
#2394 = CARTESIAN_POINT ( 'NONE',  ( -1.468371204553696074, 3.988281084079813965, -1.000000000000000000 ) ) ;
#2395 = AXIS2_PLACEMENT_3D ( 'NONE', #662, #1914, #2209 ) ;
#2396 = CARTESIAN_POINT ( 'NONE',  ( -1.627918660403720130, -2.888155008907924870, -1.000000000000000000 ) ) ;
#2397 = AXIS2_PLACEMENT_3D ( 'NONE', #3084, #1930, #2850 ) ;
#2398 = ORIENTED_EDGE ( 'NONE', *, *, #3045, .T. ) ;
#2399 = DIRECTION ( 'NONE',  ( 0.000000000000000000, 0.000000000000000000, -1.000000000000000000 ) ) ;
#2400 = EDGE_CURVE ( 'NONE', #2037, #3439, #3036, .T. ) ;
#2401 = DIRECTION ( 'NONE',  ( -1.000000000000000000, 0.000000000000000000, 0.000000000000000000 ) ) ;
#2402 = CARTESIAN_POINT ( 'NONE',  ( 2.086901529111755860, 2.317738955447586680, -1.000000000000000000 ) ) ;
#2403 = CARTESIAN_POINT ( 'NONE',  ( 2.823075960151754771, 2.147102950642279851, -9.719499999999998252 ) ) ;
#2404 = ORIENTED_EDGE ( 'NONE', *, *, #569, .F. ) ;
#2405 = CARTESIAN_POINT ( 'NONE',  ( -2.430432687826065141, 2.583177482750675047, -9.719499999999998252 ) ) ;
#2406 = ORIENTED_EDGE ( 'NONE', *, *, #1456, .T. ) ;
#2407 = CARTESIAN_POINT ( 'NONE',  ( -2.719767133967970096, 3.265787307368670067, -7.000000000000000000 ) ) ;
#2408 = CARTESIAN_POINT ( 'NONE',  ( -2.513460179390323290, 2.104856476242576768, -9.719499999999998252 ) ) ;
#2409 = CARTESIAN_POINT ( 'NONE',  ( 2.914394700463149857, -2.021413487477474735, -9.719499999999998252 ) ) ;
#2410 = VERTEX_POINT ( 'NONE', #1286 ) ;
#2411 = DIRECTION ( 'NONE',  ( 0.000000000000000000, 0.000000000000000000, 1.000000000000000000 ) ) ;
#2412 = VECTOR ( 'NONE', #1220, 1000.000000000000000 ) ;
#2413 = LINE ( 'NONE', #396, #1070 ) ;
#2414 = VERTEX_POINT ( 'NONE', #1848 ) ;
#2415 = DIRECTION ( 'NONE',  ( 0.000000000000000000, 0.000000000000000000, -1.000000000000000000 ) ) ;
#2416 = EDGE_CURVE ( 'NONE', #3813, #285, #3757, .T. ) ;
#2417 = CIRCLE ( 'NONE', #1129, 0.1963495408492197392 ) ;
#2418 = DIRECTION ( 'NONE',  ( 0.000000000000000000, 0.000000000000000000, 1.000000000000000000 ) ) ;
#2419 = DIRECTION ( 'NONE',  ( 1.000000000000000000, 0.000000000000000000, -0.000000000000000000 ) ) ;
#2420 = CARTESIAN_POINT ( 'NONE',  ( -0.2919351088493369883, 3.105321142968429537, -9.719499999999998252 ) ) ;
#2421 = EDGE_CURVE ( 'NONE', #2937, #1554, #3117, .T. ) ;
#2422 = EDGE_CURVE ( 'NONE', #208, #3195, #1891, .T. ) ;
#2423 = ORIENTED_EDGE ( 'NONE', *, *, #590, .T. ) ;
#2424 = CARTESIAN_POINT ( 'NONE',  ( -3.091494944343594842, -0.4563814293964990054, -7.000000000000000000 ) ) ;
#2425 = DIRECTION ( 'NONE',  ( 1.000000000000000000, 0.000000000000000000, 0.000000000000000000 ) ) ;
#2426 = ORIENTED_EDGE ( 'NONE', *, *, #2427, .F. ) ;
#2427 = EDGE_CURVE ( 'NONE', #128, #2141, #1826, .T. ) ;
#2428 = DIRECTION ( 'NONE',  ( 0.000000000000000000, 0.000000000000000000, 1.000000000000000000 ) ) ;
#2429 = ORIENTED_EDGE ( 'NONE', *, *, #3751, .T. ) ;
#2430 = DIRECTION ( 'NONE',  ( -1.000000000000000000, 0.000000000000000000, 0.000000000000000000 ) ) ;
#2431 = EDGE_CURVE ( 'NONE', #1446, #3610, #2117, .T. ) ;
#2432 = DIRECTION ( 'NONE',  ( 0.000000000000000000, 0.000000000000000000, 1.000000000000000000 ) ) ;
#2433 = DIRECTION ( 'NONE',  ( 0.000000000000000000, 0.000000000000000000, 1.000000000000000000 ) ) ;
#2434 = EDGE_CURVE ( 'NONE', #2610, #2212, #362, .T. ) ;
#2435 = VERTEX_POINT ( 'NONE', #2420 ) ;
#2436 = CARTESIAN_POINT ( 'NONE',  ( -3.246046332586543404, 0.4594410361113173691, -9.719499999999998252 ) ) ;
#2437 = LINE ( 'NONE', #942, #1033 ) ;
#2438 = CARTESIAN_POINT ( 'NONE',  ( 0.6070735070730179928, -4.206419113331840265, -9.719499999999998252 ) ) ;
#2439 = VECTOR ( 'NONE', #2381, 1000.000000000000114 ) ;
#2440 = VERTEX_POINT ( 'NONE', #3000 ) ;
#2441 = AXIS2_PLACEMENT_3D ( 'NONE', #2163, #2181, #386 ) ;
#2442 = CIRCLE ( 'NONE', #1397, 1.973045005896730153 ) ;
#2443 = VECTOR ( 'NONE', #943, 1000.000000000000000 ) ;
#2444 = VERTEX_POINT ( 'NONE', #1789 ) ;
#2445 = EDGE_CURVE ( 'NONE', #208, #424, #2648, .T. ) ;
#2446 = DIRECTION ( 'NONE',  ( -1.000000000000000000, 0.000000000000000000, 0.000000000000000000 ) ) ;
#2447 = AXIS2_PLACEMENT_3D ( 'NONE', #3405, #1936, #3108 ) ;
#2448 = VERTEX_POINT ( 'NONE', #1825 ) ;
#2449 = LINE ( 'NONE', #3376, #2531 ) ;
#2450 = EDGE_CURVE ( 'NONE', #3430, #215, #3369, .T. ) ;
#2451 = DIRECTION ( 'NONE',  ( 0.000000000000000000, 0.000000000000000000, 1.000000000000000000 ) ) ;
#2452 = CARTESIAN_POINT ( 'NONE',  ( 2.266443087373177789, 3.534646590994565241, -9.719499999999998252 ) ) ;
#2453 = DIRECTION ( 'NONE',  ( 0.000000000000000000, 0.000000000000000000, 1.000000000000000000 ) ) ;
#2454 = VECTOR ( 'NONE', #2488, 1000.000000000000000 ) ;
#2455 = CARTESIAN_POINT ( 'NONE',  ( 0.000000000000000000, 0.000000000000000000, -21.00000000000000000 ) ) ;
#2456 = VERTEX_POINT ( 'NONE', #1246 ) ;
#2457 = AXIS2_PLACEMENT_3D ( 'NONE', #2851, #3417, #756 ) ;
#2458 = DIRECTION ( 'NONE',  ( 1.000000000000000000, 0.000000000000000000, 0.000000000000000000 ) ) ;
#2459 = CARTESIAN_POINT ( 'NONE',  ( 2.823075960151754771, -2.147102950642279851, -9.719499999999998252 ) ) ;
#2460 = CARTESIAN_POINT ( 'NONE',  ( 1.057027249707708005, -3.142332241146045035, -7.000000000000000000 ) ) ;
#2461 = ORIENTED_EDGE ( 'NONE', *, *, #752, .F. ) ;
#2462 = CIRCLE ( 'NONE', #803, 1.100000000000000089 ) ;
#2463 = CARTESIAN_POINT ( 'NONE',  ( -0.1176199352020351890, 3.276288816603965426, -1.000000000000000000 ) ) ;
#2464 = ORIENTED_EDGE ( 'NONE', *, *, #1971, .T. ) ;
#2465 = DIRECTION ( 'NONE',  ( 0.000000000000000000, 0.000000000000000000, 1.000000000000000000 ) ) ;
#2466 = ORIENTED_EDGE ( 'NONE', *, *, #3081, .F. ) ;
#2467 = CARTESIAN_POINT ( 'NONE',  ( 3.014628782297414933, -1.379699904078629968, -7.000000000000000000 ) ) ;
#2468 = DIRECTION ( 'NONE',  ( 1.000000000000000000, 0.000000000000000000, 0.000000000000000000 ) ) ;
#2469 = EDGE_CURVE ( 'NONE', #2029, #1757, #3546, .T. ) ;
#2470 = DIRECTION ( 'NONE',  ( 0.000000000000000000, 0.000000000000000000, 1.000000000000000000 ) ) ;
#2471 = CARTESIAN_POINT ( 'NONE',  ( 2.835254551144268831, -1.299837350964085925, -1.000000000000000000 ) ) ;
#2472 = AXIS2_PLACEMENT_3D ( 'NONE', #1495, #2091, #2619 ) ;
#2473 = VERTEX_POINT ( 'NONE', #905 ) ;
#2474 = AXIS2_PLACEMENT_3D ( 'NONE', #2405, #129, #3329 ) ;
#2475 = ORIENTED_EDGE ( 'NONE', *, *, #2273, .F. ) ;
#2476 = CARTESIAN_POINT ( 'NONE',  ( -4.246832370087664899, 0.1640573691068734907, -7.000000000000000000 ) ) ;
#2477 = DIRECTION ( 'NONE',  ( -0.2079116908177127132, 0.9781476007338155698, 0.000000000000000000 ) ) ;
#2478 = ORIENTED_EDGE ( 'NONE', *, *, #1368, .F. ) ;
#2479 = AXIS2_PLACEMENT_3D ( 'NONE', #2396, #2433, #2663 ) ;
#2480 = CARTESIAN_POINT ( 'NONE',  ( 0.8034072016300940478, -3.348396088319579800, -7.000000000000000000 ) ) ;
#2481 = ORIENTED_EDGE ( 'NONE', *, *, #2603, .T. ) ;
#2482 = DIRECTION ( 'NONE',  ( 0.000000000000000000, 0.000000000000000000, -1.000000000000000000 ) ) ;
#2483 = EDGE_LOOP ( 'NONE', ( #1090, #2015, #1979, #1888 ) ) ;
#2484 = DIRECTION ( 'NONE',  ( -1.000000000000000000, 0.000000000000000000, 0.000000000000000000 ) ) ;
#2485 = CARTESIAN_POINT ( 'NONE',  ( 1.705702773494315094, 3.109724586830374893, -7.000000000000000000 ) ) ;
#2486 = ADVANCED_FACE ( 'NONE', ( #684 ), #649, .T. ) ;
#2487 = CARTESIAN_POINT ( 'NONE',  ( -3.039258109536164376, -0.7227735835918119855, -1.000000000000000000 ) ) ;
#2488 = DIRECTION ( 'NONE',  ( 0.000000000000000000, 0.000000000000000000, 1.000000000000000000 ) ) ;
#2489 = CARTESIAN_POINT ( 'NONE',  ( 2.823075960151754771, 2.147102950642279851, -1.000000000000000000 ) ) ;
#2490 = VERTEX_POINT ( 'NONE', #1863 ) ;
#2491 = EDGE_LOOP ( 'NONE', ( #901, #984, #3522, #1747 ) ) ;
#2492 = AXIS2_PLACEMENT_3D ( 'NONE', #2688, #3266, #2458 ) ;
#2493 = CARTESIAN_POINT ( 'NONE',  ( -3.039258109536023156, -0.7227735835918119855, -7.000000000000000000 ) ) ;
#2494 = FACE_OUTER_BOUND ( 'NONE', #241, .T. ) ;
#2495 = EDGE_CURVE ( 'NONE', #2609, #1036, #361, .T. ) ;
#2496 = ORIENTED_EDGE ( 'NONE', *, *, #2200, .T. ) ;
#2497 = AXIS2_PLACEMENT_3D ( 'NONE', #3262, #1334, #1416 ) ;
#2498 = DIRECTION ( 'NONE',  ( 0.000000000000000000, 0.000000000000000000, -1.000000000000000000 ) ) ;
#2499 = CIRCLE ( 'NONE', #3682, 1.973045005897158255 ) ;
#2500 = ORIENTED_EDGE ( 'NONE', *, *, #372, .T. ) ;
#2501 = ORIENTED_EDGE ( 'NONE', *, *, #3278, .T. ) ;
#2502 = VECTOR ( 'NONE', #263, 1000.000000000000000 ) ;
#2503 = AXIS2_PLACEMENT_3D ( 'NONE', #3345, #668, #1263 ) ;
#2504 = ORIENTED_EDGE ( 'NONE', *, *, #1724, .T. ) ;
#2505 = LINE ( 'NONE', #3778, #133 ) ;
#2506 = CARTESIAN_POINT ( 'NONE',  ( 0.000000000000000000, 0.000000000000000000, -9.719499999999998252 ) ) ;
#2507 = AXIS2_PLACEMENT_3D ( 'NONE', #513, #2855, #219 ) ;
#2508 = CARTESIAN_POINT ( 'NONE',  ( -2.543319442294933452, -1.805483792004298760, -1.000000000000000000 ) ) ;
#2509 = PLANE ( 'NONE',  #2395 ) ;
#2510 = DIRECTION ( 'NONE',  ( -1.000000000000000000, 0.000000000000000000, 0.000000000000000000 ) ) ;
#2511 = EDGE_LOOP ( 'NONE', ( #2426, #1735, #416, #2213 ) ) ;
#2512 = CIRCLE ( 'NONE', #861, 1.973045005897158699 ) ;
#2513 = ORIENTED_EDGE ( 'NONE', *, *, #2815, .T. ) ;
#2514 = CARTESIAN_POINT ( 'NONE',  ( 2.835254551144417601, 1.299837350964107907, -9.719499999999998252 ) ) ;
#2515 = CARTESIAN_POINT ( 'NONE',  ( 4.188138338522024995, 0.7224937767099599562, -7.000000000000000000 ) ) ;
#2516 = ORIENTED_EDGE ( 'NONE', *, *, #3515, .F. ) ;
#2517 = AXIS2_PLACEMENT_3D ( 'NONE', #1069, #2243, #833 ) ;
#2518 = EDGE_CURVE ( 'NONE', #1866, #3652, #2437, .T. ) ;
#2519 = CYLINDRICAL_SURFACE ( 'NONE', #1032, 1.973045005896730597 ) ;
#2520 = ORIENTED_EDGE ( 'NONE', *, *, #1675, .T. ) ;
#2521 = AXIS2_PLACEMENT_3D ( 'NONE', #430, #1614, #3677 ) ;
#2522 = VERTEX_POINT ( 'NONE', #2728 ) ;
#2523 = CARTESIAN_POINT ( 'NONE',  ( 1.225135557480256265, 3.040879103936679595, -9.719499999999998252 ) ) ;
#2524 = EDGE_CURVE ( 'NONE', #1252, #560, #3177, .T. ) ;
#2525 = CARTESIAN_POINT ( 'NONE',  ( -2.503046055244360968, -1.860915353816845474, -9.719499999999998252 ) ) ;
#2526 = DIRECTION ( 'NONE',  ( 0.000000000000000000, 0.000000000000000000, 1.000000000000000000 ) ) ;
#2527 = CARTESIAN_POINT ( 'NONE',  ( 0.000000000000000000, 0.000000000000000000, -7.000000000000000000 ) ) ;
#2528 = CARTESIAN_POINT ( 'NONE',  ( 0.000000000000000000, 0.000000000000000000, -21.00000000000000000 ) ) ;
#2529 = ADVANCED_FACE ( 'NONE', ( #1547 ), #2957, .F. ) ;
#2530 = ORIENTED_EDGE ( 'NONE', *, *, #468, .T. ) ;
#2531 = VECTOR ( 'NONE', #1611, 1000.000000000000000 ) ;
#2532 = ORIENTED_EDGE ( 'NONE', *, *, #1740, .T. ) ;
#2533 = DIRECTION ( 'NONE',  ( -0.000000000000000000, -0.000000000000000000, 1.000000000000000000 ) ) ;
#2534 = CARTESIAN_POINT ( 'NONE',  ( 2.192825923109535058, 2.486578571312274999, -9.719499999999998252 ) ) ;
#2535 = ORIENTED_EDGE ( 'NONE', *, *, #3116, .T. ) ;
#2536 = AXIS2_PLACEMENT_3D ( 'NONE', #3604, #3059, #1531 ) ;
#2537 = CARTESIAN_POINT ( 'NONE',  ( 0.4479077197208464756, -3.518406973625709977, -7.000000000000000000 ) ) ;
#2538 = ORIENTED_EDGE ( 'NONE', *, *, #3412, .F. ) ;
#2539 = CIRCLE ( 'NONE', #3029, 0.1963495408493606542 ) ;
#2540 = ORIENTED_EDGE ( 'NONE', *, *, #1283, .F. ) ;
#2541 = VERTEX_POINT ( 'NONE', #2082 ) ;
#2542 = DIRECTION ( 'NONE',  ( 1.000000000000000000, 0.000000000000000000, 0.000000000000000000 ) ) ;
#2543 = CARTESIAN_POINT ( 'NONE',  ( -1.156315544684374474, -4.089674114292309426, -9.719499999999998252 ) ) ;
#2544 = ADVANCED_FACE ( 'NONE', ( #1487 ), #320, .T. ) ;
#2545 = DIRECTION ( 'NONE',  ( -1.000000000000000000, 0.000000000000000000, 0.000000000000000000 ) ) ;
#2546 = EDGE_CURVE ( 'NONE', #2604, #1554, #1562, .T. ) ;
#2547 = CYLINDRICAL_SURFACE ( 'NONE', #2517, 4.250000000000000000 ) ;
#2548 = CARTESIAN_POINT ( 'NONE',  ( -3.043548818098396946, -0.6819502185625323509, -1.000000000000000000 ) ) ;
#2549 = ORIENTED_EDGE ( 'NONE', *, *, #825, .F. ) ;
#2550 = EDGE_CURVE ( 'NONE', #1490, #1640, #3180, .T. ) ;
#2551 = ORIENTED_EDGE ( 'NONE', *, *, #554, .T. ) ;
#2552 = FACE_BOUND ( 'NONE', #2787, .T. ) ;
#2553 = CYLINDRICAL_SURFACE ( 'NONE', #1192, 1.973045005896729709 ) ;
#2554 = ORIENTED_EDGE ( 'NONE', *, *, #1269, .T. ) ;
#2555 = CARTESIAN_POINT ( 'NONE',  ( 1.840249104221044929, -3.032044226566819933, -9.719499999999998252 ) ) ;
#2556 = EDGE_LOOP ( 'NONE', ( #3363, #1323, #1692, #2324 ) ) ;
#2557 = ORIENTED_EDGE ( 'NONE', *, *, #3412, .T. ) ;
#2558 = EDGE_LOOP ( 'NONE', ( #162, #2987, #2283, #1625 ) ) ;
#2559 = VECTOR ( 'NONE', #1301, 1000.000000000000000 ) ;
#2560 = CARTESIAN_POINT ( 'NONE',  ( 0.000000000000000000, 0.000000000000000000, -7.000000000000000000 ) ) ;
#2561 = CARTESIAN_POINT ( 'NONE',  ( -0.2919351088493960522, -3.105321142968568982, -9.719499999999998252 ) ) ;
#2562 = CIRCLE ( 'NONE', #1401, 4.249999999998978595 ) ;
#2563 = CIRCLE ( 'NONE', #3754, 4.249999999999488409 ) ;
#2564 = CARTESIAN_POINT ( 'NONE',  ( -2.503046055244360968, -1.860915353816845474, -9.719499999999998252 ) ) ;
#2565 = ADVANCED_FACE ( 'NONE', ( #1262, #2116 ), #3285, .T. ) ;
#2566 = EDGE_CURVE ( 'NONE', #471, #3797, #2265, .T. ) ;
#2567 = DIRECTION ( 'NONE',  ( 0.000000000000000000, 0.000000000000000000, 1.000000000000000000 ) ) ;
#2568 = VECTOR ( 'NONE', #3226, 1000.000000000000000 ) ;
#2569 = DIRECTION ( 'NONE',  ( 1.000000000000000000, 0.000000000000000000, 0.000000000000000000 ) ) ;
#2570 = VERTEX_POINT ( 'NONE', #3602 ) ;
#2571 = CIRCLE ( 'NONE', #3058, 1.973045005897299253 ) ;
#2572 = ORIENTED_EDGE ( 'NONE', *, *, #1296, .T. ) ;
#2573 = DIRECTION ( 'NONE',  ( 0.000000000000000000, 0.000000000000000000, 1.000000000000000000 ) ) ;
#2574 = CARTESIAN_POINT ( 'NONE',  ( -3.207792781939569959, -1.513233103517074962, -7.000000000000000000 ) ) ;
#2575 = ORIENTED_EDGE ( 'NONE', *, *, #3539, .T. ) ;
#2576 = DIRECTION ( 'NONE',  ( 0.000000000000000000, 0.000000000000000000, 1.000000000000000000 ) ) ;
#2577 = ORIENTED_EDGE ( 'NONE', *, *, #1270, .T. ) ;
#2578 = ORIENTED_EDGE ( 'NONE', *, *, #2993, .T. ) ;
#2579 = ORIENTED_EDGE ( 'NONE', *, *, #3506, .F. ) ;
#2580 = CARTESIAN_POINT ( 'NONE',  ( -1.627918660403679940, 2.888155008907944854, -1.000000000000000000 ) ) ;
#2581 = CARTESIAN_POINT ( 'NONE',  ( 2.914394700463180055, 2.021413487477434767, -9.719499999999998252 ) ) ;
#2582 = CARTESIAN_POINT ( 'NONE',  ( -2.513460179390322846, 2.104856476242577212, -1.000000000000000000 ) ) ;
#2583 = DIRECTION ( 'NONE',  ( 1.000000000000000000, 0.000000000000000000, 0.000000000000000000 ) ) ;
#2584 = CYLINDRICAL_SURFACE ( 'NONE', #3362, 4.250000000000000000 ) ;
#2585 = EDGE_LOOP ( 'NONE', ( #3106, #510, #58, #618 ) ) ;
#2586 = ORIENTED_EDGE ( 'NONE', *, *, #2985, .T. ) ;
#2587 = CARTESIAN_POINT ( 'NONE',  ( 3.339329057572906656, 2.628950635755751719, -9.719499999999998252 ) ) ;
#2588 = CARTESIAN_POINT ( 'NONE',  ( -3.000000000000000444, 0.000000000000000000, -1.000000000000000000 ) ) ;
#2589 = VERTEX_POINT ( 'NONE', #1807 ) ;
#2590 = LINE ( 'NONE', #3483, #2325 ) ;
#2591 = EDGE_LOOP ( 'NONE', ( #3482, #1472, #36, #3432 ) ) ;
#2592 = ORIENTED_EDGE ( 'NONE', *, *, #2993, .F. ) ;
#2593 = ORIENTED_EDGE ( 'NONE', *, *, #2221, .F. ) ;
#2594 = CARTESIAN_POINT ( 'NONE',  ( -3.152282387150919352, -0.9005657169909213611, -1.000000000000000000 ) ) ;
#2595 = ORIENTED_EDGE ( 'NONE', *, *, #2431, .F. ) ;
#2596 = EDGE_CURVE ( 'NONE', #244, #571, #959, .T. ) ;
#2597 = DIRECTION ( 'NONE',  ( 0.000000000000000000, 0.000000000000000000, 1.000000000000000000 ) ) ;
#2598 = AXIS2_PLACEMENT_3D ( 'NONE', #1620, #3074, #438 ) ;
#2599 = DIRECTION ( 'NONE',  ( 1.000000000000000000, 0.000000000000000000, 0.000000000000000000 ) ) ;
#2600 = CYLINDRICAL_SURFACE ( 'NONE', #178, 4.250000000000000000 ) ;
#2601 = CYLINDRICAL_SURFACE ( 'NONE', #2198, 0.1963495408493620142 ) ;
#2602 = ORIENTED_EDGE ( 'NONE', *, *, #2354, .F. ) ;
#2603 = EDGE_CURVE ( 'NONE', #2994, #1406, #337, .T. ) ;
#2604 = VERTEX_POINT ( 'NONE', #742 ) ;
#2605 = DIRECTION ( 'NONE',  ( 1.000000000000000000, 0.000000000000000000, 0.000000000000000000 ) ) ;
#2606 = DIRECTION ( 'NONE',  ( 1.000000000000000000, 0.000000000000000000, 0.000000000000000000 ) ) ;
#2607 = EDGE_LOOP ( 'NONE', ( #698, #518, #3672, #3248 ) ) ;
#2608 = CYLINDRICAL_SURFACE ( 'NONE', #351, 0.1963495408493620142 ) ;
#2609 = VERTEX_POINT ( 'NONE', #420 ) ;
#2610 = VERTEX_POINT ( 'NONE', #1285 ) ;
#2611 = PRODUCT_DEFINITION_CONTEXT ( 'detailed design', #69, 'design' ) ;
#2612 = ORIENTED_EDGE ( 'NONE', *, *, #702, .T. ) ;
#2613 = CARTESIAN_POINT ( 'NONE',  ( 0.2807562157275790837, -4.240716442692441746, -1.000000000000000000 ) ) ;
#2614 = AXIS2_PLACEMENT_3D ( 'NONE', #2780, #1324, #859 ) ;
#2615 = ORIENTED_EDGE ( 'NONE', *, *, #207, .T. ) ;
#2616 = PLANE ( 'NONE',  #1765 ) ;
#2617 = CARTESIAN_POINT ( 'NONE',  ( 0.4479077197208954919, 3.518406973625700207, -1.000000000000000000 ) ) ;
#2618 = AXIS2_PLACEMENT_3D ( 'NONE', #1794, #2005, #2369 ) ;
#2619 = DIRECTION ( 'NONE',  ( -1.000000000000000000, 0.000000000000000000, 0.000000000000000000 ) ) ;
#2620 = AXIS2_PLACEMENT_3D ( 'NONE', #2555, #1096, #2272 ) ;
#2621 = VECTOR ( 'NONE', #3823, 1000.000000000000000 ) ;
#2622 = FACE_OUTER_BOUND ( 'NONE', #206, .T. ) ;
#2623 = VERTEX_POINT ( 'NONE', #182 ) ;
#2624 = VECTOR ( 'NONE', #3584, 1000.000000000000000 ) ;
#2625 = DIRECTION ( 'NONE',  ( 0.000000000000000000, 0.000000000000000000, 1.000000000000000000 ) ) ;
#2626 = CARTESIAN_POINT ( 'NONE',  ( -3.152282387150850074, 0.9005657169910940008, -1.000000000000000000 ) ) ;
#2627 = VECTOR ( 'NONE', #728, 1000.000000000000000 ) ;
#2628 = EDGE_LOOP ( 'NONE', ( #3078, #1134, #66, #1734 ) ) ;
#2629 = DIRECTION ( 'NONE',  ( 0.000000000000000000, 0.000000000000000000, -1.000000000000000000 ) ) ;
#2630 = EDGE_CURVE ( 'NONE', #3791, #1074, #3371, .T. ) ;
#2631 = VERTEX_POINT ( 'NONE', #1919 ) ;
#2632 = CIRCLE ( 'NONE', #3569, 0.1963495408493620142 ) ;
#2633 = FACE_OUTER_BOUND ( 'NONE', #2112, .T. ) ;
#2634 = ORIENTED_EDGE ( 'NONE', *, *, #3574, .F. ) ;
#2635 = FACE_OUTER_BOUND ( 'NONE', #1312, .T. ) ;
#2636 = AXIS2_PLACEMENT_3D ( 'NONE', #1377, #1358, #2583 ) ;
#2637 = CARTESIAN_POINT ( 'NONE',  ( -3.050671579314342630, -0.6484402616833607746, -1.000000000000000000 ) ) ;
#2638 = ADVANCED_FACE ( 'NONE', ( #3667 ), #1605, .T. ) ;
#2639 = DIRECTION ( 'NONE',  ( 0.000000000000000000, 0.000000000000000000, 1.000000000000000000 ) ) ;
#2640 = DIRECTION ( 'NONE',  ( 0.000000000000000000, 0.000000000000000000, -1.000000000000000000 ) ) ;
#2641 = VERTEX_POINT ( 'NONE', #3422 ) ;
#2642 = CIRCLE ( 'NONE', #987, 1.973045005896730153 ) ;
#2643 = CARTESIAN_POINT ( 'NONE',  ( -3.249853172817224856, -0.6557536698337228520, -7.000000000000000000 ) ) ;
#2644 = CARTESIAN_POINT ( 'NONE',  ( 2.265494034368403575, 3.595836033557773259, -9.719499999999998252 ) ) ;
#2645 = VERTEX_POINT ( 'NONE', #108 ) ;
#2646 = ORIENTED_EDGE ( 'NONE', *, *, #2147, .F. ) ;
#2647 = FACE_OUTER_BOUND ( 'NONE', #2817, .T. ) ;
#2648 = LINE ( 'NONE', #2402, #1467 ) ;
#2649 = ADVANCED_FACE ( 'NONE', ( #1879 ), #3053, .T. ) ;
#2650 = UNCERTAINTY_MEASURE_WITH_UNIT (LENGTH_MEASURE( 1.000000000000000082E-05 ), #1291, 'distance_accuracy_value', 'NONE');
#2651 = ORIENTED_EDGE ( 'NONE', *, *, #2147, .T. ) ;
#2652 = DIRECTION ( 'NONE',  ( -1.000000000000000000, 0.000000000000000000, 0.000000000000000000 ) ) ;
#2653 = VERTEX_POINT ( 'NONE', #2821 ) ;
#2654 = AXIS2_PLACEMENT_3D ( 'NONE', #1200, #2926, #623 ) ;
#2655 = LINE ( 'NONE', #2351, #1210 ) ;
#2656 = DIRECTION ( 'NONE',  ( 1.000000000000000000, 0.000000000000000000, 0.000000000000000000 ) ) ;
#2657 = VECTOR ( 'NONE', #1811, 1000.000000000000000 ) ;
#2658 = DIRECTION ( 'NONE',  ( -0.9945218953682685159, 0.1045284632676996145, 0.000000000000000000 ) ) ;
#2659 = EDGE_CURVE ( 'NONE', #2664, #2473, #1037, .T. ) ;
#2660 = CARTESIAN_POINT ( 'NONE',  ( -1.627918660403679940, 2.888155008907944854, -9.719499999999998252 ) ) ;
#2661 = CIRCLE ( 'NONE', #886, 4.249999999998980371 ) ;
#2662 = DIRECTION ( 'NONE',  ( -0.000000000000000000, -0.000000000000000000, 1.000000000000000000 ) ) ;
#2663 = DIRECTION ( 'NONE',  ( 1.000000000000000000, 0.000000000000000000, 0.000000000000000000 ) ) ;
#2664 = VERTEX_POINT ( 'NONE', #2766 ) ;
#2665 = ORIENTED_EDGE ( 'NONE', *, *, #380, .F. ) ;
#2666 = EDGE_CURVE ( 'NONE', #276, #1680, #785, .T. ) ;
#2667 = CARTESIAN_POINT ( 'NONE',  ( 0.000000000000000000, 0.000000000000000000, -1.000000000000000000 ) ) ;
#2668 = CARTESIAN_POINT ( 'NONE',  ( 0.9918635406178789582, 3.163505213708925012, -1.000000000000000000 ) ) ;
#2669 = DIRECTION ( 'NONE',  ( 1.000000000000000000, 0.000000000000000000, 0.000000000000000000 ) ) ;
#2670 = VERTEX_POINT ( 'NONE', #3385 ) ;
#2671 = DIRECTION ( 'NONE',  ( -1.000000000000000000, 0.000000000000000000, 0.000000000000000000 ) ) ;
#2672 = ORIENTED_EDGE ( 'NONE', *, *, #3487, .T. ) ;
#2673 = PLANE ( 'NONE',  #910 ) ;
#2674 = CYLINDRICAL_SURFACE ( 'NONE', #2027, 1.973045005896730153 ) ;
#2675 = AXIS2_PLACEMENT_3D ( 'NONE', #2743, #994, #2401 ) ;
#2676 = CARTESIAN_POINT ( 'NONE',  ( -3.270983679872604633, 1.371304022983455884, -9.719499999999998252 ) ) ;
#2677 = ORIENTED_EDGE ( 'NONE', *, *, #3643, .T. ) ;
#2678 = DIRECTION ( 'NONE',  ( -1.000000000000000000, 0.000000000000000000, 0.000000000000000000 ) ) ;
#2679 = EDGE_CURVE ( 'NONE', #2347, #2456, #1161, .T. ) ;
#2680 = EDGE_CURVE ( 'NONE', #2255, #1757, #2571, .T. ) ;
#2681 = VECTOR ( 'NONE', #1217, 1000.000000000000000 ) ;
#2682 = CIRCLE ( 'NONE', #968, 1.973045005897158699 ) ;
#2683 = CARTESIAN_POINT ( 'NONE',  ( -1.440037872544497111, -2.945198428730874340, -1.000000000000000000 ) ) ;
#2684 = ORIENTED_EDGE ( 'NONE', *, *, #900, .F. ) ;
#2685 = AXIS2_PLACEMENT_3D ( 'NONE', #3467, #2785, #1641 ) ;
#2686 = CIRCLE ( 'NONE', #1158, 0.1963495408493576566 ) ;
#2687 = CARTESIAN_POINT ( 'NONE',  ( 0.000000000000000000, 0.000000000000000000, 11.00000000000000000 ) ) ;
#2688 = CARTESIAN_POINT ( 'NONE',  ( 0.000000000000000000, 0.000000000000000000, 6.000000000000000000 ) ) ;
#2689 = EDGE_CURVE ( 'NONE', #1538, #1360, #1075, .T. ) ;
#2690 = VECTOR ( 'NONE', #1499, 999.9999999999998863 ) ;
#2691 = CARTESIAN_POINT ( 'NONE',  ( 3.484614976550524990, 0.6612619924381989422, -7.000000000000000000 ) ) ;
#2692 = DIRECTION ( 'NONE',  ( -0.000000000000000000, -0.000000000000000000, 1.000000000000000000 ) ) ;
#2693 = ORIENTED_EDGE ( 'NONE', *, *, #1980, .F. ) ;
#2694 = LINE ( 'NONE', #2712, #3530 ) ;
#2695 = ORIENTED_EDGE ( 'NONE', *, *, #2338, .T. ) ;
#2696 = CARTESIAN_POINT ( 'NONE',  ( -0.3806010588440339459, -3.293433065112659541, -7.000000000000000000 ) ) ;
#2697 = FACE_OUTER_BOUND ( 'NONE', #3631, .T. ) ;
#2698 = DIRECTION ( 'NONE',  ( 0.000000000000000000, 0.000000000000000000, -1.000000000000000000 ) ) ;
#2699 = ORIENTED_EDGE ( 'NONE', *, *, #1369, .T. ) ;
#2700 = DIRECTION ( 'NONE',  ( 0.000000000000000000, 0.000000000000000000, 1.000000000000000000 ) ) ;
#2701 = AXIS2_PLACEMENT_3D ( 'NONE', #2391, #52, #3006 ) ;
#2702 = PRODUCT ( '7.5OD_motor_gear', '7.5OD_motor_gear', '', ( #2319 ) ) ;
#2703 = DIRECTION ( 'NONE',  ( 1.000000000000000000, 0.000000000000000000, 0.000000000000000000 ) ) ;
#2704 = AXIS2_PLACEMENT_3D ( 'NONE', #2242, #2790, #1970 ) ;
#2705 = EDGE_CURVE ( 'NONE', #1998, #2819, #703, .T. ) ;
#2706 = VERTEX_POINT ( 'NONE', #1325 ) ;
#2707 = DIRECTION ( 'NONE',  ( 0.000000000000000000, 0.000000000000000000, 1.000000000000000000 ) ) ;
#2708 = CARTESIAN_POINT ( 'NONE',  ( -4.246832370087664899, -0.1640573691068170081, -7.000000000000000000 ) ) ;
#2709 = DIRECTION ( 'NONE',  ( 0.000000000000000000, 0.000000000000000000, 1.000000000000000000 ) ) ;
#2710 = DIRECTION ( 'NONE',  ( -0.000000000000000000, -0.000000000000000000, 1.000000000000000000 ) ) ;
#2711 = EDGE_CURVE ( 'NONE', #2769, #3610, #2935, .T. ) ;
#2712 = CARTESIAN_POINT ( 'NONE',  ( -1.468371204553990061, 3.988281084078620697, -7.000000000000000000 ) ) ;
#2713 = ORIENTED_EDGE ( 'NONE', *, *, #26, .T. ) ;
#2714 = CARTESIAN_POINT ( 'NONE',  ( 0.000000000000000000, 0.000000000000000000, -1.000000000000000000 ) ) ;
#2715 = DIRECTION ( 'NONE',  ( 1.000000000000000000, 0.000000000000000000, 0.000000000000000000 ) ) ;
#2716 = EDGE_CURVE ( 'NONE', #2623, #73, #2193, .T. ) ;
#2717 = AXIS2_PLACEMENT_3D ( 'NONE', #858, #1537, #1762 ) ;
#2718 = DIRECTION ( 'NONE',  ( 0.000000000000000000, 0.000000000000000000, -1.000000000000000000 ) ) ;
#2719 = ORIENTED_EDGE ( 'NONE', *, *, #315, .F. ) ;
#2720 = DIRECTION ( 'NONE',  ( 0.8660254037844345998, -0.5000000000000072164, 0.000000000000000000 ) ) ;
#2721 = VECTOR ( 'NONE', #672, 1000.000000000000000 ) ;
#2722 = DIRECTION ( 'NONE',  ( 0.000000000000000000, 0.000000000000000000, -1.000000000000000000 ) ) ;
#2723 = VECTOR ( 'NONE', #3772, 1000.000000000000000 ) ;
#2724 = CARTESIAN_POINT ( 'NONE',  ( -0.3124592246176304822, 3.300595060488625165, -9.719499999999998252 ) ) ;
#2725 = ORIENTED_EDGE ( 'NONE', *, *, #1569, .T. ) ;
#2726 = AXIS2_PLACEMENT_3D ( 'NONE', #2971, #78, #2953 ) ;
#2727 = DIRECTION ( 'NONE',  ( 0.000000000000000000, 0.000000000000000000, 1.000000000000000000 ) ) ;
#2728 = CARTESIAN_POINT ( 'NONE',  ( -2.465546629779823640, 1.976326718222530143, -9.719499999999998252 ) ) ;
#2729 = FACE_OUTER_BOUND ( 'NONE', #2096, .T. ) ;
#2730 = EDGE_CURVE ( 'NONE', #2570, #3791, #437, .T. ) ;
#2731 = LINE ( 'NONE', #3587, #3792 ) ;
#2732 = ORIENTED_EDGE ( 'NONE', *, *, #3027, .F. ) ;
#2733 = CARTESIAN_POINT ( 'NONE',  ( -2.513460179390458293, -2.104856476242446650, -1.000000000000000000 ) ) ;
#2734 = VERTEX_POINT ( 'NONE', #2514 ) ;
#2735 = DIRECTION ( 'NONE',  ( 1.000000000000000000, 0.000000000000000000, 0.000000000000000000 ) ) ;
#2736 = ORIENTED_EDGE ( 'NONE', *, *, #1719, .T. ) ;
#2737 = DIRECTION ( 'NONE',  ( 1.000000000000000000, 0.000000000000000000, 0.000000000000000000 ) ) ;
#2738 = CARTESIAN_POINT ( 'NONE',  ( 1.225135557480209192, -3.040879103936691585, -9.719499999999998252 ) ) ;
#2739 = CARTESIAN_POINT ( 'NONE',  ( -1.687256277579699981, -2.853896419658300321, -7.000000000000000000 ) ) ;
#2740 = DIRECTION ( 'NONE',  ( -0.000000000000000000, -0.000000000000000000, 1.000000000000000000 ) ) ;
#2741 = VERTEX_POINT ( 'NONE', #2230 ) ;
#2742 = AXIS2_PLACEMENT_3D ( 'NONE', #1275, #2662, #1203 ) ;
#2743 = CARTESIAN_POINT ( 'NONE',  ( 0.000000000000000000, 0.000000000000000000, 6.000000000000000000 ) ) ;
#2744 = DIRECTION ( 'NONE',  ( 1.000000000000000000, 0.000000000000000000, 0.000000000000000000 ) ) ;
#2745 = CARTESIAN_POINT ( 'NONE',  ( -2.523182748769660755, 1.833199572910547026, -1.000000000000000000 ) ) ;
#2746 = ORIENTED_EDGE ( 'NONE', *, *, #2680, .F. ) ;
#2747 = CIRCLE ( 'NONE', #1088, 3.000000000000000444 ) ;
#2748 = AXIS2_PLACEMENT_3D ( 'NONE', #2528, #195, #3104 ) ;
#2749 = CIRCLE ( 'NONE', #1774, 0.1963495408493604877 ) ;
#2750 = DIRECTION ( 'NONE',  ( 0.000000000000000000, 0.000000000000000000, 1.000000000000000000 ) ) ;
#2751 = ORIENTED_EDGE ( 'NONE', *, *, #3370, .F. ) ;
#2752 = CARTESIAN_POINT ( 'NONE',  ( -1.169637804266592251, 3.348396088319595343, -7.000000000000000000 ) ) ;
#2753 = ADVANCED_FACE ( 'NONE', ( #2215 ), #1619, .F. ) ;
#2754 = AXIS2_PLACEMENT_3D ( 'NONE', #3462, #552, #2605 ) ;
#2755 = VERTEX_POINT ( 'NONE', #455 ) ;
#2756 = CARTESIAN_POINT ( 'NONE',  ( 3.484614976550514776, -0.6612619924382469039, -9.719499999999998252 ) ) ;
#2757 = DIRECTION ( 'NONE',  ( -1.000000000000000000, 0.000000000000000000, 0.000000000000000000 ) ) ;
#2758 = EDGE_CURVE ( 'NONE', #3330, #1446, #3306, .T. ) ;
#2759 = LINE ( 'NONE', #3380, #3068 ) ;
#2760 = DIRECTION ( 'NONE',  ( -0.9510565162951503115, 0.3090169943749576098, 0.000000000000000000 ) ) ;
#2761 = ORIENTED_EDGE ( 'NONE', *, *, #1408, .F. ) ;
#2762 = AXIS2_PLACEMENT_3D ( 'NONE', #1931, #2299, #2226 ) ;
#2763 = ORIENTED_EDGE ( 'NONE', *, *, #2287, .T. ) ;
#2764 = EDGE_CURVE ( 'NONE', #551, #1179, #1654, .T. ) ;
#2765 = DIRECTION ( 'NONE',  ( 0.000000000000000000, 0.000000000000000000, -1.000000000000000000 ) ) ;
#2766 = CARTESIAN_POINT ( 'NONE',  ( 2.020910775106350421, 2.581438067825795102, -1.000000000000000000 ) ) ;
#2767 = DIRECTION ( 'NONE',  ( 0.000000000000000000, 0.000000000000000000, 1.000000000000000000 ) ) ;
#2768 = ORIENTED_EDGE ( 'NONE', *, *, #1569, .F. ) ;
#2769 = VERTEX_POINT ( 'NONE', #1693 ) ;
#2770 = FACE_OUTER_BOUND ( 'NONE', #270, .T. ) ;
#2771 = EDGE_LOOP ( 'NONE', ( #1039, #2941, #1793, #779 ) ) ;
#2772 = CARTESIAN_POINT ( 'NONE',  ( -1.431569119554358060, -2.888155008907924870, -7.000000000000000000 ) ) ;
#2773 = CARTESIAN_POINT ( 'NONE',  ( -2.503046055244334767, 1.860915353816875006, -7.000000000000000000 ) ) ;
#2774 = ORIENTED_EDGE ( 'NONE', *, *, #3758, .F. ) ;
#2775 = CARTESIAN_POINT ( 'NONE',  ( 2.112360622440804026, -2.294815484849952902, -1.000000000000000000 ) ) ;
#2776 = CARTESIAN_POINT ( 'NONE',  ( -4.246832370088680975, 0.1640573691069161788, -9.719499999999998252 ) ) ;
#2777 = VECTOR ( 'NONE', #2718, 1000.000000000000000 ) ;
#2778 = ORIENTED_EDGE ( 'NONE', *, *, #3438, .F. ) ;
#2779 = EDGE_LOOP ( 'NONE', ( #3031, #3732, #1855, #1572 ) ) ;
#2780 = CARTESIAN_POINT ( 'NONE',  ( 0.000000000000000000, 0.000000000000000000, 0.000000000000000000 ) ) ;
#2781 = CARTESIAN_POINT ( 'NONE',  ( 1.057027249707747973, 3.142332241146029936, -7.000000000000000000 ) ) ;
#2782 = FACE_OUTER_BOUND ( 'NONE', #2511, .T. ) ;
#2783 = VERTEX_POINT ( 'NONE', #3443 ) ;
#2784 = AXIS2_PLACEMENT_3D ( 'NONE', #786, #3128, #494 ) ;
#2785 = DIRECTION ( 'NONE',  ( 0.000000000000000000, 0.000000000000000000, 1.000000000000000000 ) ) ;
#2786 = EDGE_LOOP ( 'NONE', ( #1256, #2732, #459, #659 ) ) ;
#2787 = EDGE_LOOP ( 'NONE', ( #971, #2188 ) ) ;
#2788 = LINE ( 'NONE', #3717, #1746 ) ;
#2789 = DIRECTION ( 'NONE',  ( 0.000000000000000000, 0.000000000000000000, 1.000000000000000000 ) ) ;
#2790 = DIRECTION ( 'NONE',  ( 0.000000000000000000, 0.000000000000000000, 1.000000000000000000 ) ) ;
#2791 = CARTESIAN_POINT ( 'NONE',  ( -2.963603903834969078, -3.046235693633249308, -1.000000000000000000 ) ) ;
#2792 = CARTESIAN_POINT ( 'NONE',  ( -1.589081507154981754, 2.683852729261365866, -9.719499999999998252 ) ) ;
#2793 = EDGE_CURVE ( 'NONE', #2456, #2255, #852, .T. ) ;
#2794 = ORIENTED_EDGE ( 'NONE', *, *, #713, .T. ) ;
#2795 = VERTEX_POINT ( 'NONE', #2587 ) ;
#2796 = VECTOR ( 'NONE', #2174, 1000.000000000000114 ) ;
#2797 = CARTESIAN_POINT ( 'NONE',  ( 2.020910775106349533, 2.581438067825795102, -7.000000000000000000 ) ) ;
#2798 = LINE ( 'NONE', #3709, #3660 ) ;
#2799 = ORIENTED_EDGE ( 'NONE', *, *, #670, .F. ) ;
#2800 = AXIS2_PLACEMENT_3D ( 'NONE', #2204, #3414, #772 ) ;
#2801 = EDGE_CURVE ( 'NONE', #2087, #2195, #3692, .T. ) ;
#2802 = CIRCLE ( 'NONE', #906, 0.1963495408493628747 ) ;
#2803 = CARTESIAN_POINT ( 'NONE',  ( 2.112360622440739633, 2.294815484850010190, -7.000000000000000000 ) ) ;
#2804 = AXIS2_PLACEMENT_3D ( 'NONE', #1981, #1411, #789 ) ;
#2805 = CIRCLE ( 'NONE', #224, 1.973045005897155590 ) ;
#2806 = EDGE_LOOP ( 'NONE', ( #3512, #3502, #50, #1578 ) ) ;
#2807 = VECTOR ( 'NONE', #1847, 1000.000000000000000 ) ;
#2808 = ADVANCED_FACE ( 'NONE', ( #2552, #2913 ), #242, .T. ) ;
#2809 = ORIENTED_EDGE ( 'NONE', *, *, #153, .T. ) ;
#2810 = CARTESIAN_POINT ( 'NONE',  ( -3.043548818098384512, 0.6819502185625729851, -7.000000000000000000 ) ) ;
#2811 = EDGE_CURVE ( 'NONE', #1179, #884, #723, .T. ) ;
#2812 = FACE_OUTER_BOUND ( 'NONE', #30, .T. ) ;
#2813 = CYLINDRICAL_SURFACE ( 'NONE', #1046, 1.100000000000000089 ) ;
#2814 = CYLINDRICAL_SURFACE ( 'NONE', #2762, 3.000000000000000444 ) ;
#2815 = EDGE_CURVE ( 'NONE', #1538, #325, #1218, .T. ) ;
#2816 = CARTESIAN_POINT ( 'NONE',  ( -2.661896170629215241, -1.976326718222495504, -9.719499999999998252 ) ) ;
#2817 = EDGE_LOOP ( 'NONE', ( #1678, #3733, #2575, #2024 ) ) ;
#2818 = AXIS2_PLACEMENT_3D ( 'NONE', #3573, #3274, #2982 ) ;
#2819 = VERTEX_POINT ( 'NONE', #3127 ) ;
#2820 = EDGE_CURVE ( 'NONE', #2347, #1131, #1171, .T. ) ;
#2821 = CARTESIAN_POINT ( 'NONE',  ( -1.440037872544321251, 2.945198428730934292, -9.719499999999998252 ) ) ;
#2822 = CARTESIAN_POINT ( 'NONE',  ( -1.589081507154981754, 2.683852729261365866, -1.000000000000000000 ) ) ;
#2823 = VERTEX_POINT ( 'NONE', #2285 ) ;
#2824 = EDGE_CURVE ( 'NONE', #3124, #3756, #1468, .T. ) ;
#2825 = CARTESIAN_POINT ( 'NONE',  ( -2.778539377712864855, -1.740006260178434960, -7.000000000000000000 ) ) ;
#2826 = VERTEX_POINT ( 'NONE', #840 ) ;
#2827 = EDGE_CURVE ( 'NONE', #515, #469, #2327, .T. ) ;
#2828 = VERTEX_POINT ( 'NONE', #2837 ) ;
#2829 = DIRECTION ( 'NONE',  ( -1.000000000000000000, 0.000000000000000000, 0.000000000000000000 ) ) ;
#2830 = DIRECTION ( 'NONE',  ( -1.000000000000000000, 0.000000000000000000, 0.000000000000000000 ) ) ;
#2831 = FACE_OUTER_BOUND ( 'NONE', #2062, .T. ) ;
#2832 = CYLINDRICAL_SURFACE ( 'NONE', #2636, 0.1963495408493620142 ) ;
#2833 = CARTESIAN_POINT ( 'NONE',  ( -2.513460179390672788, -2.104856476242260577, -9.719499999999998252 ) ) ;
#2834 = ORIENTED_EDGE ( 'NONE', *, *, #1040, .F. ) ;
#2835 = VECTOR ( 'NONE', #2698, 1000.000000000000000 ) ;
#2836 = ORIENTED_EDGE ( 'NONE', *, *, #2167, .F. ) ;
#2837 = CARTESIAN_POINT ( 'NONE',  ( 3.532190061753924137, -2.363500236437080737, -1.000000000000000000 ) ) ;
#2838 = CYLINDRICAL_SURFACE ( 'NONE', #1867, 1.100000000000000089 ) ;
#2839 = ORIENTED_EDGE ( 'NONE', *, *, #3758, .T. ) ;
#2840 = EDGE_CURVE ( 'NONE', #3004, #2410, #201, .T. ) ;
#2841 = COLOUR_RGB ( '',0.7921568627450980005, 0.8196078431372548767, 0.9333333333333333481 ) ;
#2842 = CARTESIAN_POINT ( 'NONE',  ( -2.430432687826065141, 2.583177482750675047, -1.000000000000000000 ) ) ;
#2843 = ORIENTED_EDGE ( 'NONE', *, *, #964, .T. ) ;
#2844 = ORIENTED_EDGE ( 'NONE', *, *, #153, .F. ) ;
#2845 = ADVANCED_FACE ( 'NONE', ( #1382 ), #2269, .F. ) ;
#2846 = EDGE_CURVE ( 'NONE', #1908, #215, #1750, .T. ) ;
#2847 = ORIENTED_EDGE ( 'NONE', *, *, #86, .T. ) ;
#2848 = DIRECTION ( 'NONE',  ( 0.000000000000000000, 0.000000000000000000, -1.000000000000000000 ) ) ;
#2849 = DIRECTION ( 'NONE',  ( -0.5877852522924837952, 0.8090169943749395687, 0.000000000000000000 ) ) ;
#2850 = DIRECTION ( 'NONE',  ( 1.000000000000000000, 0.000000000000000000, 0.000000000000000000 ) ) ;
#2851 = CARTESIAN_POINT ( 'NONE',  ( -3.235607650385385003, -0.7227735835918119855, -9.719499999999998252 ) ) ;
#2852 = CARTESIAN_POINT ( 'NONE',  ( -2.430432687826100224, -2.583177482750639964, -7.000000000000000000 ) ) ;
#2853 = ORIENTED_EDGE ( 'NONE', *, *, #1599, .T. ) ;
#2854 = VERTEX_POINT ( 'NONE', #804 ) ;
#2855 = DIRECTION ( 'NONE',  ( 0.000000000000000000, 0.000000000000000000, 1.000000000000000000 ) ) ;
#2856 = CARTESIAN_POINT ( 'NONE',  ( 0.000000000000000000, 0.000000000000000000, -9.719499999999998252 ) ) ;
#2857 = ORIENTED_EDGE ( 'NONE', *, *, #2416, .T. ) ;
#2858 = LINE ( 'NONE', #3731, #3555 ) ;
#2859 = EDGE_LOOP ( 'NONE', ( #923, #3784, #454, #3296 ) ) ;
#2860 = ORIENTED_EDGE ( 'NONE', *, *, #2659, .T. ) ;
#2861 = EDGE_LOOP ( 'NONE', ( #892, #3207, #443, #2003 ) ) ;
#2862 = AXIS2_PLACEMENT_3D ( 'NONE', #3761, #2789, #3101 ) ;
#2863 = AXIS2_PLACEMENT_3D ( 'NONE', #1616, #452, #992 ) ;
#2864 = FACE_OUTER_BOUND ( 'NONE', #1900, .T. ) ;
#2865 = ADVANCED_FACE ( 'NONE', ( #2019 ), #1461, .F. ) ;
#2866 = DIRECTION ( 'NONE',  ( -1.000000000000000000, 0.000000000000000000, 0.000000000000000000 ) ) ;
#2867 = AXIS2_PLACEMENT_3D ( 'NONE', #996, #2692, #3567 ) ;
#2868 = CARTESIAN_POINT ( 'NONE',  ( 1.100000000000000089, 1.347111479062088503E-16, 11.00000000000000000 ) ) ;
#2869 = CARTESIAN_POINT ( 'NONE',  ( -3.812946277481678692, 1.877216206255936770, -9.719499999999998252 ) ) ;
#2870 = AXIS2_PLACEMENT_3D ( 'NONE', #278, #2895, #2343 ) ;
#2871 = DIRECTION ( 'NONE',  ( 0.000000000000000000, 0.000000000000000000, 1.000000000000000000 ) ) ;
#2872 = ORIENTED_EDGE ( 'NONE', *, *, #2793, .T. ) ;
#2873 = AXIS2_PLACEMENT_3D ( 'NONE', #2970, #3245, #2184 ) ;
#2874 = EDGE_LOOP ( 'NONE', ( #1892, #1315 ) ) ;
#2875 = CARTESIAN_POINT ( 'NONE',  ( -3.246046332586539851, -0.4594410361108440255, -7.000000000000000000 ) ) ;
#2876 = FACE_OUTER_BOUND ( 'NONE', #747, .T. ) ;
#2877 = ORIENTED_EDGE ( 'NONE', *, *, #1368, .T. ) ;
#2878 = EDGE_CURVE ( 'NONE', #2755, #1349, #1279, .T. ) ;
#2879 = CARTESIAN_POINT ( 'NONE',  ( -1.830597722194829968, -2.719708594400557011, -1.000000000000000000 ) ) ;
#2880 = EDGE_LOOP ( 'NONE', ( #864, #2665, #3724, #521 ) ) ;
#2881 = CIRCLE ( 'NONE', #1841, 4.249999999998979483 ) ;
#2882 = ORIENTED_EDGE ( 'NONE', *, *, #26, .F. ) ;
#2883 = ADVANCED_FACE ( 'NONE', ( #1404 ), #3771, .T. ) ;
#2884 = EDGE_CURVE ( 'NONE', #2161, #3281, #40, .T. ) ;
#2885 = ORIENTED_EDGE ( 'NONE', *, *, #2012, .F. ) ;
#2886 = DIRECTION ( 'NONE',  ( 0.000000000000000000, 0.000000000000000000, 1.000000000000000000 ) ) ;
#2887 = ORIENTED_EDGE ( 'NONE', *, *, #486, .F. ) ;
#2888 = DIRECTION ( 'NONE',  ( 0.000000000000000000, 0.000000000000000000, -1.000000000000000000 ) ) ;
#2889 = CARTESIAN_POINT ( 'NONE',  ( -0.3806010588439899811, 3.293433065112664870, -7.000000000000000000 ) ) ;
#2890 = CARTESIAN_POINT ( 'NONE',  ( 0.000000000000000000, 0.000000000000000000, -1.000000000000000000 ) ) ;
#2891 = CARTESIAN_POINT ( 'NONE',  ( 0.9918635406178379910, -3.163505213708935226, -9.719499999999998252 ) ) ;
#2892 = ORIENTED_EDGE ( 'NONE', *, *, #3155, .F. ) ;
#2893 = EDGE_CURVE ( 'NONE', #2741, #3816, #3806, .T. ) ;
#2894 = ORIENTED_EDGE ( 'NONE', *, *, #2268, .T. ) ;
#2895 = DIRECTION ( 'NONE',  ( 0.000000000000000000, 0.000000000000000000, -1.000000000000000000 ) ) ;
#2896 = LINE ( 'NONE', #3227, #3795 ) ;
#2897 = AXIS2_PLACEMENT_3D ( 'NONE', #2165, #1910, #3335 ) ;
#2898 = DIRECTION ( 'NONE',  ( 0.000000000000000000, 0.000000000000000000, 1.000000000000000000 ) ) ;
#2899 = VERTEX_POINT ( 'NONE', #1596 ) ;
#2900 = ORIENTED_EDGE ( 'NONE', *, *, #3730, .T. ) ;
#2901 = AXIS2_PLACEMENT_3D ( 'NONE', #2295, #1682, #1646 ) ;
#2902 = ORIENTED_EDGE ( 'NONE', *, *, #784, .F. ) ;
#2903 = CIRCLE ( 'NONE', #2353, 0.1963495408493615701 ) ;
#2904 = DIRECTION ( 'NONE',  ( 1.000000000000000000, 0.000000000000000000, 0.000000000000000000 ) ) ;
#2905 = EDGE_LOOP ( 'NONE', ( #3144, #3547 ) ) ;
#2906 = CARTESIAN_POINT ( 'NONE',  ( -2.661896170629215241, -1.976326718222495504, -7.000000000000000000 ) ) ;
#2907 = CIRCLE ( 'NONE', #139, 0.1963495408493620142 ) ;
#2908 = DIRECTION ( 'NONE',  ( 0.000000000000000000, 0.000000000000000000, 1.000000000000000000 ) ) ;
#2909 = DIRECTION ( 'NONE',  ( 0.000000000000000000, 0.000000000000000000, 1.000000000000000000 ) ) ;
#2910 = DIRECTION ( 'NONE',  ( -1.000000000000000000, 0.000000000000000000, 0.000000000000000000 ) ) ;
#2911 = CARTESIAN_POINT ( 'NONE',  ( 1.057027249707708005, -3.142332241146045035, -1.000000000000000000 ) ) ;
#2912 = ORIENTED_EDGE ( 'NONE', *, *, #790, .T. ) ;
#2913 = FACE_OUTER_BOUND ( 'NONE', #2905, .T. ) ;
#2914 = DIRECTION ( 'NONE',  ( 0.000000000000000000, 0.000000000000000000, 1.000000000000000000 ) ) ;
#2915 = EDGE_CURVE ( 'NONE', #515, #1470, #3247, .T. ) ;
#2916 = EDGE_LOOP ( 'NONE', ( #1423, #3264, #3147, #3804 ) ) ;
#2917 = CARTESIAN_POINT ( 'NONE',  ( 3.532190061754231003, 2.363500236436576252, -1.000000000000000000 ) ) ;
#2918 = VERTEX_POINT ( 'NONE', #609 ) ;
#2919 = EDGE_CURVE ( 'NONE', #1966, #3813, #1007, .T. ) ;
#2920 = ORIENTED_EDGE ( 'NONE', *, *, #2932, .T. ) ;
#2921 = DIRECTION ( 'NONE',  ( 0.000000000000000000, 0.000000000000000000, 1.000000000000000000 ) ) ;
#2922 = ORIENTED_EDGE ( 'NONE', *, *, #1809, .F. ) ;
#2923 = PLANE ( 'NONE',  #532 ) ;
#2924 = CARTESIAN_POINT ( 'NONE',  ( -3.946402564646385169, -1.577468477575236783, -1.000000000000000000 ) ) ;
#2925 = AXIS2_PLACEMENT_3D ( 'NONE', #152, #1373, #3138 ) ;
#2926 = DIRECTION ( 'NONE',  ( 0.000000000000000000, 0.000000000000000000, 1.000000000000000000 ) ) ;
#2927 = VECTOR ( 'NONE', #367, 1000.000000000000000 ) ;
#2928 = AXIS2_PLACEMENT_3D ( 'NONE', #1577, #2130, #2095 ) ;
#2929 = FACE_OUTER_BOUND ( 'NONE', #2293, .T. ) ;
#2930 = ORIENTED_EDGE ( 'NONE', *, *, #999, .T. ) ;
#2931 = VECTOR ( 'NONE', #3308, 1000.000000000000000 ) ;
#2932 = EDGE_CURVE ( 'NONE', #2037, #2414, #3336, .T. ) ;
#2933 = DIRECTION ( 'NONE',  ( 0.000000000000000000, 0.000000000000000000, 1.000000000000000000 ) ) ;
#2934 = DIRECTION ( 'NONE',  ( 0.000000000000000000, 0.000000000000000000, -1.000000000000000000 ) ) ;
#2935 = CIRCLE ( 'NONE', #1775, 0.1963495408493611261 ) ;
#2936 = ORIENTED_EDGE ( 'NONE', *, *, #1985, .F. ) ;
#2937 = VERTEX_POINT ( 'NONE', #1766 ) ;
#2938 = EDGE_CURVE ( 'NONE', #935, #2435, #2056, .T. ) ;
#2939 = DIRECTION ( 'NONE',  ( 1.000000000000000000, 0.000000000000000000, 0.000000000000000000 ) ) ;
#2940 = ADVANCED_FACE ( 'NONE', ( #588 ), #2094, .F. ) ;
#2941 = ORIENTED_EDGE ( 'NONE', *, *, #2287, .F. ) ;
#2942 = CIRCLE ( 'NONE', #1545, 1.973045005896731041 ) ;
#2943 = CARTESIAN_POINT ( 'NONE',  ( 0.2807562157273054693, -4.240716442691395471, -7.000000000000000000 ) ) ;
#2944 = ORIENTED_EDGE ( 'NONE', *, *, #2221, .T. ) ;
#2945 = EDGE_CURVE ( 'NONE', #949, #1698, #3499, .T. ) ;
#2946 = DIRECTION ( 'NONE',  ( 0.000000000000000000, 0.000000000000000000, 1.000000000000000000 ) ) ;
#2947 = CIRCLE ( 'NONE', #1965, 3.000000000000000444 ) ;
#2948 = DIRECTION ( 'NONE',  ( 0.000000000000000000, 0.000000000000000000, 1.000000000000000000 ) ) ;
#2949 = DIRECTION ( 'NONE',  ( -0.9135454576426058626, -0.4067366430757889395, 0.000000000000000000 ) ) ;
#2950 = ADVANCED_FACE ( 'NONE', ( #118 ), #1298, .T. ) ;
#2951 = CARTESIAN_POINT ( 'NONE',  ( -4.246832370088708508, -0.1640573691061681660, -9.719499999999998252 ) ) ;
#2952 = LINE ( 'NONE', #712, #1520 ) ;
#2953 = DIRECTION ( 'NONE',  ( 1.000000000000000000, 0.000000000000000000, 0.000000000000000000 ) ) ;
#2954 = ORIENTED_EDGE ( 'NONE', *, *, #1350, .F. ) ;
#2955 = CARTESIAN_POINT ( 'NONE',  ( 1.705702773494315094, 3.109724586830374893, -1.000000000000000000 ) ) ;
#2956 = CYLINDRICAL_SURFACE ( 'NONE', #848, 0.1963495408493620142 ) ;
#2957 = CYLINDRICAL_SURFACE ( 'NONE', #3304, 0.1963495408493620142 ) ;
#2958 = ORIENTED_EDGE ( 'NONE', *, *, #436, .T. ) ;
#2959 = CARTESIAN_POINT ( 'NONE',  ( -0.3124592246176750021, -3.300595060488625165, -9.719499999999998252 ) ) ;
#2960 = EDGE_LOOP ( 'NONE', ( #1759, #2872, #3759, #2172, #2612, #1072, #2393, #3576, #1628, #2291, #557, #1602, #1532, #531, #384, #1264, #2035, #3775, #2651, #2894, #536, #2366, #3169, #1661, #732, #675, #548, #2423, #184, #3203, #2572, #2520, #3249, #405, #539, #1479, #3773, #3543, #389, #1013, #3126, #1959, #2149, #495, #1528, #1329, #439, #741, #2054, #3360, #343, #853, #3356, #2504, #3449, #2912, #258, #3236, #264, #3707, #3160, #1370, #620, #1147, #2108, #5, #2857, #3342, #3628, #1442, #1459, #280, #3350, #1708, #2496, #1448, #828, #498, #1975, #3276, #3071, #1260, #289, #1322, #3224, #909, #2900, #2264, #947, #1982, #2699, #1343, #247, #593, #3605, #3153, #1927, #768, #1904, #3588 ) ) ;
#2961 = CIRCLE ( 'NONE', #1984, 1.973045005897158255 ) ;
#2962 = CYLINDRICAL_SURFACE ( 'NONE', #2618, 1.973045005896730153 ) ;
#2963 = ADVANCED_FACE ( 'NONE', ( #1800 ), #1573, .F. ) ;
#2964 = DIRECTION ( 'NONE',  ( 0.000000000000000000, 0.000000000000000000, 1.000000000000000000 ) ) ;
#2965 = CIRCLE ( 'NONE', #818, 1.899999999999999911 ) ;
#2966 = CARTESIAN_POINT ( 'NONE',  ( -1.021880978632973891, -3.396405191220809971, -9.719499999999998252 ) ) ;
#2967 = EDGE_LOOP ( 'NONE', ( #2245, #1221, #2684, #12 ) ) ;
#2968 = CARTESIAN_POINT ( 'NONE',  ( -1.440037872544319919, 2.945198428730934737, -7.000000000000000000 ) ) ;
#2969 = CIRCLE ( 'NONE', #1749, 0.1963495408493624306 ) ;
#2970 = CARTESIAN_POINT ( 'NONE',  ( 0.000000000000000000, 0.000000000000000000, -9.719499999999998252 ) ) ;
#2971 = CARTESIAN_POINT ( 'NONE',  ( 3.484614976550524990, 0.6612619924381989422, -1.000000000000000000 ) ) ;
#2972 = ORIENTED_EDGE ( 'NONE', *, *, #889, .T. ) ;
#2973 = CYLINDRICAL_SURFACE ( 'NONE', #3168, 1.899999999999999911 ) ;
#2974 = EDGE_CURVE ( 'NONE', #2253, #1998, #2386, .T. ) ;
#2975 = DIRECTION ( 'NONE',  ( 0.000000000000000000, 0.000000000000000000, 1.000000000000000000 ) ) ;
#2976 = CARTESIAN_POINT ( 'NONE',  ( -2.963603903834385100, -3.046235693632429520, -7.000000000000000000 ) ) ;
#2977 = DIRECTION ( 'NONE',  ( 1.000000000000000000, 0.000000000000000000, 0.000000000000000000 ) ) ;
#2978 = ORIENTED_EDGE ( 'NONE', *, *, #2422, .T. ) ;
#2979 = CARTESIAN_POINT ( 'NONE',  ( 2.265494034368403575, 3.595836033557774147, -1.000000000000000000 ) ) ;
#2980 = ORIENTED_EDGE ( 'NONE', *, *, #1524, .F. ) ;
#2981 = CARTESIAN_POINT ( 'NONE',  ( 0.000000000000000000, 0.000000000000000000, -1.000000000000000000 ) ) ;
#2982 = DIRECTION ( 'NONE',  ( 1.000000000000000000, 0.000000000000000000, 0.000000000000000000 ) ) ;
#2983 = PRODUCT_DEFINITION_FORMATION_WITH_SPECIFIED_SOURCE ( 'ANY', '', #2702, .NOT_KNOWN. ) ;
#2984 = EDGE_CURVE ( 'NONE', #3375, #1608, #3562, .T. ) ;
#2985 = EDGE_CURVE ( 'NONE', #1488, #3503, #3374, .T. ) ;
#2986 = DIRECTION ( 'NONE',  ( -0.4067366430757889395, 0.9135454576426058626, 0.000000000000000000 ) ) ;
#2987 = ORIENTED_EDGE ( 'NONE', *, *, #1818, .F. ) ;
#2988 = DIRECTION ( 'NONE',  ( -1.000000000000000000, 0.000000000000000000, 0.000000000000000000 ) ) ;
#2989 = VECTOR ( 'NONE', #736, 1000.000000000000000 ) ;
#2990 = VECTOR ( 'NONE', #2415, 1000.000000000000000 ) ;
#2991 = VECTOR ( 'NONE', #2080, 1000.000000000000227 ) ;
#2992 = DIRECTION ( 'NONE',  ( 1.000000000000000000, 0.000000000000000000, 0.000000000000000000 ) ) ;
#2993 = EDGE_CURVE ( 'NONE', #1449, #1490, #2071, .T. ) ;
#2994 = VERTEX_POINT ( 'NONE', #392 ) ;
#2995 = VECTOR ( 'NONE', #2043, 1000.000000000000000 ) ;
#2996 = AXIS2_PLACEMENT_3D ( 'NONE', #2460, #84, #3647 ) ;
#2997 = ORIENTED_EDGE ( 'NONE', *, *, #3116, .F. ) ;
#2998 = DIRECTION ( 'NONE',  ( 0.000000000000000000, 0.000000000000000000, 1.000000000000000000 ) ) ;
#2999 = AXIS2_PLACEMENT_3D ( 'NONE', #1111, #1150, #3745 ) ;
#3000 = CARTESIAN_POINT ( 'NONE',  ( -0.5661290900506426027, 3.229148604874050754, -9.719499999999998252 ) ) ;
#3001 = CARTESIAN_POINT ( 'NONE',  ( -1.830597722194829968, -2.719708594400555235, -7.000000000000000000 ) ) ;
#3002 = EDGE_CURVE ( 'NONE', #1483, #3503, #2952, .T. ) ;
#3003 = DIRECTION ( 'NONE',  ( 1.000000000000000000, 0.000000000000000000, 0.000000000000000000 ) ) ;
#3004 = VERTEX_POINT ( 'NONE', #409 ) ;
#3005 = CARTESIAN_POINT ( 'NONE',  ( -2.702169557679734879, 1.920895156410014959, -1.000000000000000000 ) ) ;
#3006 = DIRECTION ( 'NONE',  ( 1.000000000000000000, 0.000000000000000000, 0.000000000000000000 ) ) ;
#3007 = CIRCLE ( 'NONE', #3768, 0.1963495408493616257 ) ;
#3008 = LINE ( 'NONE', #970, #2777 ) ;
#3009 = EDGE_LOOP ( 'NONE', ( #1642, #1695, #2672, #1225 ) ) ;
#3010 = DIRECTION ( 'NONE',  ( 1.000000000000000000, 0.000000000000000000, 0.000000000000000000 ) ) ;
#3011 = AXIS2_PLACEMENT_3D ( 'NONE', #2890, #507, #1437 ) ;
#3012 = DIRECTION ( 'NONE',  ( -1.000000000000000000, 0.000000000000000000, 0.000000000000000000 ) ) ;
#3013 = CARTESIAN_POINT ( 'NONE',  ( 3.532190061754338029, 2.363500236436461677, -9.719499999999998252 ) ) ;
#3014 = ADVANCED_FACE ( 'NONE', ( #429 ), #1613, .T. ) ;
#3015 = ORIENTED_EDGE ( 'NONE', *, *, #3451, .F. ) ;
#3016 = LINE ( 'NONE', #2115, #2374 ) ;
#3017 = DIRECTION ( 'NONE',  ( 0.000000000000000000, 0.000000000000000000, -1.000000000000000000 ) ) ;
#3018 = DIRECTION ( 'NONE',  ( 0.000000000000000000, 0.000000000000000000, 1.000000000000000000 ) ) ;
#3019 = EDGE_LOOP ( 'NONE', ( #148, #2084, #699, #2478 ) ) ;
#3020 = FACE_OUTER_BOUND ( 'NONE', #3728, .T. ) ;
#3021 = ORIENTED_EDGE ( 'NONE', *, *, #496, .T. ) ;
#3022 = AXIS2_PLACEMENT_3D ( 'NONE', #1316, #2428, #1025 ) ;
#3023 = CARTESIAN_POINT ( 'NONE',  ( -1.529743889979000127, 2.718111318510990415, -7.000000000000000000 ) ) ;
#3024 = VERTEX_POINT ( 'NONE', #881 ) ;
#3025 = CARTESIAN_POINT ( 'NONE',  ( 3.339329057571680082, 2.628950635755660237, -7.000000000000000000 ) ) ;
#3026 = AXIS2_PLACEMENT_3D ( 'NONE', #269, #288, #1452 ) ;
#3027 = EDGE_CURVE ( 'NONE', #1352, #2623, #3361, .T. ) ;
#3028 = FACE_OUTER_BOUND ( 'NONE', #3410, .T. ) ;
#3029 = AXIS2_PLACEMENT_3D ( 'NONE', #2724, #2740, #956 ) ;
#3030 = DIRECTION ( 'NONE',  ( 1.000000000000000000, 0.000000000000000000, 0.000000000000000000 ) ) ;
#3031 = ORIENTED_EDGE ( 'NONE', *, *, #3640, .F. ) ;
#3032 = ADVANCED_FACE ( 'NONE', ( #3559 ), #920, .F. ) ;
#3033 = DIRECTION ( 'NONE',  ( 0.000000000000000000, 0.000000000000000000, -1.000000000000000000 ) ) ;
#3034 = EDGE_CURVE ( 'NONE', #172, #1055, #3378, .T. ) ;
#3035 = DIRECTION ( 'NONE',  ( 0.000000000000000000, 0.000000000000000000, -1.000000000000000000 ) ) ;
#3036 = LINE ( 'NONE', #2745, #2931 ) ;
#3037 = ORIENTED_EDGE ( 'NONE', *, *, #2171, .T. ) ;
#3038 = ORIENTED_EDGE ( 'NONE', *, *, #3770, .F. ) ;
#3039 = CARTESIAN_POINT ( 'NONE',  ( -0.3806010588439899811, 3.293433065112664870, -9.719499999999998252 ) ) ;
#3040 = EDGE_CURVE ( 'NONE', #2631, #2741, #223, .T. ) ;
#3041 = ORIENTED_EDGE ( 'NONE', *, *, #2469, .T. ) ;
#3042 = DIRECTION ( 'NONE',  ( -1.000000000000000000, 0.000000000000000000, 0.000000000000000000 ) ) ;
#3043 = DIRECTION ( 'NONE',  ( 0.000000000000000000, 0.000000000000000000, 1.000000000000000000 ) ) ;
#3044 = EDGE_CURVE ( 'NONE', #2288, #2473, #838, .T. ) ;
#3045 = EDGE_CURVE ( 'NONE', #2610, #2823, #3434, .T. ) ;
#3046 = CARTESIAN_POINT ( 'NONE',  ( 2.849188774732152929, -1.268540572369896147, -1.000000000000000000 ) ) ;
#3047 = DIRECTION ( 'NONE',  ( -1.000000000000000000, 0.000000000000000000, 0.000000000000000000 ) ) ;
#3048 = ORIENTED_EDGE ( 'NONE', *, *, #1056, .T. ) ;
#3049 = ADVANCED_FACE ( 'NONE', ( #3120 ), #795, .T. ) ;
#3050 = AXIS2_PLACEMENT_3D ( 'NONE', #2581, #3779, #1181 ) ;
#3051 = ORIENTED_EDGE ( 'NONE', *, *, #372, .F. ) ;
#3052 = CARTESIAN_POINT ( 'NONE',  ( 0.000000000000000000, 0.000000000000000000, 11.00000000000000000 ) ) ;
#3053 = CYLINDRICAL_SURFACE ( 'NONE', #355, 3.000000000000000444 ) ;
#3054 = CARTESIAN_POINT ( 'NONE',  ( -1.156315544683435892, -4.089674114291520723, -7.000000000000000000 ) ) ;
#3055 = EDGE_LOOP ( 'NONE', ( #1012, #1645, #842, #1610 ) ) ;
#3056 = AXIS2_PLACEMENT_3D ( 'NONE', #1609, #1313, #2482 ) ;
#3057 = AXIS2_PLACEMENT_3D ( 'NONE', #2100, #2176, #2385 ) ;
#3058 = AXIS2_PLACEMENT_3D ( 'NONE', #126, #144, #1306 ) ;
#3059 = DIRECTION ( 'NONE',  ( 0.000000000000000000, 0.000000000000000000, -1.000000000000000000 ) ) ;
#3060 = ORIENTED_EDGE ( 'NONE', *, *, #99, .T. ) ;
#3061 = CARTESIAN_POINT ( 'NONE',  ( -1.589081507154979978, 2.683852729261365422, -4.000000000000000000 ) ) ;
#3062 = ADVANCED_FACE ( 'NONE', ( #1392 ), #1101, .T. ) ;
#3063 = ORIENTED_EDGE ( 'NONE', *, *, #2716, .T. ) ;
#3064 = DIRECTION ( 'NONE',  ( 0.000000000000000000, 0.000000000000000000, 1.000000000000000000 ) ) ;
#3065 = CARTESIAN_POINT ( 'NONE',  ( -2.702169557679734879, 1.920895156410014959, -9.719499999999998252 ) ) ;
#3066 = DIRECTION ( 'NONE',  ( 0.000000000000000000, 0.000000000000000000, 1.000000000000000000 ) ) ;
#3067 = DIRECTION ( 'NONE',  ( 0.000000000000000000, 0.000000000000000000, -1.000000000000000000 ) ) ;
#3068 = VECTOR ( 'NONE', #2470, 1000.000000000000000 ) ;
#3069 = DIRECTION ( 'NONE',  ( -0.3090169943749576098, -0.9510565162951503115, 0.000000000000000000 ) ) ;
#3070 = ORIENTED_EDGE ( 'NONE', *, *, #3377, .T. ) ;
#3071 = ORIENTED_EDGE ( 'NONE', *, *, #2630, .T. ) ;
#3072 =( NAMED_UNIT ( * ) PLANE_ANGLE_UNIT ( ) SI_UNIT ( $, .RADIAN. ) );
#3073 = DIRECTION ( 'NONE',  ( 1.000000000000000000, 0.000000000000000000, 0.000000000000000000 ) ) ;
#3074 = DIRECTION ( 'NONE',  ( 0.000000000000000000, 0.000000000000000000, -1.000000000000000000 ) ) ;
#3075 = ORIENTED_EDGE ( 'NONE', *, *, #3045, .F. ) ;
#3076 = DIRECTION ( 'NONE',  ( 0.000000000000000000, 0.000000000000000000, 1.000000000000000000 ) ) ;
#3077 = CYLINDRICAL_SURFACE ( 'NONE', #575, 4.250000000000000000 ) ;
#3078 = ORIENTED_EDGE ( 'NONE', *, *, #1109, .F. ) ;
#3079 = EDGE_LOOP ( 'NONE', ( #474, #3152, #2839, #1304 ) ) ;
#3080 = CARTESIAN_POINT ( 'NONE',  ( -0.3600769430757134182, 3.098159147592609575, -9.719499999999998252 ) ) ;
#3081 = EDGE_CURVE ( 'NONE', #1940, #3461, #410, .T. ) ;
#3082 = EDGE_CURVE ( 'NONE', #2118, #1197, #1929, .T. ) ;
#3083 = DIRECTION ( 'NONE',  ( 0.000000000000000000, 0.000000000000000000, 1.000000000000000000 ) ) ;
#3084 = CARTESIAN_POINT ( 'NONE',  ( -1.169637804266636216, -3.348396088319579800, -7.000000000000000000 ) ) ;
#3085 = CARTESIAN_POINT ( 'NONE',  ( 2.863122998320079660, -1.237243793775610001, -4.000000000000000000 ) ) ;
#3086 = DIRECTION ( 'NONE',  ( 0.000000000000000000, 0.000000000000000000, 1.000000000000000000 ) ) ;
#3087 = CIRCLE ( 'NONE', #2472, 1.973045005897157811 ) ;
#3088 = ORIENTED_EDGE ( 'NONE', *, *, #1511, .F. ) ;
#3089 = VECTOR ( 'NONE', #3453, 1000.000000000000000 ) ;
#3090 = VERTEX_POINT ( 'NONE', #2561 ) ;
#3091 = DIRECTION ( 'NONE',  ( 1.000000000000000000, 0.000000000000000000, 0.000000000000000000 ) ) ;
#3092 = CARTESIAN_POINT ( 'NONE',  ( 2.061442435782685489, -2.340662426045236444, -1.000000000000000000 ) ) ;
#3093 = VERTEX_POINT ( 'NONE', #1630 ) ;
#3094 = AXIS2_PLACEMENT_3D ( 'NONE', #3505, #2934, #1444 ) ;
#3095 = EDGE_CURVE ( 'NONE', #391, #1853, #1943, .T. ) ;
#3096 = DIRECTION ( 'NONE',  ( 1.000000000000000000, 0.000000000000000000, 0.000000000000000000 ) ) ;
#3097 = ORIENTED_EDGE ( 'NONE', *, *, #3520, .T. ) ;
#3098 = EDGE_CURVE ( 'NONE', #1234, #73, #2317, .T. ) ;
#3099 = EDGE_LOOP ( 'NONE', ( #1656, #1603, #80, #3136 ) ) ;
#3100 = LINE ( 'NONE', #1944, #1679 ) ;
#3101 = DIRECTION ( 'NONE',  ( 1.000000000000000000, 0.000000000000000000, 0.000000000000000000 ) ) ;
#3102 = CARTESIAN_POINT ( 'NONE',  ( -1.169637804266636216, -3.348396088319579800, -1.000000000000000000 ) ) ;
#3103 = CARTESIAN_POINT ( 'NONE',  ( 2.835254551144285262, 1.299837350964047955, -4.000000000000000000 ) ) ;
#3104 = DIRECTION ( 'NONE',  ( -1.000000000000000000, 0.000000000000000000, 0.000000000000000000 ) ) ;
#3105 = EDGE_LOOP ( 'NONE', ( #2677, #2180, #1098, #1430 ) ) ;
#3106 = ORIENTED_EDGE ( 'NONE', *, *, #2495, .F. ) ;
#3107 = ADVANCED_FACE ( 'NONE', ( #813 ), #191, .F. ) ;
#3108 = DIRECTION ( 'NONE',  ( -1.000000000000000000, 0.000000000000000000, 0.000000000000000000 ) ) ;
#3109 = CYLINDRICAL_SURFACE ( 'NONE', #1314, 4.250000000000000000 ) ;
#3110 = EDGE_LOOP ( 'NONE', ( #2501, #114, #3549, #3353 ) ) ;
#3111 = AXIS2_PLACEMENT_3D ( 'NONE', #2258, #1702, #2866 ) ;
#3112 = CARTESIAN_POINT ( 'NONE',  ( 2.823075960151754771, -2.147102950642279851, -9.719499999999998252 ) ) ;
#3113 = AXIS2_PLACEMENT_3D ( 'NONE', #3005, #1003, #985 ) ;
#3114 = CIRCLE ( 'NONE', #1828, 0.1963495408492184624 ) ;
#3115 = VERTEX_POINT ( 'NONE', #2543 ) ;
#3116 = EDGE_CURVE ( 'NONE', #73, #2000, #157, .T. ) ;
#3117 = CIRCLE ( 'NONE', #660, 0.1963495408493617922 ) ;
#3118 = VERTEX_POINT ( 'NONE', #2224 ) ;
#3119 = PLANE ( 'NONE',  #1127 ) ;
#3120 = FACE_OUTER_BOUND ( 'NONE', #734, .T. ) ;
#3121 = DIRECTION ( 'NONE',  ( 1.000000000000000000, 0.000000000000000000, 0.000000000000000000 ) ) ;
#3122 = CARTESIAN_POINT ( 'NONE',  ( 0.000000000000000000, 0.000000000000000000, -9.719499999999998252 ) ) ;
#3123 = DIRECTION ( 'NONE',  ( 0.9510565162951458706, 0.3090169943749707659, -0.000000000000000000 ) ) ;
#3124 = VERTEX_POINT ( 'NONE', #2279 ) ;
#3125 = AXIS2_PLACEMENT_3D ( 'NONE', #2049, #2316, #3238 ) ;
#3126 = ORIENTED_EDGE ( 'NONE', *, *, #3764, .T. ) ;
#3127 = CARTESIAN_POINT ( 'NONE',  ( -4.246832370088661435, 0.1640573691067594986, -1.000000000000000000 ) ) ;
#3128 = DIRECTION ( 'NONE',  ( 0.000000000000000000, 0.000000000000000000, 1.000000000000000000 ) ) ;
#3129 = EDGE_CURVE ( 'NONE', #759, #1608, #3737, .T. ) ;
#3130 = ADVANCED_FACE ( 'NONE', ( #2812 ), #753, .T. ) ;
#3131 = ORIENTED_EDGE ( 'NONE', *, *, #1683, .T. ) ;
#3132 = VECTOR ( 'NONE', #237, 1000.000000000000000 ) ;
#3133 = CARTESIAN_POINT ( 'NONE',  ( 2.243744109767524808, -2.440731630117105144, -1.000000000000000000 ) ) ;
#3134 = ORIENTED_EDGE ( 'NONE', *, *, #1973, .T. ) ;
#3135 = ORIENTED_EDGE ( 'NONE', *, *, #1535, .F. ) ;
#3136 = ORIENTED_EDGE ( 'NONE', *, *, #434, .T. ) ;
#3137 = DIRECTION ( 'NONE',  ( 0.000000000000000000, 0.000000000000000000, 1.000000000000000000 ) ) ;
#3138 = DIRECTION ( 'NONE',  ( 0.000000000000000000, 0.000000000000000000, -1.000000000000000000 ) ) ;
#3139 = DIRECTION ( 'NONE',  ( 0.000000000000000000, 0.000000000000000000, -1.000000000000000000 ) ) ;
#3140 = FACE_OUTER_BOUND ( 'NONE', #807, .T. ) ;
#3141 = LINE ( 'NONE', #1126, #3553 ) ;
#3142 = ORIENTED_EDGE ( 'NONE', *, *, #331, .F. ) ;
#3143 = AXIS2_PLACEMENT_3D ( 'NONE', #115, #953, #2203 ) ;
#3144 = ORIENTED_EDGE ( 'NONE', *, *, #894, .T. ) ;
#3145 = CARTESIAN_POINT ( 'NONE',  ( -2.661896170629215241, -1.976326718222495504, -7.000000000000000000 ) ) ;
#3146 = CARTESIAN_POINT ( 'NONE',  ( 0.7962284048838459416, 3.180239485670419697, -7.000000000000000000 ) ) ;
#3147 = ORIENTED_EDGE ( 'NONE', *, *, #2846, .T. ) ;
#3148 = AXIS2_PLACEMENT_3D ( 'NONE', #619, #912, #2652 ) ;
#3149 = CARTESIAN_POINT ( 'NONE',  ( 3.118825397134030286, -0.03425858924962450064, -7.000000000000000000 ) ) ;
#3150 = ORIENTED_EDGE ( 'NONE', *, *, #3540, .F. ) ;
#3151 = AXIS2_PLACEMENT_3D ( 'NONE', #3163, #530, #1712 ) ;
#3152 = ORIENTED_EDGE ( 'NONE', *, *, #1299, .F. ) ;
#3153 = ORIENTED_EDGE ( 'NONE', *, *, #2915, .T. ) ;
#3154 = DIRECTION ( 'NONE',  ( 0.000000000000000000, 0.000000000000000000, 1.000000000000000000 ) ) ;
#3155 = EDGE_CURVE ( 'NONE', #2310, #2490, #962, .T. ) ;
#3156 = DIRECTION ( 'NONE',  ( 1.000000000000000000, 0.000000000000000000, 0.000000000000000000 ) ) ;
#3157 = LINE ( 'NONE', #154, #3591 ) ;
#3158 = CARTESIAN_POINT ( 'NONE',  ( -3.545951877715329825, -0.07768036026355409907, -7.000000000000000000 ) ) ;
#3159 = CARTESIAN_POINT ( 'NONE',  ( 3.042497229473239972, 1.317106346890114077, -7.000000000000000000 ) ) ;
#3160 = ORIENTED_EDGE ( 'NONE', *, *, #1302, .T. ) ;
#3161 = EDGE_LOOP ( 'NONE', ( #810, #3142, #3373, #307 ) ) ;
#3162 = CARTESIAN_POINT ( 'NONE',  ( -1.169637804266592251, 3.348396088319595343, -1.000000000000000000 ) ) ;
#3163 = CARTESIAN_POINT ( 'NONE',  ( 2.914394700463149857, -2.021413487477474735, -1.000000000000000000 ) ) ;
#3164 = ORIENTED_EDGE ( 'NONE', *, *, #1356, .F. ) ;
#3165 = LINE ( 'NONE', #826, #2991 ) ;
#3166 = ORIENTED_EDGE ( 'NONE', *, *, #42, .F. ) ;
#3167 = EDGE_LOOP ( 'NONE', ( #1791, #1421, #3310, #612 ) ) ;
#3168 = AXIS2_PLACEMENT_3D ( 'NONE', #2687, #2399, #3581 ) ;
#3169 = ORIENTED_EDGE ( 'NONE', *, *, #3438, .T. ) ;
#3170 = CIRCLE ( 'NONE', #1525, 4.249999999999058531 ) ;
#3171 = VECTOR ( 'NONE', #2210, 1000.000000000000000 ) ;
#3172 = CARTESIAN_POINT ( 'NONE',  ( 0.9963519047475749568, 2.955592730849682770, -1.000000000000000000 ) ) ;
#3173 = DIRECTION ( 'NONE',  ( 1.000000000000000000, 0.000000000000000000, 0.000000000000000000 ) ) ;
#3174 = EDGE_CURVE ( 'NONE', #3217, #2235, #1148, .T. ) ;
#3175 = AXIS2_PLACEMENT_3D ( 'NONE', #358, #1226, #3282 ) ;
#3176 = AXIS2_PLACEMENT_3D ( 'NONE', #932, #2121, #1851 ) ;
#3177 = CIRCLE ( 'NONE', #3691, 4.249999999999059419 ) ;
#3178 = DIRECTION ( 'NONE',  ( 0.000000000000000000, 0.000000000000000000, 1.000000000000000000 ) ) ;
#3179 = DIRECTION ( 'NONE',  ( 1.000000000000000000, 0.000000000000000000, 0.000000000000000000 ) ) ;
#3180 = CIRCLE ( 'NONE', #915, 4.249999999998979483 ) ;
#3181 =( LENGTH_UNIT ( ) NAMED_UNIT ( * ) SI_UNIT ( .MILLI., .METRE. ) );
#3182 = CYLINDRICAL_SURFACE ( 'NONE', #287, 1.973045005896730153 ) ;
#3183 = ORIENTED_EDGE ( 'NONE', *, *, #1535, .T. ) ;
#3184 = VERTEX_POINT ( 'NONE', #1969 ) ;
#3185 = DIRECTION ( 'NONE',  ( -1.000000000000000000, 0.000000000000000000, 0.000000000000000000 ) ) ;
#3186 = DIRECTION ( 'NONE',  ( -0.8660254037844344888, 0.5000000000000071054, 0.000000000000000000 ) ) ;
#3187 = CIRCLE ( 'NONE', #3381, 1.973045005896729487 ) ;
#3188 = DIRECTION ( 'NONE',  ( 1.000000000000000000, 0.000000000000000000, 0.000000000000000000 ) ) ;
#3189 = ORIENTED_EDGE ( 'NONE', *, *, #3623, .T. ) ;
#3190 = AXIS2_PLACEMENT_3D ( 'NONE', #718, #431, #1898 ) ;
#3191 = ORIENTED_EDGE ( 'NONE', *, *, #2801, .T. ) ;
#3192 = EDGE_CURVE ( 'NONE', #1909, #2310, #2655, .T. ) ;
#3193 = ORIENTED_EDGE ( 'NONE', *, *, #1309, .F. ) ;
#3194 = CYLINDRICAL_SURFACE ( 'NONE', #321, 0.1963495408493620142 ) ;
#3195 = VERTEX_POINT ( 'NONE', #3800 ) ;
#3196 = CARTESIAN_POINT ( 'NONE',  ( 2.243744109767524808, -2.440731630117105144, -7.000000000000000000 ) ) ;
#3197 = FACE_OUTER_BOUND ( 'NONE', #3810, .T. ) ;
#3198 = ADVANCED_FACE ( 'NONE', ( #1121 ), #308, .F. ) ;
#3199 = LINE ( 'NONE', #564, #3785 ) ;
#3200 = CYLINDRICAL_SURFACE ( 'NONE', #1022, 1.973045005896730153 ) ;
#3201 = CARTESIAN_POINT ( 'NONE',  ( -3.207792781939569959, -1.513233103517074962, -1.000000000000000000 ) ) ;
#3202 = ORIENTED_EDGE ( 'NONE', *, *, #86, .F. ) ;
#3203 = ORIENTED_EDGE ( 'NONE', *, *, #1125, .T. ) ;
#3204 = DIRECTION ( 'NONE',  ( 0.000000000000000000, 0.000000000000000000, -1.000000000000000000 ) ) ;
#3205 = DIRECTION ( 'NONE',  ( -0.000000000000000000, -0.000000000000000000, 1.000000000000000000 ) ) ;
#3206 = EDGE_CURVE ( 'NONE', #1653, #3118, #2007, .T. ) ;
#3207 = ORIENTED_EDGE ( 'NONE', *, *, #304, .T. ) ;
#3208 = CIRCLE ( 'NONE', #3143, 1.973045005897158255 ) ;
#3209 = LINE ( 'NONE', #576, #3494 ) ;
#3210 = ORIENTED_EDGE ( 'NONE', *, *, #59, .T. ) ;
#3211 = CIRCLE ( 'NONE', #64, 4.249999999999059419 ) ;
#3212 = AXIS2_PLACEMENT_3D ( 'NONE', #2959, #324, #2671 ) ;
#3213 = ADVANCED_FACE ( 'NONE', ( #543 ), #2296, .F. ) ;
#3214 = ORIENTED_EDGE ( 'NONE', *, *, #1295, .F. ) ;
#3215 = CIRCLE ( 'NONE', #323, 1.973045005896729487 ) ;
#3216 = CARTESIAN_POINT ( 'NONE',  ( -0.3124592246176750021, -3.300595060488625165, -1.000000000000000000 ) ) ;
#3217 = VERTEX_POINT ( 'NONE', #13 ) ;
#3218 = DIRECTION ( 'NONE',  ( -0.3090169943749451753, 0.9510565162951544194, 0.000000000000000000 ) ) ;
#3219 = ADVANCED_FACE ( 'NONE', ( #831 ), #621, .T. ) ;
#3220 = AXIS2_PLACEMENT_3D ( 'NONE', #3322, #2111, #2703 ) ;
#3221 = FACE_OUTER_BOUND ( 'NONE', #2491, .T. ) ;
#3222 = DIRECTION ( 'NONE',  ( 1.000000000000000000, 0.000000000000000000, 0.000000000000000000 ) ) ;
#3223 = CARTESIAN_POINT ( 'NONE',  ( 0.8034072016305656705, 3.348396088319595343, -9.719499999999998252 ) ) ;
#3224 = ORIENTED_EDGE ( 'NONE', *, *, #3044, .T. ) ;
#3225 = PRODUCT_RELATED_PRODUCT_CATEGORY ( 'part', '', ( #2702 ) ) ;
#3226 = DIRECTION ( 'NONE',  ( 0.000000000000000000, 0.000000000000000000, 1.000000000000000000 ) ) ;
#3227 = CARTESIAN_POINT ( 'NONE',  ( 1.225135557480249826, 3.040879103936669825, -7.000000000000000000 ) ) ;
#3228 = EDGE_CURVE ( 'NONE', #2250, #515, #466, .T. ) ;
#3229 = ORIENTED_EDGE ( 'NONE', *, *, #3540, .T. ) ;
#3230 = DIRECTION ( 'NONE',  ( 0.000000000000000000, 0.000000000000000000, 1.000000000000000000 ) ) ;
#3231 = ADVANCED_FACE ( 'NONE', ( #1722 ), #2962, .T. ) ;
#3232 = LINE ( 'NONE', #978, #1829 ) ;
#3233 = ADVANCED_FACE ( 'NONE', ( #3473 ), #1454, .T. ) ;
#3234 = ORIENTED_EDGE ( 'NONE', *, *, #3601, .T. ) ;
#3235 = LINE ( 'NONE', #2943, #1626 ) ;
#3236 = ORIENTED_EDGE ( 'NONE', *, *, #2945, .T. ) ;
#3237 = DIRECTION ( 'NONE',  ( 0.000000000000000000, 0.000000000000000000, -1.000000000000000000 ) ) ;
#3238 = DIRECTION ( 'NONE',  ( 1.000000000000000000, 0.000000000000000000, 0.000000000000000000 ) ) ;
#3239 = VECTOR ( 'NONE', #2640, 1000.000000000000000 ) ;
#3240 = DIRECTION ( 'NONE',  ( 1.000000000000000000, 0.000000000000000000, 0.000000000000000000 ) ) ;
#3241 = CIRCLE ( 'NONE', #1827, 0.1963495408492197392 ) ;
#3242 = AXIS2_PLACEMENT_3D ( 'NONE', #3766, #2300, #1974 ) ;
#3243 = LINE ( 'NONE', #608, #1094 ) ;
#3244 = AXIS2_PLACEMENT_3D ( 'NONE', #960, #400, #685 ) ;
#3245 = DIRECTION ( 'NONE',  ( 0.000000000000000000, 0.000000000000000000, -1.000000000000000000 ) ) ;
#3246 = CARTESIAN_POINT ( 'NONE',  ( -2.661896170629185043, 1.976326718222530143, -1.000000000000000000 ) ) ;
#3247 = CIRCLE ( 'NONE', #419, 4.249999999998978595 ) ;
#3248 = ORIENTED_EDGE ( 'NONE', *, *, #2566, .T. ) ;
#3249 = ORIENTED_EDGE ( 'NONE', *, *, #2758, .T. ) ;
#3250 = EDGE_CURVE ( 'NONE', #285, #2448, #856, .T. ) ;
#3251 = DIRECTION ( 'NONE',  ( 0.000000000000000000, 0.000000000000000000, 1.000000000000000000 ) ) ;
#3252 = ADVANCED_FACE ( 'NONE', ( #602 ), #2616, .F. ) ;
#3253 = DIRECTION ( 'NONE',  ( 0.000000000000000000, 0.000000000000000000, 1.000000000000000000 ) ) ;
#3254 = ORIENTED_EDGE ( 'NONE', *, *, #1202, .T. ) ;
#3255 = AXIS2_PLACEMENT_3D ( 'NONE', #1634, #395, #373 ) ;
#3256 = DIRECTION ( 'NONE',  ( -0.000000000000000000, -0.000000000000000000, 1.000000000000000000 ) ) ;
#3257 = ORIENTED_EDGE ( 'NONE', *, *, #1356, .T. ) ;
#3258 = DIRECTION ( 'NONE',  ( -1.000000000000000000, 0.000000000000000000, 0.000000000000000000 ) ) ;
#3259 = CARTESIAN_POINT ( 'NONE',  ( 2.266443087373128051, -3.534646590994565241, -7.000000000000000000 ) ) ;
#3260 = DIRECTION ( 'NONE',  ( -1.000000000000000000, 0.000000000000000000, 0.000000000000000000 ) ) ;
#3261 = DIRECTION ( 'NONE',  ( 0.000000000000000000, 0.000000000000000000, -1.000000000000000000 ) ) ;
#3262 = CARTESIAN_POINT ( 'NONE',  ( -2.702169557679759748, -1.920895156409979876, -7.000000000000000000 ) ) ;
#3263 = DIRECTION ( 'NONE',  ( 1.000000000000000000, 0.000000000000000000, 0.000000000000000000 ) ) ;
#3264 = ORIENTED_EDGE ( 'NONE', *, *, #1632, .F. ) ;
#3265 = DIRECTION ( 'NONE',  ( 1.000000000000000000, 0.000000000000000000, 0.000000000000000000 ) ) ;
#3266 = DIRECTION ( 'NONE',  ( 0.000000000000000000, 0.000000000000000000, 1.000000000000000000 ) ) ;
#3267 = DIRECTION ( 'NONE',  ( 0.000000000000000000, 0.000000000000000000, 1.000000000000000000 ) ) ;
#3268 = CARTESIAN_POINT ( 'NONE',  ( -0.2919351088493389867, 3.105321142968430426, -7.000000000000000000 ) ) ;
#3269 = VERTEX_POINT ( 'NONE', #2088 ) ;
#3270 = CARTESIAN_POINT ( 'NONE',  ( -1.627918660403720130, -2.888155008907924870, -7.000000000000000000 ) ) ;
#3271 = ORIENTED_EDGE ( 'NONE', *, *, #3516, .F. ) ;
#3272 = AXIS2_PLACEMENT_3D ( 'NONE', #2051, #641, #3222 ) ;
#3273 = CARTESIAN_POINT ( 'NONE',  ( -3.000000000000000444, 3.673940397442060361E-16, -9.719499999999998252 ) ) ;
#3274 = DIRECTION ( 'NONE',  ( 0.000000000000000000, 0.000000000000000000, 1.000000000000000000 ) ) ;
#3275 = CARTESIAN_POINT ( 'NONE',  ( 2.929051327846734942, 1.089166341216663891, -7.000000000000000000 ) ) ;
#3276 = ORIENTED_EDGE ( 'NONE', *, *, #2730, .T. ) ;
#3277 = LINE ( 'NONE', #1257, #3239 ) ;
#3278 = EDGE_CURVE ( 'NONE', #391, #305, #3817, .T. ) ;
#3279 = FACE_OUTER_BOUND ( 'NONE', #2556, .T. ) ;
#3280 = EDGE_CURVE ( 'NONE', #1074, #1441, #2256, .T. ) ;
#3281 = VERTEX_POINT ( 'NONE', #251 ) ;
#3282 = DIRECTION ( 'NONE',  ( 0.000000000000000000, 0.000000000000000000, 1.000000000000000000 ) ) ;
#3283 = ADVANCED_FACE ( 'NONE', ( #893 ), #2923, .F. ) ;
#3284 = CARTESIAN_POINT ( 'NONE',  ( -1.830597722194789778, 2.719708594400580548, -7.000000000000000000 ) ) ;
#3285 = PLANE ( 'NONE',  #169 ) ;
#3287 = ADVANCED_FACE ( 'NONE', ( #1141 ), #2315, .F. ) ;
#3286 = CARTESIAN_POINT ( 'NONE',  ( 3.270635594739165430, 0.2254898343303588515, -9.719499999999998252 ) ) ;
#3288 = EDGE_LOOP ( 'NONE', ( #132, #417, #1137, #809 ) ) ;
#3289 = LINE ( 'NONE', #688, #633 ) ;
#3290 = VERTEX_POINT ( 'NONE', #1473 ) ;
#3291 = ADVANCED_FACE ( 'NONE', ( #2635 ), #691, .T. ) ;
#3292 = CARTESIAN_POINT ( 'NONE',  ( -0.3806010588440339459, -3.293433065112659541, -9.719499999999998252 ) ) ;
#3293 = DIRECTION ( 'NONE',  ( 0.000000000000000000, 0.000000000000000000, 1.000000000000000000 ) ) ;
#3294 = VECTOR ( 'NONE', #2998, 1000.000000000000000 ) ;
#3295 = DIRECTION ( 'NONE',  ( 0.000000000000000000, 0.000000000000000000, 1.000000000000000000 ) ) ;
#3296 = ORIENTED_EDGE ( 'NONE', *, *, #1579, .F. ) ;
#3297 = EDGE_CURVE ( 'NONE', #1853, #1451, #2390, .T. ) ;
#3298 = CARTESIAN_POINT ( 'NONE',  ( -2.314977172283870122, 2.687134095881360096, -9.719499999999998252 ) ) ;
#3299 = AXIS2_PLACEMENT_3D ( 'NONE', #3837, #2048, #1491 ) ;
#3300 = DIRECTION ( 'NONE',  ( -0.9510565162951242213, 0.3090169943750377679, 0.000000000000000000 ) ) ;
#3301 = AXIS2_PLACEMENT_3D ( 'NONE', #614, #3251, #3545 ) ;
#3302 = CARTESIAN_POINT ( 'NONE',  ( -1.021880978632927928, 3.396405191220819741, -9.719499999999998252 ) ) ;
#3303 = VERTEX_POINT ( 'NONE', #2733 ) ;
#3304 = AXIS2_PLACEMENT_3D ( 'NONE', #3626, #1229, #2384 ) ;
#3305 = CARTESIAN_POINT ( 'NONE',  ( 2.061442435782707250, 2.340662426045219568, -9.719499999999998252 ) ) ;
#3306 = CIRCLE ( 'NONE', #2447, 0.1963495408493611261 ) ;
#3307 = DIRECTION ( 'NONE',  ( 0.000000000000000000, 0.000000000000000000, 1.000000000000000000 ) ) ;
#3308 = DIRECTION ( 'NONE',  ( -0.5877852522924568168, -0.8090169943749592196, 0.000000000000000000 ) ) ;
#3309 = CARTESIAN_POINT ( 'NONE',  ( 2.061442435782685045, -2.340662426045236000, -9.719499999999998252 ) ) ;
#3310 = ORIENTED_EDGE ( 'NONE', *, *, #1344, .F. ) ;
#3311 = DIRECTION ( 'NONE',  ( 0.000000000000000000, 0.000000000000000000, 1.000000000000000000 ) ) ;
#3312 = DIRECTION ( 'NONE',  ( 0.000000000000000000, 0.000000000000000000, -1.000000000000000000 ) ) ;
#3313 = CIRCLE ( 'NONE', #1963, 0.1963495408493624306 ) ;
#3314 = ORIENTED_EDGE ( 'NONE', *, *, #990, .F. ) ;
#3315 = DIRECTION ( 'NONE',  ( 0.000000000000000000, 0.000000000000000000, 1.000000000000000000 ) ) ;
#3316 = ORIENTED_EDGE ( 'NONE', *, *, #304, .F. ) ;
#3317 = DIRECTION ( 'NONE',  ( -0.000000000000000000, -0.000000000000000000, 1.000000000000000000 ) ) ;
#3318 = VECTOR ( 'NONE', #2281, 1000.000000000000000 ) ;
#3319 = EDGE_CURVE ( 'NONE', #3816, #725, #3170, .T. ) ;
#3320 = EDGE_CURVE ( 'NONE', #1518, #2026, #2379, .T. ) ;
#3321 = LINE ( 'NONE', #412, #2454 ) ;
#3322 = CARTESIAN_POINT ( 'NONE',  ( 3.042497229473224873, -1.317106346890154045, -7.000000000000000000 ) ) ;
#3323 = ORIENTED_EDGE ( 'NONE', *, *, #3832, .T. ) ;
#3324 = LINE ( 'NONE', #45, #464 ) ;
#3325 = EDGE_CURVE ( 'NONE', #954, #276, #286, .T. ) ;
#3326 = CARTESIAN_POINT ( 'NONE',  ( 3.079589269441415311, -1.124292128631351861, -7.000000000000000000 ) ) ;
#3327 = DIRECTION ( 'NONE',  ( -1.000000000000000000, 0.000000000000000000, 0.000000000000000000 ) ) ;
#3328 = ORIENTED_EDGE ( 'NONE', *, *, #2518, .F. ) ;
#3329 = DIRECTION ( 'NONE',  ( -1.000000000000000000, 0.000000000000000000, 0.000000000000000000 ) ) ;
#3330 = VERTEX_POINT ( 'NONE', #406 ) ;
#3331 = DIRECTION ( 'NONE',  ( 0.000000000000000000, 0.000000000000000000, 1.000000000000000000 ) ) ;
#3332 = ADVANCED_FACE ( 'NONE', ( #653 ), #2673, .F. ) ;
#3333 = ORIENTED_EDGE ( 'NONE', *, *, #2400, .F. ) ;
#3334 = CIRCLE ( 'NONE', #1244, 0.1963495408493613481 ) ;
#3335 = DIRECTION ( 'NONE',  ( 1.000000000000000000, 0.000000000000000000, 0.000000000000000000 ) ) ;
#3336 = LINE ( 'NONE', #2773, #1342 ) ;
#3337 = EDGE_CURVE ( 'NONE', #3269, #2275, #3572, .T. ) ;
#3338 = PRESENTATION_LAYER_ASSIGNMENT (  '', '', ( #1186 ) ) ;
#3339 = DIRECTION ( 'NONE',  ( 0.000000000000000000, 0.000000000000000000, 1.000000000000000000 ) ) ;
#3340 = AXIS2_PLACEMENT_3D ( 'NONE', #2856, #2304, #2344 ) ;
#3341 = DIRECTION ( 'NONE',  ( 0.4999999999999921174, -0.8660254037844432595, 0.000000000000000000 ) ) ;
#3342 = ORIENTED_EDGE ( 'NONE', *, *, #2211, .T. ) ;
#3343 = LINE ( 'NONE', #1878, #1146 ) ;
#3344 = CARTESIAN_POINT ( 'NONE',  ( -1.021880978632927928, 3.396405191220819741, -7.000000000000000000 ) ) ;
#3345 = CARTESIAN_POINT ( 'NONE',  ( -1.169637804266592251, 3.348396088319595343, -1.000000000000000000 ) ) ;
#3346 = EDGE_CURVE ( 'NONE', #2440, #935, #3814, .T. ) ;
#3347 = ORIENTED_EDGE ( 'NONE', *, *, #2550, .T. ) ;
#3348 = ADVANCED_FACE ( 'NONE', ( #3020 ), #1589, .T. ) ;
#3349 = CARTESIAN_POINT ( 'NONE',  ( 0.2933980814764465261, 3.534646590994565241, -1.000000000000000000 ) ) ;
#3350 = ORIENTED_EDGE ( 'NONE', *, *, #2938, .T. ) ;
#3351 = PLANE ( 'NONE',  #719 ) ;
#3352 = ADVANCED_FACE ( 'NONE', ( #1293 ), #3351, .F. ) ;
#3353 = ORIENTED_EDGE ( 'NONE', *, *, #3095, .F. ) ;
#3354 = LINE ( 'NONE', #2148, #1310 ) ;
#3355 = CARTESIAN_POINT ( 'NONE',  ( -3.249853172817215086, 0.6557536698337659287, -1.000000000000000000 ) ) ;
#3356 = ORIENTED_EDGE ( 'NONE', *, *, #2370, .T. ) ;
#3357 = LINE ( 'NONE', #1300, #924 ) ;
#3358 = VECTOR ( 'NONE', #648, 1000.000000000000000 ) ;
#3359 = CARTESIAN_POINT ( 'NONE',  ( 1.150509560498988115, 2.905503872170954516, -7.000000000000000000 ) ) ;
#3360 = ORIENTED_EDGE ( 'NONE', *, *, #380, .T. ) ;
#3361 = CIRCLE ( 'NONE', #2742, 0.1963495408492206273 ) ;
#3362 = AXIS2_PLACEMENT_3D ( 'NONE', #294, #1707, #3521 ) ;
#3363 = ORIENTED_EDGE ( 'NONE', *, *, #520, .F. ) ;
#3364 = CARTESIAN_POINT ( 'NONE',  ( 3.118825397134031174, -1.381846796186403424E-13, -1.000000000000000000 ) ) ;
#3365 = DIRECTION ( 'NONE',  ( -0.000000000000000000, -0.000000000000000000, -1.000000000000000000 ) ) ;
#3366 = DIRECTION ( 'NONE',  ( -0.000000000000000000, -0.000000000000000000, 1.000000000000000000 ) ) ;
#3367 = VERTEX_POINT ( 'NONE', #90 ) ;
#3368 = AXIS2_PLACEMENT_3D ( 'NONE', #3292, #31, #1870 ) ;
#3369 = CIRCLE ( 'NONE', #1709, 0.1963495408493637351 ) ;
#3370 = EDGE_CURVE ( 'NONE', #1483, #1871, #3690, .T. ) ;
#3371 = CIRCLE ( 'NONE', #1834, 0.1963495408493628747 ) ;
#3372 = DIRECTION ( 'NONE',  ( 1.000000000000000000, 0.000000000000000000, 0.000000000000000000 ) ) ;
#3373 = ORIENTED_EDGE ( 'NONE', *, *, #3671, .F. ) ;
#3374 = CIRCLE ( 'NONE', #1715, 0.1963495408492184624 ) ;
#3375 = VERTEX_POINT ( 'NONE', #3273 ) ;
#3376 = CARTESIAN_POINT ( 'NONE',  ( -0.1176199352020780020, -3.276288816603964982, -7.000000000000000000 ) ) ;
#3377 = EDGE_CURVE ( 'NONE', #1449, #3439, #781, .T. ) ;
#3378 = LINE ( 'NONE', #2525, #98 ) ;
#3379 = DIRECTION ( 'NONE',  ( 0.000000000000000000, 0.000000000000000000, 1.000000000000000000 ) ) ;
#3380 = CARTESIAN_POINT ( 'NONE',  ( -2.719767133968015393, -3.265787307368635428, -7.000000000000000000 ) ) ;
#3381 = AXIS2_PLACEMENT_3D ( 'NONE', #1010, #3067, #3012 ) ;
#3382 = CARTESIAN_POINT ( 'NONE',  ( -1.431569119554499725, -2.888155008907924870, -9.719499999999998252 ) ) ;
#3383 = ORIENTED_EDGE ( 'NONE', *, *, #3662, .F. ) ;
#3384 = ORIENTED_EDGE ( 'NONE', *, *, #2246, .F. ) ;
#3385 = CARTESIAN_POINT ( 'NONE',  ( -0.3600769430757399525, -3.098159147592462581, -1.000000000000000000 ) ) ;
#3386 = CARTESIAN_POINT ( 'NONE',  ( -1.830597722194788890, 2.719708594400580548, -9.719499999999998252 ) ) ;
#3387 = ORIENTED_EDGE ( 'NONE', *, *, #1918, .F. ) ;
#3388 = DIRECTION ( 'NONE',  ( 0.000000000000000000, 0.000000000000000000, 1.000000000000000000 ) ) ;
#3389 = ORIENTED_EDGE ( 'NONE', *, *, #3751, .F. ) ;
#3390 = ORIENTED_EDGE ( 'NONE', *, *, #3337, .F. ) ;
#3391 = EDGE_CURVE ( 'NONE', #1966, #1554, #965, .T. ) ;
#3392 = PRODUCT_DEFINITION ( 'UNKNOWN', '', #2983, #2611 ) ;
#3393 = VERTEX_POINT ( 'NONE', #3590 ) ;
#3394 = CARTESIAN_POINT ( 'NONE',  ( -1.729456388963985125, -2.602807253461474790, -7.000000000000000000 ) ) ;
#3395 = DIRECTION ( 'NONE',  ( 1.000000000000000000, 0.000000000000000000, 0.000000000000000000 ) ) ;
#3396 = CARTESIAN_POINT ( 'NONE',  ( -3.545951877715329825, 0.07768036026360160273, -7.000000000000000000 ) ) ;
#3397 = ADVANCED_FACE ( 'NONE', ( #1889 ), #1533, .T. ) ;
#3398 = DIRECTION ( 'NONE',  ( 0.000000000000000000, 0.000000000000000000, -1.000000000000000000 ) ) ;
#3399 = CARTESIAN_POINT ( 'NONE',  ( 3.270635594739164986, 0.2254898343303588515, -1.000000000000000000 ) ) ;
#3400 = AXIS2_PLACEMENT_3D ( 'NONE', #3834, #1178, #2063 ) ;
#3401 = EDGE_LOOP ( 'NONE', ( #3452, #2332, #239, #316 ) ) ;
#3402 = VECTOR ( 'NONE', #1311, 1000.000000000000000 ) ;
#3403 = ADVANCED_FACE ( 'NONE', ( #1235 ), #1814, .F. ) ;
#3404 = FACE_OUTER_BOUND ( 'NONE', #2164, .T. ) ;
#3405 = CARTESIAN_POINT ( 'NONE',  ( -1.687256277579699981, -2.853896419658300321, -9.719499999999998252 ) ) ;
#3406 = DIRECTION ( 'NONE',  ( 0.000000000000000000, 0.000000000000000000, 1.000000000000000000 ) ) ;
#3407 = ORIENTED_EDGE ( 'NONE', *, *, #3192, .T. ) ;
#3408 = CIRCLE ( 'NONE', #388, 0.1963495408493615701 ) ;
#3409 = FACE_OUTER_BOUND ( 'NONE', #2960, .T. ) ;
#3410 = EDGE_LOOP ( 'NONE', ( #2595, #1195, #2368, #977 ) ) ;
#3411 = ORIENTED_EDGE ( 'NONE', *, *, #2251, .T. ) ;
#3412 = EDGE_CURVE ( 'NONE', #3652, #1110, #534, .T. ) ;
#3413 = FACE_OUTER_BOUND ( 'NONE', #2628, .T. ) ;
#3414 = DIRECTION ( 'NONE',  ( 0.000000000000000000, 0.000000000000000000, -1.000000000000000000 ) ) ;
#3415 = CARTESIAN_POINT ( 'NONE',  ( -3.246046332586541183, -0.4594410361108431373, -1.000000000000000000 ) ) ;
#3416 = ADVANCED_FACE ( 'NONE', ( #2770 ), #131, .F. ) ;
#3417 = DIRECTION ( 'NONE',  ( -0.000000000000000000, -0.000000000000000000, 1.000000000000000000 ) ) ;
#3418 = CARTESIAN_POINT ( 'NONE',  ( -3.246046332586539851, -0.4594410361108419716, -9.719499999999998252 ) ) ;
#3419 = ORIENTED_EDGE ( 'NONE', *, *, #1846, .F. ) ;
#3420 =( GEOMETRIC_REPRESENTATION_CONTEXT ( 3 ) GLOBAL_UNCERTAINTY_ASSIGNED_CONTEXT ( ( #579 ) ) GLOBAL_UNIT_ASSIGNED_CONTEXT ( ( #3181, #3072, #1438 ) ) REPRESENTATION_CONTEXT ( 'NONE', 'WORKASPACE' ) );
#3421 = ORIENTED_EDGE ( 'NONE', *, *, #256, .T. ) ;
#3422 = CARTESIAN_POINT ( 'NONE',  ( 0.2807562157273797987, -4.240716442692489707, -9.719499999999998252 ) ) ;
#3423 = CYLINDRICAL_SURFACE ( 'NONE', #2784, 1.973045005896730153 ) ;
#3424 = EDGE_LOOP ( 'NONE', ( #350, #298, #1593, #1044 ) ) ;
#3425 = VECTOR ( 'NONE', #3550, 1000.000000000000000 ) ;
#3426 = CIRCLE ( 'NONE', #222, 1.973045005896731929 ) ;
#3427 = DIRECTION ( 'NONE',  ( 1.000000000000000000, 0.000000000000000000, 0.000000000000000000 ) ) ;
#3428 = CIRCLE ( 'NONE', #101, 1.973045005896732373 ) ;
#3429 = AXIS2_PLACEMENT_3D ( 'NONE', #1899, #3086, #1652 ) ;
#3430 = VERTEX_POINT ( 'NONE', #425 ) ;
#3431 = CIRCLE ( 'NONE', #1276, 1.973045005896729487 ) ;
#3432 = ORIENTED_EDGE ( 'NONE', *, *, #3477, .F. ) ;
#3433 = DIRECTION ( 'NONE',  ( 1.000000000000000000, 0.000000000000000000, 0.000000000000000000 ) ) ;
#3434 = LINE ( 'NONE', #3455, #2989 ) ;
#3435 = FACE_OUTER_BOUND ( 'NONE', #2018, .T. ) ;
#3436 = CARTESIAN_POINT ( 'NONE',  ( 3.042497229473224873, -1.317106346890154045, -9.719499999999998252 ) ) ;
#3437 = LINE ( 'NONE', #508, #599 ) ;
#3438 = EDGE_CURVE ( 'NONE', #2641, #2899, #3617, .T. ) ;
#3439 = VERTEX_POINT ( 'NONE', #1660 ) ;
#3440 = EDGE_CURVE ( 'NONE', #574, #2199, #440, .T. ) ;
#3441 = CIRCLE ( 'NONE', #3255, 4.249999999998978595 ) ;
#3442 = ORIENTED_EDGE ( 'NONE', *, *, #1542, .F. ) ;
#3443 = CARTESIAN_POINT ( 'NONE',  ( -2.719767133969196671, -3.265787307368976489, -1.000000000000000000 ) ) ;
#3444 = LINE ( 'NONE', #183, #1805 ) ;
#3445 = EDGE_LOOP ( 'NONE', ( #1570, #537, #3134, #141 ) ) ;
#3446 = CIRCLE ( 'NONE', #1351, 0.1963495408493617922 ) ;
#3447 = ADVANCED_FACE ( 'NONE', ( #3752, #3448 ), #458, .T. ) ;
#3448 = FACE_OUTER_BOUND ( 'NONE', #1079, .T. ) ;
#3449 = ORIENTED_EDGE ( 'NONE', *, *, #2192, .T. ) ;
#3450 = ORIENTED_EDGE ( 'NONE', *, *, #591, .F. ) ;
#3451 = EDGE_CURVE ( 'NONE', #527, #3767, #745, .T. ) ;
#3452 = ORIENTED_EDGE ( 'NONE', *, *, #3082, .T. ) ;
#3453 = DIRECTION ( 'NONE',  ( -0.000000000000000000, -0.000000000000000000, -1.000000000000000000 ) ) ;
#3454 = ADVANCED_FACE ( 'NONE', ( #1696 ), #2519, .T. ) ;
#3455 = CARTESIAN_POINT ( 'NONE',  ( 0.9963519047475369872, -2.955592730849700089, -4.000000000000000000 ) ) ;
#3456 = FACE_OUTER_BOUND ( 'NONE', #499, .T. ) ;
#3457 = CARTESIAN_POINT ( 'NONE',  ( 2.356053982266958613, -2.279673768679482571, -1.000000000000000000 ) ) ;
#3458 = DIRECTION ( 'NONE',  ( 0.000000000000000000, 0.000000000000000000, 1.000000000000000000 ) ) ;
#3459 = VERTEX_POINT ( 'NONE', #187 ) ;
#3460 = ADVANCED_FACE ( 'NONE', ( #1385 ), #1623, .F. ) ;
#3461 = VERTEX_POINT ( 'NONE', #808 ) ;
#3462 = CARTESIAN_POINT ( 'NONE',  ( -1.169637804266636216, -3.348396088319579800, -1.000000000000000000 ) ) ;
#3463 = DIRECTION ( 'NONE',  ( 1.000000000000000000, 0.000000000000000000, 0.000000000000000000 ) ) ;
#3464 = ORIENTED_EDGE ( 'NONE', *, *, #2431, .T. ) ;
#3465 =( GEOMETRIC_REPRESENTATION_CONTEXT ( 3 ) GLOBAL_UNCERTAINTY_ASSIGNED_CONTEXT ( ( #2650 ) ) GLOBAL_UNIT_ASSIGNED_CONTEXT ( ( #1291, #1566, #651 ) ) REPRESENTATION_CONTEXT ( 'NONE', 'WORKASPACE' ) );
#3466 = EDGE_CURVE ( 'NONE', #2456, #3459, #2858, .T. ) ;
#3467 = CARTESIAN_POINT ( 'NONE',  ( -3.270983679872624617, -1.371304022983409920, -1.000000000000000000 ) ) ;
#3468 = VERTEX_POINT ( 'NONE', #1057 ) ;
#3469 = VECTOR ( 'NONE', #3542, 1000.000000000000000 ) ;
#3470 = VERTEX_POINT ( 'NONE', #1923 ) ;
#3471 = ORIENTED_EDGE ( 'NONE', *, *, #3451, .T. ) ;
#3472 = CARTESIAN_POINT ( 'NONE',  ( 3.270635594739144114, -0.2254898343305004604, -1.000000000000000000 ) ) ;
#3473 = FACE_OUTER_BOUND ( 'NONE', #1776, .T. ) ;
#3474 = CARTESIAN_POINT ( 'NONE',  ( 0.6070735070738499939, -4.206419113330449377, -7.000000000000000000 ) ) ;
#3475 = FACE_OUTER_BOUND ( 'NONE', #89, .T. ) ;
#3476 = DIRECTION ( 'NONE',  ( 1.000000000000000000, 0.000000000000000000, 0.000000000000000000 ) ) ;
#3477 = EDGE_CURVE ( 'NONE', #3484, #1349, #3428, .T. ) ;
#3478 = ORIENTED_EDGE ( 'NONE', *, *, #310, .F. ) ;
#3479 = ORIENTED_EDGE ( 'NONE', *, *, #596, .F. ) ;
#3480 = DIRECTION ( 'NONE',  ( 0.000000000000000000, 0.000000000000000000, 1.000000000000000000 ) ) ;
#3481 = LINE ( 'NONE', #2020, #757 ) ;
#3482 = ORIENTED_EDGE ( 'NONE', *, *, #541, .F. ) ;
#3483 = CARTESIAN_POINT ( 'NONE',  ( -3.000000000000000444, 3.673940397442060361E-16, -21.00000000000000000 ) ) ;
#3484 = VERTEX_POINT ( 'NONE', #1115 ) ;
#3485 = ORIENTED_EDGE ( 'NONE', *, *, #3764, .F. ) ;
#3486 = AXIS2_PLACEMENT_3D ( 'NONE', #1666, #3676, #2830 ) ;
#3487 = EDGE_CURVE ( 'NONE', #819, #2087, #1961, .T. ) ;
#3488 = ORIENTED_EDGE ( 'NONE', *, *, #1756, .F. ) ;
#3489 = CIRCLE ( 'NONE', #2685, 1.973045005896732373 ) ;
#3490 = CIRCLE ( 'NONE', #1592, 0.1963495408493604877 ) ;
#3491 = DIRECTION ( 'NONE',  ( -0.6691306063588572384, 0.7431448254773952433, 0.000000000000000000 ) ) ;
#3492 = EDGE_LOOP ( 'NONE', ( #3526, #1361, #3716, #3097 ) ) ;
#3493 = CARTESIAN_POINT ( 'NONE',  ( -1.169637804266592251, 3.348396088319595343, -7.000000000000000000 ) ) ;
#3494 = VECTOR ( 'NONE', #887, 1000.000000000000000 ) ;
#3495 = CIRCLE ( 'NONE', #2078, 0.1963495408493613481 ) ;
#3496 = CYLINDRICAL_SURFACE ( 'NONE', #363, 0.1963495408493620142 ) ;
#3497 = EDGE_CURVE ( 'NONE', #2783, #3610, #3489, .T. ) ;
#3498 = DIRECTION ( 'NONE',  ( -0.9945218953682729568, -0.1045284632676579395, 0.000000000000000000 ) ) ;
#3499 = CIRCLE ( 'NONE', #918, 0.1963495408492184624 ) ;
#3500 = DIRECTION ( 'NONE',  ( 1.000000000000000000, 0.000000000000000000, 0.000000000000000000 ) ) ;
#3501 = CARTESIAN_POINT ( 'NONE',  ( 0.000000000000000000, 0.000000000000000000, -7.000000000000000000 ) ) ;
#3502 = ORIENTED_EDGE ( 'NONE', *, *, #1180, .T. ) ;
#3503 = VERTEX_POINT ( 'NONE', #1906 ) ;
#3504 = DIRECTION ( 'NONE',  ( 0.000000000000000000, 0.000000000000000000, 1.000000000000000000 ) ) ;
#3505 = CARTESIAN_POINT ( 'NONE',  ( -1.169637804266636216, -3.348396088319579800, -9.719499999999998252 ) ) ;
#3506 = EDGE_CURVE ( 'NONE', #208, #44, #1328, .T. ) ;
#3507 = EDGE_LOOP ( 'NONE', ( #1501, #2516, #3665, #827 ) ) ;
#3508 = CIRCLE ( 'NONE', #733, 4.249999999998979483 ) ;
#3509 = DIRECTION ( 'NONE',  ( 0.000000000000000000, 0.000000000000000000, 1.000000000000000000 ) ) ;
#3510 = EDGE_LOOP ( 'NONE', ( #1426, #3808, #1058, #2146 ) ) ;
#3511 = CIRCLE ( 'NONE', #490, 0.1963495408493598215 ) ;
#3512 = ORIENTED_EDGE ( 'NONE', *, *, #3742, .F. ) ;
#3513 = FACE_OUTER_BOUND ( 'NONE', #3674, .T. ) ;
#3514 = ORIENTED_EDGE ( 'NONE', *, *, #1575, .F. ) ;
#3515 = EDGE_CURVE ( 'NONE', #43, #283, #2747, .T. ) ;
#3516 = EDGE_CURVE ( 'NONE', #627, #582, #3241, .T. ) ;
#3517 = DIRECTION ( 'NONE',  ( 0.000000000000000000, 0.000000000000000000, 1.000000000000000000 ) ) ;
#3518 = DIRECTION ( 'NONE',  ( 0.000000000000000000, 0.000000000000000000, 1.000000000000000000 ) ) ;
#3519 = FACE_OUTER_BOUND ( 'NONE', #3568, .T. ) ;
#3520 = EDGE_CURVE ( 'NONE', #2029, #1052, #37, .T. ) ;
#3521 = DIRECTION ( 'NONE',  ( 1.000000000000000000, 0.000000000000000000, 0.000000000000000000 ) ) ;
#3522 = ORIENTED_EDGE ( 'NONE', *, *, #3297, .T. ) ;
#3523 = ADVANCED_FACE ( 'NONE', ( #3409, #767 ), #1939, .T. ) ;
#3524 = CARTESIAN_POINT ( 'NONE',  ( 0.000000000000000000, 0.000000000000000000, -1.000000000000000000 ) ) ;
#3525 = LINE ( 'NONE', #3146, #265 ) ;
#3526 = ORIENTED_EDGE ( 'NONE', *, *, #496, .F. ) ;
#3527 = EDGE_CURVE ( 'NONE', #1518, #2087, #2499, .T. ) ;
#3528 = CIRCLE ( 'NONE', #2901, 4.249999999998978595 ) ;
#3529 = CARTESIAN_POINT ( 'NONE',  ( -0.3124592246176304822, 3.300595060488625165, -7.000000000000000000 ) ) ;
#3530 = VECTOR ( 'NONE', #948, 1000.000000000000000 ) ;
#3531 = ORIENTED_EDGE ( 'NONE', *, *, #1344, .T. ) ;
#3532 = CIRCLE ( 'NONE', #3597, 0.1963495408492197392 ) ;
#3533 = CARTESIAN_POINT ( 'NONE',  ( 4.188138338522914061, 0.7224937767108100539, -1.000000000000000000 ) ) ;
#3534 = EDGE_LOOP ( 'NONE', ( #3648, #489, #1384, #2902 ) ) ;
#3535 = DIRECTION ( 'NONE',  ( 1.000000000000000000, 0.000000000000000000, 0.000000000000000000 ) ) ;
#3536 = CARTESIAN_POINT ( 'NONE',  ( 3.000000000000000444, 3.673940397442060361E-16, 6.000000000000000000 ) ) ;
#3537 = CARTESIAN_POINT ( 'NONE',  ( 0.000000000000000000, 0.000000000000000000, -1.000000000000000000 ) ) ;
#3538 = DIRECTION ( 'NONE',  ( 1.000000000000000000, 0.000000000000000000, 0.000000000000000000 ) ) ;
#3539 = EDGE_CURVE ( 'NONE', #1550, #1406, #2011, .T. ) ;
#3540 = EDGE_CURVE ( 'NONE', #2819, #3184, #1591, .T. ) ;
#3541 = CARTESIAN_POINT ( 'NONE',  ( -1.589081507154981754, 2.683852729261365422, -9.719499999999998252 ) ) ;
#3542 = DIRECTION ( 'NONE',  ( 0.000000000000000000, 0.000000000000000000, 1.000000000000000000 ) ) ;
#3543 = ORIENTED_EDGE ( 'NONE', *, *, #3735, .T. ) ;
#3544 = FACE_OUTER_BOUND ( 'NONE', #2290, .T. ) ;
#3545 = DIRECTION ( 'NONE',  ( 1.000000000000000000, 0.000000000000000000, 0.000000000000000000 ) ) ;
#3546 = LINE ( 'NONE', #3326, #38 ) ;
#3547 = ORIENTED_EDGE ( 'NONE', *, *, #520, .T. ) ;
#3548 = DIRECTION ( 'NONE',  ( -1.000000000000000000, 0.000000000000000000, 0.000000000000000000 ) ) ;
#3549 = ORIENTED_EDGE ( 'NONE', *, *, #3297, .F. ) ;
#3550 = DIRECTION ( 'NONE',  ( 0.000000000000000000, 0.000000000000000000, 1.000000000000000000 ) ) ;
#3551 = PLANE ( 'NONE',  #1102 ) ;
#3552 = VECTOR ( 'NONE', #462, 1000.000000000000000 ) ;
#3553 = VECTOR ( 'NONE', #1726, 1000.000000000000000 ) ;
#3554 = LINE ( 'NONE', #3820, #2835 ) ;
#3555 = VECTOR ( 'NONE', #2252, 1000.000000000000000 ) ;
#3556 = CIRCLE ( 'NONE', #972, 0.1963495408493620142 ) ;
#3557 = LINE ( 'NONE', #2968, #352 ) ;
#3558 = AXIS2_PLACEMENT_3D ( 'NONE', #1711, #3204, #493 ) ;
#3559 = FACE_OUTER_BOUND ( 'NONE', #1159, .T. ) ;
#3560 = DIRECTION ( 'NONE',  ( -1.000000000000000000, 0.000000000000000000, 0.000000000000000000 ) ) ;
#3561 = EDGE_CURVE ( 'NONE', #574, #1131, #2077, .T. ) ;
#3562 = CIRCLE ( 'NONE', #1897, 3.000000000000000444 ) ;
#3563 = ORIENTED_EDGE ( 'NONE', *, *, #354, .T. ) ;
#3564 = CARTESIAN_POINT ( 'NONE',  ( -3.545951877715329825, 0.07768036026360160273, -1.000000000000000000 ) ) ;
#3565 = CARTESIAN_POINT ( 'NONE',  ( -2.503046055244360080, -1.860915353816845474, -1.000000000000000000 ) ) ;
#3566 = DIRECTION ( 'NONE',  ( 1.000000000000000000, 0.000000000000000000, 0.000000000000000000 ) ) ;
#3567 = DIRECTION ( 'NONE',  ( -1.000000000000000000, 0.000000000000000000, 0.000000000000000000 ) ) ;
#3568 = EDGE_LOOP ( 'NONE', ( #3805, #54, #3214, #517 ) ) ;
#3569 = AXIS2_PLACEMENT_3D ( 'NONE', #1494, #1199, #622 ) ;
#3570 = DIRECTION ( 'NONE',  ( -0.000000000000000000, -0.000000000000000000, 1.000000000000000000 ) ) ;
#3571 = ORIENTED_EDGE ( 'NONE', *, *, #3608, .T. ) ;
#3572 = LINE ( 'NONE', #1509, #2201 ) ;
#3573 = CARTESIAN_POINT ( 'NONE',  ( 1.705702773494270019, -3.109724586830400206, -1.000000000000000000 ) ) ;
#3574 = EDGE_CURVE ( 'NONE', #276, #3115, #413, .T. ) ;
#3575 = CARTESIAN_POINT ( 'NONE',  ( 2.086901529111720777, -2.317738955447615545, -1.000000000000000000 ) ) ;
#3576 = ORIENTED_EDGE ( 'NONE', *, *, #3702, .T. ) ;
#3577 = DIRECTION ( 'NONE',  ( 0.000000000000000000, 0.000000000000000000, -1.000000000000000000 ) ) ;
#3578 = EDGE_CURVE ( 'NONE', #330, #480, #2562, .T. ) ;
#3579 = CYLINDRICAL_SURFACE ( 'NONE', #888, 4.250000000000000000 ) ;
#3580 = ORIENTED_EDGE ( 'NONE', *, *, #2824, .T. ) ;
#3581 = DIRECTION ( 'NONE',  ( -1.000000000000000000, 0.000000000000000000, 0.000000000000000000 ) ) ;
#3582 = DIRECTION ( 'NONE',  ( 0.000000000000000000, 0.000000000000000000, -1.000000000000000000 ) ) ;
#3583 = DIRECTION ( 'NONE',  ( 0.000000000000000000, 0.000000000000000000, 1.000000000000000000 ) ) ;
#3584 = DIRECTION ( 'NONE',  ( 0.000000000000000000, 0.000000000000000000, -1.000000000000000000 ) ) ;
#3585 = EDGE_CURVE ( 'NONE', #2645, #1360, #3165, .T. ) ;
#3586 = VERTEX_POINT ( 'NONE', #533 ) ;
#3587 = CARTESIAN_POINT ( 'NONE',  ( 0.7962284048838049744, -3.180239485670429911, -7.000000000000000000 ) ) ;
#3588 = ORIENTED_EDGE ( 'NONE', *, *, #1237, .T. ) ;
#3589 = CIRCLE ( 'NONE', #2897, 1.973045005896731485 ) ;
#3590 = CARTESIAN_POINT ( 'NONE',  ( 2.863122998320097423, 1.237243793775572032, -9.719499999999998252 ) ) ;
#3591 = VECTOR ( 'NONE', #1337, 1000.000000000000000 ) ;
#3592 = DIRECTION ( 'NONE',  ( 1.000000000000000000, 0.000000000000000000, 0.000000000000000000 ) ) ;
#3593 = AXIS2_PLACEMENT_3D ( 'NONE', #1139, #3491, #1215 ) ;
#3594 = LINE ( 'NONE', #1006, #687 ) ;
#3595 = VERTEX_POINT ( 'NONE', #1732 ) ;
#3596 = DIRECTION ( 'NONE',  ( 0.000000000000000000, 0.000000000000000000, 1.000000000000000000 ) ) ;
#3597 = AXIS2_PLACEMENT_3D ( 'NONE', #729, #3366, #3727 ) ;
#3598 = DIRECTION ( 'NONE',  ( -1.000000000000000000, 0.000000000000000000, 0.000000000000000000 ) ) ;
#3599 = ORIENTED_EDGE ( 'NONE', *, *, #1321, .T. ) ;
#3600 = DIRECTION ( 'NONE',  ( 1.000000000000000000, 0.000000000000000000, 0.000000000000000000 ) ) ;
#3601 = EDGE_CURVE ( 'NONE', #305, #166, #226, .T. ) ;
#3602 = CARTESIAN_POINT ( 'NONE',  ( 0.9311881956577039432, 2.976765703412580066, -9.719499999999998252 ) ) ;
#3603 = DIRECTION ( 'NONE',  ( 0.000000000000000000, 0.000000000000000000, 1.000000000000000000 ) ) ;
#3604 = CARTESIAN_POINT ( 'NONE',  ( 1.705702773494315094, 3.109724586830374893, -9.719499999999998252 ) ) ;
#3605 = ORIENTED_EDGE ( 'NONE', *, *, #3228, .T. ) ;
#3606 = DIRECTION ( 'NONE',  ( 0.9781476007338070211, 0.2079116908177530143, 0.000000000000000000 ) ) ;
#3607 = ADVANCED_FACE ( 'NONE', ( #1788 ), #1716, .T. ) ;
#3608 = EDGE_CURVE ( 'NONE', #2670, #954, #2308, .T. ) ;
#3609 = DIRECTION ( 'NONE',  ( 1.000000000000000000, 0.000000000000000000, 0.000000000000000000 ) ) ;
#3610 = VERTEX_POINT ( 'NONE', #2879 ) ;
#3611 = LINE ( 'NONE', #1415, #257 ) ;
#3612 = EDGE_LOOP ( 'NONE', ( #1812, #2330, #3663, #218 ) ) ;
#3613 = CARTESIAN_POINT ( 'NONE',  ( -2.702169557679759748, -1.920895156409979876, -9.719499999999998252 ) ) ;
#3614 = AXIS2_PLACEMENT_3D ( 'NONE', #1065, #2241, #1082 ) ;
#3615 = ADVANCED_FACE ( 'NONE', ( #1175 ), #2956, .F. ) ;
#3616 = DIRECTION ( 'NONE',  ( 0.4067366430758164175, 0.9135454576425936501, -0.000000000000000000 ) ) ;
#3617 = CIRCLE ( 'NONE', #2620, 1.973045005897158255 ) ;
#3618 = EDGE_CURVE ( 'NONE', #3024, #3375, #2590, .T. ) ;
#3619 = CIRCLE ( 'NONE', #1029, 1.973045005896731929 ) ;
#3620 = DIRECTION ( 'NONE',  ( 0.000000000000000000, 0.000000000000000000, 1.000000000000000000 ) ) ;
#3621 = ORIENTED_EDGE ( 'NONE', *, *, #2524, .T. ) ;
#3622 = CIRCLE ( 'NONE', #1951, 1.973045005896730153 ) ;
#3623 = EDGE_CURVE ( 'NONE', #2250, #568, #1754, .T. ) ;
#3624 = DIRECTION ( 'NONE',  ( 0.000000000000000000, 0.000000000000000000, 1.000000000000000000 ) ) ;
#3625 = AXIS2_PLACEMENT_3D ( 'NONE', #865, #1443, #572 ) ;
#3626 = CARTESIAN_POINT ( 'NONE',  ( 3.315174937983395242, -0.03425858924962450064, -7.000000000000000000 ) ) ;
#3627 = DIRECTION ( 'NONE',  ( 0.000000000000000000, 0.000000000000000000, 1.000000000000000000 ) ) ;
#3628 = ORIENTED_EDGE ( 'NONE', *, *, #3662, .T. ) ;
#3629 = EDGE_CURVE ( 'NONE', #2490, #2199, #301, .T. ) ;
#3630 = CARTESIAN_POINT ( 'NONE',  ( -1.100000000000000089, 0.000000000000000000, 11.00100000000000122 ) ) ;
#3631 = EDGE_LOOP ( 'NONE', ( #3669, #3741 ) ) ;
#3632 = DIRECTION ( 'NONE',  ( 0.9781476007338041345, -0.2079116908177665313, 0.000000000000000000 ) ) ;
#3633 = VECTOR ( 'NONE', #3178, 1000.000000000000000 ) ;
#3634 = ORIENTED_EDGE ( 'NONE', *, *, #3497, .T. ) ;
#3635 = ADVANCED_FACE ( 'NONE', ( #2647 ), #2608, .F. ) ;
#3636 = CARTESIAN_POINT ( 'NONE',  ( 2.863122998320054347, -1.237243793775667289, -1.000000000000000000 ) ) ;
#3637 = DIRECTION ( 'NONE',  ( 0.000000000000000000, 0.000000000000000000, -1.000000000000000000 ) ) ;
#3638 = DIRECTION ( 'NONE',  ( 1.000000000000000000, 0.000000000000000000, 0.000000000000000000 ) ) ;
#3639 = AXIS2_PLACEMENT_3D ( 'NONE', #253, #2261, #3179 ) ;
#3640 = EDGE_CURVE ( 'NONE', #2645, #582, #2331, .T. ) ;
#3641 = CARTESIAN_POINT ( 'NONE',  ( 2.192825923109535058, 2.486578571312274999, -7.000000000000000000 ) ) ;
#3642 = DIRECTION ( 'NONE',  ( 1.000000000000000000, 0.000000000000000000, 0.000000000000000000 ) ) ;
#3643 = EDGE_CURVE ( 'NONE', #627, #787, #3209, .T. ) ;
#3644 = ORIENTED_EDGE ( 'NONE', *, *, #1084, .F. ) ;
#3645 = CYLINDRICAL_SURFACE ( 'NONE', #835, 0.1963495408493620142 ) ;
#3646 = DIRECTION ( 'NONE',  ( 0.000000000000000000, 0.000000000000000000, -1.000000000000000000 ) ) ;
#3647 = DIRECTION ( 'NONE',  ( 1.000000000000000000, 0.000000000000000000, 0.000000000000000000 ) ) ;
#3648 = ORIENTED_EDGE ( 'NONE', *, *, #2354, .T. ) ;
#3649 = CARTESIAN_POINT ( 'NONE',  ( -0.2919351088493810087, -3.105321142968425097, -4.000000000000000000 ) ) ;
#3650 = VERTEX_POINT ( 'NONE', #1193 ) ;
#3651 = DIRECTION ( 'NONE',  ( 1.000000000000000000, 0.000000000000000000, 0.000000000000000000 ) ) ;
#3652 = VERTEX_POINT ( 'NONE', #2917 ) ;
#3653 = VECTOR ( 'NONE', #917, 1000.000000000000000 ) ;
#3654 = FACE_OUTER_BOUND ( 'NONE', #1925, .T. ) ;
#3655 = DIRECTION ( 'NONE',  ( 1.000000000000000000, 0.000000000000000000, 0.000000000000000000 ) ) ;
#3656 = CIRCLE ( 'NONE', #3148, 0.1963495408492204053 ) ;
#3657 = DIRECTION ( 'NONE',  ( 0.000000000000000000, 0.000000000000000000, 1.000000000000000000 ) ) ;
#3658 = VECTOR ( 'NONE', #3379, 1000.000000000000000 ) ;
#3659 = CARTESIAN_POINT ( 'NONE',  ( 3.079589269441420196, 1.124292128631309895, -1.000000000000000000 ) ) ;
#3660 = VECTOR ( 'NONE', #3406, 1000.000000000000000 ) ;
#3661 = CARTESIAN_POINT ( 'NONE',  ( -1.389369008170032060, 2.799156794310854846, -7.000000000000000000 ) ) ;
#3662 = EDGE_CURVE ( 'NONE', #2653, #3470, #1339, .T. ) ;
#3663 = ORIENTED_EDGE ( 'NONE', *, *, #554, .F. ) ;
#3664 = EDGE_CURVE ( 'NONE', #1860, #480, #3232, .T. ) ;
#3665 = ORIENTED_EDGE ( 'NONE', *, *, #1160, .T. ) ;
#3666 = APPLICATION_PROTOCOL_DEFINITION ( 'draft international standard', 'automotive_design', 1998, #69 ) ;
#3667 = FACE_OUTER_BOUND ( 'NONE', #2558, .T. ) ;
#3668 = CYLINDRICAL_SURFACE ( 'NONE', #2357, 0.1963495408493620142 ) ;
#3669 = ORIENTED_EDGE ( 'NONE', *, *, #3515, .T. ) ;
#3670 = LINE ( 'NONE', #3630, #2657 ) ;
#3671 = EDGE_CURVE ( 'NONE', #1664, #1414, #3343, .T. ) ;
#3672 = ORIENTED_EDGE ( 'NONE', *, *, #1599, .F. ) ;
#3673 = ADVANCED_FACE ( 'NONE', ( #418 ), #2098, .T. ) ;
#3674 = EDGE_LOOP ( 'NONE', ( #2774, #2475, #2579, #2978 ) ) ;
#3675 = CARTESIAN_POINT ( 'NONE',  ( -2.465546629779995058, -1.976326718222495504, -1.000000000000000000 ) ) ;
#3676 = DIRECTION ( 'NONE',  ( 0.000000000000000000, 0.000000000000000000, -1.000000000000000000 ) ) ;
#3677 = DIRECTION ( 'NONE',  ( 1.000000000000000000, 0.000000000000000000, 0.000000000000000000 ) ) ;
#3678 = CARTESIAN_POINT ( 'NONE',  ( 0.7962284048838451644, 3.180239485670420141, -1.000000000000000000 ) ) ;
#3679 = AXIS2_PLACEMENT_3D ( 'NONE', #2506, #1684, #1026 ) ;
#3680 = DIRECTION ( 'NONE',  ( 0.000000000000000000, 0.000000000000000000, 1.000000000000000000 ) ) ;
#3681 = VERTEX_POINT ( 'NONE', #1284 ) ;
#3682 = AXIS2_PLACEMENT_3D ( 'NONE', #2842, #204, #3188 ) ;
#3683 = CIRCLE ( 'NONE', #411, 0.1963495408493613481 ) ;
#3684 = VERTEX_POINT ( 'NONE', #2436 ) ;
#3685 = APPLICATION_PROTOCOL_DEFINITION ( 'draft international standard', 'automotive_design', 1998, #3712 ) ;
#3686 = EDGE_CURVE ( 'NONE', #1488, #3684, #630, .T. ) ;
#3687 = DIRECTION ( 'NONE',  ( 0.000000000000000000, 0.000000000000000000, 1.000000000000000000 ) ) ;
#3688 = CARTESIAN_POINT ( 'NONE',  ( 3.484614976550514776, -0.6612619924382469039, -1.000000000000000000 ) ) ;
#3689 = ORIENTED_EDGE ( 'NONE', *, *, #3040, .F. ) ;
#3690 = CIRCLE ( 'NONE', #2137, 0.1963495408493620142 ) ;
#3691 = AXIS2_PLACEMENT_3D ( 'NONE', #302, #2099, #3566 ) ;
#3692 = CIRCLE ( 'NONE', #2022, 4.249999999998980371 ) ;
#3693 = CARTESIAN_POINT ( 'NONE',  ( 0.000000000000000000, 0.000000000000000000, 6.000000000000000000 ) ) ;
#3694 = EDGE_LOOP ( 'NONE', ( #1303, #867, #3135, #340 ) ) ;
#3695 = VERTEX_POINT ( 'NONE', #3565 ) ;
#3696 = EDGE_CURVE ( 'NONE', #1727, #3004, #1643, .T. ) ;
#3697 = VERTEX_POINT ( 'NONE', #377 ) ;
#3698 = CARTESIAN_POINT ( 'NONE',  ( -3.057794340530367805, 0.6149303048045136055, -9.719499999999998252 ) ) ;
#3699 = CARTESIAN_POINT ( 'NONE',  ( 0.000000000000000000, 0.000000000000000000, -7.000000000000000000 ) ) ;
#3700 = AXIS2_PLACEMENT_3D ( 'NONE', #738, #991, #679 ) ;
#3701 = FACE_OUTER_BOUND ( 'NONE', #3019, .T. ) ;
#3702 = EDGE_CURVE ( 'NONE', #884, #793, #217, .T. ) ;
#3703 = CARTESIAN_POINT ( 'NONE',  ( 4.119919448518960969, 1.043438420658610699, -9.719499999999998252 ) ) ;
#3704 = AXIS2_PLACEMENT_3D ( 'NONE', #2676, #349, #3260 ) ;
#3705 = CARTESIAN_POINT ( 'NONE',  ( 0.9311881956577059416, 2.976765703412574737, -4.000000000000000000 ) ) ;
#3706 = ORIENTED_EDGE ( 'NONE', *, *, #1202, .F. ) ;
#3707 = ORIENTED_EDGE ( 'NONE', *, *, #752, .T. ) ;
#3708 = CARTESIAN_POINT ( 'NONE',  ( 0.9311881956577038322, 2.976765703412579622, -9.719499999999998252 ) ) ;
#3709 = CARTESIAN_POINT ( 'NONE',  ( -2.543319442294885047, 1.805483792004364929, -4.000000000000000000 ) ) ;
#3710 = ORIENTED_EDGE ( 'NONE', *, *, #116, .F. ) ;
#3711 = EDGE_CURVE ( 'NONE', #1023, #1349, #1561, .T. ) ;
#3712 = APPLICATION_CONTEXT ( 'automotive_design' ) ;
#3713 = CARTESIAN_POINT ( 'NONE',  ( 1.840249104221085119, 3.032044226566794620, -1.000000000000000000 ) ) ;
#3714 = ORIENTED_EDGE ( 'NONE', *, *, #1047, .F. ) ;
#3715 = ADVANCED_FACE ( 'NONE', ( #2133 ), #398, .F. ) ;
#3716 = ORIENTED_EDGE ( 'NONE', *, *, #2469, .F. ) ;
#3717 = CARTESIAN_POINT ( 'NONE',  ( -3.000000000000000444, 0.000000000000000000, 6.000000000000000000 ) ) ;
#3718 = CARTESIAN_POINT ( 'NONE',  ( 2.896159312914940109, 1.536282556425474954, -7.000000000000000000 ) ) ;
#3719 = FACE_OUTER_BOUND ( 'NONE', #2311, .T. ) ;
#3720 = AXIS2_PLACEMENT_3D ( 'NONE', #445, #1629, #3042 ) ;
#3721 = DIRECTION ( 'NONE',  ( 0.000000000000000000, 0.000000000000000000, 1.000000000000000000 ) ) ;
#3722 = CARTESIAN_POINT ( 'NONE',  ( 4.119919448519300254, -1.043438420659143162, -1.000000000000000000 ) ) ;
#3723 = CIRCLE ( 'NONE', #2050, 1.973045005896731041 ) ;
#3724 = ORIENTED_EDGE ( 'NONE', *, *, #2705, .T. ) ;
#3725 = ORIENTED_EDGE ( 'NONE', *, *, #766, .T. ) ;
#3726 = CARTESIAN_POINT ( 'NONE',  ( 0.000000000000000000, 0.000000000000000000, 6.000000000000000000 ) ) ;
#3727 = DIRECTION ( 'NONE',  ( -1.000000000000000000, 0.000000000000000000, 0.000000000000000000 ) ) ;
#3728 = EDGE_LOOP ( 'NONE', ( #122, #1935, #3189, #4 ) ) ;
#3729 = AXIS2_PLACEMENT_3D ( 'NONE', #3302, #2377, #3560 ) ;
#3730 = EDGE_CURVE ( 'NONE', #2284, #44, #666, .T. ) ;
#3731 = CARTESIAN_POINT ( 'NONE',  ( 4.188138338522024995, -0.7224937767099589569, -7.000000000000000000 ) ) ;
#3732 = ORIENTED_EDGE ( 'NONE', *, *, #1612, .F. ) ;
#3733 = ORIENTED_EDGE ( 'NONE', *, *, #903, .T. ) ;
#3734 = CARTESIAN_POINT ( 'NONE',  ( 2.896159312914922790, -1.536282556425517809, -9.719499999999998252 ) ) ;
#3735 = EDGE_CURVE ( 'NONE', #2609, #172, #1515, .T. ) ;
#3736 = EDGE_CURVE ( 'NONE', #1441, #1941, #3016, .T. ) ;
#3737 = LINE ( 'NONE', #1989, #3552 ) ;
#3738 = CARTESIAN_POINT ( 'NONE',  ( 0.7962284048838053074, -3.180239485670429911, -9.719499999999998252 ) ) ;
#3739 = CARTESIAN_POINT ( 'NONE',  ( -1.687256277579660013, 2.853896419658324746, -9.719499999999998252 ) ) ;
#3740 = PLANE ( 'NONE',  #3242 ) ;
#3741 = ORIENTED_EDGE ( 'NONE', *, *, #3742, .T. ) ;
#3742 = EDGE_CURVE ( 'NONE', #283, #43, #2129, .T. ) ;
#3743 = AXIS2_PLACEMENT_3D ( 'NONE', #336, #1521, #1305 ) ;
#3744 = ORIENTED_EDGE ( 'NONE', *, *, #197, .T. ) ;
#3745 = DIRECTION ( 'NONE',  ( 1.000000000000000000, 0.000000000000000000, 0.000000000000000000 ) ) ;
#3746 = CARTESIAN_POINT ( 'NONE',  ( -0.5661290900509130530, 3.229148604873957051, -1.000000000000000000 ) ) ;
#3747 = ORIENTED_EDGE ( 'NONE', *, *, #207, .F. ) ;
#3748 = AXIS2_PLACEMENT_3D ( 'NONE', #2955, #1502, #317 ) ;
#3749 = AXIS2_PLACEMENT_3D ( 'NONE', #2031, #583, #1760 ) ;
#3750 = AXIS2_PLACEMENT_3D ( 'NONE', #2852, #2282, #1993 ) ;
#3751 = EDGE_CURVE ( 'NONE', #2284, #424, #3324, .T. ) ;
#3752 = FACE_BOUND ( 'NONE', #870, .T. ) ;
#3753 = AXIS2_PLACEMENT_3D ( 'NONE', #2382, #3509, #847 ) ;
#3754 = AXIS2_PLACEMENT_3D ( 'NONE', #97, #1277, #3638 ) ;
#3755 = ORIENTED_EDGE ( 'NONE', *, *, #790, .F. ) ;
#3756 = VERTEX_POINT ( 'NONE', #2158 ) ;
#3757 = CIRCLE ( 'NONE', #2867, 0.1963495408493613481 ) ;
#3758 = EDGE_CURVE ( 'NONE', #3650, #3195, #683, .T. ) ;
#3759 = ORIENTED_EDGE ( 'NONE', *, *, #2680, .T. ) ;
#3760 = DIRECTION ( 'NONE',  ( 1.000000000000000000, 0.000000000000000000, 0.000000000000000000 ) ) ;
#3761 = CARTESIAN_POINT ( 'NONE',  ( -3.235607650385385003, -0.7227735835918119855, -1.000000000000000000 ) ) ;
#3762 = VECTOR ( 'NONE', #763, 1000.000000000000000 ) ;
#3763 = DIRECTION ( 'NONE',  ( 0.000000000000000000, 0.000000000000000000, 1.000000000000000000 ) ) ;
#3764 = EDGE_CURVE ( 'NONE', #527, #1860, #2069, .T. ) ;
#3765 = DIRECTION ( 'NONE',  ( -0.000000000000000000, -0.000000000000000000, 1.000000000000000000 ) ) ;
#3766 = CARTESIAN_POINT ( 'NONE',  ( -0.1307321084423206103, 3.122264261048739886, -7.000000000000000000 ) ) ;
#3767 = VERTEX_POINT ( 'NONE', #1228 ) ;
#3768 = AXIS2_PLACEMENT_3D ( 'NONE', #640, #966, #3609 ) ;
#3769 = ORIENTED_EDGE ( 'NONE', *, *, #1321, .F. ) ;
#3770 = EDGE_CURVE ( 'NONE', #2937, #1508, #941, .T. ) ;
#3771 = CYLINDRICAL_SURFACE ( 'NONE', #2205, 1.899999999999999911 ) ;
#3772 = DIRECTION ( 'NONE',  ( 0.000000000000000000, 0.000000000000000000, 1.000000000000000000 ) ) ;
#3773 = ORIENTED_EDGE ( 'NONE', *, *, #1945, .T. ) ;
#3774 = DIRECTION ( 'NONE',  ( 0.000000000000000000, 0.000000000000000000, 1.000000000000000000 ) ) ;
#3775 = ORIENTED_EDGE ( 'NONE', *, *, #2434, .T. ) ;
#3776 = ORIENTED_EDGE ( 'NONE', *, *, #925, .T. ) ;
#3777 = ORIENTED_EDGE ( 'NONE', *, *, #2884, .T. ) ;
#3778 = CARTESIAN_POINT ( 'NONE',  ( -2.543319442294882826, 1.805483792004361820, -9.719499999999998252 ) ) ;
#3779 = DIRECTION ( 'NONE',  ( 0.000000000000000000, 0.000000000000000000, -1.000000000000000000 ) ) ;
#3780 = LINE ( 'NONE', #3259, #300 ) ;
#3781 = CYLINDRICAL_SURFACE ( 'NONE', #2276, 1.973045005896730153 ) ;
#3782 = SHAPE_DEFINITION_REPRESENTATION ( #2124, #2144 ) ;
#3783 = CYLINDRICAL_SURFACE ( 'NONE', #1706, 1.973045005896730153 ) ;
#3784 = ORIENTED_EDGE ( 'NONE', *, *, #713, .F. ) ;
#3785 = VECTOR ( 'NONE', #2658, 1000.000000000000000 ) ;
#3786 = ORIENTED_EDGE ( 'NONE', *, *, #2566, .F. ) ;
#3787 = CARTESIAN_POINT ( 'NONE',  ( 0.000000000000000000, 0.000000000000000000, 11.00000000000000000 ) ) ;
#3788 = DIRECTION ( 'NONE',  ( 0.000000000000000000, 0.000000000000000000, -1.000000000000000000 ) ) ;
#3789 = EDGE_CURVE ( 'NONE', #2253, #3184, #926, .T. ) ;
#3790 = ADVANCED_FACE ( 'NONE', ( #1824 ), #3645, .F. ) ;
#3791 = VERTEX_POINT ( 'NONE', #2214 ) ;
#3792 = VECTOR ( 'NONE', #1233, 1000.000000000000000 ) ;
#3793 = CARTESIAN_POINT ( 'NONE',  ( 3.079589269441434851, 1.124292128631310117, -7.000000000000000000 ) ) ;
#3794 = ORIENTED_EDGE ( 'NONE', *, *, #3477, .T. ) ;
#3795 = VECTOR ( 'NONE', #1694, 1000.000000000000000 ) ;
#3796 = ORIENTED_EDGE ( 'NONE', *, *, #1772, .T. ) ;
#3797 = VERTEX_POINT ( 'NONE', #1014 ) ;
#3798 = PLANE ( 'NONE',  #3593 ) ;
#3799 = EDGE_LOOP ( 'NONE', ( #3442, #2222, #2693, #3070 ) ) ;
#3800 = CARTESIAN_POINT ( 'NONE',  ( 2.356053982267043878, 2.279673768679314261, -1.000000000000000000 ) ) ;
#3801 = DIRECTION ( 'NONE',  ( 1.000000000000000000, 0.000000000000000000, 0.000000000000000000 ) ) ;
#3802 = DIRECTION ( 'NONE',  ( 1.000000000000000000, 0.000000000000000000, 0.000000000000000000 ) ) ;
#3803 = FACE_OUTER_BOUND ( 'NONE', #1810, .T. ) ;
#3804 = ORIENTED_EDGE ( 'NONE', *, *, #2206, .F. ) ;
#3805 = ORIENTED_EDGE ( 'NONE', *, *, #271, .T. ) ;
#3806 = LINE ( 'NONE', #2376, #2568 ) ;
#3807 = LINE ( 'NONE', #2359, #3469 ) ;
#3808 = ORIENTED_EDGE ( 'NONE', *, *, #2679, .F. ) ;
#3809 = DIRECTION ( 'NONE',  ( 0.000000000000000000, 0.000000000000000000, 1.000000000000000000 ) ) ;
#3810 = EDGE_LOOP ( 'NONE', ( #2834, #528, #1916, #2378 ) ) ;
#3811 = ORIENTED_EDGE ( 'NONE', *, *, #1130, .T. ) ;
#3812 = AXIS2_PLACEMENT_3D ( 'NONE', #3493, #2065, #3535 ) ;
#3813 = VERTEX_POINT ( 'NONE', #546 ) ;
#3814 = CIRCLE ( 'NONE', #2016, 0.1963495408492188232 ) ;
#3815 = CARTESIAN_POINT ( 'NONE',  ( -0.5661290900510469459, 3.229148604873909978, -7.000000000000000000 ) ) ;
#3816 = VERTEX_POINT ( 'NONE', #2191 ) ;
#3817 = LINE ( 'NONE', #1165, #1886 ) ;
#3818 = AXIS2_PLACEMENT_3D ( 'NONE', #2691, #1194, #1504 ) ;
#3819 = DIRECTION ( 'NONE',  ( 0.000000000000000000, 0.000000000000000000, 1.000000000000000000 ) ) ;
#3820 = CARTESIAN_POINT ( 'NONE',  ( 2.863122998320095203, 1.237243793775572032, -7.000000000000000000 ) ) ;
#3821 = AXIS2_PLACEMENT_3D ( 'NONE', #1957, #1977, #529 ) ;
#3822 = EDGE_CURVE ( 'NONE', #574, #770, #1744, .T. ) ;
#3823 = DIRECTION ( 'NONE',  ( 0.000000000000000000, 0.000000000000000000, -1.000000000000000000 ) ) ;
#3824 = ADVANCED_FACE ( 'NONE', ( #3404 ), #3200, .T. ) ;
#3825 = ORIENTED_EDGE ( 'NONE', *, *, #3129, .T. ) ;
#3826 = DIRECTION ( 'NONE',  ( 0.000000000000000000, 0.000000000000000000, 1.000000000000000000 ) ) ;
#3827 = DIRECTION ( 'NONE',  ( 0.9945218953682685159, -0.1045284632676996284, 0.000000000000000000 ) ) ;
#3828 = ORIENTED_EDGE ( 'NONE', *, *, #116, .T. ) ;
#3829 = AXIS2_PLACEMENT_3D ( 'NONE', #2617, #3518, #14 ) ;
#3830 = DIRECTION ( 'NONE',  ( 0.000000000000000000, 0.000000000000000000, 1.000000000000000000 ) ) ;
#3831 = CIRCLE ( 'NONE', #1844, 0.1963495408492193228 ) ;
#3832 = EDGE_CURVE ( 'NONE', #2141, #2589, #1024, .T. ) ;
#3833 = VERTEX_POINT ( 'NONE', #726 ) ;
#3834 = CARTESIAN_POINT ( 'NONE',  ( 2.914394700463149857, -2.021413487477474735, -7.000000000000000000 ) ) ;
#3835 = ORIENTED_EDGE ( 'NONE', *, *, #3736, .F. ) ;
#3836 = CIRCLE ( 'NONE', #2521, 0.1963495408493615701 ) ;
#3837 = CARTESIAN_POINT ( 'NONE',  ( 0.000000000000000000, 0.000000000000000000, -1.000000000000000000 ) ) ;
#3838 = CYLINDRICAL_SURFACE ( 'NONE', #3125, 1.973045005896730153 ) ;
#3839 = DIRECTION ( 'NONE',  ( -1.000000000000000000, 0.000000000000000000, 0.000000000000000000 ) ) ;
ENDSEC;
END-ISO-10303-21;
