ISO-10303-21;
HEADER;
FILE_DESCRIPTION (( 'STEP AP214' ),
    '1' );
FILE_NAME ('7.5OD_motor_gear.STEP',
    '2025-03-22T20:31:41',
    ( '' ),
    ( '' ),
    'SwSTEP 2.0',
    'SolidWorks 2023',
    '' );
FILE_SCHEMA (( 'AUTOMOTIVE_DESIGN' ));
ENDSEC;

DATA;
#1 = DIRECTION ( 'NONE',  ( 0.000000000000000000, 0.000000000000000000, 1.000000000000000000 ) ) ;
#2 = ORIENTED_EDGE ( 'NONE', *, *, #3890, .F. ) ;
#3 = CARTESIAN_POINT ( 'NONE',  ( -0.1176199352020340094, 3.276288816603964982, -7.000000000000000000 ) ) ;
#4 = EDGE_CURVE ( 'NONE', #170, #464, #2971, .T. ) ;
#5 = AXIS2_PLACEMENT_3D ( 'NONE', #114, #1163, #3260 ) ;
#6 = CIRCLE ( 'NONE', #4278, 3.000000000000000444 ) ;
#7 = CARTESIAN_POINT ( 'NONE',  ( -2.915754113988135110, 2.832839718661555040, -6.904494549001370274 ) ) ;
#8 = CARTESIAN_POINT ( 'NONE',  ( 0.000000000000000000, 0.000000000000000000, -6.719500000000000028 ) ) ;
#9 = DIRECTION ( 'NONE',  ( 0.000000000000000000, 0.000000000000000000, 1.000000000000000000 ) ) ;
#10 = CARTESIAN_POINT ( 'NONE',  ( -3.815893680590305426, -1.401983855200019891, -6.904494501691059938 ) ) ;
#11 = ORIENTED_EDGE ( 'NONE', *, *, #2976, .F. ) ;
#12 = ORIENTED_EDGE ( 'NONE', *, *, #3439, .F. ) ;
#13 = DIRECTION ( 'NONE',  ( 1.000000000000000000, 0.000000000000000000, 0.000000000000000000 ) ) ;
#14 = CIRCLE ( 'NONE', #3920, 1.100000000000000089 ) ;
#15 = CYLINDRICAL_SURFACE ( 'NONE', #2724, 1.973045005896730153 ) ;
#16 = EDGE_CURVE ( 'NONE', #332, #2753, #1559, .T. ) ;
#17 = VERTEX_POINT ( 'NONE', #1978 ) ;
#18 = AXIS2_PLACEMENT_3D ( 'NONE', #3053, #2276, #1336 ) ;
#19 = DIRECTION ( 'NONE',  ( 1.000000000000000000, 0.000000000000000000, 0.000000000000000000 ) ) ;
#20 = VERTEX_POINT ( 'NONE', #3709 ) ;
#21 = DIRECTION ( 'NONE',  ( 0.000000000000000000, 0.000000000000000000, 1.000000000000000000 ) ) ;
#22 = DIRECTION ( 'NONE',  ( 0.9781476007338070211, 0.2079116908177530143, 0.000000000000000000 ) ) ;
#23 = ORIENTED_EDGE ( 'NONE', *, *, #49, .F. ) ;
#24 = CYLINDRICAL_SURFACE ( 'NONE', #2668, 4.250000000000000000 ) ;
#25 = DIRECTION ( 'NONE',  ( 0.000000000000000000, 0.000000000000000000, -1.000000000000000000 ) ) ;
#26 = VECTOR ( 'NONE', #1547, 1000.000000000000227 ) ;
#27 =( GEOMETRIC_REPRESENTATION_CONTEXT ( 3 ) GLOBAL_UNCERTAINTY_ASSIGNED_CONTEXT ( ( #2659 ) ) GLOBAL_UNIT_ASSIGNED_CONTEXT ( ( #2652, #1648, #4304 ) ) REPRESENTATION_CONTEXT ( 'NONE', 'WORKASPACE' ) );
#28 = DIRECTION ( 'NONE',  ( 1.000000000000000000, 0.000000000000000000, 0.000000000000000000 ) ) ;
#29 = EDGE_LOOP ( 'NONE', ( #1508, #1059, #93, #3163 ) ) ;
#30 = DIRECTION ( 'NONE',  ( 1.000000000000000000, 0.000000000000000000, 0.000000000000000000 ) ) ;
#31 = DIRECTION ( 'NONE',  ( 1.000000000000000000, 0.000000000000000000, 0.000000000000000000 ) ) ;
#32 = LINE ( 'NONE', #1408, #1070 ) ;
#33 = LINE ( 'NONE', #3443, #3618 ) ;
#34 = EDGE_CURVE ( 'NONE', #385, #4065, #3825, .T. ) ;
#35 = DIRECTION ( 'NONE',  ( 1.000000000000000000, 0.000000000000000000, 0.000000000000000000 ) ) ;
#36 = ORIENTED_EDGE ( 'NONE', *, *, #901, .T. ) ;
#37 = EDGE_LOOP ( 'NONE', ( #3680, #2343, #1949, #849 ) ) ;
#38 = DIRECTION ( 'NONE',  ( 1.000000000000000000, 2.208718528794109349E-15, 0.000000000000000000 ) ) ;
#39 = CARTESIAN_POINT ( 'NONE',  ( 0.000000000000000000, 0.000000000000000000, -7.000000000000000000 ) ) ;
#40 = VERTEX_POINT ( 'NONE', #3685 ) ;
#41 = CARTESIAN_POINT ( 'NONE',  ( 3.270635594739164542, 0.2254898343303584907, -7.000000000000000000 ) ) ;
#42 = ORIENTED_EDGE ( 'NONE', *, *, #4303, .T. ) ;
#43 = CARTESIAN_POINT ( 'NONE',  ( 0.000000000000000000, 0.000000000000000000, -6.719500000000000028 ) ) ;
#44 = PLANE ( 'NONE',  #4139 ) ;
#45 = VERTEX_POINT ( 'NONE', #590 ) ;
#46 = FACE_OUTER_BOUND ( 'NONE', #445, .T. ) ;
#47 = ADVANCED_FACE ( 'NONE', ( #2605 ), #2561, .T. ) ;
#48 = AXIS2_PLACEMENT_3D ( 'NONE', #3907, #2532, #477 ) ;
#49 = EDGE_CURVE ( 'NONE', #2198, #1765, #2401, .T. ) ;
#50 = CARTESIAN_POINT ( 'NONE',  ( 2.266443087373360310, 3.445366983937885319, -6.845788618116630531 ) ) ;
#51 = ORIENTED_EDGE ( 'NONE', *, *, #3110, .F. ) ;
#52 = LINE ( 'NONE', #3557, #869 ) ;
#53 = LINE ( 'NONE', #4103, #3582 ) ;
#54 = DIRECTION ( 'NONE',  ( 0.000000000000000000, 0.000000000000000000, 1.000000000000000000 ) ) ;
#55 = CARTESIAN_POINT ( 'NONE',  ( -3.741981868893925256, -1.324576137060133885, -7.000000000000000000 ) ) ;
#56 = ORIENTED_EDGE ( 'NONE', *, *, #3528, .T. ) ;
#57 = ORIENTED_EDGE ( 'NONE', *, *, #3688, .F. ) ;
#58 = CIRCLE ( 'NONE', #2146, 4.250000000000000000 ) ;
#59 = DIRECTION ( 'NONE',  ( 0.000000000000000000, 0.000000000000000000, -1.000000000000000000 ) ) ;
#60 = ORIENTED_EDGE ( 'NONE', *, *, #1126, .T. ) ;
#61 = DIRECTION ( 'NONE',  ( -0.1045284632676570652, -0.9945218953682730678, 0.000000000000000000 ) ) ;
#62 = EDGE_LOOP ( 'NONE', ( #1476, #819, #4411, #2463, #1613 ) ) ;
#63 = DIRECTION ( 'NONE',  ( 1.000000000000000000, 4.417437057588218697E-15, 0.000000000000000000 ) ) ;
#64 = VECTOR ( 'NONE', #1257, 1000.000000000000000 ) ;
#65 = DIRECTION ( 'NONE',  ( 0.000000000000000000, 0.000000000000000000, -1.000000000000000000 ) ) ;
#66 = ORIENTED_EDGE ( 'NONE', *, *, #4011, .F. ) ;
#67 = MANIFOLD_SOLID_BREP ( 'Cut-Extrude4', #1155 ) ;
#68 = CIRCLE ( 'NONE', #3242, 1.973045005896729709 ) ;
#69 = DIRECTION ( 'NONE',  ( -1.000000000000000000, 0.000000000000000000, -0.000000000000000000 ) ) ;
#70 = CIRCLE ( 'NONE', #139, 3.969500000000000028 ) ;
#71 = EDGE_CURVE ( 'NONE', #3550, #1667, #3051, .T. ) ;
#72 = LINE ( 'NONE', #1493, #1137 ) ;
#73 = EDGE_CURVE ( 'NONE', #2296, #3262, #2890, .T. ) ;
#74 = ORIENTED_EDGE ( 'NONE', *, *, #3471, .T. ) ;
#75 = CARTESIAN_POINT ( 'NONE',  ( -1.519522694709715127, 3.667148896658295243, -7.000000000000000000 ) ) ;
#76 = DIRECTION ( 'NONE',  ( 0.000000000000000000, 0.000000000000000000, -1.000000000000000000 ) ) ;
#77 = DIRECTION ( 'NONE',  ( 0.000000000000000000, 0.000000000000000000, 1.000000000000000000 ) ) ;
#78 = DIRECTION ( 'NONE',  ( 0.000000000000000000, 0.000000000000000000, 1.000000000000000000 ) ) ;
#79 = EDGE_LOOP ( 'NONE', ( #1641, #1292, #2090, #2717 ) ) ;
#80 = ORIENTED_EDGE ( 'NONE', *, *, #71, .T. ) ;
#81 = CIRCLE ( 'NONE', #3547, 0.1963495408493620142 ) ;
#82 = VECTOR ( 'NONE', #2883, 1000.000000000000000 ) ;
#83 = DIRECTION ( 'NONE',  ( 1.000000000000000000, 4.417437057588218697E-15, 0.000000000000000000 ) ) ;
#84 = EDGE_LOOP ( 'NONE', ( #2, #1276, #3942, #3846 ) ) ;
#85 = EDGE_CURVE ( 'NONE', #3188, #3922, #195, .T. ) ;
#86 = DIRECTION ( 'NONE',  ( 0.000000000000000000, 0.000000000000000000, 1.000000000000000000 ) ) ;
#87 = VERTEX_POINT ( 'NONE', #175 ) ;
#88 = CARTESIAN_POINT ( 'NONE',  ( 3.911188230778655406, 1.108697272281498059, -6.904494537596300496 ) ) ;
#89 = DIRECTION ( 'NONE',  ( 0.000000000000000000, 0.000000000000000000, 1.000000000000000000 ) ) ;
#90 = ORIENTED_EDGE ( 'NONE', *, *, #606, .T. ) ;
#91 = EDGE_CURVE ( 'NONE', #40, #2250, #969, .T. ) ;
#92 = CYLINDRICAL_SURFACE ( 'NONE', #1525, 0.1963495408493620142 ) ;
#93 = ORIENTED_EDGE ( 'NONE', *, *, #3302, .T. ) ;
#94 = LINE ( 'NONE', #4201, #437 ) ;
#95 = VECTOR ( 'NONE', #2957, 1000.000000000000000 ) ;
#96 = DIRECTION ( 'NONE',  ( 0.000000000000000000, 0.000000000000000000, 1.000000000000000000 ) ) ;
#97 = DIRECTION ( 'NONE',  ( 1.000000000000000000, 0.000000000000000000, 0.000000000000000000 ) ) ;
#98 = DIRECTION ( 'NONE',  ( 0.000000000000000000, 0.000000000000000000, 1.000000000000000000 ) ) ;
#99 = ORIENTED_EDGE ( 'NONE', *, *, #1182, .T. ) ;
#100 = EDGE_CURVE ( 'NONE', #45, #3792, #1188, .T. ) ;
#101 = DIRECTION ( 'NONE',  ( 0.000000000000000000, 0.000000000000000000, -1.000000000000000000 ) ) ;
#102 = ORIENTED_EDGE ( 'NONE', *, *, #1017, .T. ) ;
#103 = CARTESIAN_POINT ( 'NONE',  ( 2.265494034368315202, -3.595836033559035361, -6.719500000000000028 ) ) ;
#104 = DIRECTION ( 'NONE',  ( 0.1045284632676570097, 0.9945218953682730678, 0.000000000000000000 ) ) ;
#105 = ORIENTED_EDGE ( 'NONE', *, *, #3371, .F. ) ;
#106 = AXIS2_PLACEMENT_3D ( 'NONE', #1264, #2007, #3347 ) ;
#107 = DIRECTION ( 'NONE',  ( 1.000000000000000000, 0.000000000000000000, 0.000000000000000000 ) ) ;
#108 = DIRECTION ( 'NONE',  ( 1.000000000000000000, -5.330218541228675640E-15, 0.000000000000000000 ) ) ;
#109 = ORIENTED_EDGE ( 'NONE', *, *, #783, .F. ) ;
#110 = VECTOR ( 'NONE', #2298, 1000.000000000000000 ) ;
#111 = ADVANCED_FACE ( 'NONE', ( #2951 ), #4009, .T. ) ;
#112 = CARTESIAN_POINT ( 'NONE',  ( -1.627918660403679940, 2.888155008907944854, -7.000000000000000000 ) ) ;
#113 = ORIENTED_EDGE ( 'NONE', *, *, #1644, .F. ) ;
#114 = CARTESIAN_POINT ( 'NONE',  ( 0.000000000000000000, 0.000000000000000000, -6.719500000000000028 ) ) ;
#115 = AXIS2_PLACEMENT_3D ( 'NONE', #2000, #636, #1008 ) ;
#116 = LINE ( 'NONE', #2563, #3151 ) ;
#117 = CIRCLE ( 'NONE', #840, 0.1963495408493620142 ) ;
#118 = DIRECTION ( 'NONE',  ( 0.000000000000000000, 0.000000000000000000, -1.000000000000000000 ) ) ;
#119 = EDGE_LOOP ( 'NONE', ( #248, #3157, #485, #780 ) ) ;
#120 = CIRCLE ( 'NONE', #3142, 0.1963495408493620142 ) ;
#121 = DIRECTION ( 'NONE',  ( 0.000000000000000000, 0.000000000000000000, 1.000000000000000000 ) ) ;
#122 = DIRECTION ( 'NONE',  ( 0.000000000000000000, 0.000000000000000000, -1.000000000000000000 ) ) ;
#123 = EDGE_CURVE ( 'NONE', #4091, #2278, #2184, .T. ) ;
#124 = EDGE_LOOP ( 'NONE', ( #2429, #1033, #2136, #4108, #2018 ) ) ;
#125 = DIRECTION ( 'NONE',  ( 1.000000000000000000, 0.000000000000000000, 0.000000000000000000 ) ) ;
#126 = EDGE_CURVE ( 'NONE', #143, #2484, #120, .T. ) ;
#127 = EDGE_LOOP ( 'NONE', ( #1797, #3712, #3749, #3462 ) ) ;
#128 = CARTESIAN_POINT ( 'NONE',  ( -0.1307321084423206103, 3.122264261048739886, -7.000000000000000000 ) ) ;
#129 = DIRECTION ( 'NONE',  ( -1.000000000000000000, 0.000000000000000000, 0.000000000000000000 ) ) ;
#130 = LINE ( 'NONE', #3959, #268 ) ;
#131 = VERTEX_POINT ( 'NONE', #1761 ) ;
#132 = VERTEX_POINT ( 'NONE', #4189 ) ;
#133 = AXIS2_PLACEMENT_3D ( 'NONE', #4121, #4463, #637 ) ;
#134 = CARTESIAN_POINT ( 'NONE',  ( -3.039258109536020047, -0.7227735835918119855, -7.000000000000000000 ) ) ;
#135 = AXIS2_PLACEMENT_3D ( 'NONE', #443, #3957, #3545 ) ;
#136 = ORIENTED_EDGE ( 'NONE', *, *, #2316, .F. ) ;
#137 = CARTESIAN_POINT ( 'NONE',  ( -1.169637804266636216, -3.348396088319579800, -7.000000000000000000 ) ) ;
#138 = AXIS2_PLACEMENT_3D ( 'NONE', #1992, #3032, #3406 ) ;
#139 = AXIS2_PLACEMENT_3D ( 'NONE', #3424, #978, #2689 ) ;
#140 = DIRECTION ( 'NONE',  ( 1.000000000000000000, 0.000000000000000000, 0.000000000000000000 ) ) ;
#141 = CARTESIAN_POINT ( 'NONE',  ( 2.248760605675649948, 3.271086362106830236, -7.000000000000000000 ) ) ;
#142 = CARTESIAN_POINT ( 'NONE',  ( 1.940985383844630041, -2.449122442774455344, -7.000000000000000000 ) ) ;
#143 = VERTEX_POINT ( 'NONE', #3451 ) ;
#144 = CARTESIAN_POINT ( 'NONE',  ( -3.235607650385375234, 0.7227735835918559504, -7.000000000000000000 ) ) ;
#145 = CARTESIAN_POINT ( 'NONE',  ( -0.3600769430757399525, -3.098159147592459917, -7.000000000000000000 ) ) ;
#146 = VERTEX_POINT ( 'NONE', #2816 ) ;
#147 = PLANE ( 'NONE',  #3281 ) ;
#148 = ORIENTED_EDGE ( 'NONE', *, *, #176, .T. ) ;
#149 = DIRECTION ( 'NONE',  ( 0.000000000000000000, 0.000000000000000000, 1.000000000000000000 ) ) ;
#150 = CONICAL_SURFACE ( 'NONE', #4420, 4.250000000000000000, 0.7853981633974391752 ) ;
#151 = EDGE_CURVE ( 'NONE', #2535, #3437, #889, .T. ) ;
#152 = CARTESIAN_POINT ( 'NONE',  ( 0.000000000000000000, 0.000000000000000000, -7.000000000000000000 ) ) ;
#153 = ORIENTED_EDGE ( 'NONE', *, *, #768, .T. ) ;
#154 = CIRCLE ( 'NONE', #3403, 1.973045005896729931 ) ;
#155 = ORIENTED_EDGE ( 'NONE', *, *, #321, .T. ) ;
#156 = ADVANCED_FACE ( 'NONE', ( #1740 ), #3817, .F. ) ;
#157 = AXIS2_PLACEMENT_3D ( 'NONE', #1855, #2867, #97 ) ;
#158 = CARTESIAN_POINT ( 'NONE',  ( -2.465546629779824972, 1.976326718222530143, -7.000000000000000000 ) ) ;
#159 = VERTEX_POINT ( 'NONE', #41 ) ;
#160 = FACE_OUTER_BOUND ( 'NONE', #1146, .T. ) ;
#161 = LINE ( 'NONE', #2845, #4247 ) ;
#162 = CARTESIAN_POINT ( 'NONE',  ( 2.356053982267019897, 2.279673768679295165, -4.000000000000000000 ) ) ;
#163 = ORIENTED_EDGE ( 'NONE', *, *, #2015, .T. ) ;
#164 = EDGE_CURVE ( 'NONE', #3506, #2954, #1868, .T. ) ;
#165 = VECTOR ( 'NONE', #4057, 1000.000000000000000 ) ;
#166 = LINE ( 'NONE', #1899, #2012 ) ;
#167 = CARTESIAN_POINT ( 'NONE',  ( 2.769326221617629979, -1.447914803522992067, -7.000000000000000000 ) ) ;
#168 = ORIENTED_EDGE ( 'NONE', *, *, #1455, .T. ) ;
#169 = FACE_OUTER_BOUND ( 'NONE', #4141, .T. ) ;
#170 = VERTEX_POINT ( 'NONE', #1127 ) ;
#171 = CARTESIAN_POINT ( 'NONE',  ( 0.000000000000000000, 0.000000000000000000, 6.000000000000000000 ) ) ;
#172 = DIRECTION ( 'NONE',  ( 1.000000000000000000, 0.000000000000000000, 0.000000000000000000 ) ) ;
#173 = VERTEX_POINT ( 'NONE', #1463 ) ;
#174 = CARTESIAN_POINT ( 'NONE',  ( -0.2919351088493389867, 3.105321142968430426, -7.000000000000000000 ) ) ;
#175 = CARTESIAN_POINT ( 'NONE',  ( 2.835254551144285262, 1.299837350964049953, -7.000000000000000000 ) ) ;
#176 = EDGE_CURVE ( 'NONE', #3188, #3790, #3713, .T. ) ;
#177 = EDGE_CURVE ( 'NONE', #3027, #2424, #3696, .T. ) ;
#178 = DIRECTION ( 'NONE',  ( 0.000000000000000000, 0.000000000000000000, -1.000000000000000000 ) ) ;
#179 = CARTESIAN_POINT ( 'NONE',  ( 4.015997136062940065, -1.080806009581658067, -6.811067241942899919 ) ) ;
#180 = ORIENTED_EDGE ( 'NONE', *, *, #1331, .T. ) ;
#181 = ADVANCED_FACE ( 'NONE', ( #3522 ), #441, .T. ) ;
#182 = B_SPLINE_CURVE_WITH_KNOTS ( 'NONE', 3,
 ( #4406, #4066, #2598, #4000 ),
 .UNSPECIFIED., .F., .F.,
 ( 4, 4 ),
 ( 2.593628340772300003E-07, 7.989233312052830018E-05 ),
 .UNSPECIFIED. ) ;
#183 = DIRECTION ( 'NONE',  ( 1.000000000000000000, 0.000000000000000000, -0.000000000000000000 ) ) ;
#184 = DIRECTION ( 'NONE',  ( 1.000000000000000000, 0.000000000000000000, 0.000000000000000000 ) ) ;
#185 = ORIENTED_EDGE ( 'NONE', *, *, #1991, .T. ) ;
#186 = DIRECTION ( 'NONE',  ( 0.000000000000000000, 0.000000000000000000, 1.000000000000000000 ) ) ;
#187 = ORIENTED_EDGE ( 'NONE', *, *, #2729, .T. ) ;
#188 = CARTESIAN_POINT ( 'NONE',  ( -1.687256277579660013, 2.853896419658324746, -7.000000000000000000 ) ) ;
#189 = EDGE_CURVE ( 'NONE', #2954, #773, #2034, .T. ) ;
#190 = CARTESIAN_POINT ( 'NONE',  ( 0.9311881956577049424, 2.976765703412594721, -4.000000000000000000 ) ) ;
#191 = VERTEX_POINT ( 'NONE', #3501 ) ;
#192 = ORIENTED_EDGE ( 'NONE', *, *, #2722, .T. ) ;
#193 = CARTESIAN_POINT ( 'NONE',  ( 2.356053982267039881, -2.279673768679364887, -4.000000000000000000 ) ) ;
#194 = ADVANCED_FACE ( 'NONE', ( #3136 ), #731, .F. ) ;
#195 = LINE ( 'NONE', #3964, #1258 ) ;
#196 = CIRCLE ( 'NONE', #1794, 0.1963495408493620142 ) ;
#197 = EDGE_CURVE ( 'NONE', #2296, #3212, #3801, .T. ) ;
#198 = AXIS2_PLACEMENT_3D ( 'NONE', #2677, #1323, #1694 ) ;
#199 = DIRECTION ( 'NONE',  ( -0.3090169943749451198, 0.9510565162951543083, 0.000000000000000000 ) ) ;
#200 = ORIENTED_EDGE ( 'NONE', *, *, #938, .F. ) ;
#201 = CIRCLE ( 'NONE', #2650, 0.1963495408493620142 ) ;
#202 = AXIS2_PLACEMENT_3D ( 'NONE', #2818, #4460, #3086 ) ;
#203 = DIRECTION ( 'NONE',  ( 0.000000000000000000, 0.000000000000000000, 1.000000000000000000 ) ) ;
#204 = FACE_OUTER_BOUND ( 'NONE', #602, .T. ) ;
#205 = ORIENTED_EDGE ( 'NONE', *, *, #2878, .F. ) ;
#206 = VERTEX_POINT ( 'NONE', #1371 ) ;
#207 = CARTESIAN_POINT ( 'NONE',  ( -1.729456388963985125, -2.602807253461474790, -7.000000000000000000 ) ) ;
#208 = CARTESIAN_POINT ( 'NONE',  ( -0.1176199352020797922, -3.276288816603964982, -4.000000000000000000 ) ) ;
#209 = EDGE_CURVE ( 'NONE', #4280, #1619, #245, .T. ) ;
#210 = VERTEX_POINT ( 'NONE', #2836 ) ;
#211 = EDGE_LOOP ( 'NONE', ( #3111, #678, #163, #3158 ) ) ;
#212 = ORIENTED_EDGE ( 'NONE', *, *, #3926, .F. ) ;
#213 = DIRECTION ( 'NONE',  ( 1.000000000000000000, 0.000000000000000000, 0.000000000000000000 ) ) ;
#214 = AXIS2_PLACEMENT_3D ( 'NONE', #2390, #3783, #2087 ) ;
#215 = EDGE_CURVE ( 'NONE', #4260, #3861, #4236, .T. ) ;
#216 = CIRCLE ( 'NONE', #4282, 1.973045005896729487 ) ;
#217 = B_SPLINE_CURVE_WITH_KNOTS ( 'NONE', 3,
 ( #1517, #2882, #2207, #1538 ),
 .UNSPECIFIED., .F., .F.,
 ( 4, 4 ),
 ( 2.800324624947074595E-07, 0.0004297245652494685771 ),
 .UNSPECIFIED. ) ;
#218 = AXIS2_PLACEMENT_3D ( 'NONE', #4216, #1805, #1083 ) ;
#219 = CARTESIAN_POINT ( 'NONE',  ( -2.430432687826065141, 2.583177482750675047, -7.000000000000000000 ) ) ;
#220 = VERTEX_POINT ( 'NONE', #3887 ) ;
#221 = AXIS2_PLACEMENT_3D ( 'NONE', #3559, #3969, #2549 ) ;
#222 = CARTESIAN_POINT ( 'NONE',  ( -3.207792781939569959, -1.513233103517074962, -7.000000000000000000 ) ) ;
#223 = CARTESIAN_POINT ( 'NONE',  ( 4.188138338523799575, 0.7224937767116600407, -6.719500000000000028 ) ) ;
#224 = ORIENTED_EDGE ( 'NONE', *, *, #3857, .F. ) ;
#225 = VECTOR ( 'NONE', #554, 1000.000000000000000 ) ;
#226 = VERTEX_POINT ( 'NONE', #3477 ) ;
#227 = EDGE_CURVE ( 'NONE', #4354, #3561, #1780, .T. ) ;
#228 = ADVANCED_FACE ( 'NONE', ( #1442 ), #2468, .T. ) ;
#229 = DIRECTION ( 'NONE',  ( 0.000000000000000000, 0.000000000000000000, 1.000000000000000000 ) ) ;
#230 = EDGE_CURVE ( 'NONE', #556, #1796, #3759, .T. ) ;
#231 = CYLINDRICAL_SURFACE ( 'NONE', #3603, 1.973045005896730153 ) ;
#232 = ORIENTED_EDGE ( 'NONE', *, *, #3687, .F. ) ;
#233 = VERTEX_POINT ( 'NONE', #420 ) ;
#234 = EDGE_LOOP ( 'NONE', ( #844, #1388 ) ) ;
#235 = AXIS2_PLACEMENT_3D ( 'NONE', #1932, #1605, #1262 ) ;
#236 = DIRECTION ( 'NONE',  ( 0.000000000000000000, 0.000000000000000000, -1.000000000000000000 ) ) ;
#237 = FACE_OUTER_BOUND ( 'NONE', #2727, .T. ) ;
#238 = CARTESIAN_POINT ( 'NONE',  ( 3.122100419505164925, -2.603668924526355344, -6.904494552283810371 ) ) ;
#239 = ADVANCED_FACE ( 'NONE', ( #2178 ), #1820, .F. ) ;
#240 = DIRECTION ( 'NONE',  ( 1.000000000000000000, 0.000000000000000000, 0.000000000000000000 ) ) ;
#241 = DIRECTION ( 'NONE',  ( 0.000000000000000000, 0.000000000000000000, 1.000000000000000000 ) ) ;
#242 = EDGE_LOOP ( 'NONE', ( #2922, #1093, #1313, #2709 ) ) ;
#243 = AXIS2_PLACEMENT_3D ( 'NONE', #4317, #186, #1568 ) ;
#244 = DIRECTION ( 'NONE',  ( 1.000000000000000000, 0.000000000000000000, 0.000000000000000000 ) ) ;
#245 = CIRCLE ( 'NONE', #4468, 1.973045005896729709 ) ;
#246 = LINE ( 'NONE', #3330, #3037 ) ;
#247 = EDGE_LOOP ( 'NONE', ( #1158, #966, #3182, #57 ) ) ;
#248 = ORIENTED_EDGE ( 'NONE', *, *, #1513, .F. ) ;
#249 = CIRCLE ( 'NONE', #1914, 4.250000000000000000 ) ;
#250 = AXIS2_PLACEMENT_3D ( 'NONE', #3529, #1132, #3232 ) ;
#251 = CARTESIAN_POINT ( 'NONE',  ( 1.708463584719549955, -3.583026992598195015, -7.000000000000000000 ) ) ;
#252 = ADVANCED_FACE ( 'NONE', ( #2853 ), #1798, .T. ) ;
#253 = CARTESIAN_POINT ( 'NONE',  ( -3.488226499123915136, 1.894520029139234785, -7.000000000000000000 ) ) ;
#254 = EDGE_CURVE ( 'NONE', #170, #397, #4330, .T. ) ;
#255 = AXIS2_PLACEMENT_3D ( 'NONE', #2680, #264, #199 ) ;
#256 = ORIENTED_EDGE ( 'NONE', *, *, #2801, .F. ) ;
#257 = VERTEX_POINT ( 'NONE', #2001 ) ;
#258 = ORIENTED_EDGE ( 'NONE', *, *, #2015, .F. ) ;
#259 = DIRECTION ( 'NONE',  ( 0.000000000000000000, 0.000000000000000000, -1.000000000000000000 ) ) ;
#260 = CIRCLE ( 'NONE', #1788, 1.973045005896731041 ) ;
#261 = CARTESIAN_POINT ( 'NONE',  ( -1.169637804266592251, 3.348396088319595343, -7.000000000000000000 ) ) ;
#262 = CARTESIAN_POINT ( 'NONE',  ( 0.2933980814763980094, -3.534646590994565241, -7.000000000000000000 ) ) ;
#263 = CARTESIAN_POINT ( 'NONE',  ( 2.896159312914920125, -1.536282556425515144, -7.000000000000000000 ) ) ;
#264 = DIRECTION ( 'NONE',  ( 0.000000000000000000, 0.000000000000000000, -1.000000000000000000 ) ) ;
#265 = EDGE_CURVE ( 'NONE', #989, #4280, #1579, .T. ) ;
#266 = ORIENTED_EDGE ( 'NONE', *, *, #1675, .T. ) ;
#267 = DIRECTION ( 'NONE',  ( 0.1045284632676436037, -0.9945218953682744001, 0.000000000000000000 ) ) ;
#268 = VECTOR ( 'NONE', #3289, 1000.000000000000000 ) ;
#269 = VECTOR ( 'NONE', #963, 1000.000000000000114 ) ;
#270 = CARTESIAN_POINT ( 'NONE',  ( 3.384815722774949798, -2.073632747825784772, -7.000000000000000000 ) ) ;
#271 = FACE_OUTER_BOUND ( 'NONE', #3701, .T. ) ;
#272 = ORIENTED_EDGE ( 'NONE', *, *, #1955, .T. ) ;
#273 = AXIS2_PLACEMENT_3D ( 'NONE', #43, #2898, #2139 ) ;
#274 = ORIENTED_EDGE ( 'NONE', *, *, #4248, .F. ) ;
#275 = CARTESIAN_POINT ( 'NONE',  ( 0.000000000000000000, 0.000000000000000000, -24.00000000000000000 ) ) ;
#276 = CARTESIAN_POINT ( 'NONE',  ( 0.000000000000000000, 0.000000000000000000, -24.00000000000000000 ) ) ;
#277 = VERTEX_POINT ( 'NONE', #3387 ) ;
#278 = ORIENTED_EDGE ( 'NONE', *, *, #3124, .T. ) ;
#279 = ORIENTED_EDGE ( 'NONE', *, *, #126, .T. ) ;
#280 = CARTESIAN_POINT ( 'NONE',  ( -3.741981868893905272, 1.324576137060185843, -7.000000000000000000 ) ) ;
#281 = EDGE_CURVE ( 'NONE', #3262, #3549, #1649, .T. ) ;
#282 = CYLINDRICAL_SURFACE ( 'NONE', #3532, 1.973045005896730153 ) ;
#283 = FACE_OUTER_BOUND ( 'NONE', #2572, .T. ) ;
#284 = ADVANCED_FACE ( 'NONE', ( #3684 ), #4074, .T. ) ;
#285 = CARTESIAN_POINT ( 'NONE',  ( 2.835254551144270163, -1.299837350964085925, -7.000000000000000000 ) ) ;
#286 = AXIS2_PLACEMENT_3D ( 'NONE', #1557, #875, #1647 ) ;
#287 = CIRCLE ( 'NONE', #3191, 0.1963495408493620142 ) ;
#288 = AXIS2_PLACEMENT_3D ( 'NONE', #2318, #1610, #2956 ) ;
#289 = CARTESIAN_POINT ( 'NONE',  ( -3.043548818098384512, 0.6819502185625729851, -7.000000000000000000 ) ) ;
#290 = ORIENTED_EDGE ( 'NONE', *, *, #3425, .F. ) ;
#291 = CARTESIAN_POINT ( 'NONE',  ( -2.523182748769635442, -1.833199572910584996, -4.000000000000000000 ) ) ;
#292 = CARTESIAN_POINT ( 'NONE',  ( -1.021880978632973891, -3.396405191220809971, -7.000000000000000000 ) ) ;
#293 = FACE_OUTER_BOUND ( 'NONE', #1006, .T. ) ;
#294 = CARTESIAN_POINT ( 'NONE',  ( -1.687256277579660013, 2.853896419658324746, -4.000000000000000000 ) ) ;
#295 = ORIENTED_EDGE ( 'NONE', *, *, #100, .F. ) ;
#296 = ORIENTED_EDGE ( 'NONE', *, *, #3890, .T. ) ;
#297 = DIRECTION ( 'NONE',  ( 1.000000000000000000, 0.000000000000000000, 0.000000000000000000 ) ) ;
#298 = EDGE_CURVE ( 'NONE', #3380, #513, #4030, .T. ) ;
#299 = ORIENTED_EDGE ( 'NONE', *, *, #3763, .F. ) ;
#300 = ORIENTED_EDGE ( 'NONE', *, *, #693, .F. ) ;
#301 = CYLINDRICAL_SURFACE ( 'NONE', #1156, 0.1963495408493620142 ) ;
#302 = CARTESIAN_POINT ( 'NONE',  ( -1.899999999999999911, 0.000000000000000000, 6.000000000000000000 ) ) ;
#303 = CARTESIAN_POINT ( 'NONE',  ( -3.246046332586534966, 0.4594410361108869911, -7.000000000000000000 ) ) ;
#304 = CARTESIAN_POINT ( 'NONE',  ( 0.000000000000000000, 0.000000000000000000, 20.99999999999999645 ) ) ;
#305 = DIRECTION ( 'NONE',  ( 0.000000000000000000, 0.000000000000000000, -1.000000000000000000 ) ) ;
#306 = CARTESIAN_POINT ( 'NONE',  ( -0.3806010588440339459, -3.293433065112659541, -7.000000000000000000 ) ) ;
#307 = ADVANCED_FACE ( 'NONE', ( #3752 ), #282, .T. ) ;
#308 = DIRECTION ( 'NONE',  ( 0.000000000000000000, 0.000000000000000000, -1.000000000000000000 ) ) ;
#309 = ADVANCED_FACE ( 'NONE', ( #237 ), #1623, .T. ) ;
#310 = ORIENTED_EDGE ( 'NONE', *, *, #4438, .T. ) ;
#311 = CARTESIAN_POINT ( 'NONE',  ( 2.265494034368390253, -3.595836033556575106, -7.000000000000000000 ) ) ;
#312 = CARTESIAN_POINT ( 'NONE',  ( -1.589081507155019946, -2.683852729261340109, -7.000000000000000000 ) ) ;
#313 = CARTESIAN_POINT ( 'NONE',  ( -4.152950196178594844, -0.2222150328539894970, -6.811067214548799598 ) ) ;
#314 = CARTESIAN_POINT ( 'NONE',  ( 3.315174937983395242, 0.03425858924962450064, -7.000000000000000000 ) ) ;
#315 = DIRECTION ( 'NONE',  ( 0.000000000000000000, 0.000000000000000000, 1.000000000000000000 ) ) ;
#316 = ORIENTED_EDGE ( 'NONE', *, *, #2306, .T. ) ;
#317 = EDGE_LOOP ( 'NONE', ( #2555, #484, #56, #3060 ) ) ;
#318 = CARTESIAN_POINT ( 'NONE',  ( 3.315174937983395242, 0.03425858924962450064, -4.000000000000000000 ) ) ;
#319 = DIRECTION ( 'NONE',  ( 1.000000000000000000, 0.000000000000000000, 0.000000000000000000 ) ) ;
#320 = ORIENTED_EDGE ( 'NONE', *, *, #1279, .F. ) ;
#321 = EDGE_CURVE ( 'NONE', #480, #2639, #2804, .T. ) ;
#322 = EDGE_LOOP ( 'NONE', ( #1829, #2779, #2462, #2958 ) ) ;
#323 = DIRECTION ( 'NONE',  ( 1.000000000000000000, 0.000000000000000000, 0.000000000000000000 ) ) ;
#324 = VECTOR ( 'NONE', #3120, 1000.000000000000000 ) ;
#325 = AXIS2_PLACEMENT_3D ( 'NONE', #4034, #924, #2314 ) ;
#326 = LINE ( 'NONE', #3410, #3656 ) ;
#327 = ORIENTED_EDGE ( 'NONE', *, *, #1545, .F. ) ;
#328 = CARTESIAN_POINT ( 'NONE',  ( 0.000000000000000000, 0.000000000000000000, -14.00000000000000000 ) ) ;
#329 = CARTESIAN_POINT ( 'NONE',  ( 4.188138338523799575, -0.7224937767116600407, -6.719500000000000028 ) ) ;
#330 = FACE_OUTER_BOUND ( 'NONE', #368, .T. ) ;
#331 = EDGE_CURVE ( 'NONE', #3338, #3203, #1282, .T. ) ;
#332 = VERTEX_POINT ( 'NONE', #2331 ) ;
#333 = DIRECTION ( 'NONE',  ( 1.000000000000000000, 0.000000000000000000, 0.000000000000000000 ) ) ;
#334 = AXIS2_PLACEMENT_3D ( 'NONE', #1771, #2756, #1752 ) ;
#335 = EDGE_CURVE ( 'NONE', #625, #3693, #3705, .T. ) ;
#336 = EDGE_CURVE ( 'NONE', #342, #4195, #2501, .T. ) ;
#337 = FACE_OUTER_BOUND ( 'NONE', #560, .T. ) ;
#338 = CYLINDRICAL_SURFACE ( 'NONE', #543, 1.973045005896730153 ) ;
#339 = FACE_OUTER_BOUND ( 'NONE', #1088, .T. ) ;
#340 = DIRECTION ( 'NONE',  ( 0.000000000000000000, 0.000000000000000000, -1.000000000000000000 ) ) ;
#341 = ORIENTED_EDGE ( 'NONE', *, *, #4350, .F. ) ;
#342 = VERTEX_POINT ( 'NONE', #3729 ) ;
#343 = CARTESIAN_POINT ( 'NONE',  ( -3.207792781939569959, -1.513233103517074962, -4.000000000000000000 ) ) ;
#344 = AXIS2_PLACEMENT_3D ( 'NONE', #1601, #259, #2285 ) ;
#345 = DIRECTION ( 'NONE',  ( 1.000000000000000000, 0.000000000000000000, 0.000000000000000000 ) ) ;
#346 = AXIS2_PLACEMENT_3D ( 'NONE', #2180, #2556, #2838 ) ;
#347 = ORIENTED_EDGE ( 'NONE', *, *, #2950, .F. ) ;
#348 = CARTESIAN_POINT ( 'NONE',  ( -2.661896170629215241, -1.976326718222495504, -4.000000000000000000 ) ) ;
#349 = ORIENTED_EDGE ( 'NONE', *, *, #2683, .T. ) ;
#350 = CARTESIAN_POINT ( 'NONE',  ( -1.627918660403720130, -2.888155008907924870, -7.000000000000000000 ) ) ;
#351 = AXIS2_PLACEMENT_3D ( 'NONE', #2739, #2446, #729 ) ;
#352 = AXIS2_PLACEMENT_3D ( 'NONE', #1077, #3402, #652 ) ;
#353 = ADVANCED_FACE ( 'NONE', ( #2381 ), #2030, .T. ) ;
#354 = CARTESIAN_POINT ( 'NONE',  ( 3.452313666459049468, 0.8132277084701610148, -7.000000000000000000 ) ) ;
#355 = ORIENTED_EDGE ( 'NONE', *, *, #1227, .T. ) ;
#356 = FACE_OUTER_BOUND ( 'NONE', #1843, .T. ) ;
#357 = CARTESIAN_POINT ( 'NONE',  ( 2.020910775106349533, 2.581438067825795102, -7.000000000000000000 ) ) ;
#358 = EDGE_CURVE ( 'NONE', #513, #3741, #4037, .T. ) ;
#359 = FACE_OUTER_BOUND ( 'NONE', #3426, .T. ) ;
#360 = ORIENTED_EDGE ( 'NONE', *, *, #635, .F. ) ;
#361 = CARTESIAN_POINT ( 'NONE',  ( -3.249853172817224856, -0.6557536698337228520, -7.000000000000000000 ) ) ;
#362 = CIRCLE ( 'NONE', #5, 4.250000000000000000 ) ;
#363 = DIRECTION ( 'NONE',  ( 0.000000000000000000, 0.000000000000000000, -1.000000000000000000 ) ) ;
#364 = CARTESIAN_POINT ( 'NONE',  ( 3.014628782297434917, 1.379699904078589778, -7.000000000000000000 ) ) ;
#365 = DIRECTION ( 'NONE',  ( 1.000000000000000000, 0.000000000000000000, 0.000000000000000000 ) ) ;
#366 = CIRCLE ( 'NONE', #157, 4.250000000000000000 ) ;
#367 = CARTESIAN_POINT ( 'NONE',  ( 3.000000000000000444, 3.673940397442060361E-16, 6.000000000000000000 ) ) ;
#368 = EDGE_LOOP ( 'NONE', ( #1210, #3886, #2987, #4135 ) ) ;
#369 = ORIENTED_EDGE ( 'NONE', *, *, #1511, .T. ) ;
#370 = DIRECTION ( 'NONE',  ( 0.000000000000000000, 0.000000000000000000, -1.000000000000000000 ) ) ;
#371 = CIRCLE ( 'NONE', #1600, 0.1963495408493620142 ) ;
#372 = DIRECTION ( 'NONE',  ( 0.000000000000000000, 0.000000000000000000, -1.000000000000000000 ) ) ;
#373 = EDGE_CURVE ( 'NONE', #2902, #464, #3454, .T. ) ;
#374 = VERTEX_POINT ( 'NONE', #4392 ) ;
#375 = ADVANCED_FACE ( 'NONE', ( #2289 ), #3968, .T. ) ;
#376 = CARTESIAN_POINT ( 'NONE',  ( 4.188138338523799575, 0.7224937767116600407, -6.719500000000000028 ) ) ;
#377 = VERTEX_POINT ( 'NONE', #942 ) ;
#378 = CARTESIAN_POINT ( 'NONE',  ( 0.000000000000000000, 0.000000000000000000, 6.000000000000000000 ) ) ;
#379 = DIRECTION ( 'NONE',  ( 1.000000000000000000, -1.758422611539356949E-15, 0.000000000000000000 ) ) ;
#380 = VERTEX_POINT ( 'NONE', #2310 ) ;
#381 = DIRECTION ( 'NONE',  ( 0.000000000000000000, 0.000000000000000000, -1.000000000000000000 ) ) ;
#382 = VECTOR ( 'NONE', #2592, 1000.000000000000000 ) ;
#383 = LINE ( 'NONE', #2104, #324 ) ;
#384 = DIRECTION ( 'NONE',  ( 0.000000000000000000, 0.000000000000000000, 1.000000000000000000 ) ) ;
#385 = VERTEX_POINT ( 'NONE', #3363 ) ;
#386 = DIRECTION ( 'NONE',  ( 0.000000000000000000, 0.000000000000000000, 1.000000000000000000 ) ) ;
#387 = CARTESIAN_POINT ( 'NONE',  ( -2.719767133970329986, 3.265787307369355297, -6.719500000000000028 ) ) ;
#388 = CARTESIAN_POINT ( 'NONE',  ( -2.613728093486249904, -3.234934317475880228, -6.811067247062320362 ) ) ;
#389 = CARTESIAN_POINT ( 'NONE',  ( -2.513460179390349936, -2.104856476242539909, -7.000000000000000000 ) ) ;
#390 = ORIENTED_EDGE ( 'NONE', *, *, #3042, .T. ) ;
#391 = ADVANCED_FACE ( 'NONE', ( #3016 ), #2252, .F. ) ;
#392 = VERTEX_POINT ( 'NONE', #280 ) ;
#393 = AXIS2_PLACEMENT_3D ( 'NONE', #2121, #3084, #19 ) ;
#394 = DIRECTION ( 'NONE',  ( 0.000000000000000000, 0.000000000000000000, 1.000000000000000000 ) ) ;
#395 = ORIENTED_EDGE ( 'NONE', *, *, #4220, .F. ) ;
#396 = CARTESIAN_POINT ( 'NONE',  ( 0.000000000000000000, 0.000000000000000000, -6.719500000000000028 ) ) ;
#397 = VERTEX_POINT ( 'NONE', #193 ) ;
#398 = DIRECTION ( 'NONE',  ( 0.000000000000000000, 0.000000000000000000, 1.000000000000000000 ) ) ;
#399 = EDGE_CURVE ( 'NONE', #2036, #2736, #610, .T. ) ;
#400 = ADVANCED_FACE ( 'NONE', ( #4028 ), #3036, .F. ) ;
#401 = CYLINDRICAL_SURFACE ( 'NONE', #873, 0.1963495408493620142 ) ;
#402 = ORIENTED_EDGE ( 'NONE', *, *, #4056, .F. ) ;
#403 = LINE ( 'NONE', #4198, #4094 ) ;
#404 = DIRECTION ( 'NONE',  ( 0.000000000000000000, 0.000000000000000000, 1.000000000000000000 ) ) ;
#405 = CIRCLE ( 'NONE', #2854, 4.250000000000000000 ) ;
#406 = EDGE_LOOP ( 'NONE', ( #4211, #3306, #36, #1031 ) ) ;
#407 = DIRECTION ( 'NONE',  ( 0.000000000000000000, 0.000000000000000000, -1.000000000000000000 ) ) ;
#408 = AXIS2_PLACEMENT_3D ( 'NONE', #3146, #308, #2126 ) ;
#409 = CYLINDRICAL_SURFACE ( 'NONE', #3950, 0.1963495408493620142 ) ;
#410 = EDGE_CURVE ( 'NONE', #1971, #4385, #1321, .T. ) ;
#411 = CARTESIAN_POINT ( 'NONE',  ( -2.416082756611289906, -3.149519703574755081, -7.000000000000000000 ) ) ;
#412 = CARTESIAN_POINT ( 'NONE',  ( 3.339329057573250381, -2.628950635756970300, -4.000000000000000000 ) ) ;
#413 = CARTESIAN_POINT ( 'NONE',  ( -3.152282387150849630, 0.9005657169910941118, -4.000000000000000000 ) ) ;
#414 = EDGE_LOOP ( 'NONE', ( #1125, #2940, #3351, #1689, #4325 ) ) ;
#415 = AXIS2_PLACEMENT_3D ( 'NONE', #3596, #1114, #1874 ) ;
#416 = VERTEX_POINT ( 'NONE', #1998 ) ;
#417 = DIRECTION ( 'NONE',  ( 1.000000000000000000, 0.000000000000000000, 0.000000000000000000 ) ) ;
#418 = ORIENTED_EDGE ( 'NONE', *, *, #1053, .T. ) ;
#419 = CARTESIAN_POINT ( 'NONE',  ( 0.000000000000000000, 0.000000000000000000, -7.000000000000000000 ) ) ;
#420 = CARTESIAN_POINT ( 'NONE',  ( -2.503046055244309898, 1.860915353816860129, -4.000000000000000000 ) ) ;
#421 = ORIENTED_EDGE ( 'NONE', *, *, #901, .F. ) ;
#422 = DIRECTION ( 'NONE',  ( 0.000000000000000000, 0.000000000000000000, -1.000000000000000000 ) ) ;
#423 = CIRCLE ( 'NONE', #3743, 4.250000000000000000 ) ;
#424 = CARTESIAN_POINT ( 'NONE',  ( -1.589081507155019946, -2.683852729261340109, -7.000000000000000000 ) ) ;
#425 = ORIENTED_EDGE ( 'NONE', *, *, #3647, .T. ) ;
#426 = VECTOR ( 'NONE', #1688, 1000.000000000000000 ) ;
#427 = ADVANCED_FACE ( 'NONE', ( #2308 ), #3702, .F. ) ;
#428 = AXIS2_PLACEMENT_3D ( 'NONE', #4319, #521, #229 ) ;
#429 = AXIS2_PLACEMENT_3D ( 'NONE', #1777, #2813, #83 ) ;
#430 = DIRECTION ( 'NONE',  ( 0.000000000000000000, 0.000000000000000000, 1.000000000000000000 ) ) ;
#431 = EDGE_LOOP ( 'NONE', ( #580, #1554, #1178, #3353, #266 ) ) ;
#432 = CARTESIAN_POINT ( 'NONE',  ( 2.243744109767559891, 2.440731630117074946, -7.000000000000000000 ) ) ;
#433 = EDGE_CURVE ( 'NONE', #1822, #3227, #1723, .T. ) ;
#434 = DIRECTION ( 'NONE',  ( -0.000000000000000000, -0.000000000000000000, -1.000000000000000000 ) ) ;
#435 = CARTESIAN_POINT ( 'NONE',  ( 0.000000000000000000, 0.000000000000000000, 6.000000000000000000 ) ) ;
#436 = ORIENTED_EDGE ( 'NONE', *, *, #1002, .F. ) ;
#437 = VECTOR ( 'NONE', #1429, 1000.000000000000000 ) ;
#438 = LINE ( 'NONE', #1817, #3475 ) ;
#439 = CIRCLE ( 'NONE', #2586, 0.1963495408493620142 ) ;
#440 = ORIENTED_EDGE ( 'NONE', *, *, #3516, .F. ) ;
#441 = CYLINDRICAL_SURFACE ( 'NONE', #218, 3.000000000000000444 ) ;
#442 = VERTEX_POINT ( 'NONE', #583 ) ;
#443 = CARTESIAN_POINT ( 'NONE',  ( 3.484614976550524990, 0.6612619924381989422, -7.000000000000000000 ) ) ;
#444 = CYLINDRICAL_SURFACE ( 'NONE', #1302, 1.973045005896730597 ) ;
#445 = EDGE_LOOP ( 'NONE', ( #4231, #3309, #2516, #1274 ) ) ;
#446 = VERTEX_POINT ( 'NONE', #2604 ) ;
#447 = CONICAL_SURFACE ( 'NONE', #18, 4.250000000000000000, 0.7853981633974391752 ) ;
#448 = CARTESIAN_POINT ( 'NONE',  ( -3.545951877715329825, -0.07768036026355409907, -7.000000000000000000 ) ) ;
#449 = EDGE_LOOP ( 'NONE', ( #1972, #3134, #911, #3476 ) ) ;
#450 = DIRECTION ( 'NONE',  ( 0.000000000000000000, 0.000000000000000000, 1.000000000000000000 ) ) ;
#451 = AXIS2_PLACEMENT_3D ( 'NONE', #454, #118, #2480 ) ;
#452 = EDGE_CURVE ( 'NONE', #3587, #45, #4092, .T. ) ;
#453 = LINE ( 'NONE', #3967, #2335 ) ;
#454 = CARTESIAN_POINT ( 'NONE',  ( 0.000000000000000000, 0.000000000000000000, -14.00000000000000000 ) ) ;
#455 = ORIENTED_EDGE ( 'NONE', *, *, #2493, .T. ) ;
#456 = CARTESIAN_POINT ( 'NONE',  ( -4.250000000000000000, 5.204748896376249713E-16, -4.000000000000000000 ) ) ;
#457 = DIRECTION ( 'NONE',  ( 0.000000000000000000, 0.000000000000000000, -1.000000000000000000 ) ) ;
#458 = ORIENTED_EDGE ( 'NONE', *, *, #1860, .T. ) ;
#459 = CARTESIAN_POINT ( 'NONE',  ( 2.243744109767524808, -2.440731630117105144, -7.000000000000000000 ) ) ;
#460 = ORIENTED_EDGE ( 'NONE', *, *, #2869, .F. ) ;
#461 = DIRECTION ( 'NONE',  ( 1.000000000000000000, 0.000000000000000000, 0.000000000000000000 ) ) ;
#462 = DIRECTION ( 'NONE',  ( 1.000000000000000000, 0.000000000000000000, 0.000000000000000000 ) ) ;
#463 = EDGE_CURVE ( 'NONE', #3561, #1749, #3088, .T. ) ;
#464 = VERTEX_POINT ( 'NONE', #1577 ) ;
#465 = CIRCLE ( 'NONE', #2777, 0.1963495408493620142 ) ;
#466 = EDGE_LOOP ( 'NONE', ( #3829, #1592, #2151, #2964, #704, #3779, #395, #3615, #974, #1028, #1927, #180, #2024, #60, #2022, #369, #3700, #1420, #3766, #671, #3357, #2687, #232, #793, #212, #3098, #224, #2498, #999, #1662, #3674, #1296, #2588, #4017, #3939, #421, #3982, #1943, #1865, #536, #3294, #3690, #3292, #1952, #3070, #80, #1962, #2512, #3978, #2825, #2144, #2523, #1232, #3348, #4160, #3224, #2488, #2912, #327, #2681, #4225, #2837, #1177, #3818, #1500, #2443, #3137, #1338, #2261, #520, #3870, #1762, #1062, #347, #2186, #698, #4049, #2529, #279, #4059, #4143, #3319, #3976, #2069, #258, #1585, #3375, #2693, #4275, #3652, #787, #3569, #4255, #1519, #4476, #4035, #4188, #828, #1218, #1666, #518 ) ) ;
#467 = ADVANCED_FACE ( 'NONE', ( #2948, #1621 ), #4347, .T. ) ;
#468 = CARTESIAN_POINT ( 'NONE',  ( -2.944004026489345005, -2.937552523241784730, -6.811067253168101132 ) ) ;
#469 = EDGE_LOOP ( 'NONE', ( #4409, #3639, #3029, #2081, #2210 ) ) ;
#470 = CARTESIAN_POINT ( 'NONE',  ( 0.000000000000000000, 0.000000000000000000, -6.719500000000000028 ) ) ;
#471 = AXIS2_PLACEMENT_3D ( 'NONE', #1609, #2977, #4375 ) ;
#472 = AXIS2_PLACEMENT_3D ( 'NONE', #1655, #1862, #2536 ) ;
#473 = DIRECTION ( 'NONE',  ( 0.000000000000000000, 0.000000000000000000, 1.000000000000000000 ) ) ;
#474 = CARTESIAN_POINT ( 'NONE',  ( -1.431569119554318092, 2.888155008907944854, -4.000000000000000000 ) ) ;
#475 = EDGE_LOOP ( 'NONE', ( #4266, #958, #3565, #4004, #690 ) ) ;
#476 = EDGE_CURVE ( 'NONE', #672, #2249, #2433, .T. ) ;
#477 = DIRECTION ( 'NONE',  ( 1.000000000000000000, 0.000000000000000000, 0.000000000000000000 ) ) ;
#478 = FACE_OUTER_BOUND ( 'NONE', #406, .T. ) ;
#479 = DIRECTION ( 'NONE',  ( 0.000000000000000000, 0.000000000000000000, 1.000000000000000000 ) ) ;
#480 = VERTEX_POINT ( 'NONE', #1929 ) ;
#481 = ORIENTED_EDGE ( 'NONE', *, *, #4029, .F. ) ;
#482 = LINE ( 'NONE', #3889, #1363 ) ;
#483 = CYLINDRICAL_SURFACE ( 'NONE', #1432, 1.973045005896729709 ) ;
#484 = ORIENTED_EDGE ( 'NONE', *, *, #2464, .F. ) ;
#485 = ORIENTED_EDGE ( 'NONE', *, *, #2418, .T. ) ;
#486 = AXIS2_PLACEMENT_3D ( 'NONE', #917, #1301, #612 ) ;
#487 = LINE ( 'NONE', #3963, #82 ) ;
#488 = EDGE_LOOP ( 'NONE', ( #3446, #2182, #2814, #2594, #1068, #2843, #274, #1665, #1880, #2762, #418, #4235, #1615, #1856, #4064, #2711, #4072, #2537, #4240, #2797, #2277, #2767, #608, #1827, #4200, #1469, #1075, #835, #3502, #90, #148, #1690, #2947, #2835, #2368, #2107, #187, #1590, #4161, #2851, #3356, #594, #1394, #3009, #3332, #4109, #1314, #2874, #643, #2812, #3771, #1254, #1684, #4397, #3494, #4285, #1620, #3482, #1237, #2393, #1287, #1536, #3897, #2042, #1108, #1369, #2370, #316, #3391, #2863, #1055, #272, #890, #3650, #2860, #296, #2095, #2257, #1548, #2607, #1198, #3930, #3129, #3542, #1661, #1744, #2980, #1249, #779, #3748, #2847, #891, #3679, #425, #2392, #2219, #4245, #3450 ) ) ;
#489 = DIRECTION ( 'NONE',  ( 0.000000000000000000, 0.000000000000000000, 1.000000000000000000 ) ) ;
#490 = EDGE_CURVE ( 'NONE', #2183, #191, #2152, .T. ) ;
#491 = CIRCLE ( 'NONE', #138, 3.000000000000000444 ) ;
#492 = AXIS2_PLACEMENT_3D ( 'NONE', #1413, #2763, #4186 ) ;
#493 = DIRECTION ( 'NONE',  ( 1.000000000000000000, 0.000000000000000000, 0.000000000000000000 ) ) ;
#494 = LINE ( 'NONE', #812, #2351 ) ;
#495 = ORIENTED_EDGE ( 'NONE', *, *, #2293, .F. ) ;
#496 = DIRECTION ( 'NONE',  ( -0.000000000000000000, -0.000000000000000000, 1.000000000000000000 ) ) ;
#497 = DIRECTION ( 'NONE',  ( 0.000000000000000000, 0.000000000000000000, 1.000000000000000000 ) ) ;
#498 = ORIENTED_EDGE ( 'NONE', *, *, #2256, .T. ) ;
#499 = CYLINDRICAL_SURFACE ( 'NONE', #2328, 1.973045005896730153 ) ;
#500 = ORIENTED_EDGE ( 'NONE', *, *, #4044, .T. ) ;
#501 = CARTESIAN_POINT ( 'NONE',  ( -1.156315544685313945, -4.089674114293105234, -6.719500000000000028 ) ) ;
#502 = AXIS2_PLACEMENT_3D ( 'NONE', #2906, #2233, #1541 ) ;
#503 = EDGE_CURVE ( 'NONE', #4101, #3661, #2281, .T. ) ;
#504 = LINE ( 'NONE', #1846, #4482 ) ;
#505 = ORIENTED_EDGE ( 'NONE', *, *, #512, .F. ) ;
#506 = VERTEX_POINT ( 'NONE', #960 ) ;
#507 = CIRCLE ( 'NONE', #3622, 0.1963495408493620142 ) ;
#508 = DIRECTION ( 'NONE',  ( 1.000000000000000000, 0.000000000000000000, 0.000000000000000000 ) ) ;
#509 = DIRECTION ( 'NONE',  ( 1.000000000000000000, 0.000000000000000000, 0.000000000000000000 ) ) ;
#510 = DIRECTION ( 'NONE',  ( 1.000000000000000000, 0.000000000000000000, 0.000000000000000000 ) ) ;
#511 = DIRECTION ( 'NONE',  ( 0.000000000000000000, 0.000000000000000000, 1.000000000000000000 ) ) ;
#512 = EDGE_CURVE ( 'NONE', #1776, #2399, #2866, .T. ) ;
#513 = VERTEX_POINT ( 'NONE', #2991 ) ;
#514 = CARTESIAN_POINT ( 'NONE',  ( 2.823075960151754771, 2.147102950642279851, -7.000000000000000000 ) ) ;
#515 = FACE_OUTER_BOUND ( 'NONE', #3837, .T. ) ;
#516 = ADVANCED_FACE ( 'NONE', ( #4386, #1278 ), #1642, .T. ) ;
#517 = DIRECTION ( 'NONE',  ( 0.000000000000000000, 0.000000000000000000, 1.000000000000000000 ) ) ;
#518 = ORIENTED_EDGE ( 'NONE', *, *, #1948, .F. ) ;
#519 = CARTESIAN_POINT ( 'NONE',  ( 0.7962284048838459416, 3.180239485670419697, -7.000000000000000000 ) ) ;
#520 = ORIENTED_EDGE ( 'NONE', *, *, #433, .T. ) ;
#521 = DIRECTION ( 'NONE',  ( -1.000000000000000000, 0.000000000000000000, 0.000000000000000000 ) ) ;
#522 = FACE_OUTER_BOUND ( 'NONE', #2672, .T. ) ;
#523 = VERTEX_POINT ( 'NONE', #2674 ) ;
#524 = VERTEX_POINT ( 'NONE', #4073 ) ;
#525 = CARTESIAN_POINT ( 'NONE',  ( 3.079589269441434851, 1.124292128631310117, -7.000000000000000000 ) ) ;
#526 = ADVANCED_FACE ( 'NONE', ( #4169 ), #982, .T. ) ;
#527 = CARTESIAN_POINT ( 'NONE',  ( 3.484614976550524990, 0.6612619924381989422, -4.000000000000000000 ) ) ;
#528 = DIRECTION ( 'NONE',  ( 0.000000000000000000, 0.000000000000000000, 1.000000000000000000 ) ) ;
#529 = CARTESIAN_POINT ( 'NONE',  ( 3.042497229473239972, 1.317106346890114077, -4.000000000000000000 ) ) ;
#530 = CYLINDRICAL_SURFACE ( 'NONE', #3047, 1.973045005896730153 ) ;
#531 = EDGE_LOOP ( 'NONE', ( #2407, #2716, #973, #1733, #3815 ) ) ;
#532 = AXIS2_PLACEMENT_3D ( 'NONE', #4249, #76, #3514 ) ;
#533 = EDGE_CURVE ( 'NONE', #625, #2127, #3239, .T. ) ;
#534 = CARTESIAN_POINT ( 'NONE',  ( -2.523182748769610129, 1.833199572910620079, -4.000000000000000000 ) ) ;
#535 = LINE ( 'NONE', #862, #2903 ) ;
#536 = ORIENTED_EDGE ( 'NONE', *, *, #2878, .T. ) ;
#537 = ORIENTED_EDGE ( 'NONE', *, *, #3327, .F. ) ;
#538 = DIRECTION ( 'NONE',  ( 1.000000000000000000, 0.000000000000000000, 0.000000000000000000 ) ) ;
#539 = DIRECTION ( 'NONE',  ( 1.000000000000000000, 0.000000000000000000, 0.000000000000000000 ) ) ;
#540 = ORIENTED_EDGE ( 'NONE', *, *, #3386, .F. ) ;
#541 = ORIENTED_EDGE ( 'NONE', *, *, #123, .F. ) ;
#542 = VERTEX_POINT ( 'NONE', #4117 ) ;
#543 = AXIS2_PLACEMENT_3D ( 'NONE', #2389, #3076, #720 ) ;
#544 = DIRECTION ( 'NONE',  ( 1.000000000000000000, 0.000000000000000000, 0.000000000000000000 ) ) ;
#545 = LINE ( 'NONE', #1977, #4212 ) ;
#546 = CARTESIAN_POINT ( 'NONE',  ( 3.229192516016009762, -2.620818613086665305, -6.811067256398070313 ) ) ;
#547 = VECTOR ( 'NONE', #3503, 1000.000000000000000 ) ;
#548 = ADVANCED_FACE ( 'NONE', ( #3750 ), #2025, .F. ) ;
#549 = CARTESIAN_POINT ( 'NONE',  ( 1.840249104221044929, -3.032044226566819933, -7.000000000000000000 ) ) ;
#550 = ADVANCED_FACE ( 'NONE', ( #1691, #2352 ), #1742, .F. ) ;
#551 = ORIENTED_EDGE ( 'NONE', *, *, #410, .T. ) ;
#552 = CIRCLE ( 'NONE', #3095, 3.969500000000000028 ) ;
#553 = CARTESIAN_POINT ( 'NONE',  ( -3.270983679872604633, 1.371304022983455884, -7.000000000000000000 ) ) ;
#554 = DIRECTION ( 'NONE',  ( 0.000000000000000000, 0.000000000000000000, 1.000000000000000000 ) ) ;
#555 = ORIENTED_EDGE ( 'NONE', *, *, #1819, .F. ) ;
#556 = VERTEX_POINT ( 'NONE', #3166 ) ;
#557 = CARTESIAN_POINT ( 'NONE',  ( -3.812946277482594848, 1.877216206256389963, -4.000000000000000000 ) ) ;
#558 = CARTESIAN_POINT ( 'NONE',  ( -0.1176199352020781963, -3.276288816603964982, -7.000000000000000000 ) ) ;
#559 = ORIENTED_EDGE ( 'NONE', *, *, #3746, .T. ) ;
#560 = EDGE_LOOP ( 'NONE', ( #3500, #2066, #3487, #1678 ) ) ;
#561 = EDGE_CURVE ( 'NONE', #2541, #2098, #2647, .T. ) ;
#562 = ORIENTED_EDGE ( 'NONE', *, *, #2635, .T. ) ;
#563 = DIRECTION ( 'NONE',  ( 0.000000000000000000, 0.000000000000000000, -1.000000000000000000 ) ) ;
#564 = AXIS2_PLACEMENT_3D ( 'NONE', #2904, #1851, #2208 ) ;
#565 = AXIS2_PLACEMENT_3D ( 'NONE', #623, #3466, #365 ) ;
#566 = DIRECTION ( 'NONE',  ( 0.000000000000000000, 0.000000000000000000, 1.000000000000000000 ) ) ;
#567 = AXIS2_PLACEMENT_3D ( 'NONE', #3307, #3001, #2660 ) ;
#568 = DIRECTION ( 'NONE',  ( 0.000000000000000000, 0.000000000000000000, 1.000000000000000000 ) ) ;
#569 = CARTESIAN_POINT ( 'NONE',  ( 1.981338335720205235, -3.759893402665224649, -4.000000000000000000 ) ) ;
#570 = ORIENTED_EDGE ( 'NONE', *, *, #3252, .T. ) ;
#571 = EDGE_CURVE ( 'NONE', #523, #733, #3061, .T. ) ;
#572 = EDGE_CURVE ( 'NONE', #1971, #257, #707, .T. ) ;
#573 = DIRECTION ( 'NONE',  ( 0.000000000000000000, 0.000000000000000000, -1.000000000000000000 ) ) ;
#574 = DIRECTION ( 'NONE',  ( 1.000000000000000000, 2.208718528794109349E-15, 0.000000000000000000 ) ) ;
#575 = VERTEX_POINT ( 'NONE', #2425 ) ;
#576 = VERTEX_POINT ( 'NONE', #3138 ) ;
#577 = CARTESIAN_POINT ( 'NONE',  ( -1.021880978632973891, -3.396405191220809971, -4.000000000000000000 ) ) ;
#578 = CIRCLE ( 'NONE', #738, 0.1963495408493620142 ) ;
#579 = DIRECTION ( 'NONE',  ( 0.000000000000000000, 0.000000000000000000, 1.000000000000000000 ) ) ;
#580 = ORIENTED_EDGE ( 'NONE', *, *, #2426, .T. ) ;
#581 = ORIENTED_EDGE ( 'NONE', *, *, #1370, .T. ) ;
#582 = ORIENTED_EDGE ( 'NONE', *, *, #3884, .F. ) ;
#583 = CARTESIAN_POINT ( 'NONE',  ( 3.270635594739189855, -0.2254898343303584907, -4.000000000000000000 ) ) ;
#584 = COLOUR_RGB ( '',0.7921568627450980005, 0.8196078431372548767, 0.9333333333333333481 ) ;
#585 = EDGE_CURVE ( 'NONE', #2017, #40, #1007, .T. ) ;
#586 = LINE ( 'NONE', #2329, #2060 ) ;
#587 = AXIS2_PLACEMENT_3D ( 'NONE', #3619, #1203, #4394 ) ;
#588 = DIRECTION ( 'NONE',  ( 0.000000000000000000, 0.000000000000000000, 1.000000000000000000 ) ) ;
#589 = LINE ( 'NONE', #3617, #2589 ) ;
#590 = CARTESIAN_POINT ( 'NONE',  ( 3.079589269441405097, 1.124292128631302123, -4.000000000000000000 ) ) ;
#591 = FACE_OUTER_BOUND ( 'NONE', #4291, .T. ) ;
#592 = ADVANCED_FACE ( 'NONE', ( #2123 ), #301, .F. ) ;
#593 = CARTESIAN_POINT ( 'NONE',  ( 2.266443087373129828, -3.534646590994565241, -6.770632201231979508 ) ) ;
#594 = ORIENTED_EDGE ( 'NONE', *, *, #1968, .T. ) ;
#595 = EDGE_CURVE ( 'NONE', #332, #3910, #2006, .T. ) ;
#596 = AXIS2_PLACEMENT_3D ( 'NONE', #983, #4120, #2380 ) ;
#597 = DIRECTION ( 'NONE',  ( 0.000000000000000000, 0.000000000000000000, 1.000000000000000000 ) ) ;
#598 = CARTESIAN_POINT ( 'NONE',  ( 2.020910775106349533, 2.581438067825795102, -4.000000000000000000 ) ) ;
#599 = ORIENTED_EDGE ( 'NONE', *, *, #3989, .F. ) ;
#600 = ADVANCED_FACE ( 'NONE', ( #2376 ), #3773, .F. ) ;
#601 = B_SPLINE_CURVE_WITH_KNOTS ( 'NONE', 3,
 ( #1944, #1637, #1234, #3006 ),
 .UNSPECIFIED., .F., .F.,
 ( 4, 4 ),
 ( 2.997649396492559967E-07, 0.0004297442977283690013 ),
 .UNSPECIFIED. ) ;
#602 = EDGE_LOOP ( 'NONE', ( #4078, #2673, #1775, #3143 ) ) ;
#603 = VECTOR ( 'NONE', #1112, 1000.000000000000000 ) ;
#604 = DIRECTION ( 'NONE',  ( 0.000000000000000000, 0.000000000000000000, -1.000000000000000000 ) ) ;
#605 = LINE ( 'NONE', #1316, #1800 ) ;
#606 = EDGE_CURVE ( 'NONE', #2897, #3188, #3459, .T. ) ;
#607 = ORIENTED_EDGE ( 'NONE', *, *, #2518, .F. ) ;
#608 = ORIENTED_EDGE ( 'NONE', *, *, #265, .T. ) ;
#609 = VERTEX_POINT ( 'NONE', #1373 ) ;
#610 = LINE ( 'NONE', #3726, #64 ) ;
#611 = CARTESIAN_POINT ( 'NONE',  ( -1.440037872544359887, -2.945198428730914753, -7.000000000000000000 ) ) ;
#612 = DIRECTION ( 'NONE',  ( 1.000000000000000000, 4.417437057588218697E-15, 0.000000000000000000 ) ) ;
#613 = DIRECTION ( 'NONE',  ( 1.000000000000000000, 0.000000000000000000, 0.000000000000000000 ) ) ;
#614 = DIRECTION ( 'NONE',  ( 0.000000000000000000, 0.000000000000000000, -1.000000000000000000 ) ) ;
#615 = FACE_OUTER_BOUND ( 'NONE', #655, .T. ) ;
#616 = ORIENTED_EDGE ( 'NONE', *, *, #2045, .F. ) ;
#617 = CARTESIAN_POINT ( 'NONE',  ( 0.7962284048838470518, 3.180239485670419697, -7.000000000000000000 ) ) ;
#618 = EDGE_CURVE ( 'NONE', #87, #1076, #2745, .T. ) ;
#619 = CONICAL_SURFACE ( 'NONE', #1284, 4.250000000000000000, 0.7853981633974391752 ) ;
#620 = VECTOR ( 'NONE', #1242, 1000.000000000000000 ) ;
#621 = AXIS2_PLACEMENT_3D ( 'NONE', #2993, #3774, #4415 ) ;
#622 = FACE_OUTER_BOUND ( 'NONE', #3624, .T. ) ;
#623 = CARTESIAN_POINT ( 'NONE',  ( -0.3124592246176750021, -3.300595060488625165, -7.000000000000000000 ) ) ;
#624 = DIRECTION ( 'NONE',  ( 0.000000000000000000, 0.000000000000000000, 1.000000000000000000 ) ) ;
#625 = VERTEX_POINT ( 'NONE', #1034 ) ;
#626 = AXIS2_PLACEMENT_3D ( 'NONE', #1571, #3377, #3333 ) ;
#627 = EDGE_LOOP ( 'NONE', ( #2742, #1816, #2179, #3058 ) ) ;
#628 = CARTESIAN_POINT ( 'NONE',  ( 2.020910775106349533, 2.581438067825795102, -7.000000000000000000 ) ) ;
#629 = CIRCLE ( 'NONE', #3183, 0.1963495408493620142 ) ;
#630 = FACE_OUTER_BOUND ( 'NONE', #2748, .T. ) ;
#631 = ORIENTED_EDGE ( 'NONE', *, *, #1496, .F. ) ;
#632 = ORIENTED_EDGE ( 'NONE', *, *, #3489, .T. ) ;
#633 = DIRECTION ( 'NONE',  ( 1.000000000000000000, 0.000000000000000000, 0.000000000000000000 ) ) ;
#634 = EDGE_CURVE ( 'NONE', #2065, #3862, #2578, .T. ) ;
#635 = EDGE_CURVE ( 'NONE', #2966, #2603, #676, .T. ) ;
#636 = DIRECTION ( 'NONE',  ( 0.000000000000000000, 0.000000000000000000, -1.000000000000000000 ) ) ;
#637 = DIRECTION ( 'NONE',  ( 1.000000000000000000, 0.000000000000000000, 0.000000000000000000 ) ) ;
#638 = CARTESIAN_POINT ( 'NONE',  ( 0.000000000000000000, 0.000000000000000000, -7.000000000000000000 ) ) ;
#639 = CIRCLE ( 'NONE', #2664, 0.1963495408493620142 ) ;
#640 = FACE_OUTER_BOUND ( 'NONE', #119, .T. ) ;
#641 = AXIS2_PLACEMENT_3D ( 'NONE', #1202, #2560, #4302 ) ;
#642 = CARTESIAN_POINT ( 'NONE',  ( 3.229192516017629799, 2.620818613086880244, -6.811067256396680314 ) ) ;
#643 = ORIENTED_EDGE ( 'NONE', *, *, #2960, .T. ) ;
#644 = CARTESIAN_POINT ( 'NONE',  ( -2.430432687826100224, -2.583177482750639964, -4.000000000000000000 ) ) ;
#645 = DIRECTION ( 'NONE',  ( 1.000000000000000000, 4.396056528848392175E-15, 0.000000000000000000 ) ) ;
#646 = EDGE_CURVE ( 'NONE', #4428, #3672, #2156, .T. ) ;
#647 = DIRECTION ( 'NONE',  ( 0.4067366430757889395, -0.9135454576426058626, 0.000000000000000000 ) ) ;
#648 = DIRECTION ( 'NONE',  ( 1.000000000000000000, 0.000000000000000000, 0.000000000000000000 ) ) ;
#649 = DIRECTION ( 'NONE',  ( 0.000000000000000000, 0.000000000000000000, 1.000000000000000000 ) ) ;
#650 = VERTEX_POINT ( 'NONE', #776 ) ;
#651 = ORIENTED_EDGE ( 'NONE', *, *, #4303, .F. ) ;
#652 = DIRECTION ( 'NONE',  ( 1.000000000000000000, 0.000000000000000000, 0.000000000000000000 ) ) ;
#653 = B_SPLINE_CURVE_WITH_KNOTS ( 'NONE', 3,
 ( #4183, #2064, #3128, #3836 ),
 .UNSPECIFIED., .F., .F.,
 ( 4, 4 ),
 ( 2.997650364622624964E-07, 0.0004297442978266218959 ),
 .UNSPECIFIED. ) ;
#654 = DIRECTION ( 'NONE',  ( 0.000000000000000000, 0.000000000000000000, -1.000000000000000000 ) ) ;
#655 = EDGE_LOOP ( 'NONE', ( #1818, #2644, #1494, #2163, #2176 ) ) ;
#656 = ORIENTED_EDGE ( 'NONE', *, *, #825, .T. ) ;
#657 = DIRECTION ( 'NONE',  ( 0.000000000000000000, 0.000000000000000000, 1.000000000000000000 ) ) ;
#658 = DIRECTION ( 'NONE',  ( 0.000000000000000000, 0.000000000000000000, 1.000000000000000000 ) ) ;
#659 = LINE ( 'NONE', #2355, #4147 ) ;
#660 = CIRCLE ( 'NONE', #106, 1.973045005896724158 ) ;
#661 = EDGE_CURVE ( 'NONE', #3234, #542, #1440, .T. ) ;
#662 = CARTESIAN_POINT ( 'NONE',  ( -3.595208244819454890, 1.897651334561254899, -6.904494550674620257 ) ) ;
#663 = DIRECTION ( 'NONE',  ( 0.000000000000000000, 0.000000000000000000, 1.000000000000000000 ) ) ;
#664 = ORIENTED_EDGE ( 'NONE', *, *, #4259, .F. ) ;
#665 = DIRECTION ( 'NONE',  ( -0.5877852522924688072, 0.8090169943749505599, 0.000000000000000000 ) ) ;
#666 = LINE ( 'NONE', #3393, #2988 ) ;
#667 = LINE ( 'NONE', #695, #3595 ) ;
#668 = AXIS2_PLACEMENT_3D ( 'NONE', #4158, #1049, #3467 ) ;
#669 = DIRECTION ( 'NONE',  ( 0.000000000000000000, 0.000000000000000000, 1.000000000000000000 ) ) ;
#670 = DIRECTION ( 'NONE',  ( 0.000000000000000000, 0.000000000000000000, -1.000000000000000000 ) ) ;
#671 = ORIENTED_EDGE ( 'NONE', *, *, #2559, .T. ) ;
#672 = VERTEX_POINT ( 'NONE', #2489 ) ;
#673 = AXIS2_PLACEMENT_3D ( 'NONE', #3247, #2875, #3022 ) ;
#674 = DIRECTION ( 'NONE',  ( 0.000000000000000000, 0.000000000000000000, -1.000000000000000000 ) ) ;
#675 = EDGE_CURVE ( 'NONE', #3212, #2959, #1807, .T. ) ;
#676 = B_SPLINE_CURVE_WITH_KNOTS ( 'NONE', 3,
 ( #1421, #2794, #4191, #2450 ),
 .UNSPECIFIED., .F., .F.,
 ( 4, 4 ),
 ( 2.997649396484305101E-07, 0.0004297442977283690013 ),
 .UNSPECIFIED. ) ;
#677 = LINE ( 'NONE', #1738, #3318 ) ;
#678 = ORIENTED_EDGE ( 'NONE', *, *, #1606, .T. ) ;
#679 = AXIS2_PLACEMENT_3D ( 'NONE', #261, #178, #1671 ) ;
#680 = CARTESIAN_POINT ( 'NONE',  ( 3.118825397134030286, -0.03425858924962450064, -7.000000000000000000 ) ) ;
#681 = ORIENTED_EDGE ( 'NONE', *, *, #3346, .T. ) ;
#682 = CARTESIAN_POINT ( 'NONE',  ( 3.339329057571680082, 2.628950635755660237, -7.000000000000000000 ) ) ;
#683 = EDGE_CURVE ( 'NONE', #2243, #3849, #3613, .T. ) ;
#684 = CARTESIAN_POINT ( 'NONE',  ( 0.8034072016300939367, -3.348396088319579800, -7.000000000000000000 ) ) ;
#685 = ORIENTED_EDGE ( 'NONE', *, *, #336, .F. ) ;
#686 = DIRECTION ( 'NONE',  ( -0.5877852522924688072, 0.8090169943749505599, 0.000000000000000000 ) ) ;
#687 = AXIS2_PLACEMENT_3D ( 'NONE', #1467, #1446, #379 ) ;
#688 = DIRECTION ( 'NONE',  ( 0.000000000000000000, 0.000000000000000000, -1.000000000000000000 ) ) ;
#689 = B_SPLINE_CURVE_WITH_KNOTS ( 'NONE', 3,
 ( #3575, #468, #853, #3257 ),
 .UNSPECIFIED., .F., .F.,
 ( 4, 4 ),
 ( 2.634169679557375244E-07, 0.0004297079497515080004 ),
 .UNSPECIFIED. ) ;
#690 = ORIENTED_EDGE ( 'NONE', *, *, #4080, .F. ) ;
#691 = DIRECTION ( 'NONE',  ( 1.000000000000000000, 0.000000000000000000, 0.000000000000000000 ) ) ;
#692 = EDGE_CURVE ( 'NONE', #3862, #2065, #923, .T. ) ;
#693 = EDGE_CURVE ( 'NONE', #2895, #1540, #3535, .T. ) ;
#694 = CARTESIAN_POINT ( 'NONE',  ( 2.823075960151754771, 2.147102950642279851, -4.000000000000000000 ) ) ;
#695 = CARTESIAN_POINT ( 'NONE',  ( 1.899999999999999911, 0.000000000000000000, -24.00000000000000000 ) ) ;
#696 = CARTESIAN_POINT ( 'NONE',  ( -2.543319442294874833, 1.805483792004354937, -4.000000000000000000 ) ) ;
#697 = CARTESIAN_POINT ( 'NONE',  ( 0.7238743505062430472, 3.902939427492974733, -7.000000000000000000 ) ) ;
#698 = ORIENTED_EDGE ( 'NONE', *, *, #2133, .F. ) ;
#699 = ORIENTED_EDGE ( 'NONE', *, *, #1523, .T. ) ;
#700 = CYLINDRICAL_SURFACE ( 'NONE', #2730, 3.000000000000000444 ) ;
#701 = AXIS2_PLACEMENT_3D ( 'NONE', #1395, #398, #4488 ) ;
#702 = CARTESIAN_POINT ( 'NONE',  ( 2.896159312914940109, 1.536282556425474954, -7.000000000000000000 ) ) ;
#703 = AXIS2_PLACEMENT_3D ( 'NONE', #171, #3524, #2224 ) ;
#704 = ORIENTED_EDGE ( 'NONE', *, *, #4, .F. ) ;
#705 = DIRECTION ( 'NONE',  ( 0.000000000000000000, 0.000000000000000000, -1.000000000000000000 ) ) ;
#706 = ORIENTED_EDGE ( 'NONE', *, *, #863, .F. ) ;
#707 = LINE ( 'NONE', #3409, #3310 ) ;
#708 = CIRCLE ( 'NONE', #4490, 3.969500000000000028 ) ;
#709 = DIRECTION ( 'NONE',  ( 0.000000000000000000, 0.000000000000000000, 1.000000000000000000 ) ) ;
#710 = EDGE_CURVE ( 'NONE', #2642, #1343, #482, .T. ) ;
#711 = EDGE_LOOP ( 'NONE', ( #885, #2658, #3207, #4454 ) ) ;
#712 = CARTESIAN_POINT ( 'NONE',  ( 2.914394700463149857, -2.021413487477474735, -7.000000000000000000 ) ) ;
#713 = AXIS2_PLACEMENT_3D ( 'NONE', #1646, #2354, #4368 ) ;
#714 = CIRCLE ( 'NONE', #789, 1.973045005896730153 ) ;
#715 = CARTESIAN_POINT ( 'NONE',  ( 2.266443087373180454, 3.534646590994565241, -6.770632201231959080 ) ) ;
#716 = EDGE_LOOP ( 'NONE', ( #4477, #730, #1550, #607 ) ) ;
#717 = FACE_OUTER_BOUND ( 'NONE', #2619, .T. ) ;
#718 = VECTOR ( 'NONE', #2886, 1000.000000000000000 ) ;
#719 = DIRECTION ( 'NONE',  ( 0.000000000000000000, 0.000000000000000000, 1.000000000000000000 ) ) ;
#720 = DIRECTION ( 'NONE',  ( 1.000000000000000000, 0.000000000000000000, 0.000000000000000000 ) ) ;
#721 = DIRECTION ( 'NONE',  ( 1.000000000000000000, 0.000000000000000000, 0.000000000000000000 ) ) ;
#722 = CARTESIAN_POINT ( 'NONE',  ( -3.946402564645520528, -1.577468477574724970, -6.719500000002040174 ) ) ;
#723 = ORIENTED_EDGE ( 'NONE', *, *, #2697, .F. ) ;
#724 = ORIENTED_EDGE ( 'NONE', *, *, #4462, .T. ) ;
#725 = EDGE_CURVE ( 'NONE', #17, #385, #2470, .T. ) ;
#726 = EDGE_CURVE ( 'NONE', #3811, #3956, #1357, .T. ) ;
#727 = LINE ( 'NONE', #1737, #3321 ) ;
#728 = VECTOR ( 'NONE', #3240, 1000.000000000000000 ) ;
#729 = DIRECTION ( 'NONE',  ( 1.000000000000000000, 0.000000000000000000, 0.000000000000000000 ) ) ;
#730 = ORIENTED_EDGE ( 'NONE', *, *, #4011, .T. ) ;
#731 = CYLINDRICAL_SURFACE ( 'NONE', #2629, 0.1963495408493620142 ) ;
#732 = VECTOR ( 'NONE', #2240, 1000.000000000000000 ) ;
#733 = VERTEX_POINT ( 'NONE', #3249 ) ;
#734 = CARTESIAN_POINT ( 'NONE',  ( 0.000000000000000000, 0.000000000000000000, -7.000000000000000000 ) ) ;
#735 = AXIS2_PLACEMENT_3D ( 'NONE', #4338, #3308, #4315 ) ;
#736 = CARTESIAN_POINT ( 'NONE',  ( 1.840249104221085119, 3.032044226566794620, -7.000000000000000000 ) ) ;
#737 = ORIENTED_EDGE ( 'NONE', *, *, #490, .F. ) ;
#738 = AXIS2_PLACEMENT_3D ( 'NONE', #3692, #1289, #574 ) ;
#739 = EDGE_CURVE ( 'NONE', #524, #2321, #68, .T. ) ;
#740 = FACE_OUTER_BOUND ( 'NONE', #2785, .T. ) ;
#741 = CARTESIAN_POINT ( 'NONE',  ( 2.020910775106314894, -2.581438067825824856, -4.000000000000000000 ) ) ;
#742 = ORIENTED_EDGE ( 'NONE', *, *, #1325, .T. ) ;
#743 = CYLINDRICAL_SURFACE ( 'NONE', #1452, 0.1963495408493620142 ) ;
#744 = CARTESIAN_POINT ( 'NONE',  ( -3.545951877715329825, -0.07768036026355409907, -7.000000000000000000 ) ) ;
#745 = CARTESIAN_POINT ( 'NONE',  ( 2.266443087373129828, -3.534646590994565241, -6.770632201231979508 ) ) ;
#746 = CARTESIAN_POINT ( 'NONE',  ( 4.119919448520120042, 1.043438420658194143, -6.719500000000000028 ) ) ;
#747 = CYLINDRICAL_SURFACE ( 'NONE', #1908, 0.1963495408493620142 ) ;
#748 = EDGE_LOOP ( 'NONE', ( #2251, #2283 ) ) ;
#749 = VERTEX_POINT ( 'NONE', #1151 ) ;
#750 = DIRECTION ( 'NONE',  ( 1.000000000000000000, 0.000000000000000000, 0.000000000000000000 ) ) ;
#751 = EDGE_CURVE ( 'NONE', #1749, #801, #1510, .T. ) ;
#752 = EDGE_LOOP ( 'NONE', ( #1162, #341, #1400, #1441 ) ) ;
#753 = DIRECTION ( 'NONE',  ( 0.000000000000000000, 0.000000000000000000, 1.000000000000000000 ) ) ;
#754 = ORIENTED_EDGE ( 'NONE', *, *, #1136, .T. ) ;
#755 = AXIS2_PLACEMENT_3D ( 'NONE', #3104, #3784, #670 ) ;
#756 = CARTESIAN_POINT ( 'NONE',  ( -3.043548818098394726, -0.6819502185625320179, -7.000000000000000000 ) ) ;
#757 = ADVANCED_FACE ( 'NONE', ( #1845 ), #3896, .T. ) ;
#758 = DIRECTION ( 'NONE',  ( 1.000000000000000000, 0.000000000000000000, 0.000000000000000000 ) ) ;
#759 = VERTEX_POINT ( 'NONE', #1551 ) ;
#760 = CIRCLE ( 'NONE', #1847, 1.899999999999999911 ) ;
#761 = CONICAL_SURFACE ( 'NONE', #3879, 4.250000000000000000, 0.7853981633974391752 ) ;
#762 = CYLINDRICAL_SURFACE ( 'NONE', #250, 1.899999999999999911 ) ;
#763 = DIRECTION ( 'NONE',  ( 1.000000000000000000, -3.516845223078713898E-15, 0.000000000000000000 ) ) ;
#764 = ORIENTED_EDGE ( 'NONE', *, *, #1916, .F. ) ;
#765 = CARTESIAN_POINT ( 'NONE',  ( 0.000000000000000000, 0.000000000000000000, -6.719500000000000028 ) ) ;
#766 = B_SPLINE_CURVE_WITH_KNOTS ( 'NONE', 3,
 ( #722, #1101, #10, #55 ),
 .UNSPECIFIED., .F., .F.,
 ( 4, 4 ),
 ( 3.135081581130295005E-07, 0.0004297580409434664729 ),
 .UNSPECIFIED. ) ;
#767 = CARTESIAN_POINT ( 'NONE',  ( 0.000000000000000000, 0.000000000000000000, -6.719500000000000028 ) ) ;
#768 = EDGE_CURVE ( 'NONE', #2424, #131, #3208, .T. ) ;
#769 = EDGE_LOOP ( 'NONE', ( #2820, #3854, #349, #1885 ) ) ;
#770 = CIRCLE ( 'NONE', #3666, 4.250000000000000000 ) ;
#771 = AXIS2_PLACEMENT_3D ( 'NONE', #3046, #386, #333 ) ;
#772 = DIRECTION ( 'NONE',  ( 0.000000000000000000, -1.000000000000000000, 0.000000000000000000 ) ) ;
#773 = VERTEX_POINT ( 'NONE', #3590 ) ;
#774 = DIRECTION ( 'NONE',  ( 0.000000000000000000, 0.000000000000000000, -1.000000000000000000 ) ) ;
#775 = ORIENTED_EDGE ( 'NONE', *, *, #4233, .T. ) ;
#776 = CARTESIAN_POINT ( 'NONE',  ( -2.778539377712839542, 1.740006260178474928, -7.000000000000000000 ) ) ;
#777 = AXIS2_PLACEMENT_3D ( 'NONE', #4437, #1668, #3359 ) ;
#778 = CARTESIAN_POINT ( 'NONE',  ( -1.468371204554694165, 3.988281084080535610, -4.000000000000000000 ) ) ;
#779 = ORIENTED_EDGE ( 'NONE', *, *, #2531, .T. ) ;
#780 = ORIENTED_EDGE ( 'NONE', *, *, #1039, .T. ) ;
#781 = VECTOR ( 'NONE', #4298, 1000.000000000000114 ) ;
#782 = EDGE_CURVE ( 'NONE', #773, #4469, #3048, .T. ) ;
#783 = EDGE_CURVE ( 'NONE', #2703, #3956, #1285, .T. ) ;
#784 = CARTESIAN_POINT ( 'NONE',  ( 0.000000000000000000, 0.000000000000000000, -7.000000000000000000 ) ) ;
#785 = CIRCLE ( 'NONE', #3539, 0.1963495408493620142 ) ;
#786 = DIRECTION ( 'NONE',  ( 0.000000000000000000, 0.000000000000000000, -1.000000000000000000 ) ) ;
#787 = ORIENTED_EDGE ( 'NONE', *, *, #4360, .T. ) ;
#788 = CARTESIAN_POINT ( 'NONE',  ( -1.589081507154989970, 2.683852729261375192, -4.000000000000000000 ) ) ;
#789 = AXIS2_PLACEMENT_3D ( 'NONE', #3605, #2591, #2569 ) ;
#790 = FACE_OUTER_BOUND ( 'NONE', #3934, .T. ) ;
#791 = DIRECTION ( 'NONE',  ( 0.000000000000000000, 0.000000000000000000, -1.000000000000000000 ) ) ;
#792 = SHAPE_DEFINITION_REPRESENTATION ( #3296, #3562 ) ;
#793 = ORIENTED_EDGE ( 'NONE', *, *, #2141, .T. ) ;
#794 = CIRCLE ( 'NONE', #1095, 0.1963495408493620142 ) ;
#795 = CIRCLE ( 'NONE', #641, 1.899999999999999911 ) ;
#796 = CARTESIAN_POINT ( 'NONE',  ( 3.000000000000000444, 3.673940397442060361E-16, -4.000000000000000000 ) ) ;
#797 = LINE ( 'NONE', #2195, #2899 ) ;
#798 = VERTEX_POINT ( 'NONE', #501 ) ;
#799 = CYLINDRICAL_SURFACE ( 'NONE', #822, 0.1963495408493620142 ) ;
#800 = CARTESIAN_POINT ( 'NONE',  ( 0.6070735070727790728, -4.206419113332659165, -6.719500000000000028 ) ) ;
#801 = VERTEX_POINT ( 'NONE', #3868 ) ;
#802 = DIRECTION ( 'NONE',  ( 0.000000000000000000, 0.000000000000000000, -1.000000000000000000 ) ) ;
#803 = CIRCLE ( 'NONE', #1951, 0.1963495408493620142 ) ;
#804 = EDGE_CURVE ( 'NONE', #2633, #377, #2505, .T. ) ;
#805 = DIRECTION ( 'NONE',  ( -0.9510565162951543083, -0.3090169943749450643, 0.000000000000000000 ) ) ;
#806 = ORIENTED_EDGE ( 'NONE', *, *, #4071, .F. ) ;
#807 = VERTEX_POINT ( 'NONE', #756 ) ;
#808 = DIRECTION ( 'NONE',  ( 0.000000000000000000, 0.000000000000000000, -1.000000000000000000 ) ) ;
#809 = VERTEX_POINT ( 'NONE', #2877 ) ;
#810 = CARTESIAN_POINT ( 'NONE',  ( 0.6070735070727780736, -4.206419113332664494, -4.000000000000000000 ) ) ;
#811 = CARTESIAN_POINT ( 'NONE',  ( 0.000000000000000000, 0.000000000000000000, 20.99999999999999645 ) ) ;
#812 = CARTESIAN_POINT ( 'NONE',  ( -2.719767133968015393, -3.265787307368635428, -7.000000000000000000 ) ) ;
#813 = CARTESIAN_POINT ( 'NONE',  ( 0.000000000000000000, 0.000000000000000000, 0.000000000000000000 ) ) ;
#814 = ORIENTED_EDGE ( 'NONE', *, *, #2675, .F. ) ;
#815 = DIRECTION ( 'NONE',  ( 0.000000000000000000, 0.000000000000000000, 1.000000000000000000 ) ) ;
#816 = CYLINDRICAL_SURFACE ( 'NONE', #2970, 4.250000000000000000 ) ;
#817 = EDGE_LOOP ( 'NONE', ( #1128, #4300, #742, #1715 ) ) ;
#818 = EDGE_CURVE ( 'NONE', #1619, #556, #1727, .T. ) ;
#819 = ORIENTED_EDGE ( 'NONE', *, *, #16, .T. ) ;
#820 = B_SPLINE_CURVE_WITH_KNOTS ( 'NONE', 3,
 ( #1435, #1774, #3078, #1754 ),
 .UNSPECIFIED., .F., .F.,
 ( 4, 4 ),
 ( 3.126671770213789892E-07, 0.0004297571999625549900 ),
 .UNSPECIFIED. ) ;
#821 = DIRECTION ( 'NONE',  ( 0.3090169943749450643, -0.9510565162951543083, 0.000000000000000000 ) ) ;
#822 = AXIS2_PLACEMENT_3D ( 'NONE', #459, #1841, #865 ) ;
#823 = CARTESIAN_POINT ( 'NONE',  ( 0.000000000000000000, 0.000000000000000000, -7.000000000000000000 ) ) ;
#824 = EDGE_LOOP ( 'NONE', ( #1238, #3114 ) ) ;
#825 = EDGE_CURVE ( 'NONE', #1239, #226, #2200, .T. ) ;
#826 = ORIENTED_EDGE ( 'NONE', *, *, #2596, .T. ) ;
#827 = DIRECTION ( 'NONE',  ( -0.3090169943749575543, -0.9510565162951503115, 0.000000000000000000 ) ) ;
#828 = ORIENTED_EDGE ( 'NONE', *, *, #975, .T. ) ;
#829 = LINE ( 'NONE', #3875, #718 ) ;
#830 = CIRCLE ( 'NONE', #3360, 1.973045005896730153 ) ;
#831 = AXIS2_PLACEMENT_3D ( 'NONE', #852, #4327, #4349 ) ;
#832 = DIRECTION ( 'NONE',  ( 1.000000000000000000, 2.208718528794109349E-15, 0.000000000000000000 ) ) ;
#833 = CARTESIAN_POINT ( 'NONE',  ( 0.2807562157288685523, 4.240716442693335253, -6.719500000000000028 ) ) ;
#834 = DIRECTION ( 'NONE',  ( 1.000000000000000000, 0.000000000000000000, -0.000000000000000000 ) ) ;
#835 = ORIENTED_EDGE ( 'NONE', *, *, #2405, .T. ) ;
#836 = AXIS2_PLACEMENT_3D ( 'NONE', #3828, #1677, #1380 ) ;
#837 = EDGE_CURVE ( 'NONE', #1462, #930, #1867, .T. ) ;
#838 = EDGE_CURVE ( 'NONE', #4126, #506, #182, .T. ) ;
#839 = DIRECTION ( 'NONE',  ( -1.000000000000000000, 0.000000000000000000, 0.000000000000000000 ) ) ;
#840 = AXIS2_PLACEMENT_3D ( 'NONE', #2704, #3392, #691 ) ;
#841 = DIRECTION ( 'NONE',  ( 0.000000000000000000, 0.000000000000000000, -1.000000000000000000 ) ) ;
#842 = ORIENTED_EDGE ( 'NONE', *, *, #1993, .T. ) ;
#843 = FACE_OUTER_BOUND ( 'NONE', #2885, .T. ) ;
#844 = ORIENTED_EDGE ( 'NONE', *, *, #1898, .F. ) ;
#845 = AXIS2_PLACEMENT_3D ( 'NONE', #644, #1329, #1019 ) ;
#846 = DIRECTION ( 'NONE',  ( -0.8090169943749506709, -0.5877852522924688072, 0.000000000000000000 ) ) ;
#847 = VECTOR ( 'NONE', #2264, 1000.000000000000000 ) ;
#848 = FACE_OUTER_BOUND ( 'NONE', #414, .T. ) ;
#849 = ORIENTED_EDGE ( 'NONE', *, *, #1368, .T. ) ;
#850 = EDGE_LOOP ( 'NONE', ( #3888, #2326, #3253, #102 ) ) ;
#851 = AXIS2_PLACEMENT_3D ( 'NONE', #1240, #4367, #4007 ) ;
#852 = CARTESIAN_POINT ( 'NONE',  ( 2.192825923109535058, 2.486578571312274999, -7.000000000000000000 ) ) ;
#853 = CARTESIAN_POINT ( 'NONE',  ( -2.915754113987909957, -2.832839718660769890, -6.904494549002080817 ) ) ;
#854 = AXIS2_PLACEMENT_3D ( 'NONE', #3479, #3428, #323 ) ;
#855 = DIRECTION ( 'NONE',  ( 0.000000000000000000, 0.000000000000000000, 1.000000000000000000 ) ) ;
#856 = CYLINDRICAL_SURFACE ( 'NONE', #2884, 1.973045005896730153 ) ;
#857 = B_SPLINE_CURVE_WITH_KNOTS ( 'NONE', 3,
 ( #3461, #1748, #642, #3121 ),
 .UNSPECIFIED., .F., .F.,
 ( 4, 4 ),
 ( 2.997650960577465129E-07, 0.0004297442978817254955 ),
 .UNSPECIFIED. ) ;
#858 = DIRECTION ( 'NONE',  ( 1.000000000000000000, 0.000000000000000000, 0.000000000000000000 ) ) ;
#859 = DIRECTION ( 'NONE',  ( 1.000000000000000000, 0.000000000000000000, 0.000000000000000000 ) ) ;
#860 = EDGE_LOOP ( 'NONE', ( #4364, #537, #505, #1778 ) ) ;
#861 = CARTESIAN_POINT ( 'NONE',  ( -2.465546629779824972, 1.976326718222530143, -4.000000000000000000 ) ) ;
#862 = CARTESIAN_POINT ( 'NONE',  ( -2.778539377712839542, 1.740006260178474928, -7.000000000000000000 ) ) ;
#863 = EDGE_CURVE ( 'NONE', #4345, #733, #2807, .T. ) ;
#864 = EDGE_LOOP ( 'NONE', ( #3273, #723, #136, #1320 ) ) ;
#865 = DIRECTION ( 'NONE',  ( 1.000000000000000000, 0.000000000000000000, 0.000000000000000000 ) ) ;
#866 = EDGE_CURVE ( 'NONE', #3227, #132, #2640, .T. ) ;
#867 = ORIENTED_EDGE ( 'NONE', *, *, #2984, .T. ) ;
#868 = DIRECTION ( 'NONE',  ( -0.000000000000000000, -0.000000000000000000, 1.000000000000000000 ) ) ;
#869 = VECTOR ( 'NONE', #2806, 1000.000000000000000 ) ;
#870 = CARTESIAN_POINT ( 'NONE',  ( 2.248760605675605095, -3.271086362106865320, -7.000000000000000000 ) ) ;
#871 = VERTEX_POINT ( 'NONE', #3354 ) ;
#872 = AXIS2_PLACEMENT_3D ( 'NONE', #2774, #4150, #4464 ) ;
#873 = AXIS2_PLACEMENT_3D ( 'NONE', #3209, #4171, #1764 ) ;
#874 = CIRCLE ( 'NONE', #3627, 1.973045005896729709 ) ;
#875 = DIRECTION ( 'NONE',  ( 0.000000000000000000, 0.000000000000000000, -1.000000000000000000 ) ) ;
#876 = CARTESIAN_POINT ( 'NONE',  ( 3.339329057571644999, -2.628950635755705090, -6.719500000002040174 ) ) ;
#877 = EDGE_CURVE ( 'NONE', #4385, #4384, #3177, .T. ) ;
#878 = CARTESIAN_POINT ( 'NONE',  ( -1.687256277579699981, -2.853896419658300321, -7.000000000000000000 ) ) ;
#879 = VERTEX_POINT ( 'NONE', #1616 ) ;
#880 = EDGE_CURVE ( 'NONE', #3790, #798, #601, .T. ) ;
#881 = VECTOR ( 'NONE', #4402, 1000.000000000000000 ) ;
#882 = CARTESIAN_POINT ( 'NONE',  ( 0.000000000000000000, 0.000000000000000000, 6.000000000000000000 ) ) ;
#883 = CARTESIAN_POINT ( 'NONE',  ( 3.452313666459049468, 0.8132277084701610148, -4.000000000000000000 ) ) ;
#884 = ORIENTED_EDGE ( 'NONE', *, *, #1513, .T. ) ;
#885 = ORIENTED_EDGE ( 'NONE', *, *, #2531, .F. ) ;
#886 = CARTESIAN_POINT ( 'NONE',  ( 1.981338335721419819, -3.759893402664585160, -6.719500000000000028 ) ) ;
#887 = FACE_OUTER_BOUND ( 'NONE', #1965, .T. ) ;
#888 = ORIENTED_EDGE ( 'NONE', *, *, #3298, .F. ) ;
#889 = CIRCLE ( 'NONE', #1406, 0.1963495408493620142 ) ;
#890 = ORIENTED_EDGE ( 'NONE', *, *, #837, .T. ) ;
#891 = ORIENTED_EDGE ( 'NONE', *, *, #693, .T. ) ;
#892 = DIRECTION ( 'NONE',  ( 0.000000000000000000, 0.000000000000000000, 1.000000000000000000 ) ) ;
#893 = ADVANCED_FACE ( 'NONE', ( #1215 ), #4043, .T. ) ;
#894 = EDGE_CURVE ( 'NONE', #3246, #3000, #4404, .T. ) ;
#895 = FILL_AREA_STYLE ('',( #2927 ) ) ;
#896 = AXIS2_PLACEMENT_3D ( 'NONE', #694, #363, #1071 ) ;
#897 = EDGE_CURVE ( 'NONE', #4373, #3380, #2226, .T. ) ;
#898 = LINE ( 'NONE', #289, #3145 ) ;
#899 = CIRCLE ( 'NONE', #532, 1.973045005896729709 ) ;
#900 = ORIENTED_EDGE ( 'NONE', *, *, #4241, .F. ) ;
#901 = EDGE_CURVE ( 'NONE', #1790, #2399, #955, .T. ) ;
#902 = CARTESIAN_POINT ( 'NONE',  ( 2.265494034368440435, 3.595836033556544908, -7.000000000000000000 ) ) ;
#903 = CARTESIAN_POINT ( 'NONE',  ( -2.314977172283870122, 2.687134095881360096, -7.000000000000000000 ) ) ;
#904 = ORIENTED_EDGE ( 'NONE', *, *, #1898, .T. ) ;
#905 = CIRCLE ( 'NONE', #596, 0.1963495408493620142 ) ;
#906 = ORIENTED_EDGE ( 'NONE', *, *, #3688, .T. ) ;
#907 = CARTESIAN_POINT ( 'NONE',  ( -1.431569119554315872, 2.888155008907944854, -7.000000000000000000 ) ) ;
#908 = EDGE_CURVE ( 'NONE', #3174, #191, #1923, .T. ) ;
#909 = CARTESIAN_POINT ( 'NONE',  ( -1.021880978632927928, 3.396405191220819741, -7.000000000000000000 ) ) ;
#910 = EDGE_LOOP ( 'NONE', ( #1755, #3638, #1811, #2905 ) ) ;
#911 = ORIENTED_EDGE ( 'NONE', *, *, #373, .F. ) ;
#912 = VECTOR ( 'NONE', #1725, 1000.000000000000000 ) ;
#913 = ORIENTED_EDGE ( 'NONE', *, *, #2984, .F. ) ;
#914 = CIRCLE ( 'NONE', #3448, 1.973045005896729709 ) ;
#915 = DIRECTION ( 'NONE',  ( 1.000000000000000000, 0.000000000000000000, 0.000000000000000000 ) ) ;
#916 = CIRCLE ( 'NONE', #2799, 0.1963495408493620142 ) ;
#917 = CARTESIAN_POINT ( 'NONE',  ( 2.192825923109499975, -2.486578571312304753, -4.000000000000000000 ) ) ;
#918 = LINE ( 'NONE', #3642, #2955 ) ;
#919 = SURFACE_STYLE_USAGE ( .BOTH. , #2311 ) ;
#920 = EDGE_CURVE ( 'NONE', #3203, #1174, #1969, .T. ) ;
#921 = EDGE_CURVE ( 'NONE', #332, #2901, #1048, .T. ) ;
#922 = FACE_OUTER_BOUND ( 'NONE', #29, .T. ) ;
#923 = CIRCLE ( 'NONE', #703, 1.899999999999999911 ) ;
#924 = DIRECTION ( 'NONE',  ( 0.1045284632676433401, -0.9945218953682744001, 0.000000000000000000 ) ) ;
#925 = ORIENTED_EDGE ( 'NONE', *, *, #2503, .F. ) ;
#926 = CIRCLE ( 'NONE', #1001, 1.100000000000000089 ) ;
#927 = CARTESIAN_POINT ( 'NONE',  ( 2.192825923109499975, -2.486578571312304753, -7.000000000000000000 ) ) ;
#928 = CARTESIAN_POINT ( 'NONE',  ( -3.812946277480765200, 1.877216206255485131, -7.000000000000000000 ) ) ;
#929 = ORIENTED_EDGE ( 'NONE', *, *, #3304, .T. ) ;
#930 = VERTEX_POINT ( 'NONE', #1990 ) ;
#931 = DIRECTION ( 'NONE',  ( -0.4999999999999921729, 0.8660254037844432595, 0.000000000000000000 ) ) ;
#932 = ADVANCED_FACE ( 'NONE', ( #2941 ), #2918, .F. ) ;
#933 = CARTESIAN_POINT ( 'NONE',  ( 1.899999999999999911, 0.000000000000000000, -14.00000000000000000 ) ) ;
#934 = ORIENTED_EDGE ( 'NONE', *, *, #2170, .F. ) ;
#935 = ORIENTED_EDGE ( 'NONE', *, *, #4257, .T. ) ;
#936 = ORIENTED_EDGE ( 'NONE', *, *, #1089, .F. ) ;
#937 = DIRECTION ( 'NONE',  ( 1.000000000000000000, 0.000000000000000000, 0.000000000000000000 ) ) ;
#938 = EDGE_CURVE ( 'NONE', #801, #3672, #1426, .T. ) ;
#939 = CIRCLE ( 'NONE', #1011, 4.250000000000000000 ) ;
#940 = CARTESIAN_POINT ( 'NONE',  ( 0.000000000000000000, 0.000000000000000000, 21.00099999999999767 ) ) ;
#941 = CARTESIAN_POINT ( 'NONE',  ( -3.057794340530225252, 0.6149303048044829634, -4.000000000000000000 ) ) ;
#942 = CARTESIAN_POINT ( 'NONE',  ( -2.719767133970374839, -3.265787307369320214, -6.719500000000000028 ) ) ;
#943 = DIRECTION ( 'NONE',  ( 0.000000000000000000, 0.000000000000000000, -1.000000000000000000 ) ) ;
#944 = CIRCLE ( 'NONE', #567, 0.1963495408493620142 ) ;
#945 = CARTESIAN_POINT ( 'NONE',  ( 0.000000000000000000, 0.000000000000000000, -7.000000000000000000 ) ) ;
#946 = DIRECTION ( 'NONE',  ( 1.000000000000000000, 0.000000000000000000, 0.000000000000000000 ) ) ;
#947 = EDGE_CURVE ( 'NONE', #4378, #1686, #1581, .T. ) ;
#948 = CARTESIAN_POINT ( 'NONE',  ( 0.000000000000000000, 0.000000000000000000, -4.000000000000000000 ) ) ;
#949 = ORIENTED_EDGE ( 'NONE', *, *, #3504, .F. ) ;
#950 = EDGE_CURVE ( 'NONE', #3741, #2535, #2614, .T. ) ;
#951 = CARTESIAN_POINT ( 'NONE',  ( -3.946402564646880329, 1.577468477576810191, -6.719500000000000028 ) ) ;
#952 = CARTESIAN_POINT ( 'NONE',  ( -3.595208244820274679, -1.897651334561230030, -6.904494550673909714 ) ) ;
#953 = ORIENTED_EDGE ( 'NONE', *, *, #1477, .F. ) ;
#954 = ORIENTED_EDGE ( 'NONE', *, *, #4360, .F. ) ;
#955 = LINE ( 'NONE', #3980, #3751 ) ;
#956 = CARTESIAN_POINT ( 'NONE',  ( 2.266443087373129828, -3.534646590994565241, -4.000000000000000000 ) ) ;
#957 = VERTEX_POINT ( 'NONE', #557 ) ;
#958 = ORIENTED_EDGE ( 'NONE', *, *, #399, .T. ) ;
#959 = VERTEX_POINT ( 'NONE', #4138 ) ;
#960 = CARTESIAN_POINT ( 'NONE',  ( 2.266443087373180454, 3.534646590994565241, -6.770632201231959080 ) ) ;
#961 = CARTESIAN_POINT ( 'NONE',  ( 4.119919448519784311, 1.043438420659529964, -4.000000000000000000 ) ) ;
#962 = ADVANCED_FACE ( 'NONE', ( #1029 ), #700, .T. ) ;
#963 = DIRECTION ( 'NONE',  ( 0.8660254037844431485, 0.4999999999999921174, 0.000000000000000000 ) ) ;
#964 = DIRECTION ( 'NONE',  ( 1.000000000000000000, -1.325231117276465688E-14, 0.000000000000000000 ) ) ;
#965 = CARTESIAN_POINT ( 'NONE',  ( 4.188138338524034054, 0.7224937767103070119, -4.000000000000000000 ) ) ;
#966 = ORIENTED_EDGE ( 'NONE', *, *, #1038, .F. ) ;
#967 = DIRECTION ( 'NONE',  ( 1.000000000000000000, 0.000000000000000000, 0.000000000000000000 ) ) ;
#968 = AXIS2_PLACEMENT_3D ( 'NONE', #306, #1012, #2630 ) ;
#969 = CIRCLE ( 'NONE', #1481, 1.973045005896730153 ) ;
#970 = CARTESIAN_POINT ( 'NONE',  ( -1.830597722194789778, 2.719708594400580548, -4.000000000000000000 ) ) ;
#971 = CARTESIAN_POINT ( 'NONE',  ( -0.2919351088493810087, -3.105321142968425097, -4.000000000000000000 ) ) ;
#972 = DIRECTION ( 'NONE',  ( 0.000000000000000000, 0.000000000000000000, -1.000000000000000000 ) ) ;
#973 = ORIENTED_EDGE ( 'NONE', *, *, #894, .T. ) ;
#974 = ORIENTED_EDGE ( 'NONE', *, *, #2519, .F. ) ;
#975 = EDGE_CURVE ( 'NONE', #2374, #3693, #785, .T. ) ;
#976 = AXIS2_PLACEMENT_3D ( 'NONE', #2750, #1747, #1448 ) ;
#977 = EDGE_CURVE ( 'NONE', #3106, #930, #708, .T. ) ;
#978 = DIRECTION ( 'NONE',  ( 0.000000000000000000, 0.000000000000000000, 1.000000000000000000 ) ) ;
#979 = DIRECTION ( 'NONE',  ( 0.000000000000000000, 0.000000000000000000, 1.000000000000000000 ) ) ;
#980 = ORIENTED_EDGE ( 'NONE', *, *, #265, .F. ) ;
#981 = ORIENTED_EDGE ( 'NONE', *, *, #1126, .F. ) ;
#982 = CYLINDRICAL_SURFACE ( 'NONE', #701, 4.250000000000000000 ) ;
#983 = CARTESIAN_POINT ( 'NONE',  ( 3.315174937983395242, -0.03425858924962450064, -4.000000000000000000 ) ) ;
#984 = CARTESIAN_POINT ( 'NONE',  ( 0.000000000000000000, 0.000000000000000000, -6.719500000000000028 ) ) ;
#985 = FACE_OUTER_BOUND ( 'NONE', #2760, .T. ) ;
#986 = AXIS2_PLACEMENT_3D ( 'NONE', #364, #993, #2086 ) ;
#987 = CARTESIAN_POINT ( 'NONE',  ( 2.769326221617629979, -1.447914803522992067, -7.000000000000000000 ) ) ;
#988 = DIRECTION ( 'NONE',  ( 0.000000000000000000, 0.000000000000000000, -1.000000000000000000 ) ) ;
#989 = VERTEX_POINT ( 'NONE', #2394 ) ;
#990 = CARTESIAN_POINT ( 'NONE',  ( -1.899999999999999911, 2.326828918379971365E-16, -24.00000000000000000 ) ) ;
#991 = EDGE_CURVE ( 'NONE', #2769, #1922, #926, .T. ) ;
#992 = DIRECTION ( 'NONE',  ( 0.7431448254773862505, -0.6691306063588672304, 0.000000000000000000 ) ) ;
#993 = DIRECTION ( 'NONE',  ( 0.000000000000000000, 0.000000000000000000, 1.000000000000000000 ) ) ;
#994 = CARTESIAN_POINT ( 'NONE',  ( 0.000000000000000000, 0.000000000000000000, -7.000000000000000000 ) ) ;
#995 = CIRCLE ( 'NONE', #4333, 0.1963495408493620142 ) ;
#996 = DIRECTION ( 'NONE',  ( 0.000000000000000000, 0.000000000000000000, 1.000000000000000000 ) ) ;
#997 = EDGE_LOOP ( 'NONE', ( #2558, #737, #3230, #4253 ) ) ;
#998 = VECTOR ( 'NONE', #2856, 1000.000000000000000 ) ;
#999 = ORIENTED_EDGE ( 'NONE', *, *, #1227, .F. ) ;
#1000 = DIRECTION ( 'NONE',  ( 0.000000000000000000, 0.000000000000000000, -1.000000000000000000 ) ) ;
#1001 = AXIS2_PLACEMENT_3D ( 'NONE', #3742, #1390, #13 ) ;
#1002 = EDGE_CURVE ( 'NONE', #2793, #2703, #1734, .T. ) ;
#1003 = EDGE_CURVE ( 'NONE', #3169, #87, #1086, .T. ) ;
#1004 = ORIENTED_EDGE ( 'NONE', *, *, #126, .F. ) ;
#1005 = CIRCLE ( 'NONE', #4123, 1.973045005896730153 ) ;
#1006 = EDGE_LOOP ( 'NONE', ( #4459, #913, #3148, #4137 ) ) ;
#1007 = LINE ( 'NONE', #1085, #1930 ) ;
#1008 = DIRECTION ( 'NONE',  ( 1.000000000000000000, 0.000000000000000000, 0.000000000000000000 ) ) ;
#1009 = CARTESIAN_POINT ( 'NONE',  ( -1.169637804266636216, -3.348396088319579800, -7.000000000000000000 ) ) ;
#1010 = DIRECTION ( 'NONE',  ( 1.000000000000000000, 0.000000000000000000, 0.000000000000000000 ) ) ;
#1011 = AXIS2_PLACEMENT_3D ( 'NONE', #470, #2168, #3213 ) ;
#1012 = DIRECTION ( 'NONE',  ( 0.000000000000000000, 0.000000000000000000, 1.000000000000000000 ) ) ;
#1013 = AXIS2_PLACEMENT_3D ( 'NONE', #4075, #2290, #943 ) ;
#1014 = AXIS2_PLACEMENT_3D ( 'NONE', #435, #2889, #834 ) ;
#1015 = CIRCLE ( 'NONE', #288, 1.899999999999999911 ) ;
#1016 = CYLINDRICAL_SURFACE ( 'NONE', #1346, 4.250000000000000000 ) ;
#1017 = EDGE_CURVE ( 'NONE', #2299, #3849, #727, .T. ) ;
#1018 = VERTEX_POINT ( 'NONE', #3107 ) ;
#1019 = DIRECTION ( 'NONE',  ( 1.000000000000000000, 0.000000000000000000, 0.000000000000000000 ) ) ;
#1020 = AXIS2_PLACEMENT_3D ( 'NONE', #1223, #4369, #2584 ) ;
#1021 = VECTOR ( 'NONE', #2402, 1000.000000000000000 ) ;
#1022 = CARTESIAN_POINT ( 'NONE',  ( -2.416082756611245053, 3.149519703574790164, -7.000000000000000000 ) ) ;
#1023 = DIRECTION ( 'NONE',  ( -0.9945218953682730678, 0.1045284632676570097, 0.000000000000000000 ) ) ;
#1024 = DIRECTION ( 'NONE',  ( 0.9510565162951502005, -0.3090169943749575543, 0.000000000000000000 ) ) ;
#1025 = EDGE_CURVE ( 'NONE', #3587, #773, #3606, .T. ) ;
#1026 = PLANE ( 'NONE',  #755 ) ;
#1027 = VERTEX_POINT ( 'NONE', #4110 ) ;
#1028 = ORIENTED_EDGE ( 'NONE', *, *, #2593, .T. ) ;
#1029 = FACE_OUTER_BOUND ( 'NONE', #3593, .T. ) ;
#1030 = CARTESIAN_POINT ( 'NONE',  ( 2.232817674378795303, 2.186355468120789958, -7.000000000000000000 ) ) ;
#1031 = ORIENTED_EDGE ( 'NONE', *, *, #3327, .T. ) ;
#1032 = DIRECTION ( 'NONE',  ( 0.000000000000000000, 0.000000000000000000, -1.000000000000000000 ) ) ;
#1033 = ORIENTED_EDGE ( 'NONE', *, *, #2378, .F. ) ;
#1034 = CARTESIAN_POINT ( 'NONE',  ( 0.9963519047475369872, -2.955592730849700089, -4.000000000000000000 ) ) ;
#1035 = DIRECTION ( 'NONE',  ( 1.000000000000000000, 0.000000000000000000, 0.000000000000000000 ) ) ;
#1036 = ORIENTED_EDGE ( 'NONE', *, *, #675, .F. ) ;
#1037 = DIRECTION ( 'NONE',  ( 0.000000000000000000, 0.000000000000000000, 1.000000000000000000 ) ) ;
#1038 = EDGE_CURVE ( 'NONE', #1471, #3630, #4162, .T. ) ;
#1039 = EDGE_CURVE ( 'NONE', #1214, #2173, #3906, .T. ) ;
#1040 = DIRECTION ( 'NONE',  ( 1.000000000000000000, -2.208718528794109349E-15, 0.000000000000000000 ) ) ;
#1041 = FACE_OUTER_BOUND ( 'NONE', #3122, .T. ) ;
#1042 = ORIENTED_EDGE ( 'NONE', *, *, #1644, .T. ) ;
#1043 = DIRECTION ( 'NONE',  ( 0.000000000000000000, 0.000000000000000000, 1.000000000000000000 ) ) ;
#1044 = CARTESIAN_POINT ( 'NONE',  ( -2.963603903834779896, 3.046235693634889774, -6.719500000000000028 ) ) ;
#1045 = CARTESIAN_POINT ( 'NONE',  ( 0.000000000000000000, 0.000000000000000000, -6.719500000000000028 ) ) ;
#1046 = CIRCLE ( 'NONE', #668, 0.1963495408493620142 ) ;
#1047 = CARTESIAN_POINT ( 'NONE',  ( -1.511454208616950012, -3.773871901267640272, -6.904494545693079743 ) ) ;
#1048 = B_SPLINE_CURVE_WITH_KNOTS ( 'NONE', 3,
 ( #886, #2244, #4362, #251 ),
 .UNSPECIFIED., .F., .F.,
 ( 4, 4 ),
 ( 2.942059238062070373E-07, 0.0004297387387146674913 ),
 .UNSPECIFIED. ) ;
#1049 = DIRECTION ( 'NONE',  ( 0.000000000000000000, 0.000000000000000000, 1.000000000000000000 ) ) ;
#1050 = ORIENTED_EDGE ( 'NONE', *, *, #71, .F. ) ;
#1051 = ORIENTED_EDGE ( 'NONE', *, *, #1136, .F. ) ;
#1052 = DIRECTION ( 'NONE',  ( 1.000000000000000000, 1.758422611539356949E-15, 0.000000000000000000 ) ) ;
#1053 = EDGE_CURVE ( 'NONE', #3630, #524, #2949, .T. ) ;
#1054 = LINE ( 'NONE', #702, #2506 ) ;
#1055 = ORIENTED_EDGE ( 'NONE', *, *, #358, .T. ) ;
#1057 = AXIS2_PLACEMENT_3D ( 'NONE', #419, #1804, #3135 ) ;
#1056 = CARTESIAN_POINT ( 'NONE',  ( 0.6550992260090300334, 4.106972087341575595, -6.811067230416139928 ) ) ;
#1058 = CARTESIAN_POINT ( 'NONE',  ( 1.057027249707747973, 3.142332241146029936, -7.000000000000000000 ) ) ;
#1059 = ORIENTED_EDGE ( 'NONE', *, *, #2246, .T. ) ;
#1060 = DIRECTION ( 'NONE',  ( 0.000000000000000000, 0.000000000000000000, -1.000000000000000000 ) ) ;
#1061 = CYLINDRICAL_SURFACE ( 'NONE', #3806, 1.973045005896729709 ) ;
#1062 = ORIENTED_EDGE ( 'NONE', *, *, #49, .T. ) ;
#1063 = DIRECTION ( 'NONE',  ( 1.000000000000000000, 0.000000000000000000, 0.000000000000000000 ) ) ;
#1064 = AXIS2_PLACEMENT_3D ( 'NONE', #1403, #2056, #4100 ) ;
#1065 = DIRECTION ( 'NONE',  ( 0.000000000000000000, 0.000000000000000000, 1.000000000000000000 ) ) ;
#1066 = CARTESIAN_POINT ( 'NONE',  ( 0.000000000000000000, 0.000000000000000000, -4.000000000000000000 ) ) ;
#1067 = EDGE_CURVE ( 'NONE', #2262, #3254, #1366, .T. ) ;
#1068 = ORIENTED_EDGE ( 'NONE', *, *, #463, .T. ) ;
#1069 = CARTESIAN_POINT ( 'NONE',  ( -2.503046055244360080, -1.860915353816845030, -4.000000000000000000 ) ) ;
#1070 = VECTOR ( 'NONE', #1023, 999.9999999999998863 ) ;
#1071 = DIRECTION ( 'NONE',  ( 1.000000000000000000, 8.792113057696784744E-16, 0.000000000000000000 ) ) ;
#1072 = DIRECTION ( 'NONE',  ( 1.000000000000000000, 0.000000000000000000, 0.000000000000000000 ) ) ;
#1073 = CARTESIAN_POINT ( 'NONE',  ( -1.830597722194789778, 2.719708594400580548, -7.000000000000000000 ) ) ;
#1074 = CARTESIAN_POINT ( 'NONE',  ( -1.729456388963985125, -2.602807253461474790, -7.000000000000000000 ) ) ;
#1075 = ORIENTED_EDGE ( 'NONE', *, *, #2741, .T. ) ;
#1076 = VERTEX_POINT ( 'NONE', #3496 ) ;
#1077 = CARTESIAN_POINT ( 'NONE',  ( 3.014628782297434917, 1.379699904078589778, -7.000000000000000000 ) ) ;
#1078 = AXIS2_PLACEMENT_3D ( 'NONE', #4408, #3770, #3378 ) ;
#1079 = CARTESIAN_POINT ( 'NONE',  ( -1.627918660403679940, 2.888155008907944854, -7.000000000000000000 ) ) ;
#1080 = VECTOR ( 'NONE', #2770, 1000.000000000000000 ) ;
#1081 = ORIENTED_EDGE ( 'NONE', *, *, #1153, .F. ) ;
#1082 = EDGE_CURVE ( 'NONE', #3408, #3724, #4087, .T. ) ;
#1083 = DIRECTION ( 'NONE',  ( 1.000000000000000000, 0.000000000000000000, 0.000000000000000000 ) ) ;
#1084 = ORIENTED_EDGE ( 'NONE', *, *, #3553, .T. ) ;
#1085 = CARTESIAN_POINT ( 'NONE',  ( -1.830597722194829968, -2.719708594400555235, -7.000000000000000000 ) ) ;
#1086 = CIRCLE ( 'NONE', #352, 0.1963495408493620142 ) ;
#1087 = CARTESIAN_POINT ( 'NONE',  ( 2.823075960151754771, 2.147102950642279851, -7.000000000000000000 ) ) ;
#1088 = EDGE_LOOP ( 'NONE', ( #2805, #4047, #1950, #455 ) ) ;
#1089 = EDGE_CURVE ( 'NONE', #1256, #3550, #3447, .T. ) ;
#1090 = CYLINDRICAL_SURFACE ( 'NONE', #1206, 0.1963495408493620142 ) ;
#1091 = CARTESIAN_POINT ( 'NONE',  ( 2.356053982267070079, 2.279673768679329804, -7.000000000000000000 ) ) ;
#1092 = VECTOR ( 'NONE', #4252, 1000.000000000000000 ) ;
#1093 = ORIENTED_EDGE ( 'NONE', *, *, #866, .F. ) ;
#1094 = CYLINDRICAL_SURFACE ( 'NONE', #4214, 1.973045005896730153 ) ;
#1095 = AXIS2_PLACEMENT_3D ( 'NONE', #2366, #2014, #3835 ) ;
#1096 = EDGE_CURVE ( 'NONE', #809, #3997, #2091, .T. ) ;
#1097 = CIRCLE ( 'NONE', #2238, 0.1963495408493620142 ) ;
#1098 = CYLINDRICAL_SURFACE ( 'NONE', #1627, 1.973045005896730153 ) ;
#1099 = CARTESIAN_POINT ( 'NONE',  ( 0.9963519047475749568, 2.955592730849684990, -4.000000000000000000 ) ) ;
#1100 =( LENGTH_UNIT ( ) NAMED_UNIT ( * ) SI_UNIT ( .MILLI., .METRE. ) );
#1101 = CARTESIAN_POINT ( 'NONE',  ( -3.884291789428380159, -1.486153495694735982, -6.811067206603270030 ) ) ;
#1102 = ORIENTED_EDGE ( 'NONE', *, *, #1602, .F. ) ;
#1103 = ORIENTED_EDGE ( 'NONE', *, *, #818, .F. ) ;
#1104 = EDGE_CURVE ( 'NONE', #4230, #1803, #70, .T. ) ;
#1105 = DIRECTION ( 'NONE',  ( 0.000000000000000000, 0.000000000000000000, 1.000000000000000000 ) ) ;
#1106 = ORIENTED_EDGE ( 'NONE', *, *, #991, .T. ) ;
#1107 = DIRECTION ( 'NONE',  ( 1.000000000000000000, 0.000000000000000000, 0.000000000000000000 ) ) ;
#1108 = ORIENTED_EDGE ( 'NONE', *, *, #177, .T. ) ;
#1109 = CARTESIAN_POINT ( 'NONE',  ( 4.015997136064509476, 1.080806009581191995, -6.811067241941510808 ) ) ;
#1110 = CARTESIAN_POINT ( 'NONE',  ( -1.529743889979034988, -2.718111318510970431, -4.000000000000000000 ) ) ;
#1111 = ORIENTED_EDGE ( 'NONE', *, *, #1183, .F. ) ;
#1112 = DIRECTION ( 'NONE',  ( 0.000000000000000000, 0.000000000000000000, 1.000000000000000000 ) ) ;
#1113 = EDGE_CURVE ( 'NONE', #1343, #1808, #2872, .T. ) ;
#1114 = DIRECTION ( 'NONE',  ( 0.000000000000000000, 0.000000000000000000, -1.000000000000000000 ) ) ;
#1115 = EDGE_LOOP ( 'NONE', ( #1928, #2403, #3315, #2125 ) ) ;
#1116 = CARTESIAN_POINT ( 'NONE',  ( -3.270983679872604633, 1.371304022983455884, -4.000000000000000000 ) ) ;
#1117 = EDGE_CURVE ( 'NONE', #226, #1291, #2582, .T. ) ;
#1118 = DIRECTION ( 'NONE',  ( -0.000000000000000000, -0.000000000000000000, 1.000000000000000000 ) ) ;
#1119 = CARTESIAN_POINT ( 'NONE',  ( 0.000000000000000000, 0.000000000000000000, 6.000000000000000000 ) ) ;
#1120 = DIRECTION ( 'NONE',  ( 1.000000000000000000, 0.000000000000000000, 0.000000000000000000 ) ) ;
#1121 = VERTEX_POINT ( 'NONE', #1365 ) ;
#1122 = AXIS2_PLACEMENT_3D ( 'NONE', #948, #2334, #3324 ) ;
#1123 = LINE ( 'NONE', #1030, #4268 ) ;
#1124 = EDGE_CURVE ( 'NONE', #1465, #3338, #629, .T. ) ;
#1125 = ORIENTED_EDGE ( 'NONE', *, *, #3546, .F. ) ;
#1126 = EDGE_CURVE ( 'NONE', #4165, #3105, #1332, .T. ) ;
#1127 = CARTESIAN_POINT ( 'NONE',  ( 2.112360622440709879, -2.294815484850040388, -4.000000000000000000 ) ) ;
#1128 = ORIENTED_EDGE ( 'NONE', *, *, #1351, .F. ) ;
#1129 = CARTESIAN_POINT ( 'NONE',  ( -3.000000000000000444, 3.673940397442060361E-16, -14.00000000000000000 ) ) ;
#1130 = FACE_OUTER_BOUND ( 'NONE', #2891, .T. ) ;
#1131 = EDGE_LOOP ( 'NONE', ( #1840, #390, #1514, #2621, #2164 ) ) ;
#1132 = DIRECTION ( 'NONE',  ( 0.000000000000000000, 0.000000000000000000, -1.000000000000000000 ) ) ;
#1133 = DIRECTION ( 'NONE',  ( 1.000000000000000000, 0.000000000000000000, 0.000000000000000000 ) ) ;
#1134 = ORIENTED_EDGE ( 'NONE', *, *, #3687, .T. ) ;
#1135 = FACE_OUTER_BOUND ( 'NONE', #1219, .T. ) ;
#1136 = EDGE_CURVE ( 'NONE', #2642, #576, #2050, .T. ) ;
#1137 = VECTOR ( 'NONE', #1179, 1000.000000000000000 ) ;
#1138 = DIRECTION ( 'NONE',  ( 1.000000000000000000, 0.000000000000000000, 0.000000000000000000 ) ) ;
#1139 = FACE_OUTER_BOUND ( 'NONE', #2282, .T. ) ;
#1140 = DIRECTION ( 'NONE',  ( 1.000000000000000000, 0.000000000000000000, 0.000000000000000000 ) ) ;
#1141 = ORIENTED_EDGE ( 'NONE', *, *, #230, .F. ) ;
#1142 = AXIS2_PLACEMENT_3D ( 'NONE', #4467, #688, #3755 ) ;
#1143 = CARTESIAN_POINT ( 'NONE',  ( 1.225135557480212078, -3.040879103936689809, -4.000000000000000000 ) ) ;
#1144 = VECTOR ( 'NONE', #805, 1000.000000000000114 ) ;
#1145 = CARTESIAN_POINT ( 'NONE',  ( 0.000000000000000000, 0.000000000000000000, -7.000000000000000000 ) ) ;
#1146 = EDGE_LOOP ( 'NONE', ( #631, #2472, #3933, #1362 ) ) ;
#1147 = FACE_OUTER_BOUND ( 'NONE', #3699, .T. ) ;
#1148 = DIRECTION ( 'NONE',  ( 0.000000000000000000, 0.000000000000000000, -1.000000000000000000 ) ) ;
#1149 = AXIS2_PLACEMENT_3D ( 'NONE', #3339, #1974, #2327 ) ;
#1150 = EDGE_LOOP ( 'NONE', ( #632, #256, #1599, #724 ) ) ;
#1151 = CARTESIAN_POINT ( 'NONE',  ( -2.963603903835769771, 3.046235693633934982, -4.000000000000000000 ) ) ;
#1152 = AXIS2_PLACEMENT_3D ( 'NONE', #2181, #4258, #172 ) ;
#1153 = EDGE_CURVE ( 'NONE', #2424, #1803, #3651, .T. ) ;
#1154 = EDGE_CURVE ( 'NONE', #3027, #2072, #4180, .T. ) ;
#1155 = CLOSED_SHELL ( 'NONE', ( #3864, #2070, #2140, #309, #962, #516, #592, #2945, #1810, #2961, #4146, #1319, #1967, #4309, #307, #4095, #550, #3940, #1759, #1631, #1692, #3326, #2120, #284, #1863, #3160, #4174, #252, #2438, #2362, #3405, #2815, #3470, #1834, #353, #1217, #2465, #1773, #4335, #4163, #2248, #3704, #757, #1208, #1892, #4128, #111, #1537, #1935, #2667, #1558, #375, #3936, #1207, #2057, #2775, #1850, #3139, #1913, #4204, #4058, #1657, #3231, #932, #4374, #3190, #2317, #1614, #3641, #548, #3876, #3573, #391, #156, #3112, #2032, #194, #4223, #3581, #3945, #2369, #1625, #3816, #2079, #3776, #2712, #2907, #3031, #3317, #2850, #600, #3683, #400, #1587, #3094, #3584, #427, #3567, #2269, #239, #4431, #1169, #2776, #1253, #3962, #3608, #3429, #1736, #3059, #3352, #2653, #2827, #47, #4418, #3170, #228, #3621, #1398, #2259, #526, #1799, #3140, #2548, #3635, #4479, #181, #3788, #893, #467, #3803, #2129, #4001 ) ) ;
#1156 = AXIS2_PLACEMENT_3D ( 'NONE', #350, #3115, #633 ) ;
#1157 = CYLINDRICAL_SURFACE ( 'NONE', #1355, 0.1963495408493620142 ) ;
#1158 = ORIENTED_EDGE ( 'NONE', *, *, #1053, .F. ) ;
#1159 = CIRCLE ( 'NONE', #351, 4.250000000000000000 ) ;
#1160 = AXIS2_PLACEMENT_3D ( 'NONE', #1315, #1000, #2371 ) ;
#1161 = CARTESIAN_POINT ( 'NONE',  ( -1.169637804266592251, 3.348396088319595343, -7.000000000000000000 ) ) ;
#1162 = ORIENTED_EDGE ( 'NONE', *, *, #2503, .T. ) ;
#1163 = DIRECTION ( 'NONE',  ( 0.000000000000000000, 0.000000000000000000, 1.000000000000000000 ) ) ;
#1164 = DIRECTION ( 'NONE',  ( 0.000000000000000000, 0.000000000000000000, -1.000000000000000000 ) ) ;
#1165 = DIRECTION ( 'NONE',  ( 1.000000000000000000, 0.000000000000000000, 0.000000000000000000 ) ) ;
#1166 = CARTESIAN_POINT ( 'NONE',  ( 0.000000000000000000, 0.000000000000000000, -6.719500000000000028 ) ) ;
#1167 = ORIENTED_EDGE ( 'NONE', *, *, #3746, .F. ) ;
#1168 = CIRCLE ( 'NONE', #1377, 0.1963495408493620142 ) ;
#1169 = ADVANCED_FACE ( 'NONE', ( #2364 ), #2705, .F. ) ;
#1170 = DIRECTION ( 'NONE',  ( 1.000000000000000000, 0.000000000000000000, 0.000000000000000000 ) ) ;
#1171 = CARTESIAN_POINT ( 'NONE',  ( -2.314977172283904761, -2.687134095881329898, -7.000000000000000000 ) ) ;
#1172 = ORIENTED_EDGE ( 'NONE', *, *, #1356, .T. ) ;
#1173 = FACE_OUTER_BOUND ( 'NONE', #4344, .T. ) ;
#1174 = VERTEX_POINT ( 'NONE', #312 ) ;
#1175 = CARTESIAN_POINT ( 'NONE',  ( -1.169637804266636216, -3.348396088319579800, -7.000000000000000000 ) ) ;
#1176 = DIRECTION ( 'NONE',  ( 1.000000000000000000, 0.000000000000000000, 0.000000000000000000 ) ) ;
#1177 = ORIENTED_EDGE ( 'NONE', *, *, #4283, .T. ) ;
#1178 = ORIENTED_EDGE ( 'NONE', *, *, #661, .F. ) ;
#1179 = DIRECTION ( 'NONE',  ( 0.000000000000000000, 0.000000000000000000, 1.000000000000000000 ) ) ;
#1180 = ORIENTED_EDGE ( 'NONE', *, *, #2426, .F. ) ;
#1181 = DIRECTION ( 'NONE',  ( 0.000000000000000000, 0.000000000000000000, 1.000000000000000000 ) ) ;
#1182 = EDGE_CURVE ( 'NONE', #2691, #1291, #3653, .T. ) ;
#1183 = EDGE_CURVE ( 'NONE', #2173, #1214, #2618, .T. ) ;
#1184 = DIRECTION ( 'NONE',  ( 0.000000000000000000, 0.000000000000000000, 1.000000000000000000 ) ) ;
#1185 = DIRECTION ( 'NONE',  ( 0.000000000000000000, 0.000000000000000000, -1.000000000000000000 ) ) ;
#1186 = FACE_BOUND ( 'NONE', #3556, .T. ) ;
#1187 = ORIENTED_EDGE ( 'NONE', *, *, #3044, .T. ) ;
#1188 = CIRCLE ( 'NONE', #1611, 0.1963495408493620142 ) ;
#1189 = STYLED_ITEM ( 'NONE', ( #3365 ), #67 ) ;
#1190 = LINE ( 'NONE', #2551, #2515 ) ;
#1191 = FACE_OUTER_BOUND ( 'NONE', #1886, .T. ) ;
#1192 = VERTEX_POINT ( 'NONE', #4472 ) ;
#1193 = DIRECTION ( 'NONE',  ( 0.000000000000000000, 0.000000000000000000, 1.000000000000000000 ) ) ;
#1194 = EDGE_LOOP ( 'NONE', ( #2204, #540, #295, #2786 ) ) ;
#1195 = CARTESIAN_POINT ( 'NONE',  ( 0.000000000000000000, 0.000000000000000000, -7.000000000000000000 ) ) ;
#1196 = EDGE_CURVE ( 'NONE', #206, #2484, #666, .T. ) ;
#1197 = DIRECTION ( 'NONE',  ( 0.000000000000000000, 0.000000000000000000, -1.000000000000000000 ) ) ;
#1198 = ORIENTED_EDGE ( 'NONE', *, *, #2986, .T. ) ;
#1199 = AXIS2_PLACEMENT_3D ( 'NONE', #2292, #2996, #946 ) ;
#1200 = EDGE_LOOP ( 'NONE', ( #1654, #1328, #1598, #4048 ) ) ;
#1201 = CARTESIAN_POINT ( 'NONE',  ( -3.741981868893925256, -1.324576137060133885, -7.000000000000000000 ) ) ;
#1202 = CARTESIAN_POINT ( 'NONE',  ( 0.000000000000000000, 0.000000000000000000, -14.00000000000000000 ) ) ;
#1203 = DIRECTION ( 'NONE',  ( 0.000000000000000000, 0.000000000000000000, 1.000000000000000000 ) ) ;
#1204 = DIRECTION ( 'NONE',  ( 0.000000000000000000, 0.000000000000000000, 1.000000000000000000 ) ) ;
#1205 = CIRCLE ( 'NONE', #3798, 4.250000000000000000 ) ;
#1206 = AXIS2_PLACEMENT_3D ( 'NONE', #2431, #3485, #2454 ) ;
#1207 = ADVANCED_FACE ( 'NONE', ( #3833 ), #1098, .T. ) ;
#1208 = ADVANCED_FACE ( 'NONE', ( #3075 ), #2459, .T. ) ;
#1209 = DIRECTION ( 'NONE',  ( 1.000000000000000000, 0.000000000000000000, 0.000000000000000000 ) ) ;
#1210 = ORIENTED_EDGE ( 'NONE', *, *, #3718, .F. ) ;
#1211 = CARTESIAN_POINT ( 'NONE',  ( 3.484614976550514776, -0.6612619924382469039, -7.000000000000000000 ) ) ;
#1212 = CARTESIAN_POINT ( 'NONE',  ( -3.246046332586534966, 0.4594410361108809959, -4.000000000000000000 ) ) ;
#1213 = ORIENTED_EDGE ( 'NONE', *, *, #3540, .F. ) ;
#1214 = VERTEX_POINT ( 'NONE', #2061 ) ;
#1215 = FACE_OUTER_BOUND ( 'NONE', #3011, .T. ) ;
#1216 = LINE ( 'NONE', #2540, #1144 ) ;
#1217 = ADVANCED_FACE ( 'NONE', ( #2731 ), #3418, .T. ) ;
#1218 = ORIENTED_EDGE ( 'NONE', *, *, #335, .F. ) ;
#1219 = EDGE_LOOP ( 'NONE', ( #3034, #3186, #2360, #3457, #2043 ) ) ;
#1220 = CIRCLE ( 'NONE', #4401, 3.969500000000000028 ) ;
#1221 = AXIS2_PLACEMENT_3D ( 'NONE', #3453, #1060, #63 ) ;
#1222 = DIRECTION ( 'NONE',  ( 0.000000000000000000, 0.000000000000000000, 1.000000000000000000 ) ) ;
#1223 = CARTESIAN_POINT ( 'NONE',  ( -3.235607650385385003, -0.7227735835918119855, -7.000000000000000000 ) ) ;
#1224 = AXIS2_PLACEMENT_3D ( 'NONE', #4381, #3720, #3654 ) ;
#1225 = CARTESIAN_POINT ( 'NONE',  ( -1.899999999999999911, 0.000000000000000000, 20.99999999999999645 ) ) ;
#1226 = ORIENTED_EDGE ( 'NONE', *, *, #2188, .F. ) ;
#1227 = EDGE_CURVE ( 'NONE', #146, #4260, #53, .T. ) ;
#1228 = DIRECTION ( 'NONE',  ( 1.000000000000000000, 0.000000000000000000, 0.000000000000000000 ) ) ;
#1229 = LINE ( 'NONE', #1884, #382 ) ;
#1230 = ORIENTED_EDGE ( 'NONE', *, *, #321, .F. ) ;
#1231 = DIRECTION ( 'NONE',  ( -0.000000000000000000, -0.000000000000000000, -1.000000000000000000 ) ) ;
#1232 = ORIENTED_EDGE ( 'NONE', *, *, #2801, .T. ) ;
#1233 = EDGE_CURVE ( 'NONE', #442, #3105, #1709, .T. ) ;
#1234 = CARTESIAN_POINT ( 'NONE',  ( -1.071993138995654071, -4.018358573062810635, -6.811067207383659117 ) ) ;
#1235 = CIRCLE ( 'NONE', #2669, 4.250000000000000000 ) ;
#1236 = DIRECTION ( 'NONE',  ( 1.000000000000000000, 0.000000000000000000, 0.000000000000000000 ) ) ;
#1237 = ORIENTED_EDGE ( 'NONE', *, *, #3504, .T. ) ;
#1238 = ORIENTED_EDGE ( 'NONE', *, *, #1523, .F. ) ;
#1239 = VERTEX_POINT ( 'NONE', #2038 ) ;
#1240 = CARTESIAN_POINT ( 'NONE',  ( 0.000000000000000000, 0.000000000000000000, -24.00000000000000000 ) ) ;
#1241 = LINE ( 'NONE', #3919, #3951 ) ;
#1242 = DIRECTION ( 'NONE',  ( -0.7431448254773956874, -0.6691306063588566833, 0.000000000000000000 ) ) ;
#1243 = EDGE_CURVE ( 'NONE', #2517, #4230, #1562, .T. ) ;
#1244 = CARTESIAN_POINT ( 'NONE',  ( 2.266443087373315013, -3.554970677039980043, -6.753523193542580572 ) ) ;
#1245 = EDGE_LOOP ( 'NONE', ( #3804, #559, #4366, #3768 ) ) ;
#1246 = CARTESIAN_POINT ( 'NONE',  ( 3.339329057571644999, -2.628950635755705090, -6.719500000002040174 ) ) ;
#1247 = DIRECTION ( 'NONE',  ( 1.000000000000000000, 4.417437057588218697E-15, 0.000000000000000000 ) ) ;
#1248 = ORIENTED_EDGE ( 'NONE', *, *, #2852, .T. ) ;
#1249 = ORIENTED_EDGE ( 'NONE', *, *, #1294, .T. ) ;
#1250 = DIRECTION ( 'NONE',  ( 0.000000000000000000, 0.000000000000000000, -1.000000000000000000 ) ) ;
#1251 = EDGE_CURVE ( 'NONE', #1803, #2643, #2575, .T. ) ;
#1252 = CYLINDRICAL_SURFACE ( 'NONE', #2225, 1.973045005896729709 ) ;
#1253 = ADVANCED_FACE ( 'NONE', ( #337 ), #1407, .F. ) ;
#1254 = ORIENTED_EDGE ( 'NONE', *, *, #1643, .T. ) ;
#1255 = EDGE_LOOP ( 'NONE', ( #4361, #814, #2876, #4434, #925 ) ) ;
#1256 = VERTEX_POINT ( 'NONE', #4288 ) ;
#1257 = DIRECTION ( 'NONE',  ( 0.000000000000000000, 0.000000000000000000, 1.000000000000000000 ) ) ;
#1258 = VECTOR ( 'NONE', #855, 1000.000000000000000 ) ;
#1259 = AXIS2_PLACEMENT_3D ( 'NONE', #1283, #3093, #1326 ) ;
#1260 = DIRECTION ( 'NONE',  ( 1.000000000000000000, 0.000000000000000000, 0.000000000000000000 ) ) ;
#1261 = FACE_OUTER_BOUND ( 'NONE', #2341, .T. ) ;
#1262 = DIRECTION ( 'NONE',  ( 1.000000000000000000, 0.000000000000000000, 0.000000000000000000 ) ) ;
#1263 = AXIS2_PLACEMENT_3D ( 'NONE', #3286, #1531, #125 ) ;
#1264 = CARTESIAN_POINT ( 'NONE',  ( -3.270983679872624617, -1.371304022983409920, -7.000000000000000000 ) ) ;
#1265 = AXIS2_PLACEMENT_3D ( 'NONE', #3946, #2212, #493 ) ;
#1266 = ORIENTED_EDGE ( 'NONE', *, *, #571, .F. ) ;
#1267 = DIRECTION ( 'NONE',  ( 0.4999999999999921729, -0.8660254037844432595, 0.000000000000000000 ) ) ;
#1268 = EDGE_CURVE ( 'NONE', #20, #1808, #1339, .T. ) ;
#1269 = CARTESIAN_POINT ( 'NONE',  ( -1.440037872544359887, -2.945198428730914753, -7.000000000000000000 ) ) ;
#1270 = ORIENTED_EDGE ( 'NONE', *, *, #3044, .F. ) ;
#1271 = ORIENTED_EDGE ( 'NONE', *, *, #3130, .T. ) ;
#1272 = DIRECTION ( 'NONE',  ( 0.000000000000000000, 0.000000000000000000, 1.000000000000000000 ) ) ;
#1273 = CARTESIAN_POINT ( 'NONE',  ( -3.043548818098394726, -0.6819502185625320179, -4.000000000000000000 ) ) ;
#1274 = ORIENTED_EDGE ( 'NONE', *, *, #197, .T. ) ;
#1275 = ORIENTED_EDGE ( 'NONE', *, *, #634, .F. ) ;
#1276 = ORIENTED_EDGE ( 'NONE', *, *, #1826, .F. ) ;
#1277 = CONICAL_SURFACE ( 'NONE', #2078, 4.250000000000000000, 0.7853981633974391752 ) ;
#1278 = FACE_OUTER_BOUND ( 'NONE', #466, .T. ) ;
#1279 = EDGE_CURVE ( 'NONE', #3380, #4261, #116, .T. ) ;
#1280 = CARTESIAN_POINT ( 'NONE',  ( 0.4479077197208954919, 3.518406973625700207, -7.000000000000000000 ) ) ;
#1281 = DIRECTION ( 'NONE',  ( -0.9135454576426006446, 0.4067366430758007634, 0.000000000000000000 ) ) ;
#1282 = CIRCLE ( 'NONE', #133, 0.1963495408493620142 ) ;
#1283 = CARTESIAN_POINT ( 'NONE',  ( 0.000000000000000000, 0.000000000000000000, 6.000000000000000000 ) ) ;
#1284 = AXIS2_PLACEMENT_3D ( 'NONE', #3571, #4002, #1869 ) ;
#1285 = CIRCLE ( 'NONE', #3826, 1.973045005896731263 ) ;
#1286 = CARTESIAN_POINT ( 'NONE',  ( -2.963603903834779896, 3.046235693634889774, -6.719500000000000028 ) ) ;
#1287 = ORIENTED_EDGE ( 'NONE', *, *, #2976, .T. ) ;
#1288 = DIRECTION ( 'NONE',  ( 0.5877852522924796874, 0.8090169943749425663, 0.000000000000000000 ) ) ;
#1289 = DIRECTION ( 'NONE',  ( 0.000000000000000000, 0.000000000000000000, -1.000000000000000000 ) ) ;
#1290 = AXIS2_PLACEMENT_3D ( 'NONE', #2698, #4440, #3038 ) ;
#1291 = VERTEX_POINT ( 'NONE', #2479 ) ;
#1292 = ORIENTED_EDGE ( 'NONE', *, *, #950, .T. ) ;
#1293 = CARTESIAN_POINT ( 'NONE',  ( 0.4479077197208954919, 3.518406973625700207, -7.000000000000000000 ) ) ;
#1294 = EDGE_CURVE ( 'NONE', #2541, #3724, #899, .T. ) ;
#1295 = CARTESIAN_POINT ( 'NONE',  ( 1.884031223911849962, 3.707667881267704857, -6.811067224545290344 ) ) ;
#1296 = ORIENTED_EDGE ( 'NONE', *, *, #1096, .F. ) ;
#1297 = EDGE_LOOP ( 'NONE', ( #4085, #1640, #754, #570 ) ) ;
#1298 = ORIENTED_EDGE ( 'NONE', *, *, #3130, .F. ) ;
#1299 = DIRECTION ( 'NONE',  ( 0.000000000000000000, 0.000000000000000000, 1.000000000000000000 ) ) ;
#1300 = DIRECTION ( 'NONE',  ( 0.000000000000000000, 0.000000000000000000, 1.000000000000000000 ) ) ;
#1301 = DIRECTION ( 'NONE',  ( 0.000000000000000000, 0.000000000000000000, -1.000000000000000000 ) ) ;
#1302 = AXIS2_PLACEMENT_3D ( 'NONE', #354, #3117, #758 ) ;
#1303 = CYLINDRICAL_SURFACE ( 'NONE', #1199, 4.250000000000000000 ) ;
#1304 = EDGE_CURVE ( 'NONE', #1343, #4178, #1205, .T. ) ;
#1305 = DIRECTION ( 'NONE',  ( 1.000000000000000000, 0.000000000000000000, 0.000000000000000000 ) ) ;
#1306 = EDGE_CURVE ( 'NONE', #2633, #3246, #161, .T. ) ;
#1307 = CIRCLE ( 'NONE', #3850, 3.969500000000000028 ) ;
#1308 = ORIENTED_EDGE ( 'NONE', *, *, #4462, .F. ) ;
#1309 = CARTESIAN_POINT ( 'NONE',  ( -2.661896170629215241, -1.976326718222495504, -7.000000000000000000 ) ) ;
#1310 = CARTESIAN_POINT ( 'NONE',  ( 0.000000000000000000, 0.000000000000000000, -7.000000000000000000 ) ) ;
#1311 = LINE ( 'NONE', #2707, #4348 ) ;
#1312 = FACE_OUTER_BOUND ( 'NONE', #1255, .T. ) ;
#1313 = ORIENTED_EDGE ( 'NONE', *, *, #433, .F. ) ;
#1314 = ORIENTED_EDGE ( 'NONE', *, *, #3237, .T. ) ;
#1315 = CARTESIAN_POINT ( 'NONE',  ( 0.2933980814764465261, 3.534646590994565241, -4.000000000000000000 ) ) ;
#1316 = CARTESIAN_POINT ( 'NONE',  ( -3.812946277480790069, -1.877216206255434949, -7.000000000000000000 ) ) ;
#1317 = ORIENTED_EDGE ( 'NONE', *, *, #3971, .F. ) ;
#1318 = ORIENTED_EDGE ( 'NONE', *, *, #2559, .F. ) ;
#1319 = ADVANCED_FACE ( 'NONE', ( #790 ), #409, .F. ) ;
#1320 = ORIENTED_EDGE ( 'NONE', *, *, #2293, .T. ) ;
#1321 = LINE ( 'NONE', #3640, #2721 ) ;
#1322 = LINE ( 'NONE', #4051, #2781 ) ;
#1323 = DIRECTION ( 'NONE',  ( 0.000000000000000000, 0.000000000000000000, -1.000000000000000000 ) ) ;
#1324 = CYLINDRICAL_SURFACE ( 'NONE', #2110, 0.1963495408493620142 ) ;
#1325 = EDGE_CURVE ( 'NONE', #2159, #1480, #2171, .T. ) ;
#1326 = DIRECTION ( 'NONE',  ( -1.000000000000000000, 0.000000000000000000, 0.000000000000000000 ) ) ;
#1327 = DIRECTION ( 'NONE',  ( -1.000000000000000000, 0.000000000000000000, 0.000000000000000000 ) ) ;
#1328 = ORIENTED_EDGE ( 'NONE', *, *, #1563, .F. ) ;
#1329 = DIRECTION ( 'NONE',  ( 0.000000000000000000, 0.000000000000000000, -1.000000000000000000 ) ) ;
#1330 = AXIS2_PLACEMENT_3D ( 'NONE', #2033, #2700, #4054 ) ;
#1331 = EDGE_CURVE ( 'NONE', #3874, #3407, #1779, .T. ) ;
#1332 = CIRCLE ( 'NONE', #2848, 4.250000000000000000 ) ;
#1333 = CARTESIAN_POINT ( 'NONE',  ( 0.2131037916732685111, -4.153427703201780119, -6.811067207385050004 ) ) ;
#1334 = DIRECTION ( 'NONE',  ( 0.000000000000000000, 0.000000000000000000, 1.000000000000000000 ) ) ;
#1335 = DIRECTION ( 'NONE',  ( 0.000000000000000000, 0.000000000000000000, 1.000000000000000000 ) ) ;
#1336 = DIRECTION ( 'NONE',  ( 1.000000000000000000, 0.000000000000000000, 0.000000000000000000 ) ) ;
#1337 = VERTEX_POINT ( 'NONE', #4228 ) ;
#1338 = ORIENTED_EDGE ( 'NONE', *, *, #490, .T. ) ;
#1339 = CIRCLE ( 'NONE', #3290, 0.1963495408493620142 ) ;
#1340 = CIRCLE ( 'NONE', #4461, 1.973045005896730597 ) ;
#1341 = CARTESIAN_POINT ( 'NONE',  ( 3.014628782297414933, -1.379699904078629968, -7.000000000000000000 ) ) ;
#1342 = DIRECTION ( 'NONE',  ( 1.000000000000000000, 0.000000000000000000, 0.000000000000000000 ) ) ;
#1343 = VERTEX_POINT ( 'NONE', #3215 ) ;
#1344 = ORIENTED_EDGE ( 'NONE', *, *, #3840, .T. ) ;
#1345 = DIRECTION ( 'NONE',  ( 1.000000000000000000, 0.000000000000000000, 0.000000000000000000 ) ) ;
#1346 = AXIS2_PLACEMENT_3D ( 'NONE', #3802, #663, #2778 ) ;
#1347 = DIRECTION ( 'NONE',  ( 0.000000000000000000, 0.000000000000000000, -1.000000000000000000 ) ) ;
#1348 = DIRECTION ( 'NONE',  ( 1.000000000000000000, 0.000000000000000000, 0.000000000000000000 ) ) ;
#1349 = FACE_OUTER_BOUND ( 'NONE', #247, .T. ) ;
#1350 = CARTESIAN_POINT ( 'NONE',  ( 1.899999999999999911, 0.000000000000000000, -24.00000000000000000 ) ) ;
#1351 = EDGE_CURVE ( 'NONE', #609, #879, #1498, .T. ) ;
#1352 = CARTESIAN_POINT ( 'NONE',  ( -0.5661290900510520530, 3.229148604873909978, -4.000000000000000000 ) ) ;
#1353 = ORIENTED_EDGE ( 'NONE', *, *, #1003, .F. ) ;
#1354 = FACE_OUTER_BOUND ( 'NONE', #2671, .T. ) ;
#1355 = AXIS2_PLACEMENT_3D ( 'NONE', #2514, #3915, #462 ) ;
#1356 = EDGE_CURVE ( 'NONE', #3506, #2691, #453, .T. ) ;
#1357 = CIRCLE ( 'NONE', #2943, 3.969500000000000028 ) ;
#1358 = CARTESIAN_POINT ( 'NONE',  ( -2.613728093486205051, 3.234934317475914867, -6.811067247062320362 ) ) ;
#1359 = CARTESIAN_POINT ( 'NONE',  ( 0.7962284048838049744, -3.180239485670429911, -4.000000000000000000 ) ) ;
#1360 = DIRECTION ( 'NONE',  ( 0.000000000000000000, 0.000000000000000000, -1.000000000000000000 ) ) ;
#1361 = CARTESIAN_POINT ( 'NONE',  ( 2.356053982267039881, -2.279673768679364887, -7.000000000000000000 ) ) ;
#1362 = ORIENTED_EDGE ( 'NONE', *, *, #3979, .T. ) ;
#1363 = VECTOR ( 'NONE', #3570, 1000.000000000000000 ) ;
#1364 = EDGE_LOOP ( 'NONE', ( #953, #3756, #2237, #929 ) ) ;
#1365 = CARTESIAN_POINT ( 'NONE',  ( -0.3600769430757000400, 3.098159147592484786, -4.000000000000000000 ) ) ;
#1366 = CIRCLE ( 'NONE', #4045, 1.973045005896730153 ) ;
#1367 = DIRECTION ( 'NONE',  ( 0.000000000000000000, 0.000000000000000000, 1.000000000000000000 ) ) ;
#1368 = EDGE_CURVE ( 'NONE', #2374, #959, #1560, .T. ) ;
#1369 = ORIENTED_EDGE ( 'NONE', *, *, #1153, .T. ) ;
#1370 = EDGE_CURVE ( 'NONE', #4101, #3293, #2865, .T. ) ;
#1371 = CARTESIAN_POINT ( 'NONE',  ( -2.465546629779850285, -1.976326718222495504, -7.000000000000000000 ) ) ;
#1372 = EDGE_LOOP ( 'NONE', ( #1564, #1806, #3131, #699 ) ) ;
#1373 = CARTESIAN_POINT ( 'NONE',  ( -3.057794340530225252, 0.6149303048044829634, -7.000000000000000000 ) ) ;
#1374 = CARTESIAN_POINT ( 'NONE',  ( 0.000000000000000000, 0.000000000000000000, -7.000000000000000000 ) ) ;
#1375 = ORIENTED_EDGE ( 'NONE', *, *, #3087, .T. ) ;
#1376 = CARTESIAN_POINT ( 'NONE',  ( 0.000000000000000000, 0.000000000000000000, -7.000000000000000000 ) ) ;
#1377 = AXIS2_PLACEMENT_3D ( 'NONE', #2441, #1335, #1705 ) ;
#1378 = VECTOR ( 'NONE', #1518, 1000.000000000000000 ) ;
#1379 = VECTOR ( 'NONE', #4208, 1000.000000000000000 ) ;
#1380 = DIRECTION ( 'NONE',  ( 1.000000000000000000, 1.758422611539356949E-15, 0.000000000000000000 ) ) ;
#1381 = ORIENTED_EDGE ( 'NONE', *, *, #1370, .F. ) ;
#1382 = CARTESIAN_POINT ( 'NONE',  ( -1.169637804266592251, 3.348396088319595343, -4.000000000000000000 ) ) ;
#1383 = EDGE_CURVE ( 'NONE', #2639, #480, #760, .T. ) ;
#1384 = DIRECTION ( 'NONE',  ( -0.3090169943749451753, 0.9510565162951544194, 0.000000000000000000 ) ) ;
#1385 = CARTESIAN_POINT ( 'NONE',  ( -2.465546629779854726, -1.976326718222495504, -4.000000000000000000 ) ) ;
#1386 = CYLINDRICAL_SURFACE ( 'NONE', #565, 0.1963495408493620142 ) ;
#1387 = CARTESIAN_POINT ( 'NONE',  ( 3.079589269441434851, 1.124292128631310117, -7.000000000000000000 ) ) ;
#1388 = ORIENTED_EDGE ( 'NONE', *, *, #2803, .F. ) ;
#1389 = ORIENTED_EDGE ( 'NONE', *, *, #1968, .F. ) ;
#1390 = DIRECTION ( 'NONE',  ( -0.000000000000000000, -0.000000000000000000, -1.000000000000000000 ) ) ;
#1391 = CARTESIAN_POINT ( 'NONE',  ( 0.2933980814764465261, 3.534646590994565241, -7.000000000000000000 ) ) ;
#1392 = ORIENTED_EDGE ( 'NONE', *, *, #2105, .F. ) ;
#1393 = DIRECTION ( 'NONE',  ( 1.000000000000000000, 0.000000000000000000, 0.000000000000000000 ) ) ;
#1394 = ORIENTED_EDGE ( 'NONE', *, *, #3176, .T. ) ;
#1395 = CARTESIAN_POINT ( 'NONE',  ( 0.000000000000000000, 0.000000000000000000, -7.000000000000000000 ) ) ;
#1396 = B_SPLINE_CURVE_WITH_KNOTS ( 'NONE', 3,
 ( #2641, #4021, #1295, #4068 ),
 .UNSPECIFIED., .F., .F.,
 ( 4, 4 ),
 ( 2.997649944543430095E-07, 0.0004297442977853159615 ),
 .UNSPECIFIED. ) ;
#1397 = EDGE_CURVE ( 'NONE', #957, #1428, #249, .T. ) ;
#1398 = ADVANCED_FACE ( 'NONE', ( #1521 ), #2547, .T. ) ;
#1399 = FACE_OUTER_BOUND ( 'NONE', #1741, .T. ) ;
#1400 = ORIENTED_EDGE ( 'NONE', *, *, #1306, .F. ) ;
#1401 = DIRECTION ( 'NONE',  ( 0.9781476007338042455, -0.2079116908177665313, 0.000000000000000000 ) ) ;
#1402 = FACE_OUTER_BOUND ( 'NONE', #627, .T. ) ;
#1403 = CARTESIAN_POINT ( 'NONE',  ( 0.4479077197208464756, -3.518406973625709977, -7.000000000000000000 ) ) ;
#1404 = ORIENTED_EDGE ( 'NONE', *, *, #837, .F. ) ;
#1405 = FACE_OUTER_BOUND ( 'NONE', #431, .T. ) ;
#1406 = AXIS2_PLACEMENT_3D ( 'NONE', #2448, #3113, #2398 ) ;
#1407 = PLANE ( 'NONE',  #1416 ) ;
#1408 = CARTESIAN_POINT ( 'NONE',  ( -0.3260060259625605084, -3.101740145280444949, -4.000000000000000000 ) ) ;
#1409 = DIRECTION ( 'NONE',  ( 0.9945218953682742891, 0.1045284632676436315, 0.000000000000000000 ) ) ;
#1410 = PLANE ( 'NONE',  #3646 ) ;
#1411 = VERTEX_POINT ( 'NONE', #1879 ) ;
#1412 = VERTEX_POINT ( 'NONE', #961 ) ;
#1413 = CARTESIAN_POINT ( 'NONE',  ( -2.702169557679759748, -1.920895156409979876, -7.000000000000000000 ) ) ;
#1414 = CARTESIAN_POINT ( 'NONE',  ( -1.559412698567030020, -2.700982023886155048, -4.000000000000000000 ) ) ;
#1415 = EDGE_LOOP ( 'NONE', ( #2114, #4346, #3894, #1489 ) ) ;
#1416 = AXIS2_PLACEMENT_3D ( 'NONE', #3536, #2887, #473 ) ;
#1418 = VECTOR ( 'NONE', #3389, 1000.000000000000114 ) ;
#1417 = CARTESIAN_POINT ( 'NONE',  ( 0.6937932136167850317, 4.005652767111264723, -6.904494525885541023 ) ) ;
#1419 = DIRECTION ( 'NONE',  ( 0.000000000000000000, 0.000000000000000000, -1.000000000000000000 ) ) ;
#1420 = ORIENTED_EDGE ( 'NONE', *, *, #1117, .T. ) ;
#1421 = CARTESIAN_POINT ( 'NONE',  ( 0.1034107763490186016, 3.968152776964985584, -7.000000000000000000 ) ) ;
#1422 = CARTESIAN_POINT ( 'NONE',  ( 2.061442435782715243, 2.340662426045209799, -7.000000000000000000 ) ) ;
#1423 = ORIENTED_EDGE ( 'NONE', *, *, #1468, .F. ) ;
#1424 = DIRECTION ( 'NONE',  ( 0.000000000000000000, 0.000000000000000000, -1.000000000000000000 ) ) ;
#1425 = EDGE_CURVE ( 'NONE', #3184, #170, #1322, .T. ) ;
#1426 = B_SPLINE_CURVE_WITH_KNOTS ( 'NONE', 3,
 ( #3675, #3288, #4342, #2962 ),
 .UNSPECIFIED., .F., .F.,
 ( 4, 4 ),
 ( 2.997649398539329851E-07, 0.0004297442977285729940 ),
 .UNSPECIFIED. ) ;
#1427 = CARTESIAN_POINT ( 'NONE',  ( -2.543319442294909916, -1.805483792004330068, -7.000000000000000000 ) ) ;
#1428 = VERTEX_POINT ( 'NONE', #1561 ) ;
#1429 = DIRECTION ( 'NONE',  ( 0.000000000000000000, 0.000000000000000000, -1.000000000000000000 ) ) ;
#1430 = EDGE_CURVE ( 'NONE', #3549, #3184, #3069, .T. ) ;
#1431 = AXIS2_PLACEMENT_3D ( 'NONE', #3859, #3465, #3515 ) ;
#1432 = AXIS2_PLACEMENT_3D ( 'NONE', #2579, #1573, #539 ) ;
#1433 = DIRECTION ( 'NONE',  ( 0.000000000000000000, 0.000000000000000000, -1.000000000000000000 ) ) ;
#1434 = FACE_OUTER_BOUND ( 'NONE', #1995, .T. ) ;
#1435 = CARTESIAN_POINT ( 'NONE',  ( -1.156315544683381935, 4.089674114291534934, -6.719500000002040174 ) ) ;
#1436 = ORIENTED_EDGE ( 'NONE', *, *, #3425, .T. ) ;
#1437 = ORIENTED_EDGE ( 'NONE', *, *, #3902, .F. ) ;
#1438 = AXIS2_PLACEMENT_3D ( 'NONE', #4097, #3064, #1281 ) ;
#1439 = CARTESIAN_POINT ( 'NONE',  ( -1.468371204554044018, -3.988281084078600713, -6.719500000002040174 ) ) ;
#1440 = CIRCLE ( 'NONE', #346, 4.250000000000000000 ) ;
#1441 = ORIENTED_EDGE ( 'NONE', *, *, #804, .T. ) ;
#1442 = FACE_OUTER_BOUND ( 'NONE', #997, .T. ) ;
#1443 = ORIENTED_EDGE ( 'NONE', *, *, #739, .F. ) ;
#1444 = DIRECTION ( 'NONE',  ( 0.5877852522924796874, 0.8090169943749425663, 0.000000000000000000 ) ) ;
#1445 = AXIS2_PLACEMENT_3D ( 'NONE', #3787, #4430, #1687 ) ;
#1446 = DIRECTION ( 'NONE',  ( 0.000000000000000000, 0.000000000000000000, -1.000000000000000000 ) ) ;
#1447 = ORIENTED_EDGE ( 'NONE', *, *, #3527, .T. ) ;
#1448 = DIRECTION ( 'NONE',  ( 1.000000000000000000, 0.000000000000000000, 0.000000000000000000 ) ) ;
#1449 = DIRECTION ( 'NONE',  ( 0.000000000000000000, 0.000000000000000000, 1.000000000000000000 ) ) ;
#1450 = ORIENTED_EDGE ( 'NONE', *, *, #4113, .F. ) ;
#1451 = CARTESIAN_POINT ( 'NONE',  ( -2.416082756611245053, 3.149519703574790164, -7.000000000000000000 ) ) ;
#1452 = AXIS2_PLACEMENT_3D ( 'NONE', #432, #3577, #3198 ) ;
#1453 = AXIS2_PLACEMENT_3D ( 'NONE', #1310, #3737, #244 ) ;
#1454 = EDGE_CURVE ( 'NONE', #2736, #1686, #4019, .T. ) ;
#1455 = EDGE_CURVE ( 'NONE', #233, #257, #586, .T. ) ;
#1456 = DIRECTION ( 'NONE',  ( 0.000000000000000000, 0.000000000000000000, 1.000000000000000000 ) ) ;
#1457 = LINE ( 'NONE', #2062, #2934 ) ;
#1458 =( NAMED_UNIT ( * ) PLANE_ANGLE_UNIT ( ) SI_UNIT ( $, .RADIAN. ) );
#1459 = ORIENTED_EDGE ( 'NONE', *, *, #2832, .T. ) ;
#1460 = ORIENTED_EDGE ( 'NONE', *, *, #2924, .F. ) ;
#1461 = FACE_OUTER_BOUND ( 'NONE', #4339, .T. ) ;
#1462 = VERTEX_POINT ( 'NONE', #3728 ) ;
#1463 = CARTESIAN_POINT ( 'NONE',  ( -0.1176199352020352029, 3.276288816603964982, -4.000000000000000000 ) ) ;
#1464 = AXIS2_PLACEMENT_3D ( 'NONE', #2720, #3823, #3483 ) ;
#1465 = VERTEX_POINT ( 'NONE', #611 ) ;
#1466 = DIRECTION ( 'NONE',  ( 1.000000000000000000, 0.000000000000000000, 0.000000000000000000 ) ) ;
#1467 = CARTESIAN_POINT ( 'NONE',  ( -2.314977172283870122, 2.687134095881360096, -4.000000000000000000 ) ) ;
#1468 = EDGE_CURVE ( 'NONE', #609, #2159, #2353, .T. ) ;
#1469 = ORIENTED_EDGE ( 'NONE', *, *, #3252, .F. ) ;
#1470 = DIRECTION ( 'NONE',  ( -0.1045284632676433956, 0.9945218953682745111, 0.000000000000000000 ) ) ;
#1471 = VERTEX_POINT ( 'NONE', #2695 ) ;
#1472 = DIRECTION ( 'NONE',  ( 1.000000000000000000, 6.264380553608959106E-15, 0.000000000000000000 ) ) ;
#1473 = AXIS2_PLACEMENT_3D ( 'NONE', #2232, #4370, #2995 ) ;
#1474 = CARTESIAN_POINT ( 'NONE',  ( -3.235607650385375234, 0.7227735835918559504, -7.000000000000000000 ) ) ;
#1475 = DIRECTION ( 'NONE',  ( 1.000000000000000000, 0.000000000000000000, 0.000000000000000000 ) ) ;
#1476 = ORIENTED_EDGE ( 'NONE', *, *, #921, .F. ) ;
#1477 = EDGE_CURVE ( 'NONE', #3416, #2897, #326, .T. ) ;
#1478 = FACE_OUTER_BOUND ( 'NONE', #2456, .T. ) ;
#1479 = LINE ( 'NONE', #2849, #1092 ) ;
#1480 = VERTEX_POINT ( 'NONE', #4096 ) ;
#1481 = AXIS2_PLACEMENT_3D ( 'NONE', #3988, #2254, #1957 ) ;
#1482 = CARTESIAN_POINT ( 'NONE',  ( 0.000000000000000000, 0.000000000000000000, -6.719500000000000028 ) ) ;
#1483 = ORIENTED_EDGE ( 'NONE', *, *, #331, .F. ) ;
#1484 = AXIS2_PLACEMENT_3D ( 'NONE', #3100, #1384, #1680 ) ;
#1485 = CARTESIAN_POINT ( 'NONE',  ( -2.513460179390325067, 2.104856476242574992, -7.000000000000000000 ) ) ;
#1486 = DIRECTION ( 'NONE',  ( 0.000000000000000000, 0.000000000000000000, -1.000000000000000000 ) ) ;
#1487 = VECTOR ( 'NONE', #1118, 1000.000000000000000 ) ;
#1488 = VERTEX_POINT ( 'NONE', #303 ) ;
#1489 = ORIENTED_EDGE ( 'NONE', *, *, #151, .F. ) ;
#1490 = AXIS2_PLACEMENT_3D ( 'NONE', #2800, #25, #1040 ) ;
#1491 = EDGE_CURVE ( 'NONE', #4487, #1906, #830, .T. ) ;
#1492 = FACE_OUTER_BOUND ( 'NONE', #711, .T. ) ;
#1493 = CARTESIAN_POINT ( 'NONE',  ( 4.119919448517805449, 1.043438420659026145, -7.000000000000000000 ) ) ;
#1494 = ORIENTED_EDGE ( 'NONE', *, *, #3669, .T. ) ;
#1495 = CARTESIAN_POINT ( 'NONE',  ( -1.468371204553403864, 3.988281084081010341, -6.719500000000000028 ) ) ;
#1496 = EDGE_CURVE ( 'NONE', #4069, #4089, #1983, .T. ) ;
#1497 = CIRCLE ( 'NONE', #2795, 0.1963495408493620142 ) ;
#1498 = LINE ( 'NONE', #3238, #3877 ) ;
#1499 = CARTESIAN_POINT ( 'NONE',  ( 3.911188230777860486, -1.108697272281692126, -6.904494537597010151 ) ) ;
#1500 = ORIENTED_EDGE ( 'NONE', *, *, #1674, .T. ) ;
#1501 = B_SPLINE_CURVE_WITH_KNOTS ( 'NONE', 3,
 ( #4356, #4014, #3395, #951 ),
 .UNSPECIFIED., .F., .F.,
 ( 4, 4 ),
 ( 2.997649372406694774E-07, 0.0004297442977257799807 ),
 .UNSPECIFIED. ) ;
#1502 = DIRECTION ( 'NONE',  ( -1.000000000000000000, 0.000000000000000000, 0.000000000000000000 ) ) ;
#1503 = DIRECTION ( 'NONE',  ( 0.000000000000000000, 0.000000000000000000, 1.000000000000000000 ) ) ;
#1504 = AXIS2_PLACEMENT_3D ( 'NONE', #152, #3272, #1176 ) ;
#1505 = DIRECTION ( 'NONE',  ( -0.4067366430758008189, -0.9135454576426006446, 0.000000000000000000 ) ) ;
#1506 = ORIENTED_EDGE ( 'NONE', *, *, #227, .F. ) ;
#1507 = AXIS2_PLACEMENT_3D ( 'NONE', #3682, #563, #1953 ) ;
#1508 = ORIENTED_EDGE ( 'NONE', *, *, #3385, .F. ) ;
#1509 = CARTESIAN_POINT ( 'NONE',  ( 0.000000000000000000, 0.000000000000000000, -6.719500000000000028 ) ) ;
#1510 = CIRCLE ( 'NONE', #1652, 1.973045005896730153 ) ;
#1511 = EDGE_CURVE ( 'NONE', #442, #4354, #905, .T. ) ;
#1512 = DIRECTION ( 'NONE',  ( 1.000000000000000000, 0.000000000000000000, 0.000000000000000000 ) ) ;
#1513 = EDGE_CURVE ( 'NONE', #3602, #2173, #4439, .T. ) ;
#1514 = ORIENTED_EDGE ( 'NONE', *, *, #4220, .T. ) ;
#1515 = B_SPLINE_CURVE_WITH_KNOTS ( 'NONE', 3,
 ( #3077, #4474, #1047, #3103 ),
 .UNSPECIFIED., .F., .F.,
 ( 4, 4 ),
 ( 2.669204262111660225E-07, 0.0004297114532107185127 ),
 .UNSPECIFIED. ) ;
#1516 = ORIENTED_EDGE ( 'NONE', *, *, #3499, .F. ) ;
#1517 = CARTESIAN_POINT ( 'NONE',  ( 3.532190061753490262, 2.363500236435895019, -6.719500000002040174 ) ) ;
#1518 = DIRECTION ( 'NONE',  ( 0.000000000000000000, 0.000000000000000000, 1.000000000000000000 ) ) ;
#1519 = ORIENTED_EDGE ( 'NONE', *, *, #1113, .F. ) ;
#1520 = DIRECTION ( 'NONE',  ( 0.000000000000000000, 0.000000000000000000, 1.000000000000000000 ) ) ;
#1521 = FACE_OUTER_BOUND ( 'NONE', #752, .T. ) ;
#1522 = DIRECTION ( 'NONE',  ( 0.000000000000000000, 0.000000000000000000, -1.000000000000000000 ) ) ;
#1523 = EDGE_CURVE ( 'NONE', #4065, #385, #3216, .T. ) ;
#1524 = ORIENTED_EDGE ( 'NONE', *, *, #938, .T. ) ;
#1525 = AXIS2_PLACEMENT_3D ( 'NONE', #112, #2862, #1133 ) ;
#1526 = CIRCLE ( 'NONE', #2103, 4.250000000000000000 ) ;
#1527 = PLANE ( 'NONE',  #4202 ) ;
#1528 = CIRCLE ( 'NONE', #4061, 1.973045005896729487 ) ;
#1529 = DIRECTION ( 'NONE',  ( 0.000000000000000000, 0.000000000000000000, 1.000000000000000000 ) ) ;
#1530 = EDGE_LOOP ( 'NONE', ( #290, #109, #3999, #1926, #3280 ) ) ;
#1531 = DIRECTION ( 'NONE',  ( 0.000000000000000000, 0.000000000000000000, 1.000000000000000000 ) ) ;
#1532 = ORIENTED_EDGE ( 'NONE', *, *, #1243, .F. ) ;
#1533 = AXIS2_PLACEMENT_3D ( 'NONE', #3903, #3202, #1209 ) ;
#1534 = DIRECTION ( 'NONE',  ( 0.000000000000000000, 0.000000000000000000, -1.000000000000000000 ) ) ;
#1535 = CYLINDRICAL_SURFACE ( 'NONE', #1152, 1.973045005896730153 ) ;
#1536 = ORIENTED_EDGE ( 'NONE', *, *, #4358, .T. ) ;
#1537 = ADVANCED_FACE ( 'NONE', ( #2235 ), #4391, .T. ) ;
#1538 = CARTESIAN_POINT ( 'NONE',  ( 3.384815722774979996, 2.073632747825739919, -7.000000000000000000 ) ) ;
#1539 = FACE_OUTER_BOUND ( 'NONE', #3478, .T. ) ;
#1540 = VERTEX_POINT ( 'NONE', #1645 ) ;
#1541 = DIRECTION ( 'NONE',  ( 1.000000000000000000, 0.000000000000000000, 0.000000000000000000 ) ) ;
#1542 = DIRECTION ( 'NONE',  ( 0.2079116908177665313, 0.9781476007338041345, 0.000000000000000000 ) ) ;
#1543 = ORIENTED_EDGE ( 'NONE', *, *, #2473, .T. ) ;
#1544 = PRESENTATION_LAYER_ASSIGNMENT (  '', '', ( #1189 ) ) ;
#1545 = EDGE_CURVE ( 'NONE', #957, #4384, #1979, .T. ) ;
#1546 = PLANE ( 'NONE',  #2162 ) ;
#1547 = DIRECTION ( 'NONE',  ( -0.4067366430758008189, -0.9135454576426006446, 0.000000000000000000 ) ) ;
#1548 = ORIENTED_EDGE ( 'NONE', *, *, #2908, .T. ) ;
#1549 = DIRECTION ( 'NONE',  ( -0.4067366430757889395, 0.9135454576426058626, 0.000000000000000000 ) ) ;
#1550 = ORIENTED_EDGE ( 'NONE', *, *, #2803, .T. ) ;
#1551 = CARTESIAN_POINT ( 'NONE',  ( 0.9311881956577059416, 2.976765703412574737, -7.000000000000000000 ) ) ;
#1552 = EDGE_CURVE ( 'NONE', #4091, #2009, #2492, .T. ) ;
#1553 = CARTESIAN_POINT ( 'NONE',  ( 0.000000000000000000, 0.000000000000000000, -7.000000000000000000 ) ) ;
#1554 = ORIENTED_EDGE ( 'NONE', *, *, #4270, .F. ) ;
#1555 = EDGE_LOOP ( 'NONE', ( #3526, #1187, #681, #2881, #685 ) ) ;
#1556 = LINE ( 'NONE', #2925, #2702 ) ;
#1557 = CARTESIAN_POINT ( 'NONE',  ( -0.3124592246176304822, 3.300595060488625165, -4.000000000000000000 ) ) ;
#1558 = ADVANCED_FACE ( 'NONE', ( #1824 ), #1061, .T. ) ;
#1559 = LINE ( 'NONE', #4351, #2646 ) ;
#1560 = CIRCLE ( 'NONE', #4093, 1.973045005896730153 ) ;
#1561 = CARTESIAN_POINT ( 'NONE',  ( -3.946402564647395472, 1.577468477575530104, -4.000000000000000000 ) ) ;
#1562 = B_SPLINE_CURVE_WITH_KNOTS ( 'NONE', 3,
 ( #387, #1358, #3441, #1022 ),
 .UNSPECIFIED., .F., .F.,
 ( 4, 4 ),
 ( 2.699836532551014977E-07, 0.0004297145164416800423 ),
 .UNSPECIFIED. ) ;
#1563 = EDGE_CURVE ( 'NONE', #3592, #1174, #3192, .T. ) ;
#1564 = ORIENTED_EDGE ( 'NONE', *, *, #725, .F. ) ;
#1565 = CARTESIAN_POINT ( 'NONE',  ( 0.000000000000000000, 0.000000000000000000, -24.00000000000000000 ) ) ;
#1566 = DIRECTION ( 'NONE',  ( 1.000000000000000000, 0.000000000000000000, 0.000000000000000000 ) ) ;
#1567 = EDGE_LOOP ( 'NONE', ( #4221, #551, #1849, #168 ) ) ;
#1568 = DIRECTION ( 'NONE',  ( 1.000000000000000000, 0.000000000000000000, 0.000000000000000000 ) ) ;
#1569 = B_SPLINE_CURVE_WITH_KNOTS ( 'NONE', 3,
 ( #75, #2128, #2864, #1495 ),
 .UNSPECIFIED., .F., .F.,
 ( 4, 4 ),
 ( 2.997650753681935410E-07, 0.0004297442978630604672 ),
 .UNSPECIFIED. ) ;
#1570 = ORIENTED_EDGE ( 'NONE', *, *, #4259, .T. ) ;
#1571 = CARTESIAN_POINT ( 'NONE',  ( 0.000000000000000000, 0.000000000000000000, -4.000000000000000000 ) ) ;
#1572 = CIRCLE ( 'NONE', #2275, 0.1963495408493620142 ) ;
#1573 = DIRECTION ( 'NONE',  ( 0.000000000000000000, 0.000000000000000000, 1.000000000000000000 ) ) ;
#1574 = ORIENTED_EDGE ( 'NONE', *, *, #2491, .T. ) ;
#1575 = ORIENTED_EDGE ( 'NONE', *, *, #726, .T. ) ;
#1576 = EDGE_CURVE ( 'NONE', #3033, #1428, #4219, .T. ) ;
#1577 = CARTESIAN_POINT ( 'NONE',  ( 2.061442435782685045, -2.340662426045239553, -4.000000000000000000 ) ) ;
#1578 = VECTOR ( 'NONE', #4322, 1000.000000000000000 ) ;
#1579 = CIRCLE ( 'NONE', #713, 0.1963495408493620142 ) ;
#1580 = AXIS2_PLACEMENT_3D ( 'NONE', #3057, #2715, #2155 ) ;
#1581 = CIRCLE ( 'NONE', #4119, 0.1963495408493620142 ) ;
#1582 = DIRECTION ( 'NONE',  ( 0.000000000000000000, 0.000000000000000000, -1.000000000000000000 ) ) ;
#1583 = VECTOR ( 'NONE', #2044, 1000.000000000000000 ) ;
#1584 = CARTESIAN_POINT ( 'NONE',  ( 1.100000000000000089, 1.347111479062088503E-16, 20.99999999999999645 ) ) ;
#1585 = ORIENTED_EDGE ( 'NONE', *, *, #2045, .T. ) ;
#1586 = EDGE_CURVE ( 'NONE', #3544, #1428, #4308, .T. ) ;
#1587 = ADVANCED_FACE ( 'NONE', ( #1399 ), #3548, .F. ) ;
#1588 = CARTESIAN_POINT ( 'NONE',  ( 2.863122998320079660, -1.237243793775610001, -4.000000000000000000 ) ) ;
#1589 = CARTESIAN_POINT ( 'NONE',  ( -1.440037872544319919, 2.945198428730934737, -7.000000000000000000 ) ) ;
#1590 = ORIENTED_EDGE ( 'NONE', *, *, #2675, .T. ) ;
#1591 = AXIS2_PLACEMENT_3D ( 'NONE', #4226, #2457, #3510 ) ;
#1592 = ORIENTED_EDGE ( 'NONE', *, *, #3840, .F. ) ;
#1593 = DIRECTION ( 'NONE',  ( 0.9510565162951502005, -0.3090169943749575543, 0.000000000000000000 ) ) ;
#1594 = AXIS2_PLACEMENT_3D ( 'NONE', #3343, #528, #508 ) ;
#1595 = AXIS2_PLACEMENT_3D ( 'NONE', #1166, #98, #1140 ) ;
#1596 = DIRECTION ( 'NONE',  ( 1.000000000000000000, 0.000000000000000000, 0.000000000000000000 ) ) ;
#1597 = VERTEX_POINT ( 'NONE', #3869 ) ;
#1598 = ORIENTED_EDGE ( 'NONE', *, *, #2544, .F. ) ;
#1599 = ORIENTED_EDGE ( 'NONE', *, *, #1700, .F. ) ;
#1600 = AXIS2_PLACEMENT_3D ( 'NONE', #4148, #2839, #1035 ) ;
#1601 = CARTESIAN_POINT ( 'NONE',  ( 0.000000000000000000, 0.000000000000000000, -24.00000000000000000 ) ) ;
#1602 = EDGE_CURVE ( 'NONE', #2072, #233, #371, .T. ) ;
#1603 = CARTESIAN_POINT ( 'NONE',  ( 3.484614976550514776, -0.6612619924382469039, -7.000000000000000000 ) ) ;
#1604 = LINE ( 'NONE', #2969, #3764 ) ;
#1605 = DIRECTION ( 'NONE',  ( 0.000000000000000000, 0.000000000000000000, 1.000000000000000000 ) ) ;
#1606 = EDGE_CURVE ( 'NONE', #3203, #3035, #2819, .T. ) ;
#1607 = DIRECTION ( 'NONE',  ( 1.000000000000000000, 0.000000000000000000, 0.000000000000000000 ) ) ;
#1608 = EDGE_LOOP ( 'NONE', ( #1051, #1973, #3786, #3337, #3398 ) ) ;
#1609 = CARTESIAN_POINT ( 'NONE',  ( -0.3806010588439899811, 3.293433065112664870, -7.000000000000000000 ) ) ;
#1610 = DIRECTION ( 'NONE',  ( 0.000000000000000000, 0.000000000000000000, -1.000000000000000000 ) ) ;
#1611 = AXIS2_PLACEMENT_3D ( 'NONE', #529, #1582, #1912 ) ;
#1612 = DIRECTION ( 'NONE',  ( 0.000000000000000000, 0.000000000000000000, -1.000000000000000000 ) ) ;
#1613 = ORIENTED_EDGE ( 'NONE', *, *, #2766, .F. ) ;
#1614 = ADVANCED_FACE ( 'NONE', ( #3795 ), #401, .F. ) ;
#1615 = ORIENTED_EDGE ( 'NONE', *, *, #3891, .F. ) ;
#1616 = CARTESIAN_POINT ( 'NONE',  ( -3.043548818098384512, 0.6819502185625729851, -7.000000000000000000 ) ) ;
#1617 = DIRECTION ( 'NONE',  ( 0.000000000000000000, 0.000000000000000000, 1.000000000000000000 ) ) ;
#1618 = ORIENTED_EDGE ( 'NONE', *, *, #2170, .T. ) ;
#1619 = VERTEX_POINT ( 'NONE', #684 ) ;
#1620 = ORIENTED_EDGE ( 'NONE', *, *, #2189, .T. ) ;
#1621 = FACE_OUTER_BOUND ( 'NONE', #748, .T. ) ;
#1622 = AXIS2_PLACEMENT_3D ( 'NONE', #903, #4039, #1940 ) ;
#1623 = CYLINDRICAL_SURFACE ( 'NONE', #1290, 3.000000000000000444 ) ;
#1624 = DIRECTION ( 'NONE',  ( 1.000000000000000000, 0.000000000000000000, 0.000000000000000000 ) ) ;
#1625 = ADVANCED_FACE ( 'NONE', ( #2428 ), #44, .F. ) ;
#1626 = AXIS2_PLACEMENT_3D ( 'NONE', #3015, #2772, #108 ) ;
#1627 = AXIS2_PLACEMENT_3D ( 'NONE', #2085, #719, #1751 ) ;
#1628 = LINE ( 'NONE', #3800, #603 ) ;
#1629 = DIRECTION ( 'NONE',  ( 1.000000000000000000, 0.000000000000000000, 0.000000000000000000 ) ) ;
#1630 = EDGE_LOOP ( 'NONE', ( #4237, #3523, #51, #3311 ) ) ;
#1631 = ADVANCED_FACE ( 'NONE', ( #3141 ), #444, .T. ) ;
#1632 = VECTOR ( 'NONE', #2361, 1000.000000000000000 ) ;
#1633 = CARTESIAN_POINT ( 'NONE',  ( -4.246832370089699715, 0.1640573691069590057, -4.000000000000000000 ) ) ;
#1634 = CARTESIAN_POINT ( 'NONE',  ( 3.079589269441415311, -1.124292128631351861, -4.000000000000000000 ) ) ;
#1635 = ORIENTED_EDGE ( 'NONE', *, *, #3124, .F. ) ;
#1636 = ORIENTED_EDGE ( 'NONE', *, *, #1233, .T. ) ;
#1637 = CARTESIAN_POINT ( 'NONE',  ( -0.9954341379489329844, -3.941537032976554666, -6.904494502484660678 ) ) ;
#1638 = DIRECTION ( 'NONE',  ( -1.000000000000000000, 0.000000000000000000, 0.000000000000000000 ) ) ;
#1639 = VERTEX_POINT ( 'NONE', #1422 ) ;
#1640 = ORIENTED_EDGE ( 'NONE', *, *, #4438, .F. ) ;
#1641 = ORIENTED_EDGE ( 'NONE', *, *, #1955, .F. ) ;
#1642 = PLANE ( 'NONE',  #3173 ) ;
#1643 = EDGE_CURVE ( 'NONE', #2467, #871, #3404, .T. ) ;
#1644 = EDGE_CURVE ( 'NONE', #2278, #3544, #4194, .T. ) ;
#1645 = CARTESIAN_POINT ( 'NONE',  ( 3.018107518387744825, 2.578363290432789778, -7.000000000000000000 ) ) ;
#1646 = CARTESIAN_POINT ( 'NONE',  ( 0.9918635406178379910, -3.163505213708935226, -7.000000000000000000 ) ) ;
#1647 = DIRECTION ( 'NONE',  ( 1.000000000000000000, 0.000000000000000000, 0.000000000000000000 ) ) ;
#1648 =( NAMED_UNIT ( * ) PLANE_ANGLE_UNIT ( ) SI_UNIT ( $, .RADIAN. ) );
#1649 = CIRCLE ( 'NONE', #2939, 1.973045005896729709 ) ;
#1650 = DIRECTION ( 'NONE',  ( 0.000000000000000000, 0.000000000000000000, -1.000000000000000000 ) ) ;
#1651 = AXIS2_PLACEMENT_3D ( 'NONE', #276, #4363, #1638 ) ;
#1652 = AXIS2_PLACEMENT_3D ( 'NONE', #3189, #802, #461 ) ;
#1653 = DIRECTION ( 'NONE',  ( 1.000000000000000000, 0.000000000000000000, 0.000000000000000000 ) ) ;
#1654 = ORIENTED_EDGE ( 'NONE', *, *, #2729, .F. ) ;
#1655 = CARTESIAN_POINT ( 'NONE',  ( 1.705702773494315094, 3.109724586830374893, -4.000000000000000000 ) ) ;
#1656 = VECTOR ( 'NONE', #674, 1000.000000000000000 ) ;
#1657 = ADVANCED_FACE ( 'NONE', ( #1130 ), #3892, .T. ) ;
#1658 = LINE ( 'NONE', #2338, #4471 ) ;
#1659 = CARTESIAN_POINT ( 'NONE',  ( 4.119919448517789462, -1.043438420659080101, -6.719500000002040174 ) ) ;
#1660 = CARTESIAN_POINT ( 'NONE',  ( 3.384815722774979996, 2.073632747825739919, -7.000000000000000000 ) ) ;
#1661 = ORIENTED_EDGE ( 'NONE', *, *, #4192, .T. ) ;
#1662 = ORIENTED_EDGE ( 'NONE', *, *, #2821, .T. ) ;
#1663 = CARTESIAN_POINT ( 'NONE',  ( -1.156315544683381935, 4.089674114291534934, -7.000000000000000000 ) ) ;
#1664 = LINE ( 'NONE', #3678, #426 ) ;
#1665 = ORIENTED_EDGE ( 'NONE', *, *, #336, .T. ) ;
#1666 = ORIENTED_EDGE ( 'NONE', *, *, #533, .T. ) ;
#1667 = VERTEX_POINT ( 'NONE', #778 ) ;
#1668 = DIRECTION ( 'NONE',  ( 0.000000000000000000, 0.000000000000000000, 1.000000000000000000 ) ) ;
#1669 = AXIS2_PLACEMENT_3D ( 'NONE', #3663, #4053, #3277 ) ;
#1670 = AXIS2_PLACEMENT_3D ( 'NONE', #2149, #407, #2844 ) ;
#1671 = DIRECTION ( 'NONE',  ( -0.3090169943749575543, -0.9510565162951503115, 0.000000000000000000 ) ) ;
#1672 = DIRECTION ( 'NONE',  ( 0.000000000000000000, 0.000000000000000000, 1.000000000000000000 ) ) ;
#1673 = FACE_OUTER_BOUND ( 'NONE', #62, .T. ) ;
#1674 = EDGE_CURVE ( 'NONE', #2159, #3254, #507, .T. ) ;
#1675 = EDGE_CURVE ( 'NONE', #1871, #871, #2383, .T. ) ;
#1676 = DIRECTION ( 'NONE',  ( 0.000000000000000000, 0.000000000000000000, 1.000000000000000000 ) ) ;
#1677 = DIRECTION ( 'NONE',  ( 0.000000000000000000, 0.000000000000000000, -1.000000000000000000 ) ) ;
#1678 = ORIENTED_EDGE ( 'NONE', *, *, #3484, .T. ) ;
#1679 = CARTESIAN_POINT ( 'NONE',  ( -4.056230537290660187, 0.2712878068081150396, -6.904494509765339849 ) ) ;
#1680 = DIRECTION ( 'NONE',  ( 0.000000000000000000, 0.000000000000000000, 1.000000000000000000 ) ) ;
#1681 = CARTESIAN_POINT ( 'NONE',  ( -2.719767133969320128, -3.265787307370199954, -4.000000000000000000 ) ) ;
#1682 = CARTESIAN_POINT ( 'NONE',  ( 3.118825397134040056, -0.03425858924962450064, -4.000000000000000000 ) ) ;
#1683 = DIRECTION ( 'NONE',  ( 1.000000000000000000, 0.000000000000000000, 0.000000000000000000 ) ) ;
#1684 = ORIENTED_EDGE ( 'NONE', *, *, #1675, .F. ) ;
#1685 = CIRCLE ( 'NONE', #4227, 1.973045005896730597 ) ;
#1686 = VERTEX_POINT ( 'NONE', #2879 ) ;
#1687 = DIRECTION ( 'NONE',  ( 0.9135454576426059736, 0.4067366430757889395, 0.000000000000000000 ) ) ;
#1688 = DIRECTION ( 'NONE',  ( 0.000000000000000000, 0.000000000000000000, 1.000000000000000000 ) ) ;
#1689 = ORIENTED_EDGE ( 'NONE', *, *, #4443, .T. ) ;
#1690 = ORIENTED_EDGE ( 'NONE', *, *, #1785, .F. ) ;
#1691 = FACE_BOUND ( 'NONE', #824, .T. ) ;
#1692 = ADVANCED_FACE ( 'NONE', ( #887 ), #483, .T. ) ;
#1693 = DIRECTION ( 'NONE',  ( 0.000000000000000000, 0.000000000000000000, 1.000000000000000000 ) ) ;
#1694 = DIRECTION ( 'NONE',  ( 1.000000000000000000, 0.000000000000000000, 0.000000000000000000 ) ) ;
#1695 = CARTESIAN_POINT ( 'NONE',  ( 0.000000000000000000, 0.000000000000000000, -6.719500000000000028 ) ) ;
#1696 = DIRECTION ( 'NONE',  ( 0.000000000000000000, 0.000000000000000000, -1.000000000000000000 ) ) ;
#1697 = CARTESIAN_POINT ( 'NONE',  ( 0.2933980814764465261, 3.534646590994565241, -7.000000000000000000 ) ) ;
#1698 = ORIENTED_EDGE ( 'NONE', *, *, #595, .T. ) ;
#1699 = CYLINDRICAL_SURFACE ( 'NONE', #3236, 1.973045005896730153 ) ;
#1700 = EDGE_CURVE ( 'NONE', #2517, #1597, #4279, .T. ) ;
#1701 = AXIS2_PLACEMENT_3D ( 'NONE', #744, #3049, #31 ) ;
#1702 = EDGE_CURVE ( 'NONE', #4445, #989, #1216, .T. ) ;
#1703 = DIRECTION ( 'NONE',  ( 1.000000000000000000, 0.000000000000000000, 0.000000000000000000 ) ) ;
#1704 = DIRECTION ( 'NONE',  ( 1.000000000000000000, 0.000000000000000000, 0.000000000000000000 ) ) ;
#1705 = DIRECTION ( 'NONE',  ( 1.000000000000000000, 0.000000000000000000, 0.000000000000000000 ) ) ;
#1706 = CARTESIAN_POINT ( 'NONE',  ( -3.235607650385385003, -0.7227735835918119855, -4.000000000000000000 ) ) ;
#1707 = EDGE_LOOP ( 'NONE', ( #4184, #3616, #3883, #23 ) ) ;
#1708 = ORIENTED_EDGE ( 'NONE', *, *, #1183, .T. ) ;
#1709 = CIRCLE ( 'NONE', #2409, 1.973045005896730153 ) ;
#1710 = AXIS2_PLACEMENT_3D ( 'NONE', #2333, #3367, #1696 ) ;
#1711 = DIRECTION ( 'NONE',  ( 0.000000000000000000, 0.000000000000000000, -1.000000000000000000 ) ) ;
#1712 = CIRCLE ( 'NONE', #2142, 0.1963495408493620142 ) ;
#1713 = DIRECTION ( 'NONE',  ( 0.000000000000000000, 0.000000000000000000, -1.000000000000000000 ) ) ;
#1714 = ORIENTED_EDGE ( 'NONE', *, *, #3857, .T. ) ;
#1715 = ORIENTED_EDGE ( 'NONE', *, *, #2679, .T. ) ;
#1716 = DIRECTION ( 'NONE',  ( 1.000000000000000000, 0.000000000000000000, 0.000000000000000000 ) ) ;
#1717 = DIRECTION ( 'NONE',  ( -0.9945218953682730678, 0.1045284632676570097, 0.000000000000000000 ) ) ;
#1718 = EDGE_CURVE ( 'NONE', #1906, #2397, #4320, .T. ) ;
#1719 = EDGE_LOOP ( 'NONE', ( #4311, #656, #3509, #2989 ) ) ;
#1720 = CARTESIAN_POINT ( 'NONE',  ( 0.000000000000000000, 0.000000000000000000, 20.99999999999999645 ) ) ;
#1721 = DIRECTION ( 'NONE',  ( 0.000000000000000000, 0.000000000000000000, -1.000000000000000000 ) ) ;
#1722 = CARTESIAN_POINT ( 'NONE',  ( 0.000000000000000000, 0.000000000000000000, -24.00000000000000000 ) ) ;
#1723 = CIRCLE ( 'NONE', #3831, 0.1963495408493620142 ) ;
#1724 = EDGE_LOOP ( 'NONE', ( #278, #1106 ) ) ;
#1725 = DIRECTION ( 'NONE',  ( 0.000000000000000000, 0.000000000000000000, 1.000000000000000000 ) ) ;
#1726 = CONICAL_SURFACE ( 'NONE', #4263, 4.250000000000000000, 0.7853981633974391752 ) ;
#1727 = CIRCLE ( 'NONE', #3092, 1.973045005896729709 ) ;
#1728 = CARTESIAN_POINT ( 'NONE',  ( -2.879716887422824723, 2.732061657117534903, -7.000000000000000000 ) ) ;
#1729 = CARTESIAN_POINT ( 'NONE',  ( -2.430432687826100224, -2.583177482750639964, -7.000000000000000000 ) ) ;
#1730 = DIRECTION ( 'NONE',  ( 1.000000000000000000, 0.000000000000000000, 0.000000000000000000 ) ) ;
#1731 = VECTOR ( 'NONE', #3185, 1000.000000000000114 ) ;
#1732 = FACE_OUTER_BOUND ( 'NONE', #242, .T. ) ;
#1733 = ORIENTED_EDGE ( 'NONE', *, *, #4417, .T. ) ;
#1734 = CIRCLE ( 'NONE', #492, 0.1963495408493620142 ) ;
#1735 = ORIENTED_EDGE ( 'NONE', *, *, #2683, .F. ) ;
#1736 = ADVANCED_FACE ( 'NONE', ( #2247 ), #3636, .T. ) ;
#1737 = CARTESIAN_POINT ( 'NONE',  ( -0.2919351088493389867, 3.105321142968430426, -7.000000000000000000 ) ) ;
#1738 = CARTESIAN_POINT ( 'NONE',  ( -4.250000000000000000, 5.204748896376249713E-16, -7.000000000000000000 ) ) ;
#1739 = ORIENTED_EDGE ( 'NONE', *, *, #3199, .T. ) ;
#1740 = FACE_OUTER_BOUND ( 'NONE', #3694, .T. ) ;
#1741 = EDGE_LOOP ( 'NONE', ( #4149, #2663, #2923, #2241 ) ) ;
#1742 = PLANE ( 'NONE',  #4398 ) ;
#1743 = CARTESIAN_POINT ( 'NONE',  ( -3.946402564645500544, 1.577468477574775152, -7.000000000000000000 ) ) ;
#1744 = ORIENTED_EDGE ( 'NONE', *, *, #2378, .T. ) ;
#1745 = CYLINDRICAL_SURFACE ( 'NONE', #872, 0.1963495408493620142 ) ;
#1746 = CIRCLE ( 'NONE', #1591, 3.969500000000000028 ) ;
#1747 = DIRECTION ( 'NONE',  ( 0.000000000000000000, 0.000000000000000000, 1.000000000000000000 ) ) ;
#1748 = CARTESIAN_POINT ( 'NONE',  ( 3.122100419505974944, 2.603668924526500117, -6.904494552283099829 ) ) ;
#1749 = VERTEX_POINT ( 'NONE', #3937 ) ;
#1750 = DIRECTION ( 'NONE',  ( 0.000000000000000000, 0.000000000000000000, 1.000000000000000000 ) ) ;
#1751 = DIRECTION ( 'NONE',  ( 1.000000000000000000, 0.000000000000000000, 0.000000000000000000 ) ) ;
#1752 = DIRECTION ( 'NONE',  ( 1.000000000000000000, 0.000000000000000000, 0.000000000000000000 ) ) ;
#1753 = CARTESIAN_POINT ( 'NONE',  ( 0.000000000000000000, 0.000000000000000000, -6.719500000000000028 ) ) ;
#1754 = CARTESIAN_POINT ( 'NONE',  ( -0.9261763560577140897, 3.859938808774005192, -7.000000000000000000 ) ) ;
#1755 = ORIENTED_EDGE ( 'NONE', *, *, #3176, .F. ) ;
#1756 = ORIENTED_EDGE ( 'NONE', *, *, #2118, .F. ) ;
#1757 = DIRECTION ( 'NONE',  ( 0.000000000000000000, 0.000000000000000000, 1.000000000000000000 ) ) ;
#1758 = DIRECTION ( 'NONE',  ( 1.000000000000000000, 0.000000000000000000, 0.000000000000000000 ) ) ;
#1759 = ADVANCED_FACE ( 'NONE', ( #522 ), #619, .T. ) ;
#1760 = ORIENTED_EDGE ( 'NONE', *, *, #880, .T. ) ;
#1761 = CARTESIAN_POINT ( 'NONE',  ( -2.513460179390325067, 2.104856476242574992, -4.000000000000000000 ) ) ;
#1762 = ORIENTED_EDGE ( 'NONE', *, *, #3497, .T. ) ;
#1763 = DIRECTION ( 'NONE',  ( 0.000000000000000000, 0.000000000000000000, 1.000000000000000000 ) ) ;
#1764 = DIRECTION ( 'NONE',  ( 1.000000000000000000, 0.000000000000000000, 0.000000000000000000 ) ) ;
#1765 = VERTEX_POINT ( 'NONE', #3251 ) ;
#1766 = CARTESIAN_POINT ( 'NONE',  ( -4.246832370089754782, -0.1640573691055220162, -6.719500000000000028 ) ) ;
#1767 = CYLINDRICAL_SURFACE ( 'NONE', #1064, 1.973045005896730597 ) ;
#1768 = ORIENTED_EDGE ( 'NONE', *, *, #838, .T. ) ;
#1769 = CARTESIAN_POINT ( 'NONE',  ( -4.246832370087664899, 0.1640573691068734907, -6.719500000002040174 ) ) ;
#1770 = DIRECTION ( 'NONE',  ( 0.000000000000000000, 0.000000000000000000, 1.000000000000000000 ) ) ;
#1771 = CARTESIAN_POINT ( 'NONE',  ( -0.3124592246176750021, -3.300595060488625165, -7.000000000000000000 ) ) ;
#1772 = CIRCLE ( 'NONE', #2983, 3.969500000000000028 ) ;
#1773 = ADVANCED_FACE ( 'NONE', ( #848 ), #1535, .T. ) ;
#1774 = CARTESIAN_POINT ( 'NONE',  ( -1.071993138994463912, 4.018358573061684424, -6.811067207385050004 ) ) ;
#1775 = ORIENTED_EDGE ( 'NONE', *, *, #73, .T. ) ;
#1776 = VERTEX_POINT ( 'NONE', #1905 ) ;
#1777 = CARTESIAN_POINT ( 'NONE',  ( -1.627918660403720130, -2.888155008907924870, -4.000000000000000000 ) ) ;
#1778 = ORIENTED_EDGE ( 'NONE', *, *, #1857, .F. ) ;
#1779 = CIRCLE ( 'NONE', #4175, 0.1963495408493620142 ) ;
#1780 = LINE ( 'NONE', #680, #2023 ) ;
#1781 = ORIENTED_EDGE ( 'NONE', *, *, #16, .F. ) ;
#1782 = CARTESIAN_POINT ( 'NONE',  ( 0.000000000000000000, 0.000000000000000000, -7.000000000000000000 ) ) ;
#1783 = CARTESIAN_POINT ( 'NONE',  ( -3.249853172817215086, 0.6557536698337659287, -4.000000000000000000 ) ) ;
#1784 = ORIENTED_EDGE ( 'NONE', *, *, #561, .T. ) ;
#1785 = EDGE_CURVE ( 'NONE', #1852, #3790, #1220, .T. ) ;
#1786 = EDGE_CURVE ( 'NONE', #480, #2065, #130, .T. ) ;
#1787 = CARTESIAN_POINT ( 'NONE',  ( 0.000000000000000000, 0.000000000000000000, -14.00000000000000000 ) ) ;
#1788 = AXIS2_PLACEMENT_3D ( 'NONE', #3172, #786, #1470 ) ;
#1789 = CARTESIAN_POINT ( 'NONE',  ( 3.935605451321019466, 0.5176291930835129618, -7.000000000000000000 ) ) ;
#1790 = VERTEX_POINT ( 'NONE', #190 ) ;
#1791 = DIRECTION ( 'NONE',  ( 1.000000000000000000, 0.000000000000000000, 0.000000000000000000 ) ) ;
#1792 = DIRECTION ( 'NONE',  ( 1.000000000000000000, 2.659614199953277538E-14, 0.000000000000000000 ) ) ;
#1793 = DIRECTION ( 'NONE',  ( 0.000000000000000000, 0.000000000000000000, 1.000000000000000000 ) ) ;
#1794 = AXIS2_PLACEMENT_3D ( 'NONE', #2846, #3217, #3947 ) ;
#1795 = DIRECTION ( 'NONE',  ( 0.5000000000000003331, 0.8660254037844384856, 0.000000000000000000 ) ) ;
#1796 = VERTEX_POINT ( 'NONE', #2944 ) ;
#1797 = ORIENTED_EDGE ( 'NONE', *, *, #2118, .T. ) ;
#1798 = CONICAL_SURFACE ( 'NONE', #2356, 4.250000000000000000, 0.7853981633974391752 ) ;
#1799 = ADVANCED_FACE ( 'NONE', ( #3614 ), #4343, .T. ) ;
#1800 = VECTOR ( 'NONE', #979, 1000.000000000000000 ) ;
#1801 = CARTESIAN_POINT ( 'NONE',  ( 1.899999999999999911, 2.326828918379971365E-16, 6.000000000000000000 ) ) ;
#1802 = VECTOR ( 'NONE', #2301, 1000.000000000000000 ) ;
#1803 = VERTEX_POINT ( 'NONE', #3314 ) ;
#1804 = DIRECTION ( 'NONE',  ( 0.000000000000000000, 0.000000000000000000, 1.000000000000000000 ) ) ;
#1805 = DIRECTION ( 'NONE',  ( -0.000000000000000000, -0.000000000000000000, 1.000000000000000000 ) ) ;
#1806 = ORIENTED_EDGE ( 'NONE', *, *, #2596, .F. ) ;
#1807 = LINE ( 'NONE', #3914, #3604 ) ;
#1808 = VERTEX_POINT ( 'NONE', #208 ) ;
#1809 = DIRECTION ( 'NONE',  ( 1.000000000000000000, 0.000000000000000000, 0.000000000000000000 ) ) ;
#1810 = ADVANCED_FACE ( 'NONE', ( #4299 ), #1157, .F. ) ;
#1811 = ORIENTED_EDGE ( 'NONE', *, *, #4145, .T. ) ;
#1812 = CARTESIAN_POINT ( 'NONE',  ( 0.000000000000000000, 0.000000000000000000, -6.719500000000000028 ) ) ;
#1813 = CIRCLE ( 'NONE', #2377, 1.973045005896731041 ) ;
#1814 = DIRECTION ( 'NONE',  ( 0.000000000000000000, 0.000000000000000000, -1.000000000000000000 ) ) ;
#1815 = LINE ( 'NONE', #3928, #728 ) ;
#1816 = ORIENTED_EDGE ( 'NONE', *, *, #3979, .F. ) ;
#1817 = CARTESIAN_POINT ( 'NONE',  ( -3.091494944343594842, -0.4563814293964990054, -7.000000000000000000 ) ) ;
#1818 = ORIENTED_EDGE ( 'NONE', *, *, #3528, .F. ) ;
#1819 = EDGE_CURVE ( 'NONE', #2336, #4373, #504, .T. ) ;
#1820 = PLANE ( 'NONE',  #3379 ) ;
#1821 = AXIS2_PLACEMENT_3D ( 'NONE', #4441, #1037, #1063 ) ;
#1822 = VERTEX_POINT ( 'NONE', #3229 ) ;
#1823 = DIRECTION ( 'NONE',  ( 1.000000000000000000, 0.000000000000000000, 0.000000000000000000 ) ) ;
#1824 = FACE_OUTER_BOUND ( 'NONE', #2101, .T. ) ;
#1825 = ORIENTED_EDGE ( 'NONE', *, *, #1154, .T. ) ;
#1826 = EDGE_CURVE ( 'NONE', #2868, #3519, #2557, .T. ) ;
#1827 = ORIENTED_EDGE ( 'NONE', *, *, #209, .T. ) ;
#1828 = DIRECTION ( 'NONE',  ( 0.8090169943749426773, -0.5877852522924796874, 0.000000000000000000 ) ) ;
#1829 = ORIENTED_EDGE ( 'NONE', *, *, #2405, .F. ) ;
#1830 = DIRECTION ( 'NONE',  ( 1.000000000000000000, 0.000000000000000000, 0.000000000000000000 ) ) ;
#1831 = DIRECTION ( 'NONE',  ( 0.000000000000000000, 0.000000000000000000, -1.000000000000000000 ) ) ;
#1832 = CARTESIAN_POINT ( 'NONE',  ( -1.687256277579699981, -2.853896419658300321, -4.000000000000000000 ) ) ;
#1833 = VERTEX_POINT ( 'NONE', #558 ) ;
#1834 = ADVANCED_FACE ( 'NONE', ( #2963 ), #1726, .T. ) ;
#1835 = VECTOR ( 'NONE', #1917, 1000.000000000000000 ) ;
#1836 = EDGE_CURVE ( 'NONE', #2098, #3401, #1396, .T. ) ;
#1837 = LINE ( 'NONE', #3222, #2525 ) ;
#1838 = CARTESIAN_POINT ( 'NONE',  ( -0.3600769430756984857, 3.098159147592464802, -4.000000000000000000 ) ) ;
#1839 = AXIS2_PLACEMENT_3D ( 'NONE', #3610, #1231, #3977 ) ;
#1840 = ORIENTED_EDGE ( 'NONE', *, *, #73, .F. ) ;
#1841 = DIRECTION ( 'NONE',  ( 0.000000000000000000, 0.000000000000000000, 1.000000000000000000 ) ) ;
#1842 = VECTOR ( 'NONE', #89, 1000.000000000000000 ) ;
#1843 = EDGE_LOOP ( 'NONE', ( #3954, #1317, #3938, #4297 ) ) ;
#1844 = AXIS2_PLACEMENT_3D ( 'NONE', #4206, #4130, #1703 ) ;
#1845 = FACE_OUTER_BOUND ( 'NONE', #4332, .T. ) ;
#1846 = CARTESIAN_POINT ( 'NONE',  ( -1.830597722194789778, 2.719708594400580548, -7.000000000000000000 ) ) ;
#1847 = AXIS2_PLACEMENT_3D ( 'NONE', #811, #1456, #3178 ) ;
#1848 = AXIS2_PLACEMENT_3D ( 'NONE', #4301, #3276, #3984 ) ;
#1849 = ORIENTED_EDGE ( 'NONE', *, *, #2280, .T. ) ;
#1850 = ADVANCED_FACE ( 'NONE', ( #630 ), #2046, .T. ) ;
#1851 = DIRECTION ( 'NONE',  ( 0.000000000000000000, 0.000000000000000000, -1.000000000000000000 ) ) ;
#1852 = VERTEX_POINT ( 'NONE', #2372 ) ;
#1853 = CARTESIAN_POINT ( 'NONE',  ( 3.452313666459034813, -0.8132277084702069780, -7.000000000000000000 ) ) ;
#1854 = DIRECTION ( 'NONE',  ( 1.000000000000000000, 0.000000000000000000, 0.000000000000000000 ) ) ;
#1855 = CARTESIAN_POINT ( 'NONE',  ( 0.000000000000000000, 0.000000000000000000, -4.000000000000000000 ) ) ;
#1856 = ORIENTED_EDGE ( 'NONE', *, *, #281, .T. ) ;
#1857 = EDGE_CURVE ( 'NONE', #2122, #1776, #3334, .T. ) ;
#1858 = CYLINDRICAL_SURFACE ( 'NONE', #4205, 1.899999999999999911 ) ;
#1859 = LINE ( 'NONE', #1838, #732 ) ;
#1860 = EDGE_CURVE ( 'NONE', #17, #2791, #491, .T. ) ;
#1861 = VERTEX_POINT ( 'NONE', #933 ) ;
#1862 = DIRECTION ( 'NONE',  ( 0.000000000000000000, 0.000000000000000000, -1.000000000000000000 ) ) ;
#1863 = ADVANCED_FACE ( 'NONE', ( #3007 ), #3013, .T. ) ;
#1864 = AXIS2_PLACEMENT_3D ( 'NONE', #3866, #753, #2137 ) ;
#1865 = ORIENTED_EDGE ( 'NONE', *, *, #2788, .F. ) ;
#1866 = CARTESIAN_POINT ( 'NONE',  ( 1.705702773494270019, -3.109724586830400206, -7.000000000000000000 ) ) ;
#1867 = CIRCLE ( 'NONE', #4041, 1.973045005896729487 ) ;
#1868 = B_SPLINE_CURVE_WITH_KNOTS ( 'NONE', 3,
 ( #376, #3845, #3164, #2158 ),
 .UNSPECIFIED., .F., .F.,
 ( 4, 4 ),
 ( 3.126671738368315161E-07, 0.0004297571999625554779 ),
 .UNSPECIFIED. ) ;
#1869 = DIRECTION ( 'NONE',  ( 1.000000000000000000, 0.000000000000000000, 0.000000000000000000 ) ) ;
#1870 = EDGE_LOOP ( 'NONE', ( #3589, #2937, #954, #2324 ) ) ;
#1871 = VERTEX_POINT ( 'NONE', #2690 ) ;
#1872 = DIRECTION ( 'NONE',  ( 0.000000000000000000, 0.000000000000000000, 1.000000000000000000 ) ) ;
#1873 = B_SPLINE_CURVE_WITH_KNOTS ( 'NONE', 3,
 ( #2411, #3491, #388, #3623 ),
 .UNSPECIFIED., .F., .F.,
 ( 4, 4 ),
 ( 2.997650662717944886E-07, 0.0004297442978546969859 ),
 .UNSPECIFIED. ) ;
#1874 = DIRECTION ( 'NONE',  ( 1.000000000000000000, 0.000000000000000000, 0.000000000000000000 ) ) ;
#1875 = ORIENTED_EDGE ( 'NONE', *, *, #2713, .F. ) ;
#1876 = CARTESIAN_POINT ( 'NONE',  ( -3.207792781939549975, 1.513233103517119815, -7.000000000000000000 ) ) ;
#1877 = CIRCLE ( 'NONE', #3255, 0.1963495408493620142 ) ;
#1878 = EDGE_CURVE ( 'NONE', #1121, #2868, #995, .T. ) ;
#1879 = CARTESIAN_POINT ( 'NONE',  ( -2.778539377712864855, -1.740006260178434960, -4.000000000000000000 ) ) ;
#1880 = ORIENTED_EDGE ( 'NONE', *, *, #2234, .T. ) ;
#1881 = CIRCLE ( 'NONE', #1669, 1.973045005896730153 ) ;
#1882 = AXIS2_PLACEMENT_3D ( 'NONE', #4079, #4470, #3757 ) ;
#1883 = CARTESIAN_POINT ( 'NONE',  ( -3.057794340530215038, 0.6149303048044809650, -4.000000000000000000 ) ) ;
#1884 = CARTESIAN_POINT ( 'NONE',  ( 0.9963519047475749568, 2.955592730849684990, -7.000000000000000000 ) ) ;
#1885 = ORIENTED_EDGE ( 'NONE', *, *, #692, .T. ) ;
#1886 = EDGE_LOOP ( 'NONE', ( #2580, #555, #1516, #320 ) ) ;
#1887 = CARTESIAN_POINT ( 'NONE',  ( 3.805893243480615418, 1.127877151656433874, -7.000000000000000000 ) ) ;
#1888 = EDGE_CURVE ( 'NONE', #759, #1790, #1664, .T. ) ;
#1889 = DIRECTION ( 'NONE',  ( 1.000000000000000000, 0.000000000000000000, 0.000000000000000000 ) ) ;
#1890 = VECTOR ( 'NONE', #649, 1000.000000000000000 ) ;
#1891 = VERTEX_POINT ( 'NONE', #956 ) ;
#1892 = ADVANCED_FACE ( 'NONE', ( #4457 ), #231, .T. ) ;
#1893 = CARTESIAN_POINT ( 'NONE',  ( -3.946402564646880329, 1.577468477576810191, -6.719500000000000028 ) ) ;
#1894 = CARTESIAN_POINT ( 'NONE',  ( 2.086901529111695019, -2.317738955447639970, -4.000000000000000000 ) ) ;
#1895 = DIRECTION ( 'NONE',  ( 0.000000000000000000, 0.000000000000000000, -1.000000000000000000 ) ) ;
#1896 = CARTESIAN_POINT ( 'NONE',  ( -2.719767133970329986, 3.265787307369355297, -6.719500000000000028 ) ) ;
#1897 = ORIENTED_EDGE ( 'NONE', *, *, #4036, .T. ) ;
#1898 = EDGE_CURVE ( 'NONE', #210, #2830, #3313, .T. ) ;
#1899 = CARTESIAN_POINT ( 'NONE',  ( 0.9311881956576679720, -2.976765703412589836, -7.000000000000000000 ) ) ;
#1900 = CARTESIAN_POINT ( 'NONE',  ( -4.246832370087664899, 0.1640573691068734907, -6.719500000002040174 ) ) ;
#1901 = ORIENTED_EDGE ( 'NONE', *, *, #2519, .T. ) ;
#1902 = ORIENTED_EDGE ( 'NONE', *, *, #3471, .F. ) ;
#1903 = CARTESIAN_POINT ( 'NONE',  ( -1.627918660403720130, -2.888155008907924870, -4.000000000000000000 ) ) ;
#1904 = VECTOR ( 'NONE', #1193, 1000.000000000000000 ) ;
#1905 = CARTESIAN_POINT ( 'NONE',  ( 1.225135557480251824, 3.040879103936695138, -4.000000000000000000 ) ) ;
#1906 = VERTEX_POINT ( 'NONE', #4432 ) ;
#1907 = VERTEX_POINT ( 'NONE', #1273 ) ;
#1908 = AXIS2_PLACEMENT_3D ( 'NONE', #2461, #3181, #3810 ) ;
#1909 = ORIENTED_EDGE ( 'NONE', *, *, #4358, .F. ) ;
#1910 = DIRECTION ( 'NONE',  ( 0.000000000000000000, 0.000000000000000000, 1.000000000000000000 ) ) ;
#1911 = DIRECTION ( 'NONE',  ( 0.000000000000000000, 0.000000000000000000, 1.000000000000000000 ) ) ;
#1912 = DIRECTION ( 'NONE',  ( 1.000000000000000000, -1.104359264397054674E-15, 0.000000000000000000 ) ) ;
#1913 = ADVANCED_FACE ( 'NONE', ( #2323 ), #1252, .T. ) ;
#1914 = AXIS2_PLACEMENT_3D ( 'NONE', #3578, #2828, #140 ) ;
#1915 = AXIS2_PLACEMENT_3D ( 'NONE', #2313, #4494, #4099 ) ;
#1916 = EDGE_CURVE ( 'NONE', #2703, #1411, #2303, .T. ) ;
#1917 = DIRECTION ( 'NONE',  ( 0.000000000000000000, 0.000000000000000000, -1.000000000000000000 ) ) ;
#1918 = ORIENTED_EDGE ( 'NONE', *, *, #410, .F. ) ;
#1919 = CARTESIAN_POINT ( 'NONE',  ( 0.000000000000000000, 0.000000000000000000, -6.719500000000000028 ) ) ;
#1920 = DIRECTION ( 'NONE',  ( 0.000000000000000000, 0.000000000000000000, -1.000000000000000000 ) ) ;
#1921 = VERTEX_POINT ( 'NONE', #253 ) ;
#1922 = VERTEX_POINT ( 'NONE', #3721 ) ;
#1923 = LINE ( 'NONE', #3634, #1802 ) ;
#1924 = EDGE_CURVE ( 'NONE', #3054, #2249, #605, .T. ) ;
#1925 = CARTESIAN_POINT ( 'NONE',  ( 2.260406305414545347, -3.357486214367200184, -6.922204365986829977 ) ) ;
#1926 = ORIENTED_EDGE ( 'NONE', *, *, #2133, .T. ) ;
#1927 = ORIENTED_EDGE ( 'NONE', *, *, #3302, .F. ) ;
#1928 = ORIENTED_EDGE ( 'NONE', *, *, #635, .T. ) ;
#1929 = CARTESIAN_POINT ( 'NONE',  ( 1.899999999999999911, 2.326828918379971365E-16, 20.99999999999999645 ) ) ;
#1930 = VECTOR ( 'NONE', #2099, 1000.000000000000000 ) ;
#1931 = CIRCLE ( 'NONE', #4489, 0.1963495408493620142 ) ;
#1932 = CARTESIAN_POINT ( 'NONE',  ( -3.270983679872604633, 1.371304022983455884, -7.000000000000000000 ) ) ;
#1933 = B_SPLINE_CURVE_WITH_KNOTS ( 'NONE', 3,
 ( #715, #50, #2701, #2106 ),
 .UNSPECIFIED., .F., .F.,
 ( 4, 4 ),
 ( 7.989233312052830018E-05, 0.0004297038956195559241 ),
 .UNSPECIFIED. ) ;
#1934 = EDGE_CURVE ( 'NONE', #1411, #3422, #2005, .T. ) ;
#1935 = ADVANCED_FACE ( 'NONE', ( #3161 ), #2088, .T. ) ;
#1936 = FACE_OUTER_BOUND ( 'NONE', #2157, .T. ) ;
#1937 = ORIENTED_EDGE ( 'NONE', *, *, #1251, .T. ) ;
#1938 = APPLICATION_CONTEXT ( 'automotive_design' ) ;
#1939 = DIRECTION ( 'NONE',  ( 0.000000000000000000, 0.000000000000000000, 1.000000000000000000 ) ) ;
#1940 = DIRECTION ( 'NONE',  ( -0.9781476007338042455, 0.2079116908177665035, 0.000000000000000000 ) ) ;
#1941 = ORIENTED_EDGE ( 'NONE', *, *, #1196, .T. ) ;
#1942 = AXIS2_PLACEMENT_3D ( 'NONE', #1116, #3855, #1472 ) ;
#1943 = ORIENTED_EDGE ( 'NONE', *, *, #4081, .F. ) ;
#1944 = CARTESIAN_POINT ( 'NONE',  ( -0.9261763560577659371, -3.859938808773990093, -7.000000000000000000 ) ) ;
#1945 = CIRCLE ( 'NONE', #564, 0.1963495408493620142 ) ;
#1946 = VECTOR ( 'NONE', #3904, 1000.000000000000000 ) ;
#1947 = DIRECTION ( 'NONE',  ( 1.000000000000000000, 0.000000000000000000, 0.000000000000000000 ) ) ;
#1948 = EDGE_CURVE ( 'NONE', #2753, #2127, #2942, .T. ) ;
#1949 = ORIENTED_EDGE ( 'NONE', *, *, #3073, .T. ) ;
#1950 = ORIENTED_EDGE ( 'NONE', *, *, #3440, .F. ) ;
#1951 = AXIS2_PLACEMENT_3D ( 'NONE', #3065, #3458, #1010 ) ;
#1952 = ORIENTED_EDGE ( 'NONE', *, *, #1878, .T. ) ;
#1953 = DIRECTION ( 'NONE',  ( 1.000000000000000000, 0.000000000000000000, 0.000000000000000000 ) ) ;
#1954 = CARTESIAN_POINT ( 'NONE',  ( 2.112360622440739633, 2.294815484850010190, -7.000000000000000000 ) ) ;
#1955 = EDGE_CURVE ( 'NONE', #3741, #1462, #201, .T. ) ;
#1956 = CARTESIAN_POINT ( 'NONE',  ( -1.389369008170032060, 2.799156794310854846, -7.000000000000000000 ) ) ;
#1957 = DIRECTION ( 'NONE',  ( 1.000000000000000000, 0.000000000000000000, 0.000000000000000000 ) ) ;
#1958 = AXIS2_PLACEMENT_3D ( 'NONE', #2404, #305, #613 ) ;
#1959 = CARTESIAN_POINT ( 'NONE',  ( 0.9311881956576669728, -2.976765703412589836, -4.000000000000000000 ) ) ;
#1960 = CIRCLE ( 'NONE', #3856, 3.000000000000000444 ) ;
#1961 = CARTESIAN_POINT ( 'NONE',  ( 0.000000000000000000, 0.000000000000000000, -4.000000000000000000 ) ) ;
#1962 = ORIENTED_EDGE ( 'NONE', *, *, #3527, .F. ) ;
#1963 = DIRECTION ( 'NONE',  ( 1.000000000000000000, 0.000000000000000000, 0.000000000000000000 ) ) ;
#1964 = DIRECTION ( 'NONE',  ( 1.000000000000000000, 0.000000000000000000, 0.000000000000000000 ) ) ;
#1965 = EDGE_LOOP ( 'NONE', ( #1213, #1443, #906, #1901, #1036 ) ) ;
#1966 = VERTEX_POINT ( 'NONE', #3449 ) ;
#1967 = ADVANCED_FACE ( 'NONE', ( #3082 ), #15, .T. ) ;
#1968 = EDGE_CURVE ( 'NONE', #206, #3118, #1931, .T. ) ;
#1969 = LINE ( 'NONE', #207, #4334 ) ;
#1970 = CARTESIAN_POINT ( 'NONE',  ( 1.705702773494315094, 3.109724586830374893, -7.000000000000000000 ) ) ;
#1971 = VERTEX_POINT ( 'NONE', #3885 ) ;
#1972 = ORIENTED_EDGE ( 'NONE', *, *, #3274, .F. ) ;
#1973 = ORIENTED_EDGE ( 'NONE', *, *, #710, .T. ) ;
#1974 = DIRECTION ( 'NONE',  ( 0.000000000000000000, 0.000000000000000000, 1.000000000000000000 ) ) ;
#1975 = CIRCLE ( 'NONE', #1263, 4.250000000000000000 ) ;
#1976 = DIRECTION ( 'NONE',  ( 0.000000000000000000, 0.000000000000000000, 1.000000000000000000 ) ) ;
#1977 = CARTESIAN_POINT ( 'NONE',  ( 0.7962284048838049744, -3.180239485670429911, -7.000000000000000000 ) ) ;
#1978 = CARTESIAN_POINT ( 'NONE',  ( -3.000000000000000444, 3.673940397442060361E-16, -14.00000000000000000 ) ) ;
#1979 = CIRCLE ( 'NONE', #1626, 1.973045005896730153 ) ;
#1980 = EDGE_CURVE ( 'NONE', #220, #3169, #1054, .T. ) ;
#1981 = CYLINDRICAL_SURFACE ( 'NONE', #968, 0.1963495408493620142 ) ;
#1982 = DIRECTION ( 'NONE',  ( 1.000000000000000000, 5.521796321985273963E-15, 0.000000000000000000 ) ) ;
#1983 = CIRCLE ( 'NONE', #679, 1.973045005896729487 ) ;
#1984 = CIRCLE ( 'NONE', #4022, 1.973045005896730153 ) ;
#1985 = ORIENTED_EDGE ( 'NONE', *, *, #975, .F. ) ;
#1986 = CARTESIAN_POINT ( 'NONE',  ( -0.2919351088493369883, 3.105321142968415327, -4.000000000000000000 ) ) ;
#1987 = LINE ( 'NONE', #928, #2458 ) ;
#1988 = ORIENTED_EDGE ( 'NONE', *, *, #618, .T. ) ;
#1989 = ORIENTED_EDGE ( 'NONE', *, *, #880, .F. ) ;
#1990 = CARTESIAN_POINT ( 'NONE',  ( -1.519522694709715127, 3.667148896658295243, -7.000000000000000000 ) ) ;
#1991 = EDGE_CURVE ( 'NONE', #1921, #392, #552, .T. ) ;
#1992 = CARTESIAN_POINT ( 'NONE',  ( 0.000000000000000000, 0.000000000000000000, -14.00000000000000000 ) ) ;
#1993 = EDGE_CURVE ( 'NONE', #2811, #3054, #1159, .T. ) ;
#1994 = ORIENTED_EDGE ( 'NONE', *, *, #3852, .F. ) ;
#1995 = EDGE_LOOP ( 'NONE', ( #1353, #4365, #3681, #4114 ) ) ;
#1996 = ORIENTED_EDGE ( 'NONE', *, *, #2960, .F. ) ;
#1997 = AXIS2_PLACEMENT_3D ( 'NONE', #3834, #77, #3808 ) ;
#1998 = CARTESIAN_POINT ( 'NONE',  ( 0.8034072016301379016, 3.348396088319595343, -4.000000000000000000 ) ) ;
#1999 = VECTOR ( 'NONE', #2080, 1000.000000000000000 ) ;
#2000 = CARTESIAN_POINT ( 'NONE',  ( 0.4479077197208464756, -3.518406973625709977, -4.000000000000000000 ) ) ;
#2001 = CARTESIAN_POINT ( 'NONE',  ( -2.503046055244334767, 1.860915353816875006, -7.000000000000000000 ) ) ;
#2002 = DIRECTION ( 'NONE',  ( 1.000000000000000000, 0.000000000000000000, 0.000000000000000000 ) ) ;
#2003 = AXIS2_PLACEMENT_3D ( 'NONE', #304, #1672, #2968 ) ;
#2004 = FACE_OUTER_BOUND ( 'NONE', #1870, .T. ) ;
#2005 = CIRCLE ( 'NONE', #1580, 0.1963495408493620142 ) ;
#2006 = CIRCLE ( 'NONE', #202, 4.250000000000000000 ) ;
#2007 = DIRECTION ( 'NONE',  ( 0.000000000000000000, 0.000000000000000000, -1.000000000000000000 ) ) ;
#2008 = EDGE_CURVE ( 'NONE', #226, #4354, #2094, .T. ) ;
#2009 = VERTEX_POINT ( 'NONE', #3473 ) ;
#2010 = LINE ( 'NONE', #291, #2453 ) ;
#2011 = AXIS2_PLACEMENT_3D ( 'NONE', #318, #1711, #3081 ) ;
#2012 = VECTOR ( 'NONE', #2174, 1000.000000000000000 ) ;
#2013 = CARTESIAN_POINT ( 'NONE',  ( -3.152282387150849630, 0.9005657169910941118, -7.000000000000000000 ) ) ;
#2014 = DIRECTION ( 'NONE',  ( 0.000000000000000000, 0.000000000000000000, 1.000000000000000000 ) ) ;
#2015 = EDGE_CURVE ( 'NONE', #3035, #3592, #4140, .T. ) ;
#2016 = CARTESIAN_POINT ( 'NONE',  ( 2.266443087373129828, -3.534646590994565241, -7.000000000000000000 ) ) ;
#2017 = VERTEX_POINT ( 'NONE', #4187 ) ;
#2018 = ORIENTED_EDGE ( 'NONE', *, *, #2567, .F. ) ;
#2019 = DIRECTION ( 'NONE',  ( 0.000000000000000000, 0.000000000000000000, 1.000000000000000000 ) ) ;
#2020 = CARTESIAN_POINT ( 'NONE',  ( 3.484614976550524990, 0.6612619924381989422, -7.000000000000000000 ) ) ;
#2021 = EDGE_CURVE ( 'NONE', #1639, #3861, #1123, .T. ) ;
#2022 = ORIENTED_EDGE ( 'NONE', *, *, #1233, .F. ) ;
#2023 = VECTOR ( 'NONE', #774, 1000.000000000000000 ) ;
#2024 = ORIENTED_EDGE ( 'NONE', *, *, #3346, .F. ) ;
#2025 = CYLINDRICAL_SURFACE ( 'NONE', #3747, 0.1963495408493620142 ) ;
#2026 = VECTOR ( 'NONE', #3941, 1000.000000000000000 ) ;
#2027 = VECTOR ( 'NONE', #1024, 1000.000000000000227 ) ;
#2028 = EDGE_CURVE ( 'NONE', #3407, #4195, #2789, .T. ) ;
#2029 = VECTOR ( 'NONE', #1288, 1000.000000000000114 ) ;
#2030 = CYLINDRICAL_SURFACE ( 'NONE', #2574, 1.973045005896730153 ) ;
#2031 = CARTESIAN_POINT ( 'NONE',  ( 2.896159312914940109, 1.536282556425474954, -7.000000000000000000 ) ) ;
#2032 = ADVANCED_FACE ( 'NONE', ( #3842 ), #3498, .F. ) ;
#2033 = CARTESIAN_POINT ( 'NONE',  ( 1.705702773494315094, 3.109724586830374893, -7.000000000000000000 ) ) ;
#2034 = CIRCLE ( 'NONE', #2205, 3.969500000000000028 ) ;
#2035 = DIRECTION ( 'NONE',  ( 1.000000000000000000, 0.000000000000000000, 0.000000000000000000 ) ) ;
#2036 = VERTEX_POINT ( 'NONE', #1439 ) ;
#2037 = FACE_OUTER_BOUND ( 'NONE', #3948, .T. ) ;
#2038 = CARTESIAN_POINT ( 'NONE',  ( 3.118825397134030286, 0.03425858924962450064, -7.000000000000000000 ) ) ;
#2039 = CARTESIAN_POINT ( 'NONE',  ( 0.000000000000000000, 0.000000000000000000, -6.719500000000000028 ) ) ;
#2040 = CARTESIAN_POINT ( 'NONE',  ( -0.3806010588440339459, -3.293433065112659541, -4.000000000000000000 ) ) ;
#2041 = CARTESIAN_POINT ( 'NONE',  ( 2.863122998320095203, 1.237243793775572032, -7.000000000000000000 ) ) ;
#2042 = ORIENTED_EDGE ( 'NONE', *, *, #3555, .T. ) ;
#2043 = ORIENTED_EDGE ( 'NONE', *, *, #2929, .F. ) ;
#2044 = DIRECTION ( 'NONE',  ( 0.000000000000000000, 0.000000000000000000, 1.000000000000000000 ) ) ;
#2045 = EDGE_CURVE ( 'NONE', #3035, #4378, #3460, .T. ) ;
#2046 = CYLINDRICAL_SURFACE ( 'NONE', #2288, 1.973045005896730597 ) ;
#2047 = ORIENTED_EDGE ( 'NONE', *, *, #921, .T. ) ;
#2048 = VERTEX_POINT ( 'NONE', #2135 ) ;
#2049 = DIRECTION ( 'NONE',  ( 1.000000000000000000, 0.000000000000000000, 0.000000000000000000 ) ) ;
#2050 = B_SPLINE_CURVE_WITH_KNOTS ( 'NONE', 3,
 ( #3858, #1333, #3464, #2109 ),
 .UNSPECIFIED., .F., .F.,
 ( 4, 4 ),
 ( 3.126671770216114997E-07, 0.0004297571999625545021 ),
 .UNSPECIFIED. ) ;
#2051 = DIRECTION ( 'NONE',  ( 0.000000000000000000, 0.000000000000000000, 1.000000000000000000 ) ) ;
#2052 = DIRECTION ( 'NONE',  ( -0.6691306063588571273, 0.7431448254773952433, 0.000000000000000000 ) ) ;
#2053 = CARTESIAN_POINT ( 'NONE',  ( 2.112360622440709879, -2.294815484850040388, -7.000000000000000000 ) ) ;
#2054 = LINE ( 'NONE', #2384, #2199 ) ;
#2055 = EDGE_CURVE ( 'NONE', #542, #2183, #677, .T. ) ;
#2056 = DIRECTION ( 'NONE',  ( 0.000000000000000000, 0.000000000000000000, 1.000000000000000000 ) ) ;
#2057 = ADVANCED_FACE ( 'NONE', ( #2765 ), #4491, .T. ) ;
#2058 = ORIENTED_EDGE ( 'NONE', *, *, #3736, .T. ) ;
#2059 = CARTESIAN_POINT ( 'NONE',  ( -3.957224190395164598, 0.3119406304913590056, -7.000000000000000000 ) ) ;
#2060 = VECTOR ( 'NONE', #1895, 1000.000000000000000 ) ;
#2061 = CARTESIAN_POINT ( 'NONE',  ( -3.000000000000000444, 0.000000000000000000, -4.000000000000000000 ) ) ;
#2062 = CARTESIAN_POINT ( 'NONE',  ( 2.020910775106314894, -2.581438067825824856, -7.000000000000000000 ) ) ;
#2063 = CARTESIAN_POINT ( 'NONE',  ( -2.778539377712844871, 1.740006260178459829, -4.000000000000000000 ) ) ;
#2064 = CARTESIAN_POINT ( 'NONE',  ( 3.441018395884969827, -2.164716021190705053, -6.904494533308110249 ) ) ;
#2065 = VERTEX_POINT ( 'NONE', #1801 ) ;
#2066 = ORIENTED_EDGE ( 'NONE', *, *, #1425, .T. ) ;
#2067 = DIRECTION ( 'NONE',  ( 0.000000000000000000, 0.000000000000000000, -1.000000000000000000 ) ) ;
#2068 = DIRECTION ( 'NONE',  ( 1.000000000000000000, 0.000000000000000000, 0.000000000000000000 ) ) ;
#2069 = ORIENTED_EDGE ( 'NONE', *, *, #2544, .T. ) ;
#2070 = ADVANCED_FACE ( 'NONE', ( #1461 ), #2833, .T. ) ;
#2071 = CARTESIAN_POINT ( 'NONE',  ( -2.661896170629185043, 1.976326718222530143, -7.000000000000000000 ) ) ;
#2072 = VERTEX_POINT ( 'NONE', #861 ) ;
#2073 = DIRECTION ( 'NONE',  ( 1.000000000000000000, 0.000000000000000000, 0.000000000000000000 ) ) ;
#2074 = AXIS2_PLACEMENT_3D ( 'NONE', #3486, #2802, #988 ) ;
#2075 = DIRECTION ( 'NONE',  ( 1.000000000000000000, 0.000000000000000000, 0.000000000000000000 ) ) ;
#2076 = ORIENTED_EDGE ( 'NONE', *, *, #4292, .F. ) ;
#2077 = FACE_OUTER_BOUND ( 'NONE', #1415, .T. ) ;
#2078 = AXIS2_PLACEMENT_3D ( 'NONE', #8, #54, #1704 ) ;
#2079 = ADVANCED_FACE ( 'NONE', ( #478 ), #1527, .F. ) ;
#2080 = DIRECTION ( 'NONE',  ( 0.000000000000000000, 0.000000000000000000, 1.000000000000000000 ) ) ;
#2081 = ORIENTED_EDGE ( 'NONE', *, *, #2379, .T. ) ;
#2082 = DIRECTION ( 'NONE',  ( 0.000000000000000000, 0.000000000000000000, 1.000000000000000000 ) ) ;
#2083 = EDGE_CURVE ( 'NONE', #2902, #1891, #1005, .T. ) ;
#2084 = AXIS2_PLACEMENT_3D ( 'NONE', #275, #868, #538 ) ;
#2085 = CARTESIAN_POINT ( 'NONE',  ( 2.914394700463180055, 2.021413487477434767, -7.000000000000000000 ) ) ;
#2086 = DIRECTION ( 'NONE',  ( 1.000000000000000000, 0.000000000000000000, 0.000000000000000000 ) ) ;
#2087 = DIRECTION ( 'NONE',  ( 1.000000000000000000, 0.000000000000000000, 0.000000000000000000 ) ) ;
#2088 = CONICAL_SURFACE ( 'NONE', #4118, 4.250000000000000000, 0.7853981633974391752 ) ;
#2089 = DIRECTION ( 'NONE',  ( 0.000000000000000000, 0.000000000000000000, 1.000000000000000000 ) ) ;
#2090 = ORIENTED_EDGE ( 'NONE', *, *, #3676, .F. ) ;
#2091 = CIRCLE ( 'NONE', #1160, 1.973045005896730153 ) ;
#2092 = ORIENTED_EDGE ( 'NONE', *, *, #1017, .F. ) ;
#2093 = DIRECTION ( 'NONE',  ( 0.000000000000000000, 0.000000000000000000, 1.000000000000000000 ) ) ;
#2094 = LINE ( 'NONE', #2466, #3677 ) ;
#2095 = ORIENTED_EDGE ( 'NONE', *, *, #683, .T. ) ;
#2096 = DIRECTION ( 'NONE',  ( 0.000000000000000000, 0.000000000000000000, -1.000000000000000000 ) ) ;
#2097 = AXIS2_PLACEMENT_3D ( 'NONE', #2913, #3973, #839 ) ;
#2098 = VERTEX_POINT ( 'NONE', #2217 ) ;
#2099 = DIRECTION ( 'NONE',  ( 0.000000000000000000, 0.000000000000000000, 1.000000000000000000 ) ) ;
#2100 = DIRECTION ( 'NONE',  ( -0.7431448254773861395, 0.6691306063588671194, 0.000000000000000000 ) ) ;
#2101 = EDGE_LOOP ( 'NONE', ( #360, #3495, #4018, #2581, #3785 ) ) ;
#2102 = DIRECTION ( 'NONE',  ( 1.000000000000000000, 0.000000000000000000, 0.000000000000000000 ) ) ;
#2103 = AXIS2_PLACEMENT_3D ( 'NONE', #765, #489, #1830 ) ;
#2104 = CARTESIAN_POINT ( 'NONE',  ( 0.9963519047475369872, -2.955592730849700089, -4.000000000000000000 ) ) ;
#2105 = EDGE_CURVE ( 'NONE', #3693, #989, #166, .T. ) ;
#2106 = CARTESIAN_POINT ( 'NONE',  ( 2.248760605675649948, 3.271086362106830236, -7.000000000000000000 ) ) ;
#2107 = ORIENTED_EDGE ( 'NONE', *, *, #920, .T. ) ;
#2108 = DIRECTION ( 'NONE',  ( 0.000000000000000000, 0.000000000000000000, 1.000000000000000000 ) ) ;
#2109 = CARTESIAN_POINT ( 'NONE',  ( 0.1034107763489651999, -3.968152776964985584, -7.000000000000000000 ) ) ;
#2110 = AXIS2_PLACEMENT_3D ( 'NONE', #2699, #517, #3953 ) ;
#2111 = DIRECTION ( 'NONE',  ( 0.000000000000000000, 0.000000000000000000, 1.000000000000000000 ) ) ;
#2112 = CARTESIAN_POINT ( 'NONE',  ( -3.152282387150860288, -0.9005657169910510351, -7.000000000000000000 ) ) ;
#2113 = DIRECTION ( 'NONE',  ( 0.000000000000000000, 0.000000000000000000, -1.000000000000000000 ) ) ;
#2114 = ORIENTED_EDGE ( 'NONE', *, *, #950, .F. ) ;
#2115 = ORIENTED_EDGE ( 'NONE', *, *, #3718, .T. ) ;
#2116 = DIRECTION ( 'NONE',  ( -0.000000000000000000, -0.000000000000000000, -1.000000000000000000 ) ) ;
#2117 = DIRECTION ( 'NONE',  ( 1.000000000000000000, 0.000000000000000000, 0.000000000000000000 ) ) ;
#2118 = EDGE_CURVE ( 'NONE', #798, #380, #1190, .T. ) ;
#2119 = ORIENTED_EDGE ( 'NONE', *, *, #1860, .F. ) ;
#2120 = ADVANCED_FACE ( 'NONE', ( #2935 ), #2507, .T. ) ;
#2121 = CARTESIAN_POINT ( 'NONE',  ( -2.661896170629185043, 1.976326718222530143, -7.000000000000000000 ) ) ;
#2122 = VERTEX_POINT ( 'NONE', #3628 ) ;
#2123 = FACE_OUTER_BOUND ( 'NONE', #3080, .T. ) ;
#2124 = DIRECTION ( 'NONE',  ( 0.000000000000000000, 0.000000000000000000, -1.000000000000000000 ) ) ;
#2125 = ORIENTED_EDGE ( 'NONE', *, *, #3719, .T. ) ;
#2126 = DIRECTION ( 'NONE',  ( 1.000000000000000000, -2.208718528794109349E-15, 0.000000000000000000 ) ) ;
#2127 = VERTEX_POINT ( 'NONE', #1143 ) ;
#2128 = CARTESIAN_POINT ( 'NONE',  ( -1.511454208616839878, 3.773871901268450291, -6.904494545692370089 ) ) ;
#2129 = ADVANCED_FACE ( 'NONE', ( #3265, #3995 ), #1546, .T. ) ;
#2130 = CARTESIAN_POINT ( 'NONE',  ( -2.513460179390325067, 2.104856476242574992, -7.000000000000000000 ) ) ;
#2131 = CYLINDRICAL_SURFACE ( 'NONE', #2615, 0.1963495408493620142 ) ;
#2132 = ORIENTED_EDGE ( 'NONE', *, *, #164, .F. ) ;
#2133 = EDGE_CURVE ( 'NONE', #1411, #2249, #714, .T. ) ;
#2134 = ORIENTED_EDGE ( 'NONE', *, *, #3626, .T. ) ;
#2135 = CARTESIAN_POINT ( 'NONE',  ( -0.3600769430757380096, -3.098159147592439933, -4.000000000000000000 ) ) ;
#2136 = ORIENTED_EDGE ( 'NONE', *, *, #1857, .T. ) ;
#2137 = DIRECTION ( 'NONE',  ( 1.000000000000000000, 0.000000000000000000, 0.000000000000000000 ) ) ;
#2138 = EDGE_LOOP ( 'NONE', ( #806, #2092, #3045, #1226 ) ) ;
#2139 = DIRECTION ( 'NONE',  ( 1.000000000000000000, 0.000000000000000000, 0.000000000000000000 ) ) ;
#2140 = ADVANCED_FACE ( 'NONE', ( #515 ), #1858, .T. ) ;
#2141 = EDGE_CURVE ( 'NONE', #1076, #220, #1877, .T. ) ;
#2142 = AXIS2_PLACEMENT_3D ( 'NONE', #878, #3689, #1629 ) ;
#2143 = CARTESIAN_POINT ( 'NONE',  ( -3.039258109536009833, 0.7227735835918559504, -7.000000000000000000 ) ) ;
#2144 = ORIENTED_EDGE ( 'NONE', *, *, #3499, .T. ) ;
#2145 = CIRCLE ( 'NONE', #2928, 1.973045005896730153 ) ;
#2146 = AXIS2_PLACEMENT_3D ( 'NONE', #2039, #3102, #3782 ) ;
#2147 = DIRECTION ( 'NONE',  ( 1.000000000000000000, 0.000000000000000000, 0.000000000000000000 ) ) ;
#2148 = ORIENTED_EDGE ( 'NONE', *, *, #2612, .F. ) ;
#2149 = CARTESIAN_POINT ( 'NONE',  ( -3.235607650385375234, 0.7227735835918559504, -4.000000000000000000 ) ) ;
#2150 = CARTESIAN_POINT ( 'NONE',  ( 1.705702773494270019, -3.109724586830400206, -4.000000000000000000 ) ) ;
#2151 = ORIENTED_EDGE ( 'NONE', *, *, #2083, .F. ) ;
#2152 = CIRCLE ( 'NONE', #3600, 4.250000000000000000 ) ;
#2153 = EDGE_CURVE ( 'NONE', #2320, #3602, #6, .T. ) ;
#2154 = AXIS2_PLACEMENT_3D ( 'NONE', #3814, #59, #319 ) ;
#2155 = DIRECTION ( 'NONE',  ( 1.000000000000000000, -1.104359264397054674E-15, 0.000000000000000000 ) ) ;
#2156 = CIRCLE ( 'NONE', #273, 4.250000000000000000 ) ;
#2157 = EDGE_LOOP ( 'NONE', ( #192, #205, #12, #2602 ) ) ;
#2158 = CARTESIAN_POINT ( 'NONE',  ( 3.935605451321019466, 0.5176291930835129618, -7.000000000000000000 ) ) ;
#2159 = VERTEX_POINT ( 'NONE', #1883 ) ;
#2160 = DIRECTION ( 'NONE',  ( -0.000000000000000000, -0.000000000000000000, 1.000000000000000000 ) ) ;
#2161 = DIRECTION ( 'NONE',  ( 0.000000000000000000, 0.000000000000000000, 1.000000000000000000 ) ) ;
#2162 = AXIS2_PLACEMENT_3D ( 'NONE', #3931, #4337, #183 ) ;
#2163 = ORIENTED_EDGE ( 'NONE', *, *, #1826, .T. ) ;
#2164 = ORIENTED_EDGE ( 'NONE', *, *, #281, .F. ) ;
#2165 = DIRECTION ( 'NONE',  ( 0.000000000000000000, 0.000000000000000000, 1.000000000000000000 ) ) ;
#2166 = CARTESIAN_POINT ( 'NONE',  ( 0.1034107763490186016, 3.968152776964985584, -7.000000000000000000 ) ) ;
#2167 = ORIENTED_EDGE ( 'NONE', *, *, #1082, .T. ) ;
#2168 = DIRECTION ( 'NONE',  ( 0.000000000000000000, 0.000000000000000000, 1.000000000000000000 ) ) ;
#2169 = EDGE_CURVE ( 'NONE', #807, #132, #438, .T. ) ;
#2170 = EDGE_CURVE ( 'NONE', #3338, #4378, #1479, .T. ) ;
#2171 = LINE ( 'NONE', #2500, #3512 ) ;
#2172 = CARTESIAN_POINT ( 'NONE',  ( 3.042497229473239972, 1.317106346890114077, -7.000000000000000000 ) ) ;
#2173 = VERTEX_POINT ( 'NONE', #796 ) ;
#2174 = DIRECTION ( 'NONE',  ( 0.000000000000000000, 0.000000000000000000, -1.000000000000000000 ) ) ;
#2175 = DIRECTION ( 'NONE',  ( 1.000000000000000000, 0.000000000000000000, 0.000000000000000000 ) ) ;
#2176 = ORIENTED_EDGE ( 'NONE', *, *, #3924, .F. ) ;
#2177 = DIRECTION ( 'NONE',  ( -0.9135454576426058626, -0.4067366430757889395, 0.000000000000000000 ) ) ;
#2178 = FACE_OUTER_BOUND ( 'NONE', #1364, .T. ) ;
#2179 = ORIENTED_EDGE ( 'NONE', *, *, #3394, .F. ) ;
#2180 = CARTESIAN_POINT ( 'NONE',  ( 0.000000000000000000, 0.000000000000000000, -6.719500000000000028 ) ) ;
#2181 = CARTESIAN_POINT ( 'NONE',  ( -2.314977172283904761, -2.687134095881329898, -7.000000000000000000 ) ) ;
#2182 = ORIENTED_EDGE ( 'NONE', *, *, #3884, .T. ) ;
#2183 = VERTEX_POINT ( 'NONE', #456 ) ;
#2184 = CIRCLE ( 'NONE', #2764, 0.1963495408493620142 ) ;
#2185 = CARTESIAN_POINT ( 'NONE',  ( -2.513460179390349936, -2.104856476242539909, -4.000000000000000000 ) ) ;
#2186 = ORIENTED_EDGE ( 'NONE', *, *, #476, .T. ) ;
#2187 = DIRECTION ( 'NONE',  ( 1.000000000000000000, 0.000000000000000000, 0.000000000000000000 ) ) ;
#2188 = EDGE_CURVE ( 'NONE', #4040, #173, #1837, .T. ) ;
#2189 = EDGE_CURVE ( 'NONE', #879, #4091, #1097, .T. ) ;
#2190 = DIRECTION ( 'NONE',  ( 0.000000000000000000, 0.000000000000000000, 1.000000000000000000 ) ) ;
#2191 = DIRECTION ( 'NONE',  ( 0.000000000000000000, 0.000000000000000000, 1.000000000000000000 ) ) ;
#2192 = PLANE ( 'NONE',  #1014 ) ;
#2193 = ORIENTED_EDGE ( 'NONE', *, *, #4399, .T. ) ;
#2194 = LINE ( 'NONE', #3585, #3194 ) ;
#2195 = CARTESIAN_POINT ( 'NONE',  ( 0.8034072016301379016, 3.348396088319595343, -7.000000000000000000 ) ) ;
#2196 = ORIENTED_EDGE ( 'NONE', *, *, #1785, .T. ) ;
#2197 = CYLINDRICAL_SURFACE ( 'NONE', #673, 1.973045005896730153 ) ;
#2198 = VERTEX_POINT ( 'NONE', #2533 ) ;
#2199 = VECTOR ( 'NONE', #1650, 1000.000000000000000 ) ;
#2200 = LINE ( 'NONE', #3270, #4265 ) ;
#2201 = DIRECTION ( 'NONE',  ( 1.000000000000000000, 0.000000000000000000, 0.000000000000000000 ) ) ;
#2202 = CIRCLE ( 'NONE', #976, 3.969500000000000028 ) ;
#2203 = EDGE_CURVE ( 'NONE', #1907, #3227, #2194, .T. ) ;
#2204 = ORIENTED_EDGE ( 'NONE', *, *, #2583, .F. ) ;
#2205 = AXIS2_PLACEMENT_3D ( 'NONE', #2768, #86, #1107 ) ;
#2206 = ORIENTED_EDGE ( 'NONE', *, *, #2493, .F. ) ;
#2207 = CARTESIAN_POINT ( 'NONE',  ( 3.441018395884584802, 2.164716021189985184, -6.904494533308820792 ) ) ;
#2208 = DIRECTION ( 'NONE',  ( 1.000000000000000000, 0.000000000000000000, 0.000000000000000000 ) ) ;
#2209 = VECTOR ( 'NONE', #2649, 1000.000000000000000 ) ;
#2210 = ORIENTED_EDGE ( 'NONE', *, *, #2083, .T. ) ;
#2211 = LINE ( 'NONE', #3235, #3258 ) ;
#2212 = DIRECTION ( 'NONE',  ( 0.000000000000000000, 0.000000000000000000, 1.000000000000000000 ) ) ;
#2213 = DIRECTION ( 'NONE',  ( 0.000000000000000000, 0.000000000000000000, 1.000000000000000000 ) ) ;
#2214 = CARTESIAN_POINT ( 'NONE',  ( 2.020910775106314894, -2.581438067825824856, -7.000000000000000000 ) ) ;
#2215 = EDGE_LOOP ( 'NONE', ( #4422, #2611, #1781, #1698 ) ) ;
#2216 = EDGE_CURVE ( 'NONE', #3661, #4101, #1015, .T. ) ;
#2217 = CARTESIAN_POINT ( 'NONE',  ( 1.708463584719594808, 3.583026992598169702, -7.000000000000000000 ) ) ;
#2218 = DIRECTION ( 'NONE',  ( 0.000000000000000000, 0.000000000000000000, 1.000000000000000000 ) ) ;
#2219 = ORIENTED_EDGE ( 'NONE', *, *, #2342, .T. ) ;
#2220 = CYLINDRICAL_SURFACE ( 'NONE', #1839, 1.100000000000000089 ) ;
#2221 = AXIS2_PLACEMENT_3D ( 'NONE', #984, #658, #4052 ) ;
#2222 = ORIENTED_EDGE ( 'NONE', *, *, #2464, .T. ) ;
#2223 = EDGE_CURVE ( 'NONE', #2477, #3518, #216, .T. ) ;
#2224 = DIRECTION ( 'NONE',  ( 1.000000000000000000, 0.000000000000000000, 0.000000000000000000 ) ) ;
#2225 = AXIS2_PLACEMENT_3D ( 'NONE', #1970, #2616, #4046 ) ;
#2226 = CIRCLE ( 'NONE', #3384, 0.1963495408493620142 ) ;
#2227 = CARTESIAN_POINT ( 'NONE',  ( 2.266443087373315013, -3.445366983937895089, -6.845788618116650071 ) ) ;
#2228 = ORIENTED_EDGE ( 'NONE', *, *, #533, .F. ) ;
#2229 = EDGE_LOOP ( 'NONE', ( #980, #1392, #1985, #3287 ) ) ;
#2230 = AXIS2_PLACEMENT_3D ( 'NONE', #1341, #1757, #297 ) ;
#2231 = CYLINDRICAL_SURFACE ( 'NONE', #3162, 0.1963495408493620142 ) ;
#2232 = CARTESIAN_POINT ( 'NONE',  ( 0.000000000000000000, 0.000000000000000000, -4.000000000000000000 ) ) ;
#2233 = DIRECTION ( 'NONE',  ( 0.000000000000000000, 0.000000000000000000, 1.000000000000000000 ) ) ;
#2234 = EDGE_CURVE ( 'NONE', #4195, #3259, #944, .T. ) ;
#2235 = FACE_OUTER_BOUND ( 'NONE', #3960, .T. ) ;
#2236 = CARTESIAN_POINT ( 'NONE',  ( 4.119919448517789462, -1.043438420659080101, -6.719500000002040174 ) ) ;
#2237 = ORIENTED_EDGE ( 'NONE', *, *, #2437, .T. ) ;
#2238 = AXIS2_PLACEMENT_3D ( 'NONE', #144, #1503, #1170 ) ;
#2239 = DIRECTION ( 'NONE',  ( -0.3090169943749576098, -0.9510565162951503115, 0.000000000000000000 ) ) ;
#2240 = DIRECTION ( 'NONE',  ( 0.000000000000000000, 0.000000000000000000, 1.000000000000000000 ) ) ;
#2241 = ORIENTED_EDGE ( 'NONE', *, *, #866, .T. ) ;
#2242 = CARTESIAN_POINT ( 'NONE',  ( 2.823075960151754771, -2.147102950642279851, -7.000000000000000000 ) ) ;
#2243 = VERTEX_POINT ( 'NONE', #3714 ) ;
#2244 = CARTESIAN_POINT ( 'NONE',  ( 1.884031223911800002, -3.707667881267729726, -6.811067224545290344 ) ) ;
#2245 = AXIS2_PLACEMENT_3D ( 'NONE', #712, #3091, #2382 ) ;
#2246 = EDGE_CURVE ( 'NONE', #3259, #3874, #3328, .T. ) ;
#2247 = FACE_OUTER_BOUND ( 'NONE', #2990, .T. ) ;
#2248 = ADVANCED_FACE ( 'NONE', ( #622 ), #3349, .T. ) ;
#2249 = VERTEX_POINT ( 'NONE', #2258 ) ;
#2250 = VERTEX_POINT ( 'NONE', #1681 ) ;
#2251 = ORIENTED_EDGE ( 'NONE', *, *, #2216, .T. ) ;
#2252 = CYLINDRICAL_SURFACE ( 'NONE', #1149, 0.1963495408493620142 ) ;
#2253 = VECTOR ( 'NONE', #972, 1000.000000000000000 ) ;
#2254 = DIRECTION ( 'NONE',  ( 0.000000000000000000, 0.000000000000000000, -1.000000000000000000 ) ) ;
#2255 = LINE ( 'NONE', #4077, #1835 ) ;
#2256 = EDGE_CURVE ( 'NONE', #1639, #146, #3050, .T. ) ;
#2257 = ORIENTED_EDGE ( 'NONE', *, *, #4071, .T. ) ;
#2258 = CARTESIAN_POINT ( 'NONE',  ( -3.812946277482620161, -1.877216206256335118, -4.000000000000000000 ) ) ;
#2259 = ADVANCED_FACE ( 'NONE', ( #3648 ), #2274, .T. ) ;
#2260 = FACE_OUTER_BOUND ( 'NONE', #864, .T. ) ;
#2261 = ORIENTED_EDGE ( 'NONE', *, *, #3220, .F. ) ;
#2262 = VERTEX_POINT ( 'NONE', #1633 ) ;
#2263 = DIRECTION ( 'NONE',  ( 1.000000000000000000, 0.000000000000000000, 0.000000000000000000 ) ) ;
#2264 = DIRECTION ( 'NONE',  ( 0.000000000000000000, 0.000000000000000000, 1.000000000000000000 ) ) ;
#2265 = EDGE_LOOP ( 'NONE', ( #4359, #2859 ) ) ;
#2266 = ORIENTED_EDGE ( 'NONE', *, *, #947, .F. ) ;
#2267 = ORIENTED_EDGE ( 'NONE', *, *, #1552, .T. ) ;
#2268 = CARTESIAN_POINT ( 'NONE',  ( 0.000000000000000000, 0.000000000000000000, -4.000000000000000000 ) ) ;
#2269 = ADVANCED_FACE ( 'NONE', ( #4062 ), #2706, .F. ) ;
#2270 = VECTOR ( 'NONE', #1676, 1000.000000000000000 ) ;
#2271 = AXIS2_PLACEMENT_3D ( 'NONE', #549, #2294, #2974 ) ;
#2272 = DIRECTION ( 'NONE',  ( 0.000000000000000000, 0.000000000000000000, -1.000000000000000000 ) ) ;
#2273 = ORIENTED_EDGE ( 'NONE', *, *, #2832, .F. ) ;
#2274 = CYLINDRICAL_SURFACE ( 'NONE', #1453, 4.250000000000000000 ) ;
#2275 = AXIS2_PLACEMENT_3D ( 'NONE', #4181, #2809, #1072 ) ;
#2276 = DIRECTION ( 'NONE',  ( 0.000000000000000000, 0.000000000000000000, 1.000000000000000000 ) ) ;
#2277 = ORIENTED_EDGE ( 'NONE', *, *, #3200, .T. ) ;
#2278 = VERTEX_POINT ( 'NONE', #2013 ) ;
#2279 = DIRECTION ( 'NONE',  ( 0.000000000000000000, 0.000000000000000000, 1.000000000000000000 ) ) ;
#2280 = EDGE_CURVE ( 'NONE', #4385, #233, #3024, .T. ) ;
#2281 = CIRCLE ( 'NONE', #344, 1.899999999999999911 ) ;
#2282 = EDGE_LOOP ( 'NONE', ( #1570, #981, #1270, #3645 ) ) ;
#2283 = ORIENTED_EDGE ( 'NONE', *, *, #503, .T. ) ;
#2284 = ORIENTED_EDGE ( 'NONE', *, *, #804, .F. ) ;
#2285 = DIRECTION ( 'NONE',  ( -1.000000000000000000, 0.000000000000000000, 0.000000000000000000 ) ) ;
#2286 = AXIS2_PLACEMENT_3D ( 'NONE', #734, #1763, #1716 ) ;
#2287 = CYLINDRICAL_SURFACE ( 'NONE', #3361, 1.100000000000000089 ) ;
#2288 = AXIS2_PLACEMENT_3D ( 'NONE', #2020, #2985, #1947 ) ;
#2289 = FACE_OUTER_BOUND ( 'NONE', #1115, .T. ) ;
#2290 = DIRECTION ( 'NONE',  ( 0.4999999999999921174, -0.8660254037844432595, 0.000000000000000000 ) ) ;
#2291 = VECTOR ( 'NONE', #2279, 1000.000000000000000 ) ;
#2292 = CARTESIAN_POINT ( 'NONE',  ( 0.000000000000000000, 0.000000000000000000, -7.000000000000000000 ) ) ;
#2293 = EDGE_CURVE ( 'NONE', #4126, #3401, #1235, .T. ) ;
#2294 = DIRECTION ( 'NONE',  ( 0.000000000000000000, 0.000000000000000000, -1.000000000000000000 ) ) ;
#2295 = EDGE_CURVE ( 'NONE', #392, #3033, #1501, .T. ) ;
#2296 = VERTEX_POINT ( 'NONE', #1246 ) ;
#2297 = DIRECTION ( 'NONE',  ( 0.000000000000000000, 0.000000000000000000, 1.000000000000000000 ) ) ;
#2298 = DIRECTION ( 'NONE',  ( 0.000000000000000000, 0.000000000000000000, -1.000000000000000000 ) ) ;
#2299 = VERTEX_POINT ( 'NONE', #1986 ) ;
#2300 = ORIENTED_EDGE ( 'NONE', *, *, #2216, .F. ) ;
#2301 = DIRECTION ( 'NONE',  ( 0.000000000000000000, 0.000000000000000000, 1.000000000000000000 ) ) ;
#2302 = CIRCLE ( 'NONE', #4060, 1.899999999999999911 ) ;
#2303 = LINE ( 'NONE', #3697, #3899 ) ;
#2304 = ORIENTED_EDGE ( 'NONE', *, *, #2518, .T. ) ;
#2305 = ORIENTED_EDGE ( 'NONE', *, *, #1606, .F. ) ;
#2306 = EDGE_CURVE ( 'NONE', #4230, #4373, #1528, .T. ) ;
#2307 = ORIENTED_EDGE ( 'NONE', *, *, #1154, .F. ) ;
#2308 = FACE_OUTER_BOUND ( 'NONE', #3285, .T. ) ;
#2309 = DIRECTION ( 'NONE',  ( 1.000000000000000000, 0.000000000000000000, 0.000000000000000000 ) ) ;
#2310 = CARTESIAN_POINT ( 'NONE',  ( -1.156315544683989893, -4.089674114293480045, -4.000000000000000000 ) ) ;
#2311 = SURFACE_SIDE_STYLE ('',( #3300 ) ) ;
#2312 = AXIS2_PLACEMENT_3D ( 'NONE', #4063, #315, #2686 ) ;
#2313 = CARTESIAN_POINT ( 'NONE',  ( -2.430432687826065141, 2.583177482750675047, -4.000000000000000000 ) ) ;
#2314 = DIRECTION ( 'NONE',  ( 0.000000000000000000, 0.000000000000000000, -1.000000000000000000 ) ) ;
#2315 = ORIENTED_EDGE ( 'NONE', *, *, #3489, .F. ) ;
#2316 = EDGE_CURVE ( 'NONE', #4126, #809, #4082, .T. ) ;
#2317 = ADVANCED_FACE ( 'NONE', ( #2636 ), #4038, .F. ) ;
#2318 = CARTESIAN_POINT ( 'NONE',  ( 0.000000000000000000, 0.000000000000000000, -24.00000000000000000 ) ) ;
#2319 = CARTESIAN_POINT ( 'NONE',  ( 1.981338335721470223, 3.759893402664554962, -6.719500000000000028 ) ) ;
#2320 = VERTEX_POINT ( 'NONE', #3372 ) ;
#2321 = VERTEX_POINT ( 'NONE', #270 ) ;
#2322 = DIRECTION ( 'NONE',  ( -0.8660254037844383745, 0.5000000000000003331, 0.000000000000000000 ) ) ;
#2323 = FACE_OUTER_BOUND ( 'NONE', #2692, .T. ) ;
#2324 = ORIENTED_EDGE ( 'NONE', *, *, #85, .F. ) ;
#2325 = EDGE_LOOP ( 'NONE', ( #2946, #4379, #4341, #4458, #11 ) ) ;
#2326 = ORIENTED_EDGE ( 'NONE', *, *, #3250, .T. ) ;
#2327 = DIRECTION ( 'NONE',  ( 1.000000000000000000, 0.000000000000000000, 0.000000000000000000 ) ) ;
#2328 = AXIS2_PLACEMENT_3D ( 'NONE', #2242, #2510, #3268 ) ;
#2329 = CARTESIAN_POINT ( 'NONE',  ( -2.503046055244334767, 1.860915353816875006, -7.000000000000000000 ) ) ;
#2330 = CIRCLE ( 'NONE', #1330, 1.973045005896730375 ) ;
#2331 = CARTESIAN_POINT ( 'NONE',  ( 1.981338335721419819, -3.759893402664585160, -6.719500000000000028 ) ) ;
#2332 = DIRECTION ( 'NONE',  ( -0.000000000000000000, -0.000000000000000000, -1.000000000000000000 ) ) ;
#2333 = CARTESIAN_POINT ( 'NONE',  ( -3.009848214285025136, 0.8404990939705160313, -7.000000000000000000 ) ) ;
#2334 = DIRECTION ( 'NONE',  ( 0.000000000000000000, 0.000000000000000000, 1.000000000000000000 ) ) ;
#2335 = VECTOR ( 'NONE', #3599, 1000.000000000000000 ) ;
#2336 = VERTEX_POINT ( 'NONE', #970 ) ;
#2337 = LINE ( 'NONE', #311, #912 ) ;
#2338 = CARTESIAN_POINT ( 'NONE',  ( 2.929051327846734942, 1.089166341216663891, -7.000000000000000000 ) ) ;
#2339 = CARTESIAN_POINT ( 'NONE',  ( -1.559412698566990052, 2.700982023886175032, -4.000000000000000000 ) ) ;
#2340 = CARTESIAN_POINT ( 'NONE',  ( 0.6070735070739039507, 4.206419113330439608, -7.000000000000000000 ) ) ;
#2341 = EDGE_LOOP ( 'NONE', ( #4210, #706, #1902, #42 ) ) ;
#2342 = EDGE_CURVE ( 'NONE', #87, #1337, #1658, .T. ) ;
#2343 = ORIENTED_EDGE ( 'NONE', *, *, #209, .F. ) ;
#2344 = CARTESIAN_POINT ( 'NONE',  ( 1.840249104221044929, -3.032044226566819933, -4.000000000000000000 ) ) ;
#2345 = CIRCLE ( 'NONE', #2495, 0.1963495408493620142 ) ;
#2346 = CIRCLE ( 'NONE', #3880, 1.973045005896723936 ) ;
#2347 = DIRECTION ( 'NONE',  ( 0.000000000000000000, 0.000000000000000000, 1.000000000000000000 ) ) ;
#2348 = EDGE_CURVE ( 'NONE', #2915, #575, #1572, .T. ) ;
#2349 = ORIENTED_EDGE ( 'NONE', *, *, #710, .F. ) ;
#2350 = VERTEX_POINT ( 'NONE', #411 ) ;
#2351 = VECTOR ( 'NONE', #2191, 1000.000000000000000 ) ;
#2352 = FACE_OUTER_BOUND ( 'NONE', #488, .T. ) ;
#2353 = LINE ( 'NONE', #941, #2624 ) ;
#2354 = DIRECTION ( 'NONE',  ( 0.000000000000000000, 0.000000000000000000, 1.000000000000000000 ) ) ;
#2355 = CARTESIAN_POINT ( 'NONE',  ( -2.638594113175289912, -1.674349457525735163, -7.000000000000000000 ) ) ;
#2356 = AXIS2_PLACEMENT_3D ( 'NONE', #1482, #4254, #3411 ) ;
#2357 = CARTESIAN_POINT ( 'NONE',  ( -1.627918660403679940, 2.888155008907944854, -4.000000000000000000 ) ) ;
#2358 = VECTOR ( 'NONE', #604, 1000.000000000000000 ) ;
#2359 = CARTESIAN_POINT ( 'NONE',  ( 0.6070735070738499939, -4.206419113330449377, -7.000000000000000000 ) ) ;
#2360 = ORIENTED_EDGE ( 'NONE', *, *, #452, .T. ) ;
#2361 = DIRECTION ( 'NONE',  ( 0.000000000000000000, 0.000000000000000000, 1.000000000000000000 ) ) ;
#2362 = ADVANCED_FACE ( 'NONE', ( #2440 ), #2460, .T. ) ;
#2363 = AXIS2_PLACEMENT_3D ( 'NONE', #3789, #394, #750 ) ;
#2364 = FACE_OUTER_BOUND ( 'NONE', #1245, .T. ) ;
#2365 = CARTESIAN_POINT ( 'NONE',  ( -4.246832370089754782, -0.1640573691055220162, -6.719500000000000028 ) ) ;
#2366 = CARTESIAN_POINT ( 'NONE',  ( -2.702169557679734879, 1.920895156410014959, -7.000000000000000000 ) ) ;
#2367 = CARTESIAN_POINT ( 'NONE',  ( -3.703525742916350172, -1.892160562109690192, -6.811067254812869898 ) ) ;
#2368 = ORIENTED_EDGE ( 'NONE', *, *, #331, .T. ) ;
#2369 = ADVANCED_FACE ( 'NONE', ( #1434 ), #3179, .F. ) ;
#2370 = ORIENTED_EDGE ( 'NONE', *, *, #1104, .F. ) ;
#2371 = DIRECTION ( 'NONE',  ( 1.000000000000000000, 3.824569180098101531E-14, 0.000000000000000000 ) ) ;
#2372 = CARTESIAN_POINT ( 'NONE',  ( -1.519522694709764865, -3.667148896658275259, -7.000000000000000000 ) ) ;
#2373 = AXIS2_PLACEMENT_3D ( 'NONE', #3805, #2082, #3463 ) ;
#2374 = VERTEX_POINT ( 'NONE', #1359 ) ;
#2375 = ORIENTED_EDGE ( 'NONE', *, *, #1586, .T. ) ;
#2376 = FACE_OUTER_BOUND ( 'NONE', #3004, .T. ) ;
#2377 = AXIS2_PLACEMENT_3D ( 'NONE', #448, #808, #1828 ) ;
#2378 = EDGE_CURVE ( 'NONE', #2122, #2098, #2566, .T. ) ;
#2379 = EDGE_CURVE ( 'NONE', #4487, #2902, #1457, .T. ) ;
#2380 = DIRECTION ( 'NONE',  ( 1.000000000000000000, 3.554656382278019591E-15, 0.000000000000000000 ) ) ;
#2381 = FACE_OUTER_BOUND ( 'NONE', #531, .T. ) ;
#2382 = DIRECTION ( 'NONE',  ( 1.000000000000000000, 0.000000000000000000, 0.000000000000000000 ) ) ;
#2383 = CIRCLE ( 'NONE', #3625, 3.969500000000000028 ) ;
#2384 = CARTESIAN_POINT ( 'NONE',  ( 1.225135557480210080, -3.040879103936689809, -7.000000000000000000 ) ) ;
#2385 = DIRECTION ( 'NONE',  ( 0.000000000000000000, 0.000000000000000000, -1.000000000000000000 ) ) ;
#2386 = ORIENTED_EDGE ( 'NONE', *, *, #3413, .T. ) ;
#2387 = CARTESIAN_POINT ( 'NONE',  ( 2.265494034368365384, 3.595836033558999834, -6.719500000000000028 ) ) ;
#2388 = CARTESIAN_POINT ( 'NONE',  ( -1.021880978632927928, 3.396405191220819741, -7.000000000000000000 ) ) ;
#2389 = CARTESIAN_POINT ( 'NONE',  ( 1.840249104221044929, -3.032044226566819933, -7.000000000000000000 ) ) ;
#2390 = CARTESIAN_POINT ( 'NONE',  ( 0.000000000000000000, 0.000000000000000000, -4.000000000000000000 ) ) ;
#2391 = CARTESIAN_POINT ( 'NONE',  ( 0.4479077197208954919, 3.518406973625700207, -4.000000000000000000 ) ) ;
#2392 = ORIENTED_EDGE ( 'NONE', *, *, #1003, .T. ) ;
#2393 = ORIENTED_EDGE ( 'NONE', *, *, #1991, .F. ) ;
#2394 = CARTESIAN_POINT ( 'NONE',  ( 0.9311881956576679720, -2.976765703412589836, -7.000000000000000000 ) ) ;
#2395 = EDGE_CURVE ( 'NONE', #3506, #4469, #3002, .T. ) ;
#2396 = CARTESIAN_POINT ( 'NONE',  ( 3.079589269441415311, -1.124292128631351861, -7.000000000000000000 ) ) ;
#2397 = VERTEX_POINT ( 'NONE', #745 ) ;
#2398 = DIRECTION ( 'NONE',  ( 1.000000000000000000, 0.000000000000000000, 0.000000000000000000 ) ) ;
#2399 = VERTEX_POINT ( 'NONE', #1099 ) ;
#2400 = DIRECTION ( 'NONE',  ( 0.000000000000000000, 0.000000000000000000, 1.000000000000000000 ) ) ;
#2401 = CIRCLE ( 'NONE', #4159, 0.1963495408493620142 ) ;
#2402 = DIRECTION ( 'NONE',  ( 0.000000000000000000, 0.000000000000000000, 1.000000000000000000 ) ) ;
#2403 = ORIENTED_EDGE ( 'NONE', *, *, #2623, .F. ) ;
#2404 = CARTESIAN_POINT ( 'NONE',  ( -1.169637804266636216, -3.348396088319579800, -4.000000000000000000 ) ) ;
#2405 = EDGE_CURVE ( 'NONE', #1833, #3416, #2496, .T. ) ;
#2406 = CARTESIAN_POINT ( 'NONE',  ( 0.000000000000000000, 0.000000000000000000, -4.000000000000000000 ) ) ;
#2407 = ORIENTED_EDGE ( 'NONE', *, *, #3008, .F. ) ;
#2408 = LINE ( 'NONE', #1069, #1632 ) ;
#2409 = AXIS2_PLACEMENT_3D ( 'NONE', #3760, #1433, #645 ) ;
#2410 = DIRECTION ( 'NONE',  ( 1.000000000000000000, 0.000000000000000000, 0.000000000000000000 ) ) ;
#2411 = CARTESIAN_POINT ( 'NONE',  ( -2.416082756611289906, -3.149519703574755081, -7.000000000000000000 ) ) ;
#2412 = LINE ( 'NONE', #4451, #2027 ) ;
#2413 = DIRECTION ( 'NONE',  ( 1.000000000000000000, 0.000000000000000000, 0.000000000000000000 ) ) ;
#2414 = EDGE_LOOP ( 'NONE', ( #1248, #4276, #2349, #310 ) ) ;
#2415 = ORIENTED_EDGE ( 'NONE', *, *, #2841, .T. ) ;
#2416 = CIRCLE ( 'NONE', #472, 1.973045005896729709 ) ;
#2417 = DIRECTION ( 'NONE',  ( -1.000000000000000000, 0.000000000000000000, 0.000000000000000000 ) ) ;
#2418 = EDGE_CURVE ( 'NONE', #2320, #1214, #2732, .T. ) ;
#2419 = CIRCLE ( 'NONE', #2271, 1.973045005896729931 ) ;
#2420 = CARTESIAN_POINT ( 'NONE',  ( -2.661896170629215241, -1.976326718222495504, -7.000000000000000000 ) ) ;
#2421 = VERTEX_POINT ( 'NONE', #2829 ) ;
#2422 = B_SPLINE_CURVE_WITH_KNOTS ( 'NONE', 3,
 ( #2236, #179, #1499, #3881 ),
 .UNSPECIFIED., .F., .F.,
 ( 4, 4 ),
 ( 2.754922733701279610E-07, 0.0004297200250596869904 ),
 .UNSPECIFIED. ) ;
#2423 = DIRECTION ( 'NONE',  ( 1.000000000000000000, 0.000000000000000000, 0.000000000000000000 ) ) ;
#2424 = VERTEX_POINT ( 'NONE', #2130 ) ;
#2425 = CARTESIAN_POINT ( 'NONE',  ( -3.039258109536020047, -0.7227735835918119855, -7.000000000000000000 ) ) ;
#2426 = EDGE_CURVE ( 'NONE', #871, #3174, #3992, .T. ) ;
#2427 = CIRCLE ( 'NONE', #771, 3.969500000000000028 ) ;
#2428 = FACE_OUTER_BOUND ( 'NONE', #3248, .T. ) ;
#2429 = ORIENTED_EDGE ( 'NONE', *, *, #1836, .F. ) ;
#2430 = CARTESIAN_POINT ( 'NONE',  ( -3.207792781939569959, -1.513233103517074962, -7.000000000000000000 ) ) ;
#2431 = CARTESIAN_POINT ( 'NONE',  ( 0.9918635406178789582, 3.163505213708925012, -7.000000000000000000 ) ) ;
#2432 = DIRECTION ( 'NONE',  ( 0.000000000000000000, 0.000000000000000000, 1.000000000000000000 ) ) ;
#2433 = CIRCLE ( 'NONE', #4262, 4.250000000000000000 ) ;
#2434 = ORIENTED_EDGE ( 'NONE', *, *, #725, .T. ) ;
#2435 = DIRECTION ( 'NONE',  ( 1.000000000000000000, 0.000000000000000000, 0.000000000000000000 ) ) ;
#2436 = AXIS2_PLACEMENT_3D ( 'NONE', #577, #2577, #3312 ) ;
#2437 = EDGE_CURVE ( 'NONE', #20, #2048, #32, .T. ) ;
#2438 = ADVANCED_FACE ( 'NONE', ( #3155 ), #338, .T. ) ;
#2439 = CARTESIAN_POINT ( 'NONE',  ( -2.465546629779824972, 1.976326718222530143, -7.000000000000000000 ) ) ;
#2440 = FACE_OUTER_BOUND ( 'NONE', #2597, .T. ) ;
#2441 = CARTESIAN_POINT ( 'NONE',  ( 0.9918635406178789582, 3.163505213708925012, -7.000000000000000000 ) ) ;
#2442 = FACE_OUTER_BOUND ( 'NONE', #1194, .T. ) ;
#2443 = ORIENTED_EDGE ( 'NONE', *, *, #1067, .F. ) ;
#2444 = ORIENTED_EDGE ( 'NONE', *, *, #1196, .F. ) ;
#2445 = CARTESIAN_POINT ( 'NONE',  ( 0.000000000000000000, 0.000000000000000000, -4.000000000000000000 ) ) ;
#2446 = DIRECTION ( 'NONE',  ( 0.000000000000000000, 0.000000000000000000, 1.000000000000000000 ) ) ;
#2447 = EDGE_LOOP ( 'NONE', ( #1996, #4436, #3010, #599 ) ) ;
#2448 = CARTESIAN_POINT ( 'NONE',  ( -1.627918660403679940, 2.888155008907944854, -4.000000000000000000 ) ) ;
#2449 = ORIENTED_EDGE ( 'NONE', *, *, #215, .T. ) ;
#2450 = CARTESIAN_POINT ( 'NONE',  ( 0.2807562157288685523, 4.240716442693335253, -6.719500000000000028 ) ) ;
#2451 = DIRECTION ( 'NONE',  ( 0.000000000000000000, 0.000000000000000000, 1.000000000000000000 ) ) ;
#2452 = ORIENTED_EDGE ( 'NONE', *, *, #2395, .T. ) ;
#2453 = VECTOR ( 'NONE', #665, 1000.000000000000114 ) ;
#2454 = DIRECTION ( 'NONE',  ( 1.000000000000000000, 0.000000000000000000, 0.000000000000000000 ) ) ;
#2455 = CARTESIAN_POINT ( 'NONE',  ( -0.3600769430757399525, -3.098159147592459917, -7.000000000000000000 ) ) ;
#2456 = EDGE_LOOP ( 'NONE', ( #436, #3867, #3021, #764 ) ) ;
#2457 = DIRECTION ( 'NONE',  ( 0.000000000000000000, 0.000000000000000000, 1.000000000000000000 ) ) ;
#2458 = VECTOR ( 'NONE', #624, 1000.000000000000000 ) ;
#2459 = CYLINDRICAL_SURFACE ( 'NONE', #1701, 1.973045005896730153 ) ;
#2460 = CYLINDRICAL_SURFACE ( 'NONE', #4106, 1.973045005896730153 ) ;
#2461 = CARTESIAN_POINT ( 'NONE',  ( -3.249853172817224856, -0.6557536698337228520, -7.000000000000000000 ) ) ;
#2462 = ORIENTED_EDGE ( 'NONE', *, *, #1268, .F. ) ;
#2463 = ORIENTED_EDGE ( 'NONE', *, *, #3665, .T. ) ;
#2464 = EDGE_CURVE ( 'NONE', #1256, #1966, #58, .T. ) ;
#2465 = ADVANCED_FACE ( 'NONE', ( #4473 ), #1277, .T. ) ;
#2466 = CARTESIAN_POINT ( 'NONE',  ( 3.118825397134030286, 0.000000000000000000, -4.000000000000000000 ) ) ;
#2467 = VERTEX_POINT ( 'NONE', #4207 ) ;
#2468 = CYLINDRICAL_SURFACE ( 'NONE', #1864, 4.250000000000000000 ) ;
#2469 = EDGE_LOOP ( 'NONE', ( #3734, #3336, #4316, #3055 ) ) ;
#2470 = LINE ( 'NONE', #1129, #3673 ) ;
#2471 = AXIS2_PLACEMENT_3D ( 'NONE', #3667, #2657, #1653 ) ;
#2472 = ORIENTED_EDGE ( 'NONE', *, *, #3371, .T. ) ;
#2473 = EDGE_CURVE ( 'NONE', #3661, #1861, #667, .T. ) ;
#2474 = CARTESIAN_POINT ( 'NONE',  ( -0.9261763560577659371, -3.859938808773990093, -7.000000000000000000 ) ) ;
#2475 = DIRECTION ( 'NONE',  ( 1.000000000000000000, 0.000000000000000000, 0.000000000000000000 ) ) ;
#2476 = UNCERTAINTY_MEASURE_WITH_UNIT (LENGTH_MEASURE( 1.000000000000000082E-05 ), #1100, 'distance_accuracy_value', 'NONE');
#2477 = VERTEX_POINT ( 'NONE', #3442 ) ;
#2478 = DIRECTION ( 'NONE',  ( 0.000000000000000000, 0.000000000000000000, 1.000000000000000000 ) ) ;
#2479 = CARTESIAN_POINT ( 'NONE',  ( 3.270635594739164542, 0.2254898343303565200, -4.000000000000000000 ) ) ;
#2480 = DIRECTION ( 'NONE',  ( -1.000000000000000000, 0.000000000000000000, 0.000000000000000000 ) ) ;
#2481 = ORIENTED_EDGE ( 'NONE', *, *, #298, .F. ) ;
#2482 = VECTOR ( 'NONE', #3807, 1000.000000000000000 ) ;
#2483 = DIRECTION ( 'NONE',  ( 0.000000000000000000, 0.000000000000000000, 1.000000000000000000 ) ) ;
#2484 = VERTEX_POINT ( 'NONE', #1385 ) ;
#2486 = CIRCLE ( 'NONE', #1490, 0.1963495408493620142 ) ;
#2485 = CARTESIAN_POINT ( 'NONE',  ( 0.6070735070739039507, 4.206419113330439608, -6.719500000002040174 ) ) ;
#2487 = DIRECTION ( 'NONE',  ( 0.000000000000000000, 0.000000000000000000, 1.000000000000000000 ) ) ;
#2488 = ORIENTED_EDGE ( 'NONE', *, *, #2280, .F. ) ;
#2489 = CARTESIAN_POINT ( 'NONE',  ( -3.946402564647415456, -1.577468477575485029, -4.000000000000000000 ) ) ;
#2490 = AXIS2_PLACEMENT_3D ( 'NONE', #2587, #2272, #1982 ) ;
#2491 = EDGE_CURVE ( 'NONE', #2350, #377, #1873, .T. ) ;
#2492 = LINE ( 'NONE', #2143, #3147 ) ;
#2493 = EDGE_CURVE ( 'NONE', #2421, #3033, #770, .T. ) ;
#2494 = VERTEX_POINT ( 'NONE', #162 ) ;
#2495 = AXIS2_PLACEMENT_3D ( 'NONE', #4244, #430, #1809 ) ;
#2496 = CIRCLE ( 'NONE', #334, 0.1963495408493620142 ) ;
#2497 = DIRECTION ( 'NONE',  ( 0.000000000000000000, 0.000000000000000000, 1.000000000000000000 ) ) ;
#2498 = ORIENTED_EDGE ( 'NONE', *, *, #3110, .T. ) ;
#2499 = CARTESIAN_POINT ( 'NONE',  ( 3.484614976550514776, -0.6612619924382469039, -4.000000000000000000 ) ) ;
#2500 = CARTESIAN_POINT ( 'NONE',  ( -3.050671579314304882, 0.6484402616835279742, -4.000000000000000000 ) ) ;
#2501 = CIRCLE ( 'NONE', #1438, 1.973045005896731041 ) ;
#2502 = APPLICATION_PROTOCOL_DEFINITION ( 'draft international standard', 'automotive_design', 1998, #3511 ) ;
#2503 = EDGE_CURVE ( 'NONE', #377, #2250, #494, .T. ) ;
#2504 = ORIENTED_EDGE ( 'NONE', *, *, #1700, .T. ) ;
#2505 = CIRCLE ( 'NONE', #4197, 4.250000000000000000 ) ;
#2506 = VECTOR ( 'NONE', #1713, 1000.000000000000000 ) ;
#2507 = CYLINDRICAL_SURFACE ( 'NONE', #3101, 1.973045005896730153 ) ;
#2508 = DIRECTION ( 'NONE',  ( 1.000000000000000000, 0.000000000000000000, 0.000000000000000000 ) ) ;
#2509 = VERTEX_POINT ( 'NONE', #3579 ) ;
#2510 = DIRECTION ( 'NONE',  ( 0.000000000000000000, 0.000000000000000000, 1.000000000000000000 ) ) ;
#2511 = CARTESIAN_POINT ( 'NONE',  ( 0.7238743505061919770, -3.902939427492984947, -7.000000000000000000 ) ) ;
#2512 = ORIENTED_EDGE ( 'NONE', *, *, #3676, .T. ) ;
#2513 = DIRECTION ( 'NONE',  ( 0.000000000000000000, 0.000000000000000000, 1.000000000000000000 ) ) ;
#2514 = CARTESIAN_POINT ( 'NONE',  ( -3.235607650385385003, -0.7227735835918119855, -7.000000000000000000 ) ) ;
#2515 = VECTOR ( 'NONE', #3563, 1000.000000000000000 ) ;
#2516 = ORIENTED_EDGE ( 'NONE', *, *, #3042, .F. ) ;
#2517 = VERTEX_POINT ( 'NONE', #1896 ) ;
#2518 = EDGE_CURVE ( 'NONE', #1922, #210, #4289, .T. ) ;
#2519 = EDGE_CURVE ( 'NONE', #1027, #2959, #914, .T. ) ;
#2520 = CYLINDRICAL_SURFACE ( 'NONE', #831, 0.1963495408493620142 ) ;
#2521 = DIRECTION ( 'NONE',  ( 0.000000000000000000, 0.000000000000000000, -1.000000000000000000 ) ) ;
#2522 = CIRCLE ( 'NONE', #3109, 4.250000000000000000 ) ;
#2523 = ORIENTED_EDGE ( 'NONE', *, *, #4257, .F. ) ;
#2524 = CARTESIAN_POINT ( 'NONE',  ( 1.057027249707747973, 3.142332241146029936, -7.000000000000000000 ) ) ;
#2525 = VECTOR ( 'NONE', #121, 1000.000000000000000 ) ;
#2526 = CARTESIAN_POINT ( 'NONE',  ( -1.899999999999999911, 2.326828918379971365E-16, -24.00000000000000000 ) ) ;
#2527 = CARTESIAN_POINT ( 'NONE',  ( -2.963603903834385100, -3.046235693632429520, -6.719500000002040174 ) ) ;
#2528 = DIRECTION ( 'NONE',  ( 0.000000000000000000, 0.000000000000000000, 1.000000000000000000 ) ) ;
#2529 = ORIENTED_EDGE ( 'NONE', *, *, #4145, .F. ) ;
#2530 = CIRCLE ( 'NONE', #2599, 0.1963495408493620142 ) ;
#2531 = EDGE_CURVE ( 'NONE', #3724, #1639, #196, .T. ) ;
#2532 = DIRECTION ( 'NONE',  ( 0.000000000000000000, 0.000000000000000000, 1.000000000000000000 ) ) ;
#2533 = CARTESIAN_POINT ( 'NONE',  ( -3.039258109536025376, -0.7227735835918119855, -4.000000000000000000 ) ) ;
#2534 = CARTESIAN_POINT ( 'NONE',  ( 2.192825923109499975, -2.486578571312304753, -7.000000000000000000 ) ) ;
#2535 = VERTEX_POINT ( 'NONE', #474 ) ;
#2536 = DIRECTION ( 'NONE',  ( 1.000000000000000000, 0.000000000000000000, 0.000000000000000000 ) ) ;
#2537 = ORIENTED_EDGE ( 'NONE', *, *, #1491, .T. ) ;
#2538 = DIRECTION ( 'NONE',  ( 0.000000000000000000, 0.000000000000000000, 1.000000000000000000 ) ) ;
#2539 = CIRCLE ( 'NONE', #4013, 0.1963495408493620142 ) ;
#2540 = CARTESIAN_POINT ( 'NONE',  ( 0.7770305399062549245, -3.026854562091314982, -7.000000000000000000 ) ) ;
#2541 = VERTEX_POINT ( 'NONE', #141 ) ;
#2542 = ORIENTED_EDGE ( 'NONE', *, *, #476, .F. ) ;
#2543 = FACE_OUTER_BOUND ( 'NONE', #3193, .T. ) ;
#2544 = EDGE_CURVE ( 'NONE', #40, #3592, #916, .T. ) ;
#2545 = ORIENTED_EDGE ( 'NONE', *, *, #3647, .F. ) ;
#2546 = CARTESIAN_POINT ( 'NONE',  ( 3.079589269441415311, -1.124292128631351861, -7.000000000000000000 ) ) ;
#2547 = CYLINDRICAL_SURFACE ( 'NONE', #1265, 4.250000000000000000 ) ;
#2548 = ADVANCED_FACE ( 'NONE', ( #1139 ), #4310, .T. ) ;
#2549 = DIRECTION ( 'NONE',  ( 1.000000000000000000, -2.208718528794109349E-15, 0.000000000000000000 ) ) ;
#2550 = ORIENTED_EDGE ( 'NONE', *, *, #2999, .F. ) ;
#2551 = CARTESIAN_POINT ( 'NONE',  ( -1.156315544683435892, -4.089674114291520723, -7.000000000000000000 ) ) ;
#2552 = CARTESIAN_POINT ( 'NONE',  ( 0.000000000000000000, 0.000000000000000000, -6.719500000000000028 ) ) ;
#2553 = ORIENTED_EDGE ( 'NONE', *, *, #1674, .F. ) ;
#2554 = CARTESIAN_POINT ( 'NONE',  ( 2.061442435782685045, -2.340662426045239553, -7.000000000000000000 ) ) ;
#2555 = ORIENTED_EDGE ( 'NONE', *, *, #4203, .T. ) ;
#2556 = DIRECTION ( 'NONE',  ( 0.000000000000000000, 0.000000000000000000, 1.000000000000000000 ) ) ;
#2557 = LINE ( 'NONE', #2919, #1578 ) ;
#2558 = ORIENTED_EDGE ( 'NONE', *, *, #908, .T. ) ;
#2559 = EDGE_CURVE ( 'NONE', #2691, #1412, #366, .T. ) ;
#2560 = DIRECTION ( 'NONE',  ( 0.000000000000000000, 0.000000000000000000, -1.000000000000000000 ) ) ;
#2561 = CYLINDRICAL_SURFACE ( 'NONE', #587, 4.250000000000000000 ) ;
#2562 = CYLINDRICAL_SURFACE ( 'NONE', #502, 1.973045005896730153 ) ;
#2563 = CARTESIAN_POINT ( 'NONE',  ( -1.589081507154979978, 2.683852729261365422, -4.000000000000000000 ) ) ;
#2564 = DIRECTION ( 'NONE',  ( 0.000000000000000000, 0.000000000000000000, 1.000000000000000000 ) ) ;
#2565 = ORIENTED_EDGE ( 'NONE', *, *, #877, .F. ) ;
#2566 = CIRCLE ( 'NONE', #1431, 1.973045005896729487 ) ;
#2567 = EDGE_CURVE ( 'NONE', #3401, #3079, #1815, .T. ) ;
#2568 = EDGE_CURVE ( 'NONE', #45, #1412, #874, .T. ) ;
#2569 = DIRECTION ( 'NONE',  ( 1.000000000000000000, 0.000000000000000000, 0.000000000000000000 ) ) ;
#2570 = AXIS2_PLACEMENT_3D ( 'NONE', #1553, #2900, #1889 ) ;
#2571 = CARTESIAN_POINT ( 'NONE',  ( -1.899999999999999911, 2.326828918379971365E-16, -14.00000000000000000 ) ) ;
#2572 = EDGE_LOOP ( 'NONE', ( #4090, #1506, #3576, #1994 ) ) ;
#2573 = CARTESIAN_POINT ( 'NONE',  ( -2.430432687826065141, 2.583177482750675047, -7.000000000000000000 ) ) ;
#2574 = AXIS2_PLACEMENT_3D ( 'NONE', #2626, #1976, #2651 ) ;
#2575 = B_SPLINE_CURVE_WITH_KNOTS ( 'NONE', 3,
 ( #1728, #7, #2755, #1044 ),
 .UNSPECIFIED., .F., .F.,
 ( 4, 4 ),
 ( 2.997650857501719787E-07, 0.0004297442978724889603 ),
 .UNSPECIFIED. ) ;
#2576 = EDGE_LOOP ( 'NONE', ( #3717, #155 ) ) ;
#2577 = DIRECTION ( 'NONE',  ( 0.000000000000000000, 0.000000000000000000, -1.000000000000000000 ) ) ;
#2578 = CIRCLE ( 'NONE', #3972, 1.899999999999999911 ) ;
#2579 = CARTESIAN_POINT ( 'NONE',  ( 1.705702773494270019, -3.109724586830400206, -7.000000000000000000 ) ) ;
#2580 = ORIENTED_EDGE ( 'NONE', *, *, #897, .F. ) ;
#2581 = ORIENTED_EDGE ( 'NONE', *, *, #2930, .T. ) ;
#2582 = CIRCLE ( 'NONE', #2011, 0.1963495408493620142 ) ;
#2583 = EDGE_CURVE ( 'NONE', #1337, #3587, #2530, .T. ) ;
#2584 = DIRECTION ( 'NONE',  ( 1.000000000000000000, 0.000000000000000000, 0.000000000000000000 ) ) ;
#2585 = CARTESIAN_POINT ( 'NONE',  ( -3.235607650385385003, -0.7227735835918119855, -4.000000000000000000 ) ) ;
#2586 = AXIS2_PLACEMENT_3D ( 'NONE', #1309, #3123, #2435 ) ;
#2587 = CARTESIAN_POINT ( 'NONE',  ( -3.235607650385375234, 0.7227735835918559504, -4.000000000000000000 ) ) ;
#2588 = ORIENTED_EDGE ( 'NONE', *, *, #2697, .T. ) ;
#2589 = VECTOR ( 'NONE', #2994, 1000.000000000000000 ) ;
#2590 = CONICAL_SURFACE ( 'NONE', #3552, 4.250000000000000000, 0.7853981633974391752 ) ;
#2591 = DIRECTION ( 'NONE',  ( 0.000000000000000000, 0.000000000000000000, -1.000000000000000000 ) ) ;
#2592 = DIRECTION ( 'NONE',  ( 0.000000000000000000, 0.000000000000000000, -1.000000000000000000 ) ) ;
#2593 = EDGE_CURVE ( 'NONE', #1027, #1471, #3925, .T. ) ;
#2594 = ORIENTED_EDGE ( 'NONE', *, *, #2654, .T. ) ;
#2595 = LINE ( 'NONE', #3998, #3284 ) ;
#2596 = EDGE_CURVE ( 'NONE', #2791, #17, #2752, .T. ) ;
#2597 = EDGE_LOOP ( 'NONE', ( #1989, #3369, #3916, #500, #1756 ) ) ;
#2598 = CARTESIAN_POINT ( 'NONE',  ( 2.266443087373365195, 3.554970677039970273, -6.753523193542569913 ) ) ;
#2599 = AXIS2_PLACEMENT_3D ( 'NONE', #2172, #2564, #2888 ) ;
#2600 = CARTESIAN_POINT ( 'NONE',  ( 0.000000000000000000, 0.000000000000000000, -7.000000000000000000 ) ) ;
#2601 = EDGE_LOOP ( 'NONE', ( #1768, #1459, #1784, #4453, #495 ) ) ;
#2602 = ORIENTED_EDGE ( 'NONE', *, *, #2623, .T. ) ;
#2603 = VERTEX_POINT ( 'NONE', #833 ) ;
#2604 = CARTESIAN_POINT ( 'NONE',  ( 0.9963519047475749568, 2.955592730849684990, -7.000000000000000000 ) ) ;
#2605 = FACE_OUTER_BOUND ( 'NONE', #1150, .T. ) ;
#2606 = CARTESIAN_POINT ( 'NONE',  ( 3.118825397134030286, -0.1963495408493620142, -7.000000000000000000 ) ) ;
#2607 = ORIENTED_EDGE ( 'NONE', *, *, #3719, .F. ) ;
#2608 = EDGE_CURVE ( 'NONE', #4428, #342, #2422, .T. ) ;
#2609 = DIRECTION ( 'NONE',  ( 0.000000000000000000, 0.000000000000000000, -1.000000000000000000 ) ) ;
#2610 = FACE_OUTER_BOUND ( 'NONE', #3970, .T. ) ;
#2611 = ORIENTED_EDGE ( 'NONE', *, *, #3611, .F. ) ;
#2612 = EDGE_CURVE ( 'NONE', #3602, #2320, #1960, .T. ) ;
#2613 = ORIENTED_EDGE ( 'NONE', *, *, #1455, .F. ) ;
#2614 = LINE ( 'NONE', #907, #2291 ) ;
#2615 = AXIS2_PLACEMENT_3D ( 'NONE', #4475, #78, #2734 ) ;
#2616 = DIRECTION ( 'NONE',  ( 0.000000000000000000, 0.000000000000000000, 1.000000000000000000 ) ) ;
#2617 = ORIENTED_EDGE ( 'NONE', *, *, #4232, .F. ) ;
#2618 = CIRCLE ( 'NONE', #1844, 3.000000000000000444 ) ;
#2619 = EDGE_LOOP ( 'NONE', ( #3597, #1825, #299, #2917 ) ) ;
#2620 = CIRCLE ( 'NONE', #3944, 0.1963495408493620142 ) ;
#2621 = ORIENTED_EDGE ( 'NONE', *, *, #4232, .T. ) ;
#2622 = DIRECTION ( 'NONE',  ( 1.000000000000000000, 0.000000000000000000, 0.000000000000000000 ) ) ;
#2623 = EDGE_CURVE ( 'NONE', #2509, #2603, #2973, .T. ) ;
#2624 = VECTOR ( 'NONE', #2051, 1000.000000000000000 ) ;
#2625 = FACE_OUTER_BOUND ( 'NONE', #716, .T. ) ;
#2626 = CARTESIAN_POINT ( 'NONE',  ( -1.021880978632973891, -3.396405191220809971, -7.000000000000000000 ) ) ;
#2627 = CARTESIAN_POINT ( 'NONE',  ( 4.188138338524039384, -0.7224937767103049024, -4.000000000000000000 ) ) ;
#2628 = CARTESIAN_POINT ( 'NONE',  ( -3.235607650385375234, 0.7227735835918559504, -7.000000000000000000 ) ) ;
#2629 = AXIS2_PLACEMENT_3D ( 'NONE', #1058, #3791, #2792 ) ;
#2630 = DIRECTION ( 'NONE',  ( 1.000000000000000000, 0.000000000000000000, 0.000000000000000000 ) ) ;
#2631 = AXIS2_PLACEMENT_3D ( 'NONE', #3097, #1, #4176 ) ;
#2632 = FACE_OUTER_BOUND ( 'NONE', #850, .T. ) ;
#2633 = VERTEX_POINT ( 'NONE', #2527 ) ;
#2634 = AXIS2_PLACEMENT_3D ( 'NONE', #3417, #4179, #967 ) ;
#2635 = EDGE_CURVE ( 'NONE', #2397, #3910, #3243, .T. ) ;
#2636 = FACE_OUTER_BOUND ( 'NONE', #449, .T. ) ;
#2637 = CARTESIAN_POINT ( 'NONE',  ( 2.061442435782685045, -2.340662426045239553, -7.000000000000000000 ) ) ;
#2638 = ORIENTED_EDGE ( 'NONE', *, *, #2473, .F. ) ;
#2639 = VERTEX_POINT ( 'NONE', #1225 ) ;
#2640 = LINE ( 'NONE', #2982, #2358 ) ;
#2641 = CARTESIAN_POINT ( 'NONE',  ( 1.708463584719594808, 3.583026992598169702, -7.000000000000000000 ) ) ;
#2642 = VERTEX_POINT ( 'NONE', #2953 ) ;
#2643 = VERTEX_POINT ( 'NONE', #1286 ) ;
#2644 = ORIENTED_EDGE ( 'NONE', *, *, #1089, .T. ) ;
#2645 = CARTESIAN_POINT ( 'NONE',  ( 0.000000000000000000, 0.000000000000000000, -4.000000000000000000 ) ) ;
#2646 = VECTOR ( 'NONE', #4031, 1000.000000000000000 ) ;
#2647 = CIRCLE ( 'NONE', #2286, 3.969500000000000028 ) ;
#2648 = DIRECTION ( 'NONE',  ( 1.000000000000000000, 5.330218541228674851E-15, 0.000000000000000000 ) ) ;
#2649 = DIRECTION ( 'NONE',  ( -0.000000000000000000, -0.000000000000000000, -1.000000000000000000 ) ) ;
#2650 = AXIS2_PLACEMENT_3D ( 'NONE', #1079, #2483, #2068 ) ;
#2651 = DIRECTION ( 'NONE',  ( 1.000000000000000000, 0.000000000000000000, 0.000000000000000000 ) ) ;
#2652 =( LENGTH_UNIT ( ) NAMED_UNIT ( * ) SI_UNIT ( .MILLI., .METRE. ) );
#2653 = ADVANCED_FACE ( 'NONE', ( #1936 ), #4372, .T. ) ;
#2654 = EDGE_CURVE ( 'NONE', #1239, #3561, #4353, .T. ) ;
#2655 = DIRECTION ( 'NONE',  ( 1.000000000000000000, 0.000000000000000000, 0.000000000000000000 ) ) ;
#2656 = AXIS2_PLACEMENT_3D ( 'NONE', #262, #566, #1260 ) ;
#2657 = DIRECTION ( 'NONE',  ( 0.000000000000000000, 0.000000000000000000, 1.000000000000000000 ) ) ;
#2658 = ORIENTED_EDGE ( 'NONE', *, *, #1082, .F. ) ;
#2659 = UNCERTAINTY_MEASURE_WITH_UNIT (LENGTH_MEASURE( 1.000000000000000082E-05 ), #2652, 'distance_accuracy_value', 'NONE');
#2660 = DIRECTION ( 'NONE',  ( 1.000000000000000000, 0.000000000000000000, 0.000000000000000000 ) ) ;
#2661 = AXIS2_PLACEMENT_3D ( 'NONE', #1161, #2521, #827 ) ;
#2662 = CARTESIAN_POINT ( 'NONE',  ( -3.812946277483225010, -1.877216206255099884, -6.719500000000000028 ) ) ;
#2663 = ORIENTED_EDGE ( 'NONE', *, *, #3989, .T. ) ;
#2664 = AXIS2_PLACEMENT_3D ( 'NONE', #2524, #450, #3175 ) ;
#2665 = VERTEX_POINT ( 'NONE', #3733 ) ;
#2666 = DIRECTION ( 'NONE',  ( 0.000000000000000000, 0.000000000000000000, 1.000000000000000000 ) ) ;
#2667 = ADVANCED_FACE ( 'NONE', ( #615 ), #530, .T. ) ;
#2668 = AXIS2_PLACEMENT_3D ( 'NONE', #638, #2798, #3412 ) ;
#2669 = AXIS2_PLACEMENT_3D ( 'NONE', #1919, #3670, #4424 ) ;
#2670 = CARTESIAN_POINT ( 'NONE',  ( 1.225135557480249826, 3.040879103936669825, -7.000000000000000000 ) ) ;
#2671 = EDGE_LOOP ( 'NONE', ( #3083, #3325, #3269, #3210 ) ) ;
#2672 = EDGE_LOOP ( 'NONE', ( #1524, #3961, #4295, #4190 ) ) ;
#2673 = ORIENTED_EDGE ( 'NONE', *, *, #197, .F. ) ;
#2674 = CARTESIAN_POINT ( 'NONE',  ( 3.339329057574135007, 2.628950635755840093, -6.719500000000000028 ) ) ;
#2675 = EDGE_CURVE ( 'NONE', #2017, #2350, #660, .T. ) ;
#2676 = AXIS2_PLACEMENT_3D ( 'NONE', #1171, #122, #4294 ) ;
#2677 = CARTESIAN_POINT ( 'NONE',  ( 2.243744109767524808, -2.440731630117105144, -4.000000000000000000 ) ) ;
#2678 = CARTESIAN_POINT ( 'NONE',  ( -3.703525742914720364, 1.892160562109814981, -6.811067254814260785 ) ) ;
#2679 = EDGE_CURVE ( 'NONE', #1480, #879, #898, .T. ) ;
#2680 = CARTESIAN_POINT ( 'NONE',  ( 2.914394700463149857, -2.021413487477474735, -7.000000000000000000 ) ) ;
#2681 = ORIENTED_EDGE ( 'NONE', *, *, #1397, .T. ) ;
#2682 = FACE_OUTER_BOUND ( 'NONE', #3452, .T. ) ;
#2683 = EDGE_CURVE ( 'NONE', #2639, #3862, #2255, .T. ) ;
#2684 = DIRECTION ( 'NONE',  ( -0.2079116908177534306, 0.9781476007338067991, 0.000000000000000000 ) ) ;
#2685 = LINE ( 'NONE', #971, #1379 ) ;
#2686 = DIRECTION ( 'NONE',  ( 1.000000000000000000, 0.000000000000000000, 0.000000000000000000 ) ) ;
#2687 = ORIENTED_EDGE ( 'NONE', *, *, #100, .T. ) ;
#2688 = ORIENTED_EDGE ( 'NONE', *, *, #34, .T. ) ;
#2689 = DIRECTION ( 'NONE',  ( 1.000000000000000000, 0.000000000000000000, 0.000000000000000000 ) ) ;
#2690 = CARTESIAN_POINT ( 'NONE',  ( -3.957224190395164598, 0.3119406304913590056, -7.000000000000000000 ) ) ;
#2691 = VERTEX_POINT ( 'NONE', #965 ) ;
#2692 = EDGE_LOOP ( 'NONE', ( #4485, #74, #3716, #4005, #2545 ) ) ;
#2693 = ORIENTED_EDGE ( 'NONE', *, *, #1454, .F. ) ;
#2694 = CARTESIAN_POINT ( 'NONE',  ( -2.661896170629215241, -1.976326718222495504, -7.000000000000000000 ) ) ;
#2695 = CARTESIAN_POINT ( 'NONE',  ( 2.835254551144264834, -1.299837350964084148, -4.000000000000000000 ) ) ;
#2696 = CIRCLE ( 'NONE', #1622, 1.973045005896730153 ) ;
#2697 = EDGE_CURVE ( 'NONE', #809, #3079, #4448, .T. ) ;
#2698 = CARTESIAN_POINT ( 'NONE',  ( 0.000000000000000000, 0.000000000000000000, -14.00000000000000000 ) ) ;
#2699 = CARTESIAN_POINT ( 'NONE',  ( 3.315174937983395242, -0.03425858924962450064, -7.000000000000000000 ) ) ;
#2700 = DIRECTION ( 'NONE',  ( 0.000000000000000000, 0.000000000000000000, -1.000000000000000000 ) ) ;
#2701 = CARTESIAN_POINT ( 'NONE',  ( 2.260406305414589756, 3.357486214367174870, -6.922204365986820207 ) ) ;
#2702 = VECTOR ( 'NONE', #1222, 1000.000000000000000 ) ;
#2703 = VERTEX_POINT ( 'NONE', #4396 ) ;
#2704 = CARTESIAN_POINT ( 'NONE',  ( -0.3124592246176304822, 3.300595060488625165, -7.000000000000000000 ) ) ;
#2705 = PLANE ( 'NONE',  #1484 ) ;
#2706 = CYLINDRICAL_SURFACE ( 'NONE', #3987, 0.1963495408493620142 ) ;
#2707 = CARTESIAN_POINT ( 'NONE',  ( -3.246046332586534966, 0.4594410361108869911, -7.000000000000000000 ) ) ;
#2708 = CARTESIAN_POINT ( 'NONE',  ( -3.488226499123944890, -1.894520029139189932, -7.000000000000000000 ) ) ;
#2709 = ORIENTED_EDGE ( 'NONE', *, *, #4324, .F. ) ;
#2710 = AXIS2_PLACEMENT_3D ( 'NONE', #2406, #3853, #3415 ) ;
#2711 = ORIENTED_EDGE ( 'NONE', *, *, #4478, .T. ) ;
#2712 = ADVANCED_FACE ( 'NONE', ( #2632 ), #4331, .F. ) ;
#2713 = EDGE_CURVE ( 'NONE', #3544, #2009, #3436, .T. ) ;
#2714 = DIRECTION ( 'NONE',  ( 1.000000000000000000, 0.000000000000000000, 0.000000000000000000 ) ) ;
#2715 = DIRECTION ( 'NONE',  ( 0.000000000000000000, 0.000000000000000000, -1.000000000000000000 ) ) ;
#2716 = ORIENTED_EDGE ( 'NONE', *, *, #1306, .T. ) ;
#2717 = ORIENTED_EDGE ( 'NONE', *, *, #3341, .F. ) ;
#2718 = CARTESIAN_POINT ( 'NONE',  ( -1.687256277579699981, -2.853896419658300321, -7.000000000000000000 ) ) ;
#2719 = DIRECTION ( 'NONE',  ( -0.9510565162951543083, -0.3090169943749450643, 0.000000000000000000 ) ) ;
#2720 = CARTESIAN_POINT ( 'NONE',  ( 1.057027249707708005, -3.142332241146045035, -7.000000000000000000 ) ) ;
#2721 = VECTOR ( 'NONE', #3012, 1000.000000000000000 ) ;
#2722 = EDGE_CURVE ( 'NONE', #2603, #1192, #3993, .T. ) ;
#2723 = PLANE ( 'NONE',  #3214 ) ;
#2724 = AXIS2_PLACEMENT_3D ( 'NONE', #1391, #1367, #1758 ) ;
#2725 = AXIS2_PLACEMENT_3D ( 'NONE', #3819, #657, #2049 ) ;
#2726 = FACE_OUTER_BOUND ( 'NONE', #1567, .T. ) ;
#2727 = EDGE_LOOP ( 'NONE', ( #2119, #2434, #2688, #900 ) ) ;
#2728 = DIRECTION ( 'NONE',  ( -0.000000000000000000, -0.000000000000000000, -1.000000000000000000 ) ) ;
#2729 = EDGE_CURVE ( 'NONE', #1174, #2017, #1712, .T. ) ;
#2730 = AXIS2_PLACEMENT_3D ( 'NONE', #3030, #2116, #2417 ) ;
#2731 = FACE_OUTER_BOUND ( 'NONE', #1530, .T. ) ;
#2732 = LINE ( 'NONE', #3761, #3301 ) ;
#2733 = FACE_OUTER_BOUND ( 'NONE', #322, .T. ) ;
#2734 = DIRECTION ( 'NONE',  ( 1.000000000000000000, 0.000000000000000000, 0.000000000000000000 ) ) ;
#2735 = ORIENTED_EDGE ( 'NONE', *, *, #2929, .T. ) ;
#2736 = VERTEX_POINT ( 'NONE', #2932 ) ;
#2737 = DIRECTION ( 'NONE',  ( 0.000000000000000000, 0.000000000000000000, 1.000000000000000000 ) ) ;
#2738 = EDGE_CURVE ( 'NONE', #3422, #2793, #3368, .T. ) ;
#2739 = CARTESIAN_POINT ( 'NONE',  ( 0.000000000000000000, 0.000000000000000000, -6.719500000000000028 ) ) ;
#2740 = VECTOR ( 'NONE', #1409, 1000.000000000000114 ) ;
#2741 = EDGE_CURVE ( 'NONE', #576, #1833, #2419, .T. ) ;
#2742 = ORIENTED_EDGE ( 'NONE', *, *, #4389, .F. ) ;
#2743 = DIRECTION ( 'NONE',  ( 0.3090169943749450643, -0.9510565162951543083, 0.000000000000000000 ) ) ;
#2744 = ORIENTED_EDGE ( 'NONE', *, *, #1430, .F. ) ;
#2745 = LINE ( 'NONE', #4144, #547 ) ;
#2746 = AXIS2_PLACEMENT_3D ( 'NONE', #813, #2528, #1120 ) ;
#2747 = DIRECTION ( 'NONE',  ( -0.000000000000000000, -0.000000000000000000, -1.000000000000000000 ) ) ;
#2748 = EDGE_LOOP ( 'NONE', ( #460, #300, #3197, #1714, #1266 ) ) ;
#2749 = CYLINDRICAL_SURFACE ( 'NONE', #1821, 0.1963495408493620142 ) ;
#2750 = CARTESIAN_POINT ( 'NONE',  ( 0.000000000000000000, 0.000000000000000000, -7.000000000000000000 ) ) ;
#2751 = CARTESIAN_POINT ( 'NONE',  ( 3.000000000000000444, 0.000000000000000000, -14.00000000000000000 ) ) ;
#2752 = CIRCLE ( 'NONE', #451, 3.000000000000000444 ) ;
#2753 = VERTEX_POINT ( 'NONE', #569 ) ;
#2754 = CARTESIAN_POINT ( 'NONE',  ( -4.152950196177160436, 0.2222150328547730092, -6.811067214550189597 ) ) ;
#2755 = CARTESIAN_POINT ( 'NONE',  ( -2.944004026489725145, 2.937552523243379898, -6.811067253166710245 ) ) ;
#2756 = DIRECTION ( 'NONE',  ( 0.000000000000000000, 0.000000000000000000, 1.000000000000000000 ) ) ;
#2757 = DIRECTION ( 'NONE',  ( 0.8660254037844431485, 0.4999999999999921174, 0.000000000000000000 ) ) ;
#2758 = EDGE_CURVE ( 'NONE', #2736, #380, #405, .T. ) ;
#2759 = CARTESIAN_POINT ( 'NONE',  ( -1.589081507155084783, -2.683852729261355208, -4.000000000000000000 ) ) ;
#2760 = EDGE_LOOP ( 'NONE', ( #3427, #651, #2880, #3165 ) ) ;
#2761 = AXIS2_PLACEMENT_3D ( 'NONE', #2552, #479, #1566 ) ;
#2762 = ORIENTED_EDGE ( 'NONE', *, *, #3385, .T. ) ;
#2763 = DIRECTION ( 'NONE',  ( 0.000000000000000000, 0.000000000000000000, 1.000000000000000000 ) ) ;
#2764 = AXIS2_PLACEMENT_3D ( 'NONE', #2628, #3344, #1624 ) ;
#2765 = FACE_OUTER_BOUND ( 'NONE', #2601, .T. ) ;
#2766 = EDGE_CURVE ( 'NONE', #2901, #277, #3731, .T. ) ;
#2767 = ORIENTED_EDGE ( 'NONE', *, *, #1702, .T. ) ;
#2768 = CARTESIAN_POINT ( 'NONE',  ( 0.000000000000000000, 0.000000000000000000, -7.000000000000000000 ) ) ;
#2769 = VERTEX_POINT ( 'NONE', #1584 ) ;
#2770 = DIRECTION ( 'NONE',  ( 0.000000000000000000, 0.000000000000000000, 1.000000000000000000 ) ) ;
#2771 = MECHANICAL_DESIGN_GEOMETRIC_PRESENTATION_REPRESENTATION (  '', ( #1189 ), #27 ) ;
#2772 = DIRECTION ( 'NONE',  ( 0.000000000000000000, 0.000000000000000000, -1.000000000000000000 ) ) ;
#2773 = ORIENTED_EDGE ( 'NONE', *, *, #1993, .F. ) ;
#2774 = CARTESIAN_POINT ( 'NONE',  ( -1.627918660403679940, 2.888155008907944854, -7.000000000000000000 ) ) ;
#2775 = ADVANCED_FACE ( 'NONE', ( #330 ), #4444, .T. ) ;
#2776 = ADVANCED_FACE ( 'NONE', ( #359 ), #3043, .F. ) ;
#2777 = AXIS2_PLACEMENT_3D ( 'NONE', #3156, #2089, #35 ) ;
#2778 = DIRECTION ( 'NONE',  ( 1.000000000000000000, 0.000000000000000000, 0.000000000000000000 ) ) ;
#2779 = ORIENTED_EDGE ( 'NONE', *, *, #3664, .F. ) ;
#2780 = DIRECTION ( 'NONE',  ( 0.5000000000000003331, 0.8660254037844384856, 0.000000000000000000 ) ) ;
#2781 = VECTOR ( 'NONE', #1693, 1000.000000000000000 ) ;
#2782 = DIRECTION ( 'NONE',  ( -0.000000000000000000, -0.000000000000000000, 1.000000000000000000 ) ) ;
#2783 = DIRECTION ( 'NONE',  ( 1.000000000000000000, 0.000000000000000000, 0.000000000000000000 ) ) ;
#2784 = CARTESIAN_POINT ( 'NONE',  ( -1.156315544683929941, 4.089674114293499585, -4.000000000000000000 ) ) ;
#2785 = EDGE_LOOP ( 'NONE', ( #826, #458 ) ) ;
#2786 = ORIENTED_EDGE ( 'NONE', *, *, #452, .F. ) ;
#2787 = CARTESIAN_POINT ( 'NONE',  ( 2.835254551144270163, -1.299837350964085925, -7.000000000000000000 ) ) ;
#2788 = EDGE_CURVE ( 'NONE', #4006, #416, #3226, .T. ) ;
#2789 = LINE ( 'NONE', #2396, #2870 ) ;
#2790 = CIRCLE ( 'NONE', #2710, 4.250000000000000000 ) ;
#2791 = VERTEX_POINT ( 'NONE', #2751 ) ;
#2792 = DIRECTION ( 'NONE',  ( 1.000000000000000000, 0.000000000000000000, 0.000000000000000000 ) ) ;
#2793 = VERTEX_POINT ( 'NONE', #1427 ) ;
#2794 = CARTESIAN_POINT ( 'NONE',  ( 0.1541898847763280012, 4.062367386728144680, -6.904494502484660678 ) ) ;
#2795 = AXIS2_PLACEMENT_3D ( 'NONE', #3921, #404, #2147 ) ;
#2796 = DIRECTION ( 'NONE',  ( -0.9781476007338069101, -0.2079116908177534861, 0.000000000000000000 ) ) ;
#2797 = ORIENTED_EDGE ( 'NONE', *, *, #2766, .T. ) ;
#2798 = DIRECTION ( 'NONE',  ( 0.000000000000000000, 0.000000000000000000, 1.000000000000000000 ) ) ;
#2799 = AXIS2_PLACEMENT_3D ( 'NONE', #1832, #791, #859 ) ;
#2800 = CARTESIAN_POINT ( 'NONE',  ( -2.661896170629185043, 1.976326718222530143, -4.000000000000000000 ) ) ;
#2801 = EDGE_CURVE ( 'NONE', #1597, #749, #2790, .T. ) ;
#2802 = DIRECTION ( 'NONE',  ( 0.8090169943749426773, -0.5877852522924796874, 0.000000000000000000 ) ) ;
#2803 = EDGE_CURVE ( 'NONE', #2830, #210, #2997, .T. ) ;
#2804 = CIRCLE ( 'NONE', #2003, 1.899999999999999911 ) ;
#2805 = ORIENTED_EDGE ( 'NONE', *, *, #1576, .T. ) ;
#2806 = DIRECTION ( 'NONE',  ( 0.000000000000000000, 0.000000000000000000, -1.000000000000000000 ) ) ;
#2807 = CIRCLE ( 'NONE', #626, 4.250000000000000000 ) ;
#2808 = CARTESIAN_POINT ( 'NONE',  ( 0.000000000000000000, 0.000000000000000000, -4.000000000000000000 ) ) ;
#2809 = DIRECTION ( 'NONE',  ( 0.000000000000000000, 0.000000000000000000, 1.000000000000000000 ) ) ;
#2810 = CARTESIAN_POINT ( 'NONE',  ( 3.118825397134030286, -0.03425858924962450064, -7.000000000000000000 ) ) ;
#2811 = VERTEX_POINT ( 'NONE', #4151 ) ;
#2812 = ORIENTED_EDGE ( 'NONE', *, *, #2169, .T. ) ;
#2813 = DIRECTION ( 'NONE',  ( 0.000000000000000000, 0.000000000000000000, -1.000000000000000000 ) ) ;
#2814 = ORIENTED_EDGE ( 'NONE', *, *, #3594, .T. ) ;
#2815 = ADVANCED_FACE ( 'NONE', ( #3778 ), #1767, .T. ) ;
#2816 = CARTESIAN_POINT ( 'NONE',  ( 2.061442435782700144, 2.340662426045229783, -4.000000000000000000 ) ) ;
#2817 = ORIENTED_EDGE ( 'NONE', *, *, #634, .T. ) ;
#2818 = CARTESIAN_POINT ( 'NONE',  ( 0.000000000000000000, 0.000000000000000000, -6.719500000000000028 ) ) ;
#2819 = LINE ( 'NONE', #1110, #1021 ) ;
#2820 = ORIENTED_EDGE ( 'NONE', *, *, #1786, .F. ) ;
#2821 = EDGE_CURVE ( 'NONE', #146, #3408, #4321, .T. ) ;
#2822 = AXIS2_PLACEMENT_3D ( 'NONE', #2499, #3149, #3898 ) ;
#2823 = VECTOR ( 'NONE', #1334, 1000.000000000000000 ) ;
#2824 = CARTESIAN_POINT ( 'NONE',  ( -0.3806010588439899811, 3.293433065112664870, -7.000000000000000000 ) ) ;
#2825 = ORIENTED_EDGE ( 'NONE', *, *, #4371, .F. ) ;
#2826 = DIRECTION ( 'NONE',  ( 1.000000000000000000, 0.000000000000000000, 0.000000000000000000 ) ) ;
#2827 = ADVANCED_FACE ( 'NONE', ( #1041 ), #1016, .T. ) ;
#2828 = DIRECTION ( 'NONE',  ( 0.000000000000000000, 0.000000000000000000, 1.000000000000000000 ) ) ;
#2829 = CARTESIAN_POINT ( 'NONE',  ( -3.812946277480765200, 1.877216206255485131, -6.719500000002040174 ) ) ;
#2830 = VERTEX_POINT ( 'NONE', #4199 ) ;
#2831 = ORIENTED_EDGE ( 'NONE', *, *, #1067, .T. ) ;
#2832 = EDGE_CURVE ( 'NONE', #506, #2541, #1933, .T. ) ;
#2833 = CYLINDRICAL_SURFACE ( 'NONE', #2097, 1.899999999999999911 ) ;
#2834 = VECTOR ( 'NONE', #1505, 1000.000000000000227 ) ;
#2835 = ORIENTED_EDGE ( 'NONE', *, *, #1124, .T. ) ;
#2836 = CARTESIAN_POINT ( 'NONE',  ( -1.100000000000000089, 0.000000000000000000, -24.00000000000000000 ) ) ;
#2837 = ORIENTED_EDGE ( 'NONE', *, *, #2713, .T. ) ;
#2838 = DIRECTION ( 'NONE',  ( 1.000000000000000000, 0.000000000000000000, 0.000000000000000000 ) ) ;
#2839 = DIRECTION ( 'NONE',  ( 0.000000000000000000, 0.000000000000000000, -1.000000000000000000 ) ) ;
#2840 = ORIENTED_EDGE ( 'NONE', *, *, #3546, .T. ) ;
#2841 = EDGE_CURVE ( 'NONE', #3997, #3408, #3299, .T. ) ;
#2842 = CARTESIAN_POINT ( 'NONE',  ( 3.532190061755155153, -2.363500236437074964, -4.000000000000000000 ) ) ;
#2843 = ORIENTED_EDGE ( 'NONE', *, *, #751, .T. ) ;
#2844 = DIRECTION ( 'NONE',  ( 1.000000000000000000, 0.000000000000000000, 0.000000000000000000 ) ) ;
#2845 = CARTESIAN_POINT ( 'NONE',  ( -2.963603903834385100, -3.046235693632429520, -7.000000000000000000 ) ) ;
#2846 = CARTESIAN_POINT ( 'NONE',  ( 2.192825923109535058, 2.486578571312274999, -7.000000000000000000 ) ) ;
#2847 = ORIENTED_EDGE ( 'NONE', *, *, #3275, .T. ) ;
#2848 = AXIS2_PLACEMENT_3D ( 'NONE', #2808, #3125, #3781 ) ;
#2849 = CARTESIAN_POINT ( 'NONE',  ( -1.431569119554355840, -2.888155008907924870, -7.000000000000000000 ) ) ;
#2850 = ADVANCED_FACE ( 'NONE', ( #2726 ), #3434, .F. ) ;
#2851 = ORIENTED_EDGE ( 'NONE', *, *, #2223, .T. ) ;
#2852 = EDGE_CURVE ( 'NONE', #1796, #4178, #4125, .T. ) ;
#2853 = FACE_OUTER_BOUND ( 'NONE', #1297, .T. ) ;
#2854 = AXIS2_PLACEMENT_3D ( 'NONE', #1961, #3644, #1305 ) ;
#2855 = ORIENTED_EDGE ( 'NONE', *, *, #1124, .F. ) ;
#2856 = DIRECTION ( 'NONE',  ( 0.000000000000000000, 0.000000000000000000, 1.000000000000000000 ) ) ;
#2857 = AXIS2_PLACEMENT_3D ( 'NONE', #1722, #2385, #1327 ) ;
#2858 = CARTESIAN_POINT ( 'NONE',  ( 2.266443087373129828, -3.534646590994565241, -6.770632201231979508 ) ) ;
#2859 = ORIENTED_EDGE ( 'NONE', *, *, #2612, .T. ) ;
#2860 = ORIENTED_EDGE ( 'NONE', *, *, #3924, .T. ) ;
#2861 = VECTOR ( 'NONE', #434, 1000.000000000000000 ) ;
#2862 = DIRECTION ( 'NONE',  ( 0.000000000000000000, 0.000000000000000000, 1.000000000000000000 ) ) ;
#2863 = ORIENTED_EDGE ( 'NONE', *, *, #298, .T. ) ;
#2864 = CARTESIAN_POINT ( 'NONE',  ( -1.494671252582927989, 3.881022082946544938, -6.811067249909900312 ) ) ;
#2865 = LINE ( 'NONE', #2526, #1487 ) ;
#2866 = CIRCLE ( 'NONE', #1507, 0.1963495408493620142 ) ;
#2867 = DIRECTION ( 'NONE',  ( 0.000000000000000000, 0.000000000000000000, 1.000000000000000000 ) ) ;
#2868 = VERTEX_POINT ( 'NONE', #1352 ) ;
#2869 = EDGE_CURVE ( 'NONE', #1540, #523, #857, .T. ) ;
#2870 = VECTOR ( 'NONE', #372, 1000.000000000000000 ) ;
#2871 = CARTESIAN_POINT ( 'NONE',  ( 3.014628782297434917, 1.379699904078589778, -4.000000000000000000 ) ) ;
#2872 = CIRCLE ( 'NONE', #3096, 1.973045005896730153 ) ;
#2873 = CARTESIAN_POINT ( 'NONE',  ( -1.431569119554355840, -2.888155008907924870, -7.000000000000000000 ) ) ;
#2874 = ORIENTED_EDGE ( 'NONE', *, *, #2348, .T. ) ;
#2875 = DIRECTION ( 'NONE',  ( 0.000000000000000000, 0.000000000000000000, 1.000000000000000000 ) ) ;
#2876 = ORIENTED_EDGE ( 'NONE', *, *, #585, .T. ) ;
#2877 = CARTESIAN_POINT ( 'NONE',  ( 2.265494034369525345, 3.595836033558270195, -4.000000000000000000 ) ) ;
#2878 = EDGE_CURVE ( 'NONE', #4006, #1192, #423, .T. ) ;
#2879 = CARTESIAN_POINT ( 'NONE',  ( -1.440037872544411846, -2.945198428730900098, -4.000000000000000000 ) ) ;
#2880 = ORIENTED_EDGE ( 'NONE', *, *, #3832, .T. ) ;
#2881 = ORIENTED_EDGE ( 'NONE', *, *, #2028, .T. ) ;
#2882 = CARTESIAN_POINT ( 'NONE',  ( 3.490421994079935253, 2.261267114961670099, -6.811067237722340018 ) ) ;
#2883 = DIRECTION ( 'NONE',  ( 0.000000000000000000, 0.000000000000000000, 1.000000000000000000 ) ) ;
#2884 = AXIS2_PLACEMENT_3D ( 'NONE', #1876, #4132, #648 ) ;
#2885 = EDGE_LOOP ( 'NONE', ( #66, #1635, #2304, #904 ) ) ;
#2886 = DIRECTION ( 'NONE',  ( -0.000000000000000000, -0.000000000000000000, 1.000000000000000000 ) ) ;
#2887 = DIRECTION ( 'NONE',  ( -0.6691306063588572384, 0.7431448254773952433, 0.000000000000000000 ) ) ;
#2888 = DIRECTION ( 'NONE',  ( 1.000000000000000000, 0.000000000000000000, 0.000000000000000000 ) ) ;
#2889 = DIRECTION ( 'NONE',  ( 0.000000000000000000, 0.000000000000000000, 1.000000000000000000 ) ) ;
#2890 = B_SPLINE_CURVE_WITH_KNOTS ( 'NONE', 3,
 ( #876, #546, #238, #3322 ),
 .UNSPECIFIED., .F., .F.,
 ( 4, 4 ),
 ( 2.599423784183214954E-07, 0.0004297044751609010137 ),
 .UNSPECIFIED. ) ;
#2891 = EDGE_LOOP ( 'NONE', ( #2132, #1172, #99, #867, #582 ) ) ;
#2892 = AXIS2_PLACEMENT_3D ( 'NONE', #3797, #1424, #2002 ) ;
#2893 = CARTESIAN_POINT ( 'NONE',  ( 1.150509560498988115, 2.905503872170954516, -7.000000000000000000 ) ) ;
#2894 = CARTESIAN_POINT ( 'NONE',  ( 2.863122998320079660, -1.237243793775610001, -7.000000000000000000 ) ) ;
#2895 = VERTEX_POINT ( 'NONE', #1091 ) ;
#2896 = LINE ( 'NONE', #519, #3871 ) ;
#2897 = VERTEX_POINT ( 'NONE', #2455 ) ;
#2898 = DIRECTION ( 'NONE',  ( 0.000000000000000000, 0.000000000000000000, 1.000000000000000000 ) ) ;
#2899 = VECTOR ( 'NONE', #497, 1000.000000000000000 ) ;
#2900 = DIRECTION ( 'NONE',  ( 0.000000000000000000, 0.000000000000000000, 1.000000000000000000 ) ) ;
#2901 = VERTEX_POINT ( 'NONE', #3068 ) ;
#2902 = VERTEX_POINT ( 'NONE', #741 ) ;
#2903 = VECTOR ( 'NONE', #1920, 1000.000000000000000 ) ;
#2904 = CARTESIAN_POINT ( 'NONE',  ( -2.661896170629215241, -1.976326718222495504, -4.000000000000000000 ) ) ;
#2905 = ORIENTED_EDGE ( 'NONE', *, *, #2738, .T. ) ;
#2906 = CARTESIAN_POINT ( 'NONE',  ( -1.169637804266592251, 3.348396088319595343, -7.000000000000000000 ) ) ;
#2907 = ADVANCED_FACE ( 'NONE', ( #3508 ), #2231, .F. ) ;
#2908 = EDGE_CURVE ( 'NONE', #4040, #2966, #260, .T. ) ;
#2909 = DIRECTION ( 'NONE',  ( 0.2079116908177665313, 0.9781476007338041345, 0.000000000000000000 ) ) ;
#2910 = DIRECTION ( 'NONE',  ( 1.000000000000000000, -2.637633917309036015E-15, 0.000000000000000000 ) ) ;
#2911 = AXIS2_PLACEMENT_3D ( 'NONE', #3543, #1032, #61 ) ;
#2912 = ORIENTED_EDGE ( 'NONE', *, *, #877, .T. ) ;
#2913 = CARTESIAN_POINT ( 'NONE',  ( 0.000000000000000000, 0.000000000000000000, 20.99999999999999645 ) ) ;
#2914 = LINE ( 'NONE', #2041, #2253 ) ;
#2915 = VERTEX_POINT ( 'NONE', #4284 ) ;
#2916 = CARTESIAN_POINT ( 'NONE',  ( -3.043548818098394726, -0.6819502185625320179, -4.000000000000000000 ) ) ;
#2917 = ORIENTED_EDGE ( 'NONE', *, *, #768, .F. ) ;
#2918 = PLANE ( 'NONE',  #428 ) ;
#2919 = CARTESIAN_POINT ( 'NONE',  ( -0.5661290900510469459, 3.229148604873909978, -7.000000000000000000 ) ) ;
#2920 = AXIS2_PLACEMENT_3D ( 'NONE', #4154, #4449, #2410 ) ;
#2921 = CIRCLE ( 'NONE', #3152, 3.969500000000000028 ) ;
#2922 = ORIENTED_EDGE ( 'NONE', *, *, #4155, .F. ) ;
#2923 = ORIENTED_EDGE ( 'NONE', *, *, #2203, .T. ) ;
#2924 = EDGE_CURVE ( 'NONE', #1488, #609, #1497, .T. ) ;
#2925 = CARTESIAN_POINT ( 'NONE',  ( 3.270635594739164542, -0.2254898343303584907, -7.000000000000000000 ) ) ;
#2926 = CARTESIAN_POINT ( 'NONE',  ( 1.981338335720254973, 3.759893402665200224, -4.000000000000000000 ) ) ;
#2927 = FILL_AREA_STYLE_COLOUR ( '', #584 ) ;
#2928 = AXIS2_PLACEMENT_3D ( 'NONE', #3873, #3895, #763 ) ;
#2929 = EDGE_CURVE ( 'NONE', #4469, #1412, #72, .T. ) ;
#2930 = EDGE_CURVE ( 'NONE', #173, #1192, #4326, .T. ) ;
#2931 = DIRECTION ( 'NONE',  ( 0.6691306063588571273, -0.7431448254773951323, 0.000000000000000000 ) ) ;
#2932 = CARTESIAN_POINT ( 'NONE',  ( -1.468371204554748122, -3.988281084080514738, -4.000000000000000000 ) ) ;
#2933 = EDGE_LOOP ( 'NONE', ( #4070, #1111 ) ) ;
#2934 = VECTOR ( 'NONE', #1793, 1000.000000000000000 ) ;
#2935 = FACE_OUTER_BOUND ( 'NONE', #1131, .T. ) ;
#2936 = LINE ( 'NONE', #1589, #95 ) ;
#2937 = ORIENTED_EDGE ( 'NONE', *, *, #3304, .F. ) ;
#2938 = CARTESIAN_POINT ( 'NONE',  ( 0.6070735070741959394, 4.206419113332460213, -4.000000000000000000 ) ) ;
#2939 = AXIS2_PLACEMENT_3D ( 'NONE', #1603, #3342, #2052 ) ;
#2940 = ORIENTED_EDGE ( 'NONE', *, *, #2999, .T. ) ;
#2941 = FACE_OUTER_BOUND ( 'NONE', #1719, .T. ) ;
#2942 = CIRCLE ( 'NONE', #2154, 1.973045005896730597 ) ;
#2943 = AXIS2_PLACEMENT_3D ( 'NONE', #1195, #2538, #107 ) ;
#2944 = CARTESIAN_POINT ( 'NONE',  ( 0.6070735070727790728, -4.206419113332659165, -6.719500000000000028 ) ) ;
#2945 = ADVANCED_FACE ( 'NONE', ( #2543 ), #3554, .F. ) ;
#2946 = ORIENTED_EDGE ( 'NONE', *, *, #3626, .F. ) ;
#2947 = ORIENTED_EDGE ( 'NONE', *, *, #4080, .T. ) ;
#2948 = FACE_BOUND ( 'NONE', #234, .T. ) ;
#2949 = CIRCLE ( 'NONE', #2230, 0.1963495408493620142 ) ;
#2950 = EDGE_CURVE ( 'NONE', #672, #1765, #2145, .T. ) ;
#2951 = FACE_OUTER_BOUND ( 'NONE', #3633, .T. ) ;
#2952 = VECTOR ( 'NONE', #1204, 1000.000000000000000 ) ;
#2953 = CARTESIAN_POINT ( 'NONE',  ( 0.2807562157273054693, -4.240716442691395471, -6.719500000002040174 ) ) ;
#2954 = VERTEX_POINT ( 'NONE', #1789 ) ;
#2955 = VECTOR ( 'NONE', #1911, 1000.000000000000000 ) ;
#2956 = DIRECTION ( 'NONE',  ( -1.000000000000000000, 0.000000000000000000, 0.000000000000000000 ) ) ;
#2957 = DIRECTION ( 'NONE',  ( 0.000000000000000000, 0.000000000000000000, 1.000000000000000000 ) ) ;
#2958 = ORIENTED_EDGE ( 'NONE', *, *, #4447, .F. ) ;
#2959 = VERTEX_POINT ( 'NONE', #2842 ) ;
#2960 = EDGE_CURVE ( 'NONE', #575, #807, #2345, .T. ) ;
#2961 = ADVANCED_FACE ( 'NONE', ( #3196 ), #92, .F. ) ;
#2962 = CARTESIAN_POINT ( 'NONE',  ( 4.188138338523799575, -0.7224937767116600407, -6.719500000000000028 ) ) ;
#2963 = FACE_OUTER_BOUND ( 'NONE', #4405, .T. ) ;
#2964 = ORIENTED_EDGE ( 'NONE', *, *, #373, .T. ) ;
#2965 = EDGE_LOOP ( 'NONE', ( #1180, #4318, #3538, #4403, #4215 ) ) ;
#2966 = VERTEX_POINT ( 'NONE', #2166 ) ;
#2967 = DIRECTION ( 'NONE',  ( 0.000000000000000000, 0.000000000000000000, 1.000000000000000000 ) ) ;
#2968 = DIRECTION ( 'NONE',  ( 1.000000000000000000, 0.000000000000000000, 0.000000000000000000 ) ) ;
#2969 = CARTESIAN_POINT ( 'NONE',  ( -1.468371204553990061, 3.988281084078620697, -7.000000000000000000 ) ) ;
#2970 = AXIS2_PLACEMENT_3D ( 'NONE', #1145, #2218, #2508 ) ;
#2971 = LINE ( 'NONE', #1894, #620 ) ;
#2972 = EDGE_CURVE ( 'NONE', #3293, #1861, #795, .T. ) ;
#2973 = CIRCLE ( 'NONE', #3707, 4.250000000000000000 ) ;
#2974 = DIRECTION ( 'NONE',  ( 0.1045284632676570929, 0.9945218953682730678, 0.000000000000000000 ) ) ;
#2975 = ORIENTED_EDGE ( 'NONE', *, *, #3386, .T. ) ;
#2976 = EDGE_CURVE ( 'NONE', #1921, #650, #1813, .T. ) ;
#2977 = DIRECTION ( 'NONE',  ( 0.000000000000000000, 0.000000000000000000, 1.000000000000000000 ) ) ;
#2978 = DIRECTION ( 'NONE',  ( 0.000000000000000000, 0.000000000000000000, 1.000000000000000000 ) ) ;
#2979 = DIRECTION ( 'NONE',  ( 0.000000000000000000, 0.000000000000000000, -1.000000000000000000 ) ) ;
#2980 = ORIENTED_EDGE ( 'NONE', *, *, #561, .F. ) ;
#2981 = ORIENTED_EDGE ( 'NONE', *, *, #4417, .F. ) ;
#2982 = CARTESIAN_POINT ( 'NONE',  ( -3.057794340530235022, -0.6149303048044428843, -7.000000000000000000 ) ) ;
#2983 = AXIS2_PLACEMENT_3D ( 'NONE', #3517, #3444, #2413 ) ;
#2984 = EDGE_CURVE ( 'NONE', #1291, #159, #3211, .T. ) ;
#2985 = DIRECTION ( 'NONE',  ( 0.000000000000000000, 0.000000000000000000, 1.000000000000000000 ) ) ;
#2986 = EDGE_CURVE ( 'NONE', #3521, #4069, #3256, .T. ) ;
#2987 = ORIENTED_EDGE ( 'NONE', *, *, #2316, .T. ) ;
#2988 = VECTOR ( 'NONE', #1770, 1000.000000000000000 ) ;
#2989 = ORIENTED_EDGE ( 'NONE', *, *, #227, .T. ) ;
#2990 = EDGE_LOOP ( 'NONE', ( #2735, #1318, #4383, #2452 ) ) ;
#2991 = CARTESIAN_POINT ( 'NONE',  ( -1.529743889979000127, 2.718111318510990415, -7.000000000000000000 ) ) ;
#2992 = CIRCLE ( 'NONE', #1057, 3.969500000000000028 ) ;
#2993 = CARTESIAN_POINT ( 'NONE',  ( -1.627918660403679940, 2.888155008907944854, -7.000000000000000000 ) ) ;
#2994 = DIRECTION ( 'NONE',  ( 0.000000000000000000, 0.000000000000000000, 1.000000000000000000 ) ) ;
#2995 = DIRECTION ( 'NONE',  ( 1.000000000000000000, 0.000000000000000000, 0.000000000000000000 ) ) ;
#2996 = DIRECTION ( 'NONE',  ( 0.000000000000000000, 0.000000000000000000, 1.000000000000000000 ) ) ;
#2997 = CIRCLE ( 'NONE', #2857, 1.100000000000000089 ) ;
#2998 = DIRECTION ( 'NONE',  ( 0.000000000000000000, 0.000000000000000000, -1.000000000000000000 ) ) ;
#2999 = EDGE_CURVE ( 'NONE', #2811, #672, #487, .T. ) ;
#3000 = VERTEX_POINT ( 'NONE', #2185 ) ;
#3001 = DIRECTION ( 'NONE',  ( 0.000000000000000000, 0.000000000000000000, 1.000000000000000000 ) ) ;
#3002 = CIRCLE ( 'NONE', #1997, 4.250000000000000000 ) ;
#3003 = LINE ( 'NONE', #2016, #881 ) ;
#3004 = EDGE_LOOP ( 'NONE', ( #1909, #888, #2565, #1918 ) ) ;
#3005 = ORIENTED_EDGE ( 'NONE', *, *, #1251, .F. ) ;
#3006 = CARTESIAN_POINT ( 'NONE',  ( -1.156315544685313945, -4.089674114293105234, -6.719500000000000028 ) ) ;
#3007 = FACE_OUTER_BOUND ( 'NONE', #3423, .T. ) ;
#3008 = EDGE_CURVE ( 'NONE', #2633, #2477, #689, .T. ) ;
#3009 = ORIENTED_EDGE ( 'NONE', *, *, #1002, .T. ) ;
#3010 = ORIENTED_EDGE ( 'NONE', *, *, #3497, .F. ) ;
#3011 = EDGE_LOOP ( 'NONE', ( #1381, #2300, #1543, #1271 ) ) ;
#3012 = DIRECTION ( 'NONE',  ( 0.000000000000000000, 0.000000000000000000, 1.000000000000000000 ) ) ;
#3013 = CONICAL_SURFACE ( 'NONE', #1078, 4.250000000000000000, 0.7853981633974391752 ) ;
#3014 = EDGE_CURVE ( 'NONE', #2484, #3000, #1945, .T. ) ;
#3015 = CARTESIAN_POINT ( 'NONE',  ( -3.545951877715329825, -0.07768036026355409907, -4.000000000000000000 ) ) ;
#3016 = FACE_OUTER_BOUND ( 'NONE', #2469, .T. ) ;
#3017 = DIRECTION ( 'NONE',  ( 0.000000000000000000, 0.000000000000000000, 1.000000000000000000 ) ) ;
#3018 = EDGE_CURVE ( 'NONE', #575, #2198, #3233, .T. ) ;
#3019 = DIRECTION ( 'NONE',  ( -0.9135454576426006446, 0.4067366430758008744, 0.000000000000000000 ) ) ;
#3020 = CARTESIAN_POINT ( 'NONE',  ( 0.2807562157273614800, 4.240716442691390142, -7.000000000000000000 ) ) ;
#3021 = ORIENTED_EDGE ( 'NONE', *, *, #1934, .F. ) ;
#3022 = DIRECTION ( 'NONE',  ( 1.000000000000000000, 0.000000000000000000, 0.000000000000000000 ) ) ;
#3023 = B_SPLINE_CURVE_WITH_KNOTS ( 'NONE', 3,
 ( #4465, #2678, #662, #3433 ),
 .UNSPECIFIED., .F., .F.,
 ( 4, 4 ),
 ( 2.616461312959239944E-07, 0.0004297061789143180079 ),
 .UNSPECIFIED. ) ;
#3024 = LINE ( 'NONE', #534, #2029 ) ;
#3025 = CARTESIAN_POINT ( 'NONE',  ( 0.9963519047475369872, -2.955592730849700089, -7.000000000000000000 ) ) ;
#3026 = CARTESIAN_POINT ( 'NONE',  ( -0.2919351088493810087, -3.105321142968425097, -7.000000000000000000 ) ) ;
#3027 = VERTEX_POINT ( 'NONE', #158 ) ;
#3028 = CIRCLE ( 'NONE', #214, 4.250000000000000000 ) ;
#3029 = ORIENTED_EDGE ( 'NONE', *, *, #1491, .F. ) ;
#3030 = CARTESIAN_POINT ( 'NONE',  ( 0.000000000000000000, 0.000000000000000000, 6.000000000000000000 ) ) ;
#3031 = ADVANCED_FACE ( 'NONE', ( #1539 ), #3706, .F. ) ;
#3032 = DIRECTION ( 'NONE',  ( 0.000000000000000000, 0.000000000000000000, -1.000000000000000000 ) ) ;
#3033 = VERTEX_POINT ( 'NONE', #1893 ) ;
#3034 = ORIENTED_EDGE ( 'NONE', *, *, #782, .F. ) ;
#3035 = VERTEX_POINT ( 'NONE', #4008 ) ;
#3036 = CYLINDRICAL_SURFACE ( 'NONE', #777, 0.1963495408493620142 ) ;
#3037 = VECTOR ( 'NONE', #3374, 1000.000000000000000 ) ;
#3038 = DIRECTION ( 'NONE',  ( 1.000000000000000000, 0.000000000000000000, 0.000000000000000000 ) ) ;
#3039 = DIRECTION ( 'NONE',  ( 0.000000000000000000, 0.000000000000000000, 1.000000000000000000 ) ) ;
#3040 = DIRECTION ( 'NONE',  ( 0.000000000000000000, 0.000000000000000000, 1.000000000000000000 ) ) ;
#3041 = AXIS2_PLACEMENT_3D ( 'NONE', #3607, #3223, #184 ) ;
#3042 = EDGE_CURVE ( 'NONE', #2296, #4492, #589, .T. ) ;
#3043 = CYLINDRICAL_SURFACE ( 'NONE', #2631, 0.1963495408493620142 ) ;
#3044 = EDGE_CURVE ( 'NONE', #4428, #4165, #918, .T. ) ;
#3045 = ORIENTED_EDGE ( 'NONE', *, *, #3074, .F. ) ;
#3046 = CARTESIAN_POINT ( 'NONE',  ( 0.000000000000000000, 0.000000000000000000, -7.000000000000000000 ) ) ;
#3047 = AXIS2_PLACEMENT_3D ( 'NONE', #219, #3711, #1607 ) ;
#3048 = B_SPLINE_CURVE_WITH_KNOTS ( 'NONE', 3,
 ( #1887, #88, #1109, #4238 ),
 .UNSPECIFIED., .F., .F.,
 ( 4, 4 ),
 ( 2.997650499434224680E-07, 0.0004297442978394454597 ),
 .UNSPECIFIED. ) ;
#3049 = DIRECTION ( 'NONE',  ( 0.000000000000000000, 0.000000000000000000, 1.000000000000000000 ) ) ;
#3050 = LINE ( 'NONE', #4104, #2823 ) ;
#3051 = CIRCLE ( 'NONE', #1473, 4.250000000000000000 ) ;
#3052 = CARTESIAN_POINT ( 'NONE',  ( -1.431569119554357838, -2.888155008907924870, -4.000000000000000000 ) ) ;
#3053 = CARTESIAN_POINT ( 'NONE',  ( 0.000000000000000000, 0.000000000000000000, -6.719500000000000028 ) ) ;
#3054 = VERTEX_POINT ( 'NONE', #3297 ) ;
#3055 = ORIENTED_EDGE ( 'NONE', *, *, #4283, .F. ) ;
#3056 = DIRECTION ( 'NONE',  ( 0.000000000000000000, 0.000000000000000000, -1.000000000000000000 ) ) ;
#3057 = CARTESIAN_POINT ( 'NONE',  ( -2.702169557679759748, -1.920895156409979876, -4.000000000000000000 ) ) ;
#3058 = ORIENTED_EDGE ( 'NONE', *, *, #1888, .F. ) ;
#3059 = ADVANCED_FACE ( 'NONE', ( #1261 ), #4393, .T. ) ;
#3060 = ORIENTED_EDGE ( 'NONE', *, *, #977, .T. ) ;
#3061 = LINE ( 'NONE', #682, #1080 ) ;
#3062 = CARTESIAN_POINT ( 'NONE',  ( 0.2933980814763980094, -3.534646590994565241, -7.000000000000000000 ) ) ;
#3063 = AXIS2_PLACEMENT_3D ( 'NONE', #4419, #3040, #2655 ) ;
#3064 = DIRECTION ( 'NONE',  ( 0.000000000000000000, 0.000000000000000000, -1.000000000000000000 ) ) ;
#3065 = CARTESIAN_POINT ( 'NONE',  ( 2.243744109767559891, 2.440731630117074946, -4.000000000000000000 ) ) ;
#3066 = EDGE_CURVE ( 'NONE', #131, #749, #1881, .T. ) ;
#3067 = DIRECTION ( 'NONE',  ( 0.000000000000000000, 0.000000000000000000, 1.000000000000000000 ) ) ;
#3068 = CARTESIAN_POINT ( 'NONE',  ( 1.708463584719549955, -3.583026992598195015, -7.000000000000000000 ) ) ;
#3069 = CIRCLE ( 'NONE', #4312, 0.1963495408493620142 ) ;
#3070 = ORIENTED_EDGE ( 'NONE', *, *, #3669, .F. ) ;
#3071 = CARTESIAN_POINT ( 'NONE',  ( -3.039258109536009833, 0.7227735835918559504, -7.000000000000000000 ) ) ;
#3072 = PRODUCT_RELATED_PRODUCT_CATEGORY ( 'part', '', ( #3263 ) ) ;
#3073 = EDGE_CURVE ( 'NONE', #4280, #2374, #545, .T. ) ;
#3074 = EDGE_CURVE ( 'NONE', #173, #2299, #4133, .T. ) ;
#3075 = FACE_OUTER_BOUND ( 'NONE', #2325, .T. ) ;
#3076 = DIRECTION ( 'NONE',  ( 0.000000000000000000, 0.000000000000000000, 1.000000000000000000 ) ) ;
#3077 = CARTESIAN_POINT ( 'NONE',  ( -1.468371204554044018, -3.988281084078600713, -6.719500000002040174 ) ) ;
#3078 = CARTESIAN_POINT ( 'NONE',  ( -0.9954341379483659935, 3.941537032975964916, -6.904494502485370333 ) ) ;
#3079 = VERTEX_POINT ( 'NONE', #2926 ) ;
#3080 = EDGE_LOOP ( 'NONE', ( #1483, #1618, #616, #2305 ) ) ;
#3081 = DIRECTION ( 'NONE',  ( 1.000000000000000000, 3.554656382278019591E-15, 0.000000000000000000 ) ) ;
#3082 = FACE_OUTER_BOUND ( 'NONE', #3905, .T. ) ;
#3083 = ORIENTED_EDGE ( 'NONE', *, *, #164, .T. ) ;
#3084 = DIRECTION ( 'NONE',  ( 0.000000000000000000, 0.000000000000000000, 1.000000000000000000 ) ) ;
#3085 = ORIENTED_EDGE ( 'NONE', *, *, #1243, .T. ) ;
#3086 = DIRECTION ( 'NONE',  ( 1.000000000000000000, 0.000000000000000000, 0.000000000000000000 ) ) ;
#3087 = EDGE_CURVE ( 'NONE', #1966, #1667, #1604, .T. ) ;
#3088 = CIRCLE ( 'NONE', #3820, 0.1963495408493620142 ) ;
#3089 = CARTESIAN_POINT ( 'NONE',  ( 3.000000000000000444, 3.673940397442060361E-16, 6.000000000000000000 ) ) ;
#3090 = EDGE_LOOP ( 'NONE', ( #1436, #2773, #2840, #1575 ) ) ;
#3091 = DIRECTION ( 'NONE',  ( 0.000000000000000000, 0.000000000000000000, 1.000000000000000000 ) ) ;
#3092 = AXIS2_PLACEMENT_3D ( 'NONE', #1175, #3935, #821 ) ;
#3093 = DIRECTION ( 'NONE',  ( -0.000000000000000000, -0.000000000000000000, -1.000000000000000000 ) ) ;
#3094 = ADVANCED_FACE ( 'NONE', ( #4328 ), #4416, .F. ) ;
#3095 = AXIS2_PLACEMENT_3D ( 'NONE', #39, #4234, #345 ) ;
#3096 = AXIS2_PLACEMENT_3D ( 'NONE', #2344, #4480, #3769 ) ;
#3097 = CARTESIAN_POINT ( 'NONE',  ( 1.057027249707708005, -3.142332241146045035, -7.000000000000000000 ) ) ;
#3098 = ORIENTED_EDGE ( 'NONE', *, *, #863, .T. ) ;
#3099 = DIRECTION ( 'NONE',  ( 1.000000000000000000, 0.000000000000000000, 0.000000000000000000 ) ) ;
#3100 = CARTESIAN_POINT ( 'NONE',  ( 0.7770305399062549245, -3.026854562091314982, -7.000000000000000000 ) ) ;
#3101 = AXIS2_PLACEMENT_3D ( 'NONE', #1211, #815, #3952 ) ;
#3102 = DIRECTION ( 'NONE',  ( 0.000000000000000000, 0.000000000000000000, 1.000000000000000000 ) ) ;
#3103 = CARTESIAN_POINT ( 'NONE',  ( -1.519522694709764865, -3.667148896658275259, -7.000000000000000000 ) ) ;
#3104 = CARTESIAN_POINT ( 'NONE',  ( -2.638594113175289912, -1.674349457525735163, -7.000000000000000000 ) ) ;
#3105 = VERTEX_POINT ( 'NONE', #2627 ) ;
#3106 = VERTEX_POINT ( 'NONE', #3985 ) ;
#3107 = CARTESIAN_POINT ( 'NONE',  ( 2.265494034368315202, -3.595836033559035361, -4.000000000000000000 ) ) ;
#3108 = DIRECTION ( 'NONE',  ( 0.000000000000000000, 0.000000000000000000, 1.000000000000000000 ) ) ;
#3109 = AXIS2_PLACEMENT_3D ( 'NONE', #1753, #3127, #2783 ) ;
#3110 = EDGE_CURVE ( 'NONE', #2494, #4260, #803, .T. ) ;
#3111 = ORIENTED_EDGE ( 'NONE', *, *, #920, .F. ) ;
#3112 = ADVANCED_FACE ( 'NONE', ( #2077 ), #1745, .F. ) ;
#3113 = DIRECTION ( 'NONE',  ( 0.000000000000000000, 0.000000000000000000, -1.000000000000000000 ) ) ;
#3114 = ORIENTED_EDGE ( 'NONE', *, *, #34, .F. ) ;
#3115 = DIRECTION ( 'NONE',  ( 0.000000000000000000, 0.000000000000000000, 1.000000000000000000 ) ) ;
#3116 =( GEOMETRIC_REPRESENTATION_CONTEXT ( 3 ) GLOBAL_UNCERTAINTY_ASSIGNED_CONTEXT ( ( #2476 ) ) GLOBAL_UNIT_ASSIGNED_CONTEXT ( ( #1100, #1458, #3929 ) ) REPRESENTATION_CONTEXT ( 'NONE', 'WORKASPACE' ) );
#3117 = DIRECTION ( 'NONE',  ( 0.000000000000000000, 0.000000000000000000, 1.000000000000000000 ) ) ;
#3118 = VERTEX_POINT ( 'NONE', #3775 ) ;
#3119 = DIRECTION ( 'NONE',  ( 1.000000000000000000, 0.000000000000000000, 0.000000000000000000 ) ) ;
#3120 = DIRECTION ( 'NONE',  ( 0.000000000000000000, 0.000000000000000000, 1.000000000000000000 ) ) ;
#3121 = CARTESIAN_POINT ( 'NONE',  ( 3.339329057574135007, 2.628950635755840093, -6.719500000000000028 ) ) ;
#3122 = EDGE_LOOP ( 'NONE', ( #1375, #1050, #936, #2222 ) ) ;
#3123 = DIRECTION ( 'NONE',  ( 0.000000000000000000, 0.000000000000000000, 1.000000000000000000 ) ) ;
#3124 = EDGE_CURVE ( 'NONE', #1922, #2769, #14, .T. ) ;
#3125 = DIRECTION ( 'NONE',  ( 0.000000000000000000, 0.000000000000000000, 1.000000000000000000 ) ) ;
#3126 = DIRECTION ( 'NONE',  ( -0.000000000000000000, -0.000000000000000000, -1.000000000000000000 ) ) ;
#3127 = DIRECTION ( 'NONE',  ( 0.000000000000000000, 0.000000000000000000, 1.000000000000000000 ) ) ;
#3128 = CARTESIAN_POINT ( 'NONE',  ( 3.490421994080635137, -2.261267114963150249, -6.811067237720949130 ) ) ;
#3129 = ORIENTED_EDGE ( 'NONE', *, *, #4389, .T. ) ;
#3130 = EDGE_CURVE ( 'NONE', #1861, #3293, #2302, .T. ) ;
#3131 = ORIENTED_EDGE ( 'NONE', *, *, #4241, .T. ) ;
#3132 = DIRECTION ( 'NONE',  ( 0.000000000000000000, 0.000000000000000000, -1.000000000000000000 ) ) ;
#3133 = DIRECTION ( 'NONE',  ( 1.000000000000000000, 0.000000000000000000, 0.000000000000000000 ) ) ;
#3134 = ORIENTED_EDGE ( 'NONE', *, *, #3484, .F. ) ;
#3135 = DIRECTION ( 'NONE',  ( 1.000000000000000000, 0.000000000000000000, 0.000000000000000000 ) ) ;
#3136 = FACE_OUTER_BOUND ( 'NONE', #860, .T. ) ;
#3137 = ORIENTED_EDGE ( 'NONE', *, *, #3971, .T. ) ;
#3138 = CARTESIAN_POINT ( 'NONE',  ( 0.1034107763489651999, -3.968152776964985584, -7.000000000000000000 ) ) ;
#3139 = ADVANCED_FACE ( 'NONE', ( #985 ), #2590, .T. ) ;
#3140 = ADVANCED_FACE ( 'NONE', ( #46 ), #24, .T. ) ;
#3141 = FACE_OUTER_BOUND ( 'NONE', #1555, .T. ) ;
#3142 = AXIS2_PLACEMENT_3D ( 'NONE', #348, #705, #4166 ) ;
#3143 = ORIENTED_EDGE ( 'NONE', *, *, #3891, .T. ) ;
#3144 = CARTESIAN_POINT ( 'NONE',  ( 3.532190061754389987, -2.363500236438220270, -6.719500000000000028 ) ) ;
#3145 = VECTOR ( 'NONE', #4421, 1000.000000000000000 ) ;
#3146 = CARTESIAN_POINT ( 'NONE',  ( 2.192825923109535058, 2.486578571312274999, -4.000000000000000000 ) ) ;
#3147 = VECTOR ( 'NONE', #2161, 1000.000000000000000 ) ;
#3148 = ORIENTED_EDGE ( 'NONE', *, *, #1117, .F. ) ;
#3149 = DIRECTION ( 'NONE',  ( 0.000000000000000000, 0.000000000000000000, -1.000000000000000000 ) ) ;
#3150 = VECTOR ( 'NONE', #614, 1000.000000000000000 ) ;
#3151 = VECTOR ( 'NONE', #96, 1000.000000000000000 ) ;
#3152 = AXIS2_PLACEMENT_3D ( 'NONE', #784, #2165, #3551 ) ;
#3153 = DIRECTION ( 'NONE',  ( 0.000000000000000000, 0.000000000000000000, -1.000000000000000000 ) ) ;
#3154 = EDGE_CURVE ( 'NONE', #1871, #1488, #154, .T. ) ;
#3155 = FACE_OUTER_BOUND ( 'NONE', #1608, .T. ) ;
#3156 = CARTESIAN_POINT ( 'NONE',  ( -2.661896170629185043, 1.976326718222530143, -7.000000000000000000 ) ) ;
#3157 = ORIENTED_EDGE ( 'NONE', *, *, #2153, .F. ) ;
#3158 = ORIENTED_EDGE ( 'NONE', *, *, #1563, .T. ) ;
#3159 = DIRECTION ( 'NONE',  ( 1.000000000000000000, 0.000000000000000000, 0.000000000000000000 ) ) ;
#3160 = ADVANCED_FACE ( 'NONE', ( #1673 ), #4098, .T. ) ;
#3161 = FACE_OUTER_BOUND ( 'NONE', #317, .T. ) ;
#3162 = AXIS2_PLACEMENT_3D ( 'NONE', #2824, #2497, #4224 ) ;
#3163 = ORIENTED_EDGE ( 'NONE', *, *, #1038, .T. ) ;
#3164 = CARTESIAN_POINT ( 'NONE',  ( 4.023996081424050075, 0.5779782366176559050, -6.904494502484660678 ) ) ;
#3165 = ORIENTED_EDGE ( 'NONE', *, *, #3744, .T. ) ;
#3166 = CARTESIAN_POINT ( 'NONE',  ( 0.7238743505061919770, -3.902939427492984947, -7.000000000000000000 ) ) ;
#3167 = CIRCLE ( 'NONE', #2634, 1.973045005896730153 ) ;
#3168 = CARTESIAN_POINT ( 'NONE',  ( -3.091494944343594842, -0.4563814293964990054, -7.000000000000000000 ) ) ;
#3169 = VERTEX_POINT ( 'NONE', #2031 ) ;
#3170 = ADVANCED_FACE ( 'NONE', ( #356 ), #4493, .T. ) ;
#3171 = DIRECTION ( 'NONE',  ( 0.000000000000000000, 0.000000000000000000, -1.000000000000000000 ) ) ;
#3172 = CARTESIAN_POINT ( 'NONE',  ( 1.840249104221085119, 3.032044226566794620, -7.000000000000000000 ) ) ;
#3173 = AXIS2_PLACEMENT_3D ( 'NONE', #2645, #4050, #937 ) ;
#3174 = VERTEX_POINT ( 'NONE', #1766 ) ;
#3175 = DIRECTION ( 'NONE',  ( 1.000000000000000000, 0.000000000000000000, 0.000000000000000000 ) ) ;
#3176 = EDGE_CURVE ( 'NONE', #3118, #2793, #659, .T. ) ;
#3177 = CIRCLE ( 'NONE', #1224, 0.1963495408493620142 ) ;
#3178 = DIRECTION ( 'NONE',  ( 1.000000000000000000, 0.000000000000000000, 0.000000000000000000 ) ) ;
#3179 = CYLINDRICAL_SURFACE ( 'NONE', #986, 0.1963495408493620142 ) ;
#3180 = FACE_OUTER_BOUND ( 'NONE', #2265, .T. ) ;
#3181 = DIRECTION ( 'NONE',  ( 0.000000000000000000, 0.000000000000000000, 1.000000000000000000 ) ) ;
#3182 = ORIENTED_EDGE ( 'NONE', *, *, #2593, .F. ) ;
#3183 = AXIS2_PLACEMENT_3D ( 'NONE', #3813, #2093, #3159 ) ;
#3184 = VERTEX_POINT ( 'NONE', #2053 ) ;
#3185 = DIRECTION ( 'NONE',  ( -0.8660254037844383745, 0.5000000000000003331, 0.000000000000000000 ) ) ;
#3186 = ORIENTED_EDGE ( 'NONE', *, *, #1025, .F. ) ;
#3187 = CARTESIAN_POINT ( 'NONE',  ( -1.169637804266636216, -3.348396088319579800, -7.000000000000000000 ) ) ;
#3188 = VERTEX_POINT ( 'NONE', #3753 ) ;
#3189 = CARTESIAN_POINT ( 'NONE',  ( 2.823075960151754771, -2.147102950642279851, -7.000000000000000000 ) ) ;
#3190 = ADVANCED_FACE ( 'NONE', ( #1349 ), #2749, .F. ) ;
#3191 = AXIS2_PLACEMENT_3D ( 'NONE', #2040, #4425, #3396 ) ;
#3192 = LINE ( 'NONE', #424, #3794 ) ;
#3193 = EDGE_LOOP ( 'NONE', ( #1389, #1941, #1004, #1450 ) ) ;
#3194 = VECTOR ( 'NONE', #2684, 1000.000000000000227 ) ;
#3195 = CARTESIAN_POINT ( 'NONE',  ( 2.863122998320115187, 1.237243793775579803, -4.000000000000000000 ) ) ;
#3196 = FACE_OUTER_BOUND ( 'NONE', #79, .T. ) ;
#3197 = ORIENTED_EDGE ( 'NONE', *, *, #3824, .T. ) ;
#3198 = DIRECTION ( 'NONE',  ( 1.000000000000000000, 0.000000000000000000, 0.000000000000000000 ) ) ;
#3199 = EDGE_CURVE ( 'NONE', #959, #4178, #3558, .T. ) ;
#3200 = EDGE_CURVE ( 'NONE', #277, #4445, #4287, .T. ) ;
#3201 = DIRECTION ( 'NONE',  ( 1.000000000000000000, 0.000000000000000000, 0.000000000000000000 ) ) ;
#3202 = DIRECTION ( 'NONE',  ( 0.000000000000000000, 0.000000000000000000, 1.000000000000000000 ) ) ;
#3203 = VERTEX_POINT ( 'NONE', #4196 ) ;
#3204 = DIRECTION ( 'NONE',  ( -0.2079116908177534306, 0.9781476007338067991, 0.000000000000000000 ) ) ;
#3205 = ORIENTED_EDGE ( 'NONE', *, *, #1819, .T. ) ;
#3206 = CARTESIAN_POINT ( 'NONE',  ( -0.5212799434827579681, -3.081216029512150012, -7.000000000000000000 ) ) ;
#3207 = ORIENTED_EDGE ( 'NONE', *, *, #2821, .F. ) ;
#3208 = LINE ( 'NONE', #1485, #998 ) ;
#3209 = CARTESIAN_POINT ( 'NONE',  ( 0.9918635406178379910, -3.163505213708935226, -7.000000000000000000 ) ) ;
#3210 = ORIENTED_EDGE ( 'NONE', *, *, #2395, .F. ) ;
#3211 = LINE ( 'NONE', #4264, #2026 ) ;
#3212 = VERTEX_POINT ( 'NONE', #3144 ) ;
#3213 = DIRECTION ( 'NONE',  ( 1.000000000000000000, 0.000000000000000000, 0.000000000000000000 ) ) ;
#3214 = AXIS2_PLACEMENT_3D ( 'NONE', #987, #3019, #568 ) ;
#3215 = CARTESIAN_POINT ( 'NONE',  ( 0.2807562157274400283, -4.240716442693430288, -4.000000000000000000 ) ) ;
#3216 = CIRCLE ( 'NONE', #3958, 3.000000000000000444 ) ;
#3217 = DIRECTION ( 'NONE',  ( 0.000000000000000000, 0.000000000000000000, 1.000000000000000000 ) ) ;
#3218 = APPLICATION_PROTOCOL_DEFINITION ( 'draft international standard', 'automotive_design', 1998, #1938 ) ;
#3219 = ORIENTED_EDGE ( 'NONE', *, *, #751, .F. ) ;
#3220 = EDGE_CURVE ( 'NONE', #1822, #191, #4355, .T. ) ;
#3221 = DIRECTION ( 'NONE',  ( 0.000000000000000000, 0.000000000000000000, -1.000000000000000000 ) ) ;
#3222 = CARTESIAN_POINT ( 'NONE',  ( -0.1176199352020340094, 3.276288816603964982, -7.000000000000000000 ) ) ;
#3223 = DIRECTION ( 'NONE',  ( 0.000000000000000000, 0.000000000000000000, 1.000000000000000000 ) ) ;
#3224 = ORIENTED_EDGE ( 'NONE', *, *, #1602, .T. ) ;
#3225 = DIRECTION ( 'NONE',  ( 0.000000000000000000, 0.000000000000000000, -1.000000000000000000 ) ) ;
#3226 = CIRCLE ( 'NONE', #836, 1.973045005896730153 ) ;
#3227 = VERTEX_POINT ( 'NONE', #3388 ) ;
#3228 = DIRECTION ( 'NONE',  ( 0.000000000000000000, 0.000000000000000000, 1.000000000000000000 ) ) ;
#3229 = CARTESIAN_POINT ( 'NONE',  ( -3.246046332586539851, -0.4594410361108440255, -4.000000000000000000 ) ) ;
#3230 = ORIENTED_EDGE ( 'NONE', *, *, #2055, .F. ) ;
#3231 = ADVANCED_FACE ( 'NONE', ( #283 ), #1324, .F. ) ;
#3232 = DIRECTION ( 'NONE',  ( -1.000000000000000000, 0.000000000000000000, 0.000000000000000000 ) ) ;
#3233 = LINE ( 'NONE', #134, #1378 ) ;
#3234 = VERTEX_POINT ( 'NONE', #1900 ) ;
#3235 = CARTESIAN_POINT ( 'NONE',  ( 4.188138338522024995, -0.7224937767099589569, -7.000000000000000000 ) ) ;
#3236 = AXIS2_PLACEMENT_3D ( 'NONE', #3780, #1043, #3488 ) ;
#3237 = EDGE_CURVE ( 'NONE', #3811, #2915, #4067, .T. ) ;
#3238 = CARTESIAN_POINT ( 'NONE',  ( -3.009848214285025136, 0.8404990939705160313, -7.000000000000000000 ) ) ;
#3239 = CIRCLE ( 'NONE', #1221, 0.1963495408493620142 ) ;
#3240 = DIRECTION ( 'NONE',  ( 0.000000000000000000, 0.000000000000000000, 1.000000000000000000 ) ) ;
#3241 = ORIENTED_EDGE ( 'NONE', *, *, #3066, .T. ) ;
#3242 = AXIS2_PLACEMENT_3D ( 'NONE', #1866, #422, #4277 ) ;
#3243 = B_SPLINE_CURVE_WITH_KNOTS ( 'NONE', 3,
 ( #593, #1244, #3390, #4010 ),
 .UNSPECIFIED., .F., .F.,
 ( 4, 4 ),
 ( 0.0003501113275967674852, 0.0004297442978832549795 ),
 .UNSPECIFIED. ) ;
#3244 = DIRECTION ( 'NONE',  ( 0.000000000000000000, 0.000000000000000000, -1.000000000000000000 ) ) ;
#3245 = CARTESIAN_POINT ( 'NONE',  ( 3.018107518387709742, -2.578363290432829746, -7.000000000000000000 ) ) ;
#3246 = VERTEX_POINT ( 'NONE', #3649 ) ;
#3247 = CARTESIAN_POINT ( 'NONE',  ( -1.169637804266592251, 3.348396088319595343, -7.000000000000000000 ) ) ;
#3248 = EDGE_LOOP ( 'NONE', ( #4042, #498, #355, #2449 ) ) ;
#3249 = CARTESIAN_POINT ( 'NONE',  ( 3.339329057573285020, 2.628950635756925003, -4.000000000000000000 ) ) ;
#3250 = EDGE_CURVE ( 'NONE', #2243, #1121, #1859, .T. ) ;
#3251 = CARTESIAN_POINT ( 'NONE',  ( -3.152282387150854959, -0.9005657169910581406, -4.000000000000000000 ) ) ;
#3252 = EDGE_CURVE ( 'NONE', #576, #556, #1307, .T. ) ;
#3253 = ORIENTED_EDGE ( 'NONE', *, *, #4352, .T. ) ;
#3254 = VERTEX_POINT ( 'NONE', #1212 ) ;
#3255 = AXIS2_PLACEMENT_3D ( 'NONE', #2871, #3244, #4273 ) ;
#3256 = CIRCLE ( 'NONE', #2661, 1.973045005896729487 ) ;
#3257 = CARTESIAN_POINT ( 'NONE',  ( -2.879716887422864691, -2.732061657117494935, -7.000000000000000000 ) ) ;
#3258 = VECTOR ( 'NONE', #2478, 1000.000000000000000 ) ;
#3259 = VERTEX_POINT ( 'NONE', #2894 ) ;
#3260 = DIRECTION ( 'NONE',  ( 1.000000000000000000, 0.000000000000000000, 0.000000000000000000 ) ) ;
#3261 = CARTESIAN_POINT ( 'NONE',  ( -0.3124592246176750021, -3.300595060488625165, -4.000000000000000000 ) ) ;
#3262 = VERTEX_POINT ( 'NONE', #3245 ) ;
#3263 = PRODUCT ( '7.5OD_motor_gear', '7.5OD_motor_gear', '', ( #4290 ) ) ;
#3264 = AXIS2_PLACEMENT_3D ( 'NONE', #4239, #3481, #2796 ) ;
#3265 = FACE_BOUND ( 'NONE', #1724, .T. ) ;
#3266 = CARTESIAN_POINT ( 'NONE',  ( -1.589081507154979978, 2.683852729261365422, -7.000000000000000000 ) ) ;
#3267 = EDGE_LOOP ( 'NONE', ( #2744, #2617, #3533, #4172 ) ) ;
#3268 = DIRECTION ( 'NONE',  ( 1.000000000000000000, 0.000000000000000000, 0.000000000000000000 ) ) ;
#3269 = ORIENTED_EDGE ( 'NONE', *, *, #782, .T. ) ;
#3270 = CARTESIAN_POINT ( 'NONE',  ( 3.118825397134030286, 0.03425858924962450064, -4.000000000000000000 ) ) ;
#3271 = VECTOR ( 'NONE', #457, 1000.000000000000000 ) ;
#3272 = DIRECTION ( 'NONE',  ( 0.000000000000000000, 0.000000000000000000, 1.000000000000000000 ) ) ;
#3273 = ORIENTED_EDGE ( 'NONE', *, *, #2567, .T. ) ;
#3274 = EDGE_CURVE ( 'NONE', #3994, #4487, #3703, .T. ) ;
#3275 = EDGE_CURVE ( 'NONE', #3861, #2895, #3340, .T. ) ;
#3276 = DIRECTION ( 'NONE',  ( 0.000000000000000000, 0.000000000000000000, -1.000000000000000000 ) ) ;
#3277 = DIRECTION ( 'NONE',  ( 1.000000000000000000, 0.000000000000000000, 0.000000000000000000 ) ) ;
#3278 = DIRECTION ( 'NONE',  ( 0.000000000000000000, 0.000000000000000000, -1.000000000000000000 ) ) ;
#3279 = DIRECTION ( 'NONE',  ( 1.000000000000000000, 7.088641152768034561E-15, 0.000000000000000000 ) ) ;
#3280 = ORIENTED_EDGE ( 'NONE', *, *, #1924, .F. ) ;
#3281 = AXIS2_PLACEMENT_3D ( 'NONE', #3911, #2177, #1549 ) ;
#3282 = CARTESIAN_POINT ( 'NONE',  ( 0.2933980814763980094, -3.534646590994565241, -4.000000000000000000 ) ) ;
#3283 = LINE ( 'NONE', #3909, #2834 ) ;
#3284 = VECTOR ( 'NONE', #2728, 1000.000000000000000 ) ;
#3285 = EDGE_LOOP ( 'NONE', ( #2444, #3844, #2981, #4271 ) ) ;
#3286 = CARTESIAN_POINT ( 'NONE',  ( 0.000000000000000000, 0.000000000000000000, -4.000000000000000000 ) ) ;
#3287 = ORIENTED_EDGE ( 'NONE', *, *, #3073, .F. ) ;
#3288 = CARTESIAN_POINT ( 'NONE',  ( 4.023996081424050075, -0.5779782366176550168, -6.904494502484660678 ) ) ;
#3289 = DIRECTION ( 'NONE',  ( 0.000000000000000000, 0.000000000000000000, -1.000000000000000000 ) ) ;
#3290 = AXIS2_PLACEMENT_3D ( 'NONE', #3261, #1814, #3201 ) ;
#3291 = CIRCLE ( 'NONE', #1915, 1.973045005896730153 ) ;
#3292 = ORIENTED_EDGE ( 'NONE', *, *, #4352, .F. ) ;
#3293 = VERTEX_POINT ( 'NONE', #2571 ) ;
#3294 = ORIENTED_EDGE ( 'NONE', *, *, #2930, .F. ) ;
#3295 = CARTESIAN_POINT ( 'NONE',  ( 3.315174937983395242, -0.03425858924962450064, -7.000000000000000000 ) ) ;
#3296 = PRODUCT_DEFINITION_SHAPE ( 'NONE', 'NONE',  #4027 ) ;
#3297 = CARTESIAN_POINT ( 'NONE',  ( -3.812946277483225010, -1.877216206255099884, -6.719500000000000028 ) ) ;
#3298 = EDGE_CURVE ( 'NONE', #4384, #650, #535, .T. ) ;
#3299 = CIRCLE ( 'NONE', #1142, 1.973045005896730153 ) ;
#3300 = SURFACE_STYLE_FILL_AREA ( #895 ) ;
#3301 = VECTOR ( 'NONE', #3126, 1000.000000000000000 ) ;
#3302 = EDGE_CURVE ( 'NONE', #3874, #1471, #3283, .T. ) ;
#3303 = CARTESIAN_POINT ( 'NONE',  ( -2.543319442294909916, -1.805483792004330068, -7.000000000000000000 ) ) ;
#3304 = EDGE_CURVE ( 'NONE', #2048, #2897, #3629, .T. ) ;
#3305 = CIRCLE ( 'NONE', #845, 1.973045005896730153 ) ;
#3306 = ORIENTED_EDGE ( 'NONE', *, *, #1888, .T. ) ;
#3307 = CARTESIAN_POINT ( 'NONE',  ( 3.042497229473224873, -1.317106346890154045, -7.000000000000000000 ) ) ;
#3308 = DIRECTION ( 'NONE',  ( 0.000000000000000000, 0.000000000000000000, 1.000000000000000000 ) ) ;
#3309 = ORIENTED_EDGE ( 'NONE', *, *, #4003, .F. ) ;
#3310 = VECTOR ( 'NONE', #1444, 1000.000000000000114 ) ;
#3311 = ORIENTED_EDGE ( 'NONE', *, *, #3824, .F. ) ;
#3312 = DIRECTION ( 'NONE',  ( 1.000000000000000000, 0.000000000000000000, 0.000000000000000000 ) ) ;
#3313 = CIRCLE ( 'NONE', #1651, 1.100000000000000089 ) ;
#3314 = CARTESIAN_POINT ( 'NONE',  ( -2.879716887422824723, 2.732061657117534903, -7.000000000000000000 ) ) ;
#3315 = ORIENTED_EDGE ( 'NONE', *, *, #3902, .T. ) ;
#3316 = ORIENTED_EDGE ( 'NONE', *, *, #3341, .T. ) ;
#3317 = ADVANCED_FACE ( 'NONE', ( #1191 ), #3932, .F. ) ;
#3318 = VECTOR ( 'NONE', #3108, 1000.000000000000000 ) ;
#3319 = ORIENTED_EDGE ( 'NONE', *, *, #4350, .T. ) ;
#3320 = CARTESIAN_POINT ( 'NONE',  ( 0.000000000000000000, 0.000000000000000000, -4.000000000000000000 ) ) ;
#3321 = VECTOR ( 'NONE', #3132, 1000.000000000000000 ) ;
#3322 = CARTESIAN_POINT ( 'NONE',  ( 3.018107518387709742, -2.578363290432829746, -7.000000000000000000 ) ) ;
#3323 = VECTOR ( 'NONE', #2757, 1000.000000000000114 ) ;
#3324 = DIRECTION ( 'NONE',  ( 1.000000000000000000, 0.000000000000000000, 0.000000000000000000 ) ) ;
#3325 = ORIENTED_EDGE ( 'NONE', *, *, #189, .T. ) ;
#3326 = ADVANCED_FACE ( 'NONE', ( #204 ), #3708, .T. ) ;
#3327 = EDGE_CURVE ( 'NONE', #2399, #446, #1229, .T. ) ;
#3328 = LINE ( 'NONE', #1588, #3480 ) ;
#3329 = VECTOR ( 'NONE', #3525, 1000.000000000000000 ) ;
#3330 = CARTESIAN_POINT ( 'NONE',  ( 0.8034072016300939367, -3.348396088319579800, -7.000000000000000000 ) ) ;
#3331 = ORIENTED_EDGE ( 'NONE', *, *, #4388, .T. ) ;
#3332 = ORIENTED_EDGE ( 'NONE', *, *, #783, .T. ) ;
#3333 = DIRECTION ( 'NONE',  ( 1.000000000000000000, 0.000000000000000000, 0.000000000000000000 ) ) ;
#3334 = LINE ( 'NONE', #2670, #3827 ) ;
#3335 = VECTOR ( 'NONE', #996, 1000.000000000000000 ) ;
#3336 = ORIENTED_EDGE ( 'NONE', *, *, #2189, .F. ) ;
#3337 = ORIENTED_EDGE ( 'NONE', *, *, #3664, .T. ) ;
#3338 = VERTEX_POINT ( 'NONE', #2873 ) ;
#3339 = CARTESIAN_POINT ( 'NONE',  ( -3.235607650385375234, 0.7227735835918559504, -7.000000000000000000 ) ) ;
#3340 = CIRCLE ( 'NONE', #735, 0.1963495408493620142 ) ;
#3341 = EDGE_CURVE ( 'NONE', #1462, #3660, #2936, .T. ) ;
#3342 = DIRECTION ( 'NONE',  ( 0.000000000000000000, 0.000000000000000000, -1.000000000000000000 ) ) ;
#3343 = CARTESIAN_POINT ( 'NONE',  ( 0.000000000000000000, 0.000000000000000000, -7.000000000000000000 ) ) ;
#3344 = DIRECTION ( 'NONE',  ( 0.000000000000000000, 0.000000000000000000, 1.000000000000000000 ) ) ;
#3345 = CYLINDRICAL_SURFACE ( 'NONE', #3583, 1.973045005896730153 ) ;
#3346 = EDGE_CURVE ( 'NONE', #4165, #3407, #1685, .T. ) ;
#3347 = DIRECTION ( 'NONE',  ( -0.5000000000000001110, -0.8660254037844384856, 0.000000000000000000 ) ) ;
#3348 = ORIENTED_EDGE ( 'NONE', *, *, #3066, .F. ) ;
#3349 = CYLINDRICAL_SURFACE ( 'NONE', #3400, 1.973045005896730153 ) ;
#3350 = CARTESIAN_POINT ( 'NONE',  ( 3.532190061753490262, 2.363500236435895019, -7.000000000000000000 ) ) ;
#3351 = ORIENTED_EDGE ( 'NONE', *, *, #2950, .T. ) ;
#3352 = ADVANCED_FACE ( 'NONE', ( #2260 ), #816, .T. ) ;
#3353 = ORIENTED_EDGE ( 'NONE', *, *, #4029, .T. ) ;
#3354 = CARTESIAN_POINT ( 'NONE',  ( -3.957224190395169927, -0.3119406304913054928, -7.000000000000000000 ) ) ;
#3355 = DIRECTION ( 'NONE',  ( 1.000000000000000000, 0.000000000000000000, 0.000000000000000000 ) ) ;
#3356 = ORIENTED_EDGE ( 'NONE', *, *, #4115, .T. ) ;
#3357 = ORIENTED_EDGE ( 'NONE', *, *, #2568, .F. ) ;
#3358 = ORIENTED_EDGE ( 'NONE', *, *, #2246, .F. ) ;
#3359 = DIRECTION ( 'NONE',  ( 1.000000000000000000, 0.000000000000000000, 0.000000000000000000 ) ) ;
#3360 = AXIS2_PLACEMENT_3D ( 'NONE', #3062, #1347, #2931 ) ;
#3361 = AXIS2_PLACEMENT_3D ( 'NONE', #940, #4413, #129 ) ;
#3362 = DIRECTION ( 'NONE',  ( 0.000000000000000000, 0.000000000000000000, -1.000000000000000000 ) ) ;
#3363 = CARTESIAN_POINT ( 'NONE',  ( -3.000000000000000444, 3.673940397442060361E-16, -7.000000000000000000 ) ) ;
#3364 = DIRECTION ( 'NONE',  ( 0.000000000000000000, 0.000000000000000000, 1.000000000000000000 ) ) ;
#3365 = PRESENTATION_STYLE_ASSIGNMENT (( #919 ) ) ;
#3366 = AXIS2_PLACEMENT_3D ( 'NONE', #1697, #2432, #28 ) ;
#3367 = DIRECTION ( 'NONE',  ( 0.9781476007338041345, -0.2079116908177665313, 0.000000000000000000 ) ) ;
#3368 = LINE ( 'NONE', #3303, #4250 ) ;
#3369 = ORIENTED_EDGE ( 'NONE', *, *, #176, .F. ) ;
#3370 = DIRECTION ( 'NONE',  ( 0.000000000000000000, 0.000000000000000000, -1.000000000000000000 ) ) ;
#3371 = EDGE_CURVE ( 'NONE', #4069, #416, #797, .T. ) ;
#3372 = CARTESIAN_POINT ( 'NONE',  ( -3.000000000000000444, 0.000000000000000000, 6.000000000000000000 ) ) ;
#3373 = AXIS2_PLACEMENT_3D ( 'NONE', #927, #2297, #3691 ) ;
#3374 = DIRECTION ( 'NONE',  ( 0.000000000000000000, 0.000000000000000000, 1.000000000000000000 ) ) ;
#3375 = ORIENTED_EDGE ( 'NONE', *, *, #947, .T. ) ;
#3376 = ORIENTED_EDGE ( 'NONE', *, *, #2234, .F. ) ;
#3377 = DIRECTION ( 'NONE',  ( 0.000000000000000000, 0.000000000000000000, 1.000000000000000000 ) ) ;
#3378 = DIRECTION ( 'NONE',  ( 1.000000000000000000, 0.000000000000000000, 0.000000000000000000 ) ) ;
#3379 = AXIS2_PLACEMENT_3D ( 'NONE', #3206, #104, #1148 ) ;
#3380 = VERTEX_POINT ( 'NONE', #3266 ) ;
#3381 = ORIENTED_EDGE ( 'NONE', *, *, #2788, .T. ) ;
#3382 = ORIENTED_EDGE ( 'NONE', *, *, #3439, .T. ) ;
#3383 = CARTESIAN_POINT ( 'NONE',  ( -3.249853172817224856, -0.6557536698337228520, -4.000000000000000000 ) ) ;
#3384 = AXIS2_PLACEMENT_3D ( 'NONE', #188, #2666, #4020 ) ;
#3385 = EDGE_CURVE ( 'NONE', #3259, #3630, #3586, .T. ) ;
#3386 = EDGE_CURVE ( 'NONE', #3792, #1337, #2914, .T. ) ;
#3387 = CARTESIAN_POINT ( 'NONE',  ( 1.225135557480210080, -3.040879103936689809, -7.000000000000000000 ) ) ;
#3388 = CARTESIAN_POINT ( 'NONE',  ( -3.057794340530209709, -0.6149303048044398867, -4.000000000000000000 ) ) ;
#3389 = DIRECTION ( 'NONE',  ( 0.4067366430757889395, -0.9135454576426058626, 0.000000000000000000 ) ) ;
#3390 = CARTESIAN_POINT ( 'NONE',  ( 2.266129127465049908, -3.575367395943060078, -6.736479544723639634 ) ) ;
#3391 = ORIENTED_EDGE ( 'NONE', *, *, #897, .T. ) ;
#3392 = DIRECTION ( 'NONE',  ( 0.000000000000000000, 0.000000000000000000, 1.000000000000000000 ) ) ;
#3393 = CARTESIAN_POINT ( 'NONE',  ( -2.465546629779850285, -1.976326718222495504, -7.000000000000000000 ) ) ;
#3394 = EDGE_CURVE ( 'NONE', #1790, #2665, #578, .T. ) ;
#3395 = CARTESIAN_POINT ( 'NONE',  ( -3.884291789429374919, 1.486153495696040050, -6.811067206601879143 ) ) ;
#3396 = DIRECTION ( 'NONE',  ( 1.000000000000000000, -2.208718528794109349E-15, 0.000000000000000000 ) ) ;
#3397 = CARTESIAN_POINT ( 'NONE',  ( -2.963603903834345132, 3.046235693632469932, -7.000000000000000000 ) ) ;
#3398 = ORIENTED_EDGE ( 'NONE', *, *, #2741, .F. ) ;
#3399 = CIRCLE ( 'NONE', #2822, 1.973045005896730153 ) ;
#3400 = AXIS2_PLACEMENT_3D ( 'NONE', #222, #203, #1963 ) ;
#3401 = VERTEX_POINT ( 'NONE', #2319 ) ;
#3402 = DIRECTION ( 'NONE',  ( 0.000000000000000000, 0.000000000000000000, 1.000000000000000000 ) ) ;
#3403 = AXIS2_PLACEMENT_3D ( 'NONE', #2430, #3730, #1401 ) ;
#3404 = CIRCLE ( 'NONE', #3264, 1.973045005896730819 ) ;
#3405 = ADVANCED_FACE ( 'NONE', ( #2610 ), #447, .T. ) ;
#3406 = DIRECTION ( 'NONE',  ( -1.000000000000000000, 0.000000000000000000, 0.000000000000000000 ) ) ;
#3407 = VERTEX_POINT ( 'NONE', #1634 ) ;
#3408 = VERTEX_POINT ( 'NONE', #598 ) ;
#3409 = CARTESIAN_POINT ( 'NONE',  ( -2.407771384363955214, 1.992049688295469689, -7.000000000000000000 ) ) ;
#3410 = CARTESIAN_POINT ( 'NONE',  ( -0.5212799434827579681, -3.081216029512150012, -7.000000000000000000 ) ) ;
#3411 = DIRECTION ( 'NONE',  ( 1.000000000000000000, 0.000000000000000000, 0.000000000000000000 ) ) ;
#3412 = DIRECTION ( 'NONE',  ( 1.000000000000000000, 0.000000000000000000, 0.000000000000000000 ) ) ;
#3413 = EDGE_CURVE ( 'NONE', #2397, #1891, #3003, .T. ) ;
#3414 = CARTESIAN_POINT ( 'NONE',  ( -2.314977172283870122, 2.687134095881360096, -7.000000000000000000 ) ) ;
#3415 = DIRECTION ( 'NONE',  ( 1.000000000000000000, 0.000000000000000000, 0.000000000000000000 ) ) ;
#3416 = VERTEX_POINT ( 'NONE', #3026 ) ;
#3417 = CARTESIAN_POINT ( 'NONE',  ( 2.914394700463180055, 2.021413487477434767, -4.000000000000000000 ) ) ;
#3418 = CYLINDRICAL_SURFACE ( 'NONE', #2920, 1.973045005896730153 ) ;
#3419 = CARTESIAN_POINT ( 'NONE',  ( -4.056230537291394711, -0.2712878068077590465, -6.904494509764630195 ) ) ;
#3420 = CARTESIAN_POINT ( 'NONE',  ( -0.3260060259625184864, 3.101740145280449834, -4.000000000000000000 ) ) ;
#3421 = CYLINDRICAL_SURFACE ( 'NONE', #2312, 1.973045005896730153 ) ;
#3422 = VERTEX_POINT ( 'NONE', #3671 ) ;
#3423 = EDGE_LOOP ( 'NONE', ( #2047, #1897, #3917, #562, #3445 ) ) ;
#3424 = CARTESIAN_POINT ( 'NONE',  ( 0.000000000000000000, 0.000000000000000000, -7.000000000000000000 ) ) ;
#3425 = EDGE_CURVE ( 'NONE', #3956, #3054, #3530, .T. ) ;
#3426 = EDGE_LOOP ( 'NONE', ( #4012, #4410, #2228, #1167 ) ) ;
#3427 = ORIENTED_EDGE ( 'NONE', *, *, #2869, .T. ) ;
#3428 = DIRECTION ( 'NONE',  ( 0.000000000000000000, 0.000000000000000000, 1.000000000000000000 ) ) ;
#3429 = ADVANCED_FACE ( 'NONE', ( #271 ), #3765, .F. ) ;
#3430 = CARTESIAN_POINT ( 'NONE',  ( 2.243744109767524808, -2.440731630117105144, -7.000000000000000000 ) ) ;
#3431 = CARTESIAN_POINT ( 'NONE',  ( 0.9637700502026019800, -2.966179217131144963, -4.000000000000000000 ) ) ;
#3432 = DIRECTION ( 'NONE',  ( 1.000000000000000000, 0.000000000000000000, 0.000000000000000000 ) ) ;
#3433 = CARTESIAN_POINT ( 'NONE',  ( -3.488226499123915136, 1.894520029139234785, -7.000000000000000000 ) ) ;
#3434 = PLANE ( 'NONE',  #2074 ) ;
#3435 = CIRCLE ( 'NONE', #3657, 0.1963495408493620142 ) ;
#3436 = CIRCLE ( 'NONE', #2490, 0.1963495408493620142 ) ;
#3437 = VERTEX_POINT ( 'NONE', #4357 ) ;
#3438 = DIRECTION ( 'NONE',  ( 1.000000000000000000, 0.000000000000000000, 0.000000000000000000 ) ) ;
#3439 = EDGE_CURVE ( 'NONE', #2509, #4006, #4107, .T. ) ;
#3440 = EDGE_CURVE ( 'NONE', #2421, #957, #1987, .T. ) ;
#3441 = CARTESIAN_POINT ( 'NONE',  ( -2.512541835740374818, 3.195893693358194732, -6.904494542799169743 ) ) ;
#3442 = CARTESIAN_POINT ( 'NONE',  ( -2.879716887422864691, -2.732061657117494935, -7.000000000000000000 ) ) ;
#3443 = CARTESIAN_POINT ( 'NONE',  ( -2.513460179390349936, -2.104856476242539909, -7.000000000000000000 ) ) ;
#3444 = DIRECTION ( 'NONE',  ( 0.000000000000000000, 0.000000000000000000, 1.000000000000000000 ) ) ;
#3445 = ORIENTED_EDGE ( 'NONE', *, *, #595, .F. ) ;
#3446 = ORIENTED_EDGE ( 'NONE', *, *, #189, .F. ) ;
#3447 = LINE ( 'NONE', #1663, #1583 ) ;
#3448 = AXIS2_PLACEMENT_3D ( 'NONE', #2150, #1185, #2910 ) ;
#3449 = CARTESIAN_POINT ( 'NONE',  ( -1.468371204553403864, 3.988281084081010341, -6.719500000000000028 ) ) ;
#3450 = ORIENTED_EDGE ( 'NONE', *, *, #1025, .T. ) ;
#3451 = CARTESIAN_POINT ( 'NONE',  ( -2.503046055244360080, -1.860915353816845030, -4.000000000000000000 ) ) ;
#3452 = EDGE_LOOP ( 'NONE', ( #3085, #3574, #1937, #1308 ) ) ;
#3453 = CARTESIAN_POINT ( 'NONE',  ( 1.057027249707708005, -3.142332241146045035, -4.000000000000000000 ) ) ;
#3454 = CIRCLE ( 'NONE', #486, 0.1963495408493620142 ) ;
#3455 = CARTESIAN_POINT ( 'NONE',  ( 2.232817674378795303, 2.186355468120789958, -7.000000000000000000 ) ) ;
#3456 = EDGE_CURVE ( 'NONE', #1619, #959, #246, .T. ) ;
#3457 = ORIENTED_EDGE ( 'NONE', *, *, #2568, .T. ) ;
#3458 = DIRECTION ( 'NONE',  ( 0.000000000000000000, 0.000000000000000000, -1.000000000000000000 ) ) ;
#3459 = CIRCLE ( 'NONE', #854, 0.1963495408493620142 ) ;
#3460 = CIRCLE ( 'NONE', #429, 0.1963495408493620142 ) ;
#3461 = CARTESIAN_POINT ( 'NONE',  ( 3.018107518387744825, 2.578363290432789778, -7.000000000000000000 ) ) ;
#3462 = ORIENTED_EDGE ( 'NONE', *, *, #4292, .T. ) ;
#3463 = DIRECTION ( 'NONE',  ( 1.000000000000000000, 0.000000000000000000, 0.000000000000000000 ) ) ;
#3464 = CARTESIAN_POINT ( 'NONE',  ( 0.1541898847758965130, -4.062367386727444796, -6.904494502485370333 ) ) ;
#3465 = DIRECTION ( 'NONE',  ( 0.000000000000000000, 0.000000000000000000, -1.000000000000000000 ) ) ;
#3466 = DIRECTION ( 'NONE',  ( 0.000000000000000000, 0.000000000000000000, 1.000000000000000000 ) ) ;
#3467 = DIRECTION ( 'NONE',  ( 1.000000000000000000, 0.000000000000000000, 0.000000000000000000 ) ) ;
#3468 = VERTEX_POINT ( 'NONE', #1660 ) ;
#3469 = ORIENTED_EDGE ( 'NONE', *, *, #3008, .T. ) ;
#3470 = ADVANCED_FACE ( 'NONE', ( #1312 ), #3421, .T. ) ;
#3471 = EDGE_CURVE ( 'NONE', #374, #4345, #4452, .T. ) ;
#3472 = DIRECTION ( 'NONE',  ( 1.000000000000000000, 0.000000000000000000, 0.000000000000000000 ) ) ;
#3473 = CARTESIAN_POINT ( 'NONE',  ( -3.039258109536015162, 0.7227735835918559504, -4.000000000000000000 ) ) ;
#3474 = AXIS2_PLACEMENT_3D ( 'NONE', #1853, #1520, #2187 ) ;
#3475 = VECTOR ( 'NONE', #3204, 1000.000000000000227 ) ;
#3476 = ORIENTED_EDGE ( 'NONE', *, *, #2379, .F. ) ;
#3477 = CARTESIAN_POINT ( 'NONE',  ( 3.118825397134049826, 0.03425858924962450064, -4.000000000000000000 ) ) ;
#3478 = EDGE_LOOP ( 'NONE', ( #2481, #3838, #4435, #775 ) ) ;
#3479 = CARTESIAN_POINT ( 'NONE',  ( -0.3806010588440339459, -3.293433065112659541, -7.000000000000000000 ) ) ;
#3480 = VECTOR ( 'NONE', #2978, 1000.000000000000000 ) ;
#3481 = DIRECTION ( 'NONE',  ( 0.000000000000000000, 0.000000000000000000, -1.000000000000000000 ) ) ;
#3482 = ORIENTED_EDGE ( 'NONE', *, *, #123, .T. ) ;
#3483 = DIRECTION ( 'NONE',  ( 1.000000000000000000, 0.000000000000000000, 0.000000000000000000 ) ) ;
#3484 = EDGE_CURVE ( 'NONE', #464, #3994, #4084, .T. ) ;
#3485 = DIRECTION ( 'NONE',  ( 0.000000000000000000, 0.000000000000000000, 1.000000000000000000 ) ) ;
#3486 = CARTESIAN_POINT ( 'NONE',  ( -2.407771384363955214, 1.992049688295469689, -7.000000000000000000 ) ) ;
#3487 = ORIENTED_EDGE ( 'NONE', *, *, #4, .T. ) ;
#3488 = DIRECTION ( 'NONE',  ( 1.000000000000000000, 0.000000000000000000, 0.000000000000000000 ) ) ;
#3489 = EDGE_CURVE ( 'NONE', #2643, #749, #3739, .T. ) ;
#3490 = DIRECTION ( 'NONE',  ( -0.8090169943749426773, 0.5877852522924797984, 0.000000000000000000 ) ) ;
#3491 = CARTESIAN_POINT ( 'NONE',  ( -2.512541835740419671, -3.195893693358160093, -6.904494542799169743 ) ) ;
#3492 = DIRECTION ( 'NONE',  ( 0.000000000000000000, 0.000000000000000000, -1.000000000000000000 ) ) ;
#3493 = DIRECTION ( 'NONE',  ( 1.000000000000000000, 3.516845223078714687E-15, 0.000000000000000000 ) ) ;
#3494 = ORIENTED_EDGE ( 'NONE', *, *, #2924, .T. ) ;
#3495 = ORIENTED_EDGE ( 'NONE', *, *, #2908, .F. ) ;
#3496 = CARTESIAN_POINT ( 'NONE',  ( 2.835254551144270163, 1.299837350964041960, -4.000000000000000000 ) ) ;
#3497 = EDGE_CURVE ( 'NONE', #1907, #2198, #2539, .T. ) ;
#3498 = CYLINDRICAL_SURFACE ( 'NONE', #2363, 0.1963495408493620142 ) ;
#3499 = EDGE_CURVE ( 'NONE', #4261, #2336, #2620, .T. ) ;
#3500 = ORIENTED_EDGE ( 'NONE', *, *, #4478, .F. ) ;
#3501 = CARTESIAN_POINT ( 'NONE',  ( -4.246832370089705044, -0.1640573691068959727, -4.000000000000000000 ) ) ;
#3502 = ORIENTED_EDGE ( 'NONE', *, *, #1477, .T. ) ;
#3503 = DIRECTION ( 'NONE',  ( 0.000000000000000000, 0.000000000000000000, 1.000000000000000000 ) ) ;
#3504 = EDGE_CURVE ( 'NONE', #2278, #392, #2696, .T. ) ;
#3505 = CARTESIAN_POINT ( 'NONE',  ( -3.152282387150849630, 0.9005657169910941118, -7.000000000000000000 ) ) ;
#3506 = VERTEX_POINT ( 'NONE', #223 ) ;
#3507 = PLANE ( 'NONE',  #3799 ) ;
#3508 = FACE_OUTER_BOUND ( 'NONE', #84, .T. ) ;
#3509 = ORIENTED_EDGE ( 'NONE', *, *, #2008, .T. ) ;
#3510 = DIRECTION ( 'NONE',  ( 1.000000000000000000, 0.000000000000000000, 0.000000000000000000 ) ) ;
#3511 = APPLICATION_CONTEXT ( 'automotive_design' ) ;
#3512 = VECTOR ( 'NONE', #2909, 1000.000000000000114 ) ;
#3513 = CIRCLE ( 'NONE', #1848, 1.973045005896730153 ) ;
#3514 = DIRECTION ( 'NONE',  ( -0.6691306063588672304, -0.7431448254773861395, 0.000000000000000000 ) ) ;
#3515 = DIRECTION ( 'NONE',  ( 0.3090169943749576653, 0.9510565162951503115, 0.000000000000000000 ) ) ;
#3516 = EDGE_CURVE ( 'NONE', #1686, #1465, #4377, .T. ) ;
#3517 = CARTESIAN_POINT ( 'NONE',  ( 0.000000000000000000, 0.000000000000000000, -7.000000000000000000 ) ) ;
#3518 = VERTEX_POINT ( 'NONE', #389 ) ;
#3519 = VERTEX_POINT ( 'NONE', #4209 ) ;
#3520 = DIRECTION ( 'NONE',  ( 0.000000000000000000, 0.000000000000000000, 1.000000000000000000 ) ) ;
#3521 = VERTEX_POINT ( 'NONE', #697 ) ;
#3522 = FACE_OUTER_BOUND ( 'NONE', #1372, .T. ) ;
#3523 = ORIENTED_EDGE ( 'NONE', *, *, #215, .F. ) ;
#3524 = DIRECTION ( 'NONE',  ( 0.000000000000000000, 0.000000000000000000, 1.000000000000000000 ) ) ;
#3525 = DIRECTION ( 'NONE',  ( 0.000000000000000000, 0.000000000000000000, 1.000000000000000000 ) ) ;
#3526 = ORIENTED_EDGE ( 'NONE', *, *, #2608, .F. ) ;
#3527 = EDGE_CURVE ( 'NONE', #3660, #1667, #4168, .T. ) ;
#3528 = EDGE_CURVE ( 'NONE', #1256, #3106, #820, .T. ) ;
#3529 = CARTESIAN_POINT ( 'NONE',  ( 0.000000000000000000, 0.000000000000000000, 20.99999999999999645 ) ) ;
#3530 = B_SPLINE_CURVE_WITH_KNOTS ( 'NONE', 3,
 ( #2708, #952, #2367, #2662 ),
 .UNSPECIFIED., .F., .F.,
 ( 4, 4 ),
 ( 2.997650910043585375E-07, 0.0004297442978772129918 ),
 .UNSPECIFIED. ) ;
#3531 = CARTESIAN_POINT ( 'NONE',  ( -2.661896170629215241, -1.976326718222495504, -7.000000000000000000 ) ) ;
#3532 = AXIS2_PLACEMENT_3D ( 'NONE', #1009, #588, #1348 ) ;
#3533 = ORIENTED_EDGE ( 'NONE', *, *, #254, .F. ) ;
#3534 = CARTESIAN_POINT ( 'NONE',  ( 2.112360622440739633, 2.294815484850015075, -4.000000000000000000 ) ) ;
#3535 = CIRCLE ( 'NONE', #135, 1.973045005896731263 ) ;
#3536 = CARTESIAN_POINT ( 'NONE',  ( 1.940985383844630041, -2.449122442774455344, -7.000000000000000000 ) ) ;
#3537 = DIRECTION ( 'NONE',  ( 0.000000000000000000, 0.000000000000000000, 1.000000000000000000 ) ) ;
#3538 = ORIENTED_EDGE ( 'NONE', *, *, #4324, .T. ) ;
#3539 = AXIS2_PLACEMENT_3D ( 'NONE', #3839, #3056, #38 ) ;
#3540 = EDGE_CURVE ( 'NONE', #2321, #3212, #653, .T. ) ;
#3541 = DIRECTION ( 'NONE',  ( 0.000000000000000000, 0.000000000000000000, 1.000000000000000000 ) ) ;
#3542 = ORIENTED_EDGE ( 'NONE', *, *, #4336, .T. ) ;
#3543 = CARTESIAN_POINT ( 'NONE',  ( -2.430432687826100224, -2.583177482750639964, -7.000000000000000000 ) ) ;
#3544 = VERTEX_POINT ( 'NONE', #413 ) ;
#3545 = DIRECTION ( 'NONE',  ( 0.6691306063588677855, 0.7431448254773856954, 0.000000000000000000 ) ) ;
#3546 = EDGE_CURVE ( 'NONE', #2811, #3811, #766, .T. ) ;
#3547 = AXIS2_PLACEMENT_3D ( 'NONE', #361, #1750, #30 ) ;
#3548 = PLANE ( 'NONE',  #4387 ) ;
#3549 = VERTEX_POINT ( 'NONE', #1361 ) ;
#3550 = VERTEX_POINT ( 'NONE', #2784 ) ;
#3551 = DIRECTION ( 'NONE',  ( 1.000000000000000000, 0.000000000000000000, 0.000000000000000000 ) ) ;
#3552 = AXIS2_PLACEMENT_3D ( 'NONE', #1695, #3039, #2102 ) ;
#3553 = EDGE_CURVE ( 'NONE', #2477, #2350, #1772, .T. ) ;
#3554 = CYLINDRICAL_SURFACE ( 'NONE', #4466, 0.1963495408493620142 ) ;
#3555 = EDGE_CURVE ( 'NONE', #257, #3027, #465, .T. ) ;
#3556 = EDGE_LOOP ( 'NONE', ( #4086, #1275 ) ) ;
#3557 = CARTESIAN_POINT ( 'NONE',  ( -1.529743889979000127, 2.718111318510990415, -7.000000000000000000 ) ) ;
#3558 = CIRCLE ( 'NONE', #1958, 1.973045005896730153 ) ;
#3559 = CARTESIAN_POINT ( 'NONE',  ( 3.014628782297414933, -1.379699904078629968, -4.000000000000000000 ) ) ;
#3560 = LINE ( 'NONE', #142, #1946 ) ;
#3561 = VERTEX_POINT ( 'NONE', #2810 ) ;
#3562 = ADVANCED_BREP_SHAPE_REPRESENTATION ( '7.5OD_motor_gear', ( #67, #2746 ), #3116 ) ;
#3563 = DIRECTION ( 'NONE',  ( 0.000000000000000000, 0.000000000000000000, 1.000000000000000000 ) ) ;
#3564 = DIRECTION ( 'NONE',  ( 1.000000000000000000, 0.000000000000000000, 0.000000000000000000 ) ) ;
#3565 = ORIENTED_EDGE ( 'NONE', *, *, #1454, .T. ) ;
#3566 = CARTESIAN_POINT ( 'NONE',  ( 0.7238743505062430472, 3.902939427492974733, -7.000000000000000000 ) ) ;
#3567 = ADVANCED_FACE ( 'NONE', ( #3860 ), #1410, .F. ) ;
#3568 = CARTESIAN_POINT ( 'NONE',  ( 0.6937932136165090302, -4.005652767112034773, -6.904494525884830480 ) ) ;
#3569 = ORIENTED_EDGE ( 'NONE', *, *, #2437, .F. ) ;
#3570 = DIRECTION ( 'NONE',  ( 0.000000000000000000, 0.000000000000000000, 1.000000000000000000 ) ) ;
#3571 = CARTESIAN_POINT ( 'NONE',  ( 0.000000000000000000, 0.000000000000000000, -6.719500000000000028 ) ) ;
#3572 = ORIENTED_EDGE ( 'NONE', *, *, #2418, .F. ) ;
#3573 = ADVANCED_FACE ( 'NONE', ( #1732 ), #747, .F. ) ;
#3574 = ORIENTED_EDGE ( 'NONE', *, *, #1104, .T. ) ;
#3575 = CARTESIAN_POINT ( 'NONE',  ( -2.963603903834385100, -3.046235693632429520, -6.719500000002040174 ) ) ;
#3576 = ORIENTED_EDGE ( 'NONE', *, *, #1511, .F. ) ;
#3577 = DIRECTION ( 'NONE',  ( 0.000000000000000000, 0.000000000000000000, 1.000000000000000000 ) ) ;
#3578 = CARTESIAN_POINT ( 'NONE',  ( 0.000000000000000000, 0.000000000000000000, -4.000000000000000000 ) ) ;
#3579 = CARTESIAN_POINT ( 'NONE',  ( 0.6070735070739039507, 4.206419113330439608, -6.719500000002040174 ) ) ;
#3580 = ORIENTED_EDGE ( 'NONE', *, *, #3087, .F. ) ;
#3581 = ADVANCED_FACE ( 'NONE', ( #2442 ), #2131, .F. ) ;
#3582 = VECTOR ( 'NONE', #992, 999.9999999999998863 ) ;
#3583 = AXIS2_PLACEMENT_3D ( 'NONE', #3414, #3067, #240 ) ;
#3584 = ADVANCED_FACE ( 'NONE', ( #4134 ), #1026, .F. ) ;
#3585 = CARTESIAN_POINT ( 'NONE',  ( -3.050671579314314652, -0.6484402616834870070, -4.000000000000000000 ) ) ;
#3586 = LINE ( 'NONE', #167, #26 ) ;
#3587 = VERTEX_POINT ( 'NONE', #1387 ) ;
#3588 = FACE_OUTER_BOUND ( 'NONE', #3267, .T. ) ;
#3589 = ORIENTED_EDGE ( 'NONE', *, *, #606, .F. ) ;
#3590 = CARTESIAN_POINT ( 'NONE',  ( 3.805893243480615418, 1.127877151656433874, -7.000000000000000000 ) ) ;
#3591 = DIRECTION ( 'NONE',  ( 0.000000000000000000, 0.000000000000000000, 1.000000000000000000 ) ) ;
#3592 = VERTEX_POINT ( 'NONE', #2759 ) ;
#3593 = EDGE_LOOP ( 'NONE', ( #2148, #884, #1708, #3572 ) ) ;
#3594 = EDGE_CURVE ( 'NONE', #159, #1239, #1046, .T. ) ;
#3595 = VECTOR ( 'NONE', #2782, 1000.000000000000000 ) ;
#3596 = CARTESIAN_POINT ( 'NONE',  ( 1.840249104221085119, 3.032044226566794620, -4.000000000000000000 ) ) ;
#3597 = ORIENTED_EDGE ( 'NONE', *, *, #177, .F. ) ;
#3598 = CYLINDRICAL_SURFACE ( 'NONE', #3474, 1.973045005896729709 ) ;
#3599 = DIRECTION ( 'NONE',  ( 0.000000000000000000, 0.000000000000000000, 1.000000000000000000 ) ) ;
#3600 = AXIS2_PLACEMENT_3D ( 'NONE', #3320, #1299, #213 ) ;
#3601 = CARTESIAN_POINT ( 'NONE',  ( -1.100000000000000089, 0.000000000000000000, 21.00099999999999767 ) ) ;
#3602 = VERTEX_POINT ( 'NONE', #367 ) ;
#3603 = AXIS2_PLACEMENT_3D ( 'NONE', #909, #1617, #1342 ) ;
#3604 = VECTOR ( 'NONE', #3228, 1000.000000000000000 ) ;
#3605 = CARTESIAN_POINT ( 'NONE',  ( -3.545951877715329825, 0.07768036026360160273, -4.000000000000000000 ) ) ;
#3606 = CIRCLE ( 'NONE', #1445, 1.973045005896730597 ) ;
#3607 = CARTESIAN_POINT ( 'NONE',  ( -1.687256277579660013, 2.853896419658324746, -7.000000000000000000 ) ) ;
#3608 = ADVANCED_FACE ( 'NONE', ( #922 ), #2723, .F. ) ;
#3609 = EDGE_LOOP ( 'NONE', ( #1103, #4025, #1739, #4152, #1141 ) ) ;
#3610 = CARTESIAN_POINT ( 'NONE',  ( 0.000000000000000000, 0.000000000000000000, 21.00099999999999767 ) ) ;
#3611 = EDGE_CURVE ( 'NONE', #2753, #1018, #4456, .T. ) ;
#3612 = EDGE_LOOP ( 'NONE', ( #1298, #3893 ) ) ;
#3613 = LINE ( 'NONE', #128, #781 ) ;
#3614 = FACE_OUTER_BOUND ( 'NONE', #2215, .T. ) ;
#3615 = ORIENTED_EDGE ( 'NONE', *, *, #4003, .T. ) ;
#3616 = ORIENTED_EDGE ( 'NONE', *, *, #2348, .F. ) ;
#3617 = CARTESIAN_POINT ( 'NONE',  ( 3.339329057571644999, -2.628950635755705090, -7.000000000000000000 ) ) ;
#3618 = VECTOR ( 'NONE', #1360, 1000.000000000000000 ) ;
#3619 = CARTESIAN_POINT ( 'NONE',  ( 0.000000000000000000, 0.000000000000000000, -7.000000000000000000 ) ) ;
#3620 = CARTESIAN_POINT ( 'NONE',  ( -3.246046332586539851, -0.4594410361108440255, -7.000000000000000000 ) ) ;
#3621 = ADVANCED_FACE ( 'NONE', ( #4124 ), #1303, .T. ) ;
#3622 = AXIS2_PLACEMENT_3D ( 'NONE', #1783, #65, #1512 ) ;
#3623 = CARTESIAN_POINT ( 'NONE',  ( -2.719767133970374839, -3.265787307369320214, -6.719500000000000028 ) ) ;
#3624 = EDGE_LOOP ( 'NONE', ( #481, #2058, #2831, #2193, #4217 ) ) ;
#3625 = AXIS2_PLACEMENT_3D ( 'NONE', #2600, #3591, #1236 ) ;
#3626 = EDGE_CURVE ( 'NONE', #2421, #1921, #3023, .T. ) ;
#3627 = AXIS2_PLACEMENT_3D ( 'NONE', #4229, #1522, #3279 ) ;
#3628 = CARTESIAN_POINT ( 'NONE',  ( 1.225135557480249826, 3.040879103936669825, -7.000000000000000000 ) ) ;
#3629 = LINE ( 'NONE', #145, #3271 ) ;
#3630 = VERTEX_POINT ( 'NONE', #285 ) ;
#3631 = CARTESIAN_POINT ( 'NONE',  ( -3.488226499123944890, -1.894520029139189932, -7.000000000000000000 ) ) ;
#3632 = AXIS2_PLACEMENT_3D ( 'NONE', #2534, #3996, #2175 ) ;
#3633 = EDGE_LOOP ( 'NONE', ( #1532, #2504, #935, #3205, #3637 ) ) ;
#3634 = CARTESIAN_POINT ( 'NONE',  ( -4.246832370087664899, -0.1640573691068170081, -7.000000000000000000 ) ) ;
#3635 = ADVANCED_FACE ( 'NONE', ( #640 ), #4442, .T. ) ;
#3636 = CYLINDRICAL_SURFACE ( 'NONE', #1504, 4.250000000000000000 ) ;
#3637 = ORIENTED_EDGE ( 'NONE', *, *, #2306, .F. ) ;
#3638 = ORIENTED_EDGE ( 'NONE', *, *, #4113, .T. ) ;
#3639 = ORIENTED_EDGE ( 'NONE', *, *, #1718, .F. ) ;
#3640 = CARTESIAN_POINT ( 'NONE',  ( -2.543319442294885047, 1.805483792004364929, -4.000000000000000000 ) ) ;
#3641 = ADVANCED_FACE ( 'NONE', ( #2004 ), #1981, .F. ) ;
#3642 = CARTESIAN_POINT ( 'NONE',  ( 4.119919448517789462, -1.043438420659080101, -7.000000000000000000 ) ) ;
#3643 = DIRECTION ( 'NONE',  ( -0.000000000000000000, -0.000000000000000000, -1.000000000000000000 ) ) ;
#3644 = DIRECTION ( 'NONE',  ( 0.000000000000000000, 0.000000000000000000, 1.000000000000000000 ) ) ;
#3645 = ORIENTED_EDGE ( 'NONE', *, *, #646, .T. ) ;
#3646 = AXIS2_PLACEMENT_3D ( 'NONE', #1074, #1795, #340 ) ;
#3647 = EDGE_CURVE ( 'NONE', #3468, #3169, #2330, .T. ) ;
#3648 = FACE_OUTER_BOUND ( 'NONE', #127, .T. ) ;
#3649 = CARTESIAN_POINT ( 'NONE',  ( -2.963603903835810183, -3.046235693633894570, -4.000000000000000000 ) ) ;
#3650 = ORIENTED_EDGE ( 'NONE', *, *, #977, .F. ) ;
#3651 = CIRCLE ( 'NONE', #4306, 1.973045005896731263 ) ;
#3652 = ORIENTED_EDGE ( 'NONE', *, *, #4044, .F. ) ;
#3653 = CIRCLE ( 'NONE', #896, 1.973045005896730153 ) ;
#3654 = DIRECTION ( 'NONE',  ( 1.000000000000000000, -1.104359264397054674E-15, 0.000000000000000000 ) ) ;
#3655 = DIRECTION ( 'NONE',  ( 0.000000000000000000, 0.000000000000000000, 1.000000000000000000 ) ) ;
#3656 = VECTOR ( 'NONE', #1717, 999.9999999999998863 ) ;
#3657 = AXIS2_PLACEMENT_3D ( 'NONE', #2357, #1721, #964 ) ;
#3658 = VECTOR ( 'NONE', #241, 1000.000000000000000 ) ;
#3659 = ORIENTED_EDGE ( 'NONE', *, *, #503, .F. ) ;
#3660 = VERTEX_POINT ( 'NONE', #4076 ) ;
#3661 = VERTEX_POINT ( 'NONE', #1350 ) ;
#3662 = DIRECTION ( 'NONE',  ( 1.000000000000000000, 0.000000000000000000, 0.000000000000000000 ) ) ;
#3663 = CARTESIAN_POINT ( 'NONE',  ( -1.021880978632927928, 3.396405191220819741, -4.000000000000000000 ) ) ;
#3664 = EDGE_CURVE ( 'NONE', #1808, #1833, #4395, .T. ) ;
#3665 = EDGE_CURVE ( 'NONE', #2127, #277, #2054, .T. ) ;
#3666 = AXIS2_PLACEMENT_3D ( 'NONE', #1045, #511, #1475 ) ;
#3667 = CARTESIAN_POINT ( 'NONE',  ( 0.000000000000000000, 0.000000000000000000, -7.000000000000000000 ) ) ;
#3668 = ORIENTED_EDGE ( 'NONE', *, *, #1924, .T. ) ;
#3669 = EDGE_CURVE ( 'NONE', #3550, #2868, #3291, .T. ) ;
#3670 = DIRECTION ( 'NONE',  ( 0.000000000000000000, 0.000000000000000000, 1.000000000000000000 ) ) ;
#3671 = CARTESIAN_POINT ( 'NONE',  ( -2.543319442294909916, -1.805483792004299870, -4.000000000000000000 ) ) ;
#3672 = VERTEX_POINT ( 'NONE', #329 ) ;
#3673 = VECTOR ( 'NONE', #2160, 1000.000000000000000 ) ;
#3674 = ORIENTED_EDGE ( 'NONE', *, *, #2841, .F. ) ;
#3675 = CARTESIAN_POINT ( 'NONE',  ( 3.935605451321019466, -0.5176291930835129618, -7.000000000000000000 ) ) ;
#3676 = EDGE_CURVE ( 'NONE', #3660, #2535, #3435, .T. ) ;
#3677 = VECTOR ( 'NONE', #772, 1000.000000000000000 ) ;
#3678 = CARTESIAN_POINT ( 'NONE',  ( 0.9311881956577059416, 2.976765703412574737, -4.000000000000000000 ) ) ;
#3679 = ORIENTED_EDGE ( 'NONE', *, *, #3744, .F. ) ;
#3680 = ORIENTED_EDGE ( 'NONE', *, *, #3456, .F. ) ;
#3681 = ORIENTED_EDGE ( 'NONE', *, *, #2141, .F. ) ;
#3682 = CARTESIAN_POINT ( 'NONE',  ( 1.057027249707747973, 3.142332241146029936, -4.000000000000000000 ) ) ;
#3683 = ADVANCED_FACE ( 'NONE', ( #3710 ), #4033, .F. ) ;
#3684 = FACE_OUTER_BOUND ( 'NONE', #469, .T. ) ;
#3685 = CARTESIAN_POINT ( 'NONE',  ( -1.830597722194829968, -2.719708594400555235, -4.000000000000000000 ) ) ;
#3686 = CARTESIAN_POINT ( 'NONE',  ( 2.849188774732189788, 1.268540572369809993, -4.000000000000000000 ) ) ;
#3687 = EDGE_CURVE ( 'NONE', #1076, #3792, #3777, .T. ) ;
#3688 = EDGE_CURVE ( 'NONE', #524, #1027, #3754, .T. ) ;
#3689 = DIRECTION ( 'NONE',  ( 0.000000000000000000, 0.000000000000000000, 1.000000000000000000 ) ) ;
#3690 = ORIENTED_EDGE ( 'NONE', *, *, #3074, .T. ) ;
#3691 = DIRECTION ( 'NONE',  ( 1.000000000000000000, 0.000000000000000000, 0.000000000000000000 ) ) ;
#3692 = CARTESIAN_POINT ( 'NONE',  ( 0.9918635406178789582, 3.163505213708925012, -4.000000000000000000 ) ) ;
#3693 = VERTEX_POINT ( 'NONE', #1959 ) ;
#3694 = EDGE_LOOP ( 'NONE', ( #2307, #4427, #2613, #1102 ) ) ;
#3695 = DIRECTION ( 'NONE',  ( 0.000000000000000000, 0.000000000000000000, -1.000000000000000000 ) ) ;
#3696 = CIRCLE ( 'NONE', #4222, 0.1963495408493620142 ) ;
#3697 = CARTESIAN_POINT ( 'NONE',  ( -2.778539377712864855, -1.740006260178434960, -7.000000000000000000 ) ) ;
#3698 = AXIS2_PLACEMENT_3D ( 'NONE', #1376, #4173, #3119 ) ;
#3699 = EDGE_LOOP ( 'NONE', ( #200, #3219, #3723, #1636, #664 ) ) ;
#3700 = ORIENTED_EDGE ( 'NONE', *, *, #2008, .F. ) ;
#3701 = EDGE_LOOP ( 'NONE', ( #3376, #3725, #3772, #3358 ) ) ;
#3702 = CYLINDRICAL_SURFACE ( 'NONE', #4112, 0.1963495408493620142 ) ;
#3703 = CIRCLE ( 'NONE', #3632, 0.1963495408493620142 ) ;
#3704 = ADVANCED_FACE ( 'NONE', ( #591 ), #3345, .T. ) ;
#3705 = LINE ( 'NONE', #3431, #4481 ) ;
#3706 = PLANE ( 'NONE',  #1013 ) ;
#3707 = AXIS2_PLACEMENT_3D ( 'NONE', #767, #3537, #1165 ) ;
#3708 = CONICAL_SURFACE ( 'NONE', #2761, 4.250000000000000000, 0.7853981633974391752 ) ;
#3709 = CARTESIAN_POINT ( 'NONE',  ( -0.2919351088493815083, -3.105321142968430426, -4.000000000000000000 ) ) ;
#3710 = FACE_OUTER_BOUND ( 'NONE', #817, .T. ) ;
#3711 = DIRECTION ( 'NONE',  ( 0.000000000000000000, 0.000000000000000000, 1.000000000000000000 ) ) ;
#3712 = ORIENTED_EDGE ( 'NONE', *, *, #2758, .F. ) ;
#3713 = CIRCLE ( 'NONE', #2911, 1.973045005896730375 ) ;
#3714 = CARTESIAN_POINT ( 'NONE',  ( -0.3600769430756984857, 3.098159147592464802, -7.000000000000000000 ) ) ;
#3715 = CARTESIAN_POINT ( 'NONE',  ( 3.042497229473224873, -1.317106346890154045, -7.000000000000000000 ) ) ;
#3716 = ORIENTED_EDGE ( 'NONE', *, *, #3926, .T. ) ;
#3717 = ORIENTED_EDGE ( 'NONE', *, *, #1383, .T. ) ;
#3718 = EDGE_CURVE ( 'NONE', #506, #3997, #1628, .T. ) ;
#3719 = EDGE_CURVE ( 'NONE', #3521, #2966, #2921, .T. ) ;
#3720 = DIRECTION ( 'NONE',  ( 0.000000000000000000, 0.000000000000000000, -1.000000000000000000 ) ) ;
#3721 = CARTESIAN_POINT ( 'NONE',  ( -1.100000000000000089, 0.000000000000000000, 20.99999999999999645 ) ) ;
#3722 = AXIS2_PLACEMENT_3D ( 'NONE', #1280, #4414, #2309 ) ;
#3723 = ORIENTED_EDGE ( 'NONE', *, *, #3852, .T. ) ;
#3724 = VERTEX_POINT ( 'NONE', #357 ) ;
#3725 = ORIENTED_EDGE ( 'NONE', *, *, #2028, .F. ) ;
#3726 = CARTESIAN_POINT ( 'NONE',  ( -1.468371204554044018, -3.988281084078600713, -7.000000000000000000 ) ) ;
#3727 = CIRCLE ( 'NONE', #4382, 1.973045005896731263 ) ;
#3728 = CARTESIAN_POINT ( 'NONE',  ( -1.440037872544319919, 2.945198428730934737, -7.000000000000000000 ) ) ;
#3729 = CARTESIAN_POINT ( 'NONE',  ( 3.805893243480600319, -1.127877151656486054, -7.000000000000000000 ) ) ;
#3730 = DIRECTION ( 'NONE',  ( 0.000000000000000000, 0.000000000000000000, -1.000000000000000000 ) ) ;
#3731 = CIRCLE ( 'NONE', #255, 1.973045005896729487 ) ;
#3732 = CARTESIAN_POINT ( 'NONE',  ( -0.1176199352020780020, -3.276288816603964982, -7.000000000000000000 ) ) ;
#3733 = CARTESIAN_POINT ( 'NONE',  ( 0.7962284048838459416, 3.180239485670419697, -4.000000000000000000 ) ) ;
#3734 = ORIENTED_EDGE ( 'NONE', *, *, #1552, .F. ) ;
#3735 = CARTESIAN_POINT ( 'NONE',  ( 0.8034072016301379016, 3.348396088319595343, -7.000000000000000000 ) ) ;
#3736 = EDGE_CURVE ( 'NONE', #3234, #2262, #403, .T. ) ;
#3737 = DIRECTION ( 'NONE',  ( 0.000000000000000000, 0.000000000000000000, 1.000000000000000000 ) ) ;
#3738 = CYLINDRICAL_SURFACE ( 'NONE', #3758, 4.250000000000000000 ) ;
#3739 = LINE ( 'NONE', #3397, #225 ) ;
#3740 = ORIENTED_EDGE ( 'NONE', *, *, #2295, .T. ) ;
#3741 = VERTEX_POINT ( 'NONE', #4243 ) ;
#3742 = CARTESIAN_POINT ( 'NONE',  ( 0.000000000000000000, 0.000000000000000000, 20.99999999999999645 ) ) ;
#3743 = AXIS2_PLACEMENT_3D ( 'NONE', #1066, #384, #2035 ) ;
#3744 = EDGE_CURVE ( 'NONE', #3468, #1540, #2202, .T. ) ;
#3745 = CARTESIAN_POINT ( 'NONE',  ( 0.000000000000000000, 0.000000000000000000, -6.719500000000000028 ) ) ;
#3746 = EDGE_CURVE ( 'NONE', #4445, #625, #383, .T. ) ;
#3747 = AXIS2_PLACEMENT_3D ( 'NONE', #2718, #3847, #2073 ) ;
#3748 = ORIENTED_EDGE ( 'NONE', *, *, #2021, .T. ) ;
#3749 = ORIENTED_EDGE ( 'NONE', *, *, #399, .F. ) ;
#3750 = FACE_OUTER_BOUND ( 'NONE', #1200, .T. ) ;
#3751 = VECTOR ( 'NONE', #1593, 1000.000000000000227 ) ;
#3752 = FACE_OUTER_BOUND ( 'NONE', #3609, .T. ) ;
#3753 = CARTESIAN_POINT ( 'NONE',  ( -0.5661290900510910218, -3.229148604873899764, -7.000000000000000000 ) ) ;
#3754 = LINE ( 'NONE', #263, #2270 ) ;
#3755 = DIRECTION ( 'NONE',  ( 1.000000000000000000, 0.000000000000000000, 0.000000000000000000 ) ) ;
#3756 = ORIENTED_EDGE ( 'NONE', *, *, #4447, .T. ) ;
#3757 = DIRECTION ( 'NONE',  ( 1.000000000000000000, 0.000000000000000000, 0.000000000000000000 ) ) ;
#3758 = AXIS2_PLACEMENT_3D ( 'NONE', #994, #9, #721 ) ;
#3759 = B_SPLINE_CURVE_WITH_KNOTS ( 'NONE', 3,
 ( #2511, #3568, #3912, #800 ),
 .UNSPECIFIED., .F., .F.,
 ( 4, 4 ),
 ( 2.997650131635190276E-07, 0.0004297442978039644557 ),
 .UNSPECIFIED. ) ;
#3760 = CARTESIAN_POINT ( 'NONE',  ( 2.823075960151754771, -2.147102950642279851, -4.000000000000000000 ) ) ;
#3761 = CARTESIAN_POINT ( 'NONE',  ( -3.000000000000000444, 0.000000000000000000, 6.000000000000000000 ) ) ;
#3762 = LINE ( 'NONE', #2339, #3323 ) ;
#3763 = EDGE_CURVE ( 'NONE', #131, #2072, #2486, .T. ) ;
#3764 = VECTOR ( 'NONE', #3017, 1000.000000000000000 ) ;
#3765 = CYLINDRICAL_SURFACE ( 'NONE', #4429, 0.1963495408493620142 ) ;
#3766 = ORIENTED_EDGE ( 'NONE', *, *, #1182, .F. ) ;
#3767 = VECTOR ( 'NONE', #1939, 1000.000000000000000 ) ;
#3768 = ORIENTED_EDGE ( 'NONE', *, *, #2105, .T. ) ;
#3769 = DIRECTION ( 'NONE',  ( 1.000000000000000000, 0.000000000000000000, 0.000000000000000000 ) ) ;
#3770 = DIRECTION ( 'NONE',  ( 0.000000000000000000, 0.000000000000000000, 1.000000000000000000 ) ) ;
#3771 = ORIENTED_EDGE ( 'NONE', *, *, #4155, .T. ) ;
#3772 = ORIENTED_EDGE ( 'NONE', *, *, #1331, .F. ) ;
#3773 = CYLINDRICAL_SURFACE ( 'NONE', #2725, 0.1963495408493620142 ) ;
#3774 = DIRECTION ( 'NONE',  ( 0.000000000000000000, 0.000000000000000000, 1.000000000000000000 ) ) ;
#3775 = CARTESIAN_POINT ( 'NONE',  ( -2.503046055244360080, -1.860915353816845030, -7.000000000000000000 ) ) ;
#3776 = ADVANCED_FACE ( 'NONE', ( #1402 ), #1090, .F. ) ;
#3777 = LINE ( 'NONE', #3686, #1418 ) ;
#3778 = FACE_OUTER_BOUND ( 'NONE', #475, .T. ) ;
#3779 = ORIENTED_EDGE ( 'NONE', *, *, #254, .T. ) ;
#3780 = CARTESIAN_POINT ( 'NONE',  ( 0.2933980814763980094, -3.534646590994565241, -7.000000000000000000 ) ) ;
#3781 = DIRECTION ( 'NONE',  ( 1.000000000000000000, 0.000000000000000000, 0.000000000000000000 ) ) ;
#3782 = DIRECTION ( 'NONE',  ( 1.000000000000000000, 0.000000000000000000, 0.000000000000000000 ) ) ;
#3783 = DIRECTION ( 'NONE',  ( 0.000000000000000000, 0.000000000000000000, 1.000000000000000000 ) ) ;
#3784 = DIRECTION ( 'NONE',  ( 0.8090169943749505599, 0.5877852522924688072, 0.000000000000000000 ) ) ;
#3785 = ORIENTED_EDGE ( 'NONE', *, *, #2722, .F. ) ;
#3786 = ORIENTED_EDGE ( 'NONE', *, *, #1113, .T. ) ;
#3787 = CARTESIAN_POINT ( 'NONE',  ( 3.452313666459034813, -0.8132277084702069780, -7.000000000000000000 ) ) ;
#3788 = ADVANCED_FACE ( 'NONE', ( #3851, #740 ), #3507, .T. ) ;
#3789 = CARTESIAN_POINT ( 'NONE',  ( -0.3124592246176304822, 3.300595060488625165, -7.000000000000000000 ) ) ;
#3790 = VERTEX_POINT ( 'NONE', #2474 ) ;
#3791 = DIRECTION ( 'NONE',  ( 0.000000000000000000, 0.000000000000000000, 1.000000000000000000 ) ) ;
#3792 = VERTEX_POINT ( 'NONE', #3195 ) ;
#3793 = DIRECTION ( 'NONE',  ( 1.000000000000000000, 0.000000000000000000, 0.000000000000000000 ) ) ;
#3794 = VECTOR ( 'NONE', #1486, 1000.000000000000000 ) ;
#3795 = FACE_OUTER_BOUND ( 'NONE', #2229, .T. ) ;
#3796 = ORIENTED_EDGE ( 'NONE', *, *, #2972, .T. ) ;
#3797 = CARTESIAN_POINT ( 'NONE',  ( -3.207792781939549975, 1.513233103517119815, -4.000000000000000000 ) ) ;
#3798 = AXIS2_PLACEMENT_3D ( 'NONE', #4307, #3878, #1138 ) ;
#3799 = AXIS2_PLACEMENT_3D ( 'NONE', #1787, #3171, #69 ) ;
#3800 = CARTESIAN_POINT ( 'NONE',  ( 2.266443087373175125, 3.534646590994565241, -7.000000000000000000 ) ) ;
#3801 = CIRCLE ( 'NONE', #3882, 4.250000000000000000 ) ;
#3802 = CARTESIAN_POINT ( 'NONE',  ( 0.000000000000000000, 0.000000000000000000, -7.000000000000000000 ) ) ;
#3803 = ADVANCED_FACE ( 'NONE', ( #3872 ), #762, .T. ) ;
#3804 = ORIENTED_EDGE ( 'NONE', *, *, #1702, .F. ) ;
#3805 = CARTESIAN_POINT ( 'NONE',  ( -2.661896170629185043, 1.976326718222530143, -7.000000000000000000 ) ) ;
#3806 = AXIS2_PLACEMENT_3D ( 'NONE', #736, #709, #2075 ) ;
#3807 = DIRECTION ( 'NONE',  ( 0.000000000000000000, 0.000000000000000000, 1.000000000000000000 ) ) ;
#3808 = DIRECTION ( 'NONE',  ( 1.000000000000000000, 0.000000000000000000, 0.000000000000000000 ) ) ;
#3809 = CYLINDRICAL_SURFACE ( 'NONE', #4055, 0.1963495408493620142 ) ;
#3810 = DIRECTION ( 'NONE',  ( 1.000000000000000000, 0.000000000000000000, 0.000000000000000000 ) ) ;
#3811 = VERTEX_POINT ( 'NONE', #1201 ) ;
#3812 = EDGE_LOOP ( 'NONE', ( #934, #2855, #440, #2266 ) ) ;
#3813 = CARTESIAN_POINT ( 'NONE',  ( -1.627918660403720130, -2.888155008907924870, -7.000000000000000000 ) ) ;
#3814 = CARTESIAN_POINT ( 'NONE',  ( 2.914394700463149857, -2.021413487477474735, -4.000000000000000000 ) ) ;
#3815 = ORIENTED_EDGE ( 'NONE', *, *, #2223, .F. ) ;
#3816 = ADVANCED_FACE ( 'NONE', ( #1492 ), #2520, .F. ) ;
#3817 = CYLINDRICAL_SURFACE ( 'NONE', #393, 0.1963495408493620142 ) ;
#3818 = ORIENTED_EDGE ( 'NONE', *, *, #1325, .F. ) ;
#3819 = CARTESIAN_POINT ( 'NONE',  ( -2.702169557679734879, 1.920895156410014959, -7.000000000000000000 ) ) ;
#3820 = AXIS2_PLACEMENT_3D ( 'NONE', #3295, #4412, #544 ) ;
#3821 = DIRECTION ( 'NONE',  ( -0.6691306063588672304, -0.7431448254773862505, 0.000000000000000000 ) ) ;
#3822 = ORIENTED_EDGE ( 'NONE', *, *, #1576, .F. ) ;
#3823 = DIRECTION ( 'NONE',  ( 0.000000000000000000, 0.000000000000000000, 1.000000000000000000 ) ) ;
#3824 = EDGE_CURVE ( 'NONE', #2895, #2494, #1241, .T. ) ;
#3825 = CIRCLE ( 'NONE', #4407, 3.000000000000000444 ) ;
#3826 = AXIS2_PLACEMENT_3D ( 'NONE', #4256, #1534, #846 ) ;
#3827 = VECTOR ( 'NONE', #4088, 1000.000000000000000 ) ;
#3828 = CARTESIAN_POINT ( 'NONE',  ( -1.169637804266592251, 3.348396088319595343, -4.000000000000000000 ) ) ;
#3829 = ORIENTED_EDGE ( 'NONE', *, *, #3611, .T. ) ;
#3830 = DIRECTION ( 'NONE',  ( 0.000000000000000000, 0.000000000000000000, -1.000000000000000000 ) ) ;
#3831 = AXIS2_PLACEMENT_3D ( 'NONE', #3383, #236, #915 ) ;
#3832 = EDGE_CURVE ( 'NONE', #374, #3468, #217, .T. ) ;
#3833 = FACE_OUTER_BOUND ( 'NONE', #124, .T. ) ;
#3834 = CARTESIAN_POINT ( 'NONE',  ( 0.000000000000000000, 0.000000000000000000, -6.719500000000000028 ) ) ;
#3835 = DIRECTION ( 'NONE',  ( 1.000000000000000000, 0.000000000000000000, 0.000000000000000000 ) ) ;
#3836 = CARTESIAN_POINT ( 'NONE',  ( 3.532190061754389987, -2.363500236438220270, -6.719500000000000028 ) ) ;
#3837 = EDGE_LOOP ( 'NONE', ( #3659, #581, #3796, #2638 ) ) ;
#3838 = ORIENTED_EDGE ( 'NONE', *, *, #1279, .T. ) ;
#3839 = CARTESIAN_POINT ( 'NONE',  ( 0.9918635406178379910, -3.163505213708935226, -4.000000000000000000 ) ) ;
#3840 = EDGE_CURVE ( 'NONE', #1891, #1018, #3513, .T. ) ;
#3841 = CARTESIAN_POINT ( 'NONE',  ( 2.863122998320075219, -1.237243793775605782, -4.000000000000000000 ) ) ;
#3842 = FACE_OUTER_BOUND ( 'NONE', #2138, .T. ) ;
#3843 = CONICAL_SURFACE ( 'NONE', #1882, 4.250000000000000000, 0.7853981633974391752 ) ;
#3844 = ORIENTED_EDGE ( 'NONE', *, *, #4115, .F. ) ;
#3845 = CARTESIAN_POINT ( 'NONE',  ( 4.108399379804460239, 0.6460878019150709806, -6.811067207383659117 ) ) ;
#3846 = ORIENTED_EDGE ( 'NONE', *, *, #3250, .F. ) ;
#3847 = DIRECTION ( 'NONE',  ( 0.000000000000000000, 0.000000000000000000, 1.000000000000000000 ) ) ;
#3848 = DIRECTION ( 'NONE',  ( 1.000000000000000000, 0.000000000000000000, 0.000000000000000000 ) ) ;
#3849 = VERTEX_POINT ( 'NONE', #174 ) ;
#3850 = AXIS2_PLACEMENT_3D ( 'NONE', #3975, #1529, #3564 ) ;
#3851 = FACE_BOUND ( 'NONE', #3612, .T. ) ;
#3852 = EDGE_CURVE ( 'NONE', #1749, #442, #1556, .T. ) ;
#3853 = DIRECTION ( 'NONE',  ( 0.000000000000000000, 0.000000000000000000, 1.000000000000000000 ) ) ;
#3854 = ORIENTED_EDGE ( 'NONE', *, *, #1383, .F. ) ;
#3855 = DIRECTION ( 'NONE',  ( 0.000000000000000000, 0.000000000000000000, -1.000000000000000000 ) ) ;
#3856 = AXIS2_PLACEMENT_3D ( 'NONE', #1119, #2213, #4269 ) ;
#3857 = EDGE_CURVE ( 'NONE', #2494, #733, #1340, .T. ) ;
#3858 = CARTESIAN_POINT ( 'NONE',  ( 0.2807562157273054693, -4.240716442691395471, -6.719500000002040174 ) ) ;
#3859 = CARTESIAN_POINT ( 'NONE',  ( 2.914394700463180055, 2.021413487477434767, -7.000000000000000000 ) ) ;
#3860 = FACE_OUTER_BOUND ( 'NONE', #211, .T. ) ;
#3861 = VERTEX_POINT ( 'NONE', #1954 ) ;
#3862 = VERTEX_POINT ( 'NONE', #302 ) ;
#3863 = DIRECTION ( 'NONE',  ( 0.7431448254773862505, -0.6691306063588672304, 0.000000000000000000 ) ) ;
#3864 = ADVANCED_FACE ( 'NONE', ( #2625 ), #2287, .F. ) ;
#3865 = EDGE_LOOP ( 'NONE', ( #3668, #2542, #2550, #842 ) ) ;
#3866 = CARTESIAN_POINT ( 'NONE',  ( 0.000000000000000000, 0.000000000000000000, -7.000000000000000000 ) ) ;
#3867 = ORIENTED_EDGE ( 'NONE', *, *, #2738, .F. ) ;
#3868 = CARTESIAN_POINT ( 'NONE',  ( 3.935605451321019466, -0.5176291930835129618, -7.000000000000000000 ) ) ;
#3869 = CARTESIAN_POINT ( 'NONE',  ( -2.719767133969269945, 3.265787307370245252, -4.000000000000000000 ) ) ;
#3870 = ORIENTED_EDGE ( 'NONE', *, *, #2203, .F. ) ;
#3871 = VECTOR ( 'NONE', #3225, 1000.000000000000000 ) ;
#3872 = FACE_OUTER_BOUND ( 'NONE', #769, .T. ) ;
#3873 = CARTESIAN_POINT ( 'NONE',  ( -2.314977172283904761, -2.687134095881329898, -4.000000000000000000 ) ) ;
#3874 = VERTEX_POINT ( 'NONE', #3841 ) ;
#3875 = CARTESIAN_POINT ( 'NONE',  ( 3.000000000000000444, 0.000000000000000000, -14.00000000000000000 ) ) ;
#3876 = ADVANCED_FACE ( 'NONE', ( #1478 ), #4313, .F. ) ;
#3877 = VECTOR ( 'NONE', #1542, 1000.000000000000114 ) ;
#3878 = DIRECTION ( 'NONE',  ( 0.000000000000000000, 0.000000000000000000, 1.000000000000000000 ) ) ;
#3879 = AXIS2_PLACEMENT_3D ( 'NONE', #4127, #2108, #3099 ) ;
#3880 = AXIS2_PLACEMENT_3D ( 'NONE', #4446, #3830, #2780 ) ;
#3881 = CARTESIAN_POINT ( 'NONE',  ( 3.805893243480600319, -1.127877151656486054, -7.000000000000000000 ) ) ;
#3882 = AXIS2_PLACEMENT_3D ( 'NONE', #396, #2487, #2423 ) ;
#3883 = ORIENTED_EDGE ( 'NONE', *, *, #4443, .F. ) ;
#3884 = EDGE_CURVE ( 'NONE', #2954, #159, #1984, .T. ) ;
#3885 = CARTESIAN_POINT ( 'NONE',  ( -2.543319442294885047, 1.805483792004364929, -7.000000000000000000 ) ) ;
#3886 = ORIENTED_EDGE ( 'NONE', *, *, #838, .F. ) ;
#3887 = CARTESIAN_POINT ( 'NONE',  ( 2.896159312914934780, 1.536282556425480061, -4.000000000000000000 ) ) ;
#3888 = ORIENTED_EDGE ( 'NONE', *, *, #683, .F. ) ;
#3889 = CARTESIAN_POINT ( 'NONE',  ( 0.2807562157273054693, -4.240716442691395471, -7.000000000000000000 ) ) ;
#3890 = EDGE_CURVE ( 'NONE', #3519, #2243, #4380, .T. ) ;
#3891 = EDGE_CURVE ( 'NONE', #3262, #2321, #2992, .T. ) ;
#3892 = CYLINDRICAL_SURFACE ( 'NONE', #3991, 1.973045005896730153 ) ;
#3893 = ORIENTED_EDGE ( 'NONE', *, *, #2972, .F. ) ;
#3894 = ORIENTED_EDGE ( 'NONE', *, *, #4233, .F. ) ;
#3895 = DIRECTION ( 'NONE',  ( 0.000000000000000000, 0.000000000000000000, -1.000000000000000000 ) ) ;
#3896 = CONICAL_SURFACE ( 'NONE', #4484, 4.250000000000000000, 0.7853981633974391752 ) ;
#3897 = ORIENTED_EDGE ( 'NONE', *, *, #572, .T. ) ;
#3898 = DIRECTION ( 'NONE',  ( 1.000000000000000000, 0.000000000000000000, 0.000000000000000000 ) ) ;
#3899 = VECTOR ( 'NONE', #579, 1000.000000000000000 ) ;
#3900 = AXIS2_PLACEMENT_3D ( 'NONE', #2445, #2019, #3472 ) ;
#3901 = CARTESIAN_POINT ( 'NONE',  ( 3.042497229473224873, -1.317106346890154045, -4.000000000000000000 ) ) ;
#3902 = EDGE_CURVE ( 'NONE', #2509, #3521, #4390, .T. ) ;
#3903 = CARTESIAN_POINT ( 'NONE',  ( 0.000000000000000000, 0.000000000000000000, -7.000000000000000000 ) ) ;
#3904 = DIRECTION ( 'NONE',  ( -0.7431448254773956874, -0.6691306063588566833, 0.000000000000000000 ) ) ;
#3905 = EDGE_LOOP ( 'NONE', ( #2273, #2115, #2415, #2167, #4251 ) ) ;
#3906 = CIRCLE ( 'NONE', #3900, 3.000000000000000444 ) ;
#3907 = CARTESIAN_POINT ( 'NONE',  ( -2.702169557679759748, -1.920895156409979876, -7.000000000000000000 ) ) ;
#3908 = DIRECTION ( 'NONE',  ( 1.000000000000000000, 0.000000000000000000, 0.000000000000000000 ) ) ;
#3909 = CARTESIAN_POINT ( 'NONE',  ( 2.849188774732175133, -1.268540572369847963, -4.000000000000000000 ) ) ;
#3910 = VERTEX_POINT ( 'NONE', #103 ) ;
#3911 = CARTESIAN_POINT ( 'NONE',  ( 2.929051327846734942, 1.089166341216663891, -7.000000000000000000 ) ) ;
#3912 = CARTESIAN_POINT ( 'NONE',  ( 0.6550992260084029795, -4.106972087343089939, -6.811067230414749041 ) ) ;
#3913 = ORIENTED_EDGE ( 'NONE', *, *, #4203, .F. ) ;
#3914 = CARTESIAN_POINT ( 'NONE',  ( 3.532190061753459620, -2.363500236435939872, -7.000000000000000000 ) ) ;
#3915 = DIRECTION ( 'NONE',  ( 0.000000000000000000, 0.000000000000000000, 1.000000000000000000 ) ) ;
#3916 = ORIENTED_EDGE ( 'NONE', *, *, #85, .T. ) ;
#3917 = ORIENTED_EDGE ( 'NONE', *, *, #1718, .T. ) ;
#3918 = CIRCLE ( 'NONE', #1595, 4.250000000000000000 ) ;
#3919 = CARTESIAN_POINT ( 'NONE',  ( 2.356053982267070079, 2.279673768679329804, -7.000000000000000000 ) ) ;
#3920 = AXIS2_PLACEMENT_3D ( 'NONE', #1720, #2332, #3432 ) ;
#3921 = CARTESIAN_POINT ( 'NONE',  ( -3.249853172817215086, 0.6557536698337659287, -7.000000000000000000 ) ) ;
#3922 = VERTEX_POINT ( 'NONE', #4340 ) ;
#3923 = FACE_OUTER_BOUND ( 'NONE', #37, .T. ) ;
#3924 = EDGE_CURVE ( 'NONE', #3106, #3519, #3727, .T. ) ;
#3925 = CIRCLE ( 'NONE', #221, 0.1963495408493620142 ) ;
#3926 = EDGE_CURVE ( 'NONE', #4345, #220, #2416, .T. ) ;
#3927 = CARTESIAN_POINT ( 'NONE',  ( -1.169637804266636216, -3.348396088319579800, -4.000000000000000000 ) ) ;
#3928 = CARTESIAN_POINT ( 'NONE',  ( 1.981338335719304844, 3.759893402663395001, -7.000000000000000000 ) ) ;
#3929 =( NAMED_UNIT ( * ) SI_UNIT ( $, .STERADIAN. ) SOLID_ANGLE_UNIT ( ) );
#3930 = ORIENTED_EDGE ( 'NONE', *, *, #1496, .T. ) ;
#3931 = CARTESIAN_POINT ( 'NONE',  ( 0.000000000000000000, 0.000000000000000000, 20.99999999999999645 ) ) ;
#3932 = CYLINDRICAL_SURFACE ( 'NONE', #3041, 0.1963495408493620142 ) ;
#3933 = ORIENTED_EDGE ( 'NONE', *, *, #4081, .T. ) ;
#3934 = EDGE_LOOP ( 'NONE', ( #541, #2267, #1875, #113 ) ) ;
#3935 = DIRECTION ( 'NONE',  ( 0.000000000000000000, 0.000000000000000000, -1.000000000000000000 ) ) ;
#3936 = ADVANCED_FACE ( 'NONE', ( #1173 ), #2197, .T. ) ;
#3937 = CARTESIAN_POINT ( 'NONE',  ( 3.270635594739164542, -0.2254898343303584907, -7.000000000000000000 ) ) ;
#3938 = ORIENTED_EDGE ( 'NONE', *, *, #3736, .F. ) ;
#3939 = ORIENTED_EDGE ( 'NONE', *, *, #512, .T. ) ;
#3940 = ADVANCED_FACE ( 'NONE', ( #1147 ), #499, .T. ) ;
#3941 = DIRECTION ( 'NONE',  ( 0.000000000000000000, 0.000000000000000000, -1.000000000000000000 ) ) ;
#3942 = ORIENTED_EDGE ( 'NONE', *, *, #1878, .F. ) ;
#3943 = FACE_OUTER_BOUND ( 'NONE', #1630, .T. ) ;
#3944 = AXIS2_PLACEMENT_3D ( 'NONE', #294, #4016, #1683 ) ;
#3945 = ADVANCED_FACE ( 'NONE', ( #169 ), #147, .F. ) ;
#3946 = CARTESIAN_POINT ( 'NONE',  ( 0.000000000000000000, 0.000000000000000000, -7.000000000000000000 ) ) ;
#3947 = DIRECTION ( 'NONE',  ( 1.000000000000000000, 0.000000000000000000, 0.000000000000000000 ) ) ;
#3948 = EDGE_LOOP ( 'NONE', ( #4024, #2386, #1344, #402 ) ) ;
#3949 = B_SPLINE_CURVE_WITH_KNOTS ( 'NONE', 3,
 ( #1769, #2754, #1679, #2059 ),
 .UNSPECIFIED., .F., .F.,
 ( 4, 4 ),
 ( 3.049594352748405003E-07, 0.0004297494922221229731 ),
 .UNSPECIFIED. ) ;
#3950 = AXIS2_PLACEMENT_3D ( 'NONE', #1474, #1184, #1854 ) ;
#3951 = VECTOR ( 'NONE', #1872, 1000.000000000000000 ) ;
#3952 = DIRECTION ( 'NONE',  ( 1.000000000000000000, 0.000000000000000000, 0.000000000000000000 ) ) ;
#3953 = DIRECTION ( 'NONE',  ( 1.000000000000000000, 0.000000000000000000, 0.000000000000000000 ) ) ;
#3954 = ORIENTED_EDGE ( 'NONE', *, *, #2055, .T. ) ;
#3955 = CARTESIAN_POINT ( 'NONE',  ( 2.266443087373175125, 3.534646590994565241, -4.000000000000000000 ) ) ;
#3956 = VERTEX_POINT ( 'NONE', #3631 ) ;
#3957 = DIRECTION ( 'NONE',  ( 0.000000000000000000, 0.000000000000000000, -1.000000000000000000 ) ) ;
#3958 = AXIS2_PLACEMENT_3D ( 'NONE', #1374, #2747, #858 ) ;
#3959 = CARTESIAN_POINT ( 'NONE',  ( 1.899999999999999911, 2.326828918379971365E-16, 20.99999999999999645 ) ) ;
#3960 = EDGE_LOOP ( 'NONE', ( #3913, #1404, #3316, #1447, #3580 ) ) ;
#3961 = ORIENTED_EDGE ( 'NONE', *, *, #646, .F. ) ;
#3962 = ADVANCED_FACE ( 'NONE', ( #3588 ), #799, .F. ) ;
#3963 = CARTESIAN_POINT ( 'NONE',  ( -3.946402564645520528, -1.577468477574724970, -7.000000000000000000 ) ) ;
#3964 = CARTESIAN_POINT ( 'NONE',  ( -0.5661290900510910218, -3.229148604873899764, -7.000000000000000000 ) ) ;
#3965 = FACE_OUTER_BOUND ( 'NONE', #2965, .T. ) ;
#3966 = AXIS2_PLACEMENT_3D ( 'NONE', #1382, #4102, #3438 ) ;
#3967 = CARTESIAN_POINT ( 'NONE',  ( 4.188138338522024995, 0.7224937767099599562, -7.000000000000000000 ) ) ;
#3968 = CONICAL_SURFACE ( 'NONE', #2221, 4.250000000000000000, 0.7853981633974391752 ) ;
#3969 = DIRECTION ( 'NONE',  ( 0.000000000000000000, 0.000000000000000000, -1.000000000000000000 ) ) ;
#3970 = EDGE_LOOP ( 'NONE', ( #1760, #2076, #3331, #2196 ) ) ;
#3971 = EDGE_CURVE ( 'NONE', #2262, #2183, #1975, .T. ) ;
#3972 = AXIS2_PLACEMENT_3D ( 'NONE', #378, #2400, #3793 ) ;
#3973 = DIRECTION ( 'NONE',  ( 0.000000000000000000, 0.000000000000000000, -1.000000000000000000 ) ) ;
#3974 = VECTOR ( 'NONE', #2067, 1000.000000000000000 ) ;
#3975 = CARTESIAN_POINT ( 'NONE',  ( 0.000000000000000000, 0.000000000000000000, -7.000000000000000000 ) ) ;
#3976 = ORIENTED_EDGE ( 'NONE', *, *, #91, .F. ) ;
#3977 = DIRECTION ( 'NONE',  ( -1.000000000000000000, 0.000000000000000000, 0.000000000000000000 ) ) ;
#3978 = ORIENTED_EDGE ( 'NONE', *, *, #151, .T. ) ;
#3979 = EDGE_CURVE ( 'NONE', #2665, #4089, #2896, .T. ) ;
#3980 = CARTESIAN_POINT ( 'NONE',  ( 0.9637700502026409488, 2.966179217131129864, -4.000000000000000000 ) ) ;
#3981 = CARTESIAN_POINT ( 'NONE',  ( -2.719767133967970096, 3.265787307368670067, -7.000000000000000000 ) ) ;
#3982 = ORIENTED_EDGE ( 'NONE', *, *, #3394, .T. ) ;
#3983 = EDGE_LOOP ( 'NONE', ( #1460, #4185, #2553, #1423 ) ) ;
#3984 = DIRECTION ( 'NONE',  ( 1.000000000000000000, 0.000000000000000000, 0.000000000000000000 ) ) ;
#3985 = CARTESIAN_POINT ( 'NONE',  ( -0.9261763560577140897, 3.859938808774005192, -7.000000000000000000 ) ) ;
#3986 = CIRCLE ( 'NONE', #1670, 0.1963495408493620142 ) ;
#3987 = AXIS2_PLACEMENT_3D ( 'NONE', #4400, #597, #4376 ) ;
#3988 = CARTESIAN_POINT ( 'NONE',  ( -3.270983679872624617, -1.371304022983409920, -4.000000000000000000 ) ) ;
#3989 = EDGE_CURVE ( 'NONE', #807, #1907, #4296, .T. ) ;
#3990 = PRODUCT_DEFINITION_FORMATION_WITH_SPECIFIED_SOURCE ( 'ANY', '', #3263, .NOT_KNOWN. ) ;
#3991 = AXIS2_PLACEMENT_3D ( 'NONE', #1087, #2451, #3848 ) ;
#3992 = B_SPLINE_CURVE_WITH_KNOTS ( 'NONE', 3,
 ( #4131, #3419, #313, #2365 ),
 .UNSPECIFIED., .F., .F.,
 ( 4, 4 ),
 ( 2.997649625348395049E-07, 0.0004297442977525694780 ),
 .UNSPECIFIED. ) ;
#3993 = LINE ( 'NONE', #3020, #3658 ) ;
#3994 = VERTEX_POINT ( 'NONE', #2554 ) ;
#3995 = FACE_OUTER_BOUND ( 'NONE', #2576, .T. ) ;
#3996 = DIRECTION ( 'NONE',  ( 0.000000000000000000, 0.000000000000000000, 1.000000000000000000 ) ) ;
#3997 = VERTEX_POINT ( 'NONE', #3955 ) ;
#3998 = CARTESIAN_POINT ( 'NONE',  ( 1.100000000000000089, 1.347111479062088503E-16, 21.00099999999999767 ) ) ;
#3999 = ORIENTED_EDGE ( 'NONE', *, *, #1916, .T. ) ;
#4000 = CARTESIAN_POINT ( 'NONE',  ( 2.266443087373180454, 3.534646590994565241, -6.770632201231959080 ) ) ;
#4001 = ADVANCED_FACE ( 'NONE', ( #843 ), #2220, .F. ) ;
#4002 = DIRECTION ( 'NONE',  ( 0.000000000000000000, 0.000000000000000000, 1.000000000000000000 ) ) ;
#4003 = EDGE_CURVE ( 'NONE', #4492, #2959, #4170, .T. ) ;
#4004 = ORIENTED_EDGE ( 'NONE', *, *, #3516, .T. ) ;
#4005 = ORIENTED_EDGE ( 'NONE', *, *, #1980, .T. ) ;
#4006 = VERTEX_POINT ( 'NONE', #2938 ) ;
#4007 = DIRECTION ( 'NONE',  ( -1.000000000000000000, 0.000000000000000000, -0.000000000000000000 ) ) ;
#4008 = CARTESIAN_POINT ( 'NONE',  ( -1.529743889979034988, -2.718111318510965102, -4.000000000000000000 ) ) ;
#4009 = CYLINDRICAL_SURFACE ( 'NONE', #235, 1.973045005896730153 ) ;
#4010 = CARTESIAN_POINT ( 'NONE',  ( 2.265494034368315202, -3.595836033559035361, -6.719500000000000028 ) ) ;
#4011 = EDGE_CURVE ( 'NONE', #2769, #2830, #2595, .T. ) ;
#4012 = ORIENTED_EDGE ( 'NONE', *, *, #3200, .F. ) ;
#4013 = AXIS2_PLACEMENT_3D ( 'NONE', #1706, #2979, #1247 ) ;
#4014 = CARTESIAN_POINT ( 'NONE',  ( -3.815893680590835224, 1.401983855200645834, -6.904494501690350283 ) ) ;
#4015 = EDGE_CURVE ( 'NONE', #1776, #3079, #3167, .T. ) ;
#4016 = DIRECTION ( 'NONE',  ( 0.000000000000000000, 0.000000000000000000, -1.000000000000000000 ) ) ;
#4017 = ORIENTED_EDGE ( 'NONE', *, *, #4015, .F. ) ;
#4018 = ORIENTED_EDGE ( 'NONE', *, *, #2188, .T. ) ;
#4019 = CIRCLE ( 'NONE', #115, 1.973045005896730597 ) ;
#4020 = DIRECTION ( 'NONE',  ( 1.000000000000000000, 0.000000000000000000, 0.000000000000000000 ) ) ;
#4021 = CARTESIAN_POINT ( 'NONE',  ( 1.793173127204660044, 3.648442585347699829, -6.904494519921311024 ) ) ;
#4022 = AXIS2_PLACEMENT_3D ( 'NONE', #514, #3221, #1502 ) ;
#4023 = CIRCLE ( 'NONE', #3966, 1.973045005896730153 ) ;
#4024 = ORIENTED_EDGE ( 'NONE', *, *, #2635, .F. ) ;
#4025 = ORIENTED_EDGE ( 'NONE', *, *, #3456, .T. ) ;
#4026 = ORIENTED_EDGE ( 'NONE', *, *, #2342, .F. ) ;
#4027 = PRODUCT_DEFINITION ( 'UNKNOWN', '', #3990, #4177 ) ;
#4028 = FACE_OUTER_BOUND ( 'NONE', #3983, .T. ) ;
#4029 = EDGE_CURVE ( 'NONE', #3234, #1871, #3949, .T. ) ;
#4030 = LINE ( 'NONE', #1956, #269 ) ;
#4031 = DIRECTION ( 'NONE',  ( 0.000000000000000000, 0.000000000000000000, 1.000000000000000000 ) ) ;
#4032 = VECTOR ( 'NONE', #1419, 1000.000000000000000 ) ;
#4033 = PLANE ( 'NONE',  #1710 ) ;
#4034 = CARTESIAN_POINT ( 'NONE',  ( -0.1307321084423206103, 3.122264261048739886, -7.000000000000000000 ) ) ;
#4035 = ORIENTED_EDGE ( 'NONE', *, *, #3199, .F. ) ;
#4036 = EDGE_CURVE ( 'NONE', #2901, #1906, #2427, .T. ) ;
#4037 = CIRCLE ( 'NONE', #621, 0.1963495408493620142 ) ;
#4038 = CYLINDRICAL_SURFACE ( 'NONE', #3373, 0.1963495408493620142 ) ;
#4039 = DIRECTION ( 'NONE',  ( 0.000000000000000000, 0.000000000000000000, -1.000000000000000000 ) ) ;
#4040 = VERTEX_POINT ( 'NONE', #3 ) ;
#4041 = AXIS2_PLACEMENT_3D ( 'NONE', #1293, #3695, #931 ) ;
#4042 = ORIENTED_EDGE ( 'NONE', *, *, #2021, .F. ) ;
#4043 = CYLINDRICAL_SURFACE ( 'NONE', #2084, 1.899999999999999911 ) ;
#4044 = EDGE_CURVE ( 'NONE', #3922, #380, #3305, .T. ) ;
#4045 = AXIS2_PLACEMENT_3D ( 'NONE', #343, #370, #1052 ) ;
#4046 = DIRECTION ( 'NONE',  ( 1.000000000000000000, 0.000000000000000000, 0.000000000000000000 ) ) ;
#4047 = ORIENTED_EDGE ( 'NONE', *, *, #1397, .F. ) ;
#4048 = ORIENTED_EDGE ( 'NONE', *, *, #585, .F. ) ;
#4049 = ORIENTED_EDGE ( 'NONE', *, *, #1934, .T. ) ;
#4050 = DIRECTION ( 'NONE',  ( 0.000000000000000000, 0.000000000000000000, 1.000000000000000000 ) ) ;
#4051 = CARTESIAN_POINT ( 'NONE',  ( 2.112360622440709879, -2.294815484850040388, -4.000000000000000000 ) ) ;
#4052 = DIRECTION ( 'NONE',  ( 1.000000000000000000, 0.000000000000000000, 0.000000000000000000 ) ) ;
#4053 = DIRECTION ( 'NONE',  ( 0.000000000000000000, 0.000000000000000000, -1.000000000000000000 ) ) ;
#4054 = DIRECTION ( 'NONE',  ( -0.9135454576426058626, -0.4067366430757889950, 0.000000000000000000 ) ) ;
#4055 = AXIS2_PLACEMENT_3D ( 'NONE', #314, #669, #1730 ) ;
#4056 = EDGE_CURVE ( 'NONE', #3910, #1018, #2337, .T. ) ;
#4057 = DIRECTION ( 'NONE',  ( 0.000000000000000000, -1.000000000000000000, 0.000000000000000000 ) ) ;
#4058 = ADVANCED_FACE ( 'NONE', ( #1354 ), #761, .T. ) ;
#4059 = ORIENTED_EDGE ( 'NONE', *, *, #3014, .T. ) ;
#4060 = AXIS2_PLACEMENT_3D ( 'NONE', #328, #381, #4122 ) ;
#4061 = AXIS2_PLACEMENT_3D ( 'NONE', #553, #2609, #1267 ) ;
#4062 = FACE_OUTER_BOUND ( 'NONE', #3812, .T. ) ;
#4063 = CARTESIAN_POINT ( 'NONE',  ( -3.270983679872624617, -1.371304022983409920, -7.000000000000000000 ) ) ;
#4064 = ORIENTED_EDGE ( 'NONE', *, *, #1430, .T. ) ;
#4065 = VERTEX_POINT ( 'NONE', #4423 ) ;
#4066 = CARTESIAN_POINT ( 'NONE',  ( 2.266129127465094761, 3.575367395943035209, -6.736479544723629864 ) ) ;
#4067 = CIRCLE ( 'NONE', #2676, 1.973045005896730375 ) ;
#4068 = CARTESIAN_POINT ( 'NONE',  ( 1.981338335721470223, 3.759893402664554962, -6.719500000000000028 ) ) ;
#4069 = VERTEX_POINT ( 'NONE', #3735 ) ;
#4070 = ORIENTED_EDGE ( 'NONE', *, *, #1039, .F. ) ;
#4071 = EDGE_CURVE ( 'NONE', #3849, #4040, #117, .T. ) ;
#4072 = ORIENTED_EDGE ( 'NONE', *, *, #3274, .T. ) ;
#4073 = CARTESIAN_POINT ( 'NONE',  ( 2.896159312914920125, -1.536282556425515144, -7.000000000000000000 ) ) ;
#4074 = CYLINDRICAL_SURFACE ( 'NONE', #2656, 1.973045005896730153 ) ;
#4075 = CARTESIAN_POINT ( 'NONE',  ( -1.389369008170032060, 2.799156794310854846, -7.000000000000000000 ) ) ;
#4076 = CARTESIAN_POINT ( 'NONE',  ( -1.440037872544319919, 2.945198428730934737, -4.000000000000000000 ) ) ;
#4077 = CARTESIAN_POINT ( 'NONE',  ( -1.899999999999999911, 0.000000000000000000, 20.99999999999999645 ) ) ;
#4078 = ORIENTED_EDGE ( 'NONE', *, *, #3540, .T. ) ;
#4079 = CARTESIAN_POINT ( 'NONE',  ( 0.000000000000000000, 0.000000000000000000, -6.719500000000000028 ) ) ;
#4080 = EDGE_CURVE ( 'NONE', #1852, #1465, #2346, .T. ) ;
#4081 = EDGE_CURVE ( 'NONE', #416, #2665, #4023, .T. ) ;
#4082 = LINE ( 'NONE', #902, #3767 ) ;
#4083 = CARTESIAN_POINT ( 'NONE',  ( 3.532190061755184907, 2.363500236437030111, -4.000000000000000000 ) ) ;
#4084 = LINE ( 'NONE', #2637, #4433 ) ;
#4085 = ORIENTED_EDGE ( 'NONE', *, *, #230, .T. ) ;
#4086 = ORIENTED_EDGE ( 'NONE', *, *, #692, .F. ) ;
#4087 = LINE ( 'NONE', #628, #3974 ) ;
#4088 = DIRECTION ( 'NONE',  ( 0.000000000000000000, 0.000000000000000000, 1.000000000000000000 ) ) ;
#4089 = VERTEX_POINT ( 'NONE', #617 ) ;
#4090 = ORIENTED_EDGE ( 'NONE', *, *, #463, .F. ) ;
#4091 = VERTEX_POINT ( 'NONE', #3071 ) ;
#4092 = LINE ( 'NONE', #525, #4193 ) ;
#4093 = AXIS2_PLACEMENT_3D ( 'NONE', #3927, #1831, #1792 ) ;
#4094 = VECTOR ( 'NONE', #1065, 1000.000000000000000 ) ;
#4095 = ADVANCED_FACE ( 'NONE', ( #2037 ), #1699, .T. ) ;
#4096 = CARTESIAN_POINT ( 'NONE',  ( -3.043548818098384512, 0.6819502185625729851, -4.000000000000000000 ) ) ;
#4097 = CARTESIAN_POINT ( 'NONE',  ( 3.452313666459049468, 0.8132277084701610148, -7.000000000000000000 ) ) ;
#4098 = CYLINDRICAL_SURFACE ( 'NONE', #2245, 1.973045005896730597 ) ;
#4099 = DIRECTION ( 'NONE',  ( 1.000000000000000000, -1.758422611539356949E-15, 0.000000000000000000 ) ) ;
#4100 = DIRECTION ( 'NONE',  ( 1.000000000000000000, 0.000000000000000000, 0.000000000000000000 ) ) ;
#4101 = VERTEX_POINT ( 'NONE', #990 ) ;
#4102 = DIRECTION ( 'NONE',  ( 0.000000000000000000, 0.000000000000000000, -1.000000000000000000 ) ) ;
#4103 = CARTESIAN_POINT ( 'NONE',  ( 2.086901529111730103, 2.317738955447609772, -4.000000000000000000 ) ) ;
#4104 = CARTESIAN_POINT ( 'NONE',  ( 2.061442435782715243, 2.340662426045209799, -4.000000000000000000 ) ) ;
#4105 = DIRECTION ( 'NONE',  ( 0.000000000000000000, 0.000000000000000000, -1.000000000000000000 ) ) ;
#4106 = AXIS2_PLACEMENT_3D ( 'NONE', #1729, #2111, #4156 ) ;
#4107 = LINE ( 'NONE', #2340, #1890 ) ;
#4108 = ORIENTED_EDGE ( 'NONE', *, *, #4015, .T. ) ;
#4109 = ORIENTED_EDGE ( 'NONE', *, *, #726, .F. ) ;
#4110 = CARTESIAN_POINT ( 'NONE',  ( 2.896159312914925010, -1.536282556425520252, -4.000000000000000000 ) ) ;
#4111 = CARTESIAN_POINT ( 'NONE',  ( -0.3806010588439899811, 3.293433065112664870, -4.000000000000000000 ) ) ;
#4112 = AXIS2_PLACEMENT_3D ( 'NONE', #2694, #2967, #3662 ) ;
#4113 = EDGE_CURVE ( 'NONE', #3118, #143, #2408, .T. ) ;
#4114 = ORIENTED_EDGE ( 'NONE', *, *, #618, .F. ) ;
#4115 = EDGE_CURVE ( 'NONE', #3518, #206, #439, .T. ) ;
#4116 = ORIENTED_EDGE ( 'NONE', *, *, #1786, .T. ) ;
#4117 = CARTESIAN_POINT ( 'NONE',  ( -4.250000000000000000, 5.204748896376249713E-16, -6.719500000000000028 ) ) ;
#4118 = AXIS2_PLACEMENT_3D ( 'NONE', #4483, #4213, #2117 ) ;
#4119 = AXIS2_PLACEMENT_3D ( 'NONE', #1903, #1250, #2263 ) ;
#4120 = DIRECTION ( 'NONE',  ( 0.000000000000000000, 0.000000000000000000, -1.000000000000000000 ) ) ;
#4121 = CARTESIAN_POINT ( 'NONE',  ( -1.627918660403720130, -2.888155008907924870, -7.000000000000000000 ) ) ;
#4122 = DIRECTION ( 'NONE',  ( -1.000000000000000000, 0.000000000000000000, 0.000000000000000000 ) ) ;
#4123 = AXIS2_PLACEMENT_3D ( 'NONE', #3282, #101, #4293 ) ;
#4124 = FACE_OUTER_BOUND ( 'NONE', #3865, .T. ) ;
#4125 = LINE ( 'NONE', #2359, #1999 ) ;
#4126 = VERTEX_POINT ( 'NONE', #2387 ) ;
#4127 = CARTESIAN_POINT ( 'NONE',  ( 0.000000000000000000, 0.000000000000000000, -6.719500000000000028 ) ) ;
#4128 = ADVANCED_FACE ( 'NONE', ( #2682 ), #3843, .T. ) ;
#4129 = CIRCLE ( 'NONE', #1942, 1.973045005896730153 ) ;
#4130 = DIRECTION ( 'NONE',  ( 0.000000000000000000, 0.000000000000000000, 1.000000000000000000 ) ) ;
#4131 = CARTESIAN_POINT ( 'NONE',  ( -3.957224190395169927, -0.3119406304913054928, -7.000000000000000000 ) ) ;
#4132 = DIRECTION ( 'NONE',  ( 0.000000000000000000, 0.000000000000000000, 1.000000000000000000 ) ) ;
#4133 = CIRCLE ( 'NONE', #286, 0.1963495408493620142 ) ;
#4134 = FACE_OUTER_BOUND ( 'NONE', #910, .T. ) ;
#4135 = ORIENTED_EDGE ( 'NONE', *, *, #1096, .T. ) ;
#4136 = VECTOR ( 'NONE', #3492, 1000.000000000000000 ) ;
#4137 = ORIENTED_EDGE ( 'NONE', *, *, #825, .F. ) ;
#4138 = CARTESIAN_POINT ( 'NONE',  ( 0.8034072016300939367, -3.348396088319579800, -4.000000000000000000 ) ) ;
#4139 = AXIS2_PLACEMENT_3D ( 'NONE', #3455, #3821, #2100 ) ;
#4140 = LINE ( 'NONE', #1414, #1731 ) ;
#4141 = EDGE_LOOP ( 'NONE', ( #4026, #1988, #1134, #2975 ) ) ;
#4142 = CARTESIAN_POINT ( 'NONE',  ( 2.112360622440739633, 2.294815484850010190, -7.000000000000000000 ) ) ;
#4143 = ORIENTED_EDGE ( 'NONE', *, *, #894, .F. ) ;
#4144 = CARTESIAN_POINT ( 'NONE',  ( 2.835254551144285262, 1.299837350964047955, -4.000000000000000000 ) ) ;
#4145 = EDGE_CURVE ( 'NONE', #143, #3422, #2010, .T. ) ;
#4146 = ADVANCED_FACE ( 'NONE', ( #717 ), #4153, .F. ) ;
#4147 = VECTOR ( 'NONE', #686, 1000.000000000000114 ) ;
#4148 = CARTESIAN_POINT ( 'NONE',  ( -2.661896170629185043, 1.976326718222530143, -4.000000000000000000 ) ) ;
#4149 = ORIENTED_EDGE ( 'NONE', *, *, #2169, .F. ) ;
#4150 = DIRECTION ( 'NONE',  ( 0.000000000000000000, 0.000000000000000000, 1.000000000000000000 ) ) ;
#4151 = CARTESIAN_POINT ( 'NONE',  ( -3.946402564645520528, -1.577468477574724970, -6.719500000002040174 ) ) ;
#4152 = ORIENTED_EDGE ( 'NONE', *, *, #2852, .F. ) ;
#4153 = CYLINDRICAL_SURFACE ( 'NONE', #2373, 0.1963495408493620142 ) ;
#4154 = CARTESIAN_POINT ( 'NONE',  ( -3.545951877715329825, 0.07768036026360160273, -7.000000000000000000 ) ) ;
#4155 = EDGE_CURVE ( 'NONE', #132, #2467, #81, .T. ) ;
#4156 = DIRECTION ( 'NONE',  ( 1.000000000000000000, 0.000000000000000000, 0.000000000000000000 ) ) ;
#4157 = LINE ( 'NONE', #3420, #2740 ) ;
#4158 = CARTESIAN_POINT ( 'NONE',  ( 3.315174937983395242, 0.03425858924962450064, -7.000000000000000000 ) ) ;
#4159 = AXIS2_PLACEMENT_3D ( 'NONE', #2585, #3278, #509 ) ;
#4160 = ORIENTED_EDGE ( 'NONE', *, *, #3763, .T. ) ;
#4161 = ORIENTED_EDGE ( 'NONE', *, *, #3553, .F. ) ;
#4162 = LINE ( 'NONE', #2787, #1656 ) ;
#4163 = ADVANCED_FACE ( 'NONE', ( #1405 ), #150, .T. ) ;
#4164 = CARTESIAN_POINT ( 'NONE',  ( 0.000000000000000000, 0.000000000000000000, -6.719500000000000028 ) ) ;
#4165 = VERTEX_POINT ( 'NONE', #4246 ) ;
#4166 = DIRECTION ( 'NONE',  ( 1.000000000000000000, -4.417437057588218697E-15, 0.000000000000000000 ) ) ;
#4167 = ORIENTED_EDGE ( 'NONE', *, *, #2986, .F. ) ;
#4168 = CIRCLE ( 'NONE', #4242, 1.973045005896729709 ) ;
#4169 = FACE_OUTER_BOUND ( 'NONE', #2414, .T. ) ;
#4170 = CIRCLE ( 'NONE', #243, 4.250000000000000000 ) ;
#4171 = DIRECTION ( 'NONE',  ( 0.000000000000000000, 0.000000000000000000, 1.000000000000000000 ) ) ;
#4172 = ORIENTED_EDGE ( 'NONE', *, *, #1425, .F. ) ;
#4173 = DIRECTION ( 'NONE',  ( 0.000000000000000000, 0.000000000000000000, 1.000000000000000000 ) ) ;
#4174 = ADVANCED_FACE ( 'NONE', ( #3923 ), #1094, .T. ) ;
#4175 = AXIS2_PLACEMENT_3D ( 'NONE', #3901, #1164, #832 ) ;
#4176 = DIRECTION ( 'NONE',  ( 1.000000000000000000, 0.000000000000000000, 0.000000000000000000 ) ) ;
#4177 = PRODUCT_DEFINITION_CONTEXT ( 'detailed design', #1938, 'design' ) ;
#4178 = VERTEX_POINT ( 'NONE', #810 ) ;
#4179 = DIRECTION ( 'NONE',  ( 0.000000000000000000, 0.000000000000000000, -1.000000000000000000 ) ) ;
#4180 = LINE ( 'NONE', #2439, #2482 ) ;
#4181 = CARTESIAN_POINT ( 'NONE',  ( -3.235607650385385003, -0.7227735835918119855, -7.000000000000000000 ) ) ;
#4182 = LINE ( 'NONE', #2112, #4136 ) ;
#4183 = CARTESIAN_POINT ( 'NONE',  ( 3.384815722774949798, -2.073632747825784772, -7.000000000000000000 ) ) ;
#4184 = ORIENTED_EDGE ( 'NONE', *, *, #3018, .F. ) ;
#4185 = ORIENTED_EDGE ( 'NONE', *, *, #4399, .F. ) ;
#4186 = DIRECTION ( 'NONE',  ( 1.000000000000000000, 0.000000000000000000, 0.000000000000000000 ) ) ;
#4187 = CARTESIAN_POINT ( 'NONE',  ( -1.830597722194829968, -2.719708594400555235, -7.000000000000000000 ) ) ;
#4188 = ORIENTED_EDGE ( 'NONE', *, *, #1368, .F. ) ;
#4189 = CARTESIAN_POINT ( 'NONE',  ( -3.057794340530235022, -0.6149303048044428843, -7.000000000000000000 ) ) ;
#4190 = ORIENTED_EDGE ( 'NONE', *, *, #4248, .T. ) ;
#4191 = CARTESIAN_POINT ( 'NONE',  ( 0.2131037916741984894, 4.153427703203130150, -6.811067207383659117 ) ) ;
#4192 = EDGE_CURVE ( 'NONE', #446, #2122, #639, .T. ) ;
#4193 = VECTOR ( 'NONE', #1910, 1000.000000000000000 ) ;
#4194 = LINE ( 'NONE', #3505, #3329 ) ;
#4195 = VERTEX_POINT ( 'NONE', #2546 ) ;
#4196 = CARTESIAN_POINT ( 'NONE',  ( -1.529743889979034988, -2.718111318510970431, -7.000000000000000000 ) ) ;
#4197 = AXIS2_PLACEMENT_3D ( 'NONE', #4218, #2513, #1466 ) ;
#4198 = CARTESIAN_POINT ( 'NONE',  ( -4.246832370087664899, 0.1640573691068734907, -7.000000000000000000 ) ) ;
#4199 = CARTESIAN_POINT ( 'NONE',  ( 1.100000000000000089, 1.347111479062088503E-16, -24.00000000000000000 ) ) ;
#4200 = ORIENTED_EDGE ( 'NONE', *, *, #818, .T. ) ;
#4201 = CARTESIAN_POINT ( 'NONE',  ( 2.356053982267039881, -2.279673768679364887, -7.000000000000000000 ) ) ;
#4202 = AXIS2_PLACEMENT_3D ( 'NONE', #2893, #2239, #4314 ) ;
#4203 = EDGE_CURVE ( 'NONE', #930, #1966, #1569, .T. ) ;
#4204 = ADVANCED_FACE ( 'NONE', ( #1135 ), #3598, .T. ) ;
#4205 = AXIS2_PLACEMENT_3D ( 'NONE', #1565, #496, #1228 ) ;
#4206 = CARTESIAN_POINT ( 'NONE',  ( 0.000000000000000000, 0.000000000000000000, -4.000000000000000000 ) ) ;
#4207 = CARTESIAN_POINT ( 'NONE',  ( -3.246046332586539851, -0.4594410361108440255, -7.000000000000000000 ) ) ;
#4208 = DIRECTION ( 'NONE',  ( 0.000000000000000000, 0.000000000000000000, 1.000000000000000000 ) ) ;
#4209 = CARTESIAN_POINT ( 'NONE',  ( -0.5661290900510469459, 3.229148604873909978, -7.000000000000000000 ) ) ;
#4210 = ORIENTED_EDGE ( 'NONE', *, *, #571, .T. ) ;
#4211 = ORIENTED_EDGE ( 'NONE', *, *, #4336, .F. ) ;
#4212 = VECTOR ( 'NONE', #3364, 1000.000000000000000 ) ;
#4213 = DIRECTION ( 'NONE',  ( 0.000000000000000000, 0.000000000000000000, 1.000000000000000000 ) ) ;
#4214 = AXIS2_PLACEMENT_3D ( 'NONE', #137, #1181, #2826 ) ;
#4215 = ORIENTED_EDGE ( 'NONE', *, *, #908, .F. ) ;
#4216 = CARTESIAN_POINT ( 'NONE',  ( 0.000000000000000000, 0.000000000000000000, -14.00000000000000000 ) ) ;
#4217 = ORIENTED_EDGE ( 'NONE', *, *, #3154, .F. ) ;
#4218 = CARTESIAN_POINT ( 'NONE',  ( 0.000000000000000000, 0.000000000000000000, -6.719500000000000028 ) ) ;
#4219 = LINE ( 'NONE', #1743, #1842 ) ;
#4220 = EDGE_CURVE ( 'NONE', #4492, #397, #3399, .T. ) ;
#4221 = ORIENTED_EDGE ( 'NONE', *, *, #572, .F. ) ;
#4222 = AXIS2_PLACEMENT_3D ( 'NONE', #2071, #4486, #1393 ) ;
#4223 = ADVANCED_FACE ( 'NONE', ( #3943 ), #743, .F. ) ;
#4224 = DIRECTION ( 'NONE',  ( 1.000000000000000000, 0.000000000000000000, 0.000000000000000000 ) ) ;
#4225 = ORIENTED_EDGE ( 'NONE', *, *, #1586, .F. ) ;
#4226 = CARTESIAN_POINT ( 'NONE',  ( 0.000000000000000000, 0.000000000000000000, -7.000000000000000000 ) ) ;
#4227 = AXIS2_PLACEMENT_3D ( 'NONE', #883, #841, #4274 ) ;
#4228 = CARTESIAN_POINT ( 'NONE',  ( 2.863122998320095203, 1.237243793775572032, -7.000000000000000000 ) ) ;
#4229 = CARTESIAN_POINT ( 'NONE',  ( 3.452313666459034813, -0.8132277084702069780, -4.000000000000000000 ) ) ;
#4230 = VERTEX_POINT ( 'NONE', #1451 ) ;
#4231 = ORIENTED_EDGE ( 'NONE', *, *, #675, .T. ) ;
#4232 = EDGE_CURVE ( 'NONE', #397, #3549, #94, .T. ) ;
#4233 = EDGE_CURVE ( 'NONE', #3437, #513, #52, .T. ) ;
#4234 = DIRECTION ( 'NONE',  ( 0.000000000000000000, 0.000000000000000000, 1.000000000000000000 ) ) ;
#4235 = ORIENTED_EDGE ( 'NONE', *, *, #739, .T. ) ;
#4236 = LINE ( 'NONE', #4142, #4032 ) ;
#4237 = ORIENTED_EDGE ( 'NONE', *, *, #3275, .F. ) ;
#4238 = CARTESIAN_POINT ( 'NONE',  ( 4.119919448520120042, 1.043438420658194143, -6.719500000000000028 ) ) ;
#4239 = CARTESIAN_POINT ( 'NONE',  ( -3.207792781939549975, 1.513233103517119815, -7.000000000000000000 ) ) ;
#4240 = ORIENTED_EDGE ( 'NONE', *, *, #4036, .F. ) ;
#4241 = EDGE_CURVE ( 'NONE', #2791, #4065, #829, .T. ) ;
#4242 = AXIS2_PLACEMENT_3D ( 'NONE', #2391, #2113, #3493 ) ;
#4243 = CARTESIAN_POINT ( 'NONE',  ( -1.431569119554315872, 2.888155008907944854, -7.000000000000000000 ) ) ;
#4244 = CARTESIAN_POINT ( 'NONE',  ( -3.235607650385385003, -0.7227735835918119855, -7.000000000000000000 ) ) ;
#4245 = ORIENTED_EDGE ( 'NONE', *, *, #2583, .T. ) ;
#4246 = CARTESIAN_POINT ( 'NONE',  ( 4.119919448519769212, -1.043438420659582144, -4.000000000000000000 ) ) ;
#4247 = VECTOR ( 'NONE', #2190, 1000.000000000000000 ) ;
#4248 = EDGE_CURVE ( 'NONE', #342, #801, #1746, .T. ) ;
#4249 = CARTESIAN_POINT ( 'NONE',  ( 0.2933980814764465261, 3.534646590994565241, -7.000000000000000000 ) ) ;
#4250 = VECTOR ( 'NONE', #2998, 1000.000000000000000 ) ;
#4251 = ORIENTED_EDGE ( 'NONE', *, *, #1294, .F. ) ;
#4252 = DIRECTION ( 'NONE',  ( 0.000000000000000000, 0.000000000000000000, 1.000000000000000000 ) ) ;
#4253 = ORIENTED_EDGE ( 'NONE', *, *, #4270, .T. ) ;
#4254 = DIRECTION ( 'NONE',  ( 0.000000000000000000, 0.000000000000000000, 1.000000000000000000 ) ) ;
#4255 = ORIENTED_EDGE ( 'NONE', *, *, #1268, .T. ) ;
#4256 = CARTESIAN_POINT ( 'NONE',  ( -3.545951877715329825, 0.07768036026360160273, -7.000000000000000000 ) ) ;
#4257 = EDGE_CURVE ( 'NONE', #1597, #2336, #4129, .T. ) ;
#4258 = DIRECTION ( 'NONE',  ( 0.000000000000000000, 0.000000000000000000, 1.000000000000000000 ) ) ;
#4259 = EDGE_CURVE ( 'NONE', #3672, #3105, #2211, .T. ) ;
#4260 = VERTEX_POINT ( 'NONE', #3534 ) ;
#4261 = VERTEX_POINT ( 'NONE', #788 ) ;
#4262 = AXIS2_PLACEMENT_3D ( 'NONE', #2268, #892, #2622 ) ;
#4263 = AXIS2_PLACEMENT_3D ( 'NONE', #3745, #2347, #3355 ) ;
#4264 = CARTESIAN_POINT ( 'NONE',  ( 3.270635594739164542, 0.2254898343303584907, -7.000000000000000000 ) ) ;
#4265 = VECTOR ( 'NONE', #1272, 1000.000000000000000 ) ;
#4266 = ORIENTED_EDGE ( 'NONE', *, *, #4388, .F. ) ;
#4267 = CARTESIAN_POINT ( 'NONE',  ( 0.7962284048838049744, -3.180239485670429911, -7.000000000000000000 ) ) ;
#4268 = VECTOR ( 'NONE', #3863, 999.9999999999998863 ) ;
#4269 = DIRECTION ( 'NONE',  ( 1.000000000000000000, 0.000000000000000000, 0.000000000000000000 ) ) ;
#4270 = EDGE_CURVE ( 'NONE', #542, #3174, #1526, .T. ) ;
#4271 = ORIENTED_EDGE ( 'NONE', *, *, #3014, .F. ) ;
#4272 = AXIS2_PLACEMENT_3D ( 'NONE', #4164, #3520, #417 ) ;
#4273 = DIRECTION ( 'NONE',  ( 1.000000000000000000, -2.208718528794109349E-15, 0.000000000000000000 ) ) ;
#4274 = DIRECTION ( 'NONE',  ( 1.000000000000000000, 0.000000000000000000, 0.000000000000000000 ) ) ;
#4275 = ORIENTED_EDGE ( 'NONE', *, *, #2758, .T. ) ;
#4276 = ORIENTED_EDGE ( 'NONE', *, *, #1304, .F. ) ;
#4277 = DIRECTION ( 'NONE',  ( 0.9135454576426003115, -0.4067366430758016516, 0.000000000000000000 ) ) ;
#4278 = AXIS2_PLACEMENT_3D ( 'NONE', #882, #3541, #3908 ) ;
#4279 = LINE ( 'NONE', #3981, #847 ) ;
#4280 = VERTEX_POINT ( 'NONE', #4267 ) ;
#4281 = ORIENTED_EDGE ( 'NONE', *, *, #2295, .F. ) ;
#4282 = AXIS2_PLACEMENT_3D ( 'NONE', #292, #573, #4450 ) ;
#4283 = EDGE_CURVE ( 'NONE', #2009, #1480, #3986, .T. ) ;
#4284 = CARTESIAN_POINT ( 'NONE',  ( -3.152282387150860288, -0.9005657169910510351, -7.000000000000000000 ) ) ;
#4285 = ORIENTED_EDGE ( 'NONE', *, *, #1351, .T. ) ;
#4286 = DIRECTION ( 'NONE',  ( 0.000000000000000000, 0.000000000000000000, 1.000000000000000000 ) ) ;
#4287 = CIRCLE ( 'NONE', #1464, 0.1963495408493620142 ) ;
#4288 = CARTESIAN_POINT ( 'NONE',  ( -1.156315544683381935, 4.089674114291534934, -6.719500000002040174 ) ) ;
#4289 = LINE ( 'NONE', #3601, #2861 ) ;
#4290 = PRODUCT_CONTEXT ( 'NONE', #3511, 'mechanical' ) ;
#4291 = EDGE_LOOP ( 'NONE', ( #4281, #949, #1042, #2375, #3822 ) ) ;
#4292 = EDGE_CURVE ( 'NONE', #2036, #798, #939, .T. ) ;
#4293 = DIRECTION ( 'NONE',  ( 1.000000000000000000, 0.000000000000000000, 0.000000000000000000 ) ) ;
#4294 = DIRECTION ( 'NONE',  ( 0.9781476007338069101, 0.2079116908177535139, 0.000000000000000000 ) ) ;
#4295 = ORIENTED_EDGE ( 'NONE', *, *, #2608, .T. ) ;
#4296 = LINE ( 'NONE', #2916, #1904 ) ;
#4297 = ORIENTED_EDGE ( 'NONE', *, *, #661, .T. ) ;
#4298 = DIRECTION ( 'NONE',  ( 0.9945218953682742891, 0.1045284632676436315, 0.000000000000000000 ) ) ;
#4299 = FACE_OUTER_BOUND ( 'NONE', #2447, .T. ) ;
#4300 = ORIENTED_EDGE ( 'NONE', *, *, #1468, .T. ) ;
#4301 = CARTESIAN_POINT ( 'NONE',  ( 0.2933980814763980094, -3.534646590994565241, -4.000000000000000000 ) ) ;
#4302 = DIRECTION ( 'NONE',  ( -1.000000000000000000, 0.000000000000000000, 0.000000000000000000 ) ) ;
#4303 = EDGE_CURVE ( 'NONE', #374, #523, #362, .T. ) ;
#4304 =( NAMED_UNIT ( * ) SI_UNIT ( $, .STERADIAN. ) SOLID_ANGLE_UNIT ( ) );
#4305 = LINE ( 'NONE', #3620, #2952 ) ;
#4306 = AXIS2_PLACEMENT_3D ( 'NONE', #2388, #3153, #3490 ) ;
#4307 = CARTESIAN_POINT ( 'NONE',  ( 0.000000000000000000, 0.000000000000000000, -4.000000000000000000 ) ) ;
#4308 = CIRCLE ( 'NONE', #687, 1.973045005896730153 ) ;
#4309 = ADVANCED_FACE ( 'NONE', ( #160 ), #2562, .T. ) ;
#4310 = CYLINDRICAL_SURFACE ( 'NONE', #1533, 4.250000000000000000 ) ;
#4311 = ORIENTED_EDGE ( 'NONE', *, *, #2654, .F. ) ;
#4312 = AXIS2_PLACEMENT_3D ( 'NONE', #3430, #1300, #510 ) ;
#4313 = CYLINDRICAL_SURFACE ( 'NONE', #48, 0.1963495408493620142 ) ;
#4314 = DIRECTION ( 'NONE',  ( -0.9510565162951503115, 0.3090169943749576098, 0.000000000000000000 ) ) ;
#4315 = DIRECTION ( 'NONE',  ( 1.000000000000000000, 0.000000000000000000, 0.000000000000000000 ) ) ;
#4316 = ORIENTED_EDGE ( 'NONE', *, *, #2679, .F. ) ;
#4317 = CARTESIAN_POINT ( 'NONE',  ( 0.000000000000000000, 0.000000000000000000, -4.000000000000000000 ) ) ;
#4318 = ORIENTED_EDGE ( 'NONE', *, *, #1643, .F. ) ;
#4319 = CARTESIAN_POINT ( 'NONE',  ( 3.118825397134030286, -0.1963495408493620142, -7.000000000000000000 ) ) ;
#4320 = B_SPLINE_CURVE_WITH_KNOTS ( 'NONE', 3,
 ( #870, #1925, #2227, #2858 ),
 .UNSPECIFIED., .F., .F.,
 ( 4, 4 ),
 ( 2.997650977764835125E-07, 0.0003501113275967674852 ),
 .UNSPECIFIED. ) ;
#4321 = CIRCLE ( 'NONE', #408, 0.1963495408493620142 ) ;
#4322 = DIRECTION ( 'NONE',  ( 0.000000000000000000, 0.000000000000000000, -1.000000000000000000 ) ) ;
#4323 = EDGE_LOOP ( 'NONE', ( #3005, #1081, #153, #3241, #2315 ) ) ;
#4324 = EDGE_CURVE ( 'NONE', #2467, #1822, #4305, .T. ) ;
#4325 = ORIENTED_EDGE ( 'NONE', *, *, #3237, .F. ) ;
#4326 = CIRCLE ( 'NONE', #415, 1.973045005896729709 ) ;
#4327 = DIRECTION ( 'NONE',  ( 0.000000000000000000, 0.000000000000000000, 1.000000000000000000 ) ) ;
#4328 = FACE_OUTER_BOUND ( 'NONE', #1707, .T. ) ;
#4329 = DIRECTION ( 'NONE',  ( 1.000000000000000000, 0.000000000000000000, 0.000000000000000000 ) ) ;
#4330 = CIRCLE ( 'NONE', #198, 0.1963495408493620142 ) ;
#4331 = PLANE ( 'NONE',  #325 ) ;
#4332 = EDGE_LOOP ( 'NONE', ( #3740, #2206, #2134, #185 ) ) ;
#4333 = AXIS2_PLACEMENT_3D ( 'NONE', #4111, #654, #1596 ) ;
#4334 = VECTOR ( 'NONE', #2322, 1000.000000000000114 ) ;
#4335 = ADVANCED_FACE ( 'NONE', ( #3965 ), #856, .T. ) ;
#4336 = EDGE_CURVE ( 'NONE', #759, #446, #2412, .T. ) ;
#4337 = DIRECTION ( 'NONE',  ( 0.000000000000000000, 0.000000000000000000, 1.000000000000000000 ) ) ;
#4338 = CARTESIAN_POINT ( 'NONE',  ( 2.243744109767559891, 2.440731630117074946, -7.000000000000000000 ) ) ;
#4339 = EDGE_LOOP ( 'NONE', ( #1230, #4116, #2817, #1735 ) ) ;
#4340 = CARTESIAN_POINT ( 'NONE',  ( -0.5661290900510900226, -3.229148604873889994, -4.000000000000000000 ) ) ;
#4341 = ORIENTED_EDGE ( 'NONE', *, *, #1545, .T. ) ;
#4342 = CARTESIAN_POINT ( 'NONE',  ( 4.108399379804460239, -0.6460878019150709806, -6.811067207383659117 ) ) ;
#4343 = CYLINDRICAL_SURFACE ( 'NONE', #2570, 4.250000000000000000 ) ;
#4344 = EDGE_LOOP ( 'NONE', ( #105, #4167, #1437, #3382, #3381 ) ) ;
#4345 = VERTEX_POINT ( 'NONE', #4083 ) ;
#4346 = ORIENTED_EDGE ( 'NONE', *, *, #358, .F. ) ;
#4347 = PLANE ( 'NONE',  #851 ) ;
#4348 = VECTOR ( 'NONE', #4105, 1000.000000000000000 ) ;
#4349 = DIRECTION ( 'NONE',  ( 1.000000000000000000, 0.000000000000000000, 0.000000000000000000 ) ) ;
#4350 = EDGE_CURVE ( 'NONE', #3246, #2250, #3028, .T. ) ;
#4351 = CARTESIAN_POINT ( 'NONE',  ( 1.981338335719254884, -3.759893402663419870, -7.000000000000000000 ) ) ;
#4352 = EDGE_CURVE ( 'NONE', #1121, #2299, #4157, .T. ) ;
#4353 = LINE ( 'NONE', #2606, #165 ) ;
#4354 = VERTEX_POINT ( 'NONE', #1682 ) ;
#4355 = CIRCLE ( 'NONE', #2892, 1.973045005896730153 ) ;
#4356 = CARTESIAN_POINT ( 'NONE',  ( -3.741981868893905272, 1.324576137060185843, -7.000000000000000000 ) ) ;
#4357 = CARTESIAN_POINT ( 'NONE',  ( -1.529743889978995020, 2.718111318510974872, -4.000000000000000000 ) ) ;
#4358 = EDGE_CURVE ( 'NONE', #650, #1971, #794, .T. ) ;
#4359 = ORIENTED_EDGE ( 'NONE', *, *, #2153, .T. ) ;
#4360 = EDGE_CURVE ( 'NONE', #3922, #2048, #287, .T. ) ;
#4361 = ORIENTED_EDGE ( 'NONE', *, *, #2491, .F. ) ;
#4362 = CARTESIAN_POINT ( 'NONE',  ( 1.793173127204614969, -3.648442585347724698, -6.904494519921311024 ) ) ;
#4363 = DIRECTION ( 'NONE',  ( 0.000000000000000000, 0.000000000000000000, -1.000000000000000000 ) ) ;
#4364 = ORIENTED_EDGE ( 'NONE', *, *, #4192, .F. ) ;
#4365 = ORIENTED_EDGE ( 'NONE', *, *, #1980, .F. ) ;
#4366 = ORIENTED_EDGE ( 'NONE', *, *, #335, .T. ) ;
#4367 = DIRECTION ( 'NONE',  ( 0.000000000000000000, 0.000000000000000000, -1.000000000000000000 ) ) ;
#4368 = DIRECTION ( 'NONE',  ( 1.000000000000000000, 0.000000000000000000, 0.000000000000000000 ) ) ;
#4369 = DIRECTION ( 'NONE',  ( 0.000000000000000000, 0.000000000000000000, 1.000000000000000000 ) ) ;
#4370 = DIRECTION ( 'NONE',  ( 0.000000000000000000, 0.000000000000000000, 1.000000000000000000 ) ) ;
#4371 = EDGE_CURVE ( 'NONE', #4261, #3437, #3762, .T. ) ;
#4372 = CYLINDRICAL_SURFACE ( 'NONE', #2471, 4.250000000000000000 ) ;
#4373 = VERTEX_POINT ( 'NONE', #1073 ) ;
#4374 = ADVANCED_FACE ( 'NONE', ( #293 ), #3809, .F. ) ;
#4375 = DIRECTION ( 'NONE',  ( 1.000000000000000000, 0.000000000000000000, 0.000000000000000000 ) ) ;
#4376 = DIRECTION ( 'NONE',  ( 1.000000000000000000, 0.000000000000000000, 0.000000000000000000 ) ) ;
#4377 = LINE ( 'NONE', #1269, #110 ) ;
#4378 = VERTEX_POINT ( 'NONE', #3052 ) ;
#4379 = ORIENTED_EDGE ( 'NONE', *, *, #3440, .T. ) ;
#4380 = CIRCLE ( 'NONE', #471, 0.1963495408493620142 ) ;
#4381 = CARTESIAN_POINT ( 'NONE',  ( -2.702169557679734879, 1.920895156410014959, -4.000000000000000000 ) ) ;
#4382 = AXIS2_PLACEMENT_3D ( 'NONE', #2573, #3370, #267 ) ;
#4383 = ORIENTED_EDGE ( 'NONE', *, *, #1356, .F. ) ;
#4384 = VERTEX_POINT ( 'NONE', #2063 ) ;
#4385 = VERTEX_POINT ( 'NONE', #696 ) ;
#4386 = FACE_BOUND ( 'NONE', #2933, .T. ) ;
#4387 = AXIS2_PLACEMENT_3D ( 'NONE', #3168, #22, #2124 ) ;
#4388 = EDGE_CURVE ( 'NONE', #2036, #1852, #1515, .T. ) ;
#4389 = EDGE_CURVE ( 'NONE', #4089, #759, #1168, .T. ) ;
#4390 = B_SPLINE_CURVE_WITH_KNOTS ( 'NONE', 3,
 ( #2485, #1056, #1417, #3566 ),
 .UNSPECIFIED., .F., .F.,
 ( 4, 4 ),
 ( 2.878919681507694933E-07, 0.0004297324247557644675 ),
 .UNSPECIFIED. ) ;
#4391 = CYLINDRICAL_SURFACE ( 'NONE', #3722, 1.973045005896729709 ) ;
#4392 = CARTESIAN_POINT ( 'NONE',  ( 3.532190061753490262, 2.363500236435895019, -6.719500000002040174 ) ) ;
#4393 = CYLINDRICAL_SURFACE ( 'NONE', #1594, 4.250000000000000000 ) ;
#4394 = DIRECTION ( 'NONE',  ( 1.000000000000000000, 0.000000000000000000, 0.000000000000000000 ) ) ;
#4395 = LINE ( 'NONE', #3732, #3150 ) ;
#4396 = CARTESIAN_POINT ( 'NONE',  ( -2.778539377712864855, -1.740006260178434960, -7.000000000000000000 ) ) ;
#4397 = ORIENTED_EDGE ( 'NONE', *, *, #3154, .T. ) ;
#4398 = AXIS2_PLACEMENT_3D ( 'NONE', #1782, #21, #1345 ) ;
#4399 = EDGE_CURVE ( 'NONE', #3254, #1488, #1311, .T. ) ;
#4400 = CARTESIAN_POINT ( 'NONE',  ( -1.627918660403720130, -2.888155008907924870, -7.000000000000000000 ) ) ;
#4401 = AXIS2_PLACEMENT_3D ( 'NONE', #823, #3655, #2201 ) ;
#4402 = DIRECTION ( 'NONE',  ( 0.000000000000000000, 0.000000000000000000, 1.000000000000000000 ) ) ;
#4403 = ORIENTED_EDGE ( 'NONE', *, *, #3220, .T. ) ;
#4404 = CIRCLE ( 'NONE', #2436, 1.973045005896730153 ) ;
#4405 = EDGE_LOOP ( 'NONE', ( #1574, #2284, #3469, #1084 ) ) ;
#4406 = CARTESIAN_POINT ( 'NONE',  ( 2.265494034368365384, 3.595836033558999834, -6.719500000000000028 ) ) ;
#4407 = AXIS2_PLACEMENT_3D ( 'NONE', #945, #3643, #4329 ) ;
#4408 = CARTESIAN_POINT ( 'NONE',  ( 0.000000000000000000, 0.000000000000000000, -6.719500000000000028 ) ) ;
#4409 = ORIENTED_EDGE ( 'NONE', *, *, #3413, .F. ) ;
#4410 = ORIENTED_EDGE ( 'NONE', *, *, #3665, .F. ) ;
#4411 = ORIENTED_EDGE ( 'NONE', *, *, #1948, .T. ) ;
#4412 = DIRECTION ( 'NONE',  ( 0.000000000000000000, 0.000000000000000000, 1.000000000000000000 ) ) ;
#4413 = DIRECTION ( 'NONE',  ( -0.000000000000000000, -0.000000000000000000, -1.000000000000000000 ) ) ;
#4414 = DIRECTION ( 'NONE',  ( 0.000000000000000000, 0.000000000000000000, 1.000000000000000000 ) ) ;
#4415 = DIRECTION ( 'NONE',  ( 1.000000000000000000, 0.000000000000000000, 0.000000000000000000 ) ) ;
#4416 = CYLINDRICAL_SURFACE ( 'NONE', #1020, 0.1963495408493620142 ) ;
#4417 = EDGE_CURVE ( 'NONE', #3000, #3518, #33, .T. ) ;
#4418 = ADVANCED_FACE ( 'NONE', ( #339 ), #3738, .T. ) ;
#4419 = CARTESIAN_POINT ( 'NONE',  ( 0.000000000000000000, 0.000000000000000000, -4.000000000000000000 ) ) ;
#4420 = AXIS2_PLACEMENT_3D ( 'NONE', #1812, #4286, #1791 ) ;
#4421 = DIRECTION ( 'NONE',  ( 0.000000000000000000, 0.000000000000000000, -1.000000000000000000 ) ) ;
#4422 = ORIENTED_EDGE ( 'NONE', *, *, #4056, .T. ) ;
#4423 = CARTESIAN_POINT ( 'NONE',  ( 3.000000000000000444, 0.000000000000000000, -7.000000000000000000 ) ) ;
#4424 = DIRECTION ( 'NONE',  ( 1.000000000000000000, 0.000000000000000000, 0.000000000000000000 ) ) ;
#4425 = DIRECTION ( 'NONE',  ( 0.000000000000000000, 0.000000000000000000, -1.000000000000000000 ) ) ;
#4426 = DIRECTION ( 'NONE',  ( 0.000000000000000000, 0.000000000000000000, 1.000000000000000000 ) ) ;
#4427 = ORIENTED_EDGE ( 'NONE', *, *, #3555, .F. ) ;
#4428 = VERTEX_POINT ( 'NONE', #1659 ) ;
#4429 = AXIS2_PLACEMENT_3D ( 'NONE', #3715, #4426, #1964 ) ;
#4430 = DIRECTION ( 'NONE',  ( 0.000000000000000000, 0.000000000000000000, -1.000000000000000000 ) ) ;
#4431 = ADVANCED_FACE ( 'NONE', ( #2733 ), #1386, .F. ) ;
#4432 = CARTESIAN_POINT ( 'NONE',  ( 2.248760605675605095, -3.271086362106865320, -7.000000000000000000 ) ) ;
#4433 = VECTOR ( 'NONE', #1612, 1000.000000000000000 ) ;
#4434 = ORIENTED_EDGE ( 'NONE', *, *, #91, .T. ) ;
#4435 = ORIENTED_EDGE ( 'NONE', *, *, #4371, .T. ) ;
#4436 = ORIENTED_EDGE ( 'NONE', *, *, #3018, .T. ) ;
#4437 = CARTESIAN_POINT ( 'NONE',  ( -3.249853172817215086, 0.6557536698337659287, -7.000000000000000000 ) ) ;
#4438 = EDGE_CURVE ( 'NONE', #2642, #1796, #2522, .T. ) ;
#4439 = LINE ( 'NONE', #3089, #2209 ) ;
#4440 = DIRECTION ( 'NONE',  ( -0.000000000000000000, -0.000000000000000000, 1.000000000000000000 ) ) ;
#4441 = CARTESIAN_POINT ( 'NONE',  ( 3.014628782297414933, -1.379699904078629968, -7.000000000000000000 ) ) ;
#4442 = CYLINDRICAL_SURFACE ( 'NONE', #1259, 3.000000000000000444 ) ;
#4443 = EDGE_CURVE ( 'NONE', #1765, #2915, #4182, .T. ) ;
#4444 = CYLINDRICAL_SURFACE ( 'NONE', #3366, 1.973045005896730153 ) ;
#4445 = VERTEX_POINT ( 'NONE', #3025 ) ;
#4446 = CARTESIAN_POINT ( 'NONE',  ( 0.4479077197208464756, -3.518406973625709977, -7.000000000000000000 ) ) ;
#4447 = EDGE_CURVE ( 'NONE', #3416, #20, #2685, .T. ) ;
#4448 = CIRCLE ( 'NONE', #1122, 4.250000000000000000 ) ;
#4449 = DIRECTION ( 'NONE',  ( 0.000000000000000000, 0.000000000000000000, 1.000000000000000000 ) ) ;
#4450 = DIRECTION ( 'NONE',  ( 0.8090169943749502268, 0.5877852522924691403, 0.000000000000000000 ) ) ;
#4451 = CARTESIAN_POINT ( 'NONE',  ( 1.150509560498988115, 2.905503872170954516, -7.000000000000000000 ) ) ;
#4452 = LINE ( 'NONE', #3350, #3335 ) ;
#4453 = ORIENTED_EDGE ( 'NONE', *, *, #1836, .T. ) ;
#4454 = ORIENTED_EDGE ( 'NONE', *, *, #2256, .F. ) ;
#4455 = CARTESIAN_POINT ( 'NONE',  ( 0.000000000000000000, 0.000000000000000000, -7.000000000000000000 ) ) ;
#4456 = CIRCLE ( 'NONE', #3063, 4.250000000000000000 ) ;
#4457 = FACE_OUTER_BOUND ( 'NONE', #4323, .T. ) ;
#4458 = ORIENTED_EDGE ( 'NONE', *, *, #3298, .T. ) ;
#4459 = ORIENTED_EDGE ( 'NONE', *, *, #3594, .F. ) ;
#4460 = DIRECTION ( 'NONE',  ( 0.000000000000000000, 0.000000000000000000, 1.000000000000000000 ) ) ;
#4461 = AXIS2_PLACEMENT_3D ( 'NONE', #527, #3362, #2648 ) ;
#4462 = EDGE_CURVE ( 'NONE', #2517, #2643, #3918, .T. ) ;
#4463 = DIRECTION ( 'NONE',  ( 0.000000000000000000, 0.000000000000000000, 1.000000000000000000 ) ) ;
#4464 = DIRECTION ( 'NONE',  ( 1.000000000000000000, 0.000000000000000000, 0.000000000000000000 ) ) ;
#4465 = CARTESIAN_POINT ( 'NONE',  ( -3.812946277480765200, 1.877216206255485131, -6.719500000002040174 ) ) ;
#4466 = AXIS2_PLACEMENT_3D ( 'NONE', #3531, #1449, #2475 ) ;
#4467 = CARTESIAN_POINT ( 'NONE',  ( 0.2933980814764465261, 3.534646590994565241, -4.000000000000000000 ) ) ;
#4468 = AXIS2_PLACEMENT_3D ( 'NONE', #3187, #2096, #2743 ) ;
#4469 = VERTEX_POINT ( 'NONE', #746 ) ;
#4470 = DIRECTION ( 'NONE',  ( 0.000000000000000000, 0.000000000000000000, 1.000000000000000000 ) ) ;
#4471 = VECTOR ( 'NONE', #647, 1000.000000000000114 ) ;
#4472 = CARTESIAN_POINT ( 'NONE',  ( 0.2807562157274940406, 4.240716442693425847, -4.000000000000000000 ) ) ;
#4473 = FACE_OUTER_BOUND ( 'NONE', #3090, .T. ) ;
#4474 = CARTESIAN_POINT ( 'NONE',  ( -1.494671252583230192, -3.881022082944935114, -6.811067249911280541 ) ) ;
#4475 = CARTESIAN_POINT ( 'NONE',  ( 3.042497229473239972, 1.317106346890114077, -7.000000000000000000 ) ) ;
#4476 = ORIENTED_EDGE ( 'NONE', *, *, #1304, .T. ) ;
#4477 = ORIENTED_EDGE ( 'NONE', *, *, #991, .F. ) ;
#4478 = EDGE_CURVE ( 'NONE', #3184, #3994, #3560, .T. ) ;
#4479 = ADVANCED_FACE ( 'NONE', ( #1186, #3180 ), #2192, .T. ) ;
#4480 = DIRECTION ( 'NONE',  ( 0.000000000000000000, 0.000000000000000000, -1.000000000000000000 ) ) ;
#4481 = VECTOR ( 'NONE', #2719, 1000.000000000000114 ) ;
#4482 = VECTOR ( 'NONE', #1197, 1000.000000000000000 ) ;
#4483 = CARTESIAN_POINT ( 'NONE',  ( 0.000000000000000000, 0.000000000000000000, -6.719500000000000028 ) ) ;
#4484 = AXIS2_PLACEMENT_3D ( 'NONE', #1509, #149, #1823 ) ;
#4485 = ORIENTED_EDGE ( 'NONE', *, *, #3832, .F. ) ;
#4486 = DIRECTION ( 'NONE',  ( 0.000000000000000000, 0.000000000000000000, 1.000000000000000000 ) ) ;
#4487 = VERTEX_POINT ( 'NONE', #2214 ) ;
#4488 = DIRECTION ( 'NONE',  ( 1.000000000000000000, 0.000000000000000000, 0.000000000000000000 ) ) ;
#4489 = AXIS2_PLACEMENT_3D ( 'NONE', #2420, #1105, #3133 ) ;
#4490 = AXIS2_PLACEMENT_3D ( 'NONE', #4455, #2737, #2714 ) ;
#4491 = CONICAL_SURFACE ( 'NONE', #4272, 4.250000000000000000, 0.7853981633974391752 ) ;
#4492 = VERTEX_POINT ( 'NONE', #412 ) ;
#4493 = CYLINDRICAL_SURFACE ( 'NONE', #3698, 4.250000000000000000 ) ;
#4494 = DIRECTION ( 'NONE',  ( 0.000000000000000000, 0.000000000000000000, -1.000000000000000000 ) ) ;
ENDSEC;
END-ISO-10303-21;
