ISO-10303-21;
HEADER;
FILE_DESCRIPTION (( 'STEP AP214' ),
    '1' );
FILE_NAME ('gear mounts-bult_side.STEP',
    '2025-03-25T06:34:04',
    ( '' ),
    ( '' ),
    'SwSTEP 2.0',
    'SolidWorks 2023',
    '' );
FILE_SCHEMA (( 'AUTOMOTIVE_DESIGN' ));
ENDSEC;

DATA;
#1 = DIRECTION ( 'NONE',  ( -1.000000000000000000, 0.000000000000000000, 0.000000000000000000 ) ) ;
#2 = ORIENTED_EDGE ( 'NONE', *, *, #1173, .T. ) ;
#3 = ADVANCED_FACE ( 'NONE', ( #171, #1383 ), #307, .T. ) ;
#4 = DIRECTION ( 'NONE',  ( -1.000000000000000000, 0.000000000000000000, 0.000000000000000000 ) ) ;
#5 = EDGE_LOOP ( 'NONE', ( #537, #1369 ) ) ;
#6 = CARTESIAN_POINT ( 'NONE',  ( 27.20000000000000284, 29.00000000000000000, 5.250000000000000000 ) ) ;
#7 = VERTEX_POINT ( 'NONE', #1014 ) ;
#8 = CARTESIAN_POINT ( 'NONE',  ( 35.00002264833060650, 4.052132500626949962, 0.000000000000000000 ) ) ;
#9 = VECTOR ( 'NONE', #1357, 1000.000000000000000 ) ;
#10 = CIRCLE ( 'NONE', #343, 3.499999999999999556 ) ;
#11 = CIRCLE ( 'NONE', #448, 6.550000000000000711 ) ;
#12 = FACE_OUTER_BOUND ( 'NONE', #1307, .T. ) ;
#13 = ORIENTED_EDGE ( 'NONE', *, *, #352, .F. ) ;
#14 = CIRCLE ( 'NONE', #816, 3.500000000000003109 ) ;
#15 = DIRECTION ( 'NONE',  ( 1.000000000000000000, 0.000000000000000000, -0.000000000000000000 ) ) ;
#16 = EDGE_CURVE ( 'NONE', #598, #1183, #1506, .T. ) ;
#17 = ORIENTED_EDGE ( 'NONE', *, *, #169, .F. ) ;
#18 = VECTOR ( 'NONE', #303, 1000.000000000000000 ) ;
#19 = AXIS2_PLACEMENT_3D ( 'NONE', #1465, #380, #976 ) ;
#20 = DIRECTION ( 'NONE',  ( -0.000000000000000000, -0.000000000000000000, 1.000000000000000000 ) ) ;
#21 = FACE_OUTER_BOUND ( 'NONE', #1481, .T. ) ;
#22 = ORIENTED_EDGE ( 'NONE', *, *, #497, .T. ) ;
#23 = DIRECTION ( 'NONE',  ( -1.000000000000000000, 0.000000000000000000, 0.000000000000000000 ) ) ;
#24 = VERTEX_POINT ( 'NONE', #907 ) ;
#25 = EDGE_CURVE ( 'NONE', #300, #830, #498, .T. ) ;
#26 = FACE_OUTER_BOUND ( 'NONE', #361, .T. ) ;
#27 = ADVANCED_BREP_SHAPE_REPRESENTATION ( 'gear mounts-bult_side', ( #174, #1222 ), #624 ) ;
#28 = DIRECTION ( 'NONE',  ( -0.000000000000000000, -0.000000000000000000, 1.000000000000000000 ) ) ;
#29 = ORIENTED_EDGE ( 'NONE', *, *, #1158, .T. ) ;
#30 = DIRECTION ( 'NONE',  ( 1.000000000000000000, 0.000000000000000000, 0.000000000000000000 ) ) ;
#31 = ORIENTED_EDGE ( 'NONE', *, *, #1043, .T. ) ;
#32 = LINE ( 'NONE', #764, #925 ) ;
#33 = DIRECTION ( 'NONE',  ( 1.000000000000000000, 0.000000000000000000, 0.000000000000000000 ) ) ;
#34 = EDGE_CURVE ( 'NONE', #357, #71, #696, .T. ) ;
#35 = CARTESIAN_POINT ( 'NONE',  ( 55.00000000000000711, 29.00000000000000000, 0.000000000000000000 ) ) ;
#36 = VERTEX_POINT ( 'NONE', #510 ) ;
#37 = CARTESIAN_POINT ( 'NONE',  ( 18.50000000000000000, 29.00000000000000000, -0.001000000000000132727 ) ) ;
#38 = ORIENTED_EDGE ( 'NONE', *, *, #1076, .T. ) ;
#39 = ORIENTED_EDGE ( 'NONE', *, *, #485, .F. ) ;
#40 = AXIS2_PLACEMENT_3D ( 'NONE', #230, #596, #323 ) ;
#41 = AXIS2_PLACEMENT_3D ( 'NONE', #147, #633, #1112 ) ;
#42 = ORIENTED_EDGE ( 'NONE', *, *, #1083, .T. ) ;
#43 = DIRECTION ( 'NONE',  ( 1.000000000000000000, -0.000000000000000000, -0.000000000000000000 ) ) ;
#44 = CARTESIAN_POINT ( 'NONE',  ( 10.00000000000000000, 4.052132500626949962, 7.000000000000000000 ) ) ;
#45 = ADVANCED_FACE ( 'NONE', ( #984 ), #1468, .F. ) ;
#46 = DIRECTION ( 'NONE',  ( 0.000000000000000000, 0.000000000000000000, -1.000000000000000000 ) ) ;
#47 = EDGE_CURVE ( 'NONE', #1462, #1386, #1254, .T. ) ;
#48 = ORIENTED_EDGE ( 'NONE', *, *, #1090, .F. ) ;
#49 = DIRECTION ( 'NONE',  ( 1.000000000000000000, 0.000000000000000000, 0.000000000000000000 ) ) ;
#50 = VERTEX_POINT ( 'NONE', #348 ) ;
#51 = VERTEX_POINT ( 'NONE', #1515 ) ;
#52 = CARTESIAN_POINT ( 'NONE',  ( 20.00000000000000000, 48.00000000000000000, 0.000000000000000000 ) ) ;
#53 = EDGE_LOOP ( 'NONE', ( #1143, #781, #1554, #487 ) ) ;
#54 = DIRECTION ( 'NONE',  ( 0.000000000000000000, 0.000000000000000000, -1.000000000000000000 ) ) ;
#55 = ADVANCED_FACE ( 'NONE', ( #1298 ), #1529, .F. ) ;
#56 = DIRECTION ( 'NONE',  ( -0.000000000000000000, -0.000000000000000000, -1.000000000000000000 ) ) ;
#57 = ORIENTED_EDGE ( 'NONE', *, *, #125, .F. ) ;
#58 = CARTESIAN_POINT ( 'NONE',  ( 35.00002264833060650, 4.052132500626949962, 0.000000000000000000 ) ) ;
#59 = EDGE_CURVE ( 'NONE', #1386, #1462, #576, .T. ) ;
#60 = ORIENTED_EDGE ( 'NONE', *, *, #725, .F. ) ;
#61 = CYLINDRICAL_SURFACE ( 'NONE', #517, 3.000000000000002665 ) ;
#62 = ORIENTED_EDGE ( 'NONE', *, *, #1111, .F. ) ;
#63 = CYLINDRICAL_SURFACE ( 'NONE', #114, 1.699999999999993072 ) ;
#64 = DIRECTION ( 'NONE',  ( 1.000000000000000000, 0.000000000000000000, 0.000000000000000000 ) ) ;
#65 = ORIENTED_EDGE ( 'NONE', *, *, #247, .T. ) ;
#66 = DIRECTION ( 'NONE',  ( 1.000000000000000000, 0.000000000000000000, 0.000000000000000000 ) ) ;
#67 = VERTEX_POINT ( 'NONE', #201 ) ;
#68 = CYLINDRICAL_SURFACE ( 'NONE', #1053, 3.500000000000003109 ) ;
#69 = DIRECTION ( 'NONE',  ( 1.000000000000000000, 0.000000000000000000, 0.000000000000000000 ) ) ;
#70 = EDGE_CURVE ( 'NONE', #1060, #175, #1031, .T. ) ;
#71 = VERTEX_POINT ( 'NONE', #340 ) ;
#72 = CARTESIAN_POINT ( 'NONE',  ( 64.99997735166938639, 3.999999999999997335, 0.000000000000000000 ) ) ;
#73 = VERTEX_POINT ( 'NONE', #1539 ) ;
#74 = DIRECTION ( 'NONE',  ( 1.000000000000000000, 0.000000000000000000, 0.000000000000000000 ) ) ;
#75 = AXIS2_PLACEMENT_3D ( 'NONE', #1394, #432, #658 ) ;
#76 = CIRCLE ( 'NONE', #1178, 1.700000000000000178 ) ;
#77 = CARTESIAN_POINT ( 'NONE',  ( 64.99997735166938639, 3.999999999999997335, -10.19999999999999929 ) ) ;
#78 = LINE ( 'NONE', #909, #940 ) ;
#79 = ORIENTED_EDGE ( 'NONE', *, *, #1371, .T. ) ;
#80 = FACE_OUTER_BOUND ( 'NONE', #667, .T. ) ;
#81 = DIRECTION ( 'NONE',  ( -1.000000000000000000, 0.000000000000000000, 0.000000000000000000 ) ) ;
#82 = CARTESIAN_POINT ( 'NONE',  ( 0.000000000000000000, 0.000000000000000000, -10.19999999999999929 ) ) ;
#83 = DIRECTION ( 'NONE',  ( -1.000000000000000000, 0.000000000000000000, 0.000000000000000000 ) ) ;
#84 = EDGE_LOOP ( 'NONE', ( #404, #1134, #986, #533 ) ) ;
#85 = CARTESIAN_POINT ( 'NONE',  ( 0.000000000000000000, 28.00000000000000000, 7.000000000000000000 ) ) ;
#86 = EDGE_CURVE ( 'NONE', #123, #293, #1522, .T. ) ;
#87 = DIRECTION ( 'NONE',  ( 0.000000000000000000, 1.000000000000000000, 0.000000000000000000 ) ) ;
#88 = CARTESIAN_POINT ( 'NONE',  ( 64.99997735166938639, 3.999999999999997335, 0.000000000000000000 ) ) ;
#89 = ORIENTED_EDGE ( 'NONE', *, *, #1292, .T. ) ;
#90 = AXIS2_PLACEMENT_3D ( 'NONE', #883, #421, #182 ) ;
#91 = CIRCLE ( 'NONE', #1424, 3.500000000000003109 ) ;
#92 = EDGE_CURVE ( 'NONE', #1420, #1092, #1344, .T. ) ;
#93 = DIRECTION ( 'NONE',  ( 1.000000000000000000, 0.000000000000000000, 0.000000000000000000 ) ) ;
#94 = ADVANCED_FACE ( 'NONE', ( #702 ), #821, .T. ) ;
#95 = PLANE ( 'NONE',  #1297 ) ;
#96 = ORIENTED_EDGE ( 'NONE', *, *, #877, .T. ) ;
#97 = EDGE_CURVE ( 'NONE', #265, #506, #801, .T. ) ;
#98 = CARTESIAN_POINT ( 'NONE',  ( 33.75000000000000000, 29.00000000000000000, -0.001000000000000132727 ) ) ;
#99 = EDGE_CURVE ( 'NONE', #1441, #1541, #212, .T. ) ;
#100 = ORIENTED_EDGE ( 'NONE', *, *, #1261, .T. ) ;
#101 = DIRECTION ( 'NONE',  ( -0.000000000000000000, -0.000000000000000000, 1.000000000000000000 ) ) ;
#102 = LINE ( 'NONE', #231, #422 ) ;
#103 = DIRECTION ( 'NONE',  ( 0.000000000000000000, 0.000000000000000000, 1.000000000000000000 ) ) ;
#104 = EDGE_LOOP ( 'NONE', ( #1314, #1108, #760, #809 ) ) ;
#105 = EDGE_CURVE ( 'NONE', #1229, #67, #574, .T. ) ;
#106 = AXIS2_PLACEMENT_3D ( 'NONE', #1381, #1262, #1485 ) ;
#107 = DIRECTION ( 'NONE',  ( -0.000000000000000000, -0.000000000000000000, 1.000000000000000000 ) ) ;
#108 = AXIS2_PLACEMENT_3D ( 'NONE', #685, #704, #1087 ) ;
#109 = CIRCLE ( 'NONE', #1527, 6.550000000000000711 ) ;
#110 = DIRECTION ( 'NONE',  ( -1.000000000000000000, 0.000000000000000000, 0.000000000000000000 ) ) ;
#111 = AXIS2_PLACEMENT_3D ( 'NONE', #1002, #54, #406 ) ;
#112 = DIRECTION ( 'NONE',  ( -1.000000000000000000, 0.000000000000000000, 0.000000000000000000 ) ) ;
#113 = ORIENTED_EDGE ( 'NONE', *, *, #946, .T. ) ;
#114 = AXIS2_PLACEMENT_3D ( 'NONE', #198, #544, #562 ) ;
#115 = DIRECTION ( 'NONE',  ( 1.000000000000000000, 0.000000000000000000, 0.000000000000000000 ) ) ;
#116 = EDGE_LOOP ( 'NONE', ( #657, #1458, #1207, #1524 ) ) ;
#117 = CARTESIAN_POINT ( 'NONE',  ( 37.60002264833060792, 4.052132500626949962, 0.000000000000000000 ) ) ;
#118 = EDGE_CURVE ( 'NONE', #1536, #265, #1038, .T. ) ;
#119 = APPLICATION_CONTEXT ( 'automotive_design' ) ;
#120 = CARTESIAN_POINT ( 'NONE',  ( 33.75000000000000000, 29.00000000000000000, 5.250000000000000000 ) ) ;
#121 = ORIENTED_EDGE ( 'NONE', *, *, #762, .T. ) ;
#122 = CARTESIAN_POINT ( 'NONE',  ( 18.50000000000000000, 29.00000000000000000, 7.000000000000000000 ) ) ;
#123 = VERTEX_POINT ( 'NONE', #1062 ) ;
#124 = CYLINDRICAL_SURFACE ( 'NONE', #862, 2.600000000000004974 ) ;
#125 = EDGE_CURVE ( 'NONE', #561, #459, #11, .T. ) ;
#126 = LINE ( 'NONE', #376, #890 ) ;
#127 = VERTEX_POINT ( 'NONE', #690 ) ;
#128 = DIRECTION ( 'NONE',  ( 0.000000000000000000, 0.000000000000000000, 1.000000000000000000 ) ) ;
#129 = ORIENTED_EDGE ( 'NONE', *, *, #373, .F. ) ;
#130 = LINE ( 'NONE', #1190, #1427 ) ;
#131 = AXIS2_PLACEMENT_3D ( 'NONE', #568, #488, #1188 ) ;
#132 = ORIENTED_EDGE ( 'NONE', *, *, #287, .F. ) ;
#133 = CIRCLE ( 'NONE', #921, 6.550000000000000711 ) ;
#134 = FACE_BOUND ( 'NONE', #188, .T. ) ;
#135 = ORIENTED_EDGE ( 'NONE', *, *, #70, .T. ) ;
#136 = VECTOR ( 'NONE', #808, 1000.000000000000000 ) ;
#137 = CARTESIAN_POINT ( 'NONE',  ( 64.99997735166938639, 3.999999999999997335, 0.000000000000000000 ) ) ;
#138 = VERTEX_POINT ( 'NONE', #1056 ) ;
#139 = VECTOR ( 'NONE', #280, 1000.000000000000000 ) ;
#140 = AXIS2_PLACEMENT_3D ( 'NONE', #414, #1000, #1010 ) ;
#141 = CARTESIAN_POINT ( 'NONE',  ( 0.000000000000000000, 0.000000000000000000, 7.000000000000000000 ) ) ;
#142 = AXIS2_PLACEMENT_3D ( 'NONE', #920, #1174, #93 ) ;
#143 = DIRECTION ( 'NONE',  ( -1.000000000000000000, 0.000000000000000000, -0.000000000000000000 ) ) ;
#144 = ORIENTED_EDGE ( 'NONE', *, *, #443, .T. ) ;
#145 = FACE_BOUND ( 'NONE', #252, .T. ) ;
#146 = EDGE_LOOP ( 'NONE', ( #1155, #31, #1471, #590, #153, #1464 ) ) ;
#147 = CARTESIAN_POINT ( 'NONE',  ( 15.00000000000000000, 29.00000000000000000, 5.250000000000000000 ) ) ;
#148 = DIRECTION ( 'NONE',  ( 0.000000000000000000, 0.000000000000000000, 1.000000000000000000 ) ) ;
#149 = DIRECTION ( 'NONE',  ( -0.000000000000000000, -0.000000000000000000, -1.000000000000000000 ) ) ;
#150 = ORIENTED_EDGE ( 'NONE', *, *, #1165, .T. ) ;
#151 = LINE ( 'NONE', #1093, #987 ) ;
#152 = VERTEX_POINT ( 'NONE', #1533 ) ;
#153 = ORIENTED_EDGE ( 'NONE', *, *, #805, .F. ) ;
#154 = EDGE_CURVE ( 'NONE', #1142, #1055, #164, .T. ) ;
#155 = ORIENTED_EDGE ( 'NONE', *, *, #1325, .T. ) ;
#156 = DIRECTION ( 'NONE',  ( 1.000000000000000000, 0.000000000000000000, 0.000000000000000000 ) ) ;
#157 = DIRECTION ( 'NONE',  ( -0.000000000000000000, 0.000000000000000000, -1.000000000000000000 ) ) ;
#158 = DIRECTION ( 'NONE',  ( 1.000000000000000000, 0.000000000000000000, 0.000000000000000000 ) ) ;
#159 = DIRECTION ( 'NONE',  ( 0.000000000000000000, 0.000000000000000000, 1.000000000000000000 ) ) ;
#160 = CARTESIAN_POINT ( 'NONE',  ( 35.00002264833060650, 4.052132500626949962, 0.000000000000000000 ) ) ;
#161 = VECTOR ( 'NONE', #442, 1000.000000000000000 ) ;
#162 = ORIENTED_EDGE ( 'NONE', *, *, #34, .T. ) ;
#163 = ORIENTED_EDGE ( 'NONE', *, *, #210, .F. ) ;
#164 = CIRCLE ( 'NONE', #1373, 6.550000000000000711 ) ;
#165 = AXIS2_PLACEMENT_3D ( 'NONE', #772, #782, #1265 ) ;
#166 = ORIENTED_EDGE ( 'NONE', *, *, #713, .F. ) ;
#167 = CARTESIAN_POINT ( 'NONE',  ( 90.00000000000001421, 4.052132500626949962, -3.000000000000000000 ) ) ;
#168 = LINE ( 'NONE', #289, #469 ) ;
#169 = EDGE_CURVE ( 'NONE', #1102, #138, #133, .T. ) ;
#170 = CARTESIAN_POINT ( 'NONE',  ( 67.59997735166939492, 3.999999999999997335, 7.000000000000000000 ) ) ;
#171 = FACE_OUTER_BOUND ( 'NONE', #1352, .T. ) ;
#172 = CARTESIAN_POINT ( 'NONE',  ( 62.39997735166938497, 3.999999999999997335, 7.000000000000000000 ) ) ;
#173 = DIRECTION ( 'NONE',  ( 0.000000000000000000, 0.000000000000000000, 1.000000000000000000 ) ) ;
#174 = MANIFOLD_SOLID_BREP ( 'Fillet1', #329 ) ;
#175 = VERTEX_POINT ( 'NONE', #603 ) ;
#176 = DIRECTION ( 'NONE',  ( -0.000000000000000000, -0.000000000000000000, 1.000000000000000000 ) ) ;
#177 = DIRECTION ( 'NONE',  ( -1.000000000000000000, 0.000000000000000000, 0.000000000000000000 ) ) ;
#178 = EDGE_LOOP ( 'NONE', ( #482, #1169, #379, #677 ) ) ;
#179 = ADVANCED_FACE ( 'NONE', ( #1084 ), #581, .F. ) ;
#180 = DIRECTION ( 'NONE',  ( -1.000000000000000000, -0.000000000000000000, -0.000000000000000000 ) ) ;
#181 = ORIENTED_EDGE ( 'NONE', *, *, #675, .T. ) ;
#182 = DIRECTION ( 'NONE',  ( 1.000000000000000000, 0.000000000000000000, -0.000000000000000000 ) ) ;
#183 = CARTESIAN_POINT ( 'NONE',  ( 10.00000000000000000, 4.052132500626949962, 7.000000000000000000 ) ) ;
#184 = EDGE_LOOP ( 'NONE', ( #980, #567 ) ) ;
#185 = DIRECTION ( 'NONE',  ( -1.000000000000000000, 0.000000000000000000, 0.000000000000000000 ) ) ;
#186 = DIRECTION ( 'NONE',  ( -0.000000000000000000, -1.000000000000000000, -0.000000000000000000 ) ) ;
#187 = DIRECTION ( 'NONE',  ( 1.000000000000000000, 0.000000000000000000, -0.000000000000000000 ) ) ;
#188 = EDGE_LOOP ( 'NONE', ( #530, #1334 ) ) ;
#189 = UNCERTAINTY_MEASURE_WITH_UNIT (LENGTH_MEASURE( 1.000000000000000082E-05 ), #1277, 'distance_accuracy_value', 'NONE');
#190 = CARTESIAN_POINT ( 'NONE',  ( 76.25000000000001421, 29.00000000000000355, 5.250000000000000000 ) ) ;
#191 = ADVANCED_FACE ( 'NONE', ( #1435 ), #708, .F. ) ;
#192 = CIRCLE ( 'NONE', #464, 6.550000000000000711 ) ;
#193 = DIRECTION ( 'NONE',  ( 0.000000000000000000, 0.000000000000000000, -1.000000000000000000 ) ) ;
#194 = AXIS2_PLACEMENT_3D ( 'NONE', #1208, #258, #1240 ) ;
#195 = EDGE_CURVE ( 'NONE', #51, #355, #91, .T. ) ;
#196 = VERTEX_POINT ( 'NONE', #832 ) ;
#197 = AXIS2_PLACEMENT_3D ( 'NONE', #565, #1400, #796 ) ;
#198 = CARTESIAN_POINT ( 'NONE',  ( 90.00000000000001421, 4.052132500626949962, -10.20099999999999874 ) ) ;
#199 = CARTESIAN_POINT ( 'NONE',  ( 76.25000000000001421, 29.00000000000000355, 7.000000000000000000 ) ) ;
#200 = AXIS2_PLACEMENT_3D ( 'NONE', #8, #224, #969 ) ;
#201 = CARTESIAN_POINT ( 'NONE',  ( 51.50000000000000711, 29.00000000000000000, 5.250000000000000000 ) ) ;
#202 = CARTESIAN_POINT ( 'NONE',  ( 66.69997735166937503, 3.999999999999997335, 0.000000000000000000 ) ) ;
#203 = ORIENTED_EDGE ( 'NONE', *, *, #1436, .F. ) ;
#204 = EDGE_CURVE ( 'NONE', #400, #309, #367, .T. ) ;
#205 = FACE_OUTER_BOUND ( 'NONE', #276, .T. ) ;
#206 = CARTESIAN_POINT ( 'NONE',  ( 0.000000000000000000, 48.00000000000000000, 7.000000000000000000 ) ) ;
#207 = CYLINDRICAL_SURFACE ( 'NONE', #1376, 6.550000000000000711 ) ;
#208 = ORIENTED_EDGE ( 'NONE', *, *, #322, .F. ) ;
#209 = CARTESIAN_POINT ( 'NONE',  ( 35.00002264833060650, 4.052132500626949962, 0.000000000000000000 ) ) ;
#210 = EDGE_CURVE ( 'NONE', #1449, #1095, #484, .T. ) ;
#211 = ADVANCED_FACE ( 'NONE', ( #1443, #1185 ), #1309, .T. ) ;
#212 = LINE ( 'NONE', #336, #990 ) ;
#213 = DIRECTION ( 'NONE',  ( 1.000000000000000000, 0.000000000000000000, 0.000000000000000000 ) ) ;
#214 = ORIENTED_EDGE ( 'NONE', *, *, #92, .F. ) ;
#215 = CIRCLE ( 'NONE', #1545, 6.550000000000000711 ) ;
#216 = CARTESIAN_POINT ( 'NONE',  ( 0.000000000000000000, 0.000000000000000000, 0.000000000000000000 ) ) ;
#217 = PRODUCT_DEFINITION ( 'UNKNOWN', '', #676, #1453 ) ;
#218 = AXIS2_PLACEMENT_3D ( 'NONE', #1182, #939, #1310 ) ;
#219 = AXIS2_PLACEMENT_3D ( 'NONE', #1555, #107, #237 ) ;
#220 = EDGE_CURVE ( 'NONE', #395, #1367, #298, .T. ) ;
#221 = SURFACE_STYLE_FILL_AREA ( #681 ) ;
#222 = LINE ( 'NONE', #699, #136 ) ;
#223 = ORIENTED_EDGE ( 'NONE', *, *, #346, .T. ) ;
#224 = DIRECTION ( 'NONE',  ( -0.000000000000000000, -0.000000000000000000, 1.000000000000000000 ) ) ;
#225 = CARTESIAN_POINT ( 'NONE',  ( 0.000000000000000000, 8.000000000000000000, -10.19999999999999929 ) ) ;
#226 = EDGE_CURVE ( 'NONE', #1295, #1328, #798, .T. ) ;
#227 = CARTESIAN_POINT ( 'NONE',  ( 82.80000000000001137, 29.00000000000000355, 0.000000000000000000 ) ) ;
#228 = ORIENTED_EDGE ( 'NONE', *, *, #1007, .T. ) ;
#229 = DIRECTION ( 'NONE',  ( 0.000000000000000000, 0.000000000000000000, 1.000000000000000000 ) ) ;
#230 = CARTESIAN_POINT ( 'NONE',  ( 55.00000000000000711, 29.00000000000000000, 5.250000000000000000 ) ) ;
#231 = CARTESIAN_POINT ( 'NONE',  ( 87.00000000000001421, 4.052132500626949962, -3.000000000000000000 ) ) ;
#232 = ORIENTED_EDGE ( 'NONE', *, *, #34, .F. ) ;
#233 = DIRECTION ( 'NONE',  ( 1.000000000000000000, 0.000000000000000000, 0.000000000000000000 ) ) ;
#234 = ORIENTED_EDGE ( 'NONE', *, *, #455, .F. ) ;
#235 = ADVANCED_FACE ( 'NONE', ( #1523 ), #207, .F. ) ;
#236 = AXIS2_PLACEMENT_3D ( 'NONE', #1366, #1136, #187 ) ;
#237 = DIRECTION ( 'NONE',  ( 1.000000000000000000, 0.000000000000000000, 0.000000000000000000 ) ) ;
#238 = AXIS2_PLACEMENT_3D ( 'NONE', #356, #607, #371 ) ;
#239 = CIRCLE ( 'NONE', #644, 2.600000000000004974 ) ;
#240 = CARTESIAN_POINT ( 'NONE',  ( 33.75000000000000000, 29.00000000000000000, 7.000000000000000000 ) ) ;
#241 = CIRCLE ( 'NONE', #1251, 6.550000000000000711 ) ;
#242 = FACE_BOUND ( 'NONE', #5, .T. ) ;
#243 = EDGE_LOOP ( 'NONE', ( #1438, #465, #377, #150 ) ) ;
#244 = AXIS2_PLACEMENT_3D ( 'NONE', #1492, #889, #508 ) ;
#245 = CARTESIAN_POINT ( 'NONE',  ( 90.00000000000001421, 4.052132500626949962, -10.20099999999999874 ) ) ;
#246 = ORIENTED_EDGE ( 'NONE', *, *, #698, .T. ) ;
#247 = EDGE_CURVE ( 'NONE', #196, #1441, #337, .T. ) ;
#248 = FACE_OUTER_BOUND ( 'NONE', #630, .T. ) ;
#249 = PLANE ( 'NONE',  #1317 ) ;
#250 = EDGE_LOOP ( 'NONE', ( #949, #1088, #1343, #228 ) ) ;
#251 = DIRECTION ( 'NONE',  ( 1.000000000000000000, 0.000000000000000000, 0.000000000000000000 ) ) ;
#252 = EDGE_LOOP ( 'NONE', ( #1276, #305 ) ) ;
#253 = DIRECTION ( 'NONE',  ( -0.000000000000000000, -0.000000000000000000, 1.000000000000000000 ) ) ;
#254 = ADVANCED_FACE ( 'NONE', ( #1168 ), #454, .F. ) ;
#255 = EDGE_CURVE ( 'NONE', #67, #902, #331, .T. ) ;
#256 = LINE ( 'NONE', #635, #1421 ) ;
#257 = ORIENTED_EDGE ( 'NONE', *, *, #1227, .F. ) ;
#258 = DIRECTION ( 'NONE',  ( 0.000000000000000000, 0.000000000000000000, -1.000000000000000000 ) ) ;
#259 = ORIENTED_EDGE ( 'NONE', *, *, #59, .F. ) ;
#260 = CARTESIAN_POINT ( 'NONE',  ( 67.59997735166939492, 3.999999999999997335, 0.000000000000000000 ) ) ;
#261 = ADVANCED_FACE ( 'NONE', ( #659, #900 ), #423, .T. ) ;
#262 = CIRCLE ( 'NONE', #446, 2.600000000000004974 ) ;
#263 = EDGE_CURVE ( 'NONE', #771, #525, #692, .T. ) ;
#264 = CYLINDRICAL_SURFACE ( 'NONE', #794, 3.500000000000003109 ) ;
#265 = VERTEX_POINT ( 'NONE', #1141 ) ;
#266 = DIRECTION ( 'NONE',  ( -0.000000000000000000, -0.000000000000000000, -1.000000000000000000 ) ) ;
#267 = AXIS2_PLACEMENT_3D ( 'NONE', #847, #1082, #1331 ) ;
#268 = ORIENTED_EDGE ( 'NONE', *, *, #467, .F. ) ;
#269 = ORIENTED_EDGE ( 'NONE', *, *, #905, .F. ) ;
#270 = AXIS2_PLACEMENT_3D ( 'NONE', #1337, #860, #312 ) ;
#271 = CARTESIAN_POINT ( 'NONE',  ( 10.00000000000000000, 4.052132500626949962, -10.19999999999999929 ) ) ;
#272 = CARTESIAN_POINT ( 'NONE',  ( 8.300000000000000711, 4.052132500626949962, -10.19999999999999929 ) ) ;
#273 = DIRECTION ( 'NONE',  ( -1.000000000000000000, 0.000000000000000000, 0.000000000000000000 ) ) ;
#274 = CARTESIAN_POINT ( 'NONE',  ( 15.00000000000000000, 29.00000000000000000, 5.250000000000000000 ) ) ;
#275 = EDGE_CURVE ( 'NONE', #1367, #395, #239, .T. ) ;
#276 = EDGE_LOOP ( 'NONE', ( #732, #1242, #867, #1552 ) ) ;
#277 = ORIENTED_EDGE ( 'NONE', *, *, #1289, .T. ) ;
#278 = ORIENTED_EDGE ( 'NONE', *, *, #412, .F. ) ;
#279 = DIRECTION ( 'NONE',  ( -0.000000000000000000, -0.000000000000000000, 1.000000000000000000 ) ) ;
#280 = DIRECTION ( 'NONE',  ( -0.000000000000000000, -0.000000000000000000, 1.000000000000000000 ) ) ;
#281 = FACE_OUTER_BOUND ( 'NONE', #941, .T. ) ;
#282 = DIRECTION ( 'NONE',  ( 0.000000000000000000, 0.000000000000000000, -1.000000000000000000 ) ) ;
#283 = PLANE ( 'NONE',  #194 ) ;
#284 = EDGE_LOOP ( 'NONE', ( #885, #1147 ) ) ;
#285 = ORIENTED_EDGE ( 'NONE', *, *, #905, .T. ) ;
#286 = ORIENTED_EDGE ( 'NONE', *, *, #1520, .T. ) ;
#287 = EDGE_CURVE ( 'NONE', #123, #1228, #571, .T. ) ;
#288 = DIRECTION ( 'NONE',  ( 1.000000000000000000, 0.000000000000000000, 0.000000000000000000 ) ) ;
#289 = CARTESIAN_POINT ( 'NONE',  ( 69.70000000000001705, 29.00000000000000355, 5.250000000000000000 ) ) ;
#290 = ORIENTED_EDGE ( 'NONE', *, *, #1263, .T. ) ;
#291 = LINE ( 'NONE', #418, #965 ) ;
#292 = CIRCLE ( 'NONE', #75, 20.00000000000000355 ) ;
#293 = VERTEX_POINT ( 'NONE', #1039 ) ;
#294 = CARTESIAN_POINT ( 'NONE',  ( 40.30000000000000426, 29.00000000000000000, 0.000000000000000000 ) ) ;
#295 = CIRCLE ( 'NONE', #1172, 1.700000000000000178 ) ;
#296 = EDGE_LOOP ( 'NONE', ( #79, #166, #706, #763 ) ) ;
#297 = ORIENTED_EDGE ( 'NONE', *, *, #460, .T. ) ;
#298 = CIRCLE ( 'NONE', #1023, 2.600000000000004974 ) ;
#299 = AXIS2_PLACEMENT_3D ( 'NONE', #514, #904, #74 ) ;
#300 = VERTEX_POINT ( 'NONE', #202 ) ;
#301 = LINE ( 'NONE', #776, #1100 ) ;
#302 = ORIENTED_EDGE ( 'NONE', *, *, #275, .F. ) ;
#303 = DIRECTION ( 'NONE',  ( 1.000000000000000000, -0.000000000000000000, -0.000000000000000000 ) ) ;
#304 = ADVANCED_FACE ( 'NONE', ( #682 ), #61, .F. ) ;
#305 = ORIENTED_EDGE ( 'NONE', *, *, #1057, .T. ) ;
#306 = DIRECTION ( 'NONE',  ( 1.000000000000000000, 0.000000000000000000, 0.000000000000000000 ) ) ;
#307 = PLANE ( 'NONE',  #1196 ) ;
#308 = DIRECTION ( 'NONE',  ( 0.000000000000000000, 0.000000000000000000, 1.000000000000000000 ) ) ;
#309 = VERTEX_POINT ( 'NONE', #1510 ) ;
#310 = CARTESIAN_POINT ( 'NONE',  ( 80.00000000000000000, 48.00000000000000000, 7.000000000000000000 ) ) ;
#311 = ORIENTED_EDGE ( 'NONE', *, *, #485, .T. ) ;
#312 = DIRECTION ( 'NONE',  ( -1.000000000000000000, 0.000000000000000000, 0.000000000000000000 ) ) ;
#313 = DIRECTION ( 'NONE',  ( -0.000000000000000000, -0.000000000000000000, 1.000000000000000000 ) ) ;
#314 = CARTESIAN_POINT ( 'NONE',  ( 90.00000000000001421, 4.052132500626949962, -3.000000000000000000 ) ) ;
#315 = DIRECTION ( 'NONE',  ( -0.000000000000000000, -0.000000000000000000, 1.000000000000000000 ) ) ;
#316 = CARTESIAN_POINT ( 'NONE',  ( 32.40002264833059797, 4.052132500626949962, 7.000000000000000000 ) ) ;
#317 = CARTESIAN_POINT ( 'NONE',  ( 21.55000000000000071, 29.00000000000000000, 5.250000000000000000 ) ) ;
#318 = ORIENTED_EDGE ( 'NONE', *, *, #1213, .T. ) ;
#319 = DIRECTION ( 'NONE',  ( 1.000000000000000000, 0.000000000000000000, 0.000000000000000000 ) ) ;
#320 = LINE ( 'NONE', #793, #139 ) ;
#321 = DIRECTION ( 'NONE',  ( -1.000000000000000000, -0.000000000000000000, -0.000000000000000000 ) ) ;
#322 = EDGE_CURVE ( 'NONE', #1444, #1140, #1516, .T. ) ;
#323 = DIRECTION ( 'NONE',  ( -1.000000000000000000, 0.000000000000000000, -0.000000000000000000 ) ) ;
#324 = AXIS2_PLACEMENT_3D ( 'NONE', #873, #979, #251 ) ;
#325 = ORIENTED_EDGE ( 'NONE', *, *, #47, .T. ) ;
#326 = AXIS2_PLACEMENT_3D ( 'NONE', #77, #1287, #1414 ) ;
#327 = CARTESIAN_POINT ( 'NONE',  ( 100.0000000000000000, 8.000000000000000000, -10.19999999999999929 ) ) ;
#328 = VECTOR ( 'NONE', #824, 1000.000000000000000 ) ;
#329 = CLOSED_SHELL ( 'NONE', ( #1451, #556, #55, #982, #1338, #888, #1048, #191, #45, #922, #779, #470, #1304, #731, #254, #1521, #810, #602, #1065, #1550, #578, #1249, #1417, #753, #1362, #489, #569, #477, #179, #1017, #3, #235, #363, #1542, #211, #501, #935, #516, #1332, #1535, #1324, #626, #339, #1459, #886, #964, #261, #304, #94, #1166 ) ) ;
#330 = DIRECTION ( 'NONE',  ( 1.000000000000000000, 0.000000000000000000, 0.000000000000000000 ) ) ;
#331 = LINE ( 'NONE', #445, #797 ) ;
#332 = EDGE_CURVE ( 'NONE', #1541, #1260, #78, .T. ) ;
#333 = EDGE_LOOP ( 'NONE', ( #325, #653 ) ) ;
#334 = EDGE_CURVE ( 'NONE', #138, #1102, #109, .T. ) ;
#335 = CYLINDRICAL_SURFACE ( 'NONE', #131, 3.499999999999999556 ) ;
#336 = CARTESIAN_POINT ( 'NONE',  ( 0.000000000000000000, 0.000000000000000000, 7.000000000000000000 ) ) ;
#337 = LINE ( 'NONE', #783, #740 ) ;
#338 = VERTEX_POINT ( 'NONE', #1288 ) ;
#339 = ADVANCED_FACE ( 'NONE', ( #566 ), #674, .F. ) ;
#340 = CARTESIAN_POINT ( 'NONE',  ( 11.50000000000000000, 29.00000000000000000, 5.250000000000000000 ) ) ;
#341 = DIRECTION ( 'NONE',  ( 1.000000000000000000, 0.000000000000000000, 0.000000000000000000 ) ) ;
#342 = ORIENTED_EDGE ( 'NONE', *, *, #352, .T. ) ;
#343 = AXIS2_PLACEMENT_3D ( 'NONE', #1291, #963, #1193 ) ;
#344 = PRESENTATION_LAYER_ASSIGNMENT (  '', '', ( #769 ) ) ;
#345 = FACE_OUTER_BOUND ( 'NONE', #1138, .T. ) ;
#346 = EDGE_CURVE ( 'NONE', #1055, #1142, #215, .T. ) ;
#347 = CIRCLE ( 'NONE', #1281, 1.699999999999993072 ) ;
#348 = CARTESIAN_POINT ( 'NONE',  ( 11.70000000000000107, 4.052132500626949962, -3.000000000000000000 ) ) ;
#349 = CARTESIAN_POINT ( 'NONE',  ( 64.99997735166938639, 3.999999999999997335, 7.000000000000000000 ) ) ;
#350 = ORIENTED_EDGE ( 'NONE', *, *, #946, .F. ) ;
#351 = DIRECTION ( 'NONE',  ( -0.000000000000000000, 0.000000000000000000, -1.000000000000000000 ) ) ;
#352 = EDGE_CURVE ( 'NONE', #1212, #1092, #102, .T. ) ;
#353 = DIRECTION ( 'NONE',  ( 0.000000000000000000, 0.000000000000000000, 1.000000000000000000 ) ) ;
#354 = CARTESIAN_POINT ( 'NONE',  ( 33.75000000000000000, 29.00000000000000000, 7.000000000000000000 ) ) ;
#355 = VERTEX_POINT ( 'NONE', #1551 ) ;
#356 = CARTESIAN_POINT ( 'NONE',  ( 55.00000000000000711, 29.00000000000000000, 7.000000000000000000 ) ) ;
#357 = VERTEX_POINT ( 'NONE', #1446 ) ;
#358 = CARTESIAN_POINT ( 'NONE',  ( 61.55000000000000426, 29.00000000000000000, 5.250000000000000000 ) ) ;
#359 = DIRECTION ( 'NONE',  ( -0.000000000000000000, -0.000000000000000000, -1.000000000000000000 ) ) ;
#360 = CYLINDRICAL_SURFACE ( 'NONE', #387, 3.500000000000003109 ) ;
#361 = EDGE_LOOP ( 'NONE', ( #777, #995, #573, #849 ) ) ;
#362 = CARTESIAN_POINT ( 'NONE',  ( 0.000000000000000000, 0.000000000000000000, 7.000000000000000000 ) ) ;
#363 = ADVANCED_FACE ( 'NONE', ( #1186, #1437 ), #95, .T. ) ;
#364 = ORIENTED_EDGE ( 'NONE', *, *, #762, .F. ) ;
#365 = DIRECTION ( 'NONE',  ( -0.000000000000000000, -0.000000000000000000, 1.000000000000000000 ) ) ;
#366 = AXIS2_PLACEMENT_3D ( 'NONE', #362, #1525, #481 ) ;
#367 = CIRCLE ( 'NONE', #1473, 3.500000000000003109 ) ;
#368 = ORIENTED_EDGE ( 'NONE', *, *, #204, .F. ) ;
#369 = DIRECTION ( 'NONE',  ( -1.000000000000000000, 0.000000000000000000, 0.000000000000000000 ) ) ;
#370 = EDGE_LOOP ( 'NONE', ( #410, #878 ) ) ;
#371 = DIRECTION ( 'NONE',  ( 1.000000000000000000, 0.000000000000000000, 0.000000000000000000 ) ) ;
#372 = ORIENTED_EDGE ( 'NONE', *, *, #507, .T. ) ;
#373 = EDGE_CURVE ( 'NONE', #1018, #612, #390, .T. ) ;
#374 = EDGE_CURVE ( 'NONE', #7, #1330, #1176, .T. ) ;
#375 = CARTESIAN_POINT ( 'NONE',  ( 0.000000000000000000, 28.00000000000000000, 0.000000000000000000 ) ) ;
#376 = CARTESIAN_POINT ( 'NONE',  ( 13.00000000000000178, 4.052132500626949962, -3.000000000000000000 ) ) ;
#377 = ORIENTED_EDGE ( 'NONE', *, *, #118, .T. ) ;
#378 = DIRECTION ( 'NONE',  ( 0.000000000000000000, 0.000000000000000000, 1.000000000000000000 ) ) ;
#379 = ORIENTED_EDGE ( 'NONE', *, *, #332, .F. ) ;
#380 = DIRECTION ( 'NONE',  ( 0.000000000000000000, 0.000000000000000000, 1.000000000000000000 ) ) ;
#381 = EDGE_CURVE ( 'NONE', #385, #688, #1419, .T. ) ;
#382 = LINE ( 'NONE', #629, #766 ) ;
#383 = ORIENTED_EDGE ( 'NONE', *, *, #846, .F. ) ;
#384 = CARTESIAN_POINT ( 'NONE',  ( 10.00000000000000000, 4.052132500626949962, -3.000000000000000000 ) ) ;
#385 = VERTEX_POINT ( 'NONE', #479 ) ;
#386 = LINE ( 'NONE', #526, #522 ) ;
#387 = AXIS2_PLACEMENT_3D ( 'NONE', #98, #582, #213 ) ;
#388 = EDGE_CURVE ( 'NONE', #1367, #612, #597, .T. ) ;
#389 = AXIS2_PLACEMENT_3D ( 'NONE', #531, #631, #521 ) ;
#390 = CIRCLE ( 'NONE', #1280, 2.600000000000004974 ) ;
#391 = FACE_OUTER_BOUND ( 'NONE', #1267, .T. ) ;
#392 = CARTESIAN_POINT ( 'NONE',  ( 33.75000000000000000, 29.00000000000000000, 5.250000000000000000 ) ) ;
#393 = DIRECTION ( 'NONE',  ( -0.000000000000000000, -0.000000000000000000, 1.000000000000000000 ) ) ;
#394 = AXIS2_PLACEMENT_3D ( 'NONE', #891, #148, #64 ) ;
#395 = VERTEX_POINT ( 'NONE', #605 ) ;
#396 = CIRCLE ( 'NONE', #140, 1.699999999999993072 ) ;
#397 = DIRECTION ( 'NONE',  ( -0.000000000000000000, -0.000000000000000000, -1.000000000000000000 ) ) ;
#398 = DIRECTION ( 'NONE',  ( -0.000000000000000000, -0.000000000000000000, -1.000000000000000000 ) ) ;
#399 = CARTESIAN_POINT ( 'NONE',  ( 10.00000000000000000, 4.052132500626949962, -3.000000000000000000 ) ) ;
#400 = VERTEX_POINT ( 'NONE', #1063 ) ;
#401 = DIRECTION ( 'NONE',  ( 0.000000000000000000, 0.000000000000000000, 1.000000000000000000 ) ) ;
#402 = ORIENTED_EDGE ( 'NONE', *, *, #593, .F. ) ;
#403 = ORIENTED_EDGE ( 'NONE', *, *, #1410, .F. ) ;
#404 = ORIENTED_EDGE ( 'NONE', *, *, #86, .F. ) ;
#405 = CARTESIAN_POINT ( 'NONE',  ( 37.60002264833060792, 4.052132500626949962, 7.000000000000000000 ) ) ;
#406 = DIRECTION ( 'NONE',  ( -1.000000000000000000, 0.000000000000000000, 0.000000000000000000 ) ) ;
#407 = CARTESIAN_POINT ( 'NONE',  ( 32.40002264833059797, 4.052132500626949962, 0.000000000000000000 ) ) ;
#408 = ORIENTED_EDGE ( 'NONE', *, *, #374, .F. ) ;
#409 = FACE_BOUND ( 'NONE', #962, .T. ) ;
#410 = ORIENTED_EDGE ( 'NONE', *, *, #25, .F. ) ;
#411 = ORIENTED_EDGE ( 'NONE', *, *, #820, .T. ) ;
#412 = EDGE_CURVE ( 'NONE', #1431, #293, #579, .T. ) ;
#413 = ORIENTED_EDGE ( 'NONE', *, *, #334, .T. ) ;
#414 = CARTESIAN_POINT ( 'NONE',  ( 90.00000000000001421, 4.052132500626949962, -3.000000000000000000 ) ) ;
#415 = CARTESIAN_POINT ( 'NONE',  ( 69.70000000000001705, 29.00000000000000355, 5.250000000000000000 ) ) ;
#416 = ORIENTED_EDGE ( 'NONE', *, *, #1197, .F. ) ;
#417 = AXIS2_PLACEMENT_3D ( 'NONE', #961, #691, #1348 ) ;
#418 = CARTESIAN_POINT ( 'NONE',  ( 0.000000000000000000, 0.000000000000000000, 7.000000000000000000 ) ) ;
#419 = AXIS2_PLACEMENT_3D ( 'NONE', #1360, #128, #751 ) ;
#420 = ORIENTED_EDGE ( 'NONE', *, *, #1263, .F. ) ;
#421 = DIRECTION ( 'NONE',  ( 0.000000000000000000, -0.000000000000000000, 1.000000000000000000 ) ) ;
#422 = VECTOR ( 'NONE', #1430, 1000.000000000000000 ) ;
#423 = PLANE ( 'NONE',  #1051 ) ;
#424 = AXIS2_PLACEMENT_3D ( 'NONE', #822, #1306, #709 ) ;
#425 = AXIS2_PLACEMENT_3D ( 'NONE', #1036, #436, #1356 ) ;
#426 = ORIENTED_EDGE ( 'NONE', *, *, #16, .T. ) ;
#427 = DIRECTION ( 'NONE',  ( -1.000000000000000000, 0.000000000000000000, 0.000000000000000000 ) ) ;
#428 = AXIS2_PLACEMENT_3D ( 'NONE', #1034, #176, #319 ) ;
#429 = LINE ( 'NONE', #880, #899 ) ;
#430 = CARTESIAN_POINT ( 'NONE',  ( 10.00000000000000000, 4.052132500626949962, -3.000000000000000000 ) ) ;
#431 = DIRECTION ( 'NONE',  ( 0.000000000000000000, 0.000000000000000000, -1.000000000000000000 ) ) ;
#432 = DIRECTION ( 'NONE',  ( 0.000000000000000000, 0.000000000000000000, -1.000000000000000000 ) ) ;
#433 = DIRECTION ( 'NONE',  ( -0.000000000000000000, -0.000000000000000000, 1.000000000000000000 ) ) ;
#434 = ORIENTED_EDGE ( 'NONE', *, *, #455, .T. ) ;
#435 = FACE_OUTER_BOUND ( 'NONE', #957, .T. ) ;
#436 = DIRECTION ( 'NONE',  ( 0.000000000000000000, 0.000000000000000000, -1.000000000000000000 ) ) ;
#437 = ORIENTED_EDGE ( 'NONE', *, *, #1043, .F. ) ;
#438 = DIRECTION ( 'NONE',  ( -1.000000000000000000, 0.000000000000000000, 0.000000000000000000 ) ) ;
#439 = CARTESIAN_POINT ( 'NONE',  ( 33.75000000000000000, 29.00000000000000000, 0.000000000000000000 ) ) ;
#440 = ORIENTED_EDGE ( 'NONE', *, *, #1205, .T. ) ;
#441 = DIRECTION ( 'NONE',  ( -0.000000000000000000, -0.000000000000000000, -1.000000000000000000 ) ) ;
#442 = DIRECTION ( 'NONE',  ( -0.000000000000000000, -0.000000000000000000, 1.000000000000000000 ) ) ;
#443 = EDGE_CURVE ( 'NONE', #843, #1508, #620, .T. ) ;
#444 = DIRECTION ( 'NONE',  ( 0.000000000000000000, 0.000000000000000000, -1.000000000000000000 ) ) ;
#445 = CARTESIAN_POINT ( 'NONE',  ( 51.50000000000000711, 29.00000000000000000, -0.001000000000000132727 ) ) ;
#446 = AXIS2_PLACEMENT_3D ( 'NONE', #160, #378, #49 ) ;
#447 = ORIENTED_EDGE ( 'NONE', *, *, #1520, .F. ) ;
#448 = AXIS2_PLACEMENT_3D ( 'NONE', #570, #444, #807 ) ;
#449 = DIRECTION ( 'NONE',  ( 0.000000000000000000, 0.000000000000000000, -1.000000000000000000 ) ) ;
#450 = CIRCLE ( 'NONE', #1505, 1.700000000000000178 ) ;
#451 = VECTOR ( 'NONE', #397, 1000.000000000000000 ) ;
#452 = AXIS2_PLACEMENT_3D ( 'NONE', #392, #865, #273 ) ;
#453 = CARTESIAN_POINT ( 'NONE',  ( 35.00002264833060650, 4.052132500626949962, -10.19999999999999929 ) ) ;
#454 = CYLINDRICAL_SURFACE ( 'NONE', #893, 1.700000000000000178 ) ;
#455 = EDGE_CURVE ( 'NONE', #355, #51, #14, .T. ) ;
#456 = ORIENTED_EDGE ( 'NONE', *, *, #541, .F. ) ;
#457 = DIRECTION ( 'NONE',  ( 0.000000000000000000, 0.000000000000000000, -1.000000000000000000 ) ) ;
#458 = DIRECTION ( 'NONE',  ( 0.000000000000000000, 0.000000000000000000, -1.000000000000000000 ) ) ;
#459 = VERTEX_POINT ( 'NONE', #227 ) ;
#460 = EDGE_CURVE ( 'NONE', #627, #51, #222, .T. ) ;
#461 = CARTESIAN_POINT ( 'NONE',  ( 55.00000000000000711, 29.00000000000000000, -0.001000000000000132727 ) ) ;
#462 = DIRECTION ( 'NONE',  ( 0.000000000000000000, 0.000000000000000000, -1.000000000000000000 ) ) ;
#463 = FACE_BOUND ( 'NONE', #555, .T. ) ;
#464 = AXIS2_PLACEMENT_3D ( 'NONE', #35, #848, #871 ) ;
#465 = ORIENTED_EDGE ( 'NONE', *, *, #1490, .T. ) ;
#466 = CIRCLE ( 'NONE', #738, 3.000000000000000888 ) ;
#467 = EDGE_CURVE ( 'NONE', #612, #1018, #1024, .T. ) ;
#468 = CARTESIAN_POINT ( 'NONE',  ( 100.0000000000000000, 0.000000000000000000, 7.000000000000000000 ) ) ;
#469 = VECTOR ( 'NONE', #654, 1000.000000000000000 ) ;
#470 = ADVANCED_FACE ( 'NONE', ( #948 ), #360, .F. ) ;
#471 = CIRCLE ( 'NONE', #1030, 2.600000000000004974 ) ;
#472 = DIRECTION ( 'NONE',  ( -0.000000000000000000, -0.000000000000000000, 1.000000000000000000 ) ) ;
#473 = DIRECTION ( 'NONE',  ( 0.000000000000000000, 0.000000000000000000, 1.000000000000000000 ) ) ;
#474 = LINE ( 'NONE', #950, #161 ) ;
#475 = ORIENTED_EDGE ( 'NONE', *, *, #16, .F. ) ;
#476 = CARTESIAN_POINT ( 'NONE',  ( 30.25000000000000355, 29.00000000000000000, 5.250000000000000000 ) ) ;
#477 = ADVANCED_FACE ( 'NONE', ( #703, #242, #1085, #463, #1426 ), #1200, .T. ) ;
#478 =( NAMED_UNIT ( * ) PLANE_ANGLE_UNIT ( ) SI_UNIT ( $, .RADIAN. ) );
#479 = CARTESIAN_POINT ( 'NONE',  ( 88.30000000000001137, 4.052132500626949962, -10.19999999999999929 ) ) ;
#480 = ORIENTED_EDGE ( 'NONE', *, *, #584, .T. ) ;
#481 = DIRECTION ( 'NONE',  ( 0.000000000000000000, -0.000000000000000000, 1.000000000000000000 ) ) ;
#482 = ORIENTED_EDGE ( 'NONE', *, *, #642, .T. ) ;
#483 = CARTESIAN_POINT ( 'NONE',  ( 100.0000000000000000, 0.000000000000000000, 7.000000000000000000 ) ) ;
#484 = LINE ( 'NONE', #959, #673 ) ;
#485 = EDGE_CURVE ( 'NONE', #627, #1250, #1170, .T. ) ;
#486 = DIRECTION ( 'NONE',  ( -0.000000000000000000, -0.000000000000000000, -1.000000000000000000 ) ) ;
#487 = ORIENTED_EDGE ( 'NONE', *, *, #388, .F. ) ;
#488 = DIRECTION ( 'NONE',  ( -0.000000000000000000, -0.000000000000000000, 1.000000000000000000 ) ) ;
#489 = ADVANCED_FACE ( 'NONE', ( #833 ), #1319, .F. ) ;
#490 = EDGE_LOOP ( 'NONE', ( #868, #383 ) ) ;
#491 = CIRCLE ( 'NONE', #1049, 3.000000000000000888 ) ;
#492 = LINE ( 'NONE', #936, #741 ) ;
#493 = VECTOR ( 'NONE', #321, 1000.000000000000000 ) ;
#494 = DIRECTION ( 'NONE',  ( -0.000000000000000000, -0.000000000000000000, 1.000000000000000000 ) ) ;
#495 = ORIENTED_EDGE ( 'NONE', *, *, #1313, .T. ) ;
#496 = CIRCLE ( 'NONE', #244, 6.550000000000000711 ) ;
#497 = EDGE_CURVE ( 'NONE', #680, #1040, #611, .T. ) ;
#498 = CIRCLE ( 'NONE', #1380, 1.699999999999993072 ) ;
#499 = DIRECTION ( 'NONE',  ( -1.000000000000000000, 0.000000000000000000, 0.000000000000000000 ) ) ;
#500 = EDGE_LOOP ( 'NONE', ( #42, #1489, #1456, #736, #62, #955 ) ) ;
#501 = ADVANCED_FACE ( 'NONE', ( #281 ), #757, .F. ) ;
#502 = CARTESIAN_POINT ( 'NONE',  ( 11.50000000000000000, 29.00000000000000000, 7.000000000000000000 ) ) ;
#503 = DIRECTION ( 'NONE',  ( -0.000000000000000000, -0.000000000000000000, 1.000000000000000000 ) ) ;
#504 = EDGE_LOOP ( 'NONE', ( #1232, #372, #434, #1033 ) ) ;
#505 = CARTESIAN_POINT ( 'NONE',  ( 35.00002264833060650, 4.052132500626949962, 7.000000000000000000 ) ) ;
#506 = VERTEX_POINT ( 'NONE', #842 ) ;
#507 = EDGE_CURVE ( 'NONE', #1250, #355, #256, .T. ) ;
#508 = DIRECTION ( 'NONE',  ( -1.000000000000000000, 0.000000000000000000, 0.000000000000000000 ) ) ;
#509 = CARTESIAN_POINT ( 'NONE',  ( 37.60002264833060792, 4.052132500626949962, 0.000000000000000000 ) ) ;
#510 = CARTESIAN_POINT ( 'NONE',  ( 36.70002264833060224, 4.052132500626949962, 0.000000000000000000 ) ) ;
#511 = LINE ( 'NONE', #1006, #572 ) ;
#512 = ORIENTED_EDGE ( 'NONE', *, *, #70, .F. ) ;
#513 = CARTESIAN_POINT ( 'NONE',  ( 35.00002264833060650, 4.052132500626949962, -10.19999999999999929 ) ) ;
#514 = CARTESIAN_POINT ( 'NONE',  ( 90.00000000000001421, 4.052132500626949962, -3.000000000000000000 ) ) ;
#515 = AXIS2_PLACEMENT_3D ( 'NONE', #973, #1335, #735 ) ;
#516 = ADVANCED_FACE ( 'NONE', ( #12 ), #519, .F. ) ;
#517 = AXIS2_PLACEMENT_3D ( 'NONE', #791, #1275, #69 ) ;
#518 = CIRCLE ( 'NONE', #645, 3.500000000000003109 ) ;
#519 = CYLINDRICAL_SURFACE ( 'NONE', #737, 6.550000000000000711 ) ;
#520 = ORIENTED_EDGE ( 'NONE', *, *, #1537, .T. ) ;
#521 = DIRECTION ( 'NONE',  ( -1.000000000000000000, 0.000000000000000000, 0.000000000000000000 ) ) ;
#522 = VECTOR ( 'NONE', #43, 1000.000000000000000 ) ;
#523 = EDGE_LOOP ( 'NONE', ( #887, #1359, #223, #1201 ) ) ;
#524 = VERTEX_POINT ( 'NONE', #272 ) ;
#525 = VERTEX_POINT ( 'NONE', #1238 ) ;
#526 = CARTESIAN_POINT ( 'NONE',  ( 100.0000000000000000, 8.000000000000000000, 0.000000000000000000 ) ) ;
#527 = DIRECTION ( 'NONE',  ( 0.000000000000000000, 0.000000000000000000, 1.000000000000000000 ) ) ;
#528 = EDGE_CURVE ( 'NONE', #729, #525, #126, .T. ) ;
#529 = CARTESIAN_POINT ( 'NONE',  ( 33.75000000000000000, 29.00000000000000000, -0.001000000000000132727 ) ) ;
#530 = ORIENTED_EDGE ( 'NONE', *, *, #1007, .F. ) ;
#531 = CARTESIAN_POINT ( 'NONE',  ( 55.00000000000000711, 29.00000000000000000, 5.250000000000000000 ) ) ;
#532 = VERTEX_POINT ( 'NONE', #749 ) ;
#533 = ORIENTED_EDGE ( 'NONE', *, *, #412, .T. ) ;
#534 = ORIENTED_EDGE ( 'NONE', *, *, #1059, .F. ) ;
#535 = CARTESIAN_POINT ( 'NONE',  ( 82.80000000000001137, 29.00000000000000355, 5.250000000000000000 ) ) ;
#536 = DIRECTION ( 'NONE',  ( -1.000000000000000000, 0.000000000000000000, 0.000000000000000000 ) ) ;
#537 = ORIENTED_EDGE ( 'NONE', *, *, #1213, .F. ) ;
#538 = CARTESIAN_POINT ( 'NONE',  ( 20.00000000000000000, 28.00000000000000000, 7.000000000000000000 ) ) ;
#539 = DIRECTION ( 'NONE',  ( -1.000000000000000000, 0.000000000000000000, -0.000000000000000000 ) ) ;
#540 = CARTESIAN_POINT ( 'NONE',  ( 76.25000000000001421, 29.00000000000000355, 5.250000000000000000 ) ) ;
#541 = EDGE_CURVE ( 'NONE', #152, #50, #937, .T. ) ;
#542 = CARTESIAN_POINT ( 'NONE',  ( 100.0000000000000000, 28.00000000000000000, 7.000000000000000000 ) ) ;
#543 = EDGE_LOOP ( 'NONE', ( #1129, #978, #246, #580 ) ) ;
#544 = DIRECTION ( 'NONE',  ( -0.000000000000000000, -0.000000000000000000, 1.000000000000000000 ) ) ;
#545 = FACE_OUTER_BOUND ( 'NONE', #1517, .T. ) ;
#546 = ORIENTED_EDGE ( 'NONE', *, *, #1399, .F. ) ;
#547 = DIRECTION ( 'NONE',  ( -0.000000000000000000, -0.000000000000000000, 1.000000000000000000 ) ) ;
#548 =( NAMED_UNIT ( * ) SI_UNIT ( $, .STERADIAN. ) SOLID_ANGLE_UNIT ( ) );
#549 = VECTOR ( 'NONE', #547, 1000.000000000000000 ) ;
#550 = ORIENTED_EDGE ( 'NONE', *, *, #105, .F. ) ;
#551 = DIRECTION ( 'NONE',  ( -0.000000000000000000, -0.000000000000000000, 1.000000000000000000 ) ) ;
#552 =( GEOMETRIC_REPRESENTATION_CONTEXT ( 3 ) GLOBAL_UNCERTAINTY_ASSIGNED_CONTEXT ( ( #1355 ) ) GLOBAL_UNIT_ASSIGNED_CONTEXT ( ( #1282, #478, #1199 ) ) REPRESENTATION_CONTEXT ( 'NONE', 'WORKASPACE' ) );
#553 = DIRECTION ( 'NONE',  ( 0.000000000000000000, 0.000000000000000000, 1.000000000000000000 ) ) ;
#554 = CIRCLE ( 'NONE', #1345, 6.550000000000000711 ) ;
#555 = EDGE_LOOP ( 'NONE', ( #60, #710 ) ) ;
#556 = ADVANCED_FACE ( 'NONE', ( #733 ), #971, .F. ) ;
#557 = CARTESIAN_POINT ( 'NONE',  ( 35.00002264833060650, 4.052132500626949962, 7.000000000000000000 ) ) ;
#558 = DIRECTION ( 'NONE',  ( 0.000000000000000000, 0.000000000000000000, -1.000000000000000000 ) ) ;
#559 = DIRECTION ( 'NONE',  ( 0.000000000000000000, 0.000000000000000000, 1.000000000000000000 ) ) ;
#560 = DIRECTION ( 'NONE',  ( 0.000000000000000000, 0.000000000000000000, 1.000000000000000000 ) ) ;
#561 = VERTEX_POINT ( 'NONE', #1214 ) ;
#562 = DIRECTION ( 'NONE',  ( 1.000000000000000000, 0.000000000000000000, 0.000000000000000000 ) ) ;
#563 = FACE_OUTER_BOUND ( 'NONE', #178, .T. ) ;
#564 = EDGE_CURVE ( 'NONE', #857, #684, #192, .T. ) ;
#565 = CARTESIAN_POINT ( 'NONE',  ( 80.00000000000000000, 28.00000000000000000, 7.000000000000000000 ) ) ;
#566 = FACE_OUTER_BOUND ( 'NONE', #1361, .T. ) ;
#567 = ORIENTED_EDGE ( 'NONE', *, *, #346, .F. ) ;
#568 = CARTESIAN_POINT ( 'NONE',  ( 15.00000000000000000, 29.00000000000000000, -0.001000000000000132727 ) ) ;
#569 = ADVANCED_FACE ( 'NONE', ( #646, #726, #134, #622, #854, #1125, #1101, #1224, #1339 ), #249, .F. ) ;
#570 = CARTESIAN_POINT ( 'NONE',  ( 76.25000000000001421, 29.00000000000000355, 0.000000000000000000 ) ) ;
#571 = LINE ( 'NONE', #310, #1096 ) ;
#572 = VECTOR ( 'NONE', #985, 1000.000000000000000 ) ;
#573 = ORIENTED_EDGE ( 'NONE', *, *, #705, .T. ) ;
#574 = CIRCLE ( 'NONE', #715, 3.500000000000003109 ) ;
#575 = VECTOR ( 'NONE', #186, 1000.000000000000000 ) ;
#576 = CIRCLE ( 'NONE', #1454, 1.700000000000000178 ) ;
#577 = DIRECTION ( 'NONE',  ( -1.000000000000000000, 0.000000000000000000, 0.000000000000000000 ) ) ;
#578 = ADVANCED_FACE ( 'NONE', ( #21 ), #264, .F. ) ;
#579 = LINE ( 'NONE', #1300, #694 ) ;
#580 = ORIENTED_EDGE ( 'NONE', *, *, #874, .F. ) ;
#581 = PLANE ( 'NONE',  #968 ) ;
#582 = DIRECTION ( 'NONE',  ( -0.000000000000000000, -0.000000000000000000, 1.000000000000000000 ) ) ;
#583 = ORIENTED_EDGE ( 'NONE', *, *, #92, .T. ) ;
#584 = EDGE_CURVE ( 'NONE', #67, #1229, #858, .T. ) ;
#585 = CARTESIAN_POINT ( 'NONE',  ( 64.99997735166938639, 3.999999999999997335, 0.000000000000000000 ) ) ;
#586 = DIRECTION ( 'NONE',  ( 1.000000000000000000, 0.000000000000000000, 0.000000000000000000 ) ) ;
#587 = DIRECTION ( 'NONE',  ( 1.000000000000000000, 0.000000000000000000, 0.000000000000000000 ) ) ;
#588 = DIRECTION ( 'NONE',  ( -0.000000000000000000, -0.000000000000000000, 1.000000000000000000 ) ) ;
#589 = VECTOR ( 'NONE', #180, 1000.000000000000000 ) ;
#590 = ORIENTED_EDGE ( 'NONE', *, *, #1371, .F. ) ;
#591 = AXIS2_PLACEMENT_3D ( 'NONE', #1350, #625, #30 ) ;
#592 = VECTOR ( 'NONE', #486, 1000.000000000000000 ) ;
#593 = EDGE_CURVE ( 'NONE', #71, #1508, #382, .T. ) ;
#594 = FACE_OUTER_BOUND ( 'NONE', #1119, .T. ) ;
#595 = AXIS2_PLACEMENT_3D ( 'NONE', #1075, #351, #1538 ) ;
#596 = DIRECTION ( 'NONE',  ( 0.000000000000000000, 0.000000000000000000, -1.000000000000000000 ) ) ;
#597 = LINE ( 'NONE', #1546, #1503 ) ;
#598 = VERTEX_POINT ( 'NONE', #1107 ) ;
#599 = CARTESIAN_POINT ( 'NONE',  ( 6.999999999999998224, 4.052132500626949962, 7.000000000000000000 ) ) ;
#600 = VERTEX_POINT ( 'NONE', #509 ) ;
#601 = CARTESIAN_POINT ( 'NONE',  ( 66.69997735166937503, 3.999999999999997335, -10.19999999999999929 ) ) ;
#602 = ADVANCED_FACE ( 'NONE', ( #391 ), #864, .F. ) ;
#603 = CARTESIAN_POINT ( 'NONE',  ( 63.29997735166939776, 3.999999999999997335, -10.19999999999999929 ) ) ;
#604 = ORIENTED_EDGE ( 'NONE', *, *, #675, .F. ) ;
#605 = CARTESIAN_POINT ( 'NONE',  ( 62.39997735166938497, 3.999999999999997335, 0.000000000000000000 ) ) ;
#606 = EDGE_LOOP ( 'NONE', ( #1218, #89, #1478, #723 ) ) ;
#607 = DIRECTION ( 'NONE',  ( 0.000000000000000000, 0.000000000000000000, 1.000000000000000000 ) ) ;
#608 = ORIENTED_EDGE ( 'NONE', *, *, #195, .F. ) ;
#609 = CYLINDRICAL_SURFACE ( 'NONE', #200, 2.600000000000004974 ) ;
#610 = EDGE_CURVE ( 'NONE', #1228, #1431, #895, .T. ) ;
#611 = LINE ( 'NONE', #1091, #9 ) ;
#612 = VERTEX_POINT ( 'NONE', #170 ) ;
#613 = CARTESIAN_POINT ( 'NONE',  ( 10.00000000000000000, 4.052132500626949962, -3.000000000000000000 ) ) ;
#614 = EDGE_LOOP ( 'NONE', ( #57, #1009 ) ) ;
#615 = AXIS2_PLACEMENT_3D ( 'NONE', #1327, #1333, #994 ) ;
#616 = PRODUCT_DEFINITION_SHAPE ( 'NONE', 'NONE',  #217 ) ;
#617 = AXIS2_PLACEMENT_3D ( 'NONE', #199, #1547, #927 ) ;
#618 = CYLINDRICAL_SURFACE ( 'NONE', #1074, 1.700000000000000178 ) ;
#619 = AXIS2_PLACEMENT_3D ( 'NONE', #1408, #559, #330 ) ;
#620 = CIRCLE ( 'NONE', #894, 3.499999999999999556 ) ;
#621 = VECTOR ( 'NONE', #1270, 1000.000000000000000 ) ;
#622 = FACE_BOUND ( 'NONE', #1257, .T. ) ;
#623 = EDGE_LOOP ( 'NONE', ( #214, #1351 ) ) ;
#624 =( GEOMETRIC_REPRESENTATION_CONTEXT ( 3 ) GLOBAL_UNCERTAINTY_ASSIGNED_CONTEXT ( ( #189 ) ) GLOBAL_UNIT_ASSIGNED_CONTEXT ( ( #1277, #1137, #548 ) ) REPRESENTATION_CONTEXT ( 'NONE', 'WORKASPACE' ) );
#625 = DIRECTION ( 'NONE',  ( -0.000000000000000000, -0.000000000000000000, 1.000000000000000000 ) ) ;
#626 = ADVANCED_FACE ( 'NONE', ( #1252, #656 ), #1392, .T. ) ;
#627 = VERTEX_POINT ( 'NONE', #788 ) ;
#628 = CARTESIAN_POINT ( 'NONE',  ( 93.00000000000001421, 4.052132500626949962, 7.000000000000000000 ) ) ;
#629 = CARTESIAN_POINT ( 'NONE',  ( 11.50000000000000000, 29.00000000000000000, -0.001000000000000132727 ) ) ;
#630 = EDGE_LOOP ( 'NONE', ( #721, #1504, #1081, #257 ) ) ;
#631 = DIRECTION ( 'NONE',  ( 0.000000000000000000, 0.000000000000000000, -1.000000000000000000 ) ) ;
#632 = EDGE_LOOP ( 'NONE', ( #855, #1072 ) ) ;
#633 = DIRECTION ( 'NONE',  ( 0.000000000000000000, 0.000000000000000000, -1.000000000000000000 ) ) ;
#634 = DIRECTION ( 'NONE',  ( 0.000000000000000000, 0.000000000000000000, -1.000000000000000000 ) ) ;
#635 = CARTESIAN_POINT ( 'NONE',  ( 30.25000000000000355, 29.00000000000000000, -0.001000000000000132727 ) ) ;
#636 = ORIENTED_EDGE ( 'NONE', *, *, #381, .T. ) ;
#637 = DIRECTION ( 'NONE',  ( -0.000000000000000000, -0.000000000000000000, 1.000000000000000000 ) ) ;
#638 = ORIENTED_EDGE ( 'NONE', *, *, #705, .F. ) ;
#639 = ORIENTED_EDGE ( 'NONE', *, *, #467, .T. ) ;
#640 = CARTESIAN_POINT ( 'NONE',  ( 0.000000000000000000, 0.000000000000000000, 7.000000000000000000 ) ) ;
#641 = DIRECTION ( 'NONE',  ( -1.000000000000000000, 0.000000000000000000, 0.000000000000000000 ) ) ;
#642 = EDGE_CURVE ( 'NONE', #1441, #1536, #291, .T. ) ;
#643 = CIRCLE ( 'NONE', #1526, 1.699999999999993072 ) ;
#644 = AXIS2_PLACEMENT_3D ( 'NONE', #88, #553, #666 ) ;
#645 = AXIS2_PLACEMENT_3D ( 'NONE', #540, #1384, #1015 ) ;
#646 = FACE_BOUND ( 'NONE', #1132, .T. ) ;
#647 = DIRECTION ( 'NONE',  ( 1.000000000000000000, 0.000000000000000000, 0.000000000000000000 ) ) ;
#648 = FACE_OUTER_BOUND ( 'NONE', #1179, .T. ) ;
#649 = CIRCLE ( 'NONE', #1528, 3.000000000000002665 ) ;
#650 = ORIENTED_EDGE ( 'NONE', *, *, #118, .F. ) ;
#651 = ORIENTED_EDGE ( 'NONE', *, *, #169, .T. ) ;
#652 = DIRECTION ( 'NONE',  ( -0.000000000000000000, -0.000000000000000000, 1.000000000000000000 ) ) ;
#653 = ORIENTED_EDGE ( 'NONE', *, *, #59, .T. ) ;
#654 = DIRECTION ( 'NONE',  ( -0.000000000000000000, -0.000000000000000000, -1.000000000000000000 ) ) ;
#655 = EDGE_CURVE ( 'NONE', #1212, #1194, #1118, .T. ) ;
#656 = FACE_OUTER_BOUND ( 'NONE', #1320, .T. ) ;
#657 = ORIENTED_EDGE ( 'NONE', *, *, #226, .F. ) ;
#658 = DIRECTION ( 'NONE',  ( -1.000000000000000000, 0.000000000000000000, 0.000000000000000000 ) ) ;
#659 = FACE_OUTER_BOUND ( 'NONE', #1499, .T. ) ;
#660 = ORIENTED_EDGE ( 'NONE', *, *, #1389, .T. ) ;
#661 = DIRECTION ( 'NONE',  ( 0.000000000000000000, 0.000000000000000000, 1.000000000000000000 ) ) ;
#662 = DIRECTION ( 'NONE',  ( 0.000000000000000000, 0.000000000000000000, 1.000000000000000000 ) ) ;
#663 = ORIENTED_EDGE ( 'NONE', *, *, #1090, .T. ) ;
#664 = CARTESIAN_POINT ( 'NONE',  ( 66.69997735166937503, 3.999999999999997335, -10.19999999999999929 ) ) ;
#665 = EDGE_CURVE ( 'NONE', #293, #196, #1022, .T. ) ;
#666 = DIRECTION ( 'NONE',  ( 1.000000000000000000, 0.000000000000000000, 0.000000000000000000 ) ) ;
#667 = EDGE_LOOP ( 'NONE', ( #290, #636, #1285, #163 ) ) ;
#668 = FACE_OUTER_BOUND ( 'NONE', #1269, .T. ) ;
#669 = CARTESIAN_POINT ( 'NONE',  ( 100.0000000000000000, 8.000000000000000000, -10.19999999999999929 ) ) ;
#670 = VECTOR ( 'NONE', #1405, 1000.000000000000000 ) ;
#671 = CARTESIAN_POINT ( 'NONE',  ( 55.00000000000000711, 29.00000000000000000, 5.250000000000000000 ) ) ;
#672 = DIRECTION ( 'NONE',  ( 1.000000000000000000, 0.000000000000000000, 0.000000000000000000 ) ) ;
#673 = VECTOR ( 'NONE', #472, 1000.000000000000000 ) ;
#674 = CYLINDRICAL_SURFACE ( 'NONE', #861, 1.699999999999993072 ) ;
#675 = EDGE_CURVE ( 'NONE', #524, #152, #1271, .T. ) ;
#676 = PRODUCT_DEFINITION_FORMATION_WITH_SPECIFIED_SOURCE ( 'ANY', '', #1484, .NOT_KNOWN. ) ;
#677 = ORIENTED_EDGE ( 'NONE', *, *, #99, .F. ) ;
#678 = DIRECTION ( 'NONE',  ( 1.000000000000000000, 0.000000000000000000, -0.000000000000000000 ) ) ;
#679 = DIRECTION ( 'NONE',  ( -0.000000000000000000, -0.000000000000000000, 1.000000000000000000 ) ) ;
#680 = VERTEX_POINT ( 'NONE', #407 ) ;
#681 = FILL_AREA_STYLE ('',( #811 ) ) ;
#682 = FACE_OUTER_BOUND ( 'NONE', #897, .T. ) ;
#683 = EDGE_CURVE ( 'NONE', #830, #300, #643, .T. ) ;
#684 = VERTEX_POINT ( 'NONE', #780 ) ;
#685 = CARTESIAN_POINT ( 'NONE',  ( 15.00000000000000000, 29.00000000000000000, 0.000000000000000000 ) ) ;
#686 = CARTESIAN_POINT ( 'NONE',  ( 55.00000000000000711, 29.00000000000000000, 5.250000000000000000 ) ) ;
#687 = DIRECTION ( 'NONE',  ( 1.000000000000000000, 0.000000000000000000, 0.000000000000000000 ) ) ;
#688 = VERTEX_POINT ( 'NONE', #1146 ) ;
#689 = EDGE_CURVE ( 'NONE', #729, #127, #491, .T. ) ;
#690 = CARTESIAN_POINT ( 'NONE',  ( 6.999999999999998224, 4.052132500626949962, -3.000000000000000000 ) ) ;
#691 = DIRECTION ( 'NONE',  ( 0.000000000000000000, -1.000000000000000000, 0.000000000000000000 ) ) ;
#692 = CIRCLE ( 'NONE', #1070, 3.000000000000000888 ) ;
#693 = ORIENTED_EDGE ( 'NONE', *, *, #1135, .F. ) ;
#694 = VECTOR ( 'NONE', #933, 1000.000000000000000 ) ;
#695 = CIRCLE ( 'NONE', #19, 3.500000000000003109 ) ;
#696 = CIRCLE ( 'NONE', #1347, 3.499999999999999556 ) ;
#697 = SURFACE_STYLE_USAGE ( .BOTH. , #915 ) ;
#698 = EDGE_CURVE ( 'NONE', #73, #24, #795, .T. ) ;
#699 = CARTESIAN_POINT ( 'NONE',  ( 37.25000000000000711, 29.00000000000000000, -0.001000000000000132727 ) ) ;
#700 = VERTEX_POINT ( 'NONE', #722 ) ;
#701 = LINE ( 'NONE', #1089, #991 ) ;
#702 = FACE_OUTER_BOUND ( 'NONE', #1396, .T. ) ;
#703 = FACE_BOUND ( 'NONE', #614, .T. ) ;
#704 = DIRECTION ( 'NONE',  ( 0.000000000000000000, 0.000000000000000000, -1.000000000000000000 ) ) ;
#705 = EDGE_CURVE ( 'NONE', #1462, #36, #1553, .T. ) ;
#706 = ORIENTED_EDGE ( 'NONE', *, *, #1165, .F. ) ;
#707 = CYLINDRICAL_SURFACE ( 'NONE', #219, 3.499999999999999556 ) ;
#708 = CYLINDRICAL_SURFACE ( 'NONE', #1248, 6.550000000000000711 ) ;
#709 = DIRECTION ( 'NONE',  ( -1.000000000000000000, 0.000000000000000000, -0.000000000000000000 ) ) ;
#710 = ORIENTED_EDGE ( 'NONE', *, *, #1488, .F. ) ;
#711 = PLANE ( 'NONE',  #366 ) ;
#712 = ORIENTED_EDGE ( 'NONE', *, *, #247, .F. ) ;
#713 = EDGE_CURVE ( 'NONE', #761, #700, #474, .T. ) ;
#714 = CIRCLE ( 'NONE', #1445, 2.600000000000004974 ) ;
#715 = AXIS2_PLACEMENT_3D ( 'NONE', #686, #1161, #577 ) ;
#716 = AXIS2_PLACEMENT_3D ( 'NONE', #190, #908, #1368 ) ;
#717 = DIRECTION ( 'NONE',  ( -0.000000000000000000, -0.000000000000000000, 1.000000000000000000 ) ) ;
#718 = CIRCLE ( 'NONE', #41, 6.550000000000000711 ) ;
#719 = DIRECTION ( 'NONE',  ( -0.000000000000000000, -0.000000000000000000, 1.000000000000000000 ) ) ;
#720 = DIRECTION ( 'NONE',  ( 0.000000000000000000, 0.000000000000000000, 1.000000000000000000 ) ) ;
#721 = ORIENTED_EDGE ( 'NONE', *, *, #584, .F. ) ;
#722 = CARTESIAN_POINT ( 'NONE',  ( 100.0000000000000000, 8.000000000000000000, 0.000000000000000000 ) ) ;
#723 = ORIENTED_EDGE ( 'NONE', *, *, #1261, .F. ) ;
#724 = LINE ( 'NONE', #358, #328 ) ;
#725 = EDGE_CURVE ( 'NONE', #1330, #1328, #837, .T. ) ;
#726 = FACE_BOUND ( 'NONE', #623, .T. ) ;
#727 = EDGE_LOOP ( 'NONE', ( #447, #1064, #1150, #408 ) ) ;
#728 = FACE_OUTER_BOUND ( 'NONE', #727, .T. ) ;
#729 = VERTEX_POINT ( 'NONE', #829 ) ;
#730 = LINE ( 'NONE', #483, #1407 ) ;
#731 = ADVANCED_FACE ( 'NONE', ( #1312 ), #918, .F. ) ;
#732 = ORIENTED_EDGE ( 'NONE', *, *, #381, .F. ) ;
#733 = FACE_OUTER_BOUND ( 'NONE', #836, .T. ) ;
#734 = ORIENTED_EDGE ( 'NONE', *, *, #1466, .F. ) ;
#735 = DIRECTION ( 'NONE',  ( 1.000000000000000000, 0.000000000000000000, 0.000000000000000000 ) ) ;
#736 = ORIENTED_EDGE ( 'NONE', *, *, #332, .T. ) ;
#737 = AXIS2_PLACEMENT_3D ( 'NONE', #1467, #983, #1231 ) ;
#738 = AXIS2_PLACEMENT_3D ( 'NONE', #384, #856, #1479 ) ;
#739 = CARTESIAN_POINT ( 'NONE',  ( 33.30002264833060366, 4.052132500626949962, -10.19999999999999929 ) ) ;
#740 = VECTOR ( 'NONE', #1029, 1000.000000000000000 ) ;
#741 = VECTOR ( 'NONE', #952, 1000.000000000000000 ) ;
#742 = DIRECTION ( 'NONE',  ( 1.000000000000000000, 0.000000000000000000, 0.000000000000000000 ) ) ;
#743 = EDGE_LOOP ( 'NONE', ( #608, #234 ) ) ;
#744 = AXIS2_PLACEMENT_3D ( 'NONE', #1019, #1501, #427 ) ;
#745 = CYLINDRICAL_SURFACE ( 'NONE', #938, 2.600000000000004974 ) ;
#746 = EDGE_LOOP ( 'NONE', ( #259, #2, #747, #638 ) ) ;
#747 = ORIENTED_EDGE ( 'NONE', *, *, #826, .T. ) ;
#748 = LINE ( 'NONE', #535, #451 ) ;
#749 = CARTESIAN_POINT ( 'NONE',  ( 82.80000000000001137, 29.00000000000000355, 5.250000000000000000 ) ) ;
#750 = CARTESIAN_POINT ( 'NONE',  ( 35.00002264833060650, 4.052132500626949962, -10.19999999999999929 ) ) ;
#751 = DIRECTION ( 'NONE',  ( 1.000000000000000000, 0.000000000000000000, 0.000000000000000000 ) ) ;
#752 = ORIENTED_EDGE ( 'NONE', *, *, #689, .T. ) ;
#753 = ADVANCED_FACE ( 'NONE', ( #563 ), #711, .F. ) ;
#754 = EDGE_LOOP ( 'NONE', ( #1264, #22, #520, #872 ) ) ;
#755 = DIRECTION ( 'NONE',  ( -0.000000000000000000, -0.000000000000000000, 1.000000000000000000 ) ) ;
#756 = CARTESIAN_POINT ( 'NONE',  ( 93.00000000000001421, 4.052132500626949962, -3.000000000000000000 ) ) ;
#757 = CYLINDRICAL_SURFACE ( 'NONE', #615, 6.550000000000000711 ) ;
#758 = DIRECTION ( 'NONE',  ( -1.000000000000000000, 0.000000000000000000, 0.000000000000000000 ) ) ;
#759 = FACE_OUTER_BOUND ( 'NONE', #1496, .T. ) ;
#760 = ORIENTED_EDGE ( 'NONE', *, *, #1211, .T. ) ;
#761 = VERTEX_POINT ( 'NONE', #327 ) ;
#762 = EDGE_CURVE ( 'NONE', #196, #1353, #1164, .T. ) ;
#763 = ORIENTED_EDGE ( 'NONE', *, *, #97, .T. ) ;
#764 = CARTESIAN_POINT ( 'NONE',  ( 11.70000000000000107, 4.052132500626949962, -10.20099999999999874 ) ) ;
#765 = CARTESIAN_POINT ( 'NONE',  ( 61.55000000000000426, 29.00000000000000000, 5.250000000000000000 ) ) ;
#766 = VECTOR ( 'NONE', #28, 1000.000000000000000 ) ;
#767 = EDGE_CURVE ( 'NONE', #1102, #1142, #835, .T. ) ;
#768 = CIRCLE ( 'NONE', #238, 3.500000000000003109 ) ;
#769 = STYLED_ITEM ( 'NONE', ( #1180 ), #174 ) ;
#770 = DIRECTION ( 'NONE',  ( -0.000000000000000000, -0.000000000000000000, 1.000000000000000000 ) ) ;
#771 = VERTEX_POINT ( 'NONE', #599 ) ;
#772 = CARTESIAN_POINT ( 'NONE',  ( 15.00000000000000000, 29.00000000000000000, 7.000000000000000000 ) ) ;
#773 = CIRCLE ( 'NONE', #394, 2.600000000000004974 ) ;
#774 = AXIS2_PLACEMENT_3D ( 'NONE', #72, #1512, #678 ) ;
#775 = ORIENTED_EDGE ( 'NONE', *, *, #1076, .F. ) ;
#776 = CARTESIAN_POINT ( 'NONE',  ( 100.0000000000000000, 0.000000000000000000, -10.19999999999999929 ) ) ;
#777 = ORIENTED_EDGE ( 'NONE', *, *, #1173, .F. ) ;
#778 = CARTESIAN_POINT ( 'NONE',  ( 100.0000000000000000, 0.000000000000000000, -10.19999999999999929 ) ) ;
#779 = ADVANCED_FACE ( 'NONE', ( #800 ), #335, .F. ) ;
#780 = CARTESIAN_POINT ( 'NONE',  ( 48.45000000000000995, 29.00000000000000000, 0.000000000000000000 ) ) ;
#781 = ORIENTED_EDGE ( 'NONE', *, *, #1466, .T. ) ;
#782 = DIRECTION ( 'NONE',  ( 0.000000000000000000, 0.000000000000000000, 1.000000000000000000 ) ) ;
#783 = CARTESIAN_POINT ( 'NONE',  ( 0.000000000000000000, 0.000000000000000000, 7.000000000000000000 ) ) ;
#784 = ORIENTED_EDGE ( 'NONE', *, *, #195, .T. ) ;
#785 = DIRECTION ( 'NONE',  ( 0.000000000000000000, 0.000000000000000000, 1.000000000000000000 ) ) ;
#786 = CARTESIAN_POINT ( 'NONE',  ( 76.25000000000001421, 29.00000000000000355, 5.250000000000000000 ) ) ;
#787 = EDGE_CURVE ( 'NONE', #598, #684, #1286, .T. ) ;
#788 = CARTESIAN_POINT ( 'NONE',  ( 37.25000000000000711, 29.00000000000000000, 5.250000000000000000 ) ) ;
#789 = ORIENTED_EDGE ( 'NONE', *, *, #863, .T. ) ;
#790 = FACE_BOUND ( 'NONE', #333, .T. ) ;
#791 = CARTESIAN_POINT ( 'NONE',  ( 90.00000000000001421, 4.052132500626949962, -3.000000000000000000 ) ) ;
#792 = ORIENTED_EDGE ( 'NONE', *, *, #655, .T. ) ;
#793 = CARTESIAN_POINT ( 'NONE',  ( 58.50000000000000711, 29.00000000000000000, -0.001000000000000132727 ) ) ;
#794 = AXIS2_PLACEMENT_3D ( 'NONE', #529, #503, #1206 ) ;
#795 = CIRCLE ( 'NONE', #617, 3.500000000000003109 ) ;
#796 = DIRECTION ( 'NONE',  ( -1.000000000000000000, 0.000000000000000000, 0.000000000000000000 ) ) ;
#797 = VECTOR ( 'NONE', #1016, 1000.000000000000000 ) ;
#798 = LINE ( 'NONE', #317, #838 ) ;
#799 = ORIENTED_EDGE ( 'NONE', *, *, #1181, .T. ) ;
#800 = FACE_OUTER_BOUND ( 'NONE', #851, .T. ) ;
#801 = LINE ( 'NONE', #225, #1175 ) ;
#802 = ORIENTED_EDGE ( 'NONE', *, *, #992, .F. ) ;
#803 = DIRECTION ( 'NONE',  ( -0.000000000000000000, -0.000000000000000000, -1.000000000000000000 ) ) ;
#804 = EDGE_LOOP ( 'NONE', ( #426, #113 ) ) ;
#805 = EDGE_CURVE ( 'NONE', #1353, #506, #1321, .T. ) ;
#806 = CARTESIAN_POINT ( 'NONE',  ( 0.000000000000000000, 0.000000000000000000, 0.000000000000000000 ) ) ;
#807 = DIRECTION ( 'NONE',  ( -1.000000000000000000, 0.000000000000000000, 0.000000000000000000 ) ) ;
#808 = DIRECTION ( 'NONE',  ( -0.000000000000000000, -0.000000000000000000, 1.000000000000000000 ) ) ;
#809 = ORIENTED_EDGE ( 'NONE', *, *, #1181, .F. ) ;
#810 = ADVANCED_FACE ( 'NONE', ( #205 ), #1080, .F. ) ;
#811 = FILL_AREA_STYLE_COLOUR ( '', #814 ) ;
#812 = AXIS2_PLACEMENT_3D ( 'NONE', #1448, #679, #115 ) ;
#813 = CARTESIAN_POINT ( 'NONE',  ( 8.449999999999999289, 29.00000000000000000, 5.250000000000000000 ) ) ;
#814 = COLOUR_RGB ( '',0.7921568627450980005, 0.8196078431372548767, 0.9333333333333333481 ) ;
#815 = ORIENTED_EDGE ( 'NONE', *, *, #1059, .T. ) ;
#816 = AXIS2_PLACEMENT_3D ( 'NONE', #354, #720, #1540 ) ;
#817 = VECTOR ( 'NONE', #1549, 1000.000000000000000 ) ;
#818 = CARTESIAN_POINT ( 'NONE',  ( 58.50000000000000711, 29.00000000000000000, 5.250000000000000000 ) ) ;
#819 = VECTOR ( 'NONE', #20, 1000.000000000000000 ) ;
#820 = EDGE_CURVE ( 'NONE', #1250, #627, #10, .T. ) ;
#821 = CYLINDRICAL_SURFACE ( 'NONE', #197, 20.00000000000000355 ) ;
#822 = CARTESIAN_POINT ( 'NONE',  ( 0.000000000000000000, 0.000000000000000000, 0.000000000000000000 ) ) ;
#823 = ORIENTED_EDGE ( 'NONE', *, *, #1530, .T. ) ;
#824 = DIRECTION ( 'NONE',  ( -0.000000000000000000, -0.000000000000000000, -1.000000000000000000 ) ) ;
#825 = DIRECTION ( 'NONE',  ( 0.000000000000000000, 0.000000000000000000, -1.000000000000000000 ) ) ;
#826 = EDGE_CURVE ( 'NONE', #1128, #36, #1423, .T. ) ;
#827 = DIRECTION ( 'NONE',  ( -0.000000000000000000, -0.000000000000000000, 1.000000000000000000 ) ) ;
#828 = ORIENTED_EDGE ( 'NONE', *, *, #528, .T. ) ;
#829 = CARTESIAN_POINT ( 'NONE',  ( 13.00000000000000178, 4.052132500626949962, -3.000000000000000000 ) ) ;
#830 = VERTEX_POINT ( 'NONE', #1432 ) ;
#831 = LINE ( 'NONE', #601, #1099 ) ;
#832 = CARTESIAN_POINT ( 'NONE',  ( 0.000000000000000000, 28.00000000000000000, 7.000000000000000000 ) ) ;
#833 = FACE_OUTER_BOUND ( 'NONE', #84, .T. ) ;
#834 = ORIENTED_EDGE ( 'NONE', *, *, #105, .T. ) ;
#835 = LINE ( 'NONE', #6, #670 ) ;
#836 = EDGE_LOOP ( 'NONE', ( #1246, #1340, #1472, #1239 ) ) ;
#837 = CIRCLE ( 'NONE', #108, 6.550000000000000711 ) ;
#838 = VECTOR ( 'NONE', #803, 1000.000000000000000 ) ;
#839 = DIRECTION ( 'NONE',  ( 1.000000000000000000, 0.000000000000000000, 0.000000000000000000 ) ) ;
#840 = CIRCLE ( 'NONE', #165, 3.499999999999999556 ) ;
#841 = AXIS2_PLACEMENT_3D ( 'NONE', #671, #431, #758 ) ;
#842 = CARTESIAN_POINT ( 'NONE',  ( 0.000000000000000000, 8.000000000000000000, 0.000000000000000000 ) ) ;
#843 = VERTEX_POINT ( 'NONE', #122 ) ;
#844 = CYLINDRICAL_SURFACE ( 'NONE', #515, 1.699999999999993072 ) ;
#845 = ORIENTED_EDGE ( 'NONE', *, *, #86, .T. ) ;
#846 = EDGE_CURVE ( 'NONE', #902, #338, #768, .T. ) ;
#847 = CARTESIAN_POINT ( 'NONE',  ( 90.00000000000001421, 4.052132500626949962, 7.000000000000000000 ) ) ;
#848 = DIRECTION ( 'NONE',  ( 0.000000000000000000, 0.000000000000000000, -1.000000000000000000 ) ) ;
#849 = ORIENTED_EDGE ( 'NONE', *, *, #1032, .T. ) ;
#850 = CYLINDRICAL_SURFACE ( 'NONE', #591, 3.000000000000000888 ) ;
#851 = EDGE_LOOP ( 'NONE', ( #775, #1447, #815, #269 ) ) ;
#852 = DIRECTION ( 'NONE',  ( -0.000000000000000000, 0.000000000000000000, -1.000000000000000000 ) ) ;
#853 = EDGE_CURVE ( 'NONE', #1140, #123, #892, .T. ) ;
#854 = FACE_BOUND ( 'NONE', #1486, .T. ) ;
#855 = ORIENTED_EDGE ( 'NONE', *, *, #1187, .T. ) ;
#856 = DIRECTION ( 'NONE',  ( 0.000000000000000000, 0.000000000000000000, 1.000000000000000000 ) ) ;
#857 = VERTEX_POINT ( 'NONE', #1519 ) ;
#858 = CIRCLE ( 'NONE', #1067, 3.500000000000003109 ) ;
#859 = VECTOR ( 'NONE', #449, 1000.000000000000000 ) ;
#860 = DIRECTION ( 'NONE',  ( 0.000000000000000000, 0.000000000000000000, -1.000000000000000000 ) ) ;
#861 = AXIS2_PLACEMENT_3D ( 'NONE', #1045, #1156, #923 ) ;
#862 = AXIS2_PLACEMENT_3D ( 'NONE', #585, #101, #1061 ) ;
#863 = EDGE_CURVE ( 'NONE', #127, #729, #466, .T. ) ;
#864 = CYLINDRICAL_SURFACE ( 'NONE', #106, 1.700000000000000178 ) ;
#865 = DIRECTION ( 'NONE',  ( -0.000000000000000000, -0.000000000000000000, -1.000000000000000000 ) ) ;
#866 = CYLINDRICAL_SURFACE ( 'NONE', #1154, 6.550000000000000711 ) ;
#867 = ORIENTED_EDGE ( 'NONE', *, *, #210, .T. ) ;
#868 = ORIENTED_EDGE ( 'NONE', *, *, #930, .F. ) ;
#869 = CARTESIAN_POINT ( 'NONE',  ( 62.39997735166938497, 3.999999999999997335, 0.000000000000000000 ) ) ;
#870 = CARTESIAN_POINT ( 'NONE',  ( 91.70000000000000284, 4.052132500626949962, -3.000000000000000000 ) ) ;
#871 = DIRECTION ( 'NONE',  ( -1.000000000000000000, 0.000000000000000000, 0.000000000000000000 ) ) ;
#872 = ORIENTED_EDGE ( 'NONE', *, *, #1274, .F. ) ;
#873 = CARTESIAN_POINT ( 'NONE',  ( 10.00000000000000000, 4.052132500626949962, -10.19999999999999929 ) ) ;
#874 = EDGE_CURVE ( 'NONE', #400, #24, #151, .T. ) ;
#875 = EDGE_LOOP ( 'NONE', ( #162, #38 ) ) ;
#876 = ORIENTED_EDGE ( 'NONE', *, *, #275, .T. ) ;
#877 = EDGE_CURVE ( 'NONE', #524, #1402, #1544, .T. ) ;
#878 = ORIENTED_EDGE ( 'NONE', *, *, #683, .F. ) ;
#879 = CARTESIAN_POINT ( 'NONE',  ( 90.00000000000001421, 4.052132500626949962, -3.000000000000000000 ) ) ;
#880 = CARTESIAN_POINT ( 'NONE',  ( 33.30002264833060366, 4.052132500626949962, -10.19999999999999929 ) ) ;
#881 = CARTESIAN_POINT ( 'NONE',  ( 64.99997735166938639, 3.999999999999997335, 0.000000000000000000 ) ) ;
#882 = CARTESIAN_POINT ( 'NONE',  ( 15.00000000000000000, 29.00000000000000000, 5.250000000000000000 ) ) ;
#883 = CARTESIAN_POINT ( 'NONE',  ( 0.000000000000000000, 0.000000000000000000, -10.19999999999999929 ) ) ;
#884 = ORIENTED_EDGE ( 'NONE', *, *, #564, .T. ) ;
#885 = ORIENTED_EDGE ( 'NONE', *, *, #1032, .F. ) ;
#886 = ADVANCED_FACE ( 'NONE', ( #759, #1341 ), #1457, .T. ) ;
#887 = ORIENTED_EDGE ( 'NONE', *, *, #334, .F. ) ;
#888 = ADVANCED_FACE ( 'NONE', ( #1127 ), #745, .F. ) ;
#889 = DIRECTION ( 'NONE',  ( 0.000000000000000000, 0.000000000000000000, -1.000000000000000000 ) ) ;
#890 = VECTOR ( 'NONE', #494, 1000.000000000000000 ) ;
#891 = CARTESIAN_POINT ( 'NONE',  ( 35.00002264833060650, 4.052132500626949962, 0.000000000000000000 ) ) ;
#892 = CIRCLE ( 'NONE', #1217, 20.00000000000000355 ) ;
#893 = AXIS2_PLACEMENT_3D ( 'NONE', #1266, #1162, #1256 ) ;
#894 = AXIS2_PLACEMENT_3D ( 'NONE', #1058, #473, #341 ) ;
#895 = LINE ( 'NONE', #1507, #589 ) ;
#896 = PRODUCT_CONTEXT ( 'NONE', #119, 'mechanical' ) ;
#897 = EDGE_LOOP ( 'NONE', ( #13, #546, #277, #583 ) ) ;
#898 = FACE_OUTER_BOUND ( 'NONE', #243, .T. ) ;
#899 = VECTOR ( 'NONE', #1493, 1000.000000000000000 ) ;
#900 = FACE_BOUND ( 'NONE', #926, .T. ) ;
#901 = AXIS2_PLACEMENT_3D ( 'NONE', #1268, #441, #185 ) ;
#902 = VERTEX_POINT ( 'NONE', #1216 ) ;
#903 = CYLINDRICAL_SURFACE ( 'NONE', #901, 6.550000000000000711 ) ;
#904 = DIRECTION ( 'NONE',  ( -0.000000000000000000, -0.000000000000000000, -1.000000000000000000 ) ) ;
#905 = EDGE_CURVE ( 'NONE', #357, #843, #1116, .T. ) ;
#906 = DIRECTION ( 'NONE',  ( 0.000000000000000000, 0.000000000000000000, 1.000000000000000000 ) ) ;
#907 = CARTESIAN_POINT ( 'NONE',  ( 79.75000000000001421, 29.00000000000000355, 7.000000000000000000 ) ) ;
#908 = DIRECTION ( 'NONE',  ( -0.000000000000000000, -0.000000000000000000, -1.000000000000000000 ) ) ;
#909 = CARTESIAN_POINT ( 'NONE',  ( 100.0000000000000000, 0.000000000000000000, 7.000000000000000000 ) ) ;
#910 = EDGE_LOOP ( 'NONE', ( #834, #480 ) ) ;
#911 = DIRECTION ( 'NONE',  ( 1.000000000000000000, 0.000000000000000000, 0.000000000000000000 ) ) ;
#912 = ORIENTED_EDGE ( 'NONE', *, *, #1289, .F. ) ;
#913 = LINE ( 'NONE', #1483, #621 ) ;
#914 = EDGE_CURVE ( 'NONE', #680, #600, #262, .T. ) ;
#915 = SURFACE_SIDE_STYLE ('',( #221 ) ) ;
#916 = DIRECTION ( 'NONE',  ( -0.000000000000000000, -0.000000000000000000, -1.000000000000000000 ) ) ;
#917 = ORIENTED_EDGE ( 'NONE', *, *, #255, .F. ) ;
#918 = CYLINDRICAL_SURFACE ( 'NONE', #812, 3.500000000000003109 ) ;
#919 = VECTOR ( 'NONE', #588, 1000.000000000000000 ) ;
#920 = CARTESIAN_POINT ( 'NONE',  ( 35.00002264833060650, 4.052132500626949962, -10.19999999999999929 ) ) ;
#921 = AXIS2_PLACEMENT_3D ( 'NONE', #932, #462, #1418 ) ;
#922 = ADVANCED_FACE ( 'NONE', ( #728 ), #866, .F. ) ;
#923 = DIRECTION ( 'NONE',  ( 1.000000000000000000, 0.000000000000000000, 0.000000000000000000 ) ) ;
#924 = VECTOR ( 'NONE', #279, 1000.000000000000000 ) ;
#925 = VECTOR ( 'NONE', #755, 1000.000000000000000 ) ;
#926 = EDGE_LOOP ( 'NONE', ( #1322, #440 ) ) ;
#927 = DIRECTION ( 'NONE',  ( 1.000000000000000000, 0.000000000000000000, 0.000000000000000000 ) ) ;
#928 = DIRECTION ( 'NONE',  ( -0.000000000000000000, -0.000000000000000000, 1.000000000000000000 ) ) ;
#929 = CARTESIAN_POINT ( 'NONE',  ( 64.99997735166938639, 3.999999999999997335, 0.000000000000000000 ) ) ;
#930 = EDGE_CURVE ( 'NONE', #338, #902, #1279, .T. ) ;
#931 = ORIENTED_EDGE ( 'NONE', *, *, #263, .F. ) ;
#932 = CARTESIAN_POINT ( 'NONE',  ( 33.75000000000000000, 29.00000000000000000, 5.250000000000000000 ) ) ;
#933 = DIRECTION ( 'NONE',  ( -0.000000000000000000, -0.000000000000000000, 1.000000000000000000 ) ) ;
#934 = ORIENTED_EDGE ( 'NONE', *, *, #665, .T. ) ;
#935 = ADVANCED_FACE ( 'NONE', ( #648, #145 ), #283, .T. ) ;
#936 = CARTESIAN_POINT ( 'NONE',  ( 63.29997735166939776, 3.999999999999997335, -10.19999999999999929 ) ) ;
#937 = CIRCLE ( 'NONE', #1404, 1.700000000000000178 ) ;
#938 = AXIS2_PLACEMENT_3D ( 'NONE', #137, #393, #1226 ) ;
#939 = DIRECTION ( 'NONE',  ( 0.000000000000000000, 0.000000000000000000, 1.000000000000000000 ) ) ;
#940 = VECTOR ( 'NONE', #916, 1000.000000000000000 ) ;
#941 = EDGE_LOOP ( 'NONE', ( #1026, #475, #1163, #318 ) ) ;
#942 = AXIS2_PLACEMENT_3D ( 'NONE', #461, #1442, #1452 ) ;
#943 = CIRCLE ( 'NONE', #267, 3.000000000000002665 ) ;
#944 = DIRECTION ( 'NONE',  ( -1.000000000000000000, 0.000000000000000000, 0.000000000000000000 ) ) ;
#945 = AXIS2_PLACEMENT_3D ( 'NONE', #167, #652, #1346 ) ;
#946 = EDGE_CURVE ( 'NONE', #1183, #598, #1120, .T. ) ;
#947 = CARTESIAN_POINT ( 'NONE',  ( 100.0000000000000000, 8.000000000000000000, -10.19999999999999929 ) ) ;
#948 = FACE_OUTER_BOUND ( 'NONE', #504, .T. ) ;
#949 = ORIENTED_EDGE ( 'NONE', *, *, #497, .F. ) ;
#950 = CARTESIAN_POINT ( 'NONE',  ( 100.0000000000000000, 8.000000000000000000, -10.19999999999999929 ) ) ;
#951 = EDGE_LOOP ( 'NONE', ( #1548, #1192 ) ) ;
#952 = DIRECTION ( 'NONE',  ( -0.000000000000000000, -0.000000000000000000, 1.000000000000000000 ) ) ;
#953 = CARTESIAN_POINT ( 'NONE',  ( 55.00000000000000711, 29.00000000000000000, 5.250000000000000000 ) ) ;
#954 = DIRECTION ( 'NONE',  ( 0.000000000000000000, 0.000000000000000000, 1.000000000000000000 ) ) ;
#955 = ORIENTED_EDGE ( 'NONE', *, *, #713, .T. ) ;
#956 = DIRECTION ( 'NONE',  ( -0.000000000000000000, -1.000000000000000000, -0.000000000000000000 ) ) ;
#957 = EDGE_LOOP ( 'NONE', ( #1253, #17, #1311, #1215 ) ) ;
#958 = FACE_OUTER_BOUND ( 'NONE', #250, .T. ) ;
#959 = CARTESIAN_POINT ( 'NONE',  ( 91.70000000000000284, 4.052132500626949962, -10.20099999999999874 ) ) ;
#960 = ORIENTED_EDGE ( 'NONE', *, *, #689, .F. ) ;
#961 = CARTESIAN_POINT ( 'NONE',  ( 0.000000000000000000, 48.00000000000000000, 7.000000000000000000 ) ) ;
#962 = EDGE_LOOP ( 'NONE', ( #420, #416 ) ) ;
#963 = DIRECTION ( 'NONE',  ( -0.000000000000000000, -0.000000000000000000, 1.000000000000000000 ) ) ;
#964 = ADVANCED_FACE ( 'NONE', ( #1109 ), #850, .F. ) ;
#965 = VECTOR ( 'NONE', #56, 1000.000000000000000 ) ;
#966 = ORIENTED_EDGE ( 'NONE', *, *, #1436, .T. ) ;
#967 = AXIS2_PLACEMENT_3D ( 'NONE', #613, #401, #15 ) ;
#968 = AXIS2_PLACEMENT_3D ( 'NONE', #947, #1077, #825 ) ;
#969 = DIRECTION ( 'NONE',  ( 1.000000000000000000, 0.000000000000000000, 0.000000000000000000 ) ) ;
#970 = CIRCLE ( 'NONE', #299, 1.699999999999993072 ) ;
#971 = CYLINDRICAL_SURFACE ( 'NONE', #1152, 3.000000000000000888 ) ;
#972 = EDGE_LOOP ( 'NONE', ( #1223, #960, #828, #1104 ) ) ;
#973 = CARTESIAN_POINT ( 'NONE',  ( 64.99997735166938639, 3.999999999999997335, -10.19999999999999929 ) ) ;
#974 = ORIENTED_EDGE ( 'NONE', *, *, #930, .T. ) ;
#975 = EDGE_CURVE ( 'NONE', #138, #1055, #511, .T. ) ;
#976 = DIRECTION ( 'NONE',  ( 1.000000000000000000, 0.000000000000000000, 0.000000000000000000 ) ) ;
#977 = CARTESIAN_POINT ( 'NONE',  ( 55.00000000000000711, 29.00000000000000000, 5.250000000000000000 ) ) ;
#978 = ORIENTED_EDGE ( 'NONE', *, *, #1284, .T. ) ;
#979 = DIRECTION ( 'NONE',  ( -0.000000000000000000, 0.000000000000000000, -1.000000000000000000 ) ) ;
#980 = ORIENTED_EDGE ( 'NONE', *, *, #154, .F. ) ;
#981 = CARTESIAN_POINT ( 'NONE',  ( 36.70002264833060224, 4.052132500626949962, -10.19999999999999929 ) ) ;
#982 = ADVANCED_FACE ( 'NONE', ( #1487 ), #844, .F. ) ;
#983 = DIRECTION ( 'NONE',  ( -0.000000000000000000, -0.000000000000000000, -1.000000000000000000 ) ) ;
#984 = FACE_OUTER_BOUND ( 'NONE', #523, .T. ) ;
#985 = DIRECTION ( 'NONE',  ( -0.000000000000000000, -0.000000000000000000, -1.000000000000000000 ) ) ;
#986 = ORIENTED_EDGE ( 'NONE', *, *, #610, .T. ) ;
#987 = VECTOR ( 'NONE', #1329, 1000.000000000000000 ) ;
#988 = LINE ( 'NONE', #869, #819 ) ;
#989 = CARTESIAN_POINT ( 'NONE',  ( 87.00000000000001421, 4.052132500626949962, -3.000000000000000000 ) ) ;
#990 = VECTOR ( 'NONE', #1167, 1000.000000000000000 ) ;
#991 = VECTOR ( 'NONE', #253, 1000.000000000000000 ) ;
#992 = EDGE_CURVE ( 'NONE', #1353, #1431, #1406, .T. ) ;
#993 = CIRCLE ( 'NONE', #744, 6.550000000000000711 ) ;
#994 = DIRECTION ( 'NONE',  ( -1.000000000000000000, 0.000000000000000000, 0.000000000000000000 ) ) ;
#995 = ORIENTED_EDGE ( 'NONE', *, *, #47, .F. ) ;
#996 = FACE_BOUND ( 'NONE', #1412, .T. ) ;
#997 = ORIENTED_EDGE ( 'NONE', *, *, #655, .F. ) ;
#998 = AXIS2_PLACEMENT_3D ( 'NONE', #750, #1044, #1050 ) ;
#999 = EDGE_LOOP ( 'NONE', ( #1532, #181, #1203, #203 ) ) ;
#1000 = DIRECTION ( 'NONE',  ( -0.000000000000000000, -0.000000000000000000, -1.000000000000000000 ) ) ;
#1001 = ORIENTED_EDGE ( 'NONE', *, *, #877, .F. ) ;
#1002 = CARTESIAN_POINT ( 'NONE',  ( 20.00000000000000000, 28.00000000000000000, 7.000000000000000000 ) ) ;
#1003 = PRODUCT_RELATED_PRODUCT_CATEGORY ( 'part', '', ( #1484 ) ) ;
#1004 = DIRECTION ( 'NONE',  ( -0.000000000000000000, -0.000000000000000000, 1.000000000000000000 ) ) ;
#1005 = CARTESIAN_POINT ( 'NONE',  ( 15.00000000000000000, 29.00000000000000000, 5.250000000000000000 ) ) ;
#1006 = CARTESIAN_POINT ( 'NONE',  ( 40.30000000000000426, 29.00000000000000000, 5.250000000000000000 ) ) ;
#1007 = EDGE_CURVE ( 'NONE', #1372, #1040, #714, .T. ) ;
#1008 = ORIENTED_EDGE ( 'NONE', *, *, #914, .T. ) ;
#1009 = ORIENTED_EDGE ( 'NONE', *, *, #1211, .F. ) ;
#1010 = DIRECTION ( 'NONE',  ( 1.000000000000000000, 0.000000000000000000, 0.000000000000000000 ) ) ;
#1011 = LINE ( 'NONE', #669, #18 ) ;
#1012 = CARTESIAN_POINT ( 'NONE',  ( 8.300000000000000711, 4.052132500626949962, -10.20099999999999874 ) ) ;
#1013 = DIRECTION ( 'NONE',  ( 0.000000000000000000, 0.000000000000000000, 1.000000000000000000 ) ) ;
#1014 = CARTESIAN_POINT ( 'NONE',  ( 8.449999999999999289, 29.00000000000000000, 5.250000000000000000 ) ) ;
#1015 = DIRECTION ( 'NONE',  ( -1.000000000000000000, 0.000000000000000000, 0.000000000000000000 ) ) ;
#1016 = DIRECTION ( 'NONE',  ( -0.000000000000000000, -0.000000000000000000, 1.000000000000000000 ) ) ;
#1017 = ADVANCED_FACE ( 'NONE', ( #996, #409, #790, #1255, #898 ), #1497, .F. ) ;
#1018 = VERTEX_POINT ( 'NONE', #172 ) ;
#1019 = CARTESIAN_POINT ( 'NONE',  ( 76.25000000000001421, 29.00000000000000355, 5.250000000000000000 ) ) ;
#1020 = AXIS2_PLACEMENT_3D ( 'NONE', #120, #1191, #112 ) ;
#1021 = DIRECTION ( 'NONE',  ( 1.000000000000000000, 0.000000000000000000, 0.000000000000000000 ) ) ;
#1022 = CIRCLE ( 'NONE', #1342, 20.00000000000000000 ) ;
#1023 = AXIS2_PLACEMENT_3D ( 'NONE', #929, #173, #687 ) ;
#1024 = CIRCLE ( 'NONE', #218, 2.600000000000004974 ) ;
#1025 = DIRECTION ( 'NONE',  ( 0.000000000000000000, 0.000000000000000000, 1.000000000000000000 ) ) ;
#1026 = ORIENTED_EDGE ( 'NONE', *, *, #1325, .F. ) ;
#1027 = DIRECTION ( 'NONE',  ( 1.000000000000000000, 0.000000000000000000, 0.000000000000000000 ) ) ;
#1028 = CIRCLE ( 'NONE', #1301, 3.499999999999999556 ) ;
#1029 = DIRECTION ( 'NONE',  ( -0.000000000000000000, -1.000000000000000000, -0.000000000000000000 ) ) ;
#1030 = AXIS2_PLACEMENT_3D ( 'NONE', #557, #785, #911 ) ;
#1031 = CIRCLE ( 'NONE', #326, 1.699999999999993072 ) ;
#1032 = EDGE_CURVE ( 'NONE', #36, #1128, #295, .T. ) ;
#1033 = ORIENTED_EDGE ( 'NONE', *, *, #460, .F. ) ;
#1034 = CARTESIAN_POINT ( 'NONE',  ( 55.00000000000000711, 29.00000000000000000, -0.001000000000000132727 ) ) ;
#1035 = ORIENTED_EDGE ( 'NONE', *, *, #1296, .T. ) ;
#1036 = CARTESIAN_POINT ( 'NONE',  ( 55.00000000000000711, 29.00000000000000000, 0.000000000000000000 ) ) ;
#1037 = SHAPE_DEFINITION_REPRESENTATION ( #616, #27 ) ;
#1038 = LINE ( 'NONE', #82, #1500 ) ;
#1039 = CARTESIAN_POINT ( 'NONE',  ( 20.00000000000000000, 48.00000000000000000, 7.000000000000000000 ) ) ;
#1040 = VERTEX_POINT ( 'NONE', #316 ) ;
#1041 = PLANE ( 'NONE',  #774 ) ;
#1042 = DIRECTION ( 'NONE',  ( 1.000000000000000000, 0.000000000000000000, 0.000000000000000000 ) ) ;
#1043 = EDGE_CURVE ( 'NONE', #1228, #1444, #292, .T. ) ;
#1044 = DIRECTION ( 'NONE',  ( 0.000000000000000000, 0.000000000000000000, 1.000000000000000000 ) ) ;
#1045 = CARTESIAN_POINT ( 'NONE',  ( 64.99997735166938639, 3.999999999999997335, -10.19999999999999929 ) ) ;
#1046 = ORIENTED_EDGE ( 'NONE', *, *, #1105, .T. ) ;
#1047 = CARTESIAN_POINT ( 'NONE',  ( 36.70002264833060224, 4.052132500626949962, -10.19999999999999929 ) ) ;
#1048 = ADVANCED_FACE ( 'NONE', ( #1273 ), #1139, .F. ) ;
#1049 = AXIS2_PLACEMENT_3D ( 'NONE', #430, #906, #233 ) ;
#1050 = DIRECTION ( 'NONE',  ( 1.000000000000000000, 0.000000000000000000, 0.000000000000000000 ) ) ;
#1051 = AXIS2_PLACEMENT_3D ( 'NONE', #1052, #560, #1401 ) ;
#1052 = CARTESIAN_POINT ( 'NONE',  ( 90.00000000000001421, 4.052132500626949962, -3.000000000000000000 ) ) ;
#1053 = AXIS2_PLACEMENT_3D ( 'NONE', #1509, #551, #1027 ) ;
#1054 = CIRCLE ( 'NONE', #270, 6.550000000000000711 ) ;
#1055 = VERTEX_POINT ( 'NONE', #294 ) ;
#1056 = CARTESIAN_POINT ( 'NONE',  ( 40.30000000000000426, 29.00000000000000000, 5.250000000000000000 ) ) ;
#1057 = EDGE_CURVE ( 'NONE', #309, #400, #518, .T. ) ;
#1058 = CARTESIAN_POINT ( 'NONE',  ( 15.00000000000000000, 29.00000000000000000, 7.000000000000000000 ) ) ;
#1059 = EDGE_CURVE ( 'NONE', #1508, #843, #840, .T. ) ;
#1060 = VERTEX_POINT ( 'NONE', #664 ) ;
#1061 = DIRECTION ( 'NONE',  ( 1.000000000000000000, 0.000000000000000000, 0.000000000000000000 ) ) ;
#1062 = CARTESIAN_POINT ( 'NONE',  ( 80.00000000000000000, 48.00000000000000000, 7.000000000000000000 ) ) ;
#1063 = CARTESIAN_POINT ( 'NONE',  ( 79.75000000000001421, 29.00000000000000355, 5.250000000000000000 ) ) ;
#1064 = ORIENTED_EDGE ( 'NONE', *, *, #226, .T. ) ;
#1065 = ADVANCED_FACE ( 'NONE', ( #1148 ), #68, .F. ) ;
#1066 = FACE_OUTER_BOUND ( 'NONE', #754, .T. ) ;
#1067 = AXIS2_PLACEMENT_3D ( 'NONE', #977, #1114, #369 ) ;
#1068 = AXIS2_PLACEMENT_3D ( 'NONE', #245, #1439, #1042 ) ;
#1069 = CARTESIAN_POINT ( 'NONE',  ( 33.75000000000000000, 29.00000000000000000, 5.250000000000000000 ) ) ;
#1070 = AXIS2_PLACEMENT_3D ( 'NONE', #183, #1498, #1385 ) ;
#1071 = DIRECTION ( 'NONE',  ( -0.000000000000000000, -0.000000000000000000, -1.000000000000000000 ) ) ;
#1072 = ORIENTED_EDGE ( 'NONE', *, *, #541, .T. ) ;
#1073 = AXIS2_PLACEMENT_3D ( 'NONE', #468, #944, #229 ) ;
#1074 = AXIS2_PLACEMENT_3D ( 'NONE', #513, #1131, #1230 ) ;
#1075 = CARTESIAN_POINT ( 'NONE',  ( 90.00000000000001421, 4.052132500626949962, -10.19999999999999929 ) ) ;
#1076 = EDGE_CURVE ( 'NONE', #71, #357, #1028, .T. ) ;
#1077 = DIRECTION ( 'NONE',  ( 0.000000000000000000, -1.000000000000000000, -0.000000000000000000 ) ) ;
#1078 = DIRECTION ( 'NONE',  ( -0.000000000000000000, -0.000000000000000000, 1.000000000000000000 ) ) ;
#1079 = ORIENTED_EDGE ( 'NONE', *, *, #805, .T. ) ;
#1080 = CYLINDRICAL_SURFACE ( 'NONE', #1068, 1.699999999999993072 ) ;
#1081 = ORIENTED_EDGE ( 'NONE', *, *, #846, .T. ) ;
#1082 = DIRECTION ( 'NONE',  ( 0.000000000000000000, 0.000000000000000000, 1.000000000000000000 ) ) ;
#1083 = EDGE_CURVE ( 'NONE', #700, #1444, #913, .T. ) ;
#1084 = FACE_OUTER_BOUND ( 'NONE', #296, .T. ) ;
#1085 = FACE_BOUND ( 'NONE', #184, .T. ) ;
#1086 = ORIENTED_EDGE ( 'NONE', *, *, #1440, .F. ) ;
#1087 = DIRECTION ( 'NONE',  ( -1.000000000000000000, 0.000000000000000000, 0.000000000000000000 ) ) ;
#1088 = ORIENTED_EDGE ( 'NONE', *, *, #1158, .F. ) ;
#1089 = CARTESIAN_POINT ( 'NONE',  ( 93.00000000000001421, 4.052132500626949962, -3.000000000000000000 ) ) ;
#1090 = EDGE_CURVE ( 'NONE', #1145, #532, #241, .T. ) ;
#1091 = CARTESIAN_POINT ( 'NONE',  ( 32.40002264833059797, 4.052132500626949962, 0.000000000000000000 ) ) ;
#1092 = VERTEX_POINT ( 'NONE', #1122 ) ;
#1093 = CARTESIAN_POINT ( 'NONE',  ( 79.75000000000001421, 29.00000000000000355, -0.001000000000000132727 ) ) ;
#1094 = AXIS2_PLACEMENT_3D ( 'NONE', #209, #103, #1202 ) ;
#1095 = VERTEX_POINT ( 'NONE', #870 ) ;
#1096 = VECTOR ( 'NONE', #1149, 1000.000000000000000 ) ;
#1097 = FACE_OUTER_BOUND ( 'NONE', #1411, .T. ) ;
#1098 = APPLICATION_CONTEXT ( 'automotive_design' ) ;
#1099 = VECTOR ( 'NONE', #1326, 1000.000000000000000 ) ;
#1100 = VECTOR ( 'NONE', #1258, 1000.000000000000000 ) ;
#1101 = FACE_BOUND ( 'NONE', #490, .T. ) ;
#1102 = VERTEX_POINT ( 'NONE', #1365 ) ;
#1103 = CARTESIAN_POINT ( 'NONE',  ( 20.00000000000000000, 28.00000000000000000, 0.000000000000000000 ) ) ;
#1104 = ORIENTED_EDGE ( 'NONE', *, *, #1135, .T. ) ;
#1105 = EDGE_CURVE ( 'NONE', #175, #1060, #1177, .T. ) ;
#1106 = CARTESIAN_POINT ( 'NONE',  ( 91.70000000000000284, 4.052132500626949962, -10.19999999999999929 ) ) ;
#1107 = CARTESIAN_POINT ( 'NONE',  ( 48.45000000000000995, 29.00000000000000000, 5.250000000000000000 ) ) ;
#1108 = ORIENTED_EDGE ( 'NONE', *, *, #1440, .T. ) ;
#1109 = FACE_OUTER_BOUND ( 'NONE', #972, .T. ) ;
#1110 = ORIENTED_EDGE ( 'NONE', *, *, #853, .F. ) ;
#1111 = EDGE_CURVE ( 'NONE', #761, #1260, #1153, .T. ) ;
#1112 = DIRECTION ( 'NONE',  ( -1.000000000000000000, 0.000000000000000000, 0.000000000000000000 ) ) ;
#1113 = DIRECTION ( 'NONE',  ( 1.000000000000000000, 0.000000000000000000, 0.000000000000000000 ) ) ;
#1114 = DIRECTION ( 'NONE',  ( -0.000000000000000000, -0.000000000000000000, 1.000000000000000000 ) ) ;
#1115 = ORIENTED_EDGE ( 'NONE', *, *, #642, .F. ) ;
#1116 = LINE ( 'NONE', #37, #1244 ) ;
#1117 = EDGE_LOOP ( 'NONE', ( #311, #411 ) ) ;
#1118 = CIRCLE ( 'NONE', #1171, 3.000000000000002665 ) ;
#1119 = EDGE_LOOP ( 'NONE', ( #402, #232, #285, #144 ) ) ;
#1120 = CIRCLE ( 'NONE', #389, 6.550000000000000711 ) ;
#1121 = CYLINDRICAL_SURFACE ( 'NONE', #945, 3.000000000000002665 ) ;
#1122 = CARTESIAN_POINT ( 'NONE',  ( 87.00000000000001421, 4.052132500626949962, 7.000000000000000000 ) ) ;
#1123 = VECTOR ( 'NONE', #433, 1000.000000000000000 ) ;
#1124 = AXIS2_PLACEMENT_3D ( 'NONE', #44, #661, #1021 ) ;
#1125 = FACE_BOUND ( 'NONE', #743, .T. ) ;
#1126 = EDGE_LOOP ( 'NONE', ( #651, #413 ) ) ;
#1127 = FACE_OUTER_BOUND ( 'NONE', #53, .T. ) ;
#1128 = VERTEX_POINT ( 'NONE', #1144 ) ;
#1129 = ORIENTED_EDGE ( 'NONE', *, *, #1057, .F. ) ;
#1130 = ORIENTED_EDGE ( 'NONE', *, *, #1292, .F. ) ;
#1131 = DIRECTION ( 'NONE',  ( -0.000000000000000000, -0.000000000000000000, 1.000000000000000000 ) ) ;
#1132 = EDGE_LOOP ( 'NONE', ( #693, #931 ) ) ;
#1133 = CARTESIAN_POINT ( 'NONE',  ( 10.00000000000000000, 4.052132500626949962, -3.000000000000000000 ) ) ;
#1134 = ORIENTED_EDGE ( 'NONE', *, *, #287, .T. ) ;
#1135 = EDGE_CURVE ( 'NONE', #525, #771, #1221, .T. ) ;
#1136 = DIRECTION ( 'NONE',  ( 0.000000000000000000, 0.000000000000000000, 1.000000000000000000 ) ) ;
#1137 =( NAMED_UNIT ( * ) PLANE_ANGLE_UNIT ( ) SI_UNIT ( $, .RADIAN. ) );
#1138 = EDGE_LOOP ( 'NONE', ( #734, #302, #1433, #639 ) ) ;
#1139 = CYLINDRICAL_SURFACE ( 'NONE', #716, 6.550000000000000711 ) ;
#1140 = VERTEX_POINT ( 'NONE', #1475 ) ;
#1141 = CARTESIAN_POINT ( 'NONE',  ( 0.000000000000000000, 8.000000000000000000, -10.19999999999999929 ) ) ;
#1142 = VERTEX_POINT ( 'NONE', #1375 ) ;
#1143 = ORIENTED_EDGE ( 'NONE', *, *, #220, .F. ) ;
#1144 = CARTESIAN_POINT ( 'NONE',  ( 33.30002264833060366, 4.052132500626949962, 0.000000000000000000 ) ) ;
#1145 = VERTEX_POINT ( 'NONE', #415 ) ;
#1146 = CARTESIAN_POINT ( 'NONE',  ( 88.30000000000001137, 4.052132500626949962, -3.000000000000000000 ) ) ;
#1147 = ORIENTED_EDGE ( 'NONE', *, *, #826, .F. ) ;
#1148 = FACE_OUTER_BOUND ( 'NONE', #1302, .T. ) ;
#1149 = DIRECTION ( 'NONE',  ( 0.000000000000000000, 0.000000000000000000, -1.000000000000000000 ) ) ;
#1150 = ORIENTED_EDGE ( 'NONE', *, *, #1488, .T. ) ;
#1151 = CYLINDRICAL_SURFACE ( 'NONE', #428, 3.500000000000003109 ) ;
#1152 = AXIS2_PLACEMENT_3D ( 'NONE', #1455, #1004, #742 ) ;
#1153 = LINE ( 'NONE', #778, #575 ) ;
#1154 = AXIS2_PLACEMENT_3D ( 'NONE', #274, #266, #499 ) ;
#1155 = ORIENTED_EDGE ( 'NONE', *, *, #610, .F. ) ;
#1156 = DIRECTION ( 'NONE',  ( -0.000000000000000000, -0.000000000000000000, 1.000000000000000000 ) ) ;
#1157 = ORIENTED_EDGE ( 'NONE', *, *, #507, .F. ) ;
#1158 = EDGE_CURVE ( 'NONE', #600, #680, #773, .T. ) ;
#1159 = CARTESIAN_POINT ( 'NONE',  ( 100.0000000000000000, 0.000000000000000000, 7.000000000000000000 ) ) ;
#1160 = DIRECTION ( 'NONE',  ( -0.000000000000000000, -0.000000000000000000, 1.000000000000000000 ) ) ;
#1161 = DIRECTION ( 'NONE',  ( -0.000000000000000000, -0.000000000000000000, 1.000000000000000000 ) ) ;
#1162 = DIRECTION ( 'NONE',  ( -0.000000000000000000, -0.000000000000000000, 1.000000000000000000 ) ) ;
#1163 = ORIENTED_EDGE ( 'NONE', *, *, #787, .T. ) ;
#1164 = LINE ( 'NONE', #85, #859 ) ;
#1165 = EDGE_CURVE ( 'NONE', #265, #761, #1011, .T. ) ;
#1166 = ADVANCED_FACE ( 'NONE', ( #545 ), #1502, .T. ) ;
#1167 = DIRECTION ( 'NONE',  ( 1.000000000000000000, 0.000000000000000000, 0.000000000000000000 ) ) ;
#1168 = FACE_OUTER_BOUND ( 'NONE', #999, .T. ) ;
#1169 = ORIENTED_EDGE ( 'NONE', *, *, #1490, .F. ) ;
#1170 = CIRCLE ( 'NONE', #1020, 3.499999999999999556 ) ;
#1171 = AXIS2_PLACEMENT_3D ( 'NONE', #314, #662, #66 ) ;
#1172 = AXIS2_PLACEMENT_3D ( 'NONE', #58, #308, #672 ) ;
#1173 = EDGE_CURVE ( 'NONE', #1386, #1128, #429, .T. ) ;
#1174 = DIRECTION ( 'NONE',  ( -0.000000000000000000, -0.000000000000000000, 1.000000000000000000 ) ) ;
#1175 = VECTOR ( 'NONE', #928, 1000.000000000000000 ) ;
#1176 = LINE ( 'NONE', #813, #592 ) ;
#1177 = CIRCLE ( 'NONE', #1450, 1.699999999999993072 ) ;
#1178 = AXIS2_PLACEMENT_3D ( 'NONE', #271, #852, #288 ) ;
#1179 = EDGE_LOOP ( 'NONE', ( #663, #823 ) ) ;
#1180 = PRESENTATION_STYLE_ASSIGNMENT (( #697 ) ) ;
#1181 = EDGE_CURVE ( 'NONE', #1145, #561, #168, .T. ) ;
#1182 = CARTESIAN_POINT ( 'NONE',  ( 64.99997735166938639, 3.999999999999997335, 7.000000000000000000 ) ) ;
#1183 = VERTEX_POINT ( 'NONE', #765 ) ;
#1184 = CARTESIAN_POINT ( 'NONE',  ( 35.00002264833060650, 4.052132500626949962, 0.000000000000000000 ) ) ;
#1185 = FACE_BOUND ( 'NONE', #910, .T. ) ;
#1186 = FACE_OUTER_BOUND ( 'NONE', #1126, .T. ) ;
#1187 = EDGE_CURVE ( 'NONE', #50, #152, #450, .T. ) ;
#1188 = DIRECTION ( 'NONE',  ( 1.000000000000000000, 0.000000000000000000, 0.000000000000000000 ) ) ;
#1189 = ORIENTED_EDGE ( 'NONE', *, *, #125, .T. ) ;
#1190 = CARTESIAN_POINT ( 'NONE',  ( 72.75000000000001421, 29.00000000000000355, -0.001000000000000132727 ) ) ;
#1191 = DIRECTION ( 'NONE',  ( -0.000000000000000000, -0.000000000000000000, 1.000000000000000000 ) ) ;
#1192 = ORIENTED_EDGE ( 'NONE', *, *, #698, .F. ) ;
#1193 = DIRECTION ( 'NONE',  ( -1.000000000000000000, 0.000000000000000000, 0.000000000000000000 ) ) ;
#1194 = VERTEX_POINT ( 'NONE', #756 ) ;
#1195 = CIRCLE ( 'NONE', #425, 6.550000000000000711 ) ;
#1196 = AXIS2_PLACEMENT_3D ( 'NONE', #1005, #282, #539 ) ;
#1197 = EDGE_CURVE ( 'NONE', #385, #1449, #347, .T. ) ;
#1198 = CARTESIAN_POINT ( 'NONE',  ( 100.0000000000000000, 0.000000000000000000, -10.19999999999999929 ) ) ;
#1199 =( NAMED_UNIT ( * ) SI_UNIT ( $, .STERADIAN. ) SOLID_ANGLE_UNIT ( ) );
#1200 = PLANE ( 'NONE',  #424 ) ;
#1201 = ORIENTED_EDGE ( 'NONE', *, *, #767, .F. ) ;
#1202 = DIRECTION ( 'NONE',  ( 1.000000000000000000, 0.000000000000000000, 0.000000000000000000 ) ) ;
#1203 = ORIENTED_EDGE ( 'NONE', *, *, #1187, .F. ) ;
#1204 = CARTESIAN_POINT ( 'NONE',  ( 21.55000000000000071, 29.00000000000000000, 0.000000000000000000 ) ) ;
#1205 = EDGE_CURVE ( 'NONE', #688, #1095, #970, .T. ) ;
#1206 = DIRECTION ( 'NONE',  ( 1.000000000000000000, 0.000000000000000000, 0.000000000000000000 ) ) ;
#1207 = ORIENTED_EDGE ( 'NONE', *, *, #374, .T. ) ;
#1208 = CARTESIAN_POINT ( 'NONE',  ( 76.25000000000001421, 29.00000000000000355, 5.250000000000000000 ) ) ;
#1209 = ORIENTED_EDGE ( 'NONE', *, *, #1399, .T. ) ;
#1210 = CYLINDRICAL_SURFACE ( 'NONE', #942, 3.500000000000003109 ) ;
#1211 = EDGE_CURVE ( 'NONE', #459, #561, #554, .T. ) ;
#1212 = VERTEX_POINT ( 'NONE', #989 ) ;
#1213 = EDGE_CURVE ( 'NONE', #684, #857, #1195, .T. ) ;
#1214 = CARTESIAN_POINT ( 'NONE',  ( 69.70000000000001705, 29.00000000000000355, 0.000000000000000000 ) ) ;
#1215 = ORIENTED_EDGE ( 'NONE', *, *, #154, .T. ) ;
#1216 = CARTESIAN_POINT ( 'NONE',  ( 51.50000000000000711, 29.00000000000000000, 7.000000000000000000 ) ) ;
#1217 = AXIS2_PLACEMENT_3D ( 'NONE', #1278, #1160, #81 ) ;
#1218 = ORIENTED_EDGE ( 'NONE', *, *, #1105, .F. ) ;
#1219 = MECHANICAL_DESIGN_GEOMETRIC_PRESENTATION_REPRESENTATION (  '', ( #769 ), #552 ) ;
#1220 = LINE ( 'NONE', #1354, #924 ) ;
#1221 = CIRCLE ( 'NONE', #1124, 3.000000000000000888 ) ;
#1222 = AXIS2_PLACEMENT_3D ( 'NONE', #216, #1013, #1495 ) ;
#1223 = ORIENTED_EDGE ( 'NONE', *, *, #1391, .F. ) ;
#1224 = FACE_BOUND ( 'NONE', #951, .T. ) ;
#1225 = ORIENTED_EDGE ( 'NONE', *, *, #665, .F. ) ;
#1226 = DIRECTION ( 'NONE',  ( 1.000000000000000000, 0.000000000000000000, 0.000000000000000000 ) ) ;
#1227 = EDGE_CURVE ( 'NONE', #1229, #338, #320, .T. ) ;
#1228 = VERTEX_POINT ( 'NONE', #1237 ) ;
#1229 = VERTEX_POINT ( 'NONE', #818 ) ;
#1230 = DIRECTION ( 'NONE',  ( 1.000000000000000000, 0.000000000000000000, 0.000000000000000000 ) ) ;
#1231 = DIRECTION ( 'NONE',  ( -1.000000000000000000, 0.000000000000000000, 0.000000000000000000 ) ) ;
#1232 = ORIENTED_EDGE ( 'NONE', *, *, #820, .F. ) ;
#1233 = DIRECTION ( 'NONE',  ( 1.000000000000000000, 0.000000000000000000, 0.000000000000000000 ) ) ;
#1234 = ORIENTED_EDGE ( 'NONE', *, *, #220, .T. ) ;
#1235 = ORIENTED_EDGE ( 'NONE', *, *, #1284, .F. ) ;
#1236 = CARTESIAN_POINT ( 'NONE',  ( 11.70000000000000107, 4.052132500626949962, -10.19999999999999929 ) ) ;
#1237 = CARTESIAN_POINT ( 'NONE',  ( 80.00000000000000000, 48.00000000000000000, 0.000000000000000000 ) ) ;
#1238 = CARTESIAN_POINT ( 'NONE',  ( 13.00000000000000178, 4.052132500626949962, 7.000000000000000000 ) ) ;
#1239 = ORIENTED_EDGE ( 'NONE', *, *, #528, .F. ) ;
#1240 = DIRECTION ( 'NONE',  ( -1.000000000000000000, 0.000000000000000000, -0.000000000000000000 ) ) ;
#1241 = EDGE_LOOP ( 'NONE', ( #135, #1046 ) ) ;
#1242 = ORIENTED_EDGE ( 'NONE', *, *, #1197, .T. ) ;
#1243 = ORIENTED_EDGE ( 'NONE', *, *, #99, .T. ) ;
#1244 = VECTOR ( 'NONE', #637, 1000.000000000000000 ) ;
#1245 = DIRECTION ( 'NONE',  ( 0.000000000000000000, 0.000000000000000000, 1.000000000000000000 ) ) ;
#1246 = ORIENTED_EDGE ( 'NONE', *, *, #863, .F. ) ;
#1247 = CARTESIAN_POINT ( 'NONE',  ( 15.00000000000000000, 29.00000000000000000, 5.250000000000000000 ) ) ;
#1248 = AXIS2_PLACEMENT_3D ( 'NONE', #953, #359, #1 ) ;
#1249 = ADVANCED_FACE ( 'NONE', ( #594 ), #707, .F. ) ;
#1250 = VERTEX_POINT ( 'NONE', #476 ) ;
#1251 = AXIS2_PLACEMENT_3D ( 'NONE', #786, #634, #641 ) ;
#1252 = FACE_BOUND ( 'NONE', #284, .T. ) ;
#1253 = ORIENTED_EDGE ( 'NONE', *, *, #975, .F. ) ;
#1254 = CIRCLE ( 'NONE', #998, 1.700000000000000178 ) ;
#1255 = FACE_BOUND ( 'NONE', #1241, .T. ) ;
#1256 = DIRECTION ( 'NONE',  ( 1.000000000000000000, 0.000000000000000000, 0.000000000000000000 ) ) ;
#1257 = EDGE_LOOP ( 'NONE', ( #268, #129 ) ) ;
#1258 = DIRECTION ( 'NONE',  ( -1.000000000000000000, 0.000000000000000000, 0.000000000000000000 ) ) ;
#1259 = DIRECTION ( 'NONE',  ( 1.000000000000000000, 0.000000000000000000, 0.000000000000000000 ) ) ;
#1260 = VERTEX_POINT ( 'NONE', #1198 ) ;
#1261 = EDGE_CURVE ( 'NONE', #1060, #300, #831, .T. ) ;
#1262 = DIRECTION ( 'NONE',  ( -0.000000000000000000, -0.000000000000000000, 1.000000000000000000 ) ) ;
#1263 = EDGE_CURVE ( 'NONE', #1449, #385, #1378, .T. ) ;
#1264 = ORIENTED_EDGE ( 'NONE', *, *, #914, .F. ) ;
#1265 = DIRECTION ( 'NONE',  ( 1.000000000000000000, 0.000000000000000000, 0.000000000000000000 ) ) ;
#1266 = CARTESIAN_POINT ( 'NONE',  ( 10.00000000000000000, 4.052132500626949962, -10.20099999999999874 ) ) ;
#1267 = EDGE_LOOP ( 'NONE', ( #604, #96, #966, #456 ) ) ;
#1268 = CARTESIAN_POINT ( 'NONE',  ( 33.75000000000000000, 29.00000000000000000, 5.250000000000000000 ) ) ;
#1269 = EDGE_LOOP ( 'NONE', ( #917, #550, #1480, #974 ) ) ;
#1270 = DIRECTION ( 'NONE',  ( 0.000000000000000000, 1.000000000000000000, 0.000000000000000000 ) ) ;
#1271 = LINE ( 'NONE', #1012, #549 ) ;
#1272 = DIRECTION ( 'NONE',  ( -1.000000000000000000, 0.000000000000000000, 0.000000000000000000 ) ) ;
#1273 = FACE_OUTER_BOUND ( 'NONE', #104, .T. ) ;
#1274 = EDGE_CURVE ( 'NONE', #600, #1372, #1422, .T. ) ;
#1275 = DIRECTION ( 'NONE',  ( -0.000000000000000000, -0.000000000000000000, 1.000000000000000000 ) ) ;
#1276 = ORIENTED_EDGE ( 'NONE', *, *, #204, .T. ) ;
#1277 =( LENGTH_UNIT ( ) NAMED_UNIT ( * ) SI_UNIT ( .MILLI., .METRE. ) );
#1278 = CARTESIAN_POINT ( 'NONE',  ( 80.00000000000000000, 28.00000000000000000, 7.000000000000000000 ) ) ;
#1279 = CIRCLE ( 'NONE', #419, 3.500000000000003109 ) ;
#1280 = AXIS2_PLACEMENT_3D ( 'NONE', #349, #954, #587 ) ;
#1281 = AXIS2_PLACEMENT_3D ( 'NONE', #1398, #157, #1113 ) ;
#1282 =( LENGTH_UNIT ( ) NAMED_UNIT ( * ) SI_UNIT ( .MILLI., .METRE. ) );
#1283 = CARTESIAN_POINT ( 'NONE',  ( 15.00000000000000000, 29.00000000000000000, 5.250000000000000000 ) ) ;
#1284 = EDGE_CURVE ( 'NONE', #309, #73, #130, .T. ) ;
#1285 = ORIENTED_EDGE ( 'NONE', *, *, #1476, .F. ) ;
#1286 = LINE ( 'NONE', #1413, #1370 ) ;
#1287 = DIRECTION ( 'NONE',  ( 0.000000000000000000, 0.000000000000000000, 1.000000000000000000 ) ) ;
#1288 = CARTESIAN_POINT ( 'NONE',  ( 58.50000000000000711, 29.00000000000000000, 7.000000000000000000 ) ) ;
#1289 = EDGE_CURVE ( 'NONE', #1194, #1420, #701, .T. ) ;
#1290 = ORIENTED_EDGE ( 'NONE', *, *, #787, .F. ) ;
#1291 = CARTESIAN_POINT ( 'NONE',  ( 33.75000000000000000, 29.00000000000000000, 5.250000000000000000 ) ) ;
#1292 = EDGE_CURVE ( 'NONE', #175, #830, #492, .T. ) ;
#1293 = DIRECTION ( 'NONE',  ( 1.000000000000000000, 0.000000000000000000, 0.000000000000000000 ) ) ;
#1294 = CARTESIAN_POINT ( 'NONE',  ( 88.30000000000001137, 4.052132500626949962, -10.20099999999999874 ) ) ;
#1295 = VERTEX_POINT ( 'NONE', #1429 ) ;
#1296 = EDGE_CURVE ( 'NONE', #1092, #1420, #943, .T. ) ;
#1297 = AXIS2_PLACEMENT_3D ( 'NONE', #1069, #458, #1534 ) ;
#1298 = FACE_OUTER_BOUND ( 'NONE', #746, .T. ) ;
#1299 = VECTOR ( 'NONE', #827, 1000.000000000000000 ) ;
#1300 = CARTESIAN_POINT ( 'NONE',  ( 20.00000000000000000, 48.00000000000000000, 7.000000000000000000 ) ) ;
#1301 = AXIS2_PLACEMENT_3D ( 'NONE', #1247, #313, #536 ) ;
#1302 = EDGE_LOOP ( 'NONE', ( #1235, #368, #1511, #1416 ) ) ;
#1303 = DIRECTION ( 'NONE',  ( 0.000000000000000000, 1.000000000000000000, 0.000000000000000000 ) ) ;
#1304 = ADVANCED_FACE ( 'NONE', ( #248 ), #1210, .F. ) ;
#1305 = DIRECTION ( 'NONE',  ( 0.000000000000000000, 0.000000000000000000, 1.000000000000000000 ) ) ;
#1306 = DIRECTION ( 'NONE',  ( 0.000000000000000000, 0.000000000000000000, -1.000000000000000000 ) ) ;
#1307 = EDGE_LOOP ( 'NONE', ( #1086, #48, #799, #1189 ) ) ;
#1308 = PLANE ( 'NONE',  #1073 ) ;
#1309 = PLANE ( 'NONE',  #40 ) ;
#1310 = DIRECTION ( 'NONE',  ( 1.000000000000000000, 0.000000000000000000, 0.000000000000000000 ) ) ;
#1311 = ORIENTED_EDGE ( 'NONE', *, *, #767, .T. ) ;
#1312 = FACE_OUTER_BOUND ( 'NONE', #543, .T. ) ;
#1313 = EDGE_CURVE ( 'NONE', #1541, #1140, #730, .T. ) ;
#1314 = ORIENTED_EDGE ( 'NONE', *, *, #1530, .F. ) ;
#1315 = CARTESIAN_POINT ( 'NONE',  ( 8.449999999999999289, 29.00000000000000000, 0.000000000000000000 ) ) ;
#1316 = CARTESIAN_POINT ( 'NONE',  ( 76.25000000000001421, 29.00000000000000355, 5.250000000000000000 ) ) ;
#1317 = AXIS2_PLACEMENT_3D ( 'NONE', #1461, #46, #143 ) ;
#1318 = VECTOR ( 'NONE', #956, 1000.000000000000000 ) ;
#1319 = PLANE ( 'NONE',  #417 ) ;
#1320 = EDGE_LOOP ( 'NONE', ( #29, #1008 ) ) ;
#1321 = LINE ( 'NONE', #806, #1318 ) ;
#1322 = ORIENTED_EDGE ( 'NONE', *, *, #1476, .T. ) ;
#1323 = AXIS2_PLACEMENT_3D ( 'NONE', #1184, #365, #839 ) ;
#1324 = ADVANCED_FACE ( 'NONE', ( #958 ), #1434, .F. ) ;
#1325 = EDGE_CURVE ( 'NONE', #1183, #857, #724, .T. ) ;
#1326 = DIRECTION ( 'NONE',  ( -0.000000000000000000, -0.000000000000000000, 1.000000000000000000 ) ) ;
#1327 = CARTESIAN_POINT ( 'NONE',  ( 55.00000000000000711, 29.00000000000000000, 5.250000000000000000 ) ) ;
#1328 = VERTEX_POINT ( 'NONE', #1204 ) ;
#1329 = DIRECTION ( 'NONE',  ( -0.000000000000000000, -0.000000000000000000, 1.000000000000000000 ) ) ;
#1330 = VERTEX_POINT ( 'NONE', #1315 ) ;
#1331 = DIRECTION ( 'NONE',  ( 1.000000000000000000, 0.000000000000000000, 0.000000000000000000 ) ) ;
#1332 = ADVANCED_FACE ( 'NONE', ( #345 ), #124, .F. ) ;
#1333 = DIRECTION ( 'NONE',  ( -0.000000000000000000, -0.000000000000000000, -1.000000000000000000 ) ) ;
#1334 = ORIENTED_EDGE ( 'NONE', *, *, #1537, .F. ) ;
#1335 = DIRECTION ( 'NONE',  ( -0.000000000000000000, -0.000000000000000000, 1.000000000000000000 ) ) ;
#1336 = EDGE_LOOP ( 'NONE', ( #350, #155, #884, #1290 ) ) ;
#1337 = CARTESIAN_POINT ( 'NONE',  ( 15.00000000000000000, 29.00000000000000000, 5.250000000000000000 ) ) ;
#1338 = ADVANCED_FACE ( 'NONE', ( #1066 ), #609, .F. ) ;
#1339 = FACE_OUTER_BOUND ( 'NONE', #1349, .T. ) ;
#1340 = ORIENTED_EDGE ( 'NONE', *, *, #1391, .T. ) ;
#1341 = FACE_BOUND ( 'NONE', #632, .T. ) ;
#1342 = AXIS2_PLACEMENT_3D ( 'NONE', #538, #770, #1494 ) ;
#1343 = ORIENTED_EDGE ( 'NONE', *, *, #1274, .T. ) ;
#1344 = CIRCLE ( 'NONE', #619, 3.000000000000002665 ) ;
#1345 = AXIS2_PLACEMENT_3D ( 'NONE', #1388, #558, #177 ) ;
#1346 = DIRECTION ( 'NONE',  ( 1.000000000000000000, 0.000000000000000000, 0.000000000000000000 ) ) ;
#1347 = AXIS2_PLACEMENT_3D ( 'NONE', #882, #315, #1272 ) ;
#1348 = DIRECTION ( 'NONE',  ( 0.000000000000000000, -0.000000000000000000, -1.000000000000000000 ) ) ;
#1349 = EDGE_LOOP ( 'NONE', ( #495, #1491, #845, #934, #65, #1243 ) ) ;
#1350 = CARTESIAN_POINT ( 'NONE',  ( 10.00000000000000000, 4.052132500626949962, -3.000000000000000000 ) ) ;
#1351 = ORIENTED_EDGE ( 'NONE', *, *, #1296, .F. ) ;
#1352 = EDGE_LOOP ( 'NONE', ( #660, #286 ) ) ;
#1353 = VERTEX_POINT ( 'NONE', #375 ) ;
#1354 = CARTESIAN_POINT ( 'NONE',  ( 6.999999999999999112, 4.052132500626949962, -3.000000000000000000 ) ) ;
#1355 = UNCERTAINTY_MEASURE_WITH_UNIT (LENGTH_MEASURE( 1.000000000000000082E-05 ), #1282, 'distance_accuracy_value', 'NONE');
#1356 = DIRECTION ( 'NONE',  ( -1.000000000000000000, 0.000000000000000000, 0.000000000000000000 ) ) ;
#1357 = DIRECTION ( 'NONE',  ( -0.000000000000000000, -0.000000000000000000, 1.000000000000000000 ) ) ;
#1358 = APPLICATION_PROTOCOL_DEFINITION ( 'draft international standard', 'automotive_design', 1998, #119 ) ;
#1359 = ORIENTED_EDGE ( 'NONE', *, *, #975, .T. ) ;
#1360 = CARTESIAN_POINT ( 'NONE',  ( 55.00000000000000711, 29.00000000000000000, 7.000000000000000000 ) ) ;
#1361 = EDGE_LOOP ( 'NONE', ( #1130, #512, #100, #1363 ) ) ;
#1362 = ADVANCED_FACE ( 'NONE', ( #1543 ), #1308, .F. ) ;
#1363 = ORIENTED_EDGE ( 'NONE', *, *, #25, .T. ) ;
#1364 = DIRECTION ( 'NONE',  ( 1.000000000000000000, 0.000000000000000000, 0.000000000000000000 ) ) ;
#1365 = CARTESIAN_POINT ( 'NONE',  ( 27.20000000000000284, 29.00000000000000000, 5.250000000000000000 ) ) ;
#1366 = CARTESIAN_POINT ( 'NONE',  ( 35.00002264833060650, 4.052132500626949962, 0.000000000000000000 ) ) ;
#1367 = VERTEX_POINT ( 'NONE', #260 ) ;
#1368 = DIRECTION ( 'NONE',  ( -1.000000000000000000, 0.000000000000000000, 0.000000000000000000 ) ) ;
#1369 = ORIENTED_EDGE ( 'NONE', *, *, #564, .F. ) ;
#1370 = VECTOR ( 'NONE', #1071, 1000.000000000000000 ) ;
#1371 = EDGE_CURVE ( 'NONE', #506, #700, #386, .T. ) ;
#1372 = VERTEX_POINT ( 'NONE', #405 ) ;
#1373 = AXIS2_PLACEMENT_3D ( 'NONE', #1425, #457, #438 ) ;
#1374 = DIRECTION ( 'NONE',  ( 0.000000000000000000, 0.000000000000000000, -1.000000000000000000 ) ) ;
#1375 = CARTESIAN_POINT ( 'NONE',  ( 27.20000000000000284, 29.00000000000000000, 0.000000000000000000 ) ) ;
#1376 = AXIS2_PLACEMENT_3D ( 'NONE', #1283, #1531, #1415 ) ;
#1377 = ORIENTED_EDGE ( 'NONE', *, *, #443, .F. ) ;
#1378 = CIRCLE ( 'NONE', #595, 1.699999999999993072 ) ;
#1379 = AXIS2_PLACEMENT_3D ( 'NONE', #141, #156, #1374 ) ;
#1380 = AXIS2_PLACEMENT_3D ( 'NONE', #1393, #159, #647 ) ;
#1381 = CARTESIAN_POINT ( 'NONE',  ( 10.00000000000000000, 4.052132500626949962, -10.20099999999999874 ) ) ;
#1382 = APPLICATION_PROTOCOL_DEFINITION ( 'draft international standard', 'automotive_design', 1998, #1098 ) ;
#1383 = FACE_BOUND ( 'NONE', #875, .T. ) ;
#1384 = DIRECTION ( 'NONE',  ( -0.000000000000000000, -0.000000000000000000, 1.000000000000000000 ) ) ;
#1385 = DIRECTION ( 'NONE',  ( 1.000000000000000000, 0.000000000000000000, 0.000000000000000000 ) ) ;
#1386 = VERTEX_POINT ( 'NONE', #739 ) ;
#1387 = FACE_BOUND ( 'NONE', #370, .T. ) ;
#1388 = CARTESIAN_POINT ( 'NONE',  ( 76.25000000000001421, 29.00000000000000355, 0.000000000000000000 ) ) ;
#1389 = EDGE_CURVE ( 'NONE', #7, #1295, #718, .T. ) ;
#1390 = ORIENTED_EDGE ( 'NONE', *, *, #97, .F. ) ;
#1391 = EDGE_CURVE ( 'NONE', #127, #771, #1220, .T. ) ;
#1392 = PLANE ( 'NONE',  #236 ) ;
#1393 = CARTESIAN_POINT ( 'NONE',  ( 64.99997735166938639, 3.999999999999997335, 0.000000000000000000 ) ) ;
#1394 = CARTESIAN_POINT ( 'NONE',  ( 80.00000000000000000, 28.00000000000000000, 0.000000000000000000 ) ) ;
#1395 = CARTESIAN_POINT ( 'NONE',  ( 33.75000000000000000, 29.00000000000000000, 5.250000000000000000 ) ) ;
#1396 = EDGE_LOOP ( 'NONE', ( #1110, #208, #437, #132 ) ) ;
#1397 = FACE_OUTER_BOUND ( 'NONE', #1403, .T. ) ;
#1398 = CARTESIAN_POINT ( 'NONE',  ( 90.00000000000001421, 4.052132500626949962, -10.19999999999999929 ) ) ;
#1399 = EDGE_CURVE ( 'NONE', #1194, #1212, #649, .T. ) ;
#1400 = DIRECTION ( 'NONE',  ( 0.000000000000000000, 0.000000000000000000, -1.000000000000000000 ) ) ;
#1401 = DIRECTION ( 'NONE',  ( 1.000000000000000000, 0.000000000000000000, -0.000000000000000000 ) ) ;
#1402 = VERTEX_POINT ( 'NONE', #1236 ) ;
#1403 = EDGE_LOOP ( 'NONE', ( #876, #1234 ) ) ;
#1404 = AXIS2_PLACEMENT_3D ( 'NONE', #399, #149, #158 ) ;
#1405 = DIRECTION ( 'NONE',  ( -0.000000000000000000, -0.000000000000000000, -1.000000000000000000 ) ) ;
#1406 = CIRCLE ( 'NONE', #1470, 20.00000000000000000 ) ;
#1407 = VECTOR ( 'NONE', #1303, 1000.000000000000000 ) ;
#1408 = CARTESIAN_POINT ( 'NONE',  ( 90.00000000000001421, 4.052132500626949962, 7.000000000000000000 ) ) ;
#1409 = DIRECTION ( 'NONE',  ( 0.000000000000000000, 0.000000000000000000, -1.000000000000000000 ) ) ;
#1410 = EDGE_CURVE ( 'NONE', #1402, #524, #76, .T. ) ;
#1411 = EDGE_LOOP ( 'NONE', ( #712, #121, #1079, #1390, #650, #1115 ) ) ;
#1412 = EDGE_LOOP ( 'NONE', ( #403, #1001 ) ) ;
#1413 = CARTESIAN_POINT ( 'NONE',  ( 48.45000000000000995, 29.00000000000000000, 5.250000000000000000 ) ) ;
#1414 = DIRECTION ( 'NONE',  ( 1.000000000000000000, 0.000000000000000000, 0.000000000000000000 ) ) ;
#1415 = DIRECTION ( 'NONE',  ( -1.000000000000000000, 0.000000000000000000, 0.000000000000000000 ) ) ;
#1416 = ORIENTED_EDGE ( 'NONE', *, *, #1514, .T. ) ;
#1417 = ADVANCED_FACE ( 'NONE', ( #1097 ), #1474, .F. ) ;
#1418 = DIRECTION ( 'NONE',  ( -1.000000000000000000, 0.000000000000000000, 0.000000000000000000 ) ) ;
#1419 = LINE ( 'NONE', #1294, #1299 ) ;
#1420 = VERTEX_POINT ( 'NONE', #628 ) ;
#1421 = VECTOR ( 'NONE', #1477, 1000.000000000000000 ) ;
#1422 = LINE ( 'NONE', #117, #817 ) ;
#1423 = CIRCLE ( 'NONE', #1094, 1.700000000000000178 ) ;
#1424 = AXIS2_PLACEMENT_3D ( 'NONE', #240, #353, #586 ) ;
#1425 = CARTESIAN_POINT ( 'NONE',  ( 33.75000000000000000, 29.00000000000000000, 0.000000000000000000 ) ) ;
#1426 = FACE_OUTER_BOUND ( 'NONE', #146, .T. ) ;
#1427 = VECTOR ( 'NONE', #717, 1000.000000000000000 ) ;
#1428 = EDGE_LOOP ( 'NONE', ( #997, #342, #1035, #912 ) ) ;
#1429 = CARTESIAN_POINT ( 'NONE',  ( 21.55000000000000071, 29.00000000000000000, 5.250000000000000000 ) ) ;
#1430 = DIRECTION ( 'NONE',  ( -0.000000000000000000, -0.000000000000000000, 1.000000000000000000 ) ) ;
#1431 = VERTEX_POINT ( 'NONE', #52 ) ;
#1432 = CARTESIAN_POINT ( 'NONE',  ( 63.29997735166939776, 3.999999999999997335, 0.000000000000000000 ) ) ;
#1433 = ORIENTED_EDGE ( 'NONE', *, *, #388, .T. ) ;
#1434 = CYLINDRICAL_SURFACE ( 'NONE', #1323, 2.600000000000004974 ) ;
#1435 = FACE_OUTER_BOUND ( 'NONE', #1336, .T. ) ;
#1436 = EDGE_CURVE ( 'NONE', #1402, #50, #32, .T. ) ;
#1437 = FACE_BOUND ( 'NONE', #1117, .T. ) ;
#1438 = ORIENTED_EDGE ( 'NONE', *, *, #1111, .T. ) ;
#1439 = DIRECTION ( 'NONE',  ( -0.000000000000000000, -0.000000000000000000, 1.000000000000000000 ) ) ;
#1440 = EDGE_CURVE ( 'NONE', #532, #459, #748, .T. ) ;
#1441 = VERTEX_POINT ( 'NONE', #640 ) ;
#1442 = DIRECTION ( 'NONE',  ( -0.000000000000000000, -0.000000000000000000, 1.000000000000000000 ) ) ;
#1443 = FACE_OUTER_BOUND ( 'NONE', #804, .T. ) ;
#1444 = VERTEX_POINT ( 'NONE', #1460 ) ;
#1445 = AXIS2_PLACEMENT_3D ( 'NONE', #505, #1463, #1233 ) ;
#1446 = CARTESIAN_POINT ( 'NONE',  ( 18.50000000000000000, 29.00000000000000000, 5.250000000000000000 ) ) ;
#1447 = ORIENTED_EDGE ( 'NONE', *, *, #593, .T. ) ;
#1448 = CARTESIAN_POINT ( 'NONE',  ( 76.25000000000001421, 29.00000000000000355, -0.001000000000000132727 ) ) ;
#1449 = VERTEX_POINT ( 'NONE', #1106 ) ;
#1450 = AXIS2_PLACEMENT_3D ( 'NONE', #1513, #527, #33 ) ;
#1451 = ADVANCED_FACE ( 'NONE', ( #1482 ), #1121, .F. ) ;
#1452 = DIRECTION ( 'NONE',  ( 1.000000000000000000, 0.000000000000000000, 0.000000000000000000 ) ) ;
#1453 = PRODUCT_DEFINITION_CONTEXT ( 'detailed design', #1098, 'design' ) ;
#1454 = AXIS2_PLACEMENT_3D ( 'NONE', #453, #1305, #1293 ) ;
#1455 = CARTESIAN_POINT ( 'NONE',  ( 10.00000000000000000, 4.052132500626949962, -3.000000000000000000 ) ) ;
#1456 = ORIENTED_EDGE ( 'NONE', *, *, #1313, .F. ) ;
#1457 = PLANE ( 'NONE',  #967 ) ;
#1458 = ORIENTED_EDGE ( 'NONE', *, *, #1389, .F. ) ;
#1459 = ADVANCED_FACE ( 'NONE', ( #26 ), #618, .F. ) ;
#1460 = CARTESIAN_POINT ( 'NONE',  ( 100.0000000000000000, 28.00000000000000000, 0.000000000000000000 ) ) ;
#1461 = CARTESIAN_POINT ( 'NONE',  ( 0.000000000000000000, 0.000000000000000000, 7.000000000000000000 ) ) ;
#1462 = VERTEX_POINT ( 'NONE', #981 ) ;
#1463 = DIRECTION ( 'NONE',  ( 0.000000000000000000, 0.000000000000000000, 1.000000000000000000 ) ) ;
#1464 = ORIENTED_EDGE ( 'NONE', *, *, #992, .T. ) ;
#1465 = CARTESIAN_POINT ( 'NONE',  ( 76.25000000000001421, 29.00000000000000355, 7.000000000000000000 ) ) ;
#1466 = EDGE_CURVE ( 'NONE', #395, #1018, #988, .T. ) ;
#1467 = CARTESIAN_POINT ( 'NONE',  ( 76.25000000000001421, 29.00000000000000355, 5.250000000000000000 ) ) ;
#1468 = CYLINDRICAL_SURFACE ( 'NONE', #452, 6.550000000000000711 ) ;
#1469 = DIRECTION ( 'NONE',  ( 0.000000000000000000, 0.000000000000000000, -1.000000000000000000 ) ) ;
#1470 = AXIS2_PLACEMENT_3D ( 'NONE', #1103, #1469, #23 ) ;
#1471 = ORIENTED_EDGE ( 'NONE', *, *, #1083, .F. ) ;
#1472 = ORIENTED_EDGE ( 'NONE', *, *, #263, .T. ) ;
#1473 = AXIS2_PLACEMENT_3D ( 'NONE', #1316, #719, #110 ) ;
#1474 = PLANE ( 'NONE',  #1379 ) ;
#1475 = CARTESIAN_POINT ( 'NONE',  ( 100.0000000000000000, 28.00000000000000000, 7.000000000000000000 ) ) ;
#1476 = EDGE_CURVE ( 'NONE', #1095, #688, #396, .T. ) ;
#1477 = DIRECTION ( 'NONE',  ( -0.000000000000000000, -0.000000000000000000, 1.000000000000000000 ) ) ;
#1478 = ORIENTED_EDGE ( 'NONE', *, *, #683, .T. ) ;
#1479 = DIRECTION ( 'NONE',  ( 1.000000000000000000, 0.000000000000000000, 0.000000000000000000 ) ) ;
#1480 = ORIENTED_EDGE ( 'NONE', *, *, #1227, .T. ) ;
#1481 = EDGE_LOOP ( 'NONE', ( #1157, #39, #297, #784 ) ) ;
#1482 = FACE_OUTER_BOUND ( 'NONE', #1428, .T. ) ;
#1483 = CARTESIAN_POINT ( 'NONE',  ( 100.0000000000000000, 0.000000000000000000, 0.000000000000000000 ) ) ;
#1484 = PRODUCT ( 'gear mounts-bult_side', 'gear mounts-bult_side', '', ( #896 ) ) ;
#1485 = DIRECTION ( 'NONE',  ( 1.000000000000000000, 0.000000000000000000, 0.000000000000000000 ) ) ;
#1486 = EDGE_LOOP ( 'NONE', ( #1377, #534 ) ) ;
#1487 = FACE_OUTER_BOUND ( 'NONE', #606, .T. ) ;
#1488 = EDGE_CURVE ( 'NONE', #1328, #1330, #496, .T. ) ;
#1489 = ORIENTED_EDGE ( 'NONE', *, *, #322, .T. ) ;
#1490 = EDGE_CURVE ( 'NONE', #1260, #1536, #301, .T. ) ;
#1491 = ORIENTED_EDGE ( 'NONE', *, *, #853, .T. ) ;
#1492 = CARTESIAN_POINT ( 'NONE',  ( 15.00000000000000000, 29.00000000000000000, 0.000000000000000000 ) ) ;
#1493 = DIRECTION ( 'NONE',  ( -0.000000000000000000, -0.000000000000000000, 1.000000000000000000 ) ) ;
#1494 = DIRECTION ( 'NONE',  ( -1.000000000000000000, 0.000000000000000000, 0.000000000000000000 ) ) ;
#1495 = DIRECTION ( 'NONE',  ( 1.000000000000000000, 0.000000000000000000, 0.000000000000000000 ) ) ;
#1496 = EDGE_LOOP ( 'NONE', ( #752, #789 ) ) ;
#1497 = PLANE ( 'NONE',  #90 ) ;
#1498 = DIRECTION ( 'NONE',  ( 0.000000000000000000, 0.000000000000000000, 1.000000000000000000 ) ) ;
#1499 = EDGE_LOOP ( 'NONE', ( #1209, #792 ) ) ;
#1500 = VECTOR ( 'NONE', #87, 1000.000000000000000 ) ;
#1501 = DIRECTION ( 'NONE',  ( 0.000000000000000000, 0.000000000000000000, -1.000000000000000000 ) ) ;
#1502 = CYLINDRICAL_SURFACE ( 'NONE', #111, 20.00000000000000000 ) ;
#1503 = VECTOR ( 'NONE', #1078, 1000.000000000000000 ) ;
#1504 = ORIENTED_EDGE ( 'NONE', *, *, #255, .T. ) ;
#1505 = AXIS2_PLACEMENT_3D ( 'NONE', #1133, #398, #1259 ) ;
#1506 = CIRCLE ( 'NONE', #841, 6.550000000000000711 ) ;
#1507 = CARTESIAN_POINT ( 'NONE',  ( 0.000000000000000000, 48.00000000000000000, 0.000000000000000000 ) ) ;
#1508 = VERTEX_POINT ( 'NONE', #502 ) ;
#1509 = CARTESIAN_POINT ( 'NONE',  ( 76.25000000000001421, 29.00000000000000355, -0.001000000000000132727 ) ) ;
#1510 = CARTESIAN_POINT ( 'NONE',  ( 72.75000000000001421, 29.00000000000000355, 5.250000000000000000 ) ) ;
#1511 = ORIENTED_EDGE ( 'NONE', *, *, #874, .T. ) ;
#1512 = DIRECTION ( 'NONE',  ( 0.000000000000000000, 0.000000000000000000, 1.000000000000000000 ) ) ;
#1513 = CARTESIAN_POINT ( 'NONE',  ( 64.99997735166938639, 3.999999999999997335, -10.19999999999999929 ) ) ;
#1514 = EDGE_CURVE ( 'NONE', #24, #73, #695, .T. ) ;
#1515 = CARTESIAN_POINT ( 'NONE',  ( 37.25000000000000711, 29.00000000000000000, 7.000000000000000000 ) ) ;
#1516 = LINE ( 'NONE', #542, #1123 ) ;
#1517 = EDGE_LOOP ( 'NONE', ( #1225, #278, #802, #364 ) ) ;
#1518 = CARTESIAN_POINT ( 'NONE',  ( 0.000000000000000000, 0.000000000000000000, -10.19999999999999929 ) ) ;
#1519 = CARTESIAN_POINT ( 'NONE',  ( 61.55000000000000426, 29.00000000000000000, 0.000000000000000000 ) ) ;
#1520 = EDGE_CURVE ( 'NONE', #1295, #7, #1054, .T. ) ;
#1521 = ADVANCED_FACE ( 'NONE', ( #80 ), #63, .F. ) ;
#1522 = LINE ( 'NONE', #206, #493 ) ;
#1523 = FACE_OUTER_BOUND ( 'NONE', #116, .T. ) ;
#1524 = ORIENTED_EDGE ( 'NONE', *, *, #725, .T. ) ;
#1525 = DIRECTION ( 'NONE',  ( 0.000000000000000000, 1.000000000000000000, 0.000000000000000000 ) ) ;
#1526 = AXIS2_PLACEMENT_3D ( 'NONE', #881, #1025, #306 ) ;
#1527 = AXIS2_PLACEMENT_3D ( 'NONE', #1395, #193, #83 ) ;
#1528 = AXIS2_PLACEMENT_3D ( 'NONE', #879, #1245, #1364 ) ;
#1529 = CYLINDRICAL_SURFACE ( 'NONE', #142, 1.700000000000000178 ) ;
#1530 = EDGE_CURVE ( 'NONE', #532, #1145, #993, .T. ) ;
#1531 = DIRECTION ( 'NONE',  ( -0.000000000000000000, -0.000000000000000000, -1.000000000000000000 ) ) ;
#1532 = ORIENTED_EDGE ( 'NONE', *, *, #1410, .T. ) ;
#1533 = CARTESIAN_POINT ( 'NONE',  ( 8.300000000000000711, 4.052132500626949962, -3.000000000000000000 ) ) ;
#1534 = DIRECTION ( 'NONE',  ( -1.000000000000000000, 0.000000000000000000, -0.000000000000000000 ) ) ;
#1535 = ADVANCED_FACE ( 'NONE', ( #1387, #1397 ), #1041, .T. ) ;
#1536 = VERTEX_POINT ( 'NONE', #1518 ) ;
#1537 = EDGE_CURVE ( 'NONE', #1040, #1372, #471, .T. ) ;
#1538 = DIRECTION ( 'NONE',  ( 1.000000000000000000, 0.000000000000000000, 0.000000000000000000 ) ) ;
#1539 = CARTESIAN_POINT ( 'NONE',  ( 72.75000000000001421, 29.00000000000000355, 7.000000000000000000 ) ) ;
#1540 = DIRECTION ( 'NONE',  ( 1.000000000000000000, 0.000000000000000000, 0.000000000000000000 ) ) ;
#1541 = VERTEX_POINT ( 'NONE', #1159 ) ;
#1542 = ADVANCED_FACE ( 'NONE', ( #435 ), #903, .F. ) ;
#1543 = FACE_OUTER_BOUND ( 'NONE', #500, .T. ) ;
#1544 = CIRCLE ( 'NONE', #324, 1.700000000000000178 ) ;
#1545 = AXIS2_PLACEMENT_3D ( 'NONE', #439, #1409, #4 ) ;
#1546 = CARTESIAN_POINT ( 'NONE',  ( 67.59997735166939492, 3.999999999999997335, 0.000000000000000000 ) ) ;
#1547 = DIRECTION ( 'NONE',  ( 0.000000000000000000, 0.000000000000000000, 1.000000000000000000 ) ) ;
#1548 = ORIENTED_EDGE ( 'NONE', *, *, #1514, .F. ) ;
#1549 = DIRECTION ( 'NONE',  ( -0.000000000000000000, -0.000000000000000000, 1.000000000000000000 ) ) ;
#1550 = ADVANCED_FACE ( 'NONE', ( #668 ), #1151, .F. ) ;
#1551 = CARTESIAN_POINT ( 'NONE',  ( 30.25000000000000355, 29.00000000000000000, 7.000000000000000000 ) ) ;
#1552 = ORIENTED_EDGE ( 'NONE', *, *, #1205, .F. ) ;
#1553 = LINE ( 'NONE', #1047, #919 ) ;
#1554 = ORIENTED_EDGE ( 'NONE', *, *, #373, .T. ) ;
#1555 = CARTESIAN_POINT ( 'NONE',  ( 15.00000000000000000, 29.00000000000000000, -0.001000000000000132727 ) ) ;
ENDSEC;
END-ISO-10303-21;
