ISO-10303-21;
HEADER;
FILE_DESCRIPTION (( 'STEP AP214' ),
    '1' );
FILE_NAME ('gear mounts_nut_side.STEP',
    '2025-03-25T06:33:05',
    ( '' ),
    ( '' ),
    'SwSTEP 2.0',
    'SolidWorks 2023',
    '' );
FILE_SCHEMA (( 'AUTOMOTIVE_DESIGN' ));
ENDSEC;

DATA;
#1 = CARTESIAN_POINT ( 'NONE',  ( 16.73205080756887853, 16.99999999999999645, -23.39999999999999858 ) ) ;
#2 = ORIENTED_EDGE ( 'NONE', *, *, #1925, .F. ) ;
#3 =( NAMED_UNIT ( * ) PLANE_ANGLE_UNIT ( ) SI_UNIT ( $, .RADIAN. ) );
#4 = ADVANCED_FACE ( 'NONE', ( #679 ), #1056, .F. ) ;
#5 = DIRECTION ( 'NONE',  ( 0.000000000000000000, 0.000000000000000000, -1.000000000000000000 ) ) ;
#6 = FACE_OUTER_BOUND ( 'NONE', #2254, .T. ) ;
#7 = ORIENTED_EDGE ( 'NONE', *, *, #330, .F. ) ;
#8 = CARTESIAN_POINT ( 'NONE',  ( 48.45000000000000995, 29.00000000000000000, -25.64999999999999858 ) ) ;
#9 = ORIENTED_EDGE ( 'NONE', *, *, #1826, .T. ) ;
#10 = DIRECTION ( 'NONE',  ( -0.4999999999999998335, 0.8660254037844387076, 0.000000000000000000 ) ) ;
#11 = AXIS2_PLACEMENT_3D ( 'NONE', #436, #1165, #1289 ) ;
#12 = FACE_OUTER_BOUND ( 'NONE', #993, .T. ) ;
#13 = FACE_OUTER_BOUND ( 'NONE', #777, .T. ) ;
#14 = AXIS2_PLACEMENT_3D ( 'NONE', #1250, #694, #2007 ) ;
#15 = AXIS2_PLACEMENT_3D ( 'NONE', #1130, #385, #1652 ) ;
#16 = EDGE_LOOP ( 'NONE', ( #1068, #1132, #1768, #1538 ) ) ;
#17 = DIRECTION ( 'NONE',  ( 1.000000000000000000, 0.000000000000000000, 0.000000000000000000 ) ) ;
#18 = LINE ( 'NONE', #1658, #703 ) ;
#19 = DIRECTION ( 'NONE',  ( 1.000000000000000000, 0.000000000000000000, 0.000000000000000000 ) ) ;
#20 = EDGE_LOOP ( 'NONE', ( #2154, #665, #2253, #267 ) ) ;
#21 = EDGE_CURVE ( 'NONE', #108, #757, #1047, .T. ) ;
#22 = EDGE_CURVE ( 'NONE', #216, #1294, #930, .T. ) ;
#23 = DIRECTION ( 'NONE',  ( 0.000000000000000000, 0.000000000000000000, -1.000000000000000000 ) ) ;
#24 = DIRECTION ( 'NONE',  ( -1.000000000000000000, 0.000000000000000000, 0.000000000000000000 ) ) ;
#25 = DIRECTION ( 'NONE',  ( 0.000000000000000000, 0.000000000000000000, -1.000000000000000000 ) ) ;
#26 = ORIENTED_EDGE ( 'NONE', *, *, #2274, .T. ) ;
#27 = PLANE ( 'NONE',  #1875 ) ;
#28 = CARTESIAN_POINT ( 'NONE',  ( 35.00002264833060650, 4.052132500626949962, -20.39999999999999858 ) ) ;
#29 = CARTESIAN_POINT ( 'NONE',  ( 11.53589838486224117, 44.00000000000000711, -23.39999999999999858 ) ) ;
#30 = ORIENTED_EDGE ( 'NONE', *, *, #21, .T. ) ;
#31 = EDGE_LOOP ( 'NONE', ( #64, #2270, #1063, #2187 ) ) ;
#32 = EDGE_CURVE ( 'NONE', #112, #1681, #1653, .T. ) ;
#33 = CARTESIAN_POINT ( 'NONE',  ( 0.000000000000000000, 0.000000000000000000, -23.39999999999999858 ) ) ;
#34 = CYLINDRICAL_SURFACE ( 'NONE', #1493, 1.700000000000000178 ) ;
#35 = EDGE_CURVE ( 'NONE', #766, #1704, #488, .T. ) ;
#36 = DIRECTION ( 'NONE',  ( 1.000000000000000000, 0.000000000000000000, 0.000000000000000000 ) ) ;
#37 = ORIENTED_EDGE ( 'NONE', *, *, #318, .T. ) ;
#38 = AXIS2_PLACEMENT_3D ( 'NONE', #1138, #383, #958 ) ;
#39 = APPLICATION_PROTOCOL_DEFINITION ( 'draft international standard', 'automotive_design', 1998, #1949 ) ;
#40 = DIRECTION ( 'NONE',  ( 0.000000000000000000, 0.000000000000000000, -1.000000000000000000 ) ) ;
#41 = DIRECTION ( 'NONE',  ( -1.000000000000000000, 0.000000000000000000, -0.000000000000000000 ) ) ;
#42 = VERTEX_POINT ( 'NONE', #1590 ) ;
#43 = EDGE_LOOP ( 'NONE', ( #1784, #1717 ) ) ;
#44 = CARTESIAN_POINT ( 'NONE',  ( 88.26794919243111792, 7.052132500626931311, -24.39999999999999858 ) ) ;
#45 = DIRECTION ( 'NONE',  ( 0.4999999999999999445, 0.8660254037844387076, 0.000000000000000000 ) ) ;
#46 = ORIENTED_EDGE ( 'NONE', *, *, #1401, .T. ) ;
#47 = EDGE_CURVE ( 'NONE', #597, #1048, #1214, .T. ) ;
#48 = DIRECTION ( 'NONE',  ( 0.4999999999999998335, 0.8660254037844387076, 0.000000000000000000 ) ) ;
#49 = ORIENTED_EDGE ( 'NONE', *, *, #872, .F. ) ;
#50 = CARTESIAN_POINT ( 'NONE',  ( 93.46410161513773573, 4.052132500626941081, -24.39999999999999858 ) ) ;
#51 = AXIS2_PLACEMENT_3D ( 'NONE', #1372, #495, #636 ) ;
#52 = EDGE_LOOP ( 'NONE', ( #1172, #763, #192, #752 ) ) ;
#53 = ORIENTED_EDGE ( 'NONE', *, *, #364, .T. ) ;
#54 = VECTOR ( 'NONE', #140, 1000.000000000000000 ) ;
#55 = ORIENTED_EDGE ( 'NONE', *, *, #793, .F. ) ;
#56 = CARTESIAN_POINT ( 'NONE',  ( 91.73205080756886787, 1.052132500626953959, -27.39999999999999858 ) ) ;
#57 = LINE ( 'NONE', #1859, #1119 ) ;
#58 = VERTEX_POINT ( 'NONE', #2278 ) ;
#59 = DIRECTION ( 'NONE',  ( -0.000000000000000000, -0.000000000000000000, 1.000000000000000000 ) ) ;
#60 = ADVANCED_FACE ( 'NONE', ( #116 ), #1017, .F. ) ;
#61 = ORIENTED_EDGE ( 'NONE', *, *, #1575, .T. ) ;
#62 = CARTESIAN_POINT ( 'NONE',  ( 11.73205080756888385, 7.052132500626952627, -27.39999999999999858 ) ) ;
#63 = EDGE_CURVE ( 'NONE', #75, #957, #288, .T. ) ;
#64 = ORIENTED_EDGE ( 'NONE', *, *, #1649, .T. ) ;
#65 = ORIENTED_EDGE ( 'NONE', *, *, #1127, .F. ) ;
#66 = VERTEX_POINT ( 'NONE', #1551 ) ;
#67 = CYLINDRICAL_SURFACE ( 'NONE', #11, 6.550000000000000711 ) ;
#68 = CARTESIAN_POINT ( 'NONE',  ( 76.25000000000001421, 29.00000000000000355, -25.64999999999999858 ) ) ;
#69 = ORIENTED_EDGE ( 'NONE', *, *, #473, .F. ) ;
#70 = CARTESIAN_POINT ( 'NONE',  ( 16.73205080756888208, 10.99999999999999822, -20.39999999999999858 ) ) ;
#71 = ORIENTED_EDGE ( 'NONE', *, *, #833, .T. ) ;
#72 = DIRECTION ( 'NONE',  ( -1.000000000000000000, 0.000000000000000000, 0.000000000000000000 ) ) ;
#73 = ORIENTED_EDGE ( 'NONE', *, *, #1111, .T. ) ;
#74 = EDGE_LOOP ( 'NONE', ( #1328, #369, #689, #846 ) ) ;
#75 = VERTEX_POINT ( 'NONE', #688 ) ;
#76 = EDGE_CURVE ( 'NONE', #1669, #2159, #1404, .T. ) ;
#77 = CARTESIAN_POINT ( 'NONE',  ( 15.00000000000000000, 44.00000000000000000, -10.19899999999999984 ) ) ;
#78 = CARTESIAN_POINT ( 'NONE',  ( 90.00000000000001421, 4.052132500626949962, -24.39999999999999858 ) ) ;
#79 = EDGE_CURVE ( 'NONE', #381, #2319, #1365, .T. ) ;
#80 = ORIENTED_EDGE ( 'NONE', *, *, #675, .T. ) ;
#81 = PLANE ( 'NONE',  #879 ) ;
#82 = ORIENTED_EDGE ( 'NONE', *, *, #1265, .T. ) ;
#83 = DIRECTION ( 'NONE',  ( 0.000000000000000000, 0.000000000000000000, -1.000000000000000000 ) ) ;
#84 = ORIENTED_EDGE ( 'NONE', *, *, #2355, .F. ) ;
#85 = ORIENTED_EDGE ( 'NONE', *, *, #1471, .T. ) ;
#86 = ORIENTED_EDGE ( 'NONE', *, *, #1876, .T. ) ;
#87 = CIRCLE ( 'NONE', #963, 6.550000000000000711 ) ;
#88 = DIRECTION ( 'NONE',  ( -0.000000000000000000, -0.000000000000000000, 1.000000000000000000 ) ) ;
#89 = EDGE_CURVE ( 'NONE', #1073, #1950, #1374, .T. ) ;
#90 = FACE_BOUND ( 'NONE', #1357, .T. ) ;
#91 = AXIS2_PLACEMENT_3D ( 'NONE', #378, #1109, #1829 ) ;
#92 = EDGE_CURVE ( 'NONE', #2252, #1014, #2298, .T. ) ;
#93 = ORIENTED_EDGE ( 'NONE', *, *, #616, .T. ) ;
#94 = DIRECTION ( 'NONE',  ( -0.000000000000000000, -0.000000000000000000, 1.000000000000000000 ) ) ;
#95 = CARTESIAN_POINT ( 'NONE',  ( 0.000000000000000000, 0.000000000000000000, -27.39999999999999858 ) ) ;
#96 = VECTOR ( 'NONE', #2168, 1000.000000000000000 ) ;
#97 = CARTESIAN_POINT ( 'NONE',  ( 100.0000000000000000, 8.000000000000000000, -10.19999999999999929 ) ) ;
#98 = VERTEX_POINT ( 'NONE', #670 ) ;
#99 = CARTESIAN_POINT ( 'NONE',  ( 55.00000000000000711, 29.00000000000000000, -27.39999999999999858 ) ) ;
#100 = DIRECTION ( 'NONE',  ( 1.000000000000000000, 0.000000000000000000, 0.000000000000000000 ) ) ;
#101 = VECTOR ( 'NONE', #885, 1000.000000000000114 ) ;
#102 = EDGE_CURVE ( 'NONE', #1489, #2252, #1385, .T. ) ;
#103 = ORIENTED_EDGE ( 'NONE', *, *, #1785, .T. ) ;
#104 = FACE_BOUND ( 'NONE', #802, .T. ) ;
#105 = EDGE_CURVE ( 'NONE', #983, #1273, #819, .T. ) ;
#106 = CARTESIAN_POINT ( 'NONE',  ( 33.75000000000000000, 29.00000000000000000, -25.64999999999999858 ) ) ;
#107 = CARTESIAN_POINT ( 'NONE',  ( 6.535898384862242949, 4.052132500626949962, -24.39999999999999858 ) ) ;
#108 = VERTEX_POINT ( 'NONE', #97 ) ;
#109 = FACE_OUTER_BOUND ( 'NONE', #558, .T. ) ;
#110 = DIRECTION ( 'NONE',  ( -0.000000000000000000, -0.000000000000000000, 1.000000000000000000 ) ) ;
#111 = CARTESIAN_POINT ( 'NONE',  ( 91.73205080756886787, 1.052132500626953959, -24.39999999999999858 ) ) ;
#112 = VERTEX_POINT ( 'NONE', #825 ) ;
#113 = CARTESIAN_POINT ( 'NONE',  ( 8.300000000000000711, 4.052132500626949962, -24.39999999999999858 ) ) ;
#114 = CARTESIAN_POINT ( 'NONE',  ( 18.46410161513775705, 13.99999999999999645, -23.39999999999999858 ) ) ;
#115 = ADVANCED_FACE ( 'NONE', ( #351 ), #1616, .T. ) ;
#116 = FACE_OUTER_BOUND ( 'NONE', #1121, .T. ) ;
#117 = EDGE_CURVE ( 'NONE', #2041, #766, #1082, .T. ) ;
#118 = ORIENTED_EDGE ( 'NONE', *, *, #483, .F. ) ;
#119 = AXIS2_PLACEMENT_3D ( 'NONE', #1615, #1599, #751 ) ;
#120 = CARTESIAN_POINT ( 'NONE',  ( 82.80000000000001137, 29.00000000000000355, -25.64999999999999858 ) ) ;
#121 = CARTESIAN_POINT ( 'NONE',  ( 0.000000000000000000, 48.00000000000000000, -27.39999999999999858 ) ) ;
#122 = AXIS2_PLACEMENT_3D ( 'NONE', #1766, #831, #1724 ) ;
#123 = DIRECTION ( 'NONE',  ( 0.8660254037844387076, -0.4999999999999999445, 0.000000000000000000 ) ) ;
#124 = AXIS2_PLACEMENT_3D ( 'NONE', #1380, #484, #2116 ) ;
#125 = DIRECTION ( 'NONE',  ( -1.000000000000000000, 0.000000000000000000, 0.000000000000000000 ) ) ;
#126 = DIRECTION ( 'NONE',  ( -1.000000000000000000, 0.000000000000000000, 0.000000000000000000 ) ) ;
#127 = VECTOR ( 'NONE', #2184, 1000.000000000000000 ) ;
#128 = ADVANCED_FACE ( 'NONE', ( #1778 ), #2164, .F. ) ;
#129 = DIRECTION ( 'NONE',  ( 0.000000000000000000, -0.000000000000000000, 1.000000000000000000 ) ) ;
#130 = CIRCLE ( 'NONE', #1799, 1.700000000000000178 ) ;
#131 = ORIENTED_EDGE ( 'NONE', *, *, #2020, .T. ) ;
#132 = DIRECTION ( 'NONE',  ( -0.000000000000000000, -0.000000000000000000, 1.000000000000000000 ) ) ;
#133 = ADVANCED_FACE ( 'NONE', ( #1430 ), #176, .F. ) ;
#134 = CARTESIAN_POINT ( 'NONE',  ( 0.000000000000000000, 0.000000000000000000, -27.39999999999999858 ) ) ;
#135 = LINE ( 'NONE', #2336, #584 ) ;
#136 = LINE ( 'NONE', #1556, #339 ) ;
#137 = DIRECTION ( 'NONE',  ( -0.5000000000000002220, -0.8660254037844384856, 0.000000000000000000 ) ) ;
#138 = DIRECTION ( 'NONE',  ( -1.000000000000000000, 0.000000000000000000, 0.000000000000000000 ) ) ;
#139 = ORIENTED_EDGE ( 'NONE', *, *, #1293, .T. ) ;
#140 = DIRECTION ( 'NONE',  ( 0.000000000000000000, 0.000000000000000000, -1.000000000000000000 ) ) ;
#141 = DIRECTION ( 'NONE',  ( -1.000000000000000000, 0.000000000000000000, 0.000000000000000000 ) ) ;
#142 = EDGE_CURVE ( 'NONE', #729, #457, #1789, .T. ) ;
#143 = FACE_OUTER_BOUND ( 'NONE', #910, .T. ) ;
#144 = PLANE ( 'NONE',  #477 ) ;
#145 = CARTESIAN_POINT ( 'NONE',  ( 76.25000000000001421, 29.00000000000000355, -20.39899999999999736 ) ) ;
#146 = DIRECTION ( 'NONE',  ( -1.000000000000000000, 0.000000000000000000, 0.000000000000000000 ) ) ;
#147 = DIRECTION ( 'NONE',  ( 0.000000000000000000, 0.000000000000000000, 1.000000000000000000 ) ) ;
#148 = VERTEX_POINT ( 'NONE', #1417 ) ;
#149 = CYLINDRICAL_SURFACE ( 'NONE', #1407, 1.700000000000000178 ) ;
#150 = CARTESIAN_POINT ( 'NONE',  ( 13.26794919243111970, 16.99999999999999645, -23.39999999999999858 ) ) ;
#151 = ORIENTED_EDGE ( 'NONE', *, *, #803, .F. ) ;
#152 = CARTESIAN_POINT ( 'NONE',  ( 6.535898384862242949, 4.052132500626949962, -27.39999999999999858 ) ) ;
#153 = VERTEX_POINT ( 'NONE', #1628 ) ;
#154 = VECTOR ( 'NONE', #2236, 1000.000000000000227 ) ;
#155 = EDGE_CURVE ( 'NONE', #224, #1005, #1085, .T. ) ;
#156 = DIRECTION ( 'NONE',  ( -0.4999999999999997224, -0.8660254037844388186, 0.000000000000000000 ) ) ;
#157 = DIRECTION ( 'NONE',  ( 0.5000000000000004441, 0.8660254037844382635, 0.000000000000000000 ) ) ;
#158 = AXIS2_PLACEMENT_3D ( 'NONE', #1187, #1529, #1208 ) ;
#159 = ADVANCED_FACE ( 'NONE', ( #2153 ), #534, .F. ) ;
#160 = CIRCLE ( 'NONE', #548, 4.000000000000000000 ) ;
#161 = LINE ( 'NONE', #175, #2323 ) ;
#162 = CARTESIAN_POINT ( 'NONE',  ( 80.00000000000000000, 28.00000000000000000, -27.39999999999999858 ) ) ;
#163 = VERTEX_POINT ( 'NONE', #1244 ) ;
#164 = AXIS2_PLACEMENT_3D ( 'NONE', #646, #2099, #866 ) ;
#165 = FACE_OUTER_BOUND ( 'NONE', #1173, .T. ) ;
#166 = LINE ( 'NONE', #134, #2222 ) ;
#167 = DIRECTION ( 'NONE',  ( 0.000000000000000000, 0.000000000000000000, -1.000000000000000000 ) ) ;
#168 = VECTOR ( 'NONE', #1051, 1000.000000000000000 ) ;
#169 = EDGE_LOOP ( 'NONE', ( #826, #1896, #767, #783 ) ) ;
#170 = CYLINDRICAL_SURFACE ( 'NONE', #2066, 6.550000000000000711 ) ;
#171 = AXIS2_PLACEMENT_3D ( 'NONE', #28, #393, #2037 ) ;
#172 = FACE_OUTER_BOUND ( 'NONE', #20, .T. ) ;
#173 = DIRECTION ( 'NONE',  ( 0.000000000000000000, 0.000000000000000000, -1.000000000000000000 ) ) ;
#174 = ADVANCED_FACE ( 'NONE', ( #1985 ), #337, .F. ) ;
#175 = CARTESIAN_POINT ( 'NONE',  ( 11.73205080756887675, 1.052132500626948186, -24.39999999999999858 ) ) ;
#176 = PLANE ( 'NONE',  #2220 ) ;
#177 = EDGE_LOOP ( 'NONE', ( #1370, #2185, #1318, #1975 ) ) ;
#178 = DIRECTION ( 'NONE',  ( -1.000000000000000000, 0.000000000000000000, 0.000000000000000000 ) ) ;
#179 = PLANE ( 'NONE',  #852 ) ;
#180 = ORIENTED_EDGE ( 'NONE', *, *, #1732, .T. ) ;
#181 = CARTESIAN_POINT ( 'NONE',  ( 76.25000000000001421, 29.00000000000000355, -25.64999999999999858 ) ) ;
#182 = VERTEX_POINT ( 'NONE', #1808 ) ;
#183 = CARTESIAN_POINT ( 'NONE',  ( 88.26794919243111792, 1.052132500626954625, -27.39999999999999858 ) ) ;
#184 = CARTESIAN_POINT ( 'NONE',  ( 40.30000000000000426, 29.00000000000000000, -25.64999999999999858 ) ) ;
#185 = DIRECTION ( 'NONE',  ( 1.000000000000000000, 0.000000000000000000, 0.000000000000000000 ) ) ;
#186 = ADVANCED_FACE ( 'NONE', ( #1620, #1248 ), #341, .T. ) ;
#187 = EDGE_LOOP ( 'NONE', ( #228, #799, #2049, #568 ) ) ;
#188 = DIRECTION ( 'NONE',  ( 0.000000000000000000, 0.000000000000000000, -1.000000000000000000 ) ) ;
#189 = FACE_OUTER_BOUND ( 'NONE', #1311, .T. ) ;
#190 = ADVANCED_FACE ( 'NONE', ( #6 ), #538, .F. ) ;
#191 = DIRECTION ( 'NONE',  ( -0.000000000000000000, 0.000000000000000000, 1.000000000000000000 ) ) ;
#192 = ORIENTED_EDGE ( 'NONE', *, *, #2231, .F. ) ;
#193 = CARTESIAN_POINT ( 'NONE',  ( 100.0000000000000000, 8.000000000000000000, -20.39999999999999858 ) ) ;
#194 = DIRECTION ( 'NONE',  ( -1.000000000000000000, 0.000000000000000000, 0.000000000000000000 ) ) ;
#195 = CARTESIAN_POINT ( 'NONE',  ( 76.25000000000001421, 29.00000000000000355, -20.39999999999999858 ) ) ;
#196 = DIRECTION ( 'NONE',  ( 0.000000000000000000, 1.000000000000000000, 0.000000000000000000 ) ) ;
#197 = CIRCLE ( 'NONE', #1910, 2.600000000000004974 ) ;
#198 = VECTOR ( 'NONE', #1919, 1000.000000000000000 ) ;
#199 = ORIENTED_EDGE ( 'NONE', *, *, #1376, .F. ) ;
#200 = EDGE_CURVE ( 'NONE', #1987, #1375, #1659, .T. ) ;
#201 = PRODUCT_CONTEXT ( 'NONE', #1949, 'mechanical' ) ;
#202 = CARTESIAN_POINT ( 'NONE',  ( 15.00000000000000000, 13.99999999999999822, -10.19899999999999984 ) ) ;
#203 = CARTESIAN_POINT ( 'NONE',  ( 33.75000000000000000, 29.00000000000000000, -20.39899999999999736 ) ) ;
#204 = ORIENTED_EDGE ( 'NONE', *, *, #1720, .T. ) ;
#205 = EDGE_CURVE ( 'NONE', #1147, #148, #206, .T. ) ;
#206 = CIRCLE ( 'NONE', #1690, 1.700000000000000178 ) ;
#207 = CIRCLE ( 'NONE', #1543, 4.000000000000000000 ) ;
#208 = CARTESIAN_POINT ( 'NONE',  ( 35.00002264833060650, 4.052132500626949962, -20.39999999999999858 ) ) ;
#209 = FACE_OUTER_BOUND ( 'NONE', #169, .T. ) ;
#210 = VECTOR ( 'NONE', #1967, 1000.000000000000000 ) ;
#211 = DIRECTION ( 'NONE',  ( -0.000000000000000000, -0.000000000000000000, 1.000000000000000000 ) ) ;
#212 = VERTEX_POINT ( 'NONE', #29 ) ;
#213 = CARTESIAN_POINT ( 'NONE',  ( 100.0000000000000000, 0.000000000000000000, -20.39999999999999858 ) ) ;
#214 = CARTESIAN_POINT ( 'NONE',  ( 58.50000000000000711, 29.00000000000000000, -27.39999999999999858 ) ) ;
#215 = CARTESIAN_POINT ( 'NONE',  ( 18.46410161513777126, 43.99999999999998579, -20.39999999999999858 ) ) ;
#216 = VERTEX_POINT ( 'NONE', #1089 ) ;
#217 = ORIENTED_EDGE ( 'NONE', *, *, #1265, .F. ) ;
#218 = EDGE_CURVE ( 'NONE', #1904, #303, #1991, .T. ) ;
#219 = PLANE ( 'NONE',  #501 ) ;
#220 = FACE_OUTER_BOUND ( 'NONE', #1425, .T. ) ;
#221 = EDGE_CURVE ( 'NONE', #2215, #303, #1269, .T. ) ;
#222 = VERTEX_POINT ( 'NONE', #909 ) ;
#223 = DIRECTION ( 'NONE',  ( 1.000000000000000000, 0.000000000000000000, 0.000000000000000000 ) ) ;
#224 = VERTEX_POINT ( 'NONE', #717 ) ;
#225 = DIRECTION ( 'NONE',  ( 0.000000000000000000, 0.000000000000000000, -1.000000000000000000 ) ) ;
#226 = ORIENTED_EDGE ( 'NONE', *, *, #699, .F. ) ;
#227 = ORIENTED_EDGE ( 'NONE', *, *, #485, .F. ) ;
#228 = ORIENTED_EDGE ( 'NONE', *, *, #540, .F. ) ;
#229 = FACE_OUTER_BOUND ( 'NONE', #1313, .T. ) ;
#230 = EDGE_CURVE ( 'NONE', #941, #2338, #1878, .T. ) ;
#231 = CARTESIAN_POINT ( 'NONE',  ( 0.000000000000000000, 25.00000000000000000, -27.39999999999999858 ) ) ;
#232 = ORIENTED_EDGE ( 'NONE', *, *, #92, .F. ) ;
#233 = VECTOR ( 'NONE', #711, 1000.000000000000000 ) ;
#234 = CARTESIAN_POINT ( 'NONE',  ( 0.000000000000000000, 33.00000000000000000, -20.39999999999999858 ) ) ;
#235 = ADVANCED_FACE ( 'NONE', ( #355 ), #179, .F. ) ;
#236 = VECTOR ( 'NONE', #1892, 1000.000000000000000 ) ;
#237 = VERTEX_POINT ( 'NONE', #215 ) ;
#238 = CYLINDRICAL_SURFACE ( 'NONE', #1013, 3.500000000000003109 ) ;
#239 = VECTOR ( 'NONE', #472, 1000.000000000000000 ) ;
#240 = EDGE_LOOP ( 'NONE', ( #2012, #2029 ) ) ;
#241 = ORIENTED_EDGE ( 'NONE', *, *, #2325, .T. ) ;
#242 = AXIS2_PLACEMENT_3D ( 'NONE', #1787, #1054, #546 ) ;
#243 = ORIENTED_EDGE ( 'NONE', *, *, #1037, .F. ) ;
#244 = CIRCLE ( 'NONE', #2140, 1.700000000000000178 ) ;
#245 = CARTESIAN_POINT ( 'NONE',  ( 6.535898384862242949, 4.052132500626949962, -24.39999999999999858 ) ) ;
#246 = AXIS2_PLACEMENT_3D ( 'NONE', #755, #897, #2348 ) ;
#247 = CARTESIAN_POINT ( 'NONE',  ( 36.70002264833060224, 4.052132500626949962, -20.39999999999999858 ) ) ;
#248 = AXIS2_PLACEMENT_3D ( 'NONE', #332, #5, #1041 ) ;
#249 = ORIENTED_EDGE ( 'NONE', *, *, #467, .T. ) ;
#250 = EDGE_CURVE ( 'NONE', #66, #396, #727, .T. ) ;
#251 = CARTESIAN_POINT ( 'NONE',  ( 37.60002264833060792, 4.052132500626949962, -27.39999999999999858 ) ) ;
#252 = EDGE_CURVE ( 'NONE', #589, #1699, #2005, .T. ) ;
#253 = ORIENTED_EDGE ( 'NONE', *, *, #1649, .F. ) ;
#254 = LINE ( 'NONE', #1882, #384 ) ;
#255 = ORIENTED_EDGE ( 'NONE', *, *, #1152, .F. ) ;
#256 = ORIENTED_EDGE ( 'NONE', *, *, #1312, .T. ) ;
#257 = ORIENTED_EDGE ( 'NONE', *, *, #1433, .F. ) ;
#258 = CARTESIAN_POINT ( 'NONE',  ( 80.00000000000000000, 48.00000000000000000, -27.39999999999999858 ) ) ;
#259 = DIRECTION ( 'NONE',  ( 1.000000000000000000, 0.000000000000000000, -0.000000000000000000 ) ) ;
#260 = ORIENTED_EDGE ( 'NONE', *, *, #76, .T. ) ;
#261 = CARTESIAN_POINT ( 'NONE',  ( 16.73205080756888208, 10.99999999999999822, -23.39999999999999858 ) ) ;
#262 = ORIENTED_EDGE ( 'NONE', *, *, #725, .T. ) ;
#263 = EDGE_CURVE ( 'NONE', #237, #2240, #1276, .T. ) ;
#264 = DIRECTION ( 'NONE',  ( 1.000000000000000000, 5.007715329123864752E-16, 0.000000000000000000 ) ) ;
#265 = ORIENTED_EDGE ( 'NONE', *, *, #2074, .T. ) ;
#266 = EDGE_LOOP ( 'NONE', ( #956, #1261 ) ) ;
#267 = ORIENTED_EDGE ( 'NONE', *, *, #1037, .T. ) ;
#268 = EDGE_CURVE ( 'NONE', #153, #2081, #742, .T. ) ;
#269 = LINE ( 'NONE', #279, #1382 ) ;
#270 = FACE_BOUND ( 'NONE', #2100, .T. ) ;
#271 = ORIENTED_EDGE ( 'NONE', *, *, #906, .F. ) ;
#272 = LINE ( 'NONE', #1900, #578 ) ;
#273 = FACE_BOUND ( 'NONE', #43, .T. ) ;
#274 = AXIS2_PLACEMENT_3D ( 'NONE', #1482, #1664, #1689 ) ;
#275 = DIRECTION ( 'NONE',  ( 1.000000000000000000, 5.007715329123864752E-16, 0.000000000000000000 ) ) ;
#276 = ORIENTED_EDGE ( 'NONE', *, *, #603, .T. ) ;
#277 = ORIENTED_EDGE ( 'NONE', *, *, #35, .T. ) ;
#278 = ORIENTED_EDGE ( 'NONE', *, *, #990, .T. ) ;
#279 = CARTESIAN_POINT ( 'NONE',  ( 51.50000000000000711, 29.00000000000000000, -20.39899999999999736 ) ) ;
#280 = VECTOR ( 'NONE', #1982, 1000.000000000000000 ) ;
#281 = ADVANCED_FACE ( 'NONE', ( #567, #1124 ), #1286, .T. ) ;
#282 = CARTESIAN_POINT ( 'NONE',  ( 51.50000000000000711, 29.00000000000000000, -27.39999999999999858 ) ) ;
#283 = ORIENTED_EDGE ( 'NONE', *, *, #1614, .F. ) ;
#284 = VECTOR ( 'NONE', #298, 1000.000000000000000 ) ;
#285 = CARTESIAN_POINT ( 'NONE',  ( 18.46410161513775705, 13.99999999999999645, -23.39999999999999858 ) ) ;
#286 = LINE ( 'NONE', #2296, #1449 ) ;
#287 = CIRCLE ( 'NONE', #669, 1.700000000000000178 ) ;
#288 = LINE ( 'NONE', #1571, #1009 ) ;
#289 = ORIENTED_EDGE ( 'NONE', *, *, #155, .F. ) ;
#290 = DIRECTION ( 'NONE',  ( 1.000000000000000000, 0.000000000000000000, 0.000000000000000000 ) ) ;
#291 = CARTESIAN_POINT ( 'NONE',  ( 40.30000000000000426, 29.00000000000000000, -20.39999999999999858 ) ) ;
#292 = DIRECTION ( 'NONE',  ( -1.000000000000000000, 0.000000000000000000, 0.000000000000000000 ) ) ;
#293 = ADVANCED_FACE ( 'NONE', ( #380 ), #1668, .F. ) ;
#294 = ORIENTED_EDGE ( 'NONE', *, *, #200, .F. ) ;
#295 = CARTESIAN_POINT ( 'NONE',  ( 0.000000000000000000, 48.00000000000000000, -20.39999999999999858 ) ) ;
#296 = CARTESIAN_POINT ( 'NONE',  ( 11.70000000000000107, 4.052132500626949962, -10.19899999999999984 ) ) ;
#297 = ADVANCED_FACE ( 'NONE', ( #528 ), #1749, .F. ) ;
#298 = DIRECTION ( 'NONE',  ( -0.000000000000000000, -1.000000000000000000, 0.000000000000000000 ) ) ;
#299 = VERTEX_POINT ( 'NONE', #258 ) ;
#300 = CARTESIAN_POINT ( 'NONE',  ( 55.00000000000000711, 29.00000000000000000, -25.64999999999999858 ) ) ;
#301 = CARTESIAN_POINT ( 'NONE',  ( 91.73205080756886787, 7.052132500626931311, -27.39999999999999858 ) ) ;
#302 = CARTESIAN_POINT ( 'NONE',  ( 0.000000000000000000, 0.000000000000000000, -20.39999999999999858 ) ) ;
#303 = VERTEX_POINT ( 'NONE', #291 ) ;
#304 = EDGE_CURVE ( 'NONE', #2212, #589, #459, .T. ) ;
#305 = LINE ( 'NONE', #1177, #875 ) ;
#306 = DIRECTION ( 'NONE',  ( -1.000000000000000000, 0.000000000000000000, 0.000000000000000000 ) ) ;
#307 = EDGE_CURVE ( 'NONE', #2319, #835, #1553, .T. ) ;
#308 = CARTESIAN_POINT ( 'NONE',  ( 13.29999999999999893, 44.00000000000000000, -10.19899999999999984 ) ) ;
#309 = VERTEX_POINT ( 'NONE', #2280 ) ;
#310 = CIRCLE ( 'NONE', #1639, 1.699999999999993072 ) ;
#311 = CARTESIAN_POINT ( 'NONE',  ( 61.55000000000000426, 29.00000000000000000, -25.64999999999999858 ) ) ;
#312 = LINE ( 'NONE', #1953, #1655 ) ;
#313 = VECTOR ( 'NONE', #1002, 1000.000000000000000 ) ;
#314 = FACE_OUTER_BOUND ( 'NONE', #187, .T. ) ;
#315 = AXIS2_PLACEMENT_3D ( 'NONE', #525, #2332, #1761 ) ;
#316 = SURFACE_STYLE_USAGE ( .BOTH. , #1547 ) ;
#317 = CARTESIAN_POINT ( 'NONE',  ( 63.29997735166939776, 3.999999999999997335, -10.19999999999999929 ) ) ;
#318 = EDGE_CURVE ( 'NONE', #1473, #601, #476, .T. ) ;
#319 = CARTESIAN_POINT ( 'NONE',  ( 100.0000000000000000, 0.000000000000000000, -10.19999999999999929 ) ) ;
#320 = CIRCLE ( 'NONE', #1881, 3.499999999999999556 ) ;
#321 = ORIENTED_EDGE ( 'NONE', *, *, #1702, .F. ) ;
#322 = CARTESIAN_POINT ( 'NONE',  ( 100.0000000000000000, 8.000000000000000000, -20.39999999999999858 ) ) ;
#323 = DIRECTION ( 'NONE',  ( -1.000000000000000000, 0.000000000000000000, 0.000000000000000000 ) ) ;
#324 = FACE_OUTER_BOUND ( 'NONE', #987, .T. ) ;
#325 = DIRECTION ( 'NONE',  ( 1.000000000000000000, 5.007715329123864752E-16, 0.000000000000000000 ) ) ;
#326 = FACE_OUTER_BOUND ( 'NONE', #1779, .T. ) ;
#327 = DIRECTION ( 'NONE',  ( -1.000000000000000000, 0.000000000000000000, 0.000000000000000000 ) ) ;
#328 = DIRECTION ( 'NONE',  ( 1.000000000000000000, 0.000000000000000000, 0.000000000000000000 ) ) ;
#329 = ORIENTED_EDGE ( 'NONE', *, *, #1938, .T. ) ;
#330 = EDGE_CURVE ( 'NONE', #1273, #983, #1499, .T. ) ;
#331 = DIRECTION ( 'NONE',  ( -0.000000000000000000, -0.000000000000000000, -1.000000000000000000 ) ) ;
#332 = CARTESIAN_POINT ( 'NONE',  ( 10.00000000000000000, 4.052132500626949962, -10.19999999999999929 ) ) ;
#333 = CARTESIAN_POINT ( 'NONE',  ( 91.73205080756886787, 7.052132500626931311, -24.39999999999999858 ) ) ;
#334 = FACE_OUTER_BOUND ( 'NONE', #439, .T. ) ;
#335 = PLANE ( 'NONE',  #242 ) ;
#336 = DIRECTION ( 'NONE',  ( 0.000000000000000000, 0.000000000000000000, -1.000000000000000000 ) ) ;
#337 = PLANE ( 'NONE',  #1496 ) ;
#338 = ORIENTED_EDGE ( 'NONE', *, *, #2355, .T. ) ;
#339 = VECTOR ( 'NONE', #94, 1000.000000000000000 ) ;
#340 = DIRECTION ( 'NONE',  ( 0.000000000000000000, 0.000000000000000000, 1.000000000000000000 ) ) ;
#341 = PLANE ( 'NONE',  #1763 ) ;
#342 = ORIENTED_EDGE ( 'NONE', *, *, #1980, .T. ) ;
#343 = DIRECTION ( 'NONE',  ( 1.000000000000000000, 0.000000000000000000, 0.000000000000000000 ) ) ;
#344 = ORIENTED_EDGE ( 'NONE', *, *, #859, .T. ) ;
#345 = ADVANCED_FACE ( 'NONE', ( #996 ), #650, .F. ) ;
#346 = DIRECTION ( 'NONE',  ( 1.000000000000000000, 0.000000000000000000, 0.000000000000000000 ) ) ;
#347 = DIRECTION ( 'NONE',  ( 0.8660254037844385966, -0.5000000000000003331, 0.000000000000000000 ) ) ;
#348 = VECTOR ( 'NONE', #2042, 1000.000000000000000 ) ;
#349 = AXIS2_PLACEMENT_3D ( 'NONE', #1440, #1094, #373 ) ;
#350 = DIRECTION ( 'NONE',  ( 0.5000000000000005551, 0.8660254037844382635, 0.000000000000000000 ) ) ;
#351 = FACE_OUTER_BOUND ( 'NONE', #74, .T. ) ;
#352 = ORIENTED_EDGE ( 'NONE', *, *, #647, .F. ) ;
#353 = LINE ( 'NONE', #213, #927 ) ;
#354 = CARTESIAN_POINT ( 'NONE',  ( 15.00000000000000000, 44.00000000000000000, -27.39999999999999858 ) ) ;
#355 = FACE_OUTER_BOUND ( 'NONE', #2264, .T. ) ;
#356 = CIRCLE ( 'NONE', #1462, 3.500000000000003109 ) ;
#357 = ORIENTED_EDGE ( 'NONE', *, *, #494, .T. ) ;
#358 = CARTESIAN_POINT ( 'NONE',  ( 66.69997735166937503, 3.999999999999997335, -10.19999999999999929 ) ) ;
#359 = VERTEX_POINT ( 'NONE', #2083 ) ;
#360 = CARTESIAN_POINT ( 'NONE',  ( 15.00000000000000000, 33.00000000000000000, -20.39899999999999736 ) ) ;
#361 = EDGE_CURVE ( 'NONE', #299, #839, #2190, .T. ) ;
#362 = CARTESIAN_POINT ( 'NONE',  ( 91.73205080756886787, 1.052132500626953959, -24.39999999999999858 ) ) ;
#363 = DIRECTION ( 'NONE',  ( 0.000000000000000000, 0.000000000000000000, -1.000000000000000000 ) ) ;
#364 = EDGE_CURVE ( 'NONE', #1746, #496, #555, .T. ) ;
#365 = VERTEX_POINT ( 'NONE', #1527 ) ;
#366 = CYLINDRICAL_SURFACE ( 'NONE', #435, 1.700000000000000178 ) ;
#367 = CARTESIAN_POINT ( 'NONE',  ( 18.46410161513775705, 13.99999999999999645, -23.39999999999999858 ) ) ;
#368 = CARTESIAN_POINT ( 'NONE',  ( 10.00000000000000000, 4.052132500626949962, -24.39999999999999858 ) ) ;
#369 = ORIENTED_EDGE ( 'NONE', *, *, #1184, .F. ) ;
#370 = LINE ( 'NONE', #193, #1338 ) ;
#371 = ORIENTED_EDGE ( 'NONE', *, *, #142, .F. ) ;
#372 = DIRECTION ( 'NONE',  ( -0.000000000000000000, -0.000000000000000000, -1.000000000000000000 ) ) ;
#373 = DIRECTION ( 'NONE',  ( 1.000000000000000000, 0.000000000000000000, 0.000000000000000000 ) ) ;
#374 = EDGE_CURVE ( 'NONE', #359, #1005, #1084, .T. ) ;
#375 = CARTESIAN_POINT ( 'NONE',  ( 90.00000000000001421, 4.052132500626949962, -10.19999999999999929 ) ) ;
#376 = ADVANCED_FACE ( 'NONE', ( #448, #482, #1388, #1174, #2114 ), #2093, .F. ) ;
#377 = EDGE_LOOP ( 'NONE', ( #9, #934 ) ) ;
#378 = CARTESIAN_POINT ( 'NONE',  ( 0.000000000000000000, 0.000000000000000000, 0.000000000000000000 ) ) ;
#379 = DIRECTION ( 'NONE',  ( -0.000000000000000000, -0.000000000000000000, 1.000000000000000000 ) ) ;
#380 = FACE_OUTER_BOUND ( 'NONE', #1519, .T. ) ;
#381 = VERTEX_POINT ( 'NONE', #827 ) ;
#382 = ORIENTED_EDGE ( 'NONE', *, *, #1672, .T. ) ;
#383 = DIRECTION ( 'NONE',  ( -0.000000000000000000, -0.000000000000000000, -1.000000000000000000 ) ) ;
#384 = VECTOR ( 'NONE', #1160, 1000.000000000000000 ) ;
#385 = DIRECTION ( 'NONE',  ( 0.000000000000000000, 0.000000000000000000, -1.000000000000000000 ) ) ;
#386 = CARTESIAN_POINT ( 'NONE',  ( 33.75000000000000000, 29.00000000000000000, -27.39999999999999858 ) ) ;
#387 = AXIS2_PLACEMENT_3D ( 'NONE', #1230, #1783, #1437 ) ;
#388 = EDGE_CURVE ( 'NONE', #309, #153, #1563, .T. ) ;
#389 = CIRCLE ( 'NONE', #695, 1.699999999999993072 ) ;
#390 = EDGE_LOOP ( 'NONE', ( #1060, #2062, #55, #2 ) ) ;
#391 = CARTESIAN_POINT ( 'NONE',  ( 0.000000000000000000, 8.000000000000000000, -20.39999999999999858 ) ) ;
#392 = EDGE_CURVE ( 'NONE', #1760, #1473, #269, .T. ) ;
#393 = DIRECTION ( 'NONE',  ( -0.000000000000000000, -0.000000000000000000, 1.000000000000000000 ) ) ;
#394 = CARTESIAN_POINT ( 'NONE',  ( 16.73205080756887853, 16.99999999999999645, -20.39999999999999858 ) ) ;
#395 = VERTEX_POINT ( 'NONE', #1920 ) ;
#396 = VERTEX_POINT ( 'NONE', #985 ) ;
#397 = AXIS2_PLACEMENT_3D ( 'NONE', #1693, #1295, #1275 ) ;
#398 = LINE ( 'NONE', #1858, #2146 ) ;
#399 = DIRECTION ( 'NONE',  ( -0.5000000000000003331, -0.8660254037844383745, 0.000000000000000000 ) ) ;
#400 = LINE ( 'NONE', #2224, #1867 ) ;
#401 = ORIENTED_EDGE ( 'NONE', *, *, #1260, .F. ) ;
#402 = DIRECTION ( 'NONE',  ( -1.000000000000000000, 0.000000000000000000, 0.000000000000000000 ) ) ;
#403 = ORIENTED_EDGE ( 'NONE', *, *, #526, .F. ) ;
#404 = ORIENTED_EDGE ( 'NONE', *, *, #820, .F. ) ;
#405 = EDGE_CURVE ( 'NONE', #2021, #456, #1348, .T. ) ;
#406 = ORIENTED_EDGE ( 'NONE', *, *, #544, .F. ) ;
#407 = EDGE_CURVE ( 'NONE', #299, #516, #662, .T. ) ;
#408 = DIRECTION ( 'NONE',  ( 1.000000000000000000, -2.503857664561926460E-16, 0.000000000000000000 ) ) ;
#409 = DIRECTION ( 'NONE',  ( 1.000000000000000000, -2.503857664561940265E-16, 0.000000000000000000 ) ) ;
#410 = ORIENTED_EDGE ( 'NONE', *, *, #507, .F. ) ;
#411 = FACE_OUTER_BOUND ( 'NONE', #2243, .T. ) ;
#412 = ORIENTED_EDGE ( 'NONE', *, *, #1184, .T. ) ;
#413 = CARTESIAN_POINT ( 'NONE',  ( 11.73205080756888385, 7.052132500626952627, -24.39999999999999858 ) ) ;
#414 = ORIENTED_EDGE ( 'NONE', *, *, #2172, .T. ) ;
#415 = ORIENTED_EDGE ( 'NONE', *, *, #1322, .F. ) ;
#416 = VERTEX_POINT ( 'NONE', #849 ) ;
#417 = EDGE_CURVE ( 'NONE', #601, #1473, #2334, .T. ) ;
#418 = CARTESIAN_POINT ( 'NONE',  ( 37.60002264833060792, 4.052132500626949962, -20.39999999999999858 ) ) ;
#419 = LINE ( 'NONE', #231, #1077 ) ;
#420 = ADVANCED_FACE ( 'NONE', ( #1886 ), #514, .F. ) ;
#421 = ORIENTED_EDGE ( 'NONE', *, *, #526, .T. ) ;
#422 = VECTOR ( 'NONE', #1814, 1000.000000000000000 ) ;
#423 = CARTESIAN_POINT ( 'NONE',  ( 64.99997735166938639, 3.999999999999997335, -20.39999999999999858 ) ) ;
#424 = EDGE_CURVE ( 'NONE', #994, #610, #1942, .T. ) ;
#425 = VECTOR ( 'NONE', #609, 1000.000000000000000 ) ;
#426 = VECTOR ( 'NONE', #1549, 1000.000000000000000 ) ;
#427 = ORIENTED_EDGE ( 'NONE', *, *, #947, .T. ) ;
#428 = CARTESIAN_POINT ( 'NONE',  ( 55.00000000000000711, 29.00000000000000000, -25.64999999999999858 ) ) ;
#429 = CIRCLE ( 'NONE', #1603, 6.550000000000000711 ) ;
#430 = ORIENTED_EDGE ( 'NONE', *, *, #1774, .T. ) ;
#431 = ORIENTED_EDGE ( 'NONE', *, *, #1471, .F. ) ;
#432 = ORIENTED_EDGE ( 'NONE', *, *, #1849, .T. ) ;
#433 = AXIS2_PLACEMENT_3D ( 'NONE', #1025, #1743, #126 ) ;
#434 = ORIENTED_EDGE ( 'NONE', *, *, #63, .F. ) ;
#435 = AXIS2_PLACEMENT_3D ( 'NONE', #1474, #715, #1070 ) ;
#436 = CARTESIAN_POINT ( 'NONE',  ( 33.75000000000000000, 29.00000000000000000, -25.64999999999999858 ) ) ;
#437 = VECTOR ( 'NONE', #2196, 1000.000000000000000 ) ;
#438 = CIRCLE ( 'NONE', #933, 2.600000000000004974 ) ;
#439 = EDGE_LOOP ( 'NONE', ( #1834, #599, #1503, #1287 ) ) ;
#440 = EDGE_CURVE ( 'NONE', #2159, #1090, #130, .T. ) ;
#441 = DIRECTION ( 'NONE',  ( 0.000000000000000000, 0.000000000000000000, 1.000000000000000000 ) ) ;
#442 = EDGE_CURVE ( 'NONE', #222, #858, #2033, .T. ) ;
#443 = ORIENTED_EDGE ( 'NONE', *, *, #2053, .F. ) ;
#444 = DIRECTION ( 'NONE',  ( -0.000000000000000000, -0.000000000000000000, -1.000000000000000000 ) ) ;
#445 = ORIENTED_EDGE ( 'NONE', *, *, #252, .F. ) ;
#446 = ORIENTED_EDGE ( 'NONE', *, *, #407, .F. ) ;
#447 = EDGE_LOOP ( 'NONE', ( #118, #955 ) ) ;
#448 = FACE_BOUND ( 'NONE', #1182, .T. ) ;
#449 = CARTESIAN_POINT ( 'NONE',  ( 13.26794919243112680, 40.99999999999998579, -23.39999999999999858 ) ) ;
#450 = ORIENTED_EDGE ( 'NONE', *, *, #1351, .T. ) ;
#451 = DIRECTION ( 'NONE',  ( -0.000000000000000000, -0.000000000000000000, -1.000000000000000000 ) ) ;
#452 = PLANE ( 'NONE',  #1601 ) ;
#453 = ADVANCED_FACE ( 'NONE', ( #2144 ), #706, .F. ) ;
#454 = LINE ( 'NONE', #1713, #2060 ) ;
#455 = EDGE_CURVE ( 'NONE', #1504, #1687, #312, .T. ) ;
#456 = VERTEX_POINT ( 'NONE', #1772 ) ;
#457 = VERTEX_POINT ( 'NONE', #1088 ) ;
#458 = ORIENTED_EDGE ( 'NONE', *, *, #1627, .T. ) ;
#459 = LINE ( 'NONE', #629, #1012 ) ;
#460 = PLANE ( 'NONE',  #158 ) ;
#461 = EDGE_LOOP ( 'NONE', ( #1629, #406 ) ) ;
#462 = FILL_AREA_STYLE_COLOUR ( '', #1441 ) ;
#463 = FACE_BOUND ( 'NONE', #542, .T. ) ;
#464 = VECTOR ( 'NONE', #1066, 1000.000000000000000 ) ;
#465 = CARTESIAN_POINT ( 'NONE',  ( 16.73205080756888208, 10.99999999999999822, -23.39999999999999858 ) ) ;
#466 = ORIENTED_EDGE ( 'NONE', *, *, #1849, .F. ) ;
#467 = EDGE_CURVE ( 'NONE', #1090, #2159, #287, .T. ) ;
#468 = CARTESIAN_POINT ( 'NONE',  ( 13.26794919243112147, 47.00000000000000711, -20.39999999999999858 ) ) ;
#469 = CARTESIAN_POINT ( 'NONE',  ( 80.00000000000000000, 28.00000000000000000, -27.39999999999999858 ) ) ;
#470 = UNCERTAINTY_MEASURE_WITH_UNIT (LENGTH_MEASURE( 1.000000000000000082E-05 ), #1352, 'distance_accuracy_value', 'NONE');
#471 = VECTOR ( 'NONE', #1058, 1000.000000000000000 ) ;
#472 = DIRECTION ( 'NONE',  ( -1.000000000000000000, 2.503857664561940265E-16, 0.000000000000000000 ) ) ;
#473 = EDGE_CURVE ( 'NONE', #222, #1147, #1421, .T. ) ;
#474 = VERTEX_POINT ( 'NONE', #1964 ) ;
#475 = DIRECTION ( 'NONE',  ( 0.000000000000000000, 0.000000000000000000, 1.000000000000000000 ) ) ;
#476 = CIRCLE ( 'NONE', #855, 3.500000000000003109 ) ;
#477 = AXIS2_PLACEMENT_3D ( 'NONE', #560, #1822, #1439 ) ;
#478 = VECTOR ( 'NONE', #545, 1000.000000000000227 ) ;
#479 = DIRECTION ( 'NONE',  ( -0.000000000000000000, -0.000000000000000000, 1.000000000000000000 ) ) ;
#480 = EDGE_LOOP ( 'NONE', ( #786, #704, #277, #1895 ) ) ;
#481 = DIRECTION ( 'NONE',  ( -0.000000000000000000, -0.000000000000000000, 1.000000000000000000 ) ) ;
#482 = FACE_BOUND ( 'NONE', #1940, .T. ) ;
#483 = EDGE_CURVE ( 'NONE', #58, #1126, #320, .T. ) ;
#484 = DIRECTION ( 'NONE',  ( 0.000000000000000000, 0.000000000000000000, -1.000000000000000000 ) ) ;
#485 = EDGE_CURVE ( 'NONE', #516, #1525, #166, .T. ) ;
#486 = ORIENTED_EDGE ( 'NONE', *, *, #304, .F. ) ;
#487 = CARTESIAN_POINT ( 'NONE',  ( 0.000000000000000000, 33.00000000000000000, -20.39999999999999858 ) ) ;
#488 = LINE ( 'NONE', #2309, #888 ) ;
#489 = ORIENTED_EDGE ( 'NONE', *, *, #205, .T. ) ;
#490 = CARTESIAN_POINT ( 'NONE',  ( 15.00000000000000000, 13.99999999999999822, -10.19899999999999984 ) ) ;
#491 = DIRECTION ( 'NONE',  ( 1.000000000000000000, 0.000000000000000000, 0.000000000000000000 ) ) ;
#492 = DIRECTION ( 'NONE',  ( 0.000000000000000000, 0.000000000000000000, 1.000000000000000000 ) ) ;
#493 = CARTESIAN_POINT ( 'NONE',  ( 91.70000000000000284, 4.052132500626949962, -10.19999999999999929 ) ) ;
#494 = EDGE_CURVE ( 'NONE', #42, #867, #1807, .T. ) ;
#495 = DIRECTION ( 'NONE',  ( -0.000000000000000000, 0.000000000000000000, -1.000000000000000000 ) ) ;
#496 = VERTEX_POINT ( 'NONE', #527 ) ;
#497 = ORIENTED_EDGE ( 'NONE', *, *, #2134, .F. ) ;
#498 = AXIS2_PLACEMENT_3D ( 'NONE', #624, #2079, #275 ) ;
#499 = CARTESIAN_POINT ( 'NONE',  ( 10.00000000000000000, 4.052132500626949962, -10.19899999999999984 ) ) ;
#500 = DIRECTION ( 'NONE',  ( -1.000000000000000000, 0.000000000000000000, 0.000000000000000000 ) ) ;
#501 = AXIS2_PLACEMENT_3D ( 'NONE', #948, #1671, #1491 ) ;
#502 = CARTESIAN_POINT ( 'NONE',  ( 15.00000000000000000, 33.00000000000000000, -27.39999999999999858 ) ) ;
#503 = VECTOR ( 'NONE', #2131, 1000.000000000000114 ) ;
#504 = CARTESIAN_POINT ( 'NONE',  ( 8.267949192431119698, 1.052132500626948186, -24.39999999999999858 ) ) ;
#505 = CIRCLE ( 'NONE', #1267, 1.700000000000000178 ) ;
#506 = CARTESIAN_POINT ( 'NONE',  ( 91.73205080756886787, 1.052132500626953959, -24.39999999999999858 ) ) ;
#507 = EDGE_CURVE ( 'NONE', #957, #1504, #1434, .T. ) ;
#508 = VECTOR ( 'NONE', #554, 1000.000000000000000 ) ;
#509 = DIRECTION ( 'NONE',  ( -0.000000000000000000, -0.000000000000000000, 1.000000000000000000 ) ) ;
#510 = EDGE_CURVE ( 'NONE', #894, #907, #682, .T. ) ;
#511 = VECTOR ( 'NONE', #1285, 1000.000000000000227 ) ;
#512 = EDGE_LOOP ( 'NONE', ( #626, #556 ) ) ;
#513 = CARTESIAN_POINT ( 'NONE',  ( 82.80000000000001137, 29.00000000000000355, -25.64999999999999858 ) ) ;
#514 = PLANE ( 'NONE',  #891 ) ;
#515 = CARTESIAN_POINT ( 'NONE',  ( 30.25000000000000355, 29.00000000000000000, -27.39999999999999858 ) ) ;
#516 = VERTEX_POINT ( 'NONE', #692 ) ;
#517 = CIRCLE ( 'NONE', #1848, 3.499999999999999556 ) ;
#518 = LINE ( 'NONE', #1053, #1977 ) ;
#519 = FACE_OUTER_BOUND ( 'NONE', #2085, .T. ) ;
#520 = APPLICATION_CONTEXT ( 'automotive_design' ) ;
#521 = CARTESIAN_POINT ( 'NONE',  ( 62.39997735166938497, 3.999999999999997335, -27.39999999999999858 ) ) ;
#522 = EDGE_CURVE ( 'NONE', #1324, #1101, #1409, .T. ) ;
#523 = DIRECTION ( 'NONE',  ( 0.5000000000000003331, -0.8660254037844384856, 0.000000000000000000 ) ) ;
#524 = EDGE_LOOP ( 'NONE', ( #2065, #489 ) ) ;
#525 = CARTESIAN_POINT ( 'NONE',  ( 8.267949192431121475, 7.052132500626953515, -24.39999999999999858 ) ) ;
#526 = EDGE_CURVE ( 'NONE', #416, #224, #356, .T. ) ;
#527 = CARTESIAN_POINT ( 'NONE',  ( 66.69997735166937503, 3.999999999999997335, -10.19999999999999929 ) ) ;
#528 = FACE_OUTER_BOUND ( 'NONE', #1330, .T. ) ;
#529 = ORIENTED_EDGE ( 'NONE', *, *, #388, .F. ) ;
#530 = CARTESIAN_POINT ( 'NONE',  ( 13.29999999999999893, 13.99999999999999822, -27.39999999999999858 ) ) ;
#531 = LINE ( 'NONE', #1651, #1272 ) ;
#532 = DIRECTION ( 'NONE',  ( -0.5000000000000003331, -0.8660254037844383745, 0.000000000000000000 ) ) ;
#533 = DIRECTION ( 'NONE',  ( -1.000000000000000000, 0.000000000000000000, 0.000000000000000000 ) ) ;
#534 = PLANE ( 'NONE',  #1954 ) ;
#535 = EDGE_LOOP ( 'NONE', ( #1288, #1894 ) ) ;
#536 = PLANE ( 'NONE',  #738 ) ;
#537 = CARTESIAN_POINT ( 'NONE',  ( 30.25000000000000355, 29.00000000000000000, -20.39899999999999736 ) ) ;
#538 = CYLINDRICAL_SURFACE ( 'NONE', #1379, 2.600000000000004974 ) ;
#539 = VERTEX_POINT ( 'NONE', #1397 ) ;
#540 = EDGE_CURVE ( 'NONE', #1126, #1681, #2132, .T. ) ;
#541 = DIRECTION ( 'NONE',  ( -1.000000000000000000, 0.000000000000000000, 0.000000000000000000 ) ) ;
#542 = EDGE_LOOP ( 'NONE', ( #970, #2090 ) ) ;
#543 = CIRCLE ( 'NONE', #1034, 6.550000000000000711 ) ;
#544 = EDGE_CURVE ( 'NONE', #1869, #976, #438, .T. ) ;
#545 = DIRECTION ( 'NONE',  ( 0.5000000000000002220, -0.8660254037844384856, 0.000000000000000000 ) ) ;
#546 = DIRECTION ( 'NONE',  ( -0.4999999999999998890, 0.8660254037844385966, 0.000000000000000000 ) ) ;
#547 = VECTOR ( 'NONE', #557, 1000.000000000000000 ) ;
#548 = AXIS2_PLACEMENT_3D ( 'NONE', #1931, #2288, #2311 ) ;
#549 = CARTESIAN_POINT ( 'NONE',  ( 10.00000000000000000, 4.052132500626949962, -24.39999999999999858 ) ) ;
#550 = EDGE_LOOP ( 'NONE', ( #1706, #1791, #49, #1632 ) ) ;
#551 = AXIS2_PLACEMENT_3D ( 'NONE', #1235, #1939, #138 ) ;
#552 = DIRECTION ( 'NONE',  ( -0.8660254037844388186, -0.4999999999999997224, 0.000000000000000000 ) ) ;
#553 = CARTESIAN_POINT ( 'NONE',  ( 55.00000000000000711, 29.00000000000000000, -20.39899999999999736 ) ) ;
#554 = DIRECTION ( 'NONE',  ( -1.000000000000000000, 0.000000000000000000, 0.000000000000000000 ) ) ;
#555 = CIRCLE ( 'NONE', #1765, 1.699999999999993072 ) ;
#556 = ORIENTED_EDGE ( 'NONE', *, *, #1545, .T. ) ;
#557 = DIRECTION ( 'NONE',  ( -0.000000000000000000, -0.000000000000000000, 1.000000000000000000 ) ) ;
#558 = EDGE_LOOP ( 'NONE', ( #1911, #1478, #2279, #2226 ) ) ;
#559 = ADVANCED_FACE ( 'NONE', ( #896, #1258 ), #1630, .T. ) ;
#560 = CARTESIAN_POINT ( 'NONE',  ( 86.53589838486225005, 4.052132500626946410, -24.39999999999999858 ) ) ;
#561 = CARTESIAN_POINT ( 'NONE',  ( 8.267949192431119698, 1.052132500626948186, -24.39999999999999858 ) ) ;
#562 = EDGE_CURVE ( 'NONE', #994, #365, #207, .T. ) ;
#563 = CARTESIAN_POINT ( 'NONE',  ( 0.000000000000000000, 0.000000000000000000, -10.19999999999999929 ) ) ;
#564 = EDGE_LOOP ( 'NONE', ( #747, #2229 ) ) ;
#565 = CARTESIAN_POINT ( 'NONE',  ( 11.53589838486224117, 44.00000000000000711, -23.39999999999999858 ) ) ;
#566 = DIRECTION ( 'NONE',  ( 0.000000000000000000, 0.000000000000000000, 1.000000000000000000 ) ) ;
#567 = FACE_OUTER_BOUND ( 'NONE', #1650, .T. ) ;
#568 = ORIENTED_EDGE ( 'NONE', *, *, #961, .F. ) ;
#569 = FACE_OUTER_BOUND ( 'NONE', #1861, .T. ) ;
#570 = DIRECTION ( 'NONE',  ( -0.000000000000000000, -0.000000000000000000, 1.000000000000000000 ) ) ;
#571 = EDGE_CURVE ( 'NONE', #1841, #1526, #1319, .T. ) ;
#572 = LINE ( 'NONE', #1638, #464 ) ;
#573 = ORIENTED_EDGE ( 'NONE', *, *, #1137, .T. ) ;
#574 =( NAMED_UNIT ( * ) SI_UNIT ( $, .STERADIAN. ) SOLID_ANGLE_UNIT ( ) );
#575 = CARTESIAN_POINT ( 'NONE',  ( 0.000000000000000000, 25.00000000000000000, -20.39999999999999858 ) ) ;
#576 = DIRECTION ( 'NONE',  ( 0.000000000000000000, 0.000000000000000000, -1.000000000000000000 ) ) ;
#577 = VERTEX_POINT ( 'NONE', #50 ) ;
#578 = VECTOR ( 'NONE', #823, 1000.000000000000000 ) ;
#579 = ORIENTED_EDGE ( 'NONE', *, *, #1076, .F. ) ;
#580 = CARTESIAN_POINT ( 'NONE',  ( 55.00000000000000711, 29.00000000000000000, -20.39899999999999736 ) ) ;
#581 = VECTOR ( 'NONE', #1804, 1000.000000000000000 ) ;
#582 = FACE_OUTER_BOUND ( 'NONE', #31, .T. ) ;
#583 = CARTESIAN_POINT ( 'NONE',  ( 16.73205080756887853, 16.99999999999999645, -23.39999999999999858 ) ) ;
#584 = VECTOR ( 'NONE', #541, 1000.000000000000000 ) ;
#585 = EDGE_CURVE ( 'NONE', #496, #1746, #1840, .T. ) ;
#586 = ORIENTED_EDGE ( 'NONE', *, *, #485, .T. ) ;
#587 = DIRECTION ( 'NONE',  ( 0.8660254037844387076, 0.4999999999999998335, -0.000000000000000000 ) ) ;
#588 = EDGE_CURVE ( 'NONE', #42, #98, #1414, .T. ) ;
#589 = VERTEX_POINT ( 'NONE', #2195 ) ;
#590 = ORIENTED_EDGE ( 'NONE', *, *, #1720, .F. ) ;
#591 = VECTOR ( 'NONE', #1035, 1000.000000000000000 ) ;
#592 = ORIENTED_EDGE ( 'NONE', *, *, #2277, .F. ) ;
#593 = VECTOR ( 'NONE', #1730, 1000.000000000000000 ) ;
#594 = AXIS2_PLACEMENT_3D ( 'NONE', #2204, #587, #968 ) ;
#595 = DIRECTION ( 'NONE',  ( 0.000000000000000000, 0.000000000000000000, -1.000000000000000000 ) ) ;
#596 = DIRECTION ( 'NONE',  ( -0.000000000000000000, -0.000000000000000000, 1.000000000000000000 ) ) ;
#597 = VERTEX_POINT ( 'NONE', #954 ) ;
#598 = CARTESIAN_POINT ( 'NONE',  ( 11.73205080756887675, 1.052132500626948186, -27.39999999999999858 ) ) ;
#599 = ORIENTED_EDGE ( 'NONE', *, *, #1291, .F. ) ;
#600 = CARTESIAN_POINT ( 'NONE',  ( 15.00000000000000000, 29.00000000000000000, -20.39999999999999858 ) ) ;
#601 = VERTEX_POINT ( 'NONE', #214 ) ;
#602 = EDGE_LOOP ( 'NONE', ( #403, #966 ) ) ;
#603 = EDGE_CURVE ( 'NONE', #1904, #623, #1125, .T. ) ;
#604 = ORIENTED_EDGE ( 'NONE', *, *, #748, .T. ) ;
#605 = CYLINDRICAL_SURFACE ( 'NONE', #1192, 2.600000000000004974 ) ;
#606 = PLANE ( 'NONE',  #1158 ) ;
#607 = PRODUCT_DEFINITION_SHAPE ( 'NONE', 'NONE',  #2036 ) ;
#608 = VERTEX_POINT ( 'NONE', #62 ) ;
#609 = DIRECTION ( 'NONE',  ( -0.000000000000000000, -0.000000000000000000, -1.000000000000000000 ) ) ;
#610 = VERTEX_POINT ( 'NONE', #575 ) ;
#611 = LINE ( 'NONE', #1170, #236 ) ;
#612 = ORIENTED_EDGE ( 'NONE', *, *, #2056, .T. ) ;
#613 = ORIENTED_EDGE ( 'NONE', *, *, #806, .F. ) ;
#614 = EDGE_LOOP ( 'NONE', ( #262, #2015, #371, #829 ) ) ;
#615 = ORIENTED_EDGE ( 'NONE', *, *, #1497, .F. ) ;
#616 = EDGE_CURVE ( 'NONE', #1489, #1494, #18, .T. ) ;
#617 = DIRECTION ( 'NONE',  ( 0.000000000000000000, -0.000000000000000000, 1.000000000000000000 ) ) ;
#618 = EDGE_CURVE ( 'NONE', #1809, #1324, #1728, .T. ) ;
#619 = ORIENTED_EDGE ( 'NONE', *, *, #1672, .F. ) ;
#620 = AXIS2_PLACEMENT_3D ( 'NONE', #991, #444, #1343 ) ;
#621 = CARTESIAN_POINT ( 'NONE',  ( 67.59997735166939492, 3.999999999999997335, -20.39999999999999858 ) ) ;
#622 = CIRCLE ( 'NONE', #1946, 6.550000000000000711 ) ;
#623 = VERTEX_POINT ( 'NONE', #1831 ) ;
#624 = CARTESIAN_POINT ( 'NONE',  ( 13.26794919243112858, 10.99999999999999645, -23.39999999999999858 ) ) ;
#625 = VECTOR ( 'NONE', #1838, 999.9999999999998863 ) ;
#626 = ORIENTED_EDGE ( 'NONE', *, *, #806, .T. ) ;
#627 = EDGE_LOOP ( 'NONE', ( #446, #1183, #1863, #1383, #972, #443, #85, #652, #458, #227 ) ) ;
#628 = ORIENTED_EDGE ( 'NONE', *, *, #712, .F. ) ;
#629 = CARTESIAN_POINT ( 'NONE',  ( 18.46410161513775705, 13.99999999999999645, -20.39999999999999858 ) ) ;
#630 = CARTESIAN_POINT ( 'NONE',  ( 16.73205080756887853, 40.99999999999998579, -23.39999999999999858 ) ) ;
#631 = VECTOR ( 'NONE', #1444, 1000.000000000000000 ) ;
#632 = AXIS2_PLACEMENT_3D ( 'NONE', #1576, #1197, #2271 ) ;
#633 = EDGE_LOOP ( 'NONE', ( #265, #1148, #847, #255 ) ) ;
#634 = DIRECTION ( 'NONE',  ( -1.000000000000000000, 0.000000000000000000, 0.000000000000000000 ) ) ;
#635 = ADVANCED_FACE ( 'NONE', ( #764 ), #238, .F. ) ;
#636 = DIRECTION ( 'NONE',  ( 1.000000000000000000, 0.000000000000000000, 0.000000000000000000 ) ) ;
#637 = CARTESIAN_POINT ( 'NONE',  ( 79.75000000000001421, 29.00000000000000355, -20.39899999999999736 ) ) ;
#638 = ORIENTED_EDGE ( 'NONE', *, *, #218, .T. ) ;
#639 = ORIENTED_EDGE ( 'NONE', *, *, #845, .F. ) ;
#640 = ORIENTED_EDGE ( 'NONE', *, *, #405, .T. ) ;
#641 = DIRECTION ( 'NONE',  ( -0.5000000000000001110, 0.8660254037844384856, 0.000000000000000000 ) ) ;
#642 = FACE_OUTER_BOUND ( 'NONE', #2206, .T. ) ;
#643 = VERTEX_POINT ( 'NONE', #2213 ) ;
#644 = CARTESIAN_POINT ( 'NONE',  ( 16.69999999999999929, 44.00000000000000000, -27.39999999999999858 ) ) ;
#645 = CARTESIAN_POINT ( 'NONE',  ( 51.50000000000000711, 29.00000000000000000, -25.64999999999999858 ) ) ;
#646 = CARTESIAN_POINT ( 'NONE',  ( 33.75000000000000000, 29.00000000000000000, -27.39999999999999858 ) ) ;
#647 = EDGE_CURVE ( 'NONE', #729, #608, #1679, .T. ) ;
#648 = ORIENTED_EDGE ( 'NONE', *, *, #906, .T. ) ;
#649 = DIRECTION ( 'NONE',  ( -0.000000000000000000, -0.000000000000000000, -1.000000000000000000 ) ) ;
#650 = CYLINDRICAL_SURFACE ( 'NONE', #743, 1.700000000000000178 ) ;
#651 = FACE_OUTER_BOUND ( 'NONE', #1162, .T. ) ;
#652 = ORIENTED_EDGE ( 'NONE', *, *, #2134, .T. ) ;
#653 = DIRECTION ( 'NONE',  ( 1.000000000000000000, 0.000000000000000000, 0.000000000000000000 ) ) ;
#654 = CARTESIAN_POINT ( 'NONE',  ( 15.00000000000000000, 29.00000000000000000, -20.39899999999999736 ) ) ;
#655 = VECTOR ( 'NONE', #185, 1000.000000000000000 ) ;
#656 = EDGE_CURVE ( 'NONE', #224, #416, #1310, .T. ) ;
#657 = DIRECTION ( 'NONE',  ( 1.000000000000000000, 0.000000000000000000, 0.000000000000000000 ) ) ;
#658 = ORIENTED_EDGE ( 'NONE', *, *, #440, .T. ) ;
#659 = AXIS2_PLACEMENT_3D ( 'NONE', #758, #1302, #2208 ) ;
#660 = FACE_OUTER_BOUND ( 'NONE', #16, .T. ) ;
#661 = ADVANCED_FACE ( 'NONE', ( #1099 ), #1308, .F. ) ;
#662 = LINE ( 'NONE', #121, #593 ) ;
#663 = VECTOR ( 'NONE', #570, 1000.000000000000000 ) ;
#664 = FACE_OUTER_BOUND ( 'NONE', #1057, .T. ) ;
#665 = ORIENTED_EDGE ( 'NONE', *, *, #2098, .F. ) ;
#666 = VECTOR ( 'NONE', #1960, 1000.000000000000000 ) ;
#667 = CARTESIAN_POINT ( 'NONE',  ( 16.69999999999999929, 44.00000000000000000, -23.39999999999999858 ) ) ;
#668 = DIRECTION ( 'NONE',  ( 0.000000000000000000, 0.000000000000000000, -1.000000000000000000 ) ) ;
#669 = AXIS2_PLACEMENT_3D ( 'NONE', #354, #1762, #141 ) ;
#670 = CARTESIAN_POINT ( 'NONE',  ( 36.70002264833060224, 4.052132500626949962, -10.19999999999999929 ) ) ;
#671 = ADVANCED_FACE ( 'NONE', ( #1818 ), #790, .F. ) ;
#672 = ORIENTED_EDGE ( 'NONE', *, *, #2257, .T. ) ;
#673 = DIRECTION ( 'NONE',  ( 0.000000000000000000, 0.000000000000000000, -1.000000000000000000 ) ) ;
#674 = DIRECTION ( 'NONE',  ( -0.000000000000000000, -0.000000000000000000, 1.000000000000000000 ) ) ;
#675 = EDGE_CURVE ( 'NONE', #163, #1316, #1921, .T. ) ;
#676 = FACE_BOUND ( 'NONE', #1992, .T. ) ;
#677 = FACE_OUTER_BOUND ( 'NONE', #461, .T. ) ;
#678 = CARTESIAN_POINT ( 'NONE',  ( 100.0000000000000000, 28.00000000000000000, -20.39999999999999858 ) ) ;
#679 = FACE_OUTER_BOUND ( 'NONE', #550, .T. ) ;
#680 = ORIENTED_EDGE ( 'NONE', *, *, #935, .T. ) ;
#681 = DIRECTION ( 'NONE',  ( 0.000000000000000000, 0.000000000000000000, -1.000000000000000000 ) ) ;
#682 = LINE ( 'NONE', #150, #2110 ) ;
#683 = PLANE ( 'NONE',  #387 ) ;
#684 = EDGE_CURVE ( 'NONE', #976, #1869, #1200, .T. ) ;
#685 = LINE ( 'NONE', #901, #101 ) ;
#686 = DIRECTION ( 'NONE',  ( 0.000000000000000000, 0.000000000000000000, -1.000000000000000000 ) ) ;
#687 = ADVANCED_FACE ( 'NONE', ( #189 ), #1854, .F. ) ;
#688 = CARTESIAN_POINT ( 'NONE',  ( 13.46410161513775883, 4.052132500626954403, -27.39999999999999858 ) ) ;
#689 = ORIENTED_EDGE ( 'NONE', *, *, #618, .F. ) ;
#690 = VECTOR ( 'NONE', #441, 1000.000000000000000 ) ;
#691 = LINE ( 'NONE', #1604, #471 ) ;
#692 = CARTESIAN_POINT ( 'NONE',  ( 0.000000000000000000, 48.00000000000000000, -27.39999999999999858 ) ) ;
#693 = AXIS2_PLACEMENT_3D ( 'NONE', #1390, #1349, #100 ) ;
#694 = DIRECTION ( 'NONE',  ( -0.000000000000000000, -0.000000000000000000, -1.000000000000000000 ) ) ;
#695 = AXIS2_PLACEMENT_3D ( 'NONE', #2122, #481, #290 ) ;
#696 = ADVANCED_FACE ( 'NONE', ( #1123 ), #1331, .F. ) ;
#697 = PLANE ( 'NONE',  #1202 ) ;
#698 = CARTESIAN_POINT ( 'NONE',  ( 93.46410161513773573, 4.052132500626941081, -24.39999999999999858 ) ) ;
#699 = EDGE_CURVE ( 'NONE', #539, #597, #980, .T. ) ;
#700 = DIRECTION ( 'NONE',  ( 0.000000000000000000, 0.000000000000000000, -1.000000000000000000 ) ) ;
#701 = AXIS2_PLACEMENT_3D ( 'NONE', #1501, #1843, #741 ) ;
#702 = CARTESIAN_POINT ( 'NONE',  ( 11.73205080756888385, 7.052132500626952627, -24.39999999999999858 ) ) ;
#703 = VECTOR ( 'NONE', #1485, 1000.000000000000000 ) ;
#704 = ORIENTED_EDGE ( 'NONE', *, *, #1826, .F. ) ;
#705 = CARTESIAN_POINT ( 'NONE',  ( 16.73205080756887142, 47.00000000000000711, -20.39999999999999858 ) ) ;
#706 = CYLINDRICAL_SURFACE ( 'NONE', #1917, 2.600000000000004974 ) ;
#707 = ORIENTED_EDGE ( 'NONE', *, *, #1106, .T. ) ;
#708 = CARTESIAN_POINT ( 'NONE',  ( 35.00002264833060650, 4.052132500626949962, -20.39999999999999858 ) ) ;
#709 = FACE_OUTER_BOUND ( 'NONE', #2207, .T. ) ;
#710 = LINE ( 'NONE', #2162, #2217 ) ;
#711 = DIRECTION ( 'NONE',  ( 0.000000000000000000, 0.000000000000000000, -1.000000000000000000 ) ) ;
#712 = EDGE_CURVE ( 'NONE', #2240, #2081, #454, .T. ) ;
#713 = DIRECTION ( 'NONE',  ( 0.000000000000000000, -0.000000000000000000, 1.000000000000000000 ) ) ;
#714 = ORIENTED_EDGE ( 'NONE', *, *, #571, .F. ) ;
#715 = DIRECTION ( 'NONE',  ( 0.000000000000000000, 0.000000000000000000, -1.000000000000000000 ) ) ;
#716 = DIRECTION ( 'NONE',  ( -1.000000000000000000, 0.000000000000000000, 0.000000000000000000 ) ) ;
#717 = CARTESIAN_POINT ( 'NONE',  ( 72.75000000000001421, 29.00000000000000355, -25.64999999999999858 ) ) ;
#718 = ORIENTED_EDGE ( 'NONE', *, *, #1879, .F. ) ;
#719 = LINE ( 'NONE', #8, #547 ) ;
#720 = DIRECTION ( 'NONE',  ( -0.000000000000000000, -0.000000000000000000, 1.000000000000000000 ) ) ;
#721 = CARTESIAN_POINT ( 'NONE',  ( 13.46410161513775883, 4.052132500626954403, -24.39999999999999858 ) ) ;
#722 = DIRECTION ( 'NONE',  ( -1.000000000000000000, 0.000000000000000000, 0.000000000000000000 ) ) ;
#723 = CARTESIAN_POINT ( 'NONE',  ( 11.53589838486224473, 14.00000000000000178, -23.39999999999999858 ) ) ;
#724 = ORIENTED_EDGE ( 'NONE', *, *, #699, .T. ) ;
#725 = EDGE_CURVE ( 'NONE', #608, #75, #254, .T. ) ;
#726 = DIRECTION ( 'NONE',  ( 0.000000000000000000, 0.000000000000000000, -1.000000000000000000 ) ) ;
#727 = LINE ( 'NONE', #1450, #127 ) ;
#728 = AXIS2_PLACEMENT_3D ( 'NONE', #2193, #2342, #889 ) ;
#729 = VERTEX_POINT ( 'NONE', #1703 ) ;
#730 = DIRECTION ( 'NONE',  ( -0.000000000000000000, -0.000000000000000000, 1.000000000000000000 ) ) ;
#731 = EDGE_CURVE ( 'NONE', #2242, #108, #800, .T. ) ;
#732 = VECTOR ( 'NONE', #2096, 1000.000000000000000 ) ;
#733 = AXIS2_PLACEMENT_3D ( 'NONE', #998, #851, #2281 ) ;
#734 = CARTESIAN_POINT ( 'NONE',  ( 62.39997735166938497, 3.999999999999997335, -20.39999999999999858 ) ) ;
#735 = CARTESIAN_POINT ( 'NONE',  ( 32.40002264833059797, 4.052132500626949962, -20.39999999999999858 ) ) ;
#736 = AXIS2_PLACEMENT_3D ( 'NONE', #300, #1028, #1206 ) ;
#737 = DIRECTION ( 'NONE',  ( -0.000000000000000000, 0.000000000000000000, 1.000000000000000000 ) ) ;
#738 = AXIS2_PLACEMENT_3D ( 'NONE', #1122, #1817, #753 ) ;
#739 = ORIENTED_EDGE ( 'NONE', *, *, #2231, .T. ) ;
#740 = VECTOR ( 'NONE', #1072, 1000.000000000000114 ) ;
#741 = DIRECTION ( 'NONE',  ( 1.000000000000000000, 0.000000000000000000, 0.000000000000000000 ) ) ;
#742 = LINE ( 'NONE', #1465, #437 ) ;
#743 = AXIS2_PLACEMENT_3D ( 'NONE', #77, #1347, #805 ) ;
#744 = EDGE_CURVE ( 'NONE', #416, #359, #1522, .T. ) ;
#745 = AXIS2_PLACEMENT_3D ( 'NONE', #1957, #720, #346 ) ;
#746 = ORIENTED_EDGE ( 'NONE', *, *, #748, .F. ) ;
#747 = ORIENTED_EDGE ( 'NONE', *, *, #374, .T. ) ;
#748 = EDGE_CURVE ( 'NONE', #1782, #2223, #843, .T. ) ;
#749 = DIRECTION ( 'NONE',  ( 1.000000000000000000, 0.000000000000000000, 0.000000000000000000 ) ) ;
#750 = CARTESIAN_POINT ( 'NONE',  ( 16.73205080756887853, 16.99999999999999645, -23.39999999999999858 ) ) ;
#751 = DIRECTION ( 'NONE',  ( -1.000000000000000000, 0.000000000000000000, 0.000000000000000000 ) ) ;
#752 = ORIENTED_EDGE ( 'NONE', *, *, #830, .T. ) ;
#753 = DIRECTION ( 'NONE',  ( 0.000000000000000000, -0.000000000000000000, -1.000000000000000000 ) ) ;
#754 = DIRECTION ( 'NONE',  ( 1.000000000000000000, 0.000000000000000000, 0.000000000000000000 ) ) ;
#755 = CARTESIAN_POINT ( 'NONE',  ( 33.75000000000000000, 29.00000000000000000, -20.39999999999999858 ) ) ;
#756 = ORIENTED_EDGE ( 'NONE', *, *, #2020, .F. ) ;
#757 = VERTEX_POINT ( 'NONE', #812 ) ;
#758 = CARTESIAN_POINT ( 'NONE',  ( 33.75000000000000000, 29.00000000000000000, -25.64999999999999858 ) ) ;
#759 = ADVANCED_FACE ( 'NONE', ( #2251 ), #2267, .F. ) ;
#760 = CARTESIAN_POINT ( 'NONE',  ( 88.26794919243111792, 1.052132500626954625, -24.39999999999999858 ) ) ;
#761 = LINE ( 'NONE', #583, #2211 ) ;
#762 = EDGE_CURVE ( 'NONE', #1987, #643, #611, .T. ) ;
#763 = ORIENTED_EDGE ( 'NONE', *, *, #1050, .F. ) ;
#764 = FACE_OUTER_BOUND ( 'NONE', #2051, .T. ) ;
#765 = ORIENTED_EDGE ( 'NONE', *, *, #1586, .T. ) ;
#766 = VERTEX_POINT ( 'NONE', #1355 ) ;
#767 = ORIENTED_EDGE ( 'NONE', *, *, #1213, .T. ) ;
#768 = FACE_OUTER_BOUND ( 'NONE', #1565, .T. ) ;
#769 = VECTOR ( 'NONE', #196, 1000.000000000000000 ) ;
#770 = DIRECTION ( 'NONE',  ( -0.000000000000000000, -0.000000000000000000, -1.000000000000000000 ) ) ;
#771 = ORIENTED_EDGE ( 'NONE', *, *, #731, .T. ) ;
#772 = ADVANCED_FACE ( 'NONE', ( #1537 ), #904, .F. ) ;
#773 = DIRECTION ( 'NONE',  ( 1.000000000000000000, 0.000000000000000000, 0.000000000000000000 ) ) ;
#774 = CIRCLE ( 'NONE', #51, 1.700000000000000178 ) ;
#775 = VECTOR ( 'NONE', #2127, 1000.000000000000000 ) ;
#776 = EDGE_CURVE ( 'NONE', #516, #1101, #1270, .T. ) ;
#777 = EDGE_LOOP ( 'NONE', ( #415, #680, #344, #1161 ) ) ;
#778 = AXIS2_PLACEMENT_3D ( 'NONE', #1464, #225, #754 ) ;
#779 = CARTESIAN_POINT ( 'NONE',  ( 76.25000000000001421, 29.00000000000000355, -25.64999999999999858 ) ) ;
#780 = ORIENTED_EDGE ( 'NONE', *, *, #1095, .F. ) ;
#781 = ORIENTED_EDGE ( 'NONE', *, *, #417, .T. ) ;
#782 = AXIS2_PLACEMENT_3D ( 'NONE', #1394, #2286, #2318 ) ;
#783 = ORIENTED_EDGE ( 'NONE', *, *, #1575, .F. ) ;
#784 = CARTESIAN_POINT ( 'NONE',  ( 11.53589838486224117, 44.00000000000000711, -23.39999999999999858 ) ) ;
#785 = CARTESIAN_POINT ( 'NONE',  ( 91.73205080756886787, 1.052132500626953959, -24.39999999999999858 ) ) ;
#786 = ORIENTED_EDGE ( 'NONE', *, *, #1976, .F. ) ;
#787 = CARTESIAN_POINT ( 'NONE',  ( 86.53589838486225005, 4.052132500626946410, -24.39999999999999858 ) ) ;
#788 = ORIENTED_EDGE ( 'NONE', *, *, #1137, .F. ) ;
#789 = EDGE_CURVE ( 'NONE', #1321, #957, #572, .T. ) ;
#790 = PLANE ( 'NONE',  #594 ) ;
#791 = ORIENTED_EDGE ( 'NONE', *, *, #1322, .T. ) ;
#792 = VERTEX_POINT ( 'NONE', #521 ) ;
#793 = EDGE_CURVE ( 'NONE', #396, #2242, #914, .T. ) ;
#794 = ORIENTED_EDGE ( 'NONE', *, *, #1376, .T. ) ;
#795 = FACE_OUTER_BOUND ( 'NONE', #2142, .T. ) ;
#796 = CARTESIAN_POINT ( 'NONE',  ( 16.73205080756887853, 40.99999999999998579, -23.39999999999999858 ) ) ;
#797 = ORIENTED_EDGE ( 'NONE', *, *, #1246, .T. ) ;
#798 = FACE_OUTER_BOUND ( 'NONE', #1154, .T. ) ;
#799 = ORIENTED_EDGE ( 'NONE', *, *, #1325, .T. ) ;
#800 = LINE ( 'NONE', #2238, #1487 ) ;
#801 = ORIENTED_EDGE ( 'NONE', *, *, #405, .F. ) ;
#802 = EDGE_LOOP ( 'NONE', ( #278, #61 ) ) ;
#803 = EDGE_CURVE ( 'NONE', #474, #1704, #1908, .T. ) ;
#804 = ORIENTED_EDGE ( 'NONE', *, *, #1234, .F. ) ;
#805 = DIRECTION ( 'NONE',  ( -1.000000000000000000, 0.000000000000000000, 0.000000000000000000 ) ) ;
#806 = EDGE_CURVE ( 'NONE', #1951, #1883, #1149, .T. ) ;
#807 = FACE_OUTER_BOUND ( 'NONE', #1806, .T. ) ;
#808 = EDGE_LOOP ( 'NONE', ( #1532, #1855, #1541, #1334 ) ) ;
#809 = CARTESIAN_POINT ( 'NONE',  ( 0.000000000000000000, 25.00000000000000000, -20.39899999999999736 ) ) ;
#810 = AXIS2_PLACEMENT_3D ( 'NONE', #1887, #23, #749 ) ;
#811 = ORIENTED_EDGE ( 'NONE', *, *, #407, .T. ) ;
#812 = CARTESIAN_POINT ( 'NONE',  ( 100.0000000000000000, 0.000000000000000000, -10.19999999999999929 ) ) ;
#813 = VECTOR ( 'NONE', #331, 1000.000000000000000 ) ;
#814 = ORIENTED_EDGE ( 'NONE', *, *, #1364, .F. ) ;
#815 = ORIENTED_EDGE ( 'NONE', *, *, #950, .F. ) ;
#816 = ORIENTED_EDGE ( 'NONE', *, *, #2139, .T. ) ;
#817 = DIRECTION ( 'NONE',  ( -1.000000000000000000, 0.000000000000000000, 0.000000000000000000 ) ) ;
#818 = DIRECTION ( 'NONE',  ( 0.000000000000000000, 0.000000000000000000, -1.000000000000000000 ) ) ;
#819 = CIRCLE ( 'NONE', #971, 2.600000000000004974 ) ;
#820 = EDGE_CURVE ( 'NONE', #994, #1694, #1283, .T. ) ;
#821 = AXIS2_PLACEMENT_3D ( 'NONE', #2013, #379, #1133 ) ;
#822 = ORIENTED_EDGE ( 'NONE', *, *, #522, .T. ) ;
#823 = DIRECTION ( 'NONE',  ( 0.000000000000000000, 0.000000000000000000, -1.000000000000000000 ) ) ;
#824 = CARTESIAN_POINT ( 'NONE',  ( 69.70000000000001705, 29.00000000000000355, -25.64999999999999858 ) ) ;
#825 = CARTESIAN_POINT ( 'NONE',  ( 37.25000000000000711, 29.00000000000000000, -27.39999999999999858 ) ) ;
#826 = ORIENTED_EDGE ( 'NONE', *, *, #494, .F. ) ;
#827 = CARTESIAN_POINT ( 'NONE',  ( 88.26794919243111792, 7.052132500626931311, -27.39999999999999858 ) ) ;
#828 = DIRECTION ( 'NONE',  ( 1.000000000000000000, 0.000000000000000000, 0.000000000000000000 ) ) ;
#829 = ORIENTED_EDGE ( 'NONE', *, *, #647, .T. ) ;
#830 = EDGE_CURVE ( 'NONE', #1181, #237, #1461, .T. ) ;
#831 = DIRECTION ( 'NONE',  ( -0.000000000000000000, 0.000000000000000000, -1.000000000000000000 ) ) ;
#832 = DIRECTION ( 'NONE',  ( 0.000000000000000000, 0.000000000000000000, -1.000000000000000000 ) ) ;
#833 = EDGE_CURVE ( 'NONE', #1075, #1395, #1443, .T. ) ;
#834 = DIRECTION ( 'NONE',  ( -0.5000000000000002220, -0.8660254037844384856, 0.000000000000000000 ) ) ;
#835 = VERTEX_POINT ( 'NONE', #1428 ) ;
#836 = LINE ( 'NONE', #1049, #1873 ) ;
#837 = DIRECTION ( 'NONE',  ( 1.000000000000000000, 0.000000000000000000, 0.000000000000000000 ) ) ;
#838 = CYLINDRICAL_SURFACE ( 'NONE', #733, 3.500000000000003109 ) ;
#839 = VERTEX_POINT ( 'NONE', #928 ) ;
#840 = CARTESIAN_POINT ( 'NONE',  ( 55.00000000000000711, 29.00000000000000000, -25.64999999999999858 ) ) ;
#841 = PLANE ( 'NONE',  #1453 ) ;
#842 = PRODUCT_RELATED_PRODUCT_CATEGORY ( 'part', '', ( #1323 ) ) ;
#843 = CIRCLE ( 'NONE', #620, 6.550000000000000711 ) ;
#844 = VECTOR ( 'NONE', #2307, 1000.000000000000000 ) ;
#845 = EDGE_CURVE ( 'NONE', #983, #2059, #876, .T. ) ;
#846 = ORIENTED_EDGE ( 'NONE', *, *, #917, .F. ) ;
#847 = ORIENTED_EDGE ( 'NONE', *, *, #417, .F. ) ;
#848 = DIRECTION ( 'NONE',  ( 0.000000000000000000, 0.000000000000000000, -1.000000000000000000 ) ) ;
#849 = CARTESIAN_POINT ( 'NONE',  ( 79.75000000000001421, 29.00000000000000355, -25.64999999999999858 ) ) ;
#850 = AXIS2_PLACEMENT_3D ( 'NONE', #1282, #2340, #1597 ) ;
#851 = DIRECTION ( 'NONE',  ( 0.000000000000000000, 0.000000000000000000, -1.000000000000000000 ) ) ;
#852 = AXIS2_PLACEMENT_3D ( 'NONE', #1631, #1296, #2026 ) ;
#853 = CARTESIAN_POINT ( 'NONE',  ( 6.535898384862242949, 4.052132500626949962, -24.39999999999999858 ) ) ;
#854 = FACE_OUTER_BOUND ( 'NONE', #627, .T. ) ;
#855 = AXIS2_PLACEMENT_3D ( 'NONE', #1718, #110, #1708 ) ;
#856 = AXIS2_PLACEMENT_3D ( 'NONE', #1800, #1078, #1811 ) ;
#857 = ORIENTED_EDGE ( 'NONE', *, *, #473, .T. ) ;
#858 = VERTEX_POINT ( 'NONE', #1969 ) ;
#859 = EDGE_CURVE ( 'NONE', #1845, #1525, #2328, .T. ) ;
#860 = CARTESIAN_POINT ( 'NONE',  ( 15.00000000000000000, 44.00000000000000000, -23.39999999999999858 ) ) ;
#861 = CARTESIAN_POINT ( 'NONE',  ( 0.000000000000000000, 25.00000000000000000, -20.39999999999999858 ) ) ;
#862 = DIRECTION ( 'NONE',  ( -0.000000000000000000, -0.000000000000000000, 1.000000000000000000 ) ) ;
#863 = ADVANCED_FACE ( 'NONE', ( #13 ), #1292, .F. ) ;
#864 = CARTESIAN_POINT ( 'NONE',  ( 100.0000000000000000, 0.000000000000000000, -27.39999999999999858 ) ) ;
#865 = CYLINDRICAL_SURFACE ( 'NONE', #1039, 3.500000000000003109 ) ;
#866 = DIRECTION ( 'NONE',  ( 1.000000000000000000, 0.000000000000000000, 0.000000000000000000 ) ) ;
#867 = VERTEX_POINT ( 'NONE', #1442 ) ;
#868 = CARTESIAN_POINT ( 'NONE',  ( 18.46410161513775705, 43.99999999999999289, -23.39999999999999858 ) ) ;
#869 = CARTESIAN_POINT ( 'NONE',  ( 33.75000000000000000, 29.00000000000000000, -25.64999999999999858 ) ) ;
#870 = ADVANCED_FACE ( 'NONE', ( #2152 ), #2000, .F. ) ;
#871 = DIRECTION ( 'NONE',  ( -1.000000000000000000, 0.000000000000000000, 0.000000000000000000 ) ) ;
#872 = EDGE_CURVE ( 'NONE', #1386, #1602, #1984, .T. ) ;
#873 = LINE ( 'NONE', #2150, #1523 ) ;
#874 = PLANE ( 'NONE',  #1004 ) ;
#875 = VECTOR ( 'NONE', #2126, 1000.000000000000000 ) ;
#876 = LINE ( 'NONE', #1083, #1297 ) ;
#877 = DIRECTION ( 'NONE',  ( 0.000000000000000000, 1.000000000000000000, 0.000000000000000000 ) ) ;
#878 = ORIENTED_EDGE ( 'NONE', *, *, #1061, .T. ) ;
#879 = AXIS2_PLACEMENT_3D ( 'NONE', #809, #1509, #1533 ) ;
#880 = PLANE ( 'NONE',  #315 ) ;
#881 = CARTESIAN_POINT ( 'NONE',  ( 76.25000000000001421, 29.00000000000000355, -25.64999999999999858 ) ) ;
#882 = ORIENTED_EDGE ( 'NONE', *, *, #2025, .T. ) ;
#883 = CARTESIAN_POINT ( 'NONE',  ( 86.53589838486225005, 4.052132500626946410, -27.39999999999999858 ) ) ;
#884 = VECTOR ( 'NONE', #132, 1000.000000000000000 ) ;
#885 = DIRECTION ( 'NONE',  ( 0.4999999999999997224, -0.8660254037844388186, 0.000000000000000000 ) ) ;
#886 = EDGE_CURVE ( 'NONE', #1375, #1386, #2202, .T. ) ;
#887 = DIRECTION ( 'NONE',  ( -0.000000000000000000, -0.000000000000000000, 1.000000000000000000 ) ) ;
#888 = VECTOR ( 'NONE', #1916, 1000.000000000000000 ) ;
#889 = DIRECTION ( 'NONE',  ( -0.5000000000000002220, 0.8660254037844384856, 0.000000000000000000 ) ) ;
#890 = EDGE_CURVE ( 'NONE', #148, #1147, #1032, .T. ) ;
#891 = AXIS2_PLACEMENT_3D ( 'NONE', #2333, #1605, #2347 ) ;
#892 = DIRECTION ( 'NONE',  ( -0.8660254037844384856, -0.5000000000000003331, 0.000000000000000000 ) ) ;
#893 = AXIS2_PLACEMENT_3D ( 'NONE', #779, #943, #1667 ) ;
#894 = VERTEX_POINT ( 'NONE', #1055 ) ;
#895 = DIRECTION ( 'NONE',  ( -0.000000000000000000, -0.000000000000000000, -1.000000000000000000 ) ) ;
#896 = FACE_OUTER_BOUND ( 'NONE', #535, .T. ) ;
#897 = DIRECTION ( 'NONE',  ( -0.000000000000000000, -0.000000000000000000, -1.000000000000000000 ) ) ;
#898 = EDGE_LOOP ( 'NONE', ( #1514, #151 ) ) ;
#899 = DIRECTION ( 'NONE',  ( -0.000000000000000000, -0.000000000000000000, -1.000000000000000000 ) ) ;
#900 = EDGE_LOOP ( 'NONE', ( #1451, #2273 ) ) ;
#901 = CARTESIAN_POINT ( 'NONE',  ( 11.53589838486224117, 44.00000000000000711, -20.39999999999999858 ) ) ;
#902 = DIRECTION ( 'NONE',  ( -0.000000000000000000, -0.000000000000000000, -1.000000000000000000 ) ) ;
#903 = EDGE_CURVE ( 'NONE', #1321, #1880, #161, .T. ) ;
#904 = PLANE ( 'NONE',  #728 ) ;
#905 = CARTESIAN_POINT ( 'NONE',  ( 72.75000000000001421, 29.00000000000000355, -20.39899999999999736 ) ) ;
#906 = EDGE_CURVE ( 'NONE', #1101, #1845, #1626, .T. ) ;
#907 = VERTEX_POINT ( 'NONE', #1852 ) ;
#908 = DIRECTION ( 'NONE',  ( -0.000000000000000000, -0.000000000000000000, 1.000000000000000000 ) ) ;
#909 = CARTESIAN_POINT ( 'NONE',  ( 8.300000000000000711, 4.052132500626949962, -10.19999999999999929 ) ) ;
#910 = EDGE_LOOP ( 'NONE', ( #746, #756 ) ) ;
#911 = PLANE ( 'NONE',  #1790 ) ;
#912 = LINE ( 'NONE', #183, #1500 ) ;
#913 = CARTESIAN_POINT ( 'NONE',  ( 0.000000000000000000, 8.000000000000000000, -10.19999999999999929 ) ) ;
#914 = LINE ( 'NONE', #563, #769 ) ;
#915 = ORIENTED_EDGE ( 'NONE', *, *, #2115, .F. ) ;
#916 = CARTESIAN_POINT ( 'NONE',  ( 11.53589838486224117, 44.00000000000000711, -20.39999999999999858 ) ) ;
#917 = EDGE_CURVE ( 'NONE', #839, #1809, #1317, .T. ) ;
#918 = CARTESIAN_POINT ( 'NONE',  ( 35.00002264833060650, 4.052132500626949962, -10.19999999999999929 ) ) ;
#919 = DIRECTION ( 'NONE',  ( -0.4999999999999997224, 0.8660254037844388186, 0.000000000000000000 ) ) ;
#920 = AXIS2_PLACEMENT_3D ( 'NONE', #1416, #2354, #363 ) ;
#921 = ORIENTED_EDGE ( 'NONE', *, *, #1223, .F. ) ;
#922 = CARTESIAN_POINT ( 'NONE',  ( 93.46410161513773573, 4.052132500626941081, -24.39999999999999858 ) ) ;
#923 = EDGE_LOOP ( 'NONE', ( #2218, #878, #929, #1798 ) ) ;
#924 = AXIS2_PLACEMENT_3D ( 'NONE', #654, #668, #1928 ) ;
#925 = CARTESIAN_POINT ( 'NONE',  ( 80.00000000000000000, 48.00000000000000000, -20.39999999999999858 ) ) ;
#926 = CYLINDRICAL_SURFACE ( 'NONE', #15, 2.600000000000004974 ) ;
#927 = VECTOR ( 'NONE', #1257, 1000.000000000000000 ) ;
#928 = CARTESIAN_POINT ( 'NONE',  ( 100.0000000000000000, 28.00000000000000000, -27.39999999999999858 ) ) ;
#929 = ORIENTED_EDGE ( 'NONE', *, *, #1157, .T. ) ;
#930 = CIRCLE ( 'NONE', #551, 6.550000000000000711 ) ;
#931 = DIRECTION ( 'NONE',  ( -1.000000000000000000, 0.000000000000000000, 0.000000000000000000 ) ) ;
#932 = DIRECTION ( 'NONE',  ( 1.000000000000000000, 0.000000000000000000, 0.000000000000000000 ) ) ;
#933 = AXIS2_PLACEMENT_3D ( 'NONE', #1071, #908, #2183 ) ;
#934 = ORIENTED_EDGE ( 'NONE', *, *, #117, .T. ) ;
#935 = EDGE_CURVE ( 'NONE', #1572, #1845, #1889, .T. ) ;
#936 = ORIENTED_EDGE ( 'NONE', *, *, #205, .F. ) ;
#937 = EDGE_CURVE ( 'NONE', #1687, #1204, #1711, .T. ) ;
#938 = CYLINDRICAL_SURFACE ( 'NONE', #659, 6.550000000000000711 ) ;
#939 = LINE ( 'NONE', #796, #625 ) ;
#940 = DIRECTION ( 'NONE',  ( -0.000000000000000000, -1.000000000000000000, 0.000000000000000000 ) ) ;
#941 = VERTEX_POINT ( 'NONE', #251 ) ;
#942 = LINE ( 'NONE', #2003, #1042 ) ;
#943 = DIRECTION ( 'NONE',  ( 0.000000000000000000, 0.000000000000000000, 1.000000000000000000 ) ) ;
#944 = DIRECTION ( 'NONE',  ( -1.000000000000000000, 0.000000000000000000, 0.000000000000000000 ) ) ;
#945 = ORIENTED_EDGE ( 'NONE', *, *, #307, .F. ) ;
#946 = EDGE_LOOP ( 'NONE', ( #1236, #1245 ) ) ;
#947 = EDGE_CURVE ( 'NONE', #610, #1038, #962, .T. ) ;
#948 = CARTESIAN_POINT ( 'NONE',  ( 0.000000000000000000, 0.000000000000000000, -23.39999999999999858 ) ) ;
#949 = LINE ( 'NONE', #1315, #1456 ) ;
#950 = EDGE_CURVE ( 'NONE', #1701, #1745, #310, .T. ) ;
#951 = ORIENTED_EDGE ( 'NONE', *, *, #1770, .T. ) ;
#952 = CARTESIAN_POINT ( 'NONE',  ( 37.60002264833060792, 4.052132500626949962, -20.39999999999999858 ) ) ;
#953 = ORIENTED_EDGE ( 'NONE', *, *, #1744, .F. ) ;
#954 = CARTESIAN_POINT ( 'NONE',  ( 16.73205080756888208, 10.99999999999999822, -23.39999999999999858 ) ) ;
#955 = ORIENTED_EDGE ( 'NONE', *, *, #1325, .F. ) ;
#956 = ORIENTED_EDGE ( 'NONE', *, *, #1246, .F. ) ;
#957 = VERTEX_POINT ( 'NONE', #598 ) ;
#958 = DIRECTION ( 'NONE',  ( -1.000000000000000000, 0.000000000000000000, 0.000000000000000000 ) ) ;
#959 = LINE ( 'NONE', #1685, #1570 ) ;
#960 = ORIENTED_EDGE ( 'NONE', *, *, #1050, .T. ) ;
#961 = EDGE_CURVE ( 'NONE', #1681, #112, #1403, .T. ) ;
#962 = LINE ( 'NONE', #1520, #2290 ) ;
#963 = AXIS2_PLACEMENT_3D ( 'NONE', #1062, #899, #871 ) ;
#964 = VECTOR ( 'NONE', #532, 1000.000000000000114 ) ;
#965 = ADVANCED_FACE ( 'NONE', ( #798 ), #1839, .F. ) ;
#966 = ORIENTED_EDGE ( 'NONE', *, *, #656, .F. ) ;
#967 = AXIS2_PLACEMENT_3D ( 'NONE', #428, #2061, #72 ) ;
#968 = DIRECTION ( 'NONE',  ( -0.4999999999999998335, 0.8660254037844387076, 0.000000000000000000 ) ) ;
#969 = EDGE_LOOP ( 'NONE', ( #401, #253, #579, #945, #2300, #1224 ) ) ;
#970 = ORIENTED_EDGE ( 'NONE', *, *, #32, .T. ) ;
#971 = AXIS2_PLACEMENT_3D ( 'NONE', #2141, #509, #328 ) ;
#972 = ORIENTED_EDGE ( 'NONE', *, *, #1770, .F. ) ;
#973 = AXIS2_PLACEMENT_3D ( 'NONE', #203, #1112, #1422 ) ;
#974 = CARTESIAN_POINT ( 'NONE',  ( 100.0000000000000000, 8.000000000000000000, -10.19999999999999929 ) ) ;
#975 = DIRECTION ( 'NONE',  ( -1.000000000000000000, 0.000000000000000000, 0.000000000000000000 ) ) ;
#976 = VERTEX_POINT ( 'NONE', #952 ) ;
#977 = DIRECTION ( 'NONE',  ( 0.000000000000000000, 0.000000000000000000, -1.000000000000000000 ) ) ;
#978 = ADVANCED_FACE ( 'NONE', ( #411 ), #2018, .F. ) ;
#979 = ORIENTED_EDGE ( 'NONE', *, *, #22, .F. ) ;
#980 = LINE ( 'NONE', #2089, #1079 ) ;
#981 = ADVANCED_FACE ( 'NONE', ( #2073 ), #1675, .F. ) ;
#982 = ORIENTED_EDGE ( 'NONE', *, *, #544, .T. ) ;
#983 = VERTEX_POINT ( 'NONE', #621 ) ;
#984 = EDGE_LOOP ( 'NONE', ( #1128, #2197, #226, #180 ) ) ;
#985 = CARTESIAN_POINT ( 'NONE',  ( 0.000000000000000000, 0.000000000000000000, -10.19999999999999929 ) ) ;
#986 = PLANE ( 'NONE',  #1299 ) ;
#987 = EDGE_LOOP ( 'NONE', ( #65, #1345, #249, #1256 ) ) ;
#988 = CARTESIAN_POINT ( 'NONE',  ( 35.00002264833060650, 4.052132500626949962, -20.39999999999999858 ) ) ;
#989 = EDGE_LOOP ( 'NONE', ( #640, #1114 ) ) ;
#990 = EDGE_CURVE ( 'NONE', #2095, #867, #1598, .T. ) ;
#991 = CARTESIAN_POINT ( 'NONE',  ( 76.25000000000001421, 29.00000000000000355, -25.64999999999999858 ) ) ;
#992 = EDGE_LOOP ( 'NONE', ( #2180, #1536, #1006, #1406, #882, #1333 ) ) ;
#993 = EDGE_LOOP ( 'NONE', ( #1714, #1660, #1866, #241 ) ) ;
#994 = VERTEX_POINT ( 'NONE', #1131 ) ;
#995 = ADVANCED_FACE ( 'NONE', ( #1142 ), #81, .T. ) ;
#996 = FACE_OUTER_BOUND ( 'NONE', #1617, .T. ) ;
#997 = PRODUCT_DEFINITION_CONTEXT ( 'detailed design', #520, 'design' ) ;
#998 = CARTESIAN_POINT ( 'NONE',  ( 33.75000000000000000, 29.00000000000000000, -20.39899999999999736 ) ) ;
#999 = ORIENTED_EDGE ( 'NONE', *, *, #744, .T. ) ;
#1000 = VECTOR ( 'NONE', #940, 1000.000000000000000 ) ;
#1001 = DIRECTION ( 'NONE',  ( -0.000000000000000000, -0.000000000000000000, 1.000000000000000000 ) ) ;
#1002 = DIRECTION ( 'NONE',  ( 0.000000000000000000, 0.000000000000000000, -1.000000000000000000 ) ) ;
#1003 = AXIS2_PLACEMENT_3D ( 'NONE', #2186, #1965, #1240 ) ;
#1004 = AXIS2_PLACEMENT_3D ( 'NONE', #698, #1812, #157 ) ;
#1005 = VERTEX_POINT ( 'NONE', #1495 ) ;
#1006 = ORIENTED_EDGE ( 'NONE', *, *, #886, .T. ) ;
#1007 = ORIENTED_EDGE ( 'NONE', *, *, #2227, .T. ) ;
#1008 = DIRECTION ( 'NONE',  ( 1.000000000000000000, 0.000000000000000000, 0.000000000000000000 ) ) ;
#1009 = VECTOR ( 'NONE', #834, 1000.000000000000114 ) ;
#1010 = EDGE_CURVE ( 'NONE', #1526, #894, #761, .T. ) ;
#1011 = CARTESIAN_POINT ( 'NONE',  ( 13.26794919243112680, 40.99999999999998579, -20.39999999999999858 ) ) ;
#1012 = VECTOR ( 'NONE', #641, 1000.000000000000227 ) ;
#1013 = AXIS2_PLACEMENT_3D ( 'NONE', #553, #40, #2004 ) ;
#1014 = VERTEX_POINT ( 'NONE', #1700 ) ;
#1015 = LINE ( 'NONE', #2316, #844 ) ;
#1016 = CARTESIAN_POINT ( 'NONE',  ( 88.30000000000001137, 4.052132500626949962, -10.19899999999999984 ) ) ;
#1017 = PLANE ( 'NONE',  #782 ) ;
#1018 = ORIENTED_EDGE ( 'NONE', *, *, #1938, .F. ) ;
#1019 = LINE ( 'NONE', #311, #884 ) ;
#1020 = CARTESIAN_POINT ( 'NONE',  ( 0.000000000000000000, 0.000000000000000000, -10.19999999999999929 ) ) ;
#1021 = DIRECTION ( 'NONE',  ( 0.000000000000000000, 0.000000000000000000, -1.000000000000000000 ) ) ;
#1022 = ORIENTED_EDGE ( 'NONE', *, *, #1785, .F. ) ;
#1023 = CARTESIAN_POINT ( 'NONE',  ( 16.73205080756888208, 10.99999999999999822, -23.39999999999999858 ) ) ;
#1024 = EDGE_CURVE ( 'NONE', #907, #539, #2261, .T. ) ;
#1025 = CARTESIAN_POINT ( 'NONE',  ( 55.00000000000000711, 29.00000000000000000, -25.64999999999999858 ) ) ;
#1026 = ORIENTED_EDGE ( 'NONE', *, *, #890, .F. ) ;
#1027 = EDGE_LOOP ( 'NONE', ( #1836, #2112, #1729, #257 ) ) ;
#1028 = DIRECTION ( 'NONE',  ( 0.000000000000000000, 0.000000000000000000, 1.000000000000000000 ) ) ;
#1029 = DIRECTION ( 'NONE',  ( -0.000000000000000000, -0.000000000000000000, -1.000000000000000000 ) ) ;
#1030 = CYLINDRICAL_SURFACE ( 'NONE', #1530, 3.500000000000003109 ) ;
#1031 = CARTESIAN_POINT ( 'NONE',  ( 15.00000000000000000, 29.00000000000000000, -20.39899999999999736 ) ) ;
#1032 = CIRCLE ( 'NONE', #1371, 1.700000000000000178 ) ;
#1033 = EDGE_CURVE ( 'NONE', #1782, #216, #400, .T. ) ;
#1034 = AXIS2_PLACEMENT_3D ( 'NONE', #840, #451, #125 ) ;
#1035 = DIRECTION ( 'NONE',  ( 0.4999999999999998335, 0.8660254037844387076, 0.000000000000000000 ) ) ;
#1036 = VECTOR ( 'NONE', #1821, 1000.000000000000000 ) ;
#1037 = EDGE_CURVE ( 'NONE', #1375, #1606, #1862, .T. ) ;
#1038 = VERTEX_POINT ( 'NONE', #2058 ) ;
#1039 = AXIS2_PLACEMENT_3D ( 'NONE', #145, #686, #2192 ) ;
#1040 = CARTESIAN_POINT ( 'NONE',  ( 91.70000000000000284, 4.052132500626949962, -10.19899999999999984 ) ) ;
#1041 = DIRECTION ( 'NONE',  ( 1.000000000000000000, 0.000000000000000000, 0.000000000000000000 ) ) ;
#1042 = VECTOR ( 'NONE', #895, 1000.000000000000000 ) ;
#1043 = FACE_OUTER_BOUND ( 'NONE', #2105, .T. ) ;
#1044 = CARTESIAN_POINT ( 'NONE',  ( 0.000000000000000000, 0.000000000000000000, -27.39999999999999858 ) ) ;
#1045 = AXIS2_PLACEMENT_3D ( 'NONE', #1907, #674, #1739 ) ;
#1046 = VECTOR ( 'NONE', #2135, 1000.000000000000000 ) ;
#1047 = LINE ( 'NONE', #319, #284 ) ;
#1048 = VERTEX_POINT ( 'NONE', #70 ) ;
#1049 = CARTESIAN_POINT ( 'NONE',  ( 19.00000000000000000, 29.00000000000000000, -20.39899999999999736 ) ) ;
#1050 = EDGE_CURVE ( 'NONE', #309, #2240, #1015, .T. ) ;
#1051 = DIRECTION ( 'NONE',  ( 0.000000000000000000, 0.000000000000000000, -1.000000000000000000 ) ) ;
#1052 = DIRECTION ( 'NONE',  ( -0.000000000000000000, -0.000000000000000000, 1.000000000000000000 ) ) ;
#1053 = CARTESIAN_POINT ( 'NONE',  ( 62.39997735166938497, 3.999999999999997335, -20.39999999999999858 ) ) ;
#1054 = DIRECTION ( 'NONE',  ( 0.8660254037844387076, 0.4999999999999999445, -0.000000000000000000 ) ) ;
#1055 = CARTESIAN_POINT ( 'NONE',  ( 13.26794919243111970, 16.99999999999999645, -23.39999999999999858 ) ) ;
#1056 = PLANE ( 'NONE',  #2108 ) ;
#1057 = EDGE_LOOP ( 'NONE', ( #338, #2269, #822, #648, #2165, #2170, #1583, #1733, #1891, #204 ) ) ;
#1058 = DIRECTION ( 'NONE',  ( -0.000000000000000000, -0.000000000000000000, 1.000000000000000000 ) ) ;
#1059 = CARTESIAN_POINT ( 'NONE',  ( 11.73205080756887675, 1.052132500626948186, -27.39999999999999858 ) ) ;
#1060 = ORIENTED_EDGE ( 'NONE', *, *, #21, .F. ) ;
#1061 = EDGE_CURVE ( 'NONE', #66, #1335, #1734, .T. ) ;
#1062 = CARTESIAN_POINT ( 'NONE',  ( 33.75000000000000000, 29.00000000000000000, -20.39999999999999858 ) ) ;
#1063 = ORIENTED_EDGE ( 'NONE', *, *, #1457, .F. ) ;
#1064 = CARTESIAN_POINT ( 'NONE',  ( 11.73205080756887675, 1.052132500626948186, -24.39999999999999858 ) ) ;
#1065 = DIRECTION ( 'NONE',  ( -0.4999999999999997780, 0.8660254037844388186, 0.000000000000000000 ) ) ;
#1066 = DIRECTION ( 'NONE',  ( -0.000000000000000000, -0.000000000000000000, -1.000000000000000000 ) ) ;
#1067 = DIRECTION ( 'NONE',  ( 1.000000000000000000, 0.000000000000000000, 0.000000000000000000 ) ) ;
#1068 = ORIENTED_EDGE ( 'NONE', *, *, #117, .F. ) ;
#1069 = AXIS2_PLACEMENT_3D ( 'NONE', #375, #336, #1096 ) ;
#1070 = DIRECTION ( 'NONE',  ( 1.000000000000000000, 0.000000000000000000, 0.000000000000000000 ) ) ;
#1071 = CARTESIAN_POINT ( 'NONE',  ( 35.00002264833060650, 4.052132500626949962, -20.39999999999999858 ) ) ;
#1072 = DIRECTION ( 'NONE',  ( -0.4999999999999998335, 0.8660254037844387076, 0.000000000000000000 ) ) ;
#1073 = VERTEX_POINT ( 'NONE', #853 ) ;
#1074 = CYLINDRICAL_SURFACE ( 'NONE', #14, 1.700000000000000178 ) ;
#1075 = VERTEX_POINT ( 'NONE', #493 ) ;
#1076 = EDGE_CURVE ( 'NONE', #835, #1344, #2086, .T. ) ;
#1077 = VECTOR ( 'NONE', #24, 1000.000000000000000 ) ;
#1078 = DIRECTION ( 'NONE',  ( 0.000000000000000000, -1.000000000000000000, 0.000000000000000000 ) ) ;
#1079 = VECTOR ( 'NONE', #264, 1000.000000000000000 ) ;
#1080 = DIRECTION ( 'NONE',  ( 0.000000000000000000, 1.000000000000000000, 0.000000000000000000 ) ) ;
#1081 = ADVANCED_FACE ( 'NONE', ( #104, #677 ), #1944, .T. ) ;
#1082 = CIRCLE ( 'NONE', #1609, 1.700000000000000178 ) ;
#1083 = CARTESIAN_POINT ( 'NONE',  ( 67.59997735166939492, 3.999999999999997335, -20.39999999999999858 ) ) ;
#1084 = CIRCLE ( 'NONE', #1045, 3.500000000000003109 ) ;
#1085 = LINE ( 'NONE', #905, #2188 ) ;
#1086 = ORIENTED_EDGE ( 'NONE', *, *, #218, .F. ) ;
#1087 = DIRECTION ( 'NONE',  ( 0.4999999999999997224, -0.8660254037844388186, 0.000000000000000000 ) ) ;
#1088 = CARTESIAN_POINT ( 'NONE',  ( 13.46410161513775883, 4.052132500626954403, -24.39999999999999858 ) ) ;
#1089 = CARTESIAN_POINT ( 'NONE',  ( 69.70000000000001705, 29.00000000000000355, -20.39999999999999858 ) ) ;
#1090 = VERTEX_POINT ( 'NONE', #644 ) ;
#1091 = CARTESIAN_POINT ( 'NONE',  ( 13.26794919243111970, 16.99999999999999645, -20.39999999999999858 ) ) ;
#1092 = EDGE_LOOP ( 'NONE', ( #139, #352, #1455, #672 ) ) ;
#1093 = LINE ( 'NONE', #1458, #1046 ) ;
#1094 = DIRECTION ( 'NONE',  ( 0.000000000000000000, 0.000000000000000000, -1.000000000000000000 ) ) ;
#1095 = EDGE_CURVE ( 'NONE', #1841, #2212, #2118, .T. ) ;
#1096 = DIRECTION ( 'NONE',  ( 1.000000000000000000, 0.000000000000000000, 0.000000000000000000 ) ) ;
#1097 = VERTEX_POINT ( 'NONE', #667 ) ;
#1098 = DIRECTION ( 'NONE',  ( -1.000000000000000000, 0.000000000000000000, 0.000000000000000000 ) ) ;
#1099 = FACE_OUTER_BOUND ( 'NONE', #480, .T. ) ;
#1100 = CARTESIAN_POINT ( 'NONE',  ( 18.46410161513775705, 43.99999999999999289, -20.39999999999999858 ) ) ;
#1101 = VERTEX_POINT ( 'NONE', #295 ) ;
#1102 = LINE ( 'NONE', #1767, #1156 ) ;
#1103 = CARTESIAN_POINT ( 'NONE',  ( 36.70002264833060224, 4.052132500626949962, -10.19999999999999929 ) ) ;
#1104 = PLANE ( 'NONE',  #850 ) ;
#1105 = CARTESIAN_POINT ( 'NONE',  ( 15.00000000000000000, 13.99999999999999822, -27.39999999999999858 ) ) ;
#1106 = EDGE_CURVE ( 'NONE', #597, #1841, #1580, .T. ) ;
#1107 = PRESENTATION_LAYER_ASSIGNMENT (  '', '', ( #1637 ) ) ;
#1108 = ORIENTED_EDGE ( 'NONE', *, *, #1995, .F. ) ;
#1109 = DIRECTION ( 'NONE',  ( 0.000000000000000000, 0.000000000000000000, 1.000000000000000000 ) ) ;
#1110 = DIRECTION ( 'NONE',  ( 1.000000000000000000, 0.000000000000000000, 0.000000000000000000 ) ) ;
#1111 = EDGE_CURVE ( 'NONE', #1316, #163, #543, .T. ) ;
#1112 = DIRECTION ( 'NONE',  ( 0.000000000000000000, 0.000000000000000000, -1.000000000000000000 ) ) ;
#1113 = VECTOR ( 'NONE', #350, 1000.000000000000227 ) ;
#1114 = ORIENTED_EDGE ( 'NONE', *, *, #1391, .T. ) ;
#1115 = ORIENTED_EDGE ( 'NONE', *, *, #483, .T. ) ;
#1116 = VECTOR ( 'NONE', #862, 1000.000000000000000 ) ;
#1117 = FACE_OUTER_BOUND ( 'NONE', #2260, .T. ) ;
#1118 = LINE ( 'NONE', #1851, #1948 ) ;
#1119 = VECTOR ( 'NONE', #2043, 1000.000000000000114 ) ;
#1120 = CARTESIAN_POINT ( 'NONE',  ( 100.0000000000000000, 28.00000000000000000, -27.39999999999999858 ) ) ;
#1121 = EDGE_LOOP ( 'NONE', ( #1539, #814, #2057, #1477 ) ) ;
#1122 = CARTESIAN_POINT ( 'NONE',  ( 13.26794919243112680, 40.99999999999998579, -23.39999999999999858 ) ) ;
#1123 = FACE_OUTER_BOUND ( 'NONE', #1885, .T. ) ;
#1124 = FACE_BOUND ( 'NONE', #447, .T. ) ;
#1125 = CIRCLE ( 'NONE', #397, 6.550000000000000711 ) ;
#1126 = VERTEX_POINT ( 'NONE', #1392 ) ;
#1127 = EDGE_CURVE ( 'NONE', #1097, #1669, #1151, .T. ) ;
#1128 = ORIENTED_EDGE ( 'NONE', *, *, #1168, .T. ) ;
#1129 = DIRECTION ( 'NONE',  ( 0.4999999999999997224, -0.8660254037844388186, 0.000000000000000000 ) ) ;
#1130 = CARTESIAN_POINT ( 'NONE',  ( 64.99997735166938639, 3.999999999999997335, -20.39999999999999858 ) ) ;
#1131 = CARTESIAN_POINT ( 'NONE',  ( 15.00000000000000000, 25.00000000000000000, -20.39999999999999858 ) ) ;
#1132 = ORIENTED_EDGE ( 'NONE', *, *, #1976, .T. ) ;
#1133 = DIRECTION ( 'NONE',  ( 1.000000000000000000, 0.000000000000000000, 0.000000000000000000 ) ) ;
#1134 = ORIENTED_EDGE ( 'NONE', *, *, #776, .T. ) ;
#1135 = ORIENTED_EDGE ( 'NONE', *, *, #585, .F. ) ;
#1136 = ORIENTED_EDGE ( 'NONE', *, *, #1024, .T. ) ;
#1137 = EDGE_CURVE ( 'NONE', #623, #2215, #136, .T. ) ;
#1138 = CARTESIAN_POINT ( 'NONE',  ( 55.00000000000000711, 29.00000000000000000, -20.39999999999999858 ) ) ;
#1139 = CARTESIAN_POINT ( 'NONE',  ( 35.00002264833060650, 4.052132500626949962, -27.39999999999999858 ) ) ;
#1140 = EDGE_CURVE ( 'NONE', #1869, #2338, #272, .T. ) ;
#1141 = EDGE_LOOP ( 'NONE', ( #781, #37 ) ) ;
#1142 = FACE_OUTER_BOUND ( 'NONE', #808, .T. ) ;
#1143 = MANIFOLD_SOLID_BREP ( 'Fillet1', #2031 ) ;
#1144 = EDGE_LOOP ( 'NONE', ( #82, #1930, #1339, #1505 ) ) ;
#1145 = DIRECTION ( 'NONE',  ( -1.000000000000000000, 0.000000000000000000, 0.000000000000000000 ) ) ;
#1146 = ORIENTED_EDGE ( 'NONE', *, *, #793, .T. ) ;
#1147 = VERTEX_POINT ( 'NONE', #113 ) ;
#1148 = ORIENTED_EDGE ( 'NONE', *, *, #392, .T. ) ;
#1149 = CIRCLE ( 'NONE', #119, 1.699999999999993072 ) ;
#1150 = CARTESIAN_POINT ( 'NONE',  ( 100.0000000000000000, 0.000000000000000000, -27.39999999999999858 ) ) ;
#1151 = CIRCLE ( 'NONE', #122, 1.700000000000000178 ) ;
#1152 = EDGE_CURVE ( 'NONE', #182, #601, #305, .T. ) ;
#1153 = CARTESIAN_POINT ( 'NONE',  ( 13.26794919243112147, 47.00000000000000711, -20.39999999999999858 ) ) ;
#1154 = EDGE_LOOP ( 'NONE', ( #718, #103, #613, #1674 ) ) ;
#1155 = DIRECTION ( 'NONE',  ( 0.8660254037844388186, -0.4999999999999997224, 0.000000000000000000 ) ) ;
#1156 = VECTOR ( 'NONE', #1735, 1000.000000000000000 ) ;
#1157 = EDGE_CURVE ( 'NONE', #1335, #757, #1753, .T. ) ;
#1158 = AXIS2_PLACEMENT_3D ( 'NONE', #1872, #2101, #1518 ) ;
#1159 = ORIENTED_EDGE ( 'NONE', *, *, #304, .T. ) ;
#1160 = DIRECTION ( 'NONE',  ( 0.4999999999999998335, -0.8660254037844387076, 0.000000000000000000 ) ) ;
#1161 = ORIENTED_EDGE ( 'NONE', *, *, #1627, .F. ) ;
#1162 = EDGE_LOOP ( 'NONE', ( #421, #2117, #1366, #1510 ) ) ;
#1163 = ORIENTED_EDGE ( 'NONE', *, *, #250, .T. ) ;
#1164 = AXIS2_PLACEMENT_3D ( 'NONE', #1020, #1207, #837 ) ;
#1165 = DIRECTION ( 'NONE',  ( -0.000000000000000000, -0.000000000000000000, 1.000000000000000000 ) ) ;
#1166 = ORIENTED_EDGE ( 'NONE', *, *, #2070, .F. ) ;
#1167 = DIRECTION ( 'NONE',  ( 1.000000000000000000, 0.000000000000000000, 0.000000000000000000 ) ) ;
#1168 = EDGE_CURVE ( 'NONE', #2039, #1048, #873, .T. ) ;
#1169 = ORIENTED_EDGE ( 'NONE', *, *, #1744, .T. ) ;
#1170 = CARTESIAN_POINT ( 'NONE',  ( 88.26794919243111792, 1.052132500626954625, -24.39999999999999858 ) ) ;
#1171 = ORIENTED_EDGE ( 'NONE', *, *, #522, .F. ) ;
#1172 = ORIENTED_EDGE ( 'NONE', *, *, #263, .T. ) ;
#1173 = EDGE_LOOP ( 'NONE', ( #86, #232, #2230, #93 ) ) ;
#1174 = FACE_BOUND ( 'NONE', #2044, .T. ) ;
#1175 = CARTESIAN_POINT ( 'NONE',  ( 64.99997735166938639, 3.999999999999997335, -27.39999999999999858 ) ) ;
#1176 = EDGE_LOOP ( 'NONE', ( #1820, #2331 ) ) ;
#1177 = CARTESIAN_POINT ( 'NONE',  ( 58.50000000000000711, 29.00000000000000000, -20.39899999999999736 ) ) ;
#1178 = FACE_BOUND ( 'NONE', #946, .T. ) ;
#1179 = EDGE_CURVE ( 'NONE', #1273, #792, #518, .T. ) ;
#1180 = DIRECTION ( 'NONE',  ( -1.000000000000000000, 0.000000000000000000, 0.000000000000000000 ) ) ;
#1181 = VERTEX_POINT ( 'NONE', #2324 ) ;
#1182 = EDGE_LOOP ( 'NONE', ( #2232, #1513 ) ) ;
#1183 = ORIENTED_EDGE ( 'NONE', *, *, #361, .T. ) ;
#1184 = EDGE_CURVE ( 'NONE', #1324, #299, #1231, .T. ) ;
#1185 = DIRECTION ( 'NONE',  ( 1.000000000000000000, 0.000000000000000000, 0.000000000000000000 ) ) ;
#1186 = VECTOR ( 'NONE', #1588, 1000.000000000000000 ) ;
#1187 = CARTESIAN_POINT ( 'NONE',  ( 100.0000000000000000, 0.000000000000000000, -27.39999999999999858 ) ) ;
#1188 = ORIENTED_EDGE ( 'NONE', *, *, #2157, .T. ) ;
#1189 = AXIS2_PLACEMENT_3D ( 'NONE', #988, #59, #36 ) ;
#1190 = CARTESIAN_POINT ( 'NONE',  ( 35.00002264833060650, 4.052132500626949962, -20.39999999999999858 ) ) ;
#1191 = DIRECTION ( 'NONE',  ( 0.000000000000000000, 0.000000000000000000, 1.000000000000000000 ) ) ;
#1192 = AXIS2_PLACEMENT_3D ( 'NONE', #208, #1326, #1479 ) ;
#1193 = CARTESIAN_POINT ( 'NONE',  ( 88.26794919243111792, 7.052132500626931311, -24.39999999999999858 ) ) ;
#1194 = ORIENTED_EDGE ( 'NONE', *, *, #2157, .F. ) ;
#1195 = PRODUCT_DEFINITION_FORMATION_WITH_SPECIFIED_SOURCE ( 'ANY', '', #1323, .NOT_KNOWN. ) ;
#1196 = DIRECTION ( 'NONE',  ( -1.000000000000000000, 0.000000000000000000, 0.000000000000000000 ) ) ;
#1197 = DIRECTION ( 'NONE',  ( 0.000000000000000000, 0.000000000000000000, -1.000000000000000000 ) ) ;
#1198 = CARTESIAN_POINT ( 'NONE',  ( 8.267949192431119698, 1.052132500626948186, -27.39999999999999858 ) ) ;
#1199 = AXIS2_PLACEMENT_3D ( 'NONE', #99, #1378, #1932 ) ;
#1200 = CIRCLE ( 'NONE', #171, 2.600000000000004974 ) ;
#1201 = ORIENTED_EDGE ( 'NONE', *, *, #1179, .T. ) ;
#1202 = AXIS2_PLACEMENT_3D ( 'NONE', #1064, #1635, #1611 ) ;
#1203 = CYLINDRICAL_SURFACE ( 'NONE', #924, 4.000000000000000000 ) ;
#1204 = VERTEX_POINT ( 'NONE', #1241 ) ;
#1205 = ORIENTED_EDGE ( 'NONE', *, *, #2285, .F. ) ;
#1206 = DIRECTION ( 'NONE',  ( -1.000000000000000000, 0.000000000000000000, 0.000000000000000000 ) ) ;
#1207 = DIRECTION ( 'NONE',  ( 0.000000000000000000, 0.000000000000000000, -1.000000000000000000 ) ) ;
#1208 = DIRECTION ( 'NONE',  ( 0.000000000000000000, 0.000000000000000000, -1.000000000000000000 ) ) ;
#1209 = ADVANCED_FACE ( 'NONE', ( #709 ), #2339, .F. ) ;
#1210 = ORIENTED_EDGE ( 'NONE', *, *, #2074, .F. ) ;
#1211 = DIRECTION ( 'NONE',  ( -0.5000000000000004441, -0.8660254037844383745, 0.000000000000000000 ) ) ;
#1212 = LINE ( 'NONE', #1581, #775 ) ;
#1213 = EDGE_CURVE ( 'NONE', #98, #2095, #2352, .T. ) ;
#1214 = LINE ( 'NONE', #465, #666 ) ;
#1215 = ORIENTED_EDGE ( 'NONE', *, *, #917, .T. ) ;
#1216 = CARTESIAN_POINT ( 'NONE',  ( 0.000000000000000000, 8.000000000000000000, -10.19999999999999929 ) ) ;
#1217 = CARTESIAN_POINT ( 'NONE',  ( 55.00000000000000711, 29.00000000000000000, -25.64999999999999858 ) ) ;
#1218 = DIRECTION ( 'NONE',  ( -1.000000000000000000, 0.000000000000000000, 0.000000000000000000 ) ) ;
#1219 = ADVANCED_FACE ( 'NONE', ( #334 ), #697, .F. ) ;
#1220 = CARTESIAN_POINT ( 'NONE',  ( 93.46410161513773573, 4.052132500626941081, -27.39999999999999858 ) ) ;
#1221 = FACE_BOUND ( 'NONE', #969, .T. ) ;
#1222 = AXIS2_PLACEMENT_3D ( 'NONE', #386, #211, #223 ) ;
#1223 = EDGE_CURVE ( 'NONE', #395, #2039, #2173, .T. ) ;
#1224 = ORIENTED_EDGE ( 'NONE', *, *, #2301, .F. ) ;
#1225 = AXIS2_PLACEMENT_3D ( 'NONE', #1750, #492, #1218 ) ;
#1226 = ORIENTED_EDGE ( 'NONE', *, *, #2102, .F. ) ;
#1227 = CIRCLE ( 'NONE', #1373, 6.550000000000000711 ) ;
#1228 = CYLINDRICAL_SURFACE ( 'NONE', #1534, 1.700000000000000178 ) ;
#1229 = DIRECTION ( 'NONE',  ( -0.4999999999999997224, -0.8660254037844388186, 0.000000000000000000 ) ) ;
#1230 = CARTESIAN_POINT ( 'NONE',  ( 13.26794919243112147, 47.00000000000000711, -23.39999999999999858 ) ) ;
#1231 = LINE ( 'NONE', #1426, #1824 ) ;
#1232 = CARTESIAN_POINT ( 'NONE',  ( 8.267949192431121475, 7.052132500626953515, -24.39999999999999858 ) ) ;
#1233 = VECTOR ( 'NONE', #716, 1000.000000000000000 ) ;
#1234 = EDGE_CURVE ( 'NONE', #58, #112, #531, .T. ) ;
#1235 = CARTESIAN_POINT ( 'NONE',  ( 76.25000000000001421, 29.00000000000000355, -20.39999999999999858 ) ) ;
#1236 = ORIENTED_EDGE ( 'NONE', *, *, #440, .F. ) ;
#1237 = VECTOR ( 'NONE', #2245, 1000.000000000000000 ) ;
#1238 = CARTESIAN_POINT ( 'NONE',  ( 19.00000000000000000, 29.00000000000000000, -27.39999999999999858 ) ) ;
#1239 = DIRECTION ( 'NONE',  ( 1.000000000000000000, 0.000000000000000000, 0.000000000000000000 ) ) ;
#1240 = DIRECTION ( 'NONE',  ( -1.000000000000000000, 0.000000000000000000, 0.000000000000000000 ) ) ;
#1241 = CARTESIAN_POINT ( 'NONE',  ( 8.267949192431121475, 7.052132500626953515, -27.39999999999999858 ) ) ;
#1242 = CARTESIAN_POINT ( 'NONE',  ( 13.26794919243112147, 47.00000000000000711, -23.39999999999999858 ) ) ;
#1243 = CARTESIAN_POINT ( 'NONE',  ( 15.00000000000000000, 25.00000000000000000, -20.39899999999999736 ) ) ;
#1244 = CARTESIAN_POINT ( 'NONE',  ( 61.55000000000000426, 29.00000000000000000, -25.64999999999999858 ) ) ;
#1245 = ORIENTED_EDGE ( 'NONE', *, *, #467, .F. ) ;
#1246 = EDGE_CURVE ( 'NONE', #98, #42, #2266, .T. ) ;
#1247 = DIRECTION ( 'NONE',  ( -1.000000000000000000, 0.000000000000000000, 0.000000000000000000 ) ) ;
#1248 = FACE_BOUND ( 'NONE', #512, .T. ) ;
#1249 = ORIENTED_EDGE ( 'NONE', *, *, #1876, .F. ) ;
#1250 = CARTESIAN_POINT ( 'NONE',  ( 15.00000000000000000, 44.00000000000000000, -10.19899999999999984 ) ) ;
#1251 = ORIENTED_EDGE ( 'NONE', *, *, #1688, .T. ) ;
#1252 = CARTESIAN_POINT ( 'NONE',  ( 82.80000000000001137, 29.00000000000000355, -20.39999999999999858 ) ) ;
#1253 = LINE ( 'NONE', #2151, #2295 ) ;
#1254 = DIRECTION ( 'NONE',  ( -0.000000000000000000, -0.000000000000000000, 1.000000000000000000 ) ) ;
#1255 = DIRECTION ( 'NONE',  ( -0.4999999999999997224, -0.8660254037844388186, 0.000000000000000000 ) ) ;
#1256 = ORIENTED_EDGE ( 'NONE', *, *, #76, .F. ) ;
#1257 = DIRECTION ( 'NONE',  ( 0.000000000000000000, 1.000000000000000000, 0.000000000000000000 ) ) ;
#1258 = FACE_BOUND ( 'NONE', #2282, .T. ) ;
#1259 = DIRECTION ( 'NONE',  ( -0.000000000000000000, -0.000000000000000000, 1.000000000000000000 ) ) ;
#1260 = EDGE_CURVE ( 'NONE', #643, #1606, #912, .T. ) ;
#1261 = ORIENTED_EDGE ( 'NONE', *, *, #588, .F. ) ;
#1262 = VECTOR ( 'NONE', #2322, 1000.000000000000000 ) ;
#1263 = LINE ( 'NONE', #1797, #1568 ) ;
#1264 = AXIS2_PLACEMENT_3D ( 'NONE', #721, #347, #1636 ) ;
#1265 = EDGE_CURVE ( 'NONE', #1699, #395, #1400, .T. ) ;
#1266 = LINE ( 'NONE', #504, #1801 ) ;
#1267 = AXIS2_PLACEMENT_3D ( 'NONE', #860, #1584, #1972 ) ;
#1268 = LINE ( 'NONE', #913, #1725 ) ;
#1269 = CIRCLE ( 'NONE', #246, 6.550000000000000711 ) ;
#1270 = LINE ( 'NONE', #2011, #581 ) ;
#1271 = AXIS2_PLACEMENT_3D ( 'NONE', #2103, #1029, #2123 ) ;
#1272 = VECTOR ( 'NONE', #1786, 1000.000000000000000 ) ;
#1273 = VERTEX_POINT ( 'NONE', #734 ) ;
#1274 = FACE_OUTER_BOUND ( 'NONE', #1929, .T. ) ;
#1275 = DIRECTION ( 'NONE',  ( -1.000000000000000000, 0.000000000000000000, 0.000000000000000000 ) ) ;
#1276 = LINE ( 'NONE', #1100, #2075 ) ;
#1277 = ORIENTED_EDGE ( 'NONE', *, *, #142, .T. ) ;
#1278 = LINE ( 'NONE', #922, #1036 ) ;
#1279 = ORIENTED_EDGE ( 'NONE', *, *, #1707, .T. ) ;
#1280 = CARTESIAN_POINT ( 'NONE',  ( 33.75000000000000000, 29.00000000000000000, -25.64999999999999858 ) ) ;
#1281 = ADVANCED_FACE ( 'NONE', ( #172 ), #144, .F. ) ;
#1282 = CARTESIAN_POINT ( 'NONE',  ( 0.000000000000000000, 48.00000000000000000, -27.39999999999999858 ) ) ;
#1283 = LINE ( 'NONE', #1243, #233 ) ;
#1284 = ORIENTED_EDGE ( 'NONE', *, *, #2274, .F. ) ;
#1285 = DIRECTION ( 'NONE',  ( -0.5000000000000001110, 0.8660254037844384856, 0.000000000000000000 ) ) ;
#1286 = PLANE ( 'NONE',  #1996 ) ;
#1287 = ORIENTED_EDGE ( 'NONE', *, *, #789, .T. ) ;
#1288 = ORIENTED_EDGE ( 'NONE', *, *, #1111, .F. ) ;
#1289 = DIRECTION ( 'NONE',  ( -1.000000000000000000, 0.000000000000000000, 0.000000000000000000 ) ) ;
#1290 = DIRECTION ( 'NONE',  ( 0.000000000000000000, 0.000000000000000000, -1.000000000000000000 ) ) ;
#1291 = EDGE_CURVE ( 'NONE', #1880, #1504, #1266, .T. ) ;
#1292 = PLANE ( 'NONE',  #920 ) ;
#1293 = EDGE_CURVE ( 'NONE', #1204, #608, #1093, .T. ) ;
#1294 = VERTEX_POINT ( 'NONE', #1252 ) ;
#1295 = DIRECTION ( 'NONE',  ( -0.000000000000000000, -0.000000000000000000, -1.000000000000000000 ) ) ;
#1296 = DIRECTION ( 'NONE',  ( 1.000000000000000000, 0.000000000000000000, -0.000000000000000000 ) ) ;
#1297 = VECTOR ( 'NONE', #25, 1000.000000000000000 ) ;
#1298 = EDGE_LOOP ( 'NONE', ( #604, #1007, #979, #2235 ) ) ;
#1299 = AXIS2_PLACEMENT_3D ( 'NONE', #33, #617, #259 ) ;
#1300 = EDGE_LOOP ( 'NONE', ( #592, #80, #1279, #1905 ) ) ;
#1301 = AXIS2_PLACEMENT_3D ( 'NONE', #2171, #730, #1764 ) ;
#1302 = DIRECTION ( 'NONE',  ( -0.000000000000000000, -0.000000000000000000, 1.000000000000000000 ) ) ;
#1303 = CARTESIAN_POINT ( 'NONE',  ( 67.59997735166939492, 3.999999999999997335, -27.39999999999999858 ) ) ;
#1304 = VECTOR ( 'NONE', #399, 1000.000000000000114 ) ;
#1305 = DIRECTION ( 'NONE',  ( -1.000000000000000000, 0.000000000000000000, 0.000000000000000000 ) ) ;
#1306 = ORIENTED_EDGE ( 'NONE', *, *, #656, .T. ) ;
#1307 = VECTOR ( 'NONE', #817, 1000.000000000000000 ) ;
#1308 = CYLINDRICAL_SURFACE ( 'NONE', #1613, 1.700000000000000178 ) ;
#1309 = ORIENTED_EDGE ( 'NONE', *, *, #1168, .F. ) ;
#1310 = CIRCLE ( 'NONE', #893, 3.500000000000003109 ) ;
#1311 = EDGE_LOOP ( 'NONE', ( #797, #357, #2050, #1516 ) ) ;
#1312 = EDGE_CURVE ( 'NONE', #2345, #1494, #685, .T. ) ;
#1313 = EDGE_LOOP ( 'NONE', ( #1018, #53, #382, #1284 ) ) ;
#1314 = FACE_OUTER_BOUND ( 'NONE', #1356, .T. ) ;
#1315 = CARTESIAN_POINT ( 'NONE',  ( 16.73205080756887853, 40.99999999999998579, -20.39999999999999858 ) ) ;
#1316 = VERTEX_POINT ( 'NONE', #1596 ) ;
#1317 = LINE ( 'NONE', #1120, #690 ) ;
#1318 = ORIENTED_EDGE ( 'NONE', *, *, #1010, .F. ) ;
#1319 = LINE ( 'NONE', #367, #511 ) ;
#1320 = ORIENTED_EDGE ( 'NONE', *, *, #1641, .F. ) ;
#1321 = VERTEX_POINT ( 'NONE', #1412 ) ;
#1322 = EDGE_CURVE ( 'NONE', #1572, #1678, #1624, .T. ) ;
#1323 = PRODUCT ( 'gear mounts_nut_side', 'gear mounts_nut_side', '', ( #201 ) ) ;
#1324 = VERTEX_POINT ( 'NONE', #925 ) ;
#1325 = EDGE_CURVE ( 'NONE', #1126, #58, #517, .T. ) ;
#1326 = DIRECTION ( 'NONE',  ( 0.000000000000000000, 0.000000000000000000, -1.000000000000000000 ) ) ;
#1327 = PLANE ( 'NONE',  #2181 ) ;
#1328 = ORIENTED_EDGE ( 'NONE', *, *, #361, .F. ) ;
#1329 = DIRECTION ( 'NONE',  ( -0.000000000000000000, -0.000000000000000000, 1.000000000000000000 ) ) ;
#1330 = EDGE_LOOP ( 'NONE', ( #1022, #1591, #414, #1926 ) ) ;
#1331 = CYLINDRICAL_SURFACE ( 'NONE', #967, 6.550000000000000711 ) ;
#1332 = ORIENTED_EDGE ( 'NONE', *, *, #32, .F. ) ;
#1333 = ORIENTED_EDGE ( 'NONE', *, *, #1716, .T. ) ;
#1334 = ORIENTED_EDGE ( 'NONE', *, *, #947, .F. ) ;
#1335 = VERTEX_POINT ( 'NONE', #1150 ) ;
#1336 = CYLINDRICAL_SURFACE ( 'NONE', #810, 1.699999999999993072 ) ;
#1337 = ADVANCED_FACE ( 'NONE', ( #1684 ), #1871, .F. ) ;
#1338 = VECTOR ( 'NONE', #1648, 1000.000000000000000 ) ;
#1339 = ORIENTED_EDGE ( 'NONE', *, *, #510, .F. ) ;
#1340 = DIRECTION ( 'NONE',  ( 0.4999999999999997224, 0.8660254037844388186, 0.000000000000000000 ) ) ;
#1341 = CIRCLE ( 'NONE', #736, 3.500000000000003109 ) ;
#1342 = ORIENTED_EDGE ( 'NONE', *, *, #1732, .F. ) ;
#1343 = DIRECTION ( 'NONE',  ( -1.000000000000000000, 0.000000000000000000, 0.000000000000000000 ) ) ;
#1344 = VERTEX_POINT ( 'NONE', #56 ) ;
#1345 = ORIENTED_EDGE ( 'NONE', *, *, #1641, .T. ) ;
#1346 = ORIENTED_EDGE ( 'NONE', *, *, #1179, .F. ) ;
#1347 = DIRECTION ( 'NONE',  ( -0.000000000000000000, -0.000000000000000000, -1.000000000000000000 ) ) ;
#1348 = CIRCLE ( 'NONE', #1271, 6.550000000000000711 ) ;
#1349 = DIRECTION ( 'NONE',  ( -0.000000000000000000, -0.000000000000000000, 1.000000000000000000 ) ) ;
#1350 = EDGE_LOOP ( 'NONE', ( #1621, #243, #294, #1874 ) ) ;
#1351 = EDGE_CURVE ( 'NONE', #1950, #729, #398, .T. ) ;
#1352 =( LENGTH_UNIT ( ) NAMED_UNIT ( * ) SI_UNIT ( .MILLI., .METRE. ) );
#1353 = FACE_BOUND ( 'NONE', #1141, .T. ) ;
#1354 = EDGE_CURVE ( 'NONE', #212, #1489, #1517, .T. ) ;
#1355 = CARTESIAN_POINT ( 'NONE',  ( 13.29999999999999893, 13.99999999999999822, -23.39999999999999858 ) ) ;
#1356 = EDGE_LOOP ( 'NONE', ( #1680, #1665, #1903, #1723 ) ) ;
#1357 = EDGE_LOOP ( 'NONE', ( #1640, #1309, #921, #217, #445, #486 ) ) ;
#1358 = ORIENTED_EDGE ( 'NONE', *, *, #2166, .F. ) ;
#1359 = DIRECTION ( 'NONE',  ( 0.4999999999999999445, -0.8660254037844385966, 0.000000000000000000 ) ) ;
#1360 = FACE_BOUND ( 'NONE', #2310, .T. ) ;
#1361 = ORIENTED_EDGE ( 'NONE', *, *, #1614, .T. ) ;
#1362 = DIRECTION ( 'NONE',  ( 1.000000000000000000, 0.000000000000000000, 0.000000000000000000 ) ) ;
#1363 = FACE_BOUND ( 'NONE', #898, .T. ) ;
#1364 = EDGE_CURVE ( 'NONE', #1073, #1687, #2069, .T. ) ;
#1365 = LINE ( 'NONE', #1559, #1994 ) ;
#1366 = ORIENTED_EDGE ( 'NONE', *, *, #374, .F. ) ;
#1367 = LINE ( 'NONE', #468, #1304 ) ;
#1368 = DIRECTION ( 'NONE',  ( -0.000000000000000000, -0.000000000000000000, -1.000000000000000000 ) ) ;
#1369 = LINE ( 'NONE', #302, #2255 ) ;
#1370 = ORIENTED_EDGE ( 'NONE', *, *, #252, .T. ) ;
#1371 = AXIS2_PLACEMENT_3D ( 'NONE', #549, #737, #327 ) ;
#1372 = CARTESIAN_POINT ( 'NONE',  ( 15.00000000000000000, 13.99999999999999822, -23.39999999999999858 ) ) ;
#1373 = AXIS2_PLACEMENT_3D ( 'NONE', #195, #770, #2032 ) ;
#1374 = LINE ( 'NONE', #107, #591 ) ;
#1375 = VERTEX_POINT ( 'NONE', #1469 ) ;
#1376 = EDGE_CURVE ( 'NONE', #108, #2149, #1662, .T. ) ;
#1377 = CARTESIAN_POINT ( 'NONE',  ( 18.46410161513776416, 13.99999999999999645, -20.39999999999999858 ) ) ;
#1378 = DIRECTION ( 'NONE',  ( -0.000000000000000000, -0.000000000000000000, 1.000000000000000000 ) ) ;
#1379 = AXIS2_PLACEMENT_3D ( 'NONE', #2158, #167, #932 ) ;
#1380 = CARTESIAN_POINT ( 'NONE',  ( 0.000000000000000000, 0.000000000000000000, -24.39999999999999858 ) ) ;
#1381 = ADVANCED_FACE ( 'NONE', ( #569 ), #67, .F. ) ;
#1382 = VECTOR ( 'NONE', #1542, 1000.000000000000000 ) ;
#1383 = ORIENTED_EDGE ( 'NONE', *, *, #1061, .F. ) ;
#1384 = CYLINDRICAL_SURFACE ( 'NONE', #433, 6.550000000000000711 ) ;
#1385 = LINE ( 'NONE', #1759, #1577 ) ;
#1386 = VERTEX_POINT ( 'NONE', #44 ) ;
#1387 = LINE ( 'NONE', #1962, #813 ) ;
#1388 = FACE_BOUND ( 'NONE', #266, .T. ) ;
#1389 = ADVANCED_FACE ( 'NONE', ( #795, #1506 ), #986, .T. ) ;
#1390 = CARTESIAN_POINT ( 'NONE',  ( 15.00000000000000000, 29.00000000000000000, -27.39999999999999858 ) ) ;
#1391 = EDGE_CURVE ( 'NONE', #456, #2021, #2052, .T. ) ;
#1392 = CARTESIAN_POINT ( 'NONE',  ( 30.25000000000000355, 29.00000000000000000, -25.64999999999999858 ) ) ;
#1393 = LINE ( 'NONE', #296, #313 ) ;
#1394 = CARTESIAN_POINT ( 'NONE',  ( 8.267949192431119698, 1.052132500626948186, -24.39999999999999858 ) ) ;
#1395 = VERTEX_POINT ( 'NONE', #2233 ) ;
#1396 = LINE ( 'NONE', #868, #503 ) ;
#1397 = CARTESIAN_POINT ( 'NONE',  ( 13.26794919243112858, 10.99999999999999645, -23.39999999999999858 ) ) ;
#1398 = DIRECTION ( 'NONE',  ( -1.000000000000000000, 0.000000000000000000, 0.000000000000000000 ) ) ;
#1399 = ADVANCED_FACE ( 'NONE', ( #229 ), #1336, .F. ) ;
#1400 = LINE ( 'NONE', #1775, #2078 ) ;
#1401 = EDGE_CURVE ( 'NONE', #577, #835, #2199, .T. ) ;
#1402 = FACE_OUTER_BOUND ( 'NONE', #1961, .T. ) ;
#1403 = CIRCLE ( 'NONE', #1222, 3.500000000000003109 ) ;
#1404 = LINE ( 'NONE', #308, #1460 ) ;
#1405 = CIRCLE ( 'NONE', #1986, 1.700000000000000178 ) ;
#1406 = ORIENTED_EDGE ( 'NONE', *, *, #872, .T. ) ;
#1407 = AXIS2_PLACEMENT_3D ( 'NONE', #499, #848, #1574 ) ;
#1408 = FACE_OUTER_BOUND ( 'NONE', #1092, .T. ) ;
#1409 = LINE ( 'NONE', #1781, #96 ) ;
#1410 = CARTESIAN_POINT ( 'NONE',  ( 11.53589838486224473, 14.00000000000000178, -23.39999999999999858 ) ) ;
#1411 = EDGE_LOOP ( 'NONE', ( #434, #2082, #2027, #1899, #1828, #410 ) ) ;
#1412 = CARTESIAN_POINT ( 'NONE',  ( 11.73205080756887675, 1.052132500626948186, -24.39999999999999858 ) ) ;
#1413 = CARTESIAN_POINT ( 'NONE',  ( 13.26794919243112680, 40.99999999999998579, -20.39999999999999858 ) ) ;
#1414 = CIRCLE ( 'NONE', #2148, 1.700000000000000178 ) ;
#1415 = ADVANCED_FACE ( 'NONE', ( #1117 ), #605, .F. ) ;
#1416 = CARTESIAN_POINT ( 'NONE',  ( 0.000000000000000000, 33.00000000000000000, -20.39899999999999736 ) ) ;
#1417 = CARTESIAN_POINT ( 'NONE',  ( 11.70000000000000107, 4.052132500626949962, -24.39999999999999858 ) ) ;
#1418 = ADVANCED_FACE ( 'NONE', ( #768 ), #938, .F. ) ;
#1419 = ORIENTED_EDGE ( 'NONE', *, *, #1076, .T. ) ;
#1420 = DIRECTION ( 'NONE',  ( -0.8660254037844387076, 0.4999999999999998335, 0.000000000000000000 ) ) ;
#1421 = LINE ( 'NONE', #2312, #1579 ) ;
#1422 = DIRECTION ( 'NONE',  ( 1.000000000000000000, 0.000000000000000000, 0.000000000000000000 ) ) ;
#1423 = ORIENTED_EDGE ( 'NONE', *, *, #2277, .T. ) ;
#1424 = DIRECTION ( 'NONE',  ( 1.000000000000000000, 0.000000000000000000, 0.000000000000000000 ) ) ;
#1425 = EDGE_LOOP ( 'NONE', ( #1346, #1512, #1856, #1796 ) ) ;
#1426 = CARTESIAN_POINT ( 'NONE',  ( 80.00000000000000000, 48.00000000000000000, -27.39999999999999858 ) ) ;
#1427 = CARTESIAN_POINT ( 'NONE',  ( 100.0000000000000000, 0.000000000000000000, -10.19999999999999929 ) ) ;
#1428 = CARTESIAN_POINT ( 'NONE',  ( 93.46410161513773573, 4.052132500626941081, -27.39999999999999858 ) ) ;
#1429 = ADVANCED_FACE ( 'NONE', ( #1850, #2054 ), #219, .T. ) ;
#1430 = FACE_OUTER_BOUND ( 'NONE', #1144, .T. ) ;
#1431 = ORIENTED_EDGE ( 'NONE', *, *, #1963, .F. ) ;
#1432 = DIRECTION ( 'NONE',  ( 0.000000000000000000, 0.000000000000000000, -1.000000000000000000 ) ) ;
#1433 = EDGE_CURVE ( 'NONE', #976, #941, #2219, .T. ) ;
#1434 = LINE ( 'NONE', #1059, #1956 ) ;
#1435 = DIRECTION ( 'NONE',  ( 0.000000000000000000, 1.000000000000000000, 0.000000000000000000 ) ) ;
#1436 = EDGE_LOOP ( 'NONE', ( #1358, #1251, #791, #497 ) ) ;
#1437 = DIRECTION ( 'NONE',  ( -0.5000000000000003331, -0.8660254037844383745, 0.000000000000000000 ) ) ;
#1438 = ORIENTED_EDGE ( 'NONE', *, *, #1922, .T. ) ;
#1439 = DIRECTION ( 'NONE',  ( -0.5000000000000005551, -0.8660254037844382635, 0.000000000000000000 ) ) ;
#1440 = CARTESIAN_POINT ( 'NONE',  ( 90.00000000000001421, 4.052132500626949962, -10.19999999999999929 ) ) ;
#1441 = COLOUR_RGB ( '',0.7921568627450980005, 0.8196078431372548767, 0.9333333333333333481 ) ;
#1442 = CARTESIAN_POINT ( 'NONE',  ( 33.30002264833060366, 4.052132500626949962, -20.39999999999999858 ) ) ;
#1443 = CIRCLE ( 'NONE', #1069, 1.699999999999993072 ) ;
#1444 = DIRECTION ( 'NONE',  ( 0.4999999999999998335, -0.8660254037844387076, 0.000000000000000000 ) ) ;
#1445 = ORIENTED_EDGE ( 'NONE', *, *, #1879, .T. ) ;
#1446 = VECTOR ( 'NONE', #1362, 1000.000000000000000 ) ;
#1447 = APPLICATION_PROTOCOL_DEFINITION ( 'draft international standard', 'automotive_design', 1998, #520 ) ;
#1448 = DIRECTION ( 'NONE',  ( 0.000000000000000000, 0.000000000000000000, -1.000000000000000000 ) ) ;
#1449 = VECTOR ( 'NONE', #137, 1000.000000000000114 ) ;
#1450 = CARTESIAN_POINT ( 'NONE',  ( 0.000000000000000000, 0.000000000000000000, -27.39999999999999858 ) ) ;
#1451 = ORIENTED_EDGE ( 'NONE', *, *, #2285, .T. ) ;
#1452 = ADVANCED_FACE ( 'NONE', ( #1314 ), #2272, .F. ) ;
#1453 = AXIS2_PLACEMENT_3D ( 'NONE', #1945, #1191, #1901 ) ;
#1454 = DIRECTION ( 'NONE',  ( 0.000000000000000000, 0.000000000000000000, 1.000000000000000000 ) ) ;
#1455 = ORIENTED_EDGE ( 'NONE', *, *, #1351, .F. ) ;
#1456 = VECTOR ( 'NONE', #45, 999.9999999999998863 ) ;
#1457 = EDGE_CURVE ( 'NONE', #1934, #1987, #1933, .T. ) ;
#1458 = CARTESIAN_POINT ( 'NONE',  ( 8.267949192431121475, 7.052132500626953515, -27.39999999999999858 ) ) ;
#1459 = LINE ( 'NONE', #1998, #2106 ) ;
#1460 = VECTOR ( 'NONE', #1736, 1000.000000000000000 ) ;
#1461 = LINE ( 'NONE', #1825, #1864 ) ;
#1462 = AXIS2_PLACEMENT_3D ( 'NONE', #881, #1619, #1247 ) ;
#1463 = ORIENTED_EDGE ( 'NONE', *, *, #903, .T. ) ;
#1464 = CARTESIAN_POINT ( 'NONE',  ( 35.00002264833060650, 4.052132500626949962, -10.19999999999999929 ) ) ;
#1465 = CARTESIAN_POINT ( 'NONE',  ( 13.26794919243112147, 47.00000000000000711, -23.39999999999999858 ) ) ;
#1466 = ORIENTED_EDGE ( 'NONE', *, *, #2102, .T. ) ;
#1467 = ORIENTED_EDGE ( 'NONE', *, *, #102, .T. ) ;
#1468 = ADVANCED_FACE ( 'NONE', ( #314 ), #838, .F. ) ;
#1469 = CARTESIAN_POINT ( 'NONE',  ( 86.53589838486225005, 4.052132500626946410, -24.39999999999999858 ) ) ;
#1470 = CARTESIAN_POINT ( 'NONE',  ( 16.69999999999999929, 13.99999999999999822, -23.39999999999999858 ) ) ;
#1471 = EDGE_CURVE ( 'NONE', #1694, #2237, #1870, .T. ) ;
#1472 = CARTESIAN_POINT ( 'NONE',  ( 88.26794919243111792, 7.052132500626931311, -24.39999999999999858 ) ) ;
#1473 = VERTEX_POINT ( 'NONE', #282 ) ;
#1474 = CARTESIAN_POINT ( 'NONE',  ( 10.00000000000000000, 4.052132500626949962, -10.19899999999999984 ) ) ;
#1475 = DIRECTION ( 'NONE',  ( -0.000000000000000000, -0.000000000000000000, -1.000000000000000000 ) ) ;
#1476 = CARTESIAN_POINT ( 'NONE',  ( 0.000000000000000000, 0.000000000000000000, -27.39999999999999858 ) ) ;
#1477 = ORIENTED_EDGE ( 'NONE', *, *, #1291, .T. ) ;
#1478 = ORIENTED_EDGE ( 'NONE', *, *, #2257, .F. ) ;
#1479 = DIRECTION ( 'NONE',  ( 1.000000000000000000, 0.000000000000000000, 0.000000000000000000 ) ) ;
#1480 = CARTESIAN_POINT ( 'NONE',  ( 55.00000000000000711, 29.00000000000000000, -25.64999999999999858 ) ) ;
#1481 = ADVANCED_FACE ( 'NONE', ( #651 ), #1030, .F. ) ;
#1482 = CARTESIAN_POINT ( 'NONE',  ( 18.46410161513775705, 43.99999999999999289, -23.39999999999999858 ) ) ;
#1483 = ORIENTED_EDGE ( 'NONE', *, *, #1802, .T. ) ;
#1484 = SHAPE_DEFINITION_REPRESENTATION ( #607, #2046 ) ;
#1485 = DIRECTION ( 'NONE',  ( -0.000000000000000000, -0.000000000000000000, 1.000000000000000000 ) ) ;
#1486 = EDGE_LOOP ( 'NONE', ( #2047, #2198, #529, #960 ) ) ;
#1487 = VECTOR ( 'NONE', #1902, 1000.000000000000000 ) ;
#1488 = ORIENTED_EDGE ( 'NONE', *, *, #1980, .F. ) ;
#1489 = VERTEX_POINT ( 'NONE', #449 ) ;
#1490 = CIRCLE ( 'NONE', #1832, 1.700000000000000178 ) ;
#1491 = DIRECTION ( 'NONE',  ( 1.000000000000000000, 0.000000000000000000, -0.000000000000000000 ) ) ;
#1492 = LINE ( 'NONE', #750, #663 ) ;
#1493 = AXIS2_PLACEMENT_3D ( 'NONE', #2155, #673, #1562 ) ;
#1494 = VERTEX_POINT ( 'NONE', #1011 ) ;
#1495 = CARTESIAN_POINT ( 'NONE',  ( 72.75000000000001421, 29.00000000000000355, -27.39999999999999858 ) ) ;
#1496 = AXIS2_PLACEMENT_3D ( 'NONE', #1476, #1435, #576 ) ;
#1497 = EDGE_CURVE ( 'NONE', #610, #2287, #1369, .T. ) ;
#1498 = ORIENTED_EDGE ( 'NONE', *, *, #616, .F. ) ;
#1499 = CIRCLE ( 'NONE', #2299, 2.600000000000004974 ) ;
#1500 = VECTOR ( 'NONE', #10, 1000.000000000000114 ) ;
#1501 = CARTESIAN_POINT ( 'NONE',  ( 80.00000000000000000, 28.00000000000000000, -20.39999999999999858 ) ) ;
#1502 = EDGE_CURVE ( 'NONE', #792, #2059, #197, .T. ) ;
#1503 = ORIENTED_EDGE ( 'NONE', *, *, #903, .F. ) ;
#1504 = VERTEX_POINT ( 'NONE', #1198 ) ;
#1505 = ORIENTED_EDGE ( 'NONE', *, *, #2125, .T. ) ;
#1506 = FACE_BOUND ( 'NONE', #377, .T. ) ;
#1507 = DIRECTION ( 'NONE',  ( 0.4999999999999996114, 0.8660254037844388186, 0.000000000000000000 ) ) ;
#1508 = ORIENTED_EDGE ( 'NONE', *, *, #2139, .F. ) ;
#1509 = DIRECTION ( 'NONE',  ( 0.000000000000000000, 1.000000000000000000, 0.000000000000000000 ) ) ;
#1510 = ORIENTED_EDGE ( 'NONE', *, *, #744, .F. ) ;
#1511 = CARTESIAN_POINT ( 'NONE',  ( 55.00000000000000711, 29.00000000000000000, -25.64999999999999858 ) ) ;
#1512 = ORIENTED_EDGE ( 'NONE', *, *, #330, .T. ) ;
#1513 = ORIENTED_EDGE ( 'NONE', *, *, #442, .T. ) ;
#1514 = ORIENTED_EDGE ( 'NONE', *, *, #2344, .F. ) ;
#1515 = ADVANCED_FACE ( 'NONE', ( #1360, #90, #2094, #1740, #270, #664 ), #1564, .T. ) ;
#1516 = ORIENTED_EDGE ( 'NONE', *, *, #1213, .F. ) ;
#1517 = LINE ( 'NONE', #784, #2001 ) ;
#1518 = DIRECTION ( 'NONE',  ( 0.4999999999999998335, -0.8660254037844387076, 0.000000000000000000 ) ) ;
#1519 = EDGE_LOOP ( 'NONE', ( #1115, #1524, #1332, #804 ) ) ;
#1520 = CARTESIAN_POINT ( 'NONE',  ( 0.000000000000000000, 25.00000000000000000, -20.39899999999999736 ) ) ;
#1521 = ORIENTED_EDGE ( 'NONE', *, *, #1846, .T. ) ;
#1522 = LINE ( 'NONE', #637, #2174 ) ;
#1523 = VECTOR ( 'NONE', #325, 1000.000000000000000 ) ;
#1524 = ORIENTED_EDGE ( 'NONE', *, *, #540, .T. ) ;
#1525 = VERTEX_POINT ( 'NONE', #1943 ) ;
#1526 = VERTEX_POINT ( 'NONE', #1721 ) ;
#1527 = CARTESIAN_POINT ( 'NONE',  ( 19.00000000000000000, 29.00000000000000000, -20.39999999999999858 ) ) ;
#1528 = EDGE_CURVE ( 'NONE', #858, #222, #1490, .T. ) ;
#1529 = DIRECTION ( 'NONE',  ( -1.000000000000000000, 0.000000000000000000, 0.000000000000000000 ) ) ;
#1530 = AXIS2_PLACEMENT_3D ( 'NONE', #2084, #1898, #828 ) ;
#1531 = ADVANCED_FACE ( 'NONE', ( #642, #1731 ), #1709, .T. ) ;
#1532 = ORIENTED_EDGE ( 'NONE', *, *, #424, .F. ) ;
#1533 = DIRECTION ( 'NONE',  ( 0.000000000000000000, 0.000000000000000000, -1.000000000000000000 ) ) ;
#1534 = AXIS2_PLACEMENT_3D ( 'NONE', #490, #1748, #2143 ) ;
#1535 = LINE ( 'NONE', #1016, #426 ) ;
#1536 = ORIENTED_EDGE ( 'NONE', *, *, #200, .T. ) ;
#1537 = FACE_OUTER_BOUND ( 'NONE', #2293, .T. ) ;
#1538 = ORIENTED_EDGE ( 'NONE', *, *, #35, .F. ) ;
#1539 = ORIENTED_EDGE ( 'NONE', *, *, #455, .T. ) ;
#1540 = AXIS2_PLACEMENT_3D ( 'NONE', #2169, #1259, #19 ) ;
#1541 = ORIENTED_EDGE ( 'NONE', *, *, #2053, .T. ) ;
#1542 = DIRECTION ( 'NONE',  ( 0.000000000000000000, 0.000000000000000000, -1.000000000000000000 ) ) ;
#1543 = AXIS2_PLACEMENT_3D ( 'NONE', #600, #566, #2048 ) ;
#1544 = DIRECTION ( 'NONE',  ( 1.000000000000000000, 0.000000000000000000, 0.000000000000000000 ) ) ;
#1545 = EDGE_CURVE ( 'NONE', #1883, #1951, #1722, .T. ) ;
#1546 = ORIENTED_EDGE ( 'NONE', *, *, #1010, .T. ) ;
#1547 = SURFACE_SIDE_STYLE ('',( #1935 ) ) ;
#1548 = ADVANCED_FACE ( 'NONE', ( #807 ), #460, .F. ) ;
#1549 = DIRECTION ( 'NONE',  ( 0.000000000000000000, 0.000000000000000000, -1.000000000000000000 ) ) ;
#1550 = VECTOR ( 'NONE', #2191, 1000.000000000000000 ) ;
#1551 = CARTESIAN_POINT ( 'NONE',  ( 0.000000000000000000, 0.000000000000000000, -27.39999999999999858 ) ) ;
#1552 = ORIENTED_EDGE ( 'NONE', *, *, #585, .T. ) ;
#1553 = LINE ( 'NONE', #301, #1610 ) ;
#1554 = PLANE ( 'NONE',  #1683 ) ;
#1555 = ORIENTED_EDGE ( 'NONE', *, *, #1906, .T. ) ;
#1556 = CARTESIAN_POINT ( 'NONE',  ( 27.20000000000000284, 29.00000000000000000, -25.64999999999999858 ) ) ;
#1557 = CYLINDRICAL_SURFACE ( 'NONE', #2214, 4.000000000000000000 ) ;
#1558 = ADVANCED_FACE ( 'NONE', ( #676, #1909 ), #1554, .T. ) ;
#1559 = CARTESIAN_POINT ( 'NONE',  ( 88.26794919243111792, 7.052132500626931311, -27.39999999999999858 ) ) ;
#1560 = ADVANCED_FACE ( 'NONE', ( #1810 ), #683, .F. ) ;
#1561 = ORIENTED_EDGE ( 'NONE', *, *, #1024, .F. ) ;
#1562 = DIRECTION ( 'NONE',  ( 1.000000000000000000, 0.000000000000000000, 0.000000000000000000 ) ) ;
#1563 = LINE ( 'NONE', #1897, #1307 ) ;
#1564 = PLANE ( 'NONE',  #1225 ) ;
#1565 = EDGE_LOOP ( 'NONE', ( #1086, #276, #573, #283 ) ) ;
#1566 = FILL_AREA_STYLE ('',( #462 ) ) ;
#1567 = LINE ( 'NONE', #95, #1644 ) ;
#1568 = VECTOR ( 'NONE', #2160, 1000.000000000000000 ) ;
#1569 = ADVANCED_FACE ( 'NONE', ( #324 ), #1074, .F. ) ;
#1570 = VECTOR ( 'NONE', #1507, 1000.000000000000000 ) ;
#1571 = CARTESIAN_POINT ( 'NONE',  ( 13.46410161513775883, 4.052132500626954403, -27.39999999999999858 ) ) ;
#1572 = VERTEX_POINT ( 'NONE', #1773 ) ;
#1573 =( GEOMETRIC_REPRESENTATION_CONTEXT ( 3 ) GLOBAL_UNCERTAINTY_ASSIGNED_CONTEXT ( ( #1634 ) ) GLOBAL_UNIT_ASSIGNED_CONTEXT ( ( #2167, #3, #574 ) ) REPRESENTATION_CONTEXT ( 'NONE', 'WORKASPACE' ) );
#1574 = DIRECTION ( 'NONE',  ( 1.000000000000000000, 0.000000000000000000, 0.000000000000000000 ) ) ;
#1575 = EDGE_CURVE ( 'NONE', #867, #2095, #1405, .T. ) ;
#1576 = CARTESIAN_POINT ( 'NONE',  ( 90.00000000000001421, 4.052132500626949962, -10.19899999999999984 ) ) ;
#1577 = VECTOR ( 'NONE', #2129, 1000.000000000000000 ) ;
#1578 = DIRECTION ( 'NONE',  ( -0.000000000000000000, -0.000000000000000000, 1.000000000000000000 ) ) ;
#1579 = VECTOR ( 'NONE', #1448, 1000.000000000000000 ) ;
#1580 = LINE ( 'NONE', #1023, #732 ) ;
#1581 = CARTESIAN_POINT ( 'NONE',  ( 13.46410161513775883, 4.052132500626954403, -24.39999999999999858 ) ) ;
#1582 = ORIENTED_EDGE ( 'NONE', *, *, #789, .F. ) ;
#1583 = ORIENTED_EDGE ( 'NONE', *, *, #562, .F. ) ;
#1584 = DIRECTION ( 'NONE',  ( -0.000000000000000000, 0.000000000000000000, -1.000000000000000000 ) ) ;
#1585 = CARTESIAN_POINT ( 'NONE',  ( 15.00000000000000000, 44.00000000000000000, -27.39999999999999858 ) ) ;
#1586 = EDGE_CURVE ( 'NONE', #907, #395, #1955, .T. ) ;
#1587 = LINE ( 'NONE', #1594, #1262 ) ;
#1588 = DIRECTION ( 'NONE',  ( -0.000000000000000000, -0.000000000000000000, 1.000000000000000000 ) ) ;
#1589 = PLANE ( 'NONE',  #1264 ) ;
#1590 = CARTESIAN_POINT ( 'NONE',  ( 33.30002264833060366, 4.052132500626949962, -10.19999999999999929 ) ) ;
#1591 = ORIENTED_EDGE ( 'NONE', *, *, #833, .F. ) ;
#1592 = PLANE ( 'NONE',  #1835 ) ;
#1593 = DIRECTION ( 'NONE',  ( -0.000000000000000000, -1.000000000000000000, 0.000000000000000000 ) ) ;
#1594 = CARTESIAN_POINT ( 'NONE',  ( 16.69999999999999929, 44.00000000000000000, -10.19899999999999984 ) ) ;
#1595 = ADVANCED_FACE ( 'NONE', ( #143, #2314 ), #911, .T. ) ;
#1596 = CARTESIAN_POINT ( 'NONE',  ( 48.45000000000000995, 29.00000000000000000, -25.64999999999999858 ) ) ;
#1597 = DIRECTION ( 'NONE',  ( 0.000000000000000000, 0.000000000000000000, 1.000000000000000000 ) ) ;
#1598 = CIRCLE ( 'NONE', #1189, 1.700000000000000178 ) ;
#1599 = DIRECTION ( 'NONE',  ( -0.000000000000000000, -0.000000000000000000, 1.000000000000000000 ) ) ;
#1600 = DIRECTION ( 'NONE',  ( 1.000000000000000000, 0.000000000000000000, 0.000000000000000000 ) ) ;
#1601 = AXIS2_PLACEMENT_3D ( 'NONE', #1044, #1937, #475 ) ;
#1602 = VERTEX_POINT ( 'NONE', #333 ) ;
#1603 = AXIS2_PLACEMENT_3D ( 'NONE', #68, #2221, #1196 ) ;
#1604 = CARTESIAN_POINT ( 'NONE',  ( 11.53589838486224117, 44.00000000000000711, -23.39999999999999858 ) ) ;
#1605 = DIRECTION ( 'NONE',  ( 0.000000000000000000, 1.000000000000000000, 0.000000000000000000 ) ) ;
#1606 = VERTEX_POINT ( 'NONE', #883 ) ;
#1607 = DIRECTION ( 'NONE',  ( -1.000000000000000000, 0.000000000000000000, 0.000000000000000000 ) ) ;
#1608 = ORIENTED_EDGE ( 'NONE', *, *, #2010, .F. ) ;
#1609 = AXIS2_PLACEMENT_3D ( 'NONE', #1805, #2343, #1600 ) ;
#1610 = VECTOR ( 'NONE', #1359, 1000.000000000000114 ) ;
#1611 = DIRECTION ( 'NONE',  ( 0.000000000000000000, -0.000000000000000000, -1.000000000000000000 ) ) ;
#1612 = LINE ( 'NONE', #1413, #1988 ) ;
#1613 = AXIS2_PLACEMENT_3D ( 'NONE', #202, #1865, #931 ) ;
#1614 = EDGE_CURVE ( 'NONE', #303, #2215, #87, .T. ) ;
#1615 = CARTESIAN_POINT ( 'NONE',  ( 90.00000000000001421, 4.052132500626949962, -24.39999999999999858 ) ) ;
#1616 = CYLINDRICAL_SURFACE ( 'NONE', #2145, 20.00000000000000355 ) ;
#1617 = EDGE_LOOP ( 'NONE', ( #1320, #1205, #260, #658 ) ) ;
#1618 = CARTESIAN_POINT ( 'NONE',  ( 15.00000000000000000, 13.99999999999999822, -27.39999999999999858 ) ) ;
#1619 = DIRECTION ( 'NONE',  ( 0.000000000000000000, 0.000000000000000000, 1.000000000000000000 ) ) ;
#1620 = FACE_OUTER_BOUND ( 'NONE', #992, .T. ) ;
#1621 = ORIENTED_EDGE ( 'NONE', *, *, #1260, .T. ) ;
#1622 = CARTESIAN_POINT ( 'NONE',  ( 15.00000000000000000, 25.00000000000000000, -27.39999999999999858 ) ) ;
#1623 = ORIENTED_EDGE ( 'NONE', *, *, #318, .F. ) ;
#1624 = LINE ( 'NONE', #360, #1550 ) ;
#1625 = DIRECTION ( 'NONE',  ( 1.000000000000000000, 0.000000000000000000, 0.000000000000000000 ) ) ;
#1626 = LINE ( 'NONE', #1777, #1000 ) ;
#1627 = EDGE_CURVE ( 'NONE', #1678, #1525, #135, .T. ) ;
#1628 = CARTESIAN_POINT ( 'NONE',  ( 13.26794919243112147, 47.00000000000000711, -23.39999999999999858 ) ) ;
#1629 = ORIENTED_EDGE ( 'NONE', *, *, #684, .F. ) ;
#1630 = PLANE ( 'NONE',  #2265 ) ;
#1631 = CARTESIAN_POINT ( 'NONE',  ( 0.000000000000000000, 0.000000000000000000, -27.39999999999999858 ) ) ;
#1632 = ORIENTED_EDGE ( 'NONE', *, *, #2098, .T. ) ;
#1633 = DIRECTION ( 'NONE',  ( -0.000000000000000000, -0.000000000000000000, 1.000000000000000000 ) ) ;
#1634 = UNCERTAINTY_MEASURE_WITH_UNIT (LENGTH_MEASURE( 1.000000000000000082E-05 ), #2167, 'distance_accuracy_value', 'NONE');
#1635 = DIRECTION ( 'NONE',  ( 0.000000000000000000, -1.000000000000000000, 0.000000000000000000 ) ) ;
#1636 = DIRECTION ( 'NONE',  ( 0.5000000000000002220, 0.8660254037844384856, 0.000000000000000000 ) ) ;
#1637 = STYLED_ITEM ( 'NONE', ( #2275 ), #1143 ) ;
#1638 = CARTESIAN_POINT ( 'NONE',  ( 11.73205080756887675, 1.052132500626948186, -24.39999999999999858 ) ) ;
#1639 = AXIS2_PLACEMENT_3D ( 'NONE', #423, #2210, #773 ) ;
#1640 = ORIENTED_EDGE ( 'NONE', *, *, #2056, .F. ) ;
#1641 = EDGE_CURVE ( 'NONE', #1097, #1090, #1587, .T. ) ;
#1642 = FACE_OUTER_BOUND ( 'NONE', #1682, .T. ) ;
#1643 = DIRECTION ( 'NONE',  ( -0.000000000000000000, -0.000000000000000000, 1.000000000000000000 ) ) ;
#1644 = VECTOR ( 'NONE', #2276, 1000.000000000000000 ) ;
#1645 = CARTESIAN_POINT ( 'NONE',  ( 88.26794919243111792, 1.052132500626954625, -24.39999999999999858 ) ) ;
#1646 = ORIENTED_EDGE ( 'NONE', *, *, #105, .T. ) ;
#1647 = VECTOR ( 'NONE', #902, 1000.000000000000000 ) ;
#1648 = DIRECTION ( 'NONE',  ( 1.000000000000000000, 0.000000000000000000, 0.000000000000000000 ) ) ;
#1649 = EDGE_CURVE ( 'NONE', #1344, #643, #1263, .T. ) ;
#1650 = EDGE_LOOP ( 'NONE', ( #2335, #1979 ) ) ;
#1651 = CARTESIAN_POINT ( 'NONE',  ( 37.25000000000000711, 29.00000000000000000, -20.39899999999999736 ) ) ;
#1652 = DIRECTION ( 'NONE',  ( 1.000000000000000000, 0.000000000000000000, 0.000000000000000000 ) ) ;
#1653 = CIRCLE ( 'NONE', #164, 3.500000000000003109 ) ;
#1654 = CARTESIAN_POINT ( 'NONE',  ( 0.000000000000000000, 33.00000000000000000, -20.39899999999999736 ) ) ;
#1655 = VECTOR ( 'NONE', #1794, 1000.000000000000114 ) ;
#1656 = ORIENTED_EDGE ( 'NONE', *, *, #1106, .F. ) ;
#1657 = CARTESIAN_POINT ( 'NONE',  ( 64.99997735166938639, 3.999999999999997335, -10.19999999999999929 ) ) ;
#1658 = CARTESIAN_POINT ( 'NONE',  ( 13.26794919243112680, 40.99999999999998579, -23.39999999999999858 ) ) ;
#1659 = LINE ( 'NONE', #1645, #740 ) ;
#1660 = ORIENTED_EDGE ( 'NONE', *, *, #1401, .F. ) ;
#1661 = ORIENTED_EDGE ( 'NONE', *, *, #1947, .F. ) ;
#1662 = LINE ( 'NONE', #974, #2306 ) ;
#1663 = DIRECTION ( 'NONE',  ( -0.000000000000000000, -0.000000000000000000, 1.000000000000000000 ) ) ;
#1664 = DIRECTION ( 'NONE',  ( 0.8660254037844388186, 0.4999999999999997224, 0.000000000000000000 ) ) ;
#1665 = ORIENTED_EDGE ( 'NONE', *, *, #830, .F. ) ;
#1666 = CYLINDRICAL_SURFACE ( 'NONE', #2329, 1.699999999999993072 ) ;
#1667 = DIRECTION ( 'NONE',  ( -1.000000000000000000, 0.000000000000000000, 0.000000000000000000 ) ) ;
#1668 = CYLINDRICAL_SURFACE ( 'NONE', #973, 3.500000000000003109 ) ;
#1669 = VERTEX_POINT ( 'NONE', #1993 ) ;
#1670 = ORIENTED_EDGE ( 'NONE', *, *, #89, .T. ) ;
#1671 = DIRECTION ( 'NONE',  ( 0.000000000000000000, -0.000000000000000000, 1.000000000000000000 ) ) ;
#1672 = EDGE_CURVE ( 'NONE', #496, #1701, #1978, .T. ) ;
#1673 = DIRECTION ( 'NONE',  ( 1.000000000000000000, 0.000000000000000000, 0.000000000000000000 ) ) ;
#1674 = ORIENTED_EDGE ( 'NONE', *, *, #2172, .F. ) ;
#1675 = PLANE ( 'NONE',  #274 ) ;
#1676 = ADVANCED_FACE ( 'NONE', ( #1043 ), #170, .F. ) ;
#1677 = MECHANICAL_DESIGN_GEOMETRIC_PRESENTATION_REPRESENTATION (  '', ( #1637 ), #1747 ) ;
#1678 = VERTEX_POINT ( 'NONE', #502 ) ;
#1679 = LINE ( 'NONE', #413, #2337 ) ;
#1680 = ORIENTED_EDGE ( 'NONE', *, *, #2010, .T. ) ;
#1681 = VERTEX_POINT ( 'NONE', #515 ) ;
#1682 = EDGE_LOOP ( 'NONE', ( #256, #1498, #1847, #1188 ) ) ;
#1683 = AXIS2_PLACEMENT_3D ( 'NONE', #2104, #1021, #343 ) ;
#1684 = FACE_OUTER_BOUND ( 'NONE', #633, .T. ) ;
#1685 = CARTESIAN_POINT ( 'NONE',  ( 16.73205080756888208, 10.99999999999999822, -20.39999999999999858 ) ) ;
#1686 = VECTOR ( 'NONE', #649, 1000.000000000000000 ) ;
#1687 = VERTEX_POINT ( 'NONE', #152 ) ;
#1688 = EDGE_CURVE ( 'NONE', #365, #1572, #2292, .T. ) ;
#1689 = DIRECTION ( 'NONE',  ( -0.4999999999999997224, 0.8660254037844388186, 0.000000000000000000 ) ) ;
#1690 = AXIS2_PLACEMENT_3D ( 'NONE', #368, #191, #1833 ) ;
#1691 = ORIENTED_EDGE ( 'NONE', *, *, #510, .T. ) ;
#1692 = VECTOR ( 'NONE', #1973, 1000.000000000000000 ) ;
#1693 = CARTESIAN_POINT ( 'NONE',  ( 33.75000000000000000, 29.00000000000000000, -25.64999999999999858 ) ) ;
#1694 = VERTEX_POINT ( 'NONE', #1622 ) ;
#1695 = ORIENTED_EDGE ( 'NONE', *, *, #1033, .T. ) ;
#1696 = ORIENTED_EDGE ( 'NONE', *, *, #388, .T. ) ;
#1697 = DIRECTION ( 'NONE',  ( 0.000000000000000000, 0.000000000000000000, -1.000000000000000000 ) ) ;
#1698 = DIRECTION ( 'NONE',  ( -2.503857664561940265E-16, -1.000000000000000000, 0.000000000000000000 ) ) ;
#1699 = VERTEX_POINT ( 'NONE', #1091 ) ;
#1700 = CARTESIAN_POINT ( 'NONE',  ( 16.73205080756887853, 40.99999999999998579, -20.39999999999999858 ) ) ;
#1701 = VERTEX_POINT ( 'NONE', #2350 ) ;
#1702 = EDGE_CURVE ( 'NONE', #2059, #792, #2327, .T. ) ;
#1703 = CARTESIAN_POINT ( 'NONE',  ( 11.73205080756888385, 7.052132500626952627, -24.39999999999999858 ) ) ;
#1704 = VERTEX_POINT ( 'NONE', #530 ) ;
#1705 = ORIENTED_EDGE ( 'NONE', *, *, #105, .F. ) ;
#1706 = ORIENTED_EDGE ( 'NONE', *, *, #79, .T. ) ;
#1707 = EDGE_CURVE ( 'NONE', #1316, #2021, #719, .T. ) ;
#1708 = DIRECTION ( 'NONE',  ( 1.000000000000000000, 0.000000000000000000, 0.000000000000000000 ) ) ;
#1709 = PLANE ( 'NONE',  #124 ) ;
#1710 = ORIENTED_EDGE ( 'NONE', *, *, #263, .F. ) ;
#1711 = LINE ( 'NONE', #1877, #1983 ) ;
#1712 = EDGE_LOOP ( 'NONE', ( #1466, #1194, #466, #1816 ) ) ;
#1713 = CARTESIAN_POINT ( 'NONE',  ( 16.73205080756887142, 47.00000000000000711, -20.39999999999999858 ) ) ;
#1714 = ORIENTED_EDGE ( 'NONE', *, *, #307, .T. ) ;
#1715 = EDGE_LOOP ( 'NONE', ( #2194, #857, #1026, #953 ) ) ;
#1716 = EDGE_CURVE ( 'NONE', #577, #1934, #1278, .T. ) ;
#1717 = ORIENTED_EDGE ( 'NONE', *, *, #1995, .T. ) ;
#1718 = CARTESIAN_POINT ( 'NONE',  ( 55.00000000000000711, 29.00000000000000000, -27.39999999999999858 ) ) ;
#1719 = AXIS2_PLACEMENT_3D ( 'NONE', #1105, #700, #722 ) ;
#1720 = EDGE_CURVE ( 'NONE', #2287, #2149, #370, .T. ) ;
#1721 = CARTESIAN_POINT ( 'NONE',  ( 16.73205080756887853, 16.99999999999999645, -23.39999999999999858 ) ) ;
#1722 = CIRCLE ( 'NONE', #2137, 1.699999999999993072 ) ;
#1723 = ORIENTED_EDGE ( 'NONE', *, *, #92, .T. ) ;
#1724 = DIRECTION ( 'NONE',  ( 1.000000000000000000, 0.000000000000000000, 0.000000000000000000 ) ) ;
#1725 = VECTOR ( 'NONE', #1290, 1000.000000000000000 ) ;
#1726 = FACE_OUTER_BOUND ( 'NONE', #2216, .T. ) ;
#1727 = EDGE_LOOP ( 'NONE', ( #1419, #1661, #1888, #46 ) ) ;
#1728 = CIRCLE ( 'NONE', #701, 20.00000000000000355 ) ;
#1729 = ORIENTED_EDGE ( 'NONE', *, *, #230, .F. ) ;
#1730 = DIRECTION ( 'NONE',  ( -1.000000000000000000, -0.000000000000000000, 0.000000000000000000 ) ) ;
#1731 = FACE_BOUND ( 'NONE', #524, .T. ) ;
#1732 = EDGE_CURVE ( 'NONE', #539, #2039, #1102, .T. ) ;
#1733 = ORIENTED_EDGE ( 'NONE', *, *, #424, .T. ) ;
#1734 = LINE ( 'NONE', #2283, #1446 ) ;
#1735 = DIRECTION ( 'NONE',  ( -0.000000000000000000, -0.000000000000000000, 1.000000000000000000 ) ) ;
#1736 = DIRECTION ( 'NONE',  ( -0.000000000000000000, -0.000000000000000000, -1.000000000000000000 ) ) ;
#1737 = ORIENTED_EDGE ( 'NONE', *, *, #1312, .F. ) ;
#1738 = LINE ( 'NONE', #513, #198 ) ;
#1739 = DIRECTION ( 'NONE',  ( 1.000000000000000000, 0.000000000000000000, 0.000000000000000000 ) ) ;
#1740 = FACE_BOUND ( 'NONE', #989, .T. ) ;
#1741 = ORIENTED_EDGE ( 'NONE', *, *, #1354, .T. ) ;
#1742 = ADVANCED_FACE ( 'NONE', ( #1178, #1363, #1221, #1754, #273, #2097, #2308, #1353, #463, #854 ), #841, .F. ) ;
#1743 = DIRECTION ( 'NONE',  ( -0.000000000000000000, -0.000000000000000000, 1.000000000000000000 ) ) ;
#1744 = EDGE_CURVE ( 'NONE', #858, #148, #1393, .T. ) ;
#1745 = VERTEX_POINT ( 'NONE', #1914 ) ;
#1746 = VERTEX_POINT ( 'NONE', #317 ) ;
#1747 =( GEOMETRIC_REPRESENTATION_CONTEXT ( 3 ) GLOBAL_UNCERTAINTY_ASSIGNED_CONTEXT ( ( #470 ) ) GLOBAL_UNIT_ASSIGNED_CONTEXT ( ( #1352, #2294, #1927 ) ) REPRESENTATION_CONTEXT ( 'NONE', 'WORKASPACE' ) );
#1748 = DIRECTION ( 'NONE',  ( -0.000000000000000000, -0.000000000000000000, -1.000000000000000000 ) ) ;
#1749 = CYLINDRICAL_SURFACE ( 'NONE', #632, 1.699999999999993072 ) ;
#1750 = CARTESIAN_POINT ( 'NONE',  ( 0.000000000000000000, 0.000000000000000000, -20.39999999999999858 ) ) ;
#1751 = AXIS2_PLACEMENT_3D ( 'NONE', #1788, #2163, #533 ) ;
#1752 = AXIS2_PLACEMENT_3D ( 'NONE', #1190, #1912, #653 ) ;
#1753 = LINE ( 'NONE', #864, #1186 ) ;
#1754 = FACE_BOUND ( 'NONE', #1411, .T. ) ;
#1755 = AXIS2_PLACEMENT_3D ( 'NONE', #630, #123, #2259 ) ;
#1756 = AXIS2_PLACEMENT_3D ( 'NONE', #1480, #2201, #975 ) ;
#1757 = AXIS2_PLACEMENT_3D ( 'NONE', #1776, #887, #2326 ) ;
#1758 = ADVANCED_FACE ( 'NONE', ( #1726 ), #452, .F. ) ;
#1759 = CARTESIAN_POINT ( 'NONE',  ( 13.26794919243112680, 40.99999999999998579, -23.39999999999999858 ) ) ;
#1760 = VERTEX_POINT ( 'NONE', #645 ) ;
#1761 = DIRECTION ( 'NONE',  ( -1.000000000000000000, 2.503857664561926460E-16, 0.000000000000000000 ) ) ;
#1762 = DIRECTION ( 'NONE',  ( 0.000000000000000000, 0.000000000000000000, -1.000000000000000000 ) ) ;
#1763 = AXIS2_PLACEMENT_3D ( 'NONE', #1974, #1819, #41 ) ;
#1764 = DIRECTION ( 'NONE',  ( 1.000000000000000000, 0.000000000000000000, 0.000000000000000000 ) ) ;
#1765 = AXIS2_PLACEMENT_3D ( 'NONE', #2256, #88, #1185 ) ;
#1766 = CARTESIAN_POINT ( 'NONE',  ( 15.00000000000000000, 44.00000000000000000, -23.39999999999999858 ) ) ;
#1767 = CARTESIAN_POINT ( 'NONE',  ( 13.26794919243112858, 10.99999999999999645, -23.39999999999999858 ) ) ;
#1768 = ORIENTED_EDGE ( 'NONE', *, *, #803, .T. ) ;
#1769 = EDGE_LOOP ( 'NONE', ( #1884, #739, #1696, #432, #1741, #1467 ) ) ;
#1770 = EDGE_CURVE ( 'NONE', #1038, #66, #1567, .T. ) ;
#1771 = LINE ( 'NONE', #1040, #54 ) ;
#1772 = CARTESIAN_POINT ( 'NONE',  ( 61.55000000000000426, 29.00000000000000000, -20.39999999999999858 ) ) ;
#1773 = CARTESIAN_POINT ( 'NONE',  ( 15.00000000000000000, 33.00000000000000000, -20.39999999999999858 ) ) ;
#1774 = EDGE_CURVE ( 'NONE', #457, #1321, #286, .T. ) ;
#1775 = CARTESIAN_POINT ( 'NONE',  ( 13.26794919243111970, 16.99999999999999645, -20.39999999999999858 ) ) ;
#1776 = CARTESIAN_POINT ( 'NONE',  ( 76.25000000000001421, 29.00000000000000355, -27.39999999999999858 ) ) ;
#1777 = CARTESIAN_POINT ( 'NONE',  ( 0.000000000000000000, 0.000000000000000000, -20.39999999999999858 ) ) ;
#1778 = FACE_OUTER_BOUND ( 'NONE', #177, .T. ) ;
#1779 = EDGE_LOOP ( 'NONE', ( #1171, #412, #811, #1134 ) ) ;
#1780 = FACE_OUTER_BOUND ( 'NONE', #1715, .T. ) ;
#1781 = CARTESIAN_POINT ( 'NONE',  ( 0.000000000000000000, 48.00000000000000000, -20.39999999999999858 ) ) ;
#1782 = VERTEX_POINT ( 'NONE', #824 ) ;
#1783 = DIRECTION ( 'NONE',  ( -0.8660254037844384856, 0.5000000000000004441, 0.000000000000000000 ) ) ;
#1784 = ORIENTED_EDGE ( 'NONE', *, *, #230, .T. ) ;
#1785 = EDGE_CURVE ( 'NONE', #1395, #1883, #1535, .T. ) ;
#1786 = DIRECTION ( 'NONE',  ( 0.000000000000000000, 0.000000000000000000, -1.000000000000000000 ) ) ;
#1787 = CARTESIAN_POINT ( 'NONE',  ( 91.73205080756886787, 7.052132500626931311, -24.39999999999999858 ) ) ;
#1788 = CARTESIAN_POINT ( 'NONE',  ( 76.25000000000001421, 29.00000000000000355, -25.64999999999999858 ) ) ;
#1789 = LINE ( 'NONE', #702, #631 ) ;
#1790 = AXIS2_PLACEMENT_3D ( 'NONE', #181, #1454, #1398 ) ;
#1791 = ORIENTED_EDGE ( 'NONE', *, *, #2325, .F. ) ;
#1792 = AXIS2_PLACEMENT_3D ( 'NONE', #1139, #596, #1673 ) ;
#1793 = FACE_OUTER_BOUND ( 'NONE', #1857, .T. ) ;
#1794 = DIRECTION ( 'NONE',  ( -0.4999999999999997780, 0.8660254037844388186, 0.000000000000000000 ) ) ;
#1795 = CARTESIAN_POINT ( 'NONE',  ( 40.30000000000000426, 29.00000000000000000, -25.64999999999999858 ) ) ;
#1796 = ORIENTED_EDGE ( 'NONE', *, *, #1502, .F. ) ;
#1797 = CARTESIAN_POINT ( 'NONE',  ( 91.73205080756886787, 1.052132500626953959, -27.39999999999999858 ) ) ;
#1798 = ORIENTED_EDGE ( 'NONE', *, *, #1925, .T. ) ;
#1799 = AXIS2_PLACEMENT_3D ( 'NONE', #1585, #2156, #323 ) ;
#1800 = CARTESIAN_POINT ( 'NONE',  ( 100.0000000000000000, 8.000000000000000000, -10.19999999999999929 ) ) ;
#1801 = VECTOR ( 'NONE', #1997, 1000.000000000000000 ) ;
#1802 = EDGE_CURVE ( 'NONE', #623, #1904, #622, .T. ) ;
#1803 = DIRECTION ( 'NONE',  ( -0.000000000000000000, -0.000000000000000000, -1.000000000000000000 ) ) ;
#1804 = DIRECTION ( 'NONE',  ( -0.000000000000000000, -0.000000000000000000, 1.000000000000000000 ) ) ;
#1805 = CARTESIAN_POINT ( 'NONE',  ( 15.00000000000000000, 13.99999999999999822, -23.39999999999999858 ) ) ;
#1806 = EDGE_LOOP ( 'NONE', ( #1555, #1215, #84, #199, #30, #1853 ) ) ;
#1807 = LINE ( 'NONE', #2321, #168 ) ;
#1808 = CARTESIAN_POINT ( 'NONE',  ( 58.50000000000000711, 29.00000000000000000, -25.64999999999999858 ) ) ;
#1809 = VERTEX_POINT ( 'NONE', #678 ) ;
#1810 = FACE_OUTER_BOUND ( 'NONE', #1712, .T. ) ;
#1811 = DIRECTION ( 'NONE',  ( 0.000000000000000000, 0.000000000000000000, 1.000000000000000000 ) ) ;
#1812 = DIRECTION ( 'NONE',  ( 0.8660254037844383745, -0.5000000000000005551, 0.000000000000000000 ) ) ;
#1813 = ADVANCED_FACE ( 'NONE', ( #2087 ), #1557, .F. ) ;
#1814 = DIRECTION ( 'NONE',  ( 0.000000000000000000, 0.000000000000000000, -1.000000000000000000 ) ) ;
#1815 = ADVANCED_FACE ( 'NONE', ( #2262 ), #1203, .F. ) ;
#1816 = ORIENTED_EDGE ( 'NONE', *, *, #268, .T. ) ;
#1817 = DIRECTION ( 'NONE',  ( 0.000000000000000000, -1.000000000000000000, 0.000000000000000000 ) ) ;
#1818 = FACE_OUTER_BOUND ( 'NONE', #614, .T. ) ;
#1819 = DIRECTION ( 'NONE',  ( 0.000000000000000000, 0.000000000000000000, -1.000000000000000000 ) ) ;
#1820 = ORIENTED_EDGE ( 'NONE', *, *, #22, .T. ) ;
#1821 = DIRECTION ( 'NONE',  ( -0.5000000000000004441, -0.8660254037844383745, 0.000000000000000000 ) ) ;
#1822 = DIRECTION ( 'NONE',  ( -0.8660254037844383745, 0.5000000000000006661, 0.000000000000000000 ) ) ;
#1823 = LINE ( 'NONE', #1242, #964 ) ;
#1824 = VECTOR ( 'NONE', #372, 1000.000000000000000 ) ;
#1825 = CARTESIAN_POINT ( 'NONE',  ( 18.46410161513775705, 43.99999999999999289, -23.39999999999999858 ) ) ;
#1826 = EDGE_CURVE ( 'NONE', #766, #2041, #774, .T. ) ;
#1827 = AXIS2_PLACEMENT_3D ( 'NONE', #261, #1155, #1340 ) ;
#1828 = ORIENTED_EDGE ( 'NONE', *, *, #455, .F. ) ;
#1829 = DIRECTION ( 'NONE',  ( 1.000000000000000000, 0.000000000000000000, 0.000000000000000000 ) ) ;
#1830 = ADVANCED_FACE ( 'NONE', ( #2107 ), #1384, .F. ) ;
#1831 = CARTESIAN_POINT ( 'NONE',  ( 27.20000000000000284, 29.00000000000000000, -25.64999999999999858 ) ) ;
#1832 = AXIS2_PLACEMENT_3D ( 'NONE', #2304, #818, #1544 ) ;
#1833 = DIRECTION ( 'NONE',  ( -1.000000000000000000, 0.000000000000000000, 0.000000000000000000 ) ) ;
#1834 = ORIENTED_EDGE ( 'NONE', *, *, #507, .T. ) ;
#1835 = AXIS2_PLACEMENT_3D ( 'NONE', #2113, #1420, #2302 ) ;
#1836 = ORIENTED_EDGE ( 'NONE', *, *, #684, .T. ) ;
#1837 = DIRECTION ( 'NONE',  ( 0.000000000000000000, 0.000000000000000000, -1.000000000000000000 ) ) ;
#1838 = DIRECTION ( 'NONE',  ( 0.4999999999999999445, 0.8660254037844387076, 0.000000000000000000 ) ) ;
#1839 = CYLINDRICAL_SURFACE ( 'NONE', #2019, 1.699999999999993072 ) ;
#1840 = CIRCLE ( 'NONE', #821, 1.699999999999993072 ) ;
#1841 = VERTEX_POINT ( 'NONE', #114 ) ;
#1842 = CARTESIAN_POINT ( 'NONE',  ( 91.73205080756886787, 7.052132500626931311, -27.39999999999999858 ) ) ;
#1843 = DIRECTION ( 'NONE',  ( 0.000000000000000000, 0.000000000000000000, 1.000000000000000000 ) ) ;
#1844 = DIRECTION ( 'NONE',  ( 0.000000000000000000, 0.000000000000000000, 1.000000000000000000 ) ) ;
#1845 = VERTEX_POINT ( 'NONE', #487 ) ;
#1846 = EDGE_CURVE ( 'NONE', #457, #75, #1212, .T. ) ;
#1847 = ORIENTED_EDGE ( 'NONE', *, *, #1354, .F. ) ;
#1848 = AXIS2_PLACEMENT_3D ( 'NONE', #1280, #2008, #194 ) ;
#1849 = EDGE_CURVE ( 'NONE', #153, #212, #1823, .T. ) ;
#1850 = FACE_OUTER_BOUND ( 'NONE', #1769, .T. ) ;
#1851 = CARTESIAN_POINT ( 'NONE',  ( 13.26794919243111970, 16.99999999999999645, -23.39999999999999858 ) ) ;
#1852 = CARTESIAN_POINT ( 'NONE',  ( 11.53589838486224473, 14.00000000000000178, -23.39999999999999858 ) ) ;
#1853 = ORIENTED_EDGE ( 'NONE', *, *, #1157, .F. ) ;
#1854 = CYLINDRICAL_SURFACE ( 'NONE', #778, 1.700000000000000178 ) ;
#1855 = ORIENTED_EDGE ( 'NONE', *, *, #820, .T. ) ;
#1856 = ORIENTED_EDGE ( 'NONE', *, *, #845, .T. ) ;
#1857 = EDGE_LOOP ( 'NONE', ( #69, #2076, #1169, #936 ) ) ;
#1858 = CARTESIAN_POINT ( 'NONE',  ( 8.267949192431121475, 7.052132500626953515, -24.39999999999999858 ) ) ;
#1859 = CARTESIAN_POINT ( 'NONE',  ( 91.73205080756886787, 7.052132500626931311, -24.39999999999999858 ) ) ;
#1860 = ADVANCED_FACE ( 'NONE', ( #1402 ), #865, .F. ) ;
#1861 = EDGE_LOOP ( 'NONE', ( #1483, #638, #2006, #788 ) ) ;
#1862 = LINE ( 'NONE', #787, #425 ) ;
#1863 = ORIENTED_EDGE ( 'NONE', *, *, #1906, .F. ) ;
#1864 = VECTOR ( 'NONE', #1254, 1000.000000000000000 ) ;
#1865 = DIRECTION ( 'NONE',  ( -0.000000000000000000, -0.000000000000000000, -1.000000000000000000 ) ) ;
#1866 = ORIENTED_EDGE ( 'NONE', *, *, #2025, .F. ) ;
#1867 = VECTOR ( 'NONE', #1329, 1000.000000000000000 ) ;
#1868 = ORIENTED_EDGE ( 'NONE', *, *, #1433, .T. ) ;
#1869 = VERTEX_POINT ( 'NONE', #735 ) ;
#1870 = CIRCLE ( 'NONE', #693, 4.000000000000000000 ) ;
#1871 = CYLINDRICAL_SURFACE ( 'NONE', #1924, 3.500000000000003109 ) ;
#1872 = CARTESIAN_POINT ( 'NONE',  ( 88.26794919243111792, 1.052132500626954625, -24.39999999999999858 ) ) ;
#1873 = VECTOR ( 'NONE', #681, 1000.000000000000000 ) ;
#1874 = ORIENTED_EDGE ( 'NONE', *, *, #762, .T. ) ;
#1875 = AXIS2_PLACEMENT_3D ( 'NONE', #565, #552, #1087 ) ;
#1876 = EDGE_CURVE ( 'NONE', #1494, #1014, #1612, .T. ) ;
#1877 = CARTESIAN_POINT ( 'NONE',  ( 6.535898384862242949, 4.052132500626949962, -27.39999999999999858 ) ) ;
#1878 = CIRCLE ( 'NONE', #1540, 2.600000000000004974 ) ;
#1879 = EDGE_CURVE ( 'NONE', #1395, #1075, #2028, .T. ) ;
#1880 = VERTEX_POINT ( 'NONE', #561 ) ;
#1881 = AXIS2_PLACEMENT_3D ( 'NONE', #869, #340, #500 ) ;
#1882 = CARTESIAN_POINT ( 'NONE',  ( 11.73205080756888385, 7.052132500626952627, -27.39999999999999858 ) ) ;
#1883 = VERTEX_POINT ( 'NONE', #2136 ) ;
#1884 = ORIENTED_EDGE ( 'NONE', *, *, #1999, .T. ) ;
#1885 = EDGE_LOOP ( 'NONE', ( #73, #1423, #801, #2080 ) ) ;
#1886 = FACE_OUTER_BOUND ( 'NONE', #1486, .T. ) ;
#1887 = CARTESIAN_POINT ( 'NONE',  ( 64.99997735166938639, 3.999999999999997335, -10.19999999999999929 ) ) ;
#1888 = ORIENTED_EDGE ( 'NONE', *, *, #1716, .F. ) ;
#1889 = LINE ( 'NONE', #234, #2250 ) ;
#1890 = ADVANCED_FACE ( 'NONE', ( #326 ), #1104, .F. ) ;
#1891 = ORIENTED_EDGE ( 'NONE', *, *, #1497, .T. ) ;
#1892 = DIRECTION ( 'NONE',  ( -0.000000000000000000, -0.000000000000000000, -1.000000000000000000 ) ) ;
#1893 = ADVANCED_FACE ( 'NONE', ( #1968 ), #874, .F. ) ;
#1894 = ORIENTED_EDGE ( 'NONE', *, *, #675, .F. ) ;
#1895 = ORIENTED_EDGE ( 'NONE', *, *, #2344, .T. ) ;
#1896 = ORIENTED_EDGE ( 'NONE', *, *, #588, .T. ) ;
#1897 = CARTESIAN_POINT ( 'NONE',  ( 16.73205080756887142, 47.00000000000000711, -23.39999999999999858 ) ) ;
#1898 = DIRECTION ( 'NONE',  ( 0.000000000000000000, 0.000000000000000000, -1.000000000000000000 ) ) ;
#1899 = ORIENTED_EDGE ( 'NONE', *, *, #937, .F. ) ;
#1900 = CARTESIAN_POINT ( 'NONE',  ( 32.40002264833059797, 4.052132500626949962, -20.39999999999999858 ) ) ;
#1901 = DIRECTION ( 'NONE',  ( -1.000000000000000000, 0.000000000000000000, 0.000000000000000000 ) ) ;
#1902 = DIRECTION ( 'NONE',  ( 1.000000000000000000, 0.000000000000000000, 0.000000000000000000 ) ) ;
#1903 = ORIENTED_EDGE ( 'NONE', *, *, #1999, .F. ) ;
#1904 = VERTEX_POINT ( 'NONE', #184 ) ;
#1905 = ORIENTED_EDGE ( 'NONE', *, *, #1391, .F. ) ;
#1906 = EDGE_CURVE ( 'NONE', #1335, #839, #1253, .T. ) ;
#1907 = CARTESIAN_POINT ( 'NONE',  ( 76.25000000000001421, 29.00000000000000355, -27.39999999999999858 ) ) ;
#1908 = CIRCLE ( 'NONE', #1719, 1.700000000000000178 ) ;
#1909 = FACE_OUTER_BOUND ( 'NONE', #1971, .T. ) ;
#1910 = AXIS2_PLACEMENT_3D ( 'NONE', #1175, #1578, #2124 ) ;
#1911 = ORIENTED_EDGE ( 'NONE', *, *, #937, .T. ) ;
#1912 = DIRECTION ( 'NONE',  ( 0.000000000000000000, 0.000000000000000000, -1.000000000000000000 ) ) ;
#1913 = CIRCLE ( 'NONE', #1792, 2.600000000000004974 ) ;
#1914 = CARTESIAN_POINT ( 'NONE',  ( 63.29997735166939776, 3.999999999999997335, -20.39999999999999858 ) ) ;
#1915 = AXIS2_PLACEMENT_3D ( 'NONE', #1, #877, #713 ) ;
#1916 = DIRECTION ( 'NONE',  ( -0.000000000000000000, -0.000000000000000000, -1.000000000000000000 ) ) ;
#1917 = AXIS2_PLACEMENT_3D ( 'NONE', #1990, #726, #1239 ) ;
#1918 = ORIENTED_EDGE ( 'NONE', *, *, #562, .T. ) ;
#1919 = DIRECTION ( 'NONE',  ( -0.000000000000000000, -0.000000000000000000, 1.000000000000000000 ) ) ;
#1920 = CARTESIAN_POINT ( 'NONE',  ( 11.53589838486224473, 14.00000000000000178, -20.39999999999999858 ) ) ;
#1921 = CIRCLE ( 'NONE', #2225, 6.550000000000000711 ) ;
#1922 = EDGE_CURVE ( 'NONE', #1880, #1073, #2175, .T. ) ;
#1923 = DIRECTION ( 'NONE',  ( -0.000000000000000000, -1.000000000000000000, 0.000000000000000000 ) ) ;
#1924 = AXIS2_PLACEMENT_3D ( 'NONE', #580, #1837, #2016 ) ;
#1925 = EDGE_CURVE ( 'NONE', #757, #396, #2009, .T. ) ;
#1926 = ORIENTED_EDGE ( 'NONE', *, *, #1545, .F. ) ;
#1927 =( NAMED_UNIT ( * ) SI_UNIT ( $, .STERADIAN. ) SOLID_ANGLE_UNIT ( ) );
#1928 = DIRECTION ( 'NONE',  ( 1.000000000000000000, 0.000000000000000000, 0.000000000000000000 ) ) ;
#1929 = EDGE_LOOP ( 'NONE', ( #1552, #329, #815, #619 ) ) ;
#1930 = ORIENTED_EDGE ( 'NONE', *, *, #1586, .F. ) ;
#1931 = CARTESIAN_POINT ( 'NONE',  ( 15.00000000000000000, 29.00000000000000000, -27.39999999999999858 ) ) ;
#1932 = DIRECTION ( 'NONE',  ( 1.000000000000000000, 0.000000000000000000, 0.000000000000000000 ) ) ;
#1933 = LINE ( 'NONE', #111, #239 ) ;
#1934 = VERTEX_POINT ( 'NONE', #506 ) ;
#1935 = SURFACE_STYLE_FILL_AREA ( #1566 ) ;
#1936 = ADVANCED_FACE ( 'NONE', ( #519 ), #1589, .F. ) ;
#1937 = DIRECTION ( 'NONE',  ( 1.000000000000000000, 0.000000000000000000, -0.000000000000000000 ) ) ;
#1938 = EDGE_CURVE ( 'NONE', #1746, #1745, #1459, .T. ) ;
#1939 = DIRECTION ( 'NONE',  ( -0.000000000000000000, -0.000000000000000000, -1.000000000000000000 ) ) ;
#1940 = EDGE_LOOP ( 'NONE', ( #71, #1445 ) ) ;
#1941 = CARTESIAN_POINT ( 'NONE',  ( 27.20000000000000284, 29.00000000000000000, -20.39999999999999858 ) ) ;
#1942 = LINE ( 'NONE', #861, #1233 ) ;
#1943 = CARTESIAN_POINT ( 'NONE',  ( 0.000000000000000000, 33.00000000000000000, -27.39999999999999858 ) ) ;
#1944 = PLANE ( 'NONE',  #1752 ) ;
#1945 = CARTESIAN_POINT ( 'NONE',  ( 0.000000000000000000, 0.000000000000000000, -27.39999999999999858 ) ) ;
#1946 = AXIS2_PLACEMENT_3D ( 'NONE', #106, #2119, #306 ) ;
#1947 = EDGE_CURVE ( 'NONE', #1934, #1344, #2317, .T. ) ;
#1948 = VECTOR ( 'NONE', #1663, 1000.000000000000000 ) ;
#1949 = APPLICATION_CONTEXT ( 'automotive_design' ) ;
#1950 = VERTEX_POINT ( 'NONE', #1232 ) ;
#1951 = VERTEX_POINT ( 'NONE', #1958 ) ;
#1952 = CARTESIAN_POINT ( 'NONE',  ( 16.73205080756887853, 40.99999999999998579, -23.39999999999999858 ) ) ;
#1953 = CARTESIAN_POINT ( 'NONE',  ( 8.267949192431119698, 1.052132500626948186, -27.39999999999999858 ) ) ;
#1954 = AXIS2_PLACEMENT_3D ( 'NONE', #723, #892, #523 ) ;
#1955 = LINE ( 'NONE', #1410, #1116 ) ;
#1956 = VECTOR ( 'NONE', #178, 1000.000000000000000 ) ;
#1957 = CARTESIAN_POINT ( 'NONE',  ( 35.00002264833060650, 4.052132500626949962, -10.19999999999999929 ) ) ;
#1958 = CARTESIAN_POINT ( 'NONE',  ( 91.70000000000000284, 4.052132500626949962, -24.39999999999999858 ) ) ;
#1959 = ADVANCED_FACE ( 'NONE', ( #12 ), #335, .F. ) ;
#1960 = DIRECTION ( 'NONE',  ( -0.000000000000000000, -0.000000000000000000, 1.000000000000000000 ) ) ;
#1961 = EDGE_LOOP ( 'NONE', ( #289, #1306, #999, #1431 ) ) ;
#1962 = CARTESIAN_POINT ( 'NONE',  ( 8.267949192431121475, 7.052132500626953515, -24.39999999999999858 ) ) ;
#1963 = EDGE_CURVE ( 'NONE', #1005, #359, #2068, .T. ) ;
#1964 = CARTESIAN_POINT ( 'NONE',  ( 16.69999999999999929, 13.99999999999999822, -27.39999999999999858 ) ) ;
#1965 = DIRECTION ( 'NONE',  ( 0.000000000000000000, 0.000000000000000000, 1.000000000000000000 ) ) ;
#1966 = ORIENTED_EDGE ( 'NONE', *, *, #1095, .T. ) ;
#1967 = DIRECTION ( 'NONE',  ( 0.000000000000000000, 0.000000000000000000, -1.000000000000000000 ) ) ;
#1968 = FACE_OUTER_BOUND ( 'NONE', #1727, .T. ) ;
#1969 = CARTESIAN_POINT ( 'NONE',  ( 11.70000000000000107, 4.052132500626949962, -10.19999999999999929 ) ) ;
#1970 = CARTESIAN_POINT ( 'NONE',  ( 13.26794919243111970, 16.99999999999999645, -23.39999999999999858 ) ) ;
#1971 = EDGE_LOOP ( 'NONE', ( #1705, #7 ) ) ;
#1972 = DIRECTION ( 'NONE',  ( 1.000000000000000000, 0.000000000000000000, 0.000000000000000000 ) ) ;
#1973 = DIRECTION ( 'NONE',  ( 0.000000000000000000, 0.000000000000000000, -1.000000000000000000 ) ) ;
#1974 = CARTESIAN_POINT ( 'NONE',  ( 0.000000000000000000, 0.000000000000000000, -24.39999999999999858 ) ) ;
#1975 = ORIENTED_EDGE ( 'NONE', *, *, #2115, .T. ) ;
#1976 = EDGE_CURVE ( 'NONE', #2041, #474, #710, .T. ) ;
#1977 = VECTOR ( 'NONE', #1981, 1000.000000000000000 ) ;
#1978 = LINE ( 'NONE', #358, #2179 ) ;
#1979 = ORIENTED_EDGE ( 'NONE', *, *, #603, .F. ) ;
#1980 = EDGE_CURVE ( 'NONE', #2242, #2287, #1268, .T. ) ;
#1981 = DIRECTION ( 'NONE',  ( 0.000000000000000000, 0.000000000000000000, -1.000000000000000000 ) ) ;
#1982 = DIRECTION ( 'NONE',  ( -1.000000000000000000, 0.000000000000000000, 0.000000000000000000 ) ) ;
#1983 = VECTOR ( 'NONE', #48, 1000.000000000000000 ) ;
#1984 = LINE ( 'NONE', #1472, #655 ) ;
#1985 = FACE_OUTER_BOUND ( 'NONE', #923, .T. ) ;
#1986 = AXIS2_PLACEMENT_3D ( 'NONE', #708, #1052, #1424 ) ;
#1987 = VERTEX_POINT ( 'NONE', #760 ) ;
#1988 = VECTOR ( 'NONE', #1625, 1000.000000000000000 ) ;
#1989 = DIRECTION ( 'NONE',  ( 0.5000000000000005551, 0.8660254037844382635, 0.000000000000000000 ) ) ;
#1990 = CARTESIAN_POINT ( 'NONE',  ( 35.00002264833060650, 4.052132500626949962, -20.39999999999999858 ) ) ;
#1991 = LINE ( 'NONE', #1795, #2297 ) ;
#1992 = EDGE_LOOP ( 'NONE', ( #2092, #26 ) ) ;
#1993 = CARTESIAN_POINT ( 'NONE',  ( 13.29999999999999893, 44.00000000000000000, -23.39999999999999858 ) ) ;
#1994 = VECTOR ( 'NONE', #657, 1000.000000000000000 ) ;
#1995 = EDGE_CURVE ( 'NONE', #2338, #941, #1913, .T. ) ;
#1996 = AXIS2_PLACEMENT_3D ( 'NONE', #2014, #1844, #944 ) ;
#1997 = DIRECTION ( 'NONE',  ( -0.000000000000000000, -0.000000000000000000, -1.000000000000000000 ) ) ;
#1998 = CARTESIAN_POINT ( 'NONE',  ( 63.29997735166939776, 3.999999999999997335, -10.19999999999999929 ) ) ;
#1999 = EDGE_CURVE ( 'NONE', #2252, #1181, #939, .T. ) ;
#2000 = CYLINDRICAL_SURFACE ( 'NONE', #1751, 6.550000000000000711 ) ;
#2001 = VECTOR ( 'NONE', #1129, 1000.000000000000114 ) ;
#2002 = ORIENTED_EDGE ( 'NONE', *, *, #63, .T. ) ;
#2003 = CARTESIAN_POINT ( 'NONE',  ( 91.73205080756886787, 7.052132500626931311, -24.39999999999999858 ) ) ;
#2004 = DIRECTION ( 'NONE',  ( 1.000000000000000000, 0.000000000000000000, 0.000000000000000000 ) ) ;
#2005 = LINE ( 'NONE', #394, #508 ) ;
#2006 = ORIENTED_EDGE ( 'NONE', *, *, #221, .F. ) ;
#2007 = DIRECTION ( 'NONE',  ( -1.000000000000000000, 0.000000000000000000, 0.000000000000000000 ) ) ;
#2008 = DIRECTION ( 'NONE',  ( 0.000000000000000000, 0.000000000000000000, 1.000000000000000000 ) ) ;
#2009 = LINE ( 'NONE', #1427, #280 ) ;
#2010 = EDGE_CURVE ( 'NONE', #1014, #237, #949, .T. ) ;
#2011 = CARTESIAN_POINT ( 'NONE',  ( 0.000000000000000000, 48.00000000000000000, -27.39999999999999858 ) ) ;
#2012 = ORIENTED_EDGE ( 'NONE', *, *, #1702, .T. ) ;
#2013 = CARTESIAN_POINT ( 'NONE',  ( 64.99997735166938639, 3.999999999999997335, -10.19999999999999929 ) ) ;
#2014 = CARTESIAN_POINT ( 'NONE',  ( 33.75000000000000000, 29.00000000000000000, -25.64999999999999858 ) ) ;
#2015 = ORIENTED_EDGE ( 'NONE', *, *, #1846, .F. ) ;
#2016 = DIRECTION ( 'NONE',  ( 1.000000000000000000, 0.000000000000000000, 0.000000000000000000 ) ) ;
#2017 = LINE ( 'NONE', #2246, #1686 ) ;
#2018 = PLANE ( 'NONE',  #1827 ) ;
#2019 = AXIS2_PLACEMENT_3D ( 'NONE', #2248, #977, #1167 ) ;
#2020 = EDGE_CURVE ( 'NONE', #2223, #1782, #429, .T. ) ;
#2021 = VERTEX_POINT ( 'NONE', #2055 ) ;
#2022 = CARTESIAN_POINT ( 'NONE',  ( 32.40002264833059797, 4.052132500626949962, -27.39999999999999858 ) ) ;
#2023 = DIRECTION ( 'NONE',  ( -0.000000000000000000, -0.000000000000000000, -1.000000000000000000 ) ) ;
#2024 = VECTOR ( 'NONE', #595, 1000.000000000000000 ) ;
#2025 = EDGE_CURVE ( 'NONE', #1602, #577, #57, .T. ) ;
#2026 = DIRECTION ( 'NONE',  ( 0.000000000000000000, 0.000000000000000000, 1.000000000000000000 ) ) ;
#2027 = ORIENTED_EDGE ( 'NONE', *, *, #1293, .F. ) ;
#2028 = CIRCLE ( 'NONE', #349, 1.699999999999993072 ) ;
#2029 = ORIENTED_EDGE ( 'NONE', *, *, #1502, .T. ) ;
#2030 = CARTESIAN_POINT ( 'NONE',  ( 93.46410161513773573, 4.052132500626941081, -24.39999999999999858 ) ) ;
#2031 = CLOSED_SHELL ( 'NONE', ( #687, #2313, #453, #190, #870, #696, #1381, #1815, #293, #1337, #1481, #2241, #965, #1569, #2200, #661, #345, #297, #2341, #1860, #635, #1468, #235, #1742, #1515, #1758, #174, #1548, #1890, #995, #863, #1813, #1209, #376, #281, #1418, #559, #1830, #1595, #1676, #2111, #1558, #1415, #1081, #1399, #2128, #1531, #671, #2189, #2244, #60, #1219, #1936, #186, #2040, #1893, #1959, #4, #1281, #2088, #1429, #1452, #2315, #2305, #1560, #420, #981, #1389, #978, #759, #159, #133, #128, #772, #115 ) ) ;
#2032 = DIRECTION ( 'NONE',  ( -1.000000000000000000, 0.000000000000000000, 0.000000000000000000 ) ) ;
#2033 = CIRCLE ( 'NONE', #248, 1.700000000000000178 ) ;
#2034 = CARTESIAN_POINT ( 'NONE',  ( 11.53589838486224473, 14.00000000000000178, -23.39999999999999858 ) ) ;
#2035 = ORIENTED_EDGE ( 'NONE', *, *, #2166, .T. ) ;
#2036 = PRODUCT_DEFINITION ( 'UNKNOWN', '', #1195, #997 ) ;
#2037 = DIRECTION ( 'NONE',  ( 1.000000000000000000, 0.000000000000000000, 0.000000000000000000 ) ) ;
#2038 = ORIENTED_EDGE ( 'NONE', *, *, #571, .T. ) ;
#2039 = VERTEX_POINT ( 'NONE', #2209 ) ;
#2040 = ADVANCED_FACE ( 'NONE', ( #582 ), #1327, .F. ) ;
#2041 = VERTEX_POINT ( 'NONE', #1470 ) ;
#2042 = DIRECTION ( 'NONE',  ( -0.000000000000000000, -0.000000000000000000, -1.000000000000000000 ) ) ;
#2043 = DIRECTION ( 'NONE',  ( 0.4999999999999999445, -0.8660254037844385966, 0.000000000000000000 ) ) ;
#2044 = EDGE_LOOP ( 'NONE', ( #1135, #2130 ) ) ;
#2045 = DIRECTION ( 'NONE',  ( 0.000000000000000000, 0.000000000000000000, -1.000000000000000000 ) ) ;
#2046 = ADVANCED_BREP_SHAPE_REPRESENTATION ( 'gear mounts_nut_side', ( #1143, #91 ), #1573 ) ;
#2047 = ORIENTED_EDGE ( 'NONE', *, *, #712, .T. ) ;
#2048 = DIRECTION ( 'NONE',  ( -1.000000000000000000, 0.000000000000000000, 0.000000000000000000 ) ) ;
#2049 = ORIENTED_EDGE ( 'NONE', *, *, #1234, .T. ) ;
#2050 = ORIENTED_EDGE ( 'NONE', *, *, #990, .F. ) ;
#2051 = EDGE_LOOP ( 'NONE', ( #2349, #816, #2091, #1623 ) ) ;
#2052 = CIRCLE ( 'NONE', #38, 6.550000000000000711 ) ;
#2053 = EDGE_CURVE ( 'NONE', #1694, #1038, #419, .T. ) ;
#2054 = FACE_BOUND ( 'NONE', #900, .T. ) ;
#2055 = CARTESIAN_POINT ( 'NONE',  ( 48.45000000000000995, 29.00000000000000000, -20.39999999999999858 ) ) ;
#2056 = EDGE_CURVE ( 'NONE', #1048, #2212, #959, .T. ) ;
#2057 = ORIENTED_EDGE ( 'NONE', *, *, #1922, .F. ) ;
#2058 = CARTESIAN_POINT ( 'NONE',  ( 0.000000000000000000, 25.00000000000000000, -27.39999999999999858 ) ) ;
#2059 = VERTEX_POINT ( 'NONE', #1303 ) ;
#2060 = VECTOR ( 'NONE', #1180, 1000.000000000000000 ) ;
#2061 = DIRECTION ( 'NONE',  ( -0.000000000000000000, -0.000000000000000000, 1.000000000000000000 ) ) ;
#2062 = ORIENTED_EDGE ( 'NONE', *, *, #731, .F. ) ;
#2063 = VECTOR ( 'NONE', #1211, 1000.000000000000000 ) ;
#2064 = ORIENTED_EDGE ( 'NONE', *, *, #1223, .T. ) ;
#2065 = ORIENTED_EDGE ( 'NONE', *, *, #890, .T. ) ;
#2066 = AXIS2_PLACEMENT_3D ( 'NONE', #2147, #1633, #1607 ) ;
#2067 = ORIENTED_EDGE ( 'NONE', *, *, #47, .T. ) ;
#2068 = CIRCLE ( 'NONE', #1757, 3.500000000000003109 ) ;
#2069 = LINE ( 'NONE', #245, #1237 ) ;
#2070 = EDGE_CURVE ( 'NONE', #1294, #216, #1227, .T. ) ;
#2071 = VECTOR ( 'NONE', #1989, 1000.000000000000227 ) ;
#2072 = EDGE_LOOP ( 'NONE', ( #1918, #2035, #431, #404 ) ) ;
#2073 = FACE_OUTER_BOUND ( 'NONE', #52, .T. ) ;
#2074 = EDGE_CURVE ( 'NONE', #182, #1760, #2138, .T. ) ;
#2075 = VECTOR ( 'NONE', #919, 1000.000000000000114 ) ;
#2076 = ORIENTED_EDGE ( 'NONE', *, *, #1528, .F. ) ;
#2077 = AXIS2_PLACEMENT_3D ( 'NONE', #469, #1368, #1008 ) ;
#2078 = VECTOR ( 'NONE', #156, 1000.000000000000000 ) ;
#2079 = DIRECTION ( 'NONE',  ( 5.007715329123864752E-16, -1.000000000000000000, 0.000000000000000000 ) ) ;
#2080 = ORIENTED_EDGE ( 'NONE', *, *, #1707, .F. ) ;
#2081 = VERTEX_POINT ( 'NONE', #1153 ) ;
#2082 = ORIENTED_EDGE ( 'NONE', *, *, #725, .F. ) ;
#2083 = CARTESIAN_POINT ( 'NONE',  ( 79.75000000000001421, 29.00000000000000355, -27.39999999999999858 ) ) ;
#2084 = CARTESIAN_POINT ( 'NONE',  ( 76.25000000000001421, 29.00000000000000355, -20.39899999999999736 ) ) ;
#2085 = EDGE_LOOP ( 'NONE', ( #2002, #1582, #2249, #1521 ) ) ;
#2086 = LINE ( 'NONE', #1220, #2063 ) ;
#2087 = FACE_OUTER_BOUND ( 'NONE', #1436, .T. ) ;
#2088 = ADVANCED_FACE ( 'NONE', ( #2234 ), #606, .F. ) ;
#2089 = CARTESIAN_POINT ( 'NONE',  ( 13.26794919243112858, 10.99999999999999645, -23.39999999999999858 ) ) ;
#2090 = ORIENTED_EDGE ( 'NONE', *, *, #961, .T. ) ;
#2091 = ORIENTED_EDGE ( 'NONE', *, *, #1152, .T. ) ;
#2092 = ORIENTED_EDGE ( 'NONE', *, *, #950, .T. ) ;
#2093 = PLANE ( 'NONE',  #1164 ) ;
#2094 = FACE_BOUND ( 'NONE', #1176, .T. ) ;
#2095 = VERTEX_POINT ( 'NONE', #247 ) ;
#2096 = DIRECTION ( 'NONE',  ( 0.4999999999999996114, 0.8660254037844388186, 0.000000000000000000 ) ) ;
#2097 = FACE_BOUND ( 'NONE', #240, .T. ) ;
#2098 = EDGE_CURVE ( 'NONE', #1386, #381, #2017, .T. ) ;
#2099 = DIRECTION ( 'NONE',  ( -0.000000000000000000, -0.000000000000000000, 1.000000000000000000 ) ) ;
#2100 = EDGE_LOOP ( 'NONE', ( #2351, #1361 ) ) ;
#2101 = DIRECTION ( 'NONE',  ( -0.8660254037844387076, -0.4999999999999998335, 0.000000000000000000 ) ) ;
#2102 = EDGE_CURVE ( 'NONE', #2081, #2345, #1367, .T. ) ;
#2103 = CARTESIAN_POINT ( 'NONE',  ( 55.00000000000000711, 29.00000000000000000, -20.39999999999999858 ) ) ;
#2104 = CARTESIAN_POINT ( 'NONE',  ( 64.99997735166938639, 3.999999999999997335, -20.39999999999999858 ) ) ;
#2105 = EDGE_LOOP ( 'NONE', ( #2121, #131, #1695, #1166 ) ) ;
#2106 = VECTOR ( 'NONE', #173, 1000.000000000000000 ) ;
#2107 = FACE_OUTER_BOUND ( 'NONE', #1300, .T. ) ;
#2108 = AXIS2_PLACEMENT_3D ( 'NONE', #1193, #2120, #129 ) ;
#2109 = CARTESIAN_POINT ( 'NONE',  ( 16.73205080756887853, 40.99999999999998579, -23.39999999999999858 ) ) ;
#2110 = VECTOR ( 'NONE', #1229, 1000.000000000000000 ) ;
#2111 = ADVANCED_FACE ( 'NONE', ( #220 ), #926, .F. ) ;
#2112 = ORIENTED_EDGE ( 'NONE', *, *, #1140, .T. ) ;
#2113 = CARTESIAN_POINT ( 'NONE',  ( 6.535898384862242949, 4.052132500626949962, -24.39999999999999858 ) ) ;
#2114 = FACE_OUTER_BOUND ( 'NONE', #390, .T. ) ;
#2115 = EDGE_CURVE ( 'NONE', #1526, #589, #1492, .T. ) ;
#2116 = DIRECTION ( 'NONE',  ( -1.000000000000000000, 0.000000000000000000, -0.000000000000000000 ) ) ;
#2117 = ORIENTED_EDGE ( 'NONE', *, *, #155, .T. ) ;
#2118 = LINE ( 'NONE', #285, #2176 ) ;
#2119 = DIRECTION ( 'NONE',  ( -0.000000000000000000, -0.000000000000000000, -1.000000000000000000 ) ) ;
#2120 = DIRECTION ( 'NONE',  ( 0.000000000000000000, 1.000000000000000000, 0.000000000000000000 ) ) ;
#2121 = ORIENTED_EDGE ( 'NONE', *, *, #2227, .F. ) ;
#2122 = CARTESIAN_POINT ( 'NONE',  ( 64.99997735166938639, 3.999999999999997335, -20.39999999999999858 ) ) ;
#2123 = DIRECTION ( 'NONE',  ( -1.000000000000000000, 0.000000000000000000, 0.000000000000000000 ) ) ;
#2124 = DIRECTION ( 'NONE',  ( 1.000000000000000000, 0.000000000000000000, 0.000000000000000000 ) ) ;
#2125 = EDGE_CURVE ( 'NONE', #894, #1699, #1118, .T. ) ;
#2126 = DIRECTION ( 'NONE',  ( 0.000000000000000000, 0.000000000000000000, -1.000000000000000000 ) ) ;
#2127 = DIRECTION ( 'NONE',  ( -0.000000000000000000, -0.000000000000000000, -1.000000000000000000 ) ) ;
#2128 = ADVANCED_FACE ( 'NONE', ( #209 ), #34, .F. ) ;
#2129 = DIRECTION ( 'NONE',  ( 1.000000000000000000, 0.000000000000000000, 0.000000000000000000 ) ) ;
#2130 = ORIENTED_EDGE ( 'NONE', *, *, #364, .F. ) ;
#2131 = DIRECTION ( 'NONE',  ( -0.4999999999999997224, 0.8660254037844388186, 0.000000000000000000 ) ) ;
#2132 = LINE ( 'NONE', #537, #1692 ) ;
#2133 = DIRECTION ( 'NONE',  ( 0.000000000000000000, 0.000000000000000000, -1.000000000000000000 ) ) ;
#2134 = EDGE_CURVE ( 'NONE', #2237, #1678, #160, .T. ) ;
#2135 = DIRECTION ( 'NONE',  ( 1.000000000000000000, -2.503857664561926460E-16, 0.000000000000000000 ) ) ;
#2136 = CARTESIAN_POINT ( 'NONE',  ( 88.30000000000001137, 4.052132500626949962, -24.39999999999999858 ) ) ;
#2137 = AXIS2_PLACEMENT_3D ( 'NONE', #78, #2291, #292 ) ;
#2138 = CIRCLE ( 'NONE', #1756, 3.500000000000003109 ) ;
#2139 = EDGE_CURVE ( 'NONE', #1760, #182, #1341, .T. ) ;
#2140 = AXIS2_PLACEMENT_3D ( 'NONE', #1618, #1432, #1098 ) ;
#2141 = CARTESIAN_POINT ( 'NONE',  ( 64.99997735166938639, 3.999999999999997335, -20.39999999999999858 ) ) ;
#2142 = EDGE_LOOP ( 'NONE', ( #707, #2038, #1546, #1691, #1136, #724 ) ) ;
#2143 = DIRECTION ( 'NONE',  ( -1.000000000000000000, 0.000000000000000000, 0.000000000000000000 ) ) ;
#2144 = FACE_OUTER_BOUND ( 'NONE', #1027, .T. ) ;
#2145 = AXIS2_PLACEMENT_3D ( 'NONE', #162, #147, #1067 ) ;
#2146 = VECTOR ( 'NONE', #408, 1000.000000000000000 ) ;
#2147 = CARTESIAN_POINT ( 'NONE',  ( 76.25000000000001421, 29.00000000000000355, -25.64999999999999858 ) ) ;
#2148 = AXIS2_PLACEMENT_3D ( 'NONE', #918, #1643, #1110 ) ;
#2149 = VERTEX_POINT ( 'NONE', #322 ) ;
#2150 = CARTESIAN_POINT ( 'NONE',  ( 13.26794919243112858, 10.99999999999999645, -20.39999999999999858 ) ) ;
#2151 = CARTESIAN_POINT ( 'NONE',  ( 100.0000000000000000, 0.000000000000000000, -27.39999999999999858 ) ) ;
#2152 = FACE_OUTER_BOUND ( 'NONE', #1298, .T. ) ;
#2153 = FACE_OUTER_BOUND ( 'NONE', #2203, .T. ) ;
#2154 = ORIENTED_EDGE ( 'NONE', *, *, #2301, .T. ) ;
#2155 = CARTESIAN_POINT ( 'NONE',  ( 35.00002264833060650, 4.052132500626949962, -10.19999999999999929 ) ) ;
#2156 = DIRECTION ( 'NONE',  ( 0.000000000000000000, 0.000000000000000000, -1.000000000000000000 ) ) ;
#2157 = EDGE_CURVE ( 'NONE', #212, #2345, #691, .T. ) ;
#2158 = CARTESIAN_POINT ( 'NONE',  ( 64.99997735166938639, 3.999999999999997335, -20.39999999999999858 ) ) ;
#2159 = VERTEX_POINT ( 'NONE', #2320 ) ;
#2160 = DIRECTION ( 'NONE',  ( -1.000000000000000000, 2.503857664561940265E-16, 0.000000000000000000 ) ) ;
#2161 = CARTESIAN_POINT ( 'NONE',  ( 11.53589838486224473, 14.00000000000000178, -20.39999999999999858 ) ) ;
#2162 = CARTESIAN_POINT ( 'NONE',  ( 16.69999999999999929, 13.99999999999999822, -10.19899999999999984 ) ) ;
#2163 = DIRECTION ( 'NONE',  ( -0.000000000000000000, -0.000000000000000000, 1.000000000000000000 ) ) ;
#2164 = PLANE ( 'NONE',  #1915 ) ;
#2165 = ORIENTED_EDGE ( 'NONE', *, *, #935, .F. ) ;
#2166 = EDGE_CURVE ( 'NONE', #365, #2237, #836, .T. ) ;
#2167 =( LENGTH_UNIT ( ) NAMED_UNIT ( * ) SI_UNIT ( .MILLI., .METRE. ) );
#2168 = DIRECTION ( 'NONE',  ( -1.000000000000000000, -0.000000000000000000, 0.000000000000000000 ) ) ;
#2169 = CARTESIAN_POINT ( 'NONE',  ( 35.00002264833060650, 4.052132500626949962, -27.39999999999999858 ) ) ;
#2170 = ORIENTED_EDGE ( 'NONE', *, *, #1688, .F. ) ;
#2171 = CARTESIAN_POINT ( 'NONE',  ( 64.99997735166938639, 3.999999999999997335, -27.39999999999999858 ) ) ;
#2172 = EDGE_CURVE ( 'NONE', #1075, #1951, #1771, .T. ) ;
#2173 = LINE ( 'NONE', #2161, #478 ) ;
#2174 = VECTOR ( 'NONE', #83, 1000.000000000000000 ) ;
#2175 = LINE ( 'NONE', #2353, #2258 ) ;
#2176 = VECTOR ( 'NONE', #1001, 1000.000000000000000 ) ;
#2177 = CARTESIAN_POINT ( 'NONE',  ( 86.53589838486225005, 4.052132500626946410, -24.39999999999999858 ) ) ;
#2178 = DIRECTION ( 'NONE',  ( 0.000000000000000000, 0.000000000000000000, -1.000000000000000000 ) ) ;
#2179 = VECTOR ( 'NONE', #2133, 1000.000000000000000 ) ;
#2180 = ORIENTED_EDGE ( 'NONE', *, *, #1457, .T. ) ;
#2181 = AXIS2_PLACEMENT_3D ( 'NONE', #785, #1698, #409 ) ;
#2182 = CARTESIAN_POINT ( 'NONE',  ( 86.53589838486225005, 4.052132500626946410, -27.39999999999999858 ) ) ;
#2183 = DIRECTION ( 'NONE',  ( 1.000000000000000000, 0.000000000000000000, 0.000000000000000000 ) ) ;
#2184 = DIRECTION ( 'NONE',  ( -0.000000000000000000, -0.000000000000000000, 1.000000000000000000 ) ) ;
#2185 = ORIENTED_EDGE ( 'NONE', *, *, #2125, .F. ) ;
#2186 = CARTESIAN_POINT ( 'NONE',  ( 15.00000000000000000, 29.00000000000000000, -20.39999999999999858 ) ) ;
#2187 = ORIENTED_EDGE ( 'NONE', *, *, #1947, .T. ) ;
#2188 = VECTOR ( 'NONE', #2178, 1000.000000000000000 ) ;
#2189 = ADVANCED_FACE ( 'NONE', ( #1408 ), #880, .F. ) ;
#2190 = CIRCLE ( 'NONE', #2077, 20.00000000000000355 ) ;
#2191 = DIRECTION ( 'NONE',  ( 0.000000000000000000, 0.000000000000000000, -1.000000000000000000 ) ) ;
#2192 = DIRECTION ( 'NONE',  ( 1.000000000000000000, 0.000000000000000000, 0.000000000000000000 ) ) ;
#2193 = CARTESIAN_POINT ( 'NONE',  ( 18.46410161513775705, 13.99999999999999645, -23.39999999999999858 ) ) ;
#2194 = ORIENTED_EDGE ( 'NONE', *, *, #442, .F. ) ;
#2195 = CARTESIAN_POINT ( 'NONE',  ( 16.73205080756887853, 16.99999999999999645, -20.39999999999999858 ) ) ;
#2196 = DIRECTION ( 'NONE',  ( -0.000000000000000000, -0.000000000000000000, 1.000000000000000000 ) ) ;
#2197 = ORIENTED_EDGE ( 'NONE', *, *, #47, .F. ) ;
#2198 = ORIENTED_EDGE ( 'NONE', *, *, #268, .F. ) ;
#2199 = LINE ( 'NONE', #2030, #348 ) ;
#2200 = ADVANCED_FACE ( 'NONE', ( #660 ), #1228, .F. ) ;
#2201 = DIRECTION ( 'NONE',  ( 0.000000000000000000, 0.000000000000000000, 1.000000000000000000 ) ) ;
#2202 = LINE ( 'NONE', #2177, #1113 ) ;
#2203 = EDGE_LOOP ( 'NONE', ( #2064, #1342, #1561, #765 ) ) ;
#2204 = CARTESIAN_POINT ( 'NONE',  ( 11.73205080756888385, 7.052132500626952627, -24.39999999999999858 ) ) ;
#2205 = DIRECTION ( 'NONE',  ( -0.000000000000000000, -0.000000000000000000, 1.000000000000000000 ) ) ;
#2206 = EDGE_LOOP ( 'NONE', ( #1277, #430, #1463, #1438, #1670, #450 ) ) ;
#2207 = EDGE_LOOP ( 'NONE', ( #590, #1488, #771, #794 ) ) ;
#2208 = DIRECTION ( 'NONE',  ( -1.000000000000000000, 0.000000000000000000, 0.000000000000000000 ) ) ;
#2209 = CARTESIAN_POINT ( 'NONE',  ( 13.26794919243112858, 10.99999999999999645, -20.39999999999999858 ) ) ;
#2210 = DIRECTION ( 'NONE',  ( -0.000000000000000000, -0.000000000000000000, 1.000000000000000000 ) ) ;
#2211 = VECTOR ( 'NONE', #1305, 1000.000000000000000 ) ;
#2212 = VERTEX_POINT ( 'NONE', #1377 ) ;
#2213 = CARTESIAN_POINT ( 'NONE',  ( 88.26794919243113213, 1.052132500626953959, -27.39999999999999858 ) ) ;
#2214 = AXIS2_PLACEMENT_3D ( 'NONE', #1031, #832, #2284 ) ;
#2215 = VERTEX_POINT ( 'NONE', #1941 ) ;
#2216 = EDGE_LOOP ( 'NONE', ( #271, #2268, #586, #2239 ) ) ;
#2217 = VECTOR ( 'NONE', #1803, 1000.000000000000000 ) ;
#2218 = ORIENTED_EDGE ( 'NONE', *, *, #250, .F. ) ;
#2219 = LINE ( 'NONE', #418, #2024 ) ;
#2220 = AXIS2_PLACEMENT_3D ( 'NONE', #1970, #2330, #1255 ) ;
#2221 = DIRECTION ( 'NONE',  ( -0.000000000000000000, -0.000000000000000000, -1.000000000000000000 ) ) ;
#2222 = VECTOR ( 'NONE', #1593, 1000.000000000000000 ) ;
#2223 = VERTEX_POINT ( 'NONE', #120 ) ;
#2224 = CARTESIAN_POINT ( 'NONE',  ( 69.70000000000001705, 29.00000000000000355, -25.64999999999999858 ) ) ;
#2225 = AXIS2_PLACEMENT_3D ( 'NONE', #1511, #2023, #402 ) ;
#2226 = ORIENTED_EDGE ( 'NONE', *, *, #1364, .T. ) ;
#2227 = EDGE_CURVE ( 'NONE', #2223, #1294, #1738, .T. ) ;
#2228 = DIRECTION ( 'NONE',  ( 0.000000000000000000, 0.000000000000000000, 1.000000000000000000 ) ) ;
#2229 = ORIENTED_EDGE ( 'NONE', *, *, #1963, .T. ) ;
#2230 = ORIENTED_EDGE ( 'NONE', *, *, #102, .F. ) ;
#2231 = EDGE_CURVE ( 'NONE', #1181, #309, #1396, .T. ) ;
#2232 = ORIENTED_EDGE ( 'NONE', *, *, #1528, .T. ) ;
#2233 = CARTESIAN_POINT ( 'NONE',  ( 88.30000000000001137, 4.052132500626949962, -10.19999999999999929 ) ) ;
#2234 = FACE_OUTER_BOUND ( 'NONE', #1350, .T. ) ;
#2235 = ORIENTED_EDGE ( 'NONE', *, *, #1033, .F. ) ;
#2236 = DIRECTION ( 'NONE',  ( 0.5000000000000002220, -0.8660254037844384856, 0.000000000000000000 ) ) ;
#2237 = VERTEX_POINT ( 'NONE', #1238 ) ;
#2238 = CARTESIAN_POINT ( 'NONE',  ( 100.0000000000000000, 8.000000000000000000, -10.19999999999999929 ) ) ;
#2239 = ORIENTED_EDGE ( 'NONE', *, *, #859, .F. ) ;
#2240 = VERTEX_POINT ( 'NONE', #705 ) ;
#2241 = ADVANCED_FACE ( 'NONE', ( #1780 ), #149, .F. ) ;
#2242 = VERTEX_POINT ( 'NONE', #1216 ) ;
#2243 = EDGE_LOOP ( 'NONE', ( #612, #780, #1656, #2067 ) ) ;
#2244 = ADVANCED_FACE ( 'NONE', ( #109 ), #1592, .F. ) ;
#2245 = DIRECTION ( 'NONE',  ( -0.000000000000000000, -0.000000000000000000, -1.000000000000000000 ) ) ;
#2246 = CARTESIAN_POINT ( 'NONE',  ( 88.26794919243111792, 7.052132500626931311, -24.39999999999999858 ) ) ;
#2247 = ORIENTED_EDGE ( 'NONE', *, *, #1140, .F. ) ;
#2248 = CARTESIAN_POINT ( 'NONE',  ( 90.00000000000001421, 4.052132500626949962, -10.19899999999999984 ) ) ;
#2249 = ORIENTED_EDGE ( 'NONE', *, *, #1774, .F. ) ;
#2250 = VECTOR ( 'NONE', #634, 1000.000000000000000 ) ;
#2251 = FACE_OUTER_BOUND ( 'NONE', #984, .T. ) ;
#2252 = VERTEX_POINT ( 'NONE', #1952 ) ;
#2253 = ORIENTED_EDGE ( 'NONE', *, *, #886, .F. ) ;
#2254 = EDGE_LOOP ( 'NONE', ( #1646, #1201, #321, #639 ) ) ;
#2255 = VECTOR ( 'NONE', #1923, 1000.000000000000000 ) ;
#2256 = CARTESIAN_POINT ( 'NONE',  ( 64.99997735166938639, 3.999999999999997335, -10.19999999999999929 ) ) ;
#2257 = EDGE_CURVE ( 'NONE', #1950, #1204, #1387, .T. ) ;
#2258 = VECTOR ( 'NONE', #1065, 1000.000000000000114 ) ;
#2259 = DIRECTION ( 'NONE',  ( 0.4999999999999998890, 0.8660254037844385966, 0.000000000000000000 ) ) ;
#2260 = EDGE_LOOP ( 'NONE', ( #2247, #982, #1868, #1108 ) ) ;
#2261 = LINE ( 'NONE', #2034, #154 ) ;
#2262 = FACE_OUTER_BOUND ( 'NONE', #2072, .T. ) ;
#2263 = VECTOR ( 'NONE', #479, 1000.000000000000000 ) ;
#2264 = EDGE_LOOP ( 'NONE', ( #427, #951, #1163, #1146, #342, #615 ) ) ;
#2265 = AXIS2_PLACEMENT_3D ( 'NONE', #1217, #2228, #1145 ) ;
#2266 = CIRCLE ( 'NONE', #745, 1.700000000000000178 ) ;
#2267 = PLANE ( 'NONE',  #498 ) ;
#2268 = ORIENTED_EDGE ( 'NONE', *, *, #776, .F. ) ;
#2269 = ORIENTED_EDGE ( 'NONE', *, *, #618, .T. ) ;
#2270 = ORIENTED_EDGE ( 'NONE', *, *, #762, .F. ) ;
#2271 = DIRECTION ( 'NONE',  ( 1.000000000000000000, 0.000000000000000000, 0.000000000000000000 ) ) ;
#2272 = PLANE ( 'NONE',  #1755 ) ;
#2273 = ORIENTED_EDGE ( 'NONE', *, *, #1127, .T. ) ;
#2274 = EDGE_CURVE ( 'NONE', #1745, #1701, #389, .T. ) ;
#2275 = PRESENTATION_STYLE_ASSIGNMENT (( #316 ) ) ;
#2276 = DIRECTION ( 'NONE',  ( -0.000000000000000000, -1.000000000000000000, 0.000000000000000000 ) ) ;
#2277 = EDGE_CURVE ( 'NONE', #163, #456, #1019, .T. ) ;
#2278 = CARTESIAN_POINT ( 'NONE',  ( 37.25000000000000711, 29.00000000000000000, -25.64999999999999858 ) ) ;
#2279 = ORIENTED_EDGE ( 'NONE', *, *, #89, .F. ) ;
#2280 = CARTESIAN_POINT ( 'NONE',  ( 16.73205080756887142, 47.00000000000000711, -23.39999999999999858 ) ) ;
#2281 = DIRECTION ( 'NONE',  ( 1.000000000000000000, 0.000000000000000000, 0.000000000000000000 ) ) ;
#2282 = EDGE_LOOP ( 'NONE', ( #1210, #1508 ) ) ;
#2283 = CARTESIAN_POINT ( 'NONE',  ( 0.000000000000000000, 0.000000000000000000, -27.39999999999999858 ) ) ;
#2284 = DIRECTION ( 'NONE',  ( 1.000000000000000000, 0.000000000000000000, 0.000000000000000000 ) ) ;
#2285 = EDGE_CURVE ( 'NONE', #1669, #1097, #505, .T. ) ;
#2286 = DIRECTION ( 'NONE',  ( -0.8660254037844388186, -0.4999999999999997224, 0.000000000000000000 ) ) ;
#2287 = VERTEX_POINT ( 'NONE', #391 ) ;
#2288 = DIRECTION ( 'NONE',  ( -0.000000000000000000, -0.000000000000000000, 1.000000000000000000 ) ) ;
#2289 = CARTESIAN_POINT ( 'NONE',  ( 64.99997735166938639, 3.999999999999997335, -20.39999999999999858 ) ) ;
#2290 = VECTOR ( 'NONE', #2045, 1000.000000000000000 ) ;
#2291 = DIRECTION ( 'NONE',  ( -0.000000000000000000, -0.000000000000000000, 1.000000000000000000 ) ) ;
#2292 = CIRCLE ( 'NONE', #1003, 4.000000000000000000 ) ;
#2293 = EDGE_LOOP ( 'NONE', ( #1159, #915, #714, #1966 ) ) ;
#2294 =( NAMED_UNIT ( * ) PLANE_ANGLE_UNIT ( ) SI_UNIT ( $, .RADIAN. ) );
#2295 = VECTOR ( 'NONE', #1080, 1000.000000000000000 ) ;
#2296 = CARTESIAN_POINT ( 'NONE',  ( 13.46410161513775883, 4.052132500626954403, -24.39999999999999858 ) ) ;
#2297 = VECTOR ( 'NONE', #2205, 1000.000000000000000 ) ;
#2298 = LINE ( 'NONE', #2109, #2263 ) ;
#2299 = AXIS2_PLACEMENT_3D ( 'NONE', #2289, #2303, #491 ) ;
#2300 = ORIENTED_EDGE ( 'NONE', *, *, #79, .F. ) ;
#2301 = EDGE_CURVE ( 'NONE', #1606, #381, #2346, .T. ) ;
#2302 = DIRECTION ( 'NONE',  ( -0.4999999999999998335, -0.8660254037844387076, 0.000000000000000000 ) ) ;
#2303 = DIRECTION ( 'NONE',  ( -0.000000000000000000, -0.000000000000000000, 1.000000000000000000 ) ) ;
#2304 = CARTESIAN_POINT ( 'NONE',  ( 10.00000000000000000, 4.052132500626949962, -10.19999999999999929 ) ) ;
#2305 = ADVANCED_FACE ( 'NONE', ( #1642 ), #27, .F. ) ;
#2306 = VECTOR ( 'NONE', #1697, 1000.000000000000000 ) ;
#2307 = DIRECTION ( 'NONE',  ( -0.000000000000000000, -0.000000000000000000, 1.000000000000000000 ) ) ;
#2308 = FACE_BOUND ( 'NONE', #564, .T. ) ;
#2309 = CARTESIAN_POINT ( 'NONE',  ( 13.29999999999999893, 13.99999999999999822, -10.19899999999999984 ) ) ;
#2310 = EDGE_LOOP ( 'NONE', ( #1608, #1249, #1737, #1226, #628, #1710 ) ) ;
#2311 = DIRECTION ( 'NONE',  ( 1.000000000000000000, 0.000000000000000000, 0.000000000000000000 ) ) ;
#2312 = CARTESIAN_POINT ( 'NONE',  ( 8.300000000000000711, 4.052132500626949962, -10.19899999999999984 ) ) ;
#2313 = ADVANCED_FACE ( 'NONE', ( #1274 ), #1666, .F. ) ;
#2314 = FACE_BOUND ( 'NONE', #602, .T. ) ;
#2315 = ADVANCED_FACE ( 'NONE', ( #165 ), #536, .F. ) ;
#2316 = CARTESIAN_POINT ( 'NONE',  ( 16.73205080756887142, 47.00000000000000711, -23.39999999999999858 ) ) ;
#2317 = LINE ( 'NONE', #362, #1647 ) ;
#2318 = DIRECTION ( 'NONE',  ( 0.4999999999999997224, -0.8660254037844388186, 0.000000000000000000 ) ) ;
#2319 = VERTEX_POINT ( 'NONE', #1842 ) ;
#2320 = CARTESIAN_POINT ( 'NONE',  ( 13.29999999999999893, 44.00000000000000000, -27.39999999999999858 ) ) ;
#2321 = CARTESIAN_POINT ( 'NONE',  ( 33.30002264833060366, 4.052132500626949962, -10.19999999999999929 ) ) ;
#2322 = DIRECTION ( 'NONE',  ( -0.000000000000000000, -0.000000000000000000, -1.000000000000000000 ) ) ;
#2323 = VECTOR ( 'NONE', #146, 1000.000000000000000 ) ;
#2324 = CARTESIAN_POINT ( 'NONE',  ( 18.46410161513775705, 43.99999999999999289, -23.39999999999999858 ) ) ;
#2325 = EDGE_CURVE ( 'NONE', #1602, #2319, #942, .T. ) ;
#2326 = DIRECTION ( 'NONE',  ( 1.000000000000000000, 0.000000000000000000, 0.000000000000000000 ) ) ;
#2327 = CIRCLE ( 'NONE', #1301, 2.600000000000004974 ) ;
#2328 = LINE ( 'NONE', #1654, #422 ) ;
#2329 = AXIS2_PLACEMENT_3D ( 'NONE', #1657, #188, #17 ) ;
#2330 = DIRECTION ( 'NONE',  ( -0.8660254037844388186, 0.4999999999999997224, 0.000000000000000000 ) ) ;
#2331 = ORIENTED_EDGE ( 'NONE', *, *, #2070, .T. ) ;
#2332 = DIRECTION ( 'NONE',  ( 2.503857664561926460E-16, 1.000000000000000000, -0.000000000000000000 ) ) ;
#2333 = CARTESIAN_POINT ( 'NONE',  ( 16.73205080756887142, 47.00000000000000711, -23.39999999999999858 ) ) ;
#2334 = CIRCLE ( 'NONE', #1199, 3.500000000000003109 ) ;
#2335 = ORIENTED_EDGE ( 'NONE', *, *, #1802, .F. ) ;
#2336 = CARTESIAN_POINT ( 'NONE',  ( 0.000000000000000000, 33.00000000000000000, -27.39999999999999858 ) ) ;
#2337 = VECTOR ( 'NONE', #1475, 1000.000000000000000 ) ;
#2338 = VERTEX_POINT ( 'NONE', #2022 ) ;
#2339 = PLANE ( 'NONE',  #856 ) ;
#2340 = DIRECTION ( 'NONE',  ( 0.000000000000000000, -1.000000000000000000, 0.000000000000000000 ) ) ;
#2341 = ADVANCED_FACE ( 'NONE', ( #1793 ), #366, .F. ) ;
#2342 = DIRECTION ( 'NONE',  ( 0.8660254037844385966, 0.5000000000000003331, 0.000000000000000000 ) ) ;
#2343 = DIRECTION ( 'NONE',  ( -0.000000000000000000, 0.000000000000000000, -1.000000000000000000 ) ) ;
#2344 = EDGE_CURVE ( 'NONE', #1704, #474, #244, .T. ) ;
#2345 = VERTEX_POINT ( 'NONE', #916 ) ;
#2346 = LINE ( 'NONE', #2182, #2071 ) ;
#2347 = DIRECTION ( 'NONE',  ( 0.000000000000000000, -0.000000000000000000, 1.000000000000000000 ) ) ;
#2348 = DIRECTION ( 'NONE',  ( -1.000000000000000000, 0.000000000000000000, 0.000000000000000000 ) ) ;
#2349 = ORIENTED_EDGE ( 'NONE', *, *, #392, .F. ) ;
#2350 = CARTESIAN_POINT ( 'NONE',  ( 66.69997735166937503, 3.999999999999997335, -20.39999999999999858 ) ) ;
#2351 = ORIENTED_EDGE ( 'NONE', *, *, #221, .T. ) ;
#2352 = LINE ( 'NONE', #1103, #210 ) ;
#2353 = CARTESIAN_POINT ( 'NONE',  ( 8.267949192431119698, 1.052132500626948186, -24.39999999999999858 ) ) ;
#2354 = DIRECTION ( 'NONE',  ( 0.000000000000000000, 1.000000000000000000, 0.000000000000000000 ) ) ;
#2355 = EDGE_CURVE ( 'NONE', #2149, #1809, #353, .T. ) ;
ENDSEC;
END-ISO-10303-21;
